2026.107.15:00:01;APEX Database GPS vs Devices offset for c261b
2026.107.15:00:01;The format is gps-fmout/[seconds] and gps-maser/[seconds]
2026.107.15:01:01/gps-fmout/+2.831805e-06
2026.107.15:01:01/gps-maser/+2.897707e-06
2026.107.15:02:01/gps-fmout/+2.832399e-06
2026.107.15:02:01/gps-maser/+2.898568e-06
2026.107.15:03:01/gps-fmout/+2.833713e-06
2026.107.15:03:01/gps-maser/+2.900709e-06
2026.107.15:04:01/gps-fmout/+2.833460e-06
2026.107.15:04:01/gps-maser/+2.897261e-06
2026.107.15:05:01/gps-fmout/+2.834798e-06
2026.107.15:05:01/gps-maser/+2.897290e-06
2026.107.15:06:01/gps-fmout/+2.833701e-06
2026.107.15:06:01/gps-maser/+2.898000e-06
2026.107.15:07:01/gps-fmout/+2.833911e-06
2026.107.15:07:01/gps-maser/+2.898000e-06
2026.107.15:08:01/gps-fmout/+2.833887e-06
2026.107.15:08:01/gps-maser/+2.897785e-06
2026.107.15:09:01/gps-fmout/+2.832418e-06
2026.107.15:09:01/gps-maser/+2.896890e-06
2026.107.15:10:01/gps-fmout/+2.834114e-06
2026.107.15:10:01/gps-maser/+2.897032e-06
2026.107.15:11:01/gps-fmout/+2.835220e-06
2026.107.15:11:01/gps-maser/+2.899127e-06
2026.107.15:12:01/gps-fmout/+2.835449e-06
2026.107.15:12:01/gps-maser/+2.900981e-06
2026.107.15:13:01/gps-fmout/+2.836891e-06
2026.107.15:13:01/gps-maser/+2.899094e-06
2026.107.15:14:01/gps-fmout/+2.834606e-06
2026.107.15:14:01/gps-maser/+2.900025e-06
2026.107.15:15:01/gps-fmout/+2.832665e-06
2026.107.15:15:01/gps-maser/+2.900415e-06
2026.107.15:16:01/gps-fmout/+2.834569e-06
2026.107.15:16:01/gps-maser/+2.901914e-06
2026.107.15:17:01/gps-fmout/+2.837988e-06
2026.107.15:17:01/gps-maser/+2.901910e-06
2026.107.15:18:01/gps-fmout/+2.840211e-06
2026.107.15:18:01/gps-maser/+2.902767e-06
2026.107.15:19:01/gps-fmout/+2.839332e-06
2026.107.15:19:01/gps-maser/+2.902022e-06
2026.107.15:20:01/gps-fmout/+2.841020e-06
2026.107.15:20:01/gps-maser/+2.903033e-06
2026.107.15:21:01/gps-fmout/+2.840552e-06
2026.107.15:21:01/gps-maser/+2.905633e-06
2026.107.15:22:01/gps-fmout/+2.840000e-06
2026.107.15:22:01/gps-maser/+2.905863e-06
2026.107.15:23:01/gps-fmout/+2.840000e-06
2026.107.15:23:01/gps-maser/+2.905075e-06
2026.107.15:24:01/gps-fmout/+2.841005e-06
2026.107.15:24:01/gps-maser/+2.905577e-06
2026.107.15:25:01/gps-fmout/+2.841310e-06
2026.107.15:25:01/gps-maser/+2.904732e-06
2026.107.15:26:01/gps-fmout/+2.838675e-06
2026.107.15:26:01/gps-maser/+2.903820e-06
2026.107.15:27:01/gps-fmout/+2.837660e-06
2026.107.15:27:01/gps-maser/+2.904110e-06
2026.107.15:28:01/gps-fmout/+2.838617e-06
2026.107.15:28:01/gps-maser/+2.906082e-06
2026.107.15:29:01/gps-fmout/+2.840265e-06
2026.107.15:29:01/gps-maser/+2.906254e-06
2026.107.15:30:01/gps-fmout/+2.841086e-06
2026.107.15:30:01/gps-maser/+2.907983e-06
2026.107.15:31:01/gps-fmout/+2.841693e-06
2026.107.15:31:01/gps-maser/+2.905126e-06
2026.107.15:32:01/gps-fmout/+2.839142e-06
2026.107.15:32:01/gps-maser/+2.903764e-06
2026.107.15:33:01/gps-fmout/+2.840188e-06
2026.107.15:33:01/gps-maser/+2.904163e-06
2026.107.15:34:01/gps-fmout/+2.840657e-06
2026.107.15:34:01/gps-maser/+2.906117e-06
2026.107.15:35:01/gps-fmout/+2.840376e-06
2026.107.15:35:01/gps-maser/+2.906936e-06
2026.107.15:36:01/gps-fmout/+2.842572e-06
2026.107.15:36:01/gps-maser/+2.909944e-06
2026.107.15:37:01/gps-fmout/+2.842746e-06
2026.107.15:37:01/gps-maser/+2.907192e-06
2026.107.15:38:01/gps-fmout/+2.840670e-06
2026.107.15:38:01/gps-maser/+2.904043e-06
2026.107.15:39:01/gps-fmout/+2.839789e-06
2026.107.15:39:01/gps-maser/+2.903229e-06
2026.107.15:40:01/gps-fmout/+2.839000e-06
2026.107.15:40:01/gps-maser/+2.904663e-06
2026.107.15:41:01/gps-fmout/+2.839459e-06
2026.107.15:41:01/gps-maser/+2.904819e-06
2026.107.15:42:01/gps-fmout/+2.839659e-06
2026.107.15:42:01/gps-maser/+2.903629e-06
2026.107.15:43:01/gps-fmout/+2.837829e-06
2026.107.15:43:01/gps-maser/+2.901991e-06
2026.107.15:44:01/gps-fmout/+2.836349e-06
2026.107.15:44:01/gps-maser/+2.902635e-06
2026.107.15:45:01/gps-fmout/+2.836568e-06
2026.107.15:45:01/gps-maser/+2.902071e-06
2026.107.15:46:01/gps-fmout/+2.838794e-06
2026.107.15:46:01/gps-maser/+2.903358e-06
2026.107.15:47:01/gps-fmout/+2.837843e-06
2026.107.15:47:01/gps-maser/+2.904991e-06
2026.107.15:48:01/gps-fmout/+2.838566e-06
2026.107.15:48:01/gps-maser/+2.905625e-06
2026.107.15:49:01/gps-fmout/+2.839881e-06
2026.107.15:49:01/gps-maser/+2.907339e-06
2026.107.15:50:01/gps-fmout/+2.838087e-06
2026.107.15:50:01/gps-maser/+2.906621e-06
2026.107.15:51:01/gps-fmout/+2.840579e-06
2026.107.15:51:01/gps-maser/+2.905330e-06
2026.107.15:52:01/gps-fmout/+2.840855e-06
2026.107.15:52:01/gps-maser/+2.906059e-06
2026.107.15:53:01/gps-fmout/+2.840238e-06
2026.107.15:53:01/gps-maser/+2.905930e-06
2026.107.15:54:01/gps-fmout/+2.841601e-06
2026.107.15:54:01/gps-maser/+2.906143e-06
2026.107.15:55:01/gps-fmout/+2.840885e-06
2026.107.15:55:01/gps-maser/+2.907860e-06
2026.107.15:56:01/gps-fmout/+2.841454e-06
2026.107.15:56:01/gps-maser/+2.906761e-06
2026.107.15:57:01/gps-fmout/+2.843000e-06
2026.107.15:57:01/gps-maser/+2.906000e-06
2026.107.15:58:01/gps-fmout/+2.843077e-06
2026.107.15:58:01/gps-maser/+2.906000e-06
2026.107.15:59:01/gps-fmout/+2.842819e-06
2026.107.15:59:01/gps-maser/+2.906201e-06
2026.107.16:00:01/gps-fmout/+2.841964e-06
2026.107.16:00:01/gps-maser/+2.907000e-06
2026.107.16:01:01/gps-fmout/+2.842207e-06
2026.107.16:01:01/gps-maser/+2.907389e-06
2026.107.16:02:01/gps-fmout/+2.844641e-06
2026.107.16:02:01/gps-maser/+2.908000e-06
2026.107.16:03:01/gps-fmout/+2.843000e-06
2026.107.16:03:01/gps-maser/+2.908000e-06
2026.107.16:04:01/gps-fmout/+2.843000e-06
2026.107.16:04:01/gps-maser/+2.908000e-06
2026.107.16:05:01/gps-fmout/+2.843435e-06
2026.107.16:05:01/gps-maser/+2.908343e-06
2026.107.16:06:01/gps-fmout/+2.844447e-06
2026.107.16:06:01/gps-maser/+2.909647e-06
2026.107.16:07:01/gps-fmout/+2.840625e-06
2026.107.16:07:01/gps-maser/+2.906176e-06
2026.107.16:08:01/gps-fmout/+2.840313e-06
2026.107.16:08:01/gps-maser/+2.906543e-06
2026.107.16:09:01/gps-fmout/+2.840846e-06
2026.107.16:09:01/gps-maser/+2.907970e-06
2026.107.16:10:01/gps-fmout/+2.839990e-06
2026.107.16:10:01/gps-maser/+2.905946e-06
2026.107.16:11:01/gps-fmout/+2.839665e-06
2026.107.16:11:01/gps-maser/+2.902481e-06
2026.107.16:12:01/gps-fmout/+2.838844e-06
2026.107.16:12:01/gps-maser/+2.903543e-06
2026.107.16:13:01/gps-fmout/+2.839284e-06
2026.107.16:13:01/gps-maser/+2.905985e-06
2026.107.16:14:01/gps-fmout/+2.842000e-06
2026.107.16:14:01/gps-maser/+2.905194e-06
2026.107.16:15:01/gps-fmout/+2.841909e-06
2026.107.16:15:01/gps-maser/+2.906740e-06
2026.107.16:16:01/gps-fmout/+2.842228e-06
2026.107.16:16:01/gps-maser/+2.909074e-06
2026.107.16:17:01/gps-fmout/+2.844447e-06
2026.107.16:17:01/gps-maser/+2.909798e-06
2026.107.16:18:01/gps-fmout/+2.846812e-06
2026.107.16:18:01/gps-maser/+2.911873e-06
2026.107.16:19:01/gps-fmout/+2.848050e-06
2026.107.16:19:01/gps-maser/+2.913902e-06
2026.107.16:20:01/gps-fmout/+2.847029e-06
2026.107.16:20:01/gps-maser/+2.913501e-06
2026.107.16:21:01/gps-fmout/+2.848036e-06
2026.107.16:21:01/gps-maser/+2.913753e-06
2026.107.16:22:01/gps-fmout/+2.848142e-06
2026.107.16:22:01/gps-maser/+2.913318e-06
2026.107.16:23:01/gps-fmout/+2.849218e-06
2026.107.16:23:01/gps-maser/+2.915873e-06
2026.107.16:24:01/gps-fmout/+2.849523e-06
2026.107.16:24:01/gps-maser/+2.913414e-06
2026.107.16:25:01/gps-fmout/+2.847432e-06
2026.107.16:25:01/gps-maser/+2.914268e-06
2026.107.16:26:01/gps-fmout/+2.848788e-06
2026.107.16:26:01/gps-maser/+2.915075e-06
2026.107.16:27:01/gps-fmout/+2.849747e-06
2026.107.16:27:01/gps-maser/+2.914134e-06
2026.107.16:28:01/gps-fmout/+2.850030e-06
2026.107.16:28:01/gps-maser/+2.913427e-06
2026.107.16:29:01/gps-fmout/+2.847543e-06
2026.107.16:29:01/gps-maser/+2.914691e-06
2026.107.16:30:01/gps-fmout/+2.845963e-06
2026.107.16:30:01/gps-maser/+2.911989e-06
2026.107.16:31:01/gps-fmout/+2.846402e-06
2026.107.16:31:01/gps-maser/+2.911246e-06
2026.107.16:32:01/gps-fmout/+2.846755e-06
2026.107.16:32:01/gps-maser/+2.910065e-06
2026.107.16:33:01/gps-fmout/+2.844960e-06
2026.107.16:33:01/gps-maser/+2.911091e-06
2026.107.16:34:01/gps-fmout/+2.843818e-06
2026.107.16:34:01/gps-maser/+2.910754e-06
2026.107.16:35:01/gps-fmout/+2.841439e-06
2026.107.16:35:01/gps-maser/+2.907939e-06
2026.107.16:36:01/gps-fmout/+2.841424e-06
2026.107.16:36:01/gps-maser/+2.907797e-06
2026.107.16:37:01/gps-fmout/+2.843212e-06
2026.107.16:37:01/gps-maser/+2.906360e-06
2026.107.16:38:01/gps-fmout/+2.842672e-06
2026.107.16:38:01/gps-maser/+2.906379e-06
2026.107.16:39:01/gps-fmout/+2.841815e-06
2026.107.16:39:01/gps-maser/+2.908087e-06
2026.107.16:40:01/gps-fmout/+2.841003e-06
2026.107.16:40:01/gps-maser/+2.906962e-06
2026.107.16:41:01/gps-fmout/+2.843114e-06
2026.107.16:41:01/gps-maser/+2.906258e-06
2026.107.16:42:01/gps-fmout/+2.841107e-06
2026.107.16:42:01/gps-maser/+2.906870e-06
2026.107.16:43:01/gps-fmout/+2.841673e-06
2026.107.16:43:01/gps-maser/+2.905904e-06
2026.107.16:44:01/gps-fmout/+2.839231e-06
2026.107.16:44:01/gps-maser/+2.905255e-06
2026.107.16:45:01/gps-fmout/+2.840570e-06
2026.107.16:45:01/gps-maser/+2.906032e-06
2026.107.16:46:01/gps-fmout/+2.842077e-06
2026.107.16:46:01/gps-maser/+2.906123e-06
2026.107.16:47:01/gps-fmout/+2.842957e-06
2026.107.16:47:01/gps-maser/+2.906611e-06
2026.107.16:48:01/gps-fmout/+2.843576e-06
2026.107.16:48:01/gps-maser/+2.906148e-06
2026.107.16:49:01/gps-fmout/+2.842069e-06
2026.107.16:49:01/gps-maser/+2.907257e-06
2026.107.16:50:01/gps-fmout/+2.843028e-06
2026.107.16:50:01/gps-maser/+2.909093e-06
2026.107.16:51:01/gps-fmout/+2.844738e-06
2026.107.16:51:01/gps-maser/+2.910150e-06
2026.107.16:52:01/gps-fmout/+2.846330e-06
2026.107.16:52:01/gps-maser/+2.910000e-06
2026.107.16:53:01/gps-fmout/+2.845887e-06
2026.107.16:53:01/gps-maser/+2.910009e-06
2026.107.16:54:01/gps-fmout/+2.844183e-06
2026.107.16:54:01/gps-maser/+2.910972e-06
2026.107.16:55:01/gps-fmout/+2.842493e-06
2026.107.16:55:01/gps-maser/+2.909403e-06
2026.107.16:56:01/gps-fmout/+2.840970e-06
2026.107.16:56:01/gps-maser/+2.906736e-06
2026.107.16:57:01/gps-fmout/+2.841424e-06
2026.107.16:57:01/gps-maser/+2.905763e-06
2026.107.16:58:01/gps-fmout/+2.841712e-06
2026.107.16:58:01/gps-maser/+2.908313e-06
2026.107.16:59:01/gps-fmout/+2.844553e-06
2026.107.16:59:01/gps-maser/+2.909363e-06
2026.107.17:00:01/gps-fmout/+2.844803e-06
2026.107.17:00:01/gps-maser/+2.910314e-06
2026.107.17:01:01/gps-fmout/+2.843866e-06
2026.107.17:01:01/gps-maser/+2.908787e-06
2026.107.17:02:01/gps-fmout/+2.846137e-06
2026.107.17:02:01/gps-maser/+2.909645e-06
2026.107.17:03:01/gps-fmout/+2.845972e-06
2026.107.17:03:01/gps-maser/+2.910601e-06
2026.107.17:04:01/gps-fmout/+2.844260e-06
2026.107.17:04:01/gps-maser/+2.909012e-06
2026.107.17:05:01/gps-fmout/+2.842961e-06
2026.107.17:05:01/gps-maser/+2.908840e-06
2026.107.17:06:01/gps-fmout/+2.845020e-06
2026.107.17:06:01/gps-maser/+2.907980e-06
2026.107.17:07:01/gps-fmout/+2.844579e-06
2026.107.17:07:01/gps-maser/+2.908938e-06
2026.107.17:08:01/gps-fmout/+2.844320e-06
2026.107.17:08:01/gps-maser/+2.911440e-06
2026.107.17:09:01/gps-fmout/+2.846000e-06
2026.107.17:09:01/gps-maser/+2.911905e-06
2026.107.17:10:01/gps-fmout/+2.846000e-06
2026.107.17:10:01/gps-maser/+2.910484e-06
2026.107.17:11:01/gps-fmout/+2.845874e-06
2026.107.17:11:01/gps-maser/+2.910105e-06
2026.107.17:12:01/gps-fmout/+2.844533e-06
2026.107.17:12:01/gps-maser/+2.910699e-06
2026.107.17:13:01/gps-fmout/+2.844284e-06
2026.107.17:13:01/gps-maser/+2.909451e-06
2026.107.17:14:01/gps-fmout/+2.845768e-06
2026.107.17:14:01/gps-maser/+2.910296e-06
2026.107.17:15:01/gps-fmout/+2.845185e-06
2026.107.17:15:01/gps-maser/+2.910874e-06
2026.107.17:16:01/gps-fmout/+2.846973e-06
2026.107.17:16:01/gps-maser/+2.910000e-06
2026.107.17:17:01/gps-fmout/+2.845385e-06
2026.107.17:17:01/gps-maser/+2.910000e-06
2026.107.17:18:01/gps-fmout/+2.846241e-06
2026.107.17:18:01/gps-maser/+2.910000e-06
2026.107.17:19:01/gps-fmout/+2.846830e-06
2026.107.17:19:01/gps-maser/+2.910000e-06
2026.107.17:20:01/gps-fmout/+2.844371e-06
2026.107.17:20:01/gps-maser/+2.910000e-06
2026.107.17:21:01/gps-fmout/+2.844720e-06
2026.107.17:21:01/gps-maser/+2.910251e-06
2026.107.17:22:01/gps-fmout/+2.844187e-06
2026.107.17:22:01/gps-maser/+2.910811e-06
2026.107.17:23:01/gps-fmout/+2.845019e-06
2026.107.17:23:01/gps-maser/+2.909126e-06
2026.107.17:24:01/gps-fmout/+2.845261e-06
2026.107.17:24:01/gps-maser/+2.907763e-06
2026.107.17:25:01/gps-fmout/+2.845891e-06
2026.107.17:25:01/gps-maser/+2.909444e-06
2026.107.17:26:01/gps-fmout/+2.844015e-06
2026.107.17:26:01/gps-maser/+2.912038e-06
2026.107.17:27:01/gps-fmout/+2.845445e-06
2026.107.17:27:01/gps-maser/+2.911324e-06
2026.107.17:28:01/gps-fmout/+2.845972e-06
2026.107.17:28:01/gps-maser/+2.909634e-06
2026.107.17:29:01/gps-fmout/+2.845075e-06
2026.107.17:29:01/gps-maser/+2.907960e-06
2026.107.17:30:01/gps-fmout/+2.845480e-06
2026.107.17:30:01/gps-maser/+2.908654e-06
2026.107.17:31:01/gps-fmout/+2.843000e-06
2026.107.17:31:01/gps-maser/+2.907906e-06
2026.107.17:32:01/gps-fmout/+2.842992e-06
2026.107.17:32:01/gps-maser/+2.908096e-06
2026.107.17:33:01/gps-fmout/+2.843383e-06
2026.107.17:33:01/gps-maser/+2.909573e-06
2026.107.17:34:01/gps-fmout/+2.844296e-06
2026.107.17:34:01/gps-maser/+2.910000e-06
2026.107.17:35:01/gps-fmout/+2.845222e-06
2026.107.17:35:01/gps-maser/+2.910000e-06
2026.107.17:36:01/gps-fmout/+2.846663e-06
2026.107.17:36:01/gps-maser/+2.910000e-06
2026.107.17:37:01/gps-fmout/+2.846818e-06
2026.107.17:37:01/gps-maser/+2.910379e-06
2026.107.17:38:01/gps-fmout/+2.845954e-06
2026.107.17:38:01/gps-maser/+2.912215e-06
2026.107.17:39:01/gps-fmout/+2.847165e-06
2026.107.17:39:01/gps-maser/+2.913010e-06
2026.107.17:40:01/gps-fmout/+2.851203e-06
2026.107.17:40:01/gps-maser/+2.913889e-06
2026.107.17:41:01/gps-fmout/+2.850792e-06
2026.107.17:41:01/gps-maser/+2.916397e-06
2026.107.17:42:01/gps-fmout/+2.850128e-06
2026.107.17:42:01/gps-maser/+2.916956e-06
2026.107.17:43:01/gps-fmout/+2.849919e-06
2026.107.17:43:01/gps-maser/+2.914214e-06
2026.107.17:44:01/gps-fmout/+2.847149e-06
2026.107.17:44:01/gps-maser/+2.912050e-06
2026.107.17:45:01/gps-fmout/+2.848276e-06
2026.107.17:45:01/gps-maser/+2.913011e-06
2026.107.17:46:01/gps-fmout/+2.849067e-06
2026.107.17:46:01/gps-maser/+2.913757e-06
2026.107.17:47:01/gps-fmout/+2.849000e-06
2026.107.17:47:01/gps-maser/+2.914945e-06
2026.107.17:48:01/gps-fmout/+2.849133e-06
2026.107.17:48:01/gps-maser/+2.914361e-06
2026.107.17:49:01/gps-fmout/+2.850995e-06
2026.107.17:49:01/gps-maser/+2.914550e-06
2026.107.17:50:01/gps-fmout/+2.848952e-06
2026.107.17:50:01/gps-maser/+2.913298e-06
2026.107.17:51:01/gps-fmout/+2.848847e-06
2026.107.17:51:01/gps-maser/+2.914006e-06
2026.107.17:52:01/gps-fmout/+2.848033e-06
2026.107.17:52:01/gps-maser/+2.915229e-06
2026.107.17:53:01/gps-fmout/+2.849759e-06
2026.107.17:53:01/gps-maser/+2.915631e-06
2026.107.17:54:01/gps-fmout/+2.849335e-06
2026.107.17:54:01/gps-maser/+2.914774e-06
2026.107.17:55:01/gps-fmout/+2.850686e-06
2026.107.17:55:01/gps-maser/+2.913940e-06
2026.107.17:56:01/gps-fmout/+2.849720e-06
2026.107.17:56:01/gps-maser/+2.915142e-06
2026.107.17:57:01/gps-fmout/+2.851975e-06
2026.107.17:57:01/gps-maser/+2.917317e-06
2026.107.17:58:01/gps-fmout/+2.852284e-06
2026.107.17:58:01/gps-maser/+2.918240e-06
2026.107.17:59:01/gps-fmout/+2.853984e-06
2026.107.17:59:01/gps-maser/+2.918556e-06
2026.107.18:00:01/gps-fmout/+2.854601e-06
2026.107.18:00:01/gps-maser/+2.917701e-06
2026.107.18:01:01/gps-fmout/+2.852078e-06
2026.107.18:01:01/gps-maser/+2.917406e-06
2026.107.18:02:01/gps-fmout/+2.853939e-06
2026.107.18:02:01/gps-maser/+2.918186e-06
2026.107.18:03:01/gps-fmout/+2.851272e-06
2026.107.18:03:01/gps-maser/+2.915931e-06
2026.107.18:04:01/gps-fmout/+2.851629e-06
2026.107.18:04:01/gps-maser/+2.913987e-06
2026.107.18:05:01/gps-fmout/+2.850047e-06
2026.107.18:05:01/gps-maser/+2.915935e-06
2026.107.18:06:01/gps-fmout/+2.850241e-06
2026.107.18:06:01/gps-maser/+2.914606e-06
2026.107.18:07:01/gps-fmout/+2.848786e-06
2026.107.18:07:01/gps-maser/+2.913761e-06
2026.107.18:08:01/gps-fmout/+2.849340e-06
2026.107.18:08:01/gps-maser/+2.912934e-06
2026.107.18:09:01/gps-fmout/+2.851200e-06
2026.107.18:09:01/gps-maser/+2.914594e-06
2026.107.18:10:01/gps-fmout/+2.850686e-06
2026.107.18:10:01/gps-maser/+2.917147e-06
2026.107.18:11:01/gps-fmout/+2.849997e-06
2026.107.18:11:01/gps-maser/+2.915539e-06
2026.107.18:12:01/gps-fmout/+2.849499e-06
2026.107.18:12:01/gps-maser/+2.912693e-06
2026.107.18:13:01/gps-fmout/+2.848663e-06
2026.107.18:13:01/gps-maser/+2.912426e-06
2026.107.18:14:01/gps-fmout/+2.847995e-06
2026.107.18:14:01/gps-maser/+2.914063e-06
2026.107.18:15:01/gps-fmout/+2.848967e-06
2026.107.18:15:01/gps-maser/+2.913499e-06
2026.107.18:16:01/gps-fmout/+2.847601e-06
2026.107.18:16:01/gps-maser/+2.912648e-06
2026.107.18:17:01/gps-fmout/+2.846605e-06
2026.107.18:17:01/gps-maser/+2.911803e-06
2026.107.18:18:01/gps-fmout/+2.845017e-06
2026.107.18:18:01/gps-maser/+2.910961e-06
2026.107.18:19:01/gps-fmout/+2.845988e-06
2026.107.18:19:01/gps-maser/+2.911394e-06
2026.107.18:20:01/gps-fmout/+2.846201e-06
2026.107.18:20:01/gps-maser/+2.912239e-06
2026.107.18:21:01/gps-fmout/+2.847213e-06
2026.107.18:21:01/gps-maser/+2.913124e-06
2026.107.18:22:01/gps-fmout/+2.848067e-06
2026.107.18:22:01/gps-maser/+2.913359e-06
2026.107.18:23:01/gps-fmout/+2.848000e-06
2026.107.18:23:01/gps-maser/+2.912019e-06
2026.107.18:24:01/gps-fmout/+2.848058e-06
2026.107.18:24:01/gps-maser/+2.913465e-06
2026.107.18:25:01/gps-fmout/+2.849003e-06
2026.107.18:25:01/gps-maser/+2.915223e-06
2026.107.18:26:01/gps-fmout/+2.848551e-06
2026.107.18:26:01/gps-maser/+2.914700e-06
2026.107.18:27:01/gps-fmout/+2.849877e-06
2026.107.18:27:01/gps-maser/+2.913688e-06
2026.107.18:28:01/gps-fmout/+2.849174e-06
2026.107.18:28:01/gps-maser/+2.912022e-06
2026.107.18:29:01/gps-fmout/+2.852394e-06
2026.107.18:29:01/gps-maser/+2.916365e-06
2026.107.18:30:01/gps-fmout/+2.854048e-06
2026.107.18:30:01/gps-maser/+2.918273e-06
2026.107.18:31:01/gps-fmout/+2.853153e-06
2026.107.18:31:01/gps-maser/+2.919122e-06
2026.107.18:32:01/gps-fmout/+2.855408e-06
2026.107.18:32:01/gps-maser/+2.919985e-06
2026.107.18:33:01/gps-fmout/+2.857429e-06
2026.107.18:33:01/gps-maser/+2.920532e-06
2026.107.18:34:01/gps-fmout/+2.858262e-06
2026.107.18:34:01/gps-maser/+2.922224e-06
2026.107.18:35:01/gps-fmout/+2.857651e-06
2026.107.18:35:01/gps-maser/+2.922836e-06
2026.107.18:36:01/gps-fmout/+2.856259e-06
2026.107.18:36:01/gps-maser/+2.922247e-06
2026.107.18:37:01/gps-fmout/+2.857060e-06
2026.107.18:37:01/gps-maser/+2.922756e-06
2026.107.18:38:01/gps-fmout/+2.857046e-06
2026.107.18:38:01/gps-maser/+2.922021e-06
2026.107.18:39:01/gps-fmout/+2.858634e-06
2026.107.18:39:01/gps-maser/+2.921724e-06
2026.107.18:40:01/gps-fmout/+2.855241e-06
2026.107.18:40:01/gps-maser/+2.920707e-06
2026.107.18:41:01/gps-fmout/+2.852999e-06
2026.107.18:41:01/gps-maser/+2.918879e-06
2026.107.18:42:01/gps-fmout/+2.852917e-06
2026.107.18:42:01/gps-maser/+2.916221e-06
2026.107.18:43:01/gps-fmout/+2.850217e-06
2026.107.18:43:01/gps-maser/+2.916330e-06
2026.107.18:44:01/gps-fmout/+2.851010e-06
2026.107.18:44:01/gps-maser/+2.917910e-06
2026.107.18:45:01/gps-fmout/+2.852247e-06
2026.107.18:45:01/gps-maser/+2.917437e-06
2026.107.18:46:01/gps-fmout/+2.853871e-06
2026.107.18:46:01/gps-maser/+2.918282e-06
2026.107.18:47:01/gps-fmout/+2.853554e-06
2026.107.18:47:01/gps-maser/+2.919325e-06
2026.107.18:48:01/gps-fmout/+2.855500e-06
2026.107.18:48:01/gps-maser/+2.921757e-06
2026.107.18:49:01/gps-fmout/+2.856714e-06
2026.107.18:49:01/gps-maser/+2.921545e-06
2026.107.18:50:01/gps-fmout/+2.858018e-06
2026.107.18:50:01/gps-maser/+2.920668e-06
2026.107.18:51:01/gps-fmout/+2.856952e-06
2026.107.18:51:01/gps-maser/+2.922974e-06
2026.107.18:52:01/gps-fmout/+2.855861e-06
2026.107.18:52:01/gps-maser/+2.920407e-06
2026.107.18:53:01/gps-fmout/+2.855496e-06
2026.107.18:53:01/gps-maser/+2.918000e-06
2026.107.18:54:01/gps-fmout/+2.853022e-06
2026.107.18:54:01/gps-maser/+2.918000e-06
2026.107.18:55:01/gps-fmout/+2.852821e-06
2026.107.18:55:01/gps-maser/+2.917701e-06
2026.107.18:56:01/gps-fmout/+2.850799e-06
2026.107.18:56:01/gps-maser/+2.916956e-06
2026.107.18:57:01/gps-fmout/+2.852797e-06
2026.107.18:57:01/gps-maser/+2.918416e-06
2026.107.18:58:01/gps-fmout/+2.857915e-06
2026.107.18:58:01/gps-maser/+2.921647e-06
2026.107.18:59:01/gps-fmout/+2.860504e-06
2026.107.18:59:01/gps-maser/+2.922299e-06
2026.107.19:00:01/gps-fmout/+2.862120e-06
2026.107.19:00:01/gps-maser/+2.922401e-06
2026.107.19:01:01/gps-fmout/+2.862808e-06
2026.107.19:01:01/gps-maser/+2.922243e-06
2026.107.19:02:01/gps-fmout/+2.862612e-06
2026.107.19:02:01/gps-maser/+2.922113e-06
2026.107.19:03:01/gps-fmout/+2.861577e-06
2026.107.19:03:01/gps-maser/+2.922301e-06
2026.107.19:04:01/gps-fmout/+2.859527e-06
2026.107.19:04:01/gps-maser/+2.923117e-06
2026.107.19:05:01/gps-fmout/+2.857894e-06
2026.107.19:05:01/gps-maser/+2.923372e-06
2026.107.19:06:01/gps-fmout/+2.859000e-06
2026.107.19:06:01/gps-maser/+2.922350e-06
2026.107.19:07:01/gps-fmout/+2.858983e-06
2026.107.19:07:01/gps-maser/+2.923594e-06
2026.107.19:08:01/gps-fmout/+2.859060e-06
2026.107.19:08:01/gps-maser/+2.922970e-06
2026.107.19:09:01/gps-fmout/+2.859247e-06
2026.107.19:09:01/gps-maser/+2.924680e-06
2026.107.19:10:01/gps-fmout/+2.860079e-06
2026.107.19:10:01/gps-maser/+2.926175e-06
2026.107.19:11:01/gps-fmout/+2.858781e-06
2026.107.19:11:01/gps-maser/+2.923875e-06
2026.107.19:12:01/gps-fmout/+2.854551e-06
2026.107.19:12:01/gps-maser/+2.920089e-06
2026.107.19:13:01/gps-fmout/+2.852664e-06
2026.107.19:13:01/gps-maser/+2.918719e-06
2026.107.19:14:01/gps-fmout/+2.851668e-06
2026.107.19:14:01/gps-maser/+2.917702e-06
2026.107.19:15:01/gps-fmout/+2.849549e-06
2026.107.19:15:01/gps-maser/+2.913955e-06
2026.107.19:16:01/gps-fmout/+2.848704e-06
2026.107.19:16:01/gps-maser/+2.913465e-06
2026.107.19:17:01/gps-fmout/+2.848097e-06
2026.107.19:17:01/gps-maser/+2.911775e-06
2026.107.19:18:01/gps-fmout/+2.848942e-06
2026.107.19:18:01/gps-maser/+2.911858e-06
2026.107.19:19:01/gps-fmout/+2.849868e-06
2026.107.19:19:01/gps-maser/+2.914286e-06
2026.107.19:20:01/gps-fmout/+2.852265e-06
2026.107.19:20:01/gps-maser/+2.915566e-06
2026.107.19:21:01/gps-fmout/+2.853078e-06
2026.107.19:21:01/gps-maser/+2.918590e-06
2026.107.19:22:01/gps-fmout/+2.855810e-06
2026.107.19:22:01/gps-maser/+2.920825e-06
2026.107.19:23:01/gps-fmout/+2.857655e-06
2026.107.19:23:01/gps-maser/+2.922246e-06
2026.107.19:24:01/gps-fmout/+2.860003e-06
2026.107.19:24:01/gps-maser/+2.923093e-06
2026.107.19:25:01/gps-fmout/+2.859026e-06
2026.107.19:25:01/gps-maser/+2.924543e-06
2026.107.19:26:01/gps-fmout/+2.858769e-06
2026.107.19:26:01/gps-maser/+2.925024e-06
2026.107.19:27:01/gps-fmout/+2.857726e-06
2026.107.19:27:01/gps-maser/+2.923491e-06
2026.107.19:28:01/gps-fmout/+2.857367e-06
2026.107.19:28:01/gps-maser/+2.921769e-06
2026.107.19:29:01/gps-fmout/+2.858105e-06
2026.107.19:29:01/gps-maser/+2.923141e-06
2026.107.19:30:01/gps-fmout/+2.857776e-06
2026.107.19:30:01/gps-maser/+2.922727e-06
2026.107.19:31:01/gps-fmout/+2.855969e-06
2026.107.19:31:01/gps-maser/+2.921360e-06
2026.107.19:32:01/gps-fmout/+2.857081e-06
2026.107.19:32:01/gps-maser/+2.921258e-06
2026.107.19:33:01/gps-fmout/+2.858619e-06
2026.107.19:33:01/gps-maser/+2.921896e-06
2026.107.19:34:01/gps-fmout/+2.855965e-06
2026.107.19:34:01/gps-maser/+2.920908e-06
2026.107.19:35:01/gps-fmout/+2.856430e-06
2026.107.19:35:01/gps-maser/+2.920531e-06
2026.107.19:36:01/gps-fmout/+2.857069e-06
2026.107.19:36:01/gps-maser/+2.922102e-06
2026.107.19:37:01/gps-fmout/+2.857455e-06
2026.107.19:37:01/gps-maser/+2.922490e-06
2026.107.19:38:01/gps-fmout/+2.859000e-06
2026.107.19:38:01/gps-maser/+2.924543e-06
2026.107.19:39:01/gps-fmout/+2.859000e-06
2026.107.19:39:01/gps-maser/+2.923686e-06
2026.107.19:40:01/gps-fmout/+2.859094e-06
2026.107.19:40:01/gps-maser/+2.922970e-06
2026.107.19:41:01/gps-fmout/+2.859987e-06
2026.107.19:41:01/gps-maser/+2.923991e-06
2026.107.19:42:01/gps-fmout/+2.859317e-06
2026.107.19:42:01/gps-maser/+2.923000e-06
2026.107.19:43:01/gps-fmout/+2.860130e-06
2026.107.19:43:01/gps-maser/+2.923000e-06
2026.107.19:44:01/gps-fmout/+2.859726e-06
2026.107.19:44:01/gps-maser/+2.923000e-06
2026.107.19:45:01/gps-fmout/+2.856812e-06
2026.107.19:45:01/gps-maser/+2.922626e-06
2026.107.19:46:01/gps-fmout/+2.857185e-06
2026.107.19:46:01/gps-maser/+2.922093e-06
2026.107.19:47:01/gps-fmout/+2.858453e-06
2026.107.19:47:01/gps-maser/+2.923196e-06
2026.107.19:48:01/gps-fmout/+2.861484e-06
2026.107.19:48:01/gps-maser/+2.925400e-06
2026.107.19:49:01/gps-fmout/+2.861659e-06
2026.107.19:49:01/gps-maser/+2.926791e-06
2026.107.19:50:01/gps-fmout/+2.860802e-06
2026.107.19:50:01/gps-maser/+2.925064e-06
2026.107.19:51:01/gps-fmout/+2.859963e-06
2026.107.19:51:01/gps-maser/+2.925996e-06
2026.107.19:52:01/gps-fmout/+2.860948e-06
2026.107.19:52:01/gps-maser/+2.925960e-06
2026.107.19:53:01/gps-fmout/+2.863048e-06
2026.107.19:53:01/gps-maser/+2.927894e-06
2026.107.19:54:01/gps-fmout/+2.862315e-06
2026.107.19:54:01/gps-maser/+2.926905e-06
2026.107.19:55:01/gps-fmout/+2.864202e-06
2026.107.19:55:01/gps-maser/+2.926983e-06
2026.107.19:56:01/gps-fmout/+2.862896e-06
2026.107.19:56:01/gps-maser/+2.928788e-06
2026.107.19:57:01/gps-fmout/+2.863256e-06
2026.107.19:57:01/gps-maser/+2.928000e-06
2026.107.19:58:01/gps-fmout/+2.863768e-06
2026.107.19:58:01/gps-maser/+2.928000e-06
2026.107.19:59:01/gps-fmout/+2.862354e-06
2026.107.19:59:01/gps-maser/+2.927882e-06
2026.107.20:00:01/gps-fmout/+2.860659e-06
2026.107.20:00:01/gps-maser/+2.926524e-06
2026.107.20:01:01/gps-fmout/+2.858967e-06
2026.107.20:01:01/gps-maser/+2.925459e-06
2026.107.20:02:01/gps-fmout/+2.860688e-06
2026.107.20:02:01/gps-maser/+2.925657e-06
2026.107.20:03:01/gps-fmout/+2.860569e-06
2026.107.20:03:01/gps-maser/+2.924921e-06
2026.107.20:04:01/gps-fmout/+2.863036e-06
2026.107.20:04:01/gps-maser/+2.925039e-06
2026.107.20:05:01/gps-fmout/+2.862661e-06
2026.107.20:05:01/gps-maser/+2.925693e-06
2026.107.20:06:01/gps-fmout/+2.861254e-06
2026.107.20:06:01/gps-maser/+2.924968e-06
2026.107.20:07:01/gps-fmout/+2.859293e-06
2026.107.20:07:01/gps-maser/+2.924870e-06
2026.107.20:08:01/gps-fmout/+2.862233e-06
2026.107.20:08:01/gps-maser/+2.924362e-06
2026.107.20:09:01/gps-fmout/+2.862353e-06
2026.107.20:09:01/gps-maser/+2.924943e-06
2026.107.20:10:01/gps-fmout/+2.860177e-06
2026.107.20:10:01/gps-maser/+2.925257e-06
2026.107.20:11:01/gps-fmout/+2.863181e-06
2026.107.20:11:01/gps-maser/+2.926971e-06
2026.107.20:12:01/gps-fmout/+2.864689e-06
2026.107.20:12:01/gps-maser/+2.927996e-06
2026.107.20:13:01/gps-fmout/+2.863261e-06
2026.107.20:13:01/gps-maser/+2.927362e-06
2026.107.20:14:01/gps-fmout/+2.864857e-06
2026.107.20:14:01/gps-maser/+2.929947e-06
2026.107.20:15:01/gps-fmout/+2.863359e-06
2026.107.20:15:01/gps-maser/+2.928543e-06
2026.107.20:16:01/gps-fmout/+2.863792e-06
2026.107.20:16:01/gps-maser/+2.927925e-06
2026.107.20:17:01/gps-fmout/+2.863394e-06
2026.107.20:17:01/gps-maser/+2.927889e-06
2026.107.20:18:01/gps-fmout/+2.864062e-06
2026.107.20:18:01/gps-maser/+2.927910e-06
2026.107.20:19:01/gps-fmout/+2.862381e-06
2026.107.20:19:01/gps-maser/+2.928263e-06
2026.107.20:20:01/gps-fmout/+2.860858e-06
2026.107.20:20:01/gps-maser/+2.925693e-06
2026.107.20:21:01/gps-fmout/+2.861988e-06
2026.107.20:21:01/gps-maser/+2.925125e-06
2026.107.20:22:01/gps-fmout/+2.861014e-06
2026.107.20:22:01/gps-maser/+2.926932e-06
2026.107.20:23:01/gps-fmout/+2.863429e-06
2026.107.20:23:01/gps-maser/+2.929053e-06
2026.107.20:24:01/gps-fmout/+2.865143e-06
2026.107.20:24:01/gps-maser/+2.928136e-06
2026.107.20:25:01/gps-fmout/+2.866546e-06
2026.107.20:25:01/gps-maser/+2.931421e-06
2026.107.20:26:01/gps-fmout/+2.867470e-06
2026.107.20:26:01/gps-maser/+2.932918e-06
2026.107.20:27:01/gps-fmout/+2.868872e-06
2026.107.20:27:01/gps-maser/+2.930918e-06
2026.107.20:28:01/gps-fmout/+2.868939e-06
2026.107.20:28:01/gps-maser/+2.932601e-06
2026.107.20:29:01/gps-fmout/+2.870718e-06
2026.107.20:29:01/gps-maser/+2.935596e-06
2026.107.20:30:01/gps-fmout/+2.871846e-06
2026.107.20:30:01/gps-maser/+2.935784e-06
2026.107.20:31:01/gps-fmout/+2.870399e-06
2026.107.20:31:01/gps-maser/+2.934474e-06
2026.107.20:32:01/gps-fmout/+2.870245e-06
2026.107.20:32:01/gps-maser/+2.933951e-06
2026.107.20:33:01/gps-fmout/+2.870620e-06
2026.107.20:33:01/gps-maser/+2.933466e-06
2026.107.20:34:01/gps-fmout/+2.868000e-06
2026.107.20:34:01/gps-maser/+2.931338e-06
2026.107.20:35:01/gps-fmout/+2.868096e-06
2026.107.20:35:01/gps-maser/+2.930997e-06
2026.107.20:36:01/gps-fmout/+2.867525e-06
2026.107.20:36:01/gps-maser/+2.930681e-06
2026.107.20:37:01/gps-fmout/+2.864808e-06
2026.107.20:37:01/gps-maser/+2.929000e-06
2026.107.20:38:01/gps-fmout/+2.863455e-06
2026.107.20:38:01/gps-maser/+2.929000e-06
2026.107.20:39:01/gps-fmout/+2.862876e-06
2026.107.20:39:01/gps-maser/+2.928897e-06
2026.107.20:40:01/gps-fmout/+2.863211e-06
2026.107.20:40:01/gps-maser/+2.927798e-06
2026.107.20:41:01/gps-fmout/+2.863513e-06
2026.107.20:41:01/gps-maser/+2.927197e-06
2026.107.20:42:01/gps-fmout/+2.863601e-06
2026.107.20:42:01/gps-maser/+2.928588e-06
2026.107.20:43:01/gps-fmout/+2.865078e-06
2026.107.20:43:01/gps-maser/+2.930074e-06
2026.107.20:44:01/gps-fmout/+2.865049e-06
2026.107.20:44:01/gps-maser/+2.929020e-06
2026.107.20:45:01/gps-fmout/+2.865712e-06
2026.107.20:45:01/gps-maser/+2.931146e-06
2026.107.20:46:01/gps-fmout/+2.864868e-06
2026.107.20:46:01/gps-maser/+2.930774e-06
2026.107.20:47:01/gps-fmout/+2.865348e-06
2026.107.20:47:01/gps-maser/+2.930072e-06
2026.107.20:48:01/gps-fmout/+2.867593e-06
2026.107.20:48:01/gps-maser/+2.931423e-06
2026.107.20:49:01/gps-fmout/+2.867217e-06
2026.107.20:49:01/gps-maser/+2.932268e-06
2026.107.20:50:01/gps-fmout/+2.868267e-06
2026.107.20:50:01/gps-maser/+2.933184e-06
2026.107.20:51:01/gps-fmout/+2.869698e-06
2026.107.20:51:01/gps-maser/+2.933794e-06
2026.107.20:52:01/gps-fmout/+2.869266e-06
2026.107.20:52:01/gps-maser/+2.932402e-06
2026.107.20:53:01/gps-fmout/+2.867031e-06
2026.107.20:53:01/gps-maser/+2.931039e-06
2026.107.20:54:01/gps-fmout/+2.867953e-06
2026.107.20:54:01/gps-maser/+2.932982e-06
2026.107.20:55:01/gps-fmout/+2.867342e-06
2026.107.20:55:01/gps-maser/+2.931519e-06
2026.107.20:56:01/gps-fmout/+2.868099e-06
2026.107.20:56:01/gps-maser/+2.931000e-06
2026.107.20:57:01/gps-fmout/+2.867882e-06
2026.107.20:57:01/gps-maser/+2.931000e-06
2026.107.20:58:01/gps-fmout/+2.866383e-06
2026.107.20:58:01/gps-maser/+2.930452e-06
2026.107.20:59:01/gps-fmout/+2.866104e-06
2026.107.20:59:01/gps-maser/+2.930494e-06
2026.107.21:00:01/gps-fmout/+2.867276e-06
2026.107.21:00:01/gps-maser/+2.932224e-06
2026.107.21:01:01/gps-fmout/+2.868615e-06
2026.107.21:01:01/gps-maser/+2.933592e-06
2026.107.21:02:01/gps-fmout/+2.869053e-06
2026.107.21:02:01/gps-maser/+2.934088e-06
2026.107.21:03:01/gps-fmout/+2.869079e-06
2026.107.21:03:01/gps-maser/+2.934713e-06
2026.107.21:04:01/gps-fmout/+2.870058e-06
2026.107.21:04:01/gps-maser/+2.935594e-06
2026.107.21:05:01/gps-fmout/+2.871234e-06
2026.107.21:05:01/gps-maser/+2.934011e-06
2026.107.21:06:01/gps-fmout/+2.869500e-06
2026.107.21:06:01/gps-maser/+2.933456e-06
2026.107.21:07:01/gps-fmout/+2.867852e-06
2026.107.21:07:01/gps-maser/+2.931000e-06
2026.107.21:08:01/gps-fmout/+2.866494e-06
2026.107.21:08:01/gps-maser/+2.931000e-06
2026.107.21:09:01/gps-fmout/+2.865718e-06
2026.107.21:09:01/gps-maser/+2.931000e-06
2026.107.21:10:01/gps-fmout/+2.865082e-06
2026.107.21:10:01/gps-maser/+2.930838e-06
2026.107.21:11:01/gps-fmout/+2.866101e-06
2026.107.21:11:01/gps-maser/+2.928195e-06
2026.107.21:12:01/gps-fmout/+2.865729e-06
2026.107.21:12:01/gps-maser/+2.928455e-06
2026.107.21:13:01/gps-fmout/+2.865418e-06
2026.107.21:13:01/gps-maser/+2.930024e-06
2026.107.21:14:01/gps-fmout/+2.867028e-06
2026.107.21:14:01/gps-maser/+2.930934e-06
2026.107.21:15:01/gps-fmout/+2.868111e-06
2026.107.21:15:01/gps-maser/+2.932509e-06
2026.107.21:16:01/gps-fmout/+2.869641e-06
2026.107.21:16:01/gps-maser/+2.932822e-06
2026.107.21:17:01/gps-fmout/+2.866974e-06
2026.107.21:17:01/gps-maser/+2.930976e-06
2026.107.21:18:01/gps-fmout/+2.866184e-06
2026.107.21:18:01/gps-maser/+2.930245e-06
2026.107.21:19:01/gps-fmout/+2.864591e-06
2026.107.21:19:01/gps-maser/+2.928697e-06
2026.107.21:20:01/gps-fmout/+2.864115e-06
2026.107.21:20:01/gps-maser/+2.927949e-06
2026.107.21:21:01/gps-fmout/+2.865954e-06
2026.107.21:21:01/gps-maser/+2.928881e-06
2026.107.21:22:01/gps-fmout/+2.866813e-06
2026.107.21:22:01/gps-maser/+2.929830e-06
2026.107.21:23:01/gps-fmout/+2.865234e-06
2026.107.21:23:01/gps-maser/+2.928960e-06
2026.107.21:24:01/gps-fmout/+2.867990e-06
2026.107.21:24:01/gps-maser/+2.930021e-06
2026.107.21:25:01/gps-fmout/+2.866916e-06
2026.107.21:25:01/gps-maser/+2.930734e-06
2026.107.21:26:01/gps-fmout/+2.867089e-06
2026.107.21:26:01/gps-maser/+2.930000e-06
2026.107.21:27:01/gps-fmout/+2.080591e-02
2026.107.21:27:01/gps-maser/+2.930000e-06
2026.107.21:28:01/gps-fmout/+2.972616e-01
2026.107.21:28:01/gps-maser/+2.929349e-06
2026.107.21:29:01/gps-fmout/+4.220236e-01
2026.107.21:29:01/gps-maser/+2.928459e-06
2026.107.21:30:01/gps-fmout/-2.109918e-02
2026.107.21:30:01/gps-maser/+2.930678e-06
2026.107.21:31:01/gps-fmout/+2.004814e-01
2026.107.21:31:01/gps-maser/+2.930008e-06
2026.107.21:32:01/gps-fmout/+3.386775e-01
2026.107.21:32:01/gps-maser/+2.930348e-06
2026.107.21:33:01/gps-fmout/+3.386775e-01
2026.107.21:33:01/gps-maser/+2.929000e-06
2026.107.21:34:01/gps-fmout/+2.833586e-01
2026.107.21:34:01/gps-maser/+2.929000e-06
2026.107.21:35:01/gps-fmout/+1.041951e-01
2026.107.21:35:01/gps-maser/+2.928675e-06
2026.107.21:36:01/gps-fmout/+2.815944e-06
2026.107.21:36:01/gps-maser/+2.928000e-06
2026.107.21:37:01/gps-fmout/+2.815174e-06
2026.107.21:37:01/gps-maser/+2.928000e-06
2026.107.21:38:01/gps-fmout/+2.814398e-06
2026.107.21:38:01/gps-maser/+2.927841e-06
2026.107.21:39:01/gps-fmout/+2.811772e-06
2026.107.21:39:01/gps-maser/+2.925886e-06
2026.107.21:40:01/gps-fmout/+2.811676e-06
2026.107.21:40:01/gps-maser/+2.924945e-06
2026.107.21:41:01/gps-fmout/+2.813339e-06
2026.107.21:41:01/gps-maser/+2.926491e-06
2026.107.21:42:01/gps-fmout/+2.814043e-06
2026.107.21:42:01/gps-maser/+2.927957e-06
2026.107.21:43:01/gps-fmout/+2.813645e-06
2026.107.21:43:01/gps-maser/+2.926953e-06
2026.107.21:44:01/gps-fmout/+2.812198e-06
2026.107.21:44:01/gps-maser/+2.926346e-06
2026.107.21:45:01/gps-fmout/+2.810392e-06
2026.107.21:45:01/gps-maser/+2.924290e-06
2026.107.21:46:01/gps-fmout/+2.811407e-06
2026.107.21:46:01/gps-maser/+2.925480e-06
2026.107.21:47:01/gps-fmout/+2.811360e-06
2026.107.21:47:01/gps-maser/+2.925680e-06
2026.107.21:48:01/gps-fmout/+2.812042e-06
2026.107.21:48:01/gps-maser/+2.926881e-06
2026.107.21:49:01/gps-fmout/+2.812062e-06
2026.107.21:49:01/gps-maser/+2.926000e-06
2026.107.21:50:01/gps-fmout/+2.813162e-06
2026.107.21:50:01/gps-maser/+2.926000e-06
2026.107.21:51:01/gps-fmout/+2.812769e-06
2026.107.21:51:01/gps-maser/+2.926000e-06
2026.107.21:52:01/gps-fmout/+2.811966e-06
2026.107.21:52:01/gps-maser/+2.926000e-06
2026.107.21:53:01/gps-fmout/+2.812525e-06
2026.107.21:53:01/gps-maser/+2.925820e-06
2026.107.21:54:01/gps-fmout/+2.812203e-06
2026.107.21:54:01/gps-maser/+2.924321e-06
2026.107.21:55:01/gps-fmout/+2.808670e-06
2026.107.21:55:01/gps-maser/+2.921724e-06
2026.107.21:56:01/gps-fmout/+2.807511e-06
2026.107.21:56:01/gps-maser/+2.921261e-06
2026.107.21:57:01/gps-fmout/+2.806344e-06
2026.107.21:57:01/gps-maser/+2.921369e-06
2026.107.21:58:01/gps-fmout/+2.804943e-06
2026.107.21:58:01/gps-maser/+2.919406e-06
2026.107.21:59:01/gps-fmout/+2.805001e-06
2026.107.21:59:01/gps-maser/+2.919501e-06
2026.107.22:00:01/gps-fmout/+2.804687e-06
2026.107.22:00:01/gps-maser/+2.917541e-06
2026.107.22:01:01/gps-fmout/+2.803738e-06
2026.107.22:01:01/gps-maser/+2.917061e-06
2026.107.22:02:01/gps-fmout/+2.802971e-06
2026.107.22:02:01/gps-maser/+2.917875e-06
2026.107.22:03:01/gps-fmout/+2.803000e-06
2026.107.22:03:01/gps-maser/+2.914805e-06
2026.107.22:04:01/gps-fmout/+2.804092e-06
2026.107.22:04:01/gps-maser/+2.917190e-06
2026.107.22:05:01/gps-fmout/+2.808664e-06
2026.107.22:05:01/gps-maser/+2.921105e-06
2026.107.22:06:01/gps-fmout/+2.808999e-06
2026.107.22:06:01/gps-maser/+2.922405e-06
2026.107.22:07:01/gps-fmout/+2.811485e-06
2026.107.22:07:01/gps-maser/+2.924346e-06
2026.107.22:08:01/gps-fmout/+2.811909e-06
2026.107.22:08:01/gps-maser/+2.925310e-06
2026.107.22:09:01/gps-fmout/+2.811013e-06
2026.107.22:09:01/gps-maser/+2.925765e-06
2026.107.22:10:01/gps-fmout/+2.812037e-06
2026.107.22:10:01/gps-maser/+2.924377e-06
2026.107.22:11:01/gps-fmout/+2.809877e-06
2026.107.22:11:01/gps-maser/+2.922327e-06
2026.107.22:12:01/gps-fmout/+2.804892e-06
2026.107.22:12:01/gps-maser/+2.918886e-06
2026.107.22:13:01/gps-fmout/+2.803231e-06
2026.107.22:13:01/gps-maser/+2.916717e-06
2026.107.22:14:01/gps-fmout/+2.799661e-06
2026.107.22:14:01/gps-maser/+2.911800e-06
2026.107.22:15:01/gps-fmout/+2.796867e-06
2026.107.22:15:01/gps-maser/+2.910157e-06
2026.107.22:16:01/gps-fmout/+2.797491e-06
2026.107.22:16:01/gps-maser/+2.911495e-06
2026.107.22:17:01/gps-fmout/+2.798058e-06
2026.107.22:17:01/gps-maser/+2.912056e-06
2026.107.22:18:01/gps-fmout/+2.798220e-06
2026.107.22:18:01/gps-maser/+2.912422e-06
2026.107.22:19:01/gps-fmout/+2.801058e-06
2026.107.22:19:01/gps-maser/+2.914488e-06
2026.107.22:20:01/gps-fmout/+2.804010e-06
2026.107.22:20:01/gps-maser/+2.915338e-06
2026.107.22:21:01/gps-fmout/+2.803331e-06
2026.107.22:21:01/gps-maser/+2.916275e-06
2026.107.22:22:01/gps-fmout/+2.804905e-06
2026.107.22:22:01/gps-maser/+2.917995e-06
2026.107.22:23:01/gps-fmout/+2.802839e-06
2026.107.22:23:01/gps-maser/+2.914690e-06
2026.107.22:24:01/gps-fmout/+2.803209e-06
2026.107.22:24:01/gps-maser/+2.915350e-06
2026.107.22:25:01/gps-fmout/+2.804173e-06
2026.107.22:25:01/gps-maser/+2.917232e-06
2026.107.22:26:01/gps-fmout/+2.805168e-06
2026.107.22:26:01/gps-maser/+2.919985e-06
2026.107.22:27:01/gps-fmout/+2.804765e-06
2026.107.22:27:01/gps-maser/+2.919468e-06
2026.107.22:28:01/gps-fmout/+2.804405e-06
2026.107.22:28:01/gps-maser/+2.917777e-06
2026.107.22:29:01/gps-fmout/+2.805048e-06
2026.107.22:29:01/gps-maser/+2.916370e-06
2026.107.22:30:01/gps-fmout/+2.803550e-06
2026.107.22:30:01/gps-maser/+2.916386e-06
2026.107.22:31:01/gps-fmout/+2.803072e-06
2026.107.22:31:01/gps-maser/+2.917543e-06
2026.107.22:32:01/gps-fmout/+2.804016e-06
2026.107.22:32:01/gps-maser/+2.916551e-06
2026.107.22:33:01/gps-fmout/+2.803031e-06
2026.107.22:33:01/gps-maser/+2.916720e-06
2026.107.22:34:01/gps-fmout/+2.801054e-06
2026.107.22:34:01/gps-maser/+2.915665e-06
2026.107.22:35:01/gps-fmout/+2.801859e-06
2026.107.22:35:01/gps-maser/+2.914024e-06
2026.107.22:36:01/gps-fmout/+2.800372e-06
2026.107.22:36:01/gps-maser/+2.915666e-06
2026.107.22:37:01/gps-fmout/+2.800598e-06
2026.107.22:37:01/gps-maser/+2.915424e-06
2026.107.22:38:01/gps-fmout/+2.803000e-06
2026.107.22:38:01/gps-maser/+2.916848e-06
2026.107.22:39:01/gps-fmout/+2.803000e-06
2026.107.22:39:01/gps-maser/+2.916471e-06
2026.107.22:40:01/gps-fmout/+2.803000e-06
2026.107.22:40:01/gps-maser/+2.917325e-06
2026.107.22:41:01/gps-fmout/+2.803000e-06
2026.107.22:41:01/gps-maser/+2.918080e-06
2026.107.22:42:01/gps-fmout/+2.803057e-06
2026.107.22:42:01/gps-maser/+2.917461e-06
2026.107.22:43:01/gps-fmout/+2.806592e-06
2026.107.22:43:01/gps-maser/+2.918349e-06
2026.107.22:44:01/gps-fmout/+2.807000e-06
2026.107.22:44:01/gps-maser/+2.922344e-06
2026.107.22:45:01/gps-fmout/+2.807000e-06
2026.107.22:45:01/gps-maser/+2.921836e-06
2026.107.22:46:01/gps-fmout/+2.807279e-06
2026.107.22:46:01/gps-maser/+2.919680e-06
2026.107.22:47:01/gps-fmout/+2.808740e-06
2026.107.22:47:01/gps-maser/+2.920482e-06
2026.107.22:48:01/gps-fmout/+2.810675e-06
2026.107.22:48:01/gps-maser/+2.922057e-06
2026.107.22:49:01/gps-fmout/+2.810021e-06
2026.107.22:49:01/gps-maser/+2.923441e-06
2026.107.22:50:01/gps-fmout/+2.810993e-06
2026.107.22:50:01/gps-maser/+2.925133e-06
2026.107.22:51:01/gps-fmout/+2.811310e-06
2026.107.22:51:01/gps-maser/+2.924894e-06
2026.107.22:52:01/gps-fmout/+2.813025e-06
2026.107.22:52:01/gps-maser/+2.924004e-06
2026.107.22:53:01/gps-fmout/+2.812636e-06
2026.107.22:53:01/gps-maser/+2.926395e-06
2026.107.22:54:01/gps-fmout/+2.812233e-06
2026.107.22:54:01/gps-maser/+2.925149e-06
2026.107.22:55:01/gps-fmout/+2.813917e-06
2026.107.22:55:01/gps-maser/+2.926097e-06
2026.107.22:56:01/gps-fmout/+2.813425e-06
2026.107.22:56:01/gps-maser/+2.926718e-06
2026.107.22:57:01/gps-fmout/+2.814122e-06
2026.107.22:57:01/gps-maser/+2.926231e-06
2026.107.22:58:01/gps-fmout/+2.813758e-06
2026.107.22:58:01/gps-maser/+2.927029e-06
2026.107.22:59:01/gps-fmout/+2.812507e-06
2026.107.22:59:01/gps-maser/+2.926661e-06
2026.107.23:00:01/gps-fmout/+2.811624e-06
2026.107.23:00:01/gps-maser/+2.925195e-06
2026.107.23:01:01/gps-fmout/+2.810939e-06
2026.107.23:01:01/gps-maser/+2.923354e-06
2026.107.23:02:01/gps-fmout/+2.811000e-06
2026.107.23:02:01/gps-maser/+2.924420e-06
2026.107.23:03:01/gps-fmout/+2.811851e-06
2026.107.23:03:01/gps-maser/+2.924672e-06
2026.107.23:04:01/gps-fmout/+2.813883e-06
2026.107.23:04:01/gps-maser/+2.926123e-06
2026.107.23:05:01/gps-fmout/+2.812172e-06
2026.107.23:05:01/gps-maser/+2.925957e-06
2026.107.23:06:01/gps-fmout/+2.813577e-06
2026.107.23:06:01/gps-maser/+2.925568e-06
2026.107.23:07:01/gps-fmout/+2.812732e-06
2026.107.23:07:01/gps-maser/+2.927082e-06
2026.107.23:08:01/gps-fmout/+2.811727e-06
2026.107.23:08:01/gps-maser/+2.925635e-06
2026.107.23:09:01/gps-fmout/+2.808711e-06
2026.107.23:09:01/gps-maser/+2.921699e-06
2026.107.23:10:01/gps-fmout/+2.808201e-06
2026.107.23:10:01/gps-maser/+2.921232e-06
2026.107.23:11:01/gps-fmout/+2.809028e-06
2026.107.23:11:01/gps-maser/+2.922000e-06
2026.107.23:12:01/gps-fmout/+2.808509e-06
2026.107.23:12:01/gps-maser/+2.922000e-06
2026.107.23:13:01/gps-fmout/+2.808241e-06
2026.107.23:13:01/gps-maser/+2.922000e-06
2026.107.23:14:01/gps-fmout/+2.808885e-06
2026.107.23:14:01/gps-maser/+2.922224e-06
2026.107.23:15:01/gps-fmout/+2.807989e-06
2026.107.23:15:01/gps-maser/+2.922695e-06
2026.107.23:16:01/gps-fmout/+2.807426e-06
2026.107.23:16:01/gps-maser/+2.921373e-06
2026.107.23:17:01/gps-fmout/+2.805337e-06
2026.107.23:17:01/gps-maser/+2.919367e-06
2026.107.23:18:01/gps-fmout/+2.802923e-06
2026.107.23:18:01/gps-maser/+2.915986e-06
2026.107.23:19:01/gps-fmout/+2.802562e-06
2026.107.23:19:01/gps-maser/+2.917218e-06
2026.107.23:20:01/gps-fmout/+2.801864e-06
2026.107.23:20:01/gps-maser/+2.916175e-06
2026.107.23:21:01/gps-fmout/+2.802187e-06
2026.107.23:21:01/gps-maser/+2.916883e-06
2026.107.23:22:01/gps-fmout/+2.803014e-06
2026.107.23:22:01/gps-maser/+2.916740e-06
2026.107.23:23:01/gps-fmout/+2.803539e-06
2026.107.23:23:01/gps-maser/+2.917854e-06
2026.107.23:24:01/gps-fmout/+2.805054e-06
2026.107.23:24:01/gps-maser/+2.917378e-06
2026.107.23:25:01/gps-fmout/+2.806261e-06
2026.107.23:25:01/gps-maser/+2.918573e-06
2026.107.23:26:01/gps-fmout/+2.806159e-06
2026.107.23:26:01/gps-maser/+2.917981e-06
2026.107.23:27:01/gps-fmout/+2.803504e-06
2026.107.23:27:01/gps-maser/+2.917474e-06
2026.107.23:28:01/gps-fmout/+2.802016e-06
2026.107.23:28:01/gps-maser/+2.916575e-06
2026.107.23:29:01/gps-fmout/+2.803538e-06
2026.107.23:29:01/gps-maser/+2.916306e-06
2026.107.23:30:01/gps-fmout/+2.801438e-06
2026.107.23:30:01/gps-maser/+2.914642e-06
2026.107.23:31:01/gps-fmout/+2.803010e-06
2026.107.23:31:01/gps-maser/+2.914156e-06
2026.107.23:32:01/gps-fmout/+2.803855e-06
2026.107.23:32:01/gps-maser/+2.916652e-06
2026.107.23:33:01/gps-fmout/+2.805421e-06
2026.107.23:33:01/gps-maser/+2.916104e-06
2026.107.23:34:01/gps-fmout/+2.805819e-06
2026.107.23:34:01/gps-maser/+2.917374e-06
2026.107.23:35:01/gps-fmout/+2.805659e-06
2026.107.23:35:01/gps-maser/+2.920012e-06
2026.107.23:36:01/gps-fmout/+2.808355e-06
2026.107.23:36:01/gps-maser/+2.921382e-06
2026.107.23:37:01/gps-fmout/+2.811290e-06
2026.107.23:37:01/gps-maser/+2.922807e-06
2026.107.23:38:01/gps-fmout/+2.810952e-06
2026.107.23:38:01/gps-maser/+2.924057e-06
2026.107.23:39:01/gps-fmout/+2.809540e-06
2026.107.23:39:01/gps-maser/+2.922551e-06
2026.107.23:40:01/gps-fmout/+2.808921e-06
2026.107.23:40:01/gps-maser/+2.922000e-06
2026.107.23:41:01/gps-fmout/+2.808898e-06
2026.107.23:41:01/gps-maser/+2.922000e-06
2026.107.23:42:01/gps-fmout/+2.809775e-06
2026.107.23:42:01/gps-maser/+2.923299e-06
2026.107.23:43:01/gps-fmout/+2.813869e-06
2026.107.23:43:01/gps-maser/+2.926386e-06
2026.107.23:44:01/gps-fmout/+2.814689e-06
2026.107.23:44:01/gps-maser/+2.927000e-06
2026.107.23:45:01/gps-fmout/+2.814456e-06
2026.107.23:45:01/gps-maser/+2.927000e-06
2026.107.23:46:01/gps-fmout/+2.815460e-06
2026.107.23:46:01/gps-maser/+2.927000e-06
2026.107.23:47:01/gps-fmout/+2.813912e-06
2026.107.23:47:01/gps-maser/+2.927000e-06
2026.107.23:48:01/gps-fmout/+2.815752e-06
2026.107.23:48:01/gps-maser/+2.927331e-06
2026.107.23:49:01/gps-fmout/+2.816659e-06
2026.107.23:49:01/gps-maser/+2.928314e-06
2026.107.23:50:01/gps-fmout/+2.815802e-06
2026.107.23:50:01/gps-maser/+2.929127e-06
2026.107.23:51:01/gps-fmout/+2.814925e-06
2026.107.23:51:01/gps-maser/+2.928992e-06
2026.107.23:52:01/gps-fmout/+2.813985e-06
2026.107.23:52:01/gps-maser/+2.928623e-06
2026.107.23:53:01/gps-fmout/+2.816000e-06
2026.107.23:53:01/gps-maser/+2.930000e-06
2026.107.23:54:01/gps-fmout/+2.816000e-06
2026.107.23:54:01/gps-maser/+2.930000e-06
2026.107.23:55:01/gps-fmout/+2.816337e-06
2026.107.23:55:01/gps-maser/+2.930646e-06
2026.107.23:56:01/gps-fmout/+2.817076e-06
2026.107.23:56:01/gps-maser/+2.931756e-06
2026.107.23:57:01/gps-fmout/+2.817473e-06
2026.107.23:57:01/gps-maser/+2.930447e-06
2026.107.23:58:01/gps-fmout/+2.818507e-06
2026.107.23:58:01/gps-maser/+2.933184e-06
2026.107.23:59:01/gps-fmout/+2.817662e-06
2026.107.23:59:01/gps-maser/+2.932679e-06
2026.108.00:00:01/gps-fmout/+2.817278e-06
2026.108.00:00:01/gps-maser/+2.931954e-06
2026.108.00:01:01/gps-fmout/+2.820941e-06
2026.108.00:01:01/gps-maser/+2.932592e-06
2026.108.00:02:01/gps-fmout/+2.818226e-06
2026.108.00:02:01/gps-maser/+2.932447e-06
2026.108.00:03:01/gps-fmout/+2.816476e-06
2026.108.00:03:01/gps-maser/+2.930790e-06
2026.108.00:04:01/gps-fmout/+2.814941e-06
2026.108.00:04:01/gps-maser/+2.929887e-06
2026.108.00:05:01/gps-fmout/+2.815000e-06
2026.108.00:05:01/gps-maser/+2.928178e-06
2026.108.00:06:01/gps-fmout/+2.815256e-06
2026.108.00:06:01/gps-maser/+2.927251e-06
2026.108.00:07:01/gps-fmout/+2.815788e-06
2026.108.00:07:01/gps-maser/+2.929586e-06
2026.108.00:08:01/gps-fmout/+2.814009e-06
2026.108.00:08:01/gps-maser/+2.927439e-06
2026.108.00:09:01/gps-fmout/+2.812637e-06
2026.108.00:09:01/gps-maser/+2.927372e-06
2026.108.00:10:01/gps-fmout/+2.813240e-06
2026.108.00:10:01/gps-maser/+2.926173e-06
2026.108.00:11:01/gps-fmout/+2.815134e-06
2026.108.00:11:01/gps-maser/+2.928014e-06
2026.108.00:12:01/gps-fmout/+2.817584e-06
2026.108.00:12:01/gps-maser/+2.929641e-06
2026.108.00:13:01/gps-fmout/+2.818054e-06
2026.108.00:13:01/gps-maser/+2.933253e-06
2026.108.00:14:01/gps-fmout/+2.818236e-06
2026.108.00:14:01/gps-maser/+2.932878e-06
2026.108.00:15:01/gps-fmout/+2.819266e-06
2026.108.00:15:01/gps-maser/+2.931962e-06
2026.108.00:16:01/gps-fmout/+2.818189e-06
2026.108.00:16:01/gps-maser/+2.931555e-06
2026.108.00:17:01/gps-fmout/+2.818581e-06
2026.108.00:17:01/gps-maser/+2.929919e-06
2026.108.00:18:01/gps-fmout/+2.818481e-06
2026.108.00:18:01/gps-maser/+2.930832e-06
2026.108.00:19:01/gps-fmout/+2.819414e-06
2026.108.00:19:01/gps-maser/+2.931549e-06
2026.108.00:20:01/gps-fmout/+2.817928e-06
2026.108.00:20:01/gps-maser/+2.930490e-06
2026.108.00:21:01/gps-fmout/+2.819093e-06
2026.108.00:21:01/gps-maser/+2.933653e-06
2026.108.00:22:01/gps-fmout/+2.819784e-06
2026.108.00:22:01/gps-maser/+2.934979e-06
2026.108.00:23:01/gps-fmout/+2.818991e-06
2026.108.00:23:01/gps-maser/+2.934118e-06
2026.108.00:24:01/gps-fmout/+2.820348e-06
2026.108.00:24:01/gps-maser/+2.934964e-06
2026.108.00:25:01/gps-fmout/+2.824341e-06
2026.108.00:25:01/gps-maser/+2.935064e-06
2026.108.00:26:01/gps-fmout/+2.824835e-06
2026.108.00:26:01/gps-maser/+2.937416e-06
2026.108.00:27:01/gps-fmout/+2.823764e-06
2026.108.00:27:01/gps-maser/+2.937896e-06
2026.108.00:28:01/gps-fmout/+2.823295e-06
2026.108.00:28:01/gps-maser/+2.937549e-06
2026.108.00:29:01/gps-fmout/+2.823277e-06
2026.108.00:29:01/gps-maser/+2.937442e-06
2026.108.00:30:01/gps-fmout/+2.821510e-06
2026.108.00:30:01/gps-maser/+2.935742e-06
2026.108.00:31:01/gps-fmout/+2.822485e-06
2026.108.00:31:01/gps-maser/+2.934710e-06
2026.108.00:32:01/gps-fmout/+2.821634e-06
2026.108.00:32:01/gps-maser/+2.935315e-06
2026.108.00:33:01/gps-fmout/+2.820789e-06
2026.108.00:33:01/gps-maser/+2.935762e-06
2026.108.00:34:01/gps-fmout/+2.819889e-06
2026.108.00:34:01/gps-maser/+2.932972e-06
2026.108.00:35:01/gps-fmout/+2.819628e-06
2026.108.00:35:01/gps-maser/+2.933761e-06
2026.108.00:36:01/gps-fmout/+2.822872e-06
2026.108.00:36:01/gps-maser/+2.935451e-06
2026.108.00:37:01/gps-fmout/+2.822155e-06
2026.108.00:37:01/gps-maser/+2.936935e-06
2026.108.00:38:01/gps-fmout/+2.822105e-06
2026.108.00:38:01/gps-maser/+2.934247e-06
2026.108.00:39:01/gps-fmout/+2.821175e-06
2026.108.00:39:01/gps-maser/+2.935536e-06
2026.108.00:40:01/gps-fmout/+2.822307e-06
2026.108.00:40:01/gps-maser/+2.936948e-06
2026.108.00:41:01/gps-fmout/+2.822643e-06
2026.108.00:41:01/gps-maser/+2.936368e-06
2026.108.00:42:01/gps-fmout/+2.821672e-06
2026.108.00:42:01/gps-maser/+2.936595e-06
2026.108.00:43:01/gps-fmout/+2.820981e-06
2026.108.00:43:01/gps-maser/+2.935668e-06
2026.108.00:44:01/gps-fmout/+2.821979e-06
2026.108.00:44:01/gps-maser/+2.936465e-06
2026.108.00:45:01/gps-fmout/+2.820824e-06
2026.108.00:45:01/gps-maser/+2.935308e-06
2026.108.00:46:01/gps-fmout/+2.821344e-06
2026.108.00:46:01/gps-maser/+2.935902e-06
2026.108.00:47:01/gps-fmout/+2.822966e-06
2026.108.00:47:01/gps-maser/+2.935130e-06
2026.108.00:48:01/gps-fmout/+2.823202e-06
2026.108.00:48:01/gps-maser/+2.937665e-06
2026.108.00:49:01/gps-fmout/+2.824887e-06
2026.108.00:49:01/gps-maser/+2.937144e-06
2026.108.00:50:01/gps-fmout/+2.824468e-06
2026.108.00:50:01/gps-maser/+2.938363e-06
2026.108.00:51:01/gps-fmout/+2.824530e-06
2026.108.00:51:01/gps-maser/+2.939239e-06
2026.108.00:52:01/gps-fmout/+2.822922e-06
2026.108.00:52:01/gps-maser/+2.937992e-06
2026.108.00:53:01/gps-fmout/+2.823129e-06
2026.108.00:53:01/gps-maser/+2.937735e-06
2026.108.00:54:01/gps-fmout/+2.823972e-06
2026.108.00:54:01/gps-maser/+2.937041e-06
2026.108.00:55:01/gps-fmout/+2.820222e-06
2026.108.00:55:01/gps-maser/+2.936354e-06
2026.108.00:56:01/gps-fmout/+2.820482e-06
2026.108.00:56:01/gps-maser/+2.934681e-06
2026.108.00:57:01/gps-fmout/+2.822743e-06
2026.108.00:57:01/gps-maser/+2.934022e-06
2026.108.00:58:01/gps-fmout/+2.821326e-06
2026.108.00:58:01/gps-maser/+2.934626e-06
2026.108.00:59:01/gps-fmout/+2.824010e-06
2026.108.00:59:01/gps-maser/+2.934477e-06
2026.108.01:00:01/gps-fmout/+2.826088e-06
2026.108.01:00:01/gps-maser/+2.937620e-06
2026.108.01:01:01/gps-fmout/+2.825670e-06
2026.108.01:01:01/gps-maser/+2.938578e-06
2026.108.01:02:01/gps-fmout/+2.823934e-06
2026.108.01:02:01/gps-maser/+2.935694e-06
2026.108.01:03:01/gps-fmout/+2.820624e-06
2026.108.01:03:01/gps-maser/+2.934664e-06
2026.108.01:04:01/gps-fmout/+2.820017e-06
2026.108.01:04:01/gps-maser/+2.934500e-06
2026.108.01:05:01/gps-fmout/+2.820340e-06
2026.108.01:05:01/gps-maser/+2.935357e-06
2026.108.01:06:01/gps-fmout/+2.818951e-06
2026.108.01:06:01/gps-maser/+2.935809e-06
2026.108.01:07:01/gps-fmout/+2.818875e-06
2026.108.01:07:01/gps-maser/+2.932978e-06
2026.108.01:08:01/gps-fmout/+2.817791e-06
2026.108.01:08:01/gps-maser/+2.932521e-06
2026.108.01:09:01/gps-fmout/+2.818495e-06
2026.108.01:09:01/gps-maser/+2.932000e-06
2026.108.01:10:01/gps-fmout/+2.819802e-06
2026.108.01:10:01/gps-maser/+2.932000e-06
2026.108.01:11:01/gps-fmout/+2.819491e-06
2026.108.01:11:01/gps-maser/+2.931561e-06
2026.108.01:12:01/gps-fmout/+2.820458e-06
2026.108.01:12:01/gps-maser/+2.931145e-06
2026.108.01:13:01/gps-fmout/+2.820795e-06
2026.108.01:13:01/gps-maser/+2.932401e-06
2026.108.01:14:01/gps-fmout/+2.818914e-06
2026.108.01:14:01/gps-maser/+2.932489e-06
2026.108.01:15:01/gps-fmout/+2.817411e-06
2026.108.01:15:01/gps-maser/+2.931634e-06
2026.108.01:16:01/gps-fmout/+2.817070e-06
2026.108.01:16:01/gps-maser/+2.930789e-06
2026.108.01:17:01/gps-fmout/+2.817929e-06
2026.108.01:17:01/gps-maser/+2.930027e-06
2026.108.01:18:01/gps-fmout/+2.818298e-06
2026.108.01:18:01/gps-maser/+2.931232e-06
2026.108.01:19:01/gps-fmout/+2.819846e-06
2026.108.01:19:01/gps-maser/+2.930158e-06
2026.108.01:20:01/gps-fmout/+2.818724e-06
2026.108.01:20:01/gps-maser/+2.931221e-06
2026.108.01:21:01/gps-fmout/+2.817622e-06
2026.108.01:21:01/gps-maser/+2.932912e-06
2026.108.01:22:01/gps-fmout/+2.818907e-06
2026.108.01:22:01/gps-maser/+2.933931e-06
2026.108.01:23:01/gps-fmout/+2.821262e-06
2026.108.01:23:01/gps-maser/+2.933503e-06
2026.108.01:24:01/gps-fmout/+2.822009e-06
2026.108.01:24:01/gps-maser/+2.936299e-06
2026.108.01:25:01/gps-fmout/+2.821675e-06
2026.108.01:25:01/gps-maser/+2.936466e-06
2026.108.01:26:01/gps-fmout/+2.820853e-06
2026.108.01:26:01/gps-maser/+2.935155e-06
2026.108.01:27:01/gps-fmout/+2.821184e-06
2026.108.01:27:01/gps-maser/+2.936000e-06
2026.108.01:28:01/gps-fmout/+2.823811e-06
2026.108.01:28:01/gps-maser/+2.936000e-06
2026.108.01:29:01/gps-fmout/+2.823375e-06
2026.108.01:29:01/gps-maser/+2.935534e-06
2026.108.01:30:01/gps-fmout/+2.821175e-06
2026.108.01:30:01/gps-maser/+2.933352e-06
2026.108.01:31:01/gps-fmout/+2.820553e-06
2026.108.01:31:01/gps-maser/+2.935146e-06
2026.108.01:32:01/gps-fmout/+2.818917e-06
2026.108.01:32:01/gps-maser/+2.934072e-06
2026.108.01:33:01/gps-fmout/+2.818544e-06
2026.108.01:33:01/gps-maser/+2.933470e-06
2026.108.01:34:01/gps-fmout/+2.816057e-06
2026.108.01:34:01/gps-maser/+2.930296e-06
2026.108.01:35:01/gps-fmout/+2.817771e-06
2026.108.01:35:01/gps-maser/+2.929909e-06
2026.108.01:36:01/gps-fmout/+2.819107e-06
2026.108.01:36:01/gps-maser/+2.932895e-06
2026.108.01:37:01/gps-fmout/+2.818188e-06
2026.108.01:37:01/gps-maser/+2.931897e-06
2026.108.01:38:01/gps-fmout/+2.819219e-06
2026.108.01:38:01/gps-maser/+2.931233e-06
2026.108.01:39:01/gps-fmout/+2.818521e-06
2026.108.01:39:01/gps-maser/+2.931773e-06
2026.108.01:40:01/gps-fmout/+2.819785e-06
2026.108.01:40:01/gps-maser/+2.931143e-06
2026.108.01:41:01/gps-fmout/+2.818678e-06
2026.108.01:41:01/gps-maser/+2.933350e-06
2026.108.01:42:01/gps-fmout/+2.820461e-06
2026.108.01:42:01/gps-maser/+2.935027e-06
2026.108.01:43:01/gps-fmout/+2.824149e-06
2026.108.01:43:01/gps-maser/+2.934853e-06
2026.108.01:44:01/gps-fmout/+2.824058e-06
2026.108.01:44:01/gps-maser/+2.936441e-06
2026.108.01:45:01/gps-fmout/+2.824356e-06
2026.108.01:45:01/gps-maser/+2.936706e-06
2026.108.01:46:01/gps-fmout/+2.823532e-06
2026.108.01:46:01/gps-maser/+2.938110e-06
2026.108.01:47:01/gps-fmout/+2.826038e-06
2026.108.01:47:01/gps-maser/+2.938123e-06
2026.108.01:48:01/gps-fmout/+2.825563e-06
2026.108.01:48:01/gps-maser/+2.939810e-06
2026.108.01:49:01/gps-fmout/+2.824933e-06
2026.108.01:49:01/gps-maser/+2.938477e-06
2026.108.01:50:01/gps-fmout/+2.824789e-06
2026.108.01:50:01/gps-maser/+2.936941e-06
2026.108.01:51:01/gps-fmout/+2.824450e-06
2026.108.01:51:01/gps-maser/+2.936495e-06
2026.108.01:52:01/gps-fmout/+2.824363e-06
2026.108.01:52:01/gps-maser/+2.936104e-06
2026.108.01:53:01/gps-fmout/+2.823080e-06
2026.108.01:53:01/gps-maser/+2.937336e-06
2026.108.01:54:01/gps-fmout/+2.824070e-06
2026.108.01:54:01/gps-maser/+2.939028e-06
2026.108.01:55:01/gps-fmout/+2.826536e-06
2026.108.01:55:01/gps-maser/+2.940314e-06
2026.108.01:56:01/gps-fmout/+2.829351e-06
2026.108.01:56:01/gps-maser/+2.939853e-06
2026.108.01:57:01/gps-fmout/+2.828848e-06
2026.108.01:57:01/gps-maser/+2.939058e-06
2026.108.01:58:01/gps-fmout/+2.827413e-06
2026.108.01:58:01/gps-maser/+2.940712e-06
2026.108.01:59:01/gps-fmout/+2.827331e-06
2026.108.01:59:01/gps-maser/+2.940617e-06
2026.108.02:00:01/gps-fmout/+2.828835e-06
2026.108.02:00:01/gps-maser/+2.942895e-06
2026.108.02:01:01/gps-fmout/+2.828266e-06
2026.108.02:01:01/gps-maser/+2.942437e-06
2026.108.02:02:01/gps-fmout/+2.829838e-06
2026.108.02:02:01/gps-maser/+2.943282e-06
2026.108.02:03:01/gps-fmout/+2.831580e-06
2026.108.02:03:01/gps-maser/+2.943939e-06
2026.108.02:04:01/gps-fmout/+2.831031e-06
2026.108.02:04:01/gps-maser/+2.942731e-06
2026.108.02:05:01/gps-fmout/+2.832338e-06
2026.108.02:05:01/gps-maser/+2.943861e-06
2026.108.02:06:01/gps-fmout/+2.833224e-06
2026.108.02:06:01/gps-maser/+2.946000e-06
2026.108.02:07:01/gps-fmout/+2.833981e-06
2026.108.02:07:01/gps-maser/+2.946000e-06
2026.108.02:08:01/gps-fmout/+2.832236e-06
2026.108.02:08:01/gps-maser/+2.946000e-06
2026.108.02:09:01/gps-fmout/+2.830904e-06
2026.108.02:09:01/gps-maser/+2.945777e-06
2026.108.02:10:01/gps-fmout/+2.831768e-06
2026.108.02:10:01/gps-maser/+2.942888e-06
2026.108.02:11:01/gps-fmout/+2.829423e-06
2026.108.02:11:01/gps-maser/+2.942535e-06
2026.108.02:12:01/gps-fmout/+2.830268e-06
2026.108.02:12:01/gps-maser/+2.944353e-06
2026.108.02:13:01/gps-fmout/+2.831176e-06
2026.108.02:13:01/gps-maser/+2.944851e-06
2026.108.02:14:01/gps-fmout/+2.831266e-06
2026.108.02:14:01/gps-maser/+2.943428e-06
2026.108.02:15:01/gps-fmout/+2.830502e-06
2026.108.02:15:01/gps-maser/+2.944000e-06
2026.108.02:16:01/gps-fmout/+2.831739e-06
2026.108.02:16:01/gps-maser/+2.944000e-06
2026.108.02:17:01/gps-fmout/+2.831042e-06
2026.108.02:17:01/gps-maser/+2.944971e-06
2026.108.02:18:01/gps-fmout/+2.830411e-06
2026.108.02:18:01/gps-maser/+2.945540e-06
2026.108.02:19:01/gps-fmout/+2.828765e-06
2026.108.02:19:01/gps-maser/+2.943740e-06
2026.108.02:20:01/gps-fmout/+2.829103e-06
2026.108.02:20:01/gps-maser/+2.943005e-06
2026.108.02:21:01/gps-fmout/+2.832071e-06
2026.108.02:21:01/gps-maser/+2.945028e-06
2026.108.02:22:01/gps-fmout/+2.832743e-06
2026.108.02:22:01/gps-maser/+2.945238e-06
2026.108.02:23:01/gps-fmout/+2.831141e-06
2026.108.02:23:01/gps-maser/+2.946000e-06
2026.108.02:24:01/gps-fmout/+2.832130e-06
2026.108.02:24:01/gps-maser/+2.946000e-06
2026.108.02:25:01/gps-fmout/+2.831722e-06
2026.108.02:25:01/gps-maser/+2.946000e-06
2026.108.02:26:01/gps-fmout/+2.830971e-06
2026.108.02:26:01/gps-maser/+2.946000e-06
2026.108.02:27:01/gps-fmout/+2.830549e-06
2026.108.02:27:01/gps-maser/+2.946000e-06
2026.108.02:28:01/gps-fmout/+2.830504e-06
2026.108.02:28:01/gps-maser/+2.945153e-06
2026.108.02:29:01/gps-fmout/+2.831554e-06
2026.108.02:29:01/gps-maser/+2.941794e-06
2026.108.02:30:01/gps-fmout/+2.827960e-06
2026.108.02:30:01/gps-maser/+2.942029e-06
2026.108.02:31:01/gps-fmout/+2.828767e-06
2026.108.02:31:01/gps-maser/+2.943743e-06
2026.108.02:32:01/gps-fmout/+2.830247e-06
2026.108.02:32:01/gps-maser/+2.945095e-06
2026.108.02:33:01/gps-fmout/+2.829743e-06
2026.108.02:33:01/gps-maser/+2.942857e-06
2026.108.02:34:01/gps-fmout/+2.828484e-06
2026.108.02:34:01/gps-maser/+2.941155e-06
2026.108.02:35:01/gps-fmout/+2.828148e-06
2026.108.02:35:01/gps-maser/+2.939412e-06
2026.108.02:36:01/gps-fmout/+2.825713e-06
2026.108.02:36:01/gps-maser/+2.937932e-06
2026.108.02:37:01/gps-fmout/+2.824011e-06
2026.108.02:37:01/gps-maser/+2.938000e-06
2026.108.02:38:01/gps-fmout/+2.822482e-06
2026.108.02:38:01/gps-maser/+2.937356e-06
2026.108.02:39:01/gps-fmout/+2.822128e-06
2026.108.02:39:01/gps-maser/+2.935046e-06
2026.108.02:40:01/gps-fmout/+2.823956e-06
2026.108.02:40:01/gps-maser/+2.937000e-06
2026.108.02:41:01/gps-fmout/+2.822494e-06
2026.108.02:41:01/gps-maser/+2.937252e-06
2026.108.02:42:01/gps-fmout/+2.824957e-06
2026.108.02:42:01/gps-maser/+2.940140e-06
2026.108.02:43:01/gps-fmout/+2.827994e-06
2026.108.02:43:01/gps-maser/+2.940204e-06
2026.108.02:44:01/gps-fmout/+2.828352e-06
2026.108.02:44:01/gps-maser/+2.942049e-06
2026.108.02:45:01/gps-fmout/+2.830887e-06
2026.108.02:45:01/gps-maser/+2.942408e-06
2026.108.02:46:01/gps-fmout/+2.833023e-06
2026.108.02:46:01/gps-maser/+2.944407e-06
2026.108.02:47:01/gps-fmout/+2.833038e-06
2026.108.02:47:01/gps-maser/+2.946293e-06
2026.108.02:48:01/gps-fmout/+2.832791e-06
2026.108.02:48:01/gps-maser/+2.945686e-06
2026.108.02:49:01/gps-fmout/+2.830077e-06
2026.108.02:49:01/gps-maser/+2.944829e-06
2026.108.02:50:01/gps-fmout/+2.831081e-06
2026.108.02:50:01/gps-maser/+2.943992e-06
2026.108.02:51:01/gps-fmout/+2.832499e-06
2026.108.02:51:01/gps-maser/+2.945760e-06
2026.108.02:52:01/gps-fmout/+2.833063e-06
2026.108.02:52:01/gps-maser/+2.945035e-06
2026.108.02:53:01/gps-fmout/+2.833117e-06
2026.108.02:53:01/gps-maser/+2.946199e-06
2026.108.02:54:01/gps-fmout/+2.834000e-06
2026.108.02:54:01/gps-maser/+2.949365e-06
2026.108.02:55:01/gps-fmout/+2.834000e-06
2026.108.02:55:01/gps-maser/+2.948541e-06
2026.108.02:56:01/gps-fmout/+2.834164e-06
2026.108.02:56:01/gps-maser/+2.947066e-06
2026.108.02:57:01/gps-fmout/+2.833235e-06
2026.108.02:57:01/gps-maser/+2.947382e-06
2026.108.02:58:01/gps-fmout/+2.830953e-06
2026.108.02:58:01/gps-maser/+2.944886e-06
2026.108.02:59:01/gps-fmout/+2.830879e-06
2026.108.02:59:01/gps-maser/+2.942223e-06
2026.108.03:00:01/gps-fmout/+2.829997e-06
2026.108.03:00:01/gps-maser/+2.944793e-06
2026.108.03:01:01/gps-fmout/+2.830585e-06
2026.108.03:01:01/gps-maser/+2.944267e-06
2026.108.03:02:01/gps-fmout/+2.828303e-06
2026.108.03:02:01/gps-maser/+2.942259e-06
2026.108.03:03:01/gps-fmout/+2.824955e-06
2026.108.03:03:01/gps-maser/+2.940449e-06
2026.108.03:04:01/gps-fmout/+2.825333e-06
2026.108.03:04:01/gps-maser/+2.937055e-06
2026.108.03:05:01/gps-fmout/+2.823251e-06
2026.108.03:05:01/gps-maser/+2.935922e-06
2026.108.03:06:01/gps-fmout/+2.820849e-06
2026.108.03:06:01/gps-maser/+2.935894e-06
2026.108.03:07:01/gps-fmout/+2.821878e-06
2026.108.03:07:01/gps-maser/+2.935423e-06
2026.108.03:08:01/gps-fmout/+2.823431e-06
2026.108.03:08:01/gps-maser/+2.936268e-06
2026.108.03:09:01/gps-fmout/+2.823813e-06
2026.108.03:09:01/gps-maser/+2.936816e-06
2026.108.03:10:01/gps-fmout/+2.823290e-06
2026.108.03:10:01/gps-maser/+2.936603e-06
2026.108.03:11:01/gps-fmout/+2.824637e-06
2026.108.03:11:01/gps-maser/+2.938678e-06
2026.108.03:12:01/gps-fmout/+2.826265e-06
2026.108.03:12:01/gps-maser/+2.938601e-06
2026.108.03:13:01/gps-fmout/+2.827053e-06
2026.108.03:13:01/gps-maser/+2.942066e-06
2026.108.03:14:01/gps-fmout/+2.828514e-06
2026.108.03:14:01/gps-maser/+2.944013e-06
2026.108.03:15:01/gps-fmout/+2.827159e-06
2026.108.03:15:01/gps-maser/+2.941787e-06
2026.108.03:16:01/gps-fmout/+2.827786e-06
2026.108.03:16:01/gps-maser/+2.940907e-06
2026.108.03:17:01/gps-fmout/+2.825118e-06
2026.108.03:17:01/gps-maser/+2.939364e-06
2026.108.03:18:01/gps-fmout/+2.825971e-06
2026.108.03:18:01/gps-maser/+2.939845e-06
2026.108.03:19:01/gps-fmout/+2.829033e-06
2026.108.03:19:01/gps-maser/+2.944029e-06
2026.108.03:20:01/gps-fmout/+2.829352e-06
2026.108.03:20:01/gps-maser/+2.944451e-06
2026.108.03:21:01/gps-fmout/+2.831352e-06
2026.108.03:21:01/gps-maser/+2.945296e-06
2026.108.03:22:01/gps-fmout/+2.835090e-06
2026.108.03:22:01/gps-maser/+2.946057e-06
2026.108.03:23:01/gps-fmout/+2.834027e-06
2026.108.03:23:01/gps-maser/+2.947654e-06
2026.108.03:24:01/gps-fmout/+2.833981e-06
2026.108.03:24:01/gps-maser/+2.948420e-06
2026.108.03:25:01/gps-fmout/+2.831670e-06
2026.108.03:25:01/gps-maser/+2.946711e-06
2026.108.03:26:01/gps-fmout/+2.831000e-06
2026.108.03:26:01/gps-maser/+2.946027e-06
2026.108.03:27:01/gps-fmout/+2.831000e-06
2026.108.03:27:01/gps-maser/+2.946758e-06
2026.108.03:28:01/gps-fmout/+2.830636e-06
2026.108.03:28:01/gps-maser/+2.945453e-06
2026.108.03:29:01/gps-fmout/+2.829124e-06
2026.108.03:29:01/gps-maser/+2.944000e-06
2026.108.03:30:01/gps-fmout/+2.829376e-06
2026.108.03:30:01/gps-maser/+2.944000e-06
2026.108.03:31:01/gps-fmout/+2.829742e-06
2026.108.03:31:01/gps-maser/+2.944559e-06
2026.108.03:32:01/gps-fmout/+2.832675e-06
2026.108.03:32:01/gps-maser/+2.946700e-06
2026.108.03:33:01/gps-fmout/+2.834179e-06
2026.108.03:33:01/gps-maser/+2.945236e-06
2026.108.03:34:01/gps-fmout/+2.834000e-06
2026.108.03:34:01/gps-maser/+2.947035e-06
2026.108.03:35:01/gps-fmout/+2.834000e-06
2026.108.03:35:01/gps-maser/+2.948815e-06
2026.108.03:36:01/gps-fmout/+2.833896e-06
2026.108.03:36:01/gps-maser/+2.945983e-06
2026.108.03:37:01/gps-fmout/+2.831830e-06
2026.108.03:37:01/gps-maser/+2.946370e-06
2026.108.03:38:01/gps-fmout/+2.832263e-06
2026.108.03:38:01/gps-maser/+2.946770e-06
2026.108.03:39:01/gps-fmout/+2.832858e-06
2026.108.03:39:01/gps-maser/+2.945188e-06
2026.108.03:40:01/gps-fmout/+2.832491e-06
2026.108.03:40:01/gps-maser/+2.945778e-06
2026.108.03:41:01/gps-fmout/+2.832719e-06
2026.108.03:41:01/gps-maser/+2.944243e-06
2026.108.03:42:01/gps-fmout/+2.832009e-06
2026.108.03:42:01/gps-maser/+2.944771e-06
2026.108.03:43:01/gps-fmout/+2.831487e-06
2026.108.03:43:01/gps-maser/+2.943341e-06
2026.108.03:44:01/gps-fmout/+2.830585e-06
2026.108.03:44:01/gps-maser/+2.943175e-06
2026.108.03:45:01/gps-fmout/+2.829932e-06
2026.108.03:45:01/gps-maser/+2.944342e-06
2026.108.03:46:01/gps-fmout/+2.830000e-06
2026.108.03:46:01/gps-maser/+2.945971e-06
2026.108.03:47:01/gps-fmout/+2.829658e-06
2026.108.03:47:01/gps-maser/+2.943921e-06
2026.108.03:48:01/gps-fmout/+2.828919e-06
2026.108.03:48:01/gps-maser/+2.943313e-06
2026.108.03:49:01/gps-fmout/+2.828781e-06
2026.108.03:49:01/gps-maser/+2.941232e-06
2026.108.03:50:01/gps-fmout/+2.830000e-06
2026.108.03:50:01/gps-maser/+2.943006e-06
2026.108.03:51:01/gps-fmout/+2.832000e-06
2026.108.03:51:01/gps-maser/+2.944341e-06
2026.108.03:52:01/gps-fmout/+2.832000e-06
2026.108.03:52:01/gps-maser/+2.948056e-06
2026.108.03:53:01/gps-fmout/+2.832036e-06
2026.108.03:53:01/gps-maser/+2.946042e-06
2026.108.03:54:01/gps-fmout/+2.834522e-06
2026.108.03:54:01/gps-maser/+2.949509e-06
2026.108.03:55:01/gps-fmout/+2.835054e-06
2026.108.03:55:01/gps-maser/+2.950061e-06
2026.108.03:56:01/gps-fmout/+2.835183e-06
2026.108.03:56:01/gps-maser/+2.949938e-06
2026.108.03:57:01/gps-fmout/+2.836187e-06
2026.108.03:57:01/gps-maser/+2.948929e-06
2026.108.03:58:01/gps-fmout/+2.835270e-06
2026.108.03:58:01/gps-maser/+2.948798e-06
2026.108.03:59:01/gps-fmout/+2.836037e-06
2026.108.03:59:01/gps-maser/+2.948390e-06
2026.108.04:00:01/gps-fmout/+2.835083e-06
2026.108.04:00:01/gps-maser/+2.950543e-06
2026.108.04:01:01/gps-fmout/+2.834893e-06
2026.108.04:01:01/gps-maser/+2.949686e-06
2026.108.04:02:01/gps-fmout/+2.837703e-06
2026.108.04:02:01/gps-maser/+2.948895e-06
2026.108.04:03:01/gps-fmout/+2.834090e-06
2026.108.04:03:01/gps-maser/+2.948987e-06
2026.108.04:04:01/gps-fmout/+2.835851e-06
2026.108.04:04:01/gps-maser/+2.947629e-06
2026.108.04:05:01/gps-fmout/+2.834213e-06
2026.108.04:05:01/gps-maser/+2.949247e-06
2026.108.04:06:01/gps-fmout/+2.835015e-06
2026.108.04:06:01/gps-maser/+2.950025e-06
2026.108.04:07:01/gps-fmout/+2.836093e-06
2026.108.04:07:01/gps-maser/+2.949623e-06
2026.108.04:08:01/gps-fmout/+2.836417e-06
2026.108.04:08:01/gps-maser/+2.948921e-06
2026.108.04:09:01/gps-fmout/+2.834714e-06
2026.108.04:09:01/gps-maser/+2.948866e-06
2026.108.04:10:01/gps-fmout/+2.835199e-06
2026.108.04:10:01/gps-maser/+2.949292e-06
2026.108.04:11:01/gps-fmout/+2.836885e-06
2026.108.04:11:01/gps-maser/+2.950205e-06
2026.108.04:12:01/gps-fmout/+2.835480e-06
2026.108.04:12:01/gps-maser/+2.948000e-06
2026.108.04:13:01/gps-fmout/+2.833055e-06
2026.108.04:13:01/gps-maser/+2.948000e-06
2026.108.04:14:01/gps-fmout/+2.836172e-06
2026.108.04:14:01/gps-maser/+2.949046e-06
2026.108.04:15:01/gps-fmout/+2.838607e-06
2026.108.04:15:01/gps-maser/+2.952014e-06
2026.108.04:16:01/gps-fmout/+2.839913e-06
2026.108.04:16:01/gps-maser/+2.951074e-06
2026.108.04:17:01/gps-fmout/+2.838329e-06
2026.108.04:17:01/gps-maser/+2.951613e-06
2026.108.04:18:01/gps-fmout/+2.838542e-06
2026.108.04:18:01/gps-maser/+2.951158e-06
2026.108.04:19:01/gps-fmout/+2.837624e-06
2026.108.04:19:01/gps-maser/+2.952206e-06
2026.108.04:20:01/gps-fmout/+2.840190e-06
2026.108.04:20:01/gps-maser/+2.953881e-06
2026.108.04:21:01/gps-fmout/+2.839668e-06
2026.108.04:21:01/gps-maser/+2.953392e-06
2026.108.04:22:01/gps-fmout/+2.838890e-06
2026.108.04:22:01/gps-maser/+2.951692e-06
2026.108.04:23:01/gps-fmout/+2.839029e-06
2026.108.04:23:01/gps-maser/+2.951811e-06
2026.108.04:24:01/gps-fmout/+2.839790e-06
2026.108.04:24:01/gps-maser/+2.952697e-06
2026.108.04:25:01/gps-fmout/+2.837351e-06
2026.108.04:25:01/gps-maser/+2.951960e-06
2026.108.04:26:01/gps-fmout/+2.838869e-06
2026.108.04:26:01/gps-maser/+2.951892e-06
2026.108.04:27:01/gps-fmout/+2.836684e-06
2026.108.04:27:01/gps-maser/+2.949466e-06
2026.108.04:28:01/gps-fmout/+2.834515e-06
2026.108.04:28:01/gps-maser/+2.948858e-06
2026.108.04:29:01/gps-fmout/+2.835679e-06
2026.108.04:29:01/gps-maser/+2.949408e-06
2026.108.04:30:01/gps-fmout/+2.837025e-06
2026.108.04:30:01/gps-maser/+2.952336e-06
2026.108.04:31:01/gps-fmout/+2.836619e-06
2026.108.04:31:01/gps-maser/+2.951226e-06
2026.108.04:32:01/gps-fmout/+2.838122e-06
2026.108.04:32:01/gps-maser/+2.950331e-06
2026.108.04:33:01/gps-fmout/+2.838137e-06
2026.108.04:33:01/gps-maser/+2.952028e-06
2026.108.04:34:01/gps-fmout/+2.842197e-06
2026.108.04:34:01/gps-maser/+2.954124e-06
2026.108.04:35:01/gps-fmout/+2.841765e-06
2026.108.04:35:01/gps-maser/+2.956020e-06
2026.108.04:36:01/gps-fmout/+2.841076e-06
2026.108.04:36:01/gps-maser/+2.955000e-06
2026.108.04:37:01/gps-fmout/+2.841563e-06
2026.108.04:37:01/gps-maser/+2.955000e-06
2026.108.04:38:01/gps-fmout/+2.840718e-06
2026.108.04:38:01/gps-maser/+2.954872e-06
2026.108.04:39:01/gps-fmout/+2.840106e-06
2026.108.04:39:01/gps-maser/+2.953968e-06
2026.108.04:40:01/gps-fmout/+2.839778e-06
2026.108.04:40:01/gps-maser/+2.953239e-06
2026.108.04:41:01/gps-fmout/+2.837636e-06
2026.108.04:41:01/gps-maser/+2.951762e-06
2026.108.04:42:01/gps-fmout/+2.839060e-06
2026.108.04:42:01/gps-maser/+2.952358e-06
2026.108.04:43:01/gps-fmout/+2.839066e-06
2026.108.04:43:01/gps-maser/+2.952177e-06
2026.108.04:44:01/gps-fmout/+2.835476e-06
2026.108.04:44:01/gps-maser/+2.950273e-06
2026.108.04:45:01/gps-fmout/+2.835114e-06
2026.108.04:45:01/gps-maser/+2.951078e-06
2026.108.04:46:01/gps-fmout/+2.835940e-06
2026.108.04:46:01/gps-maser/+2.950985e-06
2026.108.04:47:01/gps-fmout/+2.834399e-06
2026.108.04:47:01/gps-maser/+2.948887e-06
2026.108.04:48:01/gps-fmout/+2.835255e-06
2026.108.04:48:01/gps-maser/+2.951123e-06
2026.108.04:49:01/gps-fmout/+2.835942e-06
2026.108.04:49:01/gps-maser/+2.950890e-06
2026.108.04:50:01/gps-fmout/+2.835451e-06
2026.108.04:50:01/gps-maser/+2.949816e-06
2026.108.04:51:01/gps-fmout/+2.836296e-06
2026.108.04:51:01/gps-maser/+2.950427e-06
2026.108.04:52:01/gps-fmout/+2.836671e-06
2026.108.04:52:01/gps-maser/+2.951648e-06
2026.108.04:53:01/gps-fmout/+2.835475e-06
2026.108.04:53:01/gps-maser/+2.948152e-06
2026.108.04:54:01/gps-fmout/+2.836072e-06
2026.108.04:54:01/gps-maser/+2.948611e-06
2026.108.04:55:01/gps-fmout/+2.835768e-06
2026.108.04:55:01/gps-maser/+2.949901e-06
2026.108.04:56:01/gps-fmout/+2.833998e-06
2026.108.04:56:01/gps-maser/+2.948997e-06
2026.108.04:57:01/gps-fmout/+2.834219e-06
2026.108.04:57:01/gps-maser/+2.948641e-06
2026.108.04:58:01/gps-fmout/+2.833118e-06
2026.108.04:58:01/gps-maser/+2.948061e-06
2026.108.04:59:01/gps-fmout/+2.834200e-06
2026.108.04:59:01/gps-maser/+2.949124e-06
2026.108.05:00:01/gps-fmout/+2.835905e-06
2026.108.05:00:01/gps-maser/+2.951226e-06
2026.108.05:01:01/gps-fmout/+2.837218e-06
2026.108.05:01:01/gps-maser/+2.953063e-06
2026.108.05:02:01/gps-fmout/+2.837662e-06
2026.108.05:02:01/gps-maser/+2.952337e-06
2026.108.05:03:01/gps-fmout/+2.839056e-06
2026.108.05:03:01/gps-maser/+2.954939e-06
2026.108.05:04:01/gps-fmout/+2.838369e-06
2026.108.05:04:01/gps-maser/+2.954377e-06
2026.108.05:05:01/gps-fmout/+2.838889e-06
2026.108.05:05:01/gps-maser/+2.952637e-06
2026.108.05:06:01/gps-fmout/+2.837926e-06
2026.108.05:06:01/gps-maser/+2.951462e-06
2026.108.05:07:01/gps-fmout/+2.836294e-06
2026.108.05:07:01/gps-maser/+2.950630e-06
2026.108.05:08:01/gps-fmout/+2.836473e-06
2026.108.05:08:01/gps-maser/+2.949916e-06
2026.108.05:09:01/gps-fmout/+2.839208e-06
2026.108.05:09:01/gps-maser/+2.951114e-06
2026.108.05:10:01/gps-fmout/+2.839841e-06
2026.108.05:10:01/gps-maser/+2.952823e-06
2026.108.05:11:01/gps-fmout/+2.838718e-06
2026.108.05:11:01/gps-maser/+2.953865e-06
2026.108.05:12:01/gps-fmout/+2.838243e-06
2026.108.05:12:01/gps-maser/+2.952193e-06
2026.108.05:13:01/gps-fmout/+2.840010e-06
2026.108.05:13:01/gps-maser/+2.953874e-06
2026.108.05:14:01/gps-fmout/+2.840294e-06
2026.108.05:14:01/gps-maser/+2.954699e-06
2026.108.05:15:01/gps-fmout/+2.840989e-06
2026.108.05:15:01/gps-maser/+2.952177e-06
2026.108.05:16:01/gps-fmout/+2.840003e-06
2026.108.05:16:01/gps-maser/+2.952520e-06
2026.108.05:17:01/gps-fmout/+2.840445e-06
2026.108.05:17:01/gps-maser/+2.952290e-06
2026.108.05:18:01/gps-fmout/+2.838389e-06
2026.108.05:18:01/gps-maser/+2.952696e-06
2026.108.05:19:01/gps-fmout/+2.836007e-06
2026.108.05:19:01/gps-maser/+2.949966e-06
2026.108.05:20:01/gps-fmout/+2.838654e-06
2026.108.05:20:01/gps-maser/+2.951050e-06
2026.108.05:21:01/gps-fmout/+2.838792e-06
2026.108.05:21:01/gps-maser/+2.952684e-06
2026.108.05:22:01/gps-fmout/+2.837976e-06
2026.108.05:22:01/gps-maser/+2.950090e-06
2026.108.05:23:01/gps-fmout/+2.837229e-06
2026.108.05:23:01/gps-maser/+2.951285e-06
2026.108.05:24:01/gps-fmout/+2.836137e-06
2026.108.05:24:01/gps-maser/+2.950468e-06
2026.108.05:25:01/gps-fmout/+2.836345e-06
2026.108.05:25:01/gps-maser/+2.948777e-06
2026.108.05:26:01/gps-fmout/+2.832702e-06
2026.108.05:26:01/gps-maser/+2.946537e-06
2026.108.05:27:01/gps-fmout/+2.831892e-06
2026.108.05:27:01/gps-maser/+2.945072e-06
2026.108.05:28:01/gps-fmout/+2.832170e-06
2026.108.05:28:01/gps-maser/+2.946056e-06
2026.108.05:29:01/gps-fmout/+2.833017e-06
2026.108.05:29:01/gps-maser/+2.945989e-06
2026.108.05:30:01/gps-fmout/+2.833398e-06
2026.108.05:30:01/gps-maser/+2.944846e-06
2026.108.05:31:01/gps-fmout/+2.833914e-06
2026.108.05:31:01/gps-maser/+2.945220e-06
2026.108.05:32:01/gps-fmout/+2.832808e-06
2026.108.05:32:01/gps-maser/+2.946000e-06
2026.108.05:33:01/gps-fmout/+2.831932e-06
2026.108.05:33:01/gps-maser/+2.946000e-06
2026.108.05:34:01/gps-fmout/+2.831970e-06
2026.108.05:34:01/gps-maser/+2.946000e-06
2026.108.05:35:01/gps-fmout/+2.832191e-06
2026.108.05:35:01/gps-maser/+2.946088e-06
2026.108.05:36:01/gps-fmout/+2.833637e-06
2026.108.05:36:01/gps-maser/+2.947904e-06
2026.108.05:37:01/gps-fmout/+2.833813e-06
2026.108.05:37:01/gps-maser/+2.948737e-06
2026.108.05:38:01/gps-fmout/+2.833012e-06
2026.108.05:38:01/gps-maser/+2.945854e-06
2026.108.05:39:01/gps-fmout/+2.834061e-06
2026.108.05:39:01/gps-maser/+2.948000e-06
2026.108.05:40:01/gps-fmout/+2.835508e-06
2026.108.05:40:01/gps-maser/+2.950359e-06
2026.108.05:41:01/gps-fmout/+2.834373e-06
2026.108.05:41:01/gps-maser/+2.949509e-06
2026.108.05:42:01/gps-fmout/+2.835887e-06
2026.108.05:42:01/gps-maser/+2.946997e-06
2026.108.05:43:01/gps-fmout/+2.834987e-06
2026.108.05:43:01/gps-maser/+2.947297e-06
2026.108.05:44:01/gps-fmout/+2.834721e-06
2026.108.05:44:01/gps-maser/+2.946643e-06
2026.108.05:45:01/gps-fmout/+2.834162e-06
2026.108.05:45:01/gps-maser/+2.949803e-06
2026.108.05:46:01/gps-fmout/+2.835659e-06
2026.108.05:46:01/gps-maser/+2.948919e-06
2026.108.05:47:01/gps-fmout/+2.835676e-06
2026.108.05:47:01/gps-maser/+2.949469e-06
2026.108.05:48:01/gps-fmout/+2.833686e-06
2026.108.05:48:01/gps-maser/+2.948000e-06
2026.108.05:49:01/gps-fmout/+2.834749e-06
2026.108.05:49:01/gps-maser/+2.948000e-06
2026.108.05:50:01/gps-fmout/+2.836483e-06
2026.108.05:50:01/gps-maser/+2.947800e-06
2026.108.05:51:01/gps-fmout/+2.835088e-06
2026.108.05:51:01/gps-maser/+2.947022e-06
2026.108.05:52:01/gps-fmout/+2.835921e-06
2026.108.05:52:01/gps-maser/+2.947995e-06
2026.108.05:53:01/gps-fmout/+2.833783e-06
2026.108.05:53:01/gps-maser/+2.947313e-06
2026.108.05:54:01/gps-fmout/+2.834393e-06
2026.108.05:54:01/gps-maser/+2.948075e-06
2026.108.05:55:01/gps-fmout/+2.835593e-06
2026.108.05:55:01/gps-maser/+2.947910e-06
2026.108.05:56:01/gps-fmout/+2.832439e-06
2026.108.05:56:01/gps-maser/+2.947426e-06
2026.108.05:57:01/gps-fmout/+2.833000e-06
2026.108.05:57:01/gps-maser/+2.948284e-06
2026.108.05:58:01/gps-fmout/+2.833159e-06
2026.108.05:58:01/gps-maser/+2.948583e-06
2026.108.05:59:01/gps-fmout/+2.835009e-06
2026.108.05:59:01/gps-maser/+2.947372e-06
2026.108.06:00:01/gps-fmout/+2.834986e-06
2026.108.06:00:01/gps-maser/+2.948663e-06
2026.108.06:01:01/gps-fmout/+2.837151e-06
2026.108.06:01:01/gps-maser/+2.948457e-06
2026.108.06:02:01/gps-fmout/+2.836880e-06
2026.108.06:02:01/gps-maser/+2.951030e-06
2026.108.06:03:01/gps-fmout/+2.836811e-06
2026.108.06:03:01/gps-maser/+2.950623e-06
2026.108.06:04:01/gps-fmout/+2.837505e-06
2026.108.06:04:01/gps-maser/+2.950309e-06
2026.108.06:05:01/gps-fmout/+2.836000e-06
2026.108.06:05:01/gps-maser/+2.951583e-06
2026.108.06:06:01/gps-fmout/+2.835516e-06
2026.108.06:06:01/gps-maser/+2.948413e-06
2026.108.06:07:01/gps-fmout/+2.834677e-06
2026.108.06:07:01/gps-maser/+2.947983e-06
2026.108.06:08:01/gps-fmout/+2.833897e-06
2026.108.06:08:01/gps-maser/+2.947596e-06
2026.108.06:09:01/gps-fmout/+2.833978e-06
2026.108.06:09:01/gps-maser/+2.945571e-06
2026.108.06:10:01/gps-fmout/+2.833295e-06
2026.108.06:10:01/gps-maser/+2.946987e-06
2026.108.06:11:01/gps-fmout/+2.834078e-06
2026.108.06:11:01/gps-maser/+2.949300e-06
2026.108.06:12:01/gps-fmout/+2.833918e-06
2026.108.06:12:01/gps-maser/+2.948844e-06
2026.108.06:13:01/gps-fmout/+2.832019e-06
2026.108.06:13:01/gps-maser/+2.946592e-06
2026.108.06:14:01/gps-fmout/+2.831032e-06
2026.108.06:14:01/gps-maser/+2.945746e-06
2026.108.06:15:01/gps-fmout/+2.831993e-06
2026.108.06:15:01/gps-maser/+2.944928e-06
2026.108.06:16:01/gps-fmout/+2.832474e-06
2026.108.06:16:01/gps-maser/+2.946193e-06
2026.108.06:17:01/gps-fmout/+2.833309e-06
2026.108.06:17:01/gps-maser/+2.947690e-06
2026.108.06:18:01/gps-fmout/+2.833967e-06
2026.108.06:18:01/gps-maser/+2.946209e-06
2026.108.06:19:01/gps-fmout/+2.832016e-06
2026.108.06:19:01/gps-maser/+2.946965e-06
2026.108.06:20:01/gps-fmout/+2.835695e-06
2026.108.06:20:01/gps-maser/+2.947680e-06
2026.108.06:21:01/gps-fmout/+2.834931e-06
2026.108.06:21:01/gps-maser/+2.949000e-06
2026.108.06:22:01/gps-fmout/+2.835145e-06
2026.108.06:22:01/gps-maser/+2.949000e-06
2026.108.06:23:01/gps-fmout/+2.837172e-06
2026.108.06:23:01/gps-maser/+2.950216e-06
2026.108.06:24:01/gps-fmout/+2.836767e-06
2026.108.06:24:01/gps-maser/+2.951529e-06
2026.108.06:25:01/gps-fmout/+2.836097e-06
2026.108.06:25:01/gps-maser/+2.949829e-06
2026.108.06:26:01/gps-fmout/+2.835609e-06
2026.108.06:26:01/gps-maser/+2.948317e-06
2026.108.06:27:01/gps-fmout/+2.834504e-06
2026.108.06:27:01/gps-maser/+2.948000e-06
2026.108.06:28:01/gps-fmout/+2.836076e-06
2026.108.06:28:01/gps-maser/+2.948000e-06
2026.108.06:29:01/gps-fmout/+2.834837e-06
2026.108.06:29:01/gps-maser/+2.947043e-06
2026.108.06:30:01/gps-fmout/+2.834000e-06
2026.108.06:30:01/gps-maser/+2.946480e-06
2026.108.06:31:01/gps-fmout/+2.834000e-06
2026.108.06:31:01/gps-maser/+2.948104e-06
2026.108.06:32:01/gps-fmout/+2.834118e-06
2026.108.06:32:01/gps-maser/+2.947954e-06
2026.108.06:33:01/gps-fmout/+2.835241e-06
2026.108.06:33:01/gps-maser/+2.947304e-06
2026.108.06:34:01/gps-fmout/+2.833701e-06
2026.108.06:34:01/gps-maser/+2.947365e-06
2026.108.06:35:01/gps-fmout/+2.832533e-06
2026.108.06:35:01/gps-maser/+2.945000e-06
2026.108.06:36:01/gps-fmout/+2.830626e-06
2026.108.06:36:01/gps-maser/+2.945000e-06
2026.108.06:37:01/gps-fmout/+2.831692e-06
2026.108.06:37:01/gps-maser/+2.945000e-06
2026.108.06:38:01/gps-fmout/+2.833000e-06
2026.108.06:38:01/gps-maser/+2.945321e-06
2026.108.06:39:01/gps-fmout/+2.833000e-06
2026.108.06:39:01/gps-maser/+2.946444e-06
2026.108.06:40:01/gps-fmout/+2.833586e-06
2026.108.06:40:01/gps-maser/+2.947468e-06
2026.108.06:41:01/gps-fmout/+2.835426e-06
2026.108.06:41:01/gps-maser/+2.951652e-06
2026.108.06:42:01/gps-fmout/+2.837206e-06
2026.108.06:42:01/gps-maser/+2.952912e-06
2026.108.06:43:01/gps-fmout/+2.838085e-06
2026.108.06:43:01/gps-maser/+2.949923e-06
2026.108.06:44:01/gps-fmout/+2.835851e-06
2026.108.06:44:01/gps-maser/+2.949136e-06
2026.108.06:45:01/gps-fmout/+2.836191e-06
2026.108.06:45:01/gps-maser/+2.950009e-06
2026.108.06:46:01/gps-fmout/+2.836631e-06
2026.108.06:46:01/gps-maser/+2.950387e-06
2026.108.06:47:01/gps-fmout/+2.836224e-06
2026.108.06:47:01/gps-maser/+2.951121e-06
2026.108.06:48:01/gps-fmout/+2.836793e-06
2026.108.06:48:01/gps-maser/+2.950850e-06
2026.108.06:49:01/gps-fmout/+2.836477e-06
2026.108.06:49:01/gps-maser/+2.950413e-06
2026.108.06:50:01/gps-fmout/+2.836737e-06
2026.108.06:50:01/gps-maser/+2.950805e-06
2026.108.06:51:01/gps-fmout/+2.836001e-06
2026.108.06:51:01/gps-maser/+2.949715e-06
2026.108.06:52:01/gps-fmout/+2.837071e-06
2026.108.06:52:01/gps-maser/+2.949439e-06
2026.108.06:53:01/gps-fmout/+2.839766e-06
2026.108.06:53:01/gps-maser/+2.950000e-06
2026.108.06:54:01/gps-fmout/+2.839732e-06
2026.108.06:54:01/gps-maser/+2.950000e-06
2026.108.06:55:01/gps-fmout/+2.837706e-06
2026.108.06:55:01/gps-maser/+2.950036e-06
2026.108.06:56:01/gps-fmout/+2.836609e-06
2026.108.06:56:01/gps-maser/+2.950784e-06
2026.108.06:57:01/gps-fmout/+2.837923e-06
2026.108.06:57:01/gps-maser/+2.949416e-06
2026.108.06:58:01/gps-fmout/+2.836421e-06
2026.108.06:58:01/gps-maser/+2.948000e-06
2026.108.06:59:01/gps-fmout/+2.835489e-06
2026.108.06:59:01/gps-maser/+2.948000e-06
2026.108.07:00:01/gps-fmout/+2.836342e-06
2026.108.07:00:01/gps-maser/+2.948126e-06
2026.108.07:01:01/gps-fmout/+2.837311e-06
2026.108.07:01:01/gps-maser/+2.949580e-06
2026.108.07:02:01/gps-fmout/+2.839003e-06
2026.108.07:02:01/gps-maser/+2.951292e-06
2026.108.07:03:01/gps-fmout/+2.838000e-06
2026.108.07:03:01/gps-maser/+2.950318e-06
2026.108.07:04:01/gps-fmout/+2.838000e-06
2026.108.07:04:01/gps-maser/+2.949412e-06
2026.108.07:05:01/gps-fmout/+2.838070e-06
2026.108.07:05:01/gps-maser/+2.952943e-06
2026.108.07:06:01/gps-fmout/+2.838262e-06
2026.108.07:06:01/gps-maser/+2.951919e-06
2026.108.07:07:01/gps-fmout/+2.837462e-06
2026.108.07:07:01/gps-maser/+2.952221e-06
2026.108.07:08:01/gps-fmout/+2.838753e-06
2026.108.07:08:01/gps-maser/+2.952895e-06
2026.108.07:09:01/gps-fmout/+2.838000e-06
2026.108.07:09:01/gps-maser/+2.952410e-06
2026.108.07:10:01/gps-fmout/+2.838000e-06
2026.108.07:10:01/gps-maser/+2.952917e-06
2026.108.07:11:01/gps-fmout/+2.837768e-06
2026.108.07:11:01/gps-maser/+2.951448e-06
2026.108.07:12:01/gps-fmout/+2.834969e-06
2026.108.07:12:01/gps-maser/+2.949282e-06
2026.108.07:13:01/gps-fmout/+2.835682e-06
2026.108.07:13:01/gps-maser/+2.949000e-06
2026.108.07:14:01/gps-fmout/+2.836812e-06
2026.108.07:14:01/gps-maser/+2.949000e-06
2026.108.07:15:01/gps-fmout/+2.835222e-06
2026.108.07:15:01/gps-maser/+2.949000e-06
2026.108.07:16:01/gps-fmout/+2.837561e-06
2026.108.07:16:01/gps-maser/+2.949000e-06
2026.108.07:17:01/gps-fmout/+2.838075e-06
2026.108.07:17:01/gps-maser/+2.949079e-06
2026.108.07:18:01/gps-fmout/+2.837815e-06
2026.108.07:18:01/gps-maser/+2.950468e-06
2026.108.07:19:01/gps-fmout/+2.838714e-06
2026.108.07:19:01/gps-maser/+2.953775e-06
2026.108.07:20:01/gps-fmout/+2.841014e-06
2026.108.07:20:01/gps-maser/+2.953789e-06
2026.108.07:21:01/gps-fmout/+2.841313e-06
2026.108.07:21:01/gps-maser/+2.955652e-06
2026.108.07:22:01/gps-fmout/+2.843020e-06
2026.108.07:22:01/gps-maser/+2.954000e-06
2026.108.07:23:01/gps-fmout/+2.843115e-06
2026.108.07:23:01/gps-maser/+2.954000e-06
2026.108.07:24:01/gps-fmout/+2.840145e-06
2026.108.07:24:01/gps-maser/+2.954285e-06
2026.108.07:25:01/gps-fmout/+2.842162e-06
2026.108.07:25:01/gps-maser/+2.958010e-06
2026.108.07:26:01/gps-fmout/+2.845371e-06
2026.108.07:26:01/gps-maser/+2.958320e-06
2026.108.07:27:01/gps-fmout/+2.847229e-06
2026.108.07:27:01/gps-maser/+2.959345e-06
2026.108.07:28:01/gps-fmout/+2.847137e-06
2026.108.07:28:01/gps-maser/+2.961010e-06
2026.108.07:29:01/gps-fmout/+2.847638e-06
2026.108.07:29:01/gps-maser/+2.960747e-06
2026.108.07:30:01/gps-fmout/+2.846885e-06
2026.108.07:30:01/gps-maser/+2.962363e-06
2026.108.07:31:01/gps-fmout/+2.847241e-06
2026.108.07:31:01/gps-maser/+2.962755e-06
2026.108.07:32:01/gps-fmout/+2.848486e-06
2026.108.07:32:01/gps-maser/+2.962276e-06
2026.108.07:33:01/gps-fmout/+2.849323e-06
2026.108.07:33:01/gps-maser/+2.964374e-06
2026.108.07:34:01/gps-fmout/+2.850106e-06
2026.108.07:34:01/gps-maser/+2.965020e-06
2026.108.07:35:01/gps-fmout/+2.850011e-06
2026.108.07:35:01/gps-maser/+2.965580e-06
2026.108.07:36:01/gps-fmout/+2.850790e-06
2026.108.07:36:01/gps-maser/+2.965033e-06
2026.108.07:37:01/gps-fmout/+2.847497e-06
2026.108.07:37:01/gps-maser/+2.961537e-06
2026.108.07:38:01/gps-fmout/+2.845956e-06
2026.108.07:38:01/gps-maser/+2.959976e-06
2026.108.07:39:01/gps-fmout/+2.844891e-06
2026.108.07:39:01/gps-maser/+2.959445e-06
2026.108.07:40:01/gps-fmout/+2.842532e-06
2026.108.07:40:01/gps-maser/+2.957174e-06
2026.108.07:41:01/gps-fmout/+2.842128e-06
2026.108.07:41:01/gps-maser/+2.953924e-06
2026.108.07:42:01/gps-fmout/+2.843113e-06
2026.108.07:42:01/gps-maser/+2.954374e-06
2026.108.07:43:01/gps-fmout/+2.842697e-06
2026.108.07:43:01/gps-maser/+2.955473e-06
2026.108.07:44:01/gps-fmout/+2.842169e-06
2026.108.07:44:01/gps-maser/+2.956934e-06
2026.108.07:45:01/gps-fmout/+2.844541e-06
2026.108.07:45:01/gps-maser/+2.956309e-06
2026.108.07:46:01/gps-fmout/+2.845418e-06
2026.108.07:46:01/gps-maser/+2.957704e-06
2026.108.07:47:01/gps-fmout/+2.843149e-06
2026.108.07:47:01/gps-maser/+2.959000e-06
2026.108.07:48:01/gps-fmout/+2.844009e-06
2026.108.07:48:01/gps-maser/+2.959000e-06
2026.108.07:49:01/gps-fmout/+2.843659e-06
2026.108.07:49:01/gps-maser/+2.958543e-06
2026.108.07:50:01/gps-fmout/+2.842854e-06
2026.108.07:50:01/gps-maser/+2.956655e-06
2026.108.07:51:01/gps-fmout/+2.843193e-06
2026.108.07:51:01/gps-maser/+2.956092e-06
2026.108.07:52:01/gps-fmout/+2.845025e-06
2026.108.07:52:01/gps-maser/+2.958778e-06
2026.108.07:53:01/gps-fmout/+2.845233e-06
2026.108.07:53:01/gps-maser/+2.958881e-06
2026.108.07:54:01/gps-fmout/+2.846219e-06
2026.108.07:54:01/gps-maser/+2.961754e-06
2026.108.07:55:01/gps-fmout/+2.847376e-06
2026.108.07:55:01/gps-maser/+2.959563e-06
2026.108.07:56:01/gps-fmout/+2.845976e-06
2026.108.07:56:01/gps-maser/+2.958718e-06
2026.108.07:57:01/gps-fmout/+2.842857e-06
2026.108.07:57:01/gps-maser/+2.957778e-06
2026.108.07:58:01/gps-fmout/+2.844118e-06
2026.108.07:58:01/gps-maser/+2.957385e-06
2026.108.07:59:01/gps-fmout/+2.845065e-06
2026.108.07:59:01/gps-maser/+2.957999e-06
2026.108.08:00:01/gps-fmout/+2.845171e-06
2026.108.08:00:01/gps-maser/+2.958152e-06
2026.108.08:01:01/gps-fmout/+2.845945e-06
2026.108.08:01:01/gps-maser/+2.959000e-06
2026.108.08:02:01/gps-fmout/+2.845000e-06
2026.108.08:02:01/gps-maser/+2.959000e-06
2026.108.08:03:01/gps-fmout/+2.845052e-06
2026.108.08:03:01/gps-maser/+2.958735e-06
2026.108.08:04:01/gps-fmout/+2.844840e-06
2026.108.08:04:01/gps-maser/+2.957239e-06
2026.108.08:05:01/gps-fmout/+2.843065e-06
2026.108.08:05:01/gps-maser/+2.958690e-06
2026.108.08:06:01/gps-fmout/+2.842141e-06
2026.108.08:06:01/gps-maser/+2.956069e-06
2026.108.08:07:01/gps-fmout/+2.843902e-06
2026.108.08:07:01/gps-maser/+2.953895e-06
2026.108.08:08:01/gps-fmout/+2.842010e-06
2026.108.08:08:01/gps-maser/+2.954000e-06
2026.108.08:09:01/gps-fmout/+2.843408e-06
2026.108.08:09:01/gps-maser/+2.954740e-06
2026.108.08:10:01/gps-fmout/+2.842302e-06
2026.108.08:10:01/gps-maser/+2.956924e-06
2026.108.08:11:01/gps-fmout/+2.844033e-06
2026.108.08:11:01/gps-maser/+2.956000e-06
2026.108.08:12:01/gps-fmout/+2.842909e-06
2026.108.08:12:01/gps-maser/+2.956000e-06
2026.108.08:13:01/gps-fmout/+2.841389e-06
2026.108.08:13:01/gps-maser/+2.956000e-06
2026.108.08:14:01/gps-fmout/+2.843876e-06
2026.108.08:14:01/gps-maser/+2.956064e-06
2026.108.08:15:01/gps-fmout/+2.843440e-06
2026.108.08:15:01/gps-maser/+2.956577e-06
2026.108.08:16:01/gps-fmout/+2.843416e-06
2026.108.08:16:01/gps-maser/+2.955732e-06
2026.108.08:17:01/gps-fmout/+2.842282e-06
2026.108.08:17:01/gps-maser/+2.954893e-06
2026.108.08:18:01/gps-fmout/+2.843972e-06
2026.108.08:18:01/gps-maser/+2.955901e-06
2026.108.08:19:01/gps-fmout/+2.845645e-06
2026.108.08:19:01/gps-maser/+2.957592e-06
2026.108.08:20:01/gps-fmout/+2.847256e-06
2026.108.08:20:01/gps-maser/+2.959119e-06
2026.108.08:21:01/gps-fmout/+2.846982e-06
2026.108.08:21:01/gps-maser/+2.959479e-06
2026.108.08:22:01/gps-fmout/+2.845528e-06
2026.108.08:22:01/gps-maser/+2.960324e-06
2026.108.08:23:01/gps-fmout/+2.846669e-06
2026.108.08:23:01/gps-maser/+2.961013e-06
2026.108.08:24:01/gps-fmout/+2.845000e-06
2026.108.08:24:01/gps-maser/+2.958972e-06
2026.108.08:25:01/gps-fmout/+2.845000e-06
2026.108.08:25:01/gps-maser/+2.957734e-06
2026.108.08:26:01/gps-fmout/+2.845123e-06
2026.108.08:26:01/gps-maser/+2.957824e-06
2026.108.08:27:01/gps-fmout/+2.846025e-06
2026.108.08:27:01/gps-maser/+2.957087e-06
2026.108.08:28:01/gps-fmout/+2.846309e-06
2026.108.08:28:01/gps-maser/+2.959968e-06
2026.108.08:29:01/gps-fmout/+2.847881e-06
2026.108.08:29:01/gps-maser/+2.961148e-06
2026.108.08:30:01/gps-fmout/+2.849752e-06
2026.108.08:30:01/gps-maser/+2.961269e-06
2026.108.08:31:01/gps-fmout/+2.848058e-06
2026.108.08:31:01/gps-maser/+2.961410e-06
2026.108.08:32:01/gps-fmout/+2.845922e-06
2026.108.08:32:01/gps-maser/+2.958436e-06
2026.108.08:33:01/gps-fmout/+2.842718e-06
2026.108.08:33:01/gps-maser/+2.956743e-06
2026.108.08:34:01/gps-fmout/+2.841997e-06
2026.108.08:34:01/gps-maser/+2.956285e-06
2026.108.08:35:01/gps-fmout/+2.841716e-06
2026.108.08:35:01/gps-maser/+2.956432e-06
2026.108.08:36:01/gps-fmout/+2.841156e-06
2026.108.08:36:01/gps-maser/+2.955049e-06
2026.108.08:37:01/gps-fmout/+2.842876e-06
2026.108.08:37:01/gps-maser/+2.955970e-06
2026.108.08:38:01/gps-fmout/+2.840381e-06
2026.108.08:38:01/gps-maser/+2.955000e-06
2026.108.08:39:01/gps-fmout/+2.840749e-06
2026.108.08:39:01/gps-maser/+2.955000e-06
2026.108.08:40:01/gps-fmout/+2.839975e-06
2026.108.08:40:01/gps-maser/+2.955064e-06
2026.108.08:41:01/gps-fmout/+2.840460e-06
2026.108.08:41:01/gps-maser/+2.955577e-06
2026.108.08:42:01/gps-fmout/+2.840609e-06
2026.108.08:42:01/gps-maser/+2.954732e-06
2026.108.08:43:01/gps-fmout/+2.838945e-06
2026.108.08:43:01/gps-maser/+2.953713e-06
2026.108.08:44:01/gps-fmout/+2.839574e-06
2026.108.08:44:01/gps-maser/+2.952721e-06
2026.108.08:45:01/gps-fmout/+2.839962e-06
2026.108.08:45:01/gps-maser/+2.953082e-06
2026.108.08:46:01/gps-fmout/+2.840061e-06
2026.108.08:46:01/gps-maser/+2.951300e-06
2026.108.08:47:01/gps-fmout/+2.840000e-06
2026.108.08:47:01/gps-maser/+2.953248e-06
2026.108.08:48:01/gps-fmout/+2.839909e-06
2026.108.08:48:01/gps-maser/+2.954000e-06
2026.108.08:49:01/gps-fmout/+2.840342e-06
2026.108.08:49:01/gps-maser/+2.954000e-06
2026.108.08:50:01/gps-fmout/+2.842171e-06
2026.108.08:50:01/gps-maser/+2.954025e-06
2026.108.08:51:01/gps-fmout/+2.842841e-06
2026.108.08:51:01/gps-maser/+2.955822e-06
2026.108.08:52:01/gps-fmout/+2.842485e-06
2026.108.08:52:01/gps-maser/+2.956901e-06
2026.108.08:53:01/gps-fmout/+2.843795e-06
2026.108.08:53:01/gps-maser/+2.955152e-06
2026.108.08:54:01/gps-fmout/+2.842518e-06
2026.108.08:54:01/gps-maser/+2.956609e-06
2026.108.08:55:01/gps-fmout/+2.841428e-06
2026.108.08:55:01/gps-maser/+2.956481e-06
2026.108.08:56:01/gps-fmout/+2.840392e-06
2026.108.08:56:01/gps-maser/+2.953908e-06
2026.108.08:57:01/gps-fmout/+2.842018e-06
2026.108.08:57:01/gps-maser/+2.955147e-06
2026.108.08:58:01/gps-fmout/+2.842329e-06
2026.108.08:58:01/gps-maser/+2.955461e-06
2026.108.08:59:01/gps-fmout/+2.842481e-06
2026.108.08:59:01/gps-maser/+2.953806e-06
2026.108.09:00:01/gps-fmout/+2.838071e-06
2026.108.09:00:01/gps-maser/+2.952956e-06
2026.108.09:01:01/gps-fmout/+2.839593e-06
2026.108.09:01:01/gps-maser/+2.951453e-06
2026.108.09:02:01/gps-fmout/+2.839008e-06
2026.108.09:02:01/gps-maser/+2.951246e-06
2026.108.09:03:01/gps-fmout/+2.838859e-06
2026.108.09:03:01/gps-maser/+2.952906e-06
2026.108.09:04:01/gps-fmout/+2.837343e-06
2026.108.09:04:01/gps-maser/+2.951400e-06
2026.108.09:05:01/gps-fmout/+2.837574e-06
2026.108.09:05:01/gps-maser/+2.951501e-06
2026.108.09:06:01/gps-fmout/+2.840105e-06
2026.108.09:06:01/gps-maser/+2.954056e-06
2026.108.09:07:01/gps-fmout/+2.839010e-06
2026.108.09:07:01/gps-maser/+2.953546e-06
2026.108.09:08:01/gps-fmout/+2.837805e-06
2026.108.09:08:01/gps-maser/+2.952884e-06
2026.108.09:09:01/gps-fmout/+2.838282e-06
2026.108.09:09:01/gps-maser/+2.953210e-06
2026.108.09:10:01/gps-fmout/+2.839943e-06
2026.108.09:10:01/gps-maser/+2.952066e-06
2026.108.09:11:01/gps-fmout/+2.838137e-06
2026.108.09:11:01/gps-maser/+2.950276e-06
2026.108.09:12:01/gps-fmout/+2.836982e-06
2026.108.09:12:01/gps-maser/+2.950852e-06
2026.108.09:13:01/gps-fmout/+2.838047e-06
2026.108.09:13:01/gps-maser/+2.950042e-06
2026.108.09:14:01/gps-fmout/+2.836851e-06
2026.108.09:14:01/gps-maser/+2.950247e-06
2026.108.09:15:01/gps-fmout/+2.834232e-06
2026.108.09:15:01/gps-maser/+2.948691e-06
2026.108.09:16:01/gps-fmout/+2.833121e-06
2026.108.09:16:01/gps-maser/+2.947945e-06
2026.108.09:17:01/gps-fmout/+2.835621e-06
2026.108.09:17:01/gps-maser/+2.948457e-06
2026.108.09:18:01/gps-fmout/+2.837416e-06
2026.108.09:18:01/gps-maser/+2.949314e-06
2026.108.09:19:01/gps-fmout/+2.838198e-06
2026.108.09:19:01/gps-maser/+2.950379e-06
2026.108.09:20:01/gps-fmout/+2.839071e-06
2026.108.09:20:01/gps-maser/+2.954019e-06
2026.108.09:21:01/gps-fmout/+2.840818e-06
2026.108.09:21:01/gps-maser/+2.953439e-06
2026.108.09:22:01/gps-fmout/+2.840672e-06
2026.108.09:22:01/gps-maser/+2.956000e-06
2026.108.09:23:01/gps-fmout/+2.842870e-06
2026.108.09:23:01/gps-maser/+2.956000e-06
2026.108.09:24:01/gps-fmout/+2.840531e-06
2026.108.09:24:01/gps-maser/+2.955231e-06
2026.108.09:25:01/gps-fmout/+2.839186e-06
2026.108.09:25:01/gps-maser/+2.954000e-06
2026.108.09:26:01/gps-fmout/+2.841070e-06
2026.108.09:26:01/gps-maser/+2.954000e-06
2026.108.09:27:01/gps-fmout/+2.839977e-06
2026.108.09:27:01/gps-maser/+2.954000e-06
2026.108.09:28:01/gps-fmout/+2.838852e-06
2026.108.09:28:01/gps-maser/+2.954000e-06
2026.108.09:29:01/gps-fmout/+2.839170e-06
2026.108.09:29:01/gps-maser/+2.954076e-06
2026.108.09:30:01/gps-fmout/+2.840017e-06
2026.108.09:30:01/gps-maser/+2.954998e-06
2026.108.09:31:01/gps-fmout/+2.840251e-06
2026.108.09:31:01/gps-maser/+2.953870e-06
2026.108.09:32:01/gps-fmout/+2.841575e-06
2026.108.09:32:01/gps-maser/+2.954155e-06
2026.108.09:33:01/gps-fmout/+2.844097e-06
2026.108.09:33:01/gps-maser/+2.955090e-06
2026.108.09:34:01/gps-fmout/+2.843166e-06
2026.108.09:34:01/gps-maser/+2.956074e-06
2026.108.09:35:01/gps-fmout/+2.842531e-06
2026.108.09:35:01/gps-maser/+2.956273e-06
2026.108.09:36:01/gps-fmout/+2.844538e-06
2026.108.09:36:01/gps-maser/+2.957000e-06
2026.108.09:37:01/gps-fmout/+2.843484e-06
2026.108.09:37:01/gps-maser/+2.957000e-06
2026.108.09:38:01/gps-fmout/+2.844325e-06
2026.108.09:38:01/gps-maser/+2.956831e-06
2026.108.09:39:01/gps-fmout/+2.844874e-06
2026.108.09:39:01/gps-maser/+2.956007e-06
2026.108.09:40:01/gps-fmout/+2.840961e-06
2026.108.09:40:01/gps-maser/+2.955034e-06
2026.108.09:41:01/gps-fmout/+2.840162e-06
2026.108.09:41:01/gps-maser/+2.953320e-06
2026.108.09:42:01/gps-fmout/+2.840479e-06
2026.108.09:42:01/gps-maser/+2.951733e-06
2026.108.09:43:01/gps-fmout/+2.837111e-06
2026.108.09:43:01/gps-maser/+2.952054e-06
2026.108.09:44:01/gps-fmout/+2.838589e-06
2026.108.09:44:01/gps-maser/+2.953059e-06
2026.108.09:45:01/gps-fmout/+2.838205e-06
2026.108.09:45:01/gps-maser/+2.953189e-06
2026.108.09:46:01/gps-fmout/+2.838842e-06
2026.108.09:46:01/gps-maser/+2.953942e-06
2026.108.09:47:01/gps-fmout/+2.839311e-06
2026.108.09:47:01/gps-maser/+2.953033e-06
2026.108.09:48:01/gps-fmout/+2.841728e-06
2026.108.09:48:01/gps-maser/+2.954997e-06
2026.108.09:49:01/gps-fmout/+2.843087e-06
2026.108.09:49:01/gps-maser/+2.958374e-06
2026.108.09:50:01/gps-fmout/+2.842430e-06
2026.108.09:50:01/gps-maser/+2.957664e-06
2026.108.09:51:01/gps-fmout/+2.842608e-06
2026.108.09:51:01/gps-maser/+2.956758e-06
2026.108.09:52:01/gps-fmout/+2.844000e-06
2026.108.09:52:01/gps-maser/+2.958879e-06
2026.108.09:53:01/gps-fmout/+2.844017e-06
2026.108.09:53:01/gps-maser/+2.957048e-06
2026.108.09:54:01/gps-fmout/+2.842592e-06
2026.108.09:54:01/gps-maser/+2.956898e-06
2026.108.09:55:01/gps-fmout/+2.838930e-06
2026.108.09:55:01/gps-maser/+2.952498e-06
2026.108.09:56:01/gps-fmout/+2.835506e-06
2026.108.09:56:01/gps-maser/+2.950678e-06
2026.108.09:57:01/gps-fmout/+2.833734e-06
2026.108.09:57:01/gps-maser/+2.947401e-06
2026.108.09:58:01/gps-fmout/+2.833967e-06
2026.108.09:58:01/gps-maser/+2.946159e-06
2026.108.09:59:01/gps-fmout/+2.834220e-06
2026.108.09:59:01/gps-maser/+2.947983e-06
2026.108.10:00:01/gps-fmout/+2.835441e-06
2026.108.10:00:01/gps-maser/+2.949408e-06
2026.108.10:01:01/gps-fmout/+2.836990e-06
2026.108.10:01:01/gps-maser/+2.951976e-06
2026.108.10:02:01/gps-fmout/+2.839396e-06
2026.108.10:02:01/gps-maser/+2.954276e-06
2026.108.10:03:01/gps-fmout/+2.841085e-06
2026.108.10:03:01/gps-maser/+2.954046e-06
2026.108.10:04:01/gps-fmout/+2.843136e-06
2026.108.10:04:01/gps-maser/+2.958402e-06
2026.108.10:05:01/gps-fmout/+2.845360e-06
2026.108.10:05:01/gps-maser/+2.960180e-06
2026.108.10:06:01/gps-fmout/+2.846150e-06
2026.108.10:06:01/gps-maser/+2.959934e-06
2026.108.10:07:01/gps-fmout/+2.847073e-06
2026.108.10:07:01/gps-maser/+2.960491e-06
2026.108.10:08:01/gps-fmout/+2.847528e-06
2026.108.10:08:01/gps-maser/+2.963000e-06
2026.108.10:09:01/gps-fmout/+2.849063e-06
2026.108.10:09:01/gps-maser/+2.963000e-06
2026.108.10:10:01/gps-fmout/+2.848376e-06
2026.108.10:10:01/gps-maser/+2.963000e-06
2026.108.10:11:01/gps-fmout/+2.848278e-06
2026.108.10:11:01/gps-maser/+2.963226e-06
2026.108.10:12:01/gps-fmout/+2.849244e-06
2026.108.10:12:01/gps-maser/+2.963528e-06
2026.108.10:13:01/gps-fmout/+2.849968e-06
2026.108.10:13:01/gps-maser/+2.963149e-06
2026.108.10:14:01/gps-fmout/+2.848200e-06
2026.108.10:14:01/gps-maser/+2.963376e-06
2026.108.10:15:01/gps-fmout/+2.846953e-06
2026.108.10:15:01/gps-maser/+2.961365e-06
2026.108.10:16:01/gps-fmout/+2.847618e-06
2026.108.10:16:01/gps-maser/+2.958956e-06
2026.108.10:17:01/gps-fmout/+2.844584e-06
2026.108.10:17:01/gps-maser/+2.958804e-06
2026.108.10:18:01/gps-fmout/+2.843130e-06
2026.108.10:18:01/gps-maser/+2.956671e-06
2026.108.10:19:01/gps-fmout/+2.840664e-06
2026.108.10:19:01/gps-maser/+2.955641e-06
2026.108.10:20:01/gps-fmout/+2.839810e-06
2026.108.10:20:01/gps-maser/+2.954377e-06
2026.108.10:21:01/gps-fmout/+2.840000e-06
2026.108.10:21:01/gps-maser/+2.954702e-06
2026.108.10:22:01/gps-fmout/+2.840093e-06
2026.108.10:22:01/gps-maser/+2.953931e-06
2026.108.10:23:01/gps-fmout/+2.840987e-06
2026.108.10:23:01/gps-maser/+2.954008e-06
2026.108.10:24:01/gps-fmout/+2.840268e-06
2026.108.10:24:01/gps-maser/+2.954475e-06
2026.108.10:25:01/gps-fmout/+2.841448e-06
2026.108.10:25:01/gps-maser/+2.953285e-06
2026.108.10:26:01/gps-fmout/+2.842741e-06
2026.108.10:26:01/gps-maser/+2.954918e-06
2026.108.10:27:01/gps-fmout/+2.840861e-06
2026.108.10:27:01/gps-maser/+2.953651e-06
2026.108.10:28:01/gps-fmout/+2.842309e-06
2026.108.10:28:01/gps-maser/+2.954837e-06
2026.108.10:29:01/gps-fmout/+2.843488e-06
2026.108.10:29:01/gps-maser/+2.958322e-06
2026.108.10:30:01/gps-fmout/+2.844173e-06
2026.108.10:30:01/gps-maser/+2.958318e-06
2026.108.10:31:01/gps-fmout/+2.843044e-06
2026.108.10:31:01/gps-maser/+2.957166e-06
2026.108.10:32:01/gps-fmout/+2.842589e-06
2026.108.10:32:01/gps-maser/+2.957037e-06
2026.108.10:33:01/gps-fmout/+2.839898e-06
2026.108.10:33:01/gps-maser/+2.953317e-06
2026.108.10:34:01/gps-fmout/+2.837994e-06
2026.108.10:34:01/gps-maser/+2.952934e-06
2026.108.10:35:01/gps-fmout/+2.839437e-06
2026.108.10:35:01/gps-maser/+2.953283e-06
2026.108.10:36:01/gps-fmout/+2.840923e-06
2026.108.10:36:01/gps-maser/+2.954964e-06
2026.108.10:37:01/gps-fmout/+2.840199e-06
2026.108.10:37:01/gps-maser/+2.954000e-06
2026.108.10:38:01/gps-fmout/+2.841360e-06
2026.108.10:38:01/gps-maser/+2.954000e-06
2026.108.10:39:01/gps-fmout/+2.839040e-06
2026.108.10:39:01/gps-maser/+2.954000e-06
2026.108.10:40:01/gps-fmout/+2.843205e-06
2026.108.10:40:01/gps-maser/+2.955760e-06
2026.108.10:41:01/gps-fmout/+2.848291e-06
2026.108.10:41:01/gps-maser/+2.959612e-06
2026.108.10:42:01/gps-fmout/+2.848215e-06
2026.108.10:42:01/gps-maser/+2.959785e-06
2026.108.10:43:01/gps-fmout/+2.846519e-06
2026.108.10:43:01/gps-maser/+2.958856e-06
2026.108.10:44:01/gps-fmout/+2.846684e-06
2026.108.10:44:01/gps-maser/+2.959200e-06
2026.108.10:45:01/gps-fmout/+2.845961e-06
2026.108.10:45:01/gps-maser/+2.960301e-06
2026.108.10:46:01/gps-fmout/+2.847091e-06
2026.108.10:46:01/gps-maser/+2.961995e-06
2026.108.10:47:01/gps-fmout/+2.850911e-06
2026.108.10:47:01/gps-maser/+2.964090e-06
2026.108.10:48:01/gps-fmout/+2.852374e-06
2026.108.10:48:01/gps-maser/+2.966024e-06
2026.108.10:49:01/gps-fmout/+2.852858e-06
2026.108.10:49:01/gps-maser/+2.964994e-06
2026.108.10:50:01/gps-fmout/+2.850205e-06
2026.108.10:50:01/gps-maser/+2.964564e-06
2026.108.10:51:01/gps-fmout/+2.850924e-06
2026.108.10:51:01/gps-maser/+2.964000e-06
2026.108.10:52:01/gps-fmout/+2.853615e-06
2026.108.10:52:01/gps-maser/+2.964000e-06
2026.108.10:53:01/gps-fmout/+2.850900e-06
2026.108.10:53:01/gps-maser/+2.964000e-06
2026.108.10:54:01/gps-fmout/+2.850168e-06
2026.108.10:54:01/gps-maser/+2.963472e-06
2026.108.10:55:01/gps-fmout/+2.850249e-06
2026.108.10:55:01/gps-maser/+2.961282e-06
2026.108.10:56:01/gps-fmout/+2.846685e-06
2026.108.10:56:01/gps-maser/+2.961677e-06
2026.108.10:57:01/gps-fmout/+2.845922e-06
2026.108.10:57:01/gps-maser/+2.959457e-06
2026.108.10:58:01/gps-fmout/+2.846072e-06
2026.108.10:58:01/gps-maser/+2.959437e-06
2026.108.10:59:01/gps-fmout/+2.847073e-06
2026.108.10:59:01/gps-maser/+2.960937e-06
2026.108.11:00:01/gps-fmout/+2.850389e-06
2026.108.11:00:01/gps-maser/+2.962280e-06
2026.108.11:01:01/gps-fmout/+2.851239e-06
2026.108.11:01:01/gps-maser/+2.965386e-06
2026.108.11:02:01/gps-fmout/+2.852191e-06
2026.108.11:02:01/gps-maser/+2.966201e-06
2026.108.11:03:01/gps-fmout/+2.854875e-06
2026.108.11:03:01/gps-maser/+2.968413e-06
2026.108.11:04:01/gps-fmout/+2.856572e-06
2026.108.11:04:01/gps-maser/+2.967914e-06
2026.108.11:05:01/gps-fmout/+2.857943e-06
2026.108.11:05:01/gps-maser/+2.971028e-06
2026.108.11:06:01/gps-fmout/+2.857000e-06
2026.108.11:06:01/gps-maser/+2.971728e-06
2026.108.11:07:01/gps-fmout/+2.857077e-06
2026.108.11:07:01/gps-maser/+2.971391e-06
2026.108.11:08:01/gps-fmout/+2.856824e-06
2026.108.11:08:01/gps-maser/+2.969691e-06
2026.108.11:09:01/gps-fmout/+2.855959e-06
2026.108.11:09:01/gps-maser/+2.969235e-06
2026.108.11:10:01/gps-fmout/+2.854893e-06
2026.108.11:10:01/gps-maser/+2.970050e-06
2026.108.11:11:01/gps-fmout/+2.854817e-06
2026.108.11:11:01/gps-maser/+2.969920e-06
2026.108.11:12:01/gps-fmout/+2.854067e-06
2026.108.11:12:01/gps-maser/+2.968820e-06
2026.108.11:13:01/gps-fmout/+2.854204e-06
2026.108.11:13:01/gps-maser/+2.966319e-06
2026.108.11:14:01/gps-fmout/+2.852571e-06
2026.108.11:14:01/gps-maser/+2.967050e-06
2026.108.11:15:01/gps-fmout/+2.852164e-06
2026.108.11:15:01/gps-maser/+2.966866e-06
2026.108.11:16:01/gps-fmout/+2.853568e-06
2026.108.11:16:01/gps-maser/+2.966749e-06
2026.108.11:17:01/gps-fmout/+2.853850e-06
2026.108.11:17:01/gps-maser/+2.968430e-06
2026.108.11:18:01/gps-fmout/+2.853478e-06
2026.108.11:18:01/gps-maser/+2.968841e-06
2026.108.11:19:01/gps-fmout/+2.853960e-06
2026.108.11:19:01/gps-maser/+2.967426e-06
2026.108.11:20:01/gps-fmout/+2.853307e-06
2026.108.11:20:01/gps-maser/+2.967032e-06
2026.108.11:21:01/gps-fmout/+2.854049e-06
2026.108.11:21:01/gps-maser/+2.968551e-06
2026.108.11:22:01/gps-fmout/+2.854037e-06
2026.108.11:22:01/gps-maser/+2.969571e-06
2026.108.11:23:01/gps-fmout/+2.856102e-06
2026.108.11:23:01/gps-maser/+2.969308e-06
2026.108.11:24:01/gps-fmout/+2.856399e-06
2026.108.11:24:01/gps-maser/+2.969933e-06
2026.108.11:25:01/gps-fmout/+2.857952e-06
2026.108.11:25:01/gps-maser/+2.969138e-06
2026.108.11:26:01/gps-fmout/+2.857903e-06
2026.108.11:26:01/gps-maser/+2.972042e-06
2026.108.11:27:01/gps-fmout/+2.859000e-06
2026.108.11:27:01/gps-maser/+2.972260e-06
2026.108.11:28:01/gps-fmout/+2.859000e-06
2026.108.11:28:01/gps-maser/+2.972883e-06
2026.108.11:29:01/gps-fmout/+2.858572e-06
2026.108.11:29:01/gps-maser/+2.972009e-06
2026.108.11:30:01/gps-fmout/+2.857907e-06
2026.108.11:30:01/gps-maser/+2.971750e-06
2026.108.11:31:01/gps-fmout/+2.858105e-06
2026.108.11:31:01/gps-maser/+2.970674e-06
2026.108.11:32:01/gps-fmout/+2.859002e-06
2026.108.11:32:01/gps-maser/+2.971262e-06
2026.108.11:33:01/gps-fmout/+2.859067e-06
2026.108.11:33:01/gps-maser/+2.973831e-06
2026.108.11:34:01/gps-fmout/+2.861000e-06
2026.108.11:34:01/gps-maser/+2.975023e-06
2026.108.11:35:01/gps-fmout/+2.861000e-06
2026.108.11:35:01/gps-maser/+2.974069e-06
2026.108.11:36:01/gps-fmout/+2.860189e-06
2026.108.11:36:01/gps-maser/+2.975139e-06
2026.108.11:37:01/gps-fmout/+2.859000e-06
2026.108.11:37:01/gps-maser/+2.974765e-06
2026.108.11:38:01/gps-fmout/+2.858986e-06
2026.108.11:38:01/gps-maser/+2.973956e-06
2026.108.11:39:01/gps-fmout/+2.859065e-06
2026.108.11:39:01/gps-maser/+2.974420e-06
2026.108.11:40:01/gps-fmout/+2.859147e-06
2026.108.11:40:01/gps-maser/+2.975036e-06
2026.108.11:41:01/gps-fmout/+2.860541e-06
2026.108.11:41:01/gps-maser/+2.975204e-06
2026.108.11:42:01/gps-fmout/+2.864994e-06
2026.108.11:42:01/gps-maser/+2.978032e-06
2026.108.11:43:01/gps-fmout/+2.862909e-06
2026.108.11:43:01/gps-maser/+2.978296e-06
2026.108.11:44:01/gps-fmout/+2.863167e-06
2026.108.11:44:01/gps-maser/+2.976606e-06
2026.108.11:45:01/gps-fmout/+2.863862e-06
2026.108.11:45:01/gps-maser/+2.974975e-06
2026.108.11:46:01/gps-fmout/+2.862065e-06
2026.108.11:46:01/gps-maser/+2.976273e-06
2026.108.11:47:01/gps-fmout/+2.863146e-06
2026.108.11:47:01/gps-maser/+2.974733e-06
2026.108.11:48:01/gps-fmout/+2.860106e-06
2026.108.11:48:01/gps-maser/+2.973755e-06
2026.108.11:49:01/gps-fmout/+2.859515e-06
2026.108.11:49:01/gps-maser/+2.972738e-06
2026.108.11:50:01/gps-fmout/+2.859047e-06
2026.108.11:50:01/gps-maser/+2.974359e-06
2026.108.11:51:01/gps-fmout/+2.862000e-06
2026.108.11:51:01/gps-maser/+2.974874e-06
2026.108.11:52:01/gps-fmout/+2.862000e-06
2026.108.11:52:01/gps-maser/+2.975488e-06
2026.108.11:53:01/gps-fmout/+2.862494e-06
2026.108.11:53:01/gps-maser/+2.976467e-06
2026.108.11:54:01/gps-fmout/+2.864207e-06
2026.108.11:54:01/gps-maser/+2.974820e-06
2026.108.11:55:01/gps-fmout/+2.863829e-06
2026.108.11:55:01/gps-maser/+2.975120e-06
2026.108.11:56:01/gps-fmout/+2.863174e-06
2026.108.11:56:01/gps-maser/+2.978394e-06
2026.108.11:57:01/gps-fmout/+2.865510e-06
2026.108.11:57:01/gps-maser/+2.979239e-06
2026.108.11:58:01/gps-fmout/+2.867260e-06
2026.108.11:58:01/gps-maser/+2.980112e-06
2026.108.11:59:01/gps-fmout/+2.869047e-06
2026.108.11:59:01/gps-maser/+2.981878e-06
2026.108.12:00:01/gps-fmout/+2.869921e-06
2026.108.12:00:01/gps-maser/+2.983057e-06
2026.108.12:01:01/gps-fmout/+2.869017e-06
2026.108.12:01:01/gps-maser/+2.982400e-06
2026.108.12:02:01/gps-fmout/+2.868876e-06
2026.108.12:02:01/gps-maser/+2.983085e-06
2026.108.12:03:01/gps-fmout/+2.869075e-06
2026.108.12:03:01/gps-maser/+2.981524e-06
2026.108.12:04:01/gps-fmout/+2.869136e-06
2026.108.12:04:01/gps-maser/+2.981238e-06
2026.108.12:05:01/gps-fmout/+2.869931e-06
2026.108.12:05:01/gps-maser/+2.984054e-06
2026.108.12:06:01/gps-fmout/+2.868550e-06
2026.108.12:06:01/gps-maser/+2.982850e-06
2026.108.12:07:01/gps-fmout/+2.867193e-06
2026.108.12:07:01/gps-maser/+2.980409e-06
2026.108.12:08:01/gps-fmout/+2.865181e-06
2026.108.12:08:01/gps-maser/+2.978867e-06
2026.108.12:09:01/gps-fmout/+2.866482e-06
2026.108.12:09:01/gps-maser/+2.980665e-06
2026.108.12:10:01/gps-fmout/+2.868194e-06
2026.108.12:10:01/gps-maser/+2.982930e-06
2026.108.12:11:01/gps-fmout/+2.870879e-06
2026.108.12:11:01/gps-maser/+2.982519e-06
2026.108.12:12:01/gps-fmout/+2.868994e-06
2026.108.12:12:01/gps-maser/+2.984547e-06
2026.108.12:13:01/gps-fmout/+2.868669e-06
2026.108.12:13:01/gps-maser/+2.982662e-06
2026.108.12:14:01/gps-fmout/+2.868067e-06
2026.108.12:14:01/gps-maser/+2.979441e-06
2026.108.12:15:01/gps-fmout/+2.868658e-06
2026.108.12:15:01/gps-maser/+2.977969e-06
2026.108.12:16:01/gps-fmout/+2.864974e-06
2026.108.12:16:01/gps-maser/+2.978619e-06
2026.108.12:17:01/gps-fmout/+2.864518e-06
2026.108.12:17:01/gps-maser/+2.978478e-06
2026.108.12:18:01/gps-fmout/+2.862482e-06
2026.108.12:18:01/gps-maser/+2.976771e-06
2026.108.12:19:01/gps-fmout/+2.860117e-06
2026.108.12:19:01/gps-maser/+2.975057e-06
2026.108.12:20:01/gps-fmout/+2.860589e-06
2026.108.12:20:01/gps-maser/+2.973476e-06
2026.108.12:21:01/gps-fmout/+2.861795e-06
2026.108.12:21:01/gps-maser/+2.973199e-06
2026.108.12:22:01/gps-fmout/+2.860056e-06
2026.108.12:22:01/gps-maser/+2.975993e-06
2026.108.12:23:01/gps-fmout/+2.862174e-06
2026.108.12:23:01/gps-maser/+2.974858e-06
2026.108.12:24:01/gps-fmout/+2.864128e-06
2026.108.12:24:01/gps-maser/+2.975295e-06
2026.108.12:25:01/gps-fmout/+2.863213e-06
2026.108.12:25:01/gps-maser/+2.976982e-06
2026.108.12:26:01/gps-fmout/+2.864644e-06
2026.108.12:26:01/gps-maser/+2.976826e-06
2026.108.12:27:01/gps-fmout/+2.864748e-06
2026.108.12:27:01/gps-maser/+2.978540e-06
2026.108.12:28:01/gps-fmout/+2.866831e-06
2026.108.12:28:01/gps-maser/+2.980011e-06
2026.108.12:29:01/gps-fmout/+2.866978e-06
2026.108.12:29:01/gps-maser/+2.978794e-06
2026.108.12:30:01/gps-fmout/+2.867490e-06
2026.108.12:30:01/gps-maser/+2.979463e-06
2026.108.12:31:01/gps-fmout/+2.866447e-06
2026.108.12:31:01/gps-maser/+2.981654e-06
2026.108.12:32:01/gps-fmout/+2.869916e-06
2026.108.12:32:01/gps-maser/+2.982916e-06
2026.108.12:33:01/gps-fmout/+2.867418e-06
2026.108.12:33:01/gps-maser/+2.980817e-06
2026.108.12:34:01/gps-fmout/+2.867069e-06
2026.108.12:34:01/gps-maser/+2.979168e-06
2026.108.12:35:01/gps-fmout/+2.868322e-06
2026.108.12:35:01/gps-maser/+2.981024e-06
2026.108.12:36:01/gps-fmout/+2.869668e-06
2026.108.12:36:01/gps-maser/+2.981850e-06
2026.108.12:37:01/gps-fmout/+2.868966e-06
2026.108.12:37:01/gps-maser/+2.982530e-06
2026.108.12:38:01/gps-fmout/+2.868374e-06
2026.108.12:38:01/gps-maser/+2.979893e-06
2026.108.12:39:01/gps-fmout/+2.866048e-06
2026.108.12:39:01/gps-maser/+2.981508e-06
2026.108.12:40:01/gps-fmout/+2.868030e-06
2026.108.12:40:01/gps-maser/+2.983000e-06
2026.108.12:41:01/gps-fmout/+2.870453e-06
2026.108.12:41:01/gps-maser/+2.983000e-06
2026.108.12:42:01/gps-fmout/+2.872115e-06
2026.108.12:42:01/gps-maser/+2.983009e-06
2026.108.12:43:01/gps-fmout/+2.873211e-06
2026.108.12:43:01/gps-maser/+2.986504e-06
2026.108.12:44:01/gps-fmout/+2.871387e-06
2026.108.12:44:01/gps-maser/+2.985150e-06
2026.108.12:45:01/gps-fmout/+2.872847e-06
2026.108.12:45:01/gps-maser/+2.985779e-06
2026.108.12:46:01/gps-fmout/+2.872019e-06
2026.108.12:46:01/gps-maser/+2.982600e-06
2026.108.12:47:01/gps-fmout/+2.871763e-06
2026.108.12:47:01/gps-maser/+2.983711e-06
2026.108.12:48:01/gps-fmout/+2.870742e-06
2026.108.12:48:01/gps-maser/+2.985775e-06
2026.108.12:49:01/gps-fmout/+2.871787e-06
2026.108.12:49:01/gps-maser/+2.984124e-06
2026.108.12:50:01/gps-fmout/+2.874024e-06
2026.108.12:50:01/gps-maser/+2.985867e-06
2026.108.12:51:01/gps-fmout/+2.874186e-06
2026.108.12:51:01/gps-maser/+2.988595e-06
2026.108.12:52:01/gps-fmout/+2.875000e-06
2026.108.12:52:01/gps-maser/+2.989326e-06
2026.108.12:53:01/gps-fmout/+2.875000e-06
2026.108.12:53:01/gps-maser/+2.988579e-06
2026.108.12:54:01/gps-fmout/+2.875123e-06
2026.108.12:54:01/gps-maser/+2.989691e-06
2026.108.12:55:01/gps-fmout/+2.875901e-06
2026.108.12:55:01/gps-maser/+2.987069e-06
2026.108.12:56:01/gps-fmout/+2.874135e-06
2026.108.12:56:01/gps-maser/+2.989072e-06
2026.108.12:57:01/gps-fmout/+2.875740e-06
2026.108.12:57:01/gps-maser/+2.989585e-06
2026.108.12:58:01/gps-fmout/+2.877818e-06
2026.108.12:58:01/gps-maser/+2.991850e-06
2026.108.12:59:01/gps-fmout/+2.876511e-06
2026.108.12:59:01/gps-maser/+2.990017e-06
2026.108.13:00:01/gps-fmout/+2.876091e-06
2026.108.13:00:01/gps-maser/+2.989765e-06
2026.108.13:01:01/gps-fmout/+2.874000e-06
2026.108.13:01:01/gps-maser/+2.988781e-06
2026.108.13:02:01/gps-fmout/+2.874000e-06
2026.108.13:02:01/gps-maser/+2.987751e-06
2026.108.13:03:01/gps-fmout/+2.874231e-06
2026.108.13:03:01/gps-maser/+2.988729e-06
2026.108.13:04:01/gps-fmout/+2.875117e-06
2026.108.13:04:01/gps-maser/+2.989669e-06
2026.108.13:05:01/gps-fmout/+2.874949e-06
2026.108.13:05:01/gps-maser/+2.987972e-06
2026.108.13:06:01/gps-fmout/+2.873457e-06
2026.108.13:06:01/gps-maser/+2.987091e-06
2026.108.13:07:01/gps-fmout/+2.873311e-06
2026.108.13:07:01/gps-maser/+2.987664e-06
2026.108.13:08:01/gps-fmout/+2.874848e-06
2026.108.13:08:01/gps-maser/+2.985953e-06
2026.108.13:09:01/gps-fmout/+2.873549e-06
2026.108.13:09:01/gps-maser/+2.986761e-06
2026.108.13:10:01/gps-fmout/+2.872704e-06
2026.108.13:10:01/gps-maser/+2.987790e-06
2026.108.13:11:01/gps-fmout/+2.872352e-06
2026.108.13:11:01/gps-maser/+2.986278e-06
2026.108.13:12:01/gps-fmout/+2.873519e-06
2026.108.13:12:01/gps-maser/+2.986315e-06
2026.108.13:13:01/gps-fmout/+2.872675e-06
2026.108.13:13:01/gps-maser/+2.983662e-06
2026.108.13:14:01/gps-fmout/+2.871478e-06
2026.108.13:14:01/gps-maser/+2.982437e-06
2026.108.13:15:01/gps-fmout/+2.866959e-06
2026.108.13:15:01/gps-maser/+2.980966e-06
2026.108.13:16:01/gps-fmout/+2.866286e-06
2026.108.13:16:01/gps-maser/+2.980304e-06
2026.108.13:17:01/gps-fmout/+2.865189e-06
2026.108.13:17:01/gps-maser/+2.978843e-06
2026.108.13:18:01/gps-fmout/+2.866699e-06
2026.108.13:18:01/gps-maser/+2.979066e-06
2026.108.13:19:01/gps-fmout/+2.863245e-06
2026.108.13:19:01/gps-maser/+2.979336e-06
2026.108.13:20:01/gps-fmout/+2.863213e-06
2026.108.13:20:01/gps-maser/+2.977845e-06
2026.108.13:21:01/gps-fmout/+2.864177e-06
2026.108.13:21:01/gps-maser/+2.978146e-06
2026.108.13:22:01/gps-fmout/+2.867586e-06
2026.108.13:22:01/gps-maser/+2.980178e-06
2026.108.13:23:01/gps-fmout/+2.872605e-06
2026.108.13:23:01/gps-maser/+2.983800e-06
2026.108.13:24:01/gps-fmout/+2.874867e-06
2026.108.13:24:01/gps-maser/+2.988761e-06
2026.108.13:25:01/gps-fmout/+2.874176e-06
2026.108.13:25:01/gps-maser/+2.986536e-06
2026.108.13:26:01/gps-fmout/+2.873138e-06
2026.108.13:26:01/gps-maser/+2.985688e-06
2026.108.13:27:01/gps-fmout/+2.870256e-06
2026.108.13:27:01/gps-maser/+2.984642e-06
2026.108.13:28:01/gps-fmout/+2.866921e-06
2026.108.13:28:01/gps-maser/+2.980960e-06
2026.108.13:29:01/gps-fmout/+2.867052e-06
2026.108.13:29:01/gps-maser/+2.980000e-06
2026.108.13:30:01/gps-fmout/+2.866502e-06
2026.108.13:30:01/gps-maser/+2.980000e-06
2026.108.13:31:01/gps-fmout/+2.868224e-06
2026.108.13:31:01/gps-maser/+2.979927e-06
2026.108.13:32:01/gps-fmout/+2.869113e-06
2026.108.13:32:01/gps-maser/+2.979845e-06
2026.108.13:33:01/gps-fmout/+2.868695e-06
2026.108.13:33:01/gps-maser/+2.981535e-06
2026.108.13:34:01/gps-fmout/+2.868169e-06
2026.108.13:34:01/gps-maser/+2.983000e-06
2026.108.13:35:01/gps-fmout/+2.870691e-06
2026.108.13:35:01/gps-maser/+2.983292e-06
2026.108.13:36:01/gps-fmout/+2.871894e-06
2026.108.13:36:01/gps-maser/+2.984735e-06
2026.108.13:37:01/gps-fmout/+2.870815e-06
2026.108.13:37:01/gps-maser/+2.984301e-06
2026.108.13:38:01/gps-fmout/+2.869991e-06
2026.108.13:38:01/gps-maser/+2.986098e-06
2026.108.13:39:01/gps-fmout/+2.872858e-06
2026.108.13:39:01/gps-maser/+2.987387e-06
2026.108.13:40:01/gps-fmout/+2.874358e-06
2026.108.13:40:01/gps-maser/+2.988213e-06
2026.108.13:41:01/gps-fmout/+2.874938e-06
2026.108.13:41:01/gps-maser/+2.989012e-06
2026.108.13:42:01/gps-fmout/+2.874441e-06
2026.108.13:42:01/gps-maser/+2.987954e-06
2026.108.13:43:01/gps-fmout/+2.874716e-06
2026.108.13:43:01/gps-maser/+2.987514e-06
2026.108.13:44:01/gps-fmout/+2.874000e-06
2026.108.13:44:01/gps-maser/+2.986149e-06
2026.108.13:45:01/gps-fmout/+2.873877e-06
2026.108.13:45:01/gps-maser/+2.987446e-06
2026.108.13:46:01/gps-fmout/+2.874750e-06
2026.108.13:46:01/gps-maser/+2.988496e-06
2026.108.13:47:01/gps-fmout/+2.877478e-06
2026.108.13:47:01/gps-maser/+2.990558e-06
2026.108.13:48:01/gps-fmout/+2.879006e-06
2026.108.13:48:01/gps-maser/+2.992390e-06
2026.108.13:49:01/gps-fmout/+2.877229e-06
2026.108.13:49:01/gps-maser/+2.991250e-06
2026.108.13:50:01/gps-fmout/+2.875886e-06
2026.108.13:50:01/gps-maser/+2.990106e-06
2026.108.13:51:01/gps-fmout/+2.876895e-06
2026.108.13:51:01/gps-maser/+2.991013e-06
2026.108.13:52:01/gps-fmout/+2.876205e-06
2026.108.13:52:01/gps-maser/+2.990637e-06
2026.108.13:53:01/gps-fmout/+2.877901e-06
2026.108.13:53:01/gps-maser/+2.990014e-06
2026.108.13:54:01/gps-fmout/+2.879642e-06
2026.108.13:54:01/gps-maser/+2.991290e-06
2026.108.13:55:01/gps-fmout/+2.876416e-06
2026.108.13:55:01/gps-maser/+2.991458e-06
2026.108.13:56:01/gps-fmout/+2.874637e-06
2026.108.13:56:01/gps-maser/+2.989000e-06
2026.108.13:57:01/gps-fmout/+2.875300e-06
2026.108.13:57:01/gps-maser/+2.989000e-06
2026.108.13:58:01/gps-fmout/+2.875998e-06
2026.108.13:58:01/gps-maser/+2.989000e-06
2026.108.13:59:01/gps-fmout/+2.876287e-06
2026.108.13:59:01/gps-maser/+2.989645e-06
2026.108.14:00:01/gps-fmout/+2.877318e-06
2026.108.14:00:01/gps-maser/+2.991950e-06
2026.108.14:01:01/gps-fmout/+2.879018e-06
2026.108.14:01:01/gps-maser/+2.990034e-06
2026.108.14:02:01/gps-fmout/+2.878619e-06
2026.108.14:02:01/gps-maser/+2.992732e-06
2026.108.14:03:01/gps-fmout/+2.880692e-06
2026.108.14:03:01/gps-maser/+2.994423e-06
2026.108.14:04:01/gps-fmout/+2.883142e-06
2026.108.14:04:01/gps-maser/+2.996024e-06
2026.108.14:05:01/gps-fmout/+2.881483e-06
2026.108.14:05:01/gps-maser/+2.993569e-06
2026.108.14:06:01/gps-fmout/+2.880681e-06
2026.108.14:06:01/gps-maser/+2.994705e-06
2026.108.14:07:01/gps-fmout/+2.883319e-06
2026.108.14:07:01/gps-maser/+2.997290e-06
2026.108.14:08:01/gps-fmout/+2.884453e-06
2026.108.14:08:01/gps-maser/+2.997604e-06
2026.108.14:09:01/gps-fmout/+2.883175e-06
2026.108.14:09:01/gps-maser/+2.994837e-06
2026.108.14:10:01/gps-fmout/+2.880323e-06
2026.108.14:10:01/gps-maser/+2.991553e-06
2026.108.14:11:01/gps-fmout/+2.876949e-06
2026.108.14:11:01/gps-maser/+2.991000e-06
2026.108.14:12:01/gps-fmout/+2.878229e-06
2026.108.14:12:01/gps-maser/+2.991000e-06
2026.108.14:13:01/gps-fmout/+2.876521e-06
2026.108.14:13:01/gps-maser/+2.990861e-06
2026.108.14:14:01/gps-fmout/+2.874830e-06
2026.108.14:14:01/gps-maser/+2.988808e-06
2026.108.14:15:01/gps-fmout/+2.875417e-06
2026.108.14:15:01/gps-maser/+2.987411e-06
2026.108.14:16:01/gps-fmout/+2.877851e-06
2026.108.14:16:01/gps-maser/+2.988268e-06
2026.108.14:17:01/gps-fmout/+2.876698e-06
2026.108.14:17:01/gps-maser/+2.989169e-06
2026.108.14:18:01/gps-fmout/+2.876355e-06
2026.108.14:18:01/gps-maser/+2.990125e-06
2026.108.14:19:01/gps-fmout/+2.877019e-06
2026.108.14:19:01/gps-maser/+2.990454e-06
2026.108.14:20:01/gps-fmout/+2.877335e-06
2026.108.14:20:01/gps-maser/+2.991588e-06
2026.108.14:21:01/gps-fmout/+2.880021e-06
2026.108.14:21:01/gps-maser/+2.992046e-06
2026.108.14:22:01/gps-fmout/+2.879615e-06
2026.108.14:22:01/gps-maser/+2.994112e-06
2026.108.14:23:01/gps-fmout/+2.878693e-06
2026.108.14:23:01/gps-maser/+2.993738e-06
2026.108.14:24:01/gps-fmout/+2.878083e-06
2026.108.14:24:01/gps-maser/+2.993114e-06
2026.108.14:25:01/gps-fmout/+2.879886e-06
2026.108.14:25:01/gps-maser/+2.994829e-06
2026.108.14:26:01/gps-fmout/+2.881806e-06
2026.108.14:26:01/gps-maser/+2.996221e-06
2026.108.14:27:01/gps-fmout/+2.884123e-06
2026.108.14:27:01/gps-maser/+2.996191e-06
2026.108.14:28:01/gps-fmout/+2.885111e-06
2026.108.14:28:01/gps-maser/+2.997507e-06
2026.108.14:29:01/gps-fmout/+2.885496e-06
2026.108.14:29:01/gps-maser/+2.998230e-06
2026.108.14:30:01/gps-fmout/+2.882197e-06
2026.108.14:30:01/gps-maser/+2.997253e-06
2026.108.14:31:01/gps-fmout/+2.877902e-06
2026.108.14:31:01/gps-maser/+2.991449e-06
2026.108.14:32:01/gps-fmout/+2.877000e-06
2026.108.14:32:01/gps-maser/+2.990178e-06
2026.108.14:33:01/gps-fmout/+2.877000e-06
2026.108.14:33:01/gps-maser/+2.990647e-06
2026.108.14:34:01/gps-fmout/+2.876922e-06
2026.108.14:34:01/gps-maser/+2.989075e-06
2026.108.14:35:01/gps-fmout/+2.876203e-06
2026.108.14:35:01/gps-maser/+2.990416e-06
2026.108.14:36:01/gps-fmout/+2.877590e-06
2026.108.14:36:01/gps-maser/+2.991268e-06
2026.108.14:37:01/gps-fmout/+2.879285e-06
2026.108.14:37:01/gps-maser/+2.992163e-06
2026.108.14:38:01/gps-fmout/+2.880088e-06
2026.108.14:38:01/gps-maser/+2.993561e-06
2026.108.14:39:01/gps-fmout/+2.880600e-06
2026.108.14:39:01/gps-maser/+2.993841e-06
2026.108.14:40:01/gps-fmout/+2.882254e-06
2026.108.14:40:01/gps-maser/+2.994127e-06
2026.108.14:41:01/gps-fmout/+2.883065e-06
2026.108.14:41:01/gps-maser/+2.997983e-06
2026.108.14:42:01/gps-fmout/+2.885831e-06
2026.108.14:42:01/gps-maser/+2.998625e-06
2026.108.14:43:01/gps-fmout/+2.885804e-06
2026.108.14:43:01/gps-maser/+3.000703e-06
2026.108.14:44:01/gps-fmout/+2.889076e-06
2026.108.14:44:01/gps-maser/+3.004068e-06
2026.108.14:45:01/gps-fmout/+2.890680e-06
2026.108.14:45:01/gps-maser/+3.004699e-06
2026.108.14:46:01/gps-fmout/+2.893662e-06
2026.108.14:46:01/gps-maser/+3.006797e-06
2026.108.14:47:01/gps-fmout/+2.893551e-06
2026.108.14:47:01/gps-maser/+3.005961e-06
2026.108.14:48:01/gps-fmout/+2.892091e-06
2026.108.14:48:01/gps-maser/+3.006692e-06
2026.108.14:49:01/gps-fmout/+2.893958e-06
2026.108.14:49:01/gps-maser/+3.008853e-06
2026.108.14:50:01/gps-fmout/+2.896399e-06
2026.108.14:50:01/gps-maser/+3.011363e-06
2026.108.14:51:01/gps-fmout/+2.897179e-06
2026.108.14:51:01/gps-maser/+3.011906e-06
2026.108.14:52:01/gps-fmout/+2.897000e-06
2026.108.14:52:01/gps-maser/+3.010044e-06
2026.108.14:53:01/gps-fmout/+2.896403e-06
2026.108.14:53:01/gps-maser/+3.007613e-06
2026.108.14:54:01/gps-fmout/+2.892091e-06
2026.108.14:54:01/gps-maser/+3.007032e-06
2026.108.14:55:01/gps-fmout/+2.894636e-06
2026.108.14:55:01/gps-maser/+3.009178e-06
2026.108.14:56:01/gps-fmout/+2.894768e-06
2026.108.14:56:01/gps-maser/+3.010819e-06
2026.108.14:57:01/gps-fmout/+2.894000e-06
2026.108.14:57:01/gps-maser/+3.008000e-06
2026.108.14:58:01/gps-fmout/+2.894000e-06
2026.108.14:58:01/gps-maser/+3.008000e-06
2026.108.14:59:01/gps-fmout/+2.893804e-06
2026.108.14:59:01/gps-maser/+3.008177e-06
2026.108.15:00:01/gps-fmout/+2.893166e-06
2026.108.15:00:01/gps-maser/+3.009000e-06
2026.108.15:01:01/gps-fmout/+2.893488e-06
2026.108.15:01:01/gps-maser/+3.009000e-06
2026.108.15:02:01/gps-fmout/+2.893556e-06
2026.108.15:02:01/gps-maser/+3.009000e-06
2026.108.15:03:01/gps-fmout/+2.895114e-06
2026.108.15:03:01/gps-maser/+3.008783e-06
2026.108.15:04:01/gps-fmout/+2.894987e-06
2026.108.15:04:01/gps-maser/+3.008484e-06
2026.108.15:05:01/gps-fmout/+2.894164e-06
2026.108.15:05:01/gps-maser/+3.009339e-06
2026.108.15:06:01/gps-fmout/+2.895399e-06
2026.108.15:06:01/gps-maser/+3.010366e-06
2026.108.15:07:01/gps-fmout/+2.897064e-06
2026.108.15:07:01/gps-maser/+3.012970e-06
2026.108.15:08:01/gps-fmout/+2.897810e-06
2026.108.15:08:01/gps-maser/+3.010400e-06
2026.108.15:09:01/gps-fmout/+2.898662e-06
2026.108.15:09:01/gps-maser/+3.011257e-06
2026.108.15:10:01/gps-fmout/+2.897235e-06
2026.108.15:10:01/gps-maser/+3.012326e-06
2026.108.15:11:01/gps-fmout/+2.898173e-06
2026.108.15:11:01/gps-maser/+3.013196e-06
2026.108.15:12:01/gps-fmout/+2.897648e-06
2026.108.15:12:01/gps-maser/+3.011996e-06
2026.108.15:13:01/gps-fmout/+2.896834e-06
2026.108.15:13:01/gps-maser/+3.011804e-06
2026.108.15:14:01/gps-fmout/+2.895900e-06
2026.108.15:14:01/gps-maser/+3.009956e-06
2026.108.15:15:01/gps-fmout/+2.892633e-06
2026.108.15:15:01/gps-maser/+3.006948e-06
2026.108.15:16:01/gps-fmout/+2.890934e-06
2026.108.15:16:01/gps-maser/+3.006000e-06
2026.108.15:17:01/gps-fmout/+2.891855e-06
2026.108.15:17:01/gps-maser/+3.006000e-06
2026.108.15:18:01/gps-fmout/+2.890530e-06
2026.108.15:18:01/gps-maser/+3.005105e-06
2026.108.15:19:01/gps-fmout/+2.889854e-06
2026.108.15:19:01/gps-maser/+3.002532e-06
2026.108.15:20:01/gps-fmout/+2.890015e-06
2026.108.15:20:01/gps-maser/+3.002149e-06
2026.108.15:21:01/gps-fmout/+2.889570e-06
2026.108.15:21:01/gps-maser/+3.003112e-06
2026.108.15:22:01/gps-fmout/+2.888658e-06
2026.108.15:22:01/gps-maser/+3.002707e-06
2026.108.15:23:01/gps-fmout/+2.888125e-06
2026.108.15:23:01/gps-maser/+3.002230e-06
2026.108.15:24:01/gps-fmout/+2.889911e-06
2026.108.15:24:01/gps-maser/+3.003263e-06
2026.108.15:25:01/gps-fmout/+2.886966e-06
2026.108.15:25:01/gps-maser/+3.002343e-06
2026.108.15:26:01/gps-fmout/+2.886182e-06
2026.108.15:26:01/gps-maser/+3.000659e-06
2026.108.15:27:01/gps-fmout/+2.887943e-06
2026.108.15:27:01/gps-maser/+3.000069e-06
2026.108.15:28:01/gps-fmout/+2.888626e-06
2026.108.15:28:01/gps-maser/+3.002039e-06
2026.108.15:29:01/gps-fmout/+2.890315e-06
2026.108.15:29:01/gps-maser/+3.002226e-06
2026.108.15:30:01/gps-fmout/+2.888285e-06
2026.108.15:30:01/gps-maser/+3.002862e-06
2026.108.15:31:01/gps-fmout/+2.890047e-06
2026.108.15:31:01/gps-maser/+3.002914e-06
2026.108.15:32:01/gps-fmout/+2.891170e-06
2026.108.15:32:01/gps-maser/+3.004629e-06
2026.108.15:33:01/gps-fmout/+2.891186e-06
2026.108.15:33:01/gps-maser/+3.005640e-06
2026.108.15:34:01/gps-fmout/+2.892000e-06
2026.108.15:34:01/gps-maser/+3.005799e-06
2026.108.15:35:01/gps-fmout/+2.892000e-06
2026.108.15:35:01/gps-maser/+3.006268e-06
2026.108.15:36:01/gps-fmout/+2.891711e-06
2026.108.15:36:01/gps-maser/+3.004577e-06
2026.108.15:37:01/gps-fmout/+2.890068e-06
2026.108.15:37:01/gps-maser/+3.002978e-06
2026.108.15:38:01/gps-fmout/+2.891028e-06
2026.108.15:38:01/gps-maser/+3.005409e-06
2026.108.15:39:01/gps-fmout/+2.891720e-06
2026.108.15:39:01/gps-maser/+3.006257e-06
2026.108.15:40:01/gps-fmout/+2.893811e-06
2026.108.15:40:01/gps-maser/+3.006942e-06
2026.108.15:41:01/gps-fmout/+2.892999e-06
2026.108.15:41:01/gps-maser/+3.006771e-06
2026.108.15:42:01/gps-fmout/+2.892678e-06
2026.108.15:42:01/gps-maser/+3.007790e-06
2026.108.15:43:01/gps-fmout/+2.892264e-06
2026.108.15:43:01/gps-maser/+3.007839e-06
2026.108.15:44:01/gps-fmout/+2.895041e-06
2026.108.15:44:01/gps-maser/+3.010680e-06
2026.108.15:45:01/gps-fmout/+2.896123e-06
2026.108.15:45:01/gps-maser/+3.011024e-06
2026.108.15:46:01/gps-fmout/+2.897980e-06
2026.108.15:46:01/gps-maser/+3.011259e-06
2026.108.15:47:01/gps-fmout/+2.897104e-06
2026.108.15:47:01/gps-maser/+3.012895e-06
2026.108.15:48:01/gps-fmout/+2.897037e-06
2026.108.15:48:01/gps-maser/+3.009989e-06
2026.108.15:49:01/gps-fmout/+2.894393e-06
2026.108.15:49:01/gps-maser/+3.009751e-06
2026.108.15:50:01/gps-fmout/+1.428010e-01
2026.108.15:50:01/gps-maser/+3.008941e-06
2026.108.15:51:01/gps-fmout/+1.751094e-01
2026.108.15:51:01/gps-maser/+3.009885e-06
2026.108.15:52:01/gps-fmout/+1.751094e-01
2026.108.15:52:01/gps-maser/+3.011483e-06
2026.108.15:53:01/gps-fmout/+1.751094e-01
2026.108.15:53:01/gps-maser/+3.012000e-06
2026.108.15:54:01/gps-fmout/+1.751094e-01
2026.108.15:54:01/gps-maser/+3.012000e-06
2026.108.15:55:01/gps-fmout/+1.751094e-01
2026.108.15:55:01/gps-maser/+3.012000e-06
2026.108.15:56:01/gps-fmout/+1.751094e-01
2026.108.15:56:01/gps-maser/+3.012000e-06
2026.108.15:57:01/gps-fmout/+1.751094e-01
2026.108.15:57:01/gps-maser/+3.011773e-06
2026.108.15:58:01/gps-fmout/+1.868351e-01
2026.108.15:58:01/gps-maser/+3.009765e-06
2026.108.15:59:01/gps-fmout/+4.678190e-01
2026.108.15:59:01/gps-maser/+3.008656e-06
2026.108.16:00:01/gps-fmout/+5.676751e-02
2026.108.16:00:01/gps-maser/+3.009313e-06
2026.108.16:01:01/gps-fmout/+2.945503e-06
2026.108.16:01:01/gps-maser/+3.010161e-06
2026.108.16:02:01/gps-fmout/+2.944210e-06
2026.108.16:02:01/gps-maser/+3.008913e-06
2026.108.16:03:01/gps-fmout/+2.943098e-06
2026.108.16:03:01/gps-maser/+3.009142e-06
2026.108.16:04:01/gps-fmout/+2.945026e-06
2026.108.16:04:01/gps-maser/+3.010007e-06
2026.108.16:05:01/gps-fmout/+2.944273e-06
2026.108.16:05:01/gps-maser/+3.009648e-06
2026.108.16:06:01/gps-fmout/+2.942932e-06
2026.108.16:06:01/gps-maser/+3.009064e-06
2026.108.16:07:01/gps-fmout/+2.944277e-06
2026.108.16:07:01/gps-maser/+3.010093e-06
2026.108.16:08:01/gps-fmout/+2.946092e-06
2026.108.16:08:01/gps-maser/+3.010778e-06
2026.108.16:09:01/gps-fmout/+2.946301e-06
2026.108.16:09:01/gps-maser/+3.010258e-06
2026.108.16:10:01/gps-fmout/+2.946623e-06
2026.108.16:10:01/gps-maser/+3.010784e-06
2026.108.16:11:01/gps-fmout/+2.943851e-06
2026.108.16:11:01/gps-maser/+3.009086e-06
2026.108.16:12:01/gps-fmout/+2.942656e-06
2026.108.16:12:01/gps-maser/+3.007371e-06
2026.108.16:13:01/gps-fmout/+2.941771e-06
2026.108.16:13:01/gps-maser/+3.005810e-06
2026.108.16:14:01/gps-fmout/+2.940998e-06
2026.108.16:14:01/gps-maser/+3.007164e-06
2026.108.16:15:01/gps-fmout/+2.941353e-06
2026.108.16:15:01/gps-maser/+3.008000e-06
2026.108.16:16:01/gps-fmout/+2.942071e-06
2026.108.16:16:01/gps-maser/+3.008000e-06
2026.108.16:17:01/gps-fmout/+2.942098e-06
2026.108.16:17:01/gps-maser/+3.008042e-06
2026.108.16:18:01/gps-fmout/+2.942620e-06
2026.108.16:18:01/gps-maser/+3.008592e-06
2026.108.16:19:01/gps-fmout/+2.942476e-06
2026.108.16:19:01/gps-maser/+3.007746e-06
2026.108.16:20:01/gps-fmout/+2.944051e-06
2026.108.16:20:01/gps-maser/+3.007120e-06
2026.108.16:21:01/gps-fmout/+2.943454e-06
2026.108.16:21:01/gps-maser/+3.008677e-06
2026.108.16:22:01/gps-fmout/+2.943000e-06
2026.108.16:22:01/gps-maser/+3.008495e-06
2026.108.16:23:01/gps-fmout/+2.943000e-06
2026.108.16:23:01/gps-maser/+3.009636e-06
2026.108.16:24:01/gps-fmout/+2.942085e-06
2026.108.16:24:01/gps-maser/+3.007531e-06
2026.108.16:25:01/gps-fmout/+2.941198e-06
2026.108.16:25:01/gps-maser/+3.006352e-06
2026.108.16:26:01/gps-fmout/+2.941594e-06
2026.108.16:26:01/gps-maser/+3.004835e-06
2026.108.16:27:01/gps-fmout/+2.939033e-06
2026.108.16:27:01/gps-maser/+3.004951e-06
2026.108.16:28:01/gps-fmout/+2.939631e-06
2026.108.16:28:01/gps-maser/+3.003380e-06
2026.108.16:29:01/gps-fmout/+2.938874e-06
2026.108.16:29:01/gps-maser/+3.004225e-06
2026.108.16:30:01/gps-fmout/+2.939343e-06
2026.108.16:30:01/gps-maser/+3.005093e-06
2026.108.16:31:01/gps-fmout/+2.941173e-06
2026.108.16:31:01/gps-maser/+3.006626e-06
2026.108.16:32:01/gps-fmout/+2.940293e-06
2026.108.16:32:01/gps-maser/+3.006802e-06
2026.108.16:33:01/gps-fmout/+2.940910e-06
2026.108.16:33:01/gps-maser/+3.006000e-06
2026.108.16:34:01/gps-fmout/+2.940022e-06
2026.108.16:34:01/gps-maser/+3.006000e-06
2026.108.16:35:01/gps-fmout/+2.941000e-06
2026.108.16:35:01/gps-maser/+3.006000e-06
2026.108.16:36:01/gps-fmout/+2.941000e-06
2026.108.16:36:01/gps-maser/+3.006000e-06
2026.108.16:37:01/gps-fmout/+2.940994e-06
2026.108.16:37:01/gps-maser/+3.006000e-06
2026.108.16:38:01/gps-fmout/+2.941752e-06
2026.108.16:38:01/gps-maser/+3.006596e-06
2026.108.16:39:01/gps-fmout/+2.943330e-06
2026.108.16:39:01/gps-maser/+3.008147e-06
2026.108.16:40:01/gps-fmout/+2.944260e-06
2026.108.16:40:01/gps-maser/+3.008455e-06
2026.108.16:41:01/gps-fmout/+2.944950e-06
2026.108.16:41:01/gps-maser/+3.010974e-06
2026.108.16:42:01/gps-fmout/+2.943021e-06
2026.108.16:42:01/gps-maser/+3.009068e-06
2026.108.16:43:01/gps-fmout/+2.940454e-06
2026.108.16:43:01/gps-maser/+3.006580e-06
2026.108.16:44:01/gps-fmout/+2.939017e-06
2026.108.16:44:01/gps-maser/+3.006435e-06
2026.108.16:45:01/gps-fmout/+2.940576e-06
2026.108.16:45:01/gps-maser/+3.006861e-06
2026.108.16:46:01/gps-fmout/+2.940359e-06
2026.108.16:46:01/gps-maser/+3.005396e-06
2026.108.16:47:01/gps-fmout/+2.937000e-06
2026.108.16:47:01/gps-maser/+3.002818e-06
2026.108.16:48:01/gps-fmout/+2.937000e-06
2026.108.16:48:01/gps-maser/+3.002249e-06
2026.108.16:49:01/gps-fmout/+2.936825e-06
2026.108.16:49:01/gps-maser/+3.002908e-06
2026.108.16:50:01/gps-fmout/+2.935898e-06
2026.108.16:50:01/gps-maser/+3.001536e-06
2026.108.16:51:01/gps-fmout/+2.936013e-06
2026.108.16:51:01/gps-maser/+3.000901e-06
2026.108.16:52:01/gps-fmout/+2.937757e-06
2026.108.16:52:01/gps-maser/+3.002343e-06
2026.108.16:53:01/gps-fmout/+2.937292e-06
2026.108.16:53:01/gps-maser/+3.003200e-06
2026.108.16:54:01/gps-fmout/+2.939306e-06
2026.108.16:54:01/gps-maser/+3.004117e-06
2026.108.16:55:01/gps-fmout/+2.942269e-06
2026.108.16:55:01/gps-maser/+3.006000e-06
2026.108.16:56:01/gps-fmout/+2.942814e-06
2026.108.16:56:01/gps-maser/+3.006000e-06
2026.108.16:57:01/gps-fmout/+2.941999e-06
2026.108.16:57:01/gps-maser/+3.006000e-06
2026.108.16:58:01/gps-fmout/+2.941247e-06
2026.108.16:58:01/gps-maser/+3.006480e-06
2026.108.16:59:01/gps-fmout/+2.938994e-06
2026.108.16:59:01/gps-maser/+3.005999e-06
2026.108.17:00:01/gps-fmout/+2.936634e-06
2026.108.17:00:01/gps-maser/+3.001639e-06
2026.108.17:01:01/gps-fmout/+2.934940e-06
2026.108.17:01:01/gps-maser/+3.000430e-06
2026.108.17:02:01/gps-fmout/+2.934187e-06
2026.108.17:02:01/gps-maser/+2.999868e-06
2026.108.17:03:01/gps-fmout/+2.935468e-06
2026.108.17:03:01/gps-maser/+3.000283e-06
2026.108.17:04:01/gps-fmout/+2.937062e-06
2026.108.17:04:01/gps-maser/+3.001970e-06
2026.108.17:05:01/gps-fmout/+2.936472e-06
2026.108.17:05:01/gps-maser/+3.000644e-06
2026.108.17:06:01/gps-fmout/+2.936773e-06
2026.108.17:06:01/gps-maser/+3.002008e-06
2026.108.17:07:01/gps-fmout/+2.940374e-06
2026.108.17:07:01/gps-maser/+3.006357e-06
2026.108.17:08:01/gps-fmout/+2.940461e-06
2026.108.17:08:01/gps-maser/+3.006544e-06
2026.108.17:09:01/gps-fmout/+2.940603e-06
2026.108.17:09:01/gps-maser/+3.005686e-06
2026.108.17:10:01/gps-fmout/+2.942272e-06
2026.108.17:10:01/gps-maser/+3.005279e-06
2026.108.17:11:01/gps-fmout/+2.942991e-06
2026.108.17:11:01/gps-maser/+3.008300e-06
2026.108.17:12:01/gps-fmout/+2.941892e-06
2026.108.17:12:01/gps-maser/+3.008451e-06
2026.108.17:13:01/gps-fmout/+2.942200e-06
2026.108.17:13:01/gps-maser/+3.007168e-06
2026.108.17:14:01/gps-fmout/+2.942932e-06
2026.108.17:14:01/gps-maser/+3.008000e-06
2026.108.17:15:01/gps-fmout/+2.941996e-06
2026.108.17:15:01/gps-maser/+3.008000e-06
2026.108.17:16:01/gps-fmout/+2.941505e-06
2026.108.17:16:01/gps-maser/+3.007807e-06
2026.108.17:17:01/gps-fmout/+2.939966e-06
2026.108.17:17:01/gps-maser/+3.005653e-06
2026.108.17:18:01/gps-fmout/+2.939535e-06
2026.108.17:18:01/gps-maser/+3.003900e-06
2026.108.17:19:01/gps-fmout/+2.939188e-06
2026.108.17:19:01/gps-maser/+3.003691e-06
2026.108.17:20:01/gps-fmout/+2.939823e-06
2026.108.17:20:01/gps-maser/+3.003000e-06
2026.108.17:21:01/gps-fmout/+2.937993e-06
2026.108.17:21:01/gps-maser/+3.003000e-06
2026.108.17:22:01/gps-fmout/+2.938227e-06
2026.108.17:22:01/gps-maser/+3.003615e-06
2026.108.17:23:01/gps-fmout/+2.939590e-06
2026.108.17:23:01/gps-maser/+3.006433e-06
2026.108.17:24:01/gps-fmout/+2.943112e-06
2026.108.17:24:01/gps-maser/+3.008035e-06
