17-APR-2026,22.727302875949,13593,M87,0.24453788995743,86100,AP-N901-F303,0.0418143235147,0.0418143235147,112.93872833252,271.35000610352
17-APR-2026,22.727302875949,13593,M87,0.24453788995743,86100,AP-N902-F303,0.041300341486931,0.041300341486931,110.08305358887,271.35000610352
17-APR-2026,22.755497578795,13597,M87,0.25093224644661,86100,AP-N901-F303,0.0418143235147,0.0418143235147,112.93872833252,271.35000610352
17-APR-2026,22.755497578795,13597,M87,0.25093224644661,86100,AP-N902-F303,0.041300341486931,0.041300341486931,110.08305358887,271.35000610352
17-APR-2026,22.764386550181,13597,M87,0.25294655561447,86100,AP-N901-F303,0.0418143235147,0.0418143235147,112.93872833252,271.35000610352
17-APR-2026,22.764386550181,13597,M87,0.25294655561447,86100,AP-N902-F303,0.041300341486931,0.041300341486931,110.08305358887,271.35000610352
17-APR-2026,22.773275521394,13597,M87,0.25495997071266,86100,AP-N901-F303,0.0418143235147,0.0418143235147,112.93872833252,271.35000610352
17-APR-2026,22.773275521394,13597,M87,0.25495997071266,86100,AP-N902-F303,0.041300341486931,0.041300341486931,110.08305358887,271.35000610352
17-APR-2026,22.782164491733,13597,M87,0.25697261095047,86100,AP-N901-F303,0.0418143235147,0.0418143235147,112.93872833252,271.35000610352
17-APR-2026,22.782164491733,13597,M87,0.25697261095047,86100,AP-N902-F303,0.041300341486931,0.041300341486931,110.08305358887,271.35000610352
17-APR-2026,22.791331242182,13597,M87,0.25904729962349,86100,AP-N901-F303,0.0418143235147,0.0418143235147,112.93872833252,271.35000610352
17-APR-2026,22.791331242182,13597,M87,0.25904729962349,86100,AP-N902-F303,0.041300341486931,0.041300341486931,110.08305358887,271.35000610352
17-APR-2026,22.800220212172,13597,M87,0.2610582113266,86100,AP-N901-F303,0.0418143235147,0.0418143235147,112.93872833252,271.35000610352
17-APR-2026,22.800220212172,13597,M87,0.2610582113266,86100,AP-N902-F303,0.041300341486931,0.041300341486931,110.08305358887,271.35000610352
17-APR-2026,22.993972001312,13602,3C273,0.39491751790047,86100,AP-N901-F303,0.046110142022371,0.046110142022371,94.449783325195,271.54998779297
17-APR-2026,22.993972001312,13602,3C273,0.39491751790047,86100,AP-N902-F303,0.044922515749931,0.044922515749931,91.213768005371,271.54998779297
17-APR-2026,23.009666589068,13606,3C273,0.39861932396889,86100,AP-N901-F303,0.046110142022371,0.046110142022371,94.449783325195,271.54998779297
17-APR-2026,23.009666589068,13606,3C273,0.39861932396889,86100,AP-N902-F303,0.044922515749931,0.044922515749931,91.213768005371,271.54998779297
17-APR-2026,23.018555558359,13606,3C273,0.40071532130241,86100,AP-N901-F303,0.046110142022371,0.046110142022371,94.449783325195,271.54998779297
17-APR-2026,23.018555558359,13606,3C273,0.40071532130241,86100,AP-N902-F303,0.044922515749931,0.044922515749931,91.213768005371,271.54998779297
17-APR-2026,23.027444530444,13606,3C273,0.40281078219414,86100,AP-N901-F303,0.046110142022371,0.046110142022371,94.449783325195,271.54998779297
17-APR-2026,23.027444530444,13606,3C273,0.40281078219414,86100,AP-N902-F303,0.044922515749931,0.044922515749931,91.213768005371,271.54998779297
17-APR-2026,23.073972733665,13611,M87,0.32255527377129,86100,AP-N901-F303,0,0,111.69721984863,269.64999389648
17-APR-2026,23.073972733665,13611,M87,0.32255527377129,86100,AP-N902-F303,0,0,108.65957641602,269.64999389648
17-APR-2026,23.090500666466,13615,M87,0.32623979449272,86100,AP-N901-F303,0,0,111.69721984863,269.64999389648
17-APR-2026,23.090500666466,13615,M87,0.32623979449272,86100,AP-N902-F303,0,0,108.65957641602,269.64999389648
17-APR-2026,23.09938963698,13615,M87,0.32821995019913,86100,AP-N901-F303,0,0,111.69721984863,269.64999389648
17-APR-2026,23.09938963698,13615,M87,0.32821995019913,86100,AP-N902-F303,0,0,108.65957641602,269.64999389648
17-APR-2026,23.108278608018,13615,M87,0.33019912242889,86100,AP-N901-F303,0,0,111.69721984863,269.64999389648
17-APR-2026,23.108278608018,13615,M87,0.33019912242889,86100,AP-N902-F303,0,0,108.65957641602,269.64999389648
17-APR-2026,23.117167577484,13615,M87,0.33217725157738,86100,AP-N901-F303,0,0,111.69721984863,269.64999389648
17-APR-2026,23.117167577484,13615,M87,0.33217725157738,86100,AP-N902-F303,0,0,108.65957641602,269.64999389648
17-APR-2026,23.126056548521,13615,M87,0.33415439724922,86100,AP-N901-F303,0,0,111.69721984863,269.64999389648
17-APR-2026,23.126056548521,13615,M87,0.33415439724922,86100,AP-N902-F303,0,0,108.65957641602,269.64999389648
17-APR-2026,23.134945519209,13615,M87,0.33613055944443,86100,AP-N901-F303,0,0,111.69721984863,269.64999389648
17-APR-2026,23.134945519209,13615,M87,0.33613055944443,86100,AP-N902-F303,0,0,108.65957641602,269.64999389648
17-APR-2026,23.327030620529,13620,3C273,0.47310215234756,86100,AP-N901-F303,0.046968661248684,0.046968661248684,89.769325256348,269.85000610352
17-APR-2026,23.327030620529,13620,3C273,0.47310215234756,86100,AP-N902-F303,0.044660225510597,0.044660225510597,86.538352966309,269.85000610352
17-APR-2026,23.343002990839,13624,3C273,0.47683003544807,86100,AP-N901-F303,0.046968661248684,0.046968661248684,89.769325256348,269.85000610352
17-APR-2026,23.343002990839,13624,3C273,0.47683003544807,86100,AP-N902-F303,0.044660225510597,0.044660225510597,86.538352966309,269.85000610352
17-APR-2026,23.351891963274,13624,3C273,0.47890374064445,86100,AP-N901-F303,0.046968661248684,0.046968661248684,89.769325256348,269.85000610352
17-APR-2026,23.351891963274,13624,3C273,0.47890374064445,86100,AP-N902-F303,0.044660225510597,0.044660225510597,86.538352966309,269.85000610352
17-APR-2026,23.360780932565,13624,3C273,0.48097676038742,86100,AP-N901-F303,0.046968661248684,0.046968661248684,89.769325256348,269.85000610352
17-APR-2026,23.360780932565,13624,3C273,0.48097676038742,86100,AP-N902-F303,0.044660225510597,0.044660225510597,86.538352966309,269.85000610352
17-APR-2026,23.407309141723,13629,M87,0.39616212248802,86100,AP-N901-F303,0,0,104.64918518066,269.45001220703
17-APR-2026,23.407309141723,13629,M87,0.39616212248802,86100,AP-N902-F303,0,0,101.05699157715,269.45001220703
17-APR-2026,23.423281508541,13633,M87,0.39964947104454,86100,AP-N901-F303,0,0,104.64918518066,269.45001220703
17-APR-2026,23.423281508541,13633,M87,0.39964947104454,86100,AP-N902-F303,0,0,101.05699157715,269.45001220703
17-APR-2026,23.432170480626,13633,M87,0.40158861875534,86100,AP-N901-F303,0,0,104.64918518066,269.45001220703
17-APR-2026,23.432170480626,13633,M87,0.40158861875534,86100,AP-N902-F303,0,0,101.05699157715,269.45001220703
17-APR-2026,23.441059450442,13633,M87,0.40352657437325,86100,AP-N901-F303,0,0,104.64918518066,269.45001220703
17-APR-2026,23.441059450442,13633,M87,0.40352657437325,86100,AP-N902-F303,0,0,101.05699157715,269.45001220703
17-APR-2026,23.449948421828,13633,M87,0.40546330809593,86100,AP-N901-F303,0,0,104.64918518066,269.45001220703
17-APR-2026,23.449948421828,13633,M87,0.40546330809593,86100,AP-N902-F303,0,0,101.05699157715,269.45001220703
17-APR-2026,23.458837393215,13633,M87,0.40739884972572,86100,AP-N901-F303,0,0,104.64918518066,269.45001220703
17-APR-2026,23.458837393215,13633,M87,0.40739884972572,86100,AP-N902-F303,0,0,101.05699157715,269.45001220703
17-APR-2026,23.468004143664,13633,M87,0.40939354896545,86100,AP-N901-F303,0,0,104.64918518066,269.45001220703
17-APR-2026,23.468004143664,13633,M87,0.40939354896545,86100,AP-N902-F303,0,0,101.05699157715,269.45001220703
17-APR-2026,23.660644806252,13638,3C273,0.55048030614853,86100,AP-N901-F303,0.048724997788668,0.048724997788668,86.374320983887,269.45001220703
17-APR-2026,23.660644806252,13638,3C273,0.55048030614853,86100,AP-N902-F303,0.046520374715328,0.046520374715328,83.190353393555,269.45001220703
17-APR-2026,23.677172730497,13642,3C273,0.55428487062454,86100,AP-N901-F303,0.048724997788668,0.048724997788668,86.374320983887,269.45001220703
17-APR-2026,23.677172730497,13642,3C273,0.55428487062454,86100,AP-N902-F303,0.046520374715328,0.046520374715328,83.190353393555,269.45001220703
17-APR-2026,23.686061700836,13642,3C273,0.55632984638214,86100,AP-N901-F303,0.048724997788668,0.048724997788668,86.374320983887,269.45001220703
17-APR-2026,23.686061700836,13642,3C273,0.55632984638214,86100,AP-N902-F303,0.046520374715328,0.046520374715328,83.190353393555,269.45001220703
17-APR-2026,23.694950672921,13642,3C273,0.55837386846542,86100,AP-N901-F303,0.048724997788668,0.048724997788668,86.374320983887,269.45001220703
17-APR-2026,23.694950672921,13642,3C273,0.55837386846542,86100,AP-N902-F303,0.046520374715328,0.046520374715328,83.190353393555,269.45001220703
17-APR-2026,23.741756662713,13647,M87,0.46832665801048,86100,AP-N901-F303,0,0,99.539733886719,270.35000610352
17-APR-2026,23.741756662713,13647,M87,0.46832665801048,86100,AP-N902-F303,0,0,96.097854614258,270.35000610352
17-APR-2026,23.757034573493,13651,M87,0.47157716751099,86100,AP-N901-F303,0,0,99.539733886719,270.35000610352
17-APR-2026,23.757034573493,13651,M87,0.47157716751099,86100,AP-N902-F303,0,0,96.097854614258,270.35000610352
17-APR-2026,23.76634021749,13651,M87,0.4735549390316,86100,AP-N901-F303,0,0,99.539733886719,270.35000610352
17-APR-2026,23.76634021749,13651,M87,0.4735549390316,86100,AP-N902-F303,0,0,96.097854614258,270.35000610352
17-APR-2026,23.775229188702,13651,M87,0.47544264793396,86100,AP-N901-F303,0,0,99.539733886719,270.35000610352
17-APR-2026,23.775229188702,13651,M87,0.47544264793396,86100,AP-N902-F303,0,0,96.097854614258,270.35000610352
17-APR-2026,23.784118156771,13651,M87,0.4773288667202,86100,AP-N901-F303,0,0,99.539733886719,270.35000610352
17-APR-2026,23.784118156771,13651,M87,0.4773288667202,86100,AP-N902-F303,0,0,96.097854614258,270.35000610352
17-APR-2026,23.793007129031,13651,M87,0.479213565588,86100,AP-N901-F303,0,0,99.539733886719,270.35000610352
17-APR-2026,23.793007129031,13651,M87,0.479213565588,86100,AP-N902-F303,0,0,96.097854614258,270.35000610352
17-APR-2026,23.802034990997,13651,M87,0.48112621903419,86100,AP-N901-F303,0,0,99.539733886719,270.35000610352
17-APR-2026,23.802034990997,13651,M87,0.48112621903419,86100,AP-N902-F303,0,0,96.097854614258,270.35000610352
17-APR-2026,23.993790336548,13660,3C279,0.58330368995667,86100,AP-N901-F303,0.049401093274355,0.049401093274355,85.111892700195,270.04998779297
17-APR-2026,23.993790336548,13660,3C279,0.58330368995667,86100,AP-N902-F303,0.04707295820117,0.04707295820117,82.026756286621,270.04998779297
18-APR-2026,0.010596273370167,13664,3C279,0.58732044696808,86100,AP-N901-F303,0.049401093274355,0.049401093274355,85.111892700195,270.04998779297
18-APR-2026,0.010596273370167,13664,3C279,0.58732044696808,86100,AP-N902-F303,0.04707295820117,0.04707295820117,82.026756286621,270.04998779297
18-APR-2026,0.019485242836098,13664,3C279,0.58944457769394,86100,AP-N901-F303,0.049401093274355,0.049401093274355,85.111892700195,270.04998779297
18-APR-2026,0.019485242836098,13664,3C279,0.58944457769394,86100,AP-N902-F303,0.04707295820117,0.04707295820117,82.026756286621,270.04998779297
18-APR-2026,0.028374213699013,13664,3C279,0.59156841039658,86100,AP-N901-F303,0.049401093274355,0.049401093274355,85.111892700195,270.04998779297
18-APR-2026,0.028374213699013,13664,3C279,0.59156841039658,86100,AP-N902-F303,0.04707295820117,0.04707295820117,82.026756286621,270.04998779297
18-APR-2026,0.073513522654846,13669,M87,0.5378782749176,86100,AP-N901-F303,0,0,95.966255187988,270.64999389648
18-APR-2026,0.073513522654846,13669,M87,0.5378782749176,86100,AP-N902-F303,0,0,92.509017944336,270.64999389648
18-APR-2026,0.090597003976859,13673,M87,0.54139697551727,86100,AP-N901-F303,0,0,95.966255187988,270.64999389648
18-APR-2026,0.090597003976859,13673,M87,0.54139697551727,86100,AP-N902-F303,0,0,92.509017944336,270.64999389648
18-APR-2026,0.09948597518902,13673,M87,0.54322528839111,86100,AP-N901-F303,0,0,95.966255187988,270.64999389648
18-APR-2026,0.09948597518902,13673,M87,0.54322528839111,86100,AP-N902-F303,0,0,92.509017944336,270.64999389648
18-APR-2026,0.10837494552807,13673,M87,0.54505175352097,86100,AP-N901-F303,0,0,95.966255187988,270.64999389648
18-APR-2026,0.10837494552807,13673,M87,0.54505175352097,86100,AP-N902-F303,0,0,92.509017944336,270.64999389648
18-APR-2026,0.11726391464475,13673,M87,0.54687649011612,86100,AP-N901-F303,0,0,95.966255187988,270.64999389648
18-APR-2026,0.11726391464475,13673,M87,0.54687649011612,86100,AP-N902-F303,0,0,92.509017944336,270.64999389648
18-APR-2026,0.12643066596719,13673,M87,0.54875630140305,86100,AP-N901-F303,0,0,95.966255187988,270.64999389648
18-APR-2026,0.12643066596719,13673,M87,0.54875630140305,86100,AP-N902-F303,0,0,92.509017944336,270.64999389648
18-APR-2026,0.1355974186866,13673,M87,0.55063414573669,86100,AP-N901-F303,0,0,95.966255187988,270.64999389648
18-APR-2026,0.1355974186866,13673,M87,0.55063414573669,86100,AP-N902-F303,0,0,92.509017944336,270.64999389648
18-APR-2026,0.32851585666962,13678,3C273,0.70139712095261,86100,AP-N901-F303,0.050850793719292,0.050850793719292,81.494155883789,270.25
18-APR-2026,0.32851585666962,13678,3C273,0.70139712095261,86100,AP-N902-F303,0.047209892421961,0.047209892421961,78.405662536621,270.25
18-APR-2026,0.34254375974722,13682,3C273,0.70449304580688,86100,AP-N901-F303,0.050850793719292,0.050850793719292,81.494155883789,270.25
18-APR-2026,0.34254375974722,13682,3C273,0.70449304580688,86100,AP-N902-F303,0.047209892421961,0.047209892421961,78.405662536621,270.25
18-APR-2026,0.35143273026089,13682,3C273,0.70645302534103,86100,AP-N901-F303,0.050850793719292,0.050850793719292,81.494155883789,270.25
18-APR-2026,0.35143273026089,13682,3C273,0.70645302534103,86100,AP-N902-F303,0.047209892421961,0.047209892421961,78.405662536621,270.25
18-APR-2026,0.3603216995522,13682,3C273,0.70841157436371,86100,AP-N901-F303,0.050850793719292,0.050850793719292,81.494155883789,270.25
18-APR-2026,0.3603216995522,13682,3C273,0.70841157436371,86100,AP-N902-F303,0.047209892421961,0.047209892421961,78.405662536621,270.25
18-APR-2026,0.40823880105424,13687,M87,0.60554188489914,86100,AP-N901-F303,0,0,93.381523132324,270.75
18-APR-2026,0.40823880105424,13687,M87,0.60554188489914,86100,AP-N902-F303,0,0,90.018905639648,270.75
18-APR-2026,0.424211175905,13691,M87,0.60869812965393,86100,AP-N901-F303,0,0,93.381523132324,270.75
18-APR-2026,0.424211175905,13691,M87,0.60869812965393,86100,AP-N902-F303,0,0,90.018905639648,270.75
18-APR-2026,0.43310014606942,13691,M87,0.61045175790787,86100,AP-N901-F303,0,0,93.381523132324,270.75
18-APR-2026,0.43310014606942,13691,M87,0.61045175790787,86100,AP-N902-F303,0,0,90.018905639648,270.75
18-APR-2026,0.44198911658309,13691,M87,0.61220306158066,86100,AP-N901-F303,0,0,93.381523132324,270.75
18-APR-2026,0.44198911658309,13691,M87,0.61220306158066,86100,AP-N902-F303,0,0,90.018905639648,270.75
18-APR-2026,0.45087808482666,13691,M87,0.61395215988159,86100,AP-N901-F303,0,0,93.381523132324,270.75
18-APR-2026,0.45087808482666,13691,M87,0.61395215988159,86100,AP-N902-F303,0,0,90.018905639648,270.75
18-APR-2026,0.45976705691193,13691,M87,0.61569905281067,86100,AP-N901-F303,0,0,93.381523132324,270.75
18-APR-2026,0.45976705691193,13691,M87,0.61569905281067,86100,AP-N902-F303,0,0,90.018905639648,270.75
18-APR-2026,0.46865602655249,13691,M87,0.61744368076324,86100,AP-N901-F303,0,0,93.381523132324,270.75
18-APR-2026,0.46865602655249,13691,M87,0.61744368076324,86100,AP-N902-F303,0,0,90.018905639648,270.75
18-APR-2026,0.66129668285363,13696,3C273,0.77378273010254,86100,AP-N901-F303,0.049649026244879,0.049649026244879,79.922080993652,271.54998779297
18-APR-2026,0.66129668285363,13696,3C273,0.77378273010254,86100,AP-N902-F303,0.045499987900257,0.045499987900257,76.907096862793,271.54998779297
18-APR-2026,0.6764357054992,13700,3C273,0.77701795101166,86100,AP-N901-F303,0.049649026244879,0.049649026244879,79.922080993652,271.54998779297
18-APR-2026,0.6764357054992,13700,3C273,0.77701795101166,86100,AP-N902-F303,0.045499987900257,0.045499987900257,76.907096862793,271.54998779297
18-APR-2026,0.68532467583825,13700,3C273,0.77891498804092,86100,AP-N901-F303,0.049649026244879,0.049649026244879,79.922080993652,271.54998779297
18-APR-2026,0.68532467583825,13700,3C273,0.77891498804092,86100,AP-N902-F303,0.045499987900257,0.045499987900257,76.907096862793,271.54998779297
18-APR-2026,0.69421364425644,13700,3C273,0.78081005811691,86100,AP-N901-F303,0.049649026244879,0.049649026244879,79.922080993652,271.54998779297
18-APR-2026,0.69421364425644,13700,3C273,0.78081005811691,86100,AP-N902-F303,0.045499987900257,0.045499987900257,76.907096862793,271.54998779297
18-APR-2026,0.74032518342361,13705,M87,0.66961032152176,86100,AP-N901-F303,0,0,91.629096984863,271.45001220703
18-APR-2026,0.74032518342361,13705,M87,0.66961032152176,86100,AP-N902-F303,0,0,88.370964050293,271.45001220703
18-APR-2026,0.75726977661134,13709,M87,0.67278522253036,86100,AP-N901-F303,0,0,91.629096984863,271.45001220703
18-APR-2026,0.75726977661134,13709,M87,0.67278522253036,86100,AP-N902-F303,0,0,88.370964050293,271.45001220703
18-APR-2026,0.76615874677576,13709,M87,0.67444682121277,86100,AP-N901-F303,0,0,91.629096984863,271.45001220703
18-APR-2026,0.76615874677576,13709,M87,0.67444682121277,86100,AP-N902-F303,0,0,88.370964050293,271.45001220703
18-APR-2026,0.77518660734457,13709,M87,0.67613160610199,86100,AP-N901-F303,0,0,91.629096984863,271.45001220703
18-APR-2026,0.77518660734457,13709,M87,0.67613160610199,86100,AP-N902-F303,0,0,88.370964050293,271.45001220703
18-APR-2026,0.78421446564327,13709,M87,0.67781352996826,86100,AP-N901-F303,0,0,91.629096984863,271.45001220703
18-APR-2026,0.78421446564327,13709,M87,0.67781352996826,86100,AP-N902-F303,0,0,88.370964050293,271.45001220703
18-APR-2026,0.79310343598232,13709,M87,0.67946684360504,86100,AP-N901-F303,0,0,91.629096984863,271.45001220703
18-APR-2026,0.79310343598232,13709,M87,0.67946684360504,86100,AP-N902-F303,0,0,88.370964050293,271.45001220703
18-APR-2026,0.80227018852711,13709,M87,0.68116897344589,86100,AP-N901-F303,0,0,91.629096984863,271.45001220703
18-APR-2026,0.80227018852711,13709,M87,0.68116897344589,86100,AP-N902-F303,0,0,88.370964050293,271.45001220703
18-APR-2026,0.99379971321129,13714,3C273,0.84344702959061,86100,AP-N901-F303,0.050733469426632,0.050733469426632,78.802780151367,271.25
18-APR-2026,0.99379971321129,13714,3C273,0.84344702959061,86100,AP-N902-F303,0.045889336615801,0.045889336615801,75.771881103516,271.25
18-APR-2026,10.01027746483,14200,3C454.3,0.41009494662285,86100,AP-N901-F303,0.046294566243887,0.046294566243887,93.579864501953,273.64999389648
18-APR-2026,10.01027746483,14200,3C454.3,0.41009494662285,86100,AP-N902-F303,0.045195393264294,0.045195393264294,90.437164306641,273.64999389648
18-APR-2026,10.019166434995,14200,3C454.3,0.41193303465843,86100,AP-N901-F303,0.046294566243887,0.046294566243887,93.579864501953,273.64999389648
18-APR-2026,10.019166434995,14200,3C454.3,0.41193303465843,86100,AP-N902-F303,0.045195393264294,0.045195393264294,90.437164306641,273.64999389648
18-APR-2026,10.028055405508,14200,3C454.3,0.41376954317093,86100,AP-N901-F303,0.046294566243887,0.046294566243887,93.579864501953,273.64999389648
18-APR-2026,10.028055405508,14200,3C454.3,0.41376954317093,86100,AP-N902-F303,0.045195393264294,0.045195393264294,90.437164306641,273.64999389648
18-APR-2026,10.037222154735,14200,3C454.3,0.41566181182861,86100,AP-N901-F303,0.046294566243887,0.046294566243887,93.579864501953,273.64999389648
18-APR-2026,10.037222154735,14200,3C454.3,0.41566181182861,86100,AP-N902-F303,0.045195393264294,0.045195393264294,90.437164306641,273.64999389648
18-APR-2026,10.046250018796,14200,3C454.3,0.41752383112907,86100,AP-N901-F303,0.046294566243887,0.046294566243887,93.579864501953,273.64999389648
18-APR-2026,10.046250018796,14200,3C454.3,0.41752383112907,86100,AP-N902-F303,0.045195393264294,0.045195393264294,90.437164306641,273.64999389648
18-APR-2026,10.055277879191,14200,3C454.3,0.41938418149948,86100,AP-N901-F303,0.046294566243887,0.046294566243887,93.579864501953,273.64999389648
18-APR-2026,10.055277879191,14200,3C454.3,0.41938418149948,86100,AP-N902-F303,0.045195393264294,0.045195393264294,90.437164306641,273.64999389648
18-APR-2026,10.064166847958,14200,3C454.3,0.42121431231499,86100,AP-N901-F303,0.046294566243887,0.046294566243887,93.579864501953,273.64999389648
18-APR-2026,10.064166847958,14200,3C454.3,0.42121431231499,86100,AP-N902-F303,0.045195393264294,0.045195393264294,90.437164306641,273.64999389648
18-APR-2026,1.0097720836965,13718,3C273,0.84671258926392,86100,AP-N901-F303,0.050733469426632,0.050733469426632,78.802780151367,271.25
18-APR-2026,1.0097720836965,13718,3C273,0.84671258926392,86100,AP-N902-F303,0.045889336615801,0.045889336615801,75.771881103516,271.25
18-APR-2026,1.0186610545594,13718,3C273,0.84852641820908,86100,AP-N901-F303,0.050733469426632,0.050733469426632,78.802780151367,271.25
18-APR-2026,1.0186610545594,13718,3C273,0.84852641820908,86100,AP-N902-F303,0.045889336615801,0.045889336615801,75.771881103516,271.25
18-APR-2026,10.243751824932,14205,BLLAC,0.27172675728798,86100,AP-N901-F303,0.042618539184332,0.042618539184332,108.06731414795,273.75
18-APR-2026,10.243751824932,14205,BLLAC,0.27172675728798,86100,AP-N902-F303,0.042155146598816,0.042155146598816,105.27857208252,273.75
18-APR-2026,10.260001970289,14209,BLLAC,0.27359610795975,86100,AP-N901-F303,0.042618539184332,0.042618539184332,108.06731414795,273.75
18-APR-2026,10.260001970289,14209,BLLAC,0.27359610795975,86100,AP-N902-F303,0.042155146598816,0.042155146598816,105.27857208252,273.75
18-APR-2026,10.268890940628,14209,BLLAC,0.27461493015289,86100,AP-N901-F303,0.042618539184332,0.042618539184332,108.06731414795,273.75
18-APR-2026,10.268890940628,14209,BLLAC,0.27461493015289,86100,AP-N902-F303,0.042155146598816,0.042155146598816,105.27857208252,273.75
18-APR-2026,1.0275500240253,13718,3C273,0.85033774375916,86100,AP-N901-F303,0.050733469426632,0.050733469426632,78.802780151367,271.25
18-APR-2026,1.0275500240253,13718,3C273,0.85033774375916,86100,AP-N902-F303,0.045889336615801,0.045889336615801,75.771881103516,271.25
18-APR-2026,10.277779909221,14209,BLLAC,0.27563095092773,86100,AP-N901-F303,0.042618539184332,0.042618539184332,108.06731414795,273.75
18-APR-2026,10.277779909221,14209,BLLAC,0.27563095092773,86100,AP-N902-F303,0.042155146598816,0.042155146598816,105.27857208252,273.75
18-APR-2026,10.286668880083,14209,BLLAC,0.27664414048195,86100,AP-N901-F303,0.042618539184332,0.042618539184332,108.06731414795,273.75
18-APR-2026,10.286668880083,14209,BLLAC,0.27664414048195,86100,AP-N902-F303,0.042155146598816,0.042155146598816,105.27857208252,273.75
18-APR-2026,10.295696741002,14209,BLLAC,0.27767041325569,86100,AP-N901-F303,0.042618539184332,0.042618539184332,108.06731414795,273.75
18-APR-2026,10.295696741002,14209,BLLAC,0.27767041325569,86100,AP-N902-F303,0.042155146598816,0.042155146598816,105.27857208252,273.75
18-APR-2026,10.30472460192,14209,BLLAC,0.27869388461113,86100,AP-N901-F303,0.042618539184332,0.042618539184332,108.06731414795,273.75
18-APR-2026,10.30472460192,14209,BLLAC,0.27869388461113,86100,AP-N902-F303,0.042155146598816,0.042155146598816,105.27857208252,273.75
18-APR-2026,10.313613571211,14209,BLLAC,0.27969881892204,86100,AP-N901-F303,0.042618539184332,0.042618539184332,108.06731414795,273.75
18-APR-2026,10.313613571211,14209,BLLAC,0.27969881892204,86100,AP-N902-F303,0.042155146598816,0.042155146598816,105.27857208252,273.75
18-APR-2026,10.494309672642,14214,BLLAC,0.29951739311218,86100,AP-N901-F303,0.0433777756989,0.0433777756989,103.43695068359,273.75
18-APR-2026,10.494309672642,14214,BLLAC,0.29951739311218,86100,AP-N902-F303,0.042978104203939,0.042978104203939,100.77640533447,273.75
18-APR-2026,10.510559820269,14218,BLLAC,0.30124127864838,86100,AP-N901-F303,0.0433777756989,0.0433777756989,103.43695068359,273.75
18-APR-2026,10.510559820269,14218,BLLAC,0.30124127864838,86100,AP-N902-F303,0.042978104203939,0.042978104203939,100.77640533447,273.75
18-APR-2026,10.519448791307,14218,BLLAC,0.30218040943146,86100,AP-N901-F303,0.0433777756989,0.0433777756989,103.43695068359,273.75
18-APR-2026,10.519448791307,14218,BLLAC,0.30218040943146,86100,AP-N902-F303,0.042978104203939,0.042978104203939,100.77640533447,273.75
18-APR-2026,10.528337761471,14218,BLLAC,0.30311650037766,86100,AP-N901-F303,0.0433777756989,0.0433777756989,103.43695068359,273.75
18-APR-2026,10.528337761471,14218,BLLAC,0.30311650037766,86100,AP-N902-F303,0.042978104203939,0.042978104203939,100.77640533447,273.75
18-APR-2026,10.537365619944,14218,BLLAC,0.30406433343887,86100,AP-N901-F303,0.0433777756989,0.0433777756989,103.43695068359,273.75
18-APR-2026,10.537365619944,14218,BLLAC,0.30406433343887,86100,AP-N902-F303,0.042978104203939,0.042978104203939,100.77640533447,273.75
18-APR-2026,10.54639347964,14218,BLLAC,0.30500900745392,86100,AP-N901-F303,0.0433777756989,0.0433777756989,103.43695068359,273.75
18-APR-2026,10.54639347964,14218,BLLAC,0.30500900745392,86100,AP-N902-F303,0.042978104203939,0.042978104203939,100.77640533447,273.75
18-APR-2026,10.5552824519,14218,BLLAC,0.30593627691269,86100,AP-N901-F303,0.0433777756989,0.0433777756989,103.43695068359,273.75
18-APR-2026,10.5552824519,14218,BLLAC,0.30593627691269,86100,AP-N902-F303,0.042978104203939,0.042978104203939,100.77640533447,273.75
18-APR-2026,10.564171421715,14218,BLLAC,0.30686047673225,86100,AP-N901-F303,0.0433777756989,0.0433777756989,103.43695068359,273.75
18-APR-2026,10.564171421715,14218,BLLAC,0.30686047673225,86100,AP-N902-F303,0.042978104203939,0.042978104203939,100.77640533447,273.75
18-APR-2026,1.0740782256745,13723,M87,0.73021125793457,86100,AP-N901-F303,0,0,91.066352844238,273.75
18-APR-2026,1.0740782256745,13723,M87,0.73021125793457,86100,AP-N902-F303,0,0,87.716033935547,273.75
18-APR-2026,10.744034178974,14223,BLLAC,0.32491701841354,86100,AP-N901-F303,0.044318020343781,0.044318020343781,100.47806549072,273.54998779297
18-APR-2026,10.744034178974,14223,BLLAC,0.32491701841354,86100,AP-N902-F303,0.043838303536177,0.043838303536177,97.414108276367,273.54998779297
18-APR-2026,10.760839883329,14227,BLLAC,0.32653999328613,86100,AP-N901-F303,0.044318020343781,0.044318020343781,100.47806549072,273.54998779297
18-APR-2026,10.760839883329,14227,BLLAC,0.32653999328613,86100,AP-N902-F303,0.043838303536177,0.043838303536177,97.414108276367,273.54998779297
18-APR-2026,10.769728855589,14227,BLLAC,0.32739415764809,86100,AP-N901-F303,0.044318020343781,0.044318020343781,100.47806549072,273.54998779297
18-APR-2026,10.769728855589,14227,BLLAC,0.32739415764809,86100,AP-N902-F303,0.043838303536177,0.043838303536177,97.414108276367,273.54998779297
18-APR-2026,10.778617825928,14227,BLLAC,0.32824510335922,86100,AP-N901-F303,0.044318020343781,0.044318020343781,100.47806549072,273.54998779297
18-APR-2026,10.778617825928,14227,BLLAC,0.32824510335922,86100,AP-N902-F303,0.043838303536177,0.043838303536177,97.414108276367,273.54998779297
18-APR-2026,10.787784576202,14227,BLLAC,0.32911935448647,86100,AP-N901-F303,0.044318020343781,0.044318020343781,100.47806549072,273.54998779297
18-APR-2026,10.787784576202,14227,BLLAC,0.32911935448647,86100,AP-N902-F303,0.043838303536177,0.043838303536177,97.414108276367,273.54998779297
18-APR-2026,10.796673546541,14227,BLLAC,0.32996395230293,86100,AP-N901-F303,0.044318020343781,0.044318020343781,100.47806549072,273.54998779297
18-APR-2026,10.796673546541,14227,BLLAC,0.32996395230293,86100,AP-N902-F303,0.043838303536177,0.043838303536177,97.414108276367,273.54998779297
18-APR-2026,10.805562517579,14227,BLLAC,0.33080539107323,86100,AP-N901-F303,0.044318020343781,0.044318020343781,100.47806549072,273.54998779297
18-APR-2026,10.805562517579,14227,BLLAC,0.33080539107323,86100,AP-N902-F303,0.043838303536177,0.043838303536177,97.414108276367,273.54998779297
18-APR-2026,10.814451487743,14227,BLLAC,0.33164370059967,86100,AP-N901-F303,0.044318020343781,0.044318020343781,100.47806549072,273.54998779297
18-APR-2026,10.814451487743,14227,BLLAC,0.33164370059967,86100,AP-N902-F303,0.043838303536177,0.043838303536177,97.414108276367,273.54998779297
18-APR-2026,1.0911617146799,13727,M87,0.73319548368454,86100,AP-N901-F303,0,0,91.066352844238,273.75
18-APR-2026,1.0911617146799,13727,M87,0.73319548368454,86100,AP-N902-F303,0,0,87.716033935547,273.75
18-APR-2026,10.994434816583,14235,BLLAC,0.347930341959,86100,AP-N901-F303,0.045032795518637,0.045032795518637,98.015907287598,273.25
18-APR-2026,10.994434816583,14235,BLLAC,0.347930341959,86100,AP-N902-F303,0.044479582458735,0.044479582458735,95.25316619873,273.25
18-APR-2026,1.1000506857174,13727,M87,0.73474335670471,86100,AP-N901-F303,0,0,91.066352844238,273.75
18-APR-2026,1.1000506857174,13727,M87,0.73474335670471,86100,AP-N902-F303,0,0,87.716033935547,273.75
18-APR-2026,11.010684962987,14239,BLLAC,0.34933513402939,86100,AP-N901-F303,0.045032795518637,0.045032795518637,98.015907287598,273.25
18-APR-2026,11.010684962987,14239,BLLAC,0.34933513402939,86100,AP-N902-F303,0.044479582458735,0.044479582458735,95.25316619873,273.25
18-APR-2026,11.019573932628,14239,BLLAC,0.3500991165638,86100,AP-N901-F303,0.045032795518637,0.045032795518637,98.015907287598,273.25
18-APR-2026,11.019573932628,14239,BLLAC,0.3500991165638,86100,AP-N902-F303,0.044479582458735,0.044479582458735,95.25316619873,273.25
18-APR-2026,11.028740683776,14239,BLLAC,0.35088339447975,86100,AP-N901-F303,0.045032795518637,0.045032795518637,98.015907287598,273.25
18-APR-2026,11.028740683776,14239,BLLAC,0.35088339447975,86100,AP-N902-F303,0.044479582458735,0.044479582458735,95.25316619873,273.25
18-APR-2026,11.037629654115,14239,BLLAC,0.35164058208466,86100,AP-N901-F303,0.045032795518637,0.045032795518637,98.015907287598,273.25
18-APR-2026,11.037629654115,14239,BLLAC,0.35164058208466,86100,AP-N902-F303,0.044479582458735,0.044479582458735,95.25316619873,273.25
18-APR-2026,11.046518624279,14239,BLLAC,0.3523944914341,86100,AP-N901-F303,0.045032795518637,0.045032795518637,98.015907287598,273.25
18-APR-2026,11.046518624279,14239,BLLAC,0.3523944914341,86100,AP-N902-F303,0.044479582458735,0.044479582458735,95.25316619873,273.25
18-APR-2026,11.055407593221,14239,BLLAC,0.35314497351646,86100,AP-N901-F303,0.045032795518637,0.045032795518637,98.015907287598,273.25
18-APR-2026,11.055407593221,14239,BLLAC,0.35314497351646,86100,AP-N902-F303,0.044479582458735,0.044479582458735,95.25316619873,273.25
18-APR-2026,11.064296563909,14239,BLLAC,0.35389220714569,86100,AP-N901-F303,0.045032795518637,0.045032795518637,98.015907287598,273.25
18-APR-2026,11.064296563909,14239,BLLAC,0.35389220714569,86100,AP-N902-F303,0.044479582458735,0.044479582458735,95.25316619873,273.25
18-APR-2026,1.1090785447146,13727,M87,0.73631191253662,86100,AP-N901-F303,0,0,91.066352844238,273.75
18-APR-2026,1.1090785447146,13727,M87,0.73631191253662,86100,AP-N902-F303,0,0,87.716033935547,273.75
18-APR-2026,1.1181064066804,13727,M87,0.73787707090378,86100,AP-N901-F303,0,0,91.066352844238,273.75
18-APR-2026,1.1181064066804,13727,M87,0.73787707090378,86100,AP-N902-F303,0,0,87.716033935547,273.75
18-APR-2026,11.244159319422,14244,BLLAC,0.36828565597534,86100,AP-N901-F303,0.045213904231787,0.045213904231787,96.296798706055,272.64999389648
18-APR-2026,11.244159319422,14244,BLLAC,0.36828565597534,86100,AP-N902-F303,0.043964322656393,0.043964322656393,93.262786865234,272.64999389648
18-APR-2026,11.260687252398,14248,BLLAC,0.36953786015511,86100,AP-N901-F303,0.045213904231787,0.045213904231787,96.296798706055,272.64999389648
18-APR-2026,11.260687252398,14248,BLLAC,0.36953786015511,86100,AP-N902-F303,0.043964322656393,0.043964322656393,93.262786865234,272.64999389648
18-APR-2026,11.269576221689,14248,BLLAC,0.37020653486252,86100,AP-N901-F303,0.045213904231787,0.045213904231787,96.296798706055,272.64999389648
18-APR-2026,11.269576221689,14248,BLLAC,0.37020653486252,86100,AP-N902-F303,0.043964322656393,0.043964322656393,93.262786865234,272.64999389648
18-APR-2026,1.1269953771941,13727,M87,0.7394146323204,86100,AP-N901-F303,0,0,91.066352844238,273.75
18-APR-2026,1.1269953771941,13727,M87,0.7394146323204,86100,AP-N902-F303,0,0,87.716033935547,273.75
18-APR-2026,11.278465193949,14248,BLLAC,0.37087154388428,86100,AP-N901-F303,0.045213904231787,0.045213904231787,96.296798706055,272.64999389648
18-APR-2026,11.278465193949,14248,BLLAC,0.37087154388428,86100,AP-N902-F303,0.043964322656393,0.043964322656393,93.262786865234,272.64999389648
18-APR-2026,11.287354163066,14248,BLLAC,0.37153318524361,86100,AP-N901-F303,0.045213904231787,0.045213904231787,96.296798706055,272.64999389648
18-APR-2026,11.287354163066,14248,BLLAC,0.37153318524361,86100,AP-N902-F303,0.043964322656393,0.043964322656393,93.262786865234,272.64999389648
18-APR-2026,11.296243133055,14248,BLLAC,0.37219122052193,86100,AP-N901-F303,0.045213904231787,0.045213904231787,96.296798706055,272.64999389648
18-APR-2026,11.296243133055,14248,BLLAC,0.37219122052193,86100,AP-N902-F303,0.043964322656393,0.043964322656393,93.262786865234,272.64999389648
18-APR-2026,11.305132101648,14248,BLLAC,0.37284582853317,86100,AP-N901-F303,0.045213904231787,0.045213904231787,96.296798706055,272.64999389648
18-APR-2026,11.305132101648,14248,BLLAC,0.37284582853317,86100,AP-N902-F303,0.043964322656393,0.043964322656393,93.262786865234,272.64999389648
18-APR-2026,11.314021073035,14248,BLLAC,0.37349689006805,86100,AP-N901-F303,0.045213904231787,0.045213904231787,96.296798706055,272.64999389648
18-APR-2026,11.314021073035,14248,BLLAC,0.37349689006805,86100,AP-N902-F303,0.043964322656393,0.043964322656393,93.262786865234,272.64999389648
18-APR-2026,1.1364399075791,13727,M87,0.74104464054108,86100,AP-N901-F303,0,0,91.066352844238,273.75
18-APR-2026,1.1364399075791,13727,M87,0.74104464054108,86100,AP-N902-F303,0,0,87.716033935547,273.75
18-APR-2026,11.494439395054,14253,3C454.3,0.68813955783844,86100,AP-N901-F303,0.051852028816938,0.051852028816938,82.255798339844,272.25
18-APR-2026,11.494439395054,14253,3C454.3,0.68813955783844,86100,AP-N902-F303,0.048871845006943,0.048871845006943,79.445678710938,272.25
18-APR-2026,11.510689539014,14257,3C454.3,0.69075930118561,86100,AP-N901-F303,0.051852028816938,0.051852028816938,82.255798339844,272.25
18-APR-2026,11.510689539014,14257,3C454.3,0.69075930118561,86100,AP-N902-F303,0.048871845006943,0.048871845006943,79.445678710938,272.25
18-APR-2026,11.51957850848,14257,3C454.3,0.69218736886978,86100,AP-N901-F303,0.051852028816938,0.051852028816938,82.255798339844,272.25
18-APR-2026,11.51957850848,14257,3C454.3,0.69218736886978,86100,AP-N902-F303,0.048871845006943,0.048871845006943,79.445678710938,272.25
18-APR-2026,11.528467478819,14257,3C454.3,0.69361174106598,86100,AP-N901-F303,0.051852028816938,0.051852028816938,82.255798339844,272.25
18-APR-2026,11.528467478819,14257,3C454.3,0.69361174106598,86100,AP-N902-F303,0.048871845006943,0.048871845006943,79.445678710938,272.25
18-APR-2026,11.537356449158,14257,3C454.3,0.69503259658813,86100,AP-N901-F303,0.051852028816938,0.051852028816938,82.255798339844,272.25
18-APR-2026,11.537356449158,14257,3C454.3,0.69503259658813,86100,AP-N902-F303,0.048871845006943,0.048871845006943,79.445678710938,272.25
18-APR-2026,11.546384308854,14257,3C454.3,0.69647181034088,86100,AP-N901-F303,0.051852028816938,0.051852028816938,82.255798339844,272.25
18-APR-2026,11.546384308854,14257,3C454.3,0.69647181034088,86100,AP-N902-F303,0.048871845006943,0.048871845006943,79.445678710938,272.25
18-APR-2026,11.555412168375,14257,3C454.3,0.69790732860565,86100,AP-N901-F303,0.051852028816938,0.051852028816938,82.255798339844,272.25
18-APR-2026,11.555412168375,14257,3C454.3,0.69790732860565,86100,AP-N902-F303,0.048871845006943,0.048871845006943,79.445678710938,272.25
18-APR-2026,11.564301139762,14257,3C454.3,0.69931703805923,86100,AP-N901-F303,0.051852028816938,0.051852028816938,82.255798339844,272.25
18-APR-2026,11.564301139762,14257,3C454.3,0.69931703805923,86100,AP-N902-F303,0.048871845006943,0.048871845006943,79.445678710938,272.25
18-APR-2026,11.744046753988,14265,3C454.3,0.72700572013855,86100,AP-N901-F303,0.053169246762991,0.053169246762991,81.208084106445,272.75
18-APR-2026,11.744046753988,14265,3C454.3,0.72700572013855,86100,AP-N902-F303,0.049987982958555,0.049987982958555,78.310775756836,272.75
18-APR-2026,11.760852460962,14269,3C454.3,0.72951167821884,86100,AP-N901-F303,0.053169246762991,0.053169246762991,81.208084106445,272.75
18-APR-2026,11.760852460962,14269,3C454.3,0.72951167821884,86100,AP-N902-F303,0.049987982958555,0.049987982958555,78.310775756836,272.75
18-APR-2026,11.77001920984,14269,3C454.3,0.73087257146835,86100,AP-N901-F303,0.053169246762991,0.053169246762991,81.208084106445,272.75
18-APR-2026,11.77001920984,14269,3C454.3,0.73087257146835,86100,AP-N902-F303,0.049987982958555,0.049987982958555,78.310775756836,272.75
18-APR-2026,11.778908178607,14269,3C454.3,0.73218792676926,86100,AP-N901-F303,0.053169246762991,0.053169246762991,81.208084106445,272.75
18-APR-2026,11.778908178607,14269,3C454.3,0.73218792676926,86100,AP-N902-F303,0.049987982958555,0.049987982958555,78.310775756836,272.75
18-APR-2026,11.787797148946,14269,3C454.3,0.73349916934967,86100,AP-N901-F303,0.053169246762991,0.053169246762991,81.208084106445,272.75
18-APR-2026,11.787797148946,14269,3C454.3,0.73349916934967,86100,AP-N902-F303,0.049987982958555,0.049987982958555,78.310775756836,272.75
18-APR-2026,11.796686117364,14269,3C454.3,0.73480623960495,86100,AP-N901-F303,0.053169246762991,0.053169246762991,81.208084106445,272.75
18-APR-2026,11.796686117364,14269,3C454.3,0.73480623960495,86100,AP-N902-F303,0.049987982958555,0.049987982958555,78.310775756836,272.75
18-APR-2026,11.805575087703,14269,3C454.3,0.7361091375351,86100,AP-N901-F303,0.053169246762991,0.053169246762991,81.208084106445,272.75
18-APR-2026,11.805575087703,14269,3C454.3,0.7361091375351,86100,AP-N902-F303,0.049987982958555,0.049987982958555,78.310775756836,272.75
18-APR-2026,11.814464058915,14269,3C454.3,0.73740780353546,86100,AP-N901-F303,0.053169246762991,0.053169246762991,81.208084106445,272.75
18-APR-2026,11.814464058915,14269,3C454.3,0.73740780353546,86100,AP-N902-F303,0.049987982958555,0.049987982958555,78.310775756836,272.75
18-APR-2026,11.994326807443,14274,BLLAC,0.41250172257423,86100,AP-N901-F303,0.046297248452902,0.046297248452902,92.36385345459,272.95001220703
18-APR-2026,11.994326807443,14274,BLLAC,0.41250172257423,86100,AP-N902-F303,0.045309964567423,0.045309964567423,89.327224731445,272.95001220703
18-APR-2026,12.010854733259,14278,BLLAC,0.41317361593246,86100,AP-N901-F303,0.046297248452902,0.046297248452902,92.36385345459,272.95001220703
18-APR-2026,12.010854733259,14278,BLLAC,0.41317361593246,86100,AP-N902-F303,0.045309964567423,0.045309964567423,89.327224731445,272.95001220703
18-APR-2026,12.019743702376,14278,BLLAC,0.4135294854641,86100,AP-N901-F303,0.046297248452902,0.046297248452902,92.36385345459,272.95001220703
18-APR-2026,12.019743702376,14278,BLLAC,0.4135294854641,86100,AP-N902-F303,0.045309964567423,0.045309964567423,89.327224731445,272.95001220703
18-APR-2026,12.028632672715,14278,BLLAC,0.41388145089149,86100,AP-N901-F303,0.046297248452902,0.046297248452902,92.36385345459,272.95001220703
18-APR-2026,12.028632672715,14278,BLLAC,0.41388145089149,86100,AP-N902-F303,0.045309964567423,0.045309964567423,89.327224731445,272.95001220703
18-APR-2026,12.037521643229,14278,BLLAC,0.41422957181931,86100,AP-N901-F303,0.046297248452902,0.046297248452902,92.36385345459,272.95001220703
18-APR-2026,12.037521643229,14278,BLLAC,0.41422957181931,86100,AP-N902-F303,0.045309964567423,0.045309964567423,89.327224731445,272.95001220703
18-APR-2026,12.046410613044,14278,BLLAC,0.41457369923592,86100,AP-N901-F303,0.046297248452902,0.046297248452902,92.36385345459,272.95001220703
18-APR-2026,12.046410613044,14278,BLLAC,0.41457369923592,86100,AP-N902-F303,0.045309964567423,0.045309964567423,89.327224731445,272.95001220703
18-APR-2026,12.055299584955,14278,BLLAC,0.41491395235062,86100,AP-N901-F303,0.046297248452902,0.046297248452902,92.36385345459,272.95001220703
18-APR-2026,12.055299584955,14278,BLLAC,0.41491395235062,86100,AP-N902-F303,0.045309964567423,0.045309964567423,89.327224731445,272.95001220703
18-APR-2026,12.064188553722,14278,BLLAC,0.41525033116341,86100,AP-N901-F303,0.046297248452902,0.046297248452902,92.36385345459,272.95001220703
18-APR-2026,12.064188553722,14278,BLLAC,0.41525033116341,86100,AP-N902-F303,0.045309964567423,0.045309964567423,89.327224731445,272.95001220703
18-APR-2026,12.244051304694,14283,3C454.3,0.79474997520447,86100,AP-N901-F303,0.05295180529356,0.05295180529356,79.778335571289,273.95001220703
18-APR-2026,12.244051304694,14283,3C454.3,0.79474997520447,86100,AP-N902-F303,0.049710974097252,0.049710974097252,77.061241149902,273.95001220703
18-APR-2026,12.260023675179,14287,3C454.3,0.79666078090668,86100,AP-N901-F303,0.05295180529356,0.05295180529356,79.778335571289,273.95001220703
18-APR-2026,12.260023675179,14287,3C454.3,0.79666078090668,86100,AP-N902-F303,0.049710974097252,0.049710974097252,77.061241149902,273.95001220703
18-APR-2026,12.269190423883,14287,3C454.3,0.79774993658066,86100,AP-N901-F303,0.05295180529356,0.05295180529356,79.778335571289,273.95001220703
18-APR-2026,12.269190423883,14287,3C454.3,0.79774993658066,86100,AP-N902-F303,0.049710974097252,0.049710974097252,77.061241149902,273.95001220703
18-APR-2026,12.27807939492,14287,3C454.3,0.79880064725876,86100,AP-N901-F303,0.05295180529356,0.05295180529356,79.778335571289,273.95001220703
18-APR-2026,12.27807939492,14287,3C454.3,0.79880064725876,86100,AP-N902-F303,0.049710974097252,0.049710974097252,77.061241149902,273.95001220703
18-APR-2026,12.28724614764,14287,3C454.3,0.79987865686417,86100,AP-N901-F303,0.05295180529356,0.05295180529356,79.778335571289,273.95001220703
18-APR-2026,12.28724614764,14287,3C454.3,0.79987865686417,86100,AP-N902-F303,0.049710974097252,0.049710974097252,77.061241149902,273.95001220703
18-APR-2026,12.296412896692,14287,3C454.3,0.80095094442368,86100,AP-N901-F303,0.05295180529356,0.05295180529356,79.778335571289,273.95001220703
18-APR-2026,12.296412896692,14287,3C454.3,0.80095094442368,86100,AP-N902-F303,0.049710974097252,0.049710974097252,77.061241149902,273.95001220703
18-APR-2026,12.305301867031,14287,3C454.3,0.80198532342911,86100,AP-N901-F303,0.05295180529356,0.05295180529356,79.778335571289,273.95001220703
18-APR-2026,12.305301867031,14287,3C454.3,0.80198532342911,86100,AP-N902-F303,0.049710974097252,0.049710974097252,77.061241149902,273.95001220703
18-APR-2026,12.314190835624,14287,3C454.3,0.80301433801651,86100,AP-N901-F303,0.05295180529356,0.05295180529356,79.778335571289,273.95001220703
18-APR-2026,12.314190835624,14287,3C454.3,0.80301433801651,86100,AP-N902-F303,0.049710974097252,0.049710974097252,77.061241149902,273.95001220703
18-APR-2026,12.495164721007,14292,3C454.3,0.82275778055191,86100,AP-N901-F303,0.055393692106009,0.055393692106009,79.471977233887,274.95001220703
18-APR-2026,12.495164721007,14292,3C454.3,0.82275778055191,86100,AP-N902-F303,0.052983429282904,0.052983429282904,76.664901733398,274.95001220703
18-APR-2026,12.51058152516,14296,3C454.3,0.82432973384857,86100,AP-N901-F303,0.055393692106009,0.055393692106009,79.471977233887,274.95001220703
18-APR-2026,12.51058152516,14296,3C454.3,0.82432973384857,86100,AP-N902-F303,0.052983429282904,0.052983429282904,76.664901733398,274.95001220703
18-APR-2026,12.519470495324,14296,3C454.3,0.82522827386856,86100,AP-N901-F303,0.055393692106009,0.055393692106009,79.471977233887,274.95001220703
18-APR-2026,12.519470495324,14296,3C454.3,0.82522827386856,86100,AP-N902-F303,0.052983429282904,0.052983429282904,76.664901733398,274.95001220703
18-APR-2026,12.528776137051,14296,3C454.3,0.82616257667542,86100,AP-N901-F303,0.055393692106009,0.055393692106009,79.471977233887,274.95001220703
18-APR-2026,12.528776137051,14296,3C454.3,0.82616257667542,86100,AP-N902-F303,0.052983429282904,0.052983429282904,76.664901733398,274.95001220703
18-APR-2026,12.537803998318,14296,3C454.3,0.8270628452301,86100,AP-N901-F303,0.055393692106009,0.055393692106009,79.471977233887,274.95001220703
18-APR-2026,12.537803998318,14296,3C454.3,0.8270628452301,86100,AP-N902-F303,0.052983429282904,0.052983429282904,76.664901733398,274.95001220703
18-APR-2026,12.546970748418,14296,3C454.3,0.82797062397003,86100,AP-N901-F303,0.055393692106009,0.055393692106009,79.471977233887,274.95001220703
18-APR-2026,12.546970748418,14296,3C454.3,0.82797062397003,86100,AP-N902-F303,0.052983429282904,0.052983429282904,76.664901733398,274.95001220703
18-APR-2026,12.555859717535,14296,3C454.3,0.82884484529495,86100,AP-N901-F303,0.055393692106009,0.055393692106009,79.471977233887,274.95001220703
18-APR-2026,12.555859717535,14296,3C454.3,0.82884484529495,86100,AP-N902-F303,0.052983429282904,0.052983429282904,76.664901733398,274.95001220703
18-APR-2026,12.564748688398,14296,3C454.3,0.8297131061554,86100,AP-N901-F303,0.055393692106009,0.055393692106009,79.471977233887,274.95001220703
18-APR-2026,12.564748688398,14296,3C454.3,0.8297131061554,86100,AP-N902-F303,0.052983429282904,0.052983429282904,76.664901733398,274.95001220703
18-APR-2026,12.744333662403,14301,3C454.3,0.84593725204468,86100,AP-N901-F303,0.053237807005644,0.053237807005644,79.010177612305,276.14999389648
18-APR-2026,12.744333662403,14301,3C454.3,0.84593725204468,86100,AP-N902-F303,0.049420434981585,0.049420434981585,76.08390045166,276.14999389648
18-APR-2026,12.76030602503,14305,3C454.3,0.84725517034531,86100,AP-N901-F303,0.053237807005644,0.053237807005644,79.010177612305,276.14999389648
18-APR-2026,12.76030602503,14305,3C454.3,0.84725517034531,86100,AP-N902-F303,0.049420434981585,0.049420434981585,76.08390045166,276.14999389648
18-APR-2026,12.769194996592,14305,3C454.3,0.84797978401184,86100,AP-N901-F303,0.053237807005644,0.053237807005644,79.010177612305,276.14999389648
18-APR-2026,12.769194996592,14305,3C454.3,0.84797978401184,86100,AP-N902-F303,0.049420434981585,0.049420434981585,76.08390045166,276.14999389648
18-APR-2026,12.778083965883,14305,3C454.3,0.84869784116745,86100,AP-N901-F303,0.053237807005644,0.053237807005644,79.010177612305,276.14999389648
18-APR-2026,12.778083965883,14305,3C454.3,0.84869784116745,86100,AP-N902-F303,0.049420434981585,0.049420434981585,76.08390045166,276.14999389648
18-APR-2026,12.787111825753,14305,3C454.3,0.84942048788071,86100,AP-N901-F303,0.053237807005644,0.053237807005644,79.010177612305,276.14999389648
18-APR-2026,12.787111825753,14305,3C454.3,0.84942048788071,86100,AP-N902-F303,0.049420434981585,0.049420434981585,76.08390045166,276.14999389648
18-APR-2026,12.796139684576,14305,3C454.3,0.85013657808304,86100,AP-N901-F303,0.053237807005644,0.053237807005644,79.010177612305,276.14999389648
18-APR-2026,12.796139684576,14305,3C454.3,0.85013657808304,86100,AP-N902-F303,0.049420434981585,0.049420434981585,76.08390045166,276.14999389648
18-APR-2026,12.805028653867,14305,3C454.3,0.85083490610123,86100,AP-N901-F303,0.053237807005644,0.053237807005644,79.010177612305,276.14999389648
18-APR-2026,12.805028653867,14305,3C454.3,0.85083490610123,86100,AP-N902-F303,0.049420434981585,0.049420434981585,76.08390045166,276.14999389648
18-APR-2026,12.813917626127,14305,3C454.3,0.85152667760849,86100,AP-N901-F303,0.053237807005644,0.053237807005644,79.010177612305,276.14999389648
18-APR-2026,12.813917626127,14305,3C454.3,0.85152667760849,86100,AP-N902-F303,0.049420434981585,0.049420434981585,76.08390045166,276.14999389648
18-APR-2026,12.994335936971,14310,BLLAC,0.42830947041512,86100,AP-N901-F303,0.046907849609852,0.046907849609852,91.992752075195,277.54998779297
18-APR-2026,12.994335936971,14310,BLLAC,0.42830947041512,86100,AP-N902-F303,0.046109165996313,0.046109165996313,88.614936828613,277.54998779297
18-APR-2026,13.010863860866,14314,BLLAC,0.42814031243324,86100,AP-N901-F303,0.046907849609852,0.046907849609852,91.992752075195,277.54998779297
18-APR-2026,13.010863860866,14314,BLLAC,0.42814031243324,86100,AP-N902-F303,0.046109165996313,0.046109165996313,88.614936828613,277.54998779297
18-APR-2026,13.020030609395,14314,BLLAC,0.42804011702538,86100,AP-N901-F303,0.046907849609852,0.046907849609852,91.992752075195,277.54998779297
18-APR-2026,13.020030609395,14314,BLLAC,0.42804011702538,86100,AP-N902-F303,0.046109165996313,0.046109165996313,88.614936828613,277.54998779297
18-APR-2026,13.028919578861,14314,BLLAC,0.42793914675713,86100,AP-N901-F303,0.046907849609852,0.046907849609852,91.992752075195,277.54998779297
18-APR-2026,13.028919578861,14314,BLLAC,0.42793914675713,86100,AP-N902-F303,0.046109165996313,0.046109165996313,88.614936828613,277.54998779297
18-APR-2026,13.037808549898,14314,BLLAC,0.42783406376839,86100,AP-N901-F303,0.046907849609852,0.046907849609852,91.992752075195,277.54998779297
18-APR-2026,13.037808549898,14314,BLLAC,0.42783406376839,86100,AP-N902-F303,0.046109165996313,0.046109165996313,88.614936828613,277.54998779297
18-APR-2026,13.046697520586,14314,BLLAC,0.4277249276638,86100,AP-N901-F303,0.046907849609852,0.046907849609852,91.992752075195,277.54998779297
18-APR-2026,13.046697520586,14314,BLLAC,0.4277249276638,86100,AP-N902-F303,0.046109165996313,0.046109165996313,88.614936828613,277.54998779297
18-APR-2026,13.055586491799,14314,BLLAC,0.42761173844337,86100,AP-N901-F303,0.046907849609852,0.046907849609852,91.992752075195,277.54998779297
18-APR-2026,13.055586491799,14314,BLLAC,0.42761173844337,86100,AP-N902-F303,0.046109165996313,0.046109165996313,88.614936828613,277.54998779297
18-APR-2026,13.064475460915,14314,BLLAC,0.42749443650246,86100,AP-N901-F303,0.046907849609852,0.046907849609852,91.992752075195,277.54998779297
18-APR-2026,13.064475460915,14314,BLLAC,0.42749443650246,86100,AP-N902-F303,0.046109165996313,0.046109165996313,88.614936828613,277.54998779297
18-APR-2026,13.244060434571,14319,3C454.3,0.87680947780609,86100,AP-N901-F303,0.054265879094601,0.054265879094601,78.689277648926,276.95001220703
18-APR-2026,13.244060434571,14319,3C454.3,0.87680947780609,86100,AP-N902-F303,0.050245888531208,0.050245888531208,75.654747009277,276.95001220703
18-APR-2026,13.260310586214,14323,3C454.3,0.87743759155273,86100,AP-N901-F303,0.054265879094601,0.054265879094601,78.689277648926,276.95001220703
18-APR-2026,13.260310586214,14323,3C454.3,0.87743759155273,86100,AP-N902-F303,0.050245888531208,0.050245888531208,75.654747009277,276.95001220703
18-APR-2026,13.269199557776,14323,3C454.3,0.87777090072632,86100,AP-N901-F303,0.054265879094601,0.054265879094601,78.689277648926,276.95001220703
18-APR-2026,13.269199557776,14323,3C454.3,0.87777090072632,86100,AP-N902-F303,0.050245888531208,0.050245888531208,75.654747009277,276.95001220703
18-APR-2026,1.3269880418542,13736,3C273,0.90971308946609,86100,AP-N901-F303,0.052875604480505,0.052875604480505,77.826011657715,274.14999389648
18-APR-2026,1.3269880418542,13736,3C273,0.90971308946609,86100,AP-N902-F303,0.049209877848625,0.049209877848625,74.816116333008,274.14999389648
18-APR-2026,13.278088526019,14323,3C454.3,0.87809681892395,86100,AP-N901-F303,0.054265879094601,0.054265879094601,78.689277648926,276.95001220703
18-APR-2026,13.278088526019,14323,3C454.3,0.87809681892395,86100,AP-N902-F303,0.050245888531208,0.050245888531208,75.654747009277,276.95001220703
18-APR-2026,13.286977495485,14323,3C454.3,0.87841534614563,86100,AP-N901-F303,0.054265879094601,0.054265879094601,78.689277648926,276.95001220703
18-APR-2026,13.286977495485,14323,3C454.3,0.87841534614563,86100,AP-N902-F303,0.050245888531208,0.050245888531208,75.654747009277,276.95001220703
18-APR-2026,13.296144244538,14323,3C454.3,0.87873613834381,86100,AP-N901-F303,0.054265879094601,0.054265879094601,78.689277648926,276.95001220703
18-APR-2026,13.296144244538,14323,3C454.3,0.87873613834381,86100,AP-N902-F303,0.050245888531208,0.050245888531208,75.654747009277,276.95001220703
18-APR-2026,13.305033215226,14323,3C454.3,0.87903970479965,86100,AP-N901-F303,0.054265879094601,0.054265879094601,78.689277648926,276.95001220703
18-APR-2026,13.305033215226,14323,3C454.3,0.87903970479965,86100,AP-N902-F303,0.050245888531208,0.050245888531208,75.654747009277,276.95001220703
18-APR-2026,13.313922185216,14323,3C454.3,0.8793358206749,86100,AP-N901-F303,0.054265879094601,0.054265879094601,78.689277648926,276.95001220703
18-APR-2026,13.313922185216,14323,3C454.3,0.8793358206749,86100,AP-N902-F303,0.050245888531208,0.050245888531208,75.654747009277,276.95001220703
18-APR-2026,1.3429604147841,13740,3C273,0.91278153657913,86100,AP-N901-F303,0.052875604480505,0.052875604480505,77.826011657715,274.14999389648
18-APR-2026,1.3429604147841,13740,3C273,0.91278153657913,86100,AP-N902-F303,0.049209877848625,0.049209877848625,74.816116333008,274.14999389648
18-APR-2026,13.497303433145,14331,3C454.3,0.88378006219864,86100,AP-N901-F303,0.056392509490252,0.056392509490252,78.330101013184,277.45001220703
18-APR-2026,13.497303433145,14331,3C454.3,0.88378006219864,86100,AP-N902-F303,0.053452737629414,0.053452737629414,75.525062561035,277.45001220703
18-APR-2026,13.510775782987,14335,3C454.3,0.88398015499115,86100,AP-N901-F303,0.056392509490252,0.056392509490252,78.330101013184,277.45001220703
18-APR-2026,13.510775782987,14335,3C454.3,0.88398015499115,86100,AP-N902-F303,0.053452737629414,0.053452737629414,75.525062561035,277.45001220703
18-APR-2026,1.3518493844247,13740,3C273,0.91448450088501,86100,AP-N901-F303,0.052875604480505,0.052875604480505,77.826011657715,274.14999389648
18-APR-2026,1.3518493844247,13740,3C273,0.91448450088501,86100,AP-N902-F303,0.049209877848625,0.049209877848625,74.816116333008,274.14999389648
18-APR-2026,13.519664752628,14335,3C454.3,0.88410288095474,86100,AP-N901-F303,0.056392509490252,0.056392509490252,78.330101013184,277.45001220703
18-APR-2026,13.519664752628,14335,3C454.3,0.88410288095474,86100,AP-N902-F303,0.053452737629414,0.053452737629414,75.525062561035,277.45001220703
18-APR-2026,13.528553722268,14335,3C454.3,0.8842179775238,86100,AP-N901-F303,0.056392509490252,0.056392509490252,78.330101013184,277.45001220703
18-APR-2026,13.528553722268,14335,3C454.3,0.8842179775238,86100,AP-N902-F303,0.053452737629414,0.053452737629414,75.525062561035,277.45001220703
18-APR-2026,13.53758158144,14335,3C454.3,0.88432705402374,86100,AP-N901-F303,0.056392509490252,0.056392509490252,78.330101013184,277.45001220703
18-APR-2026,13.53758158144,14335,3C454.3,0.88432705402374,86100,AP-N902-F303,0.053452737629414,0.053452737629414,75.525062561035,277.45001220703
18-APR-2026,13.54660944166,14335,3C454.3,0.88442838191986,86100,AP-N901-F303,0.056392509490252,0.056392509490252,78.330101013184,277.45001220703
18-APR-2026,13.54660944166,14335,3C454.3,0.88442838191986,86100,AP-N902-F303,0.053452737629414,0.053452737629414,75.525062561035,277.45001220703
18-APR-2026,13.555498410253,14335,3C454.3,0.88452053070068,86100,AP-N901-F303,0.056392509490252,0.056392509490252,78.330101013184,277.45001220703
18-APR-2026,13.555498410253,14335,3C454.3,0.88452053070068,86100,AP-N902-F303,0.053452737629414,0.053452737629414,75.525062561035,277.45001220703
18-APR-2026,13.564665162797,14335,3C454.3,0.88460755348206,86100,AP-N901-F303,0.056392509490252,0.056392509490252,78.330101013184,277.45001220703
18-APR-2026,13.564665162797,14335,3C454.3,0.88460755348206,86100,AP-N902-F303,0.053452737629414,0.053452737629414,75.525062561035,277.45001220703
18-APR-2026,1.360738353716,13740,3C273,0.91618406772614,86100,AP-N901-F303,0.052875604480505,0.052875604480505,77.826011657715,274.14999389648
18-APR-2026,1.360738353716,13740,3C273,0.91618406772614,86100,AP-N902-F303,0.049209877848625,0.049209877848625,74.816116333008,274.14999389648
18-APR-2026,13.744527908007,14340,3C454.3,0.88468301296234,86100,AP-N901-F303,0.055355083197355,0.055355083197355,78.48868560791,277.75
18-APR-2026,13.744527908007,14340,3C454.3,0.88468301296234,86100,AP-N902-F303,0.051769509911537,0.051769509911537,75.616546630859,277.75
18-APR-2026,13.760778059825,14344,3C454.3,0.88453632593155,86100,AP-N901-F303,0.055355083197355,0.055355083197355,78.48868560791,277.75
18-APR-2026,13.760778059825,14344,3C454.3,0.88453632593155,86100,AP-N902-F303,0.051769509911537,0.051769509911537,75.616546630859,277.75
18-APR-2026,13.769667031037,14344,3C454.3,0.88444548845291,86100,AP-N901-F303,0.055355083197355,0.055355083197355,78.48868560791,277.75
18-APR-2026,13.769667031037,14344,3C454.3,0.88444548845291,86100,AP-N902-F303,0.051769509911537,0.051769509911537,75.616546630859,277.75
18-APR-2026,13.778556000503,14344,3C454.3,0.88434714078903,86100,AP-N901-F303,0.055355083197355,0.055355083197355,78.48868560791,277.75
18-APR-2026,13.778556000503,14344,3C454.3,0.88434714078903,86100,AP-N902-F303,0.051769509911537,0.051769509911537,75.616546630859,277.75
18-APR-2026,13.787722750254,14344,3C454.3,0.88423776626587,86100,AP-N901-F303,0.055355083197355,0.055355083197355,78.48868560791,277.75
18-APR-2026,13.787722750254,14344,3C454.3,0.88423776626587,86100,AP-N902-F303,0.051769509911537,0.051769509911537,75.616546630859,277.75
18-APR-2026,13.796611718847,14344,3C454.3,0.88412410020828,86100,AP-N901-F303,0.055355083197355,0.055355083197355,78.48868560791,277.75
18-APR-2026,13.796611718847,14344,3C454.3,0.88412410020828,86100,AP-N902-F303,0.051769509911537,0.051769509911537,75.616546630859,277.75
18-APR-2026,13.805500689011,14344,3C454.3,0.88400274515152,86100,AP-N901-F303,0.055355083197355,0.055355083197355,78.48868560791,277.75
18-APR-2026,13.805500689011,14344,3C454.3,0.88400274515152,86100,AP-N902-F303,0.051769509911537,0.051769509911537,75.616546630859,277.75
18-APR-2026,13.814389657778,14344,3C454.3,0.88387393951416,86100,AP-N901-F303,0.055355083197355,0.055355083197355,78.48868560791,277.75
18-APR-2026,13.814389657778,14344,3C454.3,0.88387393951416,86100,AP-N902-F303,0.051769509911537,0.051769509911537,75.616546630859,277.75
18-APR-2026,13.994252405433,14349,BLLAC,0.39331564307213,86100,AP-N901-F303,0.045943278819323,0.045943278819323,94.512130737305,278.64999389648
18-APR-2026,13.994252405433,14349,BLLAC,0.39331564307213,86100,AP-N902-F303,0.045422747731209,0.045422747731209,91.448104858398,278.64999389648
18-APR-2026,14.010780339282,14353,BLLAC,0.39232742786407,86100,AP-N901-F303,0.045943278819323,0.045943278819323,94.512130737305,278.64999389648
18-APR-2026,14.010780339282,14353,BLLAC,0.39232742786407,86100,AP-N902-F303,0.045422747731209,0.045422747731209,91.448104858398,278.64999389648
18-APR-2026,14.019669310669,14353,BLLAC,0.39179068803787,86100,AP-N901-F303,0.045943278819323,0.045943278819323,94.512130737305,278.64999389648
18-APR-2026,14.019669310669,14353,BLLAC,0.39179068803787,86100,AP-N902-F303,0.045422747731209,0.045422747731209,91.448104858398,278.64999389648
18-APR-2026,14.028558281881,14353,BLLAC,0.39125022292137,86100,AP-N901-F303,0.045943278819323,0.045943278819323,94.512130737305,278.64999389648
18-APR-2026,14.028558281881,14353,BLLAC,0.39125022292137,86100,AP-N902-F303,0.045422747731209,0.045422747731209,91.448104858398,278.64999389648
18-APR-2026,14.037447250474,14353,BLLAC,0.39070609211922,86100,AP-N901-F303,0.045943278819323,0.045943278819323,94.512130737305,278.64999389648
18-APR-2026,14.037447250474,14353,BLLAC,0.39070609211922,86100,AP-N902-F303,0.045422747731209,0.045422747731209,91.448104858398,278.64999389648
18-APR-2026,14.04633621959,14353,BLLAC,0.39015832543373,86100,AP-N901-F303,0.045943278819323,0.045943278819323,94.512130737305,278.64999389648
18-APR-2026,14.04633621959,14353,BLLAC,0.39015832543373,86100,AP-N902-F303,0.045422747731209,0.045422747731209,91.448104858398,278.64999389648
18-APR-2026,14.055225189929,14353,BLLAC,0.38960686326027,86100,AP-N901-F303,0.045943278819323,0.045943278819323,94.512130737305,278.64999389648
18-APR-2026,14.055225189929,14353,BLLAC,0.38960686326027,86100,AP-N902-F303,0.045422747731209,0.045422747731209,91.448104858398,278.64999389648
18-APR-2026,1.4064332152089,13745,M87,0.78590214252472,86100,AP-N901-F303,0,0,89.461433410645,273.14999389648
18-APR-2026,1.4064332152089,13745,M87,0.78590214252472,86100,AP-N902-F303,0,0,86.38493347168,273.14999389648
18-APR-2026,14.064391941252,14353,BLLAC,0.3890343606472,86100,AP-N901-F303,0.045943278819323,0.045943278819323,94.512130737305,278.64999389648
18-APR-2026,14.064391941252,14353,BLLAC,0.3890343606472,86100,AP-N902-F303,0.045422747731209,0.045422747731209,91.448104858398,278.64999389648
18-APR-2026,1.4235167059606,13749,M87,0.78862023353577,86100,AP-N901-F303,0,0,89.461433410645,273.14999389648
18-APR-2026,1.4235167059606,13749,M87,0.78862023353577,86100,AP-N902-F303,0,0,86.38493347168,273.14999389648
18-APR-2026,14.244254703575,14358,3C454.3,0.86875796318054,86100,AP-N901-F303,0.054084099829197,0.054084099829197,79.22265625,279.35000610352
18-APR-2026,14.244254703575,14358,3C454.3,0.86875796318054,86100,AP-N902-F303,0.050558146089315,0.050558146089315,76.278381347656,279.35000610352
18-APR-2026,14.260782626422,14362,3C454.3,0.86783701181412,86100,AP-N901-F303,0.054084099829197,0.054084099829197,79.22265625,279.35000610352
18-APR-2026,14.260782626422,14362,3C454.3,0.86783701181412,86100,AP-N902-F303,0.050558146089315,0.050558146089315,76.278381347656,279.35000610352
18-APR-2026,14.269671596761,14362,3C454.3,0.86733168363571,86100,AP-N901-F303,0.054084099829197,0.054084099829197,79.22265625,279.35000610352
18-APR-2026,14.269671596761,14362,3C454.3,0.86733168363571,86100,AP-N902-F303,0.050558146089315,0.050558146089315,76.278381347656,279.35000610352
18-APR-2026,14.2785605671,14362,3C454.3,0.86681938171387,86100,AP-N901-F303,0.054084099829197,0.054084099829197,79.22265625,279.35000610352
18-APR-2026,14.2785605671,14362,3C454.3,0.86681938171387,86100,AP-N902-F303,0.050558146089315,0.050558146089315,76.278381347656,279.35000610352
18-APR-2026,14.287588427495,14362,3C454.3,0.86629182100296,86100,AP-N901-F303,0.054084099829197,0.054084099829197,79.22265625,279.35000610352
18-APR-2026,14.287588427495,14362,3C454.3,0.86629182100296,86100,AP-N902-F303,0.050558146089315,0.050558146089315,76.278381347656,279.35000610352
18-APR-2026,14.296894070095,14362,3C454.3,0.86574047803879,86100,AP-N901-F303,0.054084099829197,0.054084099829197,79.22265625,279.35000610352
18-APR-2026,14.296894070095,14362,3C454.3,0.86574047803879,86100,AP-N902-F303,0.050558146089315,0.050558146089315,76.278381347656,279.35000610352
18-APR-2026,14.305783038338,14362,3C454.3,0.86520671844482,86100,AP-N901-F303,0.054084099829197,0.054084099829197,79.22265625,279.35000610352
18-APR-2026,14.305783038338,14362,3C454.3,0.86520671844482,86100,AP-N902-F303,0.050558146089315,0.050558146089315,76.278381347656,279.35000610352
18-APR-2026,14.314672008503,14362,3C454.3,0.86466598510742,86100,AP-N901-F303,0.054084099829197,0.054084099829197,79.22265625,279.35000610352
18-APR-2026,14.314672008503,14362,3C454.3,0.86466598510742,86100,AP-N902-F303,0.050558146089315,0.050558146089315,76.278381347656,279.35000610352
18-APR-2026,1.4324056766489,13749,M87,0.79002851247787,86100,AP-N901-F303,0,0,89.461433410645,273.14999389648
18-APR-2026,1.4324056766489,13749,M87,0.79002851247787,86100,AP-N902-F303,0,0,86.38493347168,273.14999389648
18-APR-2026,1.4412946468133,13749,M87,0.79143273830414,86100,AP-N901-F303,0,0,89.461433410645,273.14999389648
18-APR-2026,1.4412946468133,13749,M87,0.79143273830414,86100,AP-N902-F303,0,0,86.38493347168,273.14999389648
18-APR-2026,14.494172022316,14370,3C454.3,0.85228061676025,86100,AP-N901-F303,0.054349038749933,0.054349038749933,79.125160217285,278.14999389648
18-APR-2026,14.494172022316,14370,3C454.3,0.85228061676025,86100,AP-N902-F303,0.050358328968287,0.050358328968287,76.31957244873,278.14999389648
18-APR-2026,1.4501836152315,13749,M87,0.79283273220062,86100,AP-N901-F303,0,0,89.461433410645,273.14999389648
18-APR-2026,1.4501836152315,13749,M87,0.79283273220062,86100,AP-N902-F303,0,0,86.38493347168,273.14999389648
18-APR-2026,14.511394398757,14374,3C454.3,0.85094809532166,86100,AP-N901-F303,0.054349038749933,0.054349038749933,79.125160217285,278.14999389648
18-APR-2026,14.511394398757,14374,3C454.3,0.85094809532166,86100,AP-N902-F303,0.050358328968287,0.050358328968287,76.31957244873,278.14999389648
18-APR-2026,14.520283369969,14374,3C454.3,0.85025078058243,86100,AP-N901-F303,0.054349038749933,0.054349038749933,79.125160217285,278.14999389648
18-APR-2026,14.520283369969,14374,3C454.3,0.85025078058243,86100,AP-N902-F303,0.050358328968287,0.050358328968287,76.31957244873,278.14999389648
18-APR-2026,14.529311231411,14374,3C454.3,0.84953588247299,86100,AP-N901-F303,0.054349038749933,0.054349038749933,79.125160217285,278.14999389648
18-APR-2026,14.529311231411,14374,3C454.3,0.84953588247299,86100,AP-N902-F303,0.050358328968287,0.050358328968287,76.31957244873,278.14999389648
18-APR-2026,14.538339090408,14374,3C454.3,0.8488142490387,86100,AP-N901-F303,0.054349038749933,0.054349038749933,79.125160217285,278.14999389648
18-APR-2026,14.538339090408,14374,3C454.3,0.8488142490387,86100,AP-N902-F303,0.050358328968287,0.050358328968287,76.31957244873,278.14999389648
18-APR-2026,14.547228061096,14374,3C454.3,0.84809726476669,86100,AP-N901-F303,0.054349038749933,0.054349038749933,79.125160217285,278.14999389648
18-APR-2026,14.547228061096,14374,3C454.3,0.84809726476669,86100,AP-N902-F303,0.050358328968287,0.050358328968287,76.31957244873,278.14999389648
18-APR-2026,14.556394809974,14374,3C454.3,0.84735095500946,86100,AP-N901-F303,0.054349038749933,0.054349038749933,79.125160217285,278.14999389648
18-APR-2026,14.556394809974,14374,3C454.3,0.84735095500946,86100,AP-N902-F303,0.050358328968287,0.050358328968287,76.31957244873,278.14999389648
18-APR-2026,14.565422671765,14374,3C454.3,0.84660917520523,86100,AP-N901-F303,0.054349038749933,0.054349038749933,79.125160217285,278.14999389648
18-APR-2026,14.565422671765,14374,3C454.3,0.84660917520523,86100,AP-N902-F303,0.050358328968287,0.050358328968287,76.31957244873,278.14999389648
18-APR-2026,1.459211476848,13749,M87,0.79425030946732,86100,AP-N901-F303,0,0,89.461433410645,273.14999389648
18-APR-2026,1.459211476848,13749,M87,0.79425030946732,86100,AP-N902-F303,0,0,86.38493347168,273.14999389648
18-APR-2026,1.4682393361945,13749,M87,0.79566359519958,86100,AP-N901-F303,0,0,89.461433410645,273.14999389648
18-APR-2026,1.4682393361945,13749,M87,0.79566359519958,86100,AP-N902-F303,0,0,86.38493347168,273.14999389648
18-APR-2026,14.74486875589,14379,3C454.3,0.83051431179047,86100,AP-N901-F303,0.054593712091446,0.054593712091446,79.604400634766,279.04998779297
18-APR-2026,14.74486875589,14379,3C454.3,0.83051431179047,86100,AP-N902-F303,0.05149719119072,0.05149719119072,76.632804870605,279.04998779297
18-APR-2026,14.760563343296,14383,3C454.3,0.82898676395416,86100,AP-N901-F303,0.054593712091446,0.054593712091446,79.604400634766,279.04998779297
18-APR-2026,14.760563343296,14383,3C454.3,0.82898676395416,86100,AP-N902-F303,0.05149719119072,0.05149719119072,76.632804870605,279.04998779297
18-APR-2026,14.769452313111,14383,3C454.3,0.82811349630356,86100,AP-N901-F303,0.054593712091446,0.054593712091446,79.604400634766,279.04998779297
18-APR-2026,14.769452313111,14383,3C454.3,0.82811349630356,86100,AP-N902-F303,0.05149719119072,0.05149719119072,76.632804870605,279.04998779297
18-APR-2026,14.778619062513,14383,3C454.3,0.82720667123795,86100,AP-N901-F303,0.054593712091446,0.054593712091446,79.604400634766,279.04998779297
18-APR-2026,14.778619062513,14383,3C454.3,0.82720667123795,86100,AP-N902-F303,0.05149719119072,0.05149719119072,76.632804870605,279.04998779297
18-APR-2026,14.787646924304,14383,3C454.3,0.82630741596222,86100,AP-N901-F303,0.054593712091446,0.054593712091446,79.604400634766,279.04998779297
18-APR-2026,14.787646924304,14383,3C454.3,0.82630741596222,86100,AP-N902-F303,0.05149719119072,0.05149719119072,76.632804870605,279.04998779297
18-APR-2026,14.796674783301,14383,3C454.3,0.82540208101273,86100,AP-N901-F303,0.054593712091446,0.054593712091446,79.604400634766,279.04998779297
18-APR-2026,14.796674783301,14383,3C454.3,0.82540208101273,86100,AP-N902-F303,0.05149719119072,0.05149719119072,76.632804870605,279.04998779297
18-APR-2026,14.805563753815,14383,3C454.3,0.82450461387634,86100,AP-N901-F303,0.054593712091446,0.054593712091446,79.604400634766,279.04998779297
18-APR-2026,14.805563753815,14383,3C454.3,0.82450461387634,86100,AP-N902-F303,0.05149719119072,0.05149719119072,76.632804870605,279.04998779297
18-APR-2026,14.814452724154,14383,3C454.3,0.82360142469406,86100,AP-N901-F303,0.054593712091446,0.054593712091446,79.604400634766,279.04998779297
18-APR-2026,14.814452724154,14383,3C454.3,0.82360142469406,86100,AP-N902-F303,0.05149719119072,0.05149719119072,76.632804870605,279.04998779297
18-APR-2026,14.994871039014,14388,BLLAC,0.31182283163071,86100,AP-N901-F303,0.044030223041773,0.044030223041773,102.706199646,278.54998779297
18-APR-2026,14.994871039014,14388,BLLAC,0.31182283163071,86100,AP-N902-F303,0.043608389794827,0.043608389794827,99.662696838379,278.54998779297
18-APR-2026,15.011121190308,14392,BLLAC,0.31016021966934,86100,AP-N901-F303,0.044030223041773,0.044030223041773,102.706199646,278.54998779297
18-APR-2026,15.011121190308,14392,BLLAC,0.31016021966934,86100,AP-N902-F303,0.043608389794827,0.043608389794827,99.662696838379,278.54998779297
18-APR-2026,15.020010162743,14392,BLLAC,0.30924665927887,86100,AP-N901-F303,0.044030223041773,0.044030223041773,102.706199646,278.54998779297
18-APR-2026,15.020010162743,14392,BLLAC,0.30924665927887,86100,AP-N902-F303,0.043608389794827,0.043608389794827,99.662696838379,278.54998779297
18-APR-2026,15.028899132907,14392,BLLAC,0.30833008885384,86100,AP-N901-F303,0.044030223041773,0.044030223041773,102.706199646,278.54998779297
18-APR-2026,15.028899132907,14392,BLLAC,0.30833008885384,86100,AP-N902-F303,0.043608389794827,0.043608389794827,99.662696838379,278.54998779297
18-APR-2026,15.037788102373,14392,BLLAC,0.30741056799889,86100,AP-N901-F303,0.044030223041773,0.044030223041773,102.706199646,278.54998779297
18-APR-2026,15.037788102373,14392,BLLAC,0.30741056799889,86100,AP-N902-F303,0.043608389794827,0.043608389794827,99.662696838379,278.54998779297
18-APR-2026,15.046677073585,14392,BLLAC,0.3064880669117,86100,AP-N901-F303,0.044030223041773,0.044030223041773,102.706199646,278.54998779297
18-APR-2026,15.046677073585,14392,BLLAC,0.3064880669117,86100,AP-N902-F303,0.043608389794827,0.043608389794827,99.662696838379,278.54998779297
18-APR-2026,15.055566042876,14392,BLLAC,0.30556261539459,86100,AP-N901-F303,0.044030223041773,0.044030223041773,102.706199646,278.54998779297
18-APR-2026,15.055566042876,14392,BLLAC,0.30556261539459,86100,AP-N902-F303,0.043608389794827,0.043608389794827,99.662696838379,278.54998779297
18-APR-2026,15.064455014089,14392,BLLAC,0.30463418364525,86100,AP-N901-F303,0.044030223041773,0.044030223041773,102.706199646,278.54998779297
18-APR-2026,15.064455014089,14392,BLLAC,0.30463418364525,86100,AP-N902-F303,0.043608389794827,0.043608389794827,99.662696838379,278.54998779297
18-APR-2026,15.243762220382,14397,3C454.3,0.77339380979538,86100,AP-N901-F303,0.051545962691307,0.051545962691307,80.718551635742,277.85000610352
18-APR-2026,15.243762220382,14397,3C454.3,0.77339380979538,86100,AP-N902-F303,0.047526717185974,0.047526717185974,77.711837768555,277.85000610352
18-APR-2026,15.261679051988,14401,3C454.3,0.77103680372238,86100,AP-N901-F303,0.051545962691307,0.051545962691307,80.718551635742,277.85000610352
18-APR-2026,15.261679051988,14401,3C454.3,0.77103680372238,86100,AP-N902-F303,0.047526717185974,0.047526717185974,77.711837768555,277.85000610352
18-APR-2026,15.270845801564,14401,3C454.3,0.76982343196869,86100,AP-N901-F303,0.051545962691307,0.051545962691307,80.718551635742,277.85000610352
18-APR-2026,15.270845801564,14401,3C454.3,0.76982343196869,86100,AP-N902-F303,0.047526717185974,0.047526717185974,77.711837768555,277.85000610352
18-APR-2026,15.279873663006,14401,3C454.3,0.76862347126007,86100,AP-N901-F303,0.051545962691307,0.051545962691307,80.718551635742,277.85000610352
18-APR-2026,15.279873663006,14401,3C454.3,0.76862347126007,86100,AP-N902-F303,0.047526717185974,0.047526717185974,77.711837768555,277.85000610352
18-APR-2026,15.28890152375,14401,3C454.3,0.76741856336594,86100,AP-N901-F303,0.051545962691307,0.051545962691307,80.718551635742,277.85000610352
18-APR-2026,15.28890152375,14401,3C454.3,0.76741856336594,86100,AP-N902-F303,0.047526717185974,0.047526717185974,77.711837768555,277.85000610352
18-APR-2026,15.297790493914,14401,3C454.3,0.76622754335403,86100,AP-N901-F303,0.051545962691307,0.051545962691307,80.718551635742,277.85000610352
18-APR-2026,15.297790493914,14401,3C454.3,0.76622754335403,86100,AP-N902-F303,0.047526717185974,0.047526717185974,77.711837768555,277.85000610352
18-APR-2026,15.306679464253,14401,3C454.3,0.76503175497055,86100,AP-N901-F303,0.051545962691307,0.051545962691307,80.718551635742,277.85000610352
18-APR-2026,15.306679464253,14401,3C454.3,0.76503175497055,86100,AP-N902-F303,0.047526717185974,0.047526717185974,77.711837768555,277.85000610352
18-APR-2026,15.315707324473,14401,3C454.3,0.76381260156631,86100,AP-N901-F303,0.051545962691307,0.051545962691307,80.718551635742,277.85000610352
18-APR-2026,15.315707324473,14401,3C454.3,0.76381260156631,86100,AP-N902-F303,0.047526717185974,0.047526717185974,77.711837768555,277.85000610352
18-APR-2026,15.404041470437,14406,3C454.3,0.75163292884827,86100,AP-N901-F303,0.053119596093893,0.053119596093893,81.033020019531,278.95001220703
18-APR-2026,15.404041470437,14406,3C454.3,0.75163292884827,86100,AP-N902-F303,0.050773296505213,0.050773296505213,78.193267822266,278.95001220703
18-APR-2026,15.510570226545,14410,3C454.3,0.73636150360107,86100,AP-N901-F303,0.053119596093893,0.053119596093893,81.033020019531,278.95001220703
18-APR-2026,15.510570226545,14410,3C454.3,0.73636150360107,86100,AP-N902-F303,0.050773296505213,0.050773296505213,78.193267822266,278.95001220703
18-APR-2026,15.519459197583,14410,3C454.3,0.73505938053131,86100,AP-N901-F303,0.053119596093893,0.053119596093893,81.033020019531,278.95001220703
18-APR-2026,15.519459197583,14410,3C454.3,0.73505938053131,86100,AP-N902-F303,0.050773296505213,0.050773296505213,78.193267822266,278.95001220703
18-APR-2026,15.528348166176,14410,3C454.3,0.73375314474106,86100,AP-N901-F303,0.053119596093893,0.053119596093893,81.033020019531,278.95001220703
18-APR-2026,15.528348166176,14410,3C454.3,0.73375314474106,86100,AP-N902-F303,0.050773296505213,0.050773296505213,78.193267822266,278.95001220703
18-APR-2026,15.537237138436,14410,3C454.3,0.73244273662567,86100,AP-N901-F303,0.053119596093893,0.053119596093893,81.033020019531,278.95001220703
18-APR-2026,15.537237138436,14410,3C454.3,0.73244273662567,86100,AP-N902-F303,0.050773296505213,0.050773296505213,78.193267822266,278.95001220703
18-APR-2026,15.546403887837,14410,3C454.3,0.73108696937561,86100,AP-N901-F303,0.053119596093893,0.053119596093893,81.033020019531,278.95001220703
18-APR-2026,15.546403887837,14410,3C454.3,0.73108696937561,86100,AP-N902-F303,0.050773296505213,0.050773296505213,78.193267822266,278.95001220703
18-APR-2026,15.555292858176,14410,3C454.3,0.72976815700531,86100,AP-N901-F303,0.053119596093893,0.053119596093893,81.033020019531,278.95001220703
18-APR-2026,15.555292858176,14410,3C454.3,0.72976815700531,86100,AP-N902-F303,0.050773296505213,0.050773296505213,78.193267822266,278.95001220703
18-APR-2026,15.564181830087,14410,3C454.3,0.72844523191452,86100,AP-N901-F303,0.053119596093893,0.053119596093893,81.033020019531,278.95001220703
18-APR-2026,15.564181830087,14410,3C454.3,0.72844523191452,86100,AP-N902-F303,0.050773296505213,0.050773296505213,78.193267822266,278.95001220703
18-APR-2026,1.6611577612554,13754,3C279,0.96991848945618,86100,AP-N901-F303,0.050278268754482,0.050278268754482,77.049713134766,272.54998779297
18-APR-2026,1.6611577612554,13754,3C279,0.96991848945618,86100,AP-N902-F303,0.04500674456358,0.04500674456358,73.903549194336,272.54998779297
18-APR-2026,1.676852346217,13758,3C279,0.97335571050644,86100,AP-N901-F303,0.050278268754482,0.050278268754482,77.049713134766,272.54998779297
18-APR-2026,1.676852346217,13758,3C279,0.97335571050644,86100,AP-N902-F303,0.04500674456358,0.04500674456358,73.903549194336,272.54998779297
18-APR-2026,1.6857413151591,13758,3C279,0.9752995967865,86100,AP-N901-F303,0.050278268754482,0.050278268754482,77.049713134766,272.54998779297
18-APR-2026,1.6857413151591,13758,3C279,0.9752995967865,86100,AP-N902-F303,0.04500674456358,0.04500674456358,73.903549194336,272.54998779297
18-APR-2026,1.6946302842757,13758,3C279,0.97724139690399,86100,AP-N901-F303,0.050278268754482,0.050278268754482,77.049713134766,272.54998779297
18-APR-2026,1.6946302842757,13758,3C279,0.97724139690399,86100,AP-N902-F303,0.04500674456358,0.04500674456358,73.903549194336,272.54998779297
18-APR-2026,1.7400473691509,13763,M87,0.83605647087097,86100,AP-N901-F303,0,0,88.546867370605,272.45001220703
18-APR-2026,1.7400473691509,13763,M87,0.83605647087097,86100,AP-N902-F303,0,0,85.322486877441,272.45001220703
18-APR-2026,1.7571308501237,13767,M87,0.83844727277756,86100,AP-N901-F303,0,0,88.546867370605,272.45001220703
18-APR-2026,1.7571308501237,13767,M87,0.83844727277756,86100,AP-N902-F303,0,0,85.322486877441,272.45001220703
18-APR-2026,1.7660198195896,13767,M87,0.83968394994736,86100,AP-N901-F303,0,0,88.546867370605,272.45001220703
18-APR-2026,1.7660198195896,13767,M87,0.83968394994736,86100,AP-N902-F303,0,0,85.322486877441,272.45001220703
18-APR-2026,1.7749087902779,13767,M87,0.840915620327,86100,AP-N901-F303,0,0,88.546867370605,272.45001220703
18-APR-2026,1.7749087902779,13767,M87,0.840915620327,86100,AP-N902-F303,0,0,85.322486877441,272.45001220703
18-APR-2026,1.7837977600931,13767,M87,0.84214210510254,86100,AP-N901-F303,0,0,88.546867370605,272.45001220703
18-APR-2026,1.7837977600931,13767,M87,0.84214210510254,86100,AP-N902-F303,0,0,85.322486877441,272.45001220703
18-APR-2026,1.7929645117647,13767,M87,0.84340167045593,86100,AP-N901-F303,0,0,88.546867370605,272.45001220703
18-APR-2026,1.7929645117647,13767,M87,0.84340167045593,86100,AP-N902-F303,0,0,85.322486877441,272.45001220703
18-APR-2026,1.801853482453,13767,M87,0.84461790323257,86100,AP-N901-F303,0,0,88.546867370605,272.45001220703
18-APR-2026,1.801853482453,13767,M87,0.84461790323257,86100,AP-N902-F303,0,0,85.322486877441,272.45001220703
18-APR-2026,2.0189387870613,13772,3C273,1.0302797555923,86100,AP-N901-F303,0,0,88.546867370605,272.45001220703
18-APR-2026,2.0189387870613,13772,3C273,1.0302797555923,86100,AP-N902-F303,0,0,85.322486877441,272.45001220703
18-APR-2026,2.031022225176,13776,3C273,1.0321091413498,86100,AP-N901-F303,0,0,88.546867370605,272.45001220703
18-APR-2026,2.031022225176,13776,3C273,1.0321091413498,86100,AP-N902-F303,0,0,85.322486877441,272.45001220703
18-APR-2026,2.0399111941181,13776,3C273,1.03344810009,86100,AP-N901-F303,0,0,88.546867370605,272.45001220703
18-APR-2026,2.0399111941181,13776,3C273,1.03344810009,86100,AP-N902-F303,0,0,85.322486877441,272.45001220703
18-APR-2026,2.0488001630601,13776,3C273,1.0347806215286,86100,AP-N901-F303,0,0,88.546867370605,272.45001220703
18-APR-2026,2.0488001630601,13776,3C273,1.0347806215286,86100,AP-N902-F303,0,0,85.322486877441,272.45001220703
18-APR-2026,2.0750503978,13781,M87,0.87935572862625,86100,AP-N901-F303,0,0,87.600067138672,272.35000610352
18-APR-2026,2.0750503978,13781,M87,0.87935572862625,86100,AP-N902-F303,0,0,84.55078125,272.35000610352
18-APR-2026,2.0904672084139,13785,M87,0.88115537166595,86100,AP-N901-F303,0,0,87.600067138672,272.35000610352
18-APR-2026,2.0904672084139,13785,M87,0.88115537166595,86100,AP-N902-F303,0,0,84.55078125,272.35000610352
18-APR-2026,2.099356178753,13785,M87,0.88218468427658,86100,AP-N901-F303,0,0,87.600067138672,272.35000610352
18-APR-2026,2.099356178753,13785,M87,0.88218468427658,86100,AP-N902-F303,0,0,84.55078125,272.35000610352
18-APR-2026,2.1083840372263,13785,M87,0.88322389125824,86100,AP-N901-F303,0,0,87.600067138672,272.35000610352
18-APR-2026,2.1083840372263,13785,M87,0.88322389125824,86100,AP-N902-F303,0,0,84.55078125,272.35000610352
18-APR-2026,2.1174118974459,13785,M87,0.8842568397522,86100,AP-N901-F303,0,0,87.600067138672,272.35000610352
18-APR-2026,2.1174118974459,13785,M87,0.8842568397522,86100,AP-N902-F303,0,0,84.55078125,272.35000610352
18-APR-2026,2.1263008684834,13785,M87,0.88526773452759,86100,AP-N901-F303,0,0,87.600067138672,272.35000610352
18-APR-2026,2.1263008684834,13785,M87,0.88526773452759,86100,AP-N902-F303,0,0,84.55078125,272.35000610352
18-APR-2026,2.1351898377747,13785,M87,0.88627249002457,86100,AP-N901-F303,0,0,87.600067138672,272.35000610352
18-APR-2026,2.1351898377747,13785,M87,0.88627249002457,86100,AP-N902-F303,0,0,84.55078125,272.35000610352
18-APR-2026,2.3269971294724,13790,3C273,1.0730350017548,86100,AP-N901-F303,0.052965961396694,0.052965961396694,76.138206481934,272.45001220703
18-APR-2026,2.3269971294724,13790,3C273,1.0730350017548,86100,AP-N902-F303,0.046707089990377,0.046707089990377,73.196678161621,272.45001220703
18-APR-2026,2.343247279544,13794,3C273,1.0750447511673,86100,AP-N901-F303,0.052965961396694,0.052965961396694,76.138206481934,272.45001220703
18-APR-2026,2.343247279544,13794,3C273,1.0750447511673,86100,AP-N902-F303,0.046707089990377,0.046707089990377,73.196678161621,272.45001220703
18-APR-2026,2.3521362488353,13794,3C273,1.0761331319809,86100,AP-N901-F303,0.052965961396694,0.052965961396694,76.138206481934,272.45001220703
18-APR-2026,2.3521362488353,13794,3C273,1.0761331319809,86100,AP-N902-F303,0.046707089990377,0.046707089990377,73.196678161621,272.45001220703
18-APR-2026,2.36130299911,13794,3C273,1.0772471427917,86100,AP-N901-F303,0.052965961396694,0.052965961396694,76.138206481934,272.45001220703
18-APR-2026,2.36130299911,13794,3C273,1.0772471427917,86100,AP-N902-F303,0.046707089990377,0.046707089990377,73.196678161621,272.45001220703
18-APR-2026,2.4067200801435,13799,M87,0.91387164592743,86100,AP-N901-F303,0,0,86.721252441406,271.95001220703
18-APR-2026,2.4067200801435,13799,M87,0.91387164592743,86100,AP-N902-F303,0,0,83.576393127441,271.95001220703
18-APR-2026,2.424081346116,13803,M87,0.91542267799377,86100,AP-N901-F303,0,0,86.721252441406,271.95001220703
18-APR-2026,2.424081346116,13803,M87,0.91542267799377,86100,AP-N902-F303,0,0,83.576393127441,271.95001220703
18-APR-2026,2.4332480956922,13803,M87,0.91623109579086,86100,AP-N901-F303,0,0,86.721252441406,271.95001220703
18-APR-2026,2.4332480956922,13803,M87,0.91623109579086,86100,AP-N902-F303,0,0,83.576393127441,271.95001220703
18-APR-2026,2.4421370646342,13803,M87,0.91700780391693,86100,AP-N901-F303,0,0,86.721252441406,271.95001220703
18-APR-2026,2.4421370646342,13803,M87,0.91700780391693,86100,AP-N902-F303,0,0,83.576393127441,271.95001220703
18-APR-2026,2.4511649248538,13803,M87,0.91778939962387,86100,AP-N901-F303,0,0,86.721252441406,271.95001220703
18-APR-2026,2.4511649248538,13803,M87,0.91778939962387,86100,AP-N902-F303,0,0,83.576393127441,271.95001220703
18-APR-2026,2.4601927848987,13803,M87,0.91856372356415,86100,AP-N901-F303,0,0,86.721252441406,271.95001220703
18-APR-2026,2.4601927848987,13803,M87,0.91856372356415,86100,AP-N902-F303,0,0,83.576393127441,271.95001220703
18-APR-2026,2.4690817559363,13803,M87,0.91931885480881,86100,AP-N901-F303,0,0,86.721252441406,271.95001220703
18-APR-2026,2.4690817559363,13803,M87,0.91931885480881,86100,AP-N902-F303,0,0,83.576393127441,271.95001220703
18-APR-2026,2.6600208974342,13812,3C273,1.1084851026535,86100,AP-N901-F303,0.054678779095411,0.054678779095411,75.62744140625,273.25
18-APR-2026,2.6600208974342,13812,3C273,1.1084851026535,86100,AP-N902-F303,0.049077551811934,0.049077551811934,72.542083740234,273.25
18-APR-2026,2.6761321598954,13816,3C273,1.1098693609238,86100,AP-N901-F303,0.054678779095411,0.054678779095411,75.62744140625,273.25
18-APR-2026,2.6761321598954,13816,3C273,1.1098693609238,86100,AP-N902-F303,0.049077551811934,0.049077551811934,72.542083740234,273.25
18-APR-2026,2.68543780267,13816,3C273,1.1106547117233,86100,AP-N901-F303,0.054678779095411,0.054678779095411,75.62744140625,273.25
18-APR-2026,2.68543780267,13816,3C273,1.1106547117233,86100,AP-N902-F303,0.049077551811934,0.049077551811934,72.542083740234,273.25
18-APR-2026,2.6943267712628,13816,3C273,1.1113942861557,86100,AP-N901-F303,0.054678779095411,0.054678779095411,75.62744140625,273.25
18-APR-2026,2.6943267712628,13816,3C273,1.1113942861557,86100,AP-N902-F303,0.049077551811934,0.049077551811934,72.542083740234,273.25
18-APR-2026,2.7397438528201,13821,M87,0.93878239393234,86100,AP-N901-F303,0,0,86.320243835449,272.25
18-APR-2026,2.7397438528201,13821,M87,0.93878239393234,86100,AP-N902-F303,0,0,83.329437255859,272.25
18-APR-2026,2.7571051189672,13825,M87,0.93978923559189,86100,AP-N901-F303,0,0,86.320243835449,272.25
18-APR-2026,2.7571051189672,13825,M87,0.93978923559189,86100,AP-N902-F303,0,0,83.329437255859,272.25
18-APR-2026,2.7659940896555,13825,M87,0.94029325246811,86100,AP-N901-F303,0,0,86.320243835449,272.25
18-APR-2026,2.7659940896555,13825,M87,0.94029325246811,86100,AP-N902-F303,0,0,83.329437255859,272.25
18-APR-2026,2.7748830585975,13825,M87,0.94078940153122,86100,AP-N901-F303,0,0,86.320243835449,272.25
18-APR-2026,2.7748830585975,13825,M87,0.94078940153122,86100,AP-N902-F303,0,0,83.329437255859,272.25
18-APR-2026,2.7837720271904,13825,M87,0.94127768278122,86100,AP-N901-F303,0,0,86.320243835449,272.25
18-APR-2026,2.7837720271904,13825,M87,0.94127768278122,86100,AP-N902-F303,0,0,83.329437255859,272.25
18-APR-2026,2.7926609975294,13825,M87,0.94175797700882,86100,AP-N901-F303,0,0,86.320243835449,272.25
18-APR-2026,2.7926609975294,13825,M87,0.94175797700882,86100,AP-N902-F303,0,0,83.329437255859,272.25
18-APR-2026,2.8015499661222,13825,M87,0.94223034381866,86100,AP-N901-F303,0,0,86.320243835449,272.25
18-APR-2026,2.8015499661222,13825,M87,0.94223034381866,86100,AP-N902-F303,0,0,83.329437255859,272.25
18-APR-2026,2.9939128171674,13830,3C273,1.1301456689835,86100,AP-N901-F303,0.05012458562851,0.05012458562851,75.31298828125,272.14999389648
18-APR-2026,2.9939128171674,13830,3C273,1.1301456689835,86100,AP-N902-F303,0.041946064680815,0.041946064680815,72.298477172852,272.14999389648
18-APR-2026,3.0098851834616,13834,3C273,1.1307924985886,86100,AP-N901-F303,0.05012458562851,0.05012458562851,75.31298828125,272.14999389648
18-APR-2026,3.0098851834616,13834,3C273,1.1307924985886,86100,AP-N902-F303,0.041946064680815,0.041946064680815,72.298477172852,272.14999389648
18-APR-2026,3.0187741518798,13834,3C273,1.1311368942261,86100,AP-N901-F303,0.05012458562851,0.05012458562851,75.31298828125,272.14999389648
18-APR-2026,3.0187741518798,13834,3C273,1.1311368942261,86100,AP-N902-F303,0.041946064680815,0.041946064680815,72.298477172852,272.14999389648
18-APR-2026,3.0279409021545,13834,3C273,1.1314797401428,86100,AP-N901-F303,0.05012458562851,0.05012458562851,75.31298828125,272.14999389648
18-APR-2026,3.0279409021545,13834,3C273,1.1314797401428,86100,AP-N902-F303,0.041946064680815,0.041946064680815,72.298477172852,272.14999389648
18-APR-2026,3.0733579774254,13839,M87,0.95275926589966,86100,AP-N901-F303,0,0,86.237930297852,272.25
18-APR-2026,3.0733579774254,13839,M87,0.95275926589966,86100,AP-N902-F303,0,0,83.097480773926,272.25
18-APR-2026,3.0905803566606,13843,M87,0.9531654715538,86100,AP-N901-F303,0,0,86.237930297852,272.25
18-APR-2026,3.0905803566606,13843,M87,0.9531654715538,86100,AP-N902-F303,0,0,83.097480773926,272.25
18-APR-2026,3.099608218801,13843,M87,0.9533663392067,86100,AP-N901-F303,0,0,86.237930297852,272.25
18-APR-2026,3.099608218801,13843,M87,0.9533663392067,86100,AP-N902-F303,0,0,83.097480773926,272.25
18-APR-2026,3.1084971882669,13843,M87,0.95355552434921,86100,AP-N901-F303,0,0,86.237930297852,272.25
18-APR-2026,3.1084971882669,13843,M87,0.95355552434921,86100,AP-N902-F303,0,0,83.097480773926,272.25
18-APR-2026,3.1173861582567,13843,M87,0.95373624563217,86100,AP-N901-F303,0,0,86.237930297852,272.25
18-APR-2026,3.1173861582567,13843,M87,0.95373624563217,86100,AP-N902-F303,0,0,83.097480773926,272.25
18-APR-2026,3.1262751263257,13843,M87,0.95390850305557,86100,AP-N901-F303,0,0,86.237930297852,272.25
18-APR-2026,3.1262751263257,13843,M87,0.95390850305557,86100,AP-N902-F303,0,0,83.097480773926,272.25
18-APR-2026,3.1351640968393,13843,M87,0.9540724158287,86100,AP-N901-F303,0,0,86.237930297852,272.25
18-APR-2026,3.1351640968393,13843,M87,0.9540724158287,86100,AP-N902-F303,0,0,83.097480773926,272.25
18-APR-2026,3.32697138487,13848,3C273,1.1358280181885,86100,AP-N901-F303,0.052968587726355,0.052968587726355,75.306800842285,271.75
18-APR-2026,3.32697138487,13848,3C273,1.1358280181885,86100,AP-N902-F303,0.046912986785173,0.046912986785173,72.395904541016,271.75
18-APR-2026,3.3433604256952,13852,3C273,1.1356781721115,86100,AP-N901-F303,0.052968587726355,0.052968587726355,75.306800842285,271.75
18-APR-2026,3.3433604256952,13852,3C273,1.1356781721115,86100,AP-N902-F303,0.046912986785173,0.046912986785173,72.395904541016,271.75
18-APR-2026,3.3523882841685,13852,3C273,1.135578751564,86100,AP-N901-F303,0.052968587726355,0.052968587726355,75.306800842285,271.75
18-APR-2026,3.3523882841685,13852,3C273,1.135578751564,86100,AP-N902-F303,0.046912986785173,0.046912986785173,72.395904541016,271.75
18-APR-2026,3.3612772548568,13852,3C273,1.1354687213898,86100,AP-N901-F303,0.052968587726355,0.052968587726355,75.306800842285,271.75
18-APR-2026,3.3612772548568,13852,3C273,1.1354687213898,86100,AP-N902-F303,0.046912986785173,0.046912986785173,72.395904541016,271.75
18-APR-2026,3.4061387753205,13857,M87,0.95500773191452,86100,AP-N901-F303,0,0,85.793891906738,271.85000610352
18-APR-2026,3.4061387753205,13857,M87,0.95500773191452,86100,AP-N902-F303,0,0,82.818733215332,271.85000610352
18-APR-2026,3.4237778214032,13861,M87,0.95479530096054,86100,AP-N901-F303,0,0,85.793891906738,271.85000610352
18-APR-2026,3.4237778214032,13861,M87,0.95479530096054,86100,AP-N902-F303,0,0,82.818733215332,271.85000610352
18-APR-2026,3.4326667906945,13861,M87,0.95467561483383,86100,AP-N901-F303,0,0,85.793891906738,271.85000610352
18-APR-2026,3.4326667906945,13861,M87,0.95467561483383,86100,AP-N902-F303,0,0,82.818733215332,271.85000610352
18-APR-2026,3.4415557599859,13861,M87,0.95454752445221,86100,AP-N901-F303,0,0,85.793891906738,271.85000610352
18-APR-2026,3.4415557599859,13861,M87,0.95454752445221,86100,AP-N902-F303,0,0,82.818733215332,271.85000610352
18-APR-2026,3.4504447303249,13861,M87,0.95441114902496,86100,AP-N901-F303,0,0,85.793891906738,271.85000610352
18-APR-2026,3.4504447303249,13861,M87,0.95441114902496,86100,AP-N902-F303,0,0,82.818733215332,271.85000610352
18-APR-2026,3.4594725887982,13861,M87,0.95426386594772,86100,AP-N901-F303,0,0,85.793891906738,271.85000610352
18-APR-2026,3.4594725887982,13861,M87,0.95426386594772,86100,AP-N902-F303,0,0,82.818733215332,271.85000610352
18-APR-2026,3.4685004483193,13861,M87,0.95410794019699,86100,AP-N901-F303,0,0,85.793891906738,271.85000610352
18-APR-2026,3.4685004483193,13861,M87,0.95410794019699,86100,AP-N902-F303,0,0,82.818733215332,271.85000610352
18-APR-2026,3.6605342499469,13869,3C273,1.1249648332596,86100,AP-N901-F303,0.055343989282846,0.055343989282846,75.461532592773,272.14999389648
18-APR-2026,3.6605342499469,13869,3C273,1.1249648332596,86100,AP-N902-F303,0.050397790968418,0.050397790968418,72.52220916748,272.14999389648
18-APR-2026,3.6766455131066,13873,3C273,1.1240339279175,86100,AP-N901-F303,0.055343989282846,0.055343989282846,75.461532592773,272.14999389648
18-APR-2026,3.6766455131066,13873,3C273,1.1240339279175,86100,AP-N902-F303,0.050397790968418,0.050397790968418,72.52220916748,272.14999389648
18-APR-2026,3.6856733714053,13873,3C273,1.1234966516495,86100,AP-N901-F303,0.055343989282846,0.055343989282846,75.461532592773,272.14999389648
18-APR-2026,3.6856733714053,13873,3C273,1.1234966516495,86100,AP-N902-F303,0.050397790968418,0.050397790968418,72.52220916748,272.14999389648
18-APR-2026,3.6948401222039,13873,3C273,1.1229395866394,86100,AP-N901-F303,0.055343989282846,0.055343989282846,75.461532592773,272.14999389648
18-APR-2026,3.6948401222039,13873,3C273,1.1229395866394,86100,AP-N902-F303,0.050397790968418,0.050397790968418,72.52220916748,272.14999389648
18-APR-2026,3.7394238555723,13878,M87,0.94542753696442,86100,AP-N901-F303,0,0,86.078506469727,272.04998779297
18-APR-2026,3.7394238555723,13878,M87,0.94542753696442,86100,AP-N902-F303,0,0,83.02416229248,272.04998779297
18-APR-2026,3.7573406878772,13882,M87,0.94458413124084,86100,AP-N901-F303,0,0,86.078506469727,272.04998779297
18-APR-2026,3.7573406878772,13882,M87,0.94458413124084,86100,AP-N902-F303,0,0,83.02416229248,272.04998779297
18-APR-2026,3.7665074353579,13882,M87,0.94414013624191,86100,AP-N901-F303,0,0,86.078506469727,272.04998779297
18-APR-2026,3.7665074353579,13882,M87,0.94414013624191,86100,AP-N902-F303,0,0,83.02416229248,272.04998779297
18-APR-2026,3.7756741842356,13882,M87,0.94368773698807,86100,AP-N901-F303,0,0,86.078506469727,272.04998779297
18-APR-2026,3.7756741842356,13882,M87,0.94368773698807,86100,AP-N902-F303,0,0,83.02416229248,272.04998779297
18-APR-2026,3.7845631547493,13882,M87,0.94324088096619,86100,AP-N901-F303,0,0,86.078506469727,272.04998779297
18-APR-2026,3.7845631547493,13882,M87,0.94324088096619,86100,AP-N902-F303,0,0,83.02416229248,272.04998779297
18-APR-2026,3.7934521233421,13882,M87,0.94278591871262,86100,AP-N901-F303,0,0,86.078506469727,272.04998779297
18-APR-2026,3.7934521233421,13882,M87,0.94278591871262,86100,AP-N902-F303,0,0,83.02416229248,272.04998779297
18-APR-2026,3.8023410940304,13882,M87,0.94232308864594,86100,AP-N901-F303,0,0,86.078506469727,272.04998779297
18-APR-2026,3.8023410940304,13882,M87,0.94232308864594,86100,AP-N902-F303,0,0,83.02416229248,272.04998779297
18-APR-2026,3.9936312415157,13890,3C273,1.0987274646759,86100,AP-N901-F303,0.055535912513733,0.055535912513733,75.610725402832,271.75
18-APR-2026,3.9936312415157,13890,3C273,1.0987274646759,86100,AP-N902-F303,0.049633346498013,0.049633346498013,71.943435668945,271.75
18-APR-2026,4.0096036076353,13894,3C273,1.0971204042435,86100,AP-N901-F303,0.055535912513733,0.055535912513733,75.610725402832,271.75
18-APR-2026,4.0096036076353,13894,3C273,1.0971204042435,86100,AP-N902-F303,0.049633346498013,0.049633346498013,71.943435668945,271.75
18-APR-2026,4.0184925760535,13894,3C273,1.0962134599686,86100,AP-N901-F303,0.055535912513733,0.055535912513733,75.610725402832,271.75
18-APR-2026,4.0184925760535,13894,3C273,1.0962134599686,86100,AP-N902-F303,0.049633346498013,0.049633346498013,71.943435668945,271.75
18-APR-2026,4.0273815465671,13894,3C273,1.0952973365784,86100,AP-N901-F303,0.055535912513733,0.055535912513733,75.610725402832,271.75
18-APR-2026,4.0273815465671,13894,3C273,1.0952973365784,86100,AP-N902-F303,0.049633346498013,0.049633346498013,71.943435668945,271.75
18-APR-2026,4.0739097405329,13899,M87,0.92443865537643,86100,AP-N901-F303,0,0,86.470283508301,271.75
18-APR-2026,4.0739097405329,13899,M87,0.92443865537643,86100,AP-N902-F303,0,0,83.307304382324,271.75
18-APR-2026,4.0904376733341,13903,M87,0.92312306165695,86100,AP-N901-F303,0,0,86.470283508301,271.75
18-APR-2026,4.0904376733341,13903,M87,0.92312306165695,86100,AP-N902-F303,0,0,83.307304382324,271.75
18-APR-2026,4.0993266434985,13903,M87,0.92240524291992,86100,AP-N901-F303,0,0,86.470283508301,271.75
18-APR-2026,4.0993266434985,13903,M87,0.92240524291992,86100,AP-N902-F303,0,0,83.307304382324,271.75
18-APR-2026,4.1084933922016,13903,M87,0.92165738344193,86100,AP-N901-F303,0,0,86.470283508301,271.75
18-APR-2026,4.1084933922016,13903,M87,0.92165738344193,86100,AP-N902-F303,0,0,83.307304382324,271.75
18-APR-2026,4.1173823614929,13903,M87,0.92092478275299,86100,AP-N901-F303,0,0,86.470283508301,271.75
18-APR-2026,4.1173823614929,13903,M87,0.92092478275299,86100,AP-N902-F303,0,0,83.307304382324,271.75
18-APR-2026,4.1262713283395,13903,M87,0.92018502950668,86100,AP-N901-F303,0,0,86.470283508301,271.75
18-APR-2026,4.1262713283395,13903,M87,0.92018502950668,86100,AP-N902-F303,0,0,83.307304382324,271.75
18-APR-2026,4.1351602976308,13903,M87,0.919438123703,86100,AP-N901-F303,0,0,86.470283508301,271.75
18-APR-2026,4.1351602976308,13903,M87,0.919438123703,86100,AP-N902-F303,0,0,83.307304382324,271.75
18-APR-2026,4.3266898198703,13908,3C273,1.0594855546951,86100,AP-N901-F303,0.053201004862785,0.053201004862785,75.847053527832,271.95001220703
18-APR-2026,4.3266898198703,13908,3C273,1.0594855546951,86100,AP-N902-F303,0.046700611710548,0.046700611710548,72.984954833984,271.95001220703
18-APR-2026,4.3429399613853,13912,3C273,1.0572860240936,86100,AP-N901-F303,0.053201004862785,0.053201004862785,75.847053527832,271.95001220703
18-APR-2026,4.3429399613853,13912,3C273,1.0572860240936,86100,AP-N902-F303,0.046700611710548,0.046700611710548,72.984954833984,271.95001220703
18-APR-2026,4.3518289312005,13912,3C273,1.0560728311539,86100,AP-N901-F303,0.053201004862785,0.053201004862785,75.847053527832,271.95001220703
18-APR-2026,4.3518289312005,13912,3C273,1.0560728311539,86100,AP-N902-F303,0.046700611710548,0.046700611710548,72.984954833984,271.95001220703
18-APR-2026,4.3608567903723,13912,3C273,1.0548334121704,86100,AP-N901-F303,0.053201004862785,0.053201004862785,75.847053527832,271.95001220703
18-APR-2026,4.3608567903723,13912,3C273,1.0548334121704,86100,AP-N902-F303,0.046700611710548,0.046700611710548,72.984954833984,271.95001220703
18-APR-2026,4.4064127591908,13917,M87,0.89332938194275,86100,AP-N901-F303,0,0,86.882301330566,272.04998779297
18-APR-2026,4.4064127591908,13917,M87,0.89332938194275,86100,AP-N902-F303,0,0,83.757690429688,272.04998779297
18-APR-2026,4.4240518056228,13921,M87,0.89141809940338,86100,AP-N901-F303,0,0,86.882301330566,272.04998779297
18-APR-2026,4.4240518056228,13921,M87,0.89141809940338,86100,AP-N902-F303,0,0,83.757690429688,272.04998779297
18-APR-2026,4.4329407759619,13921,M87,0.89044570922852,86100,AP-N901-F303,0,0,86.882301330566,272.04998779297
18-APR-2026,4.4329407759619,13921,M87,0.89044570922852,86100,AP-N902-F303,0,0,83.757690429688,272.04998779297
18-APR-2026,4.4418297440308,13921,M87,0.88946717977524,86100,AP-N901-F303,0,0,86.882301330566,272.04998779297
18-APR-2026,4.4418297440308,13921,M87,0.88946717977524,86100,AP-N902-F303,0,0,83.757690429688,272.04998779297
18-APR-2026,4.4507187131475,13921,M87,0.88848233222961,86100,AP-N901-F303,0,0,86.882301330566,272.04998779297
18-APR-2026,4.4507187131475,13921,M87,0.88848233222961,86100,AP-N902-F303,0,0,83.757690429688,272.04998779297
18-APR-2026,4.4597465737163,13921,M87,0.887475669384,86100,AP-N901-F303,0,0,86.882301330566,272.04998779297
18-APR-2026,4.4597465737163,13921,M87,0.887475669384,86100,AP-N902-F303,0,0,83.757690429688,272.04998779297
18-APR-2026,4.4687744328881,13921,M87,0.88646268844604,86100,AP-N901-F303,0,0,86.882301330566,272.04998779297
18-APR-2026,4.4687744328881,13921,M87,0.88646268844604,86100,AP-N902-F303,0,0,83.757690429688,272.04998779297
18-APR-2026,4.6603039463964,13926,3C273,1.0098813772202,86100,AP-N901-F303,0.05272725969553,0.05272725969553,76.446647644043,272.25
18-APR-2026,4.6603039463964,13926,3C273,1.0098813772202,86100,AP-N902-F303,0.046434365212917,0.046434365212917,73.452201843262,272.25
18-APR-2026,4.6762763119922,13930,3C273,1.0072923898697,86100,AP-N901-F303,0.05272725969553,0.05272725969553,76.446647644043,272.25
18-APR-2026,4.6762763119922,13930,3C273,1.0072923898697,86100,AP-N902-F303,0.046434365212917,0.046434365212917,73.452201843262,272.25
18-APR-2026,4.6851652811089,13930,3C273,1.0058439970016,86100,AP-N901-F303,0.05272725969553,0.05272725969553,76.446647644043,272.25
18-APR-2026,4.6851652811089,13930,3C273,1.0058439970016,86100,AP-N902-F303,0.046434365212917,0.046434365212917,73.452201843262,272.25
18-APR-2026,4.6943320312089,13930,3C273,1.0043445825577,86100,AP-N901-F303,0.05272725969553,0.05272725969553,76.446647644043,272.25
18-APR-2026,4.6943320312089,13930,3C273,1.0043445825577,86100,AP-N902-F303,0.046434365212917,0.046434365212917,73.452201843262,272.25
18-APR-2026,4.7407213457715,13935,M87,0.85309863090515,86100,AP-N901-F303,0,0,87.966789245605,272.54998779297
18-APR-2026,4.7407213457715,13935,M87,0.85309863090515,86100,AP-N902-F303,0,0,84.917785644531,272.54998779297
18-APR-2026,4.7571103759448,13939,M87,0.85092049837112,86100,AP-N901-F303,0,0,87.966789245605,272.54998779297
18-APR-2026,4.7571103759448,13939,M87,0.85092049837112,86100,AP-N902-F303,0,0,84.917785644531,272.54998779297
18-APR-2026,4.7665549070282,13939,M87,0.84965723752975,86100,AP-N901-F303,0,0,87.966789245605,272.54998779297
18-APR-2026,4.7665549070282,13939,M87,0.84965723752975,86100,AP-N902-F303,0,0,84.917785644531,272.54998779297
18-APR-2026,4.7754438777165,13939,M87,0.8484628200531,86100,AP-N901-F303,0,0,87.966789245605,272.54998779297
18-APR-2026,4.7754438777165,13939,M87,0.8484628200531,86100,AP-N902-F303,0,0,84.917785644531,272.54998779297
18-APR-2026,4.7843328470078,13939,M87,0.84726315736771,86100,AP-N901-F303,0,0,87.966789245605,272.54998779297
18-APR-2026,4.7843328470078,13939,M87,0.84726315736771,86100,AP-N902-F303,0,0,84.917785644531,272.54998779297
18-APR-2026,4.7932218169976,13939,M87,0.84605836868286,86100,AP-N901-F303,0,0,87.966789245605,272.54998779297
18-APR-2026,4.7932218169976,13939,M87,0.84605836868286,86100,AP-N902-F303,0,0,84.917785644531,272.54998779297
18-APR-2026,4.8021107873367,13939,M87,0.84484827518463,86100,AP-N901-F303,0,0,87.966789245605,272.54998779297
18-APR-2026,4.8021107873367,13939,M87,0.84484827518463,86100,AP-N902-F303,0,0,84.917785644531,272.54998779297
18-APR-2026,4.9934638933916,13947,3C279,1.1328858137131,86100,AP-N901-F303,0.058180842548609,0.058180842548609,75.829170227051,272.04998779297
18-APR-2026,4.9934638933916,13947,3C279,1.1328858137131,86100,AP-N902-F303,0.053057018667459,0.053057018667459,72.8837890625,272.04998779297
18-APR-2026,5.0099918157154,13951,3C279,1.1298140287399,86100,AP-N901-F303,0.058180842548609,0.058180842548609,75.829170227051,272.04998779297
18-APR-2026,5.0099918157154,13951,3C279,1.1298140287399,86100,AP-N902-F303,0.053057018667459,0.053057018667459,72.8837890625,272.04998779297
18-APR-2026,5.0191585654662,13951,3C279,1.1281027793884,86100,AP-N901-F303,0.058180842548609,0.058180842548609,75.829170227051,272.04998779297
18-APR-2026,5.0191585654662,13951,3C279,1.1281027793884,86100,AP-N902-F303,0.053057018667459,0.053057018667459,72.8837890625,272.04998779297
18-APR-2026,5.0280475365038,13951,3C279,1.1264381408691,86100,AP-N901-F303,0.058180842548609,0.058180842548609,75.829170227051,272.04998779297
18-APR-2026,5.0280475365038,13951,3C279,1.1264381408691,86100,AP-N902-F303,0.053057018667459,0.053057018667459,72.8837890625,272.04998779297
18-APR-2026,5.0726312649828,13956,M87,0.80567532777786,86100,AP-N901-F303,0,0,88.855072021484,272.04998779297
18-APR-2026,5.0726312649828,13956,M87,0.80567532777786,86100,AP-N902-F303,0,0,85.638671875,272.04998779297
18-APR-2026,5.0911036601275,13960,M87,0.80284380912781,86100,AP-N901-F303,0,0,88.855072021484,272.04998779297
18-APR-2026,5.0911036601275,13960,M87,0.80284380912781,86100,AP-N902-F303,0,0,85.638671875,272.04998779297
18-APR-2026,5.0999926297681,13960,M87,0.80147463083267,86100,AP-N901-F303,0,0,88.855072021484,272.04998779297
18-APR-2026,5.0999926297681,13960,M87,0.80147463083267,86100,AP-N902-F303,0,0,85.638671875,272.04998779297
18-APR-2026,5.1088815983609,13960,M87,0.80010116100311,86100,AP-N901-F303,0,0,88.855072021484,272.04998779297
18-APR-2026,5.1088815983609,13960,M87,0.80010116100311,86100,AP-N902-F303,0,0,85.638671875,272.04998779297
18-APR-2026,5.1177705671283,13960,M87,0.79872334003448,86100,AP-N901-F303,0,0,88.855072021484,272.04998779297
18-APR-2026,5.1177705671283,13960,M87,0.79872334003448,86100,AP-N902-F303,0,0,85.638671875,272.04998779297
18-APR-2026,5.1266595369435,13960,M87,0.79734122753143,86100,AP-N901-F303,0,0,88.855072021484,272.04998779297
18-APR-2026,5.1266595369435,13960,M87,0.79734122753143,86100,AP-N902-F303,0,0,85.638671875,272.04998779297
18-APR-2026,5.1355485071079,13960,M87,0.7959548830986,86100,AP-N901-F303,0,0,88.855072021484,272.04998779297
18-APR-2026,5.1355485071079,13960,M87,0.7959548830986,86100,AP-N902-F303,0,0,85.638671875,272.04998779297
18-APR-2026,5.3272169087505,13965,3C273,0.88926947116852,86100,AP-N901-F303,0.052785042673349,0.052785042673349,78.053482055664,272.35000610352
18-APR-2026,5.3272169087505,13965,3C273,0.88926947116852,86100,AP-N902-F303,0.047591865062714,0.047591865062714,75.155471801758,272.35000610352
18-APR-2026,5.3433281656238,13969,3C273,0.88609492778778,86100,AP-N901-F303,0.052785042673349,0.052785042673349,78.053482055664,272.35000610352
18-APR-2026,5.3433281656238,13969,3C273,0.88609492778778,86100,AP-N902-F303,0.047591865062714,0.047591865062714,75.155471801758,272.35000610352
18-APR-2026,5.3524949162477,13969,3C273,0.88428443670273,86100,AP-N901-F303,0.052785042673349,0.052785042673349,78.053482055664,272.35000610352
18-APR-2026,5.3524949162477,13969,3C273,0.88428443670273,86100,AP-N902-F303,0.047591865062714,0.047591865062714,75.155471801758,272.35000610352
18-APR-2026,5.3613838853644,13969,3C273,0.88252574205399,86100,AP-N901-F303,0.052785042673349,0.052785042673349,78.053482055664,272.35000610352
18-APR-2026,5.3613838853644,13969,3C273,0.88252574205399,86100,AP-N902-F303,0.047591865062714,0.047591865062714,75.155471801758,272.35000610352
18-APR-2026,5.4065231848906,13974,M87,0.75176393985748,86100,AP-N901-F303,0,0,90.147232055664,272.64999389648
18-APR-2026,5.4065231848906,13974,M87,0.75176393985748,86100,AP-N902-F303,0,0,87.195724487305,272.64999389648
18-APR-2026,5.4238844489422,13978,M87,0.74881273508072,86100,AP-N901-F303,0,0,90.147232055664,272.64999389648
18-APR-2026,5.4238844489422,13978,M87,0.74881273508072,86100,AP-N902-F303,0,0,87.195724487305,272.64999389648
18-APR-2026,5.4327734196305,13978,M87,0.74729657173157,86100,AP-N901-F303,0,0,90.147232055664,272.64999389648
18-APR-2026,5.4327734196305,13978,M87,0.74729657173157,86100,AP-N902-F303,0,0,87.195724487305,272.64999389648
18-APR-2026,5.4416623897949,13978,M87,0.74577677249908,86100,AP-N901-F303,0,0,90.147232055664,272.64999389648
18-APR-2026,5.4416623897949,13978,M87,0.74577677249908,86100,AP-N902-F303,0,0,87.195724487305,272.64999389648
18-APR-2026,5.450551360134,13978,M87,0.74425357580185,86100,AP-N901-F303,0,0,90.147232055664,272.64999389648
18-APR-2026,5.450551360134,13978,M87,0.74425357580185,86100,AP-N902-F303,0,0,87.195724487305,272.64999389648
18-APR-2026,5.4594403283775,13978,M87,0.74272692203522,86100,AP-N901-F303,0,0,90.147232055664,272.64999389648
18-APR-2026,5.4594403283775,13978,M87,0.74272692203522,86100,AP-N902-F303,0,0,87.195724487305,272.64999389648
18-APR-2026,5.4683292974942,13978,M87,0.7411966919899,86100,AP-N901-F303,0,0,90.147232055664,272.64999389648
18-APR-2026,5.4683292974942,13978,M87,0.7411966919899,86100,AP-N902-F303,0,0,87.195724487305,272.64999389648
18-APR-2026,5.6606921604137,13983,3C273,0.82171386480331,86100,AP-N901-F303,0.053901314735413,0.053901314735413,79.130783081055,272.75
18-APR-2026,5.6606921604137,13983,3C273,0.82171386480331,86100,AP-N902-F303,0.050263803452253,0.050263803452253,76.151222229004,272.75
18-APR-2026,5.676664528105,13987,3C273,0.81838935613632,86100,AP-N901-F303,0.053901314735413,0.053901314735413,79.130783081055,272.75
18-APR-2026,5.676664528105,13987,3C273,0.81838935613632,86100,AP-N902-F303,0.050263803452253,0.050263803452253,76.151222229004,272.75
18-APR-2026,5.6855534966978,13987,3C273,0.81653606891632,86100,AP-N901-F303,0.053901314735413,0.053901314735413,79.130783081055,272.75
18-APR-2026,5.6855534966978,13987,3C273,0.81653606891632,86100,AP-N902-F303,0.050263803452253,0.050263803452253,76.151222229004,272.75
18-APR-2026,5.6944424658145,13987,3C273,0.81468057632446,86100,AP-N901-F303,0.053901314735413,0.053901314735413,79.130783081055,272.75
18-APR-2026,5.6944424658145,13987,3C273,0.81468057632446,86100,AP-N902-F303,0.050263803452253,0.050263803452253,76.151222229004,272.75
18-APR-2026,5.7398595349735,13992,M87,0.69288110733032,86100,AP-N901-F303,0,0,92.129821777344,273.64999389648
18-APR-2026,5.7398595349735,13992,M87,0.69288110733032,86100,AP-N902-F303,0,0,88.856559753418,273.64999389648
18-APR-2026,5.7569430307893,13996,M87,0.68974554538727,86100,AP-N901-F303,0,0,92.129821777344,273.64999389648
18-APR-2026,5.7569430307893,13996,M87,0.68974554538727,86100,AP-N902-F303,0,0,88.856559753418,273.64999389648
18-APR-2026,5.7658320018268,13996,M87,0.6881098151207,86100,AP-N901-F303,0,0,92.129821777344,273.64999389648
18-APR-2026,5.7658320018268,13996,M87,0.6881098151207,86100,AP-N902-F303,0,0,88.856559753418,273.64999389648
18-APR-2026,5.7748598601255,13996,M87,0.68644565343857,86100,AP-N901-F303,0,0,92.129821777344,273.64999389648
18-APR-2026,5.7748598601255,13996,M87,0.68644565343857,86100,AP-N902-F303,0,0,88.856559753418,273.64999389648
18-APR-2026,5.7840266095271,13996,M87,0.68475288152695,86100,AP-N901-F303,0,0,92.129821777344,273.64999389648
18-APR-2026,5.7840266095271,13996,M87,0.68475288152695,86100,AP-N902-F303,0,0,88.856559753418,273.64999389648
18-APR-2026,5.7930544711436,13996,M87,0.68308281898499,86100,AP-N901-F303,0,0,92.129821777344,273.64999389648
18-APR-2026,5.7930544711436,13996,M87,0.68308281898499,86100,AP-N902-F303,0,0,88.856559753418,273.64999389648
18-APR-2026,5.8019434413081,13996,M87,0.68143558502197,86100,AP-N901-F303,0,0,92.129821777344,273.64999389648
18-APR-2026,5.8019434413081,13996,M87,0.68143558502197,86100,AP-N902-F303,0,0,88.856559753418,273.64999389648
18-APR-2026,5.9945840841632,14001,3C273,0.75082498788834,86100,AP-N901-F303,0.05155935138464,0.05155935138464,80.927192687988,272.54998779297
18-APR-2026,5.9945840841632,14001,3C273,0.75082498788834,86100,AP-N902-F303,0.047283075749874,0.047283075749874,77.998916625977,272.54998779297
18-APR-2026,6.0100008834266,14005,3C273,0.74748730659485,86100,AP-N901-F303,0.05155935138464,0.05155935138464,80.927192687988,272.54998779297
18-APR-2026,6.0100008834266,14005,3C273,0.74748730659485,86100,AP-N902-F303,0.047283075749874,0.047283075749874,77.998916625977,272.54998779297
18-APR-2026,6.0188898537657,14005,3C273,0.74556058645248,86100,AP-N901-F303,0.05155935138464,0.05155935138464,80.927192687988,272.54998779297
18-APR-2026,6.0188898537657,14005,3C273,0.74556058645248,86100,AP-N902-F303,0.047283075749874,0.047283075749874,77.998916625977,272.54998779297
18-APR-2026,6.0277788225331,14005,3C273,0.74363213777542,86100,AP-N901-F303,0.05155935138464,0.05155935138464,80.927192687988,272.54998779297
18-APR-2026,6.0277788225331,14005,3C273,0.74363213777542,86100,AP-N902-F303,0.047283075749874,0.047283075749874,77.998916625977,272.54998779297
18-APR-2026,6.0740292486122,14010,M87,0.62973636388779,86100,AP-N901-F303,0,0,93.785026550293,271.85000610352
18-APR-2026,6.0740292486122,14010,M87,0.62973636388779,86100,AP-N902-F303,0,0,90.418083190918,271.85000610352
18-APR-2026,6.090279392572,14014,M87,0.6265749335289,86100,AP-N901-F303,0,0,93.785026550293,271.85000610352
18-APR-2026,6.090279392572,14014,M87,0.6265749335289,86100,AP-N902-F303,0,0,90.418083190918,271.85000610352
18-APR-2026,6.0991683618633,14014,M87,0.62484228610992,86100,AP-N901-F303,0,0,93.785026550293,271.85000610352
18-APR-2026,6.0991683618633,14014,M87,0.62484228610992,86100,AP-N902-F303,0,0,90.418083190918,271.85000610352
18-APR-2026,6.1080573325516,14014,M87,0.62310737371445,86100,AP-N901-F303,0,0,93.785026550293,271.85000610352
18-APR-2026,6.1080573325516,14014,M87,0.62310737371445,86100,AP-N902-F303,0,0,90.418083190918,271.85000610352
18-APR-2026,6.1169463025414,14014,M87,0.62137019634247,86100,AP-N901-F303,0,0,93.785026550293,271.85000610352
18-APR-2026,6.1169463025414,14014,M87,0.62137019634247,86100,AP-N902-F303,0,0,90.418083190918,271.85000610352
18-APR-2026,6.1258352728804,14014,M87,0.6196306347847,86100,AP-N901-F303,0,0,93.785026550293,271.85000610352
18-APR-2026,6.1258352728804,14014,M87,0.6196306347847,86100,AP-N902-F303,0,0,90.418083190918,271.85000610352
18-APR-2026,6.1347242421717,14014,M87,0.61788892745972,86100,AP-N901-F303,0,0,93.785026550293,271.85000610352
18-APR-2026,6.1347242421717,14014,M87,0.61788892745972,86100,AP-N902-F303,0,0,90.418083190918,271.85000610352
18-APR-2026,6.3269018313306,14022,3C273,0.67783164978027,86100,AP-N901-F303,0.053095914423466,0.053095914423466,82.506546020508,271.64999389648
18-APR-2026,6.3269018313306,14022,3C273,0.67783164978027,86100,AP-N902-F303,0.050416223704815,0.050416223704815,79.49405670166,271.64999389648
18-APR-2026,6.3434297609886,14026,3C273,0.67414879798889,86100,AP-N901-F303,0.053095914423466,0.053095914423466,82.506546020508,271.64999389648
18-APR-2026,6.3434297609886,14026,3C273,0.67414879798889,86100,AP-N902-F303,0.050416223704815,0.050416223704815,79.49405670166,271.64999389648
18-APR-2026,6.3527354013184,14026,3C273,0.67207324504852,86100,AP-N901-F303,0.053095914423466,0.053095914423466,82.506546020508,271.64999389648
18-APR-2026,6.3527354013184,14026,3C273,0.67207324504852,86100,AP-N902-F303,0.050416223704815,0.050416223704815,79.49405670166,271.64999389648
18-APR-2026,6.3620410433945,14026,3C273,0.66999632120132,86100,AP-N901-F303,0.053095914423466,0.053095914423466,82.506546020508,271.64999389648
18-APR-2026,6.3620410433945,14026,3C273,0.66999632120132,86100,AP-N902-F303,0.050416223704815,0.050416223704815,79.49405670166,271.64999389648
18-APR-2026,6.4066247757152,14031,M87,0.56357365846634,86100,AP-N901-F303,0,0,95.997596740723,272.25
18-APR-2026,6.4066247757152,14031,M87,0.56357365846634,86100,AP-N902-F303,0,0,92.632972717285,272.25
18-APR-2026,6.4237082718802,14035,M87,0.5600979924202,86100,AP-N901-F303,0,0,95.997596740723,272.25
18-APR-2026,6.4237082718802,14035,M87,0.5600979924202,86100,AP-N902-F303,0,0,92.632972717285,272.25
18-APR-2026,6.4325972415208,14035,M87,0.55828672647476,86100,AP-N901-F303,0,0,95.997596740723,272.25
18-APR-2026,6.4325972415208,14035,M87,0.55828672647476,86100,AP-N902-F303,0,0,92.632972717285,272.25
18-APR-2026,6.4416251003433,14035,M87,0.55644518136978,86100,AP-N901-F303,0,0,95.997596740723,272.25
18-APR-2026,6.4416251003433,14035,M87,0.55644518136978,86100,AP-N902-F303,0,0,92.632972717285,272.25
18-APR-2026,6.4509307432925,14035,M87,0.55454504489899,86100,AP-N901-F303,0,0,95.997596740723,272.25
18-APR-2026,6.4509307432925,14035,M87,0.55454504489899,86100,AP-N902-F303,0,0,92.632972717285,272.25
18-APR-2026,6.4598197120599,14035,M87,0.5527281165123,86100,AP-N901-F303,0,0,95.997596740723,272.25
18-APR-2026,6.4598197120599,14035,M87,0.5527281165123,86100,AP-N902-F303,0,0,92.632972717285,272.25
18-APR-2026,6.4687086811766,14035,M87,0.55090934038162,86100,AP-N901-F303,0,0,95.997596740723,272.25
18-APR-2026,6.4687086811766,14035,M87,0.55090934038162,86100,AP-N902-F303,0,0,92.632972717285,272.25
18-APR-2026,6.6610715505572,14040,3C273,0.60255974531174,86100,AP-N901-F303,0.05114271491766,0.05114271491766,84.465065002441,274.14999389648
18-APR-2026,6.6610715505572,14040,3C273,0.60255974531174,86100,AP-N902-F303,0.048554718494415,0.048554718494415,81.287078857422,274.14999389648
18-APR-2026,6.6767661316771,14044,3C273,0.59898620843887,86100,AP-N901-F303,0.05114271491766,0.05114271491766,84.465065002441,274.14999389648
18-APR-2026,6.6767661316771,14044,3C273,0.59898620843887,86100,AP-N902-F303,0.048554718494415,0.048554718494415,81.287078857422,274.14999389648
18-APR-2026,6.685655101143,14044,3C273,0.59696066379547,86100,AP-N901-F303,0.05114271491766,0.05114271491766,84.465065002441,274.14999389648
18-APR-2026,6.685655101143,14044,3C273,0.59696066379547,86100,AP-N902-F303,0.048554718494415,0.048554718494415,81.287078857422,274.14999389648
18-APR-2026,6.6945440716567,14044,3C273,0.59493428468704,86100,AP-N901-F303,0.05114271491766,0.05114271491766,84.465065002441,274.14999389648
18-APR-2026,6.6945440716567,14044,3C273,0.59493428468704,86100,AP-N902-F303,0.048554718494415,0.048554718494415,81.287078857422,274.14999389648
18-APR-2026,6.7399611591512,14049,M87,0.49456730484962,86100,AP-N901-F303,0,0,99.83325958252,275.04998779297
18-APR-2026,6.7399611591512,14049,M87,0.49456730484962,86100,AP-N902-F303,0,0,96.52091217041,275.04998779297
18-APR-2026,6.7570446392508,14053,M87,0.4909676015377,86100,AP-N901-F303,0,0,99.83325958252,275.04998779297
18-APR-2026,6.7570446392508,14053,M87,0.4909676015377,86100,AP-N902-F303,0,0,96.52091217041,275.04998779297
18-APR-2026,6.7659336078437,14053,M87,0.48909229040146,86100,AP-N901-F303,0,0,99.83325958252,275.04998779297
18-APR-2026,6.7659336078437,14053,M87,0.48909229040146,86100,AP-N902-F303,0,0,96.52091217041,275.04998779297
18-APR-2026,6.7748225802782,14053,M87,0.48721554875374,86100,AP-N901-F303,0,0,99.83325958252,275.04998779297
18-APR-2026,6.7748225802782,14053,M87,0.48721554875374,86100,AP-N902-F303,0,0,96.52091217041,275.04998779297
18-APR-2026,6.7837115499187,14053,M87,0.48533722758293,86100,AP-N901-F303,0,0,99.83325958252,275.04998779297
18-APR-2026,6.7837115499187,14053,M87,0.48533722758293,86100,AP-N902-F303,0,0,96.52091217041,275.04998779297
18-APR-2026,6.7926005209563,14053,M87,0.48345741629601,86100,AP-N901-F303,0,0,99.83325958252,275.04998779297
18-APR-2026,6.7926005209563,14053,M87,0.48345741629601,86100,AP-N902-F303,0,0,96.52091217041,275.04998779297
18-APR-2026,6.8014894905968,14053,M87,0.48157602548599,86100,AP-N901-F303,0,0,99.83325958252,275.04998779297
18-APR-2026,6.8014894905968,14053,M87,0.48157602548599,86100,AP-N902-F303,0,0,96.52091217041,275.04998779297
18-APR-2026,6.9946856934979,14058,3C279,0.69301569461823,86100,AP-N901-F303,0.049722865223885,0.049722865223885,82.130958557129,275.14999389648
18-APR-2026,6.9946856934979,14058,3C279,0.69301569461823,86100,AP-N902-F303,0.045281615108252,0.045281615108252,79.154655456543,275.14999389648
18-APR-2026,7.0098247236523,14062,3C279,0.68943554162979,86100,AP-N901-F303,0.049722865223885,0.049722865223885,82.130958557129,275.14999389648
18-APR-2026,7.0098247236523,14062,3C279,0.68943554162979,86100,AP-N902-F303,0.045281615108252,0.045281615108252,79.154655456543,275.14999389648
18-APR-2026,7.0187136929436,14062,3C279,0.68733274936676,86100,AP-N901-F303,0.049722865223885,0.049722865223885,82.130958557129,275.14999389648
18-APR-2026,7.0187136929436,14062,3C279,0.68733274936676,86100,AP-N902-F303,0.045281615108252,0.045281615108252,79.154655456543,275.14999389648
18-APR-2026,7.0276026627588,14062,3C279,0.68522936105728,86100,AP-N901-F303,0.049722865223885,0.049722865223885,82.130958557129,275.14999389648
18-APR-2026,7.0276026627588,14062,3C279,0.68522936105728,86100,AP-N902-F303,0.045281615108252,0.045281615108252,79.154655456543,275.14999389648
18-APR-2026,7.0732975197115,14067,M87,0.42335817217827,86100,AP-N901-F303,0,0,104.58345794678,274.75
18-APR-2026,7.0732975197115,14067,M87,0.42335817217827,86100,AP-N902-F303,0,0,100.95505523682,274.75
18-APR-2026,7.0901032319245,14071,M87,0.41971752047539,86100,AP-N901-F303,0,0,104.58345794678,274.75
18-APR-2026,7.0901032319245,14071,M87,0.41971752047539,86100,AP-N902-F303,0,0,100.95505523682,274.75
18-APR-2026,7.0989922029621,14071,M87,0.41778984665871,86100,AP-N901-F303,0,0,104.58345794678,274.75
18-APR-2026,7.0989922029621,14071,M87,0.41778984665871,86100,AP-N902-F303,0,0,100.95505523682,274.75
18-APR-2026,7.107881172428,14071,M87,0.41586098074913,86100,AP-N901-F303,0,0,104.58345794678,274.75
18-APR-2026,7.107881172428,14071,M87,0.41586098074913,86100,AP-N902-F303,0,0,100.95505523682,274.75
18-APR-2026,7.116770142767,14071,M87,0.41393083333969,86100,AP-N901-F303,0,0,104.58345794678,274.75
18-APR-2026,7.116770142767,14071,M87,0.41393083333969,86100,AP-N902-F303,0,0,100.95505523682,274.75
18-APR-2026,7.1256591111852,14071,M87,0.41199949383736,86100,AP-N901-F303,0,0,104.58345794678,274.75
18-APR-2026,7.1256591111852,14071,M87,0.41199949383736,86100,AP-N902-F303,0,0,100.95505523682,274.75
18-APR-2026,7.1345480804765,14071,M87,0.41006690263748,86100,AP-N901-F303,0,0,104.58345794678,274.75
18-APR-2026,7.1345480804765,14071,M87,0.41006690263748,86100,AP-N902-F303,0,0,100.95505523682,274.75
18-APR-2026,7.3282998479638,14076,3C273,0.44826865196228,86100,AP-N901-F303,0.047397866845131,0.047397866845131,90.906829833984,274.45001220703
18-APR-2026,7.3282998479638,14076,3C273,0.44826865196228,86100,AP-N902-F303,0.045586422085762,0.045586422085762,87.68318939209,274.45001220703
18-APR-2026,7.343161096087,14080,3C273,0.44478565454483,86100,AP-N901-F303,0.047397866845131,0.047397866845131,90.906829833984,274.45001220703
18-APR-2026,7.343161096087,14080,3C273,0.44478565454483,86100,AP-N902-F303,0.045586422085762,0.045586422085762,87.68318939209,274.45001220703
18-APR-2026,7.3520500652037,14080,3C273,0.44270133972168,86100,AP-N901-F303,0.047397866845131,0.047397866845131,90.906829833984,274.45001220703
18-APR-2026,7.3520500652037,14080,3C273,0.44270133972168,86100,AP-N902-F303,0.045586422085762,0.045586422085762,87.68318939209,274.45001220703
18-APR-2026,7.3609390353681,14080,3C273,0.44061654806137,86100,AP-N901-F303,0.047397866845131,0.047397866845131,90.906829833984,274.45001220703
18-APR-2026,7.3609390353681,14080,3C273,0.44061654806137,86100,AP-N902-F303,0.045586422085762,0.045586422085762,87.68318939209,274.45001220703
18-APR-2026,7.4069116825593,14085,M87,0.35028180480003,86100,AP-N901-F303,0,0,110.38068389893,274.25
18-APR-2026,7.4069116825593,14085,M87,0.35028180480003,86100,AP-N902-F303,0,0,107.09552764893,274.25
18-APR-2026,7.4239951624843,14089,M87,0.34649726748466,86100,AP-N901-F303,0,0,110.38068389893,274.25
18-APR-2026,7.4239951624843,14089,M87,0.34649726748466,86100,AP-N902-F303,0,0,107.09552764893,274.25
18-APR-2026,7.4328841319502,14089,M87,0.34452649950981,86100,AP-N901-F303,0,0,110.38068389893,274.25
18-APR-2026,7.4328841319502,14089,M87,0.34452649950981,86100,AP-N902-F303,0,0,107.09552764893,274.25
18-APR-2026,7.4420508811772,14089,M87,0.34249305725098,86100,AP-N901-F303,0,0,110.38068389893,274.25
18-APR-2026,7.4420508811772,14089,M87,0.34249305725098,86100,AP-N902-F303,0,0,107.09552764893,274.25
18-APR-2026,7.4512176338966,14089,M87,0.34045854210854,86100,AP-N901-F303,0,0,110.38068389893,274.25
18-APR-2026,7.4512176338966,14089,M87,0.34045854210854,86100,AP-N902-F303,0,0,107.09552764893,274.25
18-APR-2026,7.4601066023148,14089,M87,0.33848461508751,86100,AP-N901-F303,0,0,110.38068389893,274.25
18-APR-2026,7.4601066023148,14089,M87,0.33848461508751,86100,AP-N902-F303,0,0,107.09552764893,274.25
18-APR-2026,7.4689955726539,14089,M87,0.33650970458984,86100,AP-N901-F303,0,0,110.38068389893,274.25
18-APR-2026,7.4689955726539,14089,M87,0.33650970458984,86100,AP-N902-F303,0,0,107.09552764893,274.25
18-APR-2026,7.6602136237235,14097,3C273,0.37010335922241,86100,AP-N901-F303,0.046260092407465,0.046260092407465,96.398307800293,274.14999389648
18-APR-2026,7.6602136237235,14097,3C273,0.37010335922241,86100,AP-N902-F303,0.045170441269875,0.045170441269875,93.450523376465,274.14999389648
18-APR-2026,7.6764637699534,14101,3C273,0.36625784635544,86100,AP-N901-F303,0.046260092407465,0.046260092407465,96.398307800293,274.14999389648
18-APR-2026,7.6764637699534,14101,3C273,0.36625784635544,86100,AP-N902-F303,0.045170441269875,0.045170441269875,93.450523376465,274.14999389648
18-APR-2026,7.6853527399432,14101,3C273,0.36415377259254,86100,AP-N901-F303,0.046260092407465,0.046260092407465,96.398307800293,274.14999389648
18-APR-2026,7.6853527399432,14101,3C273,0.36415377259254,86100,AP-N902-F303,0.045170441269875,0.045170441269875,93.450523376465,274.14999389648
18-APR-2026,7.694241708536,14101,3C273,0.36204922199249,86100,AP-N901-F303,0.046260092407465,0.046260092407465,96.398307800293,274.14999389648
18-APR-2026,7.694241708536,14101,3C273,0.36204922199249,86100,AP-N902-F303,0.045170441269875,0.045170441269875,93.450523376465,274.14999389648
18-APR-2026,7.7404921222169,14106,M87,0.27572253346443,86100,AP-N901-F303,0,0,120.04066467285,274.04998779297
18-APR-2026,7.7404921222169,14106,M87,0.27572253346443,86100,AP-N902-F303,0,0,116.95169067383,274.04998779297
18-APR-2026,7.7578534016354,14110,M87,0.2718061208725,86100,AP-N901-F303,0,0,120.04066467285,274.04998779297
18-APR-2026,7.7578534016354,14110,M87,0.2718061208725,86100,AP-N902-F303,0,0,116.95169067383,274.04998779297
18-APR-2026,7.76702014964,14110,M87,0.26973700523376,86100,AP-N901-F303,0,0,120.04066467285,274.04998779297
18-APR-2026,7.76702014964,14110,M87,0.26973700523376,86100,AP-N902-F303,0,0,116.95169067383,274.04998779297
18-APR-2026,7.7759091206775,14110,M87,0.26772969961166,86100,AP-N901-F303,0,0,120.04066467285,274.04998779297
18-APR-2026,7.7759091206775,14110,M87,0.26772969961166,86100,AP-N902-F303,0,0,116.95169067383,274.04998779297
18-APR-2026,7.7847980904927,14110,M87,0.26572158932686,86100,AP-N901-F303,0,0,120.04066467285,274.04998779297
18-APR-2026,7.7847980904927,14110,M87,0.26572158932686,86100,AP-N902-F303,0,0,116.95169067383,274.04998779297
18-APR-2026,7.7936870596094,14110,M87,0.2637126147747,86100,AP-N901-F303,0,0,120.04066467285,274.04998779297
18-APR-2026,7.7936870596094,14110,M87,0.2637126147747,86100,AP-N902-F303,0,0,116.95169067383,274.04998779297
18-APR-2026,7.8025760294245,14110,M87,0.2617027759552,86100,AP-N901-F303,0,0,120.04066467285,274.04998779297
18-APR-2026,7.8025760294245,14110,M87,0.2617027759552,86100,AP-N902-F303,0,0,116.95169067383,274.04998779297
18-APR-2026,7.9938277726015,14115,3C273,0.29087027907372,86100,AP-N901-F303,0.042834188789129,0.042834188789129,104.4974822998,272.25
18-APR-2026,7.9938277726015,14115,3C273,0.29087027907372,86100,AP-N902-F303,0.041640818119049,0.041640818119049,101.51571655273,272.25
18-APR-2026,8.0098001362763,14119,3C273,0.28706339001656,86100,AP-N901-F303,0.042834188789129,0.042834188789129,104.4974822998,272.25
18-APR-2026,8.0098001362763,14119,3C273,0.28706339001656,86100,AP-N902-F303,0.041640818119049,0.041640818119049,101.51571655273,272.25
18-APR-2026,8.0186891066154,14119,3C273,0.28494369983673,86100,AP-N901-F303,0.042834188789129,0.042834188789129,104.4974822998,272.25
18-APR-2026,8.0186891066154,14119,3C273,0.28494369983673,86100,AP-N902-F303,0.041640818119049,0.041640818119049,101.51571655273,272.25
18-APR-2026,8.0275780752082,14119,3C273,0.28282395005226,86100,AP-N901-F303,0.042834188789129,0.042834188789129,104.4974822998,272.25
18-APR-2026,8.0275780752082,14119,3C273,0.28282395005226,86100,AP-N902-F303,0.041640818119049,0.041640818119049,101.51571655273,272.25
18-APR-2026,8.0727173701942,14124,M87,0.20023940503597,86100,AP-N901-F303,0,0,136.9658203125,272.35000610352
18-APR-2026,8.0727173701942,14124,M87,0.20023940503597,86100,AP-N902-F303,0,0,133.59687805176,272.35000610352
18-APR-2026,8.0903564243096,14128,M87,0.1962016671896,86100,AP-N901-F303,0,0,136.9658203125,272.35000610352
18-APR-2026,8.0903564243096,14128,M87,0.1962016671896,86100,AP-N902-F303,0,0,133.59687805176,272.35000610352
18-APR-2026,8.0992453953472,14128,M87,0.19416581094265,86100,AP-N901-F303,0,0,136.9658203125,272.35000610352
18-APR-2026,8.0992453953472,14128,M87,0.19416581094265,86100,AP-N902-F303,0,0,133.59687805176,272.35000610352
18-APR-2026,8.1081343646385,14128,M87,0.1921292245388,86100,AP-N901-F303,0,0,136.9658203125,272.35000610352
18-APR-2026,8.1081343646385,14128,M87,0.1921292245388,86100,AP-N902-F303,0,0,133.59687805176,272.35000610352
18-APR-2026,8.11730111404,14128,M87,0.19002829492092,86100,AP-N901-F303,0,0,136.9658203125,272.35000610352
18-APR-2026,8.11730111404,14128,M87,0.19002829492092,86100,AP-N902-F303,0,0,133.59687805176,272.35000610352
18-APR-2026,8.1261900845537,14128,M87,0.1879902780056,86100,AP-N901-F303,0,0,136.9658203125,272.35000610352
18-APR-2026,8.1261900845537,14128,M87,0.1879902780056,86100,AP-N902-F303,0,0,133.59687805176,272.35000610352
18-APR-2026,8.1350790527973,14128,M87,0.18595162034035,86100,AP-N901-F303,0,0,136.9658203125,272.35000610352
18-APR-2026,8.1350790527973,14128,M87,0.18595162034035,86100,AP-N902-F303,0,0,133.59687805176,272.35000610352
18-APR-2026,8.3274419242733,14133,3C273,0.2111277282238,86100,AP-N901-F303,0.040257539600134,0.040257539600134,119.6031036377,273.85000610352
18-APR-2026,8.3274419242733,14133,3C273,0.2111277282238,86100,AP-N902-F303,0.039909660816193,0.039909660816193,116.63465881348,273.85000610352
18-APR-2026,8.3434142870751,14137,3C273,0.20729991793633,86100,AP-N901-F303,0.040257539600134,0.040257539600134,119.6031036377,273.85000610352
18-APR-2026,8.3434142870751,14137,3C273,0.20729991793633,86100,AP-N902-F303,0.039909660816193,0.039909660816193,116.63465881348,273.85000610352
18-APR-2026,8.3523032581126,14137,3C273,0.20516873896122,86100,AP-N901-F303,0.040257539600134,0.040257539600134,119.6031036377,273.85000610352
18-APR-2026,8.3523032581126,14137,3C273,0.20516873896122,86100,AP-N902-F303,0.039909660816193,0.039909660816193,116.63465881348,273.85000610352
18-APR-2026,8.3611922284517,14137,3C273,0.2030376046896,86100,AP-N901-F303,0.040257539600134,0.040257539600134,119.6031036377,273.85000610352
18-APR-2026,8.3611922284517,14137,3C273,0.2030376046896,86100,AP-N902-F303,0.039909660816193,0.039909660816193,116.63465881348,273.85000610352
18-APR-2026,8.406331535312,14142,M87,0.12341772764921,86100,AP-N901-F303,0,0,176.77337646484,273.95001220703
18-APR-2026,8.406331535312,14142,M87,0.12341772764921,86100,AP-N902-F303,0,0,173.20713806152,273.95001220703
18-APR-2026,9.2603157235425,14170,3C454.3,0.25011500716209,86100,AP-N901-F303,0,0,0,0
18-APR-2026,9.2603157235425,14170,3C454.3,0.25011500716209,86100,AP-N902-F303,0,0,0,0
18-APR-2026,9.2692046931831,14170,3C454.3,0.25206086039543,86100,AP-N901-F303,0,0,0,0
18-APR-2026,9.2692046931831,14170,3C454.3,0.25206086039543,86100,AP-N902-F303,0,0,0,0
18-APR-2026,9.2789270043768,14170,3C454.3,0.25418794155121,86100,AP-N901-F303,0,0,0,0
18-APR-2026,9.2789270043768,14170,3C454.3,0.25418794155121,86100,AP-N902-F303,0,0,0,0
18-APR-2026,9.2878159748905,14170,3C454.3,0.25613158941269,86100,AP-N901-F303,0,0,0,0
18-APR-2026,9.2878159748905,14170,3C454.3,0.25613158941269,86100,AP-N902-F303,0,0,0,0
18-APR-2026,9.2968438377294,14170,3C454.3,0.25810453295708,86100,AP-N901-F303,0,0,0,0
18-APR-2026,9.2968438377294,14170,3C454.3,0.25810453295708,86100,AP-N902-F303,0,0,0,0
18-APR-2026,9.305871697949,14170,3C454.3,0.26007640361786,86100,AP-N901-F303,0,0,0,0
18-APR-2026,9.305871697949,14170,3C454.3,0.26007640361786,86100,AP-N902-F303,0,0,0,0
18-APR-2026,9.3147606672403,14170,3C454.3,0.26201686263084,86100,AP-N901-F303,0,0,0,0
18-APR-2026,9.3147606672403,14170,3C454.3,0.26201686263084,86100,AP-N902-F303,0,0,0,0
18-APR-2026,9.4946234187364,14175,3C454.3,0.30104401707649,86100,AP-N901-F303,0.04475923627615,0.04475923627615,104.9797744751,273.85000610352
18-APR-2026,9.4946234187364,14175,3C454.3,0.30104401707649,86100,AP-N902-F303,0.044349361211061,0.044349361211061,102.63963317871,273.85000610352
18-APR-2026,9.5105957930633,14179,3C454.3,0.30448713898659,86100,AP-N901-F303,0.04475923627615,0.04475923627615,104.9797744751,273.85000610352
18-APR-2026,9.5105957930633,14179,3C454.3,0.30448713898659,86100,AP-N902-F303,0.044349361211061,0.044349361211061,102.63963317871,273.85000610352
18-APR-2026,9.519484760783,14179,3C454.3,0.30640169978142,86100,AP-N901-F303,0.04475923627615,0.04475923627615,104.9797744751,273.85000610352
18-APR-2026,9.519484760783,14179,3C454.3,0.30640169978142,86100,AP-N902-F303,0.044349361211061,0.044349361211061,102.63963317871,273.85000610352
18-APR-2026,9.5283737319952,14179,3C454.3,0.30831503868103,86100,AP-N901-F303,0.04475923627615,0.04475923627615,104.9797744751,273.85000610352
18-APR-2026,9.5283737319952,14179,3C454.3,0.30831503868103,86100,AP-N902-F303,0.044349361211061,0.044349361211061,102.63963317871,273.85000610352
18-APR-2026,9.5375404834923,14179,3C454.3,0.31028687953949,86100,AP-N901-F303,0.04475923627615,0.04475923627615,104.9797744751,273.85000610352
18-APR-2026,9.5375404834923,14179,3C454.3,0.31028687953949,86100,AP-N902-F303,0.044349361211061,0.044349361211061,102.63963317871,273.85000610352
18-APR-2026,9.5464294515612,14179,3C454.3,0.31219780445099,86100,AP-N901-F303,0.04475923627615,0.04475923627615,104.9797744751,273.85000610352
18-APR-2026,9.5464294515612,14179,3C454.3,0.31219780445099,86100,AP-N902-F303,0.044349361211061,0.044349361211061,102.63963317871,273.85000610352
18-APR-2026,9.5553184219002,14179,3C454.3,0.31410753726959,86100,AP-N901-F303,0.04475923627615,0.04475923627615,104.9797744751,273.85000610352
18-APR-2026,9.5553184219002,14179,3C454.3,0.31410753726959,86100,AP-N902-F303,0.044349361211061,0.044349361211061,102.63963317871,273.85000610352
18-APR-2026,9.5642073910169,14179,3C454.3,0.31601595878601,86100,AP-N901-F303,0.04475923627615,0.04475923627615,104.9797744751,273.85000610352
18-APR-2026,9.5642073910169,14179,3C454.3,0.31601595878601,86100,AP-N902-F303,0.044349361211061,0.044349361211061,102.63963317871,273.85000610352
18-APR-2026,9.7449034961153,14184,3C454.3,0.35453960299492,86100,AP-N901-F303,0.045335751026869,0.045335751026869,98.393989562988,273.64999389648
18-APR-2026,9.7449034961153,14184,3C454.3,0.35453960299492,86100,AP-N902-F303,0.044409394264221,0.044409394264221,95.311538696289,273.64999389648
18-APR-2026,9.7600425180623,14188,3C454.3,0.35774278640747,86100,AP-N901-F303,0.045335751026869,0.045335751026869,98.393989562988,273.64999389648
18-APR-2026,9.7600425180623,14188,3C454.3,0.35774278640747,86100,AP-N902-F303,0.044409394264221,0.044409394264221,95.311538696289,273.64999389648
18-APR-2026,9.7689314878775,14188,3C454.3,0.35962170362473,86100,AP-N901-F303,0.045335751026869,0.045335751026869,98.393989562988,273.64999389648
18-APR-2026,9.7689314878775,14188,3C454.3,0.35962170362473,86100,AP-N902-F303,0.044409394264221,0.044409394264221,95.311538696289,273.64999389648
18-APR-2026,9.7778204571688,14188,3C454.3,0.36149924993515,86100,AP-N901-F303,0.045335751026869,0.045335751026869,98.393989562988,273.64999389648
18-APR-2026,9.7778204571688,14188,3C454.3,0.36149924993515,86100,AP-N902-F303,0.044409394264221,0.044409394264221,95.311538696289,273.64999389648
18-APR-2026,9.7867094280317,14188,3C454.3,0.36337548494339,86100,AP-N901-F303,0.045335751026869,0.045335751026869,98.393989562988,273.64999389648
18-APR-2026,9.7867094280317,14188,3C454.3,0.36337548494339,86100,AP-N902-F303,0.044409394264221,0.044409394264221,95.311538696289,273.64999389648
18-APR-2026,9.7955983980215,14188,3C454.3,0.36525028944016,86100,AP-N901-F303,0.045335751026869,0.045335751026869,98.393989562988,273.64999389648
18-APR-2026,9.7955983980215,14188,3C454.3,0.36525028944016,86100,AP-N902-F303,0.044409394264221,0.044409394264221,95.311538696289,273.64999389648
18-APR-2026,9.8044873687098,14188,3C454.3,0.36712375283241,86100,AP-N901-F303,0.045335751026869,0.045335751026869,98.393989562988,273.64999389648
18-APR-2026,9.8044873687098,14188,3C454.3,0.36712375283241,86100,AP-N902-F303,0.044409394264221,0.044409394264221,95.311538696289,273.64999389648
18-APR-2026,9.8133763386996,14188,3C454.3,0.36899581551552,86100,AP-N901-F303,0.045335751026869,0.045335751026869,98.393989562988,273.64999389648
18-APR-2026,9.8133763386996,14188,3C454.3,0.36899581551552,86100,AP-N902-F303,0.044409394264221,0.044409394264221,95.311538696289,273.64999389648
18-APR-2026,9.9945828810909,14196,3C454.3,0.40684574842453,86100,AP-N901-F303,0.046294566243887,0.046294566243887,93.579864501953,273.64999389648
18-APR-2026,9.9945828810909,14196,3C454.3,0.40684574842453,86100,AP-N902-F303,0.045195393264294,0.045195393264294,90.437164306641,273.64999389648
