2026.108.14:00:00;APEX Database GPS vs Devices offset for c261c
2026.108.14:00:00;The format is gps-fmout/[seconds] and gps-maser/[seconds]
2026.108.14:01:00/gps-fmout/+2.878888e-06
2026.108.14:01:00/gps-maser/+2.990000e-06
2026.108.14:02:00/gps-fmout/+2.878592e-06
2026.108.14:02:00/gps-maser/+2.992704e-06
2026.108.14:03:00/gps-fmout/+2.880648e-06
2026.108.14:03:00/gps-maser/+2.994394e-06
2026.108.14:04:00/gps-fmout/+2.883125e-06
2026.108.14:04:00/gps-maser/+2.996034e-06
2026.108.14:05:00/gps-fmout/+2.881549e-06
2026.108.14:05:00/gps-maser/+2.993577e-06
2026.108.14:06:00/gps-fmout/+2.880638e-06
2026.108.14:06:00/gps-maser/+2.994662e-06
2026.108.14:07:00/gps-fmout/+2.883287e-06
2026.108.14:07:00/gps-maser/+2.997254e-06
2026.108.14:08:00/gps-fmout/+2.884321e-06
2026.108.14:08:00/gps-maser/+2.997634e-06
2026.108.14:09:00/gps-fmout/+2.883374e-06
2026.108.14:09:00/gps-maser/+2.994898e-06
2026.108.14:10:00/gps-fmout/+2.880379e-06
2026.108.14:10:00/gps-maser/+2.991592e-06
2026.108.14:11:00/gps-fmout/+2.876967e-06
2026.108.14:11:00/gps-maser/+2.991000e-06
2026.108.14:12:00/gps-fmout/+2.878258e-06
2026.108.14:12:00/gps-maser/+2.991000e-06
2026.108.14:13:00/gps-fmout/+2.876549e-06
2026.108.14:13:00/gps-maser/+2.990878e-06
2026.108.14:14:00/gps-fmout/+2.874858e-06
2026.108.14:14:00/gps-maser/+2.988864e-06
2026.108.14:15:00/gps-fmout/+2.875327e-06
2026.108.14:15:00/gps-maser/+2.987396e-06
2026.108.14:16:00/gps-fmout/+2.877861e-06
2026.108.14:16:00/gps-maser/+2.988254e-06
2026.108.14:17:00/gps-fmout/+2.876733e-06
2026.108.14:17:00/gps-maser/+2.989143e-06
2026.108.14:18:00/gps-fmout/+2.876333e-06
2026.108.14:18:00/gps-maser/+2.990131e-06
2026.108.14:19:00/gps-fmout/+2.877022e-06
2026.108.14:19:00/gps-maser/+2.990422e-06
2026.108.14:20:00/gps-fmout/+2.877297e-06
2026.108.14:20:00/gps-maser/+2.991660e-06
2026.108.14:21:00/gps-fmout/+2.880010e-06
2026.108.14:21:00/gps-maser/+2.991964e-06
2026.108.14:22:00/gps-fmout/+2.879920e-06
2026.108.14:22:00/gps-maser/+2.994109e-06
2026.108.14:23:00/gps-fmout/+2.878714e-06
2026.108.14:23:00/gps-maser/+2.993763e-06
2026.108.14:24:00/gps-fmout/+2.878064e-06
2026.108.14:24:00/gps-maser/+2.993086e-06
2026.108.14:25:00/gps-fmout/+2.879962e-06
2026.108.14:25:00/gps-maser/+2.994800e-06
2026.108.14:26:00/gps-fmout/+2.881613e-06
2026.108.14:26:00/gps-maser/+2.996223e-06
2026.108.14:27:00/gps-fmout/+2.884122e-06
2026.108.14:27:00/gps-maser/+2.996164e-06
2026.108.14:28:00/gps-fmout/+2.885070e-06
2026.108.14:28:00/gps-maser/+2.997493e-06
2026.108.14:29:00/gps-fmout/+2.885531e-06
2026.108.14:29:00/gps-maser/+2.998221e-06
2026.108.14:30:00/gps-fmout/+2.882269e-06
2026.108.14:30:00/gps-maser/+2.997366e-06
2026.108.14:31:00/gps-fmout/+2.877952e-06
2026.108.14:31:00/gps-maser/+2.991511e-06
2026.108.14:32:00/gps-fmout/+2.876633e-06
2026.108.14:32:00/gps-maser/+2.990155e-06
2026.108.14:33:00/gps-fmout/+2.876980e-06
2026.108.14:33:00/gps-maser/+2.990681e-06
2026.108.14:34:00/gps-fmout/+2.876962e-06
2026.108.14:34:00/gps-maser/+2.989053e-06
2026.108.14:35:00/gps-fmout/+2.876532e-06
2026.108.14:35:00/gps-maser/+2.990401e-06
2026.108.14:36:00/gps-fmout/+2.877358e-06
2026.108.14:36:00/gps-maser/+2.991254e-06
2026.108.14:37:00/gps-fmout/+2.879151e-06
2026.108.14:37:00/gps-maser/+2.992138e-06
2026.108.14:38:00/gps-fmout/+2.880079e-06
2026.108.14:38:00/gps-maser/+2.993548e-06
2026.108.14:39:00/gps-fmout/+2.880596e-06
2026.108.14:39:00/gps-maser/+2.993862e-06
2026.108.14:40:00/gps-fmout/+2.882238e-06
2026.108.14:40:00/gps-maser/+2.993961e-06
2026.108.14:41:00/gps-fmout/+2.883028e-06
2026.108.14:41:00/gps-maser/+2.997994e-06
2026.108.14:42:00/gps-fmout/+2.885864e-06
2026.108.14:42:00/gps-maser/+2.998599e-06
2026.108.14:43:00/gps-fmout/+2.885744e-06
2026.108.14:43:00/gps-maser/+3.000647e-06
2026.108.14:44:00/gps-fmout/+2.889073e-06
2026.108.14:44:00/gps-maser/+3.004064e-06
2026.108.14:45:00/gps-fmout/+2.890613e-06
2026.108.14:45:00/gps-maser/+3.004617e-06
2026.108.14:46:00/gps-fmout/+2.893637e-06
2026.108.14:46:00/gps-maser/+3.006813e-06
2026.108.14:47:00/gps-fmout/+2.893619e-06
2026.108.14:47:00/gps-maser/+3.005966e-06
2026.108.14:48:00/gps-fmout/+2.892079e-06
2026.108.14:48:00/gps-maser/+3.006664e-06
2026.108.14:49:00/gps-fmout/+2.893914e-06
2026.108.14:49:00/gps-maser/+3.008810e-06
2026.108.14:50:00/gps-fmout/+2.896367e-06
2026.108.14:50:00/gps-maser/+3.011329e-06
2026.108.14:51:00/gps-fmout/+2.897185e-06
2026.108.14:51:00/gps-maser/+3.011922e-06
2026.108.14:52:00/gps-fmout/+2.897000e-06
2026.108.14:52:00/gps-maser/+3.010090e-06
2026.108.14:53:00/gps-fmout/+2.896474e-06
2026.108.14:53:00/gps-maser/+3.007642e-06
2026.108.14:54:00/gps-fmout/+2.892058e-06
2026.108.14:54:00/gps-maser/+3.007015e-06
2026.108.14:55:00/gps-fmout/+2.894616e-06
2026.108.14:55:00/gps-maser/+3.009128e-06
2026.108.14:56:00/gps-fmout/+2.894763e-06
2026.108.14:56:00/gps-maser/+3.010856e-06
2026.108.14:57:00/gps-fmout/+2.894041e-06
2026.108.14:57:00/gps-maser/+3.008000e-06
2026.108.14:58:00/gps-fmout/+2.893752e-06
2026.108.14:58:00/gps-maser/+3.008000e-06
2026.108.14:59:00/gps-fmout/+2.893968e-06
2026.108.14:59:00/gps-maser/+3.008160e-06
2026.108.15:00:00/gps-fmout/+2.893135e-06
2026.108.15:00:00/gps-maser/+3.009000e-06
2026.108.15:01:00/gps-fmout/+2.893513e-06
2026.108.15:01:00/gps-maser/+3.009000e-06
2026.108.15:02:00/gps-fmout/+2.893523e-06
2026.108.15:02:00/gps-maser/+3.009000e-06
2026.108.15:03:00/gps-fmout/+2.895106e-06
2026.108.15:03:00/gps-maser/+3.008820e-06
2026.108.15:04:00/gps-fmout/+2.895000e-06
2026.108.15:04:00/gps-maser/+3.008470e-06
2026.108.15:05:00/gps-fmout/+2.894305e-06
2026.108.15:05:00/gps-maser/+3.009325e-06
2026.108.15:06:00/gps-fmout/+2.895364e-06
2026.108.15:06:00/gps-maser/+3.010327e-06
2026.108.15:07:00/gps-fmout/+2.897063e-06
2026.108.15:07:00/gps-maser/+3.012995e-06
2026.108.15:08:00/gps-fmout/+2.897773e-06
2026.108.15:08:00/gps-maser/+3.010386e-06
2026.108.15:09:00/gps-fmout/+2.898698e-06
2026.108.15:09:00/gps-maser/+3.011243e-06
2026.108.15:10:00/gps-fmout/+2.897202e-06
2026.108.15:10:00/gps-maser/+3.012266e-06
2026.108.15:11:00/gps-fmout/+2.897989e-06
2026.108.15:11:00/gps-maser/+3.013238e-06
2026.108.15:12:00/gps-fmout/+2.897886e-06
2026.108.15:12:00/gps-maser/+3.011992e-06
2026.108.15:13:00/gps-fmout/+2.896844e-06
2026.108.15:13:00/gps-maser/+3.011822e-06
2026.108.15:14:00/gps-fmout/+2.895937e-06
2026.108.15:14:00/gps-maser/+3.010000e-06
2026.108.15:15:00/gps-fmout/+2.892679e-06
2026.108.15:15:00/gps-maser/+3.006985e-06
2026.108.15:16:00/gps-fmout/+2.890919e-06
2026.108.15:16:00/gps-maser/+3.006000e-06
2026.108.15:17:00/gps-fmout/+2.891883e-06
2026.108.15:17:00/gps-maser/+3.006000e-06
2026.108.15:18:00/gps-fmout/+2.890543e-06
2026.108.15:18:00/gps-maser/+3.005157e-06
2026.108.15:19:00/gps-fmout/+2.889909e-06
2026.108.15:19:00/gps-maser/+3.002555e-06
2026.108.15:20:00/gps-fmout/+2.889942e-06
2026.108.15:20:00/gps-maser/+3.002122e-06
2026.108.15:21:00/gps-fmout/+2.889586e-06
2026.108.15:21:00/gps-maser/+3.003111e-06
2026.108.15:22:00/gps-fmout/+2.888672e-06
2026.108.15:22:00/gps-maser/+3.002726e-06
2026.108.15:23:00/gps-fmout/+2.888097e-06
2026.108.15:23:00/gps-maser/+3.002197e-06
2026.108.15:24:00/gps-fmout/+2.889945e-06
2026.108.15:24:00/gps-maser/+3.003261e-06
2026.108.15:25:00/gps-fmout/+2.886999e-06
2026.108.15:25:00/gps-maser/+3.002372e-06
2026.108.15:26:00/gps-fmout/+2.886156e-06
2026.108.15:26:00/gps-maser/+3.000681e-06
2026.108.15:27:00/gps-fmout/+2.887964e-06
2026.108.15:27:00/gps-maser/+3.000039e-06
2026.108.15:28:00/gps-fmout/+2.888544e-06
2026.108.15:28:00/gps-maser/+3.002043e-06
2026.108.15:29:00/gps-fmout/+2.890376e-06
2026.108.15:29:00/gps-maser/+3.002210e-06
2026.108.15:30:00/gps-fmout/+2.888256e-06
2026.108.15:30:00/gps-maser/+3.002896e-06
2026.108.15:31:00/gps-fmout/+2.890017e-06
2026.108.15:31:00/gps-maser/+3.002886e-06
2026.108.15:32:00/gps-fmout/+2.891150e-06
2026.108.15:32:00/gps-maser/+3.004600e-06
2026.108.15:33:00/gps-fmout/+2.891210e-06
2026.108.15:33:00/gps-maser/+3.005711e-06
2026.108.15:34:00/gps-fmout/+2.892001e-06
2026.108.15:34:00/gps-maser/+3.005727e-06
2026.108.15:35:00/gps-fmout/+2.891927e-06
2026.108.15:35:00/gps-maser/+3.006296e-06
2026.108.15:36:00/gps-fmout/+2.891741e-06
2026.108.15:36:00/gps-maser/+3.004606e-06
2026.108.15:37:00/gps-fmout/+2.890048e-06
2026.108.15:37:00/gps-maser/+3.002968e-06
2026.108.15:38:00/gps-fmout/+2.891033e-06
2026.108.15:38:00/gps-maser/+3.005395e-06
2026.108.15:39:00/gps-fmout/+2.891667e-06
2026.108.15:39:00/gps-maser/+3.006242e-06
2026.108.15:40:00/gps-fmout/+2.893844e-06
2026.108.15:40:00/gps-maser/+3.006965e-06
2026.108.15:41:00/gps-fmout/+2.892997e-06
2026.108.15:41:00/gps-maser/+3.006732e-06
2026.108.15:42:00/gps-fmout/+2.892697e-06
2026.108.15:42:00/gps-maser/+3.007815e-06
2026.108.15:43:00/gps-fmout/+2.892230e-06
2026.108.15:43:00/gps-maser/+3.007738e-06
2026.108.15:44:00/gps-fmout/+2.895030e-06
2026.108.15:44:00/gps-maser/+3.010666e-06
2026.108.15:45:00/gps-fmout/+2.896069e-06
2026.108.15:45:00/gps-maser/+3.011026e-06
2026.108.15:46:00/gps-fmout/+2.897994e-06
2026.108.15:46:00/gps-maser/+3.011231e-06
2026.108.15:47:00/gps-fmout/+2.897077e-06
2026.108.15:47:00/gps-maser/+3.012940e-06
2026.108.15:48:00/gps-fmout/+2.897085e-06
2026.108.15:48:00/gps-maser/+3.009984e-06
2026.108.15:49:00/gps-fmout/+2.894412e-06
2026.108.15:49:00/gps-maser/+3.009766e-06
2026.108.15:50:00/gps-fmout/+1.155174e-01
2026.108.15:50:00/gps-maser/+3.008949e-06
2026.108.15:51:00/gps-fmout/+1.751094e-01
2026.108.15:51:00/gps-maser/+3.009849e-06
2026.108.15:52:00/gps-fmout/+1.751094e-01
2026.108.15:52:00/gps-maser/+3.011463e-06
2026.108.15:53:00/gps-fmout/+1.751094e-01
2026.108.15:53:00/gps-maser/+3.012000e-06
2026.108.15:54:00/gps-fmout/+1.751094e-01
2026.108.15:54:00/gps-maser/+3.012000e-06
2026.108.15:55:00/gps-fmout/+1.751094e-01
2026.108.15:55:00/gps-maser/+3.012000e-06
2026.108.15:56:00/gps-fmout/+1.751094e-01
2026.108.15:56:00/gps-maser/+3.012000e-06
2026.108.15:57:00/gps-fmout/+1.751094e-01
2026.108.15:57:00/gps-maser/+3.011797e-06
2026.108.15:58:00/gps-fmout/+1.848435e-01
2026.108.15:58:00/gps-maser/+3.009791e-06
2026.108.15:59:00/gps-fmout/+4.756772e-01
2026.108.15:59:00/gps-maser/+3.008660e-06
2026.108.16:00:00/gps-fmout/+6.110574e-02
2026.108.16:00:00/gps-maser/+3.009254e-06
2026.108.16:01:00/gps-fmout/+2.945510e-06
2026.108.16:01:00/gps-maser/+3.010202e-06
2026.108.16:02:00/gps-fmout/+2.944234e-06
2026.108.16:02:00/gps-maser/+3.008916e-06
2026.108.16:03:00/gps-fmout/+2.943097e-06
2026.108.16:03:00/gps-maser/+3.009129e-06
2026.108.16:04:00/gps-fmout/+2.945018e-06
2026.108.16:04:00/gps-maser/+3.010000e-06
2026.108.16:05:00/gps-fmout/+2.944308e-06
2026.108.16:05:00/gps-maser/+3.009667e-06
2026.108.16:06:00/gps-fmout/+2.942929e-06
2026.108.16:06:00/gps-maser/+3.009056e-06
2026.108.16:07:00/gps-fmout/+2.944221e-06
2026.108.16:07:00/gps-maser/+3.010067e-06
2026.108.16:08:00/gps-fmout/+2.946096e-06
2026.108.16:08:00/gps-maser/+3.010800e-06
2026.108.16:09:00/gps-fmout/+2.946298e-06
2026.108.16:09:00/gps-maser/+3.010233e-06
2026.108.16:10:00/gps-fmout/+2.946658e-06
2026.108.16:10:00/gps-maser/+3.010812e-06
2026.108.16:11:00/gps-fmout/+2.944062e-06
2026.108.16:11:00/gps-maser/+3.009114e-06
2026.108.16:12:00/gps-fmout/+2.942449e-06
2026.108.16:12:00/gps-maser/+3.007400e-06
2026.108.16:13:00/gps-fmout/+2.941790e-06
2026.108.16:13:00/gps-maser/+3.005815e-06
2026.108.16:14:00/gps-fmout/+2.941001e-06
2026.108.16:14:00/gps-maser/+3.007125e-06
2026.108.16:15:00/gps-fmout/+2.941160e-06
2026.108.16:15:00/gps-maser/+3.008000e-06
2026.108.16:16:00/gps-fmout/+2.942117e-06
2026.108.16:16:00/gps-maser/+3.008000e-06
2026.108.16:17:00/gps-fmout/+2.942074e-06
2026.108.16:17:00/gps-maser/+3.008024e-06
2026.108.16:18:00/gps-fmout/+2.942646e-06
2026.108.16:18:00/gps-maser/+3.008606e-06
2026.108.16:19:00/gps-fmout/+2.942443e-06
2026.108.16:19:00/gps-maser/+3.007761e-06
2026.108.16:20:00/gps-fmout/+2.944013e-06
2026.108.16:20:00/gps-maser/+3.007079e-06
2026.108.16:21:00/gps-fmout/+2.943699e-06
2026.108.16:21:00/gps-maser/+3.008702e-06
2026.108.16:22:00/gps-fmout/+2.943093e-06
2026.108.16:22:00/gps-maser/+3.008456e-06
2026.108.16:23:00/gps-fmout/+2.942877e-06
2026.108.16:23:00/gps-maser/+3.009695e-06
2026.108.16:24:00/gps-fmout/+2.942186e-06
2026.108.16:24:00/gps-maser/+3.007542e-06
2026.108.16:25:00/gps-fmout/+2.941176e-06
2026.108.16:25:00/gps-maser/+3.006382e-06
2026.108.16:26:00/gps-fmout/+2.941636e-06
2026.108.16:26:00/gps-maser/+3.004839e-06
2026.108.16:27:00/gps-fmout/+2.939018e-06
2026.108.16:27:00/gps-maser/+3.004980e-06
2026.108.16:28:00/gps-fmout/+2.939647e-06
2026.108.16:28:00/gps-maser/+3.003366e-06
2026.108.16:29:00/gps-fmout/+2.938878e-06
2026.108.16:29:00/gps-maser/+3.004211e-06
2026.108.16:30:00/gps-fmout/+2.939265e-06
2026.108.16:30:00/gps-maser/+3.005071e-06
2026.108.16:31:00/gps-fmout/+2.941219e-06
2026.108.16:31:00/gps-maser/+3.006609e-06
2026.108.16:32:00/gps-fmout/+2.940275e-06
2026.108.16:32:00/gps-maser/+3.006819e-06
2026.108.16:33:00/gps-fmout/+2.940923e-06
2026.108.16:33:00/gps-maser/+3.006000e-06
2026.108.16:34:00/gps-fmout/+2.940009e-06
2026.108.16:34:00/gps-maser/+3.006000e-06
2026.108.16:35:00/gps-fmout/+2.940840e-06
2026.108.16:35:00/gps-maser/+3.006000e-06
2026.108.16:36:00/gps-fmout/+2.941097e-06
2026.108.16:36:00/gps-maser/+3.006000e-06
2026.108.16:37:00/gps-fmout/+2.941048e-06
2026.108.16:37:00/gps-maser/+3.006000e-06
2026.108.16:38:00/gps-fmout/+2.941751e-06
2026.108.16:38:00/gps-maser/+3.006561e-06
2026.108.16:39:00/gps-fmout/+2.943269e-06
2026.108.16:39:00/gps-maser/+3.008149e-06
2026.108.16:40:00/gps-fmout/+2.944277e-06
2026.108.16:40:00/gps-maser/+3.008370e-06
2026.108.16:41:00/gps-fmout/+2.944700e-06
2026.108.16:41:00/gps-maser/+3.010986e-06
2026.108.16:42:00/gps-fmout/+2.943066e-06
2026.108.16:42:00/gps-maser/+3.009112e-06
2026.108.16:43:00/gps-fmout/+2.940522e-06
2026.108.16:43:00/gps-maser/+3.006613e-06
2026.108.16:44:00/gps-fmout/+2.938982e-06
2026.108.16:44:00/gps-maser/+3.006409e-06
2026.108.16:45:00/gps-fmout/+2.940558e-06
2026.108.16:45:00/gps-maser/+3.006869e-06
2026.108.16:46:00/gps-fmout/+2.940422e-06
2026.108.16:46:00/gps-maser/+3.005437e-06
2026.108.16:47:00/gps-fmout/+2.937000e-06
2026.108.16:47:00/gps-maser/+3.002854e-06
2026.108.16:48:00/gps-fmout/+2.937000e-06
2026.108.16:48:00/gps-maser/+3.002226e-06
2026.108.16:49:00/gps-fmout/+2.936839e-06
2026.108.16:49:00/gps-maser/+3.002917e-06
2026.108.16:50:00/gps-fmout/+2.935905e-06
2026.108.16:50:00/gps-maser/+3.001606e-06
2026.108.16:51:00/gps-fmout/+2.936000e-06
2026.108.16:51:00/gps-maser/+3.000863e-06
2026.108.16:52:00/gps-fmout/+2.937783e-06
2026.108.16:52:00/gps-maser/+3.002329e-06
2026.108.16:53:00/gps-fmout/+2.937272e-06
2026.108.16:53:00/gps-maser/+3.003186e-06
2026.108.16:54:00/gps-fmout/+2.939251e-06
2026.108.16:54:00/gps-maser/+3.004077e-06
2026.108.16:55:00/gps-fmout/+2.942025e-06
2026.108.16:55:00/gps-maser/+3.006000e-06
2026.108.16:56:00/gps-fmout/+2.943124e-06
2026.108.16:56:00/gps-maser/+3.006000e-06
2026.108.16:57:00/gps-fmout/+2.942021e-06
2026.108.16:57:00/gps-maser/+3.006000e-06
2026.108.16:58:00/gps-fmout/+2.940933e-06
2026.108.16:58:00/gps-maser/+3.006457e-06
2026.108.16:59:00/gps-fmout/+2.939285e-06
2026.108.16:59:00/gps-maser/+3.006077e-06
2026.108.17:00:00/gps-fmout/+2.936662e-06
2026.108.17:00:00/gps-maser/+3.001671e-06
2026.108.17:01:00/gps-fmout/+2.934971e-06
2026.108.17:01:00/gps-maser/+3.000445e-06
2026.108.17:02:00/gps-fmout/+2.934174e-06
2026.108.17:02:00/gps-maser/+2.999869e-06
2026.108.17:03:00/gps-fmout/+2.935477e-06
2026.108.17:03:00/gps-maser/+3.000254e-06
2026.108.17:04:00/gps-fmout/+2.937002e-06
2026.108.17:04:00/gps-maser/+3.001983e-06
2026.108.17:05:00/gps-fmout/+2.936462e-06
2026.108.17:05:00/gps-maser/+3.000651e-06
2026.108.17:06:00/gps-fmout/+2.936763e-06
2026.108.17:06:00/gps-maser/+3.001936e-06
2026.108.17:07:00/gps-fmout/+2.940338e-06
2026.108.17:07:00/gps-maser/+3.006313e-06
2026.108.17:08:00/gps-fmout/+2.940489e-06
2026.108.17:08:00/gps-maser/+3.006558e-06
2026.108.17:09:00/gps-fmout/+2.940573e-06
2026.108.17:09:00/gps-maser/+3.005701e-06
2026.108.17:10:00/gps-fmout/+2.942228e-06
2026.108.17:10:00/gps-maser/+3.005225e-06
2026.108.17:11:00/gps-fmout/+2.943011e-06
2026.108.17:11:00/gps-maser/+3.008269e-06
2026.108.17:12:00/gps-fmout/+2.941893e-06
2026.108.17:12:00/gps-maser/+3.008492e-06
2026.108.17:13:00/gps-fmout/+2.942184e-06
2026.108.17:13:00/gps-maser/+3.007152e-06
2026.108.17:14:00/gps-fmout/+2.942952e-06
2026.108.17:14:00/gps-maser/+3.008000e-06
2026.108.17:15:00/gps-fmout/+2.941990e-06
2026.108.17:15:00/gps-maser/+3.008000e-06
2026.108.17:16:00/gps-fmout/+2.941528e-06
2026.108.17:16:00/gps-maser/+3.007827e-06
2026.108.17:17:00/gps-fmout/+2.939977e-06
2026.108.17:17:00/gps-maser/+3.005712e-06
2026.108.17:18:00/gps-fmout/+2.939552e-06
2026.108.17:18:00/gps-maser/+3.003893e-06
2026.108.17:19:00/gps-fmout/+2.939168e-06
2026.108.17:19:00/gps-maser/+3.003709e-06
2026.108.17:20:00/gps-fmout/+2.939846e-06
2026.108.17:20:00/gps-maser/+3.003000e-06
2026.108.17:21:00/gps-fmout/+2.938000e-06
2026.108.17:21:00/gps-maser/+3.003000e-06
2026.108.17:22:00/gps-fmout/+2.938216e-06
2026.108.17:22:00/gps-maser/+3.003570e-06
2026.108.17:23:00/gps-fmout/+2.939593e-06
2026.108.17:23:00/gps-maser/+3.006408e-06
2026.108.17:24:00/gps-fmout/+2.943018e-06
2026.108.17:24:00/gps-maser/+3.008013e-06
2026.108.17:25:00/gps-fmout/+2.943096e-06
2026.108.17:25:00/gps-maser/+3.008334e-06
2026.108.17:26:00/gps-fmout/+2.943026e-06
2026.108.17:26:00/gps-maser/+3.009129e-06
2026.108.17:27:00/gps-fmout/+2.943913e-06
2026.108.17:27:00/gps-maser/+3.008905e-06
2026.108.17:28:00/gps-fmout/+2.942367e-06
2026.108.17:28:00/gps-maser/+3.006936e-06
2026.108.17:29:00/gps-fmout/+2.942602e-06
2026.108.17:29:00/gps-maser/+3.009019e-06
2026.108.17:30:00/gps-fmout/+2.946351e-06
2026.108.17:30:00/gps-maser/+3.012000e-06
2026.108.17:31:00/gps-fmout/+2.946017e-06
2026.108.17:31:00/gps-maser/+3.012212e-06
2026.108.17:32:00/gps-fmout/+2.943332e-06
2026.108.17:32:00/gps-maser/+3.011153e-06
2026.108.17:33:00/gps-fmout/+2.941727e-06
2026.108.17:33:00/gps-maser/+3.007437e-06
2026.108.17:34:00/gps-fmout/+2.940996e-06
2026.108.17:34:00/gps-maser/+3.005043e-06
2026.108.17:35:00/gps-fmout/+2.941018e-06
2026.108.17:35:00/gps-maser/+3.005419e-06
2026.108.17:36:00/gps-fmout/+2.939115e-06
2026.108.17:36:00/gps-maser/+3.005611e-06
2026.108.17:37:00/gps-fmout/+2.940121e-06
2026.108.17:37:00/gps-maser/+3.003915e-06
2026.108.17:38:00/gps-fmout/+2.940034e-06
2026.108.17:38:00/gps-maser/+3.003025e-06
2026.108.17:39:00/gps-fmout/+2.938322e-06
2026.108.17:39:00/gps-maser/+3.004026e-06
2026.108.17:40:00/gps-fmout/+2.939824e-06
2026.108.17:40:00/gps-maser/+3.004099e-06
2026.108.17:41:00/gps-fmout/+2.940814e-06
2026.108.17:41:00/gps-maser/+3.007018e-06
2026.108.17:42:00/gps-fmout/+2.943094e-06
2026.108.17:42:00/gps-maser/+3.009000e-06
2026.108.17:43:00/gps-fmout/+2.943497e-06
2026.108.17:43:00/gps-maser/+3.009000e-06
2026.108.17:44:00/gps-fmout/+2.947024e-06
2026.108.17:44:00/gps-maser/+3.009957e-06
2026.108.17:45:00/gps-fmout/+2.945816e-06
2026.108.17:45:00/gps-maser/+3.010507e-06
2026.108.17:46:00/gps-fmout/+2.944060e-06
2026.108.17:46:00/gps-maser/+3.008889e-06
2026.108.17:47:00/gps-fmout/+2.943913e-06
2026.108.17:47:00/gps-maser/+3.009048e-06
2026.108.17:48:00/gps-fmout/+2.944143e-06
2026.108.17:48:00/gps-maser/+3.009682e-06
2026.108.17:49:00/gps-fmout/+2.944362e-06
2026.108.17:49:00/gps-maser/+3.009156e-06
2026.108.17:50:00/gps-fmout/+2.945975e-06
2026.108.17:50:00/gps-maser/+3.010209e-06
2026.108.17:51:00/gps-fmout/+2.946132e-06
2026.108.17:51:00/gps-maser/+3.010549e-06
2026.108.17:52:00/gps-fmout/+2.946000e-06
2026.108.17:52:00/gps-maser/+3.009704e-06
2026.108.17:53:00/gps-fmout/+2.945976e-06
2026.108.17:53:00/gps-maser/+3.009582e-06
2026.108.17:54:00/gps-fmout/+2.946017e-06
2026.108.17:54:00/gps-maser/+3.014521e-06
2026.108.17:55:00/gps-fmout/+2.949073e-06
2026.108.17:55:00/gps-maser/+3.014664e-06
2026.108.17:56:00/gps-fmout/+2.949641e-06
2026.108.17:56:00/gps-maser/+3.013815e-06
2026.108.17:57:00/gps-fmout/+2.947000e-06
2026.108.17:57:00/gps-maser/+3.012948e-06
2026.108.17:58:00/gps-fmout/+2.947000e-06
2026.108.17:58:00/gps-maser/+3.011873e-06
2026.108.17:59:00/gps-fmout/+2.946471e-06
2026.108.17:59:00/gps-maser/+3.011626e-06
2026.108.18:00:00/gps-fmout/+2.944318e-06
2026.108.18:00:00/gps-maser/+3.010074e-06
2026.108.18:01:00/gps-fmout/+2.944593e-06
2026.108.18:01:00/gps-maser/+3.009732e-06
2026.108.18:02:00/gps-fmout/+2.942262e-06
2026.108.18:02:00/gps-maser/+3.007295e-06
2026.108.18:03:00/gps-fmout/+2.940898e-06
2026.108.18:03:00/gps-maser/+3.005902e-06
2026.108.18:04:00/gps-fmout/+2.942003e-06
2026.108.18:04:00/gps-maser/+3.006479e-06
2026.108.18:05:00/gps-fmout/+2.942497e-06
2026.108.18:05:00/gps-maser/+3.007084e-06
2026.108.18:06:00/gps-fmout/+2.943549e-06
2026.108.18:06:00/gps-maser/+3.007571e-06
2026.108.18:07:00/gps-fmout/+2.945971e-06
2026.108.18:07:00/gps-maser/+3.011960e-06
2026.108.18:08:00/gps-fmout/+2.945105e-06
2026.108.18:08:00/gps-maser/+3.009886e-06
2026.108.18:09:00/gps-fmout/+2.944882e-06
2026.108.18:09:00/gps-maser/+3.010217e-06
2026.108.18:10:00/gps-fmout/+2.944965e-06
2026.108.18:10:00/gps-maser/+3.010921e-06
2026.108.18:11:00/gps-fmout/+2.944472e-06
2026.108.18:11:00/gps-maser/+3.010497e-06
2026.108.18:12:00/gps-fmout/+2.944055e-06
2026.108.18:12:00/gps-maser/+3.010701e-06
2026.108.18:13:00/gps-fmout/+2.944074e-06
2026.108.18:13:00/gps-maser/+3.009844e-06
2026.108.18:14:00/gps-fmout/+2.945058e-06
2026.108.18:14:00/gps-maser/+3.009000e-06
2026.108.18:15:00/gps-fmout/+2.947073e-06
2026.108.18:15:00/gps-maser/+3.011105e-06
2026.108.18:16:00/gps-fmout/+2.946961e-06
2026.108.18:16:00/gps-maser/+3.011289e-06
2026.108.18:17:00/gps-fmout/+2.947052e-06
2026.108.18:17:00/gps-maser/+3.012976e-06
2026.108.18:18:00/gps-fmout/+2.947700e-06
2026.108.18:18:00/gps-maser/+3.011741e-06
2026.108.18:19:00/gps-fmout/+2.948718e-06
2026.108.18:19:00/gps-maser/+3.012783e-06
2026.108.18:20:00/gps-fmout/+2.947184e-06
2026.108.18:20:00/gps-maser/+3.011968e-06
2026.108.18:21:00/gps-fmout/+2.947506e-06
2026.108.18:21:00/gps-maser/+3.012443e-06
2026.108.18:22:00/gps-fmout/+2.947171e-06
2026.108.18:22:00/gps-maser/+3.013300e-06
2026.108.18:23:00/gps-fmout/+2.948472e-06
2026.108.18:23:00/gps-maser/+3.014255e-06
2026.108.18:24:00/gps-fmout/+2.950981e-06
2026.108.18:24:00/gps-maser/+3.015264e-06
2026.108.18:25:00/gps-fmout/+2.949229e-06
2026.108.18:25:00/gps-maser/+3.014366e-06
2026.108.18:26:00/gps-fmout/+2.947660e-06
2026.108.18:26:00/gps-maser/+3.013037e-06
2026.108.18:27:00/gps-fmout/+2.948313e-06
2026.108.18:27:00/gps-maser/+3.013932e-06
2026.108.18:28:00/gps-fmout/+2.950595e-06
2026.108.18:28:00/gps-maser/+3.012690e-06
2026.108.18:29:00/gps-fmout/+2.950000e-06
2026.108.18:29:00/gps-maser/+3.013503e-06
2026.108.18:30:00/gps-fmout/+2.950000e-06
2026.108.18:30:00/gps-maser/+3.015199e-06
2026.108.18:31:00/gps-fmout/+2.950479e-06
2026.108.18:31:00/gps-maser/+3.015740e-06
2026.108.18:32:00/gps-fmout/+2.950885e-06
2026.108.18:32:00/gps-maser/+3.015523e-06
2026.108.18:33:00/gps-fmout/+2.951172e-06
2026.108.18:33:00/gps-maser/+3.017101e-06
2026.108.18:34:00/gps-fmout/+2.951021e-06
2026.108.18:34:00/gps-maser/+3.017000e-06
2026.108.18:35:00/gps-fmout/+2.952306e-06
2026.108.18:35:00/gps-maser/+3.016785e-06
2026.108.18:36:00/gps-fmout/+2.953267e-06
2026.108.18:36:00/gps-maser/+3.019141e-06
2026.108.18:37:00/gps-fmout/+2.954002e-06
2026.108.18:37:00/gps-maser/+3.018940e-06
2026.108.18:38:00/gps-fmout/+2.953587e-06
2026.108.18:38:00/gps-maser/+3.018394e-06
2026.108.18:39:00/gps-fmout/+2.953530e-06
2026.108.18:39:00/gps-maser/+3.019239e-06
2026.108.18:40:00/gps-fmout/+2.956000e-06
2026.108.18:40:00/gps-maser/+3.020053e-06
2026.108.18:41:00/gps-fmout/+2.956117e-06
2026.108.18:41:00/gps-maser/+3.020367e-06
2026.108.18:42:00/gps-fmout/+2.955718e-06
2026.108.18:42:00/gps-maser/+3.021155e-06
2026.108.18:43:00/gps-fmout/+2.954726e-06
2026.108.18:43:00/gps-maser/+3.020583e-06
2026.108.18:44:00/gps-fmout/+2.954563e-06
2026.108.18:44:00/gps-maser/+3.019356e-06
2026.108.18:45:00/gps-fmout/+2.954891e-06
2026.108.18:45:00/gps-maser/+3.020344e-06
2026.108.18:46:00/gps-fmout/+2.954920e-06
2026.108.18:46:00/gps-maser/+3.019000e-06
2026.108.18:47:00/gps-fmout/+2.954986e-06
2026.108.18:47:00/gps-maser/+3.019000e-06
2026.108.18:48:00/gps-fmout/+2.954464e-06
2026.108.18:48:00/gps-maser/+3.019648e-06
2026.108.18:49:00/gps-fmout/+2.954858e-06
2026.108.18:49:00/gps-maser/+3.021000e-06
2026.108.18:50:00/gps-fmout/+2.955000e-06
2026.108.18:50:00/gps-maser/+3.020982e-06
2026.108.18:51:00/gps-fmout/+2.956900e-06
2026.108.18:51:00/gps-maser/+3.022056e-06
2026.108.18:52:00/gps-fmout/+2.960607e-06
2026.108.18:52:00/gps-maser/+3.024803e-06
2026.108.18:53:00/gps-fmout/+2.960766e-06
2026.108.18:53:00/gps-maser/+3.027224e-06
2026.108.18:54:00/gps-fmout/+2.960979e-06
2026.108.18:54:00/gps-maser/+3.025882e-06
2026.108.18:55:00/gps-fmout/+2.961734e-06
2026.108.18:55:00/gps-maser/+3.025310e-06
2026.108.18:56:00/gps-fmout/+2.961045e-06
2026.108.18:56:00/gps-maser/+3.026155e-06
2026.108.18:57:00/gps-fmout/+2.962056e-06
2026.108.18:57:00/gps-maser/+3.027000e-06
2026.108.18:58:00/gps-fmout/+2.962394e-06
2026.108.18:58:00/gps-maser/+3.027711e-06
2026.108.18:59:00/gps-fmout/+2.959447e-06
2026.108.18:59:00/gps-maser/+3.024288e-06
2026.108.19:00:00/gps-fmout/+2.961155e-06
2026.108.19:00:00/gps-maser/+3.026012e-06
2026.108.19:01:00/gps-fmout/+2.961425e-06
2026.108.19:01:00/gps-maser/+3.025606e-06
2026.108.19:02:00/gps-fmout/+2.959729e-06
2026.108.19:02:00/gps-maser/+3.024761e-06
2026.108.19:03:00/gps-fmout/+2.958802e-06
2026.108.19:03:00/gps-maser/+3.023722e-06
2026.108.19:04:00/gps-fmout/+2.957439e-06
2026.108.19:04:00/gps-maser/+3.021729e-06
2026.108.19:05:00/gps-fmout/+2.957202e-06
2026.108.19:05:00/gps-maser/+3.023000e-06
2026.108.19:06:00/gps-fmout/+2.959107e-06
2026.108.19:06:00/gps-maser/+3.023000e-06
2026.108.19:07:00/gps-fmout/+2.956968e-06
2026.108.19:07:00/gps-maser/+3.022295e-06
2026.108.19:08:00/gps-fmout/+2.955692e-06
2026.108.19:08:00/gps-maser/+3.020707e-06
2026.108.19:09:00/gps-fmout/+2.958055e-06
2026.108.19:09:00/gps-maser/+3.021430e-06
2026.108.19:10:00/gps-fmout/+2.958016e-06
2026.108.19:10:00/gps-maser/+3.023781e-06
2026.108.19:11:00/gps-fmout/+2.958718e-06
2026.108.19:11:00/gps-maser/+3.023402e-06
2026.108.19:12:00/gps-fmout/+2.958174e-06
2026.108.19:12:00/gps-maser/+3.022341e-06
2026.108.19:13:00/gps-fmout/+2.959024e-06
2026.108.19:13:00/gps-maser/+3.025026e-06
2026.108.19:14:00/gps-fmout/+2.960135e-06
2026.108.19:14:00/gps-maser/+3.025861e-06
2026.108.19:15:00/gps-fmout/+2.962227e-06
2026.108.19:15:00/gps-maser/+3.027000e-06
2026.108.19:16:00/gps-fmout/+2.961779e-06
2026.108.19:16:00/gps-maser/+3.027000e-06
2026.108.19:17:00/gps-fmout/+2.961410e-06
2026.108.19:17:00/gps-maser/+3.026417e-06
2026.108.19:18:00/gps-fmout/+2.962630e-06
2026.108.19:18:00/gps-maser/+3.026524e-06
2026.108.19:19:00/gps-fmout/+2.963830e-06
2026.108.19:19:00/gps-maser/+3.028262e-06
2026.108.19:20:00/gps-fmout/+2.962578e-06
2026.108.19:20:00/gps-maser/+3.028371e-06
2026.108.19:21:00/gps-fmout/+2.961564e-06
2026.108.19:21:00/gps-maser/+3.026408e-06
2026.108.19:22:00/gps-fmout/+2.960854e-06
2026.108.19:22:00/gps-maser/+3.025008e-06
2026.108.19:23:00/gps-fmout/+2.960007e-06
2026.108.19:23:00/gps-maser/+3.026570e-06
2026.108.19:24:00/gps-fmout/+2.960485e-06
2026.108.19:24:00/gps-maser/+3.027057e-06
2026.108.19:25:00/gps-fmout/+2.962308e-06
2026.108.19:25:00/gps-maser/+3.027133e-06
2026.108.19:26:00/gps-fmout/+2.963006e-06
2026.108.19:26:00/gps-maser/+3.027982e-06
2026.108.19:27:00/gps-fmout/+2.962067e-06
2026.108.19:27:00/gps-maser/+3.026979e-06
2026.108.19:28:00/gps-fmout/+2.961317e-06
2026.108.19:28:00/gps-maser/+3.026676e-06
2026.108.19:29:00/gps-fmout/+2.958707e-06
2026.108.19:29:00/gps-maser/+3.024715e-06
2026.108.19:30:00/gps-fmout/+2.958860e-06
2026.108.19:30:00/gps-maser/+3.023950e-06
2026.108.19:31:00/gps-fmout/+2.962141e-06
2026.108.19:31:00/gps-maser/+3.026279e-06
2026.108.19:32:00/gps-fmout/+3.928705e-02
2026.108.19:32:00/gps-maser/+3.027181e-06
2026.108.19:33:00/gps-fmout/+3.274021e-01
2026.108.19:33:00/gps-maser/+3.029000e-06
2026.108.19:34:00/gps-fmout/+3.259215e-01
2026.108.19:34:00/gps-maser/+3.031243e-06
2026.108.19:35:00/gps-fmout/+3.229090e-01
2026.108.19:35:00/gps-maser/+3.030773e-06
2026.108.19:36:00/gps-fmout/+3.310402e-01
2026.108.19:36:00/gps-maser/+3.030144e-06
2026.108.19:37:00/gps-fmout/+4.233065e-01
2026.108.19:37:00/gps-maser/+3.033000e-06
2026.108.19:38:00/gps-fmout/+4.233065e-01
2026.108.19:38:00/gps-maser/+3.033000e-06
2026.108.19:39:00/gps-fmout/+4.383110e-01
2026.108.19:39:00/gps-maser/+3.032726e-06
2026.108.19:40:00/gps-fmout/+3.857635e-01
2026.108.19:40:00/gps-maser/+3.031556e-06
2026.108.19:41:00/gps-fmout/+1.424692e-01
2026.108.19:41:00/gps-maser/+3.030631e-06
2026.108.19:42:00/gps-fmout/+1.998436e-02
2026.108.19:42:00/gps-maser/+3.028007e-06
2026.108.19:43:00/gps-fmout/+3.732336e-01
2026.108.19:43:00/gps-maser/+3.029519e-06
2026.108.19:44:00/gps-fmout/+2.922463e-06
2026.108.19:44:00/gps-maser/+3.029878e-06
2026.108.19:45:00/gps-fmout/+2.922219e-06
2026.108.19:45:00/gps-maser/+3.028978e-06
2026.108.19:46:00/gps-fmout/+2.923038e-06
2026.108.19:46:00/gps-maser/+3.029370e-06
2026.108.19:47:00/gps-fmout/+2.923447e-06
2026.108.19:47:00/gps-maser/+3.030046e-06
2026.108.19:48:00/gps-fmout/+2.924866e-06
2026.108.19:48:00/gps-maser/+3.030140e-06
2026.108.19:49:00/gps-fmout/+2.924957e-06
2026.108.19:49:00/gps-maser/+3.031478e-06
2026.108.19:50:00/gps-fmout/+2.925994e-06
2026.108.19:50:00/gps-maser/+3.032722e-06
2026.108.19:51:00/gps-fmout/+2.926032e-06
2026.108.19:51:00/gps-maser/+3.034718e-06
2026.108.19:52:00/gps-fmout/+2.925007e-06
2026.108.19:52:00/gps-maser/+3.033000e-06
2026.108.19:53:00/gps-fmout/+2.925311e-06
2026.108.19:53:00/gps-maser/+3.033000e-06
2026.108.19:54:00/gps-fmout/+2.925548e-06
2026.108.19:54:00/gps-maser/+3.032720e-06
2026.108.19:55:00/gps-fmout/+2.922027e-06
2026.108.19:55:00/gps-maser/+3.029975e-06
2026.108.19:56:00/gps-fmout/+2.922080e-06
2026.108.19:56:00/gps-maser/+3.029561e-06
2026.108.19:57:00/gps-fmout/+2.921158e-06
2026.108.19:57:00/gps-maser/+3.029095e-06
2026.108.19:58:00/gps-fmout/+2.922253e-06
2026.108.19:58:00/gps-maser/+3.030172e-06
2026.108.19:59:00/gps-fmout/+2.923085e-06
2026.108.19:59:00/gps-maser/+3.030733e-06
2026.108.20:00:00/gps-fmout/+2.923250e-06
2026.108.20:00:00/gps-maser/+3.030301e-06
2026.108.20:01:00/gps-fmout/+2.923929e-06
2026.108.20:01:00/gps-maser/+3.030756e-06
2026.108.20:02:00/gps-fmout/+2.922000e-06
2026.108.20:02:00/gps-maser/+3.028882e-06
2026.108.20:03:00/gps-fmout/+2.923696e-06
2026.108.20:03:00/gps-maser/+3.028104e-06
2026.108.20:04:00/gps-fmout/+2.922948e-06
2026.108.20:04:00/gps-maser/+3.029169e-06
2026.108.20:05:00/gps-fmout/+2.923035e-06
2026.108.20:05:00/gps-maser/+3.030013e-06
2026.108.20:06:00/gps-fmout/+2.924644e-06
2026.108.20:06:00/gps-maser/+3.030914e-06
2026.108.20:07:00/gps-fmout/+2.926479e-06
2026.108.20:07:00/gps-maser/+3.033533e-06
2026.108.20:08:00/gps-fmout/+2.928035e-06
2026.108.20:08:00/gps-maser/+3.035002e-06
2026.108.20:09:00/gps-fmout/+2.928308e-06
2026.108.20:09:00/gps-maser/+3.034408e-06
2026.108.20:10:00/gps-fmout/+2.929548e-06
2026.108.20:10:00/gps-maser/+3.035254e-06
2026.108.20:11:00/gps-fmout/+2.927977e-06
2026.108.20:11:00/gps-maser/+3.035965e-06
2026.108.20:12:00/gps-fmout/+2.928317e-06
2026.108.20:12:00/gps-maser/+3.035000e-06
2026.108.20:13:00/gps-fmout/+2.929734e-06
2026.108.20:13:00/gps-maser/+3.035000e-06
2026.108.20:14:00/gps-fmout/+2.930762e-06
2026.108.20:14:00/gps-maser/+3.035000e-06
2026.108.20:15:00/gps-fmout/+2.929000e-06
2026.108.20:15:00/gps-maser/+3.035000e-06
2026.108.20:16:00/gps-fmout/+2.926594e-06
2026.108.20:16:00/gps-maser/+3.034753e-06
2026.108.20:17:00/gps-fmout/+2.927347e-06
2026.108.20:17:00/gps-maser/+3.034220e-06
2026.108.20:18:00/gps-fmout/+2.929033e-06
2026.108.20:18:00/gps-maser/+3.037014e-06
2026.108.20:19:00/gps-fmout/+2.929819e-06
2026.108.20:19:00/gps-maser/+3.037380e-06
2026.108.20:20:00/gps-fmout/+2.931507e-06
2026.108.20:20:00/gps-maser/+3.038225e-06
2026.108.20:21:00/gps-fmout/+2.932811e-06
2026.108.20:21:00/gps-maser/+3.038892e-06
2026.108.20:22:00/gps-fmout/+2.930447e-06
2026.108.20:22:00/gps-maser/+3.037136e-06
2026.108.20:23:00/gps-fmout/+2.930972e-06
2026.108.20:23:00/gps-maser/+3.039000e-06
2026.108.20:24:00/gps-fmout/+2.931022e-06
2026.108.20:24:00/gps-maser/+3.039000e-06
2026.108.20:25:00/gps-fmout/+2.930947e-06
2026.108.20:25:00/gps-maser/+3.038189e-06
2026.108.20:26:00/gps-fmout/+2.931309e-06
2026.108.20:26:00/gps-maser/+3.037364e-06
2026.108.20:27:00/gps-fmout/+2.932201e-06
2026.108.20:27:00/gps-maser/+3.039005e-06
2026.108.20:28:00/gps-fmout/+2.934000e-06
2026.108.20:28:00/gps-maser/+3.039471e-06
2026.108.20:29:00/gps-fmout/+2.934632e-06
2026.108.20:29:00/gps-maser/+3.040326e-06
2026.108.20:30:00/gps-fmout/+2.932963e-06
2026.108.20:30:00/gps-maser/+3.040878e-06
2026.108.20:31:00/gps-fmout/+2.932900e-06
2026.108.20:31:00/gps-maser/+3.038023e-06
2026.108.20:32:00/gps-fmout/+2.931664e-06
2026.108.20:32:00/gps-maser/+3.039620e-06
2026.108.20:33:00/gps-fmout/+2.930720e-06
2026.108.20:33:00/gps-maser/+3.038775e-06
2026.108.20:34:00/gps-fmout/+2.929984e-06
2026.108.20:34:00/gps-maser/+3.037843e-06
2026.108.20:35:00/gps-fmout/+2.929861e-06
2026.108.20:35:00/gps-maser/+3.036000e-06
2026.108.20:36:00/gps-fmout/+2.929814e-06
2026.108.20:36:00/gps-maser/+3.036000e-06
2026.108.20:37:00/gps-fmout/+2.929471e-06
2026.108.20:37:00/gps-maser/+3.036083e-06
2026.108.20:38:00/gps-fmout/+2.931568e-06
2026.108.20:38:00/gps-maser/+3.036926e-06
2026.108.20:39:00/gps-fmout/+2.931288e-06
2026.108.20:39:00/gps-maser/+3.037560e-06
2026.108.20:40:00/gps-fmout/+2.931776e-06
2026.108.20:40:00/gps-maser/+3.039252e-06
2026.108.20:41:00/gps-fmout/+2.931934e-06
2026.108.20:41:00/gps-maser/+3.040306e-06
2026.108.20:42:00/gps-fmout/+2.932490e-06
2026.108.20:42:00/gps-maser/+3.039716e-06
2026.108.20:43:00/gps-fmout/+2.931428e-06
2026.108.20:43:00/gps-maser/+3.039016e-06
2026.108.20:44:00/gps-fmout/+2.934915e-06
2026.108.20:44:00/gps-maser/+3.039995e-06
2026.108.20:45:00/gps-fmout/+2.933368e-06
2026.108.20:45:00/gps-maser/+3.039879e-06
2026.108.20:46:00/gps-fmout/+2.933361e-06
2026.108.20:46:00/gps-maser/+3.041657e-06
2026.108.20:47:00/gps-fmout/+2.931116e-06
2026.108.20:47:00/gps-maser/+3.039129e-06
2026.108.20:48:00/gps-fmout/+2.931968e-06
2026.108.20:48:00/gps-maser/+3.040198e-06
2026.108.20:49:00/gps-fmout/+2.932465e-06
2026.108.20:49:00/gps-maser/+3.039412e-06
2026.108.20:50:00/gps-fmout/+2.934120e-06
2026.108.20:50:00/gps-maser/+3.041085e-06
2026.108.20:51:00/gps-fmout/+2.932639e-06
2026.108.20:51:00/gps-maser/+3.039375e-06
2026.108.20:52:00/gps-fmout/+2.930635e-06
2026.108.20:52:00/gps-maser/+3.036943e-06
2026.108.20:53:00/gps-fmout/+2.929474e-06
2026.108.20:53:00/gps-maser/+3.036453e-06
2026.108.20:54:00/gps-fmout/+2.925958e-06
2026.108.20:54:00/gps-maser/+3.033021e-06
2026.108.20:55:00/gps-fmout/+2.924998e-06
2026.108.20:55:00/gps-maser/+3.031113e-06
2026.108.20:56:00/gps-fmout/+2.926211e-06
2026.108.20:56:00/gps-maser/+3.034324e-06
2026.108.20:57:00/gps-fmout/+2.926955e-06
2026.108.20:57:00/gps-maser/+3.034972e-06
2026.108.20:58:00/gps-fmout/+2.926225e-06
2026.108.20:58:00/gps-maser/+3.032913e-06
2026.108.20:59:00/gps-fmout/+2.928833e-06
2026.108.20:59:00/gps-maser/+3.034833e-06
2026.108.21:00:00/gps-fmout/+2.931167e-06
2026.108.21:00:00/gps-maser/+3.038198e-06
2026.108.21:01:00/gps-fmout/+2.932052e-06
2026.108.21:01:00/gps-maser/+3.039000e-06
2026.108.21:02:00/gps-fmout/+2.932419e-06
2026.108.21:02:00/gps-maser/+3.039000e-06
2026.108.21:03:00/gps-fmout/+2.933273e-06
2026.108.21:03:00/gps-maser/+3.039091e-06
2026.108.21:04:00/gps-fmout/+2.933284e-06
2026.108.21:04:00/gps-maser/+3.039878e-06
2026.108.21:05:00/gps-fmout/+2.931033e-06
2026.108.21:05:00/gps-maser/+3.038233e-06
2026.108.21:06:00/gps-fmout/+2.928671e-06
2026.108.21:06:00/gps-maser/+3.035907e-06
2026.108.21:07:00/gps-fmout/+2.926923e-06
2026.108.21:07:00/gps-maser/+3.034520e-06
2026.108.21:08:00/gps-fmout/+2.925850e-06
2026.108.21:08:00/gps-maser/+3.032851e-06
2026.108.21:09:00/gps-fmout/+2.926016e-06
2026.108.21:09:00/gps-maser/+3.033131e-06
2026.108.21:10:00/gps-fmout/+2.926011e-06
2026.108.21:10:00/gps-maser/+3.033995e-06
2026.108.21:11:00/gps-fmout/+2.926659e-06
2026.108.21:11:00/gps-maser/+3.033380e-06
2026.108.21:12:00/gps-fmout/+2.926230e-06
2026.108.21:12:00/gps-maser/+3.034225e-06
2026.108.21:13:00/gps-fmout/+2.927080e-06
2026.108.21:13:00/gps-maser/+3.034998e-06
2026.108.21:14:00/gps-fmout/+2.928493e-06
2026.108.21:14:00/gps-maser/+3.034243e-06
2026.108.21:15:00/gps-fmout/+2.929532e-06
2026.108.21:15:00/gps-maser/+3.035498e-06
2026.108.21:16:00/gps-fmout/+2.930880e-06
2026.108.21:16:00/gps-maser/+3.037058e-06
2026.108.21:17:00/gps-fmout/+2.930068e-06
2026.108.21:17:00/gps-maser/+3.037473e-06
2026.108.21:18:00/gps-fmout/+2.929661e-06
2026.108.21:18:00/gps-maser/+3.037734e-06
2026.108.21:19:00/gps-fmout/+2.928912e-06
2026.108.21:19:00/gps-maser/+3.035425e-06
2026.108.21:20:00/gps-fmout/+2.928958e-06
2026.108.21:20:00/gps-maser/+3.034439e-06
2026.108.21:21:00/gps-fmout/+2.926607e-06
2026.108.21:21:00/gps-maser/+3.033986e-06
2026.108.21:22:00/gps-fmout/+2.927206e-06
2026.108.21:22:00/gps-maser/+3.031731e-06
2026.108.21:23:00/gps-fmout/+2.923818e-06
2026.108.21:23:00/gps-maser/+3.030987e-06
2026.108.21:24:00/gps-fmout/+2.923070e-06
2026.108.21:24:00/gps-maser/+3.031343e-06
2026.108.21:25:00/gps-fmout/+2.924268e-06
2026.108.21:25:00/gps-maser/+3.031722e-06
2026.108.21:26:00/gps-fmout/+2.924929e-06
2026.108.21:26:00/gps-maser/+3.030121e-06
2026.108.21:27:00/gps-fmout/+2.924286e-06
2026.108.21:27:00/gps-maser/+3.031423e-06
2026.108.21:28:00/gps-fmout/+2.925513e-06
2026.108.21:28:00/gps-maser/+3.032268e-06
2026.108.21:29:00/gps-fmout/+2.927489e-06
2026.108.21:29:00/gps-maser/+3.033175e-06
2026.108.21:30:00/gps-fmout/+2.928296e-06
2026.108.21:30:00/gps-maser/+3.034062e-06
2026.108.21:31:00/gps-fmout/+2.928218e-06
2026.108.21:31:00/gps-maser/+3.034277e-06
2026.108.21:32:00/gps-fmout/+2.930522e-06
2026.108.21:32:00/gps-maser/+3.035051e-06
2026.108.21:33:00/gps-fmout/+2.926964e-06
2026.108.21:33:00/gps-maser/+3.034458e-06
2026.108.21:34:00/gps-fmout/+2.925961e-06
2026.108.21:34:00/gps-maser/+3.034000e-06
2026.108.21:35:00/gps-fmout/+2.927095e-06
2026.108.21:35:00/gps-maser/+3.034000e-06
2026.108.21:36:00/gps-fmout/+2.926905e-06
2026.108.21:36:00/gps-maser/+3.033981e-06
2026.108.21:37:00/gps-fmout/+2.925610e-06
2026.108.21:37:00/gps-maser/+3.032000e-06
2026.108.21:38:00/gps-fmout/+2.927020e-06
2026.108.21:38:00/gps-maser/+3.032000e-06
2026.108.21:39:00/gps-fmout/+2.925519e-06
2026.108.21:39:00/gps-maser/+3.031953e-06
2026.108.21:40:00/gps-fmout/+2.923000e-06
2026.108.21:40:00/gps-maser/+3.030911e-06
2026.108.21:41:00/gps-fmout/+2.922970e-06
2026.108.21:41:00/gps-maser/+3.030574e-06
2026.108.21:42:00/gps-fmout/+2.923035e-06
2026.108.21:42:00/gps-maser/+3.029252e-06
2026.108.21:43:00/gps-fmout/+2.923602e-06
2026.108.21:43:00/gps-maser/+3.031000e-06
2026.108.21:44:00/gps-fmout/+2.923882e-06
2026.108.21:44:00/gps-maser/+3.031000e-06
2026.108.21:45:00/gps-fmout/+2.923762e-06
2026.108.21:45:00/gps-maser/+3.030896e-06
2026.108.21:46:00/gps-fmout/+2.922020e-06
2026.108.21:46:00/gps-maser/+3.030000e-06
2026.108.21:47:00/gps-fmout/+2.923380e-06
2026.108.21:47:00/gps-maser/+3.031708e-06
2026.108.21:48:00/gps-fmout/+2.924225e-06
2026.108.21:48:00/gps-maser/+3.033272e-06
2026.108.21:49:00/gps-fmout/+2.925217e-06
2026.108.21:49:00/gps-maser/+3.032958e-06
2026.108.21:50:00/gps-fmout/+2.927797e-06
2026.108.21:50:00/gps-maser/+3.032547e-06
2026.108.21:51:00/gps-fmout/+2.926401e-06
2026.108.21:51:00/gps-maser/+3.033568e-06
2026.108.21:52:00/gps-fmout/+2.925237e-06
2026.108.21:52:00/gps-maser/+3.031176e-06
2026.108.21:53:00/gps-fmout/+2.928196e-06
2026.108.21:53:00/gps-maser/+3.032562e-06
2026.108.21:54:00/gps-fmout/+2.928102e-06
2026.108.21:54:00/gps-maser/+3.032246e-06
2026.108.21:55:00/gps-fmout/+2.924615e-06
2026.108.21:55:00/gps-maser/+3.033054e-06
2026.108.21:56:00/gps-fmout/+2.925028e-06
2026.108.21:56:00/gps-maser/+3.032161e-06
2026.108.21:57:00/gps-fmout/+2.922529e-06
2026.108.21:57:00/gps-maser/+3.030589e-06
2026.108.21:58:00/gps-fmout/+2.922099e-06
2026.108.21:58:00/gps-maser/+3.030000e-06
2026.108.21:59:00/gps-fmout/+2.922980e-06
2026.108.21:59:00/gps-maser/+3.030000e-06
2026.108.22:00:00/gps-fmout/+2.921903e-06
2026.108.22:00:00/gps-maser/+3.029005e-06
2026.108.22:01:00/gps-fmout/+2.921391e-06
2026.108.22:01:00/gps-maser/+3.025914e-06
2026.108.22:02:00/gps-fmout/+2.918092e-06
2026.108.22:02:00/gps-maser/+3.026914e-06
2026.108.22:03:00/gps-fmout/+2.919730e-06
2026.108.22:03:00/gps-maser/+3.025653e-06
2026.108.22:04:00/gps-fmout/+2.918479e-06
2026.108.22:04:00/gps-maser/+3.026945e-06
2026.108.22:05:00/gps-fmout/+2.916876e-06
2026.108.22:05:00/gps-maser/+3.025716e-06
2026.108.22:06:00/gps-fmout/+2.918476e-06
2026.108.22:06:00/gps-maser/+3.024423e-06
2026.108.22:07:00/gps-fmout/+2.920000e-06
2026.108.22:07:00/gps-maser/+3.025268e-06
2026.108.22:08:00/gps-fmout/+2.919991e-06
2026.108.22:08:00/gps-maser/+3.025929e-06
2026.108.22:09:00/gps-fmout/+2.920000e-06
2026.108.22:09:00/gps-maser/+3.025434e-06
2026.108.22:10:00/gps-fmout/+2.919203e-06
2026.108.22:10:00/gps-maser/+3.026015e-06
2026.108.22:11:00/gps-fmout/+2.919906e-06
2026.108.22:11:00/gps-maser/+3.026189e-06
2026.108.22:12:00/gps-fmout/+2.919013e-06
2026.108.22:12:00/gps-maser/+3.028000e-06
2026.108.22:13:00/gps-fmout/+2.919737e-06
2026.108.22:13:00/gps-maser/+3.027502e-06
2026.108.22:14:00/gps-fmout/+2.919496e-06
2026.108.22:14:00/gps-maser/+3.027383e-06
2026.108.22:15:00/gps-fmout/+2.921905e-06
2026.108.22:15:00/gps-maser/+3.029086e-06
2026.108.22:16:00/gps-fmout/+2.920443e-06
2026.108.22:16:00/gps-maser/+3.029724e-06
2026.108.22:17:00/gps-fmout/+2.920586e-06
2026.108.22:17:00/gps-maser/+3.027576e-06
2026.108.22:18:00/gps-fmout/+2.922775e-06
2026.108.22:18:00/gps-maser/+3.027162e-06
2026.108.22:19:00/gps-fmout/+2.921076e-06
2026.108.22:19:00/gps-maser/+3.028848e-06
2026.108.22:20:00/gps-fmout/+2.920259e-06
2026.108.22:20:00/gps-maser/+3.029961e-06
2026.108.22:21:00/gps-fmout/+2.921538e-06
2026.108.22:21:00/gps-maser/+3.027981e-06
2026.108.22:22:00/gps-fmout/+2.918752e-06
2026.108.22:22:00/gps-maser/+3.027115e-06
2026.108.22:23:00/gps-fmout/+2.918161e-06
2026.108.22:23:00/gps-maser/+3.025640e-06
2026.108.22:24:00/gps-fmout/+2.918931e-06
2026.108.22:24:00/gps-maser/+3.024903e-06
2026.108.22:25:00/gps-fmout/+2.918018e-06
2026.108.22:25:00/gps-maser/+3.026384e-06
2026.108.22:26:00/gps-fmout/+2.920390e-06
2026.108.22:26:00/gps-maser/+3.028677e-06
2026.108.22:27:00/gps-fmout/+2.921447e-06
2026.108.22:27:00/gps-maser/+3.030370e-06
2026.108.22:28:00/gps-fmout/+2.923004e-06
2026.108.22:28:00/gps-maser/+3.032032e-06
2026.108.22:29:00/gps-fmout/+2.922613e-06
2026.108.22:29:00/gps-maser/+3.029950e-06
2026.108.22:30:00/gps-fmout/+2.922115e-06
2026.108.22:30:00/gps-maser/+3.029571e-06
2026.108.22:31:00/gps-fmout/+2.922703e-06
2026.108.22:31:00/gps-maser/+3.028066e-06
2026.108.22:32:00/gps-fmout/+2.920816e-06
2026.108.22:32:00/gps-maser/+3.029025e-06
2026.108.22:33:00/gps-fmout/+2.921328e-06
2026.108.22:33:00/gps-maser/+3.029426e-06
2026.108.22:34:00/gps-fmout/+2.921991e-06
2026.108.22:34:00/gps-maser/+3.030894e-06
2026.108.22:35:00/gps-fmout/+2.922000e-06
2026.108.22:35:00/gps-maser/+3.030457e-06
2026.108.22:36:00/gps-fmout/+2.921926e-06
2026.108.22:36:00/gps-maser/+3.030932e-06
2026.108.22:37:00/gps-fmout/+2.921914e-06
2026.108.22:37:00/gps-maser/+3.029477e-06
2026.108.22:38:00/gps-fmout/+2.920983e-06
2026.108.22:38:00/gps-maser/+3.025956e-06
2026.108.22:39:00/gps-fmout/+2.920658e-06
2026.108.22:39:00/gps-maser/+3.025519e-06
2026.108.22:40:00/gps-fmout/+2.920251e-06
2026.108.22:40:00/gps-maser/+3.027100e-06
2026.108.22:41:00/gps-fmout/+2.921903e-06
2026.108.22:41:00/gps-maser/+3.027105e-06
2026.108.22:42:00/gps-fmout/+2.920913e-06
2026.108.22:42:00/gps-maser/+3.028029e-06
2026.108.22:43:00/gps-fmout/+2.921210e-06
2026.108.22:43:00/gps-maser/+3.026590e-06
2026.108.22:44:00/gps-fmout/+2.921691e-06
2026.108.22:44:00/gps-maser/+3.028859e-06
2026.108.22:45:00/gps-fmout/+2.921892e-06
2026.108.22:45:00/gps-maser/+3.027882e-06
2026.108.22:46:00/gps-fmout/+2.924000e-06
2026.108.22:46:00/gps-maser/+3.028295e-06
2026.108.22:47:00/gps-fmout/+2.924000e-06
2026.108.22:47:00/gps-maser/+3.029000e-06
2026.108.22:48:00/gps-fmout/+2.923995e-06
2026.108.22:48:00/gps-maser/+3.029000e-06
2026.108.22:49:00/gps-fmout/+2.922352e-06
2026.108.22:49:00/gps-maser/+3.029000e-06
2026.108.22:50:00/gps-fmout/+2.923197e-06
2026.108.22:50:00/gps-maser/+3.029000e-06
2026.108.22:51:00/gps-fmout/+2.923975e-06
2026.108.22:51:00/gps-maser/+3.029000e-06
2026.108.22:52:00/gps-fmout/+2.920810e-06
2026.108.22:52:00/gps-maser/+3.029000e-06
2026.108.22:53:00/gps-fmout/+2.921263e-06
2026.108.22:53:00/gps-maser/+3.029097e-06
2026.108.22:54:00/gps-fmout/+2.921994e-06
2026.108.22:54:00/gps-maser/+3.030019e-06
2026.108.22:55:00/gps-fmout/+2.922069e-06
2026.108.22:55:00/gps-maser/+3.030436e-06
2026.108.22:56:00/gps-fmout/+2.922000e-06
2026.108.22:56:00/gps-maser/+3.031000e-06
2026.108.22:57:00/gps-fmout/+2.922535e-06
2026.108.22:57:00/gps-maser/+3.031000e-06
2026.108.22:58:00/gps-fmout/+2.923668e-06
2026.108.22:58:00/gps-maser/+3.029914e-06
2026.108.22:59:00/gps-fmout/+2.921300e-06
2026.108.22:59:00/gps-maser/+3.027882e-06
2026.108.23:00:00/gps-fmout/+2.919981e-06
2026.108.23:00:00/gps-maser/+3.027765e-06
2026.108.23:01:00/gps-fmout/+2.921990e-06
2026.108.23:01:00/gps-maser/+3.027284e-06
2026.108.23:02:00/gps-fmout/+2.920672e-06
2026.108.23:02:00/gps-maser/+3.028644e-06
2026.108.23:03:00/gps-fmout/+2.921794e-06
2026.108.23:03:00/gps-maser/+3.030280e-06
2026.108.23:04:00/gps-fmout/+2.920963e-06
2026.108.23:04:00/gps-maser/+3.029863e-06
2026.108.23:05:00/gps-fmout/+2.919155e-06
2026.108.23:05:00/gps-maser/+3.025955e-06
2026.108.23:06:00/gps-fmout/+2.917935e-06
2026.108.23:06:00/gps-maser/+3.025728e-06
2026.108.23:07:00/gps-fmout/+2.918799e-06
2026.108.23:07:00/gps-maser/+3.025000e-06
2026.108.23:08:00/gps-fmout/+2.917772e-06
2026.108.23:08:00/gps-maser/+3.025000e-06
2026.108.23:09:00/gps-fmout/+2.918606e-06
2026.108.23:09:00/gps-maser/+3.025675e-06
2026.108.23:10:00/gps-fmout/+2.920000e-06
2026.108.23:10:00/gps-maser/+3.029171e-06
2026.108.23:11:00/gps-fmout/+2.920000e-06
2026.108.23:11:00/gps-maser/+3.027577e-06
2026.108.23:12:00/gps-fmout/+2.919512e-06
2026.108.23:12:00/gps-maser/+3.025515e-06
2026.108.23:13:00/gps-fmout/+2.918096e-06
2026.108.23:13:00/gps-maser/+3.025042e-06
2026.108.23:14:00/gps-fmout/+2.919934e-06
2026.108.23:14:00/gps-maser/+3.025986e-06
2026.108.23:15:00/gps-fmout/+2.918333e-06
2026.108.23:15:00/gps-maser/+3.024000e-06
2026.108.23:16:00/gps-fmout/+2.919108e-06
2026.108.23:16:00/gps-maser/+3.024000e-06
2026.108.23:17:00/gps-fmout/+2.918722e-06
2026.108.23:17:00/gps-maser/+3.024000e-06
2026.108.23:18:00/gps-fmout/+2.916356e-06
2026.108.23:18:00/gps-maser/+3.022893e-06
2026.108.23:19:00/gps-fmout/+2.917010e-06
2026.108.23:19:00/gps-maser/+3.022993e-06
2026.108.23:20:00/gps-fmout/+2.917521e-06
2026.108.23:20:00/gps-maser/+3.026390e-06
2026.108.23:21:00/gps-fmout/+2.920493e-06
2026.108.23:21:00/gps-maser/+3.029280e-06
2026.108.23:22:00/gps-fmout/+2.921731e-06
2026.108.23:22:00/gps-maser/+3.029604e-06
2026.108.23:23:00/gps-fmout/+2.922914e-06
2026.108.23:23:00/gps-maser/+3.028245e-06
2026.108.23:24:00/gps-fmout/+2.922000e-06
2026.108.23:24:00/gps-maser/+3.029964e-06
2026.108.23:25:00/gps-fmout/+2.920584e-06
2026.108.23:25:00/gps-maser/+3.030885e-06
2026.108.23:26:00/gps-fmout/+2.919672e-06
2026.108.23:26:00/gps-maser/+3.028782e-06
2026.108.23:27:00/gps-fmout/+2.918037e-06
2026.108.23:27:00/gps-maser/+3.027930e-06
2026.108.23:28:00/gps-fmout/+2.920000e-06
2026.108.23:28:00/gps-maser/+3.024913e-06
2026.108.23:29:00/gps-fmout/+2.920048e-06
2026.108.23:29:00/gps-maser/+3.024704e-06
2026.108.23:30:00/gps-fmout/+2.919865e-06
2026.108.23:30:00/gps-maser/+3.024139e-06
2026.108.23:31:00/gps-fmout/+2.918093e-06
2026.108.23:31:00/gps-maser/+3.025849e-06
2026.108.23:32:00/gps-fmout/+2.917150e-06
2026.108.23:32:00/gps-maser/+3.026698e-06
2026.108.23:33:00/gps-fmout/+2.918781e-06
2026.108.23:33:00/gps-maser/+3.024441e-06
2026.108.23:34:00/gps-fmout/+2.918180e-06
2026.108.23:34:00/gps-maser/+3.026996e-06
2026.108.23:35:00/gps-fmout/+2.919926e-06
2026.108.23:35:00/gps-maser/+3.027205e-06
2026.108.23:36:00/gps-fmout/+2.922662e-06
2026.108.23:36:00/gps-maser/+3.028366e-06
2026.108.23:37:00/gps-fmout/+2.926055e-06
2026.108.23:37:00/gps-maser/+3.031000e-06
2026.108.23:38:00/gps-fmout/+2.925070e-06
2026.108.23:38:00/gps-maser/+3.032000e-06
2026.108.23:39:00/gps-fmout/+2.927064e-06
2026.108.23:39:00/gps-maser/+3.032000e-06
2026.108.23:40:00/gps-fmout/+2.927086e-06
2026.108.23:40:00/gps-maser/+3.032000e-06
2026.108.23:41:00/gps-fmout/+2.926480e-06
2026.108.23:41:00/gps-maser/+3.032344e-06
2026.108.23:42:00/gps-fmout/+2.924411e-06
2026.108.23:42:00/gps-maser/+3.032877e-06
2026.108.23:43:00/gps-fmout/+2.926029e-06
2026.108.23:43:00/gps-maser/+3.031965e-06
2026.108.23:44:00/gps-fmout/+2.925495e-06
2026.108.23:44:00/gps-maser/+3.032756e-06
2026.108.23:45:00/gps-fmout/+2.925241e-06
2026.108.23:45:00/gps-maser/+3.034052e-06
2026.108.23:46:00/gps-fmout/+2.925936e-06
2026.108.23:46:00/gps-maser/+3.032611e-06
2026.108.23:47:00/gps-fmout/+2.926185e-06
2026.108.23:47:00/gps-maser/+3.031084e-06
2026.108.23:48:00/gps-fmout/+2.926157e-06
2026.108.23:48:00/gps-maser/+3.032954e-06
2026.108.23:49:00/gps-fmout/+2.926963e-06
2026.108.23:49:00/gps-maser/+3.035146e-06
2026.108.23:50:00/gps-fmout/+2.926060e-06
2026.108.23:50:00/gps-maser/+3.033964e-06
2026.108.23:51:00/gps-fmout/+2.928092e-06
2026.108.23:51:00/gps-maser/+3.031931e-06
2026.108.23:52:00/gps-fmout/+2.928582e-06
2026.108.23:52:00/gps-maser/+3.033576e-06
2026.108.23:53:00/gps-fmout/+2.930955e-06
2026.108.23:53:00/gps-maser/+3.036220e-06
2026.108.23:54:00/gps-fmout/+2.930828e-06
2026.108.23:54:00/gps-maser/+3.038000e-06
2026.108.23:55:00/gps-fmout/+2.932419e-06
2026.108.23:55:00/gps-maser/+3.038000e-06
2026.108.23:56:00/gps-fmout/+2.932721e-06
2026.108.23:56:00/gps-maser/+3.038000e-06
2026.108.23:57:00/gps-fmout/+2.930055e-06
2026.108.23:57:00/gps-maser/+3.038000e-06
2026.108.23:58:00/gps-fmout/+2.928375e-06
2026.108.23:58:00/gps-maser/+3.037533e-06
2026.108.23:59:00/gps-fmout/+2.926877e-06
2026.108.23:59:00/gps-maser/+3.034698e-06
2026.109.00:00:00/gps-fmout/+2.927971e-06
2026.109.00:00:00/gps-maser/+3.033476e-06
2026.109.00:01:00/gps-fmout/+2.923903e-06
2026.109.00:01:00/gps-maser/+3.031450e-06
2026.109.00:02:00/gps-fmout/+2.923540e-06
2026.109.00:02:00/gps-maser/+3.028060e-06
2026.109.00:03:00/gps-fmout/+2.922070e-06
2026.109.00:03:00/gps-maser/+3.030143e-06
2026.109.00:04:00/gps-fmout/+2.923510e-06
2026.109.00:04:00/gps-maser/+3.031198e-06
2026.109.00:05:00/gps-fmout/+2.923880e-06
2026.109.00:05:00/gps-maser/+3.029004e-06
2026.109.00:06:00/gps-fmout/+2.923330e-06
2026.109.00:06:00/gps-maser/+3.030332e-06
2026.109.00:07:00/gps-fmout/+2.924545e-06
2026.109.00:07:00/gps-maser/+3.032751e-06
2026.109.00:08:00/gps-fmout/+2.924813e-06
2026.109.00:08:00/gps-maser/+3.032519e-06
2026.109.00:09:00/gps-fmout/+2.927074e-06
2026.109.00:09:00/gps-maser/+3.031423e-06
2026.109.00:10:00/gps-fmout/+2.926024e-06
2026.109.00:10:00/gps-maser/+3.033486e-06
2026.109.00:11:00/gps-fmout/+2.928479e-06
2026.109.00:11:00/gps-maser/+3.034381e-06
2026.109.00:12:00/gps-fmout/+2.927580e-06
2026.109.00:12:00/gps-maser/+3.035064e-06
2026.109.00:13:00/gps-fmout/+2.929894e-06
2026.109.00:13:00/gps-maser/+3.035000e-06
2026.109.00:14:00/gps-fmout/+2.928533e-06
2026.109.00:14:00/gps-maser/+3.035563e-06
2026.109.00:15:00/gps-fmout/+2.927856e-06
2026.109.00:15:00/gps-maser/+3.037232e-06
2026.109.00:16:00/gps-fmout/+2.928388e-06
2026.109.00:16:00/gps-maser/+3.036740e-06
2026.109.00:17:00/gps-fmout/+2.929095e-06
2026.109.00:17:00/gps-maser/+3.035352e-06
2026.109.00:18:00/gps-fmout/+2.927799e-06
2026.109.00:18:00/gps-maser/+3.035907e-06
2026.109.00:19:00/gps-fmout/+2.926549e-06
2026.109.00:19:00/gps-maser/+3.034510e-06
2026.109.00:20:00/gps-fmout/+2.924965e-06
2026.109.00:20:00/gps-maser/+3.031927e-06
2026.109.00:21:00/gps-fmout/+2.923453e-06
2026.109.00:21:00/gps-maser/+3.030401e-06
2026.109.00:22:00/gps-fmout/+2.925225e-06
2026.109.00:22:00/gps-maser/+3.030366e-06
2026.109.00:23:00/gps-fmout/+2.926061e-06
2026.109.00:23:00/gps-maser/+3.033096e-06
2026.109.00:24:00/gps-fmout/+2.926529e-06
2026.109.00:24:00/gps-maser/+3.034394e-06
2026.109.00:25:00/gps-fmout/+2.927694e-06
2026.109.00:25:00/gps-maser/+3.035239e-06
2026.109.00:26:00/gps-fmout/+2.929908e-06
2026.109.00:26:00/gps-maser/+3.036117e-06
2026.109.00:27:00/gps-fmout/+2.929071e-06
2026.109.00:27:00/gps-maser/+3.037289e-06
2026.109.00:28:00/gps-fmout/+2.928999e-06
2026.109.00:28:00/gps-maser/+3.036557e-06
2026.109.00:29:00/gps-fmout/+2.930059e-06
2026.109.00:29:00/gps-maser/+3.034912e-06
2026.109.00:30:00/gps-fmout/+2.931000e-06
2026.109.00:30:00/gps-maser/+3.035735e-06
2026.109.00:31:00/gps-fmout/+2.931992e-06
2026.109.00:31:00/gps-maser/+3.038195e-06
2026.109.00:32:00/gps-fmout/+2.932199e-06
2026.109.00:32:00/gps-maser/+3.041279e-06
2026.109.00:33:00/gps-fmout/+2.933034e-06
2026.109.00:33:00/gps-maser/+3.041024e-06
2026.109.00:34:00/gps-fmout/+2.933760e-06
2026.109.00:34:00/gps-maser/+3.042238e-06
2026.109.00:35:00/gps-fmout/+2.935000e-06
2026.109.00:35:00/gps-maser/+3.040608e-06
2026.109.00:36:00/gps-fmout/+2.935006e-06
2026.109.00:36:00/gps-maser/+3.043922e-06
2026.109.00:37:00/gps-fmout/+2.934292e-06
2026.109.00:37:00/gps-maser/+3.041525e-06
2026.109.00:38:00/gps-fmout/+2.932606e-06
2026.109.00:38:00/gps-maser/+3.040000e-06
2026.109.00:39:00/gps-fmout/+2.932138e-06
2026.109.00:39:00/gps-maser/+3.040023e-06
2026.109.00:40:00/gps-fmout/+2.931209e-06
2026.109.00:40:00/gps-maser/+3.038897e-06
2026.109.00:41:00/gps-fmout/+2.928922e-06
2026.109.00:41:00/gps-maser/+3.036057e-06
2026.109.00:42:00/gps-fmout/+2.928732e-06
2026.109.00:42:00/gps-maser/+3.033890e-06
2026.109.00:43:00/gps-fmout/+2.927002e-06
2026.109.00:43:00/gps-maser/+3.034000e-06
2026.109.00:44:00/gps-fmout/+2.928140e-06
2026.109.00:44:00/gps-maser/+3.033759e-06
2026.109.00:45:00/gps-fmout/+2.927673e-06
2026.109.00:45:00/gps-maser/+3.033135e-06
2026.109.00:46:00/gps-fmout/+2.926095e-06
2026.109.00:46:00/gps-maser/+3.034994e-06
2026.109.00:47:00/gps-fmout/+2.928028e-06
2026.109.00:47:00/gps-maser/+3.035002e-06
2026.109.00:48:00/gps-fmout/+2.929130e-06
2026.109.00:48:00/gps-maser/+3.037067e-06
2026.109.00:49:00/gps-fmout/+2.933062e-06
2026.109.00:49:00/gps-maser/+3.037377e-06
2026.109.00:50:00/gps-fmout/+2.933832e-06
2026.109.00:50:00/gps-maser/+3.042153e-06
2026.109.00:51:00/gps-fmout/+2.935973e-06
2026.109.00:51:00/gps-maser/+3.043935e-06
2026.109.00:52:00/gps-fmout/+2.937969e-06
2026.109.00:52:00/gps-maser/+3.042999e-06
2026.109.00:53:00/gps-fmout/+2.937000e-06
2026.109.00:53:00/gps-maser/+3.042555e-06
2026.109.00:54:00/gps-fmout/+2.936176e-06
2026.109.00:54:00/gps-maser/+3.041929e-06
2026.109.00:55:00/gps-fmout/+2.936850e-06
2026.109.00:55:00/gps-maser/+3.041821e-06
2026.109.00:56:00/gps-fmout/+2.935987e-06
2026.109.00:56:00/gps-maser/+3.039991e-06
2026.109.00:57:00/gps-fmout/+2.935284e-06
2026.109.00:57:00/gps-maser/+3.040058e-06
2026.109.00:58:00/gps-fmout/+2.933521e-06
2026.109.00:58:00/gps-maser/+3.038098e-06
2026.109.00:59:00/gps-fmout/+2.931903e-06
2026.109.00:59:00/gps-maser/+3.038910e-06
2026.109.01:00:00/gps-fmout/+2.930328e-06
2026.109.01:00:00/gps-maser/+3.037583e-06
2026.109.01:01:00/gps-fmout/+2.927688e-06
2026.109.01:01:00/gps-maser/+3.036354e-06
2026.109.01:02:00/gps-fmout/+2.926860e-06
2026.109.01:02:00/gps-maser/+3.033941e-06
2026.109.01:03:00/gps-fmout/+2.927120e-06
2026.109.01:03:00/gps-maser/+3.033601e-06
2026.109.01:04:00/gps-fmout/+2.927058e-06
2026.109.01:04:00/gps-maser/+3.033790e-06
2026.109.01:05:00/gps-fmout/+2.927920e-06
2026.109.01:05:00/gps-maser/+3.036200e-06
2026.109.01:06:00/gps-fmout/+2.926003e-06
2026.109.01:06:00/gps-maser/+3.033000e-06
2026.109.01:07:00/gps-fmout/+2.926948e-06
2026.109.01:07:00/gps-maser/+3.033000e-06
2026.109.01:08:00/gps-fmout/+2.924549e-06
2026.109.01:08:00/gps-maser/+3.032818e-06
2026.109.01:09:00/gps-fmout/+2.922858e-06
2026.109.01:09:00/gps-maser/+3.030978e-06
2026.109.01:10:00/gps-fmout/+2.923562e-06
2026.109.01:10:00/gps-maser/+3.030589e-06
2026.109.01:11:00/gps-fmout/+2.926748e-06
2026.109.01:11:00/gps-maser/+3.030202e-06
2026.109.01:12:00/gps-fmout/+2.925420e-06
2026.109.01:12:00/gps-maser/+3.032380e-06
2026.109.01:13:00/gps-fmout/+2.925206e-06
2026.109.01:13:00/gps-maser/+3.032533e-06
2026.109.01:14:00/gps-fmout/+2.922655e-06
2026.109.01:14:00/gps-maser/+3.029146e-06
2026.109.01:15:00/gps-fmout/+2.921516e-06
2026.109.01:15:00/gps-maser/+3.026474e-06
2026.109.01:16:00/gps-fmout/+2.917978e-06
2026.109.01:16:00/gps-maser/+3.025715e-06
2026.109.01:17:00/gps-fmout/+2.918719e-06
2026.109.01:17:00/gps-maser/+3.027343e-06
2026.109.01:18:00/gps-fmout/+2.920269e-06
2026.109.01:18:00/gps-maser/+3.028199e-06
2026.109.01:19:00/gps-fmout/+2.921202e-06
2026.109.01:19:00/gps-maser/+3.029011e-06
2026.109.01:20:00/gps-fmout/+2.923667e-06
2026.109.01:20:00/gps-maser/+3.030063e-06
2026.109.01:21:00/gps-fmout/+2.925711e-06
2026.109.01:21:00/gps-maser/+3.034279e-06
2026.109.01:22:00/gps-fmout/+2.927213e-06
2026.109.01:22:00/gps-maser/+3.035160e-06
2026.109.01:23:00/gps-fmout/+2.928457e-06
2026.109.01:23:00/gps-maser/+3.036826e-06
2026.109.01:24:00/gps-fmout/+2.929056e-06
2026.109.01:24:00/gps-maser/+3.036478e-06
2026.109.01:25:00/gps-fmout/+2.929156e-06
2026.109.01:25:00/gps-maser/+3.034770e-06
2026.109.01:26:00/gps-fmout/+2.929000e-06
2026.109.01:26:00/gps-maser/+3.034524e-06
2026.109.01:27:00/gps-fmout/+2.929443e-06
2026.109.01:27:00/gps-maser/+3.036431e-06
2026.109.01:28:00/gps-fmout/+2.928119e-06
2026.109.01:28:00/gps-maser/+3.037000e-06
2026.109.01:29:00/gps-fmout/+2.929126e-06
2026.109.01:29:00/gps-maser/+3.037000e-06
2026.109.01:30:00/gps-fmout/+2.929283e-06
2026.109.01:30:00/gps-maser/+3.037000e-06
2026.109.01:31:00/gps-fmout/+2.928058e-06
2026.109.01:31:00/gps-maser/+3.037000e-06
2026.109.01:32:00/gps-fmout/+2.927905e-06
2026.109.01:32:00/gps-maser/+3.036909e-06
2026.109.01:33:00/gps-fmout/+2.928070e-06
2026.109.01:33:00/gps-maser/+3.036320e-06
2026.109.01:34:00/gps-fmout/+2.928496e-06
2026.109.01:34:00/gps-maser/+3.036678e-06
2026.109.01:35:00/gps-fmout/+2.930135e-06
2026.109.01:35:00/gps-maser/+3.036461e-06
2026.109.01:36:00/gps-fmout/+2.931035e-06
2026.109.01:36:00/gps-maser/+3.039546e-06
2026.109.01:37:00/gps-fmout/+2.933076e-06
2026.109.01:37:00/gps-maser/+3.041685e-06
2026.109.01:38:00/gps-fmout/+2.934856e-06
2026.109.01:38:00/gps-maser/+3.041826e-06
2026.109.01:39:00/gps-fmout/+2.932087e-06
2026.109.01:39:00/gps-maser/+3.039861e-06
2026.109.01:40:00/gps-fmout/+2.933228e-06
2026.109.01:40:00/gps-maser/+3.037866e-06
2026.109.01:41:00/gps-fmout/+2.932080e-06
2026.109.01:41:00/gps-maser/+3.037733e-06
2026.109.01:42:00/gps-fmout/+2.929148e-06
2026.109.01:42:00/gps-maser/+3.037110e-06
2026.109.01:43:00/gps-fmout/+2.929943e-06
2026.109.01:43:00/gps-maser/+3.038602e-06
2026.109.01:44:00/gps-fmout/+2.930812e-06
2026.109.01:44:00/gps-maser/+3.038788e-06
2026.109.01:45:00/gps-fmout/+2.933246e-06
2026.109.01:45:00/gps-maser/+3.038000e-06
2026.109.01:46:00/gps-fmout/+2.932951e-06
2026.109.01:46:00/gps-maser/+3.038000e-06
2026.109.01:47:00/gps-fmout/+2.931972e-06
2026.109.01:47:00/gps-maser/+3.038462e-06
2026.109.01:48:00/gps-fmout/+2.934000e-06
2026.109.01:48:00/gps-maser/+3.040250e-06
2026.109.01:49:00/gps-fmout/+2.934000e-06
2026.109.01:49:00/gps-maser/+3.041017e-06
2026.109.01:50:00/gps-fmout/+2.935029e-06
2026.109.01:50:00/gps-maser/+3.041778e-06
2026.109.01:51:00/gps-fmout/+2.937106e-06
2026.109.01:51:00/gps-maser/+3.043487e-06
2026.109.01:52:00/gps-fmout/+2.937190e-06
2026.109.01:52:00/gps-maser/+3.045196e-06
2026.109.01:53:00/gps-fmout/+2.940045e-06
2026.109.01:53:00/gps-maser/+3.046872e-06
2026.109.01:54:00/gps-fmout/+2.941730e-06
2026.109.01:54:00/gps-maser/+3.048332e-06
2026.109.01:55:00/gps-fmout/+2.939954e-06
2026.109.01:55:00/gps-maser/+3.047764e-06
2026.109.01:56:00/gps-fmout/+2.940000e-06
2026.109.01:56:00/gps-maser/+3.047470e-06
2026.109.01:57:00/gps-fmout/+2.941427e-06
2026.109.01:57:00/gps-maser/+3.048359e-06
2026.109.01:58:00/gps-fmout/+2.942024e-06
2026.109.01:58:00/gps-maser/+3.049059e-06
2026.109.01:59:00/gps-fmout/+2.941011e-06
2026.109.01:59:00/gps-maser/+3.049000e-06
2026.109.02:00:00/gps-fmout/+2.940496e-06
2026.109.02:00:00/gps-maser/+3.048778e-06
2026.109.02:01:00/gps-fmout/+2.939279e-06
2026.109.02:01:00/gps-maser/+3.047648e-06
2026.109.02:02:00/gps-fmout/+2.936966e-06
2026.109.02:02:00/gps-maser/+3.045643e-06
2026.109.02:03:00/gps-fmout/+2.936941e-06
2026.109.02:03:00/gps-maser/+3.043674e-06
2026.109.02:04:00/gps-fmout/+2.937582e-06
2026.109.02:04:00/gps-maser/+3.045000e-06
2026.109.02:05:00/gps-fmout/+2.940261e-06
2026.109.02:05:00/gps-maser/+3.045000e-06
2026.109.02:06:00/gps-fmout/+2.941000e-06
2026.109.02:06:00/gps-maser/+3.046301e-06
2026.109.02:07:00/gps-fmout/+2.940776e-06
2026.109.02:07:00/gps-maser/+3.047800e-06
2026.109.02:08:00/gps-fmout/+2.942828e-06
2026.109.02:08:00/gps-maser/+3.047112e-06
2026.109.02:09:00/gps-fmout/+2.941138e-06
2026.109.02:09:00/gps-maser/+3.048047e-06
2026.109.02:10:00/gps-fmout/+2.943886e-06
2026.109.02:10:00/gps-maser/+3.049000e-06
2026.109.02:11:00/gps-fmout/+2.943299e-06
2026.109.02:11:00/gps-maser/+3.049000e-06
2026.109.02:12:00/gps-fmout/+2.940688e-06
2026.109.02:12:00/gps-maser/+3.048928e-06
2026.109.02:13:00/gps-fmout/+2.940216e-06
2026.109.02:13:00/gps-maser/+3.047377e-06
2026.109.02:14:00/gps-fmout/+2.941292e-06
2026.109.02:14:00/gps-maser/+3.047844e-06
2026.109.02:15:00/gps-fmout/+2.942334e-06
2026.109.02:15:00/gps-maser/+3.050920e-06
2026.109.02:16:00/gps-fmout/+2.944033e-06
2026.109.02:16:00/gps-maser/+3.050000e-06
2026.109.02:17:00/gps-fmout/+2.945384e-06
2026.109.02:17:00/gps-maser/+3.050198e-06
2026.109.02:18:00/gps-fmout/+2.946097e-06
2026.109.02:18:00/gps-maser/+3.051616e-06
2026.109.02:19:00/gps-fmout/+2.946052e-06
2026.109.02:19:00/gps-maser/+3.055066e-06
2026.109.02:20:00/gps-fmout/+2.946367e-06
2026.109.02:20:00/gps-maser/+3.055855e-06
2026.109.02:21:00/gps-fmout/+2.947310e-06
2026.109.02:21:00/gps-maser/+3.056561e-06
2026.109.02:22:00/gps-fmout/+2.947920e-06
2026.109.02:22:00/gps-maser/+3.053945e-06
2026.109.02:23:00/gps-fmout/+2.946511e-06
2026.109.02:23:00/gps-maser/+3.054392e-06
2026.109.02:24:00/gps-fmout/+3.178618e-06
2026.109.02:24:00/gps-maser/+6.331698e-02
2026.109.02:25:00/gps-fmout/+5.953298e-06
2026.109.02:25:00/gps-maser/+1.178033e-01
2026.109.02:26:00/gps-fmout/+1.185545e-05
2026.109.02:26:00/gps-maser/+1.178033e-01
2026.109.02:27:00/gps-fmout/+2.087180e-05
2026.109.02:27:00/gps-maser/+1.178033e-01
2026.109.02:28:00/gps-fmout/+3.298907e-05
2026.109.02:28:00/gps-maser/+1.178033e-01
2026.109.02:29:00/gps-fmout/+4.819401e-05
2026.109.02:29:00/gps-maser/+1.178033e-01
2026.109.02:30:00/gps-fmout/+6.647332e-05
2026.109.02:30:00/gps-maser/+1.178032e-01
2026.109.02:31:00/gps-fmout/+8.781376e-05
2026.109.02:31:00/gps-maser/+1.178033e-01
2026.109.02:32:00/gps-fmout/+1.122020e-04
2026.109.02:32:00/gps-maser/+1.178033e-01
2026.109.02:33:00/gps-fmout/+1.396249e-04
2026.109.02:33:00/gps-maser/+1.178033e-01
2026.109.02:34:00/gps-fmout/+1.700690e-04
2026.109.02:34:00/gps-maser/+1.178033e-01
2026.109.02:35:00/gps-fmout/+2.035212e-04
2026.109.02:35:00/gps-maser/+1.178033e-01
2026.109.02:36:00/gps-fmout/+2.399682e-04
2026.109.02:36:00/gps-maser/+1.178032e-01
2026.109.02:37:00/gps-fmout/+2.793966e-04
2026.109.02:37:00/gps-maser/+1.178033e-01
2026.109.02:38:00/gps-fmout/+3.217932e-04
2026.109.02:38:00/gps-maser/+1.178032e-01
2026.109.02:39:00/gps-fmout/+3.671448e-04
2026.109.02:39:00/gps-maser/+1.178032e-01
2026.109.02:40:00/gps-fmout/+4.154381e-04
2026.109.02:40:00/gps-maser/+1.178032e-01
2026.109.02:41:00/gps-fmout/+4.666598e-04
2026.109.02:41:00/gps-maser/+1.178032e-01
2026.109.02:42:00/gps-fmout/+5.207966e-04
2026.109.02:42:00/gps-maser/+1.178032e-01
2026.109.02:43:00/gps-fmout/+5.778352e-04
2026.109.02:43:00/gps-maser/+1.178032e-01
2026.109.02:44:00/gps-fmout/+6.377625e-04
2026.109.02:44:00/gps-maser/+1.178032e-01
2026.109.02:45:00/gps-fmout/+7.005650e-04
2026.109.02:45:00/gps-maser/+1.178032e-01
2026.109.02:46:00/gps-fmout/+7.662297e-04
2026.109.02:46:00/gps-maser/+1.178032e-01
2026.109.02:47:00/gps-fmout/+8.347431e-04
2026.109.02:47:00/gps-maser/+1.178032e-01
2026.109.02:48:00/gps-fmout/+9.060920e-04
2026.109.02:48:00/gps-maser/+1.178032e-01
2026.109.02:49:00/gps-fmout/+9.802631e-04
2026.109.02:49:00/gps-maser/+1.178032e-01
2026.109.02:50:00/gps-fmout/+1.057243e-03
2026.109.02:50:00/gps-maser/+1.178032e-01
2026.109.02:51:00/gps-fmout/+1.137019e-03
2026.109.02:51:00/gps-maser/+1.178032e-01
2026.109.02:52:00/gps-fmout/+1.219577e-03
2026.109.02:52:00/gps-maser/+1.178032e-01
2026.109.02:53:00/gps-fmout/+1.304905e-03
2026.109.02:53:00/gps-maser/+1.178032e-01
2026.109.02:54:00/gps-fmout/+1.392988e-03
2026.109.02:54:00/gps-maser/+1.178033e-01
2026.109.02:55:00/gps-fmout/+1.483814e-03
2026.109.02:55:00/gps-maser/+1.178033e-01
2026.109.02:56:00/gps-fmout/+1.577369e-03
2026.109.02:56:00/gps-maser/+1.178033e-01
2026.109.02:57:00/gps-fmout/+1.673640e-03
2026.109.02:57:00/gps-maser/+1.178033e-01
2026.109.02:58:00/gps-fmout/+1.772614e-03
2026.109.02:58:00/gps-maser/+1.178033e-01
2026.109.02:59:00/gps-fmout/+1.874278e-03
2026.109.02:59:00/gps-maser/+1.178033e-01
2026.109.03:00:00/gps-fmout/+1.978618e-03
2026.109.03:00:00/gps-maser/+1.178033e-01
2026.109.03:01:00/gps-fmout/+2.085620e-03
2026.109.03:01:00/gps-maser/+1.178033e-01
2026.109.03:02:00/gps-fmout/+2.195273e-03
2026.109.03:02:00/gps-maser/+1.178033e-01
2026.109.03:03:00/gps-fmout/+2.307562e-03
2026.109.03:03:00/gps-maser/+1.178033e-01
2026.109.03:04:00/gps-fmout/+2.422474e-03
2026.109.03:04:00/gps-maser/+1.178032e-01
2026.109.03:05:00/gps-fmout/+2.539996e-03
2026.109.03:05:00/gps-maser/+1.178032e-01
2026.109.03:06:00/gps-fmout/+2.660115e-03
2026.109.03:06:00/gps-maser/+1.178032e-01
2026.109.03:07:00/gps-fmout/+2.782817e-03
2026.109.03:07:00/gps-maser/+1.178032e-01
2026.109.03:08:00/gps-fmout/+2.908089e-03
2026.109.03:08:00/gps-maser/+1.178032e-01
2026.109.03:09:00/gps-fmout/+3.035918e-03
2026.109.03:09:00/gps-maser/+1.178032e-01
2026.109.03:10:00/gps-fmout/+3.166290e-03
2026.109.03:10:00/gps-maser/+1.178032e-01
2026.109.03:11:00/gps-fmout/+3.299193e-03
2026.109.03:11:00/gps-maser/+1.178032e-01
2026.109.03:12:00/gps-fmout/+3.434613e-03
2026.109.03:12:00/gps-maser/+1.178032e-01
2026.109.03:13:00/gps-fmout/+3.572536e-03
2026.109.03:13:00/gps-maser/+1.178032e-01
2026.109.03:14:00/gps-fmout/+3.712950e-03
2026.109.03:14:00/gps-maser/+1.178032e-01
2026.109.03:15:00/gps-fmout/+3.855841e-03
2026.109.03:15:00/gps-maser/+1.178033e-01
2026.109.03:16:00/gps-fmout/+4.001196e-03
2026.109.03:16:00/gps-maser/+1.178033e-01
2026.109.03:17:00/gps-fmout/+4.149002e-03
2026.109.03:17:00/gps-maser/+1.178033e-01
2026.109.03:18:00/gps-fmout/+4.299245e-03
2026.109.03:18:00/gps-maser/+1.178033e-01
2026.109.03:19:00/gps-fmout/+4.451912e-03
2026.109.03:19:00/gps-maser/+1.178033e-01
2026.109.03:20:00/gps-fmout/+4.606990e-03
2026.109.03:20:00/gps-maser/+1.178033e-01
2026.109.03:21:00/gps-fmout/+4.764466e-03
2026.109.03:21:00/gps-maser/+1.178032e-01
2026.109.03:22:00/gps-fmout/+4.924325e-03
2026.109.03:22:00/gps-maser/+1.178032e-01
2026.109.03:23:00/gps-fmout/+5.086556e-03
2026.109.03:23:00/gps-maser/+1.178032e-01
2026.109.03:24:00/gps-fmout/+5.251145e-03
2026.109.03:24:00/gps-maser/+1.178032e-01
2026.109.03:25:00/gps-fmout/+5.418078e-03
2026.109.03:25:00/gps-maser/+1.178032e-01
2026.109.03:26:00/gps-fmout/+5.587342e-03
2026.109.03:26:00/gps-maser/+1.178033e-01
2026.109.03:27:00/gps-fmout/+5.758924e-03
2026.109.03:27:00/gps-maser/+1.178033e-01
2026.109.03:28:00/gps-fmout/+5.932811e-03
2026.109.03:28:00/gps-maser/+1.178033e-01
2026.109.03:29:00/gps-fmout/+6.108989e-03
2026.109.03:29:00/gps-maser/+1.178033e-01
2026.109.03:30:00/gps-fmout/+6.287446e-03
2026.109.03:30:00/gps-maser/+1.178033e-01
2026.109.03:31:00/gps-fmout/+6.468167e-03
2026.109.03:31:00/gps-maser/+1.178033e-01
2026.109.03:32:00/gps-fmout/+6.651140e-03
2026.109.03:32:00/gps-maser/+1.178033e-01
2026.109.03:33:00/gps-fmout/+6.836351e-03
2026.109.03:33:00/gps-maser/+1.178033e-01
2026.109.03:34:00/gps-fmout/+7.023787e-03
2026.109.03:34:00/gps-maser/+1.178033e-01
2026.109.03:35:00/gps-fmout/+7.213435e-03
2026.109.03:35:00/gps-maser/+1.178033e-01
2026.109.03:36:00/gps-fmout/+7.405281e-03
2026.109.03:36:00/gps-maser/+1.178033e-01
2026.109.03:37:00/gps-fmout/+7.599313e-03
2026.109.03:37:00/gps-maser/+1.178033e-01
2026.109.03:38:00/gps-fmout/+7.795517e-03
2026.109.03:38:00/gps-maser/+1.178033e-01
2026.109.03:39:00/gps-fmout/+7.993879e-03
2026.109.03:39:00/gps-maser/+1.178033e-01
2026.109.03:40:00/gps-fmout/+8.194387e-03
2026.109.03:40:00/gps-maser/+1.178033e-01
2026.109.03:41:00/gps-fmout/+8.397026e-03
2026.109.03:41:00/gps-maser/+1.178032e-01
2026.109.03:42:00/gps-fmout/+8.601785e-03
2026.109.03:42:00/gps-maser/+1.178032e-01
2026.109.03:43:00/gps-fmout/+8.808649e-03
2026.109.03:43:00/gps-maser/+1.178032e-01
2026.109.03:44:00/gps-fmout/+9.017606e-03
2026.109.03:44:00/gps-maser/+1.178032e-01
2026.109.03:45:00/gps-fmout/+9.228642e-03
2026.109.03:45:00/gps-maser/+1.178032e-01
2026.109.03:46:00/gps-fmout/+9.441743e-03
2026.109.03:46:00/gps-maser/+1.178033e-01
2026.109.03:47:00/gps-fmout/+9.656897e-03
2026.109.03:47:00/gps-maser/+1.178032e-01
2026.109.03:48:00/gps-fmout/+9.874090e-03
2026.109.03:48:00/gps-maser/+1.178032e-01
2026.109.03:49:00/gps-fmout/+1.009331e-02
2026.109.03:49:00/gps-maser/+1.178032e-01
2026.109.03:50:00/gps-fmout/+1.031454e-02
2026.109.03:50:00/gps-maser/+1.178033e-01
2026.109.03:51:00/gps-fmout/+1.053777e-02
2026.109.03:51:00/gps-maser/+1.178033e-01
2026.109.03:52:00/gps-fmout/+1.076299e-02
2026.109.03:52:00/gps-maser/+1.178033e-01
2026.109.03:53:00/gps-fmout/+1.099018e-02
2026.109.03:53:00/gps-maser/+1.178033e-01
2026.109.03:54:00/gps-fmout/+1.121933e-02
2026.109.03:54:00/gps-maser/+1.178033e-01
2026.109.03:55:00/gps-fmout/+1.145043e-02
2026.109.03:55:00/gps-maser/+1.178033e-01
2026.109.03:56:00/gps-fmout/+1.168346e-02
2026.109.03:56:00/gps-maser/+1.178033e-01
2026.109.03:57:00/gps-fmout/+1.191841e-02
2026.109.03:57:00/gps-maser/+1.178033e-01
2026.109.03:58:00/gps-fmout/+1.215526e-02
2026.109.03:58:00/gps-maser/+1.178033e-01
2026.109.03:59:00/gps-fmout/+1.239401e-02
2026.109.03:59:00/gps-maser/+1.178033e-01
2026.109.04:00:00/gps-fmout/+1.263464e-02
2026.109.04:00:00/gps-maser/+1.178033e-01
2026.109.04:01:00/gps-fmout/+1.287713e-02
2026.109.04:01:00/gps-maser/+1.178033e-01
2026.109.04:02:00/gps-fmout/+1.312148e-02
2026.109.04:02:00/gps-maser/+1.178033e-01
2026.109.04:03:00/gps-fmout/+1.336767e-02
2026.109.04:03:00/gps-maser/+1.178033e-01
2026.109.04:04:00/gps-fmout/+1.361569e-02
2026.109.04:04:00/gps-maser/+1.178032e-01
2026.109.04:05:00/gps-fmout/+1.386552e-02
2026.109.04:05:00/gps-maser/+1.178032e-01
2026.109.04:06:00/gps-fmout/+1.411715e-02
2026.109.04:06:00/gps-maser/+1.178033e-01
2026.109.04:07:00/gps-fmout/+1.437057e-02
2026.109.04:07:00/gps-maser/+1.178033e-01
2026.109.04:08:00/gps-fmout/+1.462576e-02
2026.109.04:08:00/gps-maser/+1.178033e-01
2026.109.04:09:00/gps-fmout/+1.488271e-02
2026.109.04:09:00/gps-maser/+1.178033e-01
2026.109.04:10:00/gps-fmout/+1.514141e-02
2026.109.04:10:00/gps-maser/+1.178033e-01
2026.109.04:11:00/gps-fmout/+1.540184e-02
2026.109.04:11:00/gps-maser/+1.178033e-01
2026.109.04:12:00/gps-fmout/+1.566399e-02
2026.109.04:12:00/gps-maser/+1.178033e-01
2026.109.04:13:00/gps-fmout/+1.592786e-02
2026.109.04:13:00/gps-maser/+1.178033e-01
2026.109.04:14:00/gps-fmout/+1.619341e-02
2026.109.04:14:00/gps-maser/+1.178033e-01
2026.109.04:15:00/gps-fmout/+1.646065e-02
2026.109.04:15:00/gps-maser/+1.178033e-01
2026.109.04:16:00/gps-fmout/+1.672955e-02
2026.109.04:16:00/gps-maser/+1.178033e-01
2026.109.04:17:00/gps-fmout/+1.700011e-02
2026.109.04:17:00/gps-maser/+1.178033e-01
2026.109.04:18:00/gps-fmout/+1.727231e-02
2026.109.04:18:00/gps-maser/+1.178033e-01
2026.109.04:19:00/gps-fmout/+1.754614e-02
2026.109.04:19:00/gps-maser/+1.178033e-01
2026.109.04:20:00/gps-fmout/+1.782158e-02
2026.109.04:20:00/gps-maser/+1.178033e-01
2026.109.04:21:00/gps-fmout/+1.809862e-02
2026.109.04:21:00/gps-maser/+1.178033e-01
2026.109.04:22:00/gps-fmout/+1.837725e-02
2026.109.04:22:00/gps-maser/+1.178033e-01
2026.109.04:23:00/gps-fmout/+1.865746e-02
2026.109.04:23:00/gps-maser/+1.178032e-01
2026.109.04:24:00/gps-fmout/+1.893922e-02
2026.109.04:24:00/gps-maser/+1.178032e-01
2026.109.04:25:00/gps-fmout/+1.922254e-02
2026.109.04:25:00/gps-maser/+1.178032e-01
2026.109.04:26:00/gps-fmout/+1.950739e-02
2026.109.04:26:00/gps-maser/+1.178032e-01
2026.109.04:27:00/gps-fmout/+1.979376e-02
2026.109.04:27:00/gps-maser/+1.178032e-01
2026.109.04:28:00/gps-fmout/+2.008164e-02
2026.109.04:28:00/gps-maser/+1.178032e-01
2026.109.04:29:00/gps-fmout/+2.037102e-02
2026.109.04:29:00/gps-maser/+1.178033e-01
2026.109.04:30:00/gps-fmout/+2.066188e-02
2026.109.04:30:00/gps-maser/+1.178033e-01
2026.109.04:31:00/gps-fmout/+2.095420e-02
2026.109.04:31:00/gps-maser/+1.178033e-01
2026.109.04:32:00/gps-fmout/+2.124798e-02
2026.109.04:32:00/gps-maser/+1.178033e-01
2026.109.04:33:00/gps-fmout/+2.154321e-02
2026.109.04:33:00/gps-maser/+1.178032e-01
2026.109.04:34:00/gps-fmout/+2.183986e-02
2026.109.04:34:00/gps-maser/+1.178032e-01
2026.109.04:35:00/gps-fmout/+2.213793e-02
2026.109.04:35:00/gps-maser/+1.178032e-01
2026.109.04:36:00/gps-fmout/+2.243740e-02
2026.109.04:36:00/gps-maser/+1.178032e-01
2026.109.04:37:00/gps-fmout/+2.273826e-02
2026.109.04:37:00/gps-maser/+1.178032e-01
2026.109.04:38:00/gps-fmout/+2.304049e-02
2026.109.04:38:00/gps-maser/+1.178032e-01
2026.109.04:39:00/gps-fmout/+2.334409e-02
2026.109.04:39:00/gps-maser/+1.178032e-01
2026.109.04:40:00/gps-fmout/+2.364903e-02
2026.109.04:40:00/gps-maser/+1.178032e-01
2026.109.04:41:00/gps-fmout/+2.395532e-02
2026.109.04:41:00/gps-maser/+1.178032e-01
2026.109.04:42:00/gps-fmout/+2.426292e-02
2026.109.04:42:00/gps-maser/+1.178032e-01
2026.109.04:43:00/gps-fmout/+2.457184e-02
2026.109.04:43:00/gps-maser/+1.178032e-01
2026.109.04:44:00/gps-fmout/+2.488205e-02
2026.109.04:44:00/gps-maser/+1.178032e-01
2026.109.04:45:00/gps-fmout/+2.519354e-02
2026.109.04:45:00/gps-maser/+1.178032e-01
2026.109.04:46:00/gps-fmout/+2.550630e-02
2026.109.04:46:00/gps-maser/+1.178032e-01
2026.109.04:47:00/gps-fmout/+2.582032e-02
2026.109.04:47:00/gps-maser/+1.178033e-01
2026.109.04:48:00/gps-fmout/+2.613558e-02
2026.109.04:48:00/gps-maser/+1.178033e-01
2026.109.04:49:00/gps-fmout/+2.645207e-02
2026.109.04:49:00/gps-maser/+1.178032e-01
2026.109.04:50:00/gps-fmout/+2.676978e-02
2026.109.04:50:00/gps-maser/+1.178032e-01
2026.109.04:51:00/gps-fmout/+2.708869e-02
2026.109.04:51:00/gps-maser/+1.178032e-01
2026.109.04:52:00/gps-fmout/+2.740879e-02
2026.109.04:52:00/gps-maser/+1.178032e-01
2026.109.04:53:00/gps-fmout/+2.773007e-02
2026.109.04:53:00/gps-maser/+1.178032e-01
2026.109.04:54:00/gps-fmout/+2.805251e-02
2026.109.04:54:00/gps-maser/+1.178032e-01
2026.109.04:55:00/gps-fmout/+2.837610e-02
2026.109.04:55:00/gps-maser/+1.178032e-01
2026.109.04:56:00/gps-fmout/+2.870083e-02
2026.109.04:56:00/gps-maser/+1.178032e-01
2026.109.04:57:00/gps-fmout/+2.902668e-02
2026.109.04:57:00/gps-maser/+1.178032e-01
2026.109.04:58:00/gps-fmout/+2.935364e-02
2026.109.04:58:00/gps-maser/+1.178032e-01
2026.109.04:59:00/gps-fmout/+2.968170e-02
2026.109.04:59:00/gps-maser/+1.178032e-01
2026.109.05:00:00/gps-fmout/+3.001084e-02
2026.109.05:00:00/gps-maser/+1.178032e-01
2026.109.05:01:00/gps-fmout/+3.034105e-02
2026.109.05:01:00/gps-maser/+1.178032e-01
2026.109.05:02:00/gps-fmout/+3.067232e-02
2026.109.05:02:00/gps-maser/+1.178033e-01
2026.109.05:03:00/gps-fmout/+3.100464e-02
2026.109.05:03:00/gps-maser/+1.178033e-01
2026.109.05:04:00/gps-fmout/+3.133798e-02
2026.109.05:04:00/gps-maser/+1.178033e-01
2026.109.05:05:00/gps-fmout/+3.167234e-02
2026.109.05:05:00/gps-maser/+1.178033e-01
2026.109.05:06:00/gps-fmout/+3.200771e-02
2026.109.05:06:00/gps-maser/+1.178033e-01
2026.109.05:07:00/gps-fmout/+3.234407e-02
2026.109.05:07:00/gps-maser/+1.178033e-01
2026.109.05:08:00/gps-fmout/+3.268140e-02
2026.109.05:08:00/gps-maser/+1.178033e-01
2026.109.05:09:00/gps-fmout/+3.301970e-02
2026.109.05:09:00/gps-maser/+1.178033e-01
2026.109.05:10:00/gps-fmout/+3.335895e-02
2026.109.05:10:00/gps-maser/+1.178033e-01
2026.109.05:11:00/gps-fmout/+3.369914e-02
2026.109.05:11:00/gps-maser/+1.178033e-01
2026.109.05:12:00/gps-fmout/+3.404025e-02
2026.109.05:12:00/gps-maser/+1.178033e-01
2026.109.05:13:00/gps-fmout/+3.438227e-02
2026.109.05:13:00/gps-maser/+1.178033e-01
2026.109.05:14:00/gps-fmout/+3.472519e-02
2026.109.05:14:00/gps-maser/+1.178033e-01
2026.109.05:15:00/gps-fmout/+3.506900e-02
2026.109.05:15:00/gps-maser/+1.178033e-01
2026.109.05:16:00/gps-fmout/+3.541367e-02
2026.109.05:16:00/gps-maser/+1.178033e-01
2026.109.05:17:00/gps-fmout/+3.575921e-02
2026.109.05:17:00/gps-maser/+1.178033e-01
2026.109.05:18:00/gps-fmout/+3.610559e-02
2026.109.05:18:00/gps-maser/+1.178033e-01
2026.109.05:19:00/gps-fmout/+3.645280e-02
2026.109.05:19:00/gps-maser/+1.178033e-01
2026.109.05:20:00/gps-fmout/+3.680083e-02
2026.109.05:20:00/gps-maser/+1.178033e-01
2026.109.05:21:00/gps-fmout/+3.714966e-02
2026.109.05:21:00/gps-maser/+1.178033e-01
2026.109.05:22:00/gps-fmout/+3.749929e-02
2026.109.05:22:00/gps-maser/+1.178033e-01
2026.109.05:23:00/gps-fmout/+3.784970e-02
2026.109.05:23:00/gps-maser/+1.178033e-01
2026.109.05:24:00/gps-fmout/+3.820087e-02
2026.109.05:24:00/gps-maser/+1.178033e-01
2026.109.05:25:00/gps-fmout/+3.855279e-02
2026.109.05:25:00/gps-maser/+1.178033e-01
2026.109.05:26:00/gps-fmout/+3.890545e-02
2026.109.05:26:00/gps-maser/+1.178033e-01
2026.109.05:27:00/gps-fmout/+3.925883e-02
2026.109.05:27:00/gps-maser/+1.178033e-01
2026.109.05:28:00/gps-fmout/+3.961293e-02
2026.109.05:28:00/gps-maser/+1.178033e-01
2026.109.05:29:00/gps-fmout/+3.996773e-02
2026.109.05:29:00/gps-maser/+1.178032e-01
2026.109.05:30:00/gps-fmout/+4.032321e-02
2026.109.05:30:00/gps-maser/+1.178032e-01
2026.109.05:31:00/gps-fmout/+4.067937e-02
2026.109.05:31:00/gps-maser/+1.178032e-01
2026.109.05:32:00/gps-fmout/+4.103618e-02
2026.109.05:32:00/gps-maser/+1.178032e-01
2026.109.05:33:00/gps-fmout/+4.139364e-02
2026.109.05:33:00/gps-maser/+1.178032e-01
2026.109.05:34:00/gps-fmout/+4.175173e-02
2026.109.05:34:00/gps-maser/+1.178032e-01
2026.109.05:35:00/gps-fmout/+4.211045e-02
2026.109.05:35:00/gps-maser/+1.178032e-01
2026.109.05:36:00/gps-fmout/+4.246976e-02
2026.109.05:36:00/gps-maser/+1.178032e-01
2026.109.05:37:00/gps-fmout/+4.282967e-02
2026.109.05:37:00/gps-maser/+1.178032e-01
2026.109.05:38:00/gps-fmout/+4.319016e-02
2026.109.05:38:00/gps-maser/+1.178032e-01
2026.109.05:39:00/gps-fmout/+4.355122e-02
2026.109.05:39:00/gps-maser/+1.178032e-01
2026.109.05:40:00/gps-fmout/+4.391283e-02
2026.109.05:40:00/gps-maser/+1.178032e-01
2026.109.05:41:00/gps-fmout/+4.427498e-02
2026.109.05:41:00/gps-maser/+1.178032e-01
2026.109.05:42:00/gps-fmout/+4.463765e-02
2026.109.05:42:00/gps-maser/+1.178032e-01
2026.109.05:43:00/gps-fmout/+4.500084e-02
2026.109.05:43:00/gps-maser/+1.178032e-01
2026.109.05:44:00/gps-fmout/+4.536453e-02
2026.109.05:44:00/gps-maser/+1.178032e-01
2026.109.05:45:00/gps-fmout/+4.572870e-02
2026.109.05:45:00/gps-maser/+1.178032e-01
2026.109.05:46:00/gps-fmout/+4.609335e-02
2026.109.05:46:00/gps-maser/+1.178032e-01
2026.109.05:47:00/gps-fmout/+4.645846e-02
2026.109.05:47:00/gps-maser/+1.178032e-01
2026.109.05:48:00/gps-fmout/+4.682401e-02
2026.109.05:48:00/gps-maser/+1.178032e-01
2026.109.05:49:00/gps-fmout/+4.719000e-02
2026.109.05:49:00/gps-maser/+1.178032e-01
2026.109.05:50:00/gps-fmout/+4.755641e-02
2026.109.05:50:00/gps-maser/+1.178032e-01
2026.109.05:51:00/gps-fmout/+4.792322e-02
2026.109.05:51:00/gps-maser/+1.178032e-01
2026.109.05:52:00/gps-fmout/+4.829043e-02
2026.109.05:52:00/gps-maser/+1.178032e-01
2026.109.05:53:00/gps-fmout/+4.865802e-02
2026.109.05:53:00/gps-maser/+1.178032e-01
2026.109.05:54:00/gps-fmout/+4.902597e-02
2026.109.05:54:00/gps-maser/+1.178032e-01
2026.109.05:55:00/gps-fmout/+4.939428e-02
2026.109.05:55:00/gps-maser/+1.178032e-01
2026.109.05:56:00/gps-fmout/+4.976293e-02
2026.109.05:56:00/gps-maser/+1.178032e-01
2026.109.05:57:00/gps-fmout/+5.013191e-02
2026.109.05:57:00/gps-maser/+1.178032e-01
2026.109.05:58:00/gps-fmout/+5.050120e-02
2026.109.05:58:00/gps-maser/+1.178032e-01
2026.109.05:59:00/gps-fmout/+5.087079e-02
2026.109.05:59:00/gps-maser/+1.178032e-01
2026.109.06:00:00/gps-fmout/+5.124067e-02
2026.109.06:00:00/gps-maser/+1.178032e-01
2026.109.06:01:00/gps-fmout/+5.161083e-02
2026.109.06:01:00/gps-maser/+1.178032e-01
2026.109.06:02:00/gps-fmout/+5.198124e-02
2026.109.06:02:00/gps-maser/+1.178032e-01
2026.109.06:03:00/gps-fmout/+5.235190e-02
2026.109.06:03:00/gps-maser/+1.178032e-01
2026.109.06:04:00/gps-fmout/+5.272280e-02
2026.109.06:04:00/gps-maser/+1.178032e-01
2026.109.06:05:00/gps-fmout/+5.309392e-02
2026.109.06:05:00/gps-maser/+1.178032e-01
2026.109.06:06:00/gps-fmout/+5.346524e-02
2026.109.06:06:00/gps-maser/+1.178032e-01
2026.109.06:07:00/gps-fmout/+5.383676e-02
2026.109.06:07:00/gps-maser/+1.178032e-01
2026.109.06:08:00/gps-fmout/+5.420846e-02
2026.109.06:08:00/gps-maser/+1.178032e-01
2026.109.06:09:00/gps-fmout/+5.458033e-02
2026.109.06:09:00/gps-maser/+1.178032e-01
2026.109.06:10:00/gps-fmout/+5.495236e-02
2026.109.06:10:00/gps-maser/+1.178032e-01
2026.109.06:11:00/gps-fmout/+5.532452e-02
2026.109.06:11:00/gps-maser/+1.178032e-01
2026.109.06:12:00/gps-fmout/+5.569682e-02
2026.109.06:12:00/gps-maser/+1.178032e-01
2026.109.06:13:00/gps-fmout/+5.606923e-02
2026.109.06:13:00/gps-maser/+1.178032e-01
2026.109.06:14:00/gps-fmout/+5.644174e-02
2026.109.06:14:00/gps-maser/+1.178032e-01
2026.109.06:15:00/gps-fmout/+5.681434e-02
2026.109.06:15:00/gps-maser/+1.178032e-01
2026.109.06:16:00/gps-fmout/+5.718701e-02
2026.109.06:16:00/gps-maser/+1.178032e-01
2026.109.06:17:00/gps-fmout/+5.755975e-02
2026.109.06:17:00/gps-maser/+1.178032e-01
2026.109.06:18:00/gps-fmout/+5.793253e-02
2026.109.06:18:00/gps-maser/+1.178032e-01
2026.109.06:19:00/gps-fmout/+5.830535e-02
2026.109.06:19:00/gps-maser/+1.178032e-01
2026.109.06:20:00/gps-fmout/+5.867819e-02
2026.109.06:20:00/gps-maser/+1.178032e-01
2026.109.06:21:00/gps-fmout/+5.905104e-02
2026.109.06:21:00/gps-maser/+1.178032e-01
2026.109.06:22:00/gps-fmout/+5.942389e-02
2026.109.06:22:00/gps-maser/+1.178032e-01
2026.109.06:23:00/gps-fmout/+5.979672e-02
2026.109.06:23:00/gps-maser/+1.178032e-01
2026.109.06:24:00/gps-fmout/+6.016951e-02
2026.109.06:24:00/gps-maser/+1.178032e-01
2026.109.06:25:00/gps-fmout/+6.054227e-02
2026.109.06:25:00/gps-maser/+1.178032e-01
2026.109.06:26:00/gps-fmout/+6.091496e-02
2026.109.06:26:00/gps-maser/+1.178032e-01
2026.109.06:27:00/gps-fmout/+6.128759e-02
2026.109.06:27:00/gps-maser/+1.178032e-01
2026.109.06:28:00/gps-fmout/+6.166013e-02
2026.109.06:28:00/gps-maser/+1.178032e-01
2026.109.06:29:00/gps-fmout/+6.203257e-02
2026.109.06:29:00/gps-maser/+1.178032e-01
2026.109.06:30:00/gps-fmout/+6.240490e-02
2026.109.06:30:00/gps-maser/+1.178032e-01
2026.109.06:31:00/gps-fmout/+6.277711e-02
2026.109.06:31:00/gps-maser/+1.178032e-01
2026.109.06:32:00/gps-fmout/+6.314918e-02
2026.109.06:32:00/gps-maser/+1.178032e-01
2026.109.06:33:00/gps-fmout/+6.352110e-02
2026.109.06:33:00/gps-maser/+1.178032e-01
2026.109.06:34:00/gps-fmout/+6.389286e-02
2026.109.06:34:00/gps-maser/+1.178032e-01
2026.109.06:35:00/gps-fmout/+6.426444e-02
2026.109.06:35:00/gps-maser/+1.178032e-01
2026.109.06:36:00/gps-fmout/+6.463583e-02
2026.109.06:36:00/gps-maser/+1.178032e-01
2026.109.06:37:00/gps-fmout/+6.500701e-02
2026.109.06:37:00/gps-maser/+1.178033e-01
2026.109.06:38:00/gps-fmout/+6.537798e-02
2026.109.06:38:00/gps-maser/+1.178033e-01
2026.109.06:39:00/gps-fmout/+6.574872e-02
2026.109.06:39:00/gps-maser/+1.178033e-01
2026.109.06:40:00/gps-fmout/+6.611922e-02
2026.109.06:40:00/gps-maser/+1.178033e-01
2026.109.06:41:00/gps-fmout/+6.648945e-02
2026.109.06:41:00/gps-maser/+1.178032e-01
2026.109.06:42:00/gps-fmout/+6.685942e-02
2026.109.06:42:00/gps-maser/+1.178032e-01
2026.109.06:43:00/gps-fmout/+6.722911e-02
2026.109.06:43:00/gps-maser/+1.178033e-01
2026.109.06:44:00/gps-fmout/+6.759850e-02
2026.109.06:44:00/gps-maser/+1.178032e-01
2026.109.06:45:00/gps-fmout/+6.796758e-02
2026.109.06:45:00/gps-maser/+1.178032e-01
2026.109.06:46:00/gps-fmout/+6.833633e-02
2026.109.06:46:00/gps-maser/+1.178032e-01
2026.109.06:47:00/gps-fmout/+6.870476e-02
2026.109.06:47:00/gps-maser/+1.178032e-01
2026.109.06:48:00/gps-fmout/+6.907283e-02
2026.109.06:48:00/gps-maser/+1.178032e-01
2026.109.06:49:00/gps-fmout/+6.944053e-02
2026.109.06:49:00/gps-maser/+1.178032e-01
2026.109.06:50:00/gps-fmout/+6.980787e-02
2026.109.06:50:00/gps-maser/+1.178032e-01
2026.109.06:51:00/gps-fmout/+7.017481e-02
2026.109.06:51:00/gps-maser/+1.178033e-01
2026.109.06:52:00/gps-fmout/+7.054135e-02
2026.109.06:52:00/gps-maser/+1.178032e-01
2026.109.06:53:00/gps-fmout/+7.090747e-02
2026.109.06:53:00/gps-maser/+1.178032e-01
2026.109.06:54:00/gps-fmout/+7.127317e-02
2026.109.06:54:00/gps-maser/+1.178033e-01
2026.109.06:55:00/gps-fmout/+7.163842e-02
2026.109.06:55:00/gps-maser/+1.178033e-01
2026.109.06:56:00/gps-fmout/+7.200321e-02
2026.109.06:56:00/gps-maser/+1.178033e-01
2026.109.06:57:00/gps-fmout/+7.236754e-02
2026.109.06:57:00/gps-maser/+1.178033e-01
2026.109.06:58:00/gps-fmout/+7.273139e-02
2026.109.06:58:00/gps-maser/+1.178033e-01
2026.109.06:59:00/gps-fmout/+7.309474e-02
2026.109.06:59:00/gps-maser/+1.178033e-01
2026.109.07:00:00/gps-fmout/+7.345758e-02
2026.109.07:00:00/gps-maser/+1.178033e-01
2026.109.07:01:00/gps-fmout/+7.381990e-02
2026.109.07:01:00/gps-maser/+1.178033e-01
2026.109.07:02:00/gps-fmout/+7.418168e-02
2026.109.07:02:00/gps-maser/+1.178033e-01
2026.109.07:03:00/gps-fmout/+7.454292e-02
2026.109.07:03:00/gps-maser/+1.178033e-01
2026.109.07:04:00/gps-fmout/+7.490359e-02
2026.109.07:04:00/gps-maser/+1.178033e-01
2026.109.07:05:00/gps-fmout/+7.526369e-02
2026.109.07:05:00/gps-maser/+1.178033e-01
2026.109.07:06:00/gps-fmout/+7.562320e-02
2026.109.07:06:00/gps-maser/+1.178033e-01
2026.109.07:07:00/gps-fmout/+7.598210e-02
2026.109.07:07:00/gps-maser/+1.178033e-01
2026.109.07:08:00/gps-fmout/+7.634040e-02
2026.109.07:08:00/gps-maser/+1.178033e-01
2026.109.07:09:00/gps-fmout/+7.669806e-02
2026.109.07:09:00/gps-maser/+1.178033e-01
2026.109.07:10:00/gps-fmout/+7.705508e-02
2026.109.07:10:00/gps-maser/+1.178033e-01
2026.109.07:11:00/gps-fmout/+7.741145e-02
2026.109.07:11:00/gps-maser/+1.178032e-01
2026.109.07:12:00/gps-fmout/+7.776715e-02
2026.109.07:12:00/gps-maser/+1.178032e-01
2026.109.07:13:00/gps-fmout/+7.812217e-02
2026.109.07:13:00/gps-maser/+1.178033e-01
2026.109.07:14:00/gps-fmout/+7.847649e-02
2026.109.07:14:00/gps-maser/+1.178033e-01
2026.109.07:15:00/gps-fmout/+7.883011e-02
2026.109.07:15:00/gps-maser/+1.178033e-01
2026.109.07:16:00/gps-fmout/+7.918301e-02
2026.109.07:16:00/gps-maser/+1.178033e-01
2026.109.07:17:00/gps-fmout/+7.953517e-02
2026.109.07:17:00/gps-maser/+1.178033e-01
2026.109.07:18:00/gps-fmout/+7.988658e-02
2026.109.07:18:00/gps-maser/+1.178033e-01
2026.109.07:19:00/gps-fmout/+8.023723e-02
2026.109.07:19:00/gps-maser/+1.178033e-01
2026.109.07:20:00/gps-fmout/+8.058711e-02
2026.109.07:20:00/gps-maser/+1.178033e-01
2026.109.07:21:00/gps-fmout/+8.093620e-02
2026.109.07:21:00/gps-maser/+1.178033e-01
2026.109.07:22:00/gps-fmout/+8.128449e-02
2026.109.07:22:00/gps-maser/+1.178033e-01
2026.109.07:23:00/gps-fmout/+8.163197e-02
2026.109.07:23:00/gps-maser/+1.178033e-01
2026.109.07:24:00/gps-fmout/+8.197861e-02
2026.109.07:24:00/gps-maser/+1.178033e-01
2026.109.07:25:00/gps-fmout/+8.232442e-02
2026.109.07:25:00/gps-maser/+1.178033e-01
2026.109.07:26:00/gps-fmout/+8.266937e-02
2026.109.07:26:00/gps-maser/+1.178033e-01
2026.109.07:27:00/gps-fmout/+8.301346e-02
2026.109.07:27:00/gps-maser/+1.178033e-01
2026.109.07:28:00/gps-fmout/+8.335667e-02
2026.109.07:28:00/gps-maser/+1.178033e-01
2026.109.07:29:00/gps-fmout/+8.369898e-02
2026.109.07:29:00/gps-maser/+1.178033e-01
2026.109.07:30:00/gps-fmout/+8.404039e-02
2026.109.07:30:00/gps-maser/+1.178033e-01
2026.109.07:31:00/gps-fmout/+8.438087e-02
2026.109.07:31:00/gps-maser/+1.178033e-01
2026.109.07:32:00/gps-fmout/+8.472042e-02
2026.109.07:32:00/gps-maser/+1.178033e-01
2026.109.07:33:00/gps-fmout/+8.505903e-02
2026.109.07:33:00/gps-maser/+1.178033e-01
2026.109.07:34:00/gps-fmout/+8.539667e-02
2026.109.07:34:00/gps-maser/+1.178033e-01
2026.109.07:35:00/gps-fmout/+8.573335e-02
2026.109.07:35:00/gps-maser/+1.178033e-01
2026.109.07:36:00/gps-fmout/+8.606903e-02
2026.109.07:36:00/gps-maser/+1.178033e-01
2026.109.07:37:00/gps-fmout/+8.640372e-02
2026.109.07:37:00/gps-maser/+1.178033e-01
2026.109.07:38:00/gps-fmout/+8.673739e-02
2026.109.07:38:00/gps-maser/+1.178033e-01
2026.109.07:39:00/gps-fmout/+8.707004e-02
2026.109.07:39:00/gps-maser/+1.178032e-01
2026.109.07:40:00/gps-fmout/+8.740164e-02
2026.109.07:40:00/gps-maser/+1.178033e-01
2026.109.07:41:00/gps-fmout/+8.773219e-02
2026.109.07:41:00/gps-maser/+1.178033e-01
2026.109.07:42:00/gps-fmout/+8.806168e-02
2026.109.07:42:00/gps-maser/+1.178033e-01
2026.109.07:43:00/gps-fmout/+8.839009e-02
2026.109.07:43:00/gps-maser/+1.178033e-01
2026.109.07:44:00/gps-fmout/+8.871741e-02
2026.109.07:44:00/gps-maser/+1.178033e-01
2026.109.07:45:00/gps-fmout/+8.904361e-02
2026.109.07:45:00/gps-maser/+1.178033e-01
2026.109.07:46:00/gps-fmout/+8.936870e-02
2026.109.07:46:00/gps-maser/+1.178033e-01
2026.109.07:47:00/gps-fmout/+8.969266e-02
2026.109.07:47:00/gps-maser/+1.178033e-01
2026.109.07:48:00/gps-fmout/+9.001547e-02
2026.109.07:48:00/gps-maser/+1.178033e-01
2026.109.07:49:00/gps-fmout/+9.033712e-02
2026.109.07:49:00/gps-maser/+1.178033e-01
2026.109.07:50:00/gps-fmout/+9.065760e-02
2026.109.07:50:00/gps-maser/+1.178033e-01
2026.109.07:51:00/gps-fmout/+9.097690e-02
2026.109.07:51:00/gps-maser/+1.178032e-01
2026.109.07:52:00/gps-fmout/+9.129499e-02
2026.109.07:52:00/gps-maser/+1.178032e-01
2026.109.07:53:00/gps-fmout/+9.161188e-02
2026.109.07:53:00/gps-maser/+1.178033e-01
2026.109.07:54:00/gps-fmout/+9.192754e-02
2026.109.07:54:00/gps-maser/+1.178032e-01
2026.109.07:55:00/gps-fmout/+9.224195e-02
2026.109.07:55:00/gps-maser/+1.178032e-01
2026.109.07:56:00/gps-fmout/+9.255512e-02
2026.109.07:56:00/gps-maser/+1.178032e-01
2026.109.07:57:00/gps-fmout/+9.286702e-02
2026.109.07:57:00/gps-maser/+1.178032e-01
2026.109.07:58:00/gps-fmout/+9.317765e-02
2026.109.07:58:00/gps-maser/+1.178032e-01
2026.109.07:59:00/gps-fmout/+9.348698e-02
2026.109.07:59:00/gps-maser/+1.178032e-01
2026.109.08:00:00/gps-fmout/+9.379500e-02
2026.109.08:00:00/gps-maser/+1.178032e-01
2026.109.08:01:00/gps-fmout/+9.410171e-02
2026.109.08:01:00/gps-maser/+1.178032e-01
2026.109.08:02:00/gps-fmout/+9.440709e-02
2026.109.08:02:00/gps-maser/+1.178033e-01
2026.109.08:03:00/gps-fmout/+9.471112e-02
2026.109.08:03:00/gps-maser/+1.178033e-01
2026.109.08:04:00/gps-fmout/+9.501379e-02
2026.109.08:04:00/gps-maser/+1.178032e-01
2026.109.08:05:00/gps-fmout/+9.531510e-02
2026.109.08:05:00/gps-maser/+1.178032e-01
2026.109.08:06:00/gps-fmout/+9.561501e-02
2026.109.08:06:00/gps-maser/+1.178032e-01
2026.109.08:07:00/gps-fmout/+9.591353e-02
2026.109.08:07:00/gps-maser/+1.178032e-01
2026.109.08:08:00/gps-fmout/+9.621064e-02
2026.109.08:08:00/gps-maser/+1.178032e-01
2026.109.08:09:00/gps-fmout/+9.650633e-02
2026.109.08:09:00/gps-maser/+1.178032e-01
2026.109.08:10:00/gps-fmout/+9.680057e-02
2026.109.08:10:00/gps-maser/+1.178032e-01
2026.109.08:11:00/gps-fmout/+9.709337e-02
2026.109.08:11:00/gps-maser/+1.178032e-01
2026.109.08:12:00/gps-fmout/+9.738470e-02
2026.109.08:12:00/gps-maser/+1.178033e-01
2026.109.08:13:00/gps-fmout/+9.767455e-02
2026.109.08:13:00/gps-maser/+1.178033e-01
2026.109.08:14:00/gps-fmout/+9.796291e-02
2026.109.08:14:00/gps-maser/+1.178033e-01
2026.109.08:15:00/gps-fmout/+9.824977e-02
2026.109.08:15:00/gps-maser/+1.178032e-01
2026.109.08:16:00/gps-fmout/+9.853511e-02
2026.109.08:16:00/gps-maser/+1.178032e-01
2026.109.08:17:00/gps-fmout/+9.881892e-02
2026.109.08:17:00/gps-maser/+1.178032e-01
2026.109.08:18:00/gps-fmout/+9.910118e-02
2026.109.08:18:00/gps-maser/+1.178032e-01
2026.109.08:19:00/gps-fmout/+9.938189e-02
2026.109.08:19:00/gps-maser/+1.178032e-01
2026.109.08:20:00/gps-fmout/+9.966103e-02
2026.109.08:20:00/gps-maser/+1.178032e-01
2026.109.08:21:00/gps-fmout/+9.993859e-02
2026.109.08:21:00/gps-maser/+1.178032e-01
2026.109.08:22:00/gps-fmout/+1.002145e-01
2026.109.08:22:00/gps-maser/+1.178032e-01
2026.109.08:23:00/gps-fmout/+1.004889e-01
2026.109.08:23:00/gps-maser/+1.178033e-01
2026.109.08:24:00/gps-fmout/+1.007616e-01
2026.109.08:24:00/gps-maser/+1.178033e-01
2026.109.08:25:00/gps-fmout/+1.010327e-01
2026.109.08:25:00/gps-maser/+1.178032e-01
2026.109.08:26:00/gps-fmout/+1.013021e-01
2026.109.08:26:00/gps-maser/+1.178033e-01
2026.109.08:27:00/gps-fmout/+1.015699e-01
2026.109.08:27:00/gps-maser/+1.178033e-01
2026.109.08:28:00/gps-fmout/+1.018360e-01
2026.109.08:28:00/gps-maser/+1.178033e-01
2026.109.08:29:00/gps-fmout/+1.021004e-01
2026.109.08:29:00/gps-maser/+1.178033e-01
2026.109.08:30:00/gps-fmout/+1.023631e-01
2026.109.08:30:00/gps-maser/+1.178033e-01
2026.109.08:31:00/gps-fmout/+1.026241e-01
2026.109.08:31:00/gps-maser/+1.178033e-01
2026.109.08:32:00/gps-fmout/+1.028834e-01
2026.109.08:32:00/gps-maser/+1.178033e-01
2026.109.08:33:00/gps-fmout/+1.031409e-01
2026.109.08:33:00/gps-maser/+1.178032e-01
2026.109.08:34:00/gps-fmout/+1.033966e-01
2026.109.08:34:00/gps-maser/+1.178032e-01
2026.109.08:35:00/gps-fmout/+1.036506e-01
2026.109.08:35:00/gps-maser/+1.178033e-01
2026.109.08:36:00/gps-fmout/+1.039028e-01
2026.109.08:36:00/gps-maser/+1.178033e-01
2026.109.08:37:00/gps-fmout/+1.041532e-01
2026.109.08:37:00/gps-maser/+1.178032e-01
2026.109.08:38:00/gps-fmout/+1.044018e-01
2026.109.08:38:00/gps-maser/+1.178032e-01
2026.109.08:39:00/gps-fmout/+1.046486e-01
2026.109.08:39:00/gps-maser/+1.178032e-01
2026.109.08:40:00/gps-fmout/+1.048936e-01
2026.109.08:40:00/gps-maser/+1.178032e-01
2026.109.08:41:00/gps-fmout/+1.051366e-01
2026.109.08:41:00/gps-maser/+1.178032e-01
2026.109.08:42:00/gps-fmout/+1.053779e-01
2026.109.08:42:00/gps-maser/+1.178032e-01
2026.109.08:43:00/gps-fmout/+1.056172e-01
2026.109.08:43:00/gps-maser/+1.178032e-01
2026.109.08:44:00/gps-fmout/+1.058547e-01
2026.109.08:44:00/gps-maser/+1.178032e-01
2026.109.08:45:00/gps-fmout/+1.060903e-01
2026.109.08:45:00/gps-maser/+1.178032e-01
2026.109.08:46:00/gps-fmout/+1.063239e-01
2026.109.08:46:00/gps-maser/+1.178032e-01
2026.109.08:47:00/gps-fmout/+1.065556e-01
2026.109.08:47:00/gps-maser/+1.178032e-01
2026.109.08:48:00/gps-fmout/+1.067854e-01
2026.109.08:48:00/gps-maser/+1.178032e-01
2026.109.08:49:00/gps-fmout/+1.070132e-01
2026.109.08:49:00/gps-maser/+1.178032e-01
2026.109.08:50:00/gps-fmout/+1.072391e-01
2026.109.08:50:00/gps-maser/+1.178033e-01
2026.109.08:51:00/gps-fmout/+1.074629e-01
2026.109.08:51:00/gps-maser/+1.178033e-01
2026.109.08:52:00/gps-fmout/+1.076848e-01
2026.109.08:52:00/gps-maser/+1.178033e-01
2026.109.08:53:00/gps-fmout/+1.079047e-01
2026.109.08:53:00/gps-maser/+1.178033e-01
2026.109.08:54:00/gps-fmout/+1.081225e-01
2026.109.08:54:00/gps-maser/+1.178033e-01
2026.109.08:55:00/gps-fmout/+1.083383e-01
2026.109.08:55:00/gps-maser/+1.178033e-01
2026.109.08:56:00/gps-fmout/+1.085521e-01
2026.109.08:56:00/gps-maser/+1.178033e-01
2026.109.08:57:00/gps-fmout/+1.087638e-01
2026.109.08:57:00/gps-maser/+1.178033e-01
2026.109.08:58:00/gps-fmout/+1.089734e-01
2026.109.08:58:00/gps-maser/+1.178033e-01
2026.109.08:59:00/gps-fmout/+1.091810e-01
2026.109.08:59:00/gps-maser/+1.178033e-01
2026.109.09:00:00/gps-fmout/+1.093864e-01
2026.109.09:00:00/gps-maser/+1.178033e-01
2026.109.09:01:00/gps-fmout/+1.095897e-01
2026.109.09:01:00/gps-maser/+1.178033e-01
2026.109.09:02:00/gps-fmout/+1.097909e-01
2026.109.09:02:00/gps-maser/+1.178033e-01
2026.109.09:03:00/gps-fmout/+1.099900e-01
2026.109.09:03:00/gps-maser/+1.178033e-01
2026.109.09:04:00/gps-fmout/+1.101869e-01
2026.109.09:04:00/gps-maser/+1.178033e-01
2026.109.09:05:00/gps-fmout/+1.103816e-01
2026.109.09:05:00/gps-maser/+1.178033e-01
2026.109.09:06:00/gps-fmout/+1.105741e-01
2026.109.09:06:00/gps-maser/+1.178033e-01
2026.109.09:07:00/gps-fmout/+1.107645e-01
2026.109.09:07:00/gps-maser/+1.178033e-01
2026.109.09:08:00/gps-fmout/+1.109526e-01
2026.109.09:08:00/gps-maser/+1.178033e-01
2026.109.09:09:00/gps-fmout/+1.111386e-01
2026.109.09:09:00/gps-maser/+1.178033e-01
2026.109.09:10:00/gps-fmout/+1.113223e-01
2026.109.09:10:00/gps-maser/+1.178033e-01
2026.109.09:11:00/gps-fmout/+1.115037e-01
2026.109.09:11:00/gps-maser/+1.178033e-01
2026.109.09:12:00/gps-fmout/+1.116829e-01
2026.109.09:12:00/gps-maser/+1.178033e-01
2026.109.09:13:00/gps-fmout/+1.118598e-01
2026.109.09:13:00/gps-maser/+1.178033e-01
2026.109.09:14:00/gps-fmout/+1.120344e-01
2026.109.09:14:00/gps-maser/+1.178033e-01
2026.109.09:15:00/gps-fmout/+1.122068e-01
2026.109.09:15:00/gps-maser/+1.178033e-01
2026.109.09:16:00/gps-fmout/+1.123768e-01
2026.109.09:16:00/gps-maser/+1.178033e-01
2026.109.09:17:00/gps-fmout/+1.125444e-01
2026.109.09:17:00/gps-maser/+1.178033e-01
2026.109.09:18:00/gps-fmout/+1.127098e-01
2026.109.09:18:00/gps-maser/+1.178033e-01
2026.109.09:19:00/gps-fmout/+1.128728e-01
2026.109.09:19:00/gps-maser/+1.178033e-01
2026.109.09:20:00/gps-fmout/+1.130334e-01
2026.109.09:20:00/gps-maser/+1.178033e-01
2026.109.09:21:00/gps-fmout/+1.131916e-01
2026.109.09:21:00/gps-maser/+1.178033e-01
2026.109.09:22:00/gps-fmout/+1.133475e-01
2026.109.09:22:00/gps-maser/+1.178032e-01
2026.109.09:23:00/gps-fmout/+1.135009e-01
2026.109.09:23:00/gps-maser/+1.178033e-01
2026.109.09:24:00/gps-fmout/+1.136520e-01
2026.109.09:24:00/gps-maser/+1.178033e-01
2026.109.09:25:00/gps-fmout/+1.138005e-01
2026.109.09:25:00/gps-maser/+1.178032e-01
2026.109.09:26:00/gps-fmout/+1.139467e-01
2026.109.09:26:00/gps-maser/+1.178032e-01
2026.109.09:27:00/gps-fmout/+1.140904e-01
2026.109.09:27:00/gps-maser/+1.178032e-01
2026.109.09:28:00/gps-fmout/+1.142316e-01
2026.109.09:28:00/gps-maser/+1.178032e-01
2026.109.09:29:00/gps-fmout/+1.143703e-01
2026.109.09:29:00/gps-maser/+1.178032e-01
2026.109.09:30:00/gps-fmout/+1.145065e-01
2026.109.09:30:00/gps-maser/+1.178032e-01
2026.109.09:31:00/gps-fmout/+1.146402e-01
2026.109.09:31:00/gps-maser/+1.178032e-01
2026.109.09:32:00/gps-fmout/+1.147714e-01
2026.109.09:32:00/gps-maser/+1.178032e-01
2026.109.09:33:00/gps-fmout/+1.149001e-01
2026.109.09:33:00/gps-maser/+1.178032e-01
2026.109.09:34:00/gps-fmout/+1.150262e-01
2026.109.09:34:00/gps-maser/+1.178032e-01
2026.109.09:35:00/gps-fmout/+1.151497e-01
2026.109.09:35:00/gps-maser/+1.178032e-01
2026.109.09:36:00/gps-fmout/+1.152707e-01
2026.109.09:36:00/gps-maser/+1.178032e-01
2026.109.09:37:00/gps-fmout/+1.153890e-01
2026.109.09:37:00/gps-maser/+1.178032e-01
2026.109.09:38:00/gps-fmout/+1.155048e-01
2026.109.09:38:00/gps-maser/+1.178032e-01
2026.109.09:39:00/gps-fmout/+1.156179e-01
2026.109.09:39:00/gps-maser/+1.178032e-01
2026.109.09:40:00/gps-fmout/+1.157284e-01
2026.109.09:40:00/gps-maser/+1.178032e-01
2026.109.09:41:00/gps-fmout/+1.158362e-01
2026.109.09:41:00/gps-maser/+1.178032e-01
2026.109.09:42:00/gps-fmout/+1.159414e-01
2026.109.09:42:00/gps-maser/+1.178032e-01
2026.109.09:43:00/gps-fmout/+1.160440e-01
2026.109.09:43:00/gps-maser/+1.178032e-01
2026.109.09:44:00/gps-fmout/+1.161438e-01
2026.109.09:44:00/gps-maser/+1.178032e-01
2026.109.09:45:00/gps-fmout/+1.162409e-01
2026.109.09:45:00/gps-maser/+1.178032e-01
2026.109.09:46:00/gps-fmout/+1.163354e-01
2026.109.09:46:00/gps-maser/+1.178032e-01
2026.109.09:47:00/gps-fmout/+1.164271e-01
2026.109.09:47:00/gps-maser/+1.178032e-01
2026.109.09:48:00/gps-fmout/+1.165160e-01
2026.109.09:48:00/gps-maser/+1.178032e-01
2026.109.09:49:00/gps-fmout/+1.166023e-01
2026.109.09:49:00/gps-maser/+1.178033e-01
2026.109.09:50:00/gps-fmout/+1.166857e-01
2026.109.09:50:00/gps-maser/+1.178033e-01
2026.109.09:51:00/gps-fmout/+1.167664e-01
2026.109.09:51:00/gps-maser/+1.178033e-01
2026.109.09:52:00/gps-fmout/+1.168443e-01
2026.109.09:52:00/gps-maser/+1.178033e-01
2026.109.09:53:00/gps-fmout/+1.169193e-01
2026.109.09:53:00/gps-maser/+1.178033e-01
2026.109.09:54:00/gps-fmout/+1.169916e-01
2026.109.09:54:00/gps-maser/+1.178033e-01
2026.109.09:55:00/gps-fmout/+1.170610e-01
2026.109.09:55:00/gps-maser/+1.178033e-01
2026.109.09:56:00/gps-fmout/+1.171276e-01
2026.109.09:56:00/gps-maser/+1.178032e-01
2026.109.09:57:00/gps-fmout/+1.171913e-01
2026.109.09:57:00/gps-maser/+1.178032e-01
2026.109.09:58:00/gps-fmout/+1.172522e-01
2026.109.09:58:00/gps-maser/+1.178032e-01
2026.109.09:59:00/gps-fmout/+1.173101e-01
2026.109.09:59:00/gps-maser/+1.178033e-01
2026.109.10:00:00/gps-fmout/+1.173652e-01
2026.109.10:00:00/gps-maser/+1.178032e-01
2026.109.10:01:00/gps-fmout/+1.174174e-01
2026.109.10:01:00/gps-maser/+1.178032e-01
2026.109.10:02:00/gps-fmout/+1.174666e-01
2026.109.10:02:00/gps-maser/+1.178032e-01
2026.109.10:03:00/gps-fmout/+1.175129e-01
2026.109.10:03:00/gps-maser/+1.178032e-01
2026.109.10:04:00/gps-fmout/+1.175562e-01
2026.109.10:04:00/gps-maser/+1.178032e-01
2026.109.10:05:00/gps-fmout/+1.175966e-01
2026.109.10:05:00/gps-maser/+1.178032e-01
2026.109.10:06:00/gps-fmout/+1.176340e-01
2026.109.10:06:00/gps-maser/+1.178032e-01
2026.109.10:07:00/gps-fmout/+1.176684e-01
2026.109.10:07:00/gps-maser/+1.178032e-01
2026.109.10:08:00/gps-fmout/+1.176999e-01
2026.109.10:08:00/gps-maser/+1.178033e-01
2026.109.10:09:00/gps-fmout/+1.177283e-01
2026.109.10:09:00/gps-maser/+1.178033e-01
2026.109.10:10:00/gps-fmout/+1.177536e-01
2026.109.10:10:00/gps-maser/+1.178033e-01
2026.109.10:11:00/gps-fmout/+1.177759e-01
2026.109.10:11:00/gps-maser/+1.178033e-01
2026.109.10:12:00/gps-fmout/+1.177952e-01
2026.109.10:12:00/gps-maser/+1.178033e-01
2026.109.10:13:00/gps-fmout/+1.177935e-01
2026.109.10:13:00/gps-maser/+1.178033e-01
2026.109.10:14:00/gps-fmout/+1.177922e-01
2026.109.10:14:00/gps-maser/+1.178033e-01
2026.109.10:15:00/gps-fmout/+1.178032e-01
2026.109.10:15:00/gps-maser/+1.178033e-01
2026.109.10:16:00/gps-fmout/+1.178032e-01
2026.109.10:16:00/gps-maser/+1.178033e-01
2026.109.10:17:00/gps-fmout/+1.178032e-01
2026.109.10:17:00/gps-maser/+1.178033e-01
2026.109.10:18:00/gps-fmout/+1.178032e-01
2026.109.10:18:00/gps-maser/+1.178033e-01
2026.109.10:19:00/gps-fmout/+1.178032e-01
2026.109.10:19:00/gps-maser/+1.178033e-01
2026.109.10:20:00/gps-fmout/+1.178032e-01
2026.109.10:20:00/gps-maser/+1.178033e-01
2026.109.10:21:00/gps-fmout/+1.178032e-01
2026.109.10:21:00/gps-maser/+1.178033e-01
2026.109.10:22:00/gps-fmout/+1.178032e-01
2026.109.10:22:00/gps-maser/+1.178033e-01
2026.109.10:23:00/gps-fmout/+1.178032e-01
2026.109.10:23:00/gps-maser/+1.178033e-01
2026.109.10:24:00/gps-fmout/+1.178032e-01
2026.109.10:24:00/gps-maser/+1.178033e-01
2026.109.10:25:00/gps-fmout/+1.178032e-01
2026.109.10:25:00/gps-maser/+1.178033e-01
2026.109.10:26:00/gps-fmout/+1.178032e-01
2026.109.10:26:00/gps-maser/+1.178033e-01
2026.109.10:27:00/gps-fmout/+1.178032e-01
2026.109.10:27:00/gps-maser/+1.178033e-01
2026.109.10:28:00/gps-fmout/+1.178032e-01
2026.109.10:28:00/gps-maser/+1.178033e-01
2026.109.10:29:00/gps-fmout/+1.178032e-01
2026.109.10:29:00/gps-maser/+1.178033e-01
2026.109.10:30:00/gps-fmout/+1.178032e-01
2026.109.10:30:00/gps-maser/+1.178033e-01
2026.109.10:31:00/gps-fmout/+1.178032e-01
2026.109.10:31:00/gps-maser/+1.178033e-01
2026.109.10:32:00/gps-fmout/+1.178032e-01
2026.109.10:32:00/gps-maser/+1.178033e-01
2026.109.10:33:00/gps-fmout/+1.178032e-01
2026.109.10:33:00/gps-maser/+1.178033e-01
2026.109.10:34:00/gps-fmout/+1.178032e-01
2026.109.10:34:00/gps-maser/+1.178033e-01
2026.109.10:35:00/gps-fmout/+1.178032e-01
2026.109.10:35:00/gps-maser/+1.178033e-01
2026.109.10:36:00/gps-fmout/+1.178032e-01
2026.109.10:36:00/gps-maser/+1.178033e-01
2026.109.10:37:00/gps-fmout/+1.178032e-01
2026.109.10:37:00/gps-maser/+1.178033e-01
2026.109.10:38:00/gps-fmout/+1.178032e-01
2026.109.10:38:00/gps-maser/+1.178033e-01
2026.109.10:39:00/gps-fmout/+1.178032e-01
2026.109.10:39:00/gps-maser/+1.178033e-01
2026.109.10:40:00/gps-fmout/+1.178032e-01
2026.109.10:40:00/gps-maser/+1.178033e-01
2026.109.10:41:00/gps-fmout/+1.178032e-01
2026.109.10:41:00/gps-maser/+1.178033e-01
2026.109.10:42:00/gps-fmout/+1.178032e-01
2026.109.10:42:00/gps-maser/+1.178033e-01
2026.109.10:43:00/gps-fmout/+1.178032e-01
2026.109.10:43:00/gps-maser/+1.178033e-01
2026.109.10:44:00/gps-fmout/+1.178032e-01
2026.109.10:44:00/gps-maser/+1.178033e-01
2026.109.10:45:00/gps-fmout/+1.178032e-01
2026.109.10:45:00/gps-maser/+1.178033e-01
2026.109.10:46:00/gps-fmout/+1.178032e-01
2026.109.10:46:00/gps-maser/+1.178033e-01
2026.109.10:47:00/gps-fmout/+1.178032e-01
2026.109.10:47:00/gps-maser/+1.178033e-01
2026.109.10:48:00/gps-fmout/+1.178032e-01
2026.109.10:48:00/gps-maser/+1.178033e-01
2026.109.10:49:00/gps-fmout/+1.178032e-01
2026.109.10:49:00/gps-maser/+1.178033e-01
2026.109.10:50:00/gps-fmout/+1.178032e-01
2026.109.10:50:00/gps-maser/+1.178033e-01
2026.109.10:51:00/gps-fmout/+1.178032e-01
2026.109.10:51:00/gps-maser/+1.178033e-01
2026.109.10:52:00/gps-fmout/+1.178032e-01
2026.109.10:52:00/gps-maser/+1.178033e-01
2026.109.10:53:00/gps-fmout/+1.178032e-01
2026.109.10:53:00/gps-maser/+1.178033e-01
2026.109.10:54:00/gps-fmout/+1.178032e-01
2026.109.10:54:00/gps-maser/+1.178033e-01
2026.109.10:55:00/gps-fmout/+1.178032e-01
2026.109.10:55:00/gps-maser/+1.178033e-01
2026.109.10:56:00/gps-fmout/+1.178032e-01
2026.109.10:56:00/gps-maser/+1.178033e-01
2026.109.10:57:00/gps-fmout/+1.178032e-01
2026.109.10:57:00/gps-maser/+1.178033e-01
2026.109.10:58:00/gps-fmout/+1.178032e-01
2026.109.10:58:00/gps-maser/+1.178033e-01
2026.109.10:59:00/gps-fmout/+1.178032e-01
2026.109.10:59:00/gps-maser/+1.178033e-01
2026.109.11:00:00/gps-fmout/+1.178032e-01
2026.109.11:00:00/gps-maser/+1.178033e-01
2026.109.11:01:00/gps-fmout/+1.178032e-01
2026.109.11:01:00/gps-maser/+1.178033e-01
2026.109.11:02:00/gps-fmout/+1.178032e-01
2026.109.11:02:00/gps-maser/+1.178033e-01
2026.109.11:03:00/gps-fmout/+1.178032e-01
2026.109.11:03:00/gps-maser/+1.178033e-01
2026.109.11:04:00/gps-fmout/+1.178032e-01
2026.109.11:04:00/gps-maser/+1.178033e-01
2026.109.11:05:00/gps-fmout/+1.178032e-01
2026.109.11:05:00/gps-maser/+1.178033e-01
2026.109.11:06:00/gps-fmout/+1.178032e-01
2026.109.11:06:00/gps-maser/+1.178033e-01
2026.109.11:07:00/gps-fmout/+1.178032e-01
2026.109.11:07:00/gps-maser/+1.178033e-01
2026.109.11:08:00/gps-fmout/+1.178032e-01
2026.109.11:08:00/gps-maser/+1.178033e-01
2026.109.11:09:00/gps-fmout/+1.178032e-01
2026.109.11:09:00/gps-maser/+1.178033e-01
2026.109.11:10:00/gps-fmout/+1.178032e-01
2026.109.11:10:00/gps-maser/+1.178033e-01
2026.109.11:11:00/gps-fmout/+1.178032e-01
2026.109.11:11:00/gps-maser/+1.178033e-01
2026.109.11:12:00/gps-fmout/+1.178032e-01
2026.109.11:12:00/gps-maser/+1.178033e-01
2026.109.11:13:00/gps-fmout/+1.178032e-01
2026.109.11:13:00/gps-maser/+1.178033e-01
2026.109.11:14:00/gps-fmout/+1.178032e-01
2026.109.11:14:00/gps-maser/+1.178033e-01
2026.109.11:15:00/gps-fmout/+1.178032e-01
2026.109.11:15:00/gps-maser/+1.178033e-01
2026.109.11:16:00/gps-fmout/+1.178032e-01
2026.109.11:16:00/gps-maser/+1.178033e-01
2026.109.11:17:00/gps-fmout/+1.178032e-01
2026.109.11:17:00/gps-maser/+1.178033e-01
2026.109.11:18:00/gps-fmout/+1.178032e-01
2026.109.11:18:00/gps-maser/+1.178033e-01
2026.109.11:19:00/gps-fmout/+1.178032e-01
2026.109.11:19:00/gps-maser/+1.178033e-01
2026.109.11:20:00/gps-fmout/+1.178032e-01
2026.109.11:20:00/gps-maser/+1.178033e-01
2026.109.11:21:00/gps-fmout/+1.178032e-01
2026.109.11:21:00/gps-maser/+1.178033e-01
2026.109.11:22:00/gps-fmout/+1.178032e-01
2026.109.11:22:00/gps-maser/+1.178033e-01
2026.109.11:23:00/gps-fmout/+1.178032e-01
2026.109.11:23:00/gps-maser/+1.178033e-01
2026.109.11:24:00/gps-fmout/+1.178032e-01
2026.109.11:24:00/gps-maser/+1.178033e-01
2026.109.11:25:00/gps-fmout/+1.178032e-01
2026.109.11:25:00/gps-maser/+1.178033e-01
2026.109.11:26:00/gps-fmout/+1.178032e-01
2026.109.11:26:00/gps-maser/+1.178033e-01
2026.109.11:27:00/gps-fmout/+1.178032e-01
2026.109.11:27:00/gps-maser/+1.178033e-01
2026.109.11:28:00/gps-fmout/+1.178032e-01
2026.109.11:28:00/gps-maser/+1.178033e-01
2026.109.11:29:00/gps-fmout/+1.178032e-01
2026.109.11:29:00/gps-maser/+1.178033e-01
2026.109.11:30:00/gps-fmout/+1.178032e-01
2026.109.11:30:00/gps-maser/+1.178033e-01
2026.109.11:31:00/gps-fmout/+1.178032e-01
2026.109.11:31:00/gps-maser/+1.178033e-01
2026.109.11:32:00/gps-fmout/+1.178032e-01
2026.109.11:32:00/gps-maser/+1.178033e-01
2026.109.11:33:00/gps-fmout/+1.178032e-01
2026.109.11:33:00/gps-maser/+1.178033e-01
2026.109.11:34:00/gps-fmout/+1.178032e-01
2026.109.11:34:00/gps-maser/+1.178033e-01
2026.109.11:35:00/gps-fmout/+1.178032e-01
2026.109.11:35:00/gps-maser/+1.178033e-01
2026.109.11:36:00/gps-fmout/+1.178032e-01
2026.109.11:36:00/gps-maser/+1.178033e-01
2026.109.11:37:00/gps-fmout/+1.178032e-01
2026.109.11:37:00/gps-maser/+1.178033e-01
2026.109.11:38:00/gps-fmout/+1.178032e-01
2026.109.11:38:00/gps-maser/+1.178033e-01
2026.109.11:39:00/gps-fmout/+1.178032e-01
2026.109.11:39:00/gps-maser/+1.178033e-01
2026.109.11:40:00/gps-fmout/+1.178032e-01
2026.109.11:40:00/gps-maser/+1.178033e-01
2026.109.11:41:00/gps-fmout/+1.178032e-01
2026.109.11:41:00/gps-maser/+1.178033e-01
2026.109.11:42:00/gps-fmout/+1.178032e-01
2026.109.11:42:00/gps-maser/+1.178033e-01
2026.109.11:43:00/gps-fmout/+1.178032e-01
2026.109.11:43:00/gps-maser/+1.178033e-01
2026.109.11:44:00/gps-fmout/+1.178032e-01
2026.109.11:44:00/gps-maser/+1.178033e-01
2026.109.11:45:00/gps-fmout/+1.178032e-01
2026.109.11:45:00/gps-maser/+1.178033e-01
2026.109.11:46:00/gps-fmout/+1.178032e-01
2026.109.11:46:00/gps-maser/+1.178033e-01
2026.109.11:47:00/gps-fmout/+1.178032e-01
2026.109.11:47:00/gps-maser/+1.178033e-01
2026.109.11:48:00/gps-fmout/+1.178032e-01
2026.109.11:48:00/gps-maser/+1.178033e-01
2026.109.11:49:00/gps-fmout/+1.178032e-01
2026.109.11:49:00/gps-maser/+1.178033e-01
2026.109.11:50:00/gps-fmout/+1.178032e-01
2026.109.11:50:00/gps-maser/+1.178033e-01
2026.109.11:51:00/gps-fmout/+1.178032e-01
2026.109.11:51:00/gps-maser/+1.178033e-01
2026.109.11:52:00/gps-fmout/+1.178032e-01
2026.109.11:52:00/gps-maser/+1.178033e-01
2026.109.11:53:00/gps-fmout/+1.178032e-01
2026.109.11:53:00/gps-maser/+1.178033e-01
2026.109.11:54:00/gps-fmout/+1.178032e-01
2026.109.11:54:00/gps-maser/+1.178033e-01
2026.109.11:55:00/gps-fmout/+1.178032e-01
2026.109.11:55:00/gps-maser/+1.178033e-01
2026.109.11:56:00/gps-fmout/+1.178032e-01
2026.109.11:56:00/gps-maser/+1.178033e-01
2026.109.11:57:00/gps-fmout/+1.178032e-01
2026.109.11:57:00/gps-maser/+1.178033e-01
2026.109.11:58:00/gps-fmout/+1.178032e-01
2026.109.11:58:00/gps-maser/+1.178033e-01
2026.109.11:59:00/gps-fmout/+1.178032e-01
2026.109.11:59:00/gps-maser/+1.178033e-01
2026.109.12:00:00/gps-fmout/+1.178032e-01
2026.109.12:00:00/gps-maser/+1.178033e-01
2026.109.12:01:00/gps-fmout/+1.178032e-01
2026.109.12:01:00/gps-maser/+1.178033e-01
2026.109.12:02:00/gps-fmout/+1.178032e-01
2026.109.12:02:00/gps-maser/+1.178033e-01
2026.109.12:03:00/gps-fmout/+1.178032e-01
2026.109.12:03:00/gps-maser/+1.178033e-01
2026.109.12:04:00/gps-fmout/+1.178032e-01
2026.109.12:04:00/gps-maser/+1.178033e-01
2026.109.12:05:00/gps-fmout/+1.178032e-01
2026.109.12:05:00/gps-maser/+1.178033e-01
2026.109.12:06:00/gps-fmout/+1.178032e-01
2026.109.12:06:00/gps-maser/+1.178033e-01
2026.109.12:07:00/gps-fmout/+1.178032e-01
2026.109.12:07:00/gps-maser/+1.178033e-01
2026.109.12:08:00/gps-fmout/+1.178032e-01
2026.109.12:08:00/gps-maser/+1.178033e-01
2026.109.12:09:00/gps-fmout/+1.178032e-01
2026.109.12:09:00/gps-maser/+1.178033e-01
2026.109.12:10:00/gps-fmout/+1.178032e-01
2026.109.12:10:00/gps-maser/+1.178033e-01
2026.109.12:11:00/gps-fmout/+1.178032e-01
2026.109.12:11:00/gps-maser/+1.178033e-01
2026.109.12:12:00/gps-fmout/+1.178032e-01
2026.109.12:12:00/gps-maser/+1.178033e-01
2026.109.12:13:00/gps-fmout/+1.178032e-01
2026.109.12:13:00/gps-maser/+1.178033e-01
2026.109.12:14:00/gps-fmout/+1.178032e-01
2026.109.12:14:00/gps-maser/+1.178033e-01
2026.109.12:15:00/gps-fmout/+1.178032e-01
2026.109.12:15:00/gps-maser/+1.178033e-01
2026.109.12:16:00/gps-fmout/+1.178032e-01
2026.109.12:16:00/gps-maser/+1.178033e-01
2026.109.12:17:00/gps-fmout/+1.178032e-01
2026.109.12:17:00/gps-maser/+1.178033e-01
2026.109.12:18:00/gps-fmout/+1.178032e-01
2026.109.12:18:00/gps-maser/+1.178033e-01
2026.109.12:19:00/gps-fmout/+1.178032e-01
2026.109.12:19:00/gps-maser/+1.178033e-01
2026.109.12:20:00/gps-fmout/+1.178032e-01
2026.109.12:20:00/gps-maser/+1.178033e-01
2026.109.12:21:00/gps-fmout/+1.178032e-01
2026.109.12:21:00/gps-maser/+1.178033e-01
2026.109.12:22:00/gps-fmout/+1.178032e-01
2026.109.12:22:00/gps-maser/+1.178033e-01
2026.109.12:23:00/gps-fmout/+1.178032e-01
2026.109.12:23:00/gps-maser/+1.178033e-01
2026.109.12:24:00/gps-fmout/+1.178032e-01
2026.109.12:24:00/gps-maser/+1.178033e-01
2026.109.12:25:00/gps-fmout/+1.178032e-01
2026.109.12:25:00/gps-maser/+1.178033e-01
2026.109.12:26:00/gps-fmout/+1.178032e-01
2026.109.12:26:00/gps-maser/+1.178033e-01
2026.109.12:27:00/gps-fmout/+1.178032e-01
2026.109.12:27:00/gps-maser/+1.178033e-01
2026.109.12:28:00/gps-fmout/+1.178032e-01
2026.109.12:28:00/gps-maser/+1.178033e-01
2026.109.12:29:00/gps-fmout/+1.178032e-01
2026.109.12:29:00/gps-maser/+1.178033e-01
2026.109.12:30:00/gps-fmout/+1.178032e-01
2026.109.12:30:00/gps-maser/+1.178033e-01
2026.109.12:31:00/gps-fmout/+1.178032e-01
2026.109.12:31:00/gps-maser/+1.178033e-01
2026.109.12:32:00/gps-fmout/+1.178032e-01
2026.109.12:32:00/gps-maser/+1.178033e-01
2026.109.12:33:00/gps-fmout/+1.178032e-01
2026.109.12:33:00/gps-maser/+1.178033e-01
2026.109.12:34:00/gps-fmout/+1.178032e-01
2026.109.12:34:00/gps-maser/+1.178033e-01
2026.109.12:35:00/gps-fmout/+1.178032e-01
2026.109.12:35:00/gps-maser/+1.178033e-01
2026.109.12:36:00/gps-fmout/+1.178032e-01
2026.109.12:36:00/gps-maser/+1.178033e-01
2026.109.12:37:00/gps-fmout/+1.178032e-01
2026.109.12:37:00/gps-maser/+1.178033e-01
2026.109.12:38:00/gps-fmout/+1.178032e-01
2026.109.12:38:00/gps-maser/+1.178033e-01
2026.109.12:39:00/gps-fmout/+1.178032e-01
2026.109.12:39:00/gps-maser/+1.178033e-01
2026.109.12:40:00/gps-fmout/+1.178032e-01
2026.109.12:40:00/gps-maser/+1.178033e-01
2026.109.12:41:00/gps-fmout/+1.178032e-01
2026.109.12:41:00/gps-maser/+1.178033e-01
2026.109.12:42:00/gps-fmout/+1.178032e-01
2026.109.12:42:00/gps-maser/+1.178033e-01
2026.109.12:43:00/gps-fmout/+1.178032e-01
2026.109.12:43:00/gps-maser/+1.178033e-01
2026.109.12:44:00/gps-fmout/+1.178032e-01
2026.109.12:44:00/gps-maser/+1.178033e-01
2026.109.12:45:00/gps-fmout/+1.178032e-01
2026.109.12:45:00/gps-maser/+1.178033e-01
2026.109.12:46:00/gps-fmout/+1.178032e-01
2026.109.12:46:00/gps-maser/+1.178033e-01
2026.109.12:47:00/gps-fmout/+1.178032e-01
2026.109.12:47:00/gps-maser/+1.178033e-01
2026.109.12:48:00/gps-fmout/+1.178032e-01
2026.109.12:48:00/gps-maser/+1.178033e-01
2026.109.12:49:00/gps-fmout/+1.178032e-01
2026.109.12:49:00/gps-maser/+1.178033e-01
2026.109.12:50:00/gps-fmout/+1.178032e-01
2026.109.12:50:00/gps-maser/+1.178033e-01
2026.109.12:51:00/gps-fmout/+1.178032e-01
2026.109.12:51:00/gps-maser/+1.178033e-01
2026.109.12:52:00/gps-fmout/+1.178032e-01
2026.109.12:52:00/gps-maser/+1.178033e-01
2026.109.12:53:00/gps-fmout/+1.178032e-01
2026.109.12:53:00/gps-maser/+1.178033e-01
2026.109.12:54:00/gps-fmout/+1.178032e-01
2026.109.12:54:00/gps-maser/+1.178033e-01
2026.109.12:55:00/gps-fmout/+1.178032e-01
2026.109.12:55:00/gps-maser/+1.178033e-01
2026.109.12:56:00/gps-fmout/+1.178032e-01
2026.109.12:56:00/gps-maser/+1.178033e-01
2026.109.12:57:00/gps-fmout/+1.178032e-01
2026.109.12:57:00/gps-maser/+1.178033e-01
2026.109.12:58:00/gps-fmout/+1.178032e-01
2026.109.12:58:00/gps-maser/+1.178033e-01
2026.109.12:59:00/gps-fmout/+1.178032e-01
2026.109.12:59:00/gps-maser/+1.178033e-01
2026.109.13:00:00/gps-fmout/+1.178032e-01
2026.109.13:00:00/gps-maser/+1.178033e-01
2026.109.13:01:00/gps-fmout/+1.178032e-01
2026.109.13:01:00/gps-maser/+1.178033e-01
2026.109.13:02:00/gps-fmout/+1.178032e-01
2026.109.13:02:00/gps-maser/+1.178033e-01
2026.109.13:03:00/gps-fmout/+1.178032e-01
2026.109.13:03:00/gps-maser/+1.178033e-01
2026.109.13:04:00/gps-fmout/+1.178032e-01
2026.109.13:04:00/gps-maser/+1.178033e-01
2026.109.13:05:00/gps-fmout/+1.178032e-01
2026.109.13:05:00/gps-maser/+1.178033e-01
2026.109.13:06:00/gps-fmout/+1.178032e-01
2026.109.13:06:00/gps-maser/+1.178033e-01
2026.109.13:07:00/gps-fmout/+1.178032e-01
2026.109.13:07:00/gps-maser/+1.178033e-01
2026.109.13:08:00/gps-fmout/+1.178032e-01
2026.109.13:08:00/gps-maser/+1.178033e-01
2026.109.13:09:00/gps-fmout/+1.178032e-01
2026.109.13:09:00/gps-maser/+1.178033e-01
2026.109.13:10:00/gps-fmout/+1.178032e-01
2026.109.13:10:00/gps-maser/+1.178033e-01
2026.109.13:11:00/gps-fmout/+1.178032e-01
2026.109.13:11:00/gps-maser/+1.178033e-01
2026.109.13:12:00/gps-fmout/+1.178032e-01
2026.109.13:12:00/gps-maser/+1.178033e-01
2026.109.13:13:00/gps-fmout/+1.178032e-01
2026.109.13:13:00/gps-maser/+1.178033e-01
2026.109.13:14:00/gps-fmout/+1.178032e-01
2026.109.13:14:00/gps-maser/+1.178033e-01
2026.109.13:15:00/gps-fmout/+1.178032e-01
2026.109.13:15:00/gps-maser/+1.178033e-01
2026.109.13:16:00/gps-fmout/+1.178032e-01
2026.109.13:16:00/gps-maser/+1.178033e-01
2026.109.13:17:00/gps-fmout/+1.178032e-01
2026.109.13:17:00/gps-maser/+1.178033e-01
2026.109.13:18:00/gps-fmout/+1.178032e-01
2026.109.13:18:00/gps-maser/+1.178033e-01
2026.109.13:19:00/gps-fmout/+1.178032e-01
2026.109.13:19:00/gps-maser/+1.178033e-01
2026.109.13:20:00/gps-fmout/+1.178032e-01
2026.109.13:20:00/gps-maser/+1.178033e-01
2026.109.13:21:00/gps-fmout/+1.178032e-01
2026.109.13:21:00/gps-maser/+1.178033e-01
2026.109.13:22:00/gps-fmout/+1.178032e-01
2026.109.13:22:00/gps-maser/+1.178033e-01
2026.109.13:23:00/gps-fmout/+1.178032e-01
2026.109.13:23:00/gps-maser/+1.178033e-01
2026.109.13:24:00/gps-fmout/+1.178032e-01
2026.109.13:24:00/gps-maser/+1.178033e-01
2026.109.13:25:00/gps-fmout/+1.178032e-01
2026.109.13:25:00/gps-maser/+1.178033e-01
2026.109.13:26:00/gps-fmout/+1.178032e-01
2026.109.13:26:00/gps-maser/+1.178033e-01
2026.109.13:27:00/gps-fmout/+1.178032e-01
2026.109.13:27:00/gps-maser/+1.178033e-01
2026.109.13:28:00/gps-fmout/+1.178032e-01
2026.109.13:28:00/gps-maser/+1.178033e-01
2026.109.13:29:00/gps-fmout/+1.178032e-01
2026.109.13:29:00/gps-maser/+1.178033e-01
2026.109.13:30:00/gps-fmout/+1.178032e-01
2026.109.13:30:00/gps-maser/+1.178033e-01
2026.109.13:31:00/gps-fmout/+1.178032e-01
2026.109.13:31:00/gps-maser/+1.178033e-01
2026.109.13:32:00/gps-fmout/+1.178032e-01
2026.109.13:32:00/gps-maser/+1.178033e-01
2026.109.13:33:00/gps-fmout/+1.178032e-01
2026.109.13:33:00/gps-maser/+1.178033e-01
2026.109.13:34:00/gps-fmout/+1.178032e-01
2026.109.13:34:00/gps-maser/+1.178033e-01
2026.109.13:35:00/gps-fmout/+1.178032e-01
2026.109.13:35:00/gps-maser/+1.178033e-01
2026.109.13:36:00/gps-fmout/+1.178032e-01
2026.109.13:36:00/gps-maser/+1.178033e-01
2026.109.13:37:00/gps-fmout/+1.178032e-01
2026.109.13:37:00/gps-maser/+1.178033e-01
2026.109.13:38:00/gps-fmout/+1.178032e-01
2026.109.13:38:00/gps-maser/+1.178033e-01
2026.109.13:39:00/gps-fmout/+1.178032e-01
2026.109.13:39:00/gps-maser/+1.178033e-01
2026.109.13:40:00/gps-fmout/+1.178032e-01
2026.109.13:40:00/gps-maser/+1.178033e-01
2026.109.13:41:00/gps-fmout/+1.178032e-01
2026.109.13:41:00/gps-maser/+1.178033e-01
2026.109.13:42:00/gps-fmout/+1.178032e-01
2026.109.13:42:00/gps-maser/+1.178033e-01
2026.109.13:43:00/gps-fmout/+1.178032e-01
2026.109.13:43:00/gps-maser/+1.178033e-01
2026.109.13:44:00/gps-fmout/+1.178032e-01
2026.109.13:44:00/gps-maser/+1.178033e-01
2026.109.13:45:00/gps-fmout/+1.178032e-01
2026.109.13:45:00/gps-maser/+1.178033e-01
2026.109.13:46:00/gps-fmout/+1.178032e-01
2026.109.13:46:00/gps-maser/+1.178033e-01
2026.109.13:47:00/gps-fmout/+1.178032e-01
2026.109.13:47:00/gps-maser/+1.178033e-01
2026.109.13:48:00/gps-fmout/+1.178032e-01
2026.109.13:48:00/gps-maser/+1.178033e-01
2026.109.13:49:00/gps-fmout/+1.178032e-01
2026.109.13:49:00/gps-maser/+1.178033e-01
2026.109.13:50:00/gps-fmout/+1.178032e-01
2026.109.13:50:00/gps-maser/+1.178033e-01
2026.109.13:51:00/gps-fmout/+1.178032e-01
2026.109.13:51:00/gps-maser/+1.178033e-01
2026.109.13:52:00/gps-fmout/+1.178032e-01
2026.109.13:52:00/gps-maser/+1.178033e-01
2026.109.13:53:00/gps-fmout/+1.178032e-01
2026.109.13:53:00/gps-maser/+1.178033e-01
2026.109.13:54:00/gps-fmout/+1.178032e-01
2026.109.13:54:00/gps-maser/+1.178033e-01
2026.109.13:55:00/gps-fmout/+1.178032e-01
2026.109.13:55:00/gps-maser/+1.178033e-01
2026.109.13:56:00/gps-fmout/+1.178032e-01
2026.109.13:56:00/gps-maser/+1.178033e-01
2026.109.13:57:00/gps-fmout/+1.178032e-01
2026.109.13:57:00/gps-maser/+1.178033e-01
2026.109.13:58:00/gps-fmout/+1.178032e-01
2026.109.13:58:00/gps-maser/+1.178033e-01
2026.109.13:59:00/gps-fmout/+1.178032e-01
2026.109.13:59:00/gps-maser/+1.178033e-01
2026.109.14:00:00/gps-fmout/+1.178032e-01
2026.109.14:00:00/gps-maser/+1.178033e-01
2026.109.14:01:00/gps-fmout/+1.178032e-01
2026.109.14:01:00/gps-maser/+1.178033e-01
2026.109.14:02:00/gps-fmout/+1.178032e-01
2026.109.14:02:00/gps-maser/+1.178033e-01
2026.109.14:03:00/gps-fmout/+1.178032e-01
2026.109.14:03:00/gps-maser/+1.178033e-01
2026.109.14:04:00/gps-fmout/+1.178032e-01
2026.109.14:04:00/gps-maser/+1.178033e-01
2026.109.14:05:00/gps-fmout/+1.178032e-01
2026.109.14:05:00/gps-maser/+1.178033e-01
2026.109.14:06:00/gps-fmout/+1.178032e-01
2026.109.14:06:00/gps-maser/+1.178033e-01
2026.109.14:07:00/gps-fmout/+1.178032e-01
2026.109.14:07:00/gps-maser/+1.178033e-01
2026.109.14:08:00/gps-fmout/+1.178032e-01
2026.109.14:08:00/gps-maser/+1.178033e-01
2026.109.14:09:00/gps-fmout/+1.178032e-01
2026.109.14:09:00/gps-maser/+1.178033e-01
2026.109.14:10:00/gps-fmout/+1.178032e-01
2026.109.14:10:00/gps-maser/+1.178033e-01
2026.109.14:11:00/gps-fmout/+1.178032e-01
2026.109.14:11:00/gps-maser/+1.178033e-01
2026.109.14:12:00/gps-fmout/+1.178032e-01
2026.109.14:12:00/gps-maser/+1.178033e-01
2026.109.14:13:00/gps-fmout/+1.178032e-01
2026.109.14:13:00/gps-maser/+1.178033e-01
2026.109.14:14:00/gps-fmout/+1.178032e-01
2026.109.14:14:00/gps-maser/+1.178033e-01
2026.109.14:15:00/gps-fmout/+1.178032e-01
2026.109.14:15:00/gps-maser/+1.178033e-01
2026.109.14:16:00/gps-fmout/+1.178032e-01
2026.109.14:16:00/gps-maser/+1.178033e-01
2026.109.14:17:00/gps-fmout/+1.178032e-01
2026.109.14:17:00/gps-maser/+1.178033e-01
2026.109.14:18:00/gps-fmout/+1.178032e-01
2026.109.14:18:00/gps-maser/+1.178033e-01
2026.109.14:19:00/gps-fmout/+1.178032e-01
2026.109.14:19:00/gps-maser/+1.178033e-01
2026.109.14:20:00/gps-fmout/+1.178032e-01
2026.109.14:20:00/gps-maser/+1.178033e-01
2026.109.14:21:00/gps-fmout/+1.178032e-01
2026.109.14:21:00/gps-maser/+1.178033e-01
2026.109.14:22:00/gps-fmout/+1.178032e-01
2026.109.14:22:00/gps-maser/+1.178033e-01
2026.109.14:23:00/gps-fmout/+1.178032e-01
2026.109.14:23:00/gps-maser/+1.178033e-01
2026.109.14:24:00/gps-fmout/+1.178032e-01
2026.109.14:24:00/gps-maser/+1.178033e-01
2026.109.14:25:00/gps-fmout/+1.178032e-01
2026.109.14:25:00/gps-maser/+1.178033e-01
2026.109.14:26:00/gps-fmout/+1.178032e-01
2026.109.14:26:00/gps-maser/+1.178033e-01
2026.109.14:27:00/gps-fmout/+1.178032e-01
2026.109.14:27:00/gps-maser/+1.178033e-01
2026.109.14:28:00/gps-fmout/+1.178032e-01
2026.109.14:28:00/gps-maser/+1.178033e-01
2026.109.14:29:00/gps-fmout/+1.178032e-01
2026.109.14:29:00/gps-maser/+1.178033e-01
2026.109.14:30:00/gps-fmout/+1.178032e-01
2026.109.14:30:00/gps-maser/+1.178033e-01
2026.109.14:31:00/gps-fmout/+1.178032e-01
2026.109.14:31:00/gps-maser/+1.178033e-01
2026.109.14:32:00/gps-fmout/+1.178032e-01
2026.109.14:32:00/gps-maser/+1.178033e-01
2026.109.14:33:00/gps-fmout/+1.178032e-01
2026.109.14:33:00/gps-maser/+1.178033e-01
2026.109.14:34:00/gps-fmout/+1.178032e-01
2026.109.14:34:00/gps-maser/+1.178033e-01
2026.109.14:35:00/gps-fmout/+1.178032e-01
2026.109.14:35:00/gps-maser/+1.178033e-01
2026.109.14:36:00/gps-fmout/+1.178032e-01
2026.109.14:36:00/gps-maser/+1.178033e-01
2026.109.14:37:00/gps-fmout/+1.178032e-01
2026.109.14:37:00/gps-maser/+1.178033e-01
2026.109.14:38:00/gps-fmout/+1.178032e-01
2026.109.14:38:00/gps-maser/+1.178033e-01
2026.109.14:39:00/gps-fmout/+1.178032e-01
2026.109.14:39:00/gps-maser/+1.178033e-01
2026.109.14:40:00/gps-fmout/+1.178032e-01
2026.109.14:40:00/gps-maser/+1.178033e-01
2026.109.14:41:00/gps-fmout/+1.178032e-01
2026.109.14:41:00/gps-maser/+1.178033e-01
2026.109.14:42:00/gps-fmout/+1.178032e-01
2026.109.14:42:00/gps-maser/+1.178033e-01
2026.109.14:43:00/gps-fmout/+1.178032e-01
2026.109.14:43:00/gps-maser/+1.178033e-01
2026.109.14:44:00/gps-fmout/+1.178032e-01
2026.109.14:44:00/gps-maser/+1.178033e-01
2026.109.14:45:00/gps-fmout/+1.178032e-01
2026.109.14:45:00/gps-maser/+1.178033e-01
2026.109.14:46:00/gps-fmout/+1.178032e-01
2026.109.14:46:00/gps-maser/+1.178033e-01
2026.109.14:47:00/gps-fmout/+1.178032e-01
2026.109.14:47:00/gps-maser/+1.178033e-01
2026.109.14:48:00/gps-fmout/+1.178032e-01
2026.109.14:48:00/gps-maser/+1.178033e-01
2026.109.14:49:00/gps-fmout/+1.178032e-01
2026.109.14:49:00/gps-maser/+1.178033e-01
2026.109.14:50:00/gps-fmout/+1.178032e-01
2026.109.14:50:00/gps-maser/+1.178033e-01
2026.109.14:51:00/gps-fmout/+1.178032e-01
2026.109.14:51:00/gps-maser/+1.178033e-01
2026.109.14:52:00/gps-fmout/+1.178032e-01
2026.109.14:52:00/gps-maser/+1.178033e-01
2026.109.14:53:00/gps-fmout/+1.178032e-01
2026.109.14:53:00/gps-maser/+1.178033e-01
2026.109.14:54:00/gps-fmout/+1.178032e-01
2026.109.14:54:00/gps-maser/+1.178033e-01
2026.109.14:55:00/gps-fmout/+1.178032e-01
2026.109.14:55:00/gps-maser/+1.178033e-01
2026.109.14:56:00/gps-fmout/+1.178032e-01
2026.109.14:56:00/gps-maser/+1.178033e-01
2026.109.14:57:00/gps-fmout/+1.178032e-01
2026.109.14:57:00/gps-maser/+1.178033e-01
2026.109.14:58:00/gps-fmout/+1.178032e-01
2026.109.14:58:00/gps-maser/+1.178033e-01
2026.109.14:59:00/gps-fmout/+1.178032e-01
2026.109.14:59:00/gps-maser/+1.178033e-01
2026.109.15:00:00/gps-fmout/+1.178032e-01
2026.109.15:00:00/gps-maser/+1.178033e-01
2026.109.15:01:00/gps-fmout/+1.178032e-01
2026.109.15:01:00/gps-maser/+1.178033e-01
2026.109.15:02:00/gps-fmout/+1.178032e-01
2026.109.15:02:00/gps-maser/+1.178033e-01
2026.109.15:03:00/gps-fmout/+1.178032e-01
2026.109.15:03:00/gps-maser/+1.178033e-01
2026.109.15:04:00/gps-fmout/+1.178032e-01
2026.109.15:04:00/gps-maser/+1.178033e-01
2026.109.15:05:00/gps-fmout/+1.178032e-01
2026.109.15:05:00/gps-maser/+1.178033e-01
2026.109.15:06:00/gps-fmout/+1.178032e-01
2026.109.15:06:00/gps-maser/+1.178033e-01
2026.109.15:07:00/gps-fmout/+1.178032e-01
2026.109.15:07:00/gps-maser/+1.178033e-01
2026.109.15:08:00/gps-fmout/+1.178032e-01
2026.109.15:08:00/gps-maser/+1.178033e-01
2026.109.15:09:00/gps-fmout/+1.178032e-01
2026.109.15:09:00/gps-maser/+1.178033e-01
2026.109.15:10:00/gps-fmout/+1.178032e-01
2026.109.15:10:00/gps-maser/+1.178033e-01
2026.109.15:11:00/gps-fmout/+1.178032e-01
2026.109.15:11:00/gps-maser/+1.178033e-01
2026.109.15:12:00/gps-fmout/+1.178032e-01
2026.109.15:12:00/gps-maser/+1.178033e-01
2026.109.15:13:00/gps-fmout/+1.178032e-01
2026.109.15:13:00/gps-maser/+1.178033e-01
2026.109.15:14:00/gps-fmout/+1.178032e-01
2026.109.15:14:00/gps-maser/+1.178033e-01
2026.109.15:15:00/gps-fmout/+1.178032e-01
2026.109.15:15:00/gps-maser/+1.178033e-01
2026.109.15:16:00/gps-fmout/+1.178032e-01
2026.109.15:16:00/gps-maser/+1.178033e-01
2026.109.15:17:00/gps-fmout/+1.178032e-01
2026.109.15:17:00/gps-maser/+1.178033e-01
2026.109.15:18:00/gps-fmout/+1.178032e-01
2026.109.15:18:00/gps-maser/+1.178033e-01
2026.109.15:19:00/gps-fmout/+1.178032e-01
2026.109.15:19:00/gps-maser/+1.178033e-01
2026.109.15:20:00/gps-fmout/+1.178032e-01
2026.109.15:20:00/gps-maser/+1.178033e-01
2026.109.15:21:00/gps-fmout/+1.178032e-01
2026.109.15:21:00/gps-maser/+1.178033e-01
2026.109.15:22:00/gps-fmout/+1.178032e-01
2026.109.15:22:00/gps-maser/+1.178033e-01
2026.109.15:23:00/gps-fmout/+1.178032e-01
2026.109.15:23:00/gps-maser/+1.178033e-01
2026.109.15:24:00/gps-fmout/+1.178032e-01
2026.109.15:24:00/gps-maser/+1.178033e-01
2026.109.15:25:00/gps-fmout/+1.178032e-01
2026.109.15:25:00/gps-maser/+1.178033e-01
2026.109.15:26:00/gps-fmout/+1.178032e-01
2026.109.15:26:00/gps-maser/+1.178033e-01
2026.109.15:27:00/gps-fmout/+1.178032e-01
2026.109.15:27:00/gps-maser/+1.178033e-01
2026.109.15:28:00/gps-fmout/+1.178032e-01
2026.109.15:28:00/gps-maser/+1.178033e-01
2026.109.15:29:00/gps-fmout/+1.178032e-01
2026.109.15:29:00/gps-maser/+1.178033e-01
2026.109.15:30:00/gps-fmout/+1.178032e-01
2026.109.15:30:00/gps-maser/+1.178033e-01
2026.109.15:31:00/gps-fmout/+1.178032e-01
2026.109.15:31:00/gps-maser/+1.178033e-01
2026.109.15:32:00/gps-fmout/+1.178032e-01
2026.109.15:32:00/gps-maser/+1.178033e-01
2026.109.15:33:00/gps-fmout/+1.178032e-01
2026.109.15:33:00/gps-maser/+1.178033e-01
2026.109.15:34:00/gps-fmout/+1.178032e-01
2026.109.15:34:00/gps-maser/+1.178033e-01
2026.109.15:35:00/gps-fmout/+1.178032e-01
2026.109.15:35:00/gps-maser/+1.178033e-01
2026.109.15:36:00/gps-fmout/+1.178032e-01
2026.109.15:36:00/gps-maser/+1.178033e-01
2026.109.15:37:00/gps-fmout/+1.178032e-01
2026.109.15:37:00/gps-maser/+1.178033e-01
2026.109.15:38:00/gps-fmout/+1.178032e-01
2026.109.15:38:00/gps-maser/+1.178033e-01
2026.109.15:39:00/gps-fmout/+1.178032e-01
2026.109.15:39:00/gps-maser/+1.178033e-01
2026.109.15:40:00/gps-fmout/+1.178032e-01
2026.109.15:40:00/gps-maser/+1.178033e-01
2026.109.15:41:00/gps-fmout/+1.178032e-01
2026.109.15:41:00/gps-maser/+1.178033e-01
2026.109.15:42:00/gps-fmout/+1.178032e-01
2026.109.15:42:00/gps-maser/+1.178033e-01
2026.109.15:43:00/gps-fmout/+1.178032e-01
2026.109.15:43:00/gps-maser/+1.178033e-01
2026.109.15:44:00/gps-fmout/+1.178032e-01
2026.109.15:44:00/gps-maser/+1.178033e-01
2026.109.15:45:00/gps-fmout/+1.178032e-01
2026.109.15:45:00/gps-maser/+1.178033e-01
2026.109.15:46:00/gps-fmout/+1.178032e-01
2026.109.15:46:00/gps-maser/+1.178033e-01
2026.109.15:47:00/gps-fmout/+1.178032e-01
2026.109.15:47:00/gps-maser/+1.178033e-01
2026.109.15:48:00/gps-fmout/+1.178032e-01
2026.109.15:48:00/gps-maser/+1.178033e-01
2026.109.15:49:00/gps-fmout/+1.178032e-01
2026.109.15:49:00/gps-maser/+1.178033e-01
2026.109.15:50:00/gps-fmout/+1.178032e-01
2026.109.15:50:00/gps-maser/+1.178033e-01
2026.109.15:51:00/gps-fmout/+1.178032e-01
2026.109.15:51:00/gps-maser/+1.178033e-01
2026.109.15:52:00/gps-fmout/+1.178032e-01
2026.109.15:52:00/gps-maser/+1.178033e-01
2026.109.15:53:00/gps-fmout/+1.178032e-01
2026.109.15:53:00/gps-maser/+1.178033e-01
2026.109.15:54:00/gps-fmout/+1.178032e-01
2026.109.15:54:00/gps-maser/+1.178033e-01
2026.109.15:55:00/gps-fmout/+1.178032e-01
2026.109.15:55:00/gps-maser/+1.178033e-01
2026.109.15:56:00/gps-fmout/+1.178032e-01
2026.109.15:56:00/gps-maser/+1.178033e-01
2026.109.15:57:00/gps-fmout/+1.178032e-01
2026.109.15:57:00/gps-maser/+1.178033e-01
2026.109.15:58:00/gps-fmout/+1.178032e-01
2026.109.15:58:00/gps-maser/+1.178033e-01
2026.109.15:59:00/gps-fmout/+1.178032e-01
2026.109.15:59:00/gps-maser/+1.178033e-01
2026.109.16:00:00/gps-fmout/+1.178032e-01
2026.109.16:00:00/gps-maser/+1.178033e-01
2026.109.16:01:00/gps-fmout/+1.178032e-01
2026.109.16:01:00/gps-maser/+1.178033e-01
2026.109.16:02:00/gps-fmout/+1.178032e-01
2026.109.16:02:00/gps-maser/+1.178033e-01
2026.109.16:03:00/gps-fmout/+1.178032e-01
2026.109.16:03:00/gps-maser/+1.178033e-01
2026.109.16:04:00/gps-fmout/+1.178032e-01
2026.109.16:04:00/gps-maser/+1.178033e-01
2026.109.16:05:00/gps-fmout/+1.178032e-01
2026.109.16:05:00/gps-maser/+1.178033e-01
2026.109.16:06:00/gps-fmout/+1.178032e-01
2026.109.16:06:00/gps-maser/+1.178033e-01
2026.109.16:07:00/gps-fmout/+1.178032e-01
2026.109.16:07:00/gps-maser/+1.178033e-01
2026.109.16:08:00/gps-fmout/+1.178032e-01
2026.109.16:08:00/gps-maser/+1.178033e-01
2026.109.16:09:00/gps-fmout/+1.178032e-01
2026.109.16:09:00/gps-maser/+1.178033e-01
2026.109.16:10:00/gps-fmout/+1.178032e-01
2026.109.16:10:00/gps-maser/+1.178033e-01
2026.109.16:11:00/gps-fmout/+1.178032e-01
2026.109.16:11:00/gps-maser/+1.178033e-01
2026.109.16:12:00/gps-fmout/+1.178032e-01
2026.109.16:12:00/gps-maser/+1.178033e-01
2026.109.16:13:00/gps-fmout/+1.178032e-01
2026.109.16:13:00/gps-maser/+1.178033e-01
2026.109.16:14:00/gps-fmout/+1.178032e-01
2026.109.16:14:00/gps-maser/+1.178033e-01
2026.109.16:15:00/gps-fmout/+1.178032e-01
2026.109.16:15:00/gps-maser/+1.178033e-01
2026.109.16:16:00/gps-fmout/+1.178032e-01
2026.109.16:16:00/gps-maser/+1.178033e-01
2026.109.16:17:00/gps-fmout/+1.178032e-01
2026.109.16:17:00/gps-maser/+1.178033e-01
2026.109.16:18:00/gps-fmout/+1.178032e-01
2026.109.16:18:00/gps-maser/+1.178033e-01
2026.109.16:19:00/gps-fmout/+1.178032e-01
2026.109.16:19:00/gps-maser/+1.178033e-01
2026.109.16:20:00/gps-fmout/+1.178032e-01
2026.109.16:20:00/gps-maser/+1.178033e-01
2026.109.16:21:00/gps-fmout/+1.178032e-01
2026.109.16:21:00/gps-maser/+1.178033e-01
2026.109.16:22:00/gps-fmout/+1.178032e-01
2026.109.16:22:00/gps-maser/+1.178033e-01
2026.109.16:23:00/gps-fmout/+1.178032e-01
2026.109.16:23:00/gps-maser/+1.178033e-01
2026.109.16:24:00/gps-fmout/+1.178032e-01
2026.109.16:24:00/gps-maser/+1.178033e-01
2026.109.16:25:00/gps-fmout/+1.178032e-01
2026.109.16:25:00/gps-maser/+1.178033e-01
2026.109.16:26:00/gps-fmout/+1.178032e-01
2026.109.16:26:00/gps-maser/+1.178033e-01
2026.109.16:27:00/gps-fmout/+1.178032e-01
2026.109.16:27:00/gps-maser/+1.178033e-01
2026.109.16:28:00/gps-fmout/+1.178032e-01
2026.109.16:28:00/gps-maser/+1.178033e-01
2026.109.16:29:00/gps-fmout/+1.178032e-01
2026.109.16:29:00/gps-maser/+1.178033e-01
2026.109.16:30:00/gps-fmout/+1.178032e-01
2026.109.16:30:00/gps-maser/+1.178033e-01
2026.109.16:31:00/gps-fmout/+1.178032e-01
2026.109.16:31:00/gps-maser/+1.178033e-01
2026.109.16:32:00/gps-fmout/+1.178032e-01
2026.109.16:32:00/gps-maser/+1.178033e-01
2026.109.16:33:00/gps-fmout/+1.178032e-01
2026.109.16:33:00/gps-maser/+1.178033e-01
2026.109.16:34:00/gps-fmout/+1.178032e-01
2026.109.16:34:00/gps-maser/+1.178033e-01
2026.109.16:35:00/gps-fmout/+1.178032e-01
2026.109.16:35:00/gps-maser/+1.178033e-01
2026.109.16:36:00/gps-fmout/+1.178032e-01
2026.109.16:36:00/gps-maser/+1.178033e-01
2026.109.16:37:00/gps-fmout/+1.178032e-01
2026.109.16:37:00/gps-maser/+1.178033e-01
2026.109.16:38:00/gps-fmout/+1.178032e-01
2026.109.16:38:00/gps-maser/+1.178033e-01
2026.109.16:39:00/gps-fmout/+1.178032e-01
2026.109.16:39:00/gps-maser/+1.178033e-01
2026.109.16:40:00/gps-fmout/+1.178032e-01
2026.109.16:40:00/gps-maser/+1.178033e-01
2026.109.16:41:00/gps-fmout/+1.178032e-01
2026.109.16:41:00/gps-maser/+1.178033e-01
2026.109.16:42:00/gps-fmout/+1.178032e-01
2026.109.16:42:00/gps-maser/+1.178033e-01
2026.109.16:43:00/gps-fmout/+1.178032e-01
2026.109.16:43:00/gps-maser/+1.178033e-01
2026.109.16:44:00/gps-fmout/+1.178032e-01
2026.109.16:44:00/gps-maser/+1.178033e-01
2026.109.16:45:00/gps-fmout/+1.178032e-01
2026.109.16:45:00/gps-maser/+1.178033e-01
2026.109.16:46:00/gps-fmout/+1.178032e-01
2026.109.16:46:00/gps-maser/+1.178033e-01
2026.109.16:47:00/gps-fmout/+1.178032e-01
2026.109.16:47:00/gps-maser/+1.178033e-01
2026.109.16:48:00/gps-fmout/+1.178032e-01
2026.109.16:48:00/gps-maser/+1.178033e-01
2026.109.16:49:00/gps-fmout/+1.178032e-01
2026.109.16:49:00/gps-maser/+1.178033e-01
2026.109.16:50:00/gps-fmout/+1.178032e-01
2026.109.16:50:00/gps-maser/+1.178033e-01
2026.109.16:51:00/gps-fmout/+1.178032e-01
2026.109.16:51:00/gps-maser/+1.178033e-01
2026.109.16:52:00/gps-fmout/+1.178032e-01
2026.109.16:52:00/gps-maser/+1.178033e-01
2026.109.16:53:00/gps-fmout/+1.178032e-01
2026.109.16:53:00/gps-maser/+1.178033e-01
2026.109.16:54:00/gps-fmout/+1.178032e-01
2026.109.16:54:00/gps-maser/+1.178033e-01
2026.109.16:55:00/gps-fmout/+1.178032e-01
2026.109.16:55:00/gps-maser/+1.178033e-01
2026.109.16:56:00/gps-fmout/+1.178032e-01
2026.109.16:56:00/gps-maser/+1.178033e-01
2026.109.16:57:00/gps-fmout/+1.178032e-01
2026.109.16:57:00/gps-maser/+1.178033e-01
2026.109.16:58:00/gps-fmout/+1.178032e-01
2026.109.16:58:00/gps-maser/+1.178033e-01
2026.109.16:59:00/gps-fmout/+1.178032e-01
2026.109.16:59:00/gps-maser/+1.178033e-01
2026.109.17:00:00/gps-fmout/+1.178032e-01
2026.109.17:00:00/gps-maser/+1.178033e-01
2026.109.17:01:00/gps-fmout/+1.178032e-01
2026.109.17:01:00/gps-maser/+1.178033e-01
2026.109.17:02:00/gps-fmout/+1.178032e-01
2026.109.17:02:00/gps-maser/+1.178033e-01
2026.109.17:03:00/gps-fmout/+1.178032e-01
2026.109.17:03:00/gps-maser/+1.178033e-01
2026.109.17:04:00/gps-fmout/+1.178032e-01
2026.109.17:04:00/gps-maser/+1.178033e-01
2026.109.17:05:00/gps-fmout/+1.178032e-01
2026.109.17:05:00/gps-maser/+1.178033e-01
2026.109.17:06:00/gps-fmout/+1.178032e-01
2026.109.17:06:00/gps-maser/+1.178033e-01
2026.109.17:07:00/gps-fmout/+1.178032e-01
2026.109.17:07:00/gps-maser/+1.178033e-01
2026.109.17:08:00/gps-fmout/+1.178032e-01
2026.109.17:08:00/gps-maser/+1.178033e-01
2026.109.17:09:00/gps-fmout/+1.178032e-01
2026.109.17:09:00/gps-maser/+1.178033e-01
2026.109.17:10:00/gps-fmout/+1.178032e-01
2026.109.17:10:00/gps-maser/+1.178033e-01
2026.109.17:11:00/gps-fmout/+1.178032e-01
2026.109.17:11:00/gps-maser/+1.178033e-01
2026.109.17:12:00/gps-fmout/+1.178032e-01
2026.109.17:12:00/gps-maser/+1.178033e-01
2026.109.17:13:00/gps-fmout/+1.178032e-01
2026.109.17:13:00/gps-maser/+1.178033e-01
2026.109.17:14:00/gps-fmout/+1.178032e-01
2026.109.17:14:00/gps-maser/+1.178033e-01
2026.109.17:15:00/gps-fmout/+1.178032e-01
2026.109.17:15:00/gps-maser/+1.178033e-01
2026.109.17:16:00/gps-fmout/+1.178032e-01
2026.109.17:16:00/gps-maser/+1.178033e-01
2026.109.17:17:00/gps-fmout/+1.178032e-01
2026.109.17:17:00/gps-maser/+1.178033e-01
2026.109.17:18:00/gps-fmout/+1.178032e-01
2026.109.17:18:00/gps-maser/+1.178033e-01
2026.109.17:19:00/gps-fmout/+1.178032e-01
2026.109.17:19:00/gps-maser/+1.178033e-01
2026.109.17:20:00/gps-fmout/+1.178032e-01
2026.109.17:20:00/gps-maser/+1.178033e-01
2026.109.17:21:00/gps-fmout/+1.178032e-01
2026.109.17:21:00/gps-maser/+1.178033e-01
2026.109.17:22:00/gps-fmout/+1.178032e-01
2026.109.17:22:00/gps-maser/+1.178033e-01
2026.109.17:23:00/gps-fmout/+1.178032e-01
2026.109.17:23:00/gps-maser/+1.178033e-01
2026.109.17:24:00/gps-fmout/+1.178032e-01
2026.109.17:24:00/gps-maser/+1.178033e-01
2026.109.17:25:00/gps-fmout/+1.178032e-01
2026.109.17:25:00/gps-maser/+1.178033e-01
2026.109.17:26:00/gps-fmout/+1.178032e-01
2026.109.17:26:00/gps-maser/+1.178033e-01
2026.109.17:27:00/gps-fmout/+1.178032e-01
2026.109.17:27:00/gps-maser/+1.178033e-01
2026.109.17:28:00/gps-fmout/+1.178032e-01
2026.109.17:28:00/gps-maser/+1.178033e-01
2026.109.17:29:00/gps-fmout/+1.178032e-01
2026.109.17:29:00/gps-maser/+1.178033e-01
2026.109.17:30:00/gps-fmout/+1.178032e-01
2026.109.17:30:00/gps-maser/+1.178033e-01
2026.109.17:31:00/gps-fmout/+1.178032e-01
2026.109.17:31:00/gps-maser/+1.178033e-01
2026.109.17:32:00/gps-fmout/+1.178032e-01
2026.109.17:32:00/gps-maser/+1.178033e-01
2026.109.17:33:00/gps-fmout/+1.178032e-01
2026.109.17:33:00/gps-maser/+1.178033e-01
2026.109.17:34:00/gps-fmout/+1.178032e-01
2026.109.17:34:00/gps-maser/+1.178033e-01
2026.109.17:35:00/gps-fmout/+1.178032e-01
2026.109.17:35:00/gps-maser/+1.178033e-01
2026.109.17:36:00/gps-fmout/+1.178032e-01
2026.109.17:36:00/gps-maser/+1.178033e-01
2026.109.17:37:00/gps-fmout/+1.178032e-01
2026.109.17:37:00/gps-maser/+1.178033e-01
2026.109.17:38:00/gps-fmout/+1.178032e-01
2026.109.17:38:00/gps-maser/+1.178033e-01
2026.109.17:39:00/gps-fmout/+1.178032e-01
2026.109.17:39:00/gps-maser/+1.178033e-01
2026.109.17:40:00/gps-fmout/+1.178032e-01
2026.109.17:40:00/gps-maser/+1.178033e-01
2026.109.17:41:00/gps-fmout/+1.178032e-01
2026.109.17:41:00/gps-maser/+1.178033e-01
2026.109.17:42:00/gps-fmout/+1.178032e-01
2026.109.17:42:00/gps-maser/+1.178033e-01
2026.109.17:43:00/gps-fmout/+1.178032e-01
2026.109.17:43:00/gps-maser/+1.178033e-01
2026.109.17:44:00/gps-fmout/+1.178032e-01
2026.109.17:44:00/gps-maser/+1.178033e-01
2026.109.17:45:00/gps-fmout/+1.178032e-01
2026.109.17:45:00/gps-maser/+1.178033e-01
2026.109.17:46:00/gps-fmout/+1.178032e-01
2026.109.17:46:00/gps-maser/+1.178033e-01
2026.109.17:47:00/gps-fmout/+1.178032e-01
2026.109.17:47:00/gps-maser/+1.178033e-01
2026.109.17:48:00/gps-fmout/+1.178032e-01
2026.109.17:48:00/gps-maser/+1.178033e-01
2026.109.17:49:00/gps-fmout/+1.178032e-01
2026.109.17:49:00/gps-maser/+1.178033e-01
2026.109.17:50:00/gps-fmout/+1.178032e-01
2026.109.17:50:00/gps-maser/+1.178033e-01
2026.109.17:51:00/gps-fmout/+1.178032e-01
2026.109.17:51:00/gps-maser/+1.178033e-01
2026.109.17:52:00/gps-fmout/+1.178032e-01
2026.109.17:52:00/gps-maser/+1.178033e-01
2026.109.17:53:00/gps-fmout/+1.178032e-01
2026.109.17:53:00/gps-maser/+1.178033e-01
2026.109.17:54:00/gps-fmout/+1.178032e-01
2026.109.17:54:00/gps-maser/+1.178033e-01
2026.109.17:55:00/gps-fmout/+1.178032e-01
2026.109.17:55:00/gps-maser/+1.178033e-01
2026.109.17:56:00/gps-fmout/+1.178032e-01
2026.109.17:56:00/gps-maser/+1.178033e-01
2026.109.17:57:00/gps-fmout/+1.178032e-01
2026.109.17:57:00/gps-maser/+1.178033e-01
2026.109.17:58:00/gps-fmout/+1.178032e-01
2026.109.17:58:00/gps-maser/+1.178033e-01
2026.109.17:59:00/gps-fmout/+1.178032e-01
2026.109.17:59:00/gps-maser/+1.178033e-01
2026.109.18:00:00/gps-fmout/+1.178032e-01
2026.109.18:00:00/gps-maser/+1.178033e-01
2026.109.18:01:00/gps-fmout/+1.178032e-01
2026.109.18:01:00/gps-maser/+1.178033e-01
2026.109.18:02:00/gps-fmout/+1.178032e-01
2026.109.18:02:00/gps-maser/+1.178033e-01
2026.109.18:03:00/gps-fmout/+1.178032e-01
2026.109.18:03:00/gps-maser/+1.178033e-01
2026.109.18:04:00/gps-fmout/+1.178032e-01
2026.109.18:04:00/gps-maser/+1.178033e-01
2026.109.18:05:00/gps-fmout/+1.178032e-01
2026.109.18:05:00/gps-maser/+1.178033e-01
2026.109.18:06:00/gps-fmout/+1.178032e-01
2026.109.18:06:00/gps-maser/+1.178033e-01
2026.109.18:07:00/gps-fmout/+1.178032e-01
2026.109.18:07:00/gps-maser/+1.178033e-01
2026.109.18:08:00/gps-fmout/+1.178032e-01
2026.109.18:08:00/gps-maser/+1.178033e-01
2026.109.18:09:00/gps-fmout/+1.178032e-01
2026.109.18:09:00/gps-maser/+1.178033e-01
2026.109.18:10:00/gps-fmout/+1.178032e-01
2026.109.18:10:00/gps-maser/+1.178033e-01
2026.109.18:11:00/gps-fmout/+1.178032e-01
2026.109.18:11:00/gps-maser/+1.178033e-01
2026.109.18:12:00/gps-fmout/+1.178032e-01
2026.109.18:12:00/gps-maser/+1.178033e-01
2026.109.18:13:00/gps-fmout/+1.178032e-01
2026.109.18:13:00/gps-maser/+1.178033e-01
2026.109.18:14:00/gps-fmout/+1.178032e-01
2026.109.18:14:00/gps-maser/+1.178033e-01
2026.109.18:15:00/gps-fmout/+1.178032e-01
2026.109.18:15:00/gps-maser/+1.178033e-01
2026.109.18:16:00/gps-fmout/+1.178032e-01
2026.109.18:16:00/gps-maser/+1.178033e-01
2026.109.18:17:00/gps-fmout/+1.178032e-01
2026.109.18:17:00/gps-maser/+1.178033e-01
2026.109.18:18:00/gps-fmout/+1.178032e-01
2026.109.18:18:00/gps-maser/+1.178033e-01
2026.109.18:19:00/gps-fmout/+1.178032e-01
2026.109.18:19:00/gps-maser/+1.178033e-01
2026.109.18:20:00/gps-fmout/+1.178032e-01
2026.109.18:20:00/gps-maser/+1.178033e-01
2026.109.18:21:00/gps-fmout/+1.178032e-01
2026.109.18:21:00/gps-maser/+1.178033e-01
2026.109.18:22:00/gps-fmout/+1.178032e-01
2026.109.18:22:00/gps-maser/+1.178033e-01
2026.109.18:23:00/gps-fmout/+1.178032e-01
2026.109.18:23:00/gps-maser/+1.178033e-01
2026.109.18:24:00/gps-fmout/+1.178032e-01
2026.109.18:24:00/gps-maser/+1.178033e-01
2026.109.18:25:00/gps-fmout/+1.178032e-01
2026.109.18:25:00/gps-maser/+1.178033e-01
2026.109.18:26:00/gps-fmout/+1.178032e-01
2026.109.18:26:00/gps-maser/+1.178033e-01
2026.109.18:27:00/gps-fmout/+1.178032e-01
2026.109.18:27:00/gps-maser/+1.178033e-01
2026.109.18:28:00/gps-fmout/+1.178032e-01
2026.109.18:28:00/gps-maser/+1.178033e-01
2026.109.18:29:00/gps-fmout/+1.178032e-01
2026.109.18:29:00/gps-maser/+1.178033e-01
2026.109.18:30:00/gps-fmout/+1.178032e-01
2026.109.18:30:00/gps-maser/+1.178033e-01
2026.109.18:31:00/gps-fmout/+1.178032e-01
2026.109.18:31:00/gps-maser/+1.178033e-01
2026.109.18:32:00/gps-fmout/+1.178032e-01
2026.109.18:32:00/gps-maser/+1.178033e-01
2026.109.18:33:00/gps-fmout/+1.178032e-01
2026.109.18:33:00/gps-maser/+1.178033e-01
2026.109.18:34:00/gps-fmout/+1.178032e-01
2026.109.18:34:00/gps-maser/+1.178033e-01
2026.109.18:35:00/gps-fmout/+1.178032e-01
2026.109.18:35:00/gps-maser/+1.178033e-01
2026.109.18:36:00/gps-fmout/+1.178032e-01
2026.109.18:36:00/gps-maser/+1.178033e-01
2026.109.18:37:00/gps-fmout/+1.178032e-01
2026.109.18:37:00/gps-maser/+1.178033e-01
2026.109.18:38:00/gps-fmout/+1.178032e-01
2026.109.18:38:00/gps-maser/+1.178033e-01
2026.109.18:39:00/gps-fmout/+1.178032e-01
2026.109.18:39:00/gps-maser/+1.178033e-01
2026.109.18:40:00/gps-fmout/+1.178032e-01
2026.109.18:40:00/gps-maser/+1.178033e-01
2026.109.18:41:00/gps-fmout/+1.178032e-01
2026.109.18:41:00/gps-maser/+1.178033e-01
2026.109.18:42:00/gps-fmout/+1.178032e-01
2026.109.18:42:00/gps-maser/+1.178033e-01
2026.109.18:43:00/gps-fmout/+1.178032e-01
2026.109.18:43:00/gps-maser/+1.178033e-01
2026.109.18:44:00/gps-fmout/+1.178032e-01
2026.109.18:44:00/gps-maser/+1.178033e-01
2026.109.18:45:00/gps-fmout/+1.178032e-01
2026.109.18:45:00/gps-maser/+1.178033e-01
2026.109.18:46:00/gps-fmout/+1.178032e-01
2026.109.18:46:00/gps-maser/+1.178033e-01
2026.109.18:47:00/gps-fmout/+1.178032e-01
2026.109.18:47:00/gps-maser/+1.178033e-01
2026.109.18:48:00/gps-fmout/+1.178032e-01
2026.109.18:48:00/gps-maser/+1.178033e-01
2026.109.18:49:00/gps-fmout/+1.178032e-01
2026.109.18:49:00/gps-maser/+1.178033e-01
2026.109.18:50:00/gps-fmout/+1.178032e-01
2026.109.18:50:00/gps-maser/+1.178033e-01
2026.109.18:51:00/gps-fmout/+1.178032e-01
2026.109.18:51:00/gps-maser/+1.178033e-01
2026.109.18:52:00/gps-fmout/+1.178032e-01
2026.109.18:52:00/gps-maser/+1.178033e-01
2026.109.18:53:00/gps-fmout/+1.178032e-01
2026.109.18:53:00/gps-maser/+1.178033e-01
2026.109.18:54:00/gps-fmout/+1.178032e-01
2026.109.18:54:00/gps-maser/+1.178033e-01
2026.109.18:55:00/gps-fmout/+1.178032e-01
2026.109.18:55:00/gps-maser/+1.178033e-01
2026.109.18:56:00/gps-fmout/+1.178032e-01
2026.109.18:56:00/gps-maser/+1.178033e-01
2026.109.18:57:00/gps-fmout/+1.178032e-01
2026.109.18:57:00/gps-maser/+1.178033e-01
2026.109.18:58:00/gps-fmout/+1.178032e-01
2026.109.18:58:00/gps-maser/+1.178033e-01
2026.109.18:59:00/gps-fmout/+1.178032e-01
2026.109.18:59:00/gps-maser/+1.178033e-01
2026.109.19:00:00/gps-fmout/+1.178032e-01
2026.109.19:00:00/gps-maser/+1.178033e-01
2026.109.19:01:00/gps-fmout/+1.178032e-01
2026.109.19:01:00/gps-maser/+1.178033e-01
2026.109.19:02:00/gps-fmout/+1.178032e-01
2026.109.19:02:00/gps-maser/+1.178033e-01
2026.109.19:03:00/gps-fmout/+1.178032e-01
2026.109.19:03:00/gps-maser/+1.178033e-01
2026.109.19:04:00/gps-fmout/+1.178032e-01
2026.109.19:04:00/gps-maser/+1.178033e-01
2026.109.19:05:00/gps-fmout/+1.178032e-01
2026.109.19:05:00/gps-maser/+1.178033e-01
2026.109.19:06:00/gps-fmout/+1.178032e-01
2026.109.19:06:00/gps-maser/+1.178033e-01
2026.109.19:07:00/gps-fmout/+1.178032e-01
2026.109.19:07:00/gps-maser/+1.178033e-01
2026.109.19:08:00/gps-fmout/+1.178032e-01
2026.109.19:08:00/gps-maser/+1.178033e-01
2026.109.19:09:00/gps-fmout/+1.178032e-01
2026.109.19:09:00/gps-maser/+1.178033e-01
2026.109.19:10:00/gps-fmout/+1.178032e-01
2026.109.19:10:00/gps-maser/+1.178033e-01
2026.109.19:11:00/gps-fmout/+1.178032e-01
2026.109.19:11:00/gps-maser/+1.178033e-01
