2026.110.11:40:00;APEX Database GPS vs Devices offset for c261e
2026.110.11:40:00;The format is gps-fmout/[seconds] and gps-maser/[seconds]
2026.110.11:41:00/gps-fmout/+1.178033e-01
2026.110.11:41:00/gps-maser/+1.178034e-01
2026.110.11:42:00/gps-fmout/+1.178033e-01
2026.110.11:42:00/gps-maser/+1.178034e-01
2026.110.11:43:00/gps-fmout/+1.178033e-01
2026.110.11:43:00/gps-maser/+1.178034e-01
2026.110.11:44:00/gps-fmout/+1.178033e-01
2026.110.11:44:00/gps-maser/+1.178034e-01
2026.110.11:45:00/gps-fmout/+1.178033e-01
2026.110.11:45:00/gps-maser/+1.178034e-01
2026.110.11:46:00/gps-fmout/+1.178033e-01
2026.110.11:46:00/gps-maser/+1.178034e-01
2026.110.11:47:00/gps-fmout/+1.178033e-01
2026.110.11:47:00/gps-maser/+1.178034e-01
2026.110.11:48:00/gps-fmout/+1.178033e-01
2026.110.11:48:00/gps-maser/+1.178034e-01
2026.110.11:49:00/gps-fmout/+1.178033e-01
2026.110.11:49:00/gps-maser/+1.178034e-01
2026.110.11:50:00/gps-fmout/+1.178033e-01
2026.110.11:50:00/gps-maser/+1.178034e-01
2026.110.11:51:00/gps-fmout/+1.178033e-01
2026.110.11:51:00/gps-maser/+1.178034e-01
2026.110.11:52:00/gps-fmout/+1.178033e-01
2026.110.11:52:00/gps-maser/+1.178034e-01
2026.110.11:53:00/gps-fmout/+1.178033e-01
2026.110.11:53:00/gps-maser/+1.178034e-01
2026.110.11:54:00/gps-fmout/+1.178033e-01
2026.110.11:54:00/gps-maser/+1.178034e-01
2026.110.11:55:00/gps-fmout/+1.178033e-01
2026.110.11:55:00/gps-maser/+1.178034e-01
2026.110.11:56:00/gps-fmout/+1.178033e-01
2026.110.11:56:00/gps-maser/+1.178034e-01
2026.110.11:57:00/gps-fmout/+1.178033e-01
2026.110.11:57:00/gps-maser/+1.178034e-01
2026.110.11:58:00/gps-fmout/+1.178033e-01
2026.110.11:58:00/gps-maser/+1.178034e-01
2026.110.11:59:00/gps-fmout/+1.178033e-01
2026.110.11:59:00/gps-maser/+1.178034e-01
2026.110.12:00:00/gps-fmout/+1.178033e-01
2026.110.12:00:00/gps-maser/+1.178034e-01
2026.110.12:01:00/gps-fmout/+1.178033e-01
2026.110.12:01:00/gps-maser/+1.178034e-01
2026.110.12:02:00/gps-fmout/+1.178033e-01
2026.110.12:02:00/gps-maser/+1.178034e-01
2026.110.12:03:00/gps-fmout/+1.178033e-01
2026.110.12:03:00/gps-maser/+1.178034e-01
2026.110.12:04:00/gps-fmout/+1.178033e-01
2026.110.12:04:00/gps-maser/+1.178034e-01
2026.110.12:05:00/gps-fmout/+1.178033e-01
2026.110.12:05:00/gps-maser/+1.178034e-01
2026.110.12:06:00/gps-fmout/+1.178033e-01
2026.110.12:06:00/gps-maser/+1.178034e-01
2026.110.12:07:00/gps-fmout/+1.178033e-01
2026.110.12:07:00/gps-maser/+1.178034e-01
2026.110.12:08:00/gps-fmout/+1.178033e-01
2026.110.12:08:00/gps-maser/+1.178034e-01
2026.110.12:09:00/gps-fmout/+1.178033e-01
2026.110.12:09:00/gps-maser/+1.178034e-01
2026.110.12:10:00/gps-fmout/+1.178033e-01
2026.110.12:10:00/gps-maser/+1.178034e-01
2026.110.12:11:00/gps-fmout/+1.178033e-01
2026.110.12:11:00/gps-maser/+1.178034e-01
2026.110.12:12:00/gps-fmout/+1.178033e-01
2026.110.12:12:00/gps-maser/+1.178034e-01
2026.110.12:13:00/gps-fmout/+1.178033e-01
2026.110.12:13:00/gps-maser/+1.178034e-01
2026.110.12:14:00/gps-fmout/+1.178033e-01
2026.110.12:14:00/gps-maser/+1.178034e-01
2026.110.12:15:00/gps-fmout/+1.178033e-01
2026.110.12:15:00/gps-maser/+1.178034e-01
2026.110.12:16:00/gps-fmout/+1.178033e-01
2026.110.12:16:00/gps-maser/+1.178034e-01
2026.110.12:17:00/gps-fmout/+1.178033e-01
2026.110.12:17:00/gps-maser/+1.178034e-01
2026.110.12:18:00/gps-fmout/+1.178033e-01
2026.110.12:18:00/gps-maser/+1.178034e-01
2026.110.12:19:00/gps-fmout/+1.178033e-01
2026.110.12:19:00/gps-maser/+1.178034e-01
2026.110.12:20:00/gps-fmout/+1.178033e-01
2026.110.12:20:00/gps-maser/+1.178034e-01
2026.110.12:21:00/gps-fmout/+1.178033e-01
2026.110.12:21:00/gps-maser/+1.178034e-01
2026.110.12:22:00/gps-fmout/+1.178033e-01
2026.110.12:22:00/gps-maser/+1.178034e-01
2026.110.12:23:00/gps-fmout/+1.178033e-01
2026.110.12:23:00/gps-maser/+1.178034e-01
2026.110.12:24:00/gps-fmout/+1.178033e-01
2026.110.12:24:00/gps-maser/+1.178034e-01
2026.110.12:25:00/gps-fmout/+1.178033e-01
2026.110.12:25:00/gps-maser/+1.178034e-01
2026.110.12:26:00/gps-fmout/+1.178033e-01
2026.110.12:26:00/gps-maser/+1.178034e-01
2026.110.12:27:00/gps-fmout/+1.178033e-01
2026.110.12:27:00/gps-maser/+1.178034e-01
2026.110.12:28:00/gps-fmout/+1.178033e-01
2026.110.12:28:00/gps-maser/+1.178034e-01
2026.110.12:29:00/gps-fmout/+1.178033e-01
2026.110.12:29:00/gps-maser/+1.178034e-01
2026.110.12:30:00/gps-fmout/+1.178033e-01
2026.110.12:30:00/gps-maser/+1.178034e-01
2026.110.12:31:00/gps-fmout/+1.178033e-01
2026.110.12:31:00/gps-maser/+1.178034e-01
2026.110.12:32:00/gps-fmout/+1.178033e-01
2026.110.12:32:00/gps-maser/+1.178034e-01
2026.110.12:33:00/gps-fmout/+1.178033e-01
2026.110.12:33:00/gps-maser/+1.178034e-01
2026.110.12:34:00/gps-fmout/+1.178033e-01
2026.110.12:34:00/gps-maser/+1.178034e-01
2026.110.12:35:00/gps-fmout/+1.178033e-01
2026.110.12:35:00/gps-maser/+1.178034e-01
2026.110.12:36:00/gps-fmout/+1.178033e-01
2026.110.12:36:00/gps-maser/+1.178034e-01
2026.110.12:37:00/gps-fmout/+1.178033e-01
2026.110.12:37:00/gps-maser/+1.178034e-01
2026.110.12:38:00/gps-fmout/+1.178033e-01
2026.110.12:38:00/gps-maser/+1.178034e-01
2026.110.12:39:00/gps-fmout/+1.178033e-01
2026.110.12:39:00/gps-maser/+1.178034e-01
2026.110.12:40:00/gps-fmout/+1.178033e-01
2026.110.12:40:00/gps-maser/+1.178034e-01
2026.110.12:41:00/gps-fmout/+1.178033e-01
2026.110.12:41:00/gps-maser/+1.178034e-01
2026.110.12:42:00/gps-fmout/+1.178033e-01
2026.110.12:42:00/gps-maser/+1.178034e-01
2026.110.12:43:00/gps-fmout/+1.178033e-01
2026.110.12:43:00/gps-maser/+1.178034e-01
2026.110.12:44:00/gps-fmout/+1.178033e-01
2026.110.12:44:00/gps-maser/+1.178034e-01
2026.110.12:45:00/gps-fmout/+1.178033e-01
2026.110.12:45:00/gps-maser/+1.178034e-01
2026.110.12:46:00/gps-fmout/+1.178033e-01
2026.110.12:46:00/gps-maser/+1.178034e-01
2026.110.12:47:00/gps-fmout/+1.178033e-01
2026.110.12:47:00/gps-maser/+1.178034e-01
2026.110.12:48:00/gps-fmout/+1.178033e-01
2026.110.12:48:00/gps-maser/+1.178034e-01
2026.110.12:49:00/gps-fmout/+1.178033e-01
2026.110.12:49:00/gps-maser/+1.178034e-01
2026.110.12:50:00/gps-fmout/+1.178033e-01
2026.110.12:50:00/gps-maser/+1.178034e-01
2026.110.12:51:00/gps-fmout/+1.178033e-01
2026.110.12:51:00/gps-maser/+1.178034e-01
2026.110.12:52:00/gps-fmout/+1.178033e-01
2026.110.12:52:00/gps-maser/+1.178034e-01
2026.110.12:53:00/gps-fmout/+1.178033e-01
2026.110.12:53:00/gps-maser/+1.178034e-01
2026.110.12:54:00/gps-fmout/+1.178033e-01
2026.110.12:54:00/gps-maser/+1.178034e-01
2026.110.12:55:00/gps-fmout/+1.178033e-01
2026.110.12:55:00/gps-maser/+1.178034e-01
2026.110.12:56:00/gps-fmout/+1.178033e-01
2026.110.12:56:00/gps-maser/+1.178034e-01
2026.110.12:57:00/gps-fmout/+1.178033e-01
2026.110.12:57:00/gps-maser/+1.178034e-01
2026.110.12:58:00/gps-fmout/+1.178033e-01
2026.110.12:58:00/gps-maser/+1.178034e-01
2026.110.12:59:00/gps-fmout/+1.178033e-01
2026.110.12:59:00/gps-maser/+1.178034e-01
2026.110.13:00:00/gps-fmout/+1.178033e-01
2026.110.13:00:00/gps-maser/+1.178034e-01
2026.110.13:01:00/gps-fmout/+1.178033e-01
2026.110.13:01:00/gps-maser/+1.178034e-01
2026.110.13:02:00/gps-fmout/+1.178033e-01
2026.110.13:02:00/gps-maser/+1.178034e-01
2026.110.13:03:00/gps-fmout/+1.178033e-01
2026.110.13:03:00/gps-maser/+1.178034e-01
2026.110.13:04:00/gps-fmout/+1.178033e-01
2026.110.13:04:00/gps-maser/+1.178034e-01
2026.110.13:05:00/gps-fmout/+1.178033e-01
2026.110.13:05:00/gps-maser/+1.178034e-01
2026.110.13:06:00/gps-fmout/+1.178033e-01
2026.110.13:06:00/gps-maser/+1.178034e-01
2026.110.13:07:00/gps-fmout/+1.178033e-01
2026.110.13:07:00/gps-maser/+1.178034e-01
2026.110.13:08:00/gps-fmout/+1.178033e-01
2026.110.13:08:00/gps-maser/+1.178034e-01
2026.110.13:09:00/gps-fmout/+1.178033e-01
2026.110.13:09:00/gps-maser/+1.178034e-01
2026.110.13:10:00/gps-fmout/+1.178033e-01
2026.110.13:10:00/gps-maser/+1.178034e-01
2026.110.13:11:00/gps-fmout/+1.178033e-01
2026.110.13:11:00/gps-maser/+1.178034e-01
2026.110.13:12:00/gps-fmout/+1.178033e-01
2026.110.13:12:00/gps-maser/+1.178034e-01
2026.110.13:13:00/gps-fmout/+1.178033e-01
2026.110.13:13:00/gps-maser/+1.178034e-01
2026.110.13:14:00/gps-fmout/+1.178033e-01
2026.110.13:14:00/gps-maser/+1.178034e-01
2026.110.13:15:00/gps-fmout/+1.178033e-01
2026.110.13:15:00/gps-maser/+1.178034e-01
2026.110.13:16:00/gps-fmout/+1.178033e-01
2026.110.13:16:00/gps-maser/+1.178034e-01
2026.110.13:17:00/gps-fmout/+1.178033e-01
2026.110.13:17:00/gps-maser/+1.178034e-01
2026.110.13:18:00/gps-fmout/+1.178033e-01
2026.110.13:18:00/gps-maser/+1.178034e-01
2026.110.13:19:00/gps-fmout/+1.178033e-01
2026.110.13:19:00/gps-maser/+1.178034e-01
2026.110.13:20:00/gps-fmout/+1.178033e-01
2026.110.13:20:00/gps-maser/+1.178034e-01
2026.110.13:21:00/gps-fmout/+1.178033e-01
2026.110.13:21:00/gps-maser/+1.178034e-01
2026.110.13:22:00/gps-fmout/+1.178033e-01
2026.110.13:22:00/gps-maser/+1.178034e-01
2026.110.13:23:00/gps-fmout/+1.178033e-01
2026.110.13:23:00/gps-maser/+1.178034e-01
2026.110.13:24:00/gps-fmout/+1.178033e-01
2026.110.13:24:00/gps-maser/+1.178034e-01
2026.110.13:25:00/gps-fmout/+1.178033e-01
2026.110.13:25:00/gps-maser/+1.178034e-01
2026.110.13:26:00/gps-fmout/+1.178033e-01
2026.110.13:26:00/gps-maser/+1.178034e-01
2026.110.13:27:00/gps-fmout/+1.178033e-01
2026.110.13:27:00/gps-maser/+1.178034e-01
2026.110.13:28:00/gps-fmout/+1.178033e-01
2026.110.13:28:00/gps-maser/+1.178034e-01
2026.110.13:29:00/gps-fmout/+1.178033e-01
2026.110.13:29:00/gps-maser/+1.178034e-01
2026.110.13:30:00/gps-fmout/+1.178033e-01
2026.110.13:30:00/gps-maser/+1.178034e-01
2026.110.13:31:00/gps-fmout/+1.178033e-01
2026.110.13:31:00/gps-maser/+1.178034e-01
2026.110.13:32:00/gps-fmout/+1.178033e-01
2026.110.13:32:00/gps-maser/+1.178034e-01
2026.110.13:33:00/gps-fmout/+1.178033e-01
2026.110.13:33:00/gps-maser/+1.178034e-01
2026.110.13:34:00/gps-fmout/+1.178033e-01
2026.110.13:34:00/gps-maser/+1.178034e-01
2026.110.13:35:00/gps-fmout/+1.178033e-01
2026.110.13:35:00/gps-maser/+1.178034e-01
2026.110.13:36:00/gps-fmout/+1.178033e-01
2026.110.13:36:00/gps-maser/+1.178034e-01
2026.110.13:37:00/gps-fmout/+1.178033e-01
2026.110.13:37:00/gps-maser/+1.178034e-01
2026.110.13:38:00/gps-fmout/+1.178033e-01
2026.110.13:38:00/gps-maser/+1.178034e-01
2026.110.13:39:00/gps-fmout/+1.178033e-01
2026.110.13:39:00/gps-maser/+1.178034e-01
2026.110.13:40:00/gps-fmout/+1.178033e-01
2026.110.13:40:00/gps-maser/+1.178034e-01
2026.110.13:41:00/gps-fmout/+1.178033e-01
2026.110.13:41:00/gps-maser/+1.178034e-01
2026.110.13:42:00/gps-fmout/+1.178033e-01
2026.110.13:42:00/gps-maser/+1.178034e-01
2026.110.13:43:00/gps-fmout/+1.178033e-01
2026.110.13:43:00/gps-maser/+1.178034e-01
2026.110.13:44:00/gps-fmout/+1.178033e-01
2026.110.13:44:00/gps-maser/+1.178034e-01
2026.110.13:45:00/gps-fmout/+1.178033e-01
2026.110.13:45:00/gps-maser/+1.178034e-01
2026.110.13:46:00/gps-fmout/+1.178033e-01
2026.110.13:46:00/gps-maser/+1.178034e-01
2026.110.13:47:00/gps-fmout/+1.178033e-01
2026.110.13:47:00/gps-maser/+1.178034e-01
2026.110.13:48:00/gps-fmout/+1.178033e-01
2026.110.13:48:00/gps-maser/+1.178034e-01
2026.110.13:49:00/gps-fmout/+1.178033e-01
2026.110.13:49:00/gps-maser/+1.178034e-01
2026.110.13:50:00/gps-fmout/+1.178033e-01
2026.110.13:50:00/gps-maser/+1.178034e-01
2026.110.13:51:00/gps-fmout/+1.178033e-01
2026.110.13:51:00/gps-maser/+1.178034e-01
2026.110.13:52:00/gps-fmout/+1.178033e-01
2026.110.13:52:00/gps-maser/+1.178034e-01
2026.110.13:53:00/gps-fmout/+1.178033e-01
2026.110.13:53:00/gps-maser/+1.178034e-01
2026.110.13:54:00/gps-fmout/+1.178033e-01
2026.110.13:54:00/gps-maser/+1.178034e-01
2026.110.13:55:00/gps-fmout/+1.178033e-01
2026.110.13:55:00/gps-maser/+1.178034e-01
2026.110.13:56:00/gps-fmout/+1.178033e-01
2026.110.13:56:00/gps-maser/+1.178034e-01
2026.110.13:57:00/gps-fmout/+1.178033e-01
2026.110.13:57:00/gps-maser/+1.178034e-01
2026.110.13:58:00/gps-fmout/+1.178033e-01
2026.110.13:58:00/gps-maser/+1.178034e-01
2026.110.13:59:00/gps-fmout/+1.178033e-01
2026.110.13:59:00/gps-maser/+1.178034e-01
2026.110.14:00:00/gps-fmout/+1.178033e-01
2026.110.14:00:00/gps-maser/+1.178034e-01
2026.110.14:01:00/gps-fmout/+1.178033e-01
2026.110.14:01:00/gps-maser/+1.178034e-01
2026.110.14:02:00/gps-fmout/+1.178033e-01
2026.110.14:02:00/gps-maser/+1.178034e-01
2026.110.14:03:00/gps-fmout/+1.178033e-01
2026.110.14:03:00/gps-maser/+1.178034e-01
2026.110.14:04:00/gps-fmout/+1.178033e-01
2026.110.14:04:00/gps-maser/+1.178034e-01
2026.110.14:05:00/gps-fmout/+1.178033e-01
2026.110.14:05:00/gps-maser/+1.178034e-01
2026.110.14:06:00/gps-fmout/+1.178033e-01
2026.110.14:06:00/gps-maser/+1.178034e-01
2026.110.14:07:00/gps-fmout/+1.178033e-01
2026.110.14:07:00/gps-maser/+1.178034e-01
2026.110.14:08:00/gps-fmout/+1.178033e-01
2026.110.14:08:00/gps-maser/+1.178034e-01
2026.110.14:09:00/gps-fmout/+1.178033e-01
2026.110.14:09:00/gps-maser/+1.178034e-01
2026.110.14:10:00/gps-fmout/+1.178033e-01
2026.110.14:10:00/gps-maser/+1.178034e-01
2026.110.14:11:00/gps-fmout/+1.178033e-01
2026.110.14:11:00/gps-maser/+1.178034e-01
2026.110.14:12:00/gps-fmout/+1.178033e-01
2026.110.14:12:00/gps-maser/+1.178034e-01
2026.110.14:13:00/gps-fmout/+1.178033e-01
2026.110.14:13:00/gps-maser/+1.178034e-01
2026.110.14:14:00/gps-fmout/+1.178033e-01
2026.110.14:14:00/gps-maser/+1.178034e-01
2026.110.14:15:00/gps-fmout/+1.178033e-01
2026.110.14:15:00/gps-maser/+1.178034e-01
2026.110.14:16:00/gps-fmout/+1.178033e-01
2026.110.14:16:00/gps-maser/+1.178034e-01
2026.110.14:17:00/gps-fmout/+1.178033e-01
2026.110.14:17:00/gps-maser/+1.178034e-01
2026.110.14:18:00/gps-fmout/+1.178033e-01
2026.110.14:18:00/gps-maser/+1.178034e-01
2026.110.14:19:00/gps-fmout/+1.178033e-01
2026.110.14:19:00/gps-maser/+1.178034e-01
2026.110.14:20:00/gps-fmout/+1.178033e-01
2026.110.14:20:00/gps-maser/+1.178034e-01
2026.110.14:21:00/gps-fmout/+1.178033e-01
2026.110.14:21:00/gps-maser/+1.178034e-01
2026.110.14:22:00/gps-fmout/+1.178033e-01
2026.110.14:22:00/gps-maser/+1.178034e-01
2026.110.14:23:00/gps-fmout/+1.178033e-01
2026.110.14:23:00/gps-maser/+1.178034e-01
2026.110.14:24:00/gps-fmout/+1.178033e-01
2026.110.14:24:00/gps-maser/+1.178034e-01
2026.110.14:25:00/gps-fmout/+1.178033e-01
2026.110.14:25:00/gps-maser/+1.178034e-01
2026.110.14:26:00/gps-fmout/+1.178033e-01
2026.110.14:26:00/gps-maser/+1.178034e-01
2026.110.14:27:00/gps-fmout/+1.178033e-01
2026.110.14:27:00/gps-maser/+1.178034e-01
2026.110.14:28:00/gps-fmout/+1.178033e-01
2026.110.14:28:00/gps-maser/+1.178034e-01
2026.110.14:29:00/gps-fmout/+1.178033e-01
2026.110.14:29:00/gps-maser/+1.178034e-01
2026.110.14:30:00/gps-fmout/+1.178033e-01
2026.110.14:30:00/gps-maser/+1.178034e-01
2026.110.14:31:00/gps-fmout/+1.178033e-01
2026.110.14:31:00/gps-maser/+1.178034e-01
2026.110.14:32:00/gps-fmout/+1.178033e-01
2026.110.14:32:00/gps-maser/+1.178034e-01
2026.110.14:33:00/gps-fmout/+1.178033e-01
2026.110.14:33:00/gps-maser/+1.178034e-01
2026.110.14:34:00/gps-fmout/+1.178033e-01
2026.110.14:34:00/gps-maser/+1.178034e-01
2026.110.14:35:00/gps-fmout/+1.178033e-01
2026.110.14:35:00/gps-maser/+1.178034e-01
2026.110.14:36:00/gps-fmout/+1.178033e-01
2026.110.14:36:00/gps-maser/+1.178034e-01
2026.110.14:37:00/gps-fmout/+1.178033e-01
2026.110.14:37:00/gps-maser/+1.178034e-01
2026.110.14:38:00/gps-fmout/+1.178033e-01
2026.110.14:38:00/gps-maser/+1.178034e-01
2026.110.14:39:00/gps-fmout/+1.178033e-01
2026.110.14:39:00/gps-maser/+1.178034e-01
2026.110.14:40:00/gps-fmout/+1.178033e-01
2026.110.14:40:00/gps-maser/+1.178034e-01
2026.110.14:41:00/gps-fmout/+1.178033e-01
2026.110.14:41:00/gps-maser/+1.178034e-01
2026.110.14:42:00/gps-fmout/+1.178033e-01
2026.110.14:42:00/gps-maser/+1.178034e-01
2026.110.14:43:00/gps-fmout/+1.178033e-01
2026.110.14:43:00/gps-maser/+1.178034e-01
2026.110.14:44:00/gps-fmout/+1.178033e-01
2026.110.14:44:00/gps-maser/+1.178034e-01
2026.110.14:45:00/gps-fmout/+1.178033e-01
2026.110.14:45:00/gps-maser/+1.178034e-01
2026.110.14:46:00/gps-fmout/+1.178033e-01
2026.110.14:46:00/gps-maser/+1.178034e-01
2026.110.14:47:00/gps-fmout/+1.178033e-01
2026.110.14:47:00/gps-maser/+1.178034e-01
2026.110.14:48:00/gps-fmout/+1.178033e-01
2026.110.14:48:00/gps-maser/+1.178034e-01
2026.110.14:49:00/gps-fmout/+1.178033e-01
2026.110.14:49:00/gps-maser/+1.178034e-01
2026.110.14:50:00/gps-fmout/+1.178033e-01
2026.110.14:50:00/gps-maser/+1.178034e-01
2026.110.14:51:00/gps-fmout/+1.178033e-01
2026.110.14:51:00/gps-maser/+1.178034e-01
2026.110.14:52:00/gps-fmout/+1.178033e-01
2026.110.14:52:00/gps-maser/+1.178034e-01
2026.110.14:53:00/gps-fmout/+1.178033e-01
2026.110.14:53:00/gps-maser/+1.178034e-01
2026.110.14:54:00/gps-fmout/+1.178033e-01
2026.110.14:54:00/gps-maser/+1.178034e-01
2026.110.14:55:00/gps-fmout/+1.178033e-01
2026.110.14:55:00/gps-maser/+1.178034e-01
2026.110.14:56:00/gps-fmout/+1.178033e-01
2026.110.14:56:00/gps-maser/+1.178034e-01
2026.110.14:57:00/gps-fmout/+1.178033e-01
2026.110.14:57:00/gps-maser/+1.178034e-01
2026.110.14:58:00/gps-fmout/+1.178033e-01
2026.110.14:58:00/gps-maser/+1.178034e-01
2026.110.14:59:00/gps-fmout/+1.178033e-01
2026.110.14:59:00/gps-maser/+1.178034e-01
2026.110.15:00:00/gps-fmout/+1.178033e-01
2026.110.15:00:00/gps-maser/+1.178034e-01
2026.110.15:01:00/gps-fmout/+1.178033e-01
2026.110.15:01:00/gps-maser/+1.178034e-01
2026.110.15:02:00/gps-fmout/+1.178033e-01
2026.110.15:02:00/gps-maser/+1.178034e-01
2026.110.15:03:00/gps-fmout/+1.178033e-01
2026.110.15:03:00/gps-maser/+1.178034e-01
2026.110.15:04:00/gps-fmout/+1.178033e-01
2026.110.15:04:00/gps-maser/+1.178034e-01
2026.110.15:05:00/gps-fmout/+1.178033e-01
2026.110.15:05:00/gps-maser/+1.178034e-01
2026.110.15:06:00/gps-fmout/+1.178033e-01
2026.110.15:06:00/gps-maser/+1.178034e-01
2026.110.15:07:00/gps-fmout/+1.178033e-01
2026.110.15:07:00/gps-maser/+1.178034e-01
2026.110.15:08:00/gps-fmout/+1.178033e-01
2026.110.15:08:00/gps-maser/+1.178034e-01
2026.110.15:09:00/gps-fmout/+1.178033e-01
2026.110.15:09:00/gps-maser/+1.178034e-01
2026.110.15:10:00/gps-fmout/+1.178033e-01
2026.110.15:10:00/gps-maser/+1.178034e-01
2026.110.15:11:00/gps-fmout/+1.178033e-01
2026.110.15:11:00/gps-maser/+1.178034e-01
2026.110.15:12:00/gps-fmout/+1.178033e-01
2026.110.15:12:00/gps-maser/+1.178034e-01
2026.110.15:13:00/gps-fmout/+1.178033e-01
2026.110.15:13:00/gps-maser/+1.178034e-01
2026.110.15:14:00/gps-fmout/+1.178033e-01
2026.110.15:14:00/gps-maser/+1.178034e-01
2026.110.15:15:00/gps-fmout/+1.178033e-01
2026.110.15:15:00/gps-maser/+1.178034e-01
2026.110.15:16:00/gps-fmout/+1.178033e-01
2026.110.15:16:00/gps-maser/+1.178034e-01
2026.110.15:17:00/gps-fmout/+1.178033e-01
2026.110.15:17:00/gps-maser/+1.178034e-01
2026.110.15:18:00/gps-fmout/+1.178033e-01
2026.110.15:18:00/gps-maser/+1.178034e-01
2026.110.15:19:00/gps-fmout/+1.178033e-01
2026.110.15:19:00/gps-maser/+1.178034e-01
2026.110.15:20:00/gps-fmout/+1.178033e-01
2026.110.15:20:00/gps-maser/+1.178034e-01
2026.110.15:21:00/gps-fmout/+1.178033e-01
2026.110.15:21:00/gps-maser/+1.178034e-01
2026.110.15:22:00/gps-fmout/+1.178033e-01
2026.110.15:22:00/gps-maser/+1.178034e-01
2026.110.15:23:00/gps-fmout/+1.178033e-01
2026.110.15:23:00/gps-maser/+1.178034e-01
2026.110.15:24:00/gps-fmout/+1.178033e-01
2026.110.15:24:00/gps-maser/+1.178034e-01
2026.110.15:25:00/gps-fmout/+1.178033e-01
2026.110.15:25:00/gps-maser/+1.178034e-01
2026.110.15:26:00/gps-fmout/+1.178033e-01
2026.110.15:26:00/gps-maser/+1.178034e-01
2026.110.15:27:00/gps-fmout/+1.178033e-01
2026.110.15:27:00/gps-maser/+1.178034e-01
2026.110.15:28:00/gps-fmout/+1.178033e-01
2026.110.15:28:00/gps-maser/+1.178034e-01
2026.110.15:29:00/gps-fmout/+1.178033e-01
2026.110.15:29:00/gps-maser/+1.178034e-01
2026.110.15:30:00/gps-fmout/+1.178033e-01
2026.110.15:30:00/gps-maser/+1.178034e-01
2026.110.15:31:00/gps-fmout/+1.178033e-01
2026.110.15:31:00/gps-maser/+1.178034e-01
2026.110.15:32:00/gps-fmout/+1.178033e-01
2026.110.15:32:00/gps-maser/+1.178034e-01
2026.110.15:33:00/gps-fmout/+1.178033e-01
2026.110.15:33:00/gps-maser/+1.178034e-01
2026.110.15:34:00/gps-fmout/+1.178033e-01
2026.110.15:34:00/gps-maser/+1.178034e-01
2026.110.15:35:00/gps-fmout/+1.178033e-01
2026.110.15:35:00/gps-maser/+1.178034e-01
2026.110.15:36:00/gps-fmout/+1.178033e-01
2026.110.15:36:00/gps-maser/+1.178034e-01
2026.110.15:37:00/gps-fmout/+1.178033e-01
2026.110.15:37:00/gps-maser/+1.178034e-01
2026.110.15:38:00/gps-fmout/+1.178033e-01
2026.110.15:38:00/gps-maser/+1.178034e-01
2026.110.15:39:00/gps-fmout/+1.178033e-01
2026.110.15:39:00/gps-maser/+1.178034e-01
2026.110.15:40:00/gps-fmout/+1.178033e-01
2026.110.15:40:00/gps-maser/+1.178034e-01
2026.110.15:41:00/gps-fmout/+1.178033e-01
2026.110.15:41:00/gps-maser/+1.178034e-01
2026.110.15:42:00/gps-fmout/+1.178033e-01
2026.110.15:42:00/gps-maser/+1.178034e-01
2026.110.15:43:00/gps-fmout/+1.178033e-01
2026.110.15:43:00/gps-maser/+1.178034e-01
2026.110.15:44:00/gps-fmout/+1.178033e-01
2026.110.15:44:00/gps-maser/+1.178034e-01
2026.110.15:45:00/gps-fmout/+1.178033e-01
2026.110.15:45:00/gps-maser/+1.178034e-01
2026.110.15:46:00/gps-fmout/+1.178033e-01
2026.110.15:46:00/gps-maser/+1.178034e-01
2026.110.15:47:00/gps-fmout/+1.178033e-01
2026.110.15:47:00/gps-maser/+1.178034e-01
2026.110.15:48:00/gps-fmout/+1.178033e-01
2026.110.15:48:00/gps-maser/+1.178034e-01
2026.110.15:49:00/gps-fmout/+1.178033e-01
2026.110.15:49:00/gps-maser/+1.178034e-01
2026.110.15:50:00/gps-fmout/+1.178033e-01
2026.110.15:50:00/gps-maser/+1.178034e-01
2026.110.15:51:00/gps-fmout/+1.178033e-01
2026.110.15:51:00/gps-maser/+1.178034e-01
2026.110.15:52:00/gps-fmout/+1.178033e-01
2026.110.15:52:00/gps-maser/+1.178034e-01
2026.110.15:53:00/gps-fmout/+1.178033e-01
2026.110.15:53:00/gps-maser/+1.178034e-01
2026.110.15:54:00/gps-fmout/+1.178033e-01
2026.110.15:54:00/gps-maser/+1.178034e-01
2026.110.15:55:00/gps-fmout/+1.178033e-01
2026.110.15:55:00/gps-maser/+1.178034e-01
2026.110.15:56:00/gps-fmout/+1.178033e-01
2026.110.15:56:00/gps-maser/+1.178034e-01
2026.110.15:57:00/gps-fmout/+1.178033e-01
2026.110.15:57:00/gps-maser/+1.178034e-01
2026.110.15:58:00/gps-fmout/+1.178033e-01
2026.110.15:58:00/gps-maser/+1.178034e-01
2026.110.15:59:00/gps-fmout/+1.178033e-01
2026.110.15:59:00/gps-maser/+1.178034e-01
2026.110.16:00:00/gps-fmout/+1.178033e-01
2026.110.16:00:00/gps-maser/+1.178034e-01
2026.110.16:01:00/gps-fmout/+1.178033e-01
2026.110.16:01:00/gps-maser/+1.178034e-01
2026.110.16:02:00/gps-fmout/+1.178033e-01
2026.110.16:02:00/gps-maser/+1.178034e-01
2026.110.16:03:00/gps-fmout/+1.178033e-01
2026.110.16:03:00/gps-maser/+1.178034e-01
2026.110.16:04:00/gps-fmout/+1.178033e-01
2026.110.16:04:00/gps-maser/+1.178034e-01
2026.110.16:05:00/gps-fmout/+1.178033e-01
2026.110.16:05:00/gps-maser/+1.178034e-01
2026.110.16:06:00/gps-fmout/+1.178033e-01
2026.110.16:06:00/gps-maser/+1.178034e-01
2026.110.16:07:00/gps-fmout/+1.178033e-01
2026.110.16:07:00/gps-maser/+1.178034e-01
2026.110.16:08:00/gps-fmout/+1.178033e-01
2026.110.16:08:00/gps-maser/+1.178034e-01
2026.110.16:09:00/gps-fmout/+1.178033e-01
2026.110.16:09:00/gps-maser/+1.178034e-01
2026.110.16:10:00/gps-fmout/+1.178033e-01
2026.110.16:10:00/gps-maser/+1.178034e-01
2026.110.16:11:00/gps-fmout/+1.178033e-01
2026.110.16:11:00/gps-maser/+1.178034e-01
2026.110.16:12:00/gps-fmout/+1.178033e-01
2026.110.16:12:00/gps-maser/+1.178034e-01
2026.110.16:13:00/gps-fmout/+1.178033e-01
2026.110.16:13:00/gps-maser/+1.178034e-01
2026.110.16:14:00/gps-fmout/+1.178033e-01
2026.110.16:14:00/gps-maser/+1.178034e-01
2026.110.16:15:00/gps-fmout/+1.178033e-01
2026.110.16:15:00/gps-maser/+1.178034e-01
2026.110.16:16:00/gps-fmout/+1.178033e-01
2026.110.16:16:00/gps-maser/+1.178034e-01
2026.110.16:17:00/gps-fmout/+1.178033e-01
2026.110.16:17:00/gps-maser/+1.178034e-01
2026.110.16:18:00/gps-fmout/+1.178033e-01
2026.110.16:18:00/gps-maser/+1.178034e-01
2026.110.16:19:00/gps-fmout/+1.178033e-01
2026.110.16:19:00/gps-maser/+1.178034e-01
2026.110.16:20:00/gps-fmout/+1.178033e-01
2026.110.16:20:00/gps-maser/+1.178034e-01
2026.110.16:21:00/gps-fmout/+1.178033e-01
2026.110.16:21:00/gps-maser/+1.178034e-01
2026.110.16:22:00/gps-fmout/+1.178033e-01
2026.110.16:22:00/gps-maser/+1.178034e-01
2026.110.16:23:00/gps-fmout/+1.178033e-01
2026.110.16:23:00/gps-maser/+1.178034e-01
2026.110.16:24:00/gps-fmout/+1.178033e-01
2026.110.16:24:00/gps-maser/+1.178034e-01
2026.110.16:25:00/gps-fmout/+1.178033e-01
2026.110.16:25:00/gps-maser/+1.178034e-01
2026.110.16:26:00/gps-fmout/+1.178033e-01
2026.110.16:26:00/gps-maser/+1.178034e-01
2026.110.16:27:00/gps-fmout/+1.178033e-01
2026.110.16:27:00/gps-maser/+1.178034e-01
2026.110.16:28:00/gps-fmout/+1.178033e-01
2026.110.16:28:00/gps-maser/+1.178034e-01
2026.110.16:29:00/gps-fmout/+1.178033e-01
2026.110.16:29:00/gps-maser/+1.178034e-01
2026.110.16:30:00/gps-fmout/+1.178033e-01
2026.110.16:30:00/gps-maser/+1.178034e-01
2026.110.16:31:00/gps-fmout/+1.178033e-01
2026.110.16:31:00/gps-maser/+1.178034e-01
2026.110.16:32:00/gps-fmout/+1.178033e-01
2026.110.16:32:00/gps-maser/+1.178034e-01
2026.110.16:33:00/gps-fmout/+1.178033e-01
2026.110.16:33:00/gps-maser/+1.178034e-01
2026.110.16:34:00/gps-fmout/+1.178033e-01
2026.110.16:34:00/gps-maser/+1.178034e-01
2026.110.16:35:00/gps-fmout/+1.178033e-01
2026.110.16:35:00/gps-maser/+1.178034e-01
2026.110.16:36:00/gps-fmout/+1.178033e-01
2026.110.16:36:00/gps-maser/+1.178034e-01
2026.110.16:37:00/gps-fmout/+1.178033e-01
2026.110.16:37:00/gps-maser/+1.178034e-01
2026.110.16:38:00/gps-fmout/+1.178033e-01
2026.110.16:38:00/gps-maser/+1.178034e-01
2026.110.16:39:00/gps-fmout/+1.178033e-01
2026.110.16:39:00/gps-maser/+1.178034e-01
2026.110.16:40:00/gps-fmout/+1.178033e-01
2026.110.16:40:00/gps-maser/+1.178034e-01
2026.110.16:41:00/gps-fmout/+1.178033e-01
2026.110.16:41:00/gps-maser/+1.178034e-01
2026.110.16:42:00/gps-fmout/+1.178033e-01
2026.110.16:42:00/gps-maser/+1.178034e-01
2026.110.16:43:00/gps-fmout/+1.178033e-01
2026.110.16:43:00/gps-maser/+1.178034e-01
2026.110.16:44:00/gps-fmout/+1.178033e-01
2026.110.16:44:00/gps-maser/+1.178034e-01
2026.110.16:45:00/gps-fmout/+1.178033e-01
2026.110.16:45:00/gps-maser/+1.178034e-01
2026.110.16:46:00/gps-fmout/+1.178033e-01
2026.110.16:46:00/gps-maser/+1.178034e-01
2026.110.16:47:00/gps-fmout/+1.178033e-01
2026.110.16:47:00/gps-maser/+1.178034e-01
2026.110.16:48:00/gps-fmout/+1.178033e-01
2026.110.16:48:00/gps-maser/+1.178034e-01
2026.110.16:49:00/gps-fmout/+1.178033e-01
2026.110.16:49:00/gps-maser/+1.178034e-01
2026.110.16:50:00/gps-fmout/+1.178033e-01
2026.110.16:50:00/gps-maser/+1.178034e-01
2026.110.16:51:00/gps-fmout/+1.178033e-01
2026.110.16:51:00/gps-maser/+1.178034e-01
2026.110.16:52:00/gps-fmout/+1.178033e-01
2026.110.16:52:00/gps-maser/+1.178034e-01
2026.110.16:53:00/gps-fmout/+1.178033e-01
2026.110.16:53:00/gps-maser/+1.178034e-01
2026.110.16:54:00/gps-fmout/+1.178033e-01
2026.110.16:54:00/gps-maser/+1.178034e-01
2026.110.16:55:00/gps-fmout/+1.178033e-01
2026.110.16:55:00/gps-maser/+1.178034e-01
2026.110.16:56:00/gps-fmout/+1.178033e-01
2026.110.16:56:00/gps-maser/+1.178034e-01
2026.110.16:57:00/gps-fmout/+1.178033e-01
2026.110.16:57:00/gps-maser/+1.178034e-01
2026.110.16:58:00/gps-fmout/+1.178033e-01
2026.110.16:58:00/gps-maser/+1.178034e-01
2026.110.16:59:00/gps-fmout/+1.178033e-01
2026.110.16:59:00/gps-maser/+1.178034e-01
2026.110.17:00:00/gps-fmout/+1.178033e-01
2026.110.17:00:00/gps-maser/+1.178034e-01
2026.110.17:01:00/gps-fmout/+1.178033e-01
2026.110.17:01:00/gps-maser/+1.178034e-01
2026.110.17:02:00/gps-fmout/+1.178033e-01
2026.110.17:02:00/gps-maser/+1.178034e-01
2026.110.17:03:00/gps-fmout/+1.178033e-01
2026.110.17:03:00/gps-maser/+1.178034e-01
2026.110.17:04:00/gps-fmout/+1.178033e-01
2026.110.17:04:00/gps-maser/+1.178034e-01
2026.110.17:05:00/gps-fmout/+1.178033e-01
2026.110.17:05:00/gps-maser/+1.178034e-01
2026.110.17:06:00/gps-fmout/+1.178033e-01
2026.110.17:06:00/gps-maser/+1.178034e-01
2026.110.17:07:00/gps-fmout/+1.178033e-01
2026.110.17:07:00/gps-maser/+1.178034e-01
2026.110.17:08:00/gps-fmout/+1.178033e-01
2026.110.17:08:00/gps-maser/+1.178034e-01
2026.110.17:09:00/gps-fmout/+1.178033e-01
2026.110.17:09:00/gps-maser/+1.178034e-01
2026.110.17:10:00/gps-fmout/+1.178033e-01
2026.110.17:10:00/gps-maser/+1.178034e-01
2026.110.17:11:00/gps-fmout/+1.178033e-01
2026.110.17:11:00/gps-maser/+1.178034e-01
2026.110.17:12:00/gps-fmout/+1.178033e-01
2026.110.17:12:00/gps-maser/+1.178034e-01
2026.110.17:13:00/gps-fmout/+1.178033e-01
2026.110.17:13:00/gps-maser/+1.178034e-01
2026.110.17:14:00/gps-fmout/+1.178033e-01
2026.110.17:14:00/gps-maser/+1.178034e-01
2026.110.17:15:00/gps-fmout/+1.178033e-01
2026.110.17:15:00/gps-maser/+1.178034e-01
2026.110.17:16:00/gps-fmout/+1.178033e-01
2026.110.17:16:00/gps-maser/+1.178034e-01
2026.110.17:17:00/gps-fmout/+1.178033e-01
2026.110.17:17:00/gps-maser/+1.178034e-01
2026.110.17:18:00/gps-fmout/+1.178033e-01
2026.110.17:18:00/gps-maser/+1.178034e-01
2026.110.17:19:00/gps-fmout/+1.178033e-01
2026.110.17:19:00/gps-maser/+1.178034e-01
2026.110.17:20:00/gps-fmout/+1.178033e-01
2026.110.17:20:00/gps-maser/+1.178034e-01
2026.110.17:21:00/gps-fmout/+1.178033e-01
2026.110.17:21:00/gps-maser/+1.178034e-01
2026.110.17:22:00/gps-fmout/+1.178033e-01
2026.110.17:22:00/gps-maser/+1.178034e-01
2026.110.17:23:00/gps-fmout/+1.178033e-01
2026.110.17:23:00/gps-maser/+1.178034e-01
2026.110.17:24:00/gps-fmout/+1.178033e-01
2026.110.17:24:00/gps-maser/+1.178034e-01
2026.110.17:25:00/gps-fmout/+1.178033e-01
2026.110.17:25:00/gps-maser/+1.178034e-01
2026.110.17:26:00/gps-fmout/+1.178033e-01
2026.110.17:26:00/gps-maser/+1.178034e-01
2026.110.17:27:00/gps-fmout/+1.178033e-01
2026.110.17:27:00/gps-maser/+1.178034e-01
2026.110.17:28:00/gps-fmout/+1.178033e-01
2026.110.17:28:00/gps-maser/+1.178034e-01
2026.110.17:29:00/gps-fmout/+1.178033e-01
2026.110.17:29:00/gps-maser/+1.178034e-01
2026.110.17:30:00/gps-fmout/+1.178033e-01
2026.110.17:30:00/gps-maser/+1.178034e-01
2026.110.17:31:00/gps-fmout/+1.178033e-01
2026.110.17:31:00/gps-maser/+1.178034e-01
2026.110.17:32:00/gps-fmout/+1.178033e-01
2026.110.17:32:00/gps-maser/+1.178034e-01
2026.110.17:33:00/gps-fmout/+1.178033e-01
2026.110.17:33:00/gps-maser/+1.178034e-01
2026.110.17:34:00/gps-fmout/+1.178033e-01
2026.110.17:34:00/gps-maser/+1.178034e-01
2026.110.17:35:00/gps-fmout/+1.178033e-01
2026.110.17:35:00/gps-maser/+1.178034e-01
2026.110.17:36:00/gps-fmout/+1.178033e-01
2026.110.17:36:00/gps-maser/+1.178034e-01
2026.110.17:37:00/gps-fmout/+1.178033e-01
2026.110.17:37:00/gps-maser/+1.178034e-01
2026.110.17:38:00/gps-fmout/+1.178033e-01
2026.110.17:38:00/gps-maser/+1.178034e-01
2026.110.17:39:00/gps-fmout/+1.178033e-01
2026.110.17:39:00/gps-maser/+1.178034e-01
2026.110.17:40:00/gps-fmout/+1.178033e-01
2026.110.17:40:00/gps-maser/+1.178034e-01
2026.110.17:41:00/gps-fmout/+1.178033e-01
2026.110.17:41:00/gps-maser/+1.178034e-01
2026.110.17:42:00/gps-fmout/+1.178033e-01
2026.110.17:42:00/gps-maser/+1.178034e-01
2026.110.17:43:00/gps-fmout/+1.178033e-01
2026.110.17:43:00/gps-maser/+1.178034e-01
2026.110.17:44:00/gps-fmout/+1.178033e-01
2026.110.17:44:00/gps-maser/+1.178034e-01
2026.110.17:45:00/gps-fmout/+1.178033e-01
2026.110.17:45:00/gps-maser/+1.178034e-01
2026.110.17:46:00/gps-fmout/+1.178033e-01
2026.110.17:46:00/gps-maser/+1.178034e-01
2026.110.17:47:00/gps-fmout/+1.178033e-01
2026.110.17:47:00/gps-maser/+1.178034e-01
2026.110.17:48:00/gps-fmout/+1.178033e-01
2026.110.17:48:00/gps-maser/+1.178034e-01
2026.110.17:49:00/gps-fmout/+1.178033e-01
2026.110.17:49:00/gps-maser/+1.178034e-01
2026.110.17:50:00/gps-fmout/+1.178033e-01
2026.110.17:50:00/gps-maser/+1.178034e-01
2026.110.17:51:00/gps-fmout/+1.178033e-01
2026.110.17:51:00/gps-maser/+1.178034e-01
2026.110.17:52:00/gps-fmout/+1.178033e-01
2026.110.17:52:00/gps-maser/+1.178034e-01
2026.110.17:53:00/gps-fmout/+1.178033e-01
2026.110.17:53:00/gps-maser/+1.178034e-01
2026.110.17:54:00/gps-fmout/+1.178033e-01
2026.110.17:54:00/gps-maser/+1.178034e-01
2026.110.17:55:00/gps-fmout/+1.178033e-01
2026.110.17:55:00/gps-maser/+1.178034e-01
2026.110.17:56:00/gps-fmout/+1.178033e-01
2026.110.17:56:00/gps-maser/+1.178034e-01
2026.110.17:57:00/gps-fmout/+1.178033e-01
2026.110.17:57:00/gps-maser/+1.178034e-01
2026.110.17:58:00/gps-fmout/+1.178033e-01
2026.110.17:58:00/gps-maser/+1.178034e-01
2026.110.17:59:00/gps-fmout/+1.178033e-01
2026.110.17:59:00/gps-maser/+1.178034e-01
2026.110.18:00:00/gps-fmout/+1.178033e-01
2026.110.18:00:00/gps-maser/+1.178034e-01
2026.110.18:01:00/gps-fmout/+1.178033e-01
2026.110.18:01:00/gps-maser/+1.178034e-01
2026.110.18:02:00/gps-fmout/+1.178033e-01
2026.110.18:02:00/gps-maser/+1.178034e-01
2026.110.18:03:00/gps-fmout/+1.178033e-01
2026.110.18:03:00/gps-maser/+1.178034e-01
2026.110.18:04:00/gps-fmout/+1.178033e-01
2026.110.18:04:00/gps-maser/+1.178034e-01
2026.110.18:05:00/gps-fmout/+1.178033e-01
2026.110.18:05:00/gps-maser/+1.178034e-01
2026.110.18:06:00/gps-fmout/+1.178033e-01
2026.110.18:06:00/gps-maser/+1.178034e-01
2026.110.18:07:00/gps-fmout/+1.178033e-01
2026.110.18:07:00/gps-maser/+1.178034e-01
2026.110.18:08:00/gps-fmout/+1.178033e-01
2026.110.18:08:00/gps-maser/+1.178034e-01
2026.110.18:09:00/gps-fmout/+1.178033e-01
2026.110.18:09:00/gps-maser/+1.178034e-01
2026.110.18:10:00/gps-fmout/+1.178033e-01
2026.110.18:10:00/gps-maser/+1.178034e-01
2026.110.18:11:00/gps-fmout/+1.178033e-01
2026.110.18:11:00/gps-maser/+1.178034e-01
2026.110.18:12:00/gps-fmout/+1.178033e-01
2026.110.18:12:00/gps-maser/+1.178034e-01
2026.110.18:13:00/gps-fmout/+1.178033e-01
2026.110.18:13:00/gps-maser/+1.178034e-01
2026.110.18:14:00/gps-fmout/+1.178033e-01
2026.110.18:14:00/gps-maser/+1.178034e-01
2026.110.18:15:00/gps-fmout/+1.178033e-01
2026.110.18:15:00/gps-maser/+1.178034e-01
2026.110.18:16:00/gps-fmout/+1.178033e-01
2026.110.18:16:00/gps-maser/+1.178034e-01
2026.110.18:17:00/gps-fmout/+1.178033e-01
2026.110.18:17:00/gps-maser/+1.178034e-01
2026.110.18:18:00/gps-fmout/+1.178033e-01
2026.110.18:18:00/gps-maser/+1.178034e-01
2026.110.18:19:00/gps-fmout/+1.178033e-01
2026.110.18:19:00/gps-maser/+1.178034e-01
2026.110.18:20:00/gps-fmout/+1.178033e-01
2026.110.18:20:00/gps-maser/+1.178034e-01
2026.110.18:21:00/gps-fmout/+1.178033e-01
2026.110.18:21:00/gps-maser/+1.178034e-01
2026.110.18:22:00/gps-fmout/+1.178033e-01
2026.110.18:22:00/gps-maser/+1.178034e-01
2026.110.18:23:00/gps-fmout/+1.178033e-01
2026.110.18:23:00/gps-maser/+1.178034e-01
2026.110.18:24:00/gps-fmout/+1.178033e-01
2026.110.18:24:00/gps-maser/+1.178034e-01
2026.110.18:25:00/gps-fmout/+1.178033e-01
2026.110.18:25:00/gps-maser/+1.178034e-01
2026.110.18:26:00/gps-fmout/+1.178033e-01
2026.110.18:26:00/gps-maser/+1.178034e-01
2026.110.18:27:00/gps-fmout/+1.178033e-01
2026.110.18:27:00/gps-maser/+1.178034e-01
2026.110.18:28:00/gps-fmout/+1.178033e-01
2026.110.18:28:00/gps-maser/+1.178034e-01
2026.110.18:29:00/gps-fmout/+1.178033e-01
2026.110.18:29:00/gps-maser/+1.178034e-01
2026.110.18:30:00/gps-fmout/+1.178033e-01
2026.110.18:30:00/gps-maser/+1.178034e-01
2026.110.18:31:00/gps-fmout/+1.178033e-01
2026.110.18:31:00/gps-maser/+1.178034e-01
2026.110.18:32:00/gps-fmout/+1.178033e-01
2026.110.18:32:00/gps-maser/+1.178034e-01
2026.110.18:33:00/gps-fmout/+1.178033e-01
2026.110.18:33:00/gps-maser/+1.178034e-01
2026.110.18:34:00/gps-fmout/+1.178033e-01
2026.110.18:34:00/gps-maser/+1.178034e-01
2026.110.18:35:00/gps-fmout/+1.178033e-01
2026.110.18:35:00/gps-maser/+1.178034e-01
2026.110.18:36:00/gps-fmout/+1.178033e-01
2026.110.18:36:00/gps-maser/+1.178034e-01
2026.110.18:37:00/gps-fmout/+1.178033e-01
2026.110.18:37:00/gps-maser/+1.178034e-01
2026.110.18:38:00/gps-fmout/+1.178033e-01
2026.110.18:38:00/gps-maser/+1.178034e-01
2026.110.18:39:00/gps-fmout/+1.178033e-01
2026.110.18:39:00/gps-maser/+1.178034e-01
2026.110.18:40:00/gps-fmout/+1.178033e-01
2026.110.18:40:00/gps-maser/+1.178034e-01
2026.110.18:41:00/gps-fmout/+1.178033e-01
2026.110.18:41:00/gps-maser/+1.178034e-01
2026.110.18:42:00/gps-fmout/+1.178033e-01
2026.110.18:42:00/gps-maser/+1.178034e-01
2026.110.18:43:00/gps-fmout/+1.178033e-01
2026.110.18:43:00/gps-maser/+1.178034e-01
2026.110.18:44:00/gps-fmout/+1.178033e-01
2026.110.18:44:00/gps-maser/+1.178034e-01
2026.110.18:45:00/gps-fmout/+1.178033e-01
2026.110.18:45:00/gps-maser/+1.178034e-01
2026.110.18:46:00/gps-fmout/+1.178033e-01
2026.110.18:46:00/gps-maser/+1.178034e-01
2026.110.18:47:00/gps-fmout/+1.178033e-01
2026.110.18:47:00/gps-maser/+1.178034e-01
2026.110.18:48:00/gps-fmout/+1.178033e-01
2026.110.18:48:00/gps-maser/+1.178034e-01
2026.110.18:49:00/gps-fmout/+1.178033e-01
2026.110.18:49:00/gps-maser/+1.178034e-01
2026.110.18:50:00/gps-fmout/+1.178033e-01
2026.110.18:50:00/gps-maser/+1.178034e-01
2026.110.18:51:00/gps-fmout/+1.178033e-01
2026.110.18:51:00/gps-maser/+1.178034e-01
2026.110.18:52:00/gps-fmout/+1.178033e-01
2026.110.18:52:00/gps-maser/+1.178034e-01
2026.110.18:53:00/gps-fmout/+1.178033e-01
2026.110.18:53:00/gps-maser/+1.178034e-01
2026.110.18:54:00/gps-fmout/+1.178033e-01
2026.110.18:54:00/gps-maser/+1.178034e-01
2026.110.18:55:00/gps-fmout/+1.178033e-01
2026.110.18:55:00/gps-maser/+1.178034e-01
2026.110.18:56:00/gps-fmout/+1.178033e-01
2026.110.18:56:00/gps-maser/+1.178034e-01
2026.110.18:57:00/gps-fmout/+1.178033e-01
2026.110.18:57:00/gps-maser/+1.178034e-01
2026.110.18:58:00/gps-fmout/+1.178033e-01
2026.110.18:58:00/gps-maser/+1.178034e-01
2026.110.18:59:00/gps-fmout/+1.178033e-01
2026.110.18:59:00/gps-maser/+1.178034e-01
2026.110.19:00:00/gps-fmout/+1.178033e-01
2026.110.19:00:00/gps-maser/+1.178034e-01
2026.110.19:01:00/gps-fmout/+1.178033e-01
2026.110.19:01:00/gps-maser/+1.178034e-01
2026.110.19:02:00/gps-fmout/+1.178033e-01
2026.110.19:02:00/gps-maser/+1.178034e-01
2026.110.19:03:00/gps-fmout/+1.178033e-01
2026.110.19:03:00/gps-maser/+1.178034e-01
2026.110.19:04:00/gps-fmout/+1.178033e-01
2026.110.19:04:00/gps-maser/+1.178034e-01
2026.110.19:05:00/gps-fmout/+1.178033e-01
2026.110.19:05:00/gps-maser/+1.178034e-01
2026.110.19:06:00/gps-fmout/+1.178033e-01
2026.110.19:06:00/gps-maser/+1.178034e-01
2026.110.19:07:00/gps-fmout/+1.178033e-01
2026.110.19:07:00/gps-maser/+1.178034e-01
2026.110.19:08:00/gps-fmout/+1.178033e-01
2026.110.19:08:00/gps-maser/+1.178034e-01
2026.110.19:09:00/gps-fmout/+1.178033e-01
2026.110.19:09:00/gps-maser/+1.178034e-01
2026.110.19:10:00/gps-fmout/+1.178033e-01
2026.110.19:10:00/gps-maser/+1.178034e-01
2026.110.19:11:00/gps-fmout/+1.178033e-01
2026.110.19:11:00/gps-maser/+1.178034e-01
2026.110.19:12:00/gps-fmout/+1.178033e-01
2026.110.19:12:00/gps-maser/+1.178034e-01
2026.110.19:13:00/gps-fmout/+1.178033e-01
2026.110.19:13:00/gps-maser/+1.178034e-01
2026.110.19:14:00/gps-fmout/+1.178033e-01
2026.110.19:14:00/gps-maser/+1.178034e-01
2026.110.19:15:00/gps-fmout/+1.178033e-01
2026.110.19:15:00/gps-maser/+1.178034e-01
2026.110.19:16:00/gps-fmout/+1.178033e-01
2026.110.19:16:00/gps-maser/+1.178034e-01
2026.110.19:17:00/gps-fmout/+1.178033e-01
2026.110.19:17:00/gps-maser/+1.178034e-01
2026.110.19:18:00/gps-fmout/+1.178033e-01
2026.110.19:18:00/gps-maser/+1.178034e-01
2026.110.19:19:00/gps-fmout/+1.178033e-01
2026.110.19:19:00/gps-maser/+1.178034e-01
2026.110.19:20:00/gps-fmout/+1.178033e-01
2026.110.19:20:00/gps-maser/+1.178034e-01
2026.110.19:21:00/gps-fmout/+1.178033e-01
2026.110.19:21:00/gps-maser/+1.178034e-01
2026.110.19:22:00/gps-fmout/+1.178033e-01
2026.110.19:22:00/gps-maser/+1.178034e-01
2026.110.19:23:00/gps-fmout/+1.178033e-01
2026.110.19:23:00/gps-maser/+1.178034e-01
2026.110.19:24:00/gps-fmout/+1.178033e-01
2026.110.19:24:00/gps-maser/+1.178034e-01
2026.110.19:25:00/gps-fmout/+1.178033e-01
2026.110.19:25:00/gps-maser/+1.178034e-01
2026.110.19:26:00/gps-fmout/+1.178033e-01
2026.110.19:26:00/gps-maser/+1.178034e-01
2026.110.19:27:00/gps-fmout/+1.178033e-01
2026.110.19:27:00/gps-maser/+1.178034e-01
2026.110.19:28:00/gps-fmout/+1.178033e-01
2026.110.19:28:00/gps-maser/+1.178034e-01
2026.110.19:29:00/gps-fmout/+1.178033e-01
2026.110.19:29:00/gps-maser/+1.178034e-01
2026.110.19:30:00/gps-fmout/+1.178033e-01
2026.110.19:30:00/gps-maser/+1.178034e-01
2026.110.19:31:00/gps-fmout/+1.178033e-01
2026.110.19:31:00/gps-maser/+1.178034e-01
2026.110.19:32:00/gps-fmout/+1.178033e-01
2026.110.19:32:00/gps-maser/+1.178034e-01
2026.110.19:33:00/gps-fmout/+1.178033e-01
2026.110.19:33:00/gps-maser/+1.178034e-01
2026.110.19:34:00/gps-fmout/+1.178033e-01
2026.110.19:34:00/gps-maser/+1.178034e-01
2026.110.19:35:00/gps-fmout/+1.178033e-01
2026.110.19:35:00/gps-maser/+1.178034e-01
2026.110.19:36:00/gps-fmout/+1.178033e-01
2026.110.19:36:00/gps-maser/+1.178034e-01
2026.110.19:37:00/gps-fmout/+1.178033e-01
2026.110.19:37:00/gps-maser/+1.178034e-01
2026.110.19:38:00/gps-fmout/+1.178033e-01
2026.110.19:38:00/gps-maser/+1.178034e-01
2026.110.19:39:00/gps-fmout/+1.178033e-01
2026.110.19:39:00/gps-maser/+1.178034e-01
2026.110.19:40:00/gps-fmout/+1.178033e-01
2026.110.19:40:00/gps-maser/+1.178034e-01
2026.110.19:41:00/gps-fmout/+1.178033e-01
2026.110.19:41:00/gps-maser/+1.178034e-01
2026.110.19:42:00/gps-fmout/+1.178033e-01
2026.110.19:42:00/gps-maser/+1.178034e-01
2026.110.19:43:00/gps-fmout/+1.178033e-01
2026.110.19:43:00/gps-maser/+1.178034e-01
2026.110.19:44:00/gps-fmout/+1.178033e-01
2026.110.19:44:00/gps-maser/+1.178034e-01
2026.110.19:45:00/gps-fmout/+1.178033e-01
2026.110.19:45:00/gps-maser/+1.178034e-01
2026.110.19:46:00/gps-fmout/+1.178033e-01
2026.110.19:46:00/gps-maser/+1.178034e-01
2026.110.19:47:00/gps-fmout/+1.178033e-01
2026.110.19:47:00/gps-maser/+1.178034e-01
2026.110.19:48:00/gps-fmout/+1.178033e-01
2026.110.19:48:00/gps-maser/+1.178034e-01
2026.110.19:49:00/gps-fmout/+1.178033e-01
2026.110.19:49:00/gps-maser/+1.178034e-01
2026.110.19:50:00/gps-fmout/+1.178033e-01
2026.110.19:50:00/gps-maser/+1.178034e-01
2026.110.19:51:00/gps-fmout/+1.178033e-01
2026.110.19:51:00/gps-maser/+1.178034e-01
2026.110.19:52:00/gps-fmout/+1.178033e-01
2026.110.19:52:00/gps-maser/+1.178034e-01
2026.110.19:53:00/gps-fmout/+1.178033e-01
2026.110.19:53:00/gps-maser/+1.178034e-01
2026.110.19:54:00/gps-fmout/+1.178033e-01
2026.110.19:54:00/gps-maser/+1.178034e-01
2026.110.19:55:00/gps-fmout/+1.178033e-01
2026.110.19:55:00/gps-maser/+1.178034e-01
2026.110.19:56:00/gps-fmout/+1.178033e-01
2026.110.19:56:00/gps-maser/+1.178034e-01
2026.110.19:57:00/gps-fmout/+1.178033e-01
2026.110.19:57:00/gps-maser/+1.178034e-01
2026.110.19:58:00/gps-fmout/+1.178033e-01
2026.110.19:58:00/gps-maser/+1.178034e-01
2026.110.19:59:00/gps-fmout/+1.178033e-01
2026.110.19:59:00/gps-maser/+1.178034e-01
2026.110.20:00:00/gps-fmout/+1.178033e-01
2026.110.20:00:00/gps-maser/+1.178034e-01
2026.110.20:01:00/gps-fmout/+1.178033e-01
2026.110.20:01:00/gps-maser/+1.178034e-01
2026.110.20:02:00/gps-fmout/+1.178033e-01
2026.110.20:02:00/gps-maser/+1.178034e-01
2026.110.20:03:00/gps-fmout/+1.178033e-01
2026.110.20:03:00/gps-maser/+1.178034e-01
2026.110.20:04:00/gps-fmout/+1.178033e-01
2026.110.20:04:00/gps-maser/+1.178034e-01
2026.110.20:05:00/gps-fmout/+1.178033e-01
2026.110.20:05:00/gps-maser/+1.178034e-01
2026.110.20:06:00/gps-fmout/+1.178033e-01
2026.110.20:06:00/gps-maser/+1.178034e-01
2026.110.20:07:00/gps-fmout/+1.178033e-01
2026.110.20:07:00/gps-maser/+1.178034e-01
2026.110.20:08:00/gps-fmout/+1.178033e-01
2026.110.20:08:00/gps-maser/+1.178034e-01
2026.110.20:09:00/gps-fmout/+1.178033e-01
2026.110.20:09:00/gps-maser/+1.178034e-01
2026.110.20:10:00/gps-fmout/+1.178033e-01
2026.110.20:10:00/gps-maser/+1.178034e-01
2026.110.20:11:00/gps-fmout/+1.178033e-01
2026.110.20:11:00/gps-maser/+1.178034e-01
2026.110.20:12:00/gps-fmout/+1.178033e-01
2026.110.20:12:00/gps-maser/+1.178034e-01
2026.110.20:13:00/gps-fmout/+1.178033e-01
2026.110.20:13:00/gps-maser/+1.178034e-01
2026.110.20:14:00/gps-fmout/+1.178033e-01
2026.110.20:14:00/gps-maser/+1.178034e-01
2026.110.20:15:00/gps-fmout/+1.178033e-01
2026.110.20:15:00/gps-maser/+1.178034e-01
2026.110.20:16:00/gps-fmout/+1.178033e-01
2026.110.20:16:00/gps-maser/+1.178034e-01
2026.110.20:17:00/gps-fmout/+1.178033e-01
2026.110.20:17:00/gps-maser/+1.178034e-01
2026.110.20:18:00/gps-fmout/+1.178033e-01
2026.110.20:18:00/gps-maser/+1.178034e-01
2026.110.20:19:00/gps-fmout/+1.178033e-01
2026.110.20:19:00/gps-maser/+1.178034e-01
2026.110.20:20:00/gps-fmout/+1.178033e-01
2026.110.20:20:00/gps-maser/+1.178034e-01
2026.110.20:21:00/gps-fmout/+1.178033e-01
2026.110.20:21:00/gps-maser/+1.178034e-01
2026.110.20:22:00/gps-fmout/+1.178033e-01
2026.110.20:22:00/gps-maser/+1.178034e-01
2026.110.20:23:00/gps-fmout/+1.178033e-01
2026.110.20:23:00/gps-maser/+1.178034e-01
2026.110.20:24:00/gps-fmout/+1.178033e-01
2026.110.20:24:00/gps-maser/+1.178034e-01
2026.110.20:25:00/gps-fmout/+1.178033e-01
2026.110.20:25:00/gps-maser/+1.178034e-01
2026.110.20:26:00/gps-fmout/+1.178033e-01
2026.110.20:26:00/gps-maser/+1.178034e-01
2026.110.20:27:00/gps-fmout/+1.178033e-01
2026.110.20:27:00/gps-maser/+1.178034e-01
2026.110.20:28:00/gps-fmout/+1.178033e-01
2026.110.20:28:00/gps-maser/+1.178034e-01
2026.110.20:29:00/gps-fmout/+1.178033e-01
2026.110.20:29:00/gps-maser/+1.178034e-01
2026.110.20:30:00/gps-fmout/+1.178033e-01
2026.110.20:30:00/gps-maser/+1.178034e-01
2026.110.20:31:00/gps-fmout/+1.178033e-01
2026.110.20:31:00/gps-maser/+1.178034e-01
2026.110.20:32:00/gps-fmout/+1.178033e-01
2026.110.20:32:00/gps-maser/+1.178034e-01
2026.110.20:33:00/gps-fmout/+1.178033e-01
2026.110.20:33:00/gps-maser/+1.178034e-01
2026.110.20:34:00/gps-fmout/+1.178033e-01
2026.110.20:34:00/gps-maser/+1.178034e-01
2026.110.20:35:00/gps-fmout/+1.178033e-01
2026.110.20:35:00/gps-maser/+1.178034e-01
2026.110.20:36:00/gps-fmout/+1.178033e-01
2026.110.20:36:00/gps-maser/+1.178034e-01
2026.110.20:37:00/gps-fmout/+1.178033e-01
2026.110.20:37:00/gps-maser/+1.178034e-01
2026.110.20:38:00/gps-fmout/+1.178033e-01
2026.110.20:38:00/gps-maser/+1.178034e-01
2026.110.20:39:00/gps-fmout/+1.178033e-01
2026.110.20:39:00/gps-maser/+1.178034e-01
2026.110.20:40:00/gps-fmout/+1.178033e-01
2026.110.20:40:00/gps-maser/+1.178034e-01
2026.110.20:41:00/gps-fmout/+1.178033e-01
2026.110.20:41:00/gps-maser/+1.178034e-01
2026.110.20:42:00/gps-fmout/+1.178033e-01
2026.110.20:42:00/gps-maser/+1.178034e-01
2026.110.20:43:00/gps-fmout/+1.178033e-01
2026.110.20:43:00/gps-maser/+1.178034e-01
2026.110.20:44:00/gps-fmout/+1.178033e-01
2026.110.20:44:00/gps-maser/+1.178034e-01
2026.110.20:45:00/gps-fmout/+1.178033e-01
2026.110.20:45:00/gps-maser/+1.178034e-01
2026.110.20:46:00/gps-fmout/+1.178033e-01
2026.110.20:46:00/gps-maser/+1.178034e-01
2026.110.20:47:00/gps-fmout/+1.178033e-01
2026.110.20:47:00/gps-maser/+1.178034e-01
2026.110.20:48:00/gps-fmout/+1.178033e-01
2026.110.20:48:00/gps-maser/+1.178034e-01
2026.110.20:49:00/gps-fmout/+1.178033e-01
2026.110.20:49:00/gps-maser/+1.178034e-01
2026.110.20:50:00/gps-fmout/+1.178033e-01
2026.110.20:50:00/gps-maser/+1.178034e-01
2026.110.20:51:00/gps-fmout/+1.178033e-01
2026.110.20:51:00/gps-maser/+1.178034e-01
2026.110.20:52:00/gps-fmout/+1.178033e-01
2026.110.20:52:00/gps-maser/+1.178034e-01
2026.110.20:53:00/gps-fmout/+1.178033e-01
2026.110.20:53:00/gps-maser/+1.178034e-01
2026.110.20:54:00/gps-fmout/+1.178033e-01
2026.110.20:54:00/gps-maser/+1.178034e-01
2026.110.20:55:00/gps-fmout/+1.178033e-01
2026.110.20:55:00/gps-maser/+1.178034e-01
2026.110.20:56:00/gps-fmout/+1.178033e-01
2026.110.20:56:00/gps-maser/+1.178034e-01
2026.110.20:57:00/gps-fmout/+1.178033e-01
2026.110.20:57:00/gps-maser/+1.178034e-01
2026.110.20:58:00/gps-fmout/+1.178033e-01
2026.110.20:58:00/gps-maser/+1.178034e-01
2026.110.20:59:00/gps-fmout/+1.178033e-01
2026.110.20:59:00/gps-maser/+1.178034e-01
2026.110.21:00:00/gps-fmout/+1.178033e-01
2026.110.21:00:00/gps-maser/+1.178034e-01
2026.110.21:01:00/gps-fmout/+1.178033e-01
2026.110.21:01:00/gps-maser/+1.178034e-01
2026.110.21:02:00/gps-fmout/+1.178033e-01
2026.110.21:02:00/gps-maser/+1.178034e-01
2026.110.21:03:00/gps-fmout/+1.178033e-01
2026.110.21:03:00/gps-maser/+1.178034e-01
2026.110.21:04:00/gps-fmout/+1.178033e-01
2026.110.21:04:00/gps-maser/+1.178034e-01
2026.110.21:05:00/gps-fmout/+1.178033e-01
2026.110.21:05:00/gps-maser/+1.178034e-01
2026.110.21:06:00/gps-fmout/+1.178033e-01
2026.110.21:06:00/gps-maser/+1.178034e-01
2026.110.21:07:00/gps-fmout/+1.178033e-01
2026.110.21:07:00/gps-maser/+1.178034e-01
2026.110.21:08:00/gps-fmout/+1.178033e-01
2026.110.21:08:00/gps-maser/+1.178034e-01
2026.110.21:09:00/gps-fmout/+1.178033e-01
2026.110.21:09:00/gps-maser/+1.178034e-01
2026.110.21:10:00/gps-fmout/+1.178033e-01
2026.110.21:10:00/gps-maser/+1.178034e-01
2026.110.21:11:00/gps-fmout/+1.178033e-01
2026.110.21:11:00/gps-maser/+1.178034e-01
2026.110.21:12:00/gps-fmout/+1.178033e-01
2026.110.21:12:00/gps-maser/+1.178034e-01
2026.110.21:13:00/gps-fmout/+1.178033e-01
2026.110.21:13:00/gps-maser/+1.178034e-01
2026.110.21:14:00/gps-fmout/+1.178033e-01
2026.110.21:14:00/gps-maser/+1.178034e-01
2026.110.21:15:00/gps-fmout/+1.178033e-01
2026.110.21:15:00/gps-maser/+1.178034e-01
2026.110.21:16:00/gps-fmout/+1.178033e-01
2026.110.21:16:00/gps-maser/+1.178034e-01
2026.110.21:17:00/gps-fmout/+1.178033e-01
2026.110.21:17:00/gps-maser/+1.178034e-01
2026.110.21:18:00/gps-fmout/+1.178033e-01
2026.110.21:18:00/gps-maser/+1.178034e-01
2026.110.21:19:00/gps-fmout/+1.178033e-01
2026.110.21:19:00/gps-maser/+1.178034e-01
2026.110.21:20:00/gps-fmout/+1.178033e-01
2026.110.21:20:00/gps-maser/+1.178034e-01
2026.110.21:21:00/gps-fmout/+1.178033e-01
2026.110.21:21:00/gps-maser/+1.178034e-01
2026.110.21:22:00/gps-fmout/+1.178033e-01
2026.110.21:22:00/gps-maser/+1.178034e-01
2026.110.21:23:00/gps-fmout/+1.178033e-01
2026.110.21:23:00/gps-maser/+1.178034e-01
2026.110.21:24:00/gps-fmout/+1.178033e-01
2026.110.21:24:00/gps-maser/+1.178034e-01
2026.110.21:25:00/gps-fmout/+1.178033e-01
2026.110.21:25:00/gps-maser/+1.178034e-01
2026.110.21:26:00/gps-fmout/+1.178033e-01
2026.110.21:26:00/gps-maser/+1.178034e-01
2026.110.21:27:00/gps-fmout/+1.178033e-01
2026.110.21:27:00/gps-maser/+1.178034e-01
2026.110.21:28:00/gps-fmout/+1.178033e-01
2026.110.21:28:00/gps-maser/+1.178034e-01
2026.110.21:29:00/gps-fmout/+1.178033e-01
2026.110.21:29:00/gps-maser/+1.178034e-01
2026.110.21:30:00/gps-fmout/+1.178033e-01
2026.110.21:30:00/gps-maser/+1.178034e-01
2026.110.21:31:00/gps-fmout/+1.178033e-01
2026.110.21:31:00/gps-maser/+1.178034e-01
2026.110.21:32:00/gps-fmout/+1.178033e-01
2026.110.21:32:00/gps-maser/+1.178034e-01
2026.110.21:33:00/gps-fmout/+1.178033e-01
2026.110.21:33:00/gps-maser/+1.178034e-01
2026.110.21:34:00/gps-fmout/+1.178033e-01
2026.110.21:34:00/gps-maser/+1.178034e-01
2026.110.21:35:00/gps-fmout/+1.178033e-01
2026.110.21:35:00/gps-maser/+8.648990e-02
2026.110.21:36:00/gps-fmout/+1.178033e-01
2026.110.21:36:00/gps-maser/+3.227271e-06
2026.110.21:37:00/gps-fmout/+1.178033e-01
2026.110.21:37:00/gps-maser/+3.227166e-06
2026.110.21:38:00/gps-fmout/+1.178033e-01
2026.110.21:38:00/gps-maser/+3.228000e-06
2026.110.21:39:00/gps-fmout/+3.584232e-01
2026.110.21:39:00/gps-maser/+3.228000e-06
2026.110.21:40:00/gps-fmout/+5.687056e-02
2026.110.21:40:00/gps-maser/+3.228076e-06
2026.110.21:41:00/gps-fmout/+5.687056e-02
2026.110.21:41:00/gps-maser/+3.229042e-06
2026.110.21:42:00/gps-fmout/+5.687056e-02
2026.110.21:42:00/gps-maser/+3.228042e-06
2026.110.21:43:00/gps-fmout/+5.687056e-02
2026.110.21:43:00/gps-maser/+3.227000e-06
2026.110.21:44:00/gps-fmout/+5.687056e-02
2026.110.21:44:00/gps-maser/+3.227000e-06
2026.110.21:45:00/gps-fmout/+5.687056e-02
2026.110.21:45:00/gps-maser/+3.227308e-06
2026.110.21:46:00/gps-fmout/+5.687056e-02
2026.110.21:46:00/gps-maser/+3.229972e-06
2026.110.21:47:00/gps-fmout/+1.065900e-01
2026.110.21:47:00/gps-maser/+3.230585e-06
2026.110.21:48:00/gps-fmout/+4.557699e-01
2026.110.21:48:00/gps-maser/+3.232025e-06
2026.110.21:49:00/gps-fmout/+1.392483e-01
2026.110.21:49:00/gps-maser/+3.233312e-06
2026.110.21:50:00/gps-fmout/+3.120461e-06
2026.110.21:50:00/gps-maser/+3.232707e-06
2026.110.21:51:00/gps-fmout/+3.130624e-06
2026.110.21:51:00/gps-maser/+3.230008e-06
2026.110.21:52:00/gps-fmout/+3.128566e-06
2026.110.21:52:00/gps-maser/+3.231286e-06
2026.110.21:53:00/gps-fmout/+3.128277e-06
2026.110.21:53:00/gps-maser/+3.230478e-06
2026.110.21:54:00/gps-fmout/+3.125764e-06
2026.110.21:54:00/gps-maser/+3.227726e-06
2026.110.21:55:00/gps-fmout/+3.124804e-06
2026.110.21:55:00/gps-maser/+3.226133e-06
2026.110.21:56:00/gps-fmout/+3.125160e-06
2026.110.21:56:00/gps-maser/+3.227029e-06
2026.110.21:57:00/gps-fmout/+3.126328e-06
2026.110.21:57:00/gps-maser/+3.227288e-06
2026.110.21:58:00/gps-fmout/+3.129000e-06
2026.110.21:58:00/gps-maser/+3.228590e-06
2026.110.21:59:00/gps-fmout/+3.129584e-06
2026.110.21:59:00/gps-maser/+3.228642e-06
2026.110.22:00:00/gps-fmout/+3.127946e-06
2026.110.22:00:00/gps-maser/+3.229900e-06
2026.110.22:01:00/gps-fmout/+3.127944e-06
2026.110.22:01:00/gps-maser/+3.228996e-06
2026.110.22:02:00/gps-fmout/+3.127000e-06
2026.110.22:02:00/gps-maser/+3.229321e-06
2026.110.22:03:00/gps-fmout/+3.127000e-06
2026.110.22:03:00/gps-maser/+3.230157e-06
2026.110.22:04:00/gps-fmout/+3.127000e-06
2026.110.22:04:00/gps-maser/+3.229888e-06
2026.110.22:05:00/gps-fmout/+3.127566e-06
2026.110.22:05:00/gps-maser/+3.228166e-06
2026.110.22:06:00/gps-fmout/+3.129812e-06
2026.110.22:06:00/gps-maser/+3.227037e-06
2026.110.22:07:00/gps-fmout/+3.131955e-06
2026.110.22:07:00/gps-maser/+3.230382e-06
2026.110.22:08:00/gps-fmout/+3.131477e-06
2026.110.22:08:00/gps-maser/+3.233592e-06
2026.110.22:09:00/gps-fmout/+3.131781e-06
2026.110.22:09:00/gps-maser/+3.234825e-06
2026.110.22:10:00/gps-fmout/+3.131127e-06
2026.110.22:10:00/gps-maser/+3.232994e-06
2026.110.22:11:00/gps-fmout/+3.132992e-06
2026.110.22:11:00/gps-maser/+3.232598e-06
2026.110.22:12:00/gps-fmout/+3.131274e-06
2026.110.22:12:00/gps-maser/+3.231258e-06
2026.110.22:13:00/gps-fmout/+3.131968e-06
2026.110.22:13:00/gps-maser/+3.230000e-06
2026.110.22:14:00/gps-fmout/+3.130723e-06
2026.110.22:14:00/gps-maser/+3.230000e-06
2026.110.22:15:00/gps-fmout/+3.127380e-06
2026.110.22:15:00/gps-maser/+3.229205e-06
2026.110.22:16:00/gps-fmout/+3.126987e-06
2026.110.22:16:00/gps-maser/+3.226342e-06
2026.110.22:17:00/gps-fmout/+3.126777e-06
2026.110.22:17:00/gps-maser/+3.225205e-06
2026.110.22:18:00/gps-fmout/+3.126469e-06
2026.110.22:18:00/gps-maser/+3.227131e-06
2026.110.22:19:00/gps-fmout/+3.127307e-06
2026.110.22:19:00/gps-maser/+3.227000e-06
2026.110.22:20:00/gps-fmout/+5.786224e-02
2026.110.22:20:00/gps-maser/+3.230275e-06
2026.110.22:21:00/gps-fmout/+1.738796e-01
2026.110.22:21:00/gps-maser/+3.230971e-06
2026.110.22:22:00/gps-fmout/+1.738796e-01
2026.110.22:22:00/gps-maser/+3.229251e-06
2026.110.22:23:00/gps-fmout/+1.738796e-01
2026.110.22:23:00/gps-maser/+3.227236e-06
2026.110.22:24:00/gps-fmout/+1.738796e-01
2026.110.22:24:00/gps-maser/+3.224519e-06
2026.110.22:25:00/gps-fmout/+1.738796e-01
2026.110.22:25:00/gps-maser/+3.221917e-06
2026.110.22:26:00/gps-fmout/+1.738796e-01
2026.110.22:26:00/gps-maser/+3.218861e-06
2026.110.22:27:00/gps-fmout/+1.738796e-01
2026.110.22:27:00/gps-maser/+3.216128e-06
2026.110.22:28:00/gps-fmout/+2.060065e-01
2026.110.22:28:00/gps-maser/+3.216994e-06
2026.110.22:29:00/gps-fmout/+2.589333e-01
2026.110.22:29:00/gps-maser/+3.217432e-06
2026.110.22:30:00/gps-fmout/+3.156201e-06
2026.110.22:30:00/gps-maser/+3.218000e-06
2026.110.22:31:00/gps-fmout/+3.151974e-06
2026.110.22:31:00/gps-maser/+3.218000e-06
2026.110.22:32:00/gps-fmout/+3.153287e-06
2026.110.22:32:00/gps-maser/+3.218449e-06
2026.110.22:33:00/gps-fmout/+3.155848e-06
2026.110.22:33:00/gps-maser/+3.221274e-06
2026.110.22:34:00/gps-fmout/+3.158373e-06
2026.110.22:34:00/gps-maser/+3.224810e-06
2026.110.22:35:00/gps-fmout/+3.159000e-06
2026.110.22:35:00/gps-maser/+3.223115e-06
2026.110.22:36:00/gps-fmout/+3.159000e-06
2026.110.22:36:00/gps-maser/+3.222189e-06
2026.110.22:37:00/gps-fmout/+3.159000e-06
2026.110.22:37:00/gps-maser/+3.225350e-06
2026.110.22:38:00/gps-fmout/+3.158998e-06
2026.110.22:38:00/gps-maser/+3.225607e-06
2026.110.22:39:00/gps-fmout/+3.158898e-06
2026.110.22:39:00/gps-maser/+3.224955e-06
2026.110.22:40:00/gps-fmout/+3.160786e-06
2026.110.22:40:00/gps-maser/+3.225114e-06
2026.110.22:41:00/gps-fmout/+3.158750e-06
2026.110.22:41:00/gps-maser/+3.225920e-06
2026.110.22:42:00/gps-fmout/+3.157323e-06
2026.110.22:42:00/gps-maser/+3.221970e-06
2026.110.22:43:00/gps-fmout/+3.157440e-06
2026.110.22:43:00/gps-maser/+3.221750e-06
2026.110.22:44:00/gps-fmout/+3.155744e-06
2026.110.22:44:00/gps-maser/+3.220967e-06
2026.110.22:45:00/gps-fmout/+3.153330e-06
2026.110.22:45:00/gps-maser/+3.219881e-06
2026.110.22:46:00/gps-fmout/+3.152000e-06
2026.110.22:46:00/gps-maser/+3.217409e-06
2026.110.22:47:00/gps-fmout/+3.152000e-06
2026.110.22:47:00/gps-maser/+3.217585e-06
2026.110.22:48:00/gps-fmout/+3.152000e-06
2026.110.22:48:00/gps-maser/+3.219013e-06
2026.110.22:49:00/gps-fmout/+3.152000e-06
2026.110.22:49:00/gps-maser/+3.218370e-06
2026.110.22:50:00/gps-fmout/+3.152129e-06
2026.110.22:50:00/gps-maser/+3.219000e-06
2026.110.22:51:00/gps-fmout/+3.152945e-06
2026.110.22:51:00/gps-maser/+3.219000e-06
2026.110.22:52:00/gps-fmout/+3.152000e-06
2026.110.22:52:00/gps-maser/+3.218007e-06
2026.110.22:53:00/gps-fmout/+3.152000e-06
2026.110.22:53:00/gps-maser/+3.216523e-06
2026.110.22:54:00/gps-fmout/+3.152287e-06
2026.110.22:54:00/gps-maser/+3.219918e-06
2026.110.22:55:00/gps-fmout/+3.154070e-06
2026.110.22:55:00/gps-maser/+3.220302e-06
2026.110.22:56:00/gps-fmout/+3.155013e-06
2026.110.22:56:00/gps-maser/+3.221851e-06
2026.110.22:57:00/gps-fmout/+3.156696e-06
2026.110.22:57:00/gps-maser/+3.221191e-06
2026.110.22:58:00/gps-fmout/+3.155000e-06
2026.110.22:58:00/gps-maser/+3.221085e-06
2026.110.22:59:00/gps-fmout/+3.153989e-06
2026.110.22:59:00/gps-maser/+3.220280e-06
2026.110.23:00:00/gps-fmout/+3.154789e-06
2026.110.23:00:00/gps-maser/+3.220900e-06
2026.110.23:01:00/gps-fmout/+3.153052e-06
2026.110.23:01:00/gps-maser/+3.219978e-06
2026.110.23:02:00/gps-fmout/+3.154615e-06
2026.110.23:02:00/gps-maser/+3.219366e-06
2026.110.23:03:00/gps-fmout/+3.154000e-06
2026.110.23:03:00/gps-maser/+3.220211e-06
2026.110.23:04:00/gps-fmout/+3.154000e-06
2026.110.23:04:00/gps-maser/+3.221016e-06
2026.110.23:05:00/gps-fmout/+3.154749e-06
2026.110.23:05:00/gps-maser/+3.219433e-06
2026.110.23:06:00/gps-fmout/+3.155471e-06
2026.110.23:06:00/gps-maser/+3.219162e-06
2026.110.23:07:00/gps-fmout/+3.153196e-06
2026.110.23:07:00/gps-maser/+3.220000e-06
2026.110.23:08:00/gps-fmout/+3.154105e-06
2026.110.23:08:00/gps-maser/+3.220000e-06
2026.110.23:09:00/gps-fmout/+3.153674e-06
2026.110.23:09:00/gps-maser/+3.219820e-06
2026.110.23:10:00/gps-fmout/+3.153050e-06
2026.110.23:10:00/gps-maser/+3.219070e-06
2026.110.23:11:00/gps-fmout/+3.154042e-06
2026.110.23:11:00/gps-maser/+3.221000e-06
2026.110.23:12:00/gps-fmout/+3.154539e-06
2026.110.23:12:00/gps-maser/+3.219283e-06
2026.110.23:13:00/gps-fmout/+3.152812e-06
2026.110.23:13:00/gps-maser/+3.220046e-06
2026.110.23:14:00/gps-fmout/+3.153173e-06
2026.110.23:14:00/gps-maser/+3.220086e-06
2026.110.23:15:00/gps-fmout/+3.155028e-06
2026.110.23:15:00/gps-maser/+3.222922e-06
2026.110.23:16:00/gps-fmout/+3.155267e-06
2026.110.23:16:00/gps-maser/+3.221329e-06
2026.110.23:17:00/gps-fmout/+3.156067e-06
2026.110.23:17:00/gps-maser/+3.219343e-06
2026.110.23:18:00/gps-fmout/+3.154517e-06
2026.110.23:18:00/gps-maser/+3.221698e-06
2026.110.23:19:00/gps-fmout/+3.153216e-06
2026.110.23:19:00/gps-maser/+3.219356e-06
2026.110.23:20:00/gps-fmout/+3.154167e-06
2026.110.23:20:00/gps-maser/+3.217808e-06
2026.110.23:21:00/gps-fmout/+3.153891e-06
2026.110.23:21:00/gps-maser/+3.217000e-06
2026.110.23:22:00/gps-fmout/+3.150461e-06
2026.110.23:22:00/gps-maser/+3.215292e-06
2026.110.23:23:00/gps-fmout/+3.147361e-06
2026.110.23:23:00/gps-maser/+3.213801e-06
2026.110.23:24:00/gps-fmout/+3.146985e-06
2026.110.23:24:00/gps-maser/+3.213883e-06
2026.110.23:25:00/gps-fmout/+3.147387e-06
2026.110.23:25:00/gps-maser/+3.210401e-06
2026.110.23:26:00/gps-fmout/+3.147212e-06
2026.110.23:26:00/gps-maser/+3.210000e-06
2026.110.23:27:00/gps-fmout/+3.144210e-06
2026.110.23:27:00/gps-maser/+3.210000e-06
2026.110.23:28:00/gps-fmout/+3.145479e-06
2026.110.23:28:00/gps-maser/+3.211115e-06
2026.110.23:29:00/gps-fmout/+3.146326e-06
2026.110.23:29:00/gps-maser/+3.213133e-06
2026.110.23:30:00/gps-fmout/+3.147583e-06
2026.110.23:30:00/gps-maser/+3.213163e-06
2026.110.23:31:00/gps-fmout/+3.153072e-06
2026.110.23:31:00/gps-maser/+3.218069e-06
2026.110.23:32:00/gps-fmout/+3.155199e-06
2026.110.23:32:00/gps-maser/+3.222471e-06
2026.110.23:33:00/gps-fmout/+3.157453e-06
2026.110.23:33:00/gps-maser/+3.223549e-06
2026.110.23:34:00/gps-fmout/+3.159143e-06
2026.110.23:34:00/gps-maser/+3.226149e-06
2026.110.23:35:00/gps-fmout/+3.160857e-06
2026.110.23:35:00/gps-maser/+3.227849e-06
2026.110.23:36:00/gps-fmout/+3.162248e-06
2026.110.23:36:00/gps-maser/+3.227505e-06
2026.110.23:37:00/gps-fmout/+3.162221e-06
2026.110.23:37:00/gps-maser/+3.229196e-06
2026.110.23:38:00/gps-fmout/+3.162591e-06
2026.110.23:38:00/gps-maser/+3.229532e-06
2026.110.23:39:00/gps-fmout/+3.161981e-06
2026.110.23:39:00/gps-maser/+3.228167e-06
2026.110.23:40:00/gps-fmout/+3.161664e-06
2026.110.23:40:00/gps-maser/+3.228290e-06
2026.110.23:41:00/gps-fmout/+3.158983e-06
2026.110.23:41:00/gps-maser/+3.226000e-06
2026.110.23:42:00/gps-fmout/+3.158614e-06
2026.110.23:42:00/gps-maser/+3.224864e-06
2026.110.23:43:00/gps-fmout/+3.157759e-06
2026.110.23:43:00/gps-maser/+3.223061e-06
2026.110.23:44:00/gps-fmout/+3.156955e-06
2026.110.23:44:00/gps-maser/+3.224096e-06
2026.110.23:45:00/gps-fmout/+3.156563e-06
2026.110.23:45:00/gps-maser/+3.224097e-06
2026.110.23:46:00/gps-fmout/+3.155718e-06
2026.110.23:46:00/gps-maser/+3.221916e-06
2026.110.23:47:00/gps-fmout/+3.154914e-06
2026.110.23:47:00/gps-maser/+3.221846e-06
2026.110.23:48:00/gps-fmout/+3.155880e-06
2026.110.23:48:00/gps-maser/+3.222140e-06
2026.110.23:49:00/gps-fmout/+3.157031e-06
2026.110.23:49:00/gps-maser/+3.224468e-06
2026.110.23:50:00/gps-fmout/+3.157445e-06
2026.110.23:50:00/gps-maser/+3.224912e-06
2026.110.23:51:00/gps-fmout/+3.160068e-06
2026.110.23:51:00/gps-maser/+3.224000e-06
2026.110.23:52:00/gps-fmout/+3.161148e-06
2026.110.23:52:00/gps-maser/+3.225095e-06
2026.110.23:53:00/gps-fmout/+3.161632e-06
2026.110.23:53:00/gps-maser/+3.228184e-06
2026.110.23:54:00/gps-fmout/+3.164972e-06
2026.110.23:54:00/gps-maser/+3.228117e-06
2026.110.23:55:00/gps-fmout/+3.164213e-06
2026.110.23:55:00/gps-maser/+3.230523e-06
2026.110.23:56:00/gps-fmout/+3.165765e-06
2026.110.23:56:00/gps-maser/+3.231056e-06
2026.110.23:57:00/gps-fmout/+3.168076e-06
2026.110.23:57:00/gps-maser/+3.231196e-06
2026.110.23:58:00/gps-fmout/+3.167786e-06
2026.110.23:58:00/gps-maser/+3.231828e-06
2026.110.23:59:00/gps-fmout/+3.166005e-06
2026.110.23:59:00/gps-maser/+3.229466e-06
2026.111.00:00:00/gps-fmout/+3.162512e-06
2026.111.00:00:00/gps-maser/+3.227771e-06
2026.111.00:01:00/gps-fmout/+3.160000e-06
2026.111.00:01:00/gps-maser/+3.226116e-06
2026.111.00:02:00/gps-fmout/+3.158672e-06
2026.111.00:02:00/gps-maser/+3.224098e-06
2026.111.00:03:00/gps-fmout/+3.155381e-06
2026.111.00:03:00/gps-maser/+3.221489e-06
2026.111.00:04:00/gps-fmout/+3.152795e-06
2026.111.00:04:00/gps-maser/+3.218910e-06
2026.111.00:05:00/gps-fmout/+3.151148e-06
2026.111.00:05:00/gps-maser/+3.215904e-06
2026.111.00:06:00/gps-fmout/+3.152000e-06
2026.111.00:06:00/gps-maser/+3.214898e-06
2026.111.00:07:00/gps-fmout/+3.152000e-06
2026.111.00:07:00/gps-maser/+3.216245e-06
2026.111.00:08:00/gps-fmout/+3.152271e-06
2026.111.00:08:00/gps-maser/+3.219389e-06
2026.111.00:09:00/gps-fmout/+3.153425e-06
2026.111.00:09:00/gps-maser/+3.221217e-06
2026.111.00:10:00/gps-fmout/+3.155438e-06
2026.111.00:10:00/gps-maser/+3.221155e-06
2026.111.00:11:00/gps-fmout/+3.158474e-06
2026.111.00:11:00/gps-maser/+3.223410e-06
2026.111.00:12:00/gps-fmout/+3.158674e-06
2026.111.00:12:00/gps-maser/+3.225236e-06
2026.111.00:13:00/gps-fmout/+3.157816e-06
2026.111.00:13:00/gps-maser/+3.224935e-06
2026.111.00:14:00/gps-fmout/+3.156976e-06
2026.111.00:14:00/gps-maser/+3.224000e-06
2026.111.00:15:00/gps-fmout/+3.156716e-06
2026.111.00:15:00/gps-maser/+3.220008e-06
2026.111.00:16:00/gps-fmout/+3.155568e-06
2026.111.00:16:00/gps-maser/+3.218841e-06
2026.111.00:17:00/gps-fmout/+3.153936e-06
2026.111.00:17:00/gps-maser/+3.219113e-06
2026.111.00:18:00/gps-fmout/+3.154258e-06
2026.111.00:18:00/gps-maser/+3.220916e-06
2026.111.00:19:00/gps-fmout/+3.155724e-06
2026.111.00:19:00/gps-maser/+3.222143e-06
2026.111.00:20:00/gps-fmout/+3.158322e-06
2026.111.00:20:00/gps-maser/+3.222000e-06
2026.111.00:21:00/gps-fmout/+3.158893e-06
2026.111.00:21:00/gps-maser/+3.222415e-06
2026.111.00:22:00/gps-fmout/+3.157069e-06
2026.111.00:22:00/gps-maser/+3.222631e-06
2026.111.00:23:00/gps-fmout/+3.154831e-06
2026.111.00:23:00/gps-maser/+3.220858e-06
2026.111.00:24:00/gps-fmout/+3.156091e-06
2026.111.00:24:00/gps-maser/+3.222450e-06
2026.111.00:25:00/gps-fmout/+3.158895e-06
2026.111.00:25:00/gps-maser/+3.224798e-06
2026.111.00:26:00/gps-fmout/+3.160283e-06
2026.111.00:26:00/gps-maser/+3.226166e-06
2026.111.00:27:00/gps-fmout/+3.161031e-06
2026.111.00:27:00/gps-maser/+3.226078e-06
2026.111.00:28:00/gps-fmout/+3.161843e-06
2026.111.00:28:00/gps-maser/+3.227747e-06
2026.111.00:29:00/gps-fmout/+3.162636e-06
2026.111.00:29:00/gps-maser/+3.227507e-06
2026.111.00:30:00/gps-fmout/+3.160963e-06
2026.111.00:30:00/gps-maser/+3.228811e-06
2026.111.00:31:00/gps-fmout/+3.161520e-06
2026.111.00:31:00/gps-maser/+3.227114e-06
2026.111.00:32:00/gps-fmout/+3.161552e-06
2026.111.00:32:00/gps-maser/+3.225493e-06
2026.111.00:33:00/gps-fmout/+3.159956e-06
2026.111.00:33:00/gps-maser/+3.225207e-06
2026.111.00:34:00/gps-fmout/+3.159943e-06
2026.111.00:34:00/gps-maser/+3.226186e-06
2026.111.00:35:00/gps-fmout/+3.158229e-06
2026.111.00:35:00/gps-maser/+3.225644e-06
2026.111.00:36:00/gps-fmout/+3.156626e-06
2026.111.00:36:00/gps-maser/+3.224788e-06
2026.111.00:37:00/gps-fmout/+3.155871e-06
2026.111.00:37:00/gps-maser/+3.223888e-06
2026.111.00:38:00/gps-fmout/+3.155961e-06
2026.111.00:38:00/gps-maser/+3.221592e-06
2026.111.00:39:00/gps-fmout/+3.157077e-06
2026.111.00:39:00/gps-maser/+3.220746e-06
2026.111.00:40:00/gps-fmout/+3.153526e-06
2026.111.00:40:00/gps-maser/+3.220032e-06
2026.111.00:41:00/gps-fmout/+3.154972e-06
2026.111.00:41:00/gps-maser/+3.220558e-06
2026.111.00:42:00/gps-fmout/+3.154609e-06
2026.111.00:42:00/gps-maser/+3.220283e-06
2026.111.00:43:00/gps-fmout/+3.155928e-06
2026.111.00:43:00/gps-maser/+3.221000e-06
2026.111.00:44:00/gps-fmout/+3.155019e-06
2026.111.00:44:00/gps-maser/+3.221000e-06
2026.111.00:45:00/gps-fmout/+3.156373e-06
2026.111.00:45:00/gps-maser/+3.221000e-06
2026.111.00:46:00/gps-fmout/+3.157226e-06
2026.111.00:46:00/gps-maser/+3.221062e-06
2026.111.00:47:00/gps-fmout/+3.158102e-06
2026.111.00:47:00/gps-maser/+3.222063e-06
2026.111.00:48:00/gps-fmout/+3.158633e-06
2026.111.00:48:00/gps-maser/+3.222879e-06
2026.111.00:49:00/gps-fmout/+3.155988e-06
2026.111.00:49:00/gps-maser/+3.221604e-06
2026.111.00:50:00/gps-fmout/+3.152866e-06
2026.111.00:50:00/gps-maser/+3.219727e-06
2026.111.00:51:00/gps-fmout/+3.151661e-06
2026.111.00:51:00/gps-maser/+3.216994e-06
2026.111.00:52:00/gps-fmout/+3.150308e-06
2026.111.00:52:00/gps-maser/+3.215671e-06
2026.111.00:53:00/gps-fmout/+3.151546e-06
2026.111.00:53:00/gps-maser/+3.214962e-06
2026.111.00:54:00/gps-fmout/+3.150020e-06
2026.111.00:54:00/gps-maser/+3.213550e-06
2026.111.00:55:00/gps-fmout/+3.149004e-06
2026.111.00:55:00/gps-maser/+3.212223e-06
2026.111.00:56:00/gps-fmout/+3.147000e-06
2026.111.00:56:00/gps-maser/+3.212991e-06
2026.111.00:57:00/gps-fmout/+3.147936e-06
2026.111.00:57:00/gps-maser/+3.213056e-06
2026.111.00:58:00/gps-fmout/+3.147078e-06
2026.111.00:58:00/gps-maser/+3.214764e-06
2026.111.00:59:00/gps-fmout/+3.149058e-06
2026.111.00:59:00/gps-maser/+3.216370e-06
2026.111.01:00:00/gps-fmout/+3.152718e-06
2026.111.01:00:00/gps-maser/+3.217043e-06
2026.111.01:01:00/gps-fmout/+3.149430e-06
2026.111.01:01:00/gps-maser/+3.216319e-06
2026.111.01:02:00/gps-fmout/+3.148984e-06
2026.111.01:02:00/gps-maser/+3.214236e-06
2026.111.01:03:00/gps-fmout/+3.148569e-06
2026.111.01:03:00/gps-maser/+3.212129e-06
2026.111.01:04:00/gps-fmout/+3.146956e-06
2026.111.01:04:00/gps-maser/+3.214377e-06
2026.111.01:05:00/gps-fmout/+3.146673e-06
2026.111.01:05:00/gps-maser/+3.212631e-06
2026.111.01:06:00/gps-fmout/+3.146372e-06
2026.111.01:06:00/gps-maser/+3.210343e-06
2026.111.01:07:00/gps-fmout/+3.149973e-06
2026.111.01:07:00/gps-maser/+3.212057e-06
2026.111.01:08:00/gps-fmout/+3.149152e-06
2026.111.01:08:00/gps-maser/+3.213438e-06
2026.111.01:09:00/gps-fmout/+3.150738e-06
2026.111.01:09:00/gps-maser/+3.214712e-06
2026.111.01:10:00/gps-fmout/+3.153201e-06
2026.111.01:10:00/gps-maser/+3.218144e-06
2026.111.01:11:00/gps-fmout/+3.155014e-06
2026.111.01:11:00/gps-maser/+3.219850e-06
2026.111.01:12:00/gps-fmout/+3.156149e-06
2026.111.01:12:00/gps-maser/+3.221040e-06
2026.111.01:13:00/gps-fmout/+3.156000e-06
2026.111.01:13:00/gps-maser/+3.220192e-06
2026.111.01:14:00/gps-fmout/+3.156000e-06
2026.111.01:14:00/gps-maser/+3.221481e-06
2026.111.01:15:00/gps-fmout/+3.155501e-06
2026.111.01:15:00/gps-maser/+3.222635e-06
2026.111.01:16:00/gps-fmout/+3.157021e-06
2026.111.01:16:00/gps-maser/+3.223932e-06
2026.111.01:17:00/gps-fmout/+3.155760e-06
2026.111.01:17:00/gps-maser/+3.221965e-06
2026.111.01:18:00/gps-fmout/+3.153139e-06
2026.111.01:18:00/gps-maser/+3.220169e-06
2026.111.01:19:00/gps-fmout/+3.151433e-06
2026.111.01:19:00/gps-maser/+3.216760e-06
2026.111.01:20:00/gps-fmout/+3.150050e-06
2026.111.01:20:00/gps-maser/+3.217164e-06
2026.111.01:21:00/gps-fmout/+3.149035e-06
2026.111.01:21:00/gps-maser/+3.216150e-06
2026.111.01:22:00/gps-fmout/+3.147000e-06
2026.111.01:22:00/gps-maser/+3.212216e-06
2026.111.01:23:00/gps-fmout/+3.147000e-06
2026.111.01:23:00/gps-maser/+3.211000e-06
2026.111.01:24:00/gps-fmout/+3.146991e-06
2026.111.01:24:00/gps-maser/+3.211000e-06
2026.111.01:25:00/gps-fmout/+3.142252e-06
2026.111.01:25:00/gps-maser/+3.209640e-06
2026.111.01:26:00/gps-fmout/+3.140547e-06
2026.111.01:26:00/gps-maser/+3.206000e-06
2026.111.01:27:00/gps-fmout/+3.138881e-06
2026.111.01:27:00/gps-maser/+3.206000e-06
2026.111.01:28:00/gps-fmout/+3.139856e-06
2026.111.01:28:00/gps-maser/+3.205711e-06
2026.111.01:29:00/gps-fmout/+3.141563e-06
2026.111.01:29:00/gps-maser/+3.204949e-06
2026.111.01:30:00/gps-fmout/+3.143256e-06
2026.111.01:30:00/gps-maser/+3.206407e-06
2026.111.01:31:00/gps-fmout/+3.144027e-06
2026.111.01:31:00/gps-maser/+3.209550e-06
2026.111.01:32:00/gps-fmout/+3.145035e-06
2026.111.01:32:00/gps-maser/+3.211014e-06
2026.111.01:33:00/gps-fmout/+3.148367e-06
2026.111.01:33:00/gps-maser/+3.213903e-06
2026.111.01:34:00/gps-fmout/+3.150044e-06
2026.111.01:34:00/gps-maser/+3.214467e-06
2026.111.01:35:00/gps-fmout/+3.152865e-06
2026.111.01:35:00/gps-maser/+3.216720e-06
2026.111.01:36:00/gps-fmout/+3.154344e-06
2026.111.01:36:00/gps-maser/+3.218302e-06
2026.111.01:37:00/gps-fmout/+3.154941e-06
2026.111.01:37:00/gps-maser/+3.218982e-06
2026.111.01:38:00/gps-fmout/+3.152689e-06
2026.111.01:38:00/gps-maser/+3.217902e-06
2026.111.01:39:00/gps-fmout/+3.150980e-06
2026.111.01:39:00/gps-maser/+3.218213e-06
2026.111.01:40:00/gps-fmout/+3.151775e-06
2026.111.01:40:00/gps-maser/+3.218810e-06
2026.111.01:41:00/gps-fmout/+3.150320e-06
2026.111.01:41:00/gps-maser/+3.216058e-06
2026.111.01:42:00/gps-fmout/+3.150720e-06
2026.111.01:42:00/gps-maser/+3.216617e-06
2026.111.01:43:00/gps-fmout/+3.153068e-06
2026.111.01:43:00/gps-maser/+3.218307e-06
2026.111.01:44:00/gps-fmout/+3.153057e-06
2026.111.01:44:00/gps-maser/+3.219676e-06
2026.111.01:45:00/gps-fmout/+3.154771e-06
2026.111.01:45:00/gps-maser/+3.220116e-06
2026.111.01:46:00/gps-fmout/+3.156146e-06
2026.111.01:46:00/gps-maser/+3.219873e-06
2026.111.01:47:00/gps-fmout/+3.154985e-06
2026.111.01:47:00/gps-maser/+3.218940e-06
2026.111.01:48:00/gps-fmout/+3.154260e-06
2026.111.01:48:00/gps-maser/+3.218499e-06
2026.111.01:49:00/gps-fmout/+3.152711e-06
2026.111.01:49:00/gps-maser/+3.219892e-06
2026.111.01:50:00/gps-fmout/+3.153403e-06
2026.111.01:50:00/gps-maser/+3.219240e-06
2026.111.01:51:00/gps-fmout/+3.155677e-06
2026.111.01:51:00/gps-maser/+3.220581e-06
2026.111.01:52:00/gps-fmout/+3.156000e-06
2026.111.01:52:00/gps-maser/+3.220566e-06
2026.111.01:53:00/gps-fmout/+3.156000e-06
2026.111.01:53:00/gps-maser/+3.222015e-06
2026.111.01:54:00/gps-fmout/+3.156000e-06
2026.111.01:54:00/gps-maser/+3.222439e-06
2026.111.01:55:00/gps-fmout/+3.156279e-06
2026.111.01:55:00/gps-maser/+3.223616e-06
2026.111.01:56:00/gps-fmout/+3.156931e-06
2026.111.01:56:00/gps-maser/+3.224897e-06
2026.111.01:57:00/gps-fmout/+3.156061e-06
2026.111.01:57:00/gps-maser/+3.222090e-06
2026.111.01:58:00/gps-fmout/+3.156647e-06
2026.111.01:58:00/gps-maser/+3.224222e-06
2026.111.01:59:00/gps-fmout/+3.156541e-06
2026.111.01:59:00/gps-maser/+3.220469e-06
2026.111.02:00:00/gps-fmout/+3.157745e-06
2026.111.02:00:00/gps-maser/+3.220277e-06
2026.111.02:01:00/gps-fmout/+3.156034e-06
2026.111.02:01:00/gps-maser/+3.222261e-06
2026.111.02:02:00/gps-fmout/+3.155134e-06
2026.111.02:02:00/gps-maser/+3.221390e-06
2026.111.02:03:00/gps-fmout/+3.157141e-06
2026.111.02:03:00/gps-maser/+3.220201e-06
2026.111.02:04:00/gps-fmout/+3.156982e-06
2026.111.02:04:00/gps-maser/+3.221585e-06
2026.111.02:05:00/gps-fmout/+3.155613e-06
2026.111.02:05:00/gps-maser/+3.221805e-06
2026.111.02:06:00/gps-fmout/+3.157314e-06
2026.111.02:06:00/gps-maser/+3.221202e-06
2026.111.02:07:00/gps-fmout/+3.157899e-06
2026.111.02:07:00/gps-maser/+3.222979e-06
2026.111.02:08:00/gps-fmout/+3.157189e-06
2026.111.02:08:00/gps-maser/+3.222314e-06
2026.111.02:09:00/gps-fmout/+3.159357e-06
2026.111.02:09:00/gps-maser/+3.222877e-06
2026.111.02:10:00/gps-fmout/+3.160011e-06
2026.111.02:10:00/gps-maser/+3.222308e-06
2026.111.02:11:00/gps-fmout/+3.160474e-06
2026.111.02:11:00/gps-maser/+3.224125e-06
2026.111.02:12:00/gps-fmout/+3.161091e-06
2026.111.02:12:00/gps-maser/+3.223584e-06
2026.111.02:13:00/gps-fmout/+3.160828e-06
2026.111.02:13:00/gps-maser/+3.225173e-06
2026.111.02:14:00/gps-fmout/+3.160055e-06
2026.111.02:14:00/gps-maser/+3.226000e-06
2026.111.02:15:00/gps-fmout/+3.161770e-06
2026.111.02:15:00/gps-maser/+3.226823e-06
2026.111.02:16:00/gps-fmout/+3.163200e-06
2026.111.02:16:00/gps-maser/+3.226155e-06
2026.111.02:17:00/gps-fmout/+3.161868e-06
2026.111.02:17:00/gps-maser/+3.227011e-06
2026.111.02:18:00/gps-fmout/+3.160453e-06
2026.111.02:18:00/gps-maser/+3.227481e-06
2026.111.02:19:00/gps-fmout/+3.160126e-06
2026.111.02:19:00/gps-maser/+3.227529e-06
2026.111.02:20:00/gps-fmout/+3.160454e-06
2026.111.02:20:00/gps-maser/+3.224633e-06
2026.111.02:21:00/gps-fmout/+3.158000e-06
2026.111.02:21:00/gps-maser/+3.223825e-06
2026.111.02:22:00/gps-fmout/+3.158000e-06
2026.111.02:22:00/gps-maser/+3.225504e-06
2026.111.02:23:00/gps-fmout/+3.158082e-06
2026.111.02:23:00/gps-maser/+3.224520e-06
2026.111.02:24:00/gps-fmout/+3.158998e-06
2026.111.02:24:00/gps-maser/+3.226739e-06
2026.111.02:25:00/gps-fmout/+3.158320e-06
2026.111.02:25:00/gps-maser/+3.226833e-06
2026.111.02:26:00/gps-fmout/+3.158740e-06
2026.111.02:26:00/gps-maser/+3.225514e-06
2026.111.02:27:00/gps-fmout/+3.156759e-06
2026.111.02:27:00/gps-maser/+3.222950e-06
2026.111.02:28:00/gps-fmout/+3.155579e-06
2026.111.02:28:00/gps-maser/+3.222306e-06
2026.111.02:29:00/gps-fmout/+3.157125e-06
2026.111.02:29:00/gps-maser/+3.221316e-06
2026.111.02:30:00/gps-fmout/+3.156826e-06
2026.111.02:30:00/gps-maser/+3.223731e-06
2026.111.02:31:00/gps-fmout/+3.155368e-06
2026.111.02:31:00/gps-maser/+3.221222e-06
2026.111.02:32:00/gps-fmout/+3.157166e-06
2026.111.02:32:00/gps-maser/+3.222534e-06
2026.111.02:33:00/gps-fmout/+3.160569e-06
2026.111.02:33:00/gps-maser/+3.224227e-06
2026.111.02:34:00/gps-fmout/+3.164000e-06
2026.111.02:34:00/gps-maser/+3.226407e-06
2026.111.02:35:00/gps-fmout/+3.162962e-06
2026.111.02:35:00/gps-maser/+3.228648e-06
2026.111.02:36:00/gps-fmout/+3.165047e-06
2026.111.02:36:00/gps-maser/+3.230338e-06
2026.111.02:37:00/gps-fmout/+3.165060e-06
2026.111.02:37:00/gps-maser/+3.232022e-06
2026.111.02:38:00/gps-fmout/+3.166051e-06
2026.111.02:38:00/gps-maser/+3.230900e-06
2026.111.02:39:00/gps-fmout/+3.166399e-06
2026.111.02:39:00/gps-maser/+3.232675e-06
2026.111.02:40:00/gps-fmout/+3.168033e-06
2026.111.02:40:00/gps-maser/+3.231113e-06
2026.111.02:41:00/gps-fmout/+3.168475e-06
2026.111.02:41:00/gps-maser/+3.232821e-06
2026.111.02:42:00/gps-fmout/+3.168841e-06
2026.111.02:42:00/gps-maser/+3.234113e-06
2026.111.02:43:00/gps-fmout/+3.167976e-06
2026.111.02:43:00/gps-maser/+3.233133e-06
2026.111.02:44:00/gps-fmout/+3.166702e-06
2026.111.02:44:00/gps-maser/+3.232754e-06
2026.111.02:45:00/gps-fmout/+3.164872e-06
2026.111.02:45:00/gps-maser/+3.230343e-06
2026.111.02:46:00/gps-fmout/+3.164485e-06
2026.111.02:46:00/gps-maser/+3.228809e-06
2026.111.02:47:00/gps-fmout/+3.160959e-06
2026.111.02:47:00/gps-maser/+3.228000e-06
2026.111.02:48:00/gps-fmout/+3.159790e-06
2026.111.02:48:00/gps-maser/+3.226286e-06
2026.111.02:49:00/gps-fmout/+3.158072e-06
2026.111.02:49:00/gps-maser/+3.224940e-06
2026.111.02:50:00/gps-fmout/+3.159155e-06
2026.111.02:50:00/gps-maser/+3.227037e-06
2026.111.02:51:00/gps-fmout/+3.159984e-06
2026.111.02:51:00/gps-maser/+3.226318e-06
2026.111.02:52:00/gps-fmout/+3.158016e-06
2026.111.02:52:00/gps-maser/+3.224180e-06
2026.111.02:53:00/gps-fmout/+3.155100e-06
2026.111.02:53:00/gps-maser/+3.222000e-06
2026.111.02:54:00/gps-fmout/+3.155078e-06
2026.111.02:54:00/gps-maser/+3.222000e-06
2026.111.02:55:00/gps-fmout/+3.153556e-06
2026.111.02:55:00/gps-maser/+3.221845e-06
2026.111.02:56:00/gps-fmout/+3.153397e-06
2026.111.02:56:00/gps-maser/+3.220960e-06
2026.111.02:57:00/gps-fmout/+3.154449e-06
2026.111.02:57:00/gps-maser/+3.219983e-06
2026.111.02:58:00/gps-fmout/+3.155559e-06
2026.111.02:58:00/gps-maser/+3.219691e-06
2026.111.02:59:00/gps-fmout/+3.159164e-06
2026.111.02:59:00/gps-maser/+3.222222e-06
2026.111.03:00:00/gps-fmout/+3.159182e-06
2026.111.03:00:00/gps-maser/+3.223077e-06
2026.111.03:01:00/gps-fmout/+3.162091e-06
2026.111.03:01:00/gps-maser/+3.226089e-06
2026.111.03:02:00/gps-fmout/+3.162657e-06
2026.111.03:02:00/gps-maser/+3.226940e-06
2026.111.03:03:00/gps-fmout/+3.160252e-06
2026.111.03:03:00/gps-maser/+3.225868e-06
2026.111.03:04:00/gps-fmout/+3.160197e-06
2026.111.03:04:00/gps-maser/+3.224533e-06
2026.111.03:05:00/gps-fmout/+3.156817e-06
2026.111.03:05:00/gps-maser/+3.223168e-06
2026.111.03:06:00/gps-fmout/+3.153761e-06
2026.111.03:06:00/gps-maser/+3.219831e-06
2026.111.03:07:00/gps-fmout/+3.157000e-06
2026.111.03:07:00/gps-maser/+3.221420e-06
2026.111.03:08:00/gps-fmout/+3.156194e-06
2026.111.03:08:00/gps-maser/+3.223063e-06
2026.111.03:09:00/gps-fmout/+3.157400e-06
2026.111.03:09:00/gps-maser/+3.223418e-06
2026.111.03:10:00/gps-fmout/+3.159114e-06
2026.111.03:10:00/gps-maser/+3.226100e-06
2026.111.03:11:00/gps-fmout/+3.159965e-06
2026.111.03:11:00/gps-maser/+3.227692e-06
2026.111.03:12:00/gps-fmout/+3.158849e-06
2026.111.03:12:00/gps-maser/+3.225853e-06
2026.111.03:13:00/gps-fmout/+3.159197e-06
2026.111.03:13:00/gps-maser/+3.226141e-06
2026.111.03:14:00/gps-fmout/+3.160907e-06
2026.111.03:14:00/gps-maser/+3.227856e-06
2026.111.03:15:00/gps-fmout/+3.161954e-06
2026.111.03:15:00/gps-maser/+3.229184e-06
2026.111.03:16:00/gps-fmout/+3.161286e-06
2026.111.03:16:00/gps-maser/+3.227779e-06
2026.111.03:17:00/gps-fmout/+3.163000e-06
2026.111.03:17:00/gps-maser/+3.226909e-06
2026.111.03:18:00/gps-fmout/+3.163661e-06
2026.111.03:18:00/gps-maser/+3.226630e-06
2026.111.03:19:00/gps-fmout/+3.162414e-06
2026.111.03:19:00/gps-maser/+3.226300e-06
2026.111.03:20:00/gps-fmout/+3.165000e-06
2026.111.03:20:00/gps-maser/+3.229029e-06
2026.111.03:21:00/gps-fmout/+3.165000e-06
2026.111.03:21:00/gps-maser/+3.230735e-06
2026.111.03:22:00/gps-fmout/+3.165233e-06
2026.111.03:22:00/gps-maser/+3.232401e-06
2026.111.03:23:00/gps-fmout/+3.165829e-06
2026.111.03:23:00/gps-maser/+3.232915e-06
2026.111.03:24:00/gps-fmout/+3.164114e-06
2026.111.03:24:00/gps-maser/+3.229702e-06
2026.111.03:25:00/gps-fmout/+3.162916e-06
2026.111.03:25:00/gps-maser/+3.229516e-06
2026.111.03:26:00/gps-fmout/+3.165539e-06
2026.111.03:26:00/gps-maser/+3.232443e-06
2026.111.03:27:00/gps-fmout/+3.168386e-06
2026.111.03:27:00/gps-maser/+3.235368e-06
2026.111.03:28:00/gps-fmout/+3.168277e-06
2026.111.03:28:00/gps-maser/+3.235146e-06
2026.111.03:29:00/gps-fmout/+3.166021e-06
2026.111.03:29:00/gps-maser/+3.231969e-06
2026.111.03:30:00/gps-fmout/+3.166910e-06
2026.111.03:30:00/gps-maser/+3.232971e-06
2026.111.03:31:00/gps-fmout/+3.164655e-06
2026.111.03:31:00/gps-maser/+3.231000e-06
2026.111.03:32:00/gps-fmout/+3.165619e-06
2026.111.03:32:00/gps-maser/+3.231000e-06
2026.111.03:33:00/gps-fmout/+3.167922e-06
2026.111.03:33:00/gps-maser/+3.231028e-06
2026.111.03:34:00/gps-fmout/+3.167000e-06
2026.111.03:34:00/gps-maser/+3.232482e-06
2026.111.03:35:00/gps-fmout/+3.166938e-06
2026.111.03:35:00/gps-maser/+3.233074e-06
2026.111.03:36:00/gps-fmout/+3.167181e-06
2026.111.03:36:00/gps-maser/+3.233293e-06
2026.111.03:37:00/gps-fmout/+3.169000e-06
2026.111.03:37:00/gps-maser/+3.235058e-06
2026.111.03:38:00/gps-fmout/+3.170429e-06
2026.111.03:38:00/gps-maser/+3.235642e-06
2026.111.03:39:00/gps-fmout/+3.171200e-06
2026.111.03:39:00/gps-maser/+3.236865e-06
2026.111.03:40:00/gps-fmout/+3.172046e-06
2026.111.03:40:00/gps-maser/+3.234977e-06
2026.111.03:41:00/gps-fmout/+3.171637e-06
2026.111.03:41:00/gps-maser/+3.236014e-06
2026.111.03:42:00/gps-fmout/+3.171099e-06
2026.111.03:42:00/gps-maser/+3.237701e-06
2026.111.03:43:00/gps-fmout/+3.171895e-06
2026.111.03:43:00/gps-maser/+3.235077e-06
2026.111.03:44:00/gps-fmout/+3.171384e-06
2026.111.03:44:00/gps-maser/+3.235587e-06
2026.111.03:45:00/gps-fmout/+3.171232e-06
2026.111.03:45:00/gps-maser/+3.234836e-06
2026.111.03:46:00/gps-fmout/+3.169237e-06
2026.111.03:46:00/gps-maser/+3.235229e-06
2026.111.03:47:00/gps-fmout/+3.170500e-06
2026.111.03:47:00/gps-maser/+3.237118e-06
2026.111.03:48:00/gps-fmout/+3.171682e-06
2026.111.03:48:00/gps-maser/+3.237900e-06
2026.111.03:49:00/gps-fmout/+3.172809e-06
2026.111.03:49:00/gps-maser/+3.236843e-06
2026.111.03:50:00/gps-fmout/+3.169985e-06
2026.111.03:50:00/gps-maser/+3.235978e-06
2026.111.03:51:00/gps-fmout/+3.169611e-06
2026.111.03:51:00/gps-maser/+3.234259e-06
2026.111.03:52:00/gps-fmout/+3.168929e-06
2026.111.03:52:00/gps-maser/+3.232961e-06
2026.111.03:53:00/gps-fmout/+3.168893e-06
2026.111.03:53:00/gps-maser/+3.235020e-06
2026.111.03:54:00/gps-fmout/+3.168405e-06
2026.111.03:54:00/gps-maser/+3.234635e-06
2026.111.03:55:00/gps-fmout/+3.169000e-06
2026.111.03:55:00/gps-maser/+3.234240e-06
2026.111.03:56:00/gps-fmout/+3.169000e-06
2026.111.03:56:00/gps-maser/+3.235803e-06
2026.111.03:57:00/gps-fmout/+3.169000e-06
2026.111.03:57:00/gps-maser/+3.234873e-06
2026.111.03:58:00/gps-fmout/+3.169200e-06
2026.111.03:58:00/gps-maser/+3.235734e-06
2026.111.03:59:00/gps-fmout/+3.169935e-06
2026.111.03:59:00/gps-maser/+3.234972e-06
2026.111.04:00:00/gps-fmout/+3.169029e-06
2026.111.04:00:00/gps-maser/+3.235351e-06
2026.111.04:01:00/gps-fmout/+3.170743e-06
2026.111.04:01:00/gps-maser/+3.236998e-06
2026.111.04:02:00/gps-fmout/+3.172161e-06
2026.111.04:02:00/gps-maser/+3.238948e-06
2026.111.04:03:00/gps-fmout/+3.170975e-06
2026.111.04:03:00/gps-maser/+3.237992e-06
2026.111.04:04:00/gps-fmout/+3.171857e-06
2026.111.04:04:00/gps-maser/+3.238400e-06
2026.111.04:05:00/gps-fmout/+3.172835e-06
2026.111.04:05:00/gps-maser/+3.238840e-06
2026.111.04:06:00/gps-fmout/+3.171951e-06
2026.111.04:06:00/gps-maser/+3.238000e-06
2026.111.04:07:00/gps-fmout/+3.173364e-06
2026.111.04:07:00/gps-maser/+3.238000e-06
2026.111.04:08:00/gps-fmout/+3.175115e-06
2026.111.04:08:00/gps-maser/+3.237897e-06
2026.111.04:09:00/gps-fmout/+3.173393e-06
2026.111.04:09:00/gps-maser/+3.236523e-06
2026.111.04:10:00/gps-fmout/+3.169971e-06
2026.111.04:10:00/gps-maser/+3.234514e-06
2026.111.04:11:00/gps-fmout/+3.168257e-06
2026.111.04:11:00/gps-maser/+3.233657e-06
2026.111.04:12:00/gps-fmout/+3.166785e-06
2026.111.04:12:00/gps-maser/+3.233105e-06
2026.111.04:13:00/gps-fmout/+3.168134e-06
2026.111.04:13:00/gps-maser/+3.234948e-06
2026.111.04:14:00/gps-fmout/+3.169533e-06
2026.111.04:14:00/gps-maser/+3.233503e-06
2026.111.04:15:00/gps-fmout/+3.170039e-06
2026.111.04:15:00/gps-maser/+3.232969e-06
2026.111.04:16:00/gps-fmout/+3.170182e-06
2026.111.04:16:00/gps-maser/+3.234315e-06
2026.111.04:17:00/gps-fmout/+3.172442e-06
2026.111.04:17:00/gps-maser/+3.237099e-06
2026.111.04:18:00/gps-fmout/+3.173403e-06
2026.111.04:18:00/gps-maser/+3.238087e-06
2026.111.04:19:00/gps-fmout/+3.171470e-06
2026.111.04:19:00/gps-maser/+3.238254e-06
2026.111.04:20:00/gps-fmout/+3.174061e-06
2026.111.04:20:00/gps-maser/+3.239000e-06
2026.111.04:21:00/gps-fmout/+3.175546e-06
2026.111.04:21:00/gps-maser/+3.240226e-06
2026.111.04:22:00/gps-fmout/+3.176000e-06
2026.111.04:22:00/gps-maser/+3.243222e-06
2026.111.04:23:00/gps-fmout/+3.176000e-06
2026.111.04:23:00/gps-maser/+3.242925e-06
2026.111.04:24:00/gps-fmout/+3.175283e-06
2026.111.04:24:00/gps-maser/+3.241599e-06
2026.111.04:25:00/gps-fmout/+3.174327e-06
2026.111.04:25:00/gps-maser/+3.240744e-06
2026.111.04:26:00/gps-fmout/+3.175798e-06
2026.111.04:26:00/gps-maser/+3.240034e-06
2026.111.04:27:00/gps-fmout/+3.174827e-06
2026.111.04:27:00/gps-maser/+3.241126e-06
2026.111.04:28:00/gps-fmout/+3.175328e-06
2026.111.04:28:00/gps-maser/+3.240710e-06
2026.111.04:29:00/gps-fmout/+3.176185e-06
2026.111.04:29:00/gps-maser/+3.240058e-06
2026.111.04:30:00/gps-fmout/+3.176997e-06
2026.111.04:30:00/gps-maser/+3.241000e-06
2026.111.04:31:00/gps-fmout/+3.174574e-06
2026.111.04:31:00/gps-maser/+3.240738e-06
2026.111.04:32:00/gps-fmout/+3.175997e-06
2026.111.04:32:00/gps-maser/+3.239676e-06
2026.111.04:33:00/gps-fmout/+3.174704e-06
2026.111.04:33:00/gps-maser/+3.237987e-06
2026.111.04:34:00/gps-fmout/+3.171951e-06
2026.111.04:34:00/gps-maser/+3.238645e-06
2026.111.04:35:00/gps-fmout/+3.171769e-06
2026.111.04:35:00/gps-maser/+3.237985e-06
2026.111.04:36:00/gps-fmout/+3.170782e-06
2026.111.04:36:00/gps-maser/+3.237747e-06
2026.111.04:37:00/gps-fmout/+3.168474e-06
2026.111.04:37:00/gps-maser/+3.235114e-06
2026.111.04:38:00/gps-fmout/+3.167264e-06
2026.111.04:38:00/gps-maser/+3.233400e-06
2026.111.04:39:00/gps-fmout/+3.169043e-06
2026.111.04:39:00/gps-maser/+3.231980e-06
2026.111.04:40:00/gps-fmout/+3.169033e-06
2026.111.04:40:00/gps-maser/+3.235000e-06
2026.111.04:41:00/gps-fmout/+3.170057e-06
2026.111.04:41:00/gps-maser/+3.233202e-06
2026.111.04:42:00/gps-fmout/+3.170395e-06
2026.111.04:42:00/gps-maser/+3.234379e-06
2026.111.04:43:00/gps-fmout/+3.172000e-06
2026.111.04:43:00/gps-maser/+3.236045e-06
2026.111.04:44:00/gps-fmout/+3.172000e-06
2026.111.04:44:00/gps-maser/+3.236819e-06
2026.111.04:45:00/gps-fmout/+3.172499e-06
2026.111.04:45:00/gps-maser/+3.237852e-06
2026.111.04:46:00/gps-fmout/+3.173617e-06
2026.111.04:46:00/gps-maser/+3.236992e-06
2026.111.04:47:00/gps-fmout/+3.170264e-06
2026.111.04:47:00/gps-maser/+3.236571e-06
2026.111.04:48:00/gps-fmout/+3.169114e-06
2026.111.04:48:00/gps-maser/+3.235943e-06
2026.111.04:49:00/gps-fmout/+3.170000e-06
2026.111.04:49:00/gps-maser/+3.235916e-06
2026.111.04:50:00/gps-fmout/+3.170000e-06
2026.111.04:50:00/gps-maser/+3.235000e-06
2026.111.04:51:00/gps-fmout/+3.169137e-06
2026.111.04:51:00/gps-maser/+3.235296e-06
2026.111.04:52:00/gps-fmout/+3.166896e-06
2026.111.04:52:00/gps-maser/+3.233606e-06
2026.111.04:53:00/gps-fmout/+3.166880e-06
2026.111.04:53:00/gps-maser/+3.231868e-06
2026.111.04:54:00/gps-fmout/+3.165428e-06
2026.111.04:54:00/gps-maser/+3.229244e-06
2026.111.04:55:00/gps-fmout/+3.165307e-06
2026.111.04:55:00/gps-maser/+3.230026e-06
2026.111.04:56:00/gps-fmout/+3.166826e-06
2026.111.04:56:00/gps-maser/+3.230328e-06
2026.111.04:57:00/gps-fmout/+3.166322e-06
2026.111.04:57:00/gps-maser/+3.233095e-06
2026.111.04:58:00/gps-fmout/+3.167621e-06
2026.111.04:58:00/gps-maser/+3.234144e-06
2026.111.04:59:00/gps-fmout/+3.169498e-06
2026.111.04:59:00/gps-maser/+3.236942e-06
2026.111.05:00:00/gps-fmout/+3.172038e-06
2026.111.05:00:00/gps-maser/+3.235000e-06
2026.111.05:01:00/gps-fmout/+3.171658e-06
2026.111.05:01:00/gps-maser/+3.236714e-06
2026.111.05:02:00/gps-fmout/+3.171758e-06
2026.111.05:02:00/gps-maser/+3.238426e-06
2026.111.05:03:00/gps-fmout/+3.176895e-06
2026.111.05:03:00/gps-maser/+3.240150e-06
2026.111.05:04:00/gps-fmout/+3.176688e-06
2026.111.05:04:00/gps-maser/+3.242611e-06
2026.111.05:05:00/gps-fmout/+3.179557e-06
2026.111.05:05:00/gps-maser/+3.243007e-06
2026.111.05:06:00/gps-fmout/+3.179606e-06
2026.111.05:06:00/gps-maser/+3.243139e-06
2026.111.05:07:00/gps-fmout/+3.178437e-06
2026.111.05:07:00/gps-maser/+3.244680e-06
2026.111.05:08:00/gps-fmout/+3.179096e-06
2026.111.05:08:00/gps-maser/+3.244581e-06
2026.111.05:09:00/gps-fmout/+3.178593e-06
2026.111.05:09:00/gps-maser/+3.242819e-06
2026.111.05:10:00/gps-fmout/+3.175019e-06
2026.111.05:10:00/gps-maser/+3.242000e-06
2026.111.05:11:00/gps-fmout/+3.177000e-06
2026.111.05:11:00/gps-maser/+3.242013e-06
2026.111.05:12:00/gps-fmout/+3.177000e-06
2026.111.05:12:00/gps-maser/+3.244928e-06
2026.111.05:13:00/gps-fmout/+3.176945e-06
2026.111.05:13:00/gps-maser/+3.243914e-06
2026.111.05:14:00/gps-fmout/+3.176352e-06
2026.111.05:14:00/gps-maser/+3.242200e-06
2026.111.05:15:00/gps-fmout/+3.177001e-06
2026.111.05:15:00/gps-maser/+3.240486e-06
2026.111.05:16:00/gps-fmout/+3.177199e-06
2026.111.05:16:00/gps-maser/+3.239069e-06
2026.111.05:17:00/gps-fmout/+3.178611e-06
2026.111.05:17:00/gps-maser/+3.241459e-06
2026.111.05:18:00/gps-fmout/+3.178771e-06
2026.111.05:18:00/gps-maser/+3.242310e-06
2026.111.05:19:00/gps-fmout/+3.178238e-06
2026.111.05:19:00/gps-maser/+3.243305e-06
2026.111.05:20:00/gps-fmout/+3.180000e-06
2026.111.05:20:00/gps-maser/+3.246000e-06
2026.111.05:21:00/gps-fmout/+3.180000e-06
2026.111.05:21:00/gps-maser/+3.246000e-06
2026.111.05:22:00/gps-fmout/+3.179767e-06
2026.111.05:22:00/gps-maser/+3.245712e-06
2026.111.05:23:00/gps-fmout/+3.177960e-06
2026.111.05:23:00/gps-maser/+3.243007e-06
2026.111.05:24:00/gps-fmout/+3.178479e-06
2026.111.05:24:00/gps-maser/+3.243606e-06
2026.111.05:25:00/gps-fmout/+3.179000e-06
2026.111.05:25:00/gps-maser/+3.242761e-06
2026.111.05:26:00/gps-fmout/+3.179000e-06
2026.111.05:26:00/gps-maser/+3.242134e-06
2026.111.05:27:00/gps-fmout/+3.179000e-06
2026.111.05:27:00/gps-maser/+3.245850e-06
2026.111.05:28:00/gps-fmout/+3.179000e-06
2026.111.05:28:00/gps-maser/+3.245656e-06
2026.111.05:29:00/gps-fmout/+3.178845e-06
2026.111.05:29:00/gps-maser/+3.243559e-06
2026.111.05:30:00/gps-fmout/+3.178063e-06
2026.111.05:30:00/gps-maser/+3.241050e-06
2026.111.05:31:00/gps-fmout/+3.176284e-06
2026.111.05:31:00/gps-maser/+3.239354e-06
2026.111.05:32:00/gps-fmout/+3.171334e-06
2026.111.05:32:00/gps-maser/+3.237657e-06
2026.111.05:33:00/gps-fmout/+3.170037e-06
2026.111.05:33:00/gps-maser/+3.235943e-06
2026.111.05:34:00/gps-fmout/+3.170297e-06
2026.111.05:34:00/gps-maser/+3.235204e-06
2026.111.05:35:00/gps-fmout/+3.169138e-06
2026.111.05:35:00/gps-maser/+3.235554e-06
2026.111.05:36:00/gps-fmout/+3.169731e-06
2026.111.05:36:00/gps-maser/+3.233858e-06
2026.111.05:37:00/gps-fmout/+3.167226e-06
2026.111.05:37:00/gps-maser/+3.233576e-06
2026.111.05:38:00/gps-fmout/+3.167512e-06
2026.111.05:38:00/gps-maser/+3.234373e-06
2026.111.05:39:00/gps-fmout/+3.168925e-06
2026.111.05:39:00/gps-maser/+3.231951e-06
2026.111.05:40:00/gps-fmout/+3.168000e-06
2026.111.05:40:00/gps-maser/+3.232478e-06
2026.111.05:41:00/gps-fmout/+3.167271e-06
2026.111.05:41:00/gps-maser/+3.233079e-06
2026.111.05:42:00/gps-fmout/+3.166399e-06
2026.111.05:42:00/gps-maser/+3.233179e-06
2026.111.05:43:00/gps-fmout/+3.169105e-06
2026.111.05:43:00/gps-maser/+3.234999e-06
2026.111.05:44:00/gps-fmout/+3.169156e-06
2026.111.05:44:00/gps-maser/+3.233321e-06
2026.111.05:45:00/gps-fmout/+3.167658e-06
2026.111.05:45:00/gps-maser/+3.234020e-06
2026.111.05:46:00/gps-fmout/+3.170864e-06
2026.111.05:46:00/gps-maser/+3.234064e-06
2026.111.05:47:00/gps-fmout/+3.169473e-06
2026.111.05:47:00/gps-maser/+3.234592e-06
2026.111.05:48:00/gps-fmout/+3.169133e-06
2026.111.05:48:00/gps-maser/+3.233746e-06
2026.111.05:49:00/gps-fmout/+3.169816e-06
2026.111.05:49:00/gps-maser/+3.233015e-06
2026.111.05:50:00/gps-fmout/+3.169305e-06
2026.111.05:50:00/gps-maser/+3.234502e-06
2026.111.05:51:00/gps-fmout/+3.170646e-06
2026.111.05:51:00/gps-maser/+3.235064e-06
2026.111.05:52:00/gps-fmout/+3.172127e-06
2026.111.05:52:00/gps-maser/+3.235262e-06
2026.111.05:53:00/gps-fmout/+3.172040e-06
2026.111.05:53:00/gps-maser/+3.238000e-06
2026.111.05:54:00/gps-fmout/+3.174244e-06
2026.111.05:54:00/gps-maser/+3.238243e-06
2026.111.05:55:00/gps-fmout/+3.176004e-06
2026.111.05:55:00/gps-maser/+3.239418e-06
2026.111.05:56:00/gps-fmout/+3.174984e-06
2026.111.05:56:00/gps-maser/+3.241114e-06
2026.111.05:57:00/gps-fmout/+3.175297e-06
2026.111.05:57:00/gps-maser/+3.242533e-06
2026.111.05:58:00/gps-fmout/+3.176761e-06
2026.111.05:58:00/gps-maser/+3.243491e-06
2026.111.05:59:00/gps-fmout/+3.179174e-06
2026.111.05:59:00/gps-maser/+3.244921e-06
2026.111.06:00:00/gps-fmout/+3.179000e-06
2026.111.06:00:00/gps-maser/+3.244063e-06
2026.111.06:01:00/gps-fmout/+3.178276e-06
2026.111.06:01:00/gps-maser/+3.243677e-06
2026.111.06:02:00/gps-fmout/+3.178403e-06
2026.111.06:02:00/gps-maser/+3.242830e-06
2026.111.06:03:00/gps-fmout/+3.174868e-06
2026.111.06:03:00/gps-maser/+3.241957e-06
2026.111.06:04:00/gps-fmout/+3.173461e-06
2026.111.06:04:00/gps-maser/+3.239620e-06
2026.111.06:05:00/gps-fmout/+3.173268e-06
2026.111.06:05:00/gps-maser/+3.238775e-06
2026.111.06:06:00/gps-fmout/+3.174781e-06
2026.111.06:06:00/gps-maser/+3.238068e-06
2026.111.06:07:00/gps-fmout/+3.172960e-06
2026.111.06:07:00/gps-maser/+3.239343e-06
2026.111.06:08:00/gps-fmout/+3.171871e-06
2026.111.06:08:00/gps-maser/+3.237183e-06
2026.111.06:09:00/gps-fmout/+3.169227e-06
2026.111.06:09:00/gps-maser/+3.235161e-06
2026.111.06:10:00/gps-fmout/+3.170501e-06
2026.111.06:10:00/gps-maser/+3.237473e-06
2026.111.06:11:00/gps-fmout/+3.171353e-06
2026.111.06:11:00/gps-maser/+3.238359e-06
2026.111.06:12:00/gps-fmout/+3.172411e-06
2026.111.06:12:00/gps-maser/+3.239059e-06
2026.111.06:13:00/gps-fmout/+3.174984e-06
2026.111.06:13:00/gps-maser/+3.239000e-06
2026.111.06:14:00/gps-fmout/+3.172852e-06
2026.111.06:14:00/gps-maser/+3.239293e-06
2026.111.06:15:00/gps-fmout/+3.173168e-06
2026.111.06:15:00/gps-maser/+3.240211e-06
2026.111.06:16:00/gps-fmout/+3.174170e-06
2026.111.06:16:00/gps-maser/+3.241068e-06
2026.111.06:17:00/gps-fmout/+3.175874e-06
2026.111.06:17:00/gps-maser/+3.243212e-06
2026.111.06:18:00/gps-fmout/+3.177787e-06
2026.111.06:18:00/gps-maser/+3.245059e-06
2026.111.06:19:00/gps-fmout/+3.180086e-06
2026.111.06:19:00/gps-maser/+3.244148e-06
2026.111.06:20:00/gps-fmout/+3.180498e-06
2026.111.06:20:00/gps-maser/+3.246286e-06
2026.111.06:21:00/gps-fmout/+3.181105e-06
2026.111.06:21:00/gps-maser/+3.248541e-06
2026.111.06:22:00/gps-fmout/+3.180915e-06
2026.111.06:22:00/gps-maser/+3.247310e-06
2026.111.06:23:00/gps-fmout/+3.179971e-06
2026.111.06:23:00/gps-maser/+3.243369e-06
2026.111.06:24:00/gps-fmout/+3.178257e-06
2026.111.06:24:00/gps-maser/+3.241311e-06
2026.111.06:25:00/gps-fmout/+3.176547e-06
2026.111.06:25:00/gps-maser/+3.239606e-06
2026.111.06:26:00/gps-fmout/+3.174810e-06
2026.111.06:26:00/gps-maser/+3.237915e-06
2026.111.06:27:00/gps-fmout/+3.171899e-06
2026.111.06:27:00/gps-maser/+3.237118e-06
2026.111.06:28:00/gps-fmout/+3.170806e-06
2026.111.06:28:00/gps-maser/+3.237785e-06
2026.111.06:29:00/gps-fmout/+3.171221e-06
2026.111.06:29:00/gps-maser/+3.236975e-06
2026.111.06:30:00/gps-fmout/+3.171718e-06
2026.111.06:30:00/gps-maser/+3.237397e-06
2026.111.06:31:00/gps-fmout/+3.170366e-06
2026.111.06:31:00/gps-maser/+3.237602e-06
2026.111.06:32:00/gps-fmout/+3.169076e-06
2026.111.06:32:00/gps-maser/+3.236223e-06
2026.111.06:33:00/gps-fmout/+3.171000e-06
2026.111.06:33:00/gps-maser/+3.237714e-06
2026.111.06:34:00/gps-fmout/+3.171000e-06
2026.111.06:34:00/gps-maser/+3.237515e-06
2026.111.06:35:00/gps-fmout/+3.171077e-06
2026.111.06:35:00/gps-maser/+3.235681e-06
2026.111.06:36:00/gps-fmout/+3.172116e-06
2026.111.06:36:00/gps-maser/+3.235045e-06
2026.111.06:37:00/gps-fmout/+3.173168e-06
2026.111.06:37:00/gps-maser/+3.237596e-06
2026.111.06:38:00/gps-fmout/+3.172765e-06
2026.111.06:38:00/gps-maser/+3.237842e-06
2026.111.06:39:00/gps-fmout/+3.172312e-06
2026.111.06:39:00/gps-maser/+3.237223e-06
2026.111.06:40:00/gps-fmout/+3.174009e-06
2026.111.06:40:00/gps-maser/+3.238944e-06
2026.111.06:41:00/gps-fmout/+3.174201e-06
2026.111.06:41:00/gps-maser/+3.239569e-06
2026.111.06:42:00/gps-fmout/+3.175383e-06
2026.111.06:42:00/gps-maser/+3.241279e-06
2026.111.06:43:00/gps-fmout/+3.178047e-06
2026.111.06:43:00/gps-maser/+3.243512e-06
2026.111.06:44:00/gps-fmout/+3.179501e-06
2026.111.06:44:00/gps-maser/+3.244455e-06
2026.111.06:45:00/gps-fmout/+3.177420e-06
2026.111.06:45:00/gps-maser/+3.241922e-06
2026.111.06:46:00/gps-fmout/+3.179850e-06
2026.111.06:46:00/gps-maser/+3.241955e-06
2026.111.06:47:00/gps-fmout/+3.178079e-06
2026.111.06:47:00/gps-maser/+3.242620e-06
2026.111.06:48:00/gps-fmout/+3.180228e-06
2026.111.06:48:00/gps-maser/+3.246661e-06
2026.111.06:49:00/gps-fmout/+3.182750e-06
2026.111.06:49:00/gps-maser/+3.248061e-06
2026.111.06:50:00/gps-fmout/+3.181044e-06
2026.111.06:50:00/gps-maser/+3.247205e-06
2026.111.06:51:00/gps-fmout/+3.180427e-06
2026.111.06:51:00/gps-maser/+3.246263e-06
2026.111.06:52:00/gps-fmout/+3.182904e-06
2026.111.06:52:00/gps-maser/+3.247674e-06
2026.111.06:53:00/gps-fmout/+3.181996e-06
2026.111.06:53:00/gps-maser/+3.247120e-06
2026.111.06:54:00/gps-fmout/+3.181264e-06
2026.111.06:54:00/gps-maser/+3.246451e-06
2026.111.06:55:00/gps-fmout/+3.179549e-06
2026.111.06:55:00/gps-maser/+3.242488e-06
2026.111.06:56:00/gps-fmout/+3.177768e-06
2026.111.06:56:00/gps-maser/+3.240969e-06
2026.111.06:57:00/gps-fmout/+3.173086e-06
2026.111.06:57:00/gps-maser/+3.240178e-06
2026.111.06:58:00/gps-fmout/+3.170345e-06
2026.111.06:58:00/gps-maser/+3.236527e-06
2026.111.06:59:00/gps-fmout/+3.168508e-06
2026.111.06:59:00/gps-maser/+3.231801e-06
2026.111.07:00:00/gps-fmout/+3.166042e-06
2026.111.07:00:00/gps-maser/+3.230114e-06
2026.111.07:01:00/gps-fmout/+3.164352e-06
2026.111.07:01:00/gps-maser/+3.228959e-06
2026.111.07:02:00/gps-fmout/+3.162923e-06
2026.111.07:02:00/gps-maser/+3.229546e-06
2026.111.07:03:00/gps-fmout/+3.164992e-06
2026.111.07:03:00/gps-maser/+3.228908e-06
2026.111.07:04:00/gps-fmout/+3.164089e-06
2026.111.07:04:00/gps-maser/+3.230365e-06
2026.111.07:05:00/gps-fmout/+3.166639e-06
2026.111.07:05:00/gps-maser/+3.231691e-06
2026.111.07:06:00/gps-fmout/+3.169363e-06
2026.111.07:06:00/gps-maser/+3.237032e-06
2026.111.07:07:00/gps-fmout/+3.173864e-06
2026.111.07:07:00/gps-maser/+3.236361e-06
2026.111.07:08:00/gps-fmout/+3.175564e-06
2026.111.07:08:00/gps-maser/+3.239382e-06
2026.111.07:09:00/gps-fmout/+3.177561e-06
2026.111.07:09:00/gps-maser/+3.244479e-06
2026.111.07:10:00/gps-fmout/+3.179914e-06
2026.111.07:10:00/gps-maser/+3.245995e-06
2026.111.07:11:00/gps-fmout/+3.181310e-06
2026.111.07:11:00/gps-maser/+3.246897e-06
2026.111.07:12:00/gps-fmout/+3.184741e-06
2026.111.07:12:00/gps-maser/+3.249466e-06
2026.111.07:13:00/gps-fmout/+3.188080e-06
2026.111.07:13:00/gps-maser/+3.252000e-06
2026.111.07:14:00/gps-fmout/+3.185585e-06
2026.111.07:14:00/gps-maser/+3.251987e-06
2026.111.07:15:00/gps-fmout/+3.184444e-06
2026.111.07:15:00/gps-maser/+3.249000e-06
2026.111.07:16:00/gps-fmout/+3.182057e-06
2026.111.07:16:00/gps-maser/+3.249000e-06
2026.111.07:17:00/gps-fmout/+3.183330e-06
2026.111.07:17:00/gps-maser/+3.248791e-06
2026.111.07:18:00/gps-fmout/+3.181186e-06
2026.111.07:18:00/gps-maser/+3.247402e-06
2026.111.07:19:00/gps-fmout/+3.178516e-06
2026.111.07:19:00/gps-maser/+3.244900e-06
2026.111.07:20:00/gps-fmout/+3.177311e-06
2026.111.07:20:00/gps-maser/+3.243177e-06
2026.111.07:21:00/gps-fmout/+3.177435e-06
2026.111.07:21:00/gps-maser/+3.240891e-06
2026.111.07:22:00/gps-fmout/+3.175471e-06
2026.111.07:22:00/gps-maser/+3.240736e-06
2026.111.07:23:00/gps-fmout/+3.172961e-06
2026.111.07:23:00/gps-maser/+3.239000e-06
2026.111.07:24:00/gps-fmout/+3.173380e-06
2026.111.07:24:00/gps-maser/+3.238374e-06
2026.111.07:25:00/gps-fmout/+3.174225e-06
2026.111.07:25:00/gps-maser/+3.238753e-06
2026.111.07:26:00/gps-fmout/+3.175143e-06
2026.111.07:26:00/gps-maser/+3.242171e-06
2026.111.07:27:00/gps-fmout/+3.177490e-06
2026.111.07:27:00/gps-maser/+3.244677e-06
2026.111.07:28:00/gps-fmout/+3.178769e-06
2026.111.07:28:00/gps-maser/+3.245739e-06
2026.111.07:29:00/gps-fmout/+3.181072e-06
2026.111.07:29:00/gps-maser/+3.248200e-06
2026.111.07:30:00/gps-fmout/+3.182412e-06
2026.111.07:30:00/gps-maser/+3.250028e-06
2026.111.07:31:00/gps-fmout/+3.184867e-06
2026.111.07:31:00/gps-maser/+3.251150e-06
2026.111.07:32:00/gps-fmout/+3.185924e-06
2026.111.07:32:00/gps-maser/+3.251000e-06
2026.111.07:33:00/gps-fmout/+3.183982e-06
2026.111.07:33:00/gps-maser/+3.251000e-06
2026.111.07:34:00/gps-fmout/+3.182916e-06
2026.111.07:34:00/gps-maser/+3.250307e-06
2026.111.07:35:00/gps-fmout/+3.180549e-06
2026.111.07:35:00/gps-maser/+3.247722e-06
2026.111.07:36:00/gps-fmout/+3.178858e-06
2026.111.07:36:00/gps-maser/+3.246880e-06
2026.111.07:37:00/gps-fmout/+3.177370e-06
2026.111.07:37:00/gps-maser/+3.243865e-06
2026.111.07:38:00/gps-fmout/+3.177351e-06
2026.111.07:38:00/gps-maser/+3.243141e-06
2026.111.07:39:00/gps-fmout/+3.178817e-06
2026.111.07:39:00/gps-maser/+3.244032e-06
2026.111.07:40:00/gps-fmout/+3.177996e-06
2026.111.07:40:00/gps-maser/+3.243188e-06
2026.111.07:41:00/gps-fmout/+3.177717e-06
2026.111.07:41:00/gps-maser/+3.242309e-06
2026.111.07:42:00/gps-fmout/+3.177119e-06
2026.111.07:42:00/gps-maser/+3.243903e-06
2026.111.07:43:00/gps-fmout/+3.178997e-06
2026.111.07:43:00/gps-maser/+3.242000e-06
2026.111.07:44:00/gps-fmout/+3.178677e-06
2026.111.07:44:00/gps-maser/+3.243690e-06
2026.111.07:45:00/gps-fmout/+3.179998e-06
2026.111.07:45:00/gps-maser/+3.242938e-06
2026.111.07:46:00/gps-fmout/+3.178729e-06
2026.111.07:46:00/gps-maser/+3.243062e-06
2026.111.07:47:00/gps-fmout/+3.176691e-06
2026.111.07:47:00/gps-maser/+3.244067e-06
2026.111.07:48:00/gps-fmout/+3.177526e-06
2026.111.07:48:00/gps-maser/+3.244213e-06
2026.111.07:49:00/gps-fmout/+3.178686e-06
2026.111.07:49:00/gps-maser/+3.244810e-06
2026.111.07:50:00/gps-fmout/+3.176237e-06
2026.111.07:50:00/gps-maser/+3.242138e-06
2026.111.07:51:00/gps-fmout/+3.176239e-06
2026.111.07:51:00/gps-maser/+3.242534e-06
2026.111.07:52:00/gps-fmout/+3.177307e-06
2026.111.07:52:00/gps-maser/+3.244241e-06
2026.111.07:53:00/gps-fmout/+3.179027e-06
2026.111.07:53:00/gps-maser/+3.245000e-06
