2026.106.16:00:00;APEX Database GPS vs Devices offset for c261a
2026.106.16:00:00;The format is gps-fmout/[seconds] and gps-maser/[seconds]
2026.106.16:01:00/gps-fmout/+2.730687e-06
2026.106.16:01:00/gps-maser/+2.796246e-06
2026.106.16:02:00/gps-fmout/+2.731496e-06
2026.106.16:02:00/gps-maser/+2.797326e-06
2026.106.16:03:00/gps-fmout/+2.733989e-06
2026.106.16:03:00/gps-maser/+2.799049e-06
2026.106.16:04:00/gps-fmout/+2.734238e-06
2026.106.16:04:00/gps-maser/+2.800205e-06
2026.106.16:05:00/gps-fmout/+2.736336e-06
2026.106.16:05:00/gps-maser/+2.802000e-06
2026.106.16:06:00/gps-fmout/+2.737025e-06
2026.106.16:06:00/gps-maser/+2.801994e-06
2026.106.16:07:00/gps-fmout/+2.738415e-06
2026.106.16:07:00/gps-maser/+2.802352e-06
2026.106.16:08:00/gps-fmout/+2.740000e-06
2026.106.16:08:00/gps-maser/+2.803268e-06
2026.106.16:09:00/gps-fmout/+2.740000e-06
2026.106.16:09:00/gps-maser/+2.804301e-06
2026.106.16:10:00/gps-fmout/+2.740000e-06
2026.106.16:10:00/gps-maser/+2.806398e-06
2026.106.16:11:00/gps-fmout/+2.741053e-06
2026.106.16:11:00/gps-maser/+2.805373e-06
2026.106.16:12:00/gps-fmout/+2.738571e-06
2026.106.16:12:00/gps-maser/+2.803730e-06
2026.106.16:13:00/gps-fmout/+2.736857e-06
2026.106.16:13:00/gps-maser/+2.803000e-06
2026.106.16:14:00/gps-fmout/+2.735397e-06
2026.106.16:14:00/gps-maser/+2.802166e-06
2026.106.16:15:00/gps-fmout/+2.734863e-06
2026.106.16:15:00/gps-maser/+2.799122e-06
2026.106.16:16:00/gps-fmout/+2.735195e-06
2026.106.16:16:00/gps-maser/+2.800182e-06
2026.106.16:17:00/gps-fmout/+2.736147e-06
2026.106.16:17:00/gps-maser/+2.800259e-06
2026.106.16:18:00/gps-fmout/+2.735680e-06
2026.106.16:18:00/gps-maser/+2.799338e-06
2026.106.16:19:00/gps-fmout/+2.735026e-06
2026.106.16:19:00/gps-maser/+2.801539e-06
2026.106.16:20:00/gps-fmout/+2.736029e-06
2026.106.16:20:00/gps-maser/+2.803063e-06
2026.106.16:21:00/gps-fmout/+2.737743e-06
2026.106.16:21:00/gps-maser/+2.803677e-06
2026.106.16:22:00/gps-fmout/+2.739210e-06
2026.106.16:22:00/gps-maser/+2.805248e-06
2026.106.16:23:00/gps-fmout/+2.739306e-06
2026.106.16:23:00/gps-maser/+2.806025e-06
2026.106.16:24:00/gps-fmout/+2.743000e-06
2026.106.16:24:00/gps-maser/+2.807002e-06
2026.106.16:25:00/gps-fmout/+2.743000e-06
2026.106.16:25:00/gps-maser/+2.808667e-06
2026.106.16:26:00/gps-fmout/+2.742872e-06
2026.106.16:26:00/gps-maser/+2.806251e-06
2026.106.16:27:00/gps-fmout/+2.741369e-06
2026.106.16:27:00/gps-maser/+2.807071e-06
2026.106.16:28:00/gps-fmout/+2.741200e-06
2026.106.16:28:00/gps-maser/+2.806002e-06
2026.106.16:29:00/gps-fmout/+2.741988e-06
2026.106.16:29:00/gps-maser/+2.805887e-06
2026.106.16:30:00/gps-fmout/+2.740937e-06
2026.106.16:30:00/gps-maser/+2.805000e-06
2026.106.16:31:00/gps-fmout/+2.739187e-06
2026.106.16:31:00/gps-maser/+2.804157e-06
2026.106.16:32:00/gps-fmout/+2.739431e-06
2026.106.16:32:00/gps-maser/+2.804568e-06
2026.106.16:33:00/gps-fmout/+2.736974e-06
2026.106.16:33:00/gps-maser/+2.802000e-06
2026.106.16:34:00/gps-fmout/+2.736583e-06
2026.106.16:34:00/gps-maser/+2.802000e-06
2026.106.16:35:00/gps-fmout/+2.736003e-06
2026.106.16:35:00/gps-maser/+2.802119e-06
2026.106.16:36:00/gps-fmout/+2.737431e-06
2026.106.16:36:00/gps-maser/+2.803013e-06
2026.106.16:37:00/gps-fmout/+2.739018e-06
2026.106.16:37:00/gps-maser/+2.803880e-06
2026.106.16:38:00/gps-fmout/+2.739561e-06
2026.106.16:38:00/gps-maser/+2.805593e-06
2026.106.16:39:00/gps-fmout/+2.741473e-06
2026.106.16:39:00/gps-maser/+2.807525e-06
2026.106.16:40:00/gps-fmout/+2.744020e-06
2026.106.16:40:00/gps-maser/+2.809000e-06
2026.106.16:41:00/gps-fmout/+2.743654e-06
2026.106.16:41:00/gps-maser/+2.809000e-06
2026.106.16:42:00/gps-fmout/+2.742919e-06
2026.106.16:42:00/gps-maser/+2.808819e-06
2026.106.16:43:00/gps-fmout/+2.742846e-06
2026.106.16:43:00/gps-maser/+2.807019e-06
2026.106.16:44:00/gps-fmout/+2.741427e-06
2026.106.16:44:00/gps-maser/+2.808019e-06
2026.106.16:45:00/gps-fmout/+2.742282e-06
2026.106.16:45:00/gps-maser/+2.808241e-06
2026.106.16:46:00/gps-fmout/+2.743061e-06
2026.106.16:46:00/gps-maser/+2.808888e-06
2026.106.16:47:00/gps-fmout/+2.743960e-06
2026.106.16:47:00/gps-maser/+2.807419e-06
2026.106.16:48:00/gps-fmout/+2.744329e-06
2026.106.16:48:00/gps-maser/+2.807416e-06
2026.106.16:49:00/gps-fmout/+2.741999e-06
2026.106.16:49:00/gps-maser/+2.808750e-06
2026.106.16:50:00/gps-fmout/+2.742950e-06
2026.106.16:50:00/gps-maser/+2.806000e-06
2026.106.16:51:00/gps-fmout/+2.741308e-06
2026.106.16:51:00/gps-maser/+2.806000e-06
2026.106.16:52:00/gps-fmout/+2.742038e-06
2026.106.16:52:00/gps-maser/+2.806203e-06
2026.106.16:53:00/gps-fmout/+2.742147e-06
2026.106.16:53:00/gps-maser/+2.807979e-06
2026.106.16:54:00/gps-fmout/+2.743221e-06
2026.106.16:54:00/gps-maser/+2.807000e-06
2026.106.16:55:00/gps-fmout/+2.741640e-06
2026.106.16:55:00/gps-maser/+2.807000e-06
2026.106.16:56:00/gps-fmout/+2.741000e-06
2026.106.16:56:00/gps-maser/+2.806917e-06
2026.106.16:57:00/gps-fmout/+2.741000e-06
2026.106.16:57:00/gps-maser/+2.806494e-06
2026.106.16:58:00/gps-fmout/+2.741000e-06
2026.106.16:58:00/gps-maser/+2.806209e-06
2026.106.16:59:00/gps-fmout/+2.740953e-06
2026.106.16:59:00/gps-maser/+2.803631e-06
2026.106.17:00:00/gps-fmout/+2.739955e-06
2026.106.17:00:00/gps-maser/+2.802000e-06
2026.106.17:01:00/gps-fmout/+2.738430e-06
2026.106.17:01:00/gps-maser/+2.802252e-06
2026.106.17:02:00/gps-fmout/+2.738105e-06
2026.106.17:02:00/gps-maser/+2.803457e-06
2026.106.17:03:00/gps-fmout/+2.739028e-06
2026.106.17:03:00/gps-maser/+2.805997e-06
2026.106.17:04:00/gps-fmout/+2.740513e-06
2026.106.17:04:00/gps-maser/+2.805000e-06
2026.106.17:05:00/gps-fmout/+2.743146e-06
2026.106.17:05:00/gps-maser/+2.805000e-06
2026.106.17:06:00/gps-fmout/+2.743193e-06
2026.106.17:06:00/gps-maser/+2.805222e-06
2026.106.17:07:00/gps-fmout/+2.742786e-06
2026.106.17:07:00/gps-maser/+2.807639e-06
2026.106.17:08:00/gps-fmout/+2.740781e-06
2026.106.17:08:00/gps-maser/+2.806946e-06
2026.106.17:09:00/gps-fmout/+2.741263e-06
2026.106.17:09:00/gps-maser/+2.807146e-06
2026.106.17:10:00/gps-fmout/+2.742687e-06
2026.106.17:10:00/gps-maser/+2.807095e-06
2026.106.17:11:00/gps-fmout/+2.742769e-06
2026.106.17:11:00/gps-maser/+2.806522e-06
2026.106.17:12:00/gps-fmout/+2.741895e-06
2026.106.17:12:00/gps-maser/+2.808141e-06
2026.106.17:13:00/gps-fmout/+2.742102e-06
2026.106.17:13:00/gps-maser/+2.807956e-06
2026.106.17:14:00/gps-fmout/+2.743664e-06
2026.106.17:14:00/gps-maser/+2.806648e-06
2026.106.17:15:00/gps-fmout/+2.742976e-06
2026.106.17:15:00/gps-maser/+2.808000e-06
2026.106.17:16:00/gps-fmout/+2.742844e-06
2026.106.17:16:00/gps-maser/+2.808000e-06
2026.106.17:17:00/gps-fmout/+2.743255e-06
2026.106.17:17:00/gps-maser/+2.808998e-06
2026.106.17:18:00/gps-fmout/+2.745043e-06
2026.106.17:18:00/gps-maser/+2.811326e-06
2026.106.17:19:00/gps-fmout/+2.745116e-06
2026.106.17:19:00/gps-maser/+2.812213e-06
2026.106.17:20:00/gps-fmout/+2.746000e-06
2026.106.17:20:00/gps-maser/+2.811826e-06
2026.106.17:21:00/gps-fmout/+2.743869e-06
2026.106.17:21:00/gps-maser/+2.809662e-06
2026.106.17:22:00/gps-fmout/+2.741920e-06
2026.106.17:22:00/gps-maser/+2.808672e-06
2026.106.17:23:00/gps-fmout/+2.743070e-06
2026.106.17:23:00/gps-maser/+2.807000e-06
2026.106.17:24:00/gps-fmout/+2.743486e-06
2026.106.17:24:00/gps-maser/+2.807000e-06
2026.106.17:25:00/gps-fmout/+2.742342e-06
2026.106.17:25:00/gps-maser/+2.806893e-06
2026.106.17:26:00/gps-fmout/+2.743868e-06
2026.106.17:26:00/gps-maser/+2.806100e-06
2026.106.17:27:00/gps-fmout/+2.742462e-06
2026.106.17:27:00/gps-maser/+2.808305e-06
2026.106.17:28:00/gps-fmout/+2.742133e-06
2026.106.17:28:00/gps-maser/+2.806853e-06
2026.106.17:29:00/gps-fmout/+2.742797e-06
2026.106.17:29:00/gps-maser/+2.807260e-06
2026.106.17:30:00/gps-fmout/+2.742476e-06
2026.106.17:30:00/gps-maser/+2.808648e-06
2026.106.17:31:00/gps-fmout/+2.743328e-06
2026.106.17:31:00/gps-maser/+2.808129e-06
2026.106.17:32:00/gps-fmout/+2.744105e-06
2026.106.17:32:00/gps-maser/+2.809563e-06
2026.106.17:33:00/gps-fmout/+2.744036e-06
2026.106.17:33:00/gps-maser/+2.811247e-06
2026.106.17:34:00/gps-fmout/+2.745830e-06
2026.106.17:34:00/gps-maser/+2.810648e-06
2026.106.17:35:00/gps-fmout/+2.744568e-06
2026.106.17:35:00/gps-maser/+2.809803e-06
2026.106.17:36:00/gps-fmout/+2.742905e-06
2026.106.17:36:00/gps-maser/+2.808984e-06
2026.106.17:37:00/gps-fmout/+2.744207e-06
2026.106.17:37:00/gps-maser/+2.810033e-06
2026.106.17:38:00/gps-fmout/+2.746737e-06
2026.106.17:38:00/gps-maser/+2.810134e-06
2026.106.17:39:00/gps-fmout/+2.748000e-06
2026.106.17:39:00/gps-maser/+2.811282e-06
2026.106.17:40:00/gps-fmout/+2.748000e-06
2026.106.17:40:00/gps-maser/+2.813654e-06
2026.106.17:41:00/gps-fmout/+2.748211e-06
2026.106.17:41:00/gps-maser/+2.814000e-06
2026.106.17:42:00/gps-fmout/+2.748978e-06
2026.106.17:42:00/gps-maser/+2.814000e-06
2026.106.17:43:00/gps-fmout/+2.748005e-06
2026.106.17:43:00/gps-maser/+2.814923e-06
2026.106.17:44:00/gps-fmout/+2.748693e-06
2026.106.17:44:00/gps-maser/+2.815031e-06
2026.106.17:45:00/gps-fmout/+2.747933e-06
2026.106.17:45:00/gps-maser/+2.812038e-06
2026.106.17:46:00/gps-fmout/+2.748054e-06
2026.106.17:46:00/gps-maser/+2.812962e-06
2026.106.17:47:00/gps-fmout/+2.748338e-06
2026.106.17:47:00/gps-maser/+2.812000e-06
2026.106.17:48:00/gps-fmout/+2.746809e-06
2026.106.17:48:00/gps-maser/+2.812000e-06
2026.106.17:49:00/gps-fmout/+2.747198e-06
2026.106.17:49:00/gps-maser/+2.812093e-06
2026.106.17:50:00/gps-fmout/+2.748902e-06
2026.106.17:50:00/gps-maser/+2.814487e-06
2026.106.17:51:00/gps-fmout/+2.750803e-06
2026.106.17:51:00/gps-maser/+2.815711e-06
2026.106.17:52:00/gps-fmout/+2.753234e-06
2026.106.17:52:00/gps-maser/+2.817947e-06
2026.106.17:53:00/gps-fmout/+2.753000e-06
2026.106.17:53:00/gps-maser/+2.817946e-06
2026.106.17:54:00/gps-fmout/+2.751492e-06
2026.106.17:54:00/gps-maser/+2.818796e-06
2026.106.17:55:00/gps-fmout/+2.751049e-06
2026.106.17:55:00/gps-maser/+2.818152e-06
2026.106.17:56:00/gps-fmout/+2.752077e-06
2026.106.17:56:00/gps-maser/+2.819995e-06
2026.106.17:57:00/gps-fmout/+2.753394e-06
2026.106.17:57:00/gps-maser/+2.818663e-06
2026.106.17:58:00/gps-fmout/+2.754239e-06
2026.106.17:58:00/gps-maser/+2.820290e-06
2026.106.17:59:00/gps-fmout/+2.754990e-06
2026.106.17:59:00/gps-maser/+2.820967e-06
2026.106.18:00:00/gps-fmout/+2.753816e-06
2026.106.18:00:00/gps-maser/+2.819968e-06
2026.106.18:01:00/gps-fmout/+2.754484e-06
2026.106.18:01:00/gps-maser/+2.819782e-06
2026.106.18:02:00/gps-fmout/+2.755846e-06
2026.106.18:02:00/gps-maser/+2.819099e-06
2026.106.18:03:00/gps-fmout/+2.754885e-06
2026.106.18:03:00/gps-maser/+2.820000e-06
2026.106.18:04:00/gps-fmout/+2.755308e-06
2026.106.18:04:00/gps-maser/+2.820000e-06
2026.106.18:05:00/gps-fmout/+2.755936e-06
2026.106.18:05:00/gps-maser/+2.819846e-06
2026.106.18:06:00/gps-fmout/+2.754994e-06
2026.106.18:06:00/gps-maser/+2.819440e-06
2026.106.18:07:00/gps-fmout/+2.754263e-06
2026.106.18:07:00/gps-maser/+2.818484e-06
2026.106.18:08:00/gps-fmout/+2.752549e-06
2026.106.18:08:00/gps-maser/+2.815115e-06
2026.106.18:09:00/gps-fmout/+2.750858e-06
2026.106.18:09:00/gps-maser/+2.816006e-06
2026.106.18:10:00/gps-fmout/+2.750069e-06
2026.106.18:10:00/gps-maser/+2.815657e-06
2026.106.18:11:00/gps-fmout/+2.751084e-06
2026.106.18:11:00/gps-maser/+2.815251e-06
2026.106.18:12:00/gps-fmout/+2.750833e-06
2026.106.18:12:00/gps-maser/+2.816910e-06
2026.106.18:13:00/gps-fmout/+2.750438e-06
2026.106.18:13:00/gps-maser/+2.815839e-06
2026.106.18:14:00/gps-fmout/+2.751000e-06
2026.106.18:14:00/gps-maser/+2.816448e-06
2026.106.18:15:00/gps-fmout/+2.751014e-06
2026.106.18:15:00/gps-maser/+2.817882e-06
2026.106.18:16:00/gps-fmout/+2.750570e-06
2026.106.18:16:00/gps-maser/+2.817059e-06
2026.106.18:17:00/gps-fmout/+2.749662e-06
2026.106.18:17:00/gps-maser/+2.816690e-06
2026.106.18:18:00/gps-fmout/+2.748817e-06
2026.106.18:18:00/gps-maser/+2.815845e-06
2026.106.18:19:00/gps-fmout/+2.747995e-06
2026.106.18:19:00/gps-maser/+2.815000e-06
2026.106.18:20:00/gps-fmout/+2.749297e-06
2026.106.18:20:00/gps-maser/+2.813436e-06
2026.106.18:21:00/gps-fmout/+2.747726e-06
2026.106.18:21:00/gps-maser/+2.814518e-06
2026.106.18:22:00/gps-fmout/+2.746954e-06
2026.106.18:22:00/gps-maser/+2.811940e-06
2026.106.18:23:00/gps-fmout/+2.747617e-06
2026.106.18:23:00/gps-maser/+2.813203e-06
2026.106.18:24:00/gps-fmout/+2.750047e-06
2026.106.18:24:00/gps-maser/+2.815292e-06
2026.106.18:25:00/gps-fmout/+2.753101e-06
2026.106.18:25:00/gps-maser/+2.816170e-06
2026.106.18:26:00/gps-fmout/+2.753965e-06
2026.106.18:26:00/gps-maser/+2.818289e-06
2026.106.18:27:00/gps-fmout/+2.755469e-06
2026.106.18:27:00/gps-maser/+2.820038e-06
2026.106.18:28:00/gps-fmout/+2.755924e-06
2026.106.18:28:00/gps-maser/+2.819469e-06
2026.106.18:29:00/gps-fmout/+2.755000e-06
2026.106.18:29:00/gps-maser/+2.821165e-06
2026.106.18:30:00/gps-fmout/+2.755000e-06
2026.106.18:30:00/gps-maser/+2.820631e-06
2026.106.18:31:00/gps-fmout/+2.755080e-06
2026.106.18:31:00/gps-maser/+2.820047e-06
2026.106.18:32:00/gps-fmout/+2.756116e-06
2026.106.18:32:00/gps-maser/+2.821074e-06
2026.106.18:33:00/gps-fmout/+2.756675e-06
2026.106.18:33:00/gps-maser/+2.822603e-06
2026.106.18:34:00/gps-fmout/+2.756000e-06
2026.106.18:34:00/gps-maser/+2.822704e-06
2026.106.18:35:00/gps-fmout/+2.756000e-06
2026.106.18:35:00/gps-maser/+2.820957e-06
2026.106.18:36:00/gps-fmout/+2.757495e-06
2026.106.18:36:00/gps-maser/+2.821419e-06
2026.106.18:37:00/gps-fmout/+2.758508e-06
2026.106.18:37:00/gps-maser/+2.822088e-06
2026.106.18:38:00/gps-fmout/+2.756746e-06
2026.106.18:38:00/gps-maser/+2.822400e-06
2026.106.18:39:00/gps-fmout/+2.756003e-06
2026.106.18:39:00/gps-maser/+2.822568e-06
2026.106.18:40:00/gps-fmout/+2.758044e-06
2026.106.18:40:00/gps-maser/+2.821313e-06
2026.106.18:41:00/gps-fmout/+2.756000e-06
2026.106.18:41:00/gps-maser/+2.822027e-06
2026.106.18:42:00/gps-fmout/+2.756000e-06
2026.106.18:42:00/gps-maser/+2.822039e-06
2026.106.18:43:00/gps-fmout/+2.757040e-06
2026.106.18:43:00/gps-maser/+2.822711e-06
2026.106.18:44:00/gps-fmout/+2.758781e-06
2026.106.18:44:00/gps-maser/+2.821873e-06
2026.106.18:45:00/gps-fmout/+2.757370e-06
2026.106.18:45:00/gps-maser/+2.822352e-06
2026.106.18:46:00/gps-fmout/+2.757510e-06
2026.106.18:46:00/gps-maser/+2.824205e-06
2026.106.18:47:00/gps-fmout/+2.756215e-06
2026.106.18:47:00/gps-maser/+2.822594e-06
2026.106.18:48:00/gps-fmout/+2.757327e-06
2026.106.18:48:00/gps-maser/+2.822354e-06
2026.106.18:49:00/gps-fmout/+2.758998e-06
2026.106.18:49:00/gps-maser/+2.823496e-06
2026.106.18:50:00/gps-fmout/+2.757499e-06
2026.106.18:50:00/gps-maser/+2.823313e-06
2026.106.18:51:00/gps-fmout/+2.757068e-06
2026.106.18:51:00/gps-maser/+2.824104e-06
2026.106.18:52:00/gps-fmout/+2.758092e-06
2026.106.18:52:00/gps-maser/+2.823962e-06
2026.106.18:53:00/gps-fmout/+2.758432e-06
2026.106.18:53:00/gps-maser/+2.821923e-06
2026.106.18:54:00/gps-fmout/+2.756954e-06
2026.106.18:54:00/gps-maser/+2.821817e-06
2026.106.18:55:00/gps-fmout/+2.756832e-06
2026.106.18:55:00/gps-maser/+2.821095e-06
2026.106.18:56:00/gps-fmout/+2.756000e-06
2026.106.18:56:00/gps-maser/+2.822702e-06
2026.106.18:57:00/gps-fmout/+2.756000e-06
2026.106.18:57:00/gps-maser/+2.822405e-06
2026.106.18:58:00/gps-fmout/+2.756104e-06
2026.106.18:58:00/gps-maser/+2.823724e-06
2026.106.18:59:00/gps-fmout/+2.758000e-06
2026.106.18:59:00/gps-maser/+2.822946e-06
2026.106.19:00:00/gps-fmout/+2.757350e-06
2026.106.19:00:00/gps-maser/+2.824056e-06
2026.106.19:01:00/gps-fmout/+2.758189e-06
2026.106.19:01:00/gps-maser/+2.823894e-06
2026.106.19:02:00/gps-fmout/+2.759084e-06
2026.106.19:02:00/gps-maser/+2.823039e-06
2026.106.19:03:00/gps-fmout/+2.760821e-06
2026.106.19:03:00/gps-maser/+2.828249e-06
2026.106.19:04:00/gps-fmout/+2.762084e-06
2026.106.19:04:00/gps-maser/+2.828674e-06
2026.106.19:05:00/gps-fmout/+2.761376e-06
2026.106.19:05:00/gps-maser/+2.827074e-06
2026.106.19:06:00/gps-fmout/+2.762697e-06
2026.106.19:06:00/gps-maser/+2.827724e-06
2026.106.19:07:00/gps-fmout/+2.760704e-06
2026.106.19:07:00/gps-maser/+2.826417e-06
2026.106.19:08:00/gps-fmout/+2.759858e-06
2026.106.19:08:00/gps-maser/+2.825000e-06
2026.106.19:09:00/gps-fmout/+2.759000e-06
2026.106.19:09:00/gps-maser/+2.825000e-06
2026.106.19:10:00/gps-fmout/+2.760651e-06
2026.106.19:10:00/gps-maser/+2.825223e-06
2026.106.19:11:00/gps-fmout/+2.759800e-06
2026.106.19:11:00/gps-maser/+2.825756e-06
2026.106.19:12:00/gps-fmout/+2.758951e-06
2026.106.19:12:00/gps-maser/+2.823057e-06
2026.106.19:13:00/gps-fmout/+2.760052e-06
2026.106.19:13:00/gps-maser/+2.824863e-06
2026.106.19:14:00/gps-fmout/+2.762328e-06
2026.106.19:14:00/gps-maser/+2.826139e-06
2026.106.19:15:00/gps-fmout/+2.761564e-06
2026.106.19:15:00/gps-maser/+2.826000e-06
2026.106.19:16:00/gps-fmout/+2.760394e-06
2026.106.19:16:00/gps-maser/+2.826000e-06
2026.106.19:17:00/gps-fmout/+2.761145e-06
2026.106.19:17:00/gps-maser/+2.825845e-06
2026.106.19:18:00/gps-fmout/+2.760315e-06
2026.106.19:18:00/gps-maser/+2.824976e-06
2026.106.19:19:00/gps-fmout/+2.757095e-06
2026.106.19:19:00/gps-maser/+2.824111e-06
2026.106.19:20:00/gps-fmout/+2.757634e-06
2026.106.19:20:00/gps-maser/+2.822602e-06
2026.106.19:21:00/gps-fmout/+2.758666e-06
2026.106.19:21:00/gps-maser/+2.821899e-06
2026.106.19:22:00/gps-fmout/+2.756076e-06
2026.106.19:22:00/gps-maser/+2.822032e-06
2026.106.19:23:00/gps-fmout/+2.758207e-06
2026.106.19:23:00/gps-maser/+2.823520e-06
2026.106.19:24:00/gps-fmout/+2.759770e-06
2026.106.19:24:00/gps-maser/+2.824000e-06
2026.106.19:25:00/gps-fmout/+2.757417e-06
2026.106.19:25:00/gps-maser/+2.824000e-06
2026.106.19:26:00/gps-fmout/+2.760445e-06
2026.106.19:26:00/gps-maser/+2.824232e-06
2026.106.19:27:00/gps-fmout/+2.761315e-06
2026.106.19:27:00/gps-maser/+2.825761e-06
2026.106.19:28:00/gps-fmout/+2.761912e-06
2026.106.19:28:00/gps-maser/+2.827810e-06
2026.106.19:29:00/gps-fmout/+2.760040e-06
2026.106.19:29:00/gps-maser/+2.826124e-06
2026.106.19:30:00/gps-fmout/+2.758743e-06
2026.106.19:30:00/gps-maser/+2.824591e-06
2026.106.19:31:00/gps-fmout/+2.758908e-06
2026.106.19:31:00/gps-maser/+2.823732e-06
2026.106.19:32:00/gps-fmout/+2.758000e-06
2026.106.19:32:00/gps-maser/+2.823467e-06
2026.106.19:33:00/gps-fmout/+2.759760e-06
2026.106.19:33:00/gps-maser/+2.824325e-06
2026.106.19:34:00/gps-fmout/+2.759074e-06
2026.106.19:34:00/gps-maser/+2.825100e-06
2026.106.19:35:00/gps-fmout/+2.760107e-06
2026.106.19:35:00/gps-maser/+2.825014e-06
2026.106.19:36:00/gps-fmout/+2.761838e-06
2026.106.19:36:00/gps-maser/+2.826634e-06
2026.106.19:37:00/gps-fmout/+2.760608e-06
2026.106.19:37:00/gps-maser/+2.825789e-06
2026.106.19:38:00/gps-fmout/+2.758640e-06
2026.106.19:38:00/gps-maser/+2.824872e-06
2026.106.19:39:00/gps-fmout/+2.755937e-06
2026.106.19:39:00/gps-maser/+2.820282e-06
2026.106.19:40:00/gps-fmout/+2.755439e-06
2026.106.19:40:00/gps-maser/+2.819154e-06
2026.106.19:41:00/gps-fmout/+2.753743e-06
2026.106.19:41:00/gps-maser/+2.820028e-06
2026.106.19:42:00/gps-fmout/+2.752802e-06
2026.106.19:42:00/gps-maser/+2.819563e-06
2026.106.19:43:00/gps-fmout/+2.752367e-06
2026.106.19:43:00/gps-maser/+2.818718e-06
2026.106.19:44:00/gps-fmout/+2.751300e-06
2026.106.19:44:00/gps-maser/+2.817905e-06
2026.106.19:45:00/gps-fmout/+2.754000e-06
2026.106.19:45:00/gps-maser/+2.819327e-06
2026.106.19:46:00/gps-fmout/+2.755352e-06
2026.106.19:46:00/gps-maser/+2.821434e-06
2026.106.19:47:00/gps-fmout/+2.756197e-06
2026.106.19:47:00/gps-maser/+2.822070e-06
2026.106.19:48:00/gps-fmout/+2.757016e-06
2026.106.19:48:00/gps-maser/+2.821991e-06
2026.106.19:49:00/gps-fmout/+2.755889e-06
2026.106.19:49:00/gps-maser/+2.821183e-06
2026.106.19:50:00/gps-fmout/+2.756200e-06
2026.106.19:50:00/gps-maser/+2.822394e-06
2026.106.19:51:00/gps-fmout/+2.756928e-06
2026.106.19:51:00/gps-maser/+2.823998e-06
2026.106.19:52:00/gps-fmout/+2.755887e-06
2026.106.19:52:00/gps-maser/+2.822962e-06
2026.106.19:53:00/gps-fmout/+2.756279e-06
2026.106.19:53:00/gps-maser/+2.822397e-06
2026.106.19:54:00/gps-fmout/+2.756840e-06
2026.106.19:54:00/gps-maser/+2.820094e-06
2026.106.19:55:00/gps-fmout/+2.755206e-06
2026.106.19:55:00/gps-maser/+2.821003e-06
2026.106.19:56:00/gps-fmout/+2.755663e-06
2026.106.19:56:00/gps-maser/+2.821161e-06
2026.106.19:57:00/gps-fmout/+2.758402e-06
2026.106.19:57:00/gps-maser/+2.822402e-06
2026.106.19:58:00/gps-fmout/+2.760000e-06
2026.106.19:58:00/gps-maser/+2.824037e-06
2026.106.19:59:00/gps-fmout/+2.757595e-06
2026.106.19:59:00/gps-maser/+2.824365e-06
2026.106.20:00:00/gps-fmout/+2.758818e-06
2026.106.20:00:00/gps-maser/+2.825000e-06
2026.106.20:01:00/gps-fmout/+2.757988e-06
2026.106.20:01:00/gps-maser/+2.825000e-06
2026.106.20:02:00/gps-fmout/+2.758360e-06
2026.106.20:02:00/gps-maser/+2.824028e-06
2026.106.20:03:00/gps-fmout/+2.758573e-06
2026.106.20:03:00/gps-maser/+2.822122e-06
2026.106.20:04:00/gps-fmout/+2.756103e-06
2026.106.20:04:00/gps-maser/+2.823015e-06
2026.106.20:05:00/gps-fmout/+2.756702e-06
2026.106.20:05:00/gps-maser/+2.822748e-06
2026.106.20:06:00/gps-fmout/+2.755429e-06
2026.106.20:06:00/gps-maser/+2.821470e-06
2026.106.20:07:00/gps-fmout/+2.753770e-06
2026.106.20:07:00/gps-maser/+2.819771e-06
2026.106.20:08:00/gps-fmout/+2.753000e-06
2026.106.20:08:00/gps-maser/+2.818057e-06
2026.106.20:09:00/gps-fmout/+2.753414e-06
2026.106.20:09:00/gps-maser/+2.816346e-06
2026.106.20:10:00/gps-fmout/+2.751691e-06
2026.106.20:10:00/gps-maser/+2.814986e-06
2026.106.20:11:00/gps-fmout/+2.751058e-06
2026.106.20:11:00/gps-maser/+2.818004e-06
2026.106.20:12:00/gps-fmout/+2.754288e-06
2026.106.20:12:00/gps-maser/+2.817878e-06
2026.106.20:13:00/gps-fmout/+2.753529e-06
2026.106.20:13:00/gps-maser/+2.819684e-06
2026.106.20:14:00/gps-fmout/+2.752183e-06
2026.106.20:14:00/gps-maser/+2.817199e-06
2026.106.20:15:00/gps-fmout/+2.754837e-06
2026.106.20:15:00/gps-maser/+2.820728e-06
2026.106.20:16:00/gps-fmout/+2.756951e-06
2026.106.20:16:00/gps-maser/+2.823011e-06
2026.106.20:17:00/gps-fmout/+2.760736e-06
2026.106.20:17:00/gps-maser/+2.826436e-06
2026.106.20:18:00/gps-fmout/+2.763208e-06
2026.106.20:18:00/gps-maser/+2.828443e-06
2026.106.20:19:00/gps-fmout/+2.763728e-06
2026.106.20:19:00/gps-maser/+2.829300e-06
2026.106.20:20:00/gps-fmout/+2.765000e-06
2026.106.20:20:00/gps-maser/+2.830133e-06
2026.106.20:21:00/gps-fmout/+2.765000e-06
2026.106.20:21:00/gps-maser/+2.830000e-06
2026.106.20:22:00/gps-fmout/+2.764410e-06
2026.106.20:22:00/gps-maser/+2.828566e-06
2026.106.20:23:00/gps-fmout/+2.763119e-06
2026.106.20:23:00/gps-maser/+2.827893e-06
2026.106.20:24:00/gps-fmout/+2.763830e-06
2026.106.20:24:00/gps-maser/+2.828059e-06
2026.106.20:25:00/gps-fmout/+2.762116e-06
2026.106.20:25:00/gps-maser/+2.828675e-06
2026.106.20:26:00/gps-fmout/+2.760799e-06
2026.106.20:26:00/gps-maser/+2.827855e-06
2026.106.20:27:00/gps-fmout/+2.762257e-06
2026.106.20:27:00/gps-maser/+2.828187e-06
2026.106.20:28:00/gps-fmout/+2.764079e-06
2026.106.20:28:00/gps-maser/+2.829882e-06
2026.106.20:29:00/gps-fmout/+2.765324e-06
2026.106.20:29:00/gps-maser/+2.831901e-06
2026.106.20:30:00/gps-fmout/+2.766169e-06
2026.106.20:30:00/gps-maser/+2.833887e-06
2026.106.20:31:00/gps-fmout/+2.767016e-06
2026.106.20:31:00/gps-maser/+2.832351e-06
2026.106.20:32:00/gps-fmout/+2.768000e-06
2026.106.20:32:00/gps-maser/+2.832539e-06
2026.106.20:33:00/gps-fmout/+2.768000e-06
2026.106.20:33:00/gps-maser/+2.834000e-06
2026.106.20:34:00/gps-fmout/+2.767955e-06
2026.106.20:34:00/gps-maser/+2.834000e-06
2026.106.20:35:00/gps-fmout/+2.766629e-06
2026.106.20:35:00/gps-maser/+2.833221e-06
2026.106.20:36:00/gps-fmout/+2.767652e-06
2026.106.20:36:00/gps-maser/+2.832800e-06
2026.106.20:37:00/gps-fmout/+2.770501e-06
2026.106.20:37:00/gps-maser/+2.837210e-06
2026.106.20:38:00/gps-fmout/+2.773878e-06
2026.106.20:38:00/gps-maser/+2.839290e-06
2026.106.20:39:00/gps-fmout/+2.775000e-06
2026.106.20:39:00/gps-maser/+2.841604e-06
2026.106.20:40:00/gps-fmout/+2.775000e-06
2026.106.20:40:00/gps-maser/+2.841605e-06
2026.106.20:41:00/gps-fmout/+2.775000e-06
2026.106.20:41:00/gps-maser/+2.840476e-06
2026.106.20:42:00/gps-fmout/+2.774689e-06
2026.106.20:42:00/gps-maser/+2.840640e-06
2026.106.20:43:00/gps-fmout/+2.774110e-06
2026.106.20:43:00/gps-maser/+2.840144e-06
2026.106.20:44:00/gps-fmout/+2.775023e-06
2026.106.20:44:00/gps-maser/+2.841000e-06
2026.106.20:45:00/gps-fmout/+2.775955e-06
2026.106.20:45:00/gps-maser/+2.841000e-06
2026.106.20:46:00/gps-fmout/+2.776465e-06
2026.106.20:46:00/gps-maser/+2.840340e-06
2026.106.20:47:00/gps-fmout/+2.773481e-06
2026.106.20:47:00/gps-maser/+2.836000e-06
2026.106.20:48:00/gps-fmout/+2.770863e-06
2026.106.20:48:00/gps-maser/+2.835043e-06
2026.106.20:49:00/gps-fmout/+2.769515e-06
2026.106.20:49:00/gps-maser/+2.833453e-06
2026.106.20:50:00/gps-fmout/+2.769161e-06
2026.106.20:50:00/gps-maser/+2.835423e-06
2026.106.20:51:00/gps-fmout/+2.771013e-06
2026.106.20:51:00/gps-maser/+2.838000e-06
2026.106.20:52:00/gps-fmout/+2.770627e-06
2026.106.20:52:00/gps-maser/+2.834979e-06
2026.106.20:53:00/gps-fmout/+2.770349e-06
2026.106.20:53:00/gps-maser/+2.836661e-06
2026.106.20:54:00/gps-fmout/+2.773043e-06
2026.106.20:54:00/gps-maser/+2.840013e-06
2026.106.20:55:00/gps-fmout/+2.773792e-06
2026.106.20:55:00/gps-maser/+2.839109e-06
2026.106.20:56:00/gps-fmout/+2.774902e-06
2026.106.20:56:00/gps-maser/+2.840815e-06
2026.106.20:57:00/gps-fmout/+2.774397e-06
2026.106.20:57:00/gps-maser/+2.840172e-06
2026.106.20:58:00/gps-fmout/+2.776617e-06
2026.106.20:58:00/gps-maser/+2.841443e-06
2026.106.20:59:00/gps-fmout/+2.777105e-06
2026.106.20:59:00/gps-maser/+2.842300e-06
2026.106.21:00:00/gps-fmout/+2.776770e-06
2026.106.21:00:00/gps-maser/+2.842929e-06
2026.106.21:01:00/gps-fmout/+2.774977e-06
2026.106.21:01:00/gps-maser/+2.840000e-06
2026.106.21:02:00/gps-fmout/+2.774349e-06
2026.106.21:02:00/gps-maser/+2.840426e-06
2026.106.21:03:00/gps-fmout/+2.772342e-06
2026.106.21:03:00/gps-maser/+2.838395e-06
2026.106.21:04:00/gps-fmout/+2.769977e-06
2026.106.21:04:00/gps-maser/+2.835908e-06
2026.106.21:05:00/gps-fmout/+2.769709e-06
2026.106.21:05:00/gps-maser/+2.834791e-06
2026.106.21:06:00/gps-fmout/+2.767334e-06
2026.106.21:06:00/gps-maser/+2.832865e-06
2026.106.21:07:00/gps-fmout/+2.765868e-06
2026.106.21:07:00/gps-maser/+2.832831e-06
2026.106.21:08:00/gps-fmout/+2.767701e-06
2026.106.21:08:00/gps-maser/+2.833424e-06
2026.106.21:09:00/gps-fmout/+2.768429e-06
2026.106.21:09:00/gps-maser/+2.834159e-06
2026.106.21:10:00/gps-fmout/+2.766734e-06
2026.106.21:10:00/gps-maser/+2.831805e-06
2026.106.21:11:00/gps-fmout/+2.766024e-06
2026.106.21:11:00/gps-maser/+2.830956e-06
2026.106.21:12:00/gps-fmout/+2.766269e-06
2026.106.21:12:00/gps-maser/+2.830190e-06
2026.106.21:13:00/gps-fmout/+2.764638e-06
2026.106.21:13:00/gps-maser/+2.831120e-06
2026.106.21:14:00/gps-fmout/+2.764104e-06
2026.106.21:14:00/gps-maser/+2.830801e-06
2026.106.21:15:00/gps-fmout/+2.765000e-06
2026.106.21:15:00/gps-maser/+2.828072e-06
2026.106.21:16:00/gps-fmout/+2.765000e-06
2026.106.21:16:00/gps-maser/+2.829806e-06
2026.106.21:17:00/gps-fmout/+2.765000e-06
2026.106.21:17:00/gps-maser/+2.831776e-06
2026.106.21:18:00/gps-fmout/+2.765000e-06
2026.106.21:18:00/gps-maser/+2.829391e-06
2026.106.21:19:00/gps-fmout/+2.765813e-06
2026.106.21:19:00/gps-maser/+2.828951e-06
2026.106.21:20:00/gps-fmout/+2.763568e-06
2026.106.21:20:00/gps-maser/+2.829069e-06
2026.106.21:21:00/gps-fmout/+2.766172e-06
2026.106.21:21:00/gps-maser/+2.830111e-06
2026.106.21:22:00/gps-fmout/+2.767000e-06
2026.106.21:22:00/gps-maser/+2.832156e-06
2026.106.21:23:00/gps-fmout/+2.767000e-06
2026.106.21:23:00/gps-maser/+2.830108e-06
2026.106.21:24:00/gps-fmout/+2.767757e-06
2026.106.21:24:00/gps-maser/+2.832666e-06
2026.106.21:25:00/gps-fmout/+2.773130e-06
2026.106.21:25:00/gps-maser/+2.836438e-06
2026.106.21:26:00/gps-fmout/+2.774408e-06
2026.106.21:26:00/gps-maser/+2.837286e-06
2026.106.21:27:00/gps-fmout/+2.774927e-06
2026.106.21:27:00/gps-maser/+2.837874e-06
2026.106.21:28:00/gps-fmout/+2.774000e-06
2026.106.21:28:00/gps-maser/+2.838009e-06
2026.106.21:29:00/gps-fmout/+2.774000e-06
2026.106.21:29:00/gps-maser/+2.839000e-06
2026.106.21:30:00/gps-fmout/+2.773871e-06
2026.106.21:30:00/gps-maser/+2.839000e-06
2026.106.21:31:00/gps-fmout/+2.773000e-06
2026.106.21:31:00/gps-maser/+2.838983e-06
2026.106.21:32:00/gps-fmout/+2.773000e-06
2026.106.21:32:00/gps-maser/+2.837598e-06
2026.106.21:33:00/gps-fmout/+2.772899e-06
2026.106.21:33:00/gps-maser/+2.836746e-06
2026.106.21:34:00/gps-fmout/+2.771462e-06
2026.106.21:34:00/gps-maser/+2.835879e-06
2026.106.21:35:00/gps-fmout/+2.769560e-06
2026.106.21:35:00/gps-maser/+2.833633e-06
2026.106.21:36:00/gps-fmout/+2.768423e-06
2026.106.21:36:00/gps-maser/+2.830867e-06
2026.106.21:37:00/gps-fmout/+2.764285e-06
2026.106.21:37:00/gps-maser/+2.829000e-06
2026.106.21:38:00/gps-fmout/+2.761986e-06
2026.106.21:38:00/gps-maser/+2.829000e-06
2026.106.21:39:00/gps-fmout/+2.762620e-06
2026.106.21:39:00/gps-maser/+2.828146e-06
2026.106.21:40:00/gps-fmout/+2.761775e-06
2026.106.21:40:00/gps-maser/+2.826000e-06
2026.106.21:41:00/gps-fmout/+2.760907e-06
2026.106.21:41:00/gps-maser/+2.826000e-06
2026.106.21:42:00/gps-fmout/+2.759427e-06
2026.106.21:42:00/gps-maser/+2.826000e-06
2026.106.21:43:00/gps-fmout/+2.758948e-06
2026.106.21:43:00/gps-maser/+2.826000e-06
2026.106.21:44:00/gps-fmout/+2.760460e-06
2026.106.21:44:00/gps-maser/+2.826265e-06
2026.106.21:45:00/gps-fmout/+2.763510e-06
2026.106.21:45:00/gps-maser/+2.829886e-06
2026.106.21:46:00/gps-fmout/+2.765770e-06
2026.106.21:46:00/gps-maser/+2.831600e-06
2026.106.21:47:00/gps-fmout/+2.767247e-06
2026.106.21:47:00/gps-maser/+2.833089e-06
2026.106.21:48:00/gps-fmout/+2.766942e-06
2026.106.21:48:00/gps-maser/+2.831000e-06
2026.106.21:49:00/gps-fmout/+2.764536e-06
2026.106.21:49:00/gps-maser/+2.831764e-06
2026.106.21:50:00/gps-fmout/+2.765846e-06
2026.106.21:50:00/gps-maser/+2.830659e-06
2026.106.21:51:00/gps-fmout/+2.765165e-06
2026.106.21:51:00/gps-maser/+2.829002e-06
2026.106.21:52:00/gps-fmout/+2.767009e-06
2026.106.21:52:00/gps-maser/+2.830661e-06
2026.106.21:53:00/gps-fmout/+2.767310e-06
2026.106.21:53:00/gps-maser/+2.830894e-06
2026.106.21:54:00/gps-fmout/+2.768000e-06
2026.106.21:54:00/gps-maser/+2.834000e-06
2026.106.21:55:00/gps-fmout/+2.768000e-06
2026.106.21:55:00/gps-maser/+2.834000e-06
2026.106.21:56:00/gps-fmout/+2.768390e-06
2026.106.21:56:00/gps-maser/+2.834348e-06
2026.106.21:57:00/gps-fmout/+2.770128e-06
2026.106.21:57:00/gps-maser/+2.836072e-06
2026.106.21:58:00/gps-fmout/+2.770000e-06
2026.106.21:58:00/gps-maser/+2.835529e-06
2026.106.21:59:00/gps-fmout/+2.769177e-06
2026.106.21:59:00/gps-maser/+2.834673e-06
2026.106.22:00:00/gps-fmout/+2.769934e-06
2026.106.22:00:00/gps-maser/+2.834031e-06
2026.106.22:01:00/gps-fmout/+2.769119e-06
2026.106.22:01:00/gps-maser/+2.836012e-06
2026.106.22:02:00/gps-fmout/+2.771397e-06
2026.106.22:02:00/gps-maser/+2.836337e-06
2026.106.22:03:00/gps-fmout/+2.770641e-06
2026.106.22:03:00/gps-maser/+2.836961e-06
2026.106.22:04:00/gps-fmout/+2.772731e-06
2026.106.22:04:00/gps-maser/+2.836105e-06
2026.106.22:05:00/gps-fmout/+2.770235e-06
2026.106.22:05:00/gps-maser/+2.836584e-06
2026.106.22:06:00/gps-fmout/+2.770294e-06
2026.106.22:06:00/gps-maser/+2.834568e-06
2026.106.22:07:00/gps-fmout/+2.771142e-06
2026.106.22:07:00/gps-maser/+2.836636e-06
2026.106.22:08:00/gps-fmout/+2.772000e-06
2026.106.22:08:00/gps-maser/+2.835000e-06
2026.106.22:09:00/gps-fmout/+2.772655e-06
2026.106.22:09:00/gps-maser/+2.835000e-06
2026.106.22:10:00/gps-fmout/+2.771801e-06
2026.106.22:10:00/gps-maser/+2.834922e-06
2026.106.22:11:00/gps-fmout/+2.770884e-06
2026.106.22:11:00/gps-maser/+2.834000e-06
2026.106.22:12:00/gps-fmout/+2.769328e-06
2026.106.22:12:00/gps-maser/+2.834000e-06
2026.106.22:13:00/gps-fmout/+2.770000e-06
2026.106.22:13:00/gps-maser/+2.833840e-06
2026.106.22:14:00/gps-fmout/+2.770000e-06
2026.106.22:14:00/gps-maser/+2.833161e-06
2026.106.22:15:00/gps-fmout/+2.771313e-06
2026.106.22:15:00/gps-maser/+2.835851e-06
2026.106.22:16:00/gps-fmout/+2.773000e-06
2026.106.22:16:00/gps-maser/+2.837747e-06
2026.106.22:17:00/gps-fmout/+2.773000e-06
2026.106.22:17:00/gps-maser/+2.840135e-06
2026.106.22:18:00/gps-fmout/+2.774127e-06
2026.106.22:18:00/gps-maser/+2.841885e-06
2026.106.22:19:00/gps-fmout/+2.777064e-06
2026.106.22:19:00/gps-maser/+2.843628e-06
2026.106.22:20:00/gps-fmout/+2.779236e-06
2026.106.22:20:00/gps-maser/+2.842120e-06
2026.106.22:21:00/gps-fmout/+2.778076e-06
2026.106.22:21:00/gps-maser/+2.844113e-06
2026.106.22:22:00/gps-fmout/+2.779216e-06
2026.106.22:22:00/gps-maser/+2.847239e-06
2026.106.22:23:00/gps-fmout/+2.778594e-06
2026.106.22:23:00/gps-maser/+2.845165e-06
2026.106.22:24:00/gps-fmout/+2.776937e-06
2026.106.22:24:00/gps-maser/+2.841896e-06
2026.106.22:25:00/gps-fmout/+2.775298e-06
2026.106.22:25:00/gps-maser/+2.840291e-06
2026.106.22:26:00/gps-fmout/+2.772953e-06
2026.106.22:26:00/gps-maser/+2.837462e-06
2026.106.22:27:00/gps-fmout/+2.772432e-06
2026.106.22:27:00/gps-maser/+2.835777e-06
2026.106.22:28:00/gps-fmout/+2.769015e-06
2026.106.22:28:00/gps-maser/+2.834866e-06
2026.106.22:29:00/gps-fmout/+2.766733e-06
2026.106.22:29:00/gps-maser/+2.833995e-06
2026.106.22:30:00/gps-fmout/+2.767660e-06
2026.106.22:30:00/gps-maser/+2.830955e-06
2026.106.22:31:00/gps-fmout/+2.765014e-06
2026.106.22:31:00/gps-maser/+2.832000e-06
2026.106.22:32:00/gps-fmout/+2.766273e-06
2026.106.22:32:00/gps-maser/+2.831275e-06
2026.106.22:33:00/gps-fmout/+2.765187e-06
2026.106.22:33:00/gps-maser/+2.832085e-06
2026.106.22:34:00/gps-fmout/+2.766013e-06
2026.106.22:34:00/gps-maser/+2.831928e-06
2026.106.22:35:00/gps-fmout/+2.767048e-06
2026.106.22:35:00/gps-maser/+2.831981e-06
2026.106.22:36:00/gps-fmout/+2.770010e-06
2026.106.22:36:00/gps-maser/+2.836276e-06
2026.106.22:37:00/gps-fmout/+2.774034e-06
2026.106.22:37:00/gps-maser/+2.840062e-06
2026.106.22:38:00/gps-fmout/+2.776748e-06
2026.106.22:38:00/gps-maser/+2.839833e-06
2026.106.22:39:00/gps-fmout/+2.776357e-06
2026.106.22:39:00/gps-maser/+2.842626e-06
2026.106.22:40:00/gps-fmout/+2.779259e-06
2026.106.22:40:00/gps-maser/+2.844435e-06
2026.106.22:41:00/gps-fmout/+2.780000e-06
2026.106.22:41:00/gps-maser/+2.847020e-06
2026.106.22:42:00/gps-fmout/+2.780000e-06
2026.106.22:42:00/gps-maser/+2.846634e-06
2026.106.22:43:00/gps-fmout/+2.779855e-06
2026.106.22:43:00/gps-maser/+2.845789e-06
2026.106.22:44:00/gps-fmout/+2.779000e-06
2026.106.22:44:00/gps-maser/+2.844853e-06
2026.106.22:45:00/gps-fmout/+2.779000e-06
2026.106.22:45:00/gps-maser/+2.841803e-06
2026.106.22:46:00/gps-fmout/+2.778651e-06
2026.106.22:46:00/gps-maser/+2.842272e-06
2026.106.22:47:00/gps-fmout/+2.776965e-06
2026.106.22:47:00/gps-maser/+2.842803e-06
2026.106.22:48:00/gps-fmout/+2.776349e-06
2026.106.22:48:00/gps-maser/+2.839785e-06
2026.106.22:49:00/gps-fmout/+2.776325e-06
2026.106.22:49:00/gps-maser/+2.839382e-06
2026.106.22:50:00/gps-fmout/+2.777183e-06
2026.106.22:50:00/gps-maser/+2.841006e-06
2026.106.22:51:00/gps-fmout/+2.778035e-06
2026.106.22:51:00/gps-maser/+2.841881e-06
2026.106.22:52:00/gps-fmout/+2.779000e-06
2026.106.22:52:00/gps-maser/+2.844048e-06
2026.106.22:53:00/gps-fmout/+2.779000e-06
2026.106.22:53:00/gps-maser/+2.845966e-06
2026.106.22:54:00/gps-fmout/+2.779060e-06
2026.106.22:54:00/gps-maser/+2.844113e-06
2026.106.22:55:00/gps-fmout/+2.780615e-06
2026.106.22:55:00/gps-maser/+2.845820e-06
2026.106.22:56:00/gps-fmout/+2.780887e-06
2026.106.22:56:00/gps-maser/+2.847377e-06
2026.106.22:57:00/gps-fmout/+2.779771e-06
2026.106.22:57:00/gps-maser/+2.846718e-06
2026.106.22:58:00/gps-fmout/+2.779453e-06
2026.106.22:58:00/gps-maser/+2.843895e-06
2026.106.22:59:00/gps-fmout/+2.779169e-06
2026.106.22:59:00/gps-maser/+2.843187e-06
2026.106.23:00:00/gps-fmout/+2.776743e-06
2026.106.23:00:00/gps-maser/+2.843662e-06
2026.106.23:01:00/gps-fmout/+2.775928e-06
2026.106.23:01:00/gps-maser/+2.841000e-06
2026.106.23:02:00/gps-fmout/+2.773414e-06
2026.106.23:02:00/gps-maser/+2.838344e-06
2026.106.23:03:00/gps-fmout/+2.773000e-06
2026.106.23:03:00/gps-maser/+2.838000e-06
2026.106.23:04:00/gps-fmout/+2.773000e-06
2026.106.23:04:00/gps-maser/+2.838000e-06
2026.106.23:05:00/gps-fmout/+2.774001e-06
2026.106.23:05:00/gps-maser/+2.838245e-06
2026.106.23:06:00/gps-fmout/+2.776564e-06
2026.106.23:06:00/gps-maser/+2.839371e-06
2026.106.23:07:00/gps-fmout/+2.778257e-06
2026.106.23:07:00/gps-maser/+2.841450e-06
2026.106.23:08:00/gps-fmout/+2.777955e-06
2026.106.23:08:00/gps-maser/+2.843814e-06
2026.106.23:09:00/gps-fmout/+2.775921e-06
2026.106.23:09:00/gps-maser/+2.842421e-06
2026.106.23:10:00/gps-fmout/+2.775777e-06
2026.106.23:10:00/gps-maser/+2.841128e-06
2026.106.23:11:00/gps-fmout/+2.774001e-06
2026.106.23:11:00/gps-maser/+2.840606e-06
2026.106.23:12:00/gps-fmout/+2.775630e-06
2026.106.23:12:00/gps-maser/+2.838469e-06
2026.106.23:13:00/gps-fmout/+2.774773e-06
2026.106.23:13:00/gps-maser/+2.838234e-06
2026.106.23:14:00/gps-fmout/+2.773996e-06
2026.106.23:14:00/gps-maser/+2.839947e-06
2026.106.23:15:00/gps-fmout/+2.775265e-06
2026.106.23:15:00/gps-maser/+2.838538e-06
2026.106.23:16:00/gps-fmout/+2.774330e-06
2026.106.23:16:00/gps-maser/+2.837929e-06
2026.106.23:17:00/gps-fmout/+2.771864e-06
2026.106.23:17:00/gps-maser/+2.837877e-06
2026.106.23:18:00/gps-fmout/+2.773419e-06
2026.106.23:18:00/gps-maser/+2.837160e-06
2026.106.23:19:00/gps-fmout/+2.774889e-06
2026.106.23:19:00/gps-maser/+2.838912e-06
2026.106.23:20:00/gps-fmout/+2.774366e-06
2026.106.23:20:00/gps-maser/+2.840822e-06
2026.106.23:21:00/gps-fmout/+2.776971e-06
2026.106.23:21:00/gps-maser/+2.839401e-06
2026.106.23:22:00/gps-fmout/+2.775257e-06
2026.106.23:22:00/gps-maser/+2.839186e-06
2026.106.23:23:00/gps-fmout/+2.773656e-06
2026.106.23:23:00/gps-maser/+2.840038e-06
2026.106.23:24:00/gps-fmout/+2.772886e-06
2026.106.23:24:00/gps-maser/+2.838853e-06
2026.106.23:25:00/gps-fmout/+2.770504e-06
2026.106.23:25:00/gps-maser/+2.834844e-06
2026.106.23:26:00/gps-fmout/+2.769000e-06
2026.106.23:26:00/gps-maser/+2.834000e-06
2026.106.23:27:00/gps-fmout/+2.769000e-06
2026.106.23:27:00/gps-maser/+2.834000e-06
2026.106.23:28:00/gps-fmout/+2.769000e-06
2026.106.23:28:00/gps-maser/+2.834000e-06
2026.106.23:29:00/gps-fmout/+2.769000e-06
2026.106.23:29:00/gps-maser/+2.834129e-06
2026.106.23:30:00/gps-fmout/+2.769000e-06
2026.106.23:30:00/gps-maser/+2.835258e-06
2026.106.23:31:00/gps-fmout/+2.769003e-06
2026.106.23:31:00/gps-maser/+2.835179e-06
2026.106.23:32:00/gps-fmout/+2.769394e-06
2026.106.23:32:00/gps-maser/+2.833990e-06
2026.106.23:33:00/gps-fmout/+2.767769e-06
2026.106.23:33:00/gps-maser/+2.833862e-06
2026.106.23:34:00/gps-fmout/+2.766888e-06
2026.106.23:34:00/gps-maser/+2.832931e-06
2026.106.23:35:00/gps-fmout/+2.766062e-06
2026.106.23:35:00/gps-maser/+2.832394e-06
2026.106.23:36:00/gps-fmout/+2.767729e-06
2026.106.23:36:00/gps-maser/+2.833239e-06
2026.106.23:37:00/gps-fmout/+2.769941e-06
2026.106.23:37:00/gps-maser/+2.834035e-06
2026.106.23:38:00/gps-fmout/+2.769137e-06
2026.106.23:38:00/gps-maser/+2.834845e-06
2026.106.23:39:00/gps-fmout/+2.771314e-06
2026.106.23:39:00/gps-maser/+2.836535e-06
2026.106.23:40:00/gps-fmout/+2.774844e-06
2026.106.23:40:00/gps-maser/+2.838350e-06
2026.106.23:41:00/gps-fmout/+2.774493e-06
2026.106.23:41:00/gps-maser/+2.840541e-06
2026.106.23:42:00/gps-fmout/+2.775338e-06
2026.106.23:42:00/gps-maser/+2.841624e-06
2026.106.23:43:00/gps-fmout/+2.776183e-06
2026.106.23:43:00/gps-maser/+2.842827e-06
2026.106.23:44:00/gps-fmout/+2.777018e-06
2026.106.23:44:00/gps-maser/+2.842000e-06
2026.106.23:45:00/gps-fmout/+2.775515e-06
2026.106.23:45:00/gps-maser/+2.842000e-06
2026.106.23:46:00/gps-fmout/+2.774989e-06
2026.106.23:46:00/gps-maser/+2.841883e-06
2026.106.23:47:00/gps-fmout/+2.776205e-06
2026.106.23:47:00/gps-maser/+2.841030e-06
2026.106.23:48:00/gps-fmout/+2.777687e-06
2026.106.23:48:00/gps-maser/+2.843215e-06
2026.106.23:49:00/gps-fmout/+2.776901e-06
2026.106.23:49:00/gps-maser/+2.845115e-06
2026.106.23:50:00/gps-fmout/+2.777415e-06
2026.106.23:50:00/gps-maser/+2.844115e-06
2026.106.23:51:00/gps-fmout/+2.778071e-06
2026.106.23:51:00/gps-maser/+2.843414e-06
2026.106.23:52:00/gps-fmout/+2.776364e-06
2026.106.23:52:00/gps-maser/+2.841190e-06
2026.106.23:53:00/gps-fmout/+2.774819e-06
2026.106.23:53:00/gps-maser/+2.841746e-06
2026.106.23:54:00/gps-fmout/+2.776023e-06
2026.106.23:54:00/gps-maser/+2.840351e-06
2026.106.23:55:00/gps-fmout/+2.777280e-06
2026.106.23:55:00/gps-maser/+2.840795e-06
2026.106.23:56:00/gps-fmout/+2.776631e-06
2026.106.23:56:00/gps-maser/+2.842932e-06
2026.106.23:57:00/gps-fmout/+2.774970e-06
2026.106.23:57:00/gps-maser/+2.841920e-06
2026.106.23:58:00/gps-fmout/+2.774589e-06
2026.106.23:58:00/gps-maser/+2.840472e-06
2026.106.23:59:00/gps-fmout/+2.774148e-06
2026.106.23:59:00/gps-maser/+2.840086e-06
2026.107.00:00:00/gps-fmout/+2.774820e-06
2026.107.00:00:00/gps-maser/+2.840801e-06
2026.107.00:01:00/gps-fmout/+2.774053e-06
2026.107.00:01:00/gps-maser/+2.839260e-06
2026.107.00:02:00/gps-fmout/+2.773451e-06
2026.107.00:02:00/gps-maser/+2.838926e-06
2026.107.00:03:00/gps-fmout/+2.771757e-06
2026.107.00:03:00/gps-maser/+2.835469e-06
2026.107.00:04:00/gps-fmout/+2.771002e-06
2026.107.00:04:00/gps-maser/+2.836820e-06
2026.107.00:05:00/gps-fmout/+2.772072e-06
2026.107.00:05:00/gps-maser/+2.836686e-06
2026.107.00:06:00/gps-fmout/+2.772452e-06
2026.107.00:06:00/gps-maser/+2.838393e-06
2026.107.00:07:00/gps-fmout/+2.774988e-06
2026.107.00:07:00/gps-maser/+2.840086e-06
2026.107.00:08:00/gps-fmout/+2.775628e-06
2026.107.00:08:00/gps-maser/+2.841800e-06
2026.107.00:09:00/gps-fmout/+2.779013e-06
2026.107.00:09:00/gps-maser/+2.843415e-06
2026.107.00:10:00/gps-fmout/+2.780943e-06
2026.107.00:10:00/gps-maser/+2.844032e-06
2026.107.00:11:00/gps-fmout/+2.779798e-06
2026.107.00:11:00/gps-maser/+2.844920e-06
2026.107.00:12:00/gps-fmout/+2.780869e-06
2026.107.00:12:00/gps-maser/+2.846000e-06
2026.107.00:13:00/gps-fmout/+2.782856e-06
2026.107.00:13:00/gps-maser/+2.846000e-06
2026.107.00:14:00/gps-fmout/+2.780996e-06
2026.107.00:14:00/gps-maser/+2.846000e-06
2026.107.00:15:00/gps-fmout/+2.780629e-06
2026.107.00:15:00/gps-maser/+2.846271e-06
2026.107.00:16:00/gps-fmout/+2.779773e-06
2026.107.00:16:00/gps-maser/+2.846964e-06
2026.107.00:17:00/gps-fmout/+2.778946e-06
2026.107.00:17:00/gps-maser/+2.845914e-06
2026.107.00:18:00/gps-fmout/+2.779387e-06
2026.107.00:18:00/gps-maser/+2.844200e-06
2026.107.00:19:00/gps-fmout/+2.779996e-06
2026.107.00:19:00/gps-maser/+2.842527e-06
2026.107.00:20:00/gps-fmout/+2.778570e-06
2026.107.00:20:00/gps-maser/+2.842118e-06
2026.107.00:21:00/gps-fmout/+2.776628e-06
2026.107.00:21:00/gps-maser/+2.843443e-06
2026.107.00:22:00/gps-fmout/+2.777607e-06
2026.107.00:22:00/gps-maser/+2.844300e-06
2026.107.00:23:00/gps-fmout/+2.779128e-06
2026.107.00:23:00/gps-maser/+2.844921e-06
2026.107.00:24:00/gps-fmout/+2.779051e-06
2026.107.00:24:00/gps-maser/+2.842000e-06
2026.107.00:25:00/gps-fmout/+2.781046e-06
2026.107.00:25:00/gps-maser/+2.844841e-06
2026.107.00:26:00/gps-fmout/+2.781178e-06
2026.107.00:26:00/gps-maser/+2.847915e-06
2026.107.00:27:00/gps-fmout/+2.782118e-06
2026.107.00:27:00/gps-maser/+2.845982e-06
2026.107.00:28:00/gps-fmout/+2.783638e-06
2026.107.00:28:00/gps-maser/+2.846685e-06
2026.107.00:29:00/gps-fmout/+2.783670e-06
2026.107.00:29:00/gps-maser/+2.847828e-06
2026.107.00:30:00/gps-fmout/+2.781954e-06
2026.107.00:30:00/gps-maser/+2.846344e-06
2026.107.00:31:00/gps-fmout/+2.780537e-06
2026.107.00:31:00/gps-maser/+2.847723e-06
2026.107.00:32:00/gps-fmout/+2.779200e-06
2026.107.00:32:00/gps-maser/+2.845643e-06
2026.107.00:33:00/gps-fmout/+2.779888e-06
2026.107.00:33:00/gps-maser/+2.844982e-06
2026.107.00:34:00/gps-fmout/+2.778979e-06
2026.107.00:34:00/gps-maser/+2.844103e-06
2026.107.00:35:00/gps-fmout/+2.778205e-06
2026.107.00:35:00/gps-maser/+2.842772e-06
2026.107.00:36:00/gps-fmout/+2.779075e-06
2026.107.00:36:00/gps-maser/+2.843427e-06
2026.107.00:37:00/gps-fmout/+2.778925e-06
2026.107.00:37:00/gps-maser/+2.845924e-06
2026.107.00:38:00/gps-fmout/+2.778312e-06
2026.107.00:38:00/gps-maser/+2.842997e-06
2026.107.00:39:00/gps-fmout/+2.778459e-06
2026.107.00:39:00/gps-maser/+2.842053e-06
2026.107.00:40:00/gps-fmout/+2.777255e-06
2026.107.00:40:00/gps-maser/+2.842878e-06
2026.107.00:41:00/gps-fmout/+2.778958e-06
2026.107.00:41:00/gps-maser/+2.843236e-06
2026.107.00:42:00/gps-fmout/+2.780648e-06
2026.107.00:42:00/gps-maser/+2.845321e-06
2026.107.00:43:00/gps-fmout/+2.782186e-06
2026.107.00:43:00/gps-maser/+2.846223e-06
2026.107.00:44:00/gps-fmout/+2.782031e-06
2026.107.00:44:00/gps-maser/+2.849531e-06
2026.107.00:45:00/gps-fmout/+2.784861e-06
2026.107.00:45:00/gps-maser/+2.851905e-06
2026.107.00:46:00/gps-fmout/+2.786233e-06
2026.107.00:46:00/gps-maser/+2.851084e-06
2026.107.00:47:00/gps-fmout/+2.787141e-06
2026.107.00:47:00/gps-maser/+2.852107e-06
2026.107.00:48:00/gps-fmout/+2.788853e-06
2026.107.00:48:00/gps-maser/+2.853718e-06
2026.107.00:49:00/gps-fmout/+2.789607e-06
2026.107.00:49:00/gps-maser/+2.853006e-06
2026.107.00:50:00/gps-fmout/+2.785958e-06
2026.107.00:50:00/gps-maser/+2.852860e-06
2026.107.00:51:00/gps-fmout/+2.785026e-06
2026.107.00:51:00/gps-maser/+2.851548e-06
2026.107.00:52:00/gps-fmout/+2.784172e-06
2026.107.00:52:00/gps-maser/+2.850248e-06
2026.107.00:53:00/gps-fmout/+2.784756e-06
2026.107.00:53:00/gps-maser/+2.847911e-06
2026.107.00:54:00/gps-fmout/+2.783000e-06
2026.107.00:54:00/gps-maser/+2.848543e-06
2026.107.00:55:00/gps-fmout/+2.783000e-06
2026.107.00:55:00/gps-maser/+2.848530e-06
2026.107.00:56:00/gps-fmout/+2.782793e-06
2026.107.00:56:00/gps-maser/+2.846874e-06
2026.107.00:57:00/gps-fmout/+2.780968e-06
2026.107.00:57:00/gps-maser/+2.847033e-06
2026.107.00:58:00/gps-fmout/+2.781381e-06
2026.107.00:58:00/gps-maser/+2.848239e-06
2026.107.00:59:00/gps-fmout/+2.781705e-06
2026.107.00:59:00/gps-maser/+2.847638e-06
2026.107.01:00:00/gps-fmout/+2.780092e-06
2026.107.01:00:00/gps-maser/+2.845925e-06
2026.107.01:01:00/gps-fmout/+2.782814e-06
2026.107.01:01:00/gps-maser/+2.846682e-06
2026.107.01:02:00/gps-fmout/+2.786136e-06
2026.107.01:02:00/gps-maser/+2.848748e-06
2026.107.01:03:00/gps-fmout/+2.787882e-06
2026.107.01:03:00/gps-maser/+2.851438e-06
2026.107.01:04:00/gps-fmout/+2.786554e-06
2026.107.01:04:00/gps-maser/+2.852958e-06
2026.107.01:05:00/gps-fmout/+2.785082e-06
2026.107.01:05:00/gps-maser/+2.851448e-06
2026.107.01:06:00/gps-fmout/+2.782762e-06
2026.107.01:06:00/gps-maser/+2.849504e-06
2026.107.01:07:00/gps-fmout/+2.781943e-06
2026.107.01:07:00/gps-maser/+2.846000e-06
2026.107.01:08:00/gps-fmout/+2.780235e-06
2026.107.01:08:00/gps-maser/+2.845693e-06
2026.107.01:09:00/gps-fmout/+2.779017e-06
2026.107.01:09:00/gps-maser/+2.844682e-06
2026.107.01:10:00/gps-fmout/+2.780801e-06
2026.107.01:10:00/gps-maser/+2.842978e-06
2026.107.01:11:00/gps-fmout/+2.778812e-06
2026.107.01:11:00/gps-maser/+2.843324e-06
2026.107.01:12:00/gps-fmout/+2.779799e-06
2026.107.01:12:00/gps-maser/+2.842530e-06
2026.107.01:13:00/gps-fmout/+2.778750e-06
2026.107.01:13:00/gps-maser/+2.844849e-06
2026.107.01:14:00/gps-fmout/+2.778685e-06
2026.107.01:14:00/gps-maser/+2.843396e-06
2026.107.01:15:00/gps-fmout/+2.780115e-06
2026.107.01:15:00/gps-maser/+2.843365e-06
2026.107.01:16:00/gps-fmout/+2.780770e-06
2026.107.01:16:00/gps-maser/+2.846707e-06
2026.107.01:17:00/gps-fmout/+2.780447e-06
2026.107.01:17:00/gps-maser/+2.847043e-06
2026.107.01:18:00/gps-fmout/+2.778000e-06
2026.107.01:18:00/gps-maser/+2.843654e-06
2026.107.01:19:00/gps-fmout/+2.778000e-06
2026.107.01:19:00/gps-maser/+2.842704e-06
2026.107.01:20:00/gps-fmout/+2.777909e-06
2026.107.01:20:00/gps-maser/+2.840993e-06
2026.107.01:21:00/gps-fmout/+2.773969e-06
2026.107.01:21:00/gps-maser/+2.842652e-06
2026.107.01:22:00/gps-fmout/+2.774649e-06
2026.107.01:22:00/gps-maser/+2.842173e-06
2026.107.01:23:00/gps-fmout/+2.777459e-06
2026.107.01:23:00/gps-maser/+2.843141e-06
2026.107.01:24:00/gps-fmout/+2.779779e-06
2026.107.01:24:00/gps-maser/+2.843332e-06
2026.107.01:25:00/gps-fmout/+2.780000e-06
2026.107.01:25:00/gps-maser/+2.842207e-06
2026.107.01:26:00/gps-fmout/+2.780000e-06
2026.107.01:26:00/gps-maser/+2.843019e-06
2026.107.01:27:00/gps-fmout/+2.780000e-06
2026.107.01:27:00/gps-maser/+2.844330e-06
2026.107.01:28:00/gps-fmout/+2.780000e-06
2026.107.01:28:00/gps-maser/+2.846264e-06
2026.107.01:29:00/gps-fmout/+2.779835e-06
2026.107.01:29:00/gps-maser/+2.845731e-06
2026.107.01:30:00/gps-fmout/+2.777954e-06
2026.107.01:30:00/gps-maser/+2.843986e-06
2026.107.01:31:00/gps-fmout/+2.779176e-06
2026.107.01:31:00/gps-maser/+2.844732e-06
2026.107.01:32:00/gps-fmout/+2.780870e-06
2026.107.01:32:00/gps-maser/+2.846423e-06
2026.107.01:33:00/gps-fmout/+2.779989e-06
2026.107.01:33:00/gps-maser/+2.847953e-06
2026.107.01:34:00/gps-fmout/+2.779205e-06
2026.107.01:34:00/gps-maser/+2.844239e-06
2026.107.01:35:00/gps-fmout/+2.777808e-06
2026.107.01:35:00/gps-maser/+2.844362e-06
2026.107.01:36:00/gps-fmout/+2.778245e-06
2026.107.01:36:00/gps-maser/+2.842318e-06
2026.107.01:37:00/gps-fmout/+2.778525e-06
2026.107.01:37:00/gps-maser/+2.844568e-06
2026.107.01:38:00/gps-fmout/+2.777670e-06
2026.107.01:38:00/gps-maser/+2.843992e-06
2026.107.01:39:00/gps-fmout/+2.776926e-06
2026.107.01:39:00/gps-maser/+2.843760e-06
2026.107.01:40:00/gps-fmout/+2.778045e-06
2026.107.01:40:00/gps-maser/+2.843916e-06
2026.107.01:41:00/gps-fmout/+2.779283e-06
2026.107.01:41:00/gps-maser/+2.844936e-06
2026.107.01:42:00/gps-fmout/+2.778615e-06
2026.107.01:42:00/gps-maser/+2.843272e-06
2026.107.01:43:00/gps-fmout/+2.776958e-06
2026.107.01:43:00/gps-maser/+2.839952e-06
2026.107.01:44:00/gps-fmout/+2.776148e-06
2026.107.01:44:00/gps-maser/+2.840459e-06
2026.107.01:45:00/gps-fmout/+2.774613e-06
2026.107.01:45:00/gps-maser/+2.840840e-06
2026.107.01:46:00/gps-fmout/+2.774000e-06
2026.107.01:46:00/gps-maser/+2.840000e-06
2026.107.01:47:00/gps-fmout/+2.774000e-06
2026.107.01:47:00/gps-maser/+2.840000e-06
2026.107.01:48:00/gps-fmout/+2.774506e-06
2026.107.01:48:00/gps-maser/+2.839784e-06
2026.107.01:49:00/gps-fmout/+2.775925e-06
2026.107.01:49:00/gps-maser/+2.839129e-06
2026.107.01:50:00/gps-fmout/+2.774987e-06
2026.107.01:50:00/gps-maser/+2.841000e-06
2026.107.01:51:00/gps-fmout/+2.775989e-06
2026.107.01:51:00/gps-maser/+2.841000e-06
2026.107.01:52:00/gps-fmout/+2.778130e-06
2026.107.01:52:00/gps-maser/+2.840885e-06
2026.107.01:53:00/gps-fmout/+2.776702e-06
2026.107.01:53:00/gps-maser/+2.840000e-06
2026.107.01:54:00/gps-fmout/+2.773906e-06
2026.107.01:54:00/gps-maser/+2.840000e-06
2026.107.01:55:00/gps-fmout/+2.772778e-06
2026.107.01:55:00/gps-maser/+2.840000e-06
2026.107.01:56:00/gps-fmout/+2.773195e-06
2026.107.01:56:00/gps-maser/+2.839907e-06
2026.107.01:57:00/gps-fmout/+2.775452e-06
2026.107.01:57:00/gps-maser/+2.839438e-06
2026.107.01:58:00/gps-fmout/+2.777742e-06
2026.107.01:58:00/gps-maser/+2.842338e-06
2026.107.01:59:00/gps-fmout/+2.779271e-06
2026.107.01:59:00/gps-maser/+2.846154e-06
2026.107.02:00:00/gps-fmout/+2.780068e-06
2026.107.02:00:00/gps-maser/+2.844000e-06
2026.107.02:01:00/gps-fmout/+2.782812e-06
2026.107.02:01:00/gps-maser/+2.848122e-06
2026.107.02:02:00/gps-fmout/+2.782162e-06
2026.107.02:02:00/gps-maser/+2.848556e-06
2026.107.02:03:00/gps-fmout/+2.782739e-06
2026.107.02:03:00/gps-maser/+2.846113e-06
2026.107.02:04:00/gps-fmout/+2.780798e-06
2026.107.02:04:00/gps-maser/+2.847821e-06
2026.107.02:05:00/gps-fmout/+2.782020e-06
2026.107.02:05:00/gps-maser/+2.849105e-06
2026.107.02:06:00/gps-fmout/+2.782212e-06
2026.107.02:06:00/gps-maser/+2.848117e-06
2026.107.02:07:00/gps-fmout/+2.782201e-06
2026.107.02:07:00/gps-maser/+2.848146e-06
2026.107.02:08:00/gps-fmout/+2.780804e-06
2026.107.02:08:00/gps-maser/+2.847241e-06
2026.107.02:09:00/gps-fmout/+2.781377e-06
2026.107.02:09:00/gps-maser/+2.848009e-06
2026.107.02:10:00/gps-fmout/+2.785006e-06
2026.107.02:10:00/gps-maser/+2.848481e-06
2026.107.02:11:00/gps-fmout/+2.783792e-06
2026.107.02:11:00/gps-maser/+2.848820e-06
2026.107.02:12:00/gps-fmout/+2.784553e-06
2026.107.02:12:00/gps-maser/+2.848053e-06
2026.107.02:13:00/gps-fmout/+2.782857e-06
2026.107.02:13:00/gps-maser/+2.848913e-06
2026.107.02:14:00/gps-fmout/+2.780769e-06
2026.107.02:14:00/gps-maser/+2.845935e-06
2026.107.02:15:00/gps-fmout/+2.778752e-06
2026.107.02:15:00/gps-maser/+2.845791e-06
2026.107.02:16:00/gps-fmout/+2.780395e-06
2026.107.02:16:00/gps-maser/+2.845207e-06
2026.107.02:17:00/gps-fmout/+2.782119e-06
2026.107.02:17:00/gps-maser/+2.848275e-06
2026.107.02:18:00/gps-fmout/+2.782874e-06
2026.107.02:18:00/gps-maser/+2.847546e-06
2026.107.02:19:00/gps-fmout/+2.784777e-06
2026.107.02:19:00/gps-maser/+2.846338e-06
2026.107.02:20:00/gps-fmout/+2.783507e-06
2026.107.02:20:00/gps-maser/+2.848142e-06
2026.107.02:21:00/gps-fmout/+2.782662e-06
2026.107.02:21:00/gps-maser/+2.847684e-06
2026.107.02:22:00/gps-fmout/+2.781952e-06
2026.107.02:22:00/gps-maser/+2.848694e-06
2026.107.02:23:00/gps-fmout/+2.783012e-06
2026.107.02:23:00/gps-maser/+2.847000e-06
2026.107.02:24:00/gps-fmout/+2.783880e-06
2026.107.02:24:00/gps-maser/+2.845655e-06
2026.107.02:25:00/gps-fmout/+2.784558e-06
2026.107.02:25:00/gps-maser/+2.846139e-06
2026.107.02:26:00/gps-fmout/+2.782857e-06
2026.107.02:26:00/gps-maser/+2.847069e-06
2026.107.02:27:00/gps-fmout/+2.781898e-06
2026.107.02:27:00/gps-maser/+2.848562e-06
2026.107.02:28:00/gps-fmout/+2.783713e-06
2026.107.02:28:00/gps-maser/+2.849000e-06
2026.107.02:29:00/gps-fmout/+2.786155e-06
2026.107.02:29:00/gps-maser/+2.849000e-06
2026.107.02:30:00/gps-fmout/+2.784195e-06
2026.107.02:30:00/gps-maser/+2.849000e-06
2026.107.02:31:00/gps-fmout/+2.782850e-06
2026.107.02:31:00/gps-maser/+2.849000e-06
2026.107.02:32:00/gps-fmout/+2.785714e-06
2026.107.02:32:00/gps-maser/+2.848887e-06
2026.107.02:33:00/gps-fmout/+2.784000e-06
2026.107.02:33:00/gps-maser/+2.848024e-06
2026.107.02:34:00/gps-fmout/+2.782285e-06
2026.107.02:34:00/gps-maser/+2.847422e-06
2026.107.02:35:00/gps-fmout/+2.780845e-06
2026.107.02:35:00/gps-maser/+2.845737e-06
2026.107.02:36:00/gps-fmout/+2.782017e-06
2026.107.02:36:00/gps-maser/+2.845002e-06
2026.107.02:37:00/gps-fmout/+2.781329e-06
2026.107.02:37:00/gps-maser/+2.846000e-06
2026.107.02:38:00/gps-fmout/+2.779630e-06
2026.107.02:38:00/gps-maser/+2.846000e-06
2026.107.02:39:00/gps-fmout/+2.779127e-06
2026.107.02:39:00/gps-maser/+2.845968e-06
2026.107.02:40:00/gps-fmout/+2.780229e-06
2026.107.02:40:00/gps-maser/+2.845340e-06
2026.107.02:41:00/gps-fmout/+2.779863e-06
2026.107.02:41:00/gps-maser/+2.845558e-06
2026.107.02:42:00/gps-fmout/+2.781714e-06
2026.107.02:42:00/gps-maser/+2.843976e-06
2026.107.02:43:00/gps-fmout/+2.780000e-06
2026.107.02:43:00/gps-maser/+2.843360e-06
2026.107.02:44:00/gps-fmout/+2.778413e-06
2026.107.02:44:00/gps-maser/+2.843329e-06
2026.107.02:45:00/gps-fmout/+2.778333e-06
2026.107.02:45:00/gps-maser/+2.844172e-06
2026.107.02:46:00/gps-fmout/+2.781023e-06
2026.107.02:46:00/gps-maser/+2.845068e-06
2026.107.02:47:00/gps-fmout/+2.781428e-06
2026.107.02:47:00/gps-maser/+2.846800e-06
2026.107.02:48:00/gps-fmout/+2.782281e-06
2026.107.02:48:00/gps-maser/+2.848362e-06
2026.107.02:49:00/gps-fmout/+2.783317e-06
2026.107.02:49:00/gps-maser/+2.849283e-06
2026.107.02:50:00/gps-fmout/+2.786613e-06
2026.107.02:50:00/gps-maser/+2.851604e-06
2026.107.02:51:00/gps-fmout/+2.788416e-06
2026.107.02:51:00/gps-maser/+2.852086e-06
2026.107.02:52:00/gps-fmout/+2.787687e-06
2026.107.02:52:00/gps-maser/+2.851808e-06
2026.107.02:53:00/gps-fmout/+2.785977e-06
2026.107.02:53:00/gps-maser/+2.851274e-06
2026.107.02:54:00/gps-fmout/+2.785565e-06
2026.107.02:54:00/gps-maser/+2.852731e-06
2026.107.02:55:00/gps-fmout/+2.788000e-06
2026.107.02:55:00/gps-maser/+2.854000e-06
2026.107.02:56:00/gps-fmout/+2.788000e-06
2026.107.02:56:00/gps-maser/+2.854000e-06
2026.107.02:57:00/gps-fmout/+2.788236e-06
2026.107.02:57:00/gps-maser/+2.854000e-06
2026.107.02:58:00/gps-fmout/+2.789446e-06
2026.107.02:58:00/gps-maser/+2.854000e-06
2026.107.02:59:00/gps-fmout/+2.790872e-06
2026.107.02:59:00/gps-maser/+2.854036e-06
2026.107.03:00:00/gps-fmout/+2.788043e-06
2026.107.03:00:00/gps-maser/+2.854389e-06
2026.107.03:01:00/gps-fmout/+2.786674e-06
2026.107.03:01:00/gps-maser/+2.852904e-06
2026.107.03:02:00/gps-fmout/+2.785573e-06
2026.107.03:02:00/gps-maser/+2.852608e-06
2026.107.03:03:00/gps-fmout/+2.783527e-06
2026.107.03:03:00/gps-maser/+2.850000e-06
2026.107.03:04:00/gps-fmout/+2.782691e-06
2026.107.03:04:00/gps-maser/+2.850000e-06
2026.107.03:05:00/gps-fmout/+2.781968e-06
2026.107.03:05:00/gps-maser/+2.849382e-06
2026.107.03:06:00/gps-fmout/+2.782986e-06
2026.107.03:06:00/gps-maser/+2.846011e-06
2026.107.03:07:00/gps-fmout/+2.780265e-06
2026.107.03:07:00/gps-maser/+2.845376e-06
2026.107.03:08:00/gps-fmout/+2.780671e-06
2026.107.03:08:00/gps-maser/+2.843388e-06
2026.107.03:09:00/gps-fmout/+2.778766e-06
2026.107.03:09:00/gps-maser/+2.841000e-06
2026.107.03:10:00/gps-fmout/+2.777115e-06
2026.107.03:10:00/gps-maser/+2.841000e-06
2026.107.03:11:00/gps-fmout/+2.777324e-06
2026.107.03:11:00/gps-maser/+2.841000e-06
2026.107.03:12:00/gps-fmout/+2.775536e-06
2026.107.03:12:00/gps-maser/+2.841093e-06
2026.107.03:13:00/gps-fmout/+2.778000e-06
2026.107.03:13:00/gps-maser/+2.842046e-06
2026.107.03:14:00/gps-fmout/+2.778000e-06
2026.107.03:14:00/gps-maser/+2.842308e-06
2026.107.03:15:00/gps-fmout/+2.777756e-06
2026.107.03:15:00/gps-maser/+2.842779e-06
2026.107.03:16:00/gps-fmout/+2.774980e-06
2026.107.03:16:00/gps-maser/+2.841345e-06
2026.107.03:17:00/gps-fmout/+2.775380e-06
2026.107.03:17:00/gps-maser/+2.841000e-06
2026.107.03:18:00/gps-fmout/+2.776225e-06
2026.107.03:18:00/gps-maser/+2.841000e-06
2026.107.03:19:00/gps-fmout/+2.777116e-06
2026.107.03:19:00/gps-maser/+2.841062e-06
2026.107.03:20:00/gps-fmout/+2.777576e-06
2026.107.03:20:00/gps-maser/+2.843576e-06
2026.107.03:21:00/gps-fmout/+2.776718e-06
2026.107.03:21:00/gps-maser/+2.841029e-06
2026.107.03:22:00/gps-fmout/+2.775661e-06
2026.107.03:22:00/gps-maser/+2.838068e-06
2026.107.03:23:00/gps-fmout/+2.772966e-06
2026.107.03:23:00/gps-maser/+2.839062e-06
2026.107.03:24:00/gps-fmout/+2.773648e-06
2026.107.03:24:00/gps-maser/+2.838514e-06
2026.107.03:25:00/gps-fmout/+2.775338e-06
2026.107.03:25:00/gps-maser/+2.840021e-06
2026.107.03:26:00/gps-fmout/+2.777031e-06
2026.107.03:26:00/gps-maser/+2.841409e-06
2026.107.03:27:00/gps-fmout/+2.778859e-06
2026.107.03:27:00/gps-maser/+2.843502e-06
2026.107.03:28:00/gps-fmout/+2.778185e-06
2026.107.03:28:00/gps-maser/+2.843942e-06
2026.107.03:29:00/gps-fmout/+2.779027e-06
2026.107.03:29:00/gps-maser/+2.843063e-06
2026.107.03:30:00/gps-fmout/+2.780161e-06
2026.107.03:30:00/gps-maser/+2.845040e-06
2026.107.03:31:00/gps-fmout/+2.781710e-06
2026.107.03:31:00/gps-maser/+2.845230e-06
2026.107.03:32:00/gps-fmout/+2.780184e-06
2026.107.03:32:00/gps-maser/+2.845902e-06
2026.107.03:33:00/gps-fmout/+2.780306e-06
2026.107.03:33:00/gps-maser/+2.845434e-06
2026.107.03:34:00/gps-fmout/+2.781125e-06
2026.107.03:34:00/gps-maser/+2.846283e-06
2026.107.03:35:00/gps-fmout/+2.784520e-06
2026.107.03:35:00/gps-maser/+2.847730e-06
2026.107.03:36:00/gps-fmout/+2.787048e-06
2026.107.03:36:00/gps-maser/+2.851503e-06
2026.107.03:37:00/gps-fmout/+2.790100e-06
2026.107.03:37:00/gps-maser/+2.853582e-06
2026.107.03:38:00/gps-fmout/+2.791000e-06
2026.107.03:38:00/gps-maser/+2.857582e-06
2026.107.03:39:00/gps-fmout/+2.791000e-06
2026.107.03:39:00/gps-maser/+2.857869e-06
2026.107.03:40:00/gps-fmout/+2.790093e-06
2026.107.03:40:00/gps-maser/+2.854582e-06
2026.107.03:41:00/gps-fmout/+2.787372e-06
2026.107.03:41:00/gps-maser/+2.853531e-06
2026.107.03:42:00/gps-fmout/+2.785900e-06
2026.107.03:42:00/gps-maser/+2.851914e-06
2026.107.03:43:00/gps-fmout/+2.787011e-06
2026.107.03:43:00/gps-maser/+2.853064e-06
2026.107.03:44:00/gps-fmout/+2.787377e-06
2026.107.03:44:00/gps-maser/+2.853474e-06
2026.107.03:45:00/gps-fmout/+2.784811e-06
2026.107.03:45:00/gps-maser/+2.851758e-06
2026.107.03:46:00/gps-fmout/+2.784000e-06
2026.107.03:46:00/gps-maser/+2.850484e-06
2026.107.03:47:00/gps-fmout/+2.783695e-06
2026.107.03:47:00/gps-maser/+2.849674e-06
2026.107.03:48:00/gps-fmout/+2.782894e-06
2026.107.03:48:00/gps-maser/+2.849079e-06
2026.107.03:49:00/gps-fmout/+2.783062e-06
2026.107.03:49:00/gps-maser/+2.850945e-06
2026.107.03:50:00/gps-fmout/+2.784124e-06
2026.107.03:50:00/gps-maser/+2.847959e-06
2026.107.03:51:00/gps-fmout/+2.783788e-06
2026.107.03:51:00/gps-maser/+2.847107e-06
2026.107.03:52:00/gps-fmout/+2.783200e-06
2026.107.03:52:00/gps-maser/+2.848026e-06
2026.107.03:53:00/gps-fmout/+2.785586e-06
2026.107.03:53:00/gps-maser/+2.849893e-06
2026.107.03:54:00/gps-fmout/+2.786089e-06
2026.107.03:54:00/gps-maser/+2.853146e-06
2026.107.03:55:00/gps-fmout/+2.785765e-06
2026.107.03:55:00/gps-maser/+2.851536e-06
2026.107.03:56:00/gps-fmout/+2.785316e-06
2026.107.03:56:00/gps-maser/+2.850470e-06
2026.107.03:57:00/gps-fmout/+2.786691e-06
2026.107.03:57:00/gps-maser/+2.851324e-06
2026.107.03:58:00/gps-fmout/+2.788046e-06
2026.107.03:58:00/gps-maser/+2.852248e-06
2026.107.03:59:00/gps-fmout/+2.787049e-06
2026.107.03:59:00/gps-maser/+2.853998e-06
2026.107.04:00:00/gps-fmout/+2.787283e-06
2026.107.04:00:00/gps-maser/+2.851321e-06
2026.107.04:01:00/gps-fmout/+2.786183e-06
2026.107.04:01:00/gps-maser/+2.851569e-06
2026.107.04:02:00/gps-fmout/+2.786779e-06
2026.107.04:02:00/gps-maser/+2.849908e-06
2026.107.04:03:00/gps-fmout/+2.786000e-06
2026.107.04:03:00/gps-maser/+2.851745e-06
2026.107.04:04:00/gps-fmout/+2.786000e-06
2026.107.04:04:00/gps-maser/+2.854045e-06
2026.107.04:05:00/gps-fmout/+2.785715e-06
2026.107.04:05:00/gps-maser/+2.852563e-06
2026.107.04:06:00/gps-fmout/+2.783026e-06
2026.107.04:06:00/gps-maser/+2.850000e-06
2026.107.04:07:00/gps-fmout/+2.784446e-06
2026.107.04:07:00/gps-maser/+2.849352e-06
2026.107.04:08:00/gps-fmout/+2.784956e-06
2026.107.04:08:00/gps-maser/+2.850197e-06
2026.107.04:09:00/gps-fmout/+2.784184e-06
2026.107.04:09:00/gps-maser/+2.851016e-06
2026.107.04:10:00/gps-fmout/+2.786219e-06
2026.107.04:10:00/gps-maser/+2.849887e-06
2026.107.04:11:00/gps-fmout/+2.785192e-06
2026.107.04:11:00/gps-maser/+2.850139e-06
2026.107.04:12:00/gps-fmout/+2.786245e-06
2026.107.04:12:00/gps-maser/+2.851290e-06
2026.107.04:13:00/gps-fmout/+2.787095e-06
2026.107.04:13:00/gps-maser/+2.852639e-06
2026.107.04:14:00/gps-fmout/+2.787557e-06
2026.107.04:14:00/gps-maser/+2.851944e-06
2026.107.04:15:00/gps-fmout/+2.788873e-06
2026.107.04:15:00/gps-maser/+2.852110e-06
2026.107.04:16:00/gps-fmout/+2.787038e-06
2026.107.04:16:00/gps-maser/+2.853000e-06
2026.107.04:17:00/gps-fmout/+2.788400e-06
2026.107.04:17:00/gps-maser/+2.853352e-06
2026.107.04:18:00/gps-fmout/+2.789530e-06
2026.107.04:18:00/gps-maser/+2.854197e-06
2026.107.04:19:00/gps-fmout/+2.791995e-06
2026.107.04:19:00/gps-maser/+2.855070e-06
2026.107.04:20:00/gps-fmout/+2.791404e-06
2026.107.04:20:00/gps-maser/+2.856547e-06
2026.107.04:21:00/gps-fmout/+2.791823e-06
2026.107.04:21:00/gps-maser/+2.855695e-06
2026.107.04:22:00/gps-fmout/+2.791153e-06
2026.107.04:22:00/gps-maser/+2.858815e-06
2026.107.04:23:00/gps-fmout/+2.791127e-06
2026.107.04:23:00/gps-maser/+2.856990e-06
2026.107.04:24:00/gps-fmout/+2.789696e-06
2026.107.04:24:00/gps-maser/+2.856658e-06
2026.107.04:25:00/gps-fmout/+2.788751e-06
2026.107.04:25:00/gps-maser/+2.854447e-06
2026.107.04:26:00/gps-fmout/+2.787000e-06
2026.107.04:26:00/gps-maser/+2.852303e-06
2026.107.04:27:00/gps-fmout/+2.787000e-06
2026.107.04:27:00/gps-maser/+2.852391e-06
2026.107.04:28:00/gps-fmout/+2.787000e-06
2026.107.04:28:00/gps-maser/+2.851119e-06
2026.107.04:29:00/gps-fmout/+2.787042e-06
2026.107.04:29:00/gps-maser/+2.852998e-06
2026.107.04:30:00/gps-fmout/+2.788803e-06
2026.107.04:30:00/gps-maser/+2.852607e-06
2026.107.04:31:00/gps-fmout/+2.787496e-06
2026.107.04:31:00/gps-maser/+2.853700e-06
2026.107.04:32:00/gps-fmout/+2.786065e-06
2026.107.04:32:00/gps-maser/+2.852113e-06
2026.107.04:33:00/gps-fmout/+2.787437e-06
2026.107.04:33:00/gps-maser/+2.853821e-06
2026.107.04:34:00/gps-fmout/+2.788282e-06
2026.107.04:34:00/gps-maser/+2.854563e-06
2026.107.04:35:00/gps-fmout/+2.789046e-06
2026.107.04:35:00/gps-maser/+2.851571e-06
2026.107.04:36:00/gps-fmout/+2.789780e-06
2026.107.04:36:00/gps-maser/+2.856614e-06
2026.107.04:37:00/gps-fmout/+2.792096e-06
2026.107.04:37:00/gps-maser/+2.856968e-06
2026.107.04:38:00/gps-fmout/+2.794000e-06
2026.107.04:38:00/gps-maser/+2.857193e-06
2026.107.04:39:00/gps-fmout/+2.794000e-06
2026.107.04:39:00/gps-maser/+2.859619e-06
2026.107.04:40:00/gps-fmout/+2.793775e-06
2026.107.04:40:00/gps-maser/+2.861016e-06
2026.107.04:41:00/gps-fmout/+2.792773e-06
2026.107.04:41:00/gps-maser/+2.859607e-06
2026.107.04:42:00/gps-fmout/+2.791946e-06
2026.107.04:42:00/gps-maser/+2.857908e-06
2026.107.04:43:00/gps-fmout/+2.792740e-06
2026.107.04:43:00/gps-maser/+2.857000e-06
2026.107.04:44:00/gps-fmout/+2.793522e-06
2026.107.04:44:00/gps-maser/+2.857000e-06
2026.107.04:45:00/gps-fmout/+2.791374e-06
2026.107.04:45:00/gps-maser/+2.857099e-06
2026.107.04:46:00/gps-fmout/+2.792703e-06
2026.107.04:46:00/gps-maser/+2.856341e-06
2026.107.04:47:00/gps-fmout/+2.791413e-06
2026.107.04:47:00/gps-maser/+2.854000e-06
2026.107.04:48:00/gps-fmout/+2.789527e-06
2026.107.04:48:00/gps-maser/+2.854000e-06
2026.107.04:49:00/gps-fmout/+2.786971e-06
2026.107.04:49:00/gps-maser/+2.853165e-06
2026.107.04:50:00/gps-fmout/+2.785257e-06
2026.107.04:50:00/gps-maser/+2.851656e-06
2026.107.04:51:00/gps-fmout/+2.783585e-06
2026.107.04:51:00/gps-maser/+2.850802e-06
2026.107.04:52:00/gps-fmout/+2.783112e-06
2026.107.04:52:00/gps-maser/+2.849903e-06
2026.107.04:53:00/gps-fmout/+2.785597e-06
2026.107.04:53:00/gps-maser/+2.847610e-06
2026.107.04:54:00/gps-fmout/+2.786000e-06
2026.107.04:54:00/gps-maser/+2.849020e-06
2026.107.04:55:00/gps-fmout/+2.786000e-06
2026.107.04:55:00/gps-maser/+2.849109e-06
2026.107.04:56:00/gps-fmout/+2.785562e-06
2026.107.04:56:00/gps-maser/+2.849554e-06
2026.107.04:57:00/gps-fmout/+2.785339e-06
2026.107.04:57:00/gps-maser/+2.849628e-06
2026.107.04:58:00/gps-fmout/+2.787109e-06
2026.107.04:58:00/gps-maser/+2.852444e-06
2026.107.04:59:00/gps-fmout/+2.787000e-06
2026.107.04:59:00/gps-maser/+2.853725e-06
2026.107.05:00:00/gps-fmout/+2.790840e-06
2026.107.05:00:00/gps-maser/+2.853601e-06
2026.107.05:01:00/gps-fmout/+2.790609e-06
2026.107.05:01:00/gps-maser/+2.855272e-06
2026.107.05:02:00/gps-fmout/+2.788914e-06
2026.107.05:02:00/gps-maser/+2.855992e-06
2026.107.05:03:00/gps-fmout/+2.787200e-06
2026.107.05:03:00/gps-maser/+2.853634e-06
2026.107.05:04:00/gps-fmout/+2.785818e-06
2026.107.05:04:00/gps-maser/+2.852789e-06
2026.107.05:05:00/gps-fmout/+2.787165e-06
2026.107.05:05:00/gps-maser/+2.851933e-06
2026.107.05:06:00/gps-fmout/+2.787043e-06
2026.107.05:06:00/gps-maser/+2.849751e-06
2026.107.05:07:00/gps-fmout/+2.783784e-06
2026.107.05:07:00/gps-maser/+2.847603e-06
2026.107.05:08:00/gps-fmout/+2.781209e-06
2026.107.05:08:00/gps-maser/+2.846739e-06
2026.107.05:09:00/gps-fmout/+2.783636e-06
2026.107.05:09:00/gps-maser/+2.846931e-06
2026.107.05:10:00/gps-fmout/+2.784017e-06
2026.107.05:10:00/gps-maser/+2.848651e-06
2026.107.05:11:00/gps-fmout/+2.784086e-06
2026.107.05:11:00/gps-maser/+2.850198e-06
2026.107.05:12:00/gps-fmout/+2.785089e-06
2026.107.05:12:00/gps-maser/+2.850020e-06
2026.107.05:13:00/gps-fmout/+2.786709e-06
2026.107.05:13:00/gps-maser/+2.851369e-06
2026.107.05:14:00/gps-fmout/+2.786596e-06
2026.107.05:14:00/gps-maser/+2.852612e-06
2026.107.05:15:00/gps-fmout/+2.789329e-06
2026.107.05:15:00/gps-maser/+2.856180e-06
2026.107.05:16:00/gps-fmout/+2.791875e-06
2026.107.05:16:00/gps-maser/+2.855996e-06
2026.107.05:17:00/gps-fmout/+2.791806e-06
2026.107.05:17:00/gps-maser/+2.853810e-06
2026.107.05:18:00/gps-fmout/+2.790778e-06
2026.107.05:18:00/gps-maser/+2.854156e-06
2026.107.05:19:00/gps-fmout/+2.791747e-06
2026.107.05:19:00/gps-maser/+2.856272e-06
2026.107.05:20:00/gps-fmout/+2.793259e-06
2026.107.05:20:00/gps-maser/+2.858485e-06
2026.107.05:21:00/gps-fmout/+2.790950e-06
2026.107.05:21:00/gps-maser/+2.857410e-06
2026.107.05:22:00/gps-fmout/+2.791000e-06
2026.107.05:22:00/gps-maser/+2.854812e-06
2026.107.05:23:00/gps-fmout/+2.790000e-06
2026.107.05:23:00/gps-maser/+2.855316e-06
2026.107.05:24:00/gps-fmout/+2.790000e-06
2026.107.05:24:00/gps-maser/+2.855885e-06
2026.107.05:25:00/gps-fmout/+2.789975e-06
2026.107.05:25:00/gps-maser/+2.854007e-06
2026.107.05:26:00/gps-fmout/+2.789995e-06
2026.107.05:26:00/gps-maser/+2.855070e-06
2026.107.05:27:00/gps-fmout/+2.792628e-06
2026.107.05:27:00/gps-maser/+2.855722e-06
2026.107.05:28:00/gps-fmout/+2.793938e-06
2026.107.05:28:00/gps-maser/+2.859964e-06
2026.107.05:29:00/gps-fmout/+2.792404e-06
2026.107.05:29:00/gps-maser/+2.859000e-06
2026.107.05:30:00/gps-fmout/+2.792126e-06
2026.107.05:30:00/gps-maser/+2.859000e-06
2026.107.05:31:00/gps-fmout/+2.793294e-06
2026.107.05:31:00/gps-maser/+2.859000e-06
2026.107.05:32:00/gps-fmout/+2.793389e-06
2026.107.05:32:00/gps-maser/+2.858733e-06
2026.107.05:33:00/gps-fmout/+2.791067e-06
2026.107.05:33:00/gps-maser/+2.857084e-06
2026.107.05:34:00/gps-fmout/+2.788396e-06
2026.107.05:34:00/gps-maser/+2.854069e-06
2026.107.05:35:00/gps-fmout/+2.784969e-06
2026.107.05:35:00/gps-maser/+2.852558e-06
2026.107.05:36:00/gps-fmout/+2.786649e-06
2026.107.05:36:00/gps-maser/+2.850129e-06
2026.107.05:37:00/gps-fmout/+2.785974e-06
2026.107.05:37:00/gps-maser/+2.850640e-06
2026.107.05:38:00/gps-fmout/+2.785934e-06
2026.107.05:38:00/gps-maser/+2.848086e-06
2026.107.05:39:00/gps-fmout/+2.785995e-06
2026.107.05:39:00/gps-maser/+2.851284e-06
2026.107.05:40:00/gps-fmout/+2.787425e-06
2026.107.05:40:00/gps-maser/+2.850457e-06
2026.107.05:41:00/gps-fmout/+2.785364e-06
2026.107.05:41:00/gps-maser/+2.852027e-06
2026.107.05:42:00/gps-fmout/+2.788141e-06
2026.107.05:42:00/gps-maser/+2.851568e-06
2026.107.05:43:00/gps-fmout/+2.788901e-06
2026.107.05:43:00/gps-maser/+2.851530e-06
2026.107.05:44:00/gps-fmout/+2.788107e-06
2026.107.05:44:00/gps-maser/+2.854000e-06
2026.107.05:45:00/gps-fmout/+2.790000e-06
2026.107.05:45:00/gps-maser/+2.854000e-06
2026.107.05:46:00/gps-fmout/+2.788867e-06
2026.107.05:46:00/gps-maser/+2.854000e-06
2026.107.05:47:00/gps-fmout/+2.790875e-06
2026.107.05:47:00/gps-maser/+2.854040e-06
2026.107.05:48:00/gps-fmout/+2.790085e-06
2026.107.05:48:00/gps-maser/+2.855067e-06
2026.107.05:49:00/gps-fmout/+2.792214e-06
2026.107.05:49:00/gps-maser/+2.857453e-06
2026.107.05:50:00/gps-fmout/+2.794455e-06
2026.107.05:50:00/gps-maser/+2.855873e-06
2026.107.05:51:00/gps-fmout/+2.793613e-06
2026.107.05:51:00/gps-maser/+2.856230e-06
2026.107.05:52:00/gps-fmout/+2.791085e-06
2026.107.05:52:00/gps-maser/+2.857155e-06
2026.107.05:53:00/gps-fmout/+2.789409e-06
2026.107.05:53:00/gps-maser/+2.855465e-06
2026.107.05:54:00/gps-fmout/+2.787716e-06
2026.107.05:54:00/gps-maser/+2.853773e-06
2026.107.05:55:00/gps-fmout/+2.786000e-06
2026.107.05:55:00/gps-maser/+2.852457e-06
2026.107.05:56:00/gps-fmout/+2.786307e-06
2026.107.05:56:00/gps-maser/+2.851143e-06
2026.107.05:57:00/gps-fmout/+2.786746e-06
2026.107.05:57:00/gps-maser/+2.848788e-06
2026.107.05:58:00/gps-fmout/+2.784017e-06
2026.107.05:58:00/gps-maser/+2.849045e-06
2026.107.05:59:00/gps-fmout/+2.784229e-06
2026.107.05:59:00/gps-maser/+2.850460e-06
2026.107.06:00:00/gps-fmout/+2.783008e-06
2026.107.06:00:00/gps-maser/+2.851050e-06
2026.107.06:01:00/gps-fmout/+2.784321e-06
2026.107.06:01:00/gps-maser/+2.851094e-06
2026.107.06:02:00/gps-fmout/+2.786003e-06
2026.107.06:02:00/gps-maser/+2.852547e-06
2026.107.06:03:00/gps-fmout/+2.786828e-06
2026.107.06:03:00/gps-maser/+2.852868e-06
2026.107.06:04:00/gps-fmout/+2.789366e-06
2026.107.06:04:00/gps-maser/+2.852111e-06
2026.107.06:05:00/gps-fmout/+2.791000e-06
2026.107.06:05:00/gps-maser/+2.855113e-06
2026.107.06:06:00/gps-fmout/+2.789817e-06
2026.107.06:06:00/gps-maser/+2.856873e-06
2026.107.06:07:00/gps-fmout/+2.790397e-06
2026.107.06:07:00/gps-maser/+2.855959e-06
2026.107.06:08:00/gps-fmout/+2.792930e-06
2026.107.06:08:00/gps-maser/+2.856019e-06
2026.107.06:09:00/gps-fmout/+2.791009e-06
2026.107.06:09:00/gps-maser/+2.856054e-06
2026.107.06:10:00/gps-fmout/+2.790771e-06
2026.107.06:10:00/gps-maser/+2.853666e-06
2026.107.06:11:00/gps-fmout/+2.789781e-06
2026.107.06:11:00/gps-maser/+2.853000e-06
2026.107.06:12:00/gps-fmout/+2.789390e-06
2026.107.06:12:00/gps-maser/+2.853000e-06
2026.107.06:13:00/gps-fmout/+2.789217e-06
2026.107.06:13:00/gps-maser/+2.853000e-06
2026.107.06:14:00/gps-fmout/+2.786860e-06
2026.107.06:14:00/gps-maser/+2.852830e-06
2026.107.06:15:00/gps-fmout/+2.787014e-06
2026.107.06:15:00/gps-maser/+2.852952e-06
2026.107.06:16:00/gps-fmout/+2.787384e-06
2026.107.06:16:00/gps-maser/+2.853452e-06
2026.107.06:17:00/gps-fmout/+2.785753e-06
2026.107.06:17:00/gps-maser/+2.851877e-06
2026.107.06:18:00/gps-fmout/+2.784894e-06
2026.107.06:18:00/gps-maser/+2.851904e-06
2026.107.06:19:00/gps-fmout/+2.784906e-06
2026.107.06:19:00/gps-maser/+2.850268e-06
2026.107.06:20:00/gps-fmout/+2.786678e-06
2026.107.06:20:00/gps-maser/+2.852861e-06
2026.107.06:21:00/gps-fmout/+2.785593e-06
2026.107.06:21:00/gps-maser/+2.852309e-06
2026.107.06:22:00/gps-fmout/+2.787984e-06
2026.107.06:22:00/gps-maser/+2.853557e-06
2026.107.06:23:00/gps-fmout/+2.788332e-06
2026.107.06:23:00/gps-maser/+2.852700e-06
2026.107.06:24:00/gps-fmout/+2.789094e-06
2026.107.06:24:00/gps-maser/+2.852025e-06
2026.107.06:25:00/gps-fmout/+2.788980e-06
2026.107.06:25:00/gps-maser/+2.854000e-06
2026.107.06:26:00/gps-fmout/+2.788588e-06
2026.107.06:26:00/gps-maser/+2.852743e-06
2026.107.06:27:00/gps-fmout/+2.790059e-06
2026.107.06:27:00/gps-maser/+2.853514e-06
2026.107.06:28:00/gps-fmout/+2.790093e-06
2026.107.06:28:00/gps-maser/+2.857081e-06
2026.107.06:29:00/gps-fmout/+2.790897e-06
2026.107.06:29:00/gps-maser/+2.855501e-06
2026.107.06:30:00/gps-fmout/+2.789223e-06
2026.107.06:30:00/gps-maser/+2.852128e-06
2026.107.06:31:00/gps-fmout/+2.786954e-06
2026.107.06:31:00/gps-maser/+2.850082e-06
2026.107.06:32:00/gps-fmout/+2.786521e-06
2026.107.06:32:00/gps-maser/+2.852153e-06
2026.107.06:33:00/gps-fmout/+2.785676e-06
2026.107.06:33:00/gps-maser/+2.851764e-06
2026.107.06:34:00/gps-fmout/+2.784867e-06
2026.107.06:34:00/gps-maser/+2.850744e-06
2026.107.06:35:00/gps-fmout/+2.785011e-06
2026.107.06:35:00/gps-maser/+2.849393e-06
2026.107.06:36:00/gps-fmout/+2.786268e-06
2026.107.06:36:00/gps-maser/+2.848942e-06
2026.107.06:37:00/gps-fmout/+2.785438e-06
2026.107.06:37:00/gps-maser/+2.848916e-06
2026.107.06:38:00/gps-fmout/+2.782096e-06
2026.107.06:38:00/gps-maser/+2.847915e-06
2026.107.06:39:00/gps-fmout/+2.783580e-06
2026.107.06:39:00/gps-maser/+2.847257e-06
2026.107.06:40:00/gps-fmout/+2.782727e-06
2026.107.06:40:00/gps-maser/+2.849604e-06
2026.107.06:41:00/gps-fmout/+2.782036e-06
2026.107.06:41:00/gps-maser/+2.847973e-06
2026.107.06:42:00/gps-fmout/+2.784491e-06
2026.107.06:42:00/gps-maser/+2.848319e-06
2026.107.06:43:00/gps-fmout/+2.786153e-06
2026.107.06:43:00/gps-maser/+2.849868e-06
2026.107.06:44:00/gps-fmout/+2.786364e-06
2026.107.06:44:00/gps-maser/+2.852000e-06
2026.107.06:45:00/gps-fmout/+2.788057e-06
2026.107.06:45:00/gps-maser/+2.852000e-06
2026.107.06:46:00/gps-fmout/+2.789232e-06
2026.107.06:46:00/gps-maser/+2.852126e-06
2026.107.06:47:00/gps-fmout/+2.789334e-06
2026.107.06:47:00/gps-maser/+2.853390e-06
2026.107.06:48:00/gps-fmout/+2.790965e-06
2026.107.06:48:00/gps-maser/+2.855085e-06
2026.107.06:49:00/gps-fmout/+2.790342e-06
2026.107.06:49:00/gps-maser/+2.856571e-06
2026.107.06:50:00/gps-fmout/+2.790854e-06
2026.107.06:50:00/gps-maser/+2.857068e-06
2026.107.06:51:00/gps-fmout/+2.790545e-06
2026.107.06:51:00/gps-maser/+2.857123e-06
2026.107.06:52:00/gps-fmout/+2.792260e-06
2026.107.06:52:00/gps-maser/+2.857924e-06
2026.107.06:53:00/gps-fmout/+2.789920e-06
2026.107.06:53:00/gps-maser/+2.856154e-06
2026.107.06:54:00/gps-fmout/+2.787925e-06
2026.107.06:54:00/gps-maser/+2.853599e-06
2026.107.06:55:00/gps-fmout/+2.789047e-06
2026.107.06:55:00/gps-maser/+2.852000e-06
2026.107.06:56:00/gps-fmout/+2.789142e-06
2026.107.06:56:00/gps-maser/+2.852026e-06
2026.107.06:57:00/gps-fmout/+2.786462e-06
2026.107.06:57:00/gps-maser/+2.850098e-06
2026.107.06:58:00/gps-fmout/+2.784889e-06
2026.107.06:58:00/gps-maser/+2.851102e-06
2026.107.06:59:00/gps-fmout/+2.786670e-06
2026.107.06:59:00/gps-maser/+2.852021e-06
2026.107.07:00:00/gps-fmout/+2.789336e-06
2026.107.07:00:00/gps-maser/+2.852594e-06
2026.107.07:01:00/gps-fmout/+2.790253e-06
2026.107.07:01:00/gps-maser/+2.855378e-06
2026.107.07:02:00/gps-fmout/+2.791078e-06
2026.107.07:02:00/gps-maser/+2.857522e-06
2026.107.07:03:00/gps-fmout/+2.791470e-06
2026.107.07:03:00/gps-maser/+2.856196e-06
2026.107.07:04:00/gps-fmout/+2.791644e-06
2026.107.07:04:00/gps-maser/+2.854390e-06
2026.107.07:05:00/gps-fmout/+2.789939e-06
2026.107.07:05:00/gps-maser/+2.854898e-06
2026.107.07:06:00/gps-fmout/+2.789380e-06
2026.107.07:06:00/gps-maser/+2.854716e-06
2026.107.07:07:00/gps-fmout/+2.790225e-06
2026.107.07:07:00/gps-maser/+2.856000e-06
2026.107.07:08:00/gps-fmout/+2.791099e-06
2026.107.07:08:00/gps-maser/+2.856000e-06
2026.107.07:09:00/gps-fmout/+2.791756e-06
2026.107.07:09:00/gps-maser/+2.856297e-06
2026.107.07:10:00/gps-fmout/+2.791279e-06
2026.107.07:10:00/gps-maser/+2.856665e-06
2026.107.07:11:00/gps-fmout/+2.791776e-06
2026.107.07:11:00/gps-maser/+2.854116e-06
2026.107.07:12:00/gps-fmout/+2.790078e-06
2026.107.07:12:00/gps-maser/+2.854321e-06
2026.107.07:13:00/gps-fmout/+2.788535e-06
2026.107.07:13:00/gps-maser/+2.852231e-06
2026.107.07:14:00/gps-fmout/+2.788006e-06
2026.107.07:14:00/gps-maser/+2.853001e-06
2026.107.07:15:00/gps-fmout/+2.789000e-06
2026.107.07:15:00/gps-maser/+2.853383e-06
2026.107.07:16:00/gps-fmout/+2.788204e-06
2026.107.07:16:00/gps-maser/+2.854562e-06
2026.107.07:17:00/gps-fmout/+2.789358e-06
2026.107.07:17:00/gps-maser/+2.855988e-06
2026.107.07:18:00/gps-fmout/+2.791002e-06
2026.107.07:18:00/gps-maser/+2.854063e-06
2026.107.07:19:00/gps-fmout/+2.790406e-06
2026.107.07:19:00/gps-maser/+2.857918e-06
2026.107.07:20:00/gps-fmout/+2.791257e-06
2026.107.07:20:00/gps-maser/+2.857225e-06
2026.107.07:21:00/gps-fmout/+2.791944e-06
2026.107.07:21:00/gps-maser/+2.854000e-06
2026.107.07:22:00/gps-fmout/+2.791009e-06
2026.107.07:22:00/gps-maser/+2.854000e-06
2026.107.07:23:00/gps-fmout/+2.790732e-06
2026.107.07:23:00/gps-maser/+2.854510e-06
2026.107.07:24:00/gps-fmout/+2.789923e-06
2026.107.07:24:00/gps-maser/+2.856766e-06
2026.107.07:25:00/gps-fmout/+2.790925e-06
2026.107.07:25:00/gps-maser/+2.855250e-06
2026.107.07:26:00/gps-fmout/+2.792386e-06
2026.107.07:26:00/gps-maser/+2.856600e-06
2026.107.07:27:00/gps-fmout/+2.793079e-06
2026.107.07:27:00/gps-maser/+2.858313e-06
2026.107.07:28:00/gps-fmout/+2.793051e-06
2026.107.07:28:00/gps-maser/+2.860000e-06
2026.107.07:29:00/gps-fmout/+2.796555e-06
2026.107.07:29:00/gps-maser/+2.860191e-06
2026.107.07:30:00/gps-fmout/+2.796996e-06
2026.107.07:30:00/gps-maser/+2.862773e-06
2026.107.07:31:00/gps-fmout/+2.797110e-06
2026.107.07:31:00/gps-maser/+2.861095e-06
2026.107.07:32:00/gps-fmout/+2.799357e-06
2026.107.07:32:00/gps-maser/+2.862415e-06
2026.107.07:33:00/gps-fmout/+2.800609e-06
2026.107.07:33:00/gps-maser/+2.863268e-06
2026.107.07:34:00/gps-fmout/+2.798095e-06
2026.107.07:34:00/gps-maser/+2.864238e-06
2026.107.07:35:00/gps-fmout/+2.799000e-06
2026.107.07:35:00/gps-maser/+2.864068e-06
2026.107.07:36:00/gps-fmout/+2.798389e-06
2026.107.07:36:00/gps-maser/+2.862352e-06
2026.107.07:37:00/gps-fmout/+2.796753e-06
2026.107.07:37:00/gps-maser/+2.860638e-06
2026.107.07:38:00/gps-fmout/+2.795978e-06
2026.107.07:38:00/gps-maser/+2.858987e-06
2026.107.07:39:00/gps-fmout/+2.794977e-06
2026.107.07:39:00/gps-maser/+2.859000e-06
2026.107.07:40:00/gps-fmout/+2.792422e-06
2026.107.07:40:00/gps-maser/+2.858770e-06
2026.107.07:41:00/gps-fmout/+2.790938e-06
2026.107.07:41:00/gps-maser/+2.857030e-06
2026.107.07:42:00/gps-fmout/+2.791415e-06
2026.107.07:42:00/gps-maser/+2.858225e-06
2026.107.07:43:00/gps-fmout/+2.791450e-06
2026.107.07:43:00/gps-maser/+2.857244e-06
2026.107.07:44:00/gps-fmout/+2.789188e-06
2026.107.07:44:00/gps-maser/+2.854197e-06
2026.107.07:45:00/gps-fmout/+2.790000e-06
2026.107.07:45:00/gps-maser/+2.856000e-06
2026.107.07:46:00/gps-fmout/+2.790000e-06
2026.107.07:46:00/gps-maser/+2.856000e-06
2026.107.07:47:00/gps-fmout/+2.789896e-06
2026.107.07:47:00/gps-maser/+2.855724e-06
2026.107.07:48:00/gps-fmout/+2.787972e-06
2026.107.07:48:00/gps-maser/+2.852341e-06
2026.107.07:49:00/gps-fmout/+2.786630e-06
2026.107.07:49:00/gps-maser/+2.851485e-06
2026.107.07:50:00/gps-fmout/+2.787437e-06
2026.107.07:50:00/gps-maser/+2.853910e-06
2026.107.07:51:00/gps-fmout/+2.789982e-06
2026.107.07:51:00/gps-maser/+2.853064e-06
2026.107.07:52:00/gps-fmout/+2.789787e-06
2026.107.07:52:00/gps-maser/+2.855182e-06
2026.107.07:53:00/gps-fmout/+2.791248e-06
2026.107.07:53:00/gps-maser/+2.856800e-06
2026.107.07:54:00/gps-fmout/+2.790608e-06
2026.107.07:54:00/gps-maser/+2.854146e-06
2026.107.07:55:00/gps-fmout/+2.787503e-06
2026.107.07:55:00/gps-maser/+2.855000e-06
2026.107.07:56:00/gps-fmout/+2.787749e-06
2026.107.07:56:00/gps-maser/+2.855000e-06
2026.107.07:57:00/gps-fmout/+2.790385e-06
2026.107.07:57:00/gps-maser/+2.855377e-06
2026.107.07:58:00/gps-fmout/+2.792020e-06
2026.107.07:58:00/gps-maser/+2.856104e-06
2026.107.07:59:00/gps-fmout/+2.791076e-06
2026.107.07:59:00/gps-maser/+2.854964e-06
2026.107.08:00:00/gps-fmout/+2.788954e-06
2026.107.08:00:00/gps-maser/+2.854749e-06
2026.107.08:01:00/gps-fmout/+2.789755e-06
2026.107.08:01:00/gps-maser/+2.853028e-06
2026.107.08:02:00/gps-fmout/+2.786888e-06
2026.107.08:02:00/gps-maser/+2.854387e-06
2026.107.08:03:00/gps-fmout/+2.786158e-06
2026.107.08:03:00/gps-maser/+2.852271e-06
2026.107.08:04:00/gps-fmout/+2.784344e-06
2026.107.08:04:00/gps-maser/+2.849986e-06
2026.107.08:05:00/gps-fmout/+2.787526e-06
2026.107.08:05:00/gps-maser/+2.850988e-06
2026.107.08:06:00/gps-fmout/+2.789020e-06
2026.107.08:06:00/gps-maser/+2.851825e-06
2026.107.08:07:00/gps-fmout/+2.788289e-06
2026.107.08:07:00/gps-maser/+2.855058e-06
2026.107.08:08:00/gps-fmout/+2.791000e-06
2026.107.08:08:00/gps-maser/+2.855937e-06
2026.107.08:09:00/gps-fmout/+2.791366e-06
2026.107.08:09:00/gps-maser/+2.857490e-06
2026.107.08:10:00/gps-fmout/+2.791770e-06
2026.107.08:10:00/gps-maser/+2.857823e-06
2026.107.08:11:00/gps-fmout/+2.790000e-06
2026.107.08:11:00/gps-maser/+2.856000e-06
2026.107.08:12:00/gps-fmout/+2.790000e-06
2026.107.08:12:00/gps-maser/+2.856000e-06
2026.107.08:13:00/gps-fmout/+2.790654e-06
2026.107.08:13:00/gps-maser/+2.856511e-06
2026.107.08:14:00/gps-fmout/+2.793905e-06
2026.107.08:14:00/gps-maser/+2.859924e-06
2026.107.08:15:00/gps-fmout/+2.793953e-06
2026.107.08:15:00/gps-maser/+2.859981e-06
2026.107.08:16:00/gps-fmout/+2.795296e-06
2026.107.08:16:00/gps-maser/+2.863320e-06
2026.107.08:17:00/gps-fmout/+2.796142e-06
2026.107.08:17:00/gps-maser/+2.862652e-06
2026.107.08:18:00/gps-fmout/+2.797000e-06
2026.107.08:18:00/gps-maser/+2.862043e-06
2026.107.08:19:00/gps-fmout/+2.795015e-06
2026.107.08:19:00/gps-maser/+2.861265e-06
2026.107.08:20:00/gps-fmout/+2.792059e-06
2026.107.08:20:00/gps-maser/+2.856279e-06
2026.107.08:21:00/gps-fmout/+2.787880e-06
2026.107.08:21:00/gps-maser/+2.853976e-06
2026.107.08:22:00/gps-fmout/+2.787038e-06
2026.107.08:22:00/gps-maser/+2.853600e-06
2026.107.08:23:00/gps-fmout/+2.786179e-06
2026.107.08:23:00/gps-maser/+2.852744e-06
2026.107.08:24:00/gps-fmout/+2.787005e-06
2026.107.08:24:00/gps-maser/+2.852036e-06
2026.107.08:25:00/gps-fmout/+2.787395e-06
2026.107.08:25:00/gps-maser/+2.853000e-06
2026.107.08:26:00/gps-fmout/+2.788577e-06
2026.107.08:26:00/gps-maser/+2.853000e-06
2026.107.08:27:00/gps-fmout/+2.789811e-06
2026.107.08:27:00/gps-maser/+2.853000e-06
2026.107.08:28:00/gps-fmout/+2.786021e-06
2026.107.08:28:00/gps-maser/+2.853000e-06
2026.107.08:29:00/gps-fmout/+2.787248e-06
2026.107.08:29:00/gps-maser/+2.851247e-06
2026.107.08:30:00/gps-fmout/+2.785726e-06
2026.107.08:30:00/gps-maser/+2.852103e-06
2026.107.08:31:00/gps-fmout/+2.784974e-06
2026.107.08:31:00/gps-maser/+2.851862e-06
2026.107.08:32:00/gps-fmout/+2.784296e-06
2026.107.08:32:00/gps-maser/+2.848981e-06
2026.107.08:33:00/gps-fmout/+2.782164e-06
2026.107.08:33:00/gps-maser/+2.848494e-06
2026.107.08:34:00/gps-fmout/+2.780071e-06
2026.107.08:34:00/gps-maser/+2.846804e-06
2026.107.08:35:00/gps-fmout/+2.781000e-06
2026.107.08:35:00/gps-maser/+2.846585e-06
2026.107.08:36:00/gps-fmout/+2.781000e-06
2026.107.08:36:00/gps-maser/+2.847772e-06
2026.107.08:37:00/gps-fmout/+2.781199e-06
2026.107.08:37:00/gps-maser/+2.846947e-06
2026.107.08:38:00/gps-fmout/+2.784000e-06
2026.107.08:38:00/gps-maser/+2.847903e-06
2026.107.08:39:00/gps-fmout/+2.784000e-06
2026.107.08:39:00/gps-maser/+2.849436e-06
2026.107.08:40:00/gps-fmout/+2.784243e-06
2026.107.08:40:00/gps-maser/+2.849964e-06
2026.107.08:41:00/gps-fmout/+2.785962e-06
2026.107.08:41:00/gps-maser/+2.849095e-06
2026.107.08:42:00/gps-fmout/+2.785284e-06
2026.107.08:42:00/gps-maser/+2.852402e-06
2026.107.08:43:00/gps-fmout/+2.786621e-06
2026.107.08:43:00/gps-maser/+2.853255e-06
2026.107.08:44:00/gps-fmout/+2.788000e-06
2026.107.08:44:00/gps-maser/+2.853972e-06
2026.107.08:45:00/gps-fmout/+2.788000e-06
2026.107.08:45:00/gps-maser/+2.853433e-06
2026.107.08:46:00/gps-fmout/+2.788000e-06
2026.107.08:46:00/gps-maser/+2.853503e-06
2026.107.08:47:00/gps-fmout/+2.788000e-06
2026.107.08:47:00/gps-maser/+2.851894e-06
2026.107.08:48:00/gps-fmout/+2.787983e-06
2026.107.08:48:00/gps-maser/+2.852000e-06
2026.107.08:49:00/gps-fmout/+2.785714e-06
2026.107.08:49:00/gps-maser/+2.852715e-06
2026.107.08:50:00/gps-fmout/+2.786472e-06
2026.107.08:50:00/gps-maser/+2.852000e-06
2026.107.08:51:00/gps-fmout/+2.787860e-06
2026.107.08:51:00/gps-maser/+2.852000e-06
2026.107.08:52:00/gps-fmout/+2.786145e-06
2026.107.08:52:00/gps-maser/+2.851759e-06
2026.107.08:53:00/gps-fmout/+2.784828e-06
2026.107.08:53:00/gps-maser/+2.850601e-06
2026.107.08:54:00/gps-fmout/+2.786236e-06
2026.107.08:54:00/gps-maser/+2.849305e-06
2026.107.08:55:00/gps-fmout/+2.786562e-06
2026.107.08:55:00/gps-maser/+2.852100e-06
2026.107.08:56:00/gps-fmout/+2.786770e-06
2026.107.08:56:00/gps-maser/+2.851826e-06
2026.107.08:57:00/gps-fmout/+2.789231e-06
2026.107.08:57:00/gps-maser/+2.854284e-06
2026.107.08:58:00/gps-fmout/+2.790000e-06
2026.107.08:58:00/gps-maser/+2.855474e-06
2026.107.08:59:00/gps-fmout/+2.792215e-06
2026.107.08:59:00/gps-maser/+2.856326e-06
2026.107.09:00:00/gps-fmout/+2.791818e-06
2026.107.09:00:00/gps-maser/+2.857103e-06
2026.107.09:01:00/gps-fmout/+2.790962e-06
2026.107.09:01:00/gps-maser/+2.857020e-06
2026.107.09:02:00/gps-fmout/+2.792082e-06
2026.107.09:02:00/gps-maser/+2.857811e-06
2026.107.09:03:00/gps-fmout/+2.794096e-06
2026.107.09:03:00/gps-maser/+2.857601e-06
2026.107.09:04:00/gps-fmout/+2.794204e-06
2026.107.09:04:00/gps-maser/+2.860831e-06
2026.107.09:05:00/gps-fmout/+2.795587e-06
2026.107.09:05:00/gps-maser/+2.859021e-06
2026.107.09:06:00/gps-fmout/+2.795983e-06
2026.107.09:06:00/gps-maser/+2.858744e-06
2026.107.09:07:00/gps-fmout/+2.794488e-06
2026.107.09:07:00/gps-maser/+2.857967e-06
2026.107.09:08:00/gps-fmout/+2.792811e-06
2026.107.09:08:00/gps-maser/+2.857114e-06
2026.107.09:09:00/gps-fmout/+2.793340e-06
2026.107.09:09:00/gps-maser/+2.855928e-06
2026.107.09:10:00/gps-fmout/+2.793752e-06
2026.107.09:10:00/gps-maser/+2.855903e-06
2026.107.09:11:00/gps-fmout/+2.790986e-06
2026.107.09:11:00/gps-maser/+2.855000e-06
2026.107.09:12:00/gps-fmout/+2.790769e-06
2026.107.09:12:00/gps-maser/+2.854858e-06
2026.107.09:13:00/gps-fmout/+2.789432e-06
2026.107.09:13:00/gps-maser/+2.851841e-06
2026.107.09:14:00/gps-fmout/+2.786837e-06
2026.107.09:14:00/gps-maser/+2.852055e-06
2026.107.09:15:00/gps-fmout/+2.785372e-06
2026.107.09:15:00/gps-maser/+2.852381e-06
2026.107.09:16:00/gps-fmout/+2.785159e-06
2026.107.09:16:00/gps-maser/+2.851158e-06
2026.107.09:17:00/gps-fmout/+2.786053e-06
2026.107.09:17:00/gps-maser/+2.851861e-06
2026.107.09:18:00/gps-fmout/+2.784600e-06
2026.107.09:18:00/gps-maser/+2.850942e-06
2026.107.09:19:00/gps-fmout/+2.783685e-06
2026.107.09:19:00/gps-maser/+2.850180e-06
2026.107.09:20:00/gps-fmout/+2.785787e-06
2026.107.09:20:00/gps-maser/+2.848439e-06
2026.107.09:21:00/gps-fmout/+2.784041e-06
2026.107.09:21:00/gps-maser/+2.850639e-06
2026.107.09:22:00/gps-fmout/+2.785476e-06
2026.107.09:22:00/gps-maser/+2.851025e-06
2026.107.09:23:00/gps-fmout/+2.785917e-06
2026.107.09:23:00/gps-maser/+2.851111e-06
2026.107.09:24:00/gps-fmout/+2.785073e-06
2026.107.09:24:00/gps-maser/+2.851970e-06
2026.107.09:25:00/gps-fmout/+2.786074e-06
2026.107.09:25:00/gps-maser/+2.851024e-06
2026.107.09:26:00/gps-fmout/+2.786591e-06
2026.107.09:26:00/gps-maser/+2.853119e-06
2026.107.09:27:00/gps-fmout/+2.788713e-06
2026.107.09:27:00/gps-maser/+2.852867e-06
2026.107.09:28:00/gps-fmout/+2.788443e-06
2026.107.09:28:00/gps-maser/+2.853482e-06
2026.107.09:29:00/gps-fmout/+2.790036e-06
2026.107.09:29:00/gps-maser/+2.855615e-06
2026.107.09:30:00/gps-fmout/+2.790263e-06
2026.107.09:30:00/gps-maser/+2.854416e-06
2026.107.09:31:00/gps-fmout/+2.792006e-06
2026.107.09:31:00/gps-maser/+2.858000e-06
2026.107.09:32:00/gps-fmout/+2.791685e-06
2026.107.09:32:00/gps-maser/+2.857337e-06
2026.107.09:33:00/gps-fmout/+2.793059e-06
2026.107.09:33:00/gps-maser/+2.856155e-06
2026.107.09:34:00/gps-fmout/+2.793097e-06
2026.107.09:34:00/gps-maser/+2.857941e-06
2026.107.09:35:00/gps-fmout/+2.793756e-06
2026.107.09:35:00/gps-maser/+2.856446e-06
2026.107.09:36:00/gps-fmout/+2.792500e-06
2026.107.09:36:00/gps-maser/+2.856277e-06
2026.107.09:37:00/gps-fmout/+2.791283e-06
2026.107.09:37:00/gps-maser/+2.858025e-06
2026.107.09:38:00/gps-fmout/+2.792524e-06
2026.107.09:38:00/gps-maser/+2.858590e-06
2026.107.09:39:00/gps-fmout/+2.791599e-06
2026.107.09:39:00/gps-maser/+2.858704e-06
2026.107.09:40:00/gps-fmout/+2.791000e-06
2026.107.09:40:00/gps-maser/+2.857824e-06
2026.107.09:41:00/gps-fmout/+2.791000e-06
2026.107.09:41:00/gps-maser/+2.857000e-06
2026.107.09:42:00/gps-fmout/+2.791792e-06
2026.107.09:42:00/gps-maser/+2.858706e-06
2026.107.09:43:00/gps-fmout/+2.794440e-06
2026.107.09:43:00/gps-maser/+2.860355e-06
2026.107.09:44:00/gps-fmout/+2.794904e-06
2026.107.09:44:00/gps-maser/+2.860963e-06
2026.107.09:45:00/gps-fmout/+2.793438e-06
2026.107.09:45:00/gps-maser/+2.858943e-06
2026.107.09:46:00/gps-fmout/+2.793000e-06
2026.107.09:46:00/gps-maser/+2.858370e-06
2026.107.09:47:00/gps-fmout/+2.793000e-06
2026.107.09:47:00/gps-maser/+2.855899e-06
2026.107.09:48:00/gps-fmout/+2.792063e-06
2026.107.09:48:00/gps-maser/+2.856872e-06
2026.107.09:49:00/gps-fmout/+2.791000e-06
2026.107.09:49:00/gps-maser/+2.858389e-06
2026.107.09:50:00/gps-fmout/+2.791000e-06
2026.107.09:50:00/gps-maser/+2.859069e-06
2026.107.09:51:00/gps-fmout/+2.790994e-06
2026.107.09:51:00/gps-maser/+2.858000e-06
2026.107.09:52:00/gps-fmout/+2.788881e-06
2026.107.09:52:00/gps-maser/+2.853871e-06
2026.107.09:53:00/gps-fmout/+2.787027e-06
2026.107.09:53:00/gps-maser/+2.853583e-06
2026.107.09:54:00/gps-fmout/+2.788772e-06
2026.107.09:54:00/gps-maser/+2.851967e-06
2026.107.09:55:00/gps-fmout/+2.786959e-06
2026.107.09:55:00/gps-maser/+2.852394e-06
2026.107.09:56:00/gps-fmout/+2.786766e-06
2026.107.09:56:00/gps-maser/+2.853062e-06
2026.107.09:57:00/gps-fmout/+2.786483e-06
2026.107.09:57:00/gps-maser/+2.853131e-06
2026.107.09:58:00/gps-fmout/+2.788035e-06
2026.107.09:58:00/gps-maser/+2.854122e-06
2026.107.09:59:00/gps-fmout/+2.787000e-06
2026.107.09:59:00/gps-maser/+2.853771e-06
2026.107.10:00:00/gps-fmout/+2.787000e-06
2026.107.10:00:00/gps-maser/+2.853390e-06
2026.107.10:01:00/gps-fmout/+2.787007e-06
2026.107.10:01:00/gps-maser/+2.852947e-06
2026.107.10:02:00/gps-fmout/+2.788403e-06
2026.107.10:02:00/gps-maser/+2.851919e-06
2026.107.10:03:00/gps-fmout/+2.789406e-06
2026.107.10:03:00/gps-maser/+2.854113e-06
2026.107.10:04:00/gps-fmout/+2.791081e-06
2026.107.10:04:00/gps-maser/+2.854190e-06
2026.107.10:05:00/gps-fmout/+2.792652e-06
2026.107.10:05:00/gps-maser/+2.857067e-06
2026.107.10:06:00/gps-fmout/+2.794678e-06
2026.107.10:06:00/gps-maser/+2.857533e-06
2026.107.10:07:00/gps-fmout/+2.793230e-06
2026.107.10:07:00/gps-maser/+2.859000e-06
2026.107.10:08:00/gps-fmout/+2.794718e-06
2026.107.10:08:00/gps-maser/+2.859000e-06
2026.107.10:09:00/gps-fmout/+2.794518e-06
2026.107.10:09:00/gps-maser/+2.858871e-06
2026.107.10:10:00/gps-fmout/+2.792794e-06
2026.107.10:10:00/gps-maser/+2.857752e-06
2026.107.10:11:00/gps-fmout/+2.791990e-06
2026.107.10:11:00/gps-maser/+2.856592e-06
2026.107.10:12:00/gps-fmout/+2.792736e-06
2026.107.10:12:00/gps-maser/+2.857682e-06
2026.107.10:13:00/gps-fmout/+2.794452e-06
2026.107.10:13:00/gps-maser/+2.859398e-06
2026.107.10:14:00/gps-fmout/+2.796197e-06
2026.107.10:14:00/gps-maser/+2.861049e-06
2026.107.10:15:00/gps-fmout/+2.797197e-06
2026.107.10:15:00/gps-maser/+2.860391e-06
2026.107.10:16:00/gps-fmout/+2.795314e-06
2026.107.10:16:00/gps-maser/+2.860812e-06
2026.107.10:17:00/gps-fmout/+2.796507e-06
2026.107.10:17:00/gps-maser/+2.859947e-06
2026.107.10:18:00/gps-fmout/+2.794706e-06
2026.107.10:18:00/gps-maser/+2.861101e-06
2026.107.10:19:00/gps-fmout/+2.796910e-06
2026.107.10:19:00/gps-maser/+2.863723e-06
2026.107.10:20:00/gps-fmout/+2.799170e-06
2026.107.10:20:00/gps-maser/+2.864900e-06
2026.107.10:21:00/gps-fmout/+2.797913e-06
2026.107.10:21:00/gps-maser/+2.863383e-06
2026.107.10:22:00/gps-fmout/+2.797199e-06
2026.107.10:22:00/gps-maser/+2.863369e-06
2026.107.10:23:00/gps-fmout/+2.798058e-06
2026.107.10:23:00/gps-maser/+2.865082e-06
2026.107.10:24:00/gps-fmout/+2.798018e-06
2026.107.10:24:00/gps-maser/+2.863939e-06
2026.107.10:25:00/gps-fmout/+2.801321e-06
2026.107.10:25:00/gps-maser/+2.863152e-06
2026.107.10:26:00/gps-fmout/+2.800604e-06
2026.107.10:26:00/gps-maser/+2.864357e-06
2026.107.10:27:00/gps-fmout/+2.799027e-06
2026.107.10:27:00/gps-maser/+2.866060e-06
2026.107.10:28:00/gps-fmout/+2.799137e-06
2026.107.10:28:00/gps-maser/+2.864480e-06
2026.107.10:29:00/gps-fmout/+2.798000e-06
2026.107.10:29:00/gps-maser/+2.862277e-06
2026.107.10:30:00/gps-fmout/+2.798000e-06
2026.107.10:30:00/gps-maser/+2.864028e-06
2026.107.10:31:00/gps-fmout/+2.798875e-06
2026.107.10:31:00/gps-maser/+2.863579e-06
2026.107.10:32:00/gps-fmout/+2.799809e-06
2026.107.10:32:00/gps-maser/+2.862730e-06
2026.107.10:33:00/gps-fmout/+2.798969e-06
2026.107.10:33:00/gps-maser/+2.861801e-06
2026.107.10:34:00/gps-fmout/+2.798990e-06
2026.107.10:34:00/gps-maser/+2.860419e-06
2026.107.10:35:00/gps-fmout/+2.796223e-06
2026.107.10:35:00/gps-maser/+2.859832e-06
2026.107.10:36:00/gps-fmout/+2.794438e-06
2026.107.10:36:00/gps-maser/+2.860377e-06
2026.107.10:37:00/gps-fmout/+2.796143e-06
2026.107.10:37:00/gps-maser/+2.863023e-06
2026.107.10:38:00/gps-fmout/+2.797178e-06
2026.107.10:38:00/gps-maser/+2.863394e-06
2026.107.10:39:00/gps-fmout/+2.797498e-06
2026.107.10:39:00/gps-maser/+2.864239e-06
2026.107.10:40:00/gps-fmout/+2.799000e-06
2026.107.10:40:00/gps-maser/+2.864982e-06
2026.107.10:41:00/gps-fmout/+2.799000e-06
2026.107.10:41:00/gps-maser/+2.864420e-06
2026.107.10:42:00/gps-fmout/+2.799000e-06
2026.107.10:42:00/gps-maser/+2.865000e-06
2026.107.10:43:00/gps-fmout/+2.799031e-06
2026.107.10:43:00/gps-maser/+2.865000e-06
2026.107.10:44:00/gps-fmout/+2.800000e-06
2026.107.10:44:00/gps-maser/+2.865387e-06
2026.107.10:45:00/gps-fmout/+2.801279e-06
2026.107.10:45:00/gps-maser/+2.865833e-06
2026.107.10:46:00/gps-fmout/+2.799306e-06
2026.107.10:46:00/gps-maser/+2.865242e-06
2026.107.10:47:00/gps-fmout/+2.801010e-06
2026.107.10:47:00/gps-maser/+2.867999e-06
2026.107.10:48:00/gps-fmout/+2.801339e-06
2026.107.10:48:00/gps-maser/+2.867329e-06
2026.107.10:49:00/gps-fmout/+2.801804e-06
2026.107.10:49:00/gps-maser/+2.868099e-06
2026.107.10:50:00/gps-fmout/+2.800258e-06
2026.107.10:50:00/gps-maser/+2.867910e-06
2026.107.10:51:00/gps-fmout/+2.801728e-06
2026.107.10:51:00/gps-maser/+2.866240e-06
2026.107.10:52:00/gps-fmout/+2.799276e-06
2026.107.10:52:00/gps-maser/+2.865848e-06
2026.107.10:53:00/gps-fmout/+2.798000e-06
2026.107.10:53:00/gps-maser/+2.862146e-06
2026.107.10:54:00/gps-fmout/+2.799000e-06
2026.107.10:54:00/gps-maser/+2.864727e-06
2026.107.10:55:00/gps-fmout/+2.799611e-06
2026.107.10:55:00/gps-maser/+2.866000e-06
2026.107.10:56:00/gps-fmout/+2.801226e-06
2026.107.10:56:00/gps-maser/+2.866000e-06
2026.107.10:57:00/gps-fmout/+2.802094e-06
2026.107.10:57:00/gps-maser/+2.866006e-06
2026.107.10:58:00/gps-fmout/+2.803468e-06
2026.107.10:58:00/gps-maser/+2.867763e-06
2026.107.10:59:00/gps-fmout/+2.804441e-06
2026.107.10:59:00/gps-maser/+2.869399e-06
2026.107.11:00:00/gps-fmout/+2.805806e-06
2026.107.11:00:00/gps-maser/+2.869933e-06
2026.107.11:01:00/gps-fmout/+2.804479e-06
2026.107.11:01:00/gps-maser/+2.868998e-06
2026.107.11:02:00/gps-fmout/+2.804774e-06
2026.107.11:02:00/gps-maser/+2.868808e-06
2026.107.11:03:00/gps-fmout/+2.803768e-06
2026.107.11:03:00/gps-maser/+2.867802e-06
2026.107.11:04:00/gps-fmout/+2.802000e-06
2026.107.11:04:00/gps-maser/+2.866345e-06
2026.107.11:05:00/gps-fmout/+2.802751e-06
2026.107.11:05:00/gps-maser/+2.866673e-06
2026.107.11:06:00/gps-fmout/+2.802245e-06
2026.107.11:06:00/gps-maser/+2.868866e-06
2026.107.11:07:00/gps-fmout/+2.803873e-06
2026.107.11:07:00/gps-maser/+2.867037e-06
2026.107.11:08:00/gps-fmout/+2.802369e-06
2026.107.11:08:00/gps-maser/+2.867634e-06
2026.107.11:09:00/gps-fmout/+2.803046e-06
2026.107.11:09:00/gps-maser/+2.867558e-06
2026.107.11:10:00/gps-fmout/+2.803499e-06
2026.107.11:10:00/gps-maser/+2.870030e-06
2026.107.11:11:00/gps-fmout/+2.804611e-06
2026.107.11:11:00/gps-maser/+2.870443e-06
2026.107.11:12:00/gps-fmout/+2.803910e-06
2026.107.11:12:00/gps-maser/+2.870832e-06
2026.107.11:13:00/gps-fmout/+2.806109e-06
2026.107.11:13:00/gps-maser/+2.870197e-06
2026.107.11:14:00/gps-fmout/+2.805986e-06
2026.107.11:14:00/gps-maser/+2.870983e-06
2026.107.11:15:00/gps-fmout/+2.805596e-06
2026.107.11:15:00/gps-maser/+2.871898e-06
2026.107.11:16:00/gps-fmout/+2.807302e-06
2026.107.11:16:00/gps-maser/+2.874182e-06
2026.107.11:17:00/gps-fmout/+2.807960e-06
2026.107.11:17:00/gps-maser/+2.873946e-06
2026.107.11:18:00/gps-fmout/+2.808587e-06
2026.107.11:18:00/gps-maser/+2.873650e-06
2026.107.11:19:00/gps-fmout/+2.811564e-06
2026.107.11:19:00/gps-maser/+2.875298e-06
2026.107.11:20:00/gps-fmout/+2.813259e-06
2026.107.11:20:00/gps-maser/+2.876391e-06
2026.107.11:21:00/gps-fmout/+2.813457e-06
2026.107.11:21:00/gps-maser/+2.879230e-06
2026.107.11:22:00/gps-fmout/+2.811635e-06
2026.107.11:22:00/gps-maser/+2.878701e-06
2026.107.11:23:00/gps-fmout/+2.810869e-06
2026.107.11:23:00/gps-maser/+2.877939e-06
2026.107.11:24:00/gps-fmout/+2.811056e-06
2026.107.11:24:00/gps-maser/+2.878000e-06
2026.107.11:25:00/gps-fmout/+2.814644e-06
2026.107.11:25:00/gps-maser/+2.877010e-06
2026.107.11:26:00/gps-fmout/+2.812141e-06
2026.107.11:26:00/gps-maser/+2.876610e-06
2026.107.11:27:00/gps-fmout/+2.808937e-06
2026.107.11:27:00/gps-maser/+2.874915e-06
2026.107.11:28:00/gps-fmout/+2.808352e-06
2026.107.11:28:00/gps-maser/+2.873508e-06
2026.107.11:29:00/gps-fmout/+2.806122e-06
2026.107.11:29:00/gps-maser/+2.872436e-06
2026.107.11:30:00/gps-fmout/+2.806764e-06
2026.107.11:30:00/gps-maser/+2.869833e-06
2026.107.11:31:00/gps-fmout/+2.806908e-06
2026.107.11:31:00/gps-maser/+2.871640e-06
2026.107.11:32:00/gps-fmout/+2.808408e-06
2026.107.11:32:00/gps-maser/+2.874865e-06
2026.107.11:33:00/gps-fmout/+2.808959e-06
2026.107.11:33:00/gps-maser/+2.875625e-06
2026.107.11:34:00/gps-fmout/+2.808015e-06
2026.107.11:34:00/gps-maser/+2.874983e-06
2026.107.11:35:00/gps-fmout/+2.809367e-06
2026.107.11:35:00/gps-maser/+2.876338e-06
2026.107.11:36:00/gps-fmout/+2.810213e-06
2026.107.11:36:00/gps-maser/+2.877186e-06
2026.107.11:37:00/gps-fmout/+2.810942e-06
2026.107.11:37:00/gps-maser/+2.878018e-06
2026.107.11:38:00/gps-fmout/+2.810144e-06
2026.107.11:38:00/gps-maser/+2.876448e-06
2026.107.11:39:00/gps-fmout/+2.811721e-06
2026.107.11:39:00/gps-maser/+2.876077e-06
2026.107.11:40:00/gps-fmout/+2.811257e-06
2026.107.11:40:00/gps-maser/+2.877194e-06
2026.107.11:41:00/gps-fmout/+2.813153e-06
2026.107.11:41:00/gps-maser/+2.878459e-06
2026.107.11:42:00/gps-fmout/+2.813886e-06
2026.107.11:42:00/gps-maser/+2.879313e-06
2026.107.11:43:00/gps-fmout/+2.812817e-06
2026.107.11:43:00/gps-maser/+2.879400e-06
2026.107.11:44:00/gps-fmout/+2.811964e-06
2026.107.11:44:00/gps-maser/+2.877500e-06
2026.107.11:45:00/gps-fmout/+2.811380e-06
2026.107.11:45:00/gps-maser/+2.877999e-06
2026.107.11:46:00/gps-fmout/+2.812225e-06
2026.107.11:46:00/gps-maser/+2.878115e-06
2026.107.11:47:00/gps-fmout/+2.813043e-06
2026.107.11:47:00/gps-maser/+2.878999e-06
2026.107.11:48:00/gps-fmout/+2.813786e-06
2026.107.11:48:00/gps-maser/+2.879321e-06
2026.107.11:49:00/gps-fmout/+2.815322e-06
2026.107.11:49:00/gps-maser/+2.881961e-06
2026.107.11:50:00/gps-fmout/+2.816238e-06
2026.107.11:50:00/gps-maser/+2.881306e-06
2026.107.11:51:00/gps-fmout/+2.815833e-06
2026.107.11:51:00/gps-maser/+2.882276e-06
2026.107.11:52:00/gps-fmout/+2.813441e-06
2026.107.11:52:00/gps-maser/+2.880071e-06
2026.107.11:53:00/gps-fmout/+2.813293e-06
2026.107.11:53:00/gps-maser/+2.877922e-06
2026.107.11:54:00/gps-fmout/+2.815982e-06
2026.107.11:54:00/gps-maser/+2.880000e-06
2026.107.11:55:00/gps-fmout/+2.815000e-06
2026.107.11:55:00/gps-maser/+2.878994e-06
2026.107.11:56:00/gps-fmout/+2.815000e-06
2026.107.11:56:00/gps-maser/+2.878854e-06
2026.107.11:57:00/gps-fmout/+2.814950e-06
2026.107.11:57:00/gps-maser/+2.877936e-06
2026.107.11:58:00/gps-fmout/+2.813949e-06
2026.107.11:58:00/gps-maser/+2.877148e-06
2026.107.11:59:00/gps-fmout/+2.813720e-06
2026.107.11:59:00/gps-maser/+2.878475e-06
2026.107.12:00:00/gps-fmout/+2.813168e-06
2026.107.12:00:00/gps-maser/+2.879960e-06
2026.107.12:01:00/gps-fmout/+2.814471e-06
2026.107.12:01:00/gps-maser/+2.879397e-06
2026.107.12:02:00/gps-fmout/+2.815587e-06
2026.107.12:02:00/gps-maser/+2.880051e-06
2026.107.12:03:00/gps-fmout/+2.817223e-06
2026.107.12:03:00/gps-maser/+2.880701e-06
2026.107.12:04:00/gps-fmout/+2.816960e-06
2026.107.12:04:00/gps-maser/+2.882544e-06
2026.107.12:05:00/gps-fmout/+2.815840e-06
2026.107.12:05:00/gps-maser/+2.882343e-06
2026.107.12:06:00/gps-fmout/+2.817530e-06
2026.107.12:06:00/gps-maser/+2.882785e-06
2026.107.12:07:00/gps-fmout/+2.815072e-06
2026.107.12:07:00/gps-maser/+2.881032e-06
2026.107.12:08:00/gps-fmout/+2.815666e-06
2026.107.12:08:00/gps-maser/+2.882209e-06
2026.107.12:09:00/gps-fmout/+2.815389e-06
2026.107.12:09:00/gps-maser/+2.881473e-06
2026.107.12:10:00/gps-fmout/+2.816298e-06
2026.107.12:10:00/gps-maser/+2.879046e-06
2026.107.12:11:00/gps-fmout/+2.812043e-06
2026.107.12:11:00/gps-maser/+2.879481e-06
2026.107.12:12:00/gps-fmout/+2.810341e-06
2026.107.12:12:00/gps-maser/+2.876304e-06
2026.107.12:13:00/gps-fmout/+2.808681e-06
2026.107.12:13:00/gps-maser/+2.872350e-06
2026.107.12:14:00/gps-fmout/+2.807988e-06
2026.107.12:14:00/gps-maser/+2.874282e-06
2026.107.12:15:00/gps-fmout/+2.807778e-06
2026.107.12:15:00/gps-maser/+2.873376e-06
2026.107.12:16:00/gps-fmout/+2.806241e-06
2026.107.12:16:00/gps-maser/+2.871408e-06
2026.107.12:17:00/gps-fmout/+2.802950e-06
2026.107.12:17:00/gps-maser/+2.868919e-06
2026.107.12:18:00/gps-fmout/+2.802556e-06
2026.107.12:18:00/gps-maser/+2.868215e-06
2026.107.12:19:00/gps-fmout/+2.802112e-06
2026.107.12:19:00/gps-maser/+2.866589e-06
2026.107.12:20:00/gps-fmout/+2.802822e-06
2026.107.12:20:00/gps-maser/+2.866108e-06
2026.107.12:21:00/gps-fmout/+2.802996e-06
2026.107.12:21:00/gps-maser/+2.867373e-06
2026.107.12:22:00/gps-fmout/+2.806597e-06
2026.107.12:22:00/gps-maser/+2.869038e-06
2026.107.12:23:00/gps-fmout/+2.810689e-06
2026.107.12:23:00/gps-maser/+2.874024e-06
2026.107.12:24:00/gps-fmout/+2.813142e-06
2026.107.12:24:00/gps-maser/+2.880000e-06
2026.107.12:25:00/gps-fmout/+2.818567e-06
2026.107.12:25:00/gps-maser/+2.882749e-06
2026.107.12:26:00/gps-fmout/+2.820127e-06
2026.107.12:26:00/gps-maser/+2.884563e-06
2026.107.12:27:00/gps-fmout/+2.820180e-06
2026.107.12:27:00/gps-maser/+2.887056e-06
2026.107.12:28:00/gps-fmout/+2.821313e-06
2026.107.12:28:00/gps-maser/+2.886607e-06
2026.107.12:29:00/gps-fmout/+2.819843e-06
2026.107.12:29:00/gps-maser/+2.885758e-06
2026.107.12:30:00/gps-fmout/+2.820418e-06
2026.107.12:30:00/gps-maser/+2.885024e-06
2026.107.12:31:00/gps-fmout/+2.820192e-06
2026.107.12:31:00/gps-maser/+2.885934e-06
2026.107.12:32:00/gps-fmout/+2.817341e-06
2026.107.12:32:00/gps-maser/+2.883757e-06
2026.107.12:33:00/gps-fmout/+2.815632e-06
2026.107.12:33:00/gps-maser/+2.879794e-06
2026.107.12:34:00/gps-fmout/+2.813923e-06
2026.107.12:34:00/gps-maser/+2.881000e-06
2026.107.12:35:00/gps-fmout/+2.811177e-06
2026.107.12:35:00/gps-maser/+2.878292e-06
2026.107.12:36:00/gps-fmout/+2.811778e-06
2026.107.12:36:00/gps-maser/+2.878579e-06
2026.107.12:37:00/gps-fmout/+2.811108e-06
2026.107.12:37:00/gps-maser/+2.876886e-06
2026.107.12:38:00/gps-fmout/+2.812000e-06
2026.107.12:38:00/gps-maser/+2.876379e-06
2026.107.12:39:00/gps-fmout/+2.812000e-06
2026.107.12:39:00/gps-maser/+2.877798e-06
2026.107.12:40:00/gps-fmout/+2.812101e-06
2026.107.12:40:00/gps-maser/+2.877326e-06
2026.107.12:41:00/gps-fmout/+2.814970e-06
2026.107.12:41:00/gps-maser/+2.880414e-06
2026.107.12:42:00/gps-fmout/+2.816960e-06
2026.107.12:42:00/gps-maser/+2.882589e-06
2026.107.12:43:00/gps-fmout/+2.816302e-06
2026.107.12:43:00/gps-maser/+2.882871e-06
2026.107.12:44:00/gps-fmout/+2.818011e-06
2026.107.12:44:00/gps-maser/+2.881000e-06
2026.107.12:45:00/gps-fmout/+2.818361e-06
2026.107.12:45:00/gps-maser/+2.881657e-06
2026.107.12:46:00/gps-fmout/+2.819168e-06
2026.107.12:46:00/gps-maser/+2.881000e-06
2026.107.12:47:00/gps-fmout/+2.818860e-06
2026.107.12:47:00/gps-maser/+2.881000e-06
2026.107.12:48:00/gps-fmout/+2.817146e-06
2026.107.12:48:00/gps-maser/+2.881281e-06
2026.107.12:49:00/gps-fmout/+2.816022e-06
2026.107.12:49:00/gps-maser/+2.882008e-06
2026.107.12:50:00/gps-fmout/+2.818047e-06
2026.107.12:50:00/gps-maser/+2.882163e-06
2026.107.12:51:00/gps-fmout/+2.819732e-06
2026.107.12:51:00/gps-maser/+2.883844e-06
2026.107.12:52:00/gps-fmout/+2.821692e-06
2026.107.12:52:00/gps-maser/+2.885377e-06
2026.107.12:53:00/gps-fmout/+2.820296e-06
2026.107.12:53:00/gps-maser/+2.886475e-06
2026.107.12:54:00/gps-fmout/+2.823000e-06
2026.107.12:54:00/gps-maser/+2.888682e-06
2026.107.12:55:00/gps-fmout/+2.823374e-06
2026.107.12:55:00/gps-maser/+2.888559e-06
2026.107.12:56:00/gps-fmout/+2.823909e-06
2026.107.12:56:00/gps-maser/+2.889719e-06
2026.107.12:57:00/gps-fmout/+2.822992e-06
2026.107.12:57:00/gps-maser/+2.886016e-06
2026.107.12:58:00/gps-fmout/+2.822606e-06
2026.107.12:58:00/gps-maser/+2.888000e-06
2026.107.12:59:00/gps-fmout/+2.821739e-06
2026.107.12:59:00/gps-maser/+2.888000e-06
2026.107.13:00:00/gps-fmout/+2.820971e-06
2026.107.13:00:00/gps-maser/+2.887968e-06
2026.107.13:01:00/gps-fmout/+2.821000e-06
2026.107.13:01:00/gps-maser/+2.886971e-06
2026.107.13:02:00/gps-fmout/+2.821424e-06
2026.107.13:02:00/gps-maser/+2.886808e-06
2026.107.13:03:00/gps-fmout/+2.822819e-06
2026.107.13:03:00/gps-maser/+2.885841e-06
2026.107.13:04:00/gps-fmout/+2.821434e-06
2026.107.13:04:00/gps-maser/+2.884713e-06
2026.107.13:05:00/gps-fmout/+2.820910e-06
2026.107.13:05:00/gps-maser/+2.885882e-06
2026.107.13:06:00/gps-fmout/+2.821063e-06
2026.107.13:06:00/gps-maser/+2.888418e-06
2026.107.13:07:00/gps-fmout/+2.822027e-06
2026.107.13:07:00/gps-maser/+2.887455e-06
2026.107.13:08:00/gps-fmout/+2.824745e-06
2026.107.13:08:00/gps-maser/+2.890022e-06
2026.107.13:09:00/gps-fmout/+2.824657e-06
2026.107.13:09:00/gps-maser/+2.892007e-06
2026.107.13:10:00/gps-fmout/+2.823000e-06
2026.107.13:10:00/gps-maser/+2.887981e-06
2026.107.13:11:00/gps-fmout/+2.823000e-06
2026.107.13:11:00/gps-maser/+2.888469e-06
2026.107.13:12:00/gps-fmout/+2.822917e-06
2026.107.13:12:00/gps-maser/+2.888421e-06
2026.107.13:13:00/gps-fmout/+2.821402e-06
2026.107.13:13:00/gps-maser/+2.884774e-06
2026.107.13:14:00/gps-fmout/+2.818527e-06
2026.107.13:14:00/gps-maser/+2.883484e-06
2026.107.13:15:00/gps-fmout/+2.817686e-06
2026.107.13:15:00/gps-maser/+2.882881e-06
2026.107.13:16:00/gps-fmout/+2.816828e-06
2026.107.13:16:00/gps-maser/+2.883206e-06
2026.107.13:17:00/gps-fmout/+2.815989e-06
2026.107.13:17:00/gps-maser/+2.882973e-06
2026.107.13:18:00/gps-fmout/+2.818117e-06
2026.107.13:18:00/gps-maser/+2.882342e-06
2026.107.13:19:00/gps-fmout/+2.820116e-06
2026.107.13:19:00/gps-maser/+2.883199e-06
2026.107.13:20:00/gps-fmout/+2.819095e-06
2026.107.13:20:00/gps-maser/+2.883992e-06
2026.107.13:21:00/gps-fmout/+2.819580e-06
2026.107.13:21:00/gps-maser/+2.883365e-06
2026.107.13:22:00/gps-fmout/+2.819000e-06
2026.107.13:22:00/gps-maser/+2.886158e-06
2026.107.13:23:00/gps-fmout/+2.819000e-06
2026.107.13:23:00/gps-maser/+2.885829e-06
2026.107.13:24:00/gps-fmout/+2.819339e-06
2026.107.13:24:00/gps-maser/+2.885363e-06
2026.107.13:25:00/gps-fmout/+2.820312e-06
2026.107.13:25:00/gps-maser/+2.885950e-06
2026.107.13:26:00/gps-fmout/+2.821255e-06
2026.107.13:26:00/gps-maser/+2.886269e-06
2026.107.13:27:00/gps-fmout/+2.823007e-06
2026.107.13:27:00/gps-maser/+2.887987e-06
2026.107.13:28:00/gps-fmout/+2.821999e-06
2026.107.13:28:00/gps-maser/+2.889122e-06
2026.107.13:29:00/gps-fmout/+2.821800e-06
2026.107.13:29:00/gps-maser/+2.887665e-06
2026.107.13:30:00/gps-fmout/+2.820978e-06
2026.107.13:30:00/gps-maser/+2.885886e-06
2026.107.13:31:00/gps-fmout/+2.820614e-06
2026.107.13:31:00/gps-maser/+2.884327e-06
2026.107.13:32:00/gps-fmout/+2.819883e-06
2026.107.13:32:00/gps-maser/+2.885369e-06
2026.107.13:33:00/gps-fmout/+2.820160e-06
2026.107.13:33:00/gps-maser/+2.882350e-06
2026.107.13:34:00/gps-fmout/+2.820223e-06
2026.107.13:34:00/gps-maser/+2.886325e-06
2026.107.13:35:00/gps-fmout/+2.818823e-06
2026.107.13:35:00/gps-maser/+2.885481e-06
2026.107.13:36:00/gps-fmout/+2.819228e-06
2026.107.13:36:00/gps-maser/+2.883879e-06
2026.107.13:37:00/gps-fmout/+2.822000e-06
2026.107.13:37:00/gps-maser/+2.885352e-06
2026.107.13:38:00/gps-fmout/+2.822757e-06
2026.107.13:38:00/gps-maser/+2.887765e-06
2026.107.13:39:00/gps-fmout/+2.825571e-06
2026.107.13:39:00/gps-maser/+2.889145e-06
2026.107.13:40:00/gps-fmout/+2.823857e-06
2026.107.13:40:00/gps-maser/+2.889043e-06
2026.107.13:41:00/gps-fmout/+2.822917e-06
2026.107.13:41:00/gps-maser/+2.889342e-06
2026.107.13:42:00/gps-fmout/+2.824741e-06
2026.107.13:42:00/gps-maser/+2.888259e-06
2026.107.13:43:00/gps-fmout/+2.826909e-06
2026.107.13:43:00/gps-maser/+2.890367e-06
2026.107.13:44:00/gps-fmout/+2.826502e-06
2026.107.13:44:00/gps-maser/+2.892622e-06
2026.107.13:45:00/gps-fmout/+2.826516e-06
2026.107.13:45:00/gps-maser/+2.893128e-06
2026.107.13:46:00/gps-fmout/+2.824919e-06
2026.107.13:46:00/gps-maser/+2.892564e-06
2026.107.13:47:00/gps-fmout/+2.826037e-06
2026.107.13:47:00/gps-maser/+2.891000e-06
2026.107.13:48:00/gps-fmout/+2.827782e-06
2026.107.13:48:00/gps-maser/+2.891077e-06
2026.107.13:49:00/gps-fmout/+2.824571e-06
2026.107.13:49:00/gps-maser/+2.890752e-06
2026.107.13:50:00/gps-fmout/+2.822857e-06
2026.107.13:50:00/gps-maser/+2.888914e-06
2026.107.13:51:00/gps-fmout/+2.821149e-06
2026.107.13:51:00/gps-maser/+2.887199e-06
2026.107.13:52:00/gps-fmout/+2.819657e-06
2026.107.13:52:00/gps-maser/+2.885863e-06
2026.107.13:53:00/gps-fmout/+2.820393e-06
2026.107.13:53:00/gps-maser/+2.887042e-06
2026.107.13:54:00/gps-fmout/+2.821902e-06
2026.107.13:54:00/gps-maser/+2.885700e-06
2026.107.13:55:00/gps-fmout/+2.820082e-06
2026.107.13:55:00/gps-maser/+2.884182e-06
2026.107.13:56:00/gps-fmout/+2.817793e-06
2026.107.13:56:00/gps-maser/+2.884990e-06
2026.107.13:57:00/gps-fmout/+2.818029e-06
2026.107.13:57:00/gps-maser/+2.885486e-06
2026.107.13:58:00/gps-fmout/+2.819743e-06
2026.107.13:58:00/gps-maser/+2.886343e-06
2026.107.13:59:00/gps-fmout/+2.821398e-06
2026.107.13:59:00/gps-maser/+2.886935e-06
2026.107.14:00:00/gps-fmout/+2.821895e-06
2026.107.14:00:00/gps-maser/+2.885011e-06
2026.107.14:01:00/gps-fmout/+2.820378e-06
2026.107.14:01:00/gps-maser/+2.885250e-06
2026.107.14:02:00/gps-fmout/+2.821005e-06
2026.107.14:02:00/gps-maser/+2.884352e-06
2026.107.14:03:00/gps-fmout/+2.821187e-06
2026.107.14:03:00/gps-maser/+2.886042e-06
2026.107.14:04:00/gps-fmout/+2.822038e-06
2026.107.14:04:00/gps-maser/+2.887336e-06
2026.107.14:05:00/gps-fmout/+2.822576e-06
2026.107.14:05:00/gps-maser/+2.888656e-06
2026.107.14:06:00/gps-fmout/+2.823934e-06
2026.107.14:06:00/gps-maser/+2.886926e-06
2026.107.14:07:00/gps-fmout/+2.823000e-06
2026.107.14:07:00/gps-maser/+2.888545e-06
2026.107.14:08:00/gps-fmout/+2.823000e-06
2026.107.14:08:00/gps-maser/+2.889525e-06
2026.107.14:09:00/gps-fmout/+2.822880e-06
2026.107.14:09:00/gps-maser/+2.887936e-06
2026.107.14:10:00/gps-fmout/+2.822045e-06
2026.107.14:10:00/gps-maser/+2.887906e-06
2026.107.14:11:00/gps-fmout/+2.822776e-06
2026.107.14:11:00/gps-maser/+2.885456e-06
2026.107.14:12:00/gps-fmout/+2.821439e-06
2026.107.14:12:00/gps-maser/+2.884991e-06
2026.107.14:13:00/gps-fmout/+2.819744e-06
2026.107.14:13:00/gps-maser/+2.884869e-06
2026.107.14:14:00/gps-fmout/+2.817587e-06
2026.107.14:14:00/gps-maser/+2.882641e-06
2026.107.14:15:00/gps-fmout/+2.815400e-06
2026.107.14:15:00/gps-maser/+2.880962e-06
2026.107.14:16:00/gps-fmout/+2.815058e-06
2026.107.14:16:00/gps-maser/+2.881456e-06
2026.107.14:17:00/gps-fmout/+2.815996e-06
2026.107.14:17:00/gps-maser/+2.880277e-06
2026.107.14:18:00/gps-fmout/+2.816198e-06
2026.107.14:18:00/gps-maser/+2.881704e-06
2026.107.14:19:00/gps-fmout/+2.819193e-06
2026.107.14:19:00/gps-maser/+2.883394e-06
2026.107.14:20:00/gps-fmout/+2.819278e-06
2026.107.14:20:00/gps-maser/+2.885069e-06
2026.107.14:21:00/gps-fmout/+2.821210e-06
2026.107.14:21:00/gps-maser/+2.885425e-06
2026.107.14:22:00/gps-fmout/+2.819673e-06
2026.107.14:22:00/gps-maser/+2.885901e-06
2026.107.14:23:00/gps-fmout/+2.818942e-06
2026.107.14:23:00/gps-maser/+2.884817e-06
2026.107.14:24:00/gps-fmout/+2.819475e-06
2026.107.14:24:00/gps-maser/+2.884718e-06
2026.107.14:25:00/gps-fmout/+2.820329e-06
2026.107.14:25:00/gps-maser/+2.886301e-06
2026.107.14:26:00/gps-fmout/+2.821185e-06
2026.107.14:26:00/gps-maser/+2.887156e-06
2026.107.14:27:00/gps-fmout/+2.822050e-06
2026.107.14:27:00/gps-maser/+2.888000e-06
2026.107.14:28:00/gps-fmout/+2.824549e-06
2026.107.14:28:00/gps-maser/+2.887574e-06
2026.107.14:29:00/gps-fmout/+2.823615e-06
2026.107.14:29:00/gps-maser/+2.889064e-06
2026.107.14:30:00/gps-fmout/+2.825857e-06
2026.107.14:30:00/gps-maser/+2.889042e-06
2026.107.14:31:00/gps-fmout/+2.824143e-06
2026.107.14:31:00/gps-maser/+2.889204e-06
2026.107.14:32:00/gps-fmout/+2.822919e-06
2026.107.14:32:00/gps-maser/+2.888504e-06
2026.107.14:33:00/gps-fmout/+2.825508e-06
2026.107.14:33:00/gps-maser/+2.890225e-06
2026.107.14:34:00/gps-fmout/+2.827273e-06
2026.107.14:34:00/gps-maser/+2.891000e-06
2026.107.14:35:00/gps-fmout/+2.826686e-06
2026.107.14:35:00/gps-maser/+2.891000e-06
2026.107.14:36:00/gps-fmout/+2.825930e-06
2026.107.14:36:00/gps-maser/+2.891000e-06
2026.107.14:37:00/gps-fmout/+2.826507e-06
2026.107.14:37:00/gps-maser/+2.892327e-06
2026.107.14:38:00/gps-fmout/+2.827352e-06
2026.107.14:38:00/gps-maser/+2.893042e-06
2026.107.14:39:00/gps-fmout/+2.827833e-06
2026.107.14:39:00/gps-maser/+2.890083e-06
2026.107.14:40:00/gps-fmout/+2.824967e-06
2026.107.14:40:00/gps-maser/+2.891049e-06
2026.107.14:41:00/gps-fmout/+2.825414e-06
2026.107.14:41:00/gps-maser/+2.891777e-06
2026.107.14:42:00/gps-fmout/+2.826271e-06
2026.107.14:42:00/gps-maser/+2.891372e-06
2026.107.14:43:00/gps-fmout/+2.827363e-06
2026.107.14:43:00/gps-maser/+2.893038e-06
2026.107.14:44:00/gps-fmout/+2.828575e-06
2026.107.14:44:00/gps-maser/+2.893890e-06
2026.107.14:45:00/gps-fmout/+2.828701e-06
2026.107.14:45:00/gps-maser/+2.894871e-06
2026.107.14:46:00/gps-fmout/+2.830000e-06
2026.107.14:46:00/gps-maser/+2.894181e-06
2026.107.14:47:00/gps-fmout/+2.830000e-06
2026.107.14:47:00/gps-maser/+2.896000e-06
2026.107.14:48:00/gps-fmout/+2.829487e-06
2026.107.14:48:00/gps-maser/+2.894517e-06
2026.107.14:49:00/gps-fmout/+2.827737e-06
2026.107.14:49:00/gps-maser/+2.894038e-06
2026.107.14:50:00/gps-fmout/+2.828231e-06
2026.107.14:50:00/gps-maser/+2.895085e-06
2026.107.14:51:00/gps-fmout/+2.831057e-06
2026.107.14:51:00/gps-maser/+2.896793e-06
2026.107.14:52:00/gps-fmout/+2.831534e-06
2026.107.14:52:00/gps-maser/+2.898396e-06
2026.107.14:53:00/gps-fmout/+2.833031e-06
2026.107.14:53:00/gps-maser/+2.899035e-06
2026.107.14:54:00/gps-fmout/+2.833436e-06
2026.107.14:54:00/gps-maser/+2.898545e-06
2026.107.14:55:00/gps-fmout/+2.834165e-06
2026.107.14:55:00/gps-maser/+2.898000e-06
2026.107.14:56:00/gps-fmout/+2.833546e-06
2026.107.14:56:00/gps-maser/+2.898000e-06
2026.107.14:57:00/gps-fmout/+2.832000e-06
2026.107.14:57:00/gps-maser/+2.898457e-06
2026.107.14:58:00/gps-fmout/+2.832000e-06
2026.107.14:58:00/gps-maser/+2.898563e-06
2026.107.14:59:00/gps-fmout/+2.831896e-06
2026.107.14:59:00/gps-maser/+2.896882e-06
2026.107.15:00:00/gps-fmout/+2.831032e-06
2026.107.15:00:00/gps-maser/+2.897033e-06
2026.107.15:01:00/gps-fmout/+2.832066e-06
2026.107.15:01:00/gps-maser/+2.898127e-06
2026.107.15:02:00/gps-fmout/+2.832368e-06
2026.107.15:02:00/gps-maser/+2.898489e-06
2026.107.15:03:00/gps-fmout/+2.833775e-06
2026.107.15:03:00/gps-maser/+2.900778e-06
2026.107.15:04:00/gps-fmout/+2.833396e-06
2026.107.15:04:00/gps-maser/+2.897280e-06
2026.107.15:05:00/gps-fmout/+2.834810e-06
2026.107.15:05:00/gps-maser/+2.897272e-06
2026.107.15:06:00/gps-fmout/+2.833732e-06
2026.107.15:06:00/gps-maser/+2.898000e-06
2026.107.15:07:00/gps-fmout/+2.833863e-06
2026.107.15:07:00/gps-maser/+2.898000e-06
2026.107.15:08:00/gps-fmout/+2.833955e-06
2026.107.15:08:00/gps-maser/+2.897801e-06
2026.107.15:09:00/gps-fmout/+2.832390e-06
2026.107.15:09:00/gps-maser/+2.896897e-06
2026.107.15:10:00/gps-fmout/+2.834086e-06
2026.107.15:10:00/gps-maser/+2.897015e-06
2026.107.15:11:00/gps-fmout/+2.835226e-06
2026.107.15:11:00/gps-maser/+2.899079e-06
2026.107.15:12:00/gps-fmout/+2.835413e-06
2026.107.15:12:00/gps-maser/+2.901006e-06
2026.107.15:13:00/gps-fmout/+2.836911e-06
2026.107.15:13:00/gps-maser/+2.899071e-06
2026.107.15:14:00/gps-fmout/+2.834654e-06
2026.107.15:14:00/gps-maser/+2.900029e-06
2026.107.15:15:00/gps-fmout/+2.832669e-06
2026.107.15:15:00/gps-maser/+2.900384e-06
2026.107.15:16:00/gps-fmout/+2.834512e-06
2026.107.15:16:00/gps-maser/+2.901940e-06
2026.107.15:17:00/gps-fmout/+2.837931e-06
2026.107.15:17:00/gps-maser/+2.901869e-06
2026.107.15:18:00/gps-fmout/+2.840236e-06
2026.107.15:18:00/gps-maser/+2.902785e-06
2026.107.15:19:00/gps-fmout/+2.839302e-06
2026.107.15:19:00/gps-maser/+2.902019e-06
2026.107.15:20:00/gps-fmout/+2.841014e-06
2026.107.15:20:00/gps-maser/+2.903000e-06
2026.107.15:21:00/gps-fmout/+2.840572e-06
2026.107.15:21:00/gps-maser/+2.905615e-06
2026.107.15:22:00/gps-fmout/+2.840000e-06
2026.107.15:22:00/gps-maser/+2.905878e-06
2026.107.15:23:00/gps-fmout/+2.840000e-06
2026.107.15:23:00/gps-maser/+2.905051e-06
2026.107.15:24:00/gps-fmout/+2.840958e-06
2026.107.15:24:00/gps-maser/+2.905592e-06
2026.107.15:25:00/gps-fmout/+2.841353e-06
2026.107.15:25:00/gps-maser/+2.904746e-06
2026.107.15:26:00/gps-fmout/+2.838707e-06
2026.107.15:26:00/gps-maser/+2.903849e-06
2026.107.15:27:00/gps-fmout/+2.837661e-06
2026.107.15:27:00/gps-maser/+2.904048e-06
2026.107.15:28:00/gps-fmout/+2.838587e-06
2026.107.15:28:00/gps-maser/+2.906084e-06
2026.107.15:29:00/gps-fmout/+2.840249e-06
2026.107.15:29:00/gps-maser/+2.906224e-06
2026.107.15:30:00/gps-fmout/+2.841051e-06
2026.107.15:30:00/gps-maser/+2.908000e-06
2026.107.15:31:00/gps-fmout/+2.841778e-06
2026.107.15:31:00/gps-maser/+2.905157e-06
2026.107.15:32:00/gps-fmout/+2.839133e-06
2026.107.15:32:00/gps-maser/+2.903775e-06
2026.107.15:33:00/gps-fmout/+2.840158e-06
2026.107.15:33:00/gps-maser/+2.904121e-06
2026.107.15:34:00/gps-fmout/+2.840684e-06
2026.107.15:34:00/gps-maser/+2.906128e-06
2026.107.15:35:00/gps-fmout/+2.840317e-06
2026.107.15:35:00/gps-maser/+2.906793e-06
2026.107.15:36:00/gps-fmout/+2.842431e-06
2026.107.15:36:00/gps-maser/+2.910080e-06
