2026.109.19:30:00;APEX Database GPS vs Devices offset for c261d
2026.109.19:30:00;The format is gps-fmout/[seconds] and gps-maser/[seconds]
2026.109.19:31:00/gps-fmout/+1.178032e-01
2026.109.19:31:00/gps-maser/+1.178033e-01
2026.109.19:32:00/gps-fmout/+1.178032e-01
2026.109.19:32:00/gps-maser/+1.178033e-01
2026.109.19:33:00/gps-fmout/+1.178032e-01
2026.109.19:33:00/gps-maser/+1.178033e-01
2026.109.19:34:00/gps-fmout/+1.178032e-01
2026.109.19:34:00/gps-maser/+1.178033e-01
2026.109.19:35:00/gps-fmout/+1.178032e-01
2026.109.19:35:00/gps-maser/+1.178033e-01
2026.109.19:36:00/gps-fmout/+1.178032e-01
2026.109.19:36:00/gps-maser/+1.178033e-01
2026.109.19:37:00/gps-fmout/+1.178032e-01
2026.109.19:37:00/gps-maser/+1.178033e-01
2026.109.19:38:00/gps-fmout/+1.178032e-01
2026.109.19:38:00/gps-maser/+1.178033e-01
2026.109.19:39:00/gps-fmout/+1.178032e-01
2026.109.19:39:00/gps-maser/+1.178033e-01
2026.109.19:40:00/gps-fmout/+1.178032e-01
2026.109.19:40:00/gps-maser/+1.178033e-01
2026.109.19:41:00/gps-fmout/+1.178032e-01
2026.109.19:41:00/gps-maser/+1.178033e-01
2026.109.19:42:00/gps-fmout/+1.178032e-01
2026.109.19:42:00/gps-maser/+1.178033e-01
2026.109.19:43:00/gps-fmout/+1.178032e-01
2026.109.19:43:00/gps-maser/+1.178033e-01
2026.109.19:44:00/gps-fmout/+1.178032e-01
2026.109.19:44:00/gps-maser/+1.178033e-01
2026.109.19:45:00/gps-fmout/+1.178032e-01
2026.109.19:45:00/gps-maser/+1.178033e-01
2026.109.19:46:00/gps-fmout/+1.178032e-01
2026.109.19:46:00/gps-maser/+1.178033e-01
2026.109.19:47:00/gps-fmout/+1.178032e-01
2026.109.19:47:00/gps-maser/+1.178033e-01
2026.109.19:48:00/gps-fmout/+1.178032e-01
2026.109.19:48:00/gps-maser/+1.178033e-01
2026.109.19:49:00/gps-fmout/+1.178032e-01
2026.109.19:49:00/gps-maser/+1.178033e-01
2026.109.19:50:00/gps-fmout/+1.178032e-01
2026.109.19:50:00/gps-maser/+1.178033e-01
2026.109.19:51:00/gps-fmout/+1.178032e-01
2026.109.19:51:00/gps-maser/+1.178033e-01
2026.109.19:52:00/gps-fmout/+1.178032e-01
2026.109.19:52:00/gps-maser/+1.178033e-01
2026.109.19:53:00/gps-fmout/+1.178032e-01
2026.109.19:53:00/gps-maser/+1.178033e-01
2026.109.19:54:00/gps-fmout/+1.178032e-01
2026.109.19:54:00/gps-maser/+1.178033e-01
2026.109.19:55:00/gps-fmout/+1.178032e-01
2026.109.19:55:00/gps-maser/+1.178033e-01
2026.109.19:56:00/gps-fmout/+1.178032e-01
2026.109.19:56:00/gps-maser/+1.178033e-01
2026.109.19:57:00/gps-fmout/+1.178032e-01
2026.109.19:57:00/gps-maser/+1.178033e-01
2026.109.19:58:00/gps-fmout/+1.178032e-01
2026.109.19:58:00/gps-maser/+1.178033e-01
2026.109.19:59:00/gps-fmout/+1.178032e-01
2026.109.19:59:00/gps-maser/+1.178033e-01
2026.109.20:00:00/gps-fmout/+1.178032e-01
2026.109.20:00:00/gps-maser/+1.178033e-01
2026.109.20:01:00/gps-fmout/+1.178032e-01
2026.109.20:01:00/gps-maser/+1.178033e-01
2026.109.20:02:00/gps-fmout/+1.178032e-01
2026.109.20:02:00/gps-maser/+1.178033e-01
2026.109.20:03:00/gps-fmout/+1.178032e-01
2026.109.20:03:00/gps-maser/+1.178033e-01
2026.109.20:04:00/gps-fmout/+1.178032e-01
2026.109.20:04:00/gps-maser/+1.178033e-01
2026.109.20:05:00/gps-fmout/+1.178032e-01
2026.109.20:05:00/gps-maser/+1.178033e-01
2026.109.20:06:00/gps-fmout/+1.178032e-01
2026.109.20:06:00/gps-maser/+1.178033e-01
2026.109.20:07:00/gps-fmout/+1.178032e-01
2026.109.20:07:00/gps-maser/+1.178033e-01
2026.109.20:08:00/gps-fmout/+1.178032e-01
2026.109.20:08:00/gps-maser/+1.178033e-01
2026.109.20:09:00/gps-fmout/+1.178032e-01
2026.109.20:09:00/gps-maser/+1.178033e-01
2026.109.20:10:00/gps-fmout/+1.178032e-01
2026.109.20:10:00/gps-maser/+1.178033e-01
2026.109.20:11:00/gps-fmout/+1.178032e-01
2026.109.20:11:00/gps-maser/+1.178033e-01
2026.109.20:12:00/gps-fmout/+1.178032e-01
2026.109.20:12:00/gps-maser/+1.178033e-01
2026.109.20:13:00/gps-fmout/+1.178032e-01
2026.109.20:13:00/gps-maser/+1.178033e-01
2026.109.20:14:00/gps-fmout/+1.178032e-01
2026.109.20:14:00/gps-maser/+1.178033e-01
2026.109.20:15:00/gps-fmout/+1.178032e-01
2026.109.20:15:00/gps-maser/+1.178033e-01
2026.109.20:16:00/gps-fmout/+1.178032e-01
2026.109.20:16:00/gps-maser/+1.178033e-01
2026.109.20:17:00/gps-fmout/+1.178032e-01
2026.109.20:17:00/gps-maser/+1.178033e-01
2026.109.20:18:00/gps-fmout/+1.178032e-01
2026.109.20:18:00/gps-maser/+1.178033e-01
2026.109.20:19:00/gps-fmout/+1.178032e-01
2026.109.20:19:00/gps-maser/+1.178033e-01
2026.109.20:20:00/gps-fmout/+1.178032e-01
2026.109.20:20:00/gps-maser/+1.178033e-01
2026.109.20:21:00/gps-fmout/+1.178032e-01
2026.109.20:21:00/gps-maser/+1.178033e-01
2026.109.20:22:00/gps-fmout/+1.178032e-01
2026.109.20:22:00/gps-maser/+1.178033e-01
2026.109.20:23:00/gps-fmout/+1.178032e-01
2026.109.20:23:00/gps-maser/+1.178033e-01
2026.109.20:24:00/gps-fmout/+1.178032e-01
2026.109.20:24:00/gps-maser/+1.178033e-01
2026.109.20:25:00/gps-fmout/+1.178032e-01
2026.109.20:25:00/gps-maser/+1.178033e-01
2026.109.20:26:00/gps-fmout/+1.178032e-01
2026.109.20:26:00/gps-maser/+1.178033e-01
2026.109.20:27:00/gps-fmout/+1.178032e-01
2026.109.20:27:00/gps-maser/+1.178033e-01
2026.109.20:28:00/gps-fmout/+1.178032e-01
2026.109.20:28:00/gps-maser/+1.178033e-01
2026.109.20:29:00/gps-fmout/+1.178032e-01
2026.109.20:29:00/gps-maser/+1.178033e-01
2026.109.20:30:00/gps-fmout/+1.178032e-01
2026.109.20:30:00/gps-maser/+1.178033e-01
2026.109.20:31:00/gps-fmout/+1.178032e-01
2026.109.20:31:00/gps-maser/+1.178033e-01
2026.109.20:32:00/gps-fmout/+1.178032e-01
2026.109.20:32:00/gps-maser/+1.178033e-01
2026.109.20:33:00/gps-fmout/+1.178032e-01
2026.109.20:33:00/gps-maser/+1.178033e-01
2026.109.20:34:00/gps-fmout/+1.178032e-01
2026.109.20:34:00/gps-maser/+1.178033e-01
2026.109.20:35:00/gps-fmout/+1.178032e-01
2026.109.20:35:00/gps-maser/+1.178033e-01
2026.109.20:36:00/gps-fmout/+1.178032e-01
2026.109.20:36:00/gps-maser/+1.178033e-01
2026.109.20:37:00/gps-fmout/+1.178032e-01
2026.109.20:37:00/gps-maser/+1.178033e-01
2026.109.20:38:00/gps-fmout/+1.178032e-01
2026.109.20:38:00/gps-maser/+1.178033e-01
2026.109.20:39:00/gps-fmout/+1.178032e-01
2026.109.20:39:00/gps-maser/+1.178033e-01
2026.109.20:40:00/gps-fmout/+1.178032e-01
2026.109.20:40:00/gps-maser/+1.178033e-01
2026.109.20:41:00/gps-fmout/+1.178032e-01
2026.109.20:41:00/gps-maser/+1.178033e-01
2026.109.20:42:00/gps-fmout/+1.178032e-01
2026.109.20:42:00/gps-maser/+1.178033e-01
2026.109.20:43:00/gps-fmout/+1.178032e-01
2026.109.20:43:00/gps-maser/+1.178033e-01
2026.109.20:44:00/gps-fmout/+1.178032e-01
2026.109.20:44:00/gps-maser/+1.178033e-01
2026.109.20:45:00/gps-fmout/+1.178032e-01
2026.109.20:45:00/gps-maser/+1.178033e-01
2026.109.20:46:00/gps-fmout/+1.178032e-01
2026.109.20:46:00/gps-maser/+1.178033e-01
2026.109.20:47:00/gps-fmout/+1.178032e-01
2026.109.20:47:00/gps-maser/+1.178033e-01
2026.109.20:48:00/gps-fmout/+1.178032e-01
2026.109.20:48:00/gps-maser/+1.178033e-01
2026.109.20:49:00/gps-fmout/+1.178032e-01
2026.109.20:49:00/gps-maser/+1.178033e-01
2026.109.20:50:00/gps-fmout/+1.178032e-01
2026.109.20:50:00/gps-maser/+1.178033e-01
2026.109.20:51:00/gps-fmout/+1.178032e-01
2026.109.20:51:00/gps-maser/+1.178033e-01
2026.109.20:52:00/gps-fmout/+1.178032e-01
2026.109.20:52:00/gps-maser/+1.178033e-01
2026.109.20:53:00/gps-fmout/+1.178032e-01
2026.109.20:53:00/gps-maser/+1.178033e-01
2026.109.20:54:00/gps-fmout/+1.178032e-01
2026.109.20:54:00/gps-maser/+1.178033e-01
2026.109.20:55:00/gps-fmout/+1.178032e-01
2026.109.20:55:00/gps-maser/+1.178033e-01
2026.109.20:56:00/gps-fmout/+1.178032e-01
2026.109.20:56:00/gps-maser/+1.178033e-01
2026.109.20:57:00/gps-fmout/+1.178032e-01
2026.109.20:57:00/gps-maser/+1.178033e-01
2026.109.20:58:00/gps-fmout/+1.178032e-01
2026.109.20:58:00/gps-maser/+1.178033e-01
2026.109.20:59:00/gps-fmout/+1.178032e-01
2026.109.20:59:00/gps-maser/+1.178033e-01
2026.109.21:00:00/gps-fmout/+1.178032e-01
2026.109.21:00:00/gps-maser/+1.178033e-01
2026.109.21:01:00/gps-fmout/+1.178032e-01
2026.109.21:01:00/gps-maser/+1.178033e-01
2026.109.21:02:00/gps-fmout/+1.178032e-01
2026.109.21:02:00/gps-maser/+1.178033e-01
2026.109.21:03:00/gps-fmout/+1.178032e-01
2026.109.21:03:00/gps-maser/+1.178033e-01
2026.109.21:04:00/gps-fmout/+1.178032e-01
2026.109.21:04:00/gps-maser/+1.178033e-01
2026.109.21:05:00/gps-fmout/+1.178032e-01
2026.109.21:05:00/gps-maser/+1.178033e-01
2026.109.21:06:00/gps-fmout/+1.178032e-01
2026.109.21:06:00/gps-maser/+1.178033e-01
2026.109.21:07:00/gps-fmout/+1.178032e-01
2026.109.21:07:00/gps-maser/+1.178033e-01
2026.109.21:08:00/gps-fmout/+1.178032e-01
2026.109.21:08:00/gps-maser/+1.178033e-01
2026.109.21:09:00/gps-fmout/+1.178032e-01
2026.109.21:09:00/gps-maser/+1.178033e-01
2026.109.21:10:00/gps-fmout/+1.178032e-01
2026.109.21:10:00/gps-maser/+1.178033e-01
2026.109.21:11:00/gps-fmout/+1.178032e-01
2026.109.21:11:00/gps-maser/+1.178033e-01
2026.109.21:12:00/gps-fmout/+1.178032e-01
2026.109.21:12:00/gps-maser/+1.178033e-01
2026.109.21:13:00/gps-fmout/+1.178032e-01
2026.109.21:13:00/gps-maser/+1.178033e-01
2026.109.21:14:00/gps-fmout/+1.178032e-01
2026.109.21:14:00/gps-maser/+1.178033e-01
2026.109.21:15:00/gps-fmout/+1.178032e-01
2026.109.21:15:00/gps-maser/+1.178033e-01
2026.109.21:16:00/gps-fmout/+1.178032e-01
2026.109.21:16:00/gps-maser/+1.178033e-01
2026.109.21:17:00/gps-fmout/+1.178032e-01
2026.109.21:17:00/gps-maser/+1.178033e-01
2026.109.21:18:00/gps-fmout/+1.178032e-01
2026.109.21:18:00/gps-maser/+1.178033e-01
2026.109.21:19:00/gps-fmout/+1.178032e-01
2026.109.21:19:00/gps-maser/+1.178033e-01
2026.109.21:20:00/gps-fmout/+1.178032e-01
2026.109.21:20:00/gps-maser/+1.178033e-01
2026.109.21:21:00/gps-fmout/+1.178032e-01
2026.109.21:21:00/gps-maser/+1.178033e-01
2026.109.21:22:00/gps-fmout/+1.178032e-01
2026.109.21:22:00/gps-maser/+1.178033e-01
2026.109.21:23:00/gps-fmout/+1.178032e-01
2026.109.21:23:00/gps-maser/+1.178033e-01
2026.109.21:24:00/gps-fmout/+1.178032e-01
2026.109.21:24:00/gps-maser/+1.178033e-01
2026.109.21:25:00/gps-fmout/+1.178032e-01
2026.109.21:25:00/gps-maser/+1.178033e-01
2026.109.21:26:00/gps-fmout/+1.178032e-01
2026.109.21:26:00/gps-maser/+1.178033e-01
2026.109.21:27:00/gps-fmout/+1.178032e-01
2026.109.21:27:00/gps-maser/+1.178033e-01
2026.109.21:28:00/gps-fmout/+1.178032e-01
2026.109.21:28:00/gps-maser/+1.178033e-01
2026.109.21:29:00/gps-fmout/+1.178032e-01
2026.109.21:29:00/gps-maser/+1.178033e-01
2026.109.21:30:00/gps-fmout/+1.178032e-01
2026.109.21:30:00/gps-maser/+1.178033e-01
2026.109.21:31:00/gps-fmout/+1.178032e-01
2026.109.21:31:00/gps-maser/+1.178033e-01
2026.109.21:32:00/gps-fmout/+1.178032e-01
2026.109.21:32:00/gps-maser/+1.178033e-01
2026.109.21:33:00/gps-fmout/+1.178032e-01
2026.109.21:33:00/gps-maser/+1.178033e-01
2026.109.21:34:00/gps-fmout/+1.178032e-01
2026.109.21:34:00/gps-maser/+1.178033e-01
2026.109.21:35:00/gps-fmout/+1.178032e-01
2026.109.21:35:00/gps-maser/+1.178033e-01
2026.109.21:36:00/gps-fmout/+1.178032e-01
2026.109.21:36:00/gps-maser/+1.178033e-01
2026.109.21:37:00/gps-fmout/+1.178032e-01
2026.109.21:37:00/gps-maser/+1.178033e-01
2026.109.21:38:00/gps-fmout/+1.178032e-01
2026.109.21:38:00/gps-maser/+1.178033e-01
2026.109.21:39:00/gps-fmout/+1.178032e-01
2026.109.21:39:00/gps-maser/+1.178033e-01
2026.109.21:40:00/gps-fmout/+1.178032e-01
2026.109.21:40:00/gps-maser/+1.178033e-01
2026.109.21:41:00/gps-fmout/+1.178032e-01
2026.109.21:41:00/gps-maser/+1.178033e-01
2026.109.21:42:00/gps-fmout/+1.178032e-01
2026.109.21:42:00/gps-maser/+1.178033e-01
2026.109.21:43:00/gps-fmout/+1.178032e-01
2026.109.21:43:00/gps-maser/+1.178033e-01
2026.109.21:44:00/gps-fmout/+1.178032e-01
2026.109.21:44:00/gps-maser/+1.178033e-01
2026.109.21:45:00/gps-fmout/+1.178032e-01
2026.109.21:45:00/gps-maser/+1.178033e-01
2026.109.21:46:00/gps-fmout/+1.178032e-01
2026.109.21:46:00/gps-maser/+1.178033e-01
2026.109.21:47:00/gps-fmout/+1.178032e-01
2026.109.21:47:00/gps-maser/+1.178033e-01
2026.109.21:48:00/gps-fmout/+1.178032e-01
2026.109.21:48:00/gps-maser/+1.178033e-01
2026.109.21:49:00/gps-fmout/+1.178032e-01
2026.109.21:49:00/gps-maser/+1.178033e-01
2026.109.21:50:00/gps-fmout/+1.178032e-01
2026.109.21:50:00/gps-maser/+1.178033e-01
2026.109.21:51:00/gps-fmout/+1.178032e-01
2026.109.21:51:00/gps-maser/+1.178033e-01
2026.109.21:52:00/gps-fmout/+1.178032e-01
2026.109.21:52:00/gps-maser/+1.178033e-01
2026.109.21:53:00/gps-fmout/+1.178032e-01
2026.109.21:53:00/gps-maser/+1.178033e-01
2026.109.21:54:00/gps-fmout/+1.178032e-01
2026.109.21:54:00/gps-maser/+1.178033e-01
2026.109.21:55:00/gps-fmout/+1.178032e-01
2026.109.21:55:00/gps-maser/+1.178033e-01
2026.109.21:56:00/gps-fmout/+1.178032e-01
2026.109.21:56:00/gps-maser/+1.178033e-01
2026.109.21:57:00/gps-fmout/+1.178032e-01
2026.109.21:57:00/gps-maser/+1.178033e-01
2026.109.21:58:00/gps-fmout/+1.178032e-01
2026.109.21:58:00/gps-maser/+1.178033e-01
2026.109.21:59:00/gps-fmout/+1.178032e-01
2026.109.21:59:00/gps-maser/+1.178033e-01
2026.109.22:00:00/gps-fmout/+1.178032e-01
2026.109.22:00:00/gps-maser/+1.178033e-01
2026.109.22:01:00/gps-fmout/+1.178032e-01
2026.109.22:01:00/gps-maser/+1.178033e-01
2026.109.22:02:00/gps-fmout/+1.178032e-01
2026.109.22:02:00/gps-maser/+1.178033e-01
2026.109.22:03:00/gps-fmout/+1.178032e-01
2026.109.22:03:00/gps-maser/+1.178033e-01
2026.109.22:04:00/gps-fmout/+1.178032e-01
2026.109.22:04:00/gps-maser/+1.178033e-01
2026.109.22:05:00/gps-fmout/+1.178032e-01
2026.109.22:05:00/gps-maser/+1.178033e-01
2026.109.22:06:00/gps-fmout/+1.178032e-01
2026.109.22:06:00/gps-maser/+1.178033e-01
2026.109.22:07:00/gps-fmout/+1.178032e-01
2026.109.22:07:00/gps-maser/+1.178033e-01
2026.109.22:08:00/gps-fmout/+1.178032e-01
2026.109.22:08:00/gps-maser/+1.178033e-01
2026.109.22:09:00/gps-fmout/+1.178032e-01
2026.109.22:09:00/gps-maser/+1.178033e-01
2026.109.22:10:00/gps-fmout/+1.178032e-01
2026.109.22:10:00/gps-maser/+1.178033e-01
2026.109.22:11:00/gps-fmout/+1.178032e-01
2026.109.22:11:00/gps-maser/+1.178033e-01
2026.109.22:12:00/gps-fmout/+1.178032e-01
2026.109.22:12:00/gps-maser/+1.178033e-01
2026.109.22:13:00/gps-fmout/+1.178032e-01
2026.109.22:13:00/gps-maser/+1.178033e-01
2026.109.22:14:00/gps-fmout/+1.178032e-01
2026.109.22:14:00/gps-maser/+1.178033e-01
2026.109.22:15:00/gps-fmout/+1.178032e-01
2026.109.22:15:00/gps-maser/+1.178033e-01
2026.109.22:16:00/gps-fmout/+1.178032e-01
2026.109.22:16:00/gps-maser/+1.178033e-01
2026.109.22:17:00/gps-fmout/+1.178032e-01
2026.109.22:17:00/gps-maser/+1.178033e-01
2026.109.22:18:00/gps-fmout/+1.178032e-01
2026.109.22:18:00/gps-maser/+1.178033e-01
2026.109.22:19:00/gps-fmout/+1.178032e-01
2026.109.22:19:00/gps-maser/+1.178033e-01
2026.109.22:20:00/gps-fmout/+1.178032e-01
2026.109.22:20:00/gps-maser/+1.178033e-01
2026.109.22:21:00/gps-fmout/+1.178032e-01
2026.109.22:21:00/gps-maser/+1.178033e-01
2026.109.22:22:00/gps-fmout/+1.178032e-01
2026.109.22:22:00/gps-maser/+1.178033e-01
2026.109.22:23:00/gps-fmout/+1.178032e-01
2026.109.22:23:00/gps-maser/+1.178033e-01
2026.109.22:24:00/gps-fmout/+1.178032e-01
2026.109.22:24:00/gps-maser/+1.178033e-01
2026.109.22:25:00/gps-fmout/+1.178032e-01
2026.109.22:25:00/gps-maser/+1.178033e-01
2026.109.22:26:00/gps-fmout/+1.178032e-01
2026.109.22:26:00/gps-maser/+1.178033e-01
2026.109.22:27:00/gps-fmout/+1.178032e-01
2026.109.22:27:00/gps-maser/+1.178033e-01
2026.109.22:28:00/gps-fmout/+1.178032e-01
2026.109.22:28:00/gps-maser/+1.178033e-01
2026.109.22:29:00/gps-fmout/+1.178032e-01
2026.109.22:29:00/gps-maser/+1.178033e-01
2026.109.22:30:00/gps-fmout/+1.178032e-01
2026.109.22:30:00/gps-maser/+1.178033e-01
2026.109.22:31:00/gps-fmout/+1.178032e-01
2026.109.22:31:00/gps-maser/+1.178033e-01
2026.109.22:32:00/gps-fmout/+1.178032e-01
2026.109.22:32:00/gps-maser/+1.178033e-01
2026.109.22:33:00/gps-fmout/+1.178032e-01
2026.109.22:33:00/gps-maser/+1.178033e-01
2026.109.22:34:00/gps-fmout/+1.178032e-01
2026.109.22:34:00/gps-maser/+1.178033e-01
2026.109.22:35:00/gps-fmout/+1.178032e-01
2026.109.22:35:00/gps-maser/+1.178033e-01
2026.109.22:36:00/gps-fmout/+1.178032e-01
2026.109.22:36:00/gps-maser/+1.178033e-01
2026.109.22:37:00/gps-fmout/+1.178032e-01
2026.109.22:37:00/gps-maser/+1.178033e-01
2026.109.22:38:00/gps-fmout/+1.178032e-01
2026.109.22:38:00/gps-maser/+1.178033e-01
2026.109.22:39:00/gps-fmout/+1.178032e-01
2026.109.22:39:00/gps-maser/+1.178033e-01
2026.109.22:40:00/gps-fmout/+1.178032e-01
2026.109.22:40:00/gps-maser/+1.178033e-01
2026.109.22:41:00/gps-fmout/+1.178032e-01
2026.109.22:41:00/gps-maser/+1.178033e-01
2026.109.22:42:00/gps-fmout/+1.178032e-01
2026.109.22:42:00/gps-maser/+1.178033e-01
2026.109.22:43:00/gps-fmout/+1.178032e-01
2026.109.22:43:00/gps-maser/+1.178033e-01
2026.109.22:44:00/gps-fmout/+1.178032e-01
2026.109.22:44:00/gps-maser/+1.178033e-01
2026.109.22:45:00/gps-fmout/+1.178032e-01
2026.109.22:45:00/gps-maser/+1.178033e-01
2026.109.22:46:00/gps-fmout/+1.178032e-01
2026.109.22:46:00/gps-maser/+1.178033e-01
2026.109.22:47:00/gps-fmout/+1.178032e-01
2026.109.22:47:00/gps-maser/+1.178033e-01
2026.109.22:48:00/gps-fmout/+1.178032e-01
2026.109.22:48:00/gps-maser/+1.178033e-01
2026.109.22:49:00/gps-fmout/+1.178032e-01
2026.109.22:49:00/gps-maser/+1.178033e-01
2026.109.22:50:00/gps-fmout/+1.178032e-01
2026.109.22:50:00/gps-maser/+1.178033e-01
2026.109.22:51:00/gps-fmout/+1.178032e-01
2026.109.22:51:00/gps-maser/+1.178033e-01
2026.109.22:52:00/gps-fmout/+1.178032e-01
2026.109.22:52:00/gps-maser/+1.178033e-01
2026.109.22:53:00/gps-fmout/+1.178032e-01
2026.109.22:53:00/gps-maser/+1.178033e-01
2026.109.22:54:00/gps-fmout/+1.178032e-01
2026.109.22:54:00/gps-maser/+1.178033e-01
2026.109.22:55:00/gps-fmout/+1.178032e-01
2026.109.22:55:00/gps-maser/+1.178033e-01
2026.109.22:56:00/gps-fmout/+1.178032e-01
2026.109.22:56:00/gps-maser/+1.178033e-01
2026.109.22:57:00/gps-fmout/+1.178032e-01
2026.109.22:57:00/gps-maser/+1.178033e-01
2026.109.22:58:00/gps-fmout/+1.178032e-01
2026.109.22:58:00/gps-maser/+1.178033e-01
2026.109.22:59:00/gps-fmout/+1.178032e-01
2026.109.22:59:00/gps-maser/+1.178033e-01
2026.109.23:00:00/gps-fmout/+1.178032e-01
2026.109.23:00:00/gps-maser/+1.178033e-01
2026.109.23:01:00/gps-fmout/+1.178032e-01
2026.109.23:01:00/gps-maser/+1.178033e-01
2026.109.23:02:00/gps-fmout/+1.178032e-01
2026.109.23:02:00/gps-maser/+1.178033e-01
2026.109.23:03:00/gps-fmout/+1.178032e-01
2026.109.23:03:00/gps-maser/+1.178033e-01
2026.109.23:04:00/gps-fmout/+1.178032e-01
2026.109.23:04:00/gps-maser/+1.178033e-01
2026.109.23:05:00/gps-fmout/+1.178032e-01
2026.109.23:05:00/gps-maser/+1.178033e-01
2026.109.23:06:00/gps-fmout/+1.178032e-01
2026.109.23:06:00/gps-maser/+1.178033e-01
2026.109.23:07:00/gps-fmout/+1.178032e-01
2026.109.23:07:00/gps-maser/+1.178033e-01
2026.109.23:08:00/gps-fmout/+1.178032e-01
2026.109.23:08:00/gps-maser/+1.178033e-01
2026.109.23:09:00/gps-fmout/+1.178032e-01
2026.109.23:09:00/gps-maser/+1.178033e-01
2026.109.23:10:00/gps-fmout/+1.178032e-01
2026.109.23:10:00/gps-maser/+1.178033e-01
2026.109.23:11:00/gps-fmout/+1.178032e-01
2026.109.23:11:00/gps-maser/+1.178033e-01
2026.109.23:12:00/gps-fmout/+1.178032e-01
2026.109.23:12:00/gps-maser/+1.178033e-01
2026.109.23:13:00/gps-fmout/+1.178032e-01
2026.109.23:13:00/gps-maser/+1.178033e-01
2026.109.23:14:00/gps-fmout/+1.178032e-01
2026.109.23:14:00/gps-maser/+1.178033e-01
2026.109.23:15:00/gps-fmout/+1.178032e-01
2026.109.23:15:00/gps-maser/+1.178033e-01
2026.109.23:16:00/gps-fmout/+1.178032e-01
2026.109.23:16:00/gps-maser/+1.178033e-01
2026.109.23:17:00/gps-fmout/+1.178032e-01
2026.109.23:17:00/gps-maser/+1.178033e-01
2026.109.23:18:00/gps-fmout/+1.178032e-01
2026.109.23:18:00/gps-maser/+1.178033e-01
2026.109.23:19:00/gps-fmout/+1.178032e-01
2026.109.23:19:00/gps-maser/+1.178033e-01
2026.109.23:20:00/gps-fmout/+1.178032e-01
2026.109.23:20:00/gps-maser/+1.178033e-01
2026.109.23:21:00/gps-fmout/+1.178032e-01
2026.109.23:21:00/gps-maser/+1.178033e-01
2026.109.23:22:00/gps-fmout/+1.178032e-01
2026.109.23:22:00/gps-maser/+1.178033e-01
2026.109.23:23:00/gps-fmout/+1.178032e-01
2026.109.23:23:00/gps-maser/+1.178033e-01
2026.109.23:24:00/gps-fmout/+1.178032e-01
2026.109.23:24:00/gps-maser/+1.178033e-01
2026.109.23:25:00/gps-fmout/+1.178032e-01
2026.109.23:25:00/gps-maser/+1.178033e-01
2026.109.23:26:00/gps-fmout/+1.178032e-01
2026.109.23:26:00/gps-maser/+1.178033e-01
2026.109.23:27:00/gps-fmout/+1.178032e-01
2026.109.23:27:00/gps-maser/+1.178033e-01
2026.109.23:28:00/gps-fmout/+1.178032e-01
2026.109.23:28:00/gps-maser/+1.178033e-01
2026.109.23:29:00/gps-fmout/+1.178032e-01
2026.109.23:29:00/gps-maser/+1.178033e-01
2026.109.23:30:00/gps-fmout/+1.178032e-01
2026.109.23:30:00/gps-maser/+1.178033e-01
2026.109.23:31:00/gps-fmout/+1.178032e-01
2026.109.23:31:00/gps-maser/+1.178033e-01
2026.109.23:32:00/gps-fmout/+1.178032e-01
2026.109.23:32:00/gps-maser/+1.178033e-01
2026.109.23:33:00/gps-fmout/+1.178032e-01
2026.109.23:33:00/gps-maser/+1.178033e-01
2026.109.23:34:00/gps-fmout/+1.178032e-01
2026.109.23:34:00/gps-maser/+1.178033e-01
2026.109.23:35:00/gps-fmout/+1.178032e-01
2026.109.23:35:00/gps-maser/+1.178033e-01
2026.109.23:36:00/gps-fmout/+1.178032e-01
2026.109.23:36:00/gps-maser/+1.178033e-01
2026.109.23:37:00/gps-fmout/+1.178032e-01
2026.109.23:37:00/gps-maser/+1.178033e-01
2026.109.23:38:00/gps-fmout/+1.178032e-01
2026.109.23:38:00/gps-maser/+1.178033e-01
2026.109.23:39:00/gps-fmout/+1.178032e-01
2026.109.23:39:00/gps-maser/+1.178033e-01
2026.109.23:40:00/gps-fmout/+1.178032e-01
2026.109.23:40:00/gps-maser/+1.178033e-01
2026.109.23:41:00/gps-fmout/+1.178032e-01
2026.109.23:41:00/gps-maser/+1.178033e-01
2026.109.23:42:00/gps-fmout/+1.178032e-01
2026.109.23:42:00/gps-maser/+1.178033e-01
2026.109.23:43:00/gps-fmout/+1.178032e-01
2026.109.23:43:00/gps-maser/+1.178033e-01
2026.109.23:44:00/gps-fmout/+1.178032e-01
2026.109.23:44:00/gps-maser/+1.178033e-01
2026.109.23:45:00/gps-fmout/+1.178032e-01
2026.109.23:45:00/gps-maser/+1.178033e-01
2026.109.23:46:00/gps-fmout/+1.178032e-01
2026.109.23:46:00/gps-maser/+1.178033e-01
2026.109.23:47:00/gps-fmout/+1.178032e-01
2026.109.23:47:00/gps-maser/+1.178033e-01
2026.109.23:48:00/gps-fmout/+1.178032e-01
2026.109.23:48:00/gps-maser/+1.178033e-01
2026.109.23:49:00/gps-fmout/+1.178032e-01
2026.109.23:49:00/gps-maser/+1.178033e-01
2026.109.23:50:00/gps-fmout/+1.178032e-01
2026.109.23:50:00/gps-maser/+1.178033e-01
2026.109.23:51:00/gps-fmout/+1.178032e-01
2026.109.23:51:00/gps-maser/+1.178033e-01
2026.109.23:52:00/gps-fmout/+1.178032e-01
2026.109.23:52:00/gps-maser/+1.178033e-01
2026.109.23:53:00/gps-fmout/+1.178032e-01
2026.109.23:53:00/gps-maser/+1.178033e-01
2026.109.23:54:00/gps-fmout/+1.178032e-01
2026.109.23:54:00/gps-maser/+1.178033e-01
2026.109.23:55:00/gps-fmout/+1.178032e-01
2026.109.23:55:00/gps-maser/+1.178033e-01
2026.109.23:56:00/gps-fmout/+1.178032e-01
2026.109.23:56:00/gps-maser/+1.178033e-01
2026.109.23:57:00/gps-fmout/+1.178032e-01
2026.109.23:57:00/gps-maser/+1.178033e-01
2026.109.23:58:00/gps-fmout/+1.178032e-01
2026.109.23:58:00/gps-maser/+1.178033e-01
2026.109.23:59:00/gps-fmout/+1.178032e-01
2026.109.23:59:00/gps-maser/+1.178033e-01
2026.110.00:00:00/gps-fmout/+1.178032e-01
2026.110.00:00:00/gps-maser/+1.178033e-01
2026.110.00:01:00/gps-fmout/+1.178032e-01
2026.110.00:01:00/gps-maser/+1.178033e-01
2026.110.00:02:00/gps-fmout/+1.178032e-01
2026.110.00:02:00/gps-maser/+1.178033e-01
2026.110.00:03:00/gps-fmout/+1.178032e-01
2026.110.00:03:00/gps-maser/+1.178033e-01
2026.110.00:04:00/gps-fmout/+1.178032e-01
2026.110.00:04:00/gps-maser/+1.178033e-01
2026.110.00:05:00/gps-fmout/+1.178032e-01
2026.110.00:05:00/gps-maser/+1.178033e-01
2026.110.00:06:00/gps-fmout/+1.178032e-01
2026.110.00:06:00/gps-maser/+1.178033e-01
2026.110.00:07:00/gps-fmout/+1.178032e-01
2026.110.00:07:00/gps-maser/+1.178033e-01
2026.110.00:08:00/gps-fmout/+1.178032e-01
2026.110.00:08:00/gps-maser/+1.178033e-01
2026.110.00:09:00/gps-fmout/+1.178032e-01
2026.110.00:09:00/gps-maser/+1.178033e-01
2026.110.00:10:00/gps-fmout/+1.178032e-01
2026.110.00:10:00/gps-maser/+1.178033e-01
2026.110.00:11:00/gps-fmout/+1.178032e-01
2026.110.00:11:00/gps-maser/+1.178033e-01
2026.110.00:12:00/gps-fmout/+1.178032e-01
2026.110.00:12:00/gps-maser/+1.178033e-01
2026.110.00:13:00/gps-fmout/+1.178032e-01
2026.110.00:13:00/gps-maser/+1.178033e-01
2026.110.00:14:00/gps-fmout/+1.178032e-01
2026.110.00:14:00/gps-maser/+1.178033e-01
2026.110.00:15:00/gps-fmout/+1.178032e-01
2026.110.00:15:00/gps-maser/+1.178033e-01
2026.110.00:16:00/gps-fmout/+1.178032e-01
2026.110.00:16:00/gps-maser/+1.178033e-01
2026.110.00:17:00/gps-fmout/+1.178032e-01
2026.110.00:17:00/gps-maser/+1.178033e-01
2026.110.00:18:00/gps-fmout/+1.178032e-01
2026.110.00:18:00/gps-maser/+1.178033e-01
2026.110.00:19:00/gps-fmout/+1.178032e-01
2026.110.00:19:00/gps-maser/+1.178033e-01
2026.110.00:20:00/gps-fmout/+1.178032e-01
2026.110.00:20:00/gps-maser/+1.178033e-01
2026.110.00:21:00/gps-fmout/+1.178032e-01
2026.110.00:21:00/gps-maser/+1.178033e-01
2026.110.00:22:00/gps-fmout/+1.178032e-01
2026.110.00:22:00/gps-maser/+1.178033e-01
2026.110.00:23:00/gps-fmout/+1.178032e-01
2026.110.00:23:00/gps-maser/+1.178033e-01
2026.110.00:24:00/gps-fmout/+1.178032e-01
2026.110.00:24:00/gps-maser/+1.178033e-01
2026.110.00:25:00/gps-fmout/+1.178032e-01
2026.110.00:25:00/gps-maser/+1.178033e-01
2026.110.00:26:00/gps-fmout/+1.178032e-01
2026.110.00:26:00/gps-maser/+1.178033e-01
2026.110.00:27:00/gps-fmout/+1.178032e-01
2026.110.00:27:00/gps-maser/+1.178033e-01
2026.110.00:28:00/gps-fmout/+1.178032e-01
2026.110.00:28:00/gps-maser/+1.178033e-01
2026.110.00:29:00/gps-fmout/+1.178032e-01
2026.110.00:29:00/gps-maser/+1.178033e-01
2026.110.00:30:00/gps-fmout/+1.178032e-01
2026.110.00:30:00/gps-maser/+1.178033e-01
2026.110.00:31:00/gps-fmout/+1.178032e-01
2026.110.00:31:00/gps-maser/+1.178033e-01
2026.110.00:32:00/gps-fmout/+1.178032e-01
2026.110.00:32:00/gps-maser/+1.178033e-01
2026.110.00:33:00/gps-fmout/+1.178032e-01
2026.110.00:33:00/gps-maser/+1.178033e-01
2026.110.00:34:00/gps-fmout/+1.178032e-01
2026.110.00:34:00/gps-maser/+1.178033e-01
2026.110.00:35:00/gps-fmout/+1.178032e-01
2026.110.00:35:00/gps-maser/+1.178033e-01
2026.110.00:36:00/gps-fmout/+1.178032e-01
2026.110.00:36:00/gps-maser/+1.178033e-01
2026.110.00:37:00/gps-fmout/+1.178032e-01
2026.110.00:37:00/gps-maser/+1.178033e-01
2026.110.00:38:00/gps-fmout/+1.178032e-01
2026.110.00:38:00/gps-maser/+1.178033e-01
2026.110.00:39:00/gps-fmout/+1.178032e-01
2026.110.00:39:00/gps-maser/+1.178033e-01
2026.110.00:40:00/gps-fmout/+1.178032e-01
2026.110.00:40:00/gps-maser/+1.178033e-01
2026.110.00:41:00/gps-fmout/+1.178032e-01
2026.110.00:41:00/gps-maser/+1.178033e-01
2026.110.00:42:00/gps-fmout/+1.178032e-01
2026.110.00:42:00/gps-maser/+1.178033e-01
2026.110.00:43:00/gps-fmout/+1.178032e-01
2026.110.00:43:00/gps-maser/+1.178033e-01
2026.110.00:44:00/gps-fmout/+1.178032e-01
2026.110.00:44:00/gps-maser/+1.178033e-01
2026.110.00:45:00/gps-fmout/+1.178032e-01
2026.110.00:45:00/gps-maser/+1.178033e-01
2026.110.00:46:00/gps-fmout/+1.178032e-01
2026.110.00:46:00/gps-maser/+1.178033e-01
2026.110.00:47:00/gps-fmout/+1.178032e-01
2026.110.00:47:00/gps-maser/+1.178033e-01
2026.110.00:48:00/gps-fmout/+1.178032e-01
2026.110.00:48:00/gps-maser/+1.178033e-01
2026.110.00:49:00/gps-fmout/+1.178032e-01
2026.110.00:49:00/gps-maser/+1.178033e-01
2026.110.00:50:00/gps-fmout/+1.178032e-01
2026.110.00:50:00/gps-maser/+1.178033e-01
2026.110.00:51:00/gps-fmout/+1.178032e-01
2026.110.00:51:00/gps-maser/+1.178033e-01
2026.110.00:52:00/gps-fmout/+1.178032e-01
2026.110.00:52:00/gps-maser/+1.178033e-01
2026.110.00:53:00/gps-fmout/+1.178032e-01
2026.110.00:53:00/gps-maser/+1.178033e-01
2026.110.00:54:00/gps-fmout/+1.178032e-01
2026.110.00:54:00/gps-maser/+1.178033e-01
2026.110.00:55:00/gps-fmout/+1.178032e-01
2026.110.00:55:00/gps-maser/+1.178033e-01
2026.110.00:56:00/gps-fmout/+1.178032e-01
2026.110.00:56:00/gps-maser/+1.178033e-01
2026.110.00:57:00/gps-fmout/+1.178032e-01
2026.110.00:57:00/gps-maser/+1.178033e-01
2026.110.00:58:00/gps-fmout/+1.178032e-01
2026.110.00:58:00/gps-maser/+1.178033e-01
2026.110.00:59:00/gps-fmout/+1.178032e-01
2026.110.00:59:00/gps-maser/+1.178033e-01
2026.110.01:00:00/gps-fmout/+1.178032e-01
2026.110.01:00:00/gps-maser/+1.178033e-01
2026.110.01:01:00/gps-fmout/+1.178032e-01
2026.110.01:01:00/gps-maser/+1.178033e-01
2026.110.01:02:00/gps-fmout/+1.178032e-01
2026.110.01:02:00/gps-maser/+1.178033e-01
2026.110.01:03:00/gps-fmout/+1.178032e-01
2026.110.01:03:00/gps-maser/+1.178033e-01
2026.110.01:04:00/gps-fmout/+1.178032e-01
2026.110.01:04:00/gps-maser/+1.178033e-01
2026.110.01:05:00/gps-fmout/+1.178032e-01
2026.110.01:05:00/gps-maser/+1.178033e-01
2026.110.01:06:00/gps-fmout/+1.178032e-01
2026.110.01:06:00/gps-maser/+1.178033e-01
2026.110.01:07:00/gps-fmout/+1.178032e-01
2026.110.01:07:00/gps-maser/+1.178033e-01
2026.110.01:08:00/gps-fmout/+1.178032e-01
2026.110.01:08:00/gps-maser/+1.178033e-01
2026.110.01:09:00/gps-fmout/+1.178032e-01
2026.110.01:09:00/gps-maser/+1.178033e-01
2026.110.01:10:00/gps-fmout/+1.178032e-01
2026.110.01:10:00/gps-maser/+1.178033e-01
2026.110.01:11:00/gps-fmout/+1.178032e-01
2026.110.01:11:00/gps-maser/+1.178033e-01
2026.110.01:12:00/gps-fmout/+1.178032e-01
2026.110.01:12:00/gps-maser/+1.178033e-01
2026.110.01:13:00/gps-fmout/+1.178032e-01
2026.110.01:13:00/gps-maser/+1.178033e-01
2026.110.01:14:00/gps-fmout/+1.178032e-01
2026.110.01:14:00/gps-maser/+1.178033e-01
2026.110.01:15:00/gps-fmout/+1.178032e-01
2026.110.01:15:00/gps-maser/+1.178033e-01
2026.110.01:16:00/gps-fmout/+1.178032e-01
2026.110.01:16:00/gps-maser/+1.178033e-01
2026.110.01:17:00/gps-fmout/+1.178032e-01
2026.110.01:17:00/gps-maser/+1.178033e-01
2026.110.01:18:00/gps-fmout/+1.178032e-01
2026.110.01:18:00/gps-maser/+1.178033e-01
2026.110.01:19:00/gps-fmout/+1.178032e-01
2026.110.01:19:00/gps-maser/+1.178033e-01
2026.110.01:20:00/gps-fmout/+1.178032e-01
2026.110.01:20:00/gps-maser/+1.178033e-01
2026.110.01:21:00/gps-fmout/+1.178032e-01
2026.110.01:21:00/gps-maser/+1.178033e-01
2026.110.01:22:00/gps-fmout/+1.178032e-01
2026.110.01:22:00/gps-maser/+1.178033e-01
2026.110.01:23:00/gps-fmout/+1.178032e-01
2026.110.01:23:00/gps-maser/+1.178033e-01
2026.110.01:24:00/gps-fmout/+1.178032e-01
2026.110.01:24:00/gps-maser/+1.178033e-01
2026.110.01:25:00/gps-fmout/+1.178032e-01
2026.110.01:25:00/gps-maser/+1.178033e-01
2026.110.01:26:00/gps-fmout/+1.178032e-01
2026.110.01:26:00/gps-maser/+1.178033e-01
2026.110.01:27:00/gps-fmout/+1.178032e-01
2026.110.01:27:00/gps-maser/+1.178033e-01
2026.110.01:28:00/gps-fmout/+1.178032e-01
2026.110.01:28:00/gps-maser/+1.178033e-01
2026.110.01:29:00/gps-fmout/+1.178032e-01
2026.110.01:29:00/gps-maser/+1.178033e-01
2026.110.01:30:00/gps-fmout/+1.178032e-01
2026.110.01:30:00/gps-maser/+1.178033e-01
2026.110.01:31:00/gps-fmout/+1.178032e-01
2026.110.01:31:00/gps-maser/+1.178033e-01
2026.110.01:32:00/gps-fmout/+1.178032e-01
2026.110.01:32:00/gps-maser/+1.178033e-01
2026.110.01:33:00/gps-fmout/+1.178032e-01
2026.110.01:33:00/gps-maser/+1.178033e-01
2026.110.01:34:00/gps-fmout/+1.178032e-01
2026.110.01:34:00/gps-maser/+1.178033e-01
2026.110.01:35:00/gps-fmout/+1.178032e-01
2026.110.01:35:00/gps-maser/+1.178033e-01
2026.110.01:36:00/gps-fmout/+1.178032e-01
2026.110.01:36:00/gps-maser/+1.178033e-01
2026.110.01:37:00/gps-fmout/+1.178032e-01
2026.110.01:37:00/gps-maser/+1.178033e-01
2026.110.01:38:00/gps-fmout/+1.178032e-01
2026.110.01:38:00/gps-maser/+1.178033e-01
2026.110.01:39:00/gps-fmout/+1.178032e-01
2026.110.01:39:00/gps-maser/+1.178033e-01
2026.110.01:40:00/gps-fmout/+1.178032e-01
2026.110.01:40:00/gps-maser/+1.178033e-01
2026.110.01:41:00/gps-fmout/+1.178032e-01
2026.110.01:41:00/gps-maser/+1.178033e-01
2026.110.01:42:00/gps-fmout/+1.178032e-01
2026.110.01:42:00/gps-maser/+1.178033e-01
2026.110.01:43:00/gps-fmout/+1.178032e-01
2026.110.01:43:00/gps-maser/+1.178033e-01
2026.110.01:44:00/gps-fmout/+1.178032e-01
2026.110.01:44:00/gps-maser/+1.178033e-01
2026.110.01:45:00/gps-fmout/+1.178032e-01
2026.110.01:45:00/gps-maser/+1.178033e-01
2026.110.01:46:00/gps-fmout/+1.178032e-01
2026.110.01:46:00/gps-maser/+1.178033e-01
2026.110.01:47:00/gps-fmout/+1.178032e-01
2026.110.01:47:00/gps-maser/+1.178033e-01
2026.110.01:48:00/gps-fmout/+1.178032e-01
2026.110.01:48:00/gps-maser/+1.178033e-01
2026.110.01:49:00/gps-fmout/+1.178032e-01
2026.110.01:49:00/gps-maser/+1.178033e-01
2026.110.01:50:00/gps-fmout/+1.178032e-01
2026.110.01:50:00/gps-maser/+1.178033e-01
2026.110.01:51:00/gps-fmout/+1.178032e-01
2026.110.01:51:00/gps-maser/+1.178033e-01
2026.110.01:52:00/gps-fmout/+1.178032e-01
2026.110.01:52:00/gps-maser/+1.178033e-01
2026.110.01:53:00/gps-fmout/+1.178032e-01
2026.110.01:53:00/gps-maser/+1.178033e-01
2026.110.01:54:00/gps-fmout/+1.178032e-01
2026.110.01:54:00/gps-maser/+1.178033e-01
2026.110.01:55:00/gps-fmout/+1.178032e-01
2026.110.01:55:00/gps-maser/+1.178033e-01
2026.110.01:56:00/gps-fmout/+1.178032e-01
2026.110.01:56:00/gps-maser/+1.178033e-01
2026.110.01:57:00/gps-fmout/+1.178032e-01
2026.110.01:57:00/gps-maser/+1.178033e-01
2026.110.01:58:00/gps-fmout/+1.178032e-01
2026.110.01:58:00/gps-maser/+1.178033e-01
2026.110.01:59:00/gps-fmout/+1.178032e-01
2026.110.01:59:00/gps-maser/+1.178033e-01
2026.110.02:00:00/gps-fmout/+1.178032e-01
2026.110.02:00:00/gps-maser/+1.178033e-01
2026.110.02:01:00/gps-fmout/+1.178032e-01
2026.110.02:01:00/gps-maser/+1.178033e-01
2026.110.02:02:00/gps-fmout/+1.178032e-01
2026.110.02:02:00/gps-maser/+1.178033e-01
2026.110.02:03:00/gps-fmout/+1.178032e-01
2026.110.02:03:00/gps-maser/+1.178033e-01
2026.110.02:04:00/gps-fmout/+1.178032e-01
2026.110.02:04:00/gps-maser/+1.178033e-01
2026.110.02:05:00/gps-fmout/+1.178032e-01
2026.110.02:05:00/gps-maser/+1.178033e-01
2026.110.02:06:00/gps-fmout/+1.178032e-01
2026.110.02:06:00/gps-maser/+1.178033e-01
2026.110.02:07:00/gps-fmout/+1.178032e-01
2026.110.02:07:00/gps-maser/+1.178033e-01
2026.110.02:08:00/gps-fmout/+1.178032e-01
2026.110.02:08:00/gps-maser/+1.178033e-01
2026.110.02:09:00/gps-fmout/+1.178032e-01
2026.110.02:09:00/gps-maser/+1.178033e-01
2026.110.02:10:00/gps-fmout/+1.178032e-01
2026.110.02:10:00/gps-maser/+1.178033e-01
2026.110.02:11:00/gps-fmout/+1.178032e-01
2026.110.02:11:00/gps-maser/+1.178033e-01
2026.110.02:12:00/gps-fmout/+1.178032e-01
2026.110.02:12:00/gps-maser/+1.178033e-01
2026.110.02:13:00/gps-fmout/+1.178032e-01
2026.110.02:13:00/gps-maser/+1.178033e-01
2026.110.02:14:00/gps-fmout/+1.178032e-01
2026.110.02:14:00/gps-maser/+1.178033e-01
2026.110.02:15:00/gps-fmout/+1.178032e-01
2026.110.02:15:00/gps-maser/+1.178033e-01
2026.110.02:16:00/gps-fmout/+1.178032e-01
2026.110.02:16:00/gps-maser/+1.178033e-01
2026.110.02:17:00/gps-fmout/+1.178032e-01
2026.110.02:17:00/gps-maser/+1.178033e-01
2026.110.02:18:00/gps-fmout/+1.178032e-01
2026.110.02:18:00/gps-maser/+1.178033e-01
2026.110.02:19:00/gps-fmout/+1.178032e-01
2026.110.02:19:00/gps-maser/+1.178033e-01
2026.110.02:20:00/gps-fmout/+1.178032e-01
2026.110.02:20:00/gps-maser/+1.178033e-01
2026.110.02:21:00/gps-fmout/+1.178032e-01
2026.110.02:21:00/gps-maser/+1.178033e-01
2026.110.02:22:00/gps-fmout/+1.178032e-01
2026.110.02:22:00/gps-maser/+1.178033e-01
2026.110.02:23:00/gps-fmout/+1.178032e-01
2026.110.02:23:00/gps-maser/+1.178033e-01
2026.110.02:24:00/gps-fmout/+1.178032e-01
2026.110.02:24:00/gps-maser/+1.178033e-01
2026.110.02:25:00/gps-fmout/+1.178032e-01
2026.110.02:25:00/gps-maser/+1.178033e-01
2026.110.02:26:00/gps-fmout/+1.178032e-01
2026.110.02:26:00/gps-maser/+1.178033e-01
2026.110.02:27:00/gps-fmout/+1.178032e-01
2026.110.02:27:00/gps-maser/+1.178033e-01
2026.110.02:28:00/gps-fmout/+1.178032e-01
2026.110.02:28:00/gps-maser/+1.178033e-01
2026.110.02:29:00/gps-fmout/+1.178032e-01
2026.110.02:29:00/gps-maser/+1.178033e-01
2026.110.02:30:00/gps-fmout/+1.178032e-01
2026.110.02:30:00/gps-maser/+1.178033e-01
2026.110.02:31:00/gps-fmout/+1.178032e-01
2026.110.02:31:00/gps-maser/+1.178033e-01
2026.110.02:32:00/gps-fmout/+1.178032e-01
2026.110.02:32:00/gps-maser/+1.178033e-01
2026.110.02:33:00/gps-fmout/+1.178032e-01
2026.110.02:33:00/gps-maser/+1.178033e-01
2026.110.02:34:00/gps-fmout/+1.178032e-01
2026.110.02:34:00/gps-maser/+1.178033e-01
2026.110.02:35:00/gps-fmout/+1.178032e-01
2026.110.02:35:00/gps-maser/+1.178033e-01
2026.110.02:36:00/gps-fmout/+1.178032e-01
2026.110.02:36:00/gps-maser/+1.178033e-01
2026.110.02:37:00/gps-fmout/+1.178032e-01
2026.110.02:37:00/gps-maser/+1.178033e-01
2026.110.02:38:00/gps-fmout/+1.178032e-01
2026.110.02:38:00/gps-maser/+1.178033e-01
2026.110.02:39:00/gps-fmout/+1.178032e-01
2026.110.02:39:00/gps-maser/+1.178033e-01
2026.110.02:40:00/gps-fmout/+1.178032e-01
2026.110.02:40:00/gps-maser/+1.178033e-01
2026.110.02:41:00/gps-fmout/+1.178032e-01
2026.110.02:41:00/gps-maser/+1.178033e-01
2026.110.02:42:00/gps-fmout/+1.178032e-01
2026.110.02:42:00/gps-maser/+1.178033e-01
2026.110.02:43:00/gps-fmout/+1.178032e-01
2026.110.02:43:00/gps-maser/+1.178033e-01
2026.110.02:44:00/gps-fmout/+1.178032e-01
2026.110.02:44:00/gps-maser/+1.178033e-01
2026.110.02:45:00/gps-fmout/+1.178032e-01
2026.110.02:45:00/gps-maser/+1.178033e-01
2026.110.02:46:00/gps-fmout/+1.178032e-01
2026.110.02:46:00/gps-maser/+1.178033e-01
2026.110.02:47:00/gps-fmout/+1.178032e-01
2026.110.02:47:00/gps-maser/+1.178033e-01
2026.110.02:48:00/gps-fmout/+1.178032e-01
2026.110.02:48:00/gps-maser/+1.178033e-01
2026.110.02:49:00/gps-fmout/+1.178032e-01
2026.110.02:49:00/gps-maser/+1.178033e-01
2026.110.02:50:00/gps-fmout/+1.178032e-01
2026.110.02:50:00/gps-maser/+1.178033e-01
2026.110.02:51:00/gps-fmout/+1.178032e-01
2026.110.02:51:00/gps-maser/+1.178033e-01
2026.110.02:52:00/gps-fmout/+1.178032e-01
2026.110.02:52:00/gps-maser/+1.178033e-01
2026.110.02:53:00/gps-fmout/+1.178032e-01
2026.110.02:53:00/gps-maser/+1.178033e-01
2026.110.02:54:00/gps-fmout/+1.178032e-01
2026.110.02:54:00/gps-maser/+1.178033e-01
2026.110.02:55:00/gps-fmout/+1.178032e-01
2026.110.02:55:00/gps-maser/+1.178033e-01
2026.110.02:56:00/gps-fmout/+1.178032e-01
2026.110.02:56:00/gps-maser/+1.178033e-01
2026.110.02:57:00/gps-fmout/+1.178032e-01
2026.110.02:57:00/gps-maser/+1.178033e-01
2026.110.02:58:00/gps-fmout/+1.178032e-01
2026.110.02:58:00/gps-maser/+1.178033e-01
2026.110.02:59:00/gps-fmout/+1.178032e-01
2026.110.02:59:00/gps-maser/+1.178033e-01
2026.110.03:00:00/gps-fmout/+1.178032e-01
2026.110.03:00:00/gps-maser/+1.178033e-01
2026.110.03:01:00/gps-fmout/+1.178032e-01
2026.110.03:01:00/gps-maser/+1.178033e-01
2026.110.03:02:00/gps-fmout/+1.178032e-01
2026.110.03:02:00/gps-maser/+1.178033e-01
2026.110.03:03:00/gps-fmout/+1.178032e-01
2026.110.03:03:00/gps-maser/+1.178033e-01
2026.110.03:04:00/gps-fmout/+1.178032e-01
2026.110.03:04:00/gps-maser/+1.178033e-01
2026.110.03:05:00/gps-fmout/+1.178032e-01
2026.110.03:05:00/gps-maser/+1.178033e-01
2026.110.03:06:00/gps-fmout/+1.178032e-01
2026.110.03:06:00/gps-maser/+1.178033e-01
2026.110.03:07:00/gps-fmout/+1.178032e-01
2026.110.03:07:00/gps-maser/+1.178033e-01
2026.110.03:08:00/gps-fmout/+1.178032e-01
2026.110.03:08:00/gps-maser/+1.178033e-01
2026.110.03:09:00/gps-fmout/+1.178032e-01
2026.110.03:09:00/gps-maser/+1.178033e-01
2026.110.03:10:00/gps-fmout/+1.178032e-01
2026.110.03:10:00/gps-maser/+1.178033e-01
2026.110.03:11:00/gps-fmout/+1.178032e-01
2026.110.03:11:00/gps-maser/+1.178033e-01
2026.110.03:12:00/gps-fmout/+1.178032e-01
2026.110.03:12:00/gps-maser/+1.178033e-01
2026.110.03:13:00/gps-fmout/+1.178032e-01
2026.110.03:13:00/gps-maser/+1.178033e-01
2026.110.03:14:00/gps-fmout/+1.178032e-01
2026.110.03:14:00/gps-maser/+1.178033e-01
2026.110.03:15:00/gps-fmout/+1.178032e-01
2026.110.03:15:00/gps-maser/+1.178033e-01
2026.110.03:16:00/gps-fmout/+1.178032e-01
2026.110.03:16:00/gps-maser/+1.178033e-01
2026.110.03:17:00/gps-fmout/+1.178032e-01
2026.110.03:17:00/gps-maser/+1.178033e-01
2026.110.03:18:00/gps-fmout/+1.178032e-01
2026.110.03:18:00/gps-maser/+1.178033e-01
2026.110.03:19:00/gps-fmout/+1.178032e-01
2026.110.03:19:00/gps-maser/+1.178033e-01
2026.110.03:20:00/gps-fmout/+1.178032e-01
2026.110.03:20:00/gps-maser/+1.178033e-01
2026.110.03:21:00/gps-fmout/+1.178032e-01
2026.110.03:21:00/gps-maser/+1.178033e-01
2026.110.03:22:00/gps-fmout/+1.178032e-01
2026.110.03:22:00/gps-maser/+1.178033e-01
2026.110.03:23:00/gps-fmout/+1.178032e-01
2026.110.03:23:00/gps-maser/+1.178033e-01
2026.110.03:24:00/gps-fmout/+1.178032e-01
2026.110.03:24:00/gps-maser/+1.178033e-01
2026.110.03:25:00/gps-fmout/+1.178032e-01
2026.110.03:25:00/gps-maser/+1.178033e-01
2026.110.03:26:00/gps-fmout/+1.178032e-01
2026.110.03:26:00/gps-maser/+1.178033e-01
2026.110.03:27:00/gps-fmout/+1.178032e-01
2026.110.03:27:00/gps-maser/+1.178033e-01
2026.110.03:28:00/gps-fmout/+1.178032e-01
2026.110.03:28:00/gps-maser/+1.178033e-01
2026.110.03:29:00/gps-fmout/+1.178032e-01
2026.110.03:29:00/gps-maser/+1.178033e-01
2026.110.03:30:00/gps-fmout/+1.178032e-01
2026.110.03:30:00/gps-maser/+1.178033e-01
2026.110.03:31:00/gps-fmout/+1.178032e-01
2026.110.03:31:00/gps-maser/+1.178033e-01
2026.110.03:32:00/gps-fmout/+1.178032e-01
2026.110.03:32:00/gps-maser/+1.178033e-01
2026.110.03:33:00/gps-fmout/+1.178032e-01
2026.110.03:33:00/gps-maser/+1.178033e-01
2026.110.03:34:00/gps-fmout/+1.178032e-01
2026.110.03:34:00/gps-maser/+1.178033e-01
2026.110.03:35:00/gps-fmout/+1.178032e-01
2026.110.03:35:00/gps-maser/+1.178033e-01
2026.110.03:36:00/gps-fmout/+1.178032e-01
2026.110.03:36:00/gps-maser/+1.178033e-01
2026.110.03:37:00/gps-fmout/+1.178032e-01
2026.110.03:37:00/gps-maser/+1.178033e-01
2026.110.03:38:00/gps-fmout/+1.178032e-01
2026.110.03:38:00/gps-maser/+1.178033e-01
2026.110.03:39:00/gps-fmout/+1.178032e-01
2026.110.03:39:00/gps-maser/+1.178033e-01
2026.110.03:40:00/gps-fmout/+1.178032e-01
2026.110.03:40:00/gps-maser/+1.178033e-01
2026.110.03:41:00/gps-fmout/+1.178032e-01
2026.110.03:41:00/gps-maser/+1.178033e-01
2026.110.03:42:00/gps-fmout/+1.178032e-01
2026.110.03:42:00/gps-maser/+1.178033e-01
2026.110.03:43:00/gps-fmout/+1.178032e-01
2026.110.03:43:00/gps-maser/+1.178033e-01
2026.110.03:44:00/gps-fmout/+1.178032e-01
2026.110.03:44:00/gps-maser/+1.178033e-01
2026.110.03:45:00/gps-fmout/+1.178032e-01
2026.110.03:45:00/gps-maser/+1.178033e-01
2026.110.03:46:00/gps-fmout/+1.178032e-01
2026.110.03:46:00/gps-maser/+1.178033e-01
2026.110.03:47:00/gps-fmout/+1.178032e-01
2026.110.03:47:00/gps-maser/+1.178033e-01
2026.110.03:48:00/gps-fmout/+1.178032e-01
2026.110.03:48:00/gps-maser/+1.178033e-01
2026.110.03:49:00/gps-fmout/+1.178032e-01
2026.110.03:49:00/gps-maser/+1.178033e-01
2026.110.03:50:00/gps-fmout/+1.178032e-01
2026.110.03:50:00/gps-maser/+1.178033e-01
2026.110.03:51:00/gps-fmout/+1.178032e-01
2026.110.03:51:00/gps-maser/+1.178033e-01
2026.110.03:52:00/gps-fmout/+1.178032e-01
2026.110.03:52:00/gps-maser/+1.178033e-01
2026.110.03:53:00/gps-fmout/+1.178032e-01
2026.110.03:53:00/gps-maser/+1.178033e-01
2026.110.03:54:00/gps-fmout/+1.178032e-01
2026.110.03:54:00/gps-maser/+1.178033e-01
2026.110.03:55:00/gps-fmout/+1.178032e-01
2026.110.03:55:00/gps-maser/+1.178033e-01
2026.110.03:56:00/gps-fmout/+1.178032e-01
2026.110.03:56:00/gps-maser/+1.178033e-01
2026.110.03:57:00/gps-fmout/+1.178032e-01
2026.110.03:57:00/gps-maser/+1.178033e-01
2026.110.03:58:00/gps-fmout/+1.178032e-01
2026.110.03:58:00/gps-maser/+1.178033e-01
2026.110.03:59:00/gps-fmout/+1.178032e-01
2026.110.03:59:00/gps-maser/+1.178033e-01
2026.110.04:00:00/gps-fmout/+1.178032e-01
2026.110.04:00:00/gps-maser/+1.178033e-01
2026.110.04:01:00/gps-fmout/+1.178032e-01
2026.110.04:01:00/gps-maser/+1.178033e-01
2026.110.04:02:00/gps-fmout/+1.178032e-01
2026.110.04:02:00/gps-maser/+1.178033e-01
2026.110.04:03:00/gps-fmout/+1.178032e-01
2026.110.04:03:00/gps-maser/+1.178033e-01
2026.110.04:04:00/gps-fmout/+1.178032e-01
2026.110.04:04:00/gps-maser/+1.178033e-01
2026.110.04:05:00/gps-fmout/+1.178032e-01
2026.110.04:05:00/gps-maser/+1.178033e-01
2026.110.04:06:00/gps-fmout/+1.178032e-01
2026.110.04:06:00/gps-maser/+1.178033e-01
2026.110.04:07:00/gps-fmout/+1.178032e-01
2026.110.04:07:00/gps-maser/+1.178033e-01
2026.110.04:08:00/gps-fmout/+1.178032e-01
2026.110.04:08:00/gps-maser/+1.178033e-01
2026.110.04:09:00/gps-fmout/+1.178032e-01
2026.110.04:09:00/gps-maser/+1.178033e-01
2026.110.04:10:00/gps-fmout/+1.178032e-01
2026.110.04:10:00/gps-maser/+1.178033e-01
2026.110.04:11:00/gps-fmout/+1.178032e-01
2026.110.04:11:00/gps-maser/+1.178033e-01
2026.110.04:12:00/gps-fmout/+1.178032e-01
2026.110.04:12:00/gps-maser/+1.178033e-01
2026.110.04:13:00/gps-fmout/+1.178032e-01
2026.110.04:13:00/gps-maser/+1.178033e-01
2026.110.04:14:00/gps-fmout/+1.178032e-01
2026.110.04:14:00/gps-maser/+1.178033e-01
2026.110.04:15:00/gps-fmout/+1.178032e-01
2026.110.04:15:00/gps-maser/+1.178033e-01
2026.110.04:16:00/gps-fmout/+1.178032e-01
2026.110.04:16:00/gps-maser/+1.178033e-01
2026.110.04:17:00/gps-fmout/+1.178032e-01
2026.110.04:17:00/gps-maser/+1.178033e-01
2026.110.04:18:00/gps-fmout/+1.178032e-01
2026.110.04:18:00/gps-maser/+1.178033e-01
2026.110.04:19:00/gps-fmout/+1.178032e-01
2026.110.04:19:00/gps-maser/+1.178033e-01
2026.110.04:20:00/gps-fmout/+1.178032e-01
2026.110.04:20:00/gps-maser/+1.178033e-01
2026.110.04:21:00/gps-fmout/+1.178032e-01
2026.110.04:21:00/gps-maser/+1.178033e-01
2026.110.04:22:00/gps-fmout/+1.178032e-01
2026.110.04:22:00/gps-maser/+1.178033e-01
2026.110.04:23:00/gps-fmout/+1.178032e-01
2026.110.04:23:00/gps-maser/+1.178033e-01
2026.110.04:24:00/gps-fmout/+1.178032e-01
2026.110.04:24:00/gps-maser/+1.178033e-01
2026.110.04:25:00/gps-fmout/+1.178032e-01
2026.110.04:25:00/gps-maser/+1.178033e-01
2026.110.04:26:00/gps-fmout/+1.178032e-01
2026.110.04:26:00/gps-maser/+1.178033e-01
2026.110.04:27:00/gps-fmout/+1.178032e-01
2026.110.04:27:00/gps-maser/+1.178033e-01
2026.110.04:28:00/gps-fmout/+1.178032e-01
2026.110.04:28:00/gps-maser/+1.178033e-01
2026.110.04:29:00/gps-fmout/+1.178032e-01
2026.110.04:29:00/gps-maser/+1.178033e-01
2026.110.04:30:00/gps-fmout/+1.178032e-01
2026.110.04:30:00/gps-maser/+1.178033e-01
2026.110.04:31:00/gps-fmout/+1.178032e-01
2026.110.04:31:00/gps-maser/+1.178033e-01
2026.110.04:32:00/gps-fmout/+1.178032e-01
2026.110.04:32:00/gps-maser/+1.178033e-01
2026.110.04:33:00/gps-fmout/+1.178032e-01
2026.110.04:33:00/gps-maser/+1.178033e-01
2026.110.04:34:00/gps-fmout/+1.178032e-01
2026.110.04:34:00/gps-maser/+1.178033e-01
2026.110.04:35:00/gps-fmout/+1.178032e-01
2026.110.04:35:00/gps-maser/+1.178033e-01
2026.110.04:36:00/gps-fmout/+1.178032e-01
2026.110.04:36:00/gps-maser/+1.178033e-01
2026.110.04:37:00/gps-fmout/+1.178032e-01
2026.110.04:37:00/gps-maser/+1.178033e-01
2026.110.04:38:00/gps-fmout/+1.178032e-01
2026.110.04:38:00/gps-maser/+1.178033e-01
2026.110.04:39:00/gps-fmout/+1.178032e-01
2026.110.04:39:00/gps-maser/+1.178033e-01
2026.110.04:40:00/gps-fmout/+1.178032e-01
2026.110.04:40:00/gps-maser/+1.178033e-01
2026.110.04:41:00/gps-fmout/+1.178032e-01
2026.110.04:41:00/gps-maser/+1.178033e-01
2026.110.04:42:00/gps-fmout/+1.178032e-01
2026.110.04:42:00/gps-maser/+1.178033e-01
2026.110.04:43:00/gps-fmout/+1.178032e-01
2026.110.04:43:00/gps-maser/+1.178033e-01
2026.110.04:44:00/gps-fmout/+1.178032e-01
2026.110.04:44:00/gps-maser/+1.178033e-01
2026.110.04:45:00/gps-fmout/+1.178032e-01
2026.110.04:45:00/gps-maser/+1.178033e-01
2026.110.04:46:00/gps-fmout/+1.178032e-01
2026.110.04:46:00/gps-maser/+1.178033e-01
2026.110.04:47:00/gps-fmout/+1.178032e-01
2026.110.04:47:00/gps-maser/+1.178033e-01
2026.110.04:48:00/gps-fmout/+1.178032e-01
2026.110.04:48:00/gps-maser/+1.178033e-01
2026.110.04:49:00/gps-fmout/+1.178032e-01
2026.110.04:49:00/gps-maser/+1.178033e-01
2026.110.04:50:00/gps-fmout/+1.178032e-01
2026.110.04:50:00/gps-maser/+1.178033e-01
2026.110.04:51:00/gps-fmout/+1.178032e-01
2026.110.04:51:00/gps-maser/+1.178033e-01
2026.110.04:52:00/gps-fmout/+1.178032e-01
2026.110.04:52:00/gps-maser/+1.178033e-01
2026.110.04:53:00/gps-fmout/+1.178032e-01
2026.110.04:53:00/gps-maser/+1.178033e-01
2026.110.04:54:00/gps-fmout/+1.178032e-01
2026.110.04:54:00/gps-maser/+1.178033e-01
2026.110.04:55:00/gps-fmout/+1.178032e-01
2026.110.04:55:00/gps-maser/+1.178033e-01
2026.110.04:56:00/gps-fmout/+1.178032e-01
2026.110.04:56:00/gps-maser/+1.178033e-01
2026.110.04:57:00/gps-fmout/+1.178032e-01
2026.110.04:57:00/gps-maser/+1.178033e-01
2026.110.04:58:00/gps-fmout/+1.178032e-01
2026.110.04:58:00/gps-maser/+1.178033e-01
2026.110.04:59:00/gps-fmout/+1.178032e-01
2026.110.04:59:00/gps-maser/+1.178033e-01
2026.110.05:00:00/gps-fmout/+1.178032e-01
2026.110.05:00:00/gps-maser/+1.178033e-01
2026.110.05:01:00/gps-fmout/+1.178032e-01
2026.110.05:01:00/gps-maser/+1.178033e-01
2026.110.05:02:00/gps-fmout/+1.178032e-01
2026.110.05:02:00/gps-maser/+1.178033e-01
2026.110.05:03:00/gps-fmout/+1.178032e-01
2026.110.05:03:00/gps-maser/+1.178033e-01
2026.110.05:04:00/gps-fmout/+1.178032e-01
2026.110.05:04:00/gps-maser/+1.178033e-01
2026.110.05:05:00/gps-fmout/+1.178032e-01
2026.110.05:05:00/gps-maser/+1.178033e-01
2026.110.05:06:00/gps-fmout/+1.178032e-01
2026.110.05:06:00/gps-maser/+1.178033e-01
2026.110.05:07:00/gps-fmout/+1.178032e-01
2026.110.05:07:00/gps-maser/+1.178033e-01
2026.110.05:08:00/gps-fmout/+1.178032e-01
2026.110.05:08:00/gps-maser/+1.178033e-01
2026.110.05:09:00/gps-fmout/+1.178032e-01
2026.110.05:09:00/gps-maser/+1.178033e-01
2026.110.05:10:00/gps-fmout/+1.178032e-01
2026.110.05:10:00/gps-maser/+1.178033e-01
2026.110.05:11:00/gps-fmout/+1.178032e-01
2026.110.05:11:00/gps-maser/+1.178033e-01
2026.110.05:12:00/gps-fmout/+1.178032e-01
2026.110.05:12:00/gps-maser/+1.178033e-01
2026.110.05:13:00/gps-fmout/+1.178032e-01
2026.110.05:13:00/gps-maser/+1.178033e-01
2026.110.05:14:00/gps-fmout/+1.178032e-01
2026.110.05:14:00/gps-maser/+1.178033e-01
2026.110.05:15:00/gps-fmout/+1.178032e-01
2026.110.05:15:00/gps-maser/+1.178033e-01
2026.110.05:16:00/gps-fmout/+1.178032e-01
2026.110.05:16:00/gps-maser/+1.178033e-01
2026.110.05:17:00/gps-fmout/+1.178032e-01
2026.110.05:17:00/gps-maser/+1.178033e-01
2026.110.05:18:00/gps-fmout/+1.178032e-01
2026.110.05:18:00/gps-maser/+1.178033e-01
2026.110.05:19:00/gps-fmout/+1.178032e-01
2026.110.05:19:00/gps-maser/+1.178033e-01
2026.110.05:20:00/gps-fmout/+1.178032e-01
2026.110.05:20:00/gps-maser/+1.178033e-01
2026.110.05:21:00/gps-fmout/+1.178032e-01
2026.110.05:21:00/gps-maser/+1.178033e-01
2026.110.05:22:00/gps-fmout/+1.178032e-01
2026.110.05:22:00/gps-maser/+1.178033e-01
2026.110.05:23:00/gps-fmout/+1.178032e-01
2026.110.05:23:00/gps-maser/+1.178033e-01
2026.110.05:24:00/gps-fmout/+1.178032e-01
2026.110.05:24:00/gps-maser/+1.178033e-01
2026.110.05:25:00/gps-fmout/+1.178032e-01
2026.110.05:25:00/gps-maser/+1.178033e-01
2026.110.05:26:00/gps-fmout/+1.178032e-01
2026.110.05:26:00/gps-maser/+1.178033e-01
2026.110.05:27:00/gps-fmout/+1.178032e-01
2026.110.05:27:00/gps-maser/+1.178033e-01
2026.110.05:28:00/gps-fmout/+1.178032e-01
2026.110.05:28:00/gps-maser/+1.178033e-01
2026.110.05:29:00/gps-fmout/+1.178032e-01
2026.110.05:29:00/gps-maser/+1.178033e-01
2026.110.05:30:00/gps-fmout/+1.178032e-01
2026.110.05:30:00/gps-maser/+1.178033e-01
2026.110.05:31:00/gps-fmout/+1.178032e-01
2026.110.05:31:00/gps-maser/+1.178033e-01
2026.110.05:32:00/gps-fmout/+1.178032e-01
2026.110.05:32:00/gps-maser/+1.178033e-01
2026.110.05:33:00/gps-fmout/+1.178032e-01
2026.110.05:33:00/gps-maser/+1.178033e-01
2026.110.05:34:00/gps-fmout/+1.178032e-01
2026.110.05:34:00/gps-maser/+1.178033e-01
2026.110.05:35:00/gps-fmout/+1.178032e-01
2026.110.05:35:00/gps-maser/+1.178033e-01
2026.110.05:36:00/gps-fmout/+1.178032e-01
2026.110.05:36:00/gps-maser/+1.178033e-01
2026.110.05:37:00/gps-fmout/+1.178032e-01
2026.110.05:37:00/gps-maser/+1.178033e-01
2026.110.05:38:00/gps-fmout/+1.178032e-01
2026.110.05:38:00/gps-maser/+1.178033e-01
2026.110.05:39:00/gps-fmout/+1.178032e-01
2026.110.05:39:00/gps-maser/+1.178033e-01
2026.110.05:40:00/gps-fmout/+1.178032e-01
2026.110.05:40:00/gps-maser/+1.178033e-01
2026.110.05:41:00/gps-fmout/+1.178032e-01
2026.110.05:41:00/gps-maser/+1.178033e-01
2026.110.05:42:00/gps-fmout/+1.178032e-01
2026.110.05:42:00/gps-maser/+1.178033e-01
2026.110.05:43:00/gps-fmout/+1.178032e-01
2026.110.05:43:00/gps-maser/+1.178033e-01
2026.110.05:44:00/gps-fmout/+1.178032e-01
2026.110.05:44:00/gps-maser/+1.178033e-01
2026.110.05:45:00/gps-fmout/+1.178032e-01
2026.110.05:45:00/gps-maser/+1.178033e-01
2026.110.05:46:00/gps-fmout/+1.178032e-01
2026.110.05:46:00/gps-maser/+1.178033e-01
2026.110.05:47:00/gps-fmout/+1.178032e-01
2026.110.05:47:00/gps-maser/+1.178033e-01
2026.110.05:48:00/gps-fmout/+1.178032e-01
2026.110.05:48:00/gps-maser/+1.178033e-01
2026.110.05:49:00/gps-fmout/+1.178032e-01
2026.110.05:49:00/gps-maser/+1.178033e-01
2026.110.05:50:00/gps-fmout/+1.178032e-01
2026.110.05:50:00/gps-maser/+1.178033e-01
2026.110.05:51:00/gps-fmout/+1.178032e-01
2026.110.05:51:00/gps-maser/+1.178033e-01
2026.110.05:52:00/gps-fmout/+1.178032e-01
2026.110.05:52:00/gps-maser/+1.178033e-01
2026.110.05:53:00/gps-fmout/+1.178032e-01
2026.110.05:53:00/gps-maser/+1.178033e-01
2026.110.05:54:00/gps-fmout/+1.178032e-01
2026.110.05:54:00/gps-maser/+1.178033e-01
2026.110.05:55:00/gps-fmout/+1.178032e-01
2026.110.05:55:00/gps-maser/+1.178033e-01
2026.110.05:56:00/gps-fmout/+1.178032e-01
2026.110.05:56:00/gps-maser/+1.178033e-01
2026.110.05:57:00/gps-fmout/+1.178032e-01
2026.110.05:57:00/gps-maser/+1.178033e-01
2026.110.05:58:00/gps-fmout/+1.178032e-01
2026.110.05:58:00/gps-maser/+1.178033e-01
2026.110.05:59:00/gps-fmout/+1.178032e-01
2026.110.05:59:00/gps-maser/+1.178033e-01
2026.110.06:00:00/gps-fmout/+1.178032e-01
2026.110.06:00:00/gps-maser/+1.178033e-01
2026.110.06:01:00/gps-fmout/+1.178032e-01
2026.110.06:01:00/gps-maser/+1.178033e-01
2026.110.06:02:00/gps-fmout/+1.178032e-01
2026.110.06:02:00/gps-maser/+1.178033e-01
2026.110.06:03:00/gps-fmout/+1.178032e-01
2026.110.06:03:00/gps-maser/+1.178033e-01
2026.110.06:04:00/gps-fmout/+1.178032e-01
2026.110.06:04:00/gps-maser/+1.178033e-01
2026.110.06:05:00/gps-fmout/+1.178032e-01
2026.110.06:05:00/gps-maser/+1.178033e-01
2026.110.06:06:00/gps-fmout/+1.178032e-01
2026.110.06:06:00/gps-maser/+1.178033e-01
2026.110.06:07:00/gps-fmout/+1.178032e-01
2026.110.06:07:00/gps-maser/+1.178033e-01
2026.110.06:08:00/gps-fmout/+1.178032e-01
2026.110.06:08:00/gps-maser/+1.178033e-01
2026.110.06:09:00/gps-fmout/+1.178032e-01
2026.110.06:09:00/gps-maser/+1.178033e-01
2026.110.06:10:00/gps-fmout/+1.178032e-01
2026.110.06:10:00/gps-maser/+1.178033e-01
2026.110.06:11:00/gps-fmout/+1.178032e-01
2026.110.06:11:00/gps-maser/+1.178033e-01
2026.110.06:12:00/gps-fmout/+1.178032e-01
2026.110.06:12:00/gps-maser/+1.178033e-01
2026.110.06:13:00/gps-fmout/+1.178032e-01
2026.110.06:13:00/gps-maser/+1.178033e-01
2026.110.06:14:00/gps-fmout/+1.178032e-01
2026.110.06:14:00/gps-maser/+1.178033e-01
2026.110.06:15:00/gps-fmout/+1.178032e-01
2026.110.06:15:00/gps-maser/+1.178033e-01
2026.110.06:16:00/gps-fmout/+1.178032e-01
2026.110.06:16:00/gps-maser/+1.178033e-01
2026.110.06:17:00/gps-fmout/+1.178032e-01
2026.110.06:17:00/gps-maser/+1.178033e-01
2026.110.06:18:00/gps-fmout/+1.178032e-01
2026.110.06:18:00/gps-maser/+1.178033e-01
2026.110.06:19:00/gps-fmout/+1.178032e-01
2026.110.06:19:00/gps-maser/+1.178033e-01
2026.110.06:20:00/gps-fmout/+1.178032e-01
2026.110.06:20:00/gps-maser/+1.178033e-01
2026.110.06:21:00/gps-fmout/+1.178032e-01
2026.110.06:21:00/gps-maser/+1.178033e-01
2026.110.06:22:00/gps-fmout/+1.178032e-01
2026.110.06:22:00/gps-maser/+1.178033e-01
2026.110.06:23:00/gps-fmout/+1.178032e-01
2026.110.06:23:00/gps-maser/+1.178033e-01
2026.110.06:24:00/gps-fmout/+1.178032e-01
2026.110.06:24:00/gps-maser/+1.178033e-01
2026.110.06:25:00/gps-fmout/+1.178032e-01
2026.110.06:25:00/gps-maser/+1.178033e-01
2026.110.06:26:00/gps-fmout/+1.178032e-01
2026.110.06:26:00/gps-maser/+1.178033e-01
2026.110.06:27:00/gps-fmout/+1.178032e-01
2026.110.06:27:00/gps-maser/+1.178033e-01
2026.110.06:28:00/gps-fmout/+1.178032e-01
2026.110.06:28:00/gps-maser/+1.178033e-01
2026.110.06:29:00/gps-fmout/+1.178032e-01
2026.110.06:29:00/gps-maser/+1.178033e-01
2026.110.06:30:00/gps-fmout/+1.178032e-01
2026.110.06:30:00/gps-maser/+1.178033e-01
2026.110.06:31:00/gps-fmout/+1.178032e-01
2026.110.06:31:00/gps-maser/+1.178033e-01
2026.110.06:32:00/gps-fmout/+1.178032e-01
2026.110.06:32:00/gps-maser/+1.178033e-01
2026.110.06:33:00/gps-fmout/+1.178032e-01
2026.110.06:33:00/gps-maser/+1.178033e-01
2026.110.06:34:00/gps-fmout/+1.178032e-01
2026.110.06:34:00/gps-maser/+1.178033e-01
2026.110.06:35:00/gps-fmout/+1.178032e-01
2026.110.06:35:00/gps-maser/+1.178033e-01
2026.110.06:36:00/gps-fmout/+1.178032e-01
2026.110.06:36:00/gps-maser/+1.178033e-01
2026.110.06:37:00/gps-fmout/+1.178032e-01
2026.110.06:37:00/gps-maser/+1.178033e-01
2026.110.06:38:00/gps-fmout/+1.178032e-01
2026.110.06:38:00/gps-maser/+1.178033e-01
2026.110.06:39:00/gps-fmout/+1.178032e-01
2026.110.06:39:00/gps-maser/+1.178033e-01
2026.110.06:40:00/gps-fmout/+1.178032e-01
2026.110.06:40:00/gps-maser/+1.178033e-01
2026.110.06:41:00/gps-fmout/+1.178032e-01
2026.110.06:41:00/gps-maser/+1.178033e-01
2026.110.06:42:00/gps-fmout/+1.178032e-01
2026.110.06:42:00/gps-maser/+1.178033e-01
2026.110.06:43:00/gps-fmout/+1.178032e-01
2026.110.06:43:00/gps-maser/+1.178033e-01
2026.110.06:44:00/gps-fmout/+1.178032e-01
2026.110.06:44:00/gps-maser/+1.178033e-01
2026.110.06:45:00/gps-fmout/+1.178032e-01
2026.110.06:45:00/gps-maser/+1.178033e-01
2026.110.06:46:00/gps-fmout/+1.178032e-01
2026.110.06:46:00/gps-maser/+1.178033e-01
2026.110.06:47:00/gps-fmout/+1.178032e-01
2026.110.06:47:00/gps-maser/+1.178033e-01
2026.110.06:48:00/gps-fmout/+1.178032e-01
2026.110.06:48:00/gps-maser/+1.178033e-01
2026.110.06:49:00/gps-fmout/+1.178032e-01
2026.110.06:49:00/gps-maser/+1.178033e-01
2026.110.06:50:00/gps-fmout/+1.178032e-01
2026.110.06:50:00/gps-maser/+1.178033e-01
2026.110.06:51:00/gps-fmout/+1.178032e-01
2026.110.06:51:00/gps-maser/+1.178033e-01
2026.110.06:52:00/gps-fmout/+1.178032e-01
2026.110.06:52:00/gps-maser/+1.178033e-01
2026.110.06:53:00/gps-fmout/+1.178032e-01
2026.110.06:53:00/gps-maser/+1.178033e-01
2026.110.06:54:00/gps-fmout/+1.178032e-01
2026.110.06:54:00/gps-maser/+1.178033e-01
2026.110.06:55:00/gps-fmout/+1.178032e-01
2026.110.06:55:00/gps-maser/+1.178033e-01
2026.110.06:56:00/gps-fmout/+1.178032e-01
2026.110.06:56:00/gps-maser/+1.178033e-01
2026.110.06:57:00/gps-fmout/+1.178032e-01
2026.110.06:57:00/gps-maser/+1.178033e-01
2026.110.06:58:00/gps-fmout/+1.178032e-01
2026.110.06:58:00/gps-maser/+1.178033e-01
2026.110.06:59:00/gps-fmout/+1.178032e-01
2026.110.06:59:00/gps-maser/+1.178033e-01
2026.110.07:00:00/gps-fmout/+1.178032e-01
2026.110.07:00:00/gps-maser/+1.178033e-01
2026.110.07:01:00/gps-fmout/+1.178032e-01
2026.110.07:01:00/gps-maser/+1.178033e-01
2026.110.07:02:00/gps-fmout/+1.178032e-01
2026.110.07:02:00/gps-maser/+1.178033e-01
2026.110.07:03:00/gps-fmout/+1.178032e-01
2026.110.07:03:00/gps-maser/+1.178033e-01
2026.110.07:04:00/gps-fmout/+1.178032e-01
2026.110.07:04:00/gps-maser/+1.178033e-01
2026.110.07:05:00/gps-fmout/+1.178032e-01
2026.110.07:05:00/gps-maser/+1.178033e-01
2026.110.07:06:00/gps-fmout/+1.178032e-01
2026.110.07:06:00/gps-maser/+1.178033e-01
2026.110.07:07:00/gps-fmout/+1.178032e-01
2026.110.07:07:00/gps-maser/+1.178033e-01
2026.110.07:08:00/gps-fmout/+1.178032e-01
2026.110.07:08:00/gps-maser/+1.178033e-01
2026.110.07:09:00/gps-fmout/+1.178032e-01
2026.110.07:09:00/gps-maser/+1.178033e-01
2026.110.07:10:00/gps-fmout/+1.178032e-01
2026.110.07:10:00/gps-maser/+1.178033e-01
2026.110.07:11:00/gps-fmout/+1.178032e-01
2026.110.07:11:00/gps-maser/+1.178033e-01
2026.110.07:12:00/gps-fmout/+1.178032e-01
2026.110.07:12:00/gps-maser/+1.178033e-01
2026.110.07:13:00/gps-fmout/+1.178032e-01
2026.110.07:13:00/gps-maser/+1.178033e-01
2026.110.07:14:00/gps-fmout/+1.178032e-01
2026.110.07:14:00/gps-maser/+1.178033e-01
2026.110.07:15:00/gps-fmout/+1.178032e-01
2026.110.07:15:00/gps-maser/+1.178033e-01
2026.110.07:16:00/gps-fmout/+1.178032e-01
2026.110.07:16:00/gps-maser/+1.178033e-01
2026.110.07:17:00/gps-fmout/+1.178032e-01
2026.110.07:17:00/gps-maser/+1.178033e-01
2026.110.07:18:00/gps-fmout/+1.178032e-01
2026.110.07:18:00/gps-maser/+1.178033e-01
2026.110.07:19:00/gps-fmout/+1.178032e-01
2026.110.07:19:00/gps-maser/+1.178033e-01
2026.110.07:20:00/gps-fmout/+1.178032e-01
2026.110.07:20:00/gps-maser/+1.178033e-01
2026.110.07:21:00/gps-fmout/+1.178032e-01
2026.110.07:21:00/gps-maser/+1.178033e-01
2026.110.07:22:00/gps-fmout/+1.178032e-01
2026.110.07:22:00/gps-maser/+1.178033e-01
2026.110.07:23:00/gps-fmout/+1.178032e-01
2026.110.07:23:00/gps-maser/+1.178033e-01
2026.110.07:24:00/gps-fmout/+1.178032e-01
2026.110.07:24:00/gps-maser/+1.178033e-01
2026.110.07:25:00/gps-fmout/+1.178032e-01
2026.110.07:25:00/gps-maser/+1.178033e-01
2026.110.07:26:00/gps-fmout/+1.178032e-01
2026.110.07:26:00/gps-maser/+1.178033e-01
2026.110.07:27:00/gps-fmout/+1.178032e-01
2026.110.07:27:00/gps-maser/+1.178033e-01
2026.110.07:28:00/gps-fmout/+1.178032e-01
2026.110.07:28:00/gps-maser/+1.178033e-01
2026.110.07:29:00/gps-fmout/+1.178032e-01
2026.110.07:29:00/gps-maser/+1.178033e-01
2026.110.07:30:00/gps-fmout/+1.178032e-01
2026.110.07:30:00/gps-maser/+1.178033e-01
2026.110.07:31:00/gps-fmout/+1.178032e-01
2026.110.07:31:00/gps-maser/+1.178033e-01
2026.110.07:32:00/gps-fmout/+1.178032e-01
2026.110.07:32:00/gps-maser/+1.178033e-01
2026.110.07:33:00/gps-fmout/+1.178032e-01
2026.110.07:33:00/gps-maser/+1.178033e-01
2026.110.07:34:00/gps-fmout/+1.178032e-01
2026.110.07:34:00/gps-maser/+1.178033e-01
2026.110.07:35:00/gps-fmout/+1.178032e-01
2026.110.07:35:00/gps-maser/+1.178033e-01
2026.110.07:36:00/gps-fmout/+1.178032e-01
2026.110.07:36:00/gps-maser/+1.178033e-01
2026.110.07:37:00/gps-fmout/+1.178032e-01
2026.110.07:37:00/gps-maser/+1.178033e-01
2026.110.07:38:00/gps-fmout/+1.178032e-01
2026.110.07:38:00/gps-maser/+1.178033e-01
2026.110.07:39:00/gps-fmout/+1.178032e-01
2026.110.07:39:00/gps-maser/+1.178033e-01
2026.110.07:40:00/gps-fmout/+1.178032e-01
2026.110.07:40:00/gps-maser/+1.178033e-01
2026.110.07:41:00/gps-fmout/+1.178032e-01
2026.110.07:41:00/gps-maser/+1.178033e-01
2026.110.07:42:00/gps-fmout/+1.178032e-01
2026.110.07:42:00/gps-maser/+1.178033e-01
2026.110.07:43:00/gps-fmout/+1.178032e-01
2026.110.07:43:00/gps-maser/+1.178033e-01
2026.110.07:44:00/gps-fmout/+1.178032e-01
2026.110.07:44:00/gps-maser/+1.178033e-01
2026.110.07:45:00/gps-fmout/+1.178032e-01
2026.110.07:45:00/gps-maser/+1.178033e-01
2026.110.07:46:00/gps-fmout/+1.178032e-01
2026.110.07:46:00/gps-maser/+1.178033e-01
2026.110.07:47:00/gps-fmout/+1.178032e-01
2026.110.07:47:00/gps-maser/+1.178033e-01
2026.110.07:48:00/gps-fmout/+1.178032e-01
2026.110.07:48:00/gps-maser/+1.178033e-01
2026.110.07:49:00/gps-fmout/+1.178032e-01
2026.110.07:49:00/gps-maser/+1.178033e-01
2026.110.07:50:00/gps-fmout/+1.178032e-01
2026.110.07:50:00/gps-maser/+1.178033e-01
2026.110.07:51:00/gps-fmout/+1.178032e-01
2026.110.07:51:00/gps-maser/+1.178033e-01
2026.110.07:52:00/gps-fmout/+1.178032e-01
2026.110.07:52:00/gps-maser/+1.178033e-01
2026.110.07:53:00/gps-fmout/+1.178032e-01
2026.110.07:53:00/gps-maser/+1.178033e-01
2026.110.07:54:00/gps-fmout/+1.178032e-01
2026.110.07:54:00/gps-maser/+1.178033e-01
2026.110.07:55:00/gps-fmout/+1.178032e-01
2026.110.07:55:00/gps-maser/+1.178033e-01
2026.110.07:56:00/gps-fmout/+1.178032e-01
2026.110.07:56:00/gps-maser/+1.178033e-01
2026.110.07:57:00/gps-fmout/+1.178032e-01
2026.110.07:57:00/gps-maser/+1.178033e-01
2026.110.07:58:00/gps-fmout/+1.178032e-01
2026.110.07:58:00/gps-maser/+1.178033e-01
2026.110.07:59:00/gps-fmout/+1.178032e-01
2026.110.07:59:00/gps-maser/+1.178033e-01
2026.110.08:00:00/gps-fmout/+1.178032e-01
2026.110.08:00:00/gps-maser/+1.178033e-01
2026.110.08:01:00/gps-fmout/+1.178032e-01
2026.110.08:01:00/gps-maser/+1.178033e-01
2026.110.08:02:00/gps-fmout/+1.178032e-01
2026.110.08:02:00/gps-maser/+1.178033e-01
2026.110.08:03:00/gps-fmout/+1.178032e-01
2026.110.08:03:00/gps-maser/+1.178033e-01
2026.110.08:04:00/gps-fmout/+1.178032e-01
2026.110.08:04:00/gps-maser/+1.178033e-01
2026.110.08:05:00/gps-fmout/+1.178032e-01
2026.110.08:05:00/gps-maser/+1.178033e-01
2026.110.08:06:00/gps-fmout/+1.178032e-01
2026.110.08:06:00/gps-maser/+1.178033e-01
2026.110.08:07:00/gps-fmout/+1.178032e-01
2026.110.08:07:00/gps-maser/+1.178033e-01
2026.110.08:08:00/gps-fmout/+1.178032e-01
2026.110.08:08:00/gps-maser/+1.178033e-01
2026.110.08:09:00/gps-fmout/+1.178032e-01
2026.110.08:09:00/gps-maser/+1.178033e-01
2026.110.08:10:00/gps-fmout/+1.178032e-01
2026.110.08:10:00/gps-maser/+1.178033e-01
2026.110.08:11:00/gps-fmout/+1.178032e-01
2026.110.08:11:00/gps-maser/+1.178033e-01
2026.110.08:12:00/gps-fmout/+1.178032e-01
2026.110.08:12:00/gps-maser/+1.178033e-01
2026.110.08:13:00/gps-fmout/+1.178032e-01
2026.110.08:13:00/gps-maser/+1.178033e-01
2026.110.08:14:00/gps-fmout/+1.178032e-01
2026.110.08:14:00/gps-maser/+1.178033e-01
2026.110.08:15:00/gps-fmout/+1.178032e-01
2026.110.08:15:00/gps-maser/+1.178033e-01
2026.110.08:16:00/gps-fmout/+1.178032e-01
2026.110.08:16:00/gps-maser/+1.178033e-01
2026.110.08:17:00/gps-fmout/+1.178032e-01
2026.110.08:17:00/gps-maser/+1.178033e-01
2026.110.08:18:00/gps-fmout/+1.178032e-01
2026.110.08:18:00/gps-maser/+1.178033e-01
2026.110.08:19:00/gps-fmout/+1.178032e-01
2026.110.08:19:00/gps-maser/+1.178033e-01
2026.110.08:20:00/gps-fmout/+1.178032e-01
2026.110.08:20:00/gps-maser/+1.178033e-01
2026.110.08:21:00/gps-fmout/+1.178032e-01
2026.110.08:21:00/gps-maser/+1.178033e-01
2026.110.08:22:00/gps-fmout/+1.178032e-01
2026.110.08:22:00/gps-maser/+1.178033e-01
2026.110.08:23:00/gps-fmout/+1.178032e-01
2026.110.08:23:00/gps-maser/+1.178033e-01
2026.110.08:24:00/gps-fmout/+1.178032e-01
2026.110.08:24:00/gps-maser/+1.178033e-01
2026.110.08:25:00/gps-fmout/+1.178032e-01
2026.110.08:25:00/gps-maser/+1.178033e-01
2026.110.08:26:00/gps-fmout/+1.178032e-01
2026.110.08:26:00/gps-maser/+1.178033e-01
2026.110.08:27:00/gps-fmout/+1.178032e-01
2026.110.08:27:00/gps-maser/+1.178033e-01
2026.110.08:28:00/gps-fmout/+1.178032e-01
2026.110.08:28:00/gps-maser/+1.178033e-01
2026.110.08:29:00/gps-fmout/+1.178032e-01
2026.110.08:29:00/gps-maser/+1.178033e-01
2026.110.08:30:00/gps-fmout/+1.178032e-01
2026.110.08:30:00/gps-maser/+1.178033e-01
2026.110.08:31:00/gps-fmout/+1.178032e-01
2026.110.08:31:00/gps-maser/+1.178033e-01
2026.110.08:32:00/gps-fmout/+1.178032e-01
2026.110.08:32:00/gps-maser/+1.178033e-01
2026.110.08:33:00/gps-fmout/+1.178032e-01
2026.110.08:33:00/gps-maser/+1.178033e-01
2026.110.08:34:00/gps-fmout/+1.178032e-01
2026.110.08:34:00/gps-maser/+1.178033e-01
2026.110.08:35:00/gps-fmout/+1.178032e-01
2026.110.08:35:00/gps-maser/+1.178033e-01
2026.110.08:36:00/gps-fmout/+1.178032e-01
2026.110.08:36:00/gps-maser/+1.178033e-01
2026.110.08:37:00/gps-fmout/+1.178032e-01
2026.110.08:37:00/gps-maser/+1.178033e-01
2026.110.08:38:00/gps-fmout/+1.178032e-01
2026.110.08:38:00/gps-maser/+1.178033e-01
2026.110.08:39:00/gps-fmout/+1.178032e-01
2026.110.08:39:00/gps-maser/+1.178033e-01
2026.110.08:40:00/gps-fmout/+1.178032e-01
2026.110.08:40:00/gps-maser/+1.178033e-01
2026.110.08:41:00/gps-fmout/+1.178032e-01
2026.110.08:41:00/gps-maser/+1.178033e-01
2026.110.08:42:00/gps-fmout/+1.178032e-01
2026.110.08:42:00/gps-maser/+1.178033e-01
2026.110.08:43:00/gps-fmout/+1.178032e-01
2026.110.08:43:00/gps-maser/+1.178033e-01
2026.110.08:44:00/gps-fmout/+1.178032e-01
2026.110.08:44:00/gps-maser/+1.178033e-01
2026.110.08:45:00/gps-fmout/+1.178032e-01
2026.110.08:45:00/gps-maser/+1.178033e-01
2026.110.08:46:00/gps-fmout/+1.178032e-01
2026.110.08:46:00/gps-maser/+1.178033e-01
2026.110.08:47:00/gps-fmout/+1.178032e-01
2026.110.08:47:00/gps-maser/+1.178033e-01
2026.110.08:48:00/gps-fmout/+1.178032e-01
2026.110.08:48:00/gps-maser/+1.178033e-01
2026.110.08:49:00/gps-fmout/+1.178032e-01
2026.110.08:49:00/gps-maser/+1.178033e-01
2026.110.08:50:00/gps-fmout/+1.178032e-01
2026.110.08:50:00/gps-maser/+1.178033e-01
2026.110.08:51:00/gps-fmout/+1.178032e-01
2026.110.08:51:00/gps-maser/+1.178033e-01
2026.110.08:52:00/gps-fmout/+1.178032e-01
2026.110.08:52:00/gps-maser/+1.178033e-01
2026.110.08:53:00/gps-fmout/+1.178032e-01
2026.110.08:53:00/gps-maser/+1.178033e-01
2026.110.08:54:00/gps-fmout/+1.178032e-01
2026.110.08:54:00/gps-maser/+1.178033e-01
2026.110.08:55:00/gps-fmout/+1.178032e-01
2026.110.08:55:00/gps-maser/+1.178033e-01
2026.110.08:56:00/gps-fmout/+1.178032e-01
2026.110.08:56:00/gps-maser/+1.178033e-01
2026.110.08:57:00/gps-fmout/+1.178032e-01
2026.110.08:57:00/gps-maser/+1.178033e-01
2026.110.08:58:00/gps-fmout/+1.178032e-01
2026.110.08:58:00/gps-maser/+1.178033e-01
2026.110.08:59:00/gps-fmout/+1.178032e-01
2026.110.08:59:00/gps-maser/+1.178033e-01
2026.110.09:00:00/gps-fmout/+1.178032e-01
2026.110.09:00:00/gps-maser/+1.178033e-01
2026.110.09:01:00/gps-fmout/+1.178032e-01
2026.110.09:01:00/gps-maser/+1.178033e-01
2026.110.09:02:00/gps-fmout/+1.178032e-01
2026.110.09:02:00/gps-maser/+1.178033e-01
2026.110.09:03:00/gps-fmout/+1.178032e-01
2026.110.09:03:00/gps-maser/+1.178033e-01
2026.110.09:04:00/gps-fmout/+1.178032e-01
2026.110.09:04:00/gps-maser/+1.178033e-01
2026.110.09:05:00/gps-fmout/+1.178032e-01
2026.110.09:05:00/gps-maser/+1.178033e-01
2026.110.09:06:00/gps-fmout/+1.178032e-01
2026.110.09:06:00/gps-maser/+1.178033e-01
2026.110.09:07:00/gps-fmout/+1.178032e-01
2026.110.09:07:00/gps-maser/+1.178033e-01
2026.110.09:08:00/gps-fmout/+1.178032e-01
2026.110.09:08:00/gps-maser/+1.178033e-01
2026.110.09:09:00/gps-fmout/+1.178032e-01
2026.110.09:09:00/gps-maser/+1.178033e-01
2026.110.09:10:00/gps-fmout/+1.178032e-01
2026.110.09:10:00/gps-maser/+1.178033e-01
2026.110.09:11:00/gps-fmout/+1.178032e-01
2026.110.09:11:00/gps-maser/+1.178033e-01
2026.110.09:12:00/gps-fmout/+1.178032e-01
2026.110.09:12:00/gps-maser/+1.178033e-01
2026.110.09:13:00/gps-fmout/+1.178032e-01
2026.110.09:13:00/gps-maser/+1.178033e-01
2026.110.09:14:00/gps-fmout/+1.178032e-01
2026.110.09:14:00/gps-maser/+1.178033e-01
2026.110.09:15:00/gps-fmout/+1.178032e-01
2026.110.09:15:00/gps-maser/+1.178033e-01
2026.110.09:16:00/gps-fmout/+1.178032e-01
2026.110.09:16:00/gps-maser/+1.178033e-01
2026.110.09:17:00/gps-fmout/+1.178032e-01
2026.110.09:17:00/gps-maser/+1.178033e-01
2026.110.09:18:00/gps-fmout/+1.178032e-01
2026.110.09:18:00/gps-maser/+1.178033e-01
2026.110.09:19:00/gps-fmout/+1.178032e-01
2026.110.09:19:00/gps-maser/+1.178033e-01
2026.110.09:20:00/gps-fmout/+1.178032e-01
2026.110.09:20:00/gps-maser/+1.178033e-01
2026.110.09:21:00/gps-fmout/+1.178032e-01
2026.110.09:21:00/gps-maser/+1.178033e-01
2026.110.09:22:00/gps-fmout/+1.178032e-01
2026.110.09:22:00/gps-maser/+1.178033e-01
2026.110.09:23:00/gps-fmout/+1.178032e-01
2026.110.09:23:00/gps-maser/+1.178033e-01
2026.110.09:24:00/gps-fmout/+1.178032e-01
2026.110.09:24:00/gps-maser/+1.178033e-01
2026.110.09:25:00/gps-fmout/+1.178032e-01
2026.110.09:25:00/gps-maser/+1.178033e-01
2026.110.09:26:00/gps-fmout/+1.178032e-01
2026.110.09:26:00/gps-maser/+1.178033e-01
2026.110.09:27:00/gps-fmout/+1.178032e-01
2026.110.09:27:00/gps-maser/+1.178033e-01
2026.110.09:28:00/gps-fmout/+1.178032e-01
2026.110.09:28:00/gps-maser/+1.178033e-01
2026.110.09:29:00/gps-fmout/+1.178032e-01
2026.110.09:29:00/gps-maser/+1.178033e-01
2026.110.09:30:00/gps-fmout/+1.178032e-01
2026.110.09:30:00/gps-maser/+1.178033e-01
2026.110.09:31:00/gps-fmout/+1.178032e-01
2026.110.09:31:00/gps-maser/+1.178033e-01
2026.110.09:32:00/gps-fmout/+1.178032e-01
2026.110.09:32:00/gps-maser/+1.178033e-01
2026.110.09:33:00/gps-fmout/+1.178032e-01
2026.110.09:33:00/gps-maser/+1.178033e-01
2026.110.09:34:00/gps-fmout/+1.178032e-01
2026.110.09:34:00/gps-maser/+1.178033e-01
2026.110.09:35:00/gps-fmout/+1.178032e-01
2026.110.09:35:00/gps-maser/+1.178033e-01
2026.110.09:36:00/gps-fmout/+1.178032e-01
2026.110.09:36:00/gps-maser/+1.178033e-01
2026.110.09:37:00/gps-fmout/+1.178032e-01
2026.110.09:37:00/gps-maser/+1.178033e-01
2026.110.09:38:00/gps-fmout/+1.178032e-01
2026.110.09:38:00/gps-maser/+1.178033e-01
2026.110.09:39:00/gps-fmout/+1.178032e-01
2026.110.09:39:00/gps-maser/+1.178033e-01
2026.110.09:40:00/gps-fmout/+1.178032e-01
2026.110.09:40:00/gps-maser/+1.178033e-01
2026.110.09:41:00/gps-fmout/+1.178032e-01
2026.110.09:41:00/gps-maser/+1.178033e-01
2026.110.09:42:00/gps-fmout/+1.178032e-01
2026.110.09:42:00/gps-maser/+1.178033e-01
2026.110.09:43:00/gps-fmout/+1.178032e-01
2026.110.09:43:00/gps-maser/+1.178033e-01
2026.110.09:44:00/gps-fmout/+1.178032e-01
2026.110.09:44:00/gps-maser/+1.178033e-01
2026.110.09:45:00/gps-fmout/+1.178032e-01
2026.110.09:45:00/gps-maser/+1.178033e-01
2026.110.09:46:00/gps-fmout/+1.178032e-01
2026.110.09:46:00/gps-maser/+1.178033e-01
2026.110.09:47:00/gps-fmout/+1.178032e-01
2026.110.09:47:00/gps-maser/+1.178033e-01
2026.110.09:48:00/gps-fmout/+1.178032e-01
2026.110.09:48:00/gps-maser/+1.178033e-01
2026.110.09:49:00/gps-fmout/+1.178032e-01
2026.110.09:49:00/gps-maser/+1.178033e-01
2026.110.09:50:00/gps-fmout/+1.178032e-01
2026.110.09:50:00/gps-maser/+1.178033e-01
2026.110.09:51:00/gps-fmout/+1.178032e-01
2026.110.09:51:00/gps-maser/+1.178033e-01
2026.110.09:52:00/gps-fmout/+1.178032e-01
2026.110.09:52:00/gps-maser/+1.178033e-01
2026.110.09:53:00/gps-fmout/+1.178032e-01
2026.110.09:53:00/gps-maser/+1.178033e-01
2026.110.09:54:00/gps-fmout/+1.178032e-01
2026.110.09:54:00/gps-maser/+1.178033e-01
2026.110.09:55:00/gps-fmout/+1.178032e-01
2026.110.09:55:00/gps-maser/+1.178034e-01
2026.110.09:56:00/gps-fmout/+1.178032e-01
2026.110.09:56:00/gps-maser/+1.178034e-01
2026.110.09:57:00/gps-fmout/+1.178032e-01
2026.110.09:57:00/gps-maser/+1.178033e-01
2026.110.09:58:00/gps-fmout/+1.178032e-01
2026.110.09:58:00/gps-maser/+1.178034e-01
2026.110.09:59:00/gps-fmout/+1.178032e-01
2026.110.09:59:00/gps-maser/+1.178033e-01
2026.110.10:00:00/gps-fmout/+1.178032e-01
2026.110.10:00:00/gps-maser/+1.178033e-01
2026.110.10:01:00/gps-fmout/+1.178032e-01
2026.110.10:01:00/gps-maser/+1.178034e-01
2026.110.10:02:00/gps-fmout/+1.178032e-01
2026.110.10:02:00/gps-maser/+1.178034e-01
2026.110.10:03:00/gps-fmout/+1.178032e-01
2026.110.10:03:00/gps-maser/+1.178034e-01
2026.110.10:04:00/gps-fmout/+1.178032e-01
2026.110.10:04:00/gps-maser/+1.178034e-01
2026.110.10:05:00/gps-fmout/+1.178033e-01
2026.110.10:05:00/gps-maser/+1.178034e-01
2026.110.10:06:00/gps-fmout/+1.178032e-01
2026.110.10:06:00/gps-maser/+1.178034e-01
2026.110.10:07:00/gps-fmout/+1.178032e-01
2026.110.10:07:00/gps-maser/+1.178034e-01
2026.110.10:08:00/gps-fmout/+1.178032e-01
2026.110.10:08:00/gps-maser/+1.178034e-01
2026.110.10:09:00/gps-fmout/+1.178032e-01
2026.110.10:09:00/gps-maser/+1.178034e-01
2026.110.10:10:00/gps-fmout/+1.178032e-01
2026.110.10:10:00/gps-maser/+1.178034e-01
2026.110.10:11:00/gps-fmout/+1.178033e-01
2026.110.10:11:00/gps-maser/+1.178034e-01
2026.110.10:12:00/gps-fmout/+1.178032e-01
2026.110.10:12:00/gps-maser/+1.178034e-01
2026.110.10:13:00/gps-fmout/+1.178032e-01
2026.110.10:13:00/gps-maser/+1.178033e-01
2026.110.10:14:00/gps-fmout/+1.178032e-01
2026.110.10:14:00/gps-maser/+1.178034e-01
2026.110.10:15:00/gps-fmout/+1.178032e-01
2026.110.10:15:00/gps-maser/+1.178034e-01
2026.110.10:16:00/gps-fmout/+1.178032e-01
2026.110.10:16:00/gps-maser/+1.178034e-01
2026.110.10:17:00/gps-fmout/+1.178032e-01
2026.110.10:17:00/gps-maser/+1.178034e-01
2026.110.10:18:00/gps-fmout/+1.178032e-01
2026.110.10:18:00/gps-maser/+1.178034e-01
2026.110.10:19:00/gps-fmout/+1.178032e-01
2026.110.10:19:00/gps-maser/+1.178033e-01
2026.110.10:20:00/gps-fmout/+1.178032e-01
2026.110.10:20:00/gps-maser/+1.178033e-01
2026.110.10:21:00/gps-fmout/+1.178032e-01
2026.110.10:21:00/gps-maser/+1.178033e-01
2026.110.10:22:00/gps-fmout/+1.178032e-01
2026.110.10:22:00/gps-maser/+1.178033e-01
2026.110.10:23:00/gps-fmout/+1.178032e-01
2026.110.10:23:00/gps-maser/+1.178033e-01
2026.110.10:24:00/gps-fmout/+1.178032e-01
2026.110.10:24:00/gps-maser/+1.178033e-01
2026.110.10:25:00/gps-fmout/+1.178032e-01
2026.110.10:25:00/gps-maser/+1.178033e-01
2026.110.10:26:00/gps-fmout/+1.178032e-01
2026.110.10:26:00/gps-maser/+1.178033e-01
2026.110.10:27:00/gps-fmout/+1.178032e-01
2026.110.10:27:00/gps-maser/+1.178033e-01
2026.110.10:28:00/gps-fmout/+1.178032e-01
2026.110.10:28:00/gps-maser/+1.178033e-01
2026.110.10:29:00/gps-fmout/+1.178032e-01
2026.110.10:29:00/gps-maser/+1.178033e-01
2026.110.10:30:00/gps-fmout/+1.178032e-01
2026.110.10:30:00/gps-maser/+1.178033e-01
2026.110.10:31:00/gps-fmout/+1.178032e-01
2026.110.10:31:00/gps-maser/+1.178034e-01
2026.110.10:32:00/gps-fmout/+1.178032e-01
2026.110.10:32:00/gps-maser/+1.178033e-01
2026.110.10:33:00/gps-fmout/+1.178033e-01
2026.110.10:33:00/gps-maser/+1.178034e-01
2026.110.10:34:00/gps-fmout/+1.178033e-01
2026.110.10:34:00/gps-maser/+1.178034e-01
2026.110.10:35:00/gps-fmout/+1.178033e-01
2026.110.10:35:00/gps-maser/+1.178034e-01
2026.110.10:36:00/gps-fmout/+1.178033e-01
2026.110.10:36:00/gps-maser/+1.178034e-01
2026.110.10:37:00/gps-fmout/+1.178032e-01
2026.110.10:37:00/gps-maser/+1.178034e-01
2026.110.10:38:00/gps-fmout/+1.178033e-01
2026.110.10:38:00/gps-maser/+1.178034e-01
2026.110.10:39:00/gps-fmout/+1.178033e-01
2026.110.10:39:00/gps-maser/+1.178034e-01
2026.110.10:40:00/gps-fmout/+1.178033e-01
2026.110.10:40:00/gps-maser/+1.178034e-01
2026.110.10:41:00/gps-fmout/+1.178032e-01
2026.110.10:41:00/gps-maser/+1.178034e-01
2026.110.10:42:00/gps-fmout/+1.178032e-01
2026.110.10:42:00/gps-maser/+1.178034e-01
2026.110.10:43:00/gps-fmout/+1.178032e-01
2026.110.10:43:00/gps-maser/+1.178034e-01
2026.110.10:44:00/gps-fmout/+1.178032e-01
2026.110.10:44:00/gps-maser/+1.178033e-01
2026.110.10:45:00/gps-fmout/+1.178032e-01
2026.110.10:45:00/gps-maser/+1.178033e-01
2026.110.10:46:00/gps-fmout/+1.178032e-01
2026.110.10:46:00/gps-maser/+1.178033e-01
2026.110.10:47:00/gps-fmout/+1.178032e-01
2026.110.10:47:00/gps-maser/+1.178033e-01
2026.110.10:48:00/gps-fmout/+1.178032e-01
2026.110.10:48:00/gps-maser/+1.178033e-01
2026.110.10:49:00/gps-fmout/+1.178032e-01
2026.110.10:49:00/gps-maser/+1.178034e-01
2026.110.10:50:00/gps-fmout/+1.178033e-01
2026.110.10:50:00/gps-maser/+1.178034e-01
2026.110.10:51:00/gps-fmout/+1.178032e-01
2026.110.10:51:00/gps-maser/+1.178034e-01
2026.110.10:52:00/gps-fmout/+1.178033e-01
2026.110.10:52:00/gps-maser/+1.178034e-01
2026.110.10:53:00/gps-fmout/+1.178032e-01
2026.110.10:53:00/gps-maser/+1.178034e-01
2026.110.10:54:00/gps-fmout/+1.178032e-01
2026.110.10:54:00/gps-maser/+1.178033e-01
2026.110.10:55:00/gps-fmout/+1.178032e-01
2026.110.10:55:00/gps-maser/+1.178034e-01
2026.110.10:56:00/gps-fmout/+1.178033e-01
2026.110.10:56:00/gps-maser/+1.178034e-01
2026.110.10:57:00/gps-fmout/+1.178033e-01
2026.110.10:57:00/gps-maser/+1.178034e-01
2026.110.10:58:00/gps-fmout/+1.178033e-01
2026.110.10:58:00/gps-maser/+1.178034e-01
2026.110.10:59:00/gps-fmout/+1.178033e-01
2026.110.10:59:00/gps-maser/+1.178034e-01
2026.110.11:00:00/gps-fmout/+1.178033e-01
2026.110.11:00:00/gps-maser/+1.178034e-01
2026.110.11:01:00/gps-fmout/+1.178033e-01
2026.110.11:01:00/gps-maser/+1.178034e-01
2026.110.11:02:00/gps-fmout/+1.178033e-01
2026.110.11:02:00/gps-maser/+1.178034e-01
2026.110.11:03:00/gps-fmout/+1.178033e-01
2026.110.11:03:00/gps-maser/+1.178034e-01
2026.110.11:04:00/gps-fmout/+1.178033e-01
2026.110.11:04:00/gps-maser/+1.178034e-01
2026.110.11:05:00/gps-fmout/+1.178033e-01
2026.110.11:05:00/gps-maser/+1.178034e-01
2026.110.11:06:00/gps-fmout/+1.178033e-01
2026.110.11:06:00/gps-maser/+1.178034e-01
2026.110.11:07:00/gps-fmout/+1.178033e-01
2026.110.11:07:00/gps-maser/+1.178034e-01
2026.110.11:08:00/gps-fmout/+1.178033e-01
2026.110.11:08:00/gps-maser/+1.178034e-01
2026.110.11:09:00/gps-fmout/+1.178033e-01
2026.110.11:09:00/gps-maser/+1.178034e-01
2026.110.11:10:00/gps-fmout/+1.178033e-01
2026.110.11:10:00/gps-maser/+1.178034e-01
2026.110.11:11:00/gps-fmout/+1.178033e-01
2026.110.11:11:00/gps-maser/+1.178034e-01
2026.110.11:12:00/gps-fmout/+1.178033e-01
2026.110.11:12:00/gps-maser/+1.178034e-01
2026.110.11:13:00/gps-fmout/+1.178033e-01
2026.110.11:13:00/gps-maser/+1.178034e-01
2026.110.11:14:00/gps-fmout/+1.178033e-01
2026.110.11:14:00/gps-maser/+1.178034e-01
2026.110.11:15:00/gps-fmout/+1.178033e-01
2026.110.11:15:00/gps-maser/+1.178034e-01
2026.110.11:16:00/gps-fmout/+1.178033e-01
2026.110.11:16:00/gps-maser/+1.178034e-01
2026.110.11:17:00/gps-fmout/+1.178033e-01
2026.110.11:17:00/gps-maser/+1.178034e-01
2026.110.11:18:00/gps-fmout/+1.178033e-01
2026.110.11:18:00/gps-maser/+1.178034e-01
2026.110.11:19:00/gps-fmout/+1.178033e-01
2026.110.11:19:00/gps-maser/+1.178034e-01
2026.110.11:20:00/gps-fmout/+1.178033e-01
2026.110.11:20:00/gps-maser/+1.178034e-01
2026.110.11:21:00/gps-fmout/+1.178033e-01
2026.110.11:21:00/gps-maser/+1.178034e-01
2026.110.11:22:00/gps-fmout/+1.178033e-01
2026.110.11:22:00/gps-maser/+1.178034e-01
2026.110.11:23:00/gps-fmout/+1.178033e-01
2026.110.11:23:00/gps-maser/+1.178034e-01
2026.110.11:24:00/gps-fmout/+1.178033e-01
2026.110.11:24:00/gps-maser/+1.178034e-01
2026.110.11:25:00/gps-fmout/+1.178033e-01
2026.110.11:25:00/gps-maser/+1.178034e-01
2026.110.11:26:00/gps-fmout/+1.178033e-01
2026.110.11:26:00/gps-maser/+1.178034e-01
2026.110.11:27:00/gps-fmout/+1.178033e-01
2026.110.11:27:00/gps-maser/+1.178034e-01
2026.110.11:28:00/gps-fmout/+1.178033e-01
2026.110.11:28:00/gps-maser/+1.178034e-01
2026.110.11:29:00/gps-fmout/+1.178033e-01
2026.110.11:29:00/gps-maser/+1.178034e-01
2026.110.11:30:00/gps-fmout/+1.178033e-01
2026.110.11:30:00/gps-maser/+1.178034e-01
2026.110.11:31:00/gps-fmout/+1.178033e-01
2026.110.11:31:00/gps-maser/+1.178034e-01
2026.110.11:32:00/gps-fmout/+1.178033e-01
2026.110.11:32:00/gps-maser/+1.178034e-01
2026.110.11:33:00/gps-fmout/+1.178033e-01
2026.110.11:33:00/gps-maser/+1.178034e-01
2026.110.11:34:00/gps-fmout/+1.178033e-01
2026.110.11:34:00/gps-maser/+1.178034e-01
2026.110.11:35:00/gps-fmout/+1.178032e-01
2026.110.11:35:00/gps-maser/+1.178033e-01
2026.110.11:36:00/gps-fmout/+1.178032e-01
2026.110.11:36:00/gps-maser/+1.178034e-01
2026.110.11:37:00/gps-fmout/+1.178032e-01
2026.110.11:37:00/gps-maser/+1.178034e-01
2026.110.11:38:00/gps-fmout/+1.178033e-01
2026.110.11:38:00/gps-maser/+1.178034e-01
2026.110.11:39:00/gps-fmout/+1.178033e-01
2026.110.11:39:00/gps-maser/+1.178034e-01
2026.110.11:40:00/gps-fmout/+1.178033e-01
2026.110.11:40:00/gps-maser/+1.178034e-01
2026.110.11:41:00/gps-fmout/+1.178033e-01
2026.110.11:41:00/gps-maser/+1.178034e-01
2026.110.11:42:00/gps-fmout/+1.178033e-01
2026.110.11:42:00/gps-maser/+1.178034e-01
2026.110.11:43:00/gps-fmout/+1.178033e-01
2026.110.11:43:00/gps-maser/+1.178034e-01
2026.110.11:44:00/gps-fmout/+1.178033e-01
2026.110.11:44:00/gps-maser/+1.178034e-01
2026.110.11:45:00/gps-fmout/+1.178033e-01
2026.110.11:45:00/gps-maser/+1.178034e-01
2026.110.11:46:00/gps-fmout/+1.178033e-01
2026.110.11:46:00/gps-maser/+1.178034e-01
2026.110.11:47:00/gps-fmout/+1.178033e-01
2026.110.11:47:00/gps-maser/+1.178034e-01
2026.110.11:48:00/gps-fmout/+1.178033e-01
2026.110.11:48:00/gps-maser/+1.178034e-01
2026.110.11:49:00/gps-fmout/+1.178033e-01
2026.110.11:49:00/gps-maser/+1.178034e-01
2026.110.11:50:00/gps-fmout/+1.178033e-01
2026.110.11:50:00/gps-maser/+1.178034e-01
2026.110.11:51:00/gps-fmout/+1.178033e-01
2026.110.11:51:00/gps-maser/+1.178034e-01
2026.110.11:52:00/gps-fmout/+1.178033e-01
2026.110.11:52:00/gps-maser/+1.178034e-01
2026.110.11:53:00/gps-fmout/+1.178033e-01
2026.110.11:53:00/gps-maser/+1.178034e-01
2026.110.11:54:00/gps-fmout/+1.178033e-01
2026.110.11:54:00/gps-maser/+1.178034e-01
2026.110.11:55:00/gps-fmout/+1.178033e-01
2026.110.11:55:00/gps-maser/+1.178034e-01
2026.110.11:56:00/gps-fmout/+1.178033e-01
2026.110.11:56:00/gps-maser/+1.178034e-01
2026.110.11:57:00/gps-fmout/+1.178033e-01
2026.110.11:57:00/gps-maser/+1.178034e-01
2026.110.11:58:00/gps-fmout/+1.178033e-01
2026.110.11:58:00/gps-maser/+1.178034e-01
2026.110.11:59:00/gps-fmout/+1.178033e-01
2026.110.11:59:00/gps-maser/+1.178034e-01
2026.110.12:00:00/gps-fmout/+1.178033e-01
2026.110.12:00:00/gps-maser/+1.178034e-01
2026.110.12:01:00/gps-fmout/+1.178033e-01
2026.110.12:01:00/gps-maser/+1.178034e-01
2026.110.12:02:00/gps-fmout/+1.178033e-01
2026.110.12:02:00/gps-maser/+1.178034e-01
2026.110.12:03:00/gps-fmout/+1.178033e-01
2026.110.12:03:00/gps-maser/+1.178034e-01
2026.110.12:04:00/gps-fmout/+1.178033e-01
2026.110.12:04:00/gps-maser/+1.178034e-01
2026.110.12:05:00/gps-fmout/+1.178033e-01
2026.110.12:05:00/gps-maser/+1.178034e-01
2026.110.12:06:00/gps-fmout/+1.178033e-01
2026.110.12:06:00/gps-maser/+1.178034e-01
2026.110.12:07:00/gps-fmout/+1.178033e-01
2026.110.12:07:00/gps-maser/+1.178034e-01
2026.110.12:08:00/gps-fmout/+1.178033e-01
2026.110.12:08:00/gps-maser/+1.178034e-01
2026.110.12:09:00/gps-fmout/+1.178033e-01
2026.110.12:09:00/gps-maser/+1.178034e-01
2026.110.12:10:00/gps-fmout/+1.178033e-01
2026.110.12:10:00/gps-maser/+1.178034e-01
2026.110.12:11:00/gps-fmout/+1.178033e-01
2026.110.12:11:00/gps-maser/+1.178034e-01
2026.110.12:12:00/gps-fmout/+1.178033e-01
2026.110.12:12:00/gps-maser/+1.178034e-01
2026.110.12:13:00/gps-fmout/+1.178033e-01
2026.110.12:13:00/gps-maser/+1.178034e-01
2026.110.12:14:00/gps-fmout/+1.178033e-01
2026.110.12:14:00/gps-maser/+1.178034e-01
2026.110.12:15:00/gps-fmout/+1.178033e-01
2026.110.12:15:00/gps-maser/+1.178034e-01
2026.110.12:16:00/gps-fmout/+1.178033e-01
2026.110.12:16:00/gps-maser/+1.178034e-01
2026.110.12:17:00/gps-fmout/+1.178033e-01
2026.110.12:17:00/gps-maser/+1.178034e-01
2026.110.12:18:00/gps-fmout/+1.178033e-01
2026.110.12:18:00/gps-maser/+1.178034e-01
2026.110.12:19:00/gps-fmout/+1.178033e-01
2026.110.12:19:00/gps-maser/+1.178034e-01
2026.110.12:20:00/gps-fmout/+1.178033e-01
2026.110.12:20:00/gps-maser/+1.178034e-01
2026.110.12:21:00/gps-fmout/+1.178033e-01
2026.110.12:21:00/gps-maser/+1.178034e-01
2026.110.12:22:00/gps-fmout/+1.178033e-01
2026.110.12:22:00/gps-maser/+1.178034e-01
2026.110.12:23:00/gps-fmout/+1.178033e-01
2026.110.12:23:00/gps-maser/+1.178034e-01
2026.110.12:24:00/gps-fmout/+1.178033e-01
2026.110.12:24:00/gps-maser/+1.178034e-01
2026.110.12:25:00/gps-fmout/+1.178033e-01
2026.110.12:25:00/gps-maser/+1.178034e-01
2026.110.12:26:00/gps-fmout/+1.178033e-01
2026.110.12:26:00/gps-maser/+1.178034e-01
2026.110.12:27:00/gps-fmout/+1.178033e-01
2026.110.12:27:00/gps-maser/+1.178034e-01
2026.110.12:28:00/gps-fmout/+1.178033e-01
2026.110.12:28:00/gps-maser/+1.178034e-01
2026.110.12:29:00/gps-fmout/+1.178033e-01
2026.110.12:29:00/gps-maser/+1.178034e-01
2026.110.12:30:00/gps-fmout/+1.178033e-01
2026.110.12:30:00/gps-maser/+1.178034e-01
2026.110.12:31:00/gps-fmout/+1.178033e-01
2026.110.12:31:00/gps-maser/+1.178034e-01
2026.110.12:32:00/gps-fmout/+1.178033e-01
2026.110.12:32:00/gps-maser/+1.178034e-01
2026.110.12:33:00/gps-fmout/+1.178033e-01
2026.110.12:33:00/gps-maser/+1.178034e-01
2026.110.12:34:00/gps-fmout/+1.178033e-01
2026.110.12:34:00/gps-maser/+1.178034e-01
2026.110.12:35:00/gps-fmout/+1.178033e-01
2026.110.12:35:00/gps-maser/+1.178034e-01
2026.110.12:36:00/gps-fmout/+1.178033e-01
2026.110.12:36:00/gps-maser/+1.178034e-01
2026.110.12:37:00/gps-fmout/+1.178033e-01
2026.110.12:37:00/gps-maser/+1.178034e-01
2026.110.12:38:00/gps-fmout/+1.178033e-01
2026.110.12:38:00/gps-maser/+1.178034e-01
2026.110.12:39:00/gps-fmout/+1.178033e-01
2026.110.12:39:00/gps-maser/+1.178034e-01
2026.110.12:40:00/gps-fmout/+1.178033e-01
2026.110.12:40:00/gps-maser/+1.178034e-01
2026.110.12:41:00/gps-fmout/+1.178033e-01
2026.110.12:41:00/gps-maser/+1.178034e-01
2026.110.12:42:00/gps-fmout/+1.178033e-01
2026.110.12:42:00/gps-maser/+1.178034e-01
2026.110.12:43:00/gps-fmout/+1.178033e-01
2026.110.12:43:00/gps-maser/+1.178034e-01
2026.110.12:44:00/gps-fmout/+1.178033e-01
2026.110.12:44:00/gps-maser/+1.178034e-01
2026.110.12:45:00/gps-fmout/+1.178033e-01
2026.110.12:45:00/gps-maser/+1.178034e-01
2026.110.12:46:00/gps-fmout/+1.178033e-01
2026.110.12:46:00/gps-maser/+1.178034e-01
2026.110.12:47:00/gps-fmout/+1.178033e-01
2026.110.12:47:00/gps-maser/+1.178034e-01
2026.110.12:48:00/gps-fmout/+1.178033e-01
2026.110.12:48:00/gps-maser/+1.178034e-01
2026.110.12:49:00/gps-fmout/+1.178033e-01
2026.110.12:49:00/gps-maser/+1.178034e-01
2026.110.12:50:00/gps-fmout/+1.178033e-01
2026.110.12:50:00/gps-maser/+1.178034e-01
2026.110.12:51:00/gps-fmout/+1.178033e-01
2026.110.12:51:00/gps-maser/+1.178034e-01
2026.110.12:52:00/gps-fmout/+1.178033e-01
2026.110.12:52:00/gps-maser/+1.178034e-01
2026.110.12:53:00/gps-fmout/+1.178033e-01
2026.110.12:53:00/gps-maser/+1.178034e-01
2026.110.12:54:00/gps-fmout/+1.178033e-01
2026.110.12:54:00/gps-maser/+1.178034e-01
2026.110.12:55:00/gps-fmout/+1.178033e-01
2026.110.12:55:00/gps-maser/+1.178034e-01
2026.110.12:56:00/gps-fmout/+1.178033e-01
2026.110.12:56:00/gps-maser/+1.178034e-01
2026.110.12:57:00/gps-fmout/+1.178033e-01
2026.110.12:57:00/gps-maser/+1.178034e-01
2026.110.12:58:00/gps-fmout/+1.178033e-01
2026.110.12:58:00/gps-maser/+1.178034e-01
2026.110.12:59:00/gps-fmout/+1.178033e-01
2026.110.12:59:00/gps-maser/+1.178034e-01
2026.110.13:00:00/gps-fmout/+1.178033e-01
2026.110.13:00:00/gps-maser/+1.178034e-01
2026.110.13:01:00/gps-fmout/+1.178033e-01
2026.110.13:01:00/gps-maser/+1.178034e-01
2026.110.13:02:00/gps-fmout/+1.178033e-01
2026.110.13:02:00/gps-maser/+1.178034e-01
2026.110.13:03:00/gps-fmout/+1.178033e-01
2026.110.13:03:00/gps-maser/+1.178034e-01
2026.110.13:04:00/gps-fmout/+1.178033e-01
2026.110.13:04:00/gps-maser/+1.178034e-01
2026.110.13:05:00/gps-fmout/+1.178033e-01
2026.110.13:05:00/gps-maser/+1.178034e-01
2026.110.13:06:00/gps-fmout/+1.178033e-01
2026.110.13:06:00/gps-maser/+1.178034e-01
2026.110.13:07:00/gps-fmout/+1.178033e-01
2026.110.13:07:00/gps-maser/+1.178034e-01
2026.110.13:08:00/gps-fmout/+1.178033e-01
2026.110.13:08:00/gps-maser/+1.178034e-01
2026.110.13:09:00/gps-fmout/+1.178033e-01
2026.110.13:09:00/gps-maser/+1.178034e-01
2026.110.13:10:00/gps-fmout/+1.178033e-01
2026.110.13:10:00/gps-maser/+1.178034e-01
2026.110.13:11:00/gps-fmout/+1.178033e-01
2026.110.13:11:00/gps-maser/+1.178034e-01
2026.110.13:12:00/gps-fmout/+1.178033e-01
2026.110.13:12:00/gps-maser/+1.178034e-01
2026.110.13:13:00/gps-fmout/+1.178033e-01
2026.110.13:13:00/gps-maser/+1.178034e-01
2026.110.13:14:00/gps-fmout/+1.178033e-01
2026.110.13:14:00/gps-maser/+1.178034e-01
2026.110.13:15:00/gps-fmout/+1.178033e-01
2026.110.13:15:00/gps-maser/+1.178034e-01
2026.110.13:16:00/gps-fmout/+1.178033e-01
2026.110.13:16:00/gps-maser/+1.178034e-01
2026.110.13:17:00/gps-fmout/+1.178033e-01
2026.110.13:17:00/gps-maser/+1.178034e-01
2026.110.13:18:00/gps-fmout/+1.178033e-01
2026.110.13:18:00/gps-maser/+1.178034e-01
2026.110.13:19:00/gps-fmout/+1.178033e-01
2026.110.13:19:00/gps-maser/+1.178034e-01
2026.110.13:20:00/gps-fmout/+1.178033e-01
2026.110.13:20:00/gps-maser/+1.178034e-01
2026.110.13:21:00/gps-fmout/+1.178033e-01
2026.110.13:21:00/gps-maser/+1.178034e-01
2026.110.13:22:00/gps-fmout/+1.178033e-01
2026.110.13:22:00/gps-maser/+1.178034e-01
2026.110.13:23:00/gps-fmout/+1.178033e-01
2026.110.13:23:00/gps-maser/+1.178034e-01
2026.110.13:24:00/gps-fmout/+1.178033e-01
2026.110.13:24:00/gps-maser/+1.178034e-01
2026.110.13:25:00/gps-fmout/+1.178033e-01
2026.110.13:25:00/gps-maser/+1.178034e-01
2026.110.13:26:00/gps-fmout/+1.178033e-01
2026.110.13:26:00/gps-maser/+1.178034e-01
2026.110.13:27:00/gps-fmout/+1.178033e-01
2026.110.13:27:00/gps-maser/+1.178034e-01
2026.110.13:28:00/gps-fmout/+1.178033e-01
2026.110.13:28:00/gps-maser/+1.178034e-01
2026.110.13:29:00/gps-fmout/+1.178033e-01
2026.110.13:29:00/gps-maser/+1.178034e-01
2026.110.13:30:00/gps-fmout/+1.178033e-01
2026.110.13:30:00/gps-maser/+1.178034e-01
2026.110.13:31:00/gps-fmout/+1.178033e-01
2026.110.13:31:00/gps-maser/+1.178034e-01
2026.110.13:32:00/gps-fmout/+1.178033e-01
2026.110.13:32:00/gps-maser/+1.178034e-01
2026.110.13:33:00/gps-fmout/+1.178033e-01
2026.110.13:33:00/gps-maser/+1.178034e-01
2026.110.13:34:00/gps-fmout/+1.178033e-01
2026.110.13:34:00/gps-maser/+1.178034e-01
2026.110.13:35:00/gps-fmout/+1.178033e-01
2026.110.13:35:00/gps-maser/+1.178034e-01
2026.110.13:36:00/gps-fmout/+1.178033e-01
2026.110.13:36:00/gps-maser/+1.178034e-01
2026.110.13:37:00/gps-fmout/+1.178033e-01
2026.110.13:37:00/gps-maser/+1.178034e-01
2026.110.13:38:00/gps-fmout/+1.178033e-01
2026.110.13:38:00/gps-maser/+1.178034e-01
2026.110.13:39:00/gps-fmout/+1.178033e-01
2026.110.13:39:00/gps-maser/+1.178034e-01
2026.110.13:40:00/gps-fmout/+1.178033e-01
2026.110.13:40:00/gps-maser/+1.178034e-01
2026.110.13:41:00/gps-fmout/+1.178033e-01
2026.110.13:41:00/gps-maser/+1.178034e-01
2026.110.13:42:00/gps-fmout/+1.178033e-01
2026.110.13:42:00/gps-maser/+1.178034e-01
2026.110.13:43:00/gps-fmout/+1.178033e-01
2026.110.13:43:00/gps-maser/+1.178034e-01
2026.110.13:44:00/gps-fmout/+1.178033e-01
2026.110.13:44:00/gps-maser/+1.178034e-01
2026.110.13:45:00/gps-fmout/+1.178033e-01
2026.110.13:45:00/gps-maser/+1.178034e-01
2026.110.13:46:00/gps-fmout/+1.178033e-01
2026.110.13:46:00/gps-maser/+1.178034e-01
2026.110.13:47:00/gps-fmout/+1.178033e-01
2026.110.13:47:00/gps-maser/+1.178034e-01
2026.110.13:48:00/gps-fmout/+1.178033e-01
2026.110.13:48:00/gps-maser/+1.178034e-01
2026.110.13:49:00/gps-fmout/+1.178033e-01
2026.110.13:49:00/gps-maser/+1.178034e-01
2026.110.13:50:00/gps-fmout/+1.178033e-01
2026.110.13:50:00/gps-maser/+1.178034e-01
2026.110.13:51:00/gps-fmout/+1.178033e-01
2026.110.13:51:00/gps-maser/+1.178034e-01
2026.110.13:52:00/gps-fmout/+1.178033e-01
2026.110.13:52:00/gps-maser/+1.178034e-01
2026.110.13:53:00/gps-fmout/+1.178033e-01
2026.110.13:53:00/gps-maser/+1.178034e-01
2026.110.13:54:00/gps-fmout/+1.178033e-01
2026.110.13:54:00/gps-maser/+1.178034e-01
2026.110.13:55:00/gps-fmout/+1.178033e-01
2026.110.13:55:00/gps-maser/+1.178034e-01
2026.110.13:56:00/gps-fmout/+1.178033e-01
2026.110.13:56:00/gps-maser/+1.178034e-01
2026.110.13:57:00/gps-fmout/+1.178033e-01
2026.110.13:57:00/gps-maser/+1.178034e-01
2026.110.13:58:00/gps-fmout/+1.178033e-01
2026.110.13:58:00/gps-maser/+1.178034e-01
2026.110.13:59:00/gps-fmout/+1.178033e-01
2026.110.13:59:00/gps-maser/+1.178034e-01
2026.110.14:00:00/gps-fmout/+1.178033e-01
2026.110.14:00:00/gps-maser/+1.178034e-01
2026.110.14:01:00/gps-fmout/+1.178033e-01
2026.110.14:01:00/gps-maser/+1.178034e-01
2026.110.14:02:00/gps-fmout/+1.178033e-01
2026.110.14:02:00/gps-maser/+1.178034e-01
2026.110.14:03:00/gps-fmout/+1.178033e-01
2026.110.14:03:00/gps-maser/+1.178034e-01
2026.110.14:04:00/gps-fmout/+1.178033e-01
2026.110.14:04:00/gps-maser/+1.178034e-01
2026.110.14:05:00/gps-fmout/+1.178033e-01
2026.110.14:05:00/gps-maser/+1.178034e-01
2026.110.14:06:00/gps-fmout/+1.178033e-01
2026.110.14:06:00/gps-maser/+1.178034e-01
2026.110.14:07:00/gps-fmout/+1.178033e-01
2026.110.14:07:00/gps-maser/+1.178034e-01
2026.110.14:08:00/gps-fmout/+1.178033e-01
2026.110.14:08:00/gps-maser/+1.178034e-01
2026.110.14:09:00/gps-fmout/+1.178033e-01
2026.110.14:09:00/gps-maser/+1.178034e-01
2026.110.14:10:00/gps-fmout/+1.178033e-01
2026.110.14:10:00/gps-maser/+1.178034e-01
2026.110.14:11:00/gps-fmout/+1.178033e-01
2026.110.14:11:00/gps-maser/+1.178034e-01
2026.110.14:12:00/gps-fmout/+1.178033e-01
2026.110.14:12:00/gps-maser/+1.178034e-01
2026.110.14:13:00/gps-fmout/+1.178033e-01
2026.110.14:13:00/gps-maser/+1.178034e-01
2026.110.14:14:00/gps-fmout/+1.178033e-01
2026.110.14:14:00/gps-maser/+1.178034e-01
2026.110.14:15:00/gps-fmout/+1.178033e-01
2026.110.14:15:00/gps-maser/+1.178034e-01
2026.110.14:16:00/gps-fmout/+1.178033e-01
2026.110.14:16:00/gps-maser/+1.178034e-01
2026.110.14:17:00/gps-fmout/+1.178033e-01
2026.110.14:17:00/gps-maser/+1.178034e-01
2026.110.14:18:00/gps-fmout/+1.178033e-01
2026.110.14:18:00/gps-maser/+1.178034e-01
2026.110.14:19:00/gps-fmout/+1.178033e-01
2026.110.14:19:00/gps-maser/+1.178034e-01
2026.110.14:20:00/gps-fmout/+1.178033e-01
2026.110.14:20:00/gps-maser/+1.178034e-01
2026.110.14:21:00/gps-fmout/+1.178033e-01
2026.110.14:21:00/gps-maser/+1.178034e-01
2026.110.14:22:00/gps-fmout/+1.178033e-01
2026.110.14:22:00/gps-maser/+1.178034e-01
2026.110.14:23:00/gps-fmout/+1.178033e-01
2026.110.14:23:00/gps-maser/+1.178034e-01
2026.110.14:24:00/gps-fmout/+1.178033e-01
2026.110.14:24:00/gps-maser/+1.178034e-01
2026.110.14:25:00/gps-fmout/+1.178033e-01
2026.110.14:25:00/gps-maser/+1.178034e-01
2026.110.14:26:00/gps-fmout/+1.178033e-01
2026.110.14:26:00/gps-maser/+1.178034e-01
2026.110.14:27:00/gps-fmout/+1.178033e-01
2026.110.14:27:00/gps-maser/+1.178034e-01
2026.110.14:28:00/gps-fmout/+1.178033e-01
2026.110.14:28:00/gps-maser/+1.178034e-01
2026.110.14:29:00/gps-fmout/+1.178033e-01
2026.110.14:29:00/gps-maser/+1.178034e-01
2026.110.14:30:00/gps-fmout/+1.178033e-01
2026.110.14:30:00/gps-maser/+1.178034e-01
2026.110.14:31:00/gps-fmout/+1.178033e-01
2026.110.14:31:00/gps-maser/+1.178034e-01
2026.110.14:32:00/gps-fmout/+1.178033e-01
2026.110.14:32:00/gps-maser/+1.178034e-01
2026.110.14:33:00/gps-fmout/+1.178033e-01
2026.110.14:33:00/gps-maser/+1.178034e-01
2026.110.14:34:00/gps-fmout/+1.178033e-01
2026.110.14:34:00/gps-maser/+1.178034e-01
2026.110.14:35:00/gps-fmout/+1.178033e-01
2026.110.14:35:00/gps-maser/+1.178034e-01
2026.110.14:36:00/gps-fmout/+1.178033e-01
2026.110.14:36:00/gps-maser/+1.178034e-01
2026.110.14:37:00/gps-fmout/+1.178033e-01
2026.110.14:37:00/gps-maser/+1.178034e-01
2026.110.14:38:00/gps-fmout/+1.178033e-01
2026.110.14:38:00/gps-maser/+1.178034e-01
2026.110.14:39:00/gps-fmout/+1.178033e-01
2026.110.14:39:00/gps-maser/+1.178034e-01
2026.110.14:40:00/gps-fmout/+1.178033e-01
2026.110.14:40:00/gps-maser/+1.178034e-01
2026.110.14:41:00/gps-fmout/+1.178033e-01
2026.110.14:41:00/gps-maser/+1.178034e-01
2026.110.14:42:00/gps-fmout/+1.178033e-01
2026.110.14:42:00/gps-maser/+1.178034e-01
2026.110.14:43:00/gps-fmout/+1.178033e-01
2026.110.14:43:00/gps-maser/+1.178034e-01
2026.110.14:44:00/gps-fmout/+1.178033e-01
2026.110.14:44:00/gps-maser/+1.178034e-01
2026.110.14:45:00/gps-fmout/+1.178033e-01
2026.110.14:45:00/gps-maser/+1.178034e-01
2026.110.14:46:00/gps-fmout/+1.178033e-01
2026.110.14:46:00/gps-maser/+1.178034e-01
2026.110.14:47:00/gps-fmout/+1.178033e-01
2026.110.14:47:00/gps-maser/+1.178034e-01
2026.110.14:48:00/gps-fmout/+1.178033e-01
2026.110.14:48:00/gps-maser/+1.178034e-01
2026.110.14:49:00/gps-fmout/+1.178033e-01
2026.110.14:49:00/gps-maser/+1.178034e-01
2026.110.14:50:00/gps-fmout/+1.178033e-01
2026.110.14:50:00/gps-maser/+1.178034e-01
2026.110.14:51:00/gps-fmout/+1.178033e-01
2026.110.14:51:00/gps-maser/+1.178034e-01
2026.110.14:52:00/gps-fmout/+1.178033e-01
2026.110.14:52:00/gps-maser/+1.178034e-01
2026.110.14:53:00/gps-fmout/+1.178033e-01
2026.110.14:53:00/gps-maser/+1.178034e-01
2026.110.14:54:00/gps-fmout/+1.178033e-01
2026.110.14:54:00/gps-maser/+1.178034e-01
2026.110.14:55:00/gps-fmout/+1.178033e-01
2026.110.14:55:00/gps-maser/+1.178034e-01
2026.110.14:56:00/gps-fmout/+1.178033e-01
2026.110.14:56:00/gps-maser/+1.178034e-01
2026.110.14:57:00/gps-fmout/+1.178033e-01
2026.110.14:57:00/gps-maser/+1.178034e-01
2026.110.14:58:00/gps-fmout/+1.178033e-01
2026.110.14:58:00/gps-maser/+1.178034e-01
2026.110.14:59:00/gps-fmout/+1.178033e-01
2026.110.14:59:00/gps-maser/+1.178034e-01
2026.110.15:00:00/gps-fmout/+1.178033e-01
2026.110.15:00:00/gps-maser/+1.178034e-01
2026.110.15:01:00/gps-fmout/+1.178033e-01
2026.110.15:01:00/gps-maser/+1.178034e-01
2026.110.15:02:00/gps-fmout/+1.178033e-01
2026.110.15:02:00/gps-maser/+1.178034e-01
2026.110.15:03:00/gps-fmout/+1.178033e-01
2026.110.15:03:00/gps-maser/+1.178034e-01
2026.110.15:04:00/gps-fmout/+1.178033e-01
2026.110.15:04:00/gps-maser/+1.178034e-01
2026.110.15:05:00/gps-fmout/+1.178033e-01
2026.110.15:05:00/gps-maser/+1.178034e-01
2026.110.15:06:00/gps-fmout/+1.178033e-01
2026.110.15:06:00/gps-maser/+1.178034e-01
2026.110.15:07:00/gps-fmout/+1.178033e-01
2026.110.15:07:00/gps-maser/+1.178034e-01
2026.110.15:08:00/gps-fmout/+1.178033e-01
2026.110.15:08:00/gps-maser/+1.178034e-01
2026.110.15:09:00/gps-fmout/+1.178033e-01
2026.110.15:09:00/gps-maser/+1.178034e-01
2026.110.15:10:00/gps-fmout/+1.178033e-01
2026.110.15:10:00/gps-maser/+1.178034e-01
2026.110.15:11:00/gps-fmout/+1.178033e-01
2026.110.15:11:00/gps-maser/+1.178034e-01
2026.110.15:12:00/gps-fmout/+1.178033e-01
2026.110.15:12:00/gps-maser/+1.178034e-01
2026.110.15:13:00/gps-fmout/+1.178033e-01
2026.110.15:13:00/gps-maser/+1.178034e-01
2026.110.15:14:00/gps-fmout/+1.178033e-01
2026.110.15:14:00/gps-maser/+1.178034e-01
2026.110.15:15:00/gps-fmout/+1.178033e-01
2026.110.15:15:00/gps-maser/+1.178034e-01
2026.110.15:16:00/gps-fmout/+1.178033e-01
2026.110.15:16:00/gps-maser/+1.178034e-01
2026.110.15:17:00/gps-fmout/+1.178033e-01
2026.110.15:17:00/gps-maser/+1.178034e-01
2026.110.15:18:00/gps-fmout/+1.178033e-01
2026.110.15:18:00/gps-maser/+1.178034e-01
2026.110.15:19:00/gps-fmout/+1.178033e-01
2026.110.15:19:00/gps-maser/+1.178034e-01
2026.110.15:20:00/gps-fmout/+1.178033e-01
2026.110.15:20:00/gps-maser/+1.178034e-01
2026.110.15:21:00/gps-fmout/+1.178033e-01
2026.110.15:21:00/gps-maser/+1.178034e-01
2026.110.15:22:00/gps-fmout/+1.178033e-01
2026.110.15:22:00/gps-maser/+1.178034e-01
2026.110.15:23:00/gps-fmout/+1.178033e-01
2026.110.15:23:00/gps-maser/+1.178034e-01
2026.110.15:24:00/gps-fmout/+1.178033e-01
2026.110.15:24:00/gps-maser/+1.178034e-01
2026.110.15:25:00/gps-fmout/+1.178033e-01
2026.110.15:25:00/gps-maser/+1.178034e-01
2026.110.15:26:00/gps-fmout/+1.178033e-01
2026.110.15:26:00/gps-maser/+1.178034e-01
2026.110.15:27:00/gps-fmout/+1.178033e-01
2026.110.15:27:00/gps-maser/+1.178034e-01
2026.110.15:28:00/gps-fmout/+1.178033e-01
2026.110.15:28:00/gps-maser/+1.178034e-01
2026.110.15:29:00/gps-fmout/+1.178033e-01
2026.110.15:29:00/gps-maser/+1.178034e-01
2026.110.15:30:00/gps-fmout/+1.178033e-01
2026.110.15:30:00/gps-maser/+1.178034e-01
2026.110.15:31:00/gps-fmout/+1.178033e-01
2026.110.15:31:00/gps-maser/+1.178034e-01
2026.110.15:32:00/gps-fmout/+1.178033e-01
2026.110.15:32:00/gps-maser/+1.178034e-01
2026.110.15:33:00/gps-fmout/+1.178033e-01
2026.110.15:33:00/gps-maser/+1.178034e-01
2026.110.15:34:00/gps-fmout/+1.178033e-01
2026.110.15:34:00/gps-maser/+1.178034e-01
2026.110.15:35:00/gps-fmout/+1.178033e-01
2026.110.15:35:00/gps-maser/+1.178034e-01
2026.110.15:36:00/gps-fmout/+1.178033e-01
2026.110.15:36:00/gps-maser/+1.178034e-01
2026.110.15:37:00/gps-fmout/+1.178033e-01
2026.110.15:37:00/gps-maser/+1.178034e-01
2026.110.15:38:00/gps-fmout/+1.178033e-01
2026.110.15:38:00/gps-maser/+1.178034e-01
2026.110.15:39:00/gps-fmout/+1.178033e-01
2026.110.15:39:00/gps-maser/+1.178034e-01
2026.110.15:40:00/gps-fmout/+1.178033e-01
2026.110.15:40:00/gps-maser/+1.178034e-01
2026.110.15:41:00/gps-fmout/+1.178033e-01
2026.110.15:41:00/gps-maser/+1.178034e-01
2026.110.15:42:00/gps-fmout/+1.178033e-01
2026.110.15:42:00/gps-maser/+1.178034e-01
2026.110.15:43:00/gps-fmout/+1.178033e-01
2026.110.15:43:00/gps-maser/+1.178034e-01
