2026.267.16:00:00;APEX Database GPS vs Devices offset for c262a
2026.267.16:00:00;The format is gps-fmout/[seconds] and gps-maser/[seconds]
2026.267.16:01:00/gps-fmout/+5.282118e-07
2026.267.16:01:00/gps-maser/+4.671037e-07
2026.267.16:02:00/gps-fmout/+5.278308e-07
2026.267.16:02:00/gps-maser/+4.668591e-07
2026.267.16:03:00/gps-fmout/+5.247727e-07
2026.267.16:03:00/gps-maser/+4.654776e-07
2026.267.16:04:00/gps-fmout/+5.238636e-07
2026.267.16:04:00/gps-maser/+4.626979e-07
2026.267.16:05:00/gps-fmout/+5.228936e-07
2026.267.16:05:00/gps-maser/+4.609744e-07
2026.267.16:06:00/gps-fmout/+5.207803e-07
2026.267.16:06:00/gps-maser/+4.605706e-07
2026.267.16:07:00/gps-fmout/+5.221431e-07
2026.267.16:07:00/gps-maser/+4.599409e-07
2026.267.16:08:00/gps-fmout/+5.214906e-07
2026.267.16:08:00/gps-maser/+4.595993e-07
2026.267.16:09:00/gps-fmout/+5.200000e-07
2026.267.16:09:00/gps-maser/+4.580336e-07
2026.267.16:10:00/gps-fmout/+5.200000e-07
2026.267.16:10:00/gps-maser/+4.591411e-07
2026.267.16:11:00/gps-fmout/+5.200000e-07
2026.267.16:11:00/gps-maser/+4.605222e-07
2026.267.16:12:00/gps-fmout/+5.204830e-07
2026.267.16:12:00/gps-maser/+4.621008e-07
2026.267.16:13:00/gps-fmout/+5.230186e-07
2026.267.16:13:00/gps-maser/+4.638967e-07
2026.267.16:14:00/gps-fmout/+5.252273e-07
2026.267.16:14:00/gps-maser/+4.633718e-07
2026.267.16:15:00/gps-fmout/+5.261364e-07
2026.267.16:15:00/gps-maser/+4.651425e-07
2026.267.16:16:00/gps-fmout/+5.270143e-07
2026.267.16:16:00/gps-maser/+4.660400e-07
2026.267.16:17:00/gps-fmout/+5.260000e-07
2026.267.16:17:00/gps-maser/+4.658734e-07
2026.267.16:18:00/gps-fmout/+5.260000e-07
2026.267.16:18:00/gps-maser/+4.641971e-07
2026.267.16:19:00/gps-fmout/+5.260000e-07
2026.267.16:19:00/gps-maser/+4.655007e-07
2026.267.16:20:00/gps-fmout/+5.260736e-07
2026.267.16:20:00/gps-maser/+4.671775e-07
2026.267.16:21:00/gps-fmout/+5.270368e-07
2026.267.16:21:00/gps-maser/+4.668952e-07
2026.267.16:22:00/gps-fmout/+5.260000e-07
2026.267.16:22:00/gps-maser/+4.660878e-07
2026.267.16:23:00/gps-fmout/+5.226271e-07
2026.267.16:23:00/gps-maser/+4.648923e-07
2026.267.16:24:00/gps-fmout/+5.207707e-07
2026.267.16:24:00/gps-maser/+4.623251e-07
2026.267.16:25:00/gps-fmout/+5.204704e-07
2026.267.16:25:00/gps-maser/+4.607170e-07
2026.267.16:26:00/gps-fmout/+5.178016e-07
2026.267.16:26:00/gps-maser/+4.599294e-07
2026.267.16:27:00/gps-fmout/+5.181029e-07
2026.267.16:27:00/gps-maser/+4.599495e-07
2026.267.16:28:00/gps-fmout/+5.196002e-07
2026.267.16:28:00/gps-maser/+4.570600e-07
2026.267.16:29:00/gps-fmout/+5.188738e-07
2026.267.16:29:00/gps-maser/+4.590961e-07
2026.267.16:30:00/gps-fmout/+5.194373e-07
2026.267.16:30:00/gps-maser/+4.609701e-07
2026.267.16:31:00/gps-fmout/+5.212494e-07
2026.267.16:31:00/gps-maser/+4.600520e-07
2026.267.16:32:00/gps-fmout/+5.220000e-07
2026.267.16:32:00/gps-maser/+4.612099e-07
2026.267.16:33:00/gps-fmout/+5.220000e-07
2026.267.16:33:00/gps-maser/+4.616779e-07
2026.267.16:34:00/gps-fmout/+5.205394e-07
2026.267.16:34:00/gps-maser/+4.600163e-07
2026.267.16:35:00/gps-fmout/+5.182278e-07
2026.267.16:35:00/gps-maser/+4.597466e-07
2026.267.16:36:00/gps-fmout/+5.190160e-07
2026.267.16:36:00/gps-maser/+4.586608e-07
2026.267.16:37:00/gps-fmout/+5.190650e-07
2026.267.16:37:00/gps-maser/+4.569602e-07
2026.267.16:38:00/gps-fmout/+5.199559e-07
2026.267.16:38:00/gps-maser/+4.589521e-07
2026.267.16:39:00/gps-fmout/+5.184545e-07
2026.267.16:39:00/gps-maser/+4.570000e-07
2026.267.16:40:00/gps-fmout/+5.193636e-07
2026.267.16:40:00/gps-maser/+4.570000e-07
2026.267.16:41:00/gps-fmout/+5.202727e-07
2026.267.16:41:00/gps-maser/+4.572805e-07
2026.267.16:42:00/gps-fmout/+5.210724e-07
2026.267.16:42:00/gps-maser/+4.591312e-07
2026.267.16:43:00/gps-fmout/+5.198344e-07
2026.267.16:43:00/gps-maser/+4.589082e-07
2026.267.16:44:00/gps-fmout/+5.194375e-07
2026.267.16:44:00/gps-maser/+4.588688e-07
2026.267.16:45:00/gps-fmout/+5.200000e-07
2026.267.16:45:00/gps-maser/+4.592865e-07
2026.267.16:46:00/gps-fmout/+5.200000e-07
2026.267.16:46:00/gps-maser/+4.585073e-07
2026.267.16:47:00/gps-fmout/+5.200000e-07
2026.267.16:47:00/gps-maser/+4.598517e-07
2026.267.16:48:00/gps-fmout/+5.199839e-07
2026.267.16:48:00/gps-maser/+4.589336e-07
2026.267.16:49:00/gps-fmout/+5.200533e-07
2026.267.16:49:00/gps-maser/+4.590451e-07
2026.267.16:50:00/gps-fmout/+5.219091e-07
2026.267.16:50:00/gps-maser/+4.616034e-07
2026.267.16:51:00/gps-fmout/+5.237633e-07
2026.267.16:51:00/gps-maser/+4.620106e-07
2026.267.16:52:00/gps-fmout/+5.234545e-07
2026.267.16:52:00/gps-maser/+4.621876e-07
2026.267.16:53:00/gps-fmout/+5.216364e-07
2026.267.16:53:00/gps-maser/+4.630301e-07
2026.267.16:54:00/gps-fmout/+5.199790e-07
2026.267.16:54:00/gps-maser/+4.617827e-07
2026.267.16:55:00/gps-fmout/+5.205000e-07
2026.267.16:55:00/gps-maser/+4.600363e-07
2026.267.16:56:00/gps-fmout/+5.196404e-07
2026.267.16:56:00/gps-maser/+4.592121e-07
2026.267.16:57:00/gps-fmout/+5.184376e-07
2026.267.16:57:00/gps-maser/+4.573939e-07
2026.267.16:58:00/gps-fmout/+5.165455e-07
2026.267.16:58:00/gps-maser/+4.558525e-07
2026.267.16:59:00/gps-fmout/+5.148152e-07
2026.267.16:59:00/gps-maser/+4.568983e-07
2026.267.17:00:00/gps-fmout/+5.160909e-07
2026.267.17:00:00/gps-maser/+4.550589e-07
2026.267.17:01:00/gps-fmout/+5.179091e-07
2026.267.17:01:00/gps-maser/+4.581847e-07
2026.267.17:02:00/gps-fmout/+5.189940e-07
2026.267.17:02:00/gps-maser/+4.581839e-07
2026.267.17:03:00/gps-fmout/+5.181826e-07
2026.267.17:03:00/gps-maser/+4.561383e-07
2026.267.17:04:00/gps-fmout/+5.188149e-07
2026.267.17:04:00/gps-maser/+4.573063e-07
2026.267.17:05:00/gps-fmout/+5.171061e-07
2026.267.17:05:00/gps-maser/+4.589744e-07
2026.267.17:06:00/gps-fmout/+5.181333e-07
2026.267.17:06:00/gps-maser/+4.580000e-07
2026.267.17:07:00/gps-fmout/+5.176715e-07
2026.267.17:07:00/gps-maser/+4.580941e-07
2026.267.17:08:00/gps-fmout/+5.163242e-07
2026.267.17:08:00/gps-maser/+4.575411e-07
2026.267.17:09:00/gps-fmout/+5.150000e-07
2026.267.17:09:00/gps-maser/+4.555758e-07
2026.267.17:10:00/gps-fmout/+5.150000e-07
2026.267.17:10:00/gps-maser/+4.539198e-07
2026.267.17:11:00/gps-fmout/+5.150674e-07
2026.267.17:11:00/gps-maser/+4.570318e-07
2026.267.17:12:00/gps-fmout/+5.171811e-07
2026.267.17:12:00/gps-maser/+4.556333e-07
2026.267.17:13:00/gps-fmout/+5.163763e-07
2026.267.17:13:00/gps-maser/+4.547797e-07
2026.267.17:14:00/gps-fmout/+5.167705e-07
2026.267.17:14:00/gps-maser/+4.571333e-07
2026.267.17:15:00/gps-fmout/+5.160899e-07
2026.267.17:15:00/gps-maser/+4.567939e-07
2026.267.17:16:00/gps-fmout/+5.171859e-07
2026.267.17:16:00/gps-maser/+4.551758e-07
2026.267.17:17:00/gps-fmout/+5.175000e-07
2026.267.17:17:00/gps-maser/+4.577094e-07
2026.267.17:18:00/gps-fmout/+5.165909e-07
2026.267.17:18:00/gps-maser/+4.561972e-07
2026.267.17:19:00/gps-fmout/+5.154943e-07
2026.267.17:19:00/gps-maser/+4.548432e-07
2026.267.17:20:00/gps-fmout/+5.136470e-07
2026.267.17:20:00/gps-maser/+4.545561e-07
2026.267.17:21:00/gps-fmout/+5.130672e-07
2026.267.17:21:00/gps-maser/+4.519534e-07
2026.267.17:22:00/gps-fmout/+5.149632e-07
2026.267.17:22:00/gps-maser/+4.529743e-07
2026.267.17:23:00/gps-fmout/+5.140210e-07
2026.267.17:23:00/gps-maser/+4.528129e-07
2026.267.17:24:00/gps-fmout/+5.136434e-07
2026.267.17:24:00/gps-maser/+4.544769e-07
2026.267.17:25:00/gps-fmout/+5.129008e-07
2026.267.17:25:00/gps-maser/+4.549008e-07
2026.267.17:26:00/gps-fmout/+5.131300e-07
2026.267.17:26:00/gps-maser/+4.536975e-07
2026.267.17:27:00/gps-fmout/+5.140471e-07
2026.267.17:27:00/gps-maser/+4.520473e-07
2026.267.17:28:00/gps-fmout/+5.140000e-07
2026.267.17:28:00/gps-maser/+4.537107e-07
2026.267.17:29:00/gps-fmout/+5.141818e-07
2026.267.17:29:00/gps-maser/+4.531100e-07
2026.267.17:30:00/gps-fmout/+5.123636e-07
2026.267.17:30:00/gps-maser/+4.504766e-07
2026.267.17:31:00/gps-fmout/+5.111458e-07
2026.267.17:31:00/gps-maser/+4.503783e-07
2026.267.17:32:00/gps-fmout/+5.138886e-07
2026.267.17:32:00/gps-maser/+4.528878e-07
2026.267.17:33:00/gps-fmout/+5.118432e-07
2026.267.17:33:00/gps-maser/+4.510000e-07
2026.267.17:34:00/gps-fmout/+5.103231e-07
2026.267.17:34:00/gps-maser/+4.510000e-07
2026.267.17:35:00/gps-fmout/+5.109965e-07
2026.267.17:35:00/gps-maser/+4.507731e-07
2026.267.17:36:00/gps-fmout/+5.112307e-07
2026.267.17:36:00/gps-maser/+4.498913e-07
2026.267.17:37:00/gps-fmout/+5.119489e-07
2026.267.17:37:00/gps-maser/+4.501696e-07
2026.267.17:38:00/gps-fmout/+5.108407e-07
2026.267.17:38:00/gps-maser/+4.518986e-07
2026.267.17:39:00/gps-fmout/+5.108333e-07
2026.267.17:39:00/gps-maser/+4.509843e-07
2026.267.17:40:00/gps-fmout/+5.121941e-07
2026.267.17:40:00/gps-maser/+4.521040e-07
2026.267.17:41:00/gps-fmout/+5.114195e-07
2026.267.17:41:00/gps-maser/+4.517140e-07
2026.267.17:42:00/gps-fmout/+5.098829e-07
2026.267.17:42:00/gps-maser/+4.509430e-07
2026.267.17:43:00/gps-fmout/+5.100992e-07
2026.267.17:43:00/gps-maser/+4.509393e-07
2026.267.17:44:00/gps-fmout/+5.110639e-07
2026.267.17:44:00/gps-maser/+4.500035e-07
2026.267.17:45:00/gps-fmout/+5.112983e-07
2026.267.17:45:00/gps-maser/+4.506181e-07
2026.267.17:46:00/gps-fmout/+5.107693e-07
2026.267.17:46:00/gps-maser/+4.503588e-07
2026.267.17:47:00/gps-fmout/+5.114545e-07
2026.267.17:47:00/gps-maser/+4.506084e-07
2026.267.17:48:00/gps-fmout/+5.096364e-07
2026.267.17:48:00/gps-maser/+4.487417e-07
2026.267.17:49:00/gps-fmout/+5.079602e-07
2026.267.17:49:00/gps-maser/+4.481001e-07
2026.267.17:50:00/gps-fmout/+5.130000e-07
2026.267.17:50:00/gps-maser/+4.494584e-07
2026.267.17:51:00/gps-fmout/+5.126678e-07
2026.267.17:51:00/gps-maser/+4.505060e-07
2026.267.17:52:00/gps-fmout/+5.147065e-07
2026.267.17:52:00/gps-maser/+4.535060e-07
2026.267.17:53:00/gps-fmout/+5.139874e-07
2026.267.17:53:00/gps-maser/+4.538730e-07
2026.267.17:54:00/gps-fmout/+5.139158e-07
2026.267.17:54:00/gps-maser/+4.530018e-07
2026.267.17:55:00/gps-fmout/+5.130332e-07
2026.267.17:55:00/gps-maser/+4.539742e-07
2026.267.17:56:00/gps-fmout/+5.153918e-07
2026.267.17:56:00/gps-maser/+4.532314e-07
2026.267.17:57:00/gps-fmout/+5.165813e-07
2026.267.17:57:00/gps-maser/+4.553591e-07
2026.267.17:58:00/gps-fmout/+5.154926e-07
2026.267.17:58:00/gps-maser/+4.564862e-07
2026.267.17:59:00/gps-fmout/+5.172116e-07
2026.267.17:59:00/gps-maser/+4.579383e-07
2026.267.18:00:00/gps-fmout/+5.180651e-07
2026.267.18:00:00/gps-maser/+4.559821e-07
2026.267.18:01:00/gps-fmout/+5.180000e-07
2026.267.18:01:00/gps-maser/+4.555405e-07
2026.267.18:02:00/gps-fmout/+5.163149e-07
2026.267.18:02:00/gps-maser/+4.555851e-07
2026.267.18:03:00/gps-fmout/+5.164214e-07
2026.267.18:03:00/gps-maser/+4.560701e-07
2026.267.18:04:00/gps-fmout/+5.148301e-07
2026.267.18:04:00/gps-maser/+4.534556e-07
2026.267.18:05:00/gps-fmout/+5.152313e-07
2026.267.18:05:00/gps-maser/+4.561677e-07
2026.267.18:06:00/gps-fmout/+5.179974e-07
2026.267.18:06:00/gps-maser/+4.570673e-07
2026.267.18:07:00/gps-fmout/+5.174630e-07
2026.267.18:07:00/gps-maser/+4.585969e-07
2026.267.18:08:00/gps-fmout/+5.167051e-07
2026.267.18:08:00/gps-maser/+4.555860e-07
2026.267.18:09:00/gps-fmout/+5.141568e-07
2026.267.18:09:00/gps-maser/+4.524556e-07
2026.267.18:10:00/gps-fmout/+5.148723e-07
2026.267.18:10:00/gps-maser/+4.521181e-07
2026.267.18:11:00/gps-fmout/+5.138588e-07
2026.267.18:11:00/gps-maser/+4.530400e-07
2026.267.18:12:00/gps-fmout/+5.120000e-07
2026.267.18:12:00/gps-maser/+4.514717e-07
2026.267.18:13:00/gps-fmout/+5.097530e-07
2026.267.18:13:00/gps-maser/+4.500000e-07
2026.267.18:14:00/gps-fmout/+5.102893e-07
2026.267.18:14:00/gps-maser/+4.499680e-07
2026.267.18:15:00/gps-fmout/+5.107849e-07
2026.267.18:15:00/gps-maser/+4.501463e-07
2026.267.18:16:00/gps-fmout/+5.091849e-07
2026.267.18:16:00/gps-maser/+4.511212e-07
2026.267.18:17:00/gps-fmout/+5.120374e-07
2026.267.18:17:00/gps-maser/+4.520254e-07
2026.267.18:18:00/gps-fmout/+5.135826e-07
2026.267.18:18:00/gps-maser/+4.532023e-07
2026.267.18:19:00/gps-fmout/+5.146364e-07
2026.267.18:19:00/gps-maser/+4.552303e-07
2026.267.18:20:00/gps-fmout/+5.137273e-07
2026.267.18:20:00/gps-maser/+4.546249e-07
2026.267.18:21:00/gps-fmout/+5.130391e-07
2026.267.18:21:00/gps-maser/+4.531948e-07
2026.267.18:22:00/gps-fmout/+5.150049e-07
2026.267.18:22:00/gps-maser/+4.567710e-07
2026.267.18:23:00/gps-fmout/+5.140000e-07
2026.267.18:23:00/gps-maser/+4.544848e-07
2026.267.18:24:00/gps-fmout/+5.154942e-07
2026.267.18:24:00/gps-maser/+4.553939e-07
2026.267.18:25:00/gps-fmout/+5.161085e-07
2026.267.18:25:00/gps-maser/+4.559402e-07
2026.267.18:26:00/gps-fmout/+5.158326e-07
2026.267.18:26:00/gps-maser/+4.551605e-07
2026.267.18:27:00/gps-fmout/+5.149347e-07
2026.267.18:27:00/gps-maser/+4.557576e-07
2026.267.18:28:00/gps-fmout/+5.149234e-07
2026.267.18:28:00/gps-maser/+4.539394e-07
2026.267.18:29:00/gps-fmout/+5.123136e-07
2026.267.18:29:00/gps-maser/+4.521212e-07
2026.267.18:30:00/gps-fmout/+5.123075e-07
2026.267.18:30:00/gps-maser/+4.506725e-07
2026.267.18:31:00/gps-fmout/+5.124222e-07
2026.267.18:31:00/gps-maser/+4.512019e-07
2026.267.18:32:00/gps-fmout/+5.100628e-07
2026.267.18:32:00/gps-maser/+4.519048e-07
2026.267.18:33:00/gps-fmout/+5.109316e-07
2026.267.18:33:00/gps-maser/+4.500528e-07
2026.267.18:34:00/gps-fmout/+5.100000e-07
2026.267.18:34:00/gps-maser/+4.500081e-07
2026.267.18:35:00/gps-fmout/+5.100000e-07
2026.267.18:35:00/gps-maser/+4.490362e-07
2026.267.18:36:00/gps-fmout/+5.095559e-07
2026.267.18:36:00/gps-maser/+4.486970e-07
2026.267.18:37:00/gps-fmout/+5.080836e-07
2026.267.18:37:00/gps-maser/+4.477879e-07
2026.267.18:38:00/gps-fmout/+5.089198e-07
2026.267.18:38:00/gps-maser/+4.468961e-07
2026.267.18:39:00/gps-fmout/+5.079266e-07
2026.267.18:39:00/gps-maser/+4.470425e-07
2026.267.18:40:00/gps-fmout/+5.077137e-07
2026.267.18:40:00/gps-maser/+4.490000e-07
2026.267.18:41:00/gps-fmout/+5.093706e-07
2026.267.18:41:00/gps-maser/+4.490000e-07
2026.267.18:42:00/gps-fmout/+5.106829e-07
2026.267.18:42:00/gps-maser/+4.496594e-07
2026.267.18:43:00/gps-fmout/+5.132150e-07
2026.267.18:43:00/gps-maser/+4.529684e-07
2026.267.18:44:00/gps-fmout/+5.128723e-07
2026.267.18:44:00/gps-maser/+4.518527e-07
2026.267.18:45:00/gps-fmout/+5.110000e-07
2026.267.18:45:00/gps-maser/+4.504104e-07
2026.267.18:46:00/gps-fmout/+5.096628e-07
2026.267.18:46:00/gps-maser/+4.499662e-07
2026.267.18:47:00/gps-fmout/+5.083182e-07
2026.267.18:47:00/gps-maser/+4.495390e-07
2026.267.18:48:00/gps-fmout/+5.092273e-07
2026.267.18:48:00/gps-maser/+4.478184e-07
2026.267.18:49:00/gps-fmout/+5.101444e-07
2026.267.18:49:00/gps-maser/+4.481723e-07
2026.267.18:50:00/gps-fmout/+5.110188e-07
2026.267.18:50:00/gps-maser/+4.510028e-07
2026.267.18:51:00/gps-fmout/+5.110000e-07
2026.267.18:51:00/gps-maser/+4.503889e-07
2026.267.18:52:00/gps-fmout/+5.106153e-07
2026.267.18:52:00/gps-maser/+4.513515e-07
2026.267.18:53:00/gps-fmout/+5.102727e-07
2026.267.18:53:00/gps-maser/+4.496596e-07
2026.267.18:54:00/gps-fmout/+5.111818e-07
2026.267.18:54:00/gps-maser/+4.491667e-07
2026.267.18:55:00/gps-fmout/+5.120563e-07
2026.267.18:55:00/gps-maser/+4.517922e-07
2026.267.18:56:00/gps-fmout/+5.110000e-07
2026.267.18:56:00/gps-maser/+4.490672e-07
2026.267.18:57:00/gps-fmout/+5.099101e-07
2026.267.18:57:00/gps-maser/+4.481908e-07
2026.267.18:58:00/gps-fmout/+5.075618e-07
2026.267.18:58:00/gps-maser/+4.465839e-07
2026.267.18:59:00/gps-fmout/+5.069747e-07
2026.267.18:59:00/gps-maser/+4.460000e-07
2026.267.19:00:00/gps-fmout/+5.069091e-07
2026.267.19:00:00/gps-maser/+4.460000e-07
2026.267.19:01:00/gps-fmout/+5.059765e-07
2026.267.19:01:00/gps-maser/+4.459800e-07
2026.267.19:02:00/gps-fmout/+5.048565e-07
2026.267.19:02:00/gps-maser/+4.443295e-07
2026.267.19:03:00/gps-fmout/+5.047273e-07
2026.267.19:03:00/gps-maser/+4.445720e-07
2026.267.19:04:00/gps-fmout/+5.065455e-07
2026.267.19:04:00/gps-maser/+4.446327e-07
2026.267.19:05:00/gps-fmout/+5.082900e-07
2026.267.19:05:00/gps-maser/+4.473333e-07
2026.267.19:06:00/gps-fmout/+5.091533e-07
2026.267.19:06:00/gps-maser/+4.491515e-07
2026.267.19:07:00/gps-fmout/+5.107321e-07
2026.267.19:07:00/gps-maser/+4.500465e-07
2026.267.19:08:00/gps-fmout/+5.092979e-07
2026.267.19:08:00/gps-maser/+4.471428e-07
2026.267.19:09:00/gps-fmout/+5.059014e-07
2026.267.19:09:00/gps-maser/+4.442372e-07
2026.267.19:10:00/gps-fmout/+5.055993e-07
2026.267.19:10:00/gps-maser/+4.455144e-07
2026.267.19:11:00/gps-fmout/+5.039774e-07
2026.267.19:11:00/gps-maser/+4.430029e-07
2026.267.19:12:00/gps-fmout/+5.049587e-07
2026.267.19:12:00/gps-maser/+4.439686e-07
2026.267.19:13:00/gps-fmout/+5.044613e-07
2026.267.19:13:00/gps-maser/+4.434394e-07
2026.267.19:14:00/gps-fmout/+5.047941e-07
2026.267.19:14:00/gps-maser/+4.443485e-07
2026.267.19:15:00/gps-fmout/+5.034545e-07
2026.267.19:15:00/gps-maser/+4.446057e-07
2026.267.19:16:00/gps-fmout/+5.016364e-07
2026.267.19:16:00/gps-maser/+4.406101e-07
2026.267.19:17:00/gps-fmout/+4.999515e-07
2026.267.19:17:00/gps-maser/+4.401716e-07
2026.267.19:18:00/gps-fmout/+5.040000e-07
2026.267.19:18:00/gps-maser/+4.420114e-07
2026.267.19:19:00/gps-fmout/+5.024349e-07
2026.267.19:19:00/gps-maser/+4.431260e-07
2026.267.19:20:00/gps-fmout/+5.026291e-07
2026.267.19:20:00/gps-maser/+4.449054e-07
2026.267.19:21:00/gps-fmout/+5.051296e-07
2026.267.19:21:00/gps-maser/+4.444540e-07
2026.267.19:22:00/gps-fmout/+5.052987e-07
2026.267.19:22:00/gps-maser/+4.470586e-07
2026.267.19:23:00/gps-fmout/+5.079091e-07
2026.267.19:23:00/gps-maser/+4.459148e-07
2026.267.19:24:00/gps-fmout/+5.060909e-07
2026.267.19:24:00/gps-maser/+4.436347e-07
2026.267.19:25:00/gps-fmout/+5.046494e-07
2026.267.19:25:00/gps-maser/+4.447038e-07
2026.267.19:26:00/gps-fmout/+5.051976e-07
2026.267.19:26:00/gps-maser/+4.460749e-07
2026.267.19:27:00/gps-fmout/+5.063062e-07
2026.267.19:27:00/gps-maser/+4.461204e-07
2026.267.19:28:00/gps-fmout/+5.081672e-07
2026.267.19:28:00/gps-maser/+4.469430e-07
2026.267.19:29:00/gps-fmout/+5.090000e-07
2026.267.19:29:00/gps-maser/+4.460164e-07
2026.267.19:30:00/gps-fmout/+5.047763e-07
2026.267.19:30:00/gps-maser/+4.456308e-07
2026.267.19:31:00/gps-fmout/+5.044983e-07
2026.267.19:31:00/gps-maser/+4.449376e-07
2026.267.19:32:00/gps-fmout/+5.056823e-07
2026.267.19:32:00/gps-maser/+4.445961e-07
2026.267.19:33:00/gps-fmout/+5.040914e-07
2026.267.19:33:00/gps-maser/+4.418722e-07
2026.267.19:34:00/gps-fmout/+5.050000e-07
2026.267.19:34:00/gps-maser/+4.420427e-07
2026.267.19:35:00/gps-fmout/+5.050000e-07
2026.267.19:35:00/gps-maser/+4.430000e-07
2026.267.19:36:00/gps-fmout/+5.047626e-07
2026.267.19:36:00/gps-maser/+4.430000e-07
2026.267.19:37:00/gps-fmout/+5.038377e-07
2026.267.19:37:00/gps-maser/+4.433961e-07
2026.267.19:38:00/gps-fmout/+5.043223e-07
2026.267.19:38:00/gps-maser/+4.463519e-07
2026.267.19:39:00/gps-fmout/+5.071956e-07
2026.267.19:39:00/gps-maser/+4.468485e-07
2026.267.19:40:00/gps-fmout/+5.080000e-07
2026.267.19:40:00/gps-maser/+4.450303e-07
2026.267.19:41:00/gps-fmout/+5.064091e-07
2026.267.19:41:00/gps-maser/+4.442628e-07
2026.267.19:42:00/gps-fmout/+5.073182e-07
2026.267.19:42:00/gps-maser/+4.464621e-07
2026.267.19:43:00/gps-fmout/+5.079226e-07
2026.267.19:43:00/gps-maser/+4.467999e-07
2026.267.19:44:00/gps-fmout/+5.058462e-07
2026.267.19:44:00/gps-maser/+4.446565e-07
2026.267.19:45:00/gps-fmout/+5.049288e-07
2026.267.19:45:00/gps-maser/+4.419176e-07
2026.267.19:46:00/gps-fmout/+5.025687e-07
2026.267.19:46:00/gps-maser/+4.412931e-07
2026.267.19:47:00/gps-fmout/+5.006950e-07
2026.267.19:47:00/gps-maser/+4.416907e-07
2026.267.19:48:00/gps-fmout/+5.012727e-07
2026.267.19:48:00/gps-maser/+4.411813e-07
2026.267.19:49:00/gps-fmout/+5.021818e-07
2026.267.19:49:00/gps-maser/+4.418951e-07
2026.267.19:50:00/gps-fmout/+5.030677e-07
2026.267.19:50:00/gps-maser/+4.409770e-07
2026.267.19:51:00/gps-fmout/+5.020000e-07
2026.267.19:51:00/gps-maser/+4.414609e-07
2026.267.19:52:00/gps-fmout/+4.991435e-07
2026.267.19:52:00/gps-maser/+4.420588e-07
2026.267.19:53:00/gps-fmout/+5.006364e-07
2026.267.19:53:00/gps-maser/+4.424985e-07
2026.267.19:54:00/gps-fmout/+5.025344e-07
2026.267.19:54:00/gps-maser/+4.437918e-07
2026.267.19:55:00/gps-fmout/+5.039307e-07
2026.267.19:55:00/gps-maser/+4.419247e-07
2026.267.19:56:00/gps-fmout/+5.019091e-07
2026.267.19:56:00/gps-maser/+4.420362e-07
2026.267.19:57:00/gps-fmout/+5.020396e-07
2026.267.19:57:00/gps-maser/+4.431462e-07
2026.267.19:58:00/gps-fmout/+5.032964e-07
2026.267.19:58:00/gps-maser/+4.426727e-07
2026.267.19:59:00/gps-fmout/+5.022727e-07
2026.267.19:59:00/gps-maser/+4.421077e-07
2026.267.20:00:00/gps-fmout/+5.031818e-07
2026.267.20:00:00/gps-maser/+4.429921e-07
2026.267.20:01:00/gps-fmout/+5.040526e-07
2026.267.20:01:00/gps-maser/+4.417895e-07
2026.267.20:02:00/gps-fmout/+5.020000e-07
2026.267.20:02:00/gps-maser/+4.404659e-07
2026.267.20:03:00/gps-fmout/+4.992860e-07
2026.267.20:03:00/gps-maser/+4.402280e-07
2026.267.20:04:00/gps-fmout/+5.001019e-07
2026.267.20:04:00/gps-maser/+4.385741e-07
2026.267.20:05:00/gps-fmout/+4.996652e-07
2026.267.20:05:00/gps-maser/+4.380923e-07
2026.267.20:06:00/gps-fmout/+4.978074e-07
2026.267.20:06:00/gps-maser/+4.390710e-07
2026.267.20:07:00/gps-fmout/+4.969104e-07
2026.267.20:07:00/gps-maser/+4.389622e-07
2026.267.20:08:00/gps-fmout/+4.971252e-07
2026.267.20:08:00/gps-maser/+4.373896e-07
2026.267.20:09:00/gps-fmout/+4.989886e-07
2026.267.20:09:00/gps-maser/+4.377536e-07
2026.267.20:10:00/gps-fmout/+4.967005e-07
2026.267.20:10:00/gps-maser/+4.365075e-07
2026.267.20:11:00/gps-fmout/+4.955833e-07
2026.267.20:11:00/gps-maser/+4.347832e-07
2026.267.20:12:00/gps-fmout/+4.930331e-07
2026.267.20:12:00/gps-maser/+4.338654e-07
2026.267.20:13:00/gps-fmout/+4.930000e-07
2026.267.20:13:00/gps-maser/+4.330000e-07
2026.267.20:14:00/gps-fmout/+4.909346e-07
2026.267.20:14:00/gps-maser/+4.330000e-07
2026.267.20:15:00/gps-fmout/+4.905848e-07
2026.267.20:15:00/gps-maser/+4.327642e-07
2026.267.20:16:00/gps-fmout/+4.936818e-07
2026.267.20:16:00/gps-maser/+4.324433e-07
2026.267.20:17:00/gps-fmout/+4.962179e-07
2026.267.20:17:00/gps-maser/+4.361583e-07
2026.267.20:18:00/gps-fmout/+4.951722e-07
2026.267.20:18:00/gps-maser/+4.370533e-07
2026.267.20:19:00/gps-fmout/+4.994506e-07
2026.267.20:19:00/gps-maser/+4.392983e-07
2026.267.20:20:00/gps-fmout/+5.007369e-07
2026.267.20:20:00/gps-maser/+4.417040e-07
2026.267.20:21:00/gps-fmout/+5.024230e-07
2026.267.20:21:00/gps-maser/+4.417424e-07
2026.267.20:22:00/gps-fmout/+5.029264e-07
2026.267.20:22:00/gps-maser/+4.408333e-07
2026.267.20:23:00/gps-fmout/+5.019474e-07
2026.267.20:23:00/gps-maser/+4.400628e-07
2026.267.20:24:00/gps-fmout/+5.020000e-07
2026.267.20:24:00/gps-maser/+4.419647e-07
2026.267.20:25:00/gps-fmout/+5.038182e-07
2026.267.20:25:00/gps-maser/+4.423939e-07
2026.267.20:26:00/gps-fmout/+5.045992e-07
2026.267.20:26:00/gps-maser/+4.433350e-07
2026.267.20:27:00/gps-fmout/+5.024560e-07
2026.267.20:27:00/gps-maser/+4.440658e-07
2026.267.20:28:00/gps-fmout/+5.058529e-07
2026.267.20:28:00/gps-maser/+4.440000e-07
2026.267.20:29:00/gps-fmout/+5.021122e-07
2026.267.20:29:00/gps-maser/+4.439906e-07
2026.267.20:30:00/gps-fmout/+5.040991e-07
2026.267.20:30:00/gps-maser/+4.429801e-07
2026.267.20:31:00/gps-fmout/+5.025733e-07
2026.267.20:31:00/gps-maser/+4.427166e-07
2026.267.20:32:00/gps-fmout/+5.021140e-07
2026.267.20:32:00/gps-maser/+4.415703e-07
2026.267.20:33:00/gps-fmout/+5.026926e-07
2026.267.20:33:00/gps-maser/+4.400060e-07
2026.267.20:34:00/gps-fmout/+5.000270e-07
2026.267.20:34:00/gps-maser/+4.418272e-07
2026.267.20:35:00/gps-fmout/+5.010000e-07
2026.267.20:35:00/gps-maser/+4.398457e-07
2026.267.20:36:00/gps-fmout/+5.014411e-07
2026.267.20:36:00/gps-maser/+4.405338e-07
2026.267.20:37:00/gps-fmout/+5.004983e-07
2026.267.20:37:00/gps-maser/+4.406970e-07
2026.267.20:38:00/gps-fmout/+5.017249e-07
2026.267.20:38:00/gps-maser/+4.397879e-07
2026.267.20:39:00/gps-fmout/+4.999936e-07
2026.267.20:39:00/gps-maser/+4.390408e-07
2026.267.20:40:00/gps-fmout/+5.009273e-07
2026.267.20:40:00/gps-maser/+4.419550e-07
2026.267.20:41:00/gps-fmout/+4.998705e-07
2026.267.20:41:00/gps-maser/+4.393062e-07
2026.267.20:42:00/gps-fmout/+5.010982e-07
2026.267.20:42:00/gps-maser/+4.392429e-07
2026.267.20:43:00/gps-fmout/+5.007934e-07
2026.267.20:43:00/gps-maser/+4.404546e-07
2026.267.20:44:00/gps-fmout/+4.996995e-07
2026.267.20:44:00/gps-maser/+4.421574e-07
2026.267.20:45:00/gps-fmout/+4.979048e-07
2026.267.20:45:00/gps-maser/+4.406682e-07
2026.267.20:46:00/gps-fmout/+4.980000e-07
2026.267.20:46:00/gps-maser/+4.384848e-07
2026.267.20:47:00/gps-fmout/+4.977068e-07
2026.267.20:47:00/gps-maser/+4.393939e-07
2026.267.20:48:00/gps-fmout/+4.993823e-07
2026.267.20:48:00/gps-maser/+4.399146e-07
2026.267.20:49:00/gps-fmout/+5.000745e-07
2026.267.20:49:00/gps-maser/+4.392670e-07
2026.267.20:50:00/gps-fmout/+4.999283e-07
2026.267.20:50:00/gps-maser/+4.409567e-07
2026.267.20:51:00/gps-fmout/+4.990522e-07
2026.267.20:51:00/gps-maser/+4.399484e-07
2026.267.20:52:00/gps-fmout/+5.014545e-07
2026.267.20:52:00/gps-maser/+4.388078e-07
2026.267.20:53:00/gps-fmout/+5.023636e-07
2026.267.20:53:00/gps-maser/+4.392350e-07
2026.267.20:54:00/gps-fmout/+5.029617e-07
2026.267.20:54:00/gps-maser/+4.406090e-07
2026.267.20:55:00/gps-fmout/+5.020000e-07
2026.267.20:55:00/gps-maser/+4.432712e-07
2026.267.20:56:00/gps-fmout/+5.020000e-07
2026.267.20:56:00/gps-maser/+4.427905e-07
2026.267.20:57:00/gps-fmout/+5.020000e-07
2026.267.20:57:00/gps-maser/+4.409778e-07
2026.267.20:58:00/gps-fmout/+5.004558e-07
2026.267.20:58:00/gps-maser/+4.405602e-07
2026.267.20:59:00/gps-fmout/+5.004391e-07
2026.267.20:59:00/gps-maser/+4.401814e-07
2026.267.21:00:00/gps-fmout/+5.015719e-07
2026.267.21:00:00/gps-maser/+4.410967e-07
2026.267.21:01:00/gps-fmout/+4.988968e-07
2026.267.21:01:00/gps-maser/+4.408316e-07
2026.267.21:02:00/gps-fmout/+4.990590e-07
2026.267.21:02:00/gps-maser/+4.380106e-07
2026.267.21:03:00/gps-fmout/+4.995229e-07
2026.267.21:03:00/gps-maser/+4.390000e-07
2026.267.21:04:00/gps-fmout/+4.993636e-07
2026.267.21:04:00/gps-maser/+4.389604e-07
2026.267.21:05:00/gps-fmout/+5.002727e-07
2026.267.21:05:00/gps-maser/+4.391866e-07
2026.267.21:06:00/gps-fmout/+5.011953e-07
2026.267.21:06:00/gps-maser/+4.401667e-07
2026.267.21:07:00/gps-fmout/+5.020304e-07
2026.267.21:07:00/gps-maser/+4.410004e-07
2026.267.21:08:00/gps-fmout/+5.020000e-07
2026.267.21:08:00/gps-maser/+4.400182e-07
2026.267.21:09:00/gps-fmout/+5.010035e-07
2026.267.21:09:00/gps-maser/+4.392628e-07
2026.267.21:10:00/gps-fmout/+4.991604e-07
2026.267.21:10:00/gps-maser/+4.379168e-07
2026.267.21:11:00/gps-fmout/+4.996469e-07
2026.267.21:11:00/gps-maser/+4.376720e-07
2026.267.21:12:00/gps-fmout/+4.979052e-07
2026.267.21:12:00/gps-maser/+4.358892e-07
2026.267.21:13:00/gps-fmout/+4.979083e-07
2026.267.21:13:00/gps-maser/+4.360435e-07
2026.267.21:14:00/gps-fmout/+4.956394e-07
2026.267.21:14:00/gps-maser/+4.376305e-07
2026.267.21:15:00/gps-fmout/+4.967525e-07
2026.267.21:15:00/gps-maser/+4.375311e-07
2026.267.21:16:00/gps-fmout/+4.982727e-07
2026.267.21:16:00/gps-maser/+4.357721e-07
2026.267.21:17:00/gps-fmout/+4.991683e-07
2026.267.21:17:00/gps-maser/+4.364321e-07
2026.267.21:18:00/gps-fmout/+5.001443e-07
2026.267.21:18:00/gps-maser/+4.400381e-07
2026.267.21:19:00/gps-fmout/+5.020000e-07
2026.267.21:19:00/gps-maser/+4.405508e-07
2026.267.21:20:00/gps-fmout/+5.028052e-07
2026.267.21:20:00/gps-maser/+4.403134e-07
2026.267.21:21:00/gps-fmout/+5.016818e-07
2026.267.21:21:00/gps-maser/+4.390000e-07
2026.267.21:22:00/gps-fmout/+5.005440e-07
2026.267.21:22:00/gps-maser/+4.390000e-07
2026.267.21:23:00/gps-fmout/+4.978815e-07
2026.267.21:23:00/gps-maser/+4.389190e-07
2026.267.21:24:00/gps-fmout/+4.989108e-07
2026.267.21:24:00/gps-maser/+4.370000e-07
2026.267.21:25:00/gps-fmout/+4.974827e-07
2026.267.21:25:00/gps-maser/+4.370000e-07
2026.267.21:26:00/gps-fmout/+4.972832e-07
2026.267.21:26:00/gps-maser/+4.365198e-07
2026.267.21:27:00/gps-fmout/+4.956777e-07
2026.267.21:27:00/gps-maser/+4.349073e-07
2026.267.21:28:00/gps-fmout/+4.949290e-07
2026.267.21:28:00/gps-maser/+4.347361e-07
2026.267.21:29:00/gps-fmout/+4.948794e-07
2026.267.21:29:00/gps-maser/+4.330000e-07
2026.267.21:30:00/gps-fmout/+4.920000e-07
2026.267.21:30:00/gps-maser/+4.330000e-07
2026.267.21:31:00/gps-fmout/+4.915634e-07
2026.267.21:31:00/gps-maser/+4.330000e-07
2026.267.21:32:00/gps-fmout/+4.914234e-07
2026.267.21:32:00/gps-maser/+4.325603e-07
2026.267.21:33:00/gps-fmout/+4.931485e-07
2026.267.21:33:00/gps-maser/+4.310000e-07
2026.267.21:34:00/gps-fmout/+4.927969e-07
2026.267.21:34:00/gps-maser/+4.310000e-07
2026.267.21:35:00/gps-fmout/+4.910000e-07
2026.267.21:35:00/gps-maser/+4.309789e-07
2026.267.21:36:00/gps-fmout/+4.910000e-07
2026.267.21:36:00/gps-maser/+4.290000e-07
2026.267.21:37:00/gps-fmout/+4.910000e-07
2026.267.21:37:00/gps-maser/+4.290000e-07
2026.267.21:38:00/gps-fmout/+4.906349e-07
2026.267.21:38:00/gps-maser/+4.290000e-07
2026.267.21:39:00/gps-fmout/+4.892383e-07
2026.267.21:39:00/gps-maser/+4.290394e-07
2026.267.21:40:00/gps-fmout/+4.920734e-07
2026.267.21:40:00/gps-maser/+4.301340e-07
2026.267.21:41:00/gps-fmout/+4.920000e-07
2026.267.21:41:00/gps-maser/+4.314848e-07
2026.267.21:42:00/gps-fmout/+4.908388e-07
2026.267.21:42:00/gps-maser/+4.323939e-07
2026.267.21:43:00/gps-fmout/+4.911998e-07
2026.267.21:43:00/gps-maser/+4.333030e-07
2026.267.21:44:00/gps-fmout/+4.924545e-07
2026.267.21:44:00/gps-maser/+4.342121e-07
2026.267.21:45:00/gps-fmout/+4.942727e-07
2026.267.21:45:00/gps-maser/+4.351212e-07
2026.267.21:46:00/gps-fmout/+4.960706e-07
2026.267.21:46:00/gps-maser/+4.360347e-07
2026.267.21:47:00/gps-fmout/+4.973231e-07
2026.267.21:47:00/gps-maser/+4.367029e-07
2026.267.21:48:00/gps-fmout/+4.990926e-07
2026.267.21:48:00/gps-maser/+4.372614e-07
2026.267.21:49:00/gps-fmout/+4.995094e-07
2026.267.21:49:00/gps-maser/+4.398256e-07
2026.267.21:50:00/gps-fmout/+5.009237e-07
2026.267.21:50:00/gps-maser/+4.389554e-07
2026.267.21:51:00/gps-fmout/+4.999750e-07
2026.267.21:51:00/gps-maser/+4.390843e-07
2026.267.21:52:00/gps-fmout/+5.000000e-07
2026.267.21:52:00/gps-maser/+4.398535e-07
2026.267.21:53:00/gps-fmout/+4.989473e-07
2026.267.21:53:00/gps-maser/+4.378399e-07
2026.267.21:54:00/gps-fmout/+4.982340e-07
2026.267.21:54:00/gps-maser/+4.355924e-07
2026.267.21:55:00/gps-fmout/+4.958204e-07
2026.267.21:55:00/gps-maser/+4.345077e-07
2026.267.21:56:00/gps-fmout/+4.955557e-07
2026.267.21:56:00/gps-maser/+4.318661e-07
2026.267.21:57:00/gps-fmout/+4.910000e-07
2026.267.21:57:00/gps-maser/+4.329214e-07
2026.267.21:58:00/gps-fmout/+4.910000e-07
2026.267.21:58:00/gps-maser/+4.297882e-07
2026.267.21:59:00/gps-fmout/+4.907415e-07
2026.267.21:59:00/gps-maser/+4.303485e-07
2026.267.22:00:00/gps-fmout/+4.898738e-07
2026.267.22:00:00/gps-maser/+4.312576e-07
2026.267.22:01:00/gps-fmout/+4.901818e-07
2026.267.22:01:00/gps-maser/+4.319792e-07
2026.267.22:02:00/gps-fmout/+4.910947e-07
2026.267.22:02:00/gps-maser/+4.299662e-07
2026.267.22:03:00/gps-fmout/+4.920000e-07
2026.267.22:03:00/gps-maser/+4.304823e-07
2026.267.22:04:00/gps-fmout/+4.919506e-07
2026.267.22:04:00/gps-maser/+4.310494e-07
2026.267.22:05:00/gps-fmout/+4.922442e-07
2026.267.22:05:00/gps-maser/+4.314813e-07
2026.267.22:06:00/gps-fmout/+4.932273e-07
2026.267.22:06:00/gps-maser/+4.329588e-07
2026.267.22:07:00/gps-fmout/+4.941124e-07
2026.267.22:07:00/gps-maser/+4.320203e-07
2026.267.22:08:00/gps-fmout/+4.939542e-07
2026.267.22:08:00/gps-maser/+4.329733e-07
2026.267.22:09:00/gps-fmout/+4.928648e-07
2026.267.22:09:00/gps-maser/+4.319435e-07
2026.267.22:10:00/gps-fmout/+4.934015e-07
2026.267.22:10:00/gps-maser/+4.323030e-07
2026.267.22:11:00/gps-fmout/+4.936980e-07
2026.267.22:11:00/gps-maser/+4.304848e-07
2026.267.22:12:00/gps-fmout/+4.914884e-07
2026.267.22:12:00/gps-maser/+4.288715e-07
2026.267.22:13:00/gps-fmout/+4.888588e-07
2026.267.22:13:00/gps-maser/+4.298943e-07
2026.267.22:14:00/gps-fmout/+4.890000e-07
2026.267.22:14:00/gps-maser/+4.274281e-07
2026.267.22:15:00/gps-fmout/+4.878765e-07
2026.267.22:15:00/gps-maser/+4.257426e-07
2026.267.22:16:00/gps-fmout/+4.882701e-07
2026.267.22:16:00/gps-maser/+4.262829e-07
2026.267.22:17:00/gps-fmout/+4.884900e-07
2026.267.22:17:00/gps-maser/+4.266523e-07
2026.267.22:18:00/gps-fmout/+4.850605e-07
2026.267.22:18:00/gps-maser/+4.240000e-07
2026.267.22:19:00/gps-fmout/+4.860186e-07
2026.267.22:19:00/gps-maser/+4.240000e-07
2026.267.22:20:00/gps-fmout/+4.843922e-07
2026.267.22:20:00/gps-maser/+4.240000e-07
2026.267.22:21:00/gps-fmout/+4.827179e-07
2026.267.22:21:00/gps-maser/+4.238192e-07
2026.267.22:22:00/gps-fmout/+4.838672e-07
2026.267.22:22:00/gps-maser/+4.223033e-07
2026.267.22:23:00/gps-fmout/+4.804589e-07
2026.267.22:23:00/gps-maser/+4.203021e-07
2026.267.22:24:00/gps-fmout/+4.831918e-07
2026.267.22:24:00/gps-maser/+4.241716e-07
2026.267.22:25:00/gps-fmout/+4.850000e-07
2026.267.22:25:00/gps-maser/+4.255883e-07
2026.267.22:26:00/gps-fmout/+4.882724e-07
2026.267.22:26:00/gps-maser/+4.261194e-07
2026.267.22:27:00/gps-fmout/+4.885214e-07
2026.267.22:27:00/gps-maser/+4.257492e-07
2026.267.22:28:00/gps-fmout/+4.866747e-07
2026.267.22:28:00/gps-maser/+4.248413e-07
2026.267.22:29:00/gps-fmout/+4.860555e-07
2026.267.22:29:00/gps-maser/+4.252424e-07
2026.267.22:30:00/gps-fmout/+4.881464e-07
2026.267.22:30:00/gps-maser/+4.270606e-07
2026.267.22:31:00/gps-fmout/+4.900902e-07
2026.267.22:31:00/gps-maser/+4.279515e-07
2026.267.22:32:00/gps-fmout/+4.906964e-07
2026.267.22:32:00/gps-maser/+4.290455e-07
2026.267.22:33:00/gps-fmout/+4.923148e-07
2026.267.22:33:00/gps-maser/+4.317727e-07
2026.267.22:34:00/gps-fmout/+4.936089e-07
2026.267.22:34:00/gps-maser/+4.345347e-07
2026.267.22:35:00/gps-fmout/+4.982264e-07
2026.267.22:35:00/gps-maser/+4.370818e-07
2026.267.22:36:00/gps-fmout/+4.996125e-07
2026.267.22:36:00/gps-maser/+4.370000e-07
2026.267.22:37:00/gps-fmout/+4.996568e-07
2026.267.22:37:00/gps-maser/+4.372257e-07
2026.267.22:38:00/gps-fmout/+4.995180e-07
2026.267.22:38:00/gps-maser/+4.385917e-07
2026.267.22:39:00/gps-fmout/+5.010945e-07
2026.267.22:39:00/gps-maser/+4.399641e-07
2026.267.22:40:00/gps-fmout/+5.009016e-07
2026.267.22:40:00/gps-maser/+4.389677e-07
2026.267.22:41:00/gps-fmout/+4.999316e-07
2026.267.22:41:00/gps-maser/+4.389799e-07
2026.267.22:42:00/gps-fmout/+4.993193e-07
2026.267.22:42:00/gps-maser/+4.387270e-07
2026.267.22:43:00/gps-fmout/+5.000252e-07
2026.267.22:43:00/gps-maser/+4.393879e-07
2026.267.22:44:00/gps-fmout/+5.004228e-07
2026.267.22:44:00/gps-maser/+4.384244e-07
2026.267.22:45:00/gps-fmout/+5.018257e-07
2026.267.22:45:00/gps-maser/+4.400000e-07
2026.267.22:46:00/gps-fmout/+5.000000e-07
2026.267.22:46:00/gps-maser/+4.400000e-07
2026.267.22:47:00/gps-fmout/+5.000000e-07
2026.267.22:47:00/gps-maser/+4.391665e-07
2026.267.22:48:00/gps-fmout/+5.000000e-07
2026.267.22:48:00/gps-maser/+4.379180e-07
2026.267.22:49:00/gps-fmout/+4.995214e-07
2026.267.22:49:00/gps-maser/+4.374878e-07
2026.267.22:50:00/gps-fmout/+4.980000e-07
2026.267.22:50:00/gps-maser/+4.361690e-07
2026.267.22:51:00/gps-fmout/+4.979839e-07
2026.267.22:51:00/gps-maser/+4.379759e-07
2026.267.22:52:00/gps-fmout/+4.980533e-07
2026.267.22:52:00/gps-maser/+4.370272e-07
2026.267.22:53:00/gps-fmout/+4.999091e-07
2026.267.22:53:00/gps-maser/+4.399457e-07
2026.267.22:54:00/gps-fmout/+5.007122e-07
2026.267.22:54:00/gps-maser/+4.419475e-07
2026.267.22:55:00/gps-fmout/+4.993232e-07
2026.267.22:55:00/gps-maser/+4.405135e-07
2026.267.22:56:00/gps-fmout/+5.007558e-07
2026.267.22:56:00/gps-maser/+4.389468e-07
2026.267.22:57:00/gps-fmout/+4.981944e-07
2026.267.22:57:00/gps-maser/+4.397921e-07
2026.267.22:58:00/gps-fmout/+4.990167e-07
2026.267.22:58:00/gps-maser/+4.368599e-07
2026.267.22:59:00/gps-fmout/+4.980835e-07
2026.267.22:59:00/gps-maser/+4.360145e-07
2026.267.23:00:00/gps-fmout/+4.968850e-07
2026.267.23:00:00/gps-maser/+4.352594e-07
2026.267.23:01:00/gps-fmout/+4.935455e-07
2026.267.23:01:00/gps-maser/+4.321684e-07
2026.267.23:02:00/gps-fmout/+4.917273e-07
2026.267.23:02:00/gps-maser/+4.288874e-07
2026.267.23:03:00/gps-fmout/+4.899224e-07
2026.267.23:03:00/gps-maser/+4.310151e-07
2026.267.23:04:00/gps-fmout/+4.904470e-07
2026.267.23:04:00/gps-maser/+4.301150e-07
2026.267.23:05:00/gps-fmout/+4.911543e-07
2026.267.23:05:00/gps-maser/+4.288223e-07
2026.267.23:06:00/gps-fmout/+4.905928e-07
2026.267.23:06:00/gps-maser/+4.292576e-07
2026.267.23:07:00/gps-fmout/+4.888512e-07
2026.267.23:07:00/gps-maser/+4.301667e-07
2026.267.23:08:00/gps-fmout/+4.891127e-07
2026.267.23:08:00/gps-maser/+4.310072e-07
2026.267.23:09:00/gps-fmout/+4.910000e-07
2026.267.23:09:00/gps-maser/+4.292692e-07
2026.267.23:10:00/gps-fmout/+4.921927e-07
2026.267.23:10:00/gps-maser/+4.296414e-07
2026.267.23:11:00/gps-fmout/+4.941800e-07
2026.267.23:11:00/gps-maser/+4.313718e-07
2026.267.23:12:00/gps-fmout/+4.937727e-07
2026.267.23:12:00/gps-maser/+4.320836e-07
2026.267.23:13:00/gps-fmout/+4.928636e-07
2026.267.23:13:00/gps-maser/+4.319320e-07
2026.267.23:14:00/gps-fmout/+4.919196e-07
2026.267.23:14:00/gps-maser/+4.309519e-07
2026.267.23:15:00/gps-fmout/+4.898084e-07
2026.267.23:15:00/gps-maser/+4.293833e-07
2026.267.23:16:00/gps-fmout/+4.904022e-07
2026.267.23:16:00/gps-maser/+4.290000e-07
2026.267.23:17:00/gps-fmout/+4.905271e-07
2026.267.23:17:00/gps-maser/+4.290000e-07
2026.267.23:18:00/gps-fmout/+4.876254e-07
2026.267.23:18:00/gps-maser/+4.290000e-07
2026.267.23:19:00/gps-fmout/+4.872993e-07
2026.267.23:19:00/gps-maser/+4.290000e-07
2026.267.23:20:00/gps-fmout/+4.890250e-07
2026.267.23:20:00/gps-maser/+4.277498e-07
2026.267.23:21:00/gps-fmout/+4.876612e-07
2026.267.23:21:00/gps-maser/+4.254710e-07
2026.267.23:22:00/gps-fmout/+4.861736e-07
2026.267.23:22:00/gps-maser/+4.250149e-07
2026.267.23:23:00/gps-fmout/+4.833487e-07
2026.267.23:23:00/gps-maser/+4.247879e-07
2026.267.23:24:00/gps-fmout/+4.821649e-07
2026.267.23:24:00/gps-maser/+4.238788e-07
2026.267.23:25:00/gps-fmout/+4.851069e-07
2026.267.23:25:00/gps-maser/+4.229796e-07
2026.267.23:26:00/gps-fmout/+4.856722e-07
2026.267.23:26:00/gps-maser/+4.254557e-07
2026.267.23:27:00/gps-fmout/+4.864151e-07
2026.267.23:27:00/gps-maser/+4.268841e-07
2026.267.23:28:00/gps-fmout/+4.887273e-07
2026.267.23:28:00/gps-maser/+4.259839e-07
2026.267.23:29:00/gps-fmout/+4.878182e-07
2026.267.23:29:00/gps-maser/+4.258507e-07
2026.267.23:30:00/gps-fmout/+4.869091e-07
2026.267.23:30:00/gps-maser/+4.251515e-07
2026.267.23:31:00/gps-fmout/+4.860000e-07
2026.267.23:31:00/gps-maser/+4.269697e-07
2026.267.23:32:00/gps-fmout/+4.890953e-07
2026.267.23:32:00/gps-maser/+4.291312e-07
2026.267.23:33:00/gps-fmout/+4.900980e-07
2026.267.23:33:00/gps-maser/+4.310289e-07
2026.267.23:34:00/gps-fmout/+4.915455e-07
2026.267.23:34:00/gps-maser/+4.303081e-07
2026.267.23:35:00/gps-fmout/+4.897273e-07
2026.267.23:35:00/gps-maser/+4.320337e-07
2026.267.23:36:00/gps-fmout/+4.879211e-07
2026.267.23:36:00/gps-maser/+4.309246e-07
2026.267.23:37:00/gps-fmout/+4.884545e-07
2026.267.23:37:00/gps-maser/+4.293647e-07
2026.267.23:38:00/gps-fmout/+4.893636e-07
2026.267.23:38:00/gps-maser/+4.293374e-07
2026.267.23:39:00/gps-fmout/+4.897575e-07
2026.267.23:39:00/gps-maser/+4.276222e-07
2026.267.23:40:00/gps-fmout/+4.882230e-07
2026.267.23:40:00/gps-maser/+4.270787e-07
2026.267.23:41:00/gps-fmout/+4.900000e-07
2026.267.23:41:00/gps-maser/+4.292582e-07
2026.267.23:42:00/gps-fmout/+4.900000e-07
2026.267.23:42:00/gps-maser/+4.321055e-07
2026.267.23:43:00/gps-fmout/+4.903651e-07
2026.267.23:43:00/gps-maser/+4.309091e-07
2026.267.23:44:00/gps-fmout/+4.905766e-07
2026.267.23:44:00/gps-maser/+4.282349e-07
2026.267.23:45:00/gps-fmout/+4.889114e-07
2026.267.23:45:00/gps-maser/+4.270359e-07
2026.267.23:46:00/gps-fmout/+4.888557e-07
2026.267.23:46:00/gps-maser/+4.280426e-07
2026.267.23:47:00/gps-fmout/+4.870278e-07
2026.267.23:47:00/gps-maser/+4.279776e-07
2026.267.23:48:00/gps-fmout/+4.881078e-07
2026.267.23:48:00/gps-maser/+4.277668e-07
2026.267.23:49:00/gps-fmout/+4.871971e-07
2026.267.23:49:00/gps-maser/+4.294769e-07
2026.267.23:50:00/gps-fmout/+4.887557e-07
2026.267.23:50:00/gps-maser/+4.299008e-07
2026.267.23:51:00/gps-fmout/+4.908521e-07
2026.267.23:51:00/gps-maser/+4.286975e-07
2026.267.23:52:00/gps-fmout/+4.878704e-07
2026.267.23:52:00/gps-maser/+4.270502e-07
2026.267.23:53:00/gps-fmout/+4.880000e-07
2026.267.23:53:00/gps-maser/+4.284864e-07
2026.267.23:54:00/gps-fmout/+4.917289e-07
2026.267.23:54:00/gps-maser/+4.297662e-07
2026.267.23:55:00/gps-fmout/+4.916973e-07
2026.267.23:55:00/gps-maser/+4.307075e-07
2026.267.23:56:00/gps-fmout/+4.911144e-07
2026.267.23:56:00/gps-maser/+4.290450e-07
2026.267.23:57:00/gps-fmout/+4.919768e-07
2026.267.23:57:00/gps-maser/+4.302959e-07
2026.267.23:58:00/gps-fmout/+4.910772e-07
2026.267.23:58:00/gps-maser/+4.330276e-07
2026.267.23:59:00/gps-fmout/+4.937057e-07
2026.267.23:59:00/gps-maser/+4.325647e-07
2026.268.00:00:00/gps-fmout/+4.936981e-07
2026.268.00:00:00/gps-maser/+4.325002e-07
2026.268.00:01:00/gps-fmout/+4.931422e-07
2026.268.00:01:00/gps-maser/+4.337031e-07
2026.268.00:02:00/gps-fmout/+4.936671e-07
2026.268.00:02:00/gps-maser/+4.320027e-07
2026.268.00:03:00/gps-fmout/+4.911818e-07
2026.268.00:03:00/gps-maser/+4.328678e-07
2026.268.00:04:00/gps-fmout/+4.930000e-07
2026.268.00:04:00/gps-maser/+4.332566e-07
2026.268.00:05:00/gps-fmout/+4.948182e-07
2026.268.00:05:00/gps-maser/+4.348857e-07
2026.268.00:06:00/gps-fmout/+4.962613e-07
2026.268.00:06:00/gps-maser/+4.340678e-07
2026.268.00:07:00/gps-fmout/+4.963308e-07
2026.268.00:07:00/gps-maser/+4.371879e-07
2026.268.00:08:00/gps-fmout/+4.977971e-07
2026.268.00:08:00/gps-maser/+4.367576e-07
2026.268.00:09:00/gps-fmout/+4.940000e-07
2026.268.00:09:00/gps-maser/+4.349394e-07
2026.268.00:10:00/gps-fmout/+4.941127e-07
2026.268.00:10:00/gps-maser/+4.331212e-07
2026.268.00:11:00/gps-fmout/+4.934200e-07
2026.268.00:11:00/gps-maser/+4.308651e-07
2026.268.00:12:00/gps-fmout/+4.914545e-07
2026.268.00:12:00/gps-maser/+4.290000e-07
2026.268.00:13:00/gps-fmout/+4.897100e-07
2026.268.00:13:00/gps-maser/+4.290000e-07
2026.268.00:14:00/gps-fmout/+4.888174e-07
2026.268.00:14:00/gps-maser/+4.288216e-07
2026.268.00:15:00/gps-fmout/+4.860000e-07
2026.268.00:15:00/gps-maser/+4.264716e-07
2026.268.00:16:00/gps-fmout/+4.860000e-07
2026.268.00:16:00/gps-maser/+4.266893e-07
2026.268.00:17:00/gps-fmout/+4.857607e-07
2026.268.00:17:00/gps-maser/+4.254035e-07
2026.268.00:18:00/gps-fmout/+4.851049e-07
2026.268.00:18:00/gps-maser/+4.238447e-07
2026.268.00:19:00/gps-fmout/+4.860770e-07
2026.268.00:19:00/gps-maser/+4.240965e-07
2026.268.00:20:00/gps-fmout/+4.859289e-07
2026.268.00:20:00/gps-maser/+4.250138e-07
2026.268.00:21:00/gps-fmout/+4.848434e-07
2026.268.00:21:00/gps-maser/+4.245830e-07
2026.268.00:22:00/gps-fmout/+4.864267e-07
2026.268.00:22:00/gps-maser/+4.245066e-07
2026.268.00:23:00/gps-fmout/+4.870902e-07
2026.268.00:23:00/gps-maser/+4.258635e-07
2026.268.00:24:00/gps-fmout/+4.868858e-07
2026.268.00:24:00/gps-maser/+4.250787e-07
2026.268.00:25:00/gps-fmout/+4.859895e-07
2026.268.00:25:00/gps-maser/+4.259247e-07
2026.268.00:26:00/gps-fmout/+4.870000e-07
2026.268.00:26:00/gps-maser/+4.254610e-07
2026.268.00:27:00/gps-fmout/+4.858791e-07
2026.268.00:27:00/gps-maser/+4.260109e-07
2026.268.00:28:00/gps-fmout/+4.862787e-07
2026.268.00:28:00/gps-maser/+4.265133e-07
2026.268.00:29:00/gps-fmout/+4.869523e-07
2026.268.00:29:00/gps-maser/+4.278983e-07
2026.268.00:30:00/gps-fmout/+4.860768e-07
2026.268.00:30:00/gps-maser/+4.269712e-07
2026.268.00:31:00/gps-fmout/+4.879035e-07
2026.268.00:31:00/gps-maser/+4.269764e-07
2026.268.00:32:00/gps-fmout/+4.845415e-07
2026.268.00:32:00/gps-maser/+4.242783e-07
2026.268.00:33:00/gps-fmout/+4.819042e-07
2026.268.00:33:00/gps-maser/+4.214870e-07
2026.268.00:34:00/gps-fmout/+4.777728e-07
2026.268.00:34:00/gps-maser/+4.201286e-07
2026.268.00:35:00/gps-fmout/+4.775600e-07
2026.268.00:35:00/gps-maser/+4.167817e-07
2026.268.00:36:00/gps-fmout/+4.749219e-07
2026.268.00:36:00/gps-maser/+4.167801e-07
2026.268.00:37:00/gps-fmout/+4.760000e-07
2026.268.00:37:00/gps-maser/+4.149668e-07
2026.268.00:38:00/gps-fmout/+4.739707e-07
2026.268.00:38:00/gps-maser/+4.140540e-07
2026.268.00:39:00/gps-fmout/+4.735931e-07
2026.268.00:39:00/gps-maser/+4.133030e-07
2026.268.00:40:00/gps-fmout/+4.732273e-07
2026.268.00:40:00/gps-maser/+4.142121e-07
2026.268.00:41:00/gps-fmout/+4.741364e-07
2026.268.00:41:00/gps-maser/+4.151065e-07
2026.268.00:42:00/gps-fmout/+4.750860e-07
2026.268.00:42:00/gps-maser/+4.149653e-07
2026.268.00:43:00/gps-fmout/+4.763614e-07
2026.268.00:43:00/gps-maser/+4.134374e-07
2026.268.00:44:00/gps-fmout/+4.738558e-07
2026.268.00:44:00/gps-maser/+4.131944e-07
2026.268.00:45:00/gps-fmout/+4.718340e-07
2026.268.00:45:00/gps-maser/+4.136044e-07
2026.268.00:46:00/gps-fmout/+4.734959e-07
2026.268.00:46:00/gps-maser/+4.123682e-07
2026.268.00:47:00/gps-fmout/+4.760033e-07
2026.268.00:47:00/gps-maser/+4.151952e-07
2026.268.00:48:00/gps-fmout/+4.750000e-07
2026.268.00:48:00/gps-maser/+4.151665e-07
2026.268.00:49:00/gps-fmout/+4.745909e-07
2026.268.00:49:00/gps-maser/+4.136061e-07
2026.268.00:50:00/gps-fmout/+4.736473e-07
2026.268.00:50:00/gps-maser/+4.126970e-07
2026.268.00:51:00/gps-fmout/+4.729321e-07
2026.268.00:51:00/gps-maser/+4.119746e-07
2026.268.00:52:00/gps-fmout/+4.730000e-07
2026.268.00:52:00/gps-maser/+4.128911e-07
2026.268.00:53:00/gps-fmout/+4.729351e-07
2026.268.00:53:00/gps-maser/+4.100559e-07
2026.268.00:54:00/gps-fmout/+4.699418e-07
2026.268.00:54:00/gps-maser/+4.135858e-07
2026.268.00:55:00/gps-fmout/+4.725860e-07
2026.268.00:55:00/gps-maser/+4.140950e-07
2026.268.00:56:00/gps-fmout/+4.749462e-07
2026.268.00:56:00/gps-maser/+4.136249e-07
2026.268.00:57:00/gps-fmout/+4.736634e-07
2026.268.00:57:00/gps-maser/+4.119074e-07
2026.268.00:58:00/gps-fmout/+4.718802e-07
2026.268.00:58:00/gps-maser/+4.118835e-07
2026.268.00:59:00/gps-fmout/+4.720000e-07
2026.268.00:59:00/gps-maser/+4.110000e-07
2026.268.01:00:00/gps-fmout/+4.696248e-07
2026.268.01:00:00/gps-maser/+4.110000e-07
2026.268.01:01:00/gps-fmout/+4.703768e-07
2026.268.01:01:00/gps-maser/+4.110000e-07
2026.268.01:02:00/gps-fmout/+4.693268e-07
2026.268.01:02:00/gps-maser/+4.108132e-07
2026.268.01:03:00/gps-fmout/+4.710357e-07
2026.268.01:03:00/gps-maser/+4.102424e-07
2026.268.01:04:00/gps-fmout/+4.710909e-07
2026.268.01:04:00/gps-maser/+4.120606e-07
2026.268.01:05:00/gps-fmout/+4.729091e-07
2026.268.01:05:00/gps-maser/+4.127584e-07
2026.268.01:06:00/gps-fmout/+4.742104e-07
2026.268.01:06:00/gps-maser/+4.129079e-07
2026.268.01:07:00/gps-fmout/+4.745094e-07
2026.268.01:07:00/gps-maser/+4.150998e-07
2026.268.01:08:00/gps-fmout/+4.760000e-07
2026.268.01:08:00/gps-maser/+4.152381e-07
2026.268.01:09:00/gps-fmout/+4.760000e-07
2026.268.01:09:00/gps-maser/+4.169560e-07
2026.268.01:10:00/gps-fmout/+4.760000e-07
2026.268.01:10:00/gps-maser/+4.164803e-07
2026.268.01:11:00/gps-fmout/+4.783223e-07
2026.268.01:11:00/gps-maser/+4.171206e-07
2026.268.01:12:00/gps-fmout/+4.773932e-07
2026.268.01:12:00/gps-maser/+4.165049e-07
2026.268.01:13:00/gps-fmout/+4.758909e-07
2026.268.01:13:00/gps-maser/+4.148980e-07
2026.268.01:14:00/gps-fmout/+4.758372e-07
2026.268.01:14:00/gps-maser/+4.150844e-07
2026.268.01:15:00/gps-fmout/+4.740098e-07
2026.268.01:15:00/gps-maser/+4.159801e-07
2026.268.01:16:00/gps-fmout/+4.745421e-07
2026.268.01:16:00/gps-maser/+4.136440e-07
2026.268.01:17:00/gps-fmout/+4.740473e-07
2026.268.01:17:00/gps-maser/+4.126067e-07
2026.268.01:18:00/gps-fmout/+4.737273e-07
2026.268.01:18:00/gps-maser/+4.147743e-07
2026.268.01:19:00/gps-fmout/+4.728182e-07
2026.268.01:19:00/gps-maser/+4.140000e-07
2026.268.01:20:00/gps-fmout/+4.719199e-07
2026.268.01:20:00/gps-maser/+4.140000e-07
2026.268.01:21:00/gps-fmout/+4.720000e-07
2026.268.01:21:00/gps-maser/+4.140000e-07
2026.268.01:22:00/gps-fmout/+4.730725e-07
2026.268.01:22:00/gps-maser/+4.145925e-07
2026.268.01:23:00/gps-fmout/+4.738658e-07
2026.268.01:23:00/gps-maser/+4.162325e-07
2026.268.01:24:00/gps-fmout/+4.758818e-07
2026.268.01:24:00/gps-maser/+4.156494e-07
2026.268.01:25:00/gps-fmout/+4.749768e-07
2026.268.01:25:00/gps-maser/+4.138097e-07
2026.268.01:26:00/gps-fmout/+4.749554e-07
2026.268.01:26:00/gps-maser/+4.130106e-07
2026.268.01:27:00/gps-fmout/+4.739549e-07
2026.268.01:27:00/gps-maser/+4.140000e-07
2026.268.01:28:00/gps-fmout/+4.733653e-07
2026.268.01:28:00/gps-maser/+4.140000e-07
2026.268.01:29:00/gps-fmout/+4.720654e-07
2026.268.01:29:00/gps-maser/+4.137491e-07
2026.268.01:30:00/gps-fmout/+4.726815e-07
2026.268.01:30:00/gps-maser/+4.117738e-07
2026.268.01:31:00/gps-fmout/+4.700804e-07
2026.268.01:31:00/gps-maser/+4.108080e-07
2026.268.01:32:00/gps-fmout/+4.704821e-07
2026.268.01:32:00/gps-maser/+4.098951e-07
2026.268.01:33:00/gps-fmout/+4.703849e-07
2026.268.01:33:00/gps-maser/+4.107084e-07
2026.268.01:34:00/gps-fmout/+4.705056e-07
2026.268.01:34:00/gps-maser/+4.092221e-07
2026.268.01:35:00/gps-fmout/+4.690345e-07
2026.268.01:35:00/gps-maser/+4.084242e-07
2026.268.01:36:00/gps-fmout/+4.703141e-07
2026.268.01:36:00/gps-maser/+4.102424e-07
2026.268.01:37:00/gps-fmout/+4.730124e-07
2026.268.01:37:00/gps-maser/+4.120703e-07
2026.268.01:38:00/gps-fmout/+4.724996e-07
2026.268.01:38:00/gps-maser/+4.148630e-07
2026.268.01:39:00/gps-fmout/+4.730000e-07
2026.268.01:39:00/gps-maser/+4.146515e-07
2026.268.01:40:00/gps-fmout/+4.730000e-07
2026.268.01:40:00/gps-maser/+4.137671e-07
2026.268.01:41:00/gps-fmout/+4.728527e-07
2026.268.01:41:00/gps-maser/+4.127245e-07
2026.268.01:42:00/gps-fmout/+4.709149e-07
2026.268.01:42:00/gps-maser/+4.108485e-07
2026.268.01:43:00/gps-fmout/+4.710000e-07
2026.268.01:43:00/gps-maser/+4.102026e-07
2026.268.01:44:00/gps-fmout/+4.724897e-07
2026.268.01:44:00/gps-maser/+4.106209e-07
2026.268.01:45:00/gps-fmout/+4.731676e-07
2026.268.01:45:00/gps-maser/+4.106518e-07
2026.268.01:46:00/gps-fmout/+4.726652e-07
2026.268.01:46:00/gps-maser/+4.132583e-07
2026.268.01:47:00/gps-fmout/+4.708147e-07
2026.268.01:47:00/gps-maser/+4.126878e-07
2026.268.01:48:00/gps-fmout/+4.698959e-07
2026.268.01:48:00/gps-maser/+4.089800e-07
2026.268.01:49:00/gps-fmout/+4.671578e-07
2026.268.01:49:00/gps-maser/+4.086099e-07
2026.268.01:50:00/gps-fmout/+4.673636e-07
2026.268.01:50:00/gps-maser/+4.072631e-07
2026.268.01:51:00/gps-fmout/+4.682727e-07
2026.268.01:51:00/gps-maser/+4.062706e-07
2026.268.01:52:00/gps-fmout/+4.689041e-07
2026.268.01:52:00/gps-maser/+4.082014e-07
2026.268.01:53:00/gps-fmout/+4.672408e-07
2026.268.01:53:00/gps-maser/+4.090240e-07
2026.268.01:54:00/gps-fmout/+4.700982e-07
2026.268.01:54:00/gps-maser/+4.093183e-07
2026.268.01:55:00/gps-fmout/+4.714311e-07
2026.268.01:55:00/gps-maser/+4.110829e-07
2026.268.01:56:00/gps-fmout/+4.728362e-07
2026.268.01:56:00/gps-maser/+4.135356e-07
2026.268.01:57:00/gps-fmout/+4.752515e-07
2026.268.01:57:00/gps-maser/+4.138845e-07
2026.268.01:58:00/gps-fmout/+4.748145e-07
2026.268.01:58:00/gps-maser/+4.128084e-07
2026.268.01:59:00/gps-fmout/+4.728712e-07
2026.268.01:59:00/gps-maser/+4.110053e-07
2026.268.02:00:00/gps-fmout/+4.729684e-07
2026.268.02:00:00/gps-maser/+4.134174e-07
2026.268.02:01:00/gps-fmout/+4.756526e-07
2026.268.02:01:00/gps-maser/+4.146864e-07
2026.268.02:02:00/gps-fmout/+4.749929e-07
2026.268.02:02:00/gps-maser/+4.163769e-07
2026.268.02:03:00/gps-fmout/+4.748979e-07
2026.268.02:03:00/gps-maser/+4.170268e-07
2026.268.02:04:00/gps-fmout/+4.740036e-07
2026.268.02:04:00/gps-maser/+4.157651e-07
2026.268.02:05:00/gps-fmout/+4.760000e-07
2026.268.02:05:00/gps-maser/+4.144848e-07
2026.268.02:06:00/gps-fmout/+4.747946e-07
2026.268.02:06:00/gps-maser/+4.153939e-07
2026.268.02:07:00/gps-fmout/+4.763182e-07
2026.268.02:07:00/gps-maser/+4.158999e-07
2026.268.02:08:00/gps-fmout/+4.772273e-07
2026.268.02:08:00/gps-maser/+4.154415e-07
2026.268.02:09:00/gps-fmout/+4.781871e-07
2026.268.02:09:00/gps-maser/+4.191455e-07
2026.268.02:10:00/gps-fmout/+4.800413e-07
2026.268.02:10:00/gps-maser/+4.180895e-07
2026.268.02:11:00/gps-fmout/+4.795455e-07
2026.268.02:11:00/gps-maser/+4.203439e-07
2026.268.02:12:00/gps-fmout/+4.786364e-07
2026.268.02:12:00/gps-maser/+4.172012e-07
2026.268.02:13:00/gps-fmout/+4.775808e-07
2026.268.02:13:00/gps-maser/+4.157424e-07
2026.268.02:14:00/gps-fmout/+4.758217e-07
2026.268.02:14:00/gps-maser/+4.148333e-07
2026.268.02:15:00/gps-fmout/+4.758105e-07
2026.268.02:15:00/gps-maser/+4.139487e-07
2026.268.02:16:00/gps-fmout/+4.710000e-07
2026.268.02:16:00/gps-maser/+4.130026e-07
2026.268.02:17:00/gps-fmout/+4.736848e-07
2026.268.02:17:00/gps-maser/+4.129045e-07
2026.268.02:18:00/gps-fmout/+4.736818e-07
2026.268.02:18:00/gps-maser/+4.153060e-07
2026.268.02:19:00/gps-fmout/+4.727727e-07
2026.268.02:19:00/gps-maser/+4.143107e-07
2026.268.02:20:00/gps-fmout/+4.718129e-07
2026.268.02:20:00/gps-maser/+4.110000e-07
2026.268.02:21:00/gps-fmout/+4.700101e-07
2026.268.02:21:00/gps-maser/+4.110000e-07
2026.268.02:22:00/gps-fmout/+4.715481e-07
2026.268.02:22:00/gps-maser/+4.096902e-07
2026.268.02:23:00/gps-fmout/+4.709965e-07
2026.268.02:23:00/gps-maser/+4.085780e-07
2026.268.02:24:00/gps-fmout/+4.706732e-07
2026.268.02:24:00/gps-maser/+4.102911e-07
2026.268.02:25:00/gps-fmout/+4.703636e-07
2026.268.02:25:00/gps-maser/+4.110463e-07
2026.268.02:26:00/gps-fmout/+4.721818e-07
2026.268.02:26:00/gps-maser/+4.112037e-07
2026.268.02:27:00/gps-fmout/+4.744375e-07
2026.268.02:27:00/gps-maser/+4.144545e-07
2026.268.02:28:00/gps-fmout/+4.768402e-07
2026.268.02:28:00/gps-maser/+4.171818e-07
2026.268.02:29:00/gps-fmout/+4.789151e-07
2026.268.02:29:00/gps-maser/+4.197693e-07
2026.268.02:30:00/gps-fmout/+4.815424e-07
2026.268.02:30:00/gps-maser/+4.212991e-07
2026.268.02:31:00/gps-fmout/+4.831832e-07
2026.268.02:31:00/gps-maser/+4.222795e-07
2026.268.02:32:00/gps-fmout/+4.840665e-07
2026.268.02:32:00/gps-maser/+4.259949e-07
2026.268.02:33:00/gps-fmout/+4.845905e-07
2026.268.02:33:00/gps-maser/+4.238665e-07
2026.268.02:34:00/gps-fmout/+4.843636e-07
2026.268.02:34:00/gps-maser/+4.244574e-07
2026.268.02:35:00/gps-fmout/+4.852727e-07
2026.268.02:35:00/gps-maser/+4.247424e-07
2026.268.02:36:00/gps-fmout/+4.861150e-07
2026.268.02:36:00/gps-maser/+4.238333e-07
2026.268.02:37:00/gps-fmout/+4.860421e-07
2026.268.02:37:00/gps-maser/+4.230693e-07
2026.268.02:38:00/gps-fmout/+4.870000e-07
2026.268.02:38:00/gps-maser/+4.250000e-07
2026.268.02:39:00/gps-fmout/+4.841585e-07
2026.268.02:39:00/gps-maser/+4.250000e-07
2026.268.02:40:00/gps-fmout/+4.823923e-07
2026.268.02:40:00/gps-maser/+4.244963e-07
2026.268.02:41:00/gps-fmout/+4.843011e-07
2026.268.02:41:00/gps-maser/+4.232121e-07
2026.268.02:42:00/gps-fmout/+4.849573e-07
2026.268.02:42:00/gps-maser/+4.241212e-07
2026.268.02:43:00/gps-fmout/+4.839837e-07
2026.268.02:43:00/gps-maser/+4.250082e-07
2026.268.02:44:00/gps-fmout/+4.831210e-07
2026.268.02:44:00/gps-maser/+4.225379e-07
2026.268.02:45:00/gps-fmout/+4.819579e-07
2026.268.02:45:00/gps-maser/+4.212821e-07
2026.268.02:46:00/gps-fmout/+4.817483e-07
2026.268.02:46:00/gps-maser/+4.201858e-07
2026.268.02:47:00/gps-fmout/+4.809459e-07
2026.268.02:47:00/gps-maser/+4.221528e-07
2026.268.02:48:00/gps-fmout/+4.809429e-07
2026.268.02:48:00/gps-maser/+4.218133e-07
2026.268.02:49:00/gps-fmout/+4.800000e-07
2026.268.02:49:00/gps-maser/+4.190799e-07
2026.268.02:50:00/gps-fmout/+4.818182e-07
2026.268.02:50:00/gps-maser/+4.200537e-07
2026.268.02:51:00/gps-fmout/+4.835351e-07
2026.268.02:51:00/gps-maser/+4.221070e-07
2026.268.02:52:00/gps-fmout/+4.837690e-07
2026.268.02:52:00/gps-maser/+4.225170e-07
2026.268.02:53:00/gps-fmout/+4.819079e-07
2026.268.02:53:00/gps-maser/+4.249621e-07
2026.268.02:54:00/gps-fmout/+4.820483e-07
2026.268.02:54:00/gps-maser/+4.239964e-07
2026.268.02:55:00/gps-fmout/+4.821811e-07
2026.268.02:55:00/gps-maser/+4.235606e-07
2026.268.02:56:00/gps-fmout/+4.809171e-07
2026.268.02:56:00/gps-maser/+4.226515e-07
2026.268.02:57:00/gps-fmout/+4.812238e-07
2026.268.02:57:00/gps-maser/+4.217424e-07
2026.268.02:58:00/gps-fmout/+4.816514e-07
2026.268.02:58:00/gps-maser/+4.208333e-07
2026.268.02:59:00/gps-fmout/+4.780000e-07
2026.268.02:59:00/gps-maser/+4.199520e-07
2026.268.03:00:00/gps-fmout/+4.780000e-07
2026.268.03:00:00/gps-maser/+4.180051e-07
2026.268.03:01:00/gps-fmout/+4.780000e-07
2026.268.03:01:00/gps-maser/+4.161821e-07
2026.268.03:02:00/gps-fmout/+4.780000e-07
2026.268.03:02:00/gps-maser/+4.176067e-07
2026.268.03:03:00/gps-fmout/+4.781672e-07
2026.268.03:03:00/gps-maser/+4.191401e-07
2026.268.03:04:00/gps-fmout/+4.803601e-07
2026.268.03:04:00/gps-maser/+4.191230e-07
2026.268.03:05:00/gps-fmout/+4.830778e-07
2026.268.03:05:00/gps-maser/+4.211212e-07
2026.268.03:06:00/gps-fmout/+4.841048e-07
2026.268.03:06:00/gps-maser/+4.247576e-07
2026.268.03:07:00/gps-fmout/+4.878743e-07
2026.268.03:07:00/gps-maser/+4.277329e-07
2026.268.03:08:00/gps-fmout/+4.915011e-07
2026.268.03:08:00/gps-maser/+4.284673e-07
2026.268.03:09:00/gps-fmout/+4.920328e-07
2026.268.03:09:00/gps-maser/+4.304479e-07
2026.268.03:10:00/gps-fmout/+4.920630e-07
2026.268.03:10:00/gps-maser/+4.330760e-07
2026.268.03:11:00/gps-fmout/+4.940000e-07
2026.268.03:11:00/gps-maser/+4.335545e-07
2026.268.03:12:00/gps-fmout/+4.930790e-07
2026.268.03:12:00/gps-maser/+4.338448e-07
2026.268.03:13:00/gps-fmout/+4.950197e-07
2026.268.03:13:00/gps-maser/+4.323939e-07
2026.268.03:14:00/gps-fmout/+4.929656e-07
2026.268.03:14:00/gps-maser/+4.305758e-07
2026.268.03:15:00/gps-fmout/+4.890000e-07
2026.268.03:15:00/gps-maser/+4.286977e-07
2026.268.03:16:00/gps-fmout/+4.890000e-07
2026.268.03:16:00/gps-maser/+4.259952e-07
2026.268.03:17:00/gps-fmout/+4.882111e-07
2026.268.03:17:00/gps-maser/+4.274985e-07
2026.268.03:18:00/gps-fmout/+4.868738e-07
2026.268.03:18:00/gps-maser/+4.281382e-07
2026.268.03:19:00/gps-fmout/+4.872036e-07
2026.268.03:19:00/gps-maser/+4.275993e-07
2026.268.03:20:00/gps-fmout/+4.878174e-07
2026.268.03:20:00/gps-maser/+4.260683e-07
2026.268.03:21:00/gps-fmout/+4.850481e-07
2026.268.03:21:00/gps-maser/+4.270185e-07
2026.268.03:22:00/gps-fmout/+4.890000e-07
2026.268.03:22:00/gps-maser/+4.265492e-07
2026.268.03:23:00/gps-fmout/+4.874091e-07
2026.268.03:23:00/gps-maser/+4.258512e-07
2026.268.03:24:00/gps-fmout/+4.883182e-07
2026.268.03:24:00/gps-maser/+4.266586e-07
2026.268.03:25:00/gps-fmout/+4.890122e-07
2026.268.03:25:00/gps-maser/+4.288053e-07
2026.268.03:26:00/gps-fmout/+4.880625e-07
2026.268.03:26:00/gps-maser/+4.260764e-07
2026.268.03:27:00/gps-fmout/+4.889091e-07
2026.268.03:27:00/gps-maser/+4.289468e-07
2026.268.03:28:00/gps-fmout/+4.870909e-07
2026.268.03:28:00/gps-maser/+4.268778e-07
2026.268.03:29:00/gps-fmout/+4.860481e-07
2026.268.03:29:00/gps-maser/+4.269585e-07
2026.268.03:30:00/gps-fmout/+4.866168e-07
2026.268.03:30:00/gps-maser/+4.249660e-07
2026.268.03:31:00/gps-fmout/+4.849992e-07
2026.268.03:31:00/gps-maser/+4.248738e-07
2026.268.03:32:00/gps-fmout/+4.857950e-07
2026.268.03:32:00/gps-maser/+4.238774e-07
2026.268.03:33:00/gps-fmout/+4.810000e-07
2026.268.03:33:00/gps-maser/+4.213499e-07
2026.268.03:34:00/gps-fmout/+4.805158e-07
2026.268.03:34:00/gps-maser/+4.204689e-07
2026.268.03:35:00/gps-fmout/+4.800000e-07
2026.268.03:35:00/gps-maser/+4.225113e-07
2026.268.03:36:00/gps-fmout/+4.800000e-07
2026.268.03:36:00/gps-maser/+4.224274e-07
2026.268.03:37:00/gps-fmout/+4.799564e-07
2026.268.03:37:00/gps-maser/+4.175369e-07
2026.268.03:38:00/gps-fmout/+4.778084e-07
2026.268.03:38:00/gps-maser/+4.149621e-07
2026.268.03:39:00/gps-fmout/+4.734707e-07
2026.268.03:39:00/gps-maser/+4.139170e-07
2026.268.03:40:00/gps-fmout/+4.712079e-07
2026.268.03:40:00/gps-maser/+4.111984e-07
2026.268.03:41:00/gps-fmout/+4.695770e-07
2026.268.03:41:00/gps-maser/+4.113869e-07
2026.268.03:42:00/gps-fmout/+4.690872e-07
2026.268.03:42:00/gps-maser/+4.090853e-07
2026.268.03:43:00/gps-fmout/+4.700000e-07
2026.268.03:43:00/gps-maser/+4.107738e-07
2026.268.03:44:00/gps-fmout/+4.700000e-07
2026.268.03:44:00/gps-maser/+4.079330e-07
2026.268.03:45:00/gps-fmout/+4.691708e-07
2026.268.03:45:00/gps-maser/+4.064397e-07
2026.268.03:46:00/gps-fmout/+4.683182e-07
2026.268.03:46:00/gps-maser/+4.060918e-07
2026.268.03:47:00/gps-fmout/+4.692273e-07
2026.268.03:47:00/gps-maser/+4.074242e-07
2026.268.03:48:00/gps-fmout/+4.701097e-07
2026.268.03:48:00/gps-maser/+4.092424e-07
2026.268.03:49:00/gps-fmout/+4.699598e-07
2026.268.03:49:00/gps-maser/+4.110358e-07
2026.268.03:50:00/gps-fmout/+4.694771e-07
2026.268.03:50:00/gps-maser/+4.082277e-07
2026.268.03:51:00/gps-fmout/+4.696364e-07
2026.268.03:51:00/gps-maser/+4.086381e-07
2026.268.03:52:00/gps-fmout/+4.687273e-07
2026.268.03:52:00/gps-maser/+4.100381e-07
2026.268.03:53:00/gps-fmout/+4.678377e-07
2026.268.03:53:00/gps-maser/+4.101512e-07
2026.268.03:54:00/gps-fmout/+4.681563e-07
2026.268.03:54:00/gps-maser/+4.110000e-07
2026.268.03:55:00/gps-fmout/+4.710000e-07
2026.268.03:55:00/gps-maser/+4.110000e-07
2026.268.03:56:00/gps-fmout/+4.735739e-07
2026.268.03:56:00/gps-maser/+4.123105e-07
2026.268.03:57:00/gps-fmout/+4.747695e-07
2026.268.03:57:00/gps-maser/+4.148143e-07
2026.268.03:58:00/gps-fmout/+4.757727e-07
2026.268.03:58:00/gps-maser/+4.142121e-07
2026.268.03:59:00/gps-fmout/+4.748636e-07
2026.268.03:59:00/gps-maser/+4.151212e-07
2026.268.04:00:00/gps-fmout/+4.740128e-07
2026.268.04:00:00/gps-maser/+4.160103e-07
2026.268.04:01:00/gps-fmout/+4.751510e-07
2026.268.04:01:00/gps-maser/+4.128012e-07
2026.268.04:02:00/gps-fmout/+4.735368e-07
2026.268.04:02:00/gps-maser/+4.122480e-07
2026.268.04:03:00/gps-fmout/+4.733291e-07
2026.268.04:03:00/gps-maser/+4.130458e-07
2026.268.04:04:00/gps-fmout/+4.748041e-07
2026.268.04:04:00/gps-maser/+4.131687e-07
2026.268.04:05:00/gps-fmout/+4.729182e-07
2026.268.04:05:00/gps-maser/+4.148303e-07
2026.268.04:06:00/gps-fmout/+4.730000e-07
2026.268.04:06:00/gps-maser/+4.124931e-07
2026.268.04:07:00/gps-fmout/+4.739417e-07
2026.268.04:07:00/gps-maser/+4.125763e-07
2026.268.04:08:00/gps-fmout/+4.719031e-07
2026.268.04:08:00/gps-maser/+4.121985e-07
2026.268.04:09:00/gps-fmout/+4.721830e-07
2026.268.04:09:00/gps-maser/+4.129229e-07
2026.268.04:10:00/gps-fmout/+4.730135e-07
2026.268.04:10:00/gps-maser/+4.121478e-07
2026.268.04:11:00/gps-fmout/+4.720913e-07
2026.268.04:11:00/gps-maser/+4.149649e-07
2026.268.04:12:00/gps-fmout/+4.754463e-07
2026.268.04:12:00/gps-maser/+4.134129e-07
2026.268.04:13:00/gps-fmout/+4.738838e-07
2026.268.04:13:00/gps-maser/+4.132797e-07
2026.268.04:14:00/gps-fmout/+4.721037e-07
2026.268.04:14:00/gps-maser/+4.140000e-07
2026.268.04:15:00/gps-fmout/+4.729022e-07
2026.268.04:15:00/gps-maser/+4.140000e-07
2026.268.04:16:00/gps-fmout/+4.720263e-07
2026.268.04:16:00/gps-maser/+4.139459e-07
2026.268.04:17:00/gps-fmout/+4.740000e-07
2026.268.04:17:00/gps-maser/+4.134712e-07
2026.268.04:18:00/gps-fmout/+4.732229e-07
2026.268.04:18:00/gps-maser/+4.132729e-07
2026.268.04:19:00/gps-fmout/+4.746818e-07
2026.268.04:19:00/gps-maser/+4.119107e-07
2026.268.04:20:00/gps-fmout/+4.737727e-07
2026.268.04:20:00/gps-maser/+4.117097e-07
2026.268.04:21:00/gps-fmout/+4.728636e-07
2026.268.04:21:00/gps-maser/+4.101882e-07
2026.268.04:22:00/gps-fmout/+4.720490e-07
2026.268.04:22:00/gps-maser/+4.150263e-07
2026.268.04:23:00/gps-fmout/+4.756302e-07
2026.268.04:23:00/gps-maser/+4.158788e-07
2026.268.04:24:00/gps-fmout/+4.761210e-07
2026.268.04:24:00/gps-maser/+4.176970e-07
2026.268.04:25:00/gps-fmout/+4.776622e-07
2026.268.04:25:00/gps-maser/+4.192176e-07
2026.268.04:26:00/gps-fmout/+4.760936e-07
2026.268.04:26:00/gps-maser/+4.175810e-07
2026.268.04:27:00/gps-fmout/+4.768933e-07
2026.268.04:27:00/gps-maser/+4.149279e-07
2026.268.04:28:00/gps-fmout/+4.750000e-07
2026.268.04:28:00/gps-maser/+4.139168e-07
2026.268.04:29:00/gps-fmout/+4.750000e-07
2026.268.04:29:00/gps-maser/+4.132022e-07
2026.268.04:30:00/gps-fmout/+4.750000e-07
2026.268.04:30:00/gps-maser/+4.145965e-07
2026.268.04:31:00/gps-fmout/+4.751049e-07
2026.268.04:31:00/gps-maser/+4.159981e-07
2026.268.04:32:00/gps-fmout/+4.760571e-07
2026.268.04:32:00/gps-maser/+4.150692e-07
2026.268.04:33:00/gps-fmout/+4.760483e-07
2026.268.04:33:00/gps-maser/+4.160456e-07
2026.268.04:34:00/gps-fmout/+4.770000e-07
2026.268.04:34:00/gps-maser/+4.167065e-07
2026.268.04:35:00/gps-fmout/+4.769159e-07
2026.268.04:35:00/gps-maser/+4.169183e-07
2026.268.04:36:00/gps-fmout/+4.774012e-07
2026.268.04:36:00/gps-maser/+4.188529e-07
2026.268.04:37:00/gps-fmout/+4.793636e-07
2026.268.04:37:00/gps-maser/+4.181111e-07
2026.268.04:38:00/gps-fmout/+4.810841e-07
2026.268.04:38:00/gps-maser/+4.191285e-07
2026.268.04:39:00/gps-fmout/+4.780000e-07
2026.268.04:39:00/gps-maser/+4.196514e-07
2026.268.04:40:00/gps-fmout/+4.784091e-07
2026.268.04:40:00/gps-maser/+4.193621e-07
2026.268.04:41:00/gps-fmout/+4.793182e-07
2026.268.04:41:00/gps-maser/+4.195437e-07
2026.268.04:42:00/gps-fmout/+4.802273e-07
2026.268.04:42:00/gps-maser/+4.180807e-07
2026.268.04:43:00/gps-fmout/+4.809496e-07
2026.268.04:43:00/gps-maser/+4.189743e-07
2026.268.04:44:00/gps-fmout/+4.780000e-07
2026.268.04:44:00/gps-maser/+4.180370e-07
2026.268.04:45:00/gps-fmout/+4.780000e-07
2026.268.04:45:00/gps-maser/+4.199414e-07
2026.268.04:46:00/gps-fmout/+4.790899e-07
2026.268.04:46:00/gps-maser/+4.206970e-07
2026.268.04:47:00/gps-fmout/+4.820841e-07
2026.268.04:47:00/gps-maser/+4.225152e-07
2026.268.04:48:00/gps-fmout/+4.823636e-07
2026.268.04:48:00/gps-maser/+4.242650e-07
2026.268.04:49:00/gps-fmout/+4.841818e-07
2026.268.04:49:00/gps-maser/+4.251978e-07
2026.268.04:50:00/gps-fmout/+4.860000e-07
2026.268.04:50:00/gps-maser/+4.277846e-07
2026.268.04:51:00/gps-fmout/+4.874983e-07
2026.268.04:51:00/gps-maser/+4.276591e-07
2026.268.04:52:00/gps-fmout/+4.863256e-07
2026.268.04:52:00/gps-maser/+4.273628e-07
2026.268.04:53:00/gps-fmout/+4.866173e-07
2026.268.04:53:00/gps-maser/+4.273636e-07
2026.268.04:54:00/gps-fmout/+4.848462e-07
2026.268.04:54:00/gps-maser/+4.246364e-07
2026.268.04:55:00/gps-fmout/+4.839269e-07
2026.268.04:55:00/gps-maser/+4.219298e-07
2026.268.04:56:00/gps-fmout/+4.822750e-07
2026.268.04:56:00/gps-maser/+4.230893e-07
2026.268.04:57:00/gps-fmout/+4.825424e-07
2026.268.04:57:00/gps-maser/+4.226611e-07
2026.268.04:58:00/gps-fmout/+4.843861e-07
2026.268.04:58:00/gps-maser/+4.222734e-07
2026.268.04:59:00/gps-fmout/+4.847791e-07
2026.268.04:59:00/gps-maser/+4.241554e-07
2026.268.05:00:00/gps-fmout/+4.820989e-07
2026.268.05:00:00/gps-maser/+4.238022e-07
2026.268.05:01:00/gps-fmout/+4.850000e-07
2026.268.05:01:00/gps-maser/+4.229697e-07
2026.268.05:02:00/gps-fmout/+4.846761e-07
2026.268.05:02:00/gps-maser/+4.247879e-07
2026.268.05:03:00/gps-fmout/+4.834146e-07
2026.268.05:03:00/gps-maser/+4.259315e-07
2026.268.05:04:00/gps-fmout/+4.816423e-07
2026.268.05:04:00/gps-maser/+4.237666e-07
2026.268.05:05:00/gps-fmout/+4.810266e-07
2026.268.05:05:00/gps-maser/+4.228184e-07
2026.268.05:06:00/gps-fmout/+4.820759e-07
2026.268.05:06:00/gps-maser/+4.210043e-07
2026.268.05:07:00/gps-fmout/+4.832104e-07
2026.268.05:07:00/gps-maser/+4.238210e-07
2026.268.05:08:00/gps-fmout/+4.826644e-07
2026.268.05:08:00/gps-maser/+4.233349e-07
2026.268.05:09:00/gps-fmout/+4.819730e-07
2026.268.05:09:00/gps-maser/+4.217424e-07
2026.268.05:10:00/gps-fmout/+4.816434e-07
2026.268.05:10:00/gps-maser/+4.208333e-07
2026.268.05:11:00/gps-fmout/+4.786834e-07
2026.268.05:11:00/gps-maser/+4.199055e-07
2026.268.05:12:00/gps-fmout/+4.750000e-07
2026.268.05:12:00/gps-maser/+4.175209e-07
2026.268.05:13:00/gps-fmout/+4.780000e-07
2026.268.05:13:00/gps-maser/+4.156166e-07
2026.268.05:14:00/gps-fmout/+4.780000e-07
2026.268.05:14:00/gps-maser/+4.165357e-07
2026.268.05:15:00/gps-fmout/+4.781049e-07
2026.268.05:15:00/gps-maser/+4.179793e-07
2026.268.05:16:00/gps-fmout/+4.789930e-07
2026.268.05:16:00/gps-maser/+4.170992e-07
2026.268.05:17:00/gps-fmout/+4.780926e-07
2026.268.05:17:00/gps-maser/+4.190048e-07
2026.268.05:18:00/gps-fmout/+4.811458e-07
2026.268.05:18:00/gps-maser/+4.196460e-07
2026.268.05:19:00/gps-fmout/+4.817121e-07
2026.268.05:19:00/gps-maser/+4.226177e-07
2026.268.05:20:00/gps-fmout/+4.814643e-07
2026.268.05:20:00/gps-maser/+4.227424e-07
2026.268.05:21:00/gps-fmout/+4.832589e-07
2026.268.05:21:00/gps-maser/+4.218333e-07
2026.268.05:22:00/gps-fmout/+4.839805e-07
2026.268.05:22:00/gps-maser/+4.210569e-07
2026.268.05:23:00/gps-fmout/+4.820000e-07
2026.268.05:23:00/gps-maser/+4.219670e-07
2026.268.05:24:00/gps-fmout/+4.828974e-07
2026.268.05:24:00/gps-maser/+4.224980e-07
2026.268.05:25:00/gps-fmout/+4.836364e-07
2026.268.05:25:00/gps-maser/+4.255094e-07
2026.268.05:26:00/gps-fmout/+4.854545e-07
2026.268.05:26:00/gps-maser/+4.258714e-07
2026.268.05:27:00/gps-fmout/+4.869164e-07
2026.268.05:27:00/gps-maser/+4.248302e-07
2026.268.05:28:00/gps-fmout/+4.809920e-07
2026.268.05:28:00/gps-maser/+4.228788e-07
2026.268.05:29:00/gps-fmout/+4.806310e-07
2026.268.05:29:00/gps-maser/+4.192424e-07
2026.268.05:30:00/gps-fmout/+4.782587e-07
2026.268.05:30:00/gps-maser/+4.162869e-07
2026.268.05:31:00/gps-fmout/+4.760722e-07
2026.268.05:31:00/gps-maser/+4.154848e-07
2026.268.05:32:00/gps-fmout/+4.728147e-07
2026.268.05:32:00/gps-maser/+4.136667e-07
2026.268.05:33:00/gps-fmout/+4.737322e-07
2026.268.05:33:00/gps-maser/+4.120050e-07
2026.268.05:34:00/gps-fmout/+4.723177e-07
2026.268.05:34:00/gps-maser/+4.144848e-07
2026.268.05:35:00/gps-fmout/+4.738388e-07
2026.268.05:35:00/gps-maser/+4.153939e-07
2026.268.05:36:00/gps-fmout/+4.748075e-07
2026.268.05:36:00/gps-maser/+4.163030e-07
2026.268.05:37:00/gps-fmout/+4.744545e-07
2026.268.05:37:00/gps-maser/+4.170229e-07
2026.268.05:38:00/gps-fmout/+4.762727e-07
2026.268.05:38:00/gps-maser/+4.159960e-07
2026.268.05:39:00/gps-fmout/+4.780909e-07
2026.268.05:39:00/gps-maser/+4.170729e-07
2026.268.05:40:00/gps-fmout/+4.798152e-07
2026.268.05:40:00/gps-maser/+4.190762e-07
2026.268.05:41:00/gps-fmout/+4.796364e-07
2026.268.05:41:00/gps-maser/+4.193444e-07
2026.268.05:42:00/gps-fmout/+4.787273e-07
2026.268.05:42:00/gps-maser/+4.197304e-07
2026.268.05:43:00/gps-fmout/+4.778458e-07
2026.268.05:43:00/gps-maser/+4.180191e-07
2026.268.05:44:00/gps-fmout/+4.782828e-07
2026.268.05:44:00/gps-maser/+4.189215e-07
2026.268.05:45:00/gps-fmout/+4.824773e-07
2026.268.05:45:00/gps-maser/+4.193990e-07
2026.268.05:46:00/gps-fmout/+4.818716e-07
2026.268.05:46:00/gps-maser/+4.215049e-07
2026.268.05:47:00/gps-fmout/+4.807672e-07
2026.268.05:47:00/gps-maser/+4.221131e-07
2026.268.05:48:00/gps-fmout/+4.829540e-07
2026.268.05:48:00/gps-maser/+4.217879e-07
2026.268.05:49:00/gps-fmout/+4.816460e-07
2026.268.05:49:00/gps-maser/+4.208788e-07
2026.268.05:50:00/gps-fmout/+4.789606e-07
2026.268.05:50:00/gps-maser/+4.199653e-07
2026.268.05:51:00/gps-fmout/+4.794996e-07
2026.268.05:51:00/gps-maser/+4.189011e-07
2026.268.05:52:00/gps-fmout/+4.794663e-07
2026.268.05:52:00/gps-maser/+4.180130e-07
2026.268.05:53:00/gps-fmout/+4.779387e-07
2026.268.05:53:00/gps-maser/+4.161484e-07
2026.268.05:54:00/gps-fmout/+4.777310e-07
2026.268.05:54:00/gps-maser/+4.170293e-07
2026.268.05:55:00/gps-fmout/+4.759527e-07
2026.268.05:55:00/gps-maser/+4.170837e-07
2026.268.05:56:00/gps-fmout/+4.749583e-07
2026.268.05:56:00/gps-maser/+4.170454e-07
2026.268.05:57:00/gps-fmout/+4.738718e-07
2026.268.05:57:00/gps-maser/+4.160000e-07
2026.268.05:58:00/gps-fmout/+4.742886e-07
2026.268.05:58:00/gps-maser/+4.160000e-07
2026.268.05:59:00/gps-fmout/+4.746056e-07
2026.268.05:59:00/gps-maser/+4.158290e-07
2026.268.06:00:00/gps-fmout/+4.720000e-07
2026.268.06:00:00/gps-maser/+4.137958e-07
2026.268.06:01:00/gps-fmout/+4.720000e-07
2026.268.06:01:00/gps-maser/+4.130261e-07
2026.268.06:02:00/gps-fmout/+4.730932e-07
2026.268.06:02:00/gps-maser/+4.154394e-07
2026.268.06:03:00/gps-fmout/+4.756497e-07
2026.268.06:03:00/gps-maser/+4.163485e-07
2026.268.06:04:00/gps-fmout/+4.757273e-07
2026.268.06:04:00/gps-maser/+4.172576e-07
2026.268.06:05:00/gps-fmout/+4.748182e-07
2026.268.06:05:00/gps-maser/+4.180448e-07
2026.268.06:06:00/gps-fmout/+4.740236e-07
2026.268.06:06:00/gps-maser/+4.156575e-07
2026.268.06:07:00/gps-fmout/+4.745000e-07
2026.268.06:07:00/gps-maser/+4.124512e-07
2026.268.06:08:00/gps-fmout/+4.744267e-07
2026.268.06:08:00/gps-maser/+4.142339e-07
2026.268.06:09:00/gps-fmout/+4.747344e-07
2026.268.06:09:00/gps-maser/+4.159894e-07
2026.268.06:10:00/gps-fmout/+4.739348e-07
2026.268.06:10:00/gps-maser/+4.143327e-07
2026.268.06:11:00/gps-fmout/+4.741016e-07
2026.268.06:11:00/gps-maser/+4.122424e-07
2026.268.06:12:00/gps-fmout/+4.750000e-07
2026.268.06:12:00/gps-maser/+4.140632e-07
2026.268.06:13:00/gps-fmout/+4.750000e-07
2026.268.06:13:00/gps-maser/+4.147677e-07
2026.268.06:14:00/gps-fmout/+4.744410e-07
2026.268.06:14:00/gps-maser/+4.136515e-07
2026.268.06:15:00/gps-fmout/+4.729914e-07
2026.268.06:15:00/gps-maser/+4.132765e-07
2026.268.06:16:00/gps-fmout/+4.744697e-07
2026.268.06:16:00/gps-maser/+4.160631e-07
2026.268.06:17:00/gps-fmout/+4.771698e-07
2026.268.06:17:00/gps-maser/+4.152664e-07
2026.268.06:18:00/gps-fmout/+4.780000e-07
2026.268.06:18:00/gps-maser/+4.179591e-07
2026.268.06:19:00/gps-fmout/+4.811302e-07
2026.268.06:19:00/gps-maser/+4.191862e-07
2026.268.06:20:00/gps-fmout/+4.820000e-07
2026.268.06:20:00/gps-maser/+4.214720e-07
2026.268.06:21:00/gps-fmout/+4.820000e-07
2026.268.06:21:00/gps-maser/+4.218927e-07
2026.268.06:22:00/gps-fmout/+4.820000e-07
2026.268.06:22:00/gps-maser/+4.211214e-07
2026.268.06:23:00/gps-fmout/+4.820019e-07
2026.268.06:23:00/gps-maser/+4.230151e-07
2026.268.06:24:00/gps-fmout/+4.816131e-07
2026.268.06:24:00/gps-maser/+4.225606e-07
2026.268.06:25:00/gps-fmout/+4.806364e-07
2026.268.06:25:00/gps-maser/+4.216515e-07
2026.268.06:26:00/gps-fmout/+4.798693e-07
2026.268.06:26:00/gps-maser/+4.205529e-07
2026.268.06:27:00/gps-fmout/+4.798932e-07
2026.268.06:27:00/gps-maser/+4.189792e-07
2026.268.06:28:00/gps-fmout/+4.790128e-07
2026.268.06:28:00/gps-maser/+4.201346e-07
2026.268.06:29:00/gps-fmout/+4.810000e-07
2026.268.06:29:00/gps-maser/+4.210477e-07
2026.268.06:30:00/gps-fmout/+4.811684e-07
2026.268.06:30:00/gps-maser/+4.221330e-07
2026.268.06:31:00/gps-fmout/+4.831154e-07
2026.268.06:31:00/gps-maser/+4.241584e-07
2026.268.06:32:00/gps-fmout/+4.828071e-07
2026.268.06:32:00/gps-maser/+4.238279e-07
2026.268.06:33:00/gps-fmout/+4.820159e-07
2026.268.06:33:00/gps-maser/+4.228239e-07
2026.268.06:34:00/gps-fmout/+4.829444e-07
2026.268.06:34:00/gps-maser/+4.209758e-07
2026.268.06:35:00/gps-fmout/+4.814592e-07
2026.268.06:35:00/gps-maser/+4.205941e-07
2026.268.06:36:00/gps-fmout/+4.812030e-07
2026.268.06:36:00/gps-maser/+4.193485e-07
2026.268.06:37:00/gps-fmout/+4.810524e-07
2026.268.06:37:00/gps-maser/+4.202576e-07
2026.268.06:38:00/gps-fmout/+4.773865e-07
2026.268.06:38:00/gps-maser/+4.210317e-07
2026.268.06:39:00/gps-fmout/+4.810176e-07
2026.268.06:39:00/gps-maser/+4.201488e-07
2026.268.06:40:00/gps-fmout/+4.815375e-07
2026.268.06:40:00/gps-maser/+4.216829e-07
2026.268.06:41:00/gps-fmout/+4.809661e-07
2026.268.06:41:00/gps-maser/+4.201669e-07
2026.268.06:42:00/gps-fmout/+4.790519e-07
2026.268.06:42:00/gps-maser/+4.194942e-07
2026.268.06:43:00/gps-fmout/+4.806100e-07
2026.268.06:43:00/gps-maser/+4.221433e-07
2026.268.06:44:00/gps-fmout/+4.830692e-07
2026.268.06:44:00/gps-maser/+4.218387e-07
2026.268.06:45:00/gps-fmout/+4.820712e-07
2026.268.06:45:00/gps-maser/+4.200052e-07
2026.268.06:46:00/gps-fmout/+4.834508e-07
2026.268.06:46:00/gps-maser/+4.227691e-07
2026.268.06:47:00/gps-fmout/+4.846712e-07
2026.268.06:47:00/gps-maser/+4.257334e-07
2026.268.06:48:00/gps-fmout/+4.862569e-07
2026.268.06:48:00/gps-maser/+4.255870e-07
2026.268.06:49:00/gps-fmout/+4.856067e-07
2026.268.06:49:00/gps-maser/+4.241030e-07
2026.268.06:50:00/gps-fmout/+4.831675e-07
2026.268.06:50:00/gps-maser/+4.250000e-07
2026.268.06:51:00/gps-fmout/+4.860000e-07
2026.268.06:51:00/gps-maser/+4.249394e-07
2026.268.06:52:00/gps-fmout/+4.878182e-07
2026.268.06:52:00/gps-maser/+4.253216e-07
2026.268.06:53:00/gps-fmout/+4.890841e-07
2026.268.06:53:00/gps-maser/+4.263030e-07
2026.268.06:54:00/gps-fmout/+4.879571e-07
2026.268.06:54:00/gps-maser/+4.271494e-07
2026.268.06:55:00/gps-fmout/+4.878775e-07
2026.268.06:55:00/gps-maser/+4.269288e-07
2026.268.06:56:00/gps-fmout/+4.860353e-07
2026.268.06:56:00/gps-maser/+4.259582e-07
2026.268.06:57:00/gps-fmout/+4.870909e-07
2026.268.06:57:00/gps-maser/+4.253235e-07
2026.268.06:58:00/gps-fmout/+4.852727e-07
2026.268.06:58:00/gps-maser/+4.253223e-07
2026.268.06:59:00/gps-fmout/+4.834545e-07
2026.268.06:59:00/gps-maser/+4.240000e-07
2026.268.07:00:00/gps-fmout/+4.817385e-07
2026.268.07:00:00/gps-maser/+4.240000e-07
2026.268.07:01:00/gps-fmout/+4.821200e-07
2026.268.07:01:00/gps-maser/+4.240000e-07
2026.268.07:02:00/gps-fmout/+4.850000e-07
2026.268.07:02:00/gps-maser/+4.240000e-07
2026.268.07:03:00/gps-fmout/+4.827600e-07
2026.268.07:03:00/gps-maser/+4.233604e-07
2026.268.07:04:00/gps-fmout/+4.835924e-07
2026.268.07:04:00/gps-maser/+4.220342e-07
2026.268.07:05:00/gps-fmout/+4.849657e-07
2026.268.07:05:00/gps-maser/+4.235604e-07
2026.268.07:06:00/gps-fmout/+4.841305e-07
2026.268.07:06:00/gps-maser/+4.259701e-07
2026.268.07:07:00/gps-fmout/+4.859786e-07
2026.268.07:07:00/gps-maser/+4.239928e-07
2026.268.07:08:00/gps-fmout/+4.854771e-07
2026.268.07:08:00/gps-maser/+4.235606e-07
2026.268.07:09:00/gps-fmout/+4.850017e-07
2026.268.07:09:00/gps-maser/+4.226515e-07
2026.268.07:10:00/gps-fmout/+4.828903e-07
2026.268.07:10:00/gps-maser/+4.220475e-07
2026.268.07:11:00/gps-fmout/+4.831393e-07
2026.268.07:11:00/gps-maser/+4.228056e-07
2026.268.07:12:00/gps-fmout/+4.839346e-07
2026.268.07:12:00/gps-maser/+4.209825e-07
2026.268.07:13:00/gps-fmout/+4.810000e-07
2026.268.07:13:00/gps-maser/+4.205152e-07
2026.268.07:14:00/gps-fmout/+4.806464e-07
2026.268.07:14:00/gps-maser/+4.196061e-07
2026.268.07:15:00/gps-fmout/+4.794129e-07
2026.268.07:15:00/gps-maser/+4.190726e-07
2026.268.07:16:00/gps-fmout/+4.781432e-07
2026.268.07:16:00/gps-maser/+4.200000e-07
2026.268.07:17:00/gps-fmout/+4.799126e-07
2026.268.07:17:00/gps-maser/+4.200000e-07
2026.268.07:18:00/gps-fmout/+4.789915e-07
2026.268.07:18:00/gps-maser/+4.199894e-07
2026.268.07:19:00/gps-fmout/+4.785793e-07
2026.268.07:19:00/gps-maser/+4.190000e-07
2026.268.07:20:00/gps-fmout/+4.787104e-07
2026.268.07:20:00/gps-maser/+4.190000e-07
2026.268.07:21:00/gps-fmout/+4.794545e-07
2026.268.07:21:00/gps-maser/+4.187097e-07
2026.268.07:22:00/gps-fmout/+4.776364e-07
2026.268.07:22:00/gps-maser/+4.169931e-07
2026.268.07:23:00/gps-fmout/+4.758648e-07
2026.268.07:23:00/gps-maser/+4.179084e-07
2026.268.07:24:00/gps-fmout/+4.777500e-07
2026.268.07:24:00/gps-maser/+4.174792e-07
2026.268.07:25:00/gps-fmout/+4.785909e-07
2026.268.07:25:00/gps-maser/+4.179891e-07
2026.268.07:26:00/gps-fmout/+4.776818e-07
2026.268.07:26:00/gps-maser/+4.182614e-07
2026.268.07:27:00/gps-fmout/+4.768543e-07
2026.268.07:27:00/gps-maser/+4.190836e-07
2026.268.07:28:00/gps-fmout/+4.770761e-07
2026.268.07:28:00/gps-maser/+4.189288e-07
2026.268.07:29:00/gps-fmout/+4.779805e-07
2026.268.07:29:00/gps-maser/+4.179569e-07
2026.268.07:30:00/gps-fmout/+4.766957e-07
2026.268.07:30:00/gps-maser/+4.173134e-07
2026.268.07:31:00/gps-fmout/+4.779962e-07
2026.268.07:31:00/gps-maser/+4.180172e-07
2026.268.07:32:00/gps-fmout/+4.803719e-07
2026.268.07:32:00/gps-maser/+4.181347e-07
2026.268.07:33:00/gps-fmout/+4.810473e-07
2026.268.07:33:00/gps-maser/+4.194198e-07
2026.268.07:34:00/gps-fmout/+4.811007e-07
2026.268.07:34:00/gps-maser/+4.229294e-07
2026.268.07:35:00/gps-fmout/+4.815767e-07
2026.268.07:35:00/gps-maser/+4.219697e-07
2026.268.07:36:00/gps-fmout/+4.828177e-07
2026.268.07:36:00/gps-maser/+4.237879e-07
2026.268.07:37:00/gps-fmout/+4.853822e-07
2026.268.07:37:00/gps-maser/+4.253371e-07
2026.268.07:38:00/gps-fmout/+4.835183e-07
2026.268.07:38:00/gps-maser/+4.248200e-07
2026.268.07:39:00/gps-fmout/+4.858223e-07
2026.268.07:39:00/gps-maser/+4.239419e-07
2026.268.07:40:00/gps-fmout/+4.840000e-07
2026.268.07:40:00/gps-maser/+4.239805e-07
2026.268.07:41:00/gps-fmout/+4.840000e-07
2026.268.07:41:00/gps-maser/+4.241745e-07
2026.268.07:42:00/gps-fmout/+4.844748e-07
2026.268.07:42:00/gps-maser/+4.260344e-07
2026.268.07:43:00/gps-fmout/+4.863989e-07
2026.268.07:43:00/gps-maser/+4.263344e-07
2026.268.07:44:00/gps-fmout/+4.869309e-07
2026.268.07:44:00/gps-maser/+4.266667e-07
2026.268.07:45:00/gps-fmout/+4.859537e-07
2026.268.07:45:00/gps-maser/+4.248339e-07
2026.268.07:46:00/gps-fmout/+4.860000e-07
2026.268.07:46:00/gps-maser/+4.242918e-07
2026.268.07:47:00/gps-fmout/+4.850049e-07
2026.268.07:47:00/gps-maser/+4.253939e-07
2026.268.07:48:00/gps-fmout/+4.860921e-07
2026.268.07:48:00/gps-maser/+4.255090e-07
2026.268.07:49:00/gps-fmout/+4.842273e-07
2026.268.07:49:00/gps-maser/+4.230771e-07
2026.268.07:50:00/gps-fmout/+4.851605e-07
2026.268.07:50:00/gps-maser/+4.239397e-07
2026.268.07:51:00/gps-fmout/+4.859654e-07
2026.268.07:51:00/gps-maser/+4.230226e-07
2026.268.07:52:00/gps-fmout/+4.840909e-07
2026.268.07:52:00/gps-maser/+4.241826e-07
2026.268.07:53:00/gps-fmout/+4.830165e-07
2026.268.07:53:00/gps-maser/+4.232893e-07
2026.268.07:54:00/gps-fmout/+4.835222e-07
2026.268.07:54:00/gps-maser/+4.223540e-07
2026.268.07:55:00/gps-fmout/+4.824126e-07
2026.268.07:55:00/gps-maser/+4.242262e-07
2026.268.07:56:00/gps-fmout/+4.852183e-07
2026.268.07:56:00/gps-maser/+4.249637e-07
2026.268.07:57:00/gps-fmout/+4.870000e-07
2026.268.07:57:00/gps-maser/+4.258615e-07
2026.268.07:58:00/gps-fmout/+4.870000e-07
2026.268.07:58:00/gps-maser/+4.282952e-07
2026.268.07:59:00/gps-fmout/+4.872393e-07
2026.268.07:59:00/gps-maser/+4.274272e-07
2026.268.08:00:00/gps-fmout/+4.877903e-07
2026.268.08:00:00/gps-maser/+4.256734e-07
2026.268.08:01:00/gps-fmout/+4.858403e-07
2026.268.08:01:00/gps-maser/+4.250746e-07
2026.268.08:02:00/gps-fmout/+4.861187e-07
2026.268.08:02:00/gps-maser/+4.270116e-07
2026.268.08:03:00/gps-fmout/+4.894733e-07
2026.268.08:03:00/gps-maser/+4.274394e-07
2026.268.08:04:00/gps-fmout/+4.878838e-07
2026.268.08:04:00/gps-maser/+4.283485e-07
2026.268.08:05:00/gps-fmout/+4.861140e-07
2026.268.08:05:00/gps-maser/+4.287164e-07
2026.268.08:06:00/gps-fmout/+4.869210e-07
2026.268.08:06:00/gps-maser/+4.257716e-07
2026.268.08:07:00/gps-fmout/+4.858024e-07
2026.268.08:07:00/gps-maser/+4.249851e-07
2026.268.08:08:00/gps-fmout/+4.830000e-07
2026.268.08:08:00/gps-maser/+4.245404e-07
2026.268.08:09:00/gps-fmout/+4.834723e-07
2026.268.08:09:00/gps-maser/+4.242709e-07
2026.268.08:10:00/gps-fmout/+4.840000e-07
2026.268.08:10:00/gps-maser/+4.245347e-07
2026.268.08:11:00/gps-fmout/+4.840000e-07
2026.268.08:11:00/gps-maser/+4.232845e-07
2026.268.08:12:00/gps-fmout/+4.839533e-07
2026.268.08:12:00/gps-maser/+4.250000e-07
2026.268.08:13:00/gps-fmout/+4.830030e-07
2026.268.08:13:00/gps-maser/+4.249983e-07
2026.268.08:14:00/gps-fmout/+4.863832e-07
2026.268.08:14:00/gps-maser/+4.257407e-07
2026.268.08:15:00/gps-fmout/+4.885918e-07
2026.268.08:15:00/gps-maser/+4.276970e-07
2026.268.08:16:00/gps-fmout/+4.871225e-07
2026.268.08:16:00/gps-maser/+4.291472e-07
2026.268.08:17:00/gps-fmout/+4.884778e-07
2026.268.08:17:00/gps-maser/+4.278876e-07
2026.268.08:18:00/gps-fmout/+4.910507e-07
2026.268.08:18:00/gps-maser/+4.281995e-07
2026.268.08:19:00/gps-fmout/+4.915313e-07
2026.268.08:19:00/gps-maser/+4.316308e-07
2026.268.08:20:00/gps-fmout/+4.920385e-07
2026.268.08:20:00/gps-maser/+4.333834e-07
2026.268.08:21:00/gps-fmout/+4.922886e-07
2026.268.08:21:00/gps-maser/+4.324131e-07
2026.268.08:22:00/gps-fmout/+4.928885e-07
2026.268.08:22:00/gps-maser/+4.311017e-07
2026.268.08:23:00/gps-fmout/+4.919384e-07
2026.268.08:23:00/gps-maser/+4.320245e-07
2026.268.08:24:00/gps-fmout/+4.920458e-07
2026.268.08:24:00/gps-maser/+4.320347e-07
2026.268.08:25:00/gps-fmout/+4.930451e-07
2026.268.08:25:00/gps-maser/+4.337249e-07
2026.268.08:26:00/gps-fmout/+4.934015e-07
2026.268.08:26:00/gps-maser/+4.336515e-07
2026.268.08:27:00/gps-fmout/+4.936385e-07
2026.268.08:27:00/gps-maser/+4.327424e-07
2026.268.08:28:00/gps-fmout/+4.917424e-07
2026.268.08:28:00/gps-maser/+4.318333e-07
2026.268.08:29:00/gps-fmout/+4.910208e-07
2026.268.08:29:00/gps-maser/+4.308119e-07
2026.268.08:30:00/gps-fmout/+4.920000e-07
2026.268.08:30:00/gps-maser/+4.294848e-07
2026.268.08:31:00/gps-fmout/+4.924091e-07
2026.268.08:31:00/gps-maser/+4.303939e-07
2026.268.08:32:00/gps-fmout/+4.933182e-07
2026.268.08:32:00/gps-maser/+4.313030e-07
2026.268.08:33:00/gps-fmout/+4.938727e-07
2026.268.08:33:00/gps-maser/+4.321228e-07
2026.268.08:34:00/gps-fmout/+4.920000e-07
2026.268.08:34:00/gps-maser/+4.320704e-07
2026.268.08:35:00/gps-fmout/+4.920000e-07
2026.268.08:35:00/gps-maser/+4.329785e-07
2026.268.08:36:00/gps-fmout/+4.920000e-07
2026.268.08:36:00/gps-maser/+4.314513e-07
2026.268.08:37:00/gps-fmout/+4.917205e-07
2026.268.08:37:00/gps-maser/+4.312057e-07
2026.268.08:38:00/gps-fmout/+4.913426e-07
2026.268.08:38:00/gps-maser/+4.317031e-07
2026.268.08:39:00/gps-fmout/+4.929365e-07
2026.268.08:39:00/gps-maser/+4.301173e-07
2026.268.08:40:00/gps-fmout/+4.918182e-07
2026.268.08:40:00/gps-maser/+4.317894e-07
2026.268.08:41:00/gps-fmout/+4.900000e-07
2026.268.08:41:00/gps-maser/+4.288724e-07
2026.268.08:42:00/gps-fmout/+4.885195e-07
2026.268.08:42:00/gps-maser/+4.276061e-07
2026.268.08:43:00/gps-fmout/+4.875783e-07
2026.268.08:43:00/gps-maser/+4.266970e-07
2026.268.08:44:00/gps-fmout/+4.872510e-07
2026.268.08:44:00/gps-maser/+4.258541e-07
2026.268.08:45:00/gps-fmout/+4.892727e-07
2026.268.08:45:00/gps-maser/+4.261133e-07
2026.268.08:46:00/gps-fmout/+4.910533e-07
2026.268.08:46:00/gps-maser/+4.279994e-07
2026.268.08:47:00/gps-fmout/+4.899781e-07
2026.268.08:47:00/gps-maser/+4.272754e-07
2026.268.08:48:00/gps-fmout/+4.896013e-07
2026.268.08:48:00/gps-maser/+4.287391e-07
2026.268.08:49:00/gps-fmout/+4.896592e-07
2026.268.08:49:00/gps-maser/+4.302576e-07
2026.268.08:50:00/gps-fmout/+4.935505e-07
2026.268.08:50:00/gps-maser/+4.311667e-07
2026.268.08:51:00/gps-fmout/+4.948334e-07
2026.268.08:51:00/gps-maser/+4.321686e-07
2026.268.08:52:00/gps-fmout/+4.930000e-07
2026.268.08:52:00/gps-maser/+4.340076e-07
2026.268.08:53:00/gps-fmout/+4.925038e-07
2026.268.08:53:00/gps-maser/+4.343939e-07
2026.268.08:54:00/gps-fmout/+4.924835e-07
2026.268.08:54:00/gps-maser/+4.353030e-07
2026.268.08:55:00/gps-fmout/+4.942273e-07
2026.268.08:55:00/gps-maser/+4.361553e-07
2026.268.08:56:00/gps-fmout/+4.951605e-07
2026.268.08:56:00/gps-maser/+4.358927e-07
2026.268.08:57:00/gps-fmout/+4.959654e-07
2026.268.08:57:00/gps-maser/+4.339074e-07
2026.268.08:58:00/gps-fmout/+4.941473e-07
2026.268.08:58:00/gps-maser/+4.314875e-07
2026.268.08:59:00/gps-fmout/+4.919827e-07
2026.268.08:59:00/gps-maser/+4.302831e-07
2026.268.09:00:00/gps-fmout/+4.891818e-07
2026.268.09:00:00/gps-maser/+4.288777e-07
2026.268.09:01:00/gps-fmout/+4.866484e-07
2026.268.09:01:00/gps-maser/+4.289167e-07
2026.268.09:02:00/gps-fmout/+4.869354e-07
2026.268.09:02:00/gps-maser/+4.278045e-07
2026.268.09:03:00/gps-fmout/+4.860000e-07
2026.268.09:03:00/gps-maser/+4.256557e-07
2026.268.09:04:00/gps-fmout/+4.874307e-07
2026.268.09:04:00/gps-maser/+4.268049e-07
2026.268.09:05:00/gps-fmout/+4.886131e-07
2026.268.09:05:00/gps-maser/+4.278751e-07
2026.268.09:06:00/gps-fmout/+4.896363e-07
2026.268.09:06:00/gps-maser/+4.270973e-07
2026.268.09:07:00/gps-fmout/+4.857651e-07
2026.268.09:07:00/gps-maser/+4.277521e-07
2026.268.09:08:00/gps-fmout/+4.848156e-07
2026.268.09:08:00/gps-maser/+4.229583e-07
2026.268.09:09:00/gps-fmout/+4.800954e-07
2026.268.09:09:00/gps-maser/+4.216062e-07
2026.268.09:10:00/gps-fmout/+4.795530e-07
2026.268.09:10:00/gps-maser/+4.202173e-07
2026.268.09:11:00/gps-fmout/+4.810392e-07
2026.268.09:11:00/gps-maser/+4.207714e-07
2026.268.09:12:00/gps-fmout/+4.812408e-07
2026.268.09:12:00/gps-maser/+4.200972e-07
2026.268.09:13:00/gps-fmout/+4.830513e-07
2026.268.09:13:00/gps-maser/+4.210234e-07
2026.268.09:14:00/gps-fmout/+4.820000e-07
2026.268.09:14:00/gps-maser/+4.228385e-07
2026.268.09:15:00/gps-fmout/+4.844063e-07
2026.268.09:15:00/gps-maser/+4.257879e-07
2026.268.09:16:00/gps-fmout/+4.855304e-07
2026.268.09:16:00/gps-maser/+4.276061e-07
2026.268.09:17:00/gps-fmout/+4.876818e-07
2026.268.09:17:00/gps-maser/+4.290766e-07
2026.268.09:18:00/gps-fmout/+4.904091e-07
2026.268.09:18:00/gps-maser/+4.282804e-07
2026.268.09:19:00/gps-fmout/+4.931330e-07
2026.268.09:19:00/gps-maser/+4.310664e-07
2026.268.09:20:00/gps-fmout/+4.924929e-07
2026.268.09:20:00/gps-maser/+4.327053e-07
2026.268.09:21:00/gps-fmout/+4.900210e-07
2026.268.09:21:00/gps-maser/+4.325724e-07
2026.268.09:22:00/gps-fmout/+4.894545e-07
2026.268.09:22:00/gps-maser/+4.302348e-07
2026.268.09:23:00/gps-fmout/+4.876364e-07
2026.268.09:23:00/gps-maser/+4.277269e-07
2026.268.09:24:00/gps-fmout/+4.858182e-07
2026.268.09:24:00/gps-maser/+4.268885e-07
2026.268.09:25:00/gps-fmout/+4.840000e-07
2026.268.09:25:00/gps-maser/+4.236473e-07
2026.268.09:26:00/gps-fmout/+4.815470e-07
2026.268.09:26:00/gps-maser/+4.199256e-07
2026.268.09:27:00/gps-fmout/+4.803636e-07
2026.268.09:27:00/gps-maser/+4.189676e-07
2026.268.09:28:00/gps-fmout/+4.785455e-07
2026.268.09:28:00/gps-maser/+4.186714e-07
2026.268.09:29:00/gps-fmout/+4.767780e-07
2026.268.09:29:00/gps-maser/+4.166963e-07
2026.268.09:30:00/gps-fmout/+4.758896e-07
2026.268.09:30:00/gps-maser/+4.139688e-07
2026.268.09:31:00/gps-fmout/+4.726176e-07
2026.268.09:31:00/gps-maser/+4.153919e-07
2026.268.09:32:00/gps-fmout/+4.723636e-07
2026.268.09:32:00/gps-maser/+4.124987e-07
2026.268.09:33:00/gps-fmout/+4.732727e-07
2026.268.09:33:00/gps-maser/+4.106099e-07
2026.268.09:34:00/gps-fmout/+4.743246e-07
2026.268.09:34:00/gps-maser/+4.155139e-07
2026.268.09:35:00/gps-fmout/+4.771023e-07
2026.268.09:35:00/gps-maser/+4.168749e-07
2026.268.09:36:00/gps-fmout/+4.750000e-07
2026.268.09:36:00/gps-maser/+4.163989e-07
2026.268.09:37:00/gps-fmout/+4.791918e-07
2026.268.09:37:00/gps-maser/+4.186689e-07
2026.268.09:38:00/gps-fmout/+4.786292e-07
2026.268.09:38:00/gps-maser/+4.184931e-07
2026.268.09:39:00/gps-fmout/+4.780000e-07
2026.268.09:39:00/gps-maser/+4.167431e-07
2026.268.09:40:00/gps-fmout/+4.780000e-07
2026.268.09:40:00/gps-maser/+4.159441e-07
2026.268.09:41:00/gps-fmout/+4.779572e-07
2026.268.09:41:00/gps-maser/+4.159780e-07
2026.268.09:42:00/gps-fmout/+4.755455e-07
2026.268.09:42:00/gps-maser/+4.153239e-07
2026.268.09:43:00/gps-fmout/+4.746364e-07
2026.268.09:43:00/gps-maser/+4.148024e-07
2026.268.09:44:00/gps-fmout/+4.737273e-07
2026.268.09:44:00/gps-maser/+4.122942e-07
2026.268.09:45:00/gps-fmout/+4.730526e-07
2026.268.09:45:00/gps-maser/+4.139074e-07
2026.268.09:46:00/gps-fmout/+4.748102e-07
2026.268.09:46:00/gps-maser/+4.130978e-07
2026.268.09:47:00/gps-fmout/+4.740000e-07
2026.268.09:47:00/gps-maser/+4.138607e-07
2026.268.09:48:00/gps-fmout/+4.753306e-07
2026.268.09:48:00/gps-maser/+4.147879e-07
2026.268.09:49:00/gps-fmout/+4.766364e-07
2026.268.09:49:00/gps-maser/+4.166061e-07
2026.268.09:50:00/gps-fmout/+4.784545e-07
2026.268.09:50:00/gps-maser/+4.182397e-07
2026.268.09:51:00/gps-fmout/+4.801768e-07
2026.268.09:51:00/gps-maser/+4.180965e-07
2026.268.09:52:00/gps-fmout/+4.789251e-07
2026.268.09:52:00/gps-maser/+4.190139e-07
2026.268.09:53:00/gps-fmout/+4.783531e-07
2026.268.09:53:00/gps-maser/+4.184362e-07
2026.268.09:54:00/gps-fmout/+4.783653e-07
2026.268.09:54:00/gps-maser/+4.183485e-07
2026.268.09:55:00/gps-fmout/+4.768094e-07
2026.268.09:55:00/gps-maser/+4.192576e-07
2026.268.09:56:00/gps-fmout/+4.773426e-07
2026.268.09:56:00/gps-maser/+4.200494e-07
2026.268.09:57:00/gps-fmout/+4.800141e-07
2026.268.09:57:00/gps-maser/+4.189916e-07
2026.268.09:58:00/gps-fmout/+4.780000e-07
2026.268.09:58:00/gps-maser/+4.185152e-07
2026.268.09:59:00/gps-fmout/+4.785909e-07
2026.268.09:59:00/gps-maser/+4.176061e-07
2026.268.10:00:00/gps-fmout/+4.776818e-07
2026.268.10:00:00/gps-maser/+4.170406e-07
2026.268.10:01:00/gps-fmout/+4.767727e-07
2026.268.10:01:00/gps-maser/+4.180895e-07
2026.268.10:02:00/gps-fmout/+4.759490e-07
2026.268.10:02:00/gps-maser/+4.178566e-07
2026.268.10:03:00/gps-fmout/+4.769767e-07
2026.268.10:03:00/gps-maser/+4.160000e-07
2026.268.10:04:00/gps-fmout/+4.768318e-07
2026.268.10:04:00/gps-maser/+4.160000e-07
2026.268.10:05:00/gps-fmout/+4.777310e-07
2026.268.10:05:00/gps-maser/+4.165594e-07
2026.268.10:06:00/gps-fmout/+4.773909e-07
2026.268.10:06:00/gps-maser/+4.180000e-07
2026.268.10:07:00/gps-fmout/+4.787347e-07
2026.268.10:07:00/gps-maser/+4.180000e-07
2026.268.10:08:00/gps-fmout/+4.759682e-07
2026.268.10:08:00/gps-maser/+4.178859e-07
2026.268.10:09:00/gps-fmout/+4.770000e-07
2026.268.10:09:00/gps-maser/+4.169470e-07
2026.268.10:10:00/gps-fmout/+4.787077e-07
2026.268.10:10:00/gps-maser/+4.172063e-07
2026.268.10:11:00/gps-fmout/+4.780136e-07
2026.268.10:11:00/gps-maser/+4.159155e-07
2026.268.10:12:00/gps-fmout/+4.775497e-07
2026.268.10:12:00/gps-maser/+4.161544e-07
2026.268.10:13:00/gps-fmout/+4.747298e-07
2026.268.10:13:00/gps-maser/+4.169435e-07
2026.268.10:14:00/gps-fmout/+4.740552e-07
2026.268.10:14:00/gps-maser/+4.150350e-07
2026.268.10:15:00/gps-fmout/+4.755898e-07
2026.268.10:15:00/gps-maser/+4.165576e-07
2026.268.10:16:00/gps-fmout/+4.754242e-07
2026.268.10:16:00/gps-maser/+4.167432e-07
2026.268.10:17:00/gps-fmout/+4.744012e-07
2026.268.10:17:00/gps-maser/+4.161793e-07
2026.268.10:18:00/gps-fmout/+4.760379e-07
2026.268.10:18:00/gps-maser/+4.170887e-07
2026.268.10:19:00/gps-fmout/+4.760503e-07
2026.268.10:19:00/gps-maser/+4.168489e-07
2026.268.10:20:00/gps-fmout/+4.770000e-07
2026.268.10:20:00/gps-maser/+4.163511e-07
2026.268.10:21:00/gps-fmout/+4.767479e-07
2026.268.10:21:00/gps-maser/+4.180259e-07
2026.268.10:22:00/gps-fmout/+4.780362e-07
2026.268.10:22:00/gps-maser/+4.185501e-07
2026.268.10:23:00/gps-fmout/+4.781767e-07
2026.268.10:23:00/gps-maser/+4.196996e-07
2026.268.10:24:00/gps-fmout/+4.788575e-07
2026.268.10:24:00/gps-maser/+4.168946e-07
2026.268.10:25:00/gps-fmout/+4.759797e-07
2026.268.10:25:00/gps-maser/+4.169407e-07
2026.268.10:26:00/gps-fmout/+4.756446e-07
2026.268.10:26:00/gps-maser/+4.154141e-07
2026.268.10:27:00/gps-fmout/+4.740101e-07
2026.268.10:27:00/gps-maser/+4.154166e-07
2026.268.10:28:00/gps-fmout/+4.720563e-07
2026.268.10:28:00/gps-maser/+4.131505e-07
2026.268.10:29:00/gps-fmout/+4.727175e-07
2026.268.10:29:00/gps-maser/+4.110000e-07
2026.268.10:30:00/gps-fmout/+4.707711e-07
2026.268.10:30:00/gps-maser/+4.110000e-07
2026.268.10:31:00/gps-fmout/+4.680000e-07
2026.268.10:31:00/gps-maser/+4.096408e-07
2026.268.10:32:00/gps-fmout/+4.695978e-07
2026.268.10:32:00/gps-maser/+4.082878e-07
2026.268.10:33:00/gps-fmout/+4.689892e-07
2026.268.10:33:00/gps-maser/+4.087098e-07
2026.268.10:34:00/gps-fmout/+4.688015e-07
2026.268.10:34:00/gps-maser/+4.081362e-07
2026.268.10:35:00/gps-fmout/+4.682164e-07
2026.268.10:35:00/gps-maser/+4.090538e-07
2026.268.10:36:00/gps-fmout/+4.711059e-07
2026.268.10:36:00/gps-maser/+4.090378e-07
2026.268.10:37:00/gps-fmout/+4.722554e-07
2026.268.10:37:00/gps-maser/+4.106361e-07
2026.268.10:38:00/gps-fmout/+4.713344e-07
2026.268.10:38:00/gps-maser/+4.104222e-07
2026.268.10:39:00/gps-fmout/+4.703291e-07
2026.268.10:39:00/gps-maser/+4.107424e-07
2026.268.10:40:00/gps-fmout/+4.718642e-07
2026.268.10:40:00/gps-maser/+4.098333e-07
2026.268.10:41:00/gps-fmout/+4.710000e-07
2026.268.10:41:00/gps-maser/+4.090054e-07
2026.268.10:42:00/gps-fmout/+4.710000e-07
2026.268.10:42:00/gps-maser/+4.095242e-07
2026.268.10:43:00/gps-fmout/+4.713058e-07
2026.268.10:43:00/gps-maser/+4.091841e-07
2026.268.10:44:00/gps-fmout/+4.718080e-07
2026.268.10:44:00/gps-maser/+4.108899e-07
2026.268.10:45:00/gps-fmout/+4.714759e-07
2026.268.10:45:00/gps-maser/+4.132121e-07
2026.268.10:46:00/gps-fmout/+4.740000e-07
2026.268.10:46:00/gps-maser/+4.141212e-07
2026.268.10:47:00/gps-fmout/+4.740000e-07
2026.268.10:47:00/gps-maser/+4.149957e-07
2026.268.10:48:00/gps-fmout/+4.744038e-07
2026.268.10:48:00/gps-maser/+4.127835e-07
2026.268.10:49:00/gps-fmout/+4.744147e-07
2026.268.10:49:00/gps-maser/+4.136708e-07
2026.268.10:50:00/gps-fmout/+4.731321e-07
2026.268.10:50:00/gps-maser/+4.133255e-07
2026.268.10:51:00/gps-fmout/+4.743330e-07
2026.268.10:51:00/gps-maser/+4.149293e-07
2026.268.10:52:00/gps-fmout/+4.761052e-07
2026.268.10:52:00/gps-maser/+4.132447e-07
2026.268.10:53:00/gps-fmout/+4.760000e-07
2026.268.10:53:00/gps-maser/+4.161584e-07
2026.268.10:54:00/gps-fmout/+4.756907e-07
2026.268.10:54:00/gps-maser/+4.156169e-07
2026.268.10:55:00/gps-fmout/+4.771052e-07
2026.268.10:55:00/gps-maser/+4.156179e-07
2026.268.10:56:00/gps-fmout/+4.768313e-07
2026.268.10:56:00/gps-maser/+4.174706e-07
2026.268.10:57:00/gps-fmout/+4.757844e-07
2026.268.10:57:00/gps-maser/+4.140000e-07
2026.268.10:58:00/gps-fmout/+4.739529e-07
2026.268.10:58:00/gps-maser/+4.140000e-07
2026.268.10:59:00/gps-fmout/+4.731405e-07
2026.268.10:59:00/gps-maser/+4.137203e-07
2026.268.11:00:00/gps-fmout/+4.721701e-07
2026.268.11:00:00/gps-maser/+4.123422e-07
2026.268.11:01:00/gps-fmout/+4.723693e-07
2026.268.11:01:00/gps-maser/+4.111737e-07
2026.268.11:02:00/gps-fmout/+4.704331e-07
2026.268.11:02:00/gps-maser/+4.129301e-07
2026.268.11:03:00/gps-fmout/+4.741228e-07
2026.268.11:03:00/gps-maser/+4.121048e-07
2026.268.11:04:00/gps-fmout/+4.750000e-07
2026.268.11:04:00/gps-maser/+4.144838e-07
2026.268.11:05:00/gps-fmout/+4.760330e-07
2026.268.11:05:00/gps-maser/+4.167123e-07
2026.268.11:06:00/gps-fmout/+4.783719e-07
2026.268.11:06:00/gps-maser/+4.167311e-07
2026.268.11:07:00/gps-fmout/+4.772947e-07
2026.268.11:07:00/gps-maser/+4.160000e-07
2026.268.11:08:00/gps-fmout/+4.738323e-07
2026.268.11:08:00/gps-maser/+4.160000e-07
2026.268.11:09:00/gps-fmout/+4.740909e-07
2026.268.11:09:00/gps-maser/+4.159648e-07
2026.268.11:10:00/gps-fmout/+4.759091e-07
2026.268.11:10:00/gps-maser/+4.138788e-07
2026.268.11:11:00/gps-fmout/+4.770276e-07
2026.268.11:11:00/gps-maser/+4.156970e-07
2026.268.11:12:00/gps-fmout/+4.759062e-07
2026.268.11:12:00/gps-maser/+4.169214e-07
2026.268.11:13:00/gps-fmout/+4.762284e-07
2026.268.11:13:00/gps-maser/+4.152160e-07
2026.268.11:14:00/gps-fmout/+4.780851e-07
2026.268.11:14:00/gps-maser/+4.170267e-07
2026.268.11:15:00/gps-fmout/+4.780000e-07
2026.268.11:15:00/gps-maser/+4.164988e-07
2026.268.11:16:00/gps-fmout/+4.764206e-07
2026.268.11:16:00/gps-maser/+4.162637e-07
2026.268.11:17:00/gps-fmout/+4.762163e-07
2026.268.11:17:00/gps-maser/+4.168079e-07
2026.268.11:18:00/gps-fmout/+4.770652e-07
2026.268.11:18:00/gps-maser/+4.163987e-07
2026.268.11:19:00/gps-fmout/+4.769091e-07
2026.268.11:19:00/gps-maser/+4.189451e-07
2026.268.11:20:00/gps-fmout/+4.759725e-07
2026.268.11:20:00/gps-maser/+4.179919e-07
2026.268.11:21:00/gps-fmout/+4.768415e-07
2026.268.11:21:00/gps-maser/+4.170036e-07
2026.268.11:22:00/gps-fmout/+4.781953e-07
2026.268.11:22:00/gps-maser/+4.163485e-07
2026.268.11:23:00/gps-fmout/+4.775705e-07
2026.268.11:23:00/gps-maser/+4.172576e-07
2026.268.11:24:00/gps-fmout/+4.762074e-07
2026.268.11:24:00/gps-maser/+4.180243e-07
2026.268.11:25:00/gps-fmout/+4.790038e-07
2026.268.11:25:00/gps-maser/+4.172091e-07
2026.268.11:26:00/gps-fmout/+4.780000e-07
2026.268.11:26:00/gps-maser/+4.200136e-07
2026.268.11:27:00/gps-fmout/+4.802245e-07
2026.268.11:27:00/gps-maser/+4.212339e-07
2026.268.11:28:00/gps-fmout/+4.828040e-07
2026.268.11:28:00/gps-maser/+4.228472e-07
2026.268.11:29:00/gps-fmout/+4.841517e-07
2026.268.11:29:00/gps-maser/+4.221527e-07
2026.268.11:30:00/gps-fmout/+4.839126e-07
2026.268.11:30:00/gps-maser/+4.229524e-07
2026.268.11:31:00/gps-fmout/+4.830148e-07
2026.268.11:31:00/gps-maser/+4.220606e-07
2026.268.11:32:00/gps-fmout/+4.835342e-07
2026.268.11:32:00/gps-maser/+4.238788e-07
2026.268.11:33:00/gps-fmout/+4.830000e-07
2026.268.11:33:00/gps-maser/+4.254145e-07
2026.268.11:34:00/gps-fmout/+4.830000e-07
2026.268.11:34:00/gps-maser/+4.244033e-07
2026.268.11:35:00/gps-fmout/+4.829669e-07
2026.268.11:35:00/gps-maser/+4.217144e-07
2026.268.11:36:00/gps-fmout/+4.817986e-07
2026.268.11:36:00/gps-maser/+4.207197e-07
2026.268.11:37:00/gps-fmout/+4.790000e-07
2026.268.11:37:00/gps-maser/+4.183928e-07
2026.268.11:38:00/gps-fmout/+4.780073e-07
2026.268.11:38:00/gps-maser/+4.178405e-07
2026.268.11:39:00/gps-fmout/+4.773636e-07
2026.268.11:39:00/gps-maser/+4.162646e-07
2026.268.11:40:00/gps-fmout/+4.755455e-07
2026.268.11:40:00/gps-maser/+4.163636e-07
2026.268.11:41:00/gps-fmout/+4.737740e-07
2026.268.11:41:00/gps-maser/+4.136170e-07
2026.268.11:42:00/gps-fmout/+4.728971e-07
2026.268.11:42:00/gps-maser/+4.109599e-07
2026.268.11:43:00/gps-fmout/+4.700890e-07
2026.268.11:43:00/gps-maser/+4.110000e-07
2026.268.11:44:00/gps-fmout/+4.706799e-07
2026.268.11:44:00/gps-maser/+4.115066e-07
2026.268.11:45:00/gps-fmout/+4.723629e-07
2026.268.11:45:00/gps-maser/+4.130806e-07
2026.268.11:46:00/gps-fmout/+4.730000e-07
2026.268.11:46:00/gps-maser/+4.131033e-07
2026.268.11:47:00/gps-fmout/+4.730000e-07
2026.268.11:47:00/gps-maser/+4.138938e-07
2026.268.11:48:00/gps-fmout/+4.730000e-07
2026.268.11:48:00/gps-maser/+4.124087e-07
2026.268.11:49:00/gps-fmout/+4.730000e-07
2026.268.11:49:00/gps-maser/+4.122070e-07
2026.268.11:50:00/gps-fmout/+4.736661e-07
2026.268.11:50:00/gps-maser/+4.119634e-07
2026.268.11:51:00/gps-fmout/+4.756774e-07
2026.268.11:51:00/gps-maser/+4.150000e-07
2026.268.11:52:00/gps-fmout/+4.731724e-07
2026.268.11:52:00/gps-maser/+4.150000e-07
2026.268.11:53:00/gps-fmout/+4.750138e-07
2026.268.11:53:00/gps-maser/+4.150188e-07
2026.268.11:54:00/gps-fmout/+4.745455e-07
2026.268.11:54:00/gps-maser/+4.172924e-07
2026.268.11:55:00/gps-fmout/+4.748120e-07
2026.268.11:55:00/gps-maser/+4.163244e-07
2026.268.11:56:00/gps-fmout/+4.768818e-07
2026.268.11:56:00/gps-maser/+4.152589e-07
2026.268.11:57:00/gps-fmout/+4.762477e-07
2026.268.11:57:00/gps-maser/+4.169474e-07
2026.268.11:58:00/gps-fmout/+4.780105e-07
2026.268.11:58:00/gps-maser/+4.160843e-07
2026.268.11:59:00/gps-fmout/+4.770000e-07
2026.268.11:59:00/gps-maser/+4.165525e-07
2026.268.12:00:00/gps-fmout/+4.775909e-07
2026.268.12:00:00/gps-maser/+4.167011e-07
2026.268.12:01:00/gps-fmout/+4.766818e-07
2026.268.12:01:00/gps-maser/+4.175841e-07
2026.268.12:02:00/gps-fmout/+4.757528e-07
2026.268.12:02:00/gps-maser/+4.162836e-07
2026.268.12:03:00/gps-fmout/+4.749491e-07
2026.268.12:03:00/gps-maser/+4.179253e-07
2026.268.12:04:00/gps-fmout/+4.750000e-07
2026.268.12:04:00/gps-maser/+4.169942e-07
2026.268.12:05:00/gps-fmout/+4.750000e-07
2026.268.12:05:00/gps-maser/+4.165214e-07
2026.268.12:06:00/gps-fmout/+4.750000e-07
2026.268.12:06:00/gps-maser/+4.160000e-07
2026.268.12:07:00/gps-fmout/+4.750000e-07
2026.268.12:07:00/gps-maser/+4.160000e-07
2026.268.12:08:00/gps-fmout/+4.748527e-07
2026.268.12:08:00/gps-maser/+4.159619e-07
2026.268.12:09:00/gps-fmout/+4.729189e-07
2026.268.12:09:00/gps-maser/+4.147322e-07
2026.268.12:10:00/gps-fmout/+4.730000e-07
2026.268.12:10:00/gps-maser/+4.128909e-07
2026.268.12:11:00/gps-fmout/+4.735909e-07
2026.268.12:11:00/gps-maser/+4.140792e-07
2026.268.12:12:00/gps-fmout/+4.726818e-07
2026.268.12:12:00/gps-maser/+4.137919e-07
2026.268.12:13:00/gps-fmout/+4.719658e-07
2026.268.12:13:00/gps-maser/+4.124945e-07
2026.268.12:14:00/gps-fmout/+4.730883e-07
2026.268.12:14:00/gps-maser/+4.100245e-07
2026.268.12:15:00/gps-fmout/+4.729070e-07
2026.268.12:15:00/gps-maser/+4.120221e-07
2026.268.12:16:00/gps-fmout/+4.704020e-07
2026.268.12:16:00/gps-maser/+4.107356e-07
2026.268.12:17:00/gps-fmout/+4.702447e-07
2026.268.12:17:00/gps-maser/+4.088903e-07
2026.268.12:18:00/gps-fmout/+4.689495e-07
2026.268.12:18:00/gps-maser/+4.085486e-07
2026.268.12:19:00/gps-fmout/+4.688101e-07
2026.268.12:19:00/gps-maser/+4.070710e-07
2026.268.12:20:00/gps-fmout/+4.681818e-07
2026.268.12:20:00/gps-maser/+4.092797e-07
2026.268.12:21:00/gps-fmout/+4.700000e-07
2026.268.12:21:00/gps-maser/+4.121362e-07
2026.268.12:22:00/gps-fmout/+4.726803e-07
2026.268.12:22:00/gps-maser/+4.134265e-07
2026.268.12:23:00/gps-fmout/+4.749859e-07
2026.268.12:23:00/gps-maser/+4.145634e-07
2026.268.12:24:00/gps-fmout/+4.735481e-07
2026.268.12:24:00/gps-maser/+4.157815e-07
2026.268.12:25:00/gps-fmout/+4.718181e-07
2026.268.12:25:00/gps-maser/+4.129353e-07
2026.268.12:26:00/gps-fmout/+4.709316e-07
2026.268.12:26:00/gps-maser/+4.129585e-07
2026.268.12:27:00/gps-fmout/+4.697295e-07
2026.268.12:27:00/gps-maser/+4.119512e-07
2026.268.12:28:00/gps-fmout/+4.706768e-07
2026.268.12:28:00/gps-maser/+4.116216e-07
2026.268.12:29:00/gps-fmout/+4.718355e-07
2026.268.12:29:00/gps-maser/+4.113268e-07
2026.268.12:30:00/gps-fmout/+4.711818e-07
2026.268.12:30:00/gps-maser/+4.132477e-07
2026.268.12:31:00/gps-fmout/+4.720909e-07
2026.268.12:31:00/gps-maser/+4.139430e-07
2026.268.12:32:00/gps-fmout/+4.730000e-07
2026.268.12:32:00/gps-maser/+4.128751e-07
2026.268.12:33:00/gps-fmout/+4.714602e-07
2026.268.12:33:00/gps-maser/+4.133843e-07
2026.268.12:34:00/gps-fmout/+4.715575e-07
2026.268.12:34:00/gps-maser/+4.139444e-07
2026.268.12:35:00/gps-fmout/+4.725455e-07
2026.268.12:35:00/gps-maser/+4.124951e-07
2026.268.12:36:00/gps-fmout/+4.707273e-07
2026.268.12:36:00/gps-maser/+4.098152e-07
2026.268.12:37:00/gps-fmout/+4.688896e-07
2026.268.12:37:00/gps-maser/+4.099163e-07
2026.268.12:38:00/gps-fmout/+4.660496e-07
2026.268.12:38:00/gps-maser/+4.069466e-07
2026.268.12:39:00/gps-fmout/+4.669647e-07
2026.268.12:39:00/gps-maser/+4.065524e-07
2026.268.12:40:00/gps-fmout/+4.690902e-07
2026.268.12:40:00/gps-maser/+4.065380e-07
2026.268.12:41:00/gps-fmout/+4.692960e-07
2026.268.12:41:00/gps-maser/+4.093333e-07
2026.268.12:42:00/gps-fmout/+4.709797e-07
2026.268.12:42:00/gps-maser/+4.111515e-07
2026.268.12:43:00/gps-fmout/+4.700000e-07
2026.268.12:43:00/gps-maser/+4.115379e-07
2026.268.12:44:00/gps-fmout/+4.708182e-07
2026.268.12:44:00/gps-maser/+4.120998e-07
2026.268.12:45:00/gps-fmout/+4.726364e-07
2026.268.12:45:00/gps-maser/+4.146295e-07
2026.268.12:46:00/gps-fmout/+4.747175e-07
2026.268.12:46:00/gps-maser/+4.166851e-07
2026.268.12:47:00/gps-fmout/+4.782312e-07
2026.268.12:47:00/gps-maser/+4.202841e-07
2026.268.12:48:00/gps-fmout/+4.790724e-07
2026.268.12:48:00/gps-maser/+4.199127e-07
2026.268.12:49:00/gps-fmout/+4.793233e-07
2026.268.12:49:00/gps-maser/+4.168594e-07
2026.268.12:50:00/gps-fmout/+4.788208e-07
2026.268.12:50:00/gps-maser/+4.166699e-07
2026.268.12:51:00/gps-fmout/+4.791818e-07
2026.268.12:51:00/gps-maser/+4.172273e-07
2026.268.12:52:00/gps-fmout/+4.764545e-07
2026.268.12:52:00/gps-maser/+4.145000e-07
2026.268.12:53:00/gps-fmout/+4.736707e-07
2026.268.12:53:00/gps-maser/+4.119113e-07
2026.268.12:54:00/gps-fmout/+4.690000e-07
2026.268.12:54:00/gps-maser/+4.121853e-07
2026.268.12:55:00/gps-fmout/+4.694100e-07
2026.268.12:55:00/gps-maser/+4.097861e-07
2026.268.12:56:00/gps-fmout/+4.702145e-07
2026.268.12:56:00/gps-maser/+4.078336e-07
2026.268.12:57:00/gps-fmout/+4.694978e-07
2026.268.12:57:00/gps-maser/+4.075758e-07
2026.268.12:58:00/gps-fmout/+4.666545e-07
2026.268.12:58:00/gps-maser/+4.057576e-07
2026.268.12:59:00/gps-fmout/+4.650000e-07
2026.268.12:59:00/gps-maser/+4.039394e-07
2026.268.13:00:00/gps-fmout/+4.650000e-07
2026.268.13:00:00/gps-maser/+4.027960e-07
2026.268.13:01:00/gps-fmout/+4.638652e-07
2026.268.13:01:00/gps-maser/+4.027272e-07
2026.268.13:02:00/gps-fmout/+4.608413e-07
2026.268.13:02:00/gps-maser/+4.015467e-07
2026.268.13:03:00/gps-fmout/+4.611629e-07
2026.268.13:03:00/gps-maser/+3.998225e-07
2026.268.13:04:00/gps-fmout/+4.620639e-07
2026.268.13:04:00/gps-maser/+4.001165e-07
2026.268.13:05:00/gps-fmout/+4.620000e-07
2026.268.13:05:00/gps-maser/+4.010000e-07
2026.268.13:06:00/gps-fmout/+4.610670e-07
2026.268.13:06:00/gps-maser/+4.010000e-07
2026.268.13:07:00/gps-fmout/+4.633275e-07
2026.268.13:07:00/gps-maser/+4.018153e-07
2026.268.13:08:00/gps-fmout/+4.644031e-07
2026.268.13:08:00/gps-maser/+4.052121e-07
2026.268.13:09:00/gps-fmout/+4.660718e-07
2026.268.13:09:00/gps-maser/+4.061212e-07
2026.268.13:10:00/gps-fmout/+4.650330e-07
2026.268.13:10:00/gps-maser/+4.070060e-07
2026.268.13:11:00/gps-fmout/+4.650394e-07
2026.268.13:11:00/gps-maser/+4.058464e-07
2026.268.13:12:00/gps-fmout/+4.646656e-07
2026.268.13:12:00/gps-maser/+4.066556e-07
2026.268.13:13:00/gps-fmout/+4.663749e-07
2026.268.13:13:00/gps-maser/+4.059563e-07
2026.268.13:14:00/gps-fmout/+4.669264e-07
2026.268.13:14:00/gps-maser/+4.060868e-07
2026.268.13:15:00/gps-fmout/+4.659587e-07
2026.268.13:15:00/gps-maser/+4.068982e-07
2026.268.13:16:00/gps-fmout/+4.660000e-07
2026.268.13:16:00/gps-maser/+4.060418e-07
2026.268.13:17:00/gps-fmout/+4.667832e-07
2026.268.13:17:00/gps-maser/+4.062196e-07
2026.268.13:18:00/gps-fmout/+4.653341e-07
2026.268.13:18:00/gps-maser/+4.046355e-07
2026.268.13:19:00/gps-fmout/+4.640477e-07
2026.268.13:19:00/gps-maser/+4.039164e-07
2026.268.13:20:00/gps-fmout/+4.650453e-07
2026.268.13:20:00/gps-maser/+4.040701e-07
2026.268.13:21:00/gps-fmout/+4.649660e-07
2026.268.13:21:00/gps-maser/+4.050462e-07
2026.268.13:22:00/gps-fmout/+4.656636e-07
2026.268.13:22:00/gps-maser/+4.060000e-07
2026.268.13:23:00/gps-fmout/+4.680168e-07
2026.268.13:23:00/gps-maser/+4.060000e-07
2026.268.13:24:00/gps-fmout/+4.682619e-07
2026.268.13:24:00/gps-maser/+4.064946e-07
2026.268.13:25:00/gps-fmout/+4.691082e-07
2026.268.13:25:00/gps-maser/+4.089645e-07
2026.268.13:26:00/gps-fmout/+4.688736e-07
2026.268.13:26:00/gps-maser/+4.078569e-07
2026.268.13:27:00/gps-fmout/+4.674786e-07
2026.268.13:27:00/gps-maser/+4.069924e-07
2026.268.13:28:00/gps-fmout/+4.654343e-07
2026.268.13:28:00/gps-maser/+4.066061e-07
2026.268.13:29:00/gps-fmout/+4.633479e-07
2026.268.13:29:00/gps-maser/+4.056970e-07
2026.268.13:30:00/gps-fmout/+4.648506e-07
2026.268.13:30:00/gps-maser/+4.046543e-07
2026.268.13:31:00/gps-fmout/+4.640165e-07
2026.268.13:31:00/gps-maser/+4.029753e-07
2026.268.13:32:00/gps-fmout/+4.649185e-07
2026.268.13:32:00/gps-maser/+4.040471e-07
2026.268.13:33:00/gps-fmout/+4.627931e-07
2026.268.13:33:00/gps-maser/+4.043190e-07
2026.268.13:34:00/gps-fmout/+4.632889e-07
2026.268.13:34:00/gps-maser/+4.032955e-07
2026.268.13:35:00/gps-fmout/+4.626379e-07
2026.268.13:35:00/gps-maser/+4.038341e-07
2026.268.13:36:00/gps-fmout/+4.649210e-07
2026.268.13:36:00/gps-maser/+4.030226e-07
2026.268.13:37:00/gps-fmout/+4.638270e-07
2026.268.13:37:00/gps-maser/+4.037742e-07
2026.268.13:38:00/gps-fmout/+4.623125e-07
2026.268.13:38:00/gps-maser/+4.014848e-07
2026.268.13:39:00/gps-fmout/+4.626239e-07
2026.268.13:39:00/gps-maser/+4.023939e-07
2026.268.13:40:00/gps-fmout/+4.637973e-07
2026.268.13:40:00/gps-maser/+4.035549e-07
2026.268.13:41:00/gps-fmout/+4.634902e-07
2026.268.13:41:00/gps-maser/+4.049499e-07
2026.268.13:42:00/gps-fmout/+4.661338e-07
2026.268.13:42:00/gps-maser/+4.040000e-07
2026.268.13:43:00/gps-fmout/+4.659091e-07
2026.268.13:43:00/gps-maser/+4.040000e-07
2026.268.13:44:00/gps-fmout/+4.639219e-07
2026.268.13:44:00/gps-maser/+4.040000e-07
2026.268.13:45:00/gps-fmout/+4.631427e-07
2026.268.13:45:00/gps-maser/+4.040000e-07
2026.268.13:46:00/gps-fmout/+4.642727e-07
2026.268.13:46:00/gps-maser/+4.040000e-07
2026.268.13:47:00/gps-fmout/+4.652825e-07
2026.268.13:47:00/gps-maser/+4.041327e-07
2026.268.13:48:00/gps-fmout/+4.670162e-07
2026.268.13:48:00/gps-maser/+4.060403e-07
2026.268.13:49:00/gps-fmout/+4.660000e-07
2026.268.13:49:00/gps-maser/+4.055015e-07
2026.268.13:50:00/gps-fmout/+4.656202e-07
2026.268.13:50:00/gps-maser/+4.056316e-07
2026.268.13:51:00/gps-fmout/+4.651900e-07
2026.268.13:51:00/gps-maser/+4.069285e-07
2026.268.13:52:00/gps-fmout/+4.659262e-07
2026.268.13:52:00/gps-maser/+4.054736e-07
2026.268.13:53:00/gps-fmout/+4.647117e-07
2026.268.13:53:00/gps-maser/+4.028825e-07
2026.268.13:54:00/gps-fmout/+4.620197e-07
2026.268.13:54:00/gps-maser/+4.039444e-07
2026.268.13:55:00/gps-fmout/+4.641803e-07
2026.268.13:55:00/gps-maser/+4.024394e-07
2026.268.13:56:00/gps-fmout/+4.636364e-07
2026.268.13:56:00/gps-maser/+4.033485e-07
2026.268.13:57:00/gps-fmout/+4.627273e-07
2026.268.13:57:00/gps-maser/+4.041173e-07
2026.268.13:58:00/gps-fmout/+4.620766e-07
2026.268.13:58:00/gps-maser/+4.041042e-07
2026.268.13:59:00/gps-fmout/+4.652292e-07
2026.268.13:59:00/gps-maser/+4.051209e-07
2026.268.14:00:00/gps-fmout/+4.660000e-07
2026.268.14:00:00/gps-maser/+4.051312e-07
2026.268.14:01:00/gps-fmout/+4.660000e-07
2026.268.14:01:00/gps-maser/+4.040000e-07
2026.268.14:02:00/gps-fmout/+4.657952e-07
2026.268.14:02:00/gps-maser/+4.040000e-07
2026.268.14:03:00/gps-fmout/+4.649521e-07
2026.268.14:03:00/gps-maser/+4.040000e-07
2026.268.14:04:00/gps-fmout/+4.649065e-07
2026.268.14:04:00/gps-maser/+4.040405e-07
2026.268.14:05:00/gps-fmout/+4.639822e-07
2026.268.14:05:00/gps-maser/+4.049706e-07
2026.268.14:06:00/gps-fmout/+4.635905e-07
2026.268.14:06:00/gps-maser/+4.016716e-07
2026.268.14:07:00/gps-fmout/+4.635394e-07
2026.268.14:07:00/gps-maser/+4.028357e-07
2026.268.14:08:00/gps-fmout/+4.644394e-07
2026.268.14:08:00/gps-maser/+4.037424e-07
2026.268.14:09:00/gps-fmout/+4.620118e-07
2026.268.14:09:00/gps-maser/+4.028333e-07
2026.268.14:10:00/gps-fmout/+4.632196e-07
2026.268.14:10:00/gps-maser/+4.020442e-07
2026.268.14:11:00/gps-fmout/+4.660000e-07
2026.268.14:11:00/gps-maser/+4.051401e-07
2026.268.14:12:00/gps-fmout/+4.651972e-07
2026.268.14:12:00/gps-maser/+4.063147e-07
2026.268.14:13:00/gps-fmout/+4.639901e-07
2026.268.14:13:00/gps-maser/+4.052157e-07
2026.268.14:14:00/gps-fmout/+4.635455e-07
2026.268.14:14:00/gps-maser/+4.027309e-07
2026.268.14:15:00/gps-fmout/+4.617273e-07
2026.268.14:15:00/gps-maser/+4.018181e-07
2026.268.14:16:00/gps-fmout/+4.599725e-07
2026.268.14:16:00/gps-maser/+3.999889e-07
2026.268.14:17:00/gps-fmout/+4.617125e-07
2026.268.14:17:00/gps-maser/+4.006793e-07
2026.268.14:18:00/gps-fmout/+4.602438e-07
2026.268.14:18:00/gps-maser/+3.990000e-07
2026.268.14:19:00/gps-fmout/+4.590248e-07
2026.268.14:19:00/gps-maser/+3.990000e-07
2026.268.14:20:00/gps-fmout/+4.599252e-07
2026.268.14:20:00/gps-maser/+3.990451e-07
2026.268.14:21:00/gps-fmout/+4.592059e-07
2026.268.14:21:00/gps-maser/+4.001252e-07
2026.268.14:22:00/gps-fmout/+4.611667e-07
2026.268.14:22:00/gps-maser/+4.007485e-07
2026.268.14:23:00/gps-fmout/+4.605396e-07
2026.268.14:23:00/gps-maser/+3.991675e-07
2026.268.14:24:00/gps-fmout/+4.602048e-07
2026.268.14:24:00/gps-maser/+3.986937e-07
2026.268.14:25:00/gps-fmout/+4.609880e-07
2026.268.14:25:00/gps-maser/+4.023375e-07
2026.268.14:26:00/gps-fmout/+4.612727e-07
2026.268.14:26:00/gps-maser/+4.029797e-07
2026.268.14:27:00/gps-fmout/+4.630984e-07
2026.268.14:27:00/gps-maser/+4.020296e-07
2026.268.14:28:00/gps-fmout/+4.633614e-07
2026.268.14:28:00/gps-maser/+4.031665e-07
2026.268.14:29:00/gps-fmout/+4.611886e-07
2026.268.14:29:00/gps-maser/+4.015513e-07
2026.268.14:30:00/gps-fmout/+4.598557e-07
2026.268.14:30:00/gps-maser/+4.010000e-07
2026.268.14:31:00/gps-fmout/+4.600000e-07
2026.268.14:31:00/gps-maser/+4.010000e-07
2026.268.14:32:00/gps-fmout/+4.604112e-07
2026.268.14:32:00/gps-maser/+4.011690e-07
2026.268.14:33:00/gps-fmout/+4.656888e-07
2026.268.14:33:00/gps-maser/+4.046777e-07
2026.268.14:34:00/gps-fmout/+4.660799e-07
2026.268.14:34:00/gps-maser/+4.050398e-07
2026.268.14:35:00/gps-fmout/+4.649200e-07
2026.268.14:35:00/gps-maser/+4.047556e-07
2026.268.14:36:00/gps-fmout/+4.628182e-07
2026.268.14:36:00/gps-maser/+4.044231e-07
2026.268.14:37:00/gps-fmout/+4.683566e-07
2026.268.14:37:00/gps-maser/+4.080941e-07
2026.268.14:38:00/gps-fmout/+4.700436e-07
2026.268.14:38:00/gps-maser/+4.080385e-07
2026.268.14:39:00/gps-fmout/+4.682359e-07
2026.268.14:39:00/gps-maser/+4.083595e-07
2026.268.14:40:00/gps-fmout/+4.654639e-07
2026.268.14:40:00/gps-maser/+4.058703e-07
2026.268.14:41:00/gps-fmout/+4.650000e-07
2026.268.14:41:00/gps-maser/+4.039933e-07
2026.268.14:42:00/gps-fmout/+4.650000e-07
2026.268.14:42:00/gps-maser/+4.050849e-07
2026.268.14:43:00/gps-fmout/+4.649391e-07
2026.268.14:43:00/gps-maser/+4.047779e-07
2026.268.14:44:00/gps-fmout/+4.620000e-07
2026.268.14:44:00/gps-maser/+4.029061e-07
2026.268.14:45:00/gps-fmout/+4.627962e-07
2026.268.14:45:00/gps-maser/+4.038698e-07
2026.268.14:46:00/gps-fmout/+4.643231e-07
2026.268.14:46:00/gps-maser/+4.046061e-07
2026.268.14:47:00/gps-fmout/+4.655661e-07
2026.268.14:47:00/gps-maser/+4.064242e-07
2026.268.14:48:00/gps-fmout/+4.683343e-07
2026.268.14:48:00/gps-maser/+4.082424e-07
2026.268.14:49:00/gps-fmout/+4.700476e-07
2026.268.14:49:00/gps-maser/+4.100429e-07
2026.268.14:50:00/gps-fmout/+4.710293e-07
2026.268.14:50:00/gps-maser/+4.103098e-07
2026.268.14:51:00/gps-fmout/+4.713849e-07
2026.268.14:51:00/gps-maser/+4.110500e-07
2026.268.14:52:00/gps-fmout/+4.697273e-07
2026.268.14:52:00/gps-maser/+4.090000e-07
2026.268.14:53:00/gps-fmout/+4.688182e-07
2026.268.14:53:00/gps-maser/+4.090000e-07
2026.268.14:54:00/gps-fmout/+4.678088e-07
2026.268.14:54:00/gps-maser/+4.089216e-07
2026.268.14:55:00/gps-fmout/+4.645313e-07
2026.268.14:55:00/gps-maser/+4.044975e-07
2026.268.14:56:00/gps-fmout/+4.613362e-07
2026.268.14:56:00/gps-maser/+4.007205e-07
2026.268.14:57:00/gps-fmout/+4.580455e-07
2026.268.14:57:00/gps-maser/+3.978359e-07
2026.268.14:58:00/gps-fmout/+4.553182e-07
2026.268.14:58:00/gps-maser/+3.944123e-07
2026.268.14:59:00/gps-fmout/+4.525256e-07
2026.268.14:59:00/gps-maser/+3.924707e-07
2026.268.15:00:00/gps-fmout/+4.477329e-07
2026.268.15:00:00/gps-maser/+3.869394e-07
2026.268.15:01:00/gps-fmout/+4.450000e-07
2026.268.15:01:00/gps-maser/+3.851212e-07
2026.268.15:02:00/gps-fmout/+4.450000e-07
2026.268.15:02:00/gps-maser/+3.833030e-07
2026.268.15:03:00/gps-fmout/+4.448483e-07
2026.268.15:03:00/gps-maser/+3.821039e-07
2026.268.15:04:00/gps-fmout/+4.441115e-07
2026.268.15:04:00/gps-maser/+3.853377e-07
2026.268.15:05:00/gps-fmout/+4.458066e-07
2026.268.15:05:00/gps-maser/+3.857827e-07
2026.268.15:06:00/gps-fmout/+4.445357e-07
2026.268.15:06:00/gps-maser/+3.832781e-07
2026.268.15:07:00/gps-fmout/+4.450000e-07
2026.268.15:07:00/gps-maser/+3.848184e-07
2026.268.15:08:00/gps-fmout/+4.450000e-07
2026.268.15:08:00/gps-maser/+3.862389e-07
2026.268.15:09:00/gps-fmout/+4.451049e-07
2026.268.15:09:00/gps-maser/+3.857041e-07
2026.268.15:10:00/gps-fmout/+4.460758e-07
2026.268.15:10:00/gps-maser/+3.840341e-07
2026.268.15:11:00/gps-fmout/+4.459598e-07
2026.268.15:11:00/gps-maser/+3.859594e-07
2026.268.15:12:00/gps-fmout/+4.453644e-07
2026.268.15:12:00/gps-maser/+3.845059e-07
2026.268.15:13:00/gps-fmout/+4.456574e-07
2026.268.15:13:00/gps-maser/+3.838416e-07
2026.268.15:14:00/gps-fmout/+4.453832e-07
2026.268.15:14:00/gps-maser/+3.845798e-07
2026.268.15:15:00/gps-fmout/+4.471397e-07
2026.268.15:15:00/gps-maser/+3.869259e-07
2026.268.15:16:00/gps-fmout/+4.468850e-07
2026.268.15:16:00/gps-maser/+3.860000e-07
2026.268.15:17:00/gps-fmout/+4.440000e-07
2026.268.15:17:00/gps-maser/+3.860000e-07
2026.268.15:18:00/gps-fmout/+4.451968e-07
2026.268.15:18:00/gps-maser/+3.853134e-07
2026.268.15:19:00/gps-fmout/+4.445989e-07
2026.268.15:19:00/gps-maser/+3.841878e-07
2026.268.15:20:00/gps-fmout/+4.460277e-07
2026.268.15:20:00/gps-maser/+3.850481e-07
2026.268.15:21:00/gps-fmout/+4.460944e-07
2026.268.15:21:00/gps-maser/+3.851619e-07
2026.268.15:22:00/gps-fmout/+4.470734e-07
2026.268.15:22:00/gps-maser/+3.880026e-07
2026.268.15:23:00/gps-fmout/+4.486574e-07
2026.268.15:23:00/gps-maser/+3.874834e-07
2026.268.15:24:00/gps-fmout/+4.487275e-07
2026.268.15:24:00/gps-maser/+3.876859e-07
2026.268.15:25:00/gps-fmout/+4.479790e-07
2026.268.15:25:00/gps-maser/+3.869487e-07
2026.268.15:26:00/gps-fmout/+4.478700e-07
2026.268.15:26:00/gps-maser/+3.868148e-07
2026.268.15:27:00/gps-fmout/+4.469574e-07
2026.268.15:27:00/gps-maser/+3.850401e-07
2026.268.15:28:00/gps-fmout/+4.470000e-07
2026.268.15:28:00/gps-maser/+3.857346e-07
2026.268.15:29:00/gps-fmout/+4.453569e-07
2026.268.15:29:00/gps-maser/+3.837639e-07
2026.268.15:30:00/gps-fmout/+4.454663e-07
2026.268.15:30:00/gps-maser/+3.821741e-07
2026.268.15:31:00/gps-fmout/+4.472745e-07
2026.268.15:31:00/gps-maser/+3.847675e-07
2026.268.15:32:00/gps-fmout/+4.480614e-07
2026.268.15:32:00/gps-maser/+3.881772e-07
2026.268.15:33:00/gps-fmout/+4.480458e-07
2026.268.15:33:00/gps-maser/+3.870656e-07
2026.268.15:34:00/gps-fmout/+4.480909e-07
2026.268.15:34:00/gps-maser/+3.895341e-07
2026.268.15:35:00/gps-fmout/+4.462727e-07
2026.268.15:35:00/gps-maser/+3.876767e-07
2026.268.15:36:00/gps-fmout/+4.444005e-07
2026.268.15:36:00/gps-maser/+3.844140e-07
2026.268.15:37:00/gps-fmout/+4.428783e-07
2026.268.15:37:00/gps-maser/+3.827275e-07
2026.268.15:38:00/gps-fmout/+4.430000e-07
2026.268.15:38:00/gps-maser/+3.821173e-07
2026.268.15:39:00/gps-fmout/+4.430000e-07
2026.268.15:39:00/gps-maser/+3.841827e-07
2026.268.15:40:00/gps-fmout/+4.458211e-07
2026.268.15:40:00/gps-maser/+3.835880e-07
2026.268.15:41:00/gps-fmout/+4.452032e-07
2026.268.15:41:00/gps-maser/+3.829051e-07
2026.268.15:42:00/gps-fmout/+4.428301e-07
2026.268.15:42:00/gps-maser/+3.831332e-07
2026.268.15:43:00/gps-fmout/+4.431725e-07
2026.268.15:43:00/gps-maser/+3.840125e-07
2026.268.15:44:00/gps-fmout/+4.450128e-07
2026.268.15:44:00/gps-maser/+3.830611e-07
2026.268.15:45:00/gps-fmout/+4.458385e-07
2026.268.15:45:00/gps-maser/+3.873795e-07
2026.268.15:46:00/gps-fmout/+4.473253e-07
2026.268.15:46:00/gps-maser/+3.870606e-07
2026.268.15:47:00/gps-fmout/+4.460000e-07
2026.268.15:47:00/gps-maser/+3.852122e-07
2026.268.15:48:00/gps-fmout/+4.460000e-07
2026.268.15:48:00/gps-maser/+3.860000e-07
2026.268.15:49:00/gps-fmout/+4.460000e-07
2026.268.15:49:00/gps-maser/+3.860000e-07
2026.268.15:50:00/gps-fmout/+4.460000e-07
2026.268.15:50:00/gps-maser/+3.851665e-07
2026.268.15:51:00/gps-fmout/+4.432503e-07
2026.268.15:51:00/gps-maser/+3.836061e-07
2026.268.15:52:00/gps-fmout/+4.433182e-07
2026.268.15:52:00/gps-maser/+3.826970e-07
2026.268.15:53:00/gps-fmout/+4.442273e-07
2026.268.15:53:00/gps-maser/+3.819754e-07
2026.268.15:54:00/gps-fmout/+4.449592e-07
2026.268.15:54:00/gps-maser/+3.829350e-07
2026.268.15:55:00/gps-fmout/+4.419746e-07
2026.268.15:55:00/gps-maser/+3.810364e-07
2026.268.15:56:00/gps-fmout/+4.424489e-07
2026.268.15:56:00/gps-maser/+3.830000e-07
2026.268.15:57:00/gps-fmout/+4.432367e-07
2026.268.15:57:00/gps-maser/+3.831187e-07
2026.268.15:58:00/gps-fmout/+4.423576e-07
2026.268.15:58:00/gps-maser/+3.824402e-07
2026.268.15:59:00/gps-fmout/+4.395924e-07
2026.268.15:59:00/gps-maser/+3.794653e-07
2026.268.16:00:00/gps-fmout/+4.378753e-07
2026.268.16:00:00/gps-maser/+3.769182e-07
2026.268.16:01:00/gps-fmout/+4.370000e-07
2026.268.16:01:00/gps-maser/+3.770000e-07
2026.268.16:02:00/gps-fmout/+4.353849e-07
2026.268.16:02:00/gps-maser/+3.763134e-07
2026.268.16:03:00/gps-fmout/+4.354786e-07
2026.268.16:03:00/gps-maser/+3.752038e-07
2026.268.16:04:00/gps-fmout/+4.370000e-07
2026.268.16:04:00/gps-maser/+3.760241e-07
2026.268.16:05:00/gps-fmout/+4.370000e-07
2026.268.16:05:00/gps-maser/+3.760639e-07
2026.268.16:06:00/gps-fmout/+4.369812e-07
2026.268.16:06:00/gps-maser/+3.769912e-07
2026.268.16:07:00/gps-fmout/+4.354996e-07
2026.268.16:07:00/gps-maser/+3.755372e-07
2026.268.16:08:00/gps-fmout/+4.370909e-07
2026.268.16:08:00/gps-maser/+3.770455e-07
2026.268.16:09:00/gps-fmout/+4.398182e-07
2026.268.16:09:00/gps-maser/+3.797727e-07
2026.268.16:10:00/gps-fmout/+4.424343e-07
2026.268.16:10:00/gps-maser/+3.823866e-07
2026.268.16:11:00/gps-fmout/+4.430451e-07
2026.268.16:11:00/gps-maser/+3.831307e-07
2026.268.16:12:00/gps-fmout/+4.430000e-07
2026.268.16:12:00/gps-maser/+3.842523e-07
2026.268.16:13:00/gps-fmout/+4.447054e-07
2026.268.16:13:00/gps-maser/+3.832546e-07
2026.268.16:14:00/gps-fmout/+4.442901e-07
2026.268.16:14:00/gps-maser/+3.824448e-07
2026.268.16:15:00/gps-fmout/+4.447448e-07
2026.268.16:15:00/gps-maser/+3.837879e-07
2026.268.16:16:00/gps-fmout/+4.429938e-07
2026.268.16:16:00/gps-maser/+3.828788e-07
2026.268.16:17:00/gps-fmout/+4.438871e-07
2026.268.16:17:00/gps-maser/+3.819551e-07
2026.268.16:18:00/gps-fmout/+4.410909e-07
2026.268.16:18:00/gps-maser/+3.795220e-07
2026.268.16:19:00/gps-fmout/+4.388712e-07
2026.268.16:19:00/gps-maser/+3.782040e-07
2026.268.16:20:00/gps-fmout/+4.367431e-07
2026.268.16:20:00/gps-maser/+3.770000e-07
2026.268.16:21:00/gps-fmout/+4.371469e-07
2026.268.16:21:00/gps-maser/+3.770000e-07
2026.268.16:22:00/gps-fmout/+4.381480e-07
2026.268.16:22:00/gps-maser/+3.769446e-07
2026.268.16:23:00/gps-fmout/+4.377009e-07
2026.268.16:23:00/gps-maser/+3.758335e-07
2026.268.16:24:00/gps-fmout/+4.357292e-07
2026.268.16:24:00/gps-maser/+3.763927e-07
2026.268.16:25:00/gps-fmout/+4.366084e-07
2026.268.16:25:00/gps-maser/+3.770523e-07
2026.268.16:26:00/gps-fmout/+4.382805e-07
2026.268.16:26:00/gps-maser/+3.771598e-07
2026.268.16:27:00/gps-fmout/+4.390905e-07
2026.268.16:27:00/gps-maser/+3.779767e-07
2026.268.16:28:00/gps-fmout/+4.389357e-07
2026.268.16:28:00/gps-maser/+3.769558e-07
2026.268.16:29:00/gps-fmout/+4.378415e-07
2026.268.16:29:00/gps-maser/+3.768698e-07
2026.268.16:30:00/gps-fmout/+4.382853e-07
2026.268.16:30:00/gps-maser/+3.773030e-07
2026.268.16:31:00/gps-fmout/+4.369964e-07
2026.268.16:31:00/gps-maser/+3.754848e-07
2026.268.16:32:00/gps-fmout/+4.368182e-07
2026.268.16:32:00/gps-maser/+3.738333e-07
2026.268.16:33:00/gps-fmout/+4.359091e-07
2026.268.16:33:00/gps-maser/+3.750283e-07
2026.268.16:34:00/gps-fmout/+4.350000e-07
2026.268.16:34:00/gps-maser/+3.740404e-07
2026.268.16:35:00/gps-fmout/+4.337912e-07
2026.268.16:35:00/gps-maser/+3.728095e-07
2026.268.16:36:00/gps-fmout/+4.342861e-07
2026.268.16:36:00/gps-maser/+3.733030e-07
2026.268.16:37:00/gps-fmout/+4.350718e-07
2026.268.16:37:00/gps-maser/+3.742121e-07
2026.268.16:38:00/gps-fmout/+4.352284e-07
2026.268.16:38:00/gps-maser/+3.751212e-07
2026.268.16:39:00/gps-fmout/+4.380000e-07
2026.268.16:39:00/gps-maser/+3.760344e-07
2026.268.16:40:00/gps-fmout/+4.380000e-07
2026.268.16:40:00/gps-maser/+3.777479e-07
2026.268.16:41:00/gps-fmout/+4.380000e-07
2026.268.16:41:00/gps-maser/+3.776515e-07
2026.268.16:42:00/gps-fmout/+4.376349e-07
2026.268.16:42:00/gps-maser/+3.767178e-07
2026.268.16:43:00/gps-fmout/+4.360439e-07
2026.268.16:43:00/gps-maser/+3.759421e-07
2026.268.16:44:00/gps-fmout/+4.371488e-07
2026.268.16:44:00/gps-maser/+3.760000e-07
2026.268.16:45:00/gps-fmout/+4.390000e-07
2026.268.16:45:00/gps-maser/+3.777707e-07
2026.268.16:46:00/gps-fmout/+4.410000e-07
2026.268.16:46:00/gps-maser/+3.797879e-07
2026.268.16:47:00/gps-fmout/+4.410000e-07
2026.268.16:47:00/gps-maser/+3.795298e-07
2026.268.16:48:00/gps-fmout/+4.407770e-07
2026.268.16:48:00/gps-maser/+3.804612e-07
2026.268.16:49:00/gps-fmout/+4.389197e-07
2026.268.16:49:00/gps-maser/+3.770000e-07
2026.268.16:50:00/gps-fmout/+4.389352e-07
2026.268.16:50:00/gps-maser/+3.770000e-07
2026.268.16:51:00/gps-fmout/+4.365921e-07
2026.268.16:51:00/gps-maser/+3.761809e-07
2026.268.16:52:00/gps-fmout/+4.353854e-07
2026.268.16:52:00/gps-maser/+3.752480e-07
2026.268.16:53:00/gps-fmout/+4.368226e-07
2026.268.16:53:00/gps-maser/+3.760896e-07
2026.268.16:54:00/gps-fmout/+4.355977e-07
2026.268.16:54:00/gps-maser/+3.757747e-07
2026.268.16:55:00/gps-fmout/+4.341818e-07
2026.268.16:55:00/gps-maser/+3.740000e-07
2026.268.16:56:00/gps-fmout/+4.360000e-07
2026.268.16:56:00/gps-maser/+3.740000e-07
2026.268.16:57:00/gps-fmout/+4.360749e-07
2026.268.16:57:00/gps-maser/+3.746866e-07
2026.268.16:58:00/gps-fmout/+4.345706e-07
2026.268.16:58:00/gps-maser/+3.760000e-07
2026.268.16:59:00/gps-fmout/+4.362632e-07
2026.268.16:59:00/gps-maser/+3.760000e-07
2026.268.17:00:00/gps-fmout/+4.370785e-07
2026.268.17:00:00/gps-maser/+3.759646e-07
2026.268.17:01:00/gps-fmout/+4.369517e-07
2026.268.17:01:00/gps-maser/+3.749994e-07
2026.268.17:02:00/gps-fmout/+4.360000e-07
2026.268.17:02:00/gps-maser/+3.751482e-07
2026.268.17:03:00/gps-fmout/+4.360000e-07
2026.268.17:03:00/gps-maser/+3.746263e-07
2026.268.17:04:00/gps-fmout/+4.360000e-07
2026.268.17:04:00/gps-maser/+3.760896e-07
2026.268.17:05:00/gps-fmout/+4.359309e-07
2026.268.17:05:00/gps-maser/+3.758488e-07
2026.268.17:06:00/gps-fmout/+4.349537e-07
2026.268.17:06:00/gps-maser/+3.750000e-07
2026.268.17:07:00/gps-fmout/+4.350000e-07
2026.268.17:07:00/gps-maser/+3.750000e-07
2026.268.17:08:00/gps-fmout/+4.340959e-07
2026.268.17:08:00/gps-maser/+3.753433e-07
2026.268.17:09:00/gps-fmout/+4.359102e-07
2026.268.17:09:00/gps-maser/+3.760000e-07
2026.268.17:10:00/gps-fmout/+4.382302e-07
2026.268.17:10:00/gps-maser/+3.760000e-07
2026.268.17:11:00/gps-fmout/+4.378415e-07
2026.268.17:11:00/gps-maser/+3.760000e-07
2026.268.17:12:00/gps-fmout/+4.360240e-07
2026.268.17:12:00/gps-maser/+3.759894e-07
2026.268.17:13:00/gps-fmout/+4.366561e-07
2026.268.17:13:00/gps-maser/+3.753825e-07
2026.268.17:14:00/gps-fmout/+4.349869e-07
2026.268.17:14:00/gps-maser/+3.760172e-07
2026.268.17:15:00/gps-fmout/+4.347453e-07
2026.268.17:15:00/gps-maser/+3.762989e-07
2026.268.17:16:00/gps-fmout/+4.341527e-07
2026.268.17:16:00/gps-maser/+3.766667e-07
2026.268.17:17:00/gps-fmout/+4.360661e-07
2026.268.17:17:00/gps-maser/+3.748339e-07
2026.268.17:18:00/gps-fmout/+4.360000e-07
2026.268.17:18:00/gps-maser/+3.742918e-07
2026.268.17:19:00/gps-fmout/+4.353135e-07
2026.268.17:19:00/gps-maser/+3.753939e-07
2026.268.17:20:00/gps-fmout/+4.357081e-07
2026.268.17:20:00/gps-maser/+3.756435e-07
2026.268.17:21:00/gps-fmout/+4.351767e-07
2026.268.17:21:00/gps-maser/+3.742121e-07
2026.268.17:22:00/gps-fmout/+4.360000e-07
2026.268.17:22:00/gps-maser/+3.751212e-07
2026.268.17:23:00/gps-fmout/+4.360000e-07
2026.268.17:23:00/gps-maser/+3.760347e-07
2026.268.17:24:00/gps-fmout/+4.368264e-07
2026.268.17:24:00/gps-maser/+3.773695e-07
2026.268.17:25:00/gps-fmout/+4.372130e-07
2026.268.17:25:00/gps-maser/+3.760577e-07
2026.268.17:26:00/gps-fmout/+4.351605e-07
2026.268.17:26:00/gps-maser/+3.736468e-07
2026.268.17:27:00/gps-fmout/+4.355859e-07
2026.268.17:27:00/gps-maser/+3.729514e-07
2026.268.17:28:00/gps-fmout/+4.328334e-07
2026.268.17:28:00/gps-maser/+3.729202e-07
2026.268.17:29:00/gps-fmout/+4.320000e-07
2026.268.17:29:00/gps-maser/+3.730242e-07
2026.268.17:30:00/gps-fmout/+4.331703e-07
2026.268.17:30:00/gps-maser/+3.736061e-07
2026.268.17:31:00/gps-fmout/+4.326818e-07
2026.268.17:31:00/gps-maser/+3.726970e-07
2026.268.17:32:00/gps-fmout/+4.317727e-07
2026.268.17:32:00/gps-maser/+3.715679e-07
2026.268.17:33:00/gps-fmout/+4.309917e-07
2026.268.17:33:00/gps-maser/+3.689562e-07
2026.268.17:34:00/gps-fmout/+4.330225e-07
2026.268.17:34:00/gps-maser/+3.709879e-07
2026.268.17:35:00/gps-fmout/+4.325455e-07
2026.268.17:35:00/gps-maser/+3.712542e-07
2026.268.17:36:00/gps-fmout/+4.315522e-07
2026.268.17:36:00/gps-maser/+3.731946e-07
2026.268.17:37:00/gps-fmout/+4.311285e-07
2026.268.17:37:00/gps-maser/+3.724501e-07
2026.268.17:38:00/gps-fmout/+4.321683e-07
2026.268.17:38:00/gps-maser/+3.713333e-07
2026.268.17:39:00/gps-fmout/+4.331514e-07
2026.268.17:39:00/gps-maser/+3.731515e-07
2026.268.17:40:00/gps-fmout/+4.350000e-07
2026.268.17:40:00/gps-maser/+3.747043e-07
2026.268.17:41:00/gps-fmout/+4.352750e-07
2026.268.17:41:00/gps-maser/+3.744168e-07
2026.268.17:42:00/gps-fmout/+4.329560e-07
2026.268.17:42:00/gps-maser/+3.732427e-07
2026.268.17:43:00/gps-fmout/+4.326141e-07
2026.268.17:43:00/gps-maser/+3.734811e-07
2026.268.17:44:00/gps-fmout/+4.308854e-07
2026.268.17:44:00/gps-maser/+3.706756e-07
2026.268.17:45:00/gps-fmout/+4.310503e-07
2026.268.17:45:00/gps-maser/+3.690168e-07
2026.268.17:46:00/gps-fmout/+4.316198e-07
2026.268.17:46:00/gps-maser/+3.720200e-07
2026.268.17:47:00/gps-fmout/+4.316957e-07
2026.268.17:47:00/gps-maser/+3.732877e-07
2026.268.17:48:00/gps-fmout/+4.328896e-07
2026.268.17:48:00/gps-maser/+3.722346e-07
2026.268.17:49:00/gps-fmout/+4.316364e-07
2026.268.17:49:00/gps-maser/+3.689621e-07
2026.268.17:50:00/gps-fmout/+4.298182e-07
2026.268.17:50:00/gps-maser/+3.698923e-07
2026.268.17:51:00/gps-fmout/+4.280000e-07
2026.268.17:51:00/gps-maser/+3.692093e-07
2026.268.17:52:00/gps-fmout/+4.319476e-07
2026.268.17:52:00/gps-maser/+3.711500e-07
2026.268.17:53:00/gps-fmout/+4.333399e-07
2026.268.17:53:00/gps-maser/+3.731930e-07
2026.268.17:54:00/gps-fmout/+4.345103e-07
2026.268.17:54:00/gps-maser/+3.734486e-07
2026.268.17:55:00/gps-fmout/+4.371221e-07
2026.268.17:55:00/gps-maser/+3.760212e-07
2026.268.17:56:00/gps-fmout/+4.360804e-07
2026.268.17:56:00/gps-maser/+3.740655e-07
2026.268.17:57:00/gps-fmout/+4.371893e-07
2026.268.17:57:00/gps-maser/+3.765798e-07
2026.268.17:58:00/gps-fmout/+4.371068e-07
2026.268.17:58:00/gps-maser/+3.770634e-07
2026.268.17:59:00/gps-fmout/+4.385477e-07
2026.268.17:59:00/gps-maser/+3.767878e-07
2026.268.18:00:00/gps-fmout/+4.367423e-07
2026.268.18:00:00/gps-maser/+3.760278e-07
2026.268.18:01:00/gps-fmout/+4.360570e-07
2026.268.18:01:00/gps-maser/+3.771515e-07
2026.268.18:02:00/gps-fmout/+4.400000e-07
2026.268.18:02:00/gps-maser/+3.789697e-07
2026.268.18:03:00/gps-fmout/+4.388077e-07
2026.268.18:03:00/gps-maser/+3.802518e-07
2026.268.18:04:00/gps-fmout/+4.403566e-07
2026.268.18:04:00/gps-maser/+3.802787e-07
2026.268.18:05:00/gps-fmout/+4.411317e-07
2026.268.18:05:00/gps-maser/+3.808087e-07
2026.268.18:06:00/gps-fmout/+4.407716e-07
2026.268.18:06:00/gps-maser/+3.789078e-07
2026.268.18:07:00/gps-fmout/+4.380000e-07
2026.268.18:07:00/gps-maser/+3.789514e-07
2026.268.18:08:00/gps-fmout/+4.380000e-07
2026.268.18:08:00/gps-maser/+3.773565e-07
2026.268.18:09:00/gps-fmout/+4.370984e-07
2026.268.18:09:00/gps-maser/+3.766183e-07
2026.268.18:10:00/gps-fmout/+4.351645e-07
2026.268.18:10:00/gps-maser/+3.740000e-07
2026.268.18:11:00/gps-fmout/+4.360466e-07
2026.268.18:11:00/gps-maser/+3.740000e-07
2026.268.18:12:00/gps-fmout/+4.359397e-07
2026.268.18:12:00/gps-maser/+3.739420e-07
2026.268.18:13:00/gps-fmout/+4.340000e-07
2026.268.18:13:00/gps-maser/+3.739515e-07
2026.268.18:14:00/gps-fmout/+4.362429e-07
2026.268.18:14:00/gps-maser/+3.746223e-07
2026.268.18:15:00/gps-fmout/+4.345773e-07
2026.268.18:15:00/gps-maser/+3.738992e-07
2026.268.18:16:00/gps-fmout/+4.343185e-07
2026.268.18:16:00/gps-maser/+3.742121e-07
2026.268.18:17:00/gps-fmout/+4.370540e-07
2026.268.18:17:00/gps-maser/+3.751212e-07
2026.268.18:18:00/gps-fmout/+4.360963e-07
2026.268.18:18:00/gps-maser/+3.760263e-07
2026.268.18:19:00/gps-fmout/+4.375455e-07
2026.268.18:19:00/gps-maser/+3.764008e-07
2026.268.18:20:00/gps-fmout/+4.366364e-07
2026.268.18:20:00/gps-maser/+3.764998e-07
2026.268.18:21:00/gps-fmout/+4.358341e-07
2026.268.18:21:00/gps-maser/+3.753156e-07
2026.268.18:22:00/gps-fmout/+4.362771e-07
2026.268.18:22:00/gps-maser/+3.770119e-07
2026.268.18:23:00/gps-fmout/+4.378182e-07
2026.268.18:23:00/gps-maser/+3.757612e-07
2026.268.18:24:00/gps-fmout/+4.360000e-07
2026.268.18:24:00/gps-maser/+3.737906e-07
2026.268.18:25:00/gps-fmout/+4.352772e-07
2026.268.18:25:00/gps-maser/+3.743927e-07
2026.268.18:26:00/gps-fmout/+4.353636e-07
2026.268.18:26:00/gps-maser/+3.749604e-07
2026.268.18:27:00/gps-fmout/+4.334656e-07
2026.268.18:27:00/gps-maser/+3.733347e-07
2026.268.18:28:00/gps-fmout/+4.320693e-07
2026.268.18:28:00/gps-maser/+3.700699e-07
2026.268.18:29:00/gps-fmout/+4.340909e-07
2026.268.18:29:00/gps-maser/+3.730087e-07
2026.268.18:30:00/gps-fmout/+4.343814e-07
2026.268.18:30:00/gps-maser/+3.735131e-07
2026.268.18:31:00/gps-fmout/+4.339156e-07
2026.268.18:31:00/gps-maser/+3.740000e-07
2026.268.18:32:00/gps-fmout/+4.355587e-07
2026.268.18:32:00/gps-maser/+3.739507e-07
2026.268.18:33:00/gps-fmout/+4.343636e-07
2026.268.18:33:00/gps-maser/+3.742176e-07
2026.268.18:34:00/gps-fmout/+4.361818e-07
2026.268.18:34:00/gps-maser/+3.761515e-07
2026.268.18:35:00/gps-fmout/+4.380000e-07
2026.268.18:35:00/gps-maser/+3.769531e-07
2026.268.18:36:00/gps-fmout/+4.356606e-07
2026.268.18:36:00/gps-maser/+3.752008e-07
2026.268.18:37:00/gps-fmout/+4.344457e-07
2026.268.18:37:00/gps-maser/+3.742925e-07
2026.268.18:38:00/gps-fmout/+4.373713e-07
2026.268.18:38:00/gps-maser/+3.758930e-07
2026.268.18:39:00/gps-fmout/+4.378574e-07
2026.268.18:39:00/gps-maser/+3.750226e-07
2026.268.18:40:00/gps-fmout/+4.350522e-07
2026.268.18:40:00/gps-maser/+3.759689e-07
2026.268.18:41:00/gps-fmout/+4.367427e-07
2026.268.18:41:00/gps-maser/+3.745052e-07
2026.268.18:42:00/gps-fmout/+4.352727e-07
2026.268.18:42:00/gps-maser/+3.743030e-07
2026.268.18:43:00/gps-fmout/+4.334545e-07
2026.268.18:43:00/gps-maser/+3.724848e-07
2026.268.18:44:00/gps-fmout/+4.318978e-07
2026.268.18:44:00/gps-maser/+3.706667e-07
2026.268.18:45:00/gps-fmout/+4.327974e-07
2026.268.18:45:00/gps-maser/+3.689445e-07
2026.268.18:46:00/gps-fmout/+4.300000e-07
2026.268.18:46:00/gps-maser/+3.702556e-07
2026.268.18:47:00/gps-fmout/+4.289066e-07
2026.268.18:47:00/gps-maser/+3.689093e-07
2026.268.18:48:00/gps-fmout/+4.286177e-07
2026.268.18:48:00/gps-maser/+3.667466e-07
2026.268.18:49:00/gps-fmout/+4.282273e-07
2026.268.18:49:00/gps-maser/+3.673898e-07
2026.268.18:50:00/gps-fmout/+4.291364e-07
2026.268.18:50:00/gps-maser/+3.690000e-07
2026.268.18:51:00/gps-fmout/+4.299943e-07
2026.268.18:51:00/gps-maser/+3.690000e-07
2026.268.18:52:00/gps-fmout/+4.283700e-07
2026.268.18:52:00/gps-maser/+3.690000e-07
2026.268.18:53:00/gps-fmout/+4.283534e-07
2026.268.18:53:00/gps-maser/+3.684802e-07
2026.268.18:54:00/gps-fmout/+4.275692e-07
2026.268.18:54:00/gps-maser/+3.671185e-07
2026.268.18:55:00/gps-fmout/+4.296168e-07
2026.268.18:55:00/gps-maser/+3.678681e-07
2026.268.18:56:00/gps-fmout/+4.268851e-07
2026.268.18:56:00/gps-maser/+3.670000e-07
2026.268.18:57:00/gps-fmout/+4.260000e-07
2026.268.18:57:00/gps-maser/+3.670000e-07
2026.268.18:58:00/gps-fmout/+4.274166e-07
2026.268.18:58:00/gps-maser/+3.675361e-07
2026.268.18:59:00/gps-fmout/+4.310729e-07
2026.268.18:59:00/gps-maser/+3.693530e-07
2026.268.19:00:00/gps-fmout/+4.333763e-07
2026.268.19:00:00/gps-maser/+3.705932e-07
2026.268.19:01:00/gps-fmout/+4.340586e-07
2026.268.19:01:00/gps-maser/+3.741933e-07
2026.268.19:02:00/gps-fmout/+4.340659e-07
2026.268.19:02:00/gps-maser/+3.740639e-07
2026.268.19:03:00/gps-fmout/+4.352133e-07
2026.268.19:03:00/gps-maser/+3.752531e-07
2026.268.19:04:00/gps-fmout/+4.344057e-07
2026.268.19:04:00/gps-maser/+3.739963e-07
2026.268.19:05:00/gps-fmout/+4.345465e-07
2026.268.19:05:00/gps-maser/+3.734336e-07
2026.268.19:06:00/gps-fmout/+4.327519e-07
2026.268.19:06:00/gps-maser/+3.708206e-07
2026.268.19:07:00/gps-fmout/+4.315496e-07
2026.268.19:07:00/gps-maser/+3.707135e-07
2026.268.19:08:00/gps-fmout/+4.284719e-07
2026.268.19:08:00/gps-maser/+3.671813e-07
2026.268.19:09:00/gps-fmout/+4.290637e-07
2026.268.19:09:00/gps-maser/+3.673865e-07
2026.268.19:10:00/gps-fmout/+4.287213e-07
2026.268.19:10:00/gps-maser/+3.678188e-07
2026.268.19:11:00/gps-fmout/+4.279521e-07
2026.268.19:11:00/gps-maser/+3.671864e-07
2026.268.19:12:00/gps-fmout/+4.279168e-07
2026.268.19:12:00/gps-maser/+3.689346e-07
2026.268.19:13:00/gps-fmout/+4.269357e-07
2026.268.19:13:00/gps-maser/+3.660609e-07
2026.268.19:14:00/gps-fmout/+4.274994e-07
2026.268.19:14:00/gps-maser/+3.690000e-07
2026.268.19:15:00/gps-fmout/+4.304772e-07
2026.268.19:15:00/gps-maser/+3.690000e-07
2026.268.19:16:00/gps-fmout/+4.310793e-07
2026.268.19:16:00/gps-maser/+3.690000e-07
2026.268.19:17:00/gps-fmout/+4.307878e-07
2026.268.19:17:00/gps-maser/+3.690000e-07
2026.268.19:18:00/gps-fmout/+4.290628e-07
2026.268.19:18:00/gps-maser/+3.689446e-07
2026.268.19:19:00/gps-fmout/+4.295179e-07
2026.268.19:19:00/gps-maser/+3.678537e-07
2026.268.19:20:00/gps-fmout/+4.294041e-07
2026.268.19:20:00/gps-maser/+3.684156e-07
2026.268.19:21:00/gps-fmout/+4.292624e-07
2026.268.19:21:00/gps-maser/+3.688868e-07
2026.268.19:22:00/gps-fmout/+4.269441e-07
2026.268.19:22:00/gps-maser/+3.676285e-07
2026.268.19:23:00/gps-fmout/+4.267273e-07
2026.268.19:23:00/gps-maser/+3.656678e-07
2026.268.19:24:00/gps-fmout/+4.249091e-07
2026.268.19:24:00/gps-maser/+3.630000e-07
2026.268.19:25:00/gps-fmout/+4.230909e-07
2026.268.19:25:00/gps-maser/+3.630000e-07
2026.268.19:26:00/gps-fmout/+4.220228e-07
2026.268.19:26:00/gps-maser/+3.624406e-07
2026.268.19:27:00/gps-fmout/+4.228787e-07
2026.268.19:27:00/gps-maser/+3.610000e-07
2026.268.19:28:00/gps-fmout/+4.215859e-07
2026.268.19:28:00/gps-maser/+3.610000e-07
2026.268.19:29:00/gps-fmout/+4.188596e-07
2026.268.19:29:00/gps-maser/+3.609186e-07
2026.268.19:30:00/gps-fmout/+4.200000e-07
2026.268.19:30:00/gps-maser/+3.609697e-07
2026.268.19:31:00/gps-fmout/+4.240562e-07
2026.268.19:31:00/gps-maser/+3.627879e-07
2026.268.19:32:00/gps-fmout/+4.230888e-07
2026.268.19:32:00/gps-maser/+3.634791e-07
2026.268.19:33:00/gps-fmout/+4.204984e-07
2026.268.19:33:00/gps-maser/+3.599156e-07
2026.268.19:34:00/gps-fmout/+4.188048e-07
2026.268.19:34:00/gps-maser/+3.598071e-07
2026.268.19:35:00/gps-fmout/+4.179820e-07
2026.268.19:35:00/gps-maser/+3.579756e-07
2026.268.19:36:00/gps-fmout/+4.177288e-07
2026.268.19:36:00/gps-maser/+3.572854e-07
2026.268.19:37:00/gps-fmout/+4.153361e-07
2026.268.19:37:00/gps-maser/+3.549643e-07
2026.268.19:38:00/gps-fmout/+4.119008e-07
2026.268.19:38:00/gps-maser/+3.523892e-07
2026.268.19:39:00/gps-fmout/+4.118331e-07
2026.268.19:39:00/gps-maser/+3.507677e-07
2026.268.19:40:00/gps-fmout/+4.109324e-07
2026.268.19:40:00/gps-maser/+3.499571e-07
2026.268.19:41:00/gps-fmout/+4.110000e-07
2026.268.19:41:00/gps-maser/+3.508673e-07
2026.268.19:42:00/gps-fmout/+4.134091e-07
2026.268.19:42:00/gps-maser/+3.520723e-07
2026.268.19:43:00/gps-fmout/+4.143182e-07
2026.268.19:43:00/gps-maser/+3.532561e-07
2026.268.19:44:00/gps-fmout/+4.152273e-07
2026.268.19:44:00/gps-maser/+3.570802e-07
2026.268.19:45:00/gps-fmout/+4.161364e-07
2026.268.19:45:00/gps-maser/+3.571185e-07
2026.268.19:46:00/gps-fmout/+4.170363e-07
2026.268.19:46:00/gps-maser/+3.580000e-07
2026.268.19:47:00/gps-fmout/+4.179654e-07
2026.268.19:47:00/gps-maser/+3.580000e-07
2026.268.19:48:00/gps-fmout/+4.181570e-07
2026.268.19:48:00/gps-maser/+3.574934e-07
2026.268.19:49:00/gps-fmout/+4.155727e-07
2026.268.19:49:00/gps-maser/+3.559251e-07
2026.268.19:50:00/gps-fmout/+4.151187e-07
2026.268.19:50:00/gps-maser/+3.558889e-07
2026.268.19:51:00/gps-fmout/+4.160248e-07
2026.268.19:51:00/gps-maser/+3.550373e-07
2026.268.19:52:00/gps-fmout/+4.153333e-07
2026.268.19:52:00/gps-maser/+3.549369e-07
2026.268.19:53:00/gps-fmout/+4.154091e-07
2026.268.19:53:00/gps-maser/+3.547259e-07
2026.268.19:54:00/gps-fmout/+4.163872e-07
2026.268.19:54:00/gps-maser/+3.564301e-07
2026.268.19:55:00/gps-fmout/+4.169084e-07
2026.268.19:55:00/gps-maser/+3.567682e-07
2026.268.19:56:00/gps-fmout/+4.158395e-07
2026.268.19:56:00/gps-maser/+3.550000e-07
2026.268.19:57:00/gps-fmout/+4.150346e-07
2026.268.19:57:00/gps-maser/+3.550000e-07
2026.268.19:58:00/gps-fmout/+4.169091e-07
2026.268.19:58:00/gps-maser/+3.565533e-07
2026.268.19:59:00/gps-fmout/+4.181728e-07
2026.268.19:59:00/gps-maser/+3.569545e-07
2026.268.20:00:00/gps-fmout/+4.160636e-07
2026.268.20:00:00/gps-maser/+3.542273e-07
2026.268.20:01:00/gps-fmout/+4.128727e-07
2026.268.20:01:00/gps-maser/+3.517551e-07
2026.268.20:02:00/gps-fmout/+4.138997e-07
2026.268.20:02:00/gps-maser/+3.528180e-07
2026.268.20:03:00/gps-fmout/+4.110000e-07
2026.268.20:03:00/gps-maser/+3.514454e-07
2026.268.20:04:00/gps-fmout/+4.128271e-07
2026.268.20:04:00/gps-maser/+3.511229e-07
2026.268.20:05:00/gps-fmout/+4.109039e-07
2026.268.20:05:00/gps-maser/+3.505015e-07
2026.268.20:06:00/gps-fmout/+4.111990e-07
2026.268.20:06:00/gps-maser/+3.522678e-07
2026.268.20:07:00/gps-fmout/+4.120711e-07
2026.268.20:07:00/gps-maser/+3.530164e-07
2026.268.20:08:00/gps-fmout/+4.120990e-07
2026.268.20:08:00/gps-maser/+3.520311e-07
2026.268.20:09:00/gps-fmout/+4.157645e-07
2026.268.20:09:00/gps-maser/+3.535876e-07
2026.268.20:10:00/gps-fmout/+4.156627e-07
2026.268.20:10:00/gps-maser/+3.536651e-07
2026.268.20:11:00/gps-fmout/+4.153868e-07
2026.268.20:11:00/gps-maser/+3.550890e-07
2026.268.20:12:00/gps-fmout/+4.167950e-07
2026.268.20:12:00/gps-maser/+3.552060e-07
2026.268.20:13:00/gps-fmout/+4.149574e-07
2026.268.20:13:00/gps-maser/+3.568859e-07
2026.268.20:14:00/gps-fmout/+4.150000e-07
2026.268.20:14:00/gps-maser/+3.549924e-07
2026.268.20:15:00/gps-fmout/+4.138388e-07
2026.268.20:15:00/gps-maser/+3.542314e-07
2026.268.20:16:00/gps-fmout/+4.142861e-07
2026.268.20:16:00/gps-maser/+3.534695e-07
2026.268.20:17:00/gps-fmout/+4.151617e-07
2026.268.20:17:00/gps-maser/+3.545758e-07
2026.268.20:18:00/gps-fmout/+4.147504e-07
2026.268.20:18:00/gps-maser/+3.527576e-07
2026.268.20:19:00/gps-fmout/+4.118346e-07
2026.268.20:19:00/gps-maser/+3.509594e-07
2026.268.20:20:00/gps-fmout/+4.098197e-07
2026.268.20:20:00/gps-maser/+3.506955e-07
2026.268.20:21:00/gps-fmout/+4.093557e-07
2026.268.20:21:00/gps-maser/+3.486515e-07
2026.268.20:22:00/gps-fmout/+4.072172e-07
2026.268.20:22:00/gps-maser/+3.477424e-07
2026.268.20:23:00/gps-fmout/+4.049748e-07
2026.268.20:23:00/gps-maser/+3.468333e-07
2026.268.20:24:00/gps-fmout/+4.069391e-07
2026.268.20:24:00/gps-maser/+3.460669e-07
2026.268.20:25:00/gps-fmout/+4.060000e-07
2026.268.20:25:00/gps-maser/+3.470776e-07
2026.268.20:26:00/gps-fmout/+4.060000e-07
2026.268.20:26:00/gps-maser/+3.464185e-07
2026.268.20:27:00/gps-fmout/+4.055904e-07
2026.268.20:27:00/gps-maser/+3.465157e-07
2026.268.20:28:00/gps-fmout/+4.039042e-07
2026.268.20:28:00/gps-maser/+3.448850e-07
2026.268.20:29:00/gps-fmout/+4.038382e-07
2026.268.20:29:00/gps-maser/+3.447615e-07
2026.268.20:30:00/gps-fmout/+4.018625e-07
2026.268.20:30:00/gps-maser/+3.409772e-07
2026.268.20:31:00/gps-fmout/+4.003418e-07
2026.268.20:31:00/gps-maser/+3.406414e-07
2026.268.20:32:00/gps-fmout/+4.006364e-07
2026.268.20:32:00/gps-maser/+3.390052e-07
2026.268.20:33:00/gps-fmout/+3.997273e-07
2026.268.20:33:00/gps-maser/+3.387424e-07
2026.268.20:34:00/gps-fmout/+3.989745e-07
2026.268.20:34:00/gps-maser/+3.378333e-07
2026.268.20:35:00/gps-fmout/+3.999542e-07
2026.268.20:35:00/gps-maser/+3.370721e-07
2026.268.20:36:00/gps-fmout/+3.990000e-07
2026.268.20:36:00/gps-maser/+3.381056e-07
2026.268.20:37:00/gps-fmout/+3.994091e-07
2026.268.20:37:00/gps-maser/+3.367338e-07
2026.268.20:38:00/gps-fmout/+4.003182e-07
2026.268.20:38:00/gps-maser/+3.380124e-07
2026.268.20:39:00/gps-fmout/+4.012073e-07
2026.268.20:39:00/gps-maser/+3.412699e-07
2026.268.20:40:00/gps-fmout/+4.022219e-07
2026.268.20:40:00/gps-maser/+3.422136e-07
2026.268.20:41:00/gps-fmout/+4.040909e-07
2026.268.20:41:00/gps-maser/+3.440339e-07
2026.268.20:42:00/gps-fmout/+4.051803e-07
2026.268.20:42:00/gps-maser/+3.448850e-07
2026.268.20:43:00/gps-fmout/+4.058030e-07
2026.268.20:43:00/gps-maser/+3.461777e-07
2026.268.20:44:00/gps-fmout/+4.067273e-07
2026.268.20:44:00/gps-maser/+3.457424e-07
2026.268.20:45:00/gps-fmout/+4.058182e-07
2026.268.20:45:00/gps-maser/+3.448333e-07
2026.268.20:46:00/gps-fmout/+4.049473e-07
2026.268.20:46:00/gps-maser/+3.440693e-07
2026.268.20:47:00/gps-fmout/+4.033000e-07
2026.268.20:47:00/gps-maser/+3.440371e-07
2026.268.20:48:00/gps-fmout/+4.024091e-07
2026.268.20:48:00/gps-maser/+3.423919e-07
2026.268.20:49:00/gps-fmout/+4.033527e-07
2026.268.20:49:00/gps-maser/+3.429925e-07
2026.268.20:50:00/gps-fmout/+4.040679e-07
2026.268.20:50:00/gps-maser/+3.431513e-07
2026.268.20:51:00/gps-fmout/+4.040000e-07
2026.268.20:51:00/gps-maser/+3.440692e-07
2026.268.20:52:00/gps-fmout/+4.040642e-07
2026.268.20:52:00/gps-maser/+3.440521e-07
2026.268.20:53:00/gps-fmout/+4.073961e-07
2026.268.20:53:00/gps-maser/+3.473927e-07
2026.268.20:54:00/gps-fmout/+4.062307e-07
2026.268.20:54:00/gps-maser/+3.462925e-07
2026.268.20:55:00/gps-fmout/+4.047273e-07
2026.268.20:55:00/gps-maser/+3.447050e-07
2026.268.20:56:00/gps-fmout/+4.038182e-07
2026.268.20:56:00/gps-maser/+3.437361e-07
2026.268.20:57:00/gps-fmout/+4.029482e-07
2026.268.20:57:00/gps-maser/+3.420074e-07
2026.268.20:58:00/gps-fmout/+4.040000e-07
2026.268.20:58:00/gps-maser/+3.424622e-07
2026.268.20:59:00/gps-fmout/+4.037479e-07
2026.268.20:59:00/gps-maser/+3.422840e-07
2026.268.21:00:00/gps-fmout/+4.051282e-07
2026.268.21:00:00/gps-maser/+3.436137e-07
2026.268.21:01:00/gps-fmout/+4.047727e-07
2026.268.21:01:00/gps-maser/+3.449499e-07
2026.268.21:02:00/gps-fmout/+4.038636e-07
2026.268.21:02:00/gps-maser/+3.440000e-07
2026.268.21:03:00/gps-fmout/+4.029587e-07
2026.268.21:03:00/gps-maser/+3.440000e-07
2026.268.21:04:00/gps-fmout/+4.042622e-07
2026.268.21:04:00/gps-maser/+3.438918e-07
2026.268.21:05:00/gps-fmout/+4.064092e-07
2026.268.21:05:00/gps-maser/+3.445490e-07
2026.268.21:06:00/gps-fmout/+4.074690e-07
2026.268.21:06:00/gps-maser/+3.465152e-07
2026.268.21:07:00/gps-fmout/+4.089957e-07
2026.268.21:07:00/gps-maser/+3.482083e-07
2026.268.21:08:00/gps-fmout/+4.074166e-07
2026.268.21:08:00/gps-maser/+3.481067e-07
2026.268.21:09:00/gps-fmout/+4.105085e-07
2026.268.21:09:00/gps-maser/+3.489672e-07
2026.268.21:10:00/gps-fmout/+4.099050e-07
2026.268.21:10:00/gps-maser/+3.497541e-07
2026.268.21:11:00/gps-fmout/+4.108757e-07
2026.268.21:11:00/gps-maser/+3.513841e-07
2026.268.21:12:00/gps-fmout/+4.127727e-07
2026.268.21:12:00/gps-maser/+3.520717e-07
2026.268.21:13:00/gps-fmout/+4.118636e-07
2026.268.21:13:00/gps-maser/+3.519245e-07
2026.268.21:14:00/gps-fmout/+4.109921e-07
2026.268.21:14:00/gps-maser/+3.510558e-07
2026.268.21:15:00/gps-fmout/+4.157686e-07
2026.268.21:15:00/gps-maser/+3.543257e-07
2026.268.21:16:00/gps-fmout/+4.180000e-07
2026.268.21:16:00/gps-maser/+3.575045e-07
2026.268.21:17:00/gps-fmout/+4.180000e-07
2026.268.21:17:00/gps-maser/+3.598779e-07
2026.268.21:18:00/gps-fmout/+4.180000e-07
2026.268.21:18:00/gps-maser/+3.577809e-07
2026.268.21:19:00/gps-fmout/+4.179861e-07
2026.268.21:19:00/gps-maser/+3.570440e-07
2026.268.21:20:00/gps-fmout/+4.170000e-07
2026.268.21:20:00/gps-maser/+3.570747e-07
2026.268.21:21:00/gps-fmout/+4.163102e-07
2026.268.21:21:00/gps-maser/+3.560289e-07
2026.268.21:22:00/gps-fmout/+4.164228e-07
2026.268.21:22:00/gps-maser/+3.554494e-07
2026.268.21:23:00/gps-fmout/+4.147308e-07
2026.268.21:23:00/gps-maser/+3.537085e-07
2026.268.21:24:00/gps-fmout/+4.139400e-07
2026.268.21:24:00/gps-maser/+3.530000e-07
2026.268.21:25:00/gps-fmout/+4.139146e-07
2026.268.21:25:00/gps-maser/+3.530000e-07
2026.268.21:26:00/gps-fmout/+4.108269e-07
2026.268.21:26:00/gps-maser/+3.522892e-07
2026.268.21:27:00/gps-fmout/+4.105169e-07
2026.268.21:27:00/gps-maser/+3.509576e-07
2026.268.21:28:00/gps-fmout/+4.113621e-07
2026.268.21:28:00/gps-maser/+3.505598e-07
2026.268.21:29:00/gps-fmout/+4.091187e-07
2026.268.21:29:00/gps-maser/+3.487465e-07
2026.268.21:30:00/gps-fmout/+4.100280e-07
2026.268.21:30:00/gps-maser/+3.480434e-07
2026.268.21:31:00/gps-fmout/+4.100000e-07
2026.268.21:31:00/gps-maser/+3.484902e-07
2026.268.21:32:00/gps-fmout/+4.095712e-07
2026.268.21:32:00/gps-maser/+3.485336e-07
2026.268.21:33:00/gps-fmout/+4.120982e-07
2026.268.21:33:00/gps-maser/+3.512146e-07
2026.268.21:34:00/gps-fmout/+4.140000e-07
2026.268.21:34:00/gps-maser/+3.542039e-07
2026.268.21:35:00/gps-fmout/+4.140000e-07
2026.268.21:35:00/gps-maser/+3.538846e-07
2026.268.21:36:00/gps-fmout/+4.140000e-07
2026.268.21:36:00/gps-maser/+3.530000e-07
2026.268.21:37:00/gps-fmout/+4.135680e-07
2026.268.21:37:00/gps-maser/+3.530000e-07
2026.268.21:38:00/gps-fmout/+4.130000e-07
2026.268.21:38:00/gps-maser/+3.527599e-07
2026.268.21:39:00/gps-fmout/+4.130000e-07
2026.268.21:39:00/gps-maser/+3.519208e-07
2026.268.21:40:00/gps-fmout/+4.130000e-07
2026.268.21:40:00/gps-maser/+3.520934e-07
2026.268.21:41:00/gps-fmout/+4.128365e-07
2026.268.21:41:00/gps-maser/+3.528762e-07
2026.268.21:42:00/gps-fmout/+4.108000e-07
2026.268.21:42:00/gps-maser/+3.510000e-07
2026.268.21:43:00/gps-fmout/+4.114300e-07
2026.268.21:43:00/gps-maser/+3.510000e-07
2026.268.21:44:00/gps-fmout/+4.121085e-07
2026.268.21:44:00/gps-maser/+3.512198e-07
2026.268.21:45:00/gps-fmout/+4.118273e-07
2026.268.21:45:00/gps-maser/+3.518087e-07
2026.268.21:46:00/gps-fmout/+4.109215e-07
2026.268.21:46:00/gps-maser/+3.498783e-07
2026.268.21:47:00/gps-fmout/+4.110438e-07
2026.268.21:47:00/gps-maser/+3.500517e-07
2026.268.21:48:00/gps-fmout/+4.122750e-07
2026.268.21:48:00/gps-maser/+3.517889e-07
2026.268.21:49:00/gps-fmout/+4.110353e-07
2026.268.21:49:00/gps-maser/+3.502881e-07
2026.268.21:50:00/gps-fmout/+4.090924e-07
2026.268.21:50:00/gps-maser/+3.486616e-07
2026.268.21:51:00/gps-fmout/+4.097040e-07
2026.268.21:51:00/gps-maser/+3.478981e-07
2026.268.21:52:00/gps-fmout/+4.080000e-07
2026.268.21:52:00/gps-maser/+3.481417e-07
2026.268.21:53:00/gps-fmout/+4.080000e-07
2026.268.21:53:00/gps-maser/+3.476761e-07
2026.268.21:54:00/gps-fmout/+4.080000e-07
2026.268.21:54:00/gps-maser/+3.451335e-07
2026.268.21:55:00/gps-fmout/+4.082048e-07
2026.268.21:55:00/gps-maser/+3.468667e-07
2026.268.21:56:00/gps-fmout/+4.090579e-07
2026.268.21:56:00/gps-maser/+3.489574e-07
2026.268.21:57:00/gps-fmout/+4.090697e-07
2026.268.21:57:00/gps-maser/+3.471700e-07
2026.268.21:58:00/gps-fmout/+4.099917e-07
2026.268.21:58:00/gps-maser/+3.499863e-07
2026.268.21:59:00/gps-fmout/+4.098640e-07
2026.268.21:59:00/gps-maser/+3.494464e-07
2026.268.22:00:00/gps-fmout/+4.107115e-07
2026.268.22:00:00/gps-maser/+3.494232e-07
2026.268.22:01:00/gps-fmout/+4.101944e-07
2026.268.22:01:00/gps-maser/+3.480733e-07
2026.268.22:02:00/gps-fmout/+4.106926e-07
2026.268.22:02:00/gps-maser/+3.487521e-07
2026.268.22:03:00/gps-fmout/+4.079121e-07
2026.268.22:03:00/gps-maser/+3.461219e-07
2026.268.22:04:00/gps-fmout/+4.090000e-07
2026.268.22:04:00/gps-maser/+3.472647e-07
2026.268.22:05:00/gps-fmout/+4.108182e-07
2026.268.22:05:00/gps-maser/+3.481818e-07
2026.268.22:06:00/gps-fmout/+4.126364e-07
2026.268.22:06:00/gps-maser/+3.509091e-07
2026.268.22:07:00/gps-fmout/+4.143113e-07
2026.268.22:07:00/gps-maser/+3.534128e-07
2026.268.22:08:00/gps-fmout/+4.138129e-07
2026.268.22:08:00/gps-maser/+3.529062e-07
2026.268.22:09:00/gps-fmout/+4.119594e-07
2026.268.22:09:00/gps-maser/+3.520215e-07
2026.268.22:10:00/gps-fmout/+4.129159e-07
2026.268.22:10:00/gps-maser/+3.535668e-07
2026.268.22:11:00/gps-fmout/+4.136890e-07
2026.268.22:11:00/gps-maser/+3.537432e-07
2026.268.22:12:00/gps-fmout/+4.132727e-07
2026.268.22:12:00/gps-maser/+3.531465e-07
2026.268.22:13:00/gps-fmout/+4.141818e-07
2026.268.22:13:00/gps-maser/+3.542793e-07
2026.268.22:14:00/gps-fmout/+4.150563e-07
2026.268.22:14:00/gps-maser/+3.559954e-07
2026.268.22:15:00/gps-fmout/+4.161042e-07
2026.268.22:15:00/gps-maser/+3.556827e-07
2026.268.22:16:00/gps-fmout/+4.159886e-07
2026.268.22:16:00/gps-maser/+3.552121e-07
2026.268.22:17:00/gps-fmout/+4.135421e-07
2026.268.22:17:00/gps-maser/+3.533939e-07
2026.268.22:18:00/gps-fmout/+4.131243e-07
2026.268.22:18:00/gps-maser/+3.518289e-07
2026.268.22:19:00/gps-fmout/+4.138557e-07
2026.268.22:19:00/gps-maser/+3.530735e-07
2026.268.22:20:00/gps-fmout/+4.119850e-07
2026.268.22:20:00/gps-maser/+3.529468e-07
2026.268.22:21:00/gps-fmout/+4.115455e-07
2026.268.22:21:00/gps-maser/+3.499744e-07
2026.268.22:22:00/gps-fmout/+4.105522e-07
2026.268.22:22:00/gps-maser/+3.496529e-07
2026.268.22:23:00/gps-fmout/+4.101285e-07
2026.268.22:23:00/gps-maser/+3.488566e-07
2026.268.22:24:00/gps-fmout/+4.111818e-07
2026.268.22:24:00/gps-maser/+3.493090e-07
2026.268.22:25:00/gps-fmout/+4.120676e-07
2026.268.22:25:00/gps-maser/+3.520000e-07
2026.268.22:26:00/gps-fmout/+4.120000e-07
2026.268.22:26:00/gps-maser/+3.520000e-07
2026.268.22:27:00/gps-fmout/+4.142309e-07
2026.268.22:27:00/gps-maser/+3.529090e-07
2026.268.22:28:00/gps-fmout/+4.159875e-07
2026.268.22:28:00/gps-maser/+3.548628e-07
2026.268.22:29:00/gps-fmout/+4.153667e-07
2026.268.22:29:00/gps-maser/+3.545175e-07
2026.268.22:30:00/gps-fmout/+4.170685e-07
2026.268.22:30:00/gps-maser/+3.571716e-07
2026.268.22:31:00/gps-fmout/+4.170515e-07
2026.268.22:31:00/gps-maser/+3.580000e-07
2026.268.22:32:00/gps-fmout/+4.175793e-07
2026.268.22:32:00/gps-maser/+3.580000e-07
2026.268.22:33:00/gps-fmout/+4.173321e-07
2026.268.22:33:00/gps-maser/+3.574802e-07
2026.268.22:34:00/gps-fmout/+4.181262e-07
2026.268.22:34:00/gps-maser/+3.560939e-07
2026.268.22:35:00/gps-fmout/+4.177473e-07
2026.268.22:35:00/gps-maser/+3.569722e-07
2026.268.22:36:00/gps-fmout/+4.158603e-07
2026.268.22:36:00/gps-maser/+3.557827e-07
2026.268.22:37:00/gps-fmout/+4.150000e-07
2026.268.22:37:00/gps-maser/+3.540363e-07
2026.268.22:38:00/gps-fmout/+4.148895e-07
2026.268.22:38:00/gps-maser/+3.532121e-07
2026.268.22:39:00/gps-fmout/+4.122046e-07
2026.268.22:39:00/gps-maser/+3.512979e-07
2026.268.22:40:00/gps-fmout/+4.110477e-07
2026.268.22:40:00/gps-maser/+3.500146e-07
2026.268.22:41:00/gps-fmout/+4.120514e-07
2026.268.22:41:00/gps-maser/+3.511212e-07
2026.268.22:42:00/gps-fmout/+4.119562e-07
2026.268.22:42:00/gps-maser/+3.520101e-07
2026.268.22:43:00/gps-fmout/+4.106687e-07
2026.268.22:43:00/gps-maser/+3.490563e-07
2026.268.22:44:00/gps-fmout/+4.119962e-07
2026.268.22:44:00/gps-maser/+3.505065e-07
2026.268.22:45:00/gps-fmout/+4.143809e-07
2026.268.22:45:00/gps-maser/+3.543633e-07
2026.268.22:46:00/gps-fmout/+4.150361e-07
2026.268.22:46:00/gps-maser/+3.550671e-07
2026.268.22:47:00/gps-fmout/+4.150249e-07
2026.268.22:47:00/gps-maser/+3.548583e-07
2026.268.22:48:00/gps-fmout/+4.160000e-07
2026.268.22:48:00/gps-maser/+3.554560e-07
2026.268.22:49:00/gps-fmout/+4.176283e-07
2026.268.22:49:00/gps-maser/+3.576061e-07
2026.268.22:50:00/gps-fmout/+4.153200e-07
2026.268.22:50:00/gps-maser/+3.566970e-07
2026.268.22:51:00/gps-fmout/+4.160000e-07
2026.268.22:51:00/gps-maser/+3.556853e-07
2026.268.22:52:00/gps-fmout/+4.160000e-07
2026.268.22:52:00/gps-maser/+3.539952e-07
2026.268.22:53:00/gps-fmout/+4.160466e-07
2026.268.22:53:00/gps-maser/+3.569736e-07
2026.268.22:54:00/gps-fmout/+4.177433e-07
2026.268.22:54:00/gps-maser/+3.559549e-07
2026.268.22:55:00/gps-fmout/+4.162961e-07
2026.268.22:55:00/gps-maser/+3.566515e-07
2026.268.22:56:00/gps-fmout/+4.151920e-07
2026.268.22:56:00/gps-maser/+3.557424e-07
2026.268.22:57:00/gps-fmout/+4.164601e-07
2026.268.22:57:00/gps-maser/+3.548333e-07
2026.268.22:58:00/gps-fmout/+4.120402e-07
2026.268.22:58:00/gps-maser/+3.539503e-07
2026.268.22:59:00/gps-fmout/+4.130000e-07
2026.268.22:59:00/gps-maser/+3.534584e-07
2026.268.23:00:00/gps-fmout/+4.122404e-07
2026.268.23:00:00/gps-maser/+3.530000e-07
2026.268.23:01:00/gps-fmout/+4.108554e-07
2026.268.23:01:00/gps-maser/+3.530000e-07
2026.268.23:02:00/gps-fmout/+4.111687e-07
2026.268.23:02:00/gps-maser/+3.527682e-07
2026.268.23:03:00/gps-fmout/+4.122210e-07
2026.268.23:03:00/gps-maser/+3.510759e-07
2026.268.23:04:00/gps-fmout/+4.140351e-07
2026.268.23:04:00/gps-maser/+3.530095e-07
2026.268.23:05:00/gps-fmout/+4.144658e-07
2026.268.23:05:00/gps-maser/+3.533663e-07
2026.268.23:06:00/gps-fmout/+4.150456e-07
2026.268.23:06:00/gps-maser/+3.547047e-07
2026.268.23:07:00/gps-fmout/+4.152307e-07
2026.268.23:07:00/gps-maser/+3.559061e-07
2026.268.23:08:00/gps-fmout/+4.159128e-07
2026.268.23:08:00/gps-maser/+3.550000e-07
2026.268.23:09:00/gps-fmout/+4.150000e-07
2026.268.23:09:00/gps-maser/+3.550000e-07
2026.268.23:10:00/gps-fmout/+4.150000e-07
2026.268.23:10:00/gps-maser/+3.541838e-07
2026.268.23:11:00/gps-fmout/+4.142697e-07
2026.268.23:11:00/gps-maser/+3.532406e-07
2026.268.23:12:00/gps-fmout/+4.130000e-07
2026.268.23:12:00/gps-maser/+3.529585e-07
2026.268.23:13:00/gps-fmout/+4.130000e-07
2026.268.23:13:00/gps-maser/+3.503230e-07
2026.268.23:14:00/gps-fmout/+4.130467e-07
2026.268.23:14:00/gps-maser/+3.521410e-07
2026.268.23:15:00/gps-fmout/+4.139880e-07
2026.268.23:15:00/gps-maser/+3.530151e-07
2026.268.23:16:00/gps-fmout/+4.135053e-07
2026.268.23:16:00/gps-maser/+3.525606e-07
2026.268.23:17:00/gps-fmout/+4.133411e-07
2026.268.23:17:00/gps-maser/+3.516120e-07
2026.268.23:18:00/gps-fmout/+4.116320e-07
2026.268.23:18:00/gps-maser/+3.509290e-07
2026.268.23:19:00/gps-fmout/+4.111048e-07
2026.268.23:19:00/gps-maser/+3.510000e-07
2026.268.23:20:00/gps-fmout/+4.128102e-07
2026.268.23:20:00/gps-maser/+3.510000e-07
2026.268.23:21:00/gps-fmout/+4.119866e-07
2026.268.23:21:00/gps-maser/+3.525227e-07
2026.268.23:22:00/gps-fmout/+4.135437e-07
2026.268.23:22:00/gps-maser/+3.533258e-07
2026.268.23:23:00/gps-fmout/+4.137952e-07
2026.268.23:23:00/gps-maser/+3.516229e-07
2026.268.23:24:00/gps-fmout/+4.130120e-07
2026.268.23:24:00/gps-maser/+3.511210e-07
2026.268.23:25:00/gps-fmout/+4.127273e-07
2026.268.23:25:00/gps-maser/+3.517576e-07
2026.268.23:26:00/gps-fmout/+4.109091e-07
2026.268.23:26:00/gps-maser/+3.499394e-07
2026.268.23:27:00/gps-fmout/+4.102742e-07
2026.268.23:27:00/gps-maser/+3.496872e-07
2026.268.23:28:00/gps-fmout/+4.106364e-07
2026.268.23:28:00/gps-maser/+3.500692e-07
2026.268.23:29:00/gps-fmout/+4.097273e-07
2026.268.23:29:00/gps-maser/+3.477444e-07
2026.268.23:30:00/gps-fmout/+4.086054e-07
2026.268.23:30:00/gps-maser/+3.466667e-07
2026.268.23:31:00/gps-fmout/+4.047515e-07
2026.268.23:31:00/gps-maser/+3.448485e-07
2026.268.23:32:00/gps-fmout/+4.040000e-07
2026.268.23:32:00/gps-maser/+3.430303e-07
2026.268.23:33:00/gps-fmout/+4.035891e-07
2026.268.23:33:00/gps-maser/+3.414049e-07
2026.268.23:34:00/gps-fmout/+4.029088e-07
2026.268.23:34:00/gps-maser/+3.414448e-07
2026.268.23:35:00/gps-fmout/+4.032452e-07
2026.268.23:35:00/gps-maser/+3.426791e-07
2026.268.23:36:00/gps-fmout/+4.037273e-07
2026.268.23:36:00/gps-maser/+3.408536e-07
2026.268.23:37:00/gps-fmout/+4.019091e-07
2026.268.23:37:00/gps-maser/+3.399858e-07
2026.268.23:38:00/gps-fmout/+4.011334e-07
2026.268.23:38:00/gps-maser/+3.403433e-07
2026.268.23:39:00/gps-fmout/+4.019947e-07
2026.268.23:39:00/gps-maser/+3.416256e-07
2026.268.23:40:00/gps-fmout/+4.021465e-07
2026.268.23:40:00/gps-maser/+3.429918e-07
2026.268.23:41:00/gps-fmout/+4.033636e-07
2026.268.23:41:00/gps-maser/+3.424131e-07
2026.268.23:42:00/gps-fmout/+4.051818e-07
2026.268.23:42:00/gps-maser/+3.460266e-07
2026.268.23:43:00/gps-fmout/+4.070000e-07
2026.268.23:43:00/gps-maser/+3.464848e-07
2026.268.23:44:00/gps-fmout/+4.086014e-07
2026.268.23:44:00/gps-maser/+3.473939e-07
2026.268.23:45:00/gps-fmout/+4.090394e-07
2026.268.23:45:00/gps-maser/+3.483350e-07
2026.268.23:46:00/gps-fmout/+4.091993e-07
2026.268.23:46:00/gps-maser/+3.490658e-07
2026.268.23:47:00/gps-fmout/+4.100000e-07
2026.268.23:47:00/gps-maser/+3.490000e-07
2026.268.23:48:00/gps-fmout/+4.100000e-07
2026.268.23:48:00/gps-maser/+3.490000e-07
2026.268.23:49:00/gps-fmout/+4.102066e-07
2026.268.23:49:00/gps-maser/+3.504650e-07
2026.268.23:50:00/gps-fmout/+4.122442e-07
2026.268.23:50:00/gps-maser/+3.533977e-07
2026.268.23:51:00/gps-fmout/+4.157546e-07
2026.268.23:51:00/gps-maser/+3.545180e-07
2026.268.23:52:00/gps-fmout/+4.170102e-07
2026.268.23:52:00/gps-maser/+3.560169e-07
2026.268.23:53:00/gps-fmout/+4.160541e-07
2026.268.23:53:00/gps-maser/+3.548719e-07
2026.268.23:54:00/gps-fmout/+4.180000e-07
2026.268.23:54:00/gps-maser/+3.548809e-07
2026.268.23:55:00/gps-fmout/+4.156039e-07
2026.268.23:55:00/gps-maser/+3.552976e-07
2026.268.23:56:00/gps-fmout/+4.143316e-07
2026.268.23:56:00/gps-maser/+3.539287e-07
2026.268.23:57:00/gps-fmout/+4.127727e-07
2026.268.23:57:00/gps-maser/+3.535975e-07
2026.268.23:58:00/gps-fmout/+4.118636e-07
2026.268.23:58:00/gps-maser/+3.509389e-07
2026.268.23:59:00/gps-fmout/+4.109606e-07
2026.268.23:59:00/gps-maser/+3.529468e-07
2026.269.00:00:00/gps-fmout/+4.114151e-07
2026.269.00:00:00/gps-maser/+3.512726e-07
2026.269.00:01:00/gps-fmout/+4.121609e-07
2026.269.00:01:00/gps-maser/+3.519391e-07
2026.269.00:02:00/gps-fmout/+4.114198e-07
2026.269.00:02:00/gps-maser/+3.500000e-07
2026.269.00:03:00/gps-fmout/+4.089790e-07
2026.269.00:03:00/gps-maser/+3.500000e-07
2026.269.00:04:00/gps-fmout/+4.099008e-07
2026.269.00:04:00/gps-maser/+3.499381e-07
2026.269.00:05:00/gps-fmout/+4.080000e-07
2026.269.00:05:00/gps-maser/+3.494288e-07
2026.269.00:06:00/gps-fmout/+4.098182e-07
2026.269.00:06:00/gps-maser/+3.499952e-07
2026.269.00:07:00/gps-fmout/+4.110220e-07
2026.269.00:07:00/gps-maser/+3.504951e-07
2026.269.00:08:00/gps-fmout/+4.104423e-07
2026.269.00:08:00/gps-maser/+3.521114e-07
2026.269.00:09:00/gps-fmout/+4.129357e-07
2026.269.00:09:00/gps-maser/+3.519035e-07
2026.269.00:10:00/gps-fmout/+4.110540e-07
2026.269.00:10:00/gps-maser/+3.509861e-07
2026.269.00:11:00/gps-fmout/+4.120992e-07
2026.269.00:11:00/gps-maser/+3.514195e-07
2026.269.00:12:00/gps-fmout/+4.116742e-07
2026.269.00:12:00/gps-maser/+3.517854e-07
2026.269.00:13:00/gps-fmout/+4.113291e-07
2026.269.00:13:00/gps-maser/+3.511611e-07
2026.269.00:14:00/gps-fmout/+4.127950e-07
2026.269.00:14:00/gps-maser/+3.518056e-07
2026.269.00:15:00/gps-fmout/+4.109599e-07
2026.269.00:15:00/gps-maser/+3.499776e-07
2026.269.00:16:00/gps-fmout/+4.110000e-07
2026.269.00:16:00/gps-maser/+3.496141e-07
2026.269.00:17:00/gps-fmout/+4.083803e-07
2026.269.00:17:00/gps-maser/+3.478405e-07
2026.269.00:18:00/gps-fmout/+4.076364e-07
2026.269.00:18:00/gps-maser/+3.464944e-07
2026.269.00:19:00/gps-fmout/+4.094545e-07
2026.269.00:19:00/gps-maser/+3.491107e-07
2026.269.00:20:00/gps-fmout/+4.111378e-07
2026.269.00:20:00/gps-maser/+3.492972e-07
2026.269.00:21:00/gps-fmout/+4.101393e-07
2026.269.00:21:00/gps-maser/+3.529698e-07
2026.269.00:22:00/gps-fmout/+4.126364e-07
2026.269.00:22:00/gps-maser/+3.515606e-07
2026.269.00:23:00/gps-fmout/+4.099091e-07
2026.269.00:23:00/gps-maser/+3.506515e-07
2026.269.00:24:00/gps-fmout/+4.082705e-07
2026.269.00:24:00/gps-maser/+3.499955e-07
2026.269.00:25:00/gps-fmout/+4.118247e-07
2026.269.00:25:00/gps-maser/+3.509729e-07
2026.269.00:26:00/gps-fmout/+4.102156e-07
2026.269.00:26:00/gps-maser/+3.502193e-07
2026.269.00:27:00/gps-fmout/+4.130000e-07
2026.269.00:27:00/gps-maser/+3.531873e-07
2026.269.00:28:00/gps-fmout/+4.147092e-07
2026.269.00:28:00/gps-maser/+3.527363e-07
2026.269.00:29:00/gps-fmout/+4.120455e-07
2026.269.00:29:00/gps-maser/+3.512808e-07
2026.269.00:30:00/gps-fmout/+4.093182e-07
2026.269.00:30:00/gps-maser/+3.481865e-07
2026.269.00:31:00/gps-fmout/+4.065270e-07
2026.269.00:31:00/gps-maser/+3.445739e-07
2026.269.00:32:00/gps-fmout/+4.017448e-07
2026.269.00:32:00/gps-maser/+3.418772e-07
2026.269.00:33:00/gps-fmout/+3.977303e-07
2026.269.00:33:00/gps-maser/+3.380914e-07
2026.269.00:34:00/gps-fmout/+3.966490e-07
2026.269.00:34:00/gps-maser/+3.359545e-07
2026.269.00:35:00/gps-fmout/+3.955357e-07
2026.269.00:35:00/gps-maser/+3.332273e-07
2026.269.00:36:00/gps-fmout/+3.935109e-07
2026.269.00:36:00/gps-maser/+3.308125e-07
2026.269.00:37:00/gps-fmout/+3.909206e-07
2026.269.00:37:00/gps-maser/+3.328424e-07
2026.269.00:38:00/gps-fmout/+3.930000e-07
2026.269.00:38:00/gps-maser/+3.317910e-07
2026.269.00:39:00/gps-fmout/+3.974545e-07
2026.269.00:39:00/gps-maser/+3.363636e-07
2026.269.00:40:00/gps-fmout/+4.029091e-07
2026.269.00:40:00/gps-maser/+3.418182e-07
2026.269.00:41:00/gps-fmout/+4.077626e-07
2026.269.00:41:00/gps-maser/+3.467322e-07
2026.269.00:42:00/gps-fmout/+4.057273e-07
2026.269.00:42:00/gps-maser/+3.447744e-07
2026.269.00:43:00/gps-fmout/+4.039091e-07
2026.269.00:43:00/gps-maser/+3.429913e-07
2026.269.00:44:00/gps-fmout/+4.028234e-07
2026.269.00:44:00/gps-maser/+3.439560e-07
2026.269.00:45:00/gps-fmout/+4.050909e-07
2026.269.00:45:00/gps-maser/+3.449423e-07
2026.269.00:46:00/gps-fmout/+4.078182e-07
2026.269.00:46:00/gps-maser/+3.473450e-07
2026.269.00:47:00/gps-fmout/+4.101361e-07
2026.269.00:47:00/gps-maser/+3.481235e-07
2026.269.00:48:00/gps-fmout/+4.069540e-07
2026.269.00:48:00/gps-maser/+3.477996e-07
2026.269.00:49:00/gps-fmout/+4.050357e-07
2026.269.00:49:00/gps-maser/+3.444541e-07
2026.269.00:50:00/gps-fmout/+4.025853e-07
2026.269.00:50:00/gps-maser/+3.424999e-07
2026.269.00:51:00/gps-fmout/+4.008012e-07
2026.269.00:51:00/gps-maser/+3.406726e-07
2026.269.00:52:00/gps-fmout/+3.974616e-07
2026.269.00:52:00/gps-maser/+3.367003e-07
2026.269.00:53:00/gps-fmout/+3.957785e-07
2026.269.00:53:00/gps-maser/+3.357786e-07
2026.269.00:54:00/gps-fmout/+3.950383e-07
2026.269.00:54:00/gps-maser/+3.340085e-07
2026.269.00:55:00/gps-fmout/+3.964545e-07
2026.269.00:55:00/gps-maser/+3.355211e-07
2026.269.00:56:00/gps-fmout/+3.973636e-07
2026.269.00:56:00/gps-maser/+3.361135e-07
2026.269.00:57:00/gps-fmout/+3.977791e-07
2026.269.00:57:00/gps-maser/+3.357970e-07
2026.269.00:58:00/gps-fmout/+3.960000e-07
2026.269.00:58:00/gps-maser/+3.349460e-07
2026.269.00:59:00/gps-fmout/+3.960000e-07
2026.269.00:59:00/gps-maser/+3.348991e-07
2026.269.01:00:00/gps-fmout/+3.960000e-07
2026.269.01:00:00/gps-maser/+3.333653e-07
2026.269.01:01:00/gps-fmout/+3.953432e-07
2026.269.01:01:00/gps-maser/+3.336663e-07
2026.269.01:02:00/gps-fmout/+3.958018e-07
2026.269.01:02:00/gps-maser/+3.345271e-07
2026.269.01:03:00/gps-fmout/+3.945807e-07
2026.269.01:03:00/gps-maser/+3.329615e-07
2026.269.01:04:00/gps-fmout/+3.927793e-07
2026.269.01:04:00/gps-maser/+3.329405e-07
2026.269.01:05:00/gps-fmout/+3.920040e-07
2026.269.01:05:00/gps-maser/+3.319431e-07
2026.269.01:06:00/gps-fmout/+3.917068e-07
2026.269.01:06:00/gps-maser/+3.307300e-07
2026.269.01:07:00/gps-fmout/+3.906315e-07
2026.269.01:07:00/gps-maser/+3.313605e-07
2026.269.01:08:00/gps-fmout/+3.918185e-07
2026.269.01:08:00/gps-maser/+3.298192e-07
2026.269.01:09:00/gps-fmout/+3.909573e-07
2026.269.01:09:00/gps-maser/+3.303177e-07
2026.269.01:10:00/gps-fmout/+3.924703e-07
2026.269.01:10:00/gps-maser/+3.330840e-07
2026.269.01:11:00/gps-fmout/+3.980000e-07
2026.269.01:11:00/gps-maser/+3.354547e-07
2026.269.01:12:00/gps-fmout/+3.991138e-07
2026.269.01:12:00/gps-maser/+3.382922e-07
2026.269.01:13:00/gps-fmout/+3.986973e-07
2026.269.01:13:00/gps-maser/+3.374448e-07
2026.269.01:14:00/gps-fmout/+3.983944e-07
2026.269.01:14:00/gps-maser/+3.364023e-07
2026.269.01:15:00/gps-fmout/+4.010000e-07
2026.269.01:15:00/gps-maser/+3.400106e-07
2026.269.01:16:00/gps-fmout/+4.010000e-07
2026.269.01:16:00/gps-maser/+3.390344e-07
2026.269.01:17:00/gps-fmout/+4.002326e-07
2026.269.01:17:00/gps-maser/+3.395992e-07
2026.269.01:18:00/gps-fmout/+3.995470e-07
2026.269.01:18:00/gps-maser/+3.389936e-07
2026.269.01:19:00/gps-fmout/+4.003286e-07
2026.269.01:19:00/gps-maser/+3.385756e-07
2026.269.01:20:00/gps-fmout/+3.980000e-07
2026.269.01:20:00/gps-maser/+3.370000e-07
2026.269.01:21:00/gps-fmout/+3.980000e-07
2026.269.01:21:00/gps-maser/+3.370000e-07
2026.269.01:22:00/gps-fmout/+3.985000e-07
2026.269.01:22:00/gps-maser/+3.374773e-07
2026.269.01:23:00/gps-fmout/+3.979046e-07
2026.269.01:23:00/gps-maser/+3.377131e-07
2026.269.01:24:00/gps-fmout/+3.960000e-07
2026.269.01:24:00/gps-maser/+3.369391e-07
2026.269.01:25:00/gps-fmout/+3.960000e-07
2026.269.01:25:00/gps-maser/+3.366225e-07
2026.269.01:26:00/gps-fmout/+3.960000e-07
2026.269.01:26:00/gps-maser/+3.340772e-07
2026.269.01:27:00/gps-fmout/+3.960233e-07
2026.269.01:27:00/gps-maser/+3.369394e-07
2026.269.01:28:00/gps-fmout/+3.967370e-07
2026.269.01:28:00/gps-maser/+3.351212e-07
2026.269.01:29:00/gps-fmout/+3.952622e-07
2026.269.01:29:00/gps-maser/+3.334508e-07
2026.269.01:30:00/gps-fmout/+3.940654e-07
2026.269.01:30:00/gps-maser/+3.331340e-07
2026.269.01:31:00/gps-fmout/+3.948520e-07
2026.269.01:31:00/gps-maser/+3.338951e-07
2026.269.01:32:00/gps-fmout/+3.940000e-07
2026.269.01:32:00/gps-maser/+3.329794e-07
2026.269.01:33:00/gps-fmout/+3.940000e-07
2026.269.01:33:00/gps-maser/+3.335094e-07
2026.269.01:34:00/gps-fmout/+3.928304e-07
2026.269.01:34:00/gps-maser/+3.333887e-07
2026.269.01:35:00/gps-fmout/+3.915008e-07
2026.269.01:35:00/gps-maser/+3.317969e-07
2026.269.01:36:00/gps-fmout/+3.932461e-07
2026.269.01:36:00/gps-maser/+3.323601e-07
2026.269.01:37:00/gps-fmout/+3.942806e-07
2026.269.01:37:00/gps-maser/+3.341589e-07
2026.269.01:38:00/gps-fmout/+3.970589e-07
2026.269.01:38:00/gps-maser/+3.350125e-07
2026.269.01:39:00/gps-fmout/+3.960780e-07
2026.269.01:39:00/gps-maser/+3.353487e-07
2026.269.01:40:00/gps-fmout/+3.961841e-07
2026.269.01:40:00/gps-maser/+3.366578e-07
2026.269.01:41:00/gps-fmout/+3.988604e-07
2026.269.01:41:00/gps-maser/+3.378263e-07
2026.269.01:42:00/gps-fmout/+3.976806e-07
2026.269.01:42:00/gps-maser/+3.360526e-07
2026.269.01:43:00/gps-fmout/+3.959274e-07
2026.269.01:43:00/gps-maser/+3.369157e-07
2026.269.01:44:00/gps-fmout/+3.980000e-07
2026.269.01:44:00/gps-maser/+3.365643e-07
2026.269.01:45:00/gps-fmout/+3.954919e-07
2026.269.01:45:00/gps-maser/+3.362266e-07
2026.269.01:46:00/gps-fmout/+3.965160e-07
2026.269.01:46:00/gps-maser/+3.346970e-07
2026.269.01:47:00/gps-fmout/+3.926284e-07
2026.269.01:47:00/gps-maser/+3.337879e-07
2026.269.01:48:00/gps-fmout/+3.920371e-07
2026.269.01:48:00/gps-maser/+3.328788e-07
2026.269.01:49:00/gps-fmout/+3.931086e-07
2026.269.01:49:00/gps-maser/+3.319830e-07
2026.269.01:50:00/gps-fmout/+3.942068e-07
2026.269.01:50:00/gps-maser/+3.331232e-07
2026.269.01:51:00/gps-fmout/+3.933847e-07
2026.269.01:51:00/gps-maser/+3.326464e-07
2026.269.01:52:00/gps-fmout/+3.940000e-07
2026.269.01:52:00/gps-maser/+3.321402e-07
2026.269.01:53:00/gps-fmout/+3.940000e-07
2026.269.01:53:00/gps-maser/+3.330424e-07
2026.269.01:54:00/gps-fmout/+3.940781e-07
2026.269.01:54:00/gps-maser/+3.330918e-07
2026.269.01:55:00/gps-fmout/+3.950208e-07
2026.269.01:55:00/gps-maser/+3.341463e-07
2026.269.01:56:00/gps-fmout/+3.955355e-07
2026.269.01:56:00/gps-maser/+3.335844e-07
2026.269.01:57:00/gps-fmout/+3.956818e-07
2026.269.01:57:00/gps-maser/+3.332198e-07
2026.269.01:58:00/gps-fmout/+3.947727e-07
2026.269.01:58:00/gps-maser/+3.340000e-07
2026.269.01:59:00/gps-fmout/+3.939090e-07
2026.269.01:59:00/gps-maser/+3.340000e-07
2026.269.02:00:00/gps-fmout/+3.939554e-07
2026.269.02:00:00/gps-maser/+3.339936e-07
2026.269.02:01:00/gps-fmout/+3.929775e-07
2026.269.02:01:00/gps-maser/+3.316023e-07
2026.269.02:02:00/gps-fmout/+3.924681e-07
2026.269.02:02:00/gps-maser/+3.298177e-07
2026.269.02:03:00/gps-fmout/+3.900379e-07
2026.269.02:03:00/gps-maser/+3.298345e-07
2026.269.02:04:00/gps-fmout/+3.868086e-07
2026.269.02:04:00/gps-maser/+3.285714e-07
2026.269.02:05:00/gps-fmout/+3.878208e-07
2026.269.02:05:00/gps-maser/+3.249937e-07
2026.269.02:06:00/gps-fmout/+3.840000e-07
2026.269.02:06:00/gps-maser/+3.252974e-07
2026.269.02:07:00/gps-fmout/+3.833526e-07
2026.269.02:07:00/gps-maser/+3.222661e-07
2026.269.02:08:00/gps-fmout/+3.806818e-07
2026.269.02:08:00/gps-maser/+3.196970e-07
2026.269.02:09:00/gps-fmout/+3.797727e-07
2026.269.02:09:00/gps-maser/+3.187879e-07
2026.269.02:10:00/gps-fmout/+3.788636e-07
2026.269.02:10:00/gps-maser/+3.178788e-07
2026.269.02:11:00/gps-fmout/+3.779637e-07
2026.269.02:11:00/gps-maser/+3.169658e-07
2026.269.02:12:00/gps-fmout/+3.775229e-07
2026.269.02:12:00/gps-maser/+3.153635e-07
2026.269.02:13:00/gps-fmout/+3.771603e-07
2026.269.02:13:00/gps-maser/+3.157128e-07
2026.269.02:14:00/gps-fmout/+3.784793e-07
2026.269.02:14:00/gps-maser/+3.178937e-07
2026.269.02:15:00/gps-fmout/+3.804914e-07
2026.269.02:15:00/gps-maser/+3.175123e-07
2026.269.02:16:00/gps-fmout/+3.831639e-07
2026.269.02:16:00/gps-maser/+3.211762e-07
2026.269.02:17:00/gps-fmout/+3.840000e-07
2026.269.02:17:00/gps-maser/+3.226488e-07
2026.269.02:18:00/gps-fmout/+3.840147e-07
2026.269.02:18:00/gps-maser/+3.230000e-07
2026.269.02:19:00/gps-fmout/+3.823388e-07
2026.269.02:19:00/gps-maser/+3.230000e-07
2026.269.02:20:00/gps-fmout/+3.848871e-07
2026.269.02:20:00/gps-maser/+3.233454e-07
2026.269.02:21:00/gps-fmout/+3.882477e-07
2026.269.02:21:00/gps-maser/+3.273931e-07
2026.269.02:22:00/gps-fmout/+3.890165e-07
2026.269.02:22:00/gps-maser/+3.289711e-07
2026.269.02:23:00/gps-fmout/+3.878565e-07
2026.269.02:23:00/gps-maser/+3.255305e-07
2026.269.02:24:00/gps-fmout/+3.877273e-07
2026.269.02:24:00/gps-maser/+3.269939e-07
2026.269.02:25:00/gps-fmout/+3.895455e-07
2026.269.02:25:00/gps-maser/+3.295171e-07
2026.269.02:26:00/gps-fmout/+3.909219e-07
2026.269.02:26:00/gps-maser/+3.296530e-07
2026.269.02:27:00/gps-fmout/+3.870398e-07
2026.269.02:27:00/gps-maser/+3.259488e-07
2026.269.02:28:00/gps-fmout/+3.857321e-07
2026.269.02:28:00/gps-maser/+3.248984e-07
2026.269.02:29:00/gps-fmout/+3.847805e-07
2026.269.02:29:00/gps-maser/+3.243198e-07
2026.269.02:30:00/gps-fmout/+3.863623e-07
2026.269.02:30:00/gps-maser/+3.250048e-07
2026.269.02:31:00/gps-fmout/+3.871064e-07
2026.269.02:31:00/gps-maser/+3.251817e-07
2026.269.02:32:00/gps-fmout/+3.868579e-07
2026.269.02:32:00/gps-maser/+3.260000e-07
2026.269.02:33:00/gps-fmout/+3.850218e-07
2026.269.02:33:00/gps-maser/+3.260000e-07
2026.269.02:34:00/gps-fmout/+3.861104e-07
2026.269.02:34:00/gps-maser/+3.255905e-07
2026.269.02:35:00/gps-fmout/+3.855417e-07
2026.269.02:35:00/gps-maser/+3.250000e-07
2026.269.02:36:00/gps-fmout/+3.852727e-07
2026.269.02:36:00/gps-maser/+3.250000e-07
2026.269.02:37:00/gps-fmout/+3.861818e-07
2026.269.02:37:00/gps-maser/+3.251574e-07
2026.269.02:38:00/gps-fmout/+3.870503e-07
2026.269.02:38:00/gps-maser/+3.268714e-07
2026.269.02:39:00/gps-fmout/+3.860000e-07
2026.269.02:39:00/gps-maser/+3.242733e-07
2026.269.02:40:00/gps-fmout/+3.865909e-07
2026.269.02:40:00/gps-maser/+3.243409e-07
2026.269.02:41:00/gps-fmout/+3.856818e-07
2026.269.02:41:00/gps-maser/+3.247652e-07
2026.269.02:42:00/gps-fmout/+3.852388e-07
2026.269.02:42:00/gps-maser/+3.243988e-07
2026.269.02:43:00/gps-fmout/+3.879173e-07
2026.269.02:43:00/gps-maser/+3.272568e-07
2026.269.02:44:00/gps-fmout/+3.860909e-07
2026.269.02:44:00/gps-maser/+3.279605e-07
2026.269.02:45:00/gps-fmout/+3.879091e-07
2026.269.02:45:00/gps-maser/+3.262376e-07
2026.269.02:46:00/gps-fmout/+3.895530e-07
2026.269.02:46:00/gps-maser/+3.280783e-07
2026.269.02:47:00/gps-fmout/+3.898625e-07
2026.269.02:47:00/gps-maser/+3.277743e-07
2026.269.02:48:00/gps-fmout/+3.892014e-07
2026.269.02:48:00/gps-maser/+3.271836e-07
2026.269.02:49:00/gps-fmout/+3.910568e-07
2026.269.02:49:00/gps-maser/+3.300617e-07
2026.269.02:50:00/gps-fmout/+3.935000e-07
2026.269.02:50:00/gps-maser/+3.323687e-07
2026.269.02:51:00/gps-fmout/+3.960392e-07
2026.269.02:51:00/gps-maser/+3.362928e-07
2026.269.02:52:00/gps-fmout/+3.965525e-07
2026.269.02:52:00/gps-maser/+3.387191e-07
2026.269.02:53:00/gps-fmout/+3.986339e-07
2026.269.02:53:00/gps-maser/+3.402121e-07
2026.269.02:54:00/gps-fmout/+4.012752e-07
2026.269.02:54:00/gps-maser/+3.411212e-07
2026.269.02:55:00/gps-fmout/+4.021201e-07
2026.269.02:55:00/gps-maser/+3.420462e-07
2026.269.02:56:00/gps-fmout/+4.035455e-07
2026.269.02:56:00/gps-maser/+3.437165e-07
2026.269.02:57:00/gps-fmout/+4.025522e-07
2026.269.02:57:00/gps-maser/+3.433225e-07
2026.269.02:58:00/gps-fmout/+4.021285e-07
2026.269.02:58:00/gps-maser/+3.434933e-07
2026.269.02:59:00/gps-fmout/+4.031818e-07
2026.269.02:59:00/gps-maser/+3.410146e-07
2026.269.03:00:00/gps-fmout/+4.040801e-07
2026.269.03:00:00/gps-maser/+3.418884e-07
2026.269.03:01:00/gps-fmout/+4.040000e-07
2026.269.03:01:00/gps-maser/+3.408751e-07
2026.269.03:02:00/gps-fmout/+4.029377e-07
2026.269.03:02:00/gps-maser/+3.413686e-07
2026.269.03:03:00/gps-fmout/+4.027459e-07
2026.269.03:03:00/gps-maser/+3.417898e-07
2026.269.03:04:00/gps-fmout/+4.023186e-07
2026.269.03:04:00/gps-maser/+3.413059e-07
2026.269.03:05:00/gps-fmout/+4.048255e-07
2026.269.03:05:00/gps-maser/+3.431959e-07
2026.269.03:06:00/gps-fmout/+4.010111e-07
2026.269.03:06:00/gps-maser/+3.439739e-07
2026.269.03:07:00/gps-fmout/+4.006176e-07
2026.269.03:07:00/gps-maser/+3.415606e-07
2026.269.03:08:00/gps-fmout/+3.986294e-07
2026.269.03:08:00/gps-maser/+3.406911e-07
2026.269.03:09:00/gps-fmout/+3.974726e-07
2026.269.03:09:00/gps-maser/+3.395558e-07
2026.269.03:10:00/gps-fmout/+3.958675e-07
2026.269.03:10:00/gps-maser/+3.376667e-07
2026.269.03:11:00/gps-fmout/+3.960515e-07
2026.269.03:11:00/gps-maser/+3.358974e-07
2026.269.03:12:00/gps-fmout/+3.970000e-07
2026.269.03:12:00/gps-maser/+3.348789e-07
2026.269.03:13:00/gps-fmout/+3.963613e-07
2026.269.03:13:00/gps-maser/+3.346702e-07
2026.269.03:14:00/gps-fmout/+3.970247e-07
2026.269.03:14:00/gps-maser/+3.363645e-07
2026.269.03:15:00/gps-fmout/+3.973308e-07
2026.269.03:15:00/gps-maser/+3.370836e-07
2026.269.03:16:00/gps-fmout/+3.989493e-07
2026.269.03:16:00/gps-maser/+3.369191e-07
2026.269.03:17:00/gps-fmout/+3.980000e-07
2026.269.03:17:00/gps-maser/+3.359849e-07
2026.269.03:18:00/gps-fmout/+3.980000e-07
2026.269.03:18:00/gps-maser/+3.364394e-07
2026.269.03:19:00/gps-fmout/+3.977205e-07
2026.269.03:19:00/gps-maser/+3.373485e-07
2026.269.03:20:00/gps-fmout/+3.977956e-07
2026.269.03:20:00/gps-maser/+3.383951e-07
2026.269.03:21:00/gps-fmout/+4.019812e-07
2026.269.03:21:00/gps-maser/+3.400108e-07
2026.269.03:22:00/gps-fmout/+4.002379e-07
2026.269.03:22:00/gps-maser/+3.382375e-07
2026.269.03:23:00/gps-fmout/+4.004125e-07
2026.269.03:23:00/gps-maser/+3.405210e-07
2026.269.03:24:00/gps-fmout/+3.994168e-07
2026.269.03:24:00/gps-maser/+3.400055e-07
2026.269.03:25:00/gps-fmout/+4.000468e-07
2026.269.03:25:00/gps-maser/+3.395441e-07
2026.269.03:26:00/gps-fmout/+3.998346e-07
2026.269.03:26:00/gps-maser/+3.381136e-07
2026.269.03:27:00/gps-fmout/+3.990934e-07
2026.269.03:27:00/gps-maser/+3.399734e-07
2026.269.03:28:00/gps-fmout/+4.010163e-07
2026.269.03:28:00/gps-maser/+3.380899e-07
2026.269.03:29:00/gps-fmout/+4.013531e-07
2026.269.03:29:00/gps-maser/+3.433135e-07
2026.269.03:30:00/gps-fmout/+4.026747e-07
2026.269.03:30:00/gps-maser/+3.436438e-07
2026.269.03:31:00/gps-fmout/+4.044041e-07
2026.269.03:31:00/gps-maser/+3.432112e-07
2026.269.03:32:00/gps-fmout/+4.049007e-07
2026.269.03:32:00/gps-maser/+3.440810e-07
2026.269.03:33:00/gps-fmout/+4.031790e-07
2026.269.03:33:00/gps-maser/+3.439069e-07
2026.269.03:34:00/gps-fmout/+4.035438e-07
2026.269.03:34:00/gps-maser/+3.415016e-07
2026.269.03:35:00/gps-fmout/+4.016239e-07
2026.269.03:35:00/gps-maser/+3.398517e-07
2026.269.03:36:00/gps-fmout/+3.997864e-07
2026.269.03:36:00/gps-maser/+3.394035e-07
2026.269.03:37:00/gps-fmout/+3.967727e-07
2026.269.03:37:00/gps-maser/+3.377879e-07
2026.269.03:38:00/gps-fmout/+3.958636e-07
2026.269.03:38:00/gps-maser/+3.368788e-07
2026.269.03:39:00/gps-fmout/+3.949643e-07
2026.269.03:39:00/gps-maser/+3.359442e-07
2026.269.03:40:00/gps-fmout/+3.945567e-07
2026.269.03:40:00/gps-maser/+3.337027e-07
2026.269.03:41:00/gps-fmout/+3.939095e-07
2026.269.03:41:00/gps-maser/+3.343062e-07
2026.269.03:42:00/gps-fmout/+3.942114e-07
2026.269.03:42:00/gps-maser/+3.331525e-07
2026.269.03:43:00/gps-fmout/+3.947385e-07
2026.269.03:43:00/gps-maser/+3.339991e-07
2026.269.03:44:00/gps-fmout/+3.920000e-07
2026.269.03:44:00/gps-maser/+3.327138e-07
2026.269.03:45:00/gps-fmout/+3.920000e-07
2026.269.03:45:00/gps-maser/+3.313473e-07
2026.269.03:46:00/gps-fmout/+3.920000e-07
2026.269.03:46:00/gps-maser/+3.329964e-07
2026.269.03:47:00/gps-fmout/+3.923750e-07
2026.269.03:47:00/gps-maser/+3.333254e-07
2026.269.03:48:00/gps-fmout/+3.943350e-07
2026.269.03:48:00/gps-maser/+3.337555e-07
2026.269.03:49:00/gps-fmout/+3.949589e-07
2026.269.03:49:00/gps-maser/+3.318126e-07
2026.269.03:50:00/gps-fmout/+3.939752e-07
2026.269.03:50:00/gps-maser/+3.310192e-07
2026.269.03:51:00/gps-fmout/+3.951893e-07
2026.269.03:51:00/gps-maser/+3.333378e-07
2026.269.03:52:00/gps-fmout/+3.968271e-07
2026.269.03:52:00/gps-maser/+3.357512e-07
2026.269.03:53:00/gps-fmout/+3.970607e-07
2026.269.03:53:00/gps-maser/+3.376958e-07
2026.269.03:54:00/gps-fmout/+4.010129e-07
2026.269.03:54:00/gps-maser/+3.402222e-07
2026.269.03:55:00/gps-fmout/+4.001045e-07
2026.269.03:55:00/gps-maser/+3.402255e-07
2026.269.03:56:00/gps-fmout/+4.020000e-07
2026.269.03:56:00/gps-maser/+3.433406e-07
2026.269.03:57:00/gps-fmout/+4.017585e-07
2026.269.03:57:00/gps-maser/+3.433510e-07
2026.269.03:58:00/gps-fmout/+4.024515e-07
2026.269.03:58:00/gps-maser/+3.420051e-07
2026.269.03:59:00/gps-fmout/+4.011698e-07
2026.269.03:59:00/gps-maser/+3.417879e-07
2026.269.04:00:00/gps-fmout/+4.020487e-07
2026.269.04:00:00/gps-maser/+3.408788e-07
2026.269.04:01:00/gps-fmout/+4.019598e-07
2026.269.04:01:00/gps-maser/+3.399656e-07
2026.269.04:02:00/gps-fmout/+4.013644e-07
2026.269.04:02:00/gps-maser/+3.383964e-07
2026.269.04:03:00/gps-fmout/+4.018467e-07
2026.269.04:03:00/gps-maser/+3.383095e-07
2026.269.04:04:00/gps-fmout/+4.000389e-07
2026.269.04:04:00/gps-maser/+3.387424e-07
2026.269.04:05:00/gps-fmout/+3.971179e-07
2026.269.04:05:00/gps-maser/+3.378333e-07
2026.269.04:06:00/gps-fmout/+3.990309e-07
2026.269.04:06:00/gps-maser/+3.368952e-07
2026.269.04:07:00/gps-fmout/+3.985000e-07
2026.269.04:07:00/gps-maser/+3.370424e-07
2026.269.04:08:00/gps-fmout/+3.975415e-07
2026.269.04:08:00/gps-maser/+3.372121e-07
2026.269.04:09:00/gps-fmout/+3.969260e-07
2026.269.04:09:00/gps-maser/+3.353939e-07
2026.269.04:10:00/gps-fmout/+3.969601e-07
2026.269.04:10:00/gps-maser/+3.341766e-07
2026.269.04:11:00/gps-fmout/+3.971710e-07
2026.269.04:11:00/gps-maser/+3.380071e-07
2026.269.04:12:00/gps-fmout/+3.990909e-07
2026.269.04:12:00/gps-maser/+3.370398e-07
2026.269.04:13:00/gps-fmout/+4.003268e-07
2026.269.04:13:00/gps-maser/+3.380486e-07
2026.269.04:14:00/gps-fmout/+3.996679e-07
2026.269.04:14:00/gps-maser/+3.385846e-07
2026.269.04:15:00/gps-fmout/+3.990969e-07
2026.269.04:15:00/gps-maser/+3.395134e-07
2026.269.04:16:00/gps-fmout/+3.998128e-07
2026.269.04:16:00/gps-maser/+3.374041e-07
2026.269.04:17:00/gps-fmout/+3.981983e-07
2026.269.04:17:00/gps-maser/+3.401574e-07
2026.269.04:18:00/gps-fmout/+4.020000e-07
2026.269.04:18:00/gps-maser/+3.428360e-07
2026.269.04:19:00/gps-fmout/+4.038182e-07
2026.269.04:19:00/gps-maser/+3.436061e-07
2026.269.04:20:00/gps-fmout/+4.051601e-07
2026.269.04:20:00/gps-maser/+3.426970e-07
2026.269.04:21:00/gps-fmout/+4.035934e-07
2026.269.04:21:00/gps-maser/+3.414497e-07
2026.269.04:22:00/gps-fmout/+4.019222e-07
2026.269.04:22:00/gps-maser/+3.392424e-07
2026.269.04:23:00/gps-fmout/+4.029027e-07
2026.269.04:23:00/gps-maser/+3.410606e-07
2026.269.04:24:00/gps-fmout/+4.003933e-07
2026.269.04:24:00/gps-maser/+3.415004e-07
2026.269.04:25:00/gps-fmout/+4.000053e-07
2026.269.04:25:00/gps-maser/+3.399092e-07
2026.269.04:26:00/gps-fmout/+3.998102e-07
2026.269.04:26:00/gps-maser/+3.403202e-07
2026.269.04:27:00/gps-fmout/+3.986977e-07
2026.269.04:27:00/gps-maser/+3.406667e-07
2026.269.04:28:00/gps-fmout/+3.970412e-07
2026.269.04:28:00/gps-maser/+3.388485e-07
2026.269.04:29:00/gps-fmout/+3.979667e-07
2026.269.04:29:00/gps-maser/+3.378638e-07
2026.269.04:30:00/gps-fmout/+3.983862e-07
2026.269.04:30:00/gps-maser/+3.376061e-07
2026.269.04:31:00/gps-fmout/+3.991800e-07
2026.269.04:31:00/gps-maser/+3.366970e-07
2026.269.04:32:00/gps-fmout/+3.985597e-07
2026.269.04:32:00/gps-maser/+3.359960e-07
2026.269.04:33:00/gps-fmout/+3.957097e-07
2026.269.04:33:00/gps-maser/+3.369498e-07
2026.269.04:34:00/gps-fmout/+3.950673e-07
2026.269.04:34:00/gps-maser/+3.359479e-07
2026.269.04:35:00/gps-fmout/+3.970544e-07
2026.269.04:35:00/gps-maser/+3.342947e-07
2026.269.04:36:00/gps-fmout/+3.977039e-07
2026.269.04:36:00/gps-maser/+3.345542e-07
2026.269.04:37:00/gps-fmout/+3.984823e-07
2026.269.04:37:00/gps-maser/+3.362576e-07
2026.269.04:38:00/gps-fmout/+3.960899e-07
2026.269.04:38:00/gps-maser/+3.371667e-07
2026.269.04:39:00/gps-fmout/+3.971480e-07
2026.269.04:39:00/gps-maser/+3.379291e-07
2026.269.04:40:00/gps-fmout/+3.990000e-07
2026.269.04:40:00/gps-maser/+3.364785e-07
2026.269.04:41:00/gps-fmout/+3.965909e-07
2026.269.04:41:00/gps-maser/+3.370711e-07
2026.269.04:42:00/gps-fmout/+3.956818e-07
2026.269.04:42:00/gps-maser/+3.367386e-07
2026.269.04:43:00/gps-fmout/+3.948483e-07
2026.269.04:43:00/gps-maser/+3.359164e-07
2026.269.04:44:00/gps-fmout/+3.951357e-07
2026.269.04:44:00/gps-maser/+3.360712e-07
2026.269.04:45:00/gps-fmout/+3.969880e-07
2026.269.04:45:00/gps-maser/+3.370423e-07
2026.269.04:46:00/gps-fmout/+3.964545e-07
2026.269.04:46:00/gps-maser/+3.379180e-07
2026.269.04:47:00/gps-fmout/+3.973636e-07
2026.269.04:47:00/gps-maser/+3.360076e-07
2026.269.04:48:00/gps-fmout/+3.975785e-07
2026.269.04:48:00/gps-maser/+3.341514e-07
2026.269.04:49:00/gps-fmout/+3.952059e-07
2026.269.04:49:00/gps-maser/+3.357798e-07
2026.269.04:50:00/gps-fmout/+3.970293e-07
2026.269.04:50:00/gps-maser/+3.341515e-07
2026.269.04:51:00/gps-fmout/+3.965000e-07
2026.269.04:51:00/gps-maser/+3.359697e-07
2026.269.04:52:00/gps-fmout/+3.958059e-07
2026.269.04:52:00/gps-maser/+3.371953e-07
2026.269.04:53:00/gps-fmout/+3.965345e-07
2026.269.04:53:00/gps-maser/+3.373030e-07
2026.269.04:54:00/gps-fmout/+3.982858e-07
2026.269.04:54:00/gps-maser/+3.382121e-07
2026.269.04:55:00/gps-fmout/+3.990614e-07
2026.269.04:55:00/gps-maser/+3.391212e-07
2026.269.04:56:00/gps-fmout/+3.990408e-07
2026.269.04:56:00/gps-maser/+3.400005e-07
2026.269.04:57:00/gps-fmout/+3.993122e-07
2026.269.04:57:00/gps-maser/+3.356957e-07
2026.269.04:58:00/gps-fmout/+3.968555e-07
2026.269.04:58:00/gps-maser/+3.352993e-07
2026.269.04:59:00/gps-fmout/+3.954959e-07
2026.269.04:59:00/gps-maser/+3.360340e-07
2026.269.05:00:00/gps-fmout/+3.991818e-07
2026.269.05:00:00/gps-maser/+3.362917e-07
2026.269.05:01:00/gps-fmout/+4.000909e-07
2026.269.05:01:00/gps-maser/+3.390458e-07
2026.269.05:02:00/gps-fmout/+4.010000e-07
2026.269.05:02:00/gps-maser/+3.385068e-07
2026.269.05:03:00/gps-fmout/+3.999681e-07
2026.269.05:03:00/gps-maser/+3.387228e-07
2026.269.05:04:00/gps-fmout/+3.998051e-07
2026.269.05:04:00/gps-maser/+3.394899e-07
2026.269.05:05:00/gps-fmout/+3.983304e-07
2026.269.05:05:00/gps-maser/+3.377734e-07
2026.269.05:06:00/gps-fmout/+3.949122e-07
2026.269.05:06:00/gps-maser/+3.368232e-07
2026.269.05:07:00/gps-fmout/+3.959401e-07
2026.269.05:07:00/gps-maser/+3.349216e-07
2026.269.05:08:00/gps-fmout/+3.954545e-07
2026.269.05:08:00/gps-maser/+3.339493e-07
2026.269.05:09:00/gps-fmout/+3.963636e-07
2026.269.05:09:00/gps-maser/+3.356135e-07
2026.269.05:10:00/gps-fmout/+3.971307e-07
2026.269.05:10:00/gps-maser/+3.356838e-07
2026.269.05:11:00/gps-fmout/+3.970743e-07
2026.269.05:11:00/gps-maser/+3.384066e-07
2026.269.05:12:00/gps-fmout/+3.982014e-07
2026.269.05:12:00/gps-maser/+3.399913e-07
2026.269.05:13:00/gps-fmout/+4.020000e-07
2026.269.05:13:00/gps-maser/+3.403932e-07
2026.269.05:14:00/gps-fmout/+4.029390e-07
2026.269.05:14:00/gps-maser/+3.430403e-07
2026.269.05:15:00/gps-fmout/+4.035056e-07
2026.269.05:15:00/gps-maser/+3.436243e-07
2026.269.05:16:00/gps-fmout/+4.017589e-07
2026.269.05:16:00/gps-maser/+3.417879e-07
2026.269.05:17:00/gps-fmout/+4.007997e-07
2026.269.05:17:00/gps-maser/+3.408788e-07
2026.269.05:18:00/gps-fmout/+3.988676e-07
2026.269.05:18:00/gps-maser/+3.399648e-07
2026.269.05:19:00/gps-fmout/+3.975710e-07
2026.269.05:19:00/gps-maser/+3.392910e-07
2026.269.05:20:00/gps-fmout/+4.003686e-07
2026.269.05:20:00/gps-maser/+3.394062e-07
2026.269.05:21:00/gps-fmout/+4.017273e-07
2026.269.05:21:00/gps-maser/+3.381924e-07
2026.269.05:22:00/gps-fmout/+4.008182e-07
2026.269.05:22:00/gps-maser/+3.386667e-07
2026.269.05:23:00/gps-fmout/+3.998963e-07
2026.269.05:23:00/gps-maser/+3.368485e-07
2026.269.05:24:00/gps-fmout/+3.980000e-07
2026.269.05:24:00/gps-maser/+3.363713e-07
2026.269.05:25:00/gps-fmout/+3.958245e-07
2026.269.05:25:00/gps-maser/+3.362736e-07
2026.269.05:26:00/gps-fmout/+3.968193e-07
2026.269.05:26:00/gps-maser/+3.345850e-07
2026.269.05:27:00/gps-fmout/+3.943335e-07
2026.269.05:27:00/gps-maser/+3.341690e-07
2026.269.05:28:00/gps-fmout/+3.960637e-07
2026.269.05:28:00/gps-maser/+3.359420e-07
2026.269.05:29:00/gps-fmout/+3.959467e-07
2026.269.05:29:00/gps-maser/+3.340174e-07
2026.269.05:30:00/gps-fmout/+3.954320e-07
2026.269.05:30:00/gps-maser/+3.345822e-07
2026.269.05:31:00/gps-fmout/+3.960000e-07
2026.269.05:31:00/gps-maser/+3.348882e-07
2026.269.05:32:00/gps-fmout/+3.960000e-07
2026.269.05:32:00/gps-maser/+3.368873e-07
2026.269.05:33:00/gps-fmout/+3.960000e-07
2026.269.05:33:00/gps-maser/+3.362639e-07
2026.269.05:34:00/gps-fmout/+3.961256e-07
2026.269.05:34:00/gps-maser/+3.380000e-07
2026.269.05:35:00/gps-fmout/+3.997250e-07
2026.269.05:35:00/gps-maser/+3.380000e-07
2026.269.05:36:00/gps-fmout/+4.001617e-07
2026.269.05:36:00/gps-maser/+3.376567e-07
2026.269.05:37:00/gps-fmout/+3.982807e-07
2026.269.05:37:00/gps-maser/+3.370000e-07
2026.269.05:38:00/gps-fmout/+3.988170e-07
2026.269.05:38:00/gps-maser/+3.370000e-07
2026.269.05:39:00/gps-fmout/+3.979344e-07
2026.269.05:39:00/gps-maser/+3.369646e-07
2026.269.05:40:00/gps-fmout/+3.979051e-07
2026.269.05:40:00/gps-maser/+3.359994e-07
2026.269.05:41:00/gps-fmout/+3.958390e-07
2026.269.05:41:00/gps-maser/+3.360039e-07
2026.269.05:42:00/gps-fmout/+3.969907e-07
2026.269.05:42:00/gps-maser/+3.356970e-07
2026.269.05:43:00/gps-fmout/+3.972276e-07
2026.269.05:43:00/gps-maser/+3.375152e-07
2026.269.05:44:00/gps-fmout/+3.979776e-07
2026.269.05:44:00/gps-maser/+3.392500e-07
2026.269.05:45:00/gps-fmout/+3.971190e-07
2026.269.05:45:00/gps-maser/+3.376970e-07
2026.269.05:46:00/gps-fmout/+3.965000e-07
2026.269.05:46:00/gps-maser/+3.340606e-07
2026.269.05:47:00/gps-fmout/+3.936244e-07
2026.269.05:47:00/gps-maser/+3.312284e-07
2026.269.05:48:00/gps-fmout/+3.917781e-07
2026.269.05:48:00/gps-maser/+3.303888e-07
2026.269.05:49:00/gps-fmout/+3.920000e-07
2026.269.05:49:00/gps-maser/+3.288447e-07
2026.269.05:50:00/gps-fmout/+3.920000e-07
2026.269.05:50:00/gps-maser/+3.290965e-07
2026.269.05:51:00/gps-fmout/+3.920466e-07
2026.269.05:51:00/gps-maser/+3.300139e-07
2026.269.05:52:00/gps-fmout/+3.931682e-07
2026.269.05:52:00/gps-maser/+3.295444e-07
2026.269.05:53:00/gps-fmout/+3.919159e-07
2026.269.05:53:00/gps-maser/+3.292401e-07
2026.269.05:54:00/gps-fmout/+3.922186e-07
2026.269.05:54:00/gps-maser/+3.300513e-07
2026.269.05:55:00/gps-fmout/+3.929760e-07
2026.269.05:55:00/gps-maser/+3.301746e-07
2026.269.05:56:00/gps-fmout/+3.921994e-07
2026.269.05:56:00/gps-maser/+3.319654e-07
2026.269.05:57:00/gps-fmout/+3.938929e-07
2026.269.05:57:00/gps-maser/+3.324268e-07
2026.269.05:58:00/gps-fmout/+3.948182e-07
2026.269.05:58:00/gps-maser/+3.349060e-07
2026.269.05:59:00/gps-fmout/+3.966364e-07
2026.269.05:59:00/gps-maser/+3.363030e-07
2026.269.06:00:00/gps-fmout/+3.984545e-07
2026.269.06:00:00/gps-maser/+3.372121e-07
2026.269.06:01:00/gps-fmout/+4.001507e-07
2026.269.06:01:00/gps-maser/+3.380476e-07
2026.269.06:02:00/gps-fmout/+3.990261e-07
2026.269.06:02:00/gps-maser/+3.370311e-07
2026.269.06:03:00/gps-fmout/+3.986166e-07
2026.269.06:03:00/gps-maser/+3.385489e-07
2026.269.06:04:00/gps-fmout/+3.982643e-07
2026.269.06:04:00/gps-maser/+3.386626e-07
2026.269.06:05:00/gps-fmout/+4.014338e-07
2026.269.06:05:00/gps-maser/+3.403497e-07
2026.269.06:06:00/gps-fmout/+4.018795e-07
2026.269.06:06:00/gps-maser/+3.409122e-07
2026.269.06:07:00/gps-fmout/+4.010458e-07
2026.269.06:07:00/gps-maser/+3.391472e-07
2026.269.06:08:00/gps-fmout/+4.020000e-07
2026.269.06:08:00/gps-maser/+3.405152e-07
2026.269.06:09:00/gps-fmout/+4.016202e-07
2026.269.06:09:00/gps-maser/+3.396061e-07
2026.269.06:10:00/gps-fmout/+4.010815e-07
2026.269.06:10:00/gps-maser/+3.389446e-07
2026.269.06:11:00/gps-fmout/+4.026875e-07
2026.269.06:11:00/gps-maser/+3.404242e-07
2026.269.06:12:00/gps-fmout/+4.047273e-07
2026.269.06:12:00/gps-maser/+3.422424e-07
2026.269.06:13:00/gps-fmout/+4.029091e-07
2026.269.06:13:00/gps-maser/+3.440238e-07
2026.269.06:14:00/gps-fmout/+4.010909e-07
2026.269.06:14:00/gps-maser/+3.410508e-07
2026.269.06:15:00/gps-fmout/+3.998317e-07
2026.269.06:15:00/gps-maser/+3.403030e-07
2026.269.06:16:00/gps-fmout/+3.993171e-07
2026.269.06:16:00/gps-maser/+3.384848e-07
2026.269.06:17:00/gps-fmout/+3.967303e-07
2026.269.06:17:00/gps-maser/+3.366667e-07
2026.269.06:18:00/gps-fmout/+3.960000e-07
2026.269.06:18:00/gps-maser/+3.350092e-07
2026.269.06:19:00/gps-fmout/+3.960000e-07
2026.269.06:19:00/gps-maser/+3.370043e-07
2026.269.06:20:00/gps-fmout/+3.960000e-07
2026.269.06:20:00/gps-maser/+3.374025e-07
2026.269.06:21:00/gps-fmout/+3.966765e-07
2026.269.06:21:00/gps-maser/+3.375331e-07
2026.269.06:22:00/gps-fmout/+3.989442e-07
2026.269.06:22:00/gps-maser/+3.362121e-07
2026.269.06:23:00/gps-fmout/+3.980733e-07
2026.269.06:23:00/gps-maser/+3.371212e-07
2026.269.06:24:00/gps-fmout/+3.989598e-07
2026.269.06:24:00/gps-maser/+3.380390e-07
2026.269.06:25:00/gps-fmout/+3.978197e-07
2026.269.06:25:00/gps-maser/+3.385606e-07
2026.269.06:26:00/gps-fmout/+3.983636e-07
2026.269.06:26:00/gps-maser/+3.375724e-07
2026.269.06:27:00/gps-fmout/+3.992727e-07
2026.269.06:27:00/gps-maser/+3.371156e-07
2026.269.06:28:00/gps-fmout/+4.002600e-07
2026.269.06:28:00/gps-maser/+3.381667e-07
2026.269.06:29:00/gps-fmout/+4.020952e-07
2026.269.06:29:00/gps-maser/+3.389871e-07
2026.269.06:30:00/gps-fmout/+4.020000e-07
2026.269.06:30:00/gps-maser/+3.399134e-07
2026.269.06:31:00/gps-fmout/+4.022873e-07
2026.269.06:31:00/gps-maser/+3.421579e-07
2026.269.06:32:00/gps-fmout/+4.012985e-07
2026.269.06:32:00/gps-maser/+3.417424e-07
2026.269.06:33:00/gps-fmout/+4.020000e-07
2026.269.06:33:00/gps-maser/+3.406213e-07
2026.269.06:34:00/gps-fmout/+4.020000e-07
2026.269.06:34:00/gps-maser/+3.389711e-07
2026.269.06:35:00/gps-fmout/+4.019568e-07
2026.269.06:35:00/gps-maser/+3.400556e-07
2026.269.06:36:00/gps-fmout/+4.011411e-07
2026.269.06:36:00/gps-maser/+3.414394e-07
2026.269.06:37:00/gps-fmout/+4.023601e-07
2026.269.06:37:00/gps-maser/+3.423485e-07
2026.269.06:38:00/gps-fmout/+4.019286e-07
2026.269.06:38:00/gps-maser/+3.432576e-07
2026.269.06:39:00/gps-fmout/+4.048182e-07
2026.269.06:39:00/gps-maser/+3.441667e-07
2026.269.06:40:00/gps-fmout/+4.039091e-07
2026.269.06:40:00/gps-maser/+3.449975e-07
2026.269.06:41:00/gps-fmout/+4.030000e-07
2026.269.06:41:00/gps-maser/+3.439962e-07
2026.269.06:42:00/gps-fmout/+4.045534e-07
2026.269.06:42:00/gps-maser/+3.437160e-07
2026.269.06:43:00/gps-fmout/+4.020118e-07
2026.269.06:43:00/gps-maser/+3.421984e-07
2026.269.06:44:00/gps-fmout/+4.015731e-07
2026.269.06:44:00/gps-maser/+3.399803e-07
2026.269.06:45:00/gps-fmout/+3.998137e-07
2026.269.06:45:00/gps-maser/+3.409989e-07
2026.269.06:46:00/gps-fmout/+3.990000e-07
2026.269.06:46:00/gps-maser/+3.399111e-07
2026.269.06:47:00/gps-fmout/+3.990000e-07
2026.269.06:47:00/gps-maser/+3.365468e-07
2026.269.06:48:00/gps-fmout/+3.987415e-07
2026.269.06:48:00/gps-maser/+3.376970e-07
2026.269.06:49:00/gps-fmout/+3.980239e-07
2026.269.06:49:00/gps-maser/+3.395152e-07
2026.269.06:50:00/gps-fmout/+3.995650e-07
2026.269.06:50:00/gps-maser/+3.410623e-07
2026.269.06:51:00/gps-fmout/+4.028114e-07
2026.269.06:51:00/gps-maser/+3.392375e-07
2026.269.06:52:00/gps-fmout/+3.995568e-07
2026.269.06:52:00/gps-maser/+3.415210e-07
2026.269.06:53:00/gps-fmout/+3.994091e-07
2026.269.06:53:00/gps-maser/+3.410149e-07
2026.269.06:54:00/gps-fmout/+4.003182e-07
2026.269.06:54:00/gps-maser/+3.405187e-07
2026.269.06:55:00/gps-fmout/+4.009027e-07
2026.269.06:55:00/gps-maser/+3.390412e-07
2026.269.06:56:00/gps-fmout/+3.990793e-07
2026.269.06:56:00/gps-maser/+3.399743e-07
2026.269.06:57:00/gps-fmout/+4.019170e-07
2026.269.06:57:00/gps-maser/+3.390370e-07
2026.269.06:58:00/gps-fmout/+4.003452e-07
2026.269.06:58:00/gps-maser/+3.409846e-07
2026.269.06:59:00/gps-fmout/+4.024492e-07
2026.269.06:59:00/gps-maser/+3.416905e-07
2026.269.07:00:00/gps-fmout/+4.030301e-07
2026.269.07:00:00/gps-maser/+3.433119e-07
2026.269.07:01:00/gps-fmout/+4.031277e-07
2026.269.07:01:00/gps-maser/+3.441166e-07
2026.269.07:02:00/gps-fmout/+4.039872e-07
2026.269.07:02:00/gps-maser/+3.437734e-07
2026.269.07:03:00/gps-fmout/+4.030000e-07
2026.269.07:03:00/gps-maser/+3.412714e-07
2026.269.07:04:00/gps-fmout/+4.021355e-07
2026.269.07:04:00/gps-maser/+3.430266e-07
2026.269.07:05:00/gps-fmout/+4.036462e-07
2026.269.07:05:00/gps-maser/+3.436970e-07
2026.269.07:06:00/gps-fmout/+4.051268e-07
2026.269.07:06:00/gps-maser/+3.427879e-07
2026.269.07:07:00/gps-fmout/+4.050760e-07
2026.269.07:07:00/gps-maser/+3.419405e-07
2026.269.07:08:00/gps-fmout/+4.059300e-07
2026.269.07:08:00/gps-maser/+3.430151e-07
2026.269.07:09:00/gps-fmout/+4.025414e-07
2026.269.07:09:00/gps-maser/+3.423026e-07
2026.269.07:10:00/gps-fmout/+4.013388e-07
2026.269.07:10:00/gps-maser/+3.398059e-07
2026.269.07:11:00/gps-fmout/+3.989400e-07
2026.269.07:11:00/gps-maser/+3.380000e-07
2026.269.07:12:00/gps-fmout/+3.961382e-07
2026.269.07:12:00/gps-maser/+3.380000e-07
2026.269.07:13:00/gps-fmout/+3.981272e-07
2026.269.07:13:00/gps-maser/+3.380000e-07
2026.269.07:14:00/gps-fmout/+3.990000e-07
2026.269.07:14:00/gps-maser/+3.371665e-07
2026.269.07:15:00/gps-fmout/+3.975058e-07
2026.269.07:15:00/gps-maser/+3.356061e-07
2026.269.07:16:00/gps-fmout/+3.968915e-07
2026.269.07:16:00/gps-maser/+3.346970e-07
2026.269.07:17:00/gps-fmout/+3.971674e-07
2026.269.07:17:00/gps-maser/+3.342160e-07
2026.269.07:18:00/gps-fmout/+3.980942e-07
2026.269.07:18:00/gps-maser/+3.370000e-07
2026.269.07:19:00/gps-fmout/+3.979264e-07
2026.269.07:19:00/gps-maser/+3.370000e-07
2026.269.07:20:00/gps-fmout/+3.960045e-07
2026.269.07:20:00/gps-maser/+3.359337e-07
2026.269.07:21:00/gps-fmout/+3.956364e-07
2026.269.07:21:00/gps-maser/+3.335248e-07
2026.269.07:22:00/gps-fmout/+3.947273e-07
2026.269.07:22:00/gps-maser/+3.329773e-07
2026.269.07:23:00/gps-fmout/+3.938182e-07
2026.269.07:23:00/gps-maser/+3.328835e-07
2026.269.07:24:00/gps-fmout/+3.929677e-07
2026.269.07:24:00/gps-maser/+3.319442e-07
2026.269.07:25:00/gps-fmout/+3.950000e-07
2026.269.07:25:00/gps-maser/+3.329697e-07
2026.269.07:26:00/gps-fmout/+3.951540e-07
2026.269.07:26:00/gps-maser/+3.347879e-07
2026.269.07:27:00/gps-fmout/+3.972985e-07
2026.269.07:27:00/gps-maser/+3.361664e-07
2026.269.07:28:00/gps-fmout/+3.984545e-07
2026.269.07:28:00/gps-maser/+3.364242e-07
2026.269.07:29:00/gps-fmout/+4.002727e-07
2026.269.07:29:00/gps-maser/+3.382424e-07
2026.269.07:30:00/gps-fmout/+4.020243e-07
2026.269.07:30:00/gps-maser/+3.400692e-07
2026.269.07:31:00/gps-fmout/+4.008898e-07
2026.269.07:31:00/gps-maser/+3.428977e-07
2026.269.07:32:00/gps-fmout/+4.024688e-07
2026.269.07:32:00/gps-maser/+3.417776e-07
2026.269.07:33:00/gps-fmout/+4.030000e-07
2026.269.07:33:00/gps-maser/+3.395478e-07
2026.269.07:34:00/gps-fmout/+4.030000e-07
2026.269.07:34:00/gps-maser/+3.420000e-07
2026.269.07:35:00/gps-fmout/+4.030000e-07
2026.269.07:35:00/gps-maser/+3.420000e-07
2026.269.07:36:00/gps-fmout/+4.030000e-07
2026.269.07:36:00/gps-maser/+3.420000e-07
2026.269.07:37:00/gps-fmout/+4.017912e-07
2026.269.07:37:00/gps-maser/+3.420000e-07
2026.269.07:38:00/gps-fmout/+4.026232e-07
2026.269.07:38:00/gps-maser/+3.425037e-07
2026.269.07:39:00/gps-fmout/+4.037441e-07
2026.269.07:39:00/gps-maser/+3.437879e-07
2026.269.07:40:00/gps-fmout/+4.016273e-07
2026.269.07:40:00/gps-maser/+3.428788e-07
2026.269.07:41:00/gps-fmout/+3.989571e-07
2026.269.07:41:00/gps-maser/+3.419484e-07
2026.269.07:42:00/gps-fmout/+3.995285e-07
2026.269.07:42:00/gps-maser/+3.375744e-07
2026.269.07:43:00/gps-fmout/+3.997588e-07
2026.269.07:43:00/gps-maser/+3.379921e-07
2026.269.07:44:00/gps-fmout/+4.007273e-07
2026.269.07:44:00/gps-maser/+3.397424e-07
2026.269.07:45:00/gps-fmout/+3.998182e-07
2026.269.07:45:00/gps-maser/+3.388333e-07
2026.269.07:46:00/gps-fmout/+3.990932e-07
2026.269.07:46:00/gps-maser/+3.380608e-07
2026.269.07:47:00/gps-fmout/+4.016563e-07
2026.269.07:47:00/gps-maser/+3.394537e-07
2026.269.07:48:00/gps-fmout/+4.020110e-07
2026.269.07:48:00/gps-maser/+3.397626e-07
2026.269.07:49:00/gps-fmout/+4.022590e-07
2026.269.07:49:00/gps-maser/+3.414150e-07
2026.269.07:50:00/gps-fmout/+4.027610e-07
2026.269.07:50:00/gps-maser/+3.418445e-07
2026.269.07:51:00/gps-fmout/+4.010521e-07
2026.269.07:51:00/gps-maser/+3.400186e-07
2026.269.07:52:00/gps-fmout/+4.020759e-07
2026.269.07:52:00/gps-maser/+3.419775e-07
2026.269.07:53:00/gps-fmout/+4.025905e-07
2026.269.07:53:00/gps-maser/+3.417005e-07
2026.269.07:54:00/gps-fmout/+4.023636e-07
2026.269.07:54:00/gps-maser/+3.439866e-07
2026.269.07:55:00/gps-fmout/+4.032727e-07
2026.269.07:55:00/gps-maser/+3.442576e-07
2026.269.07:56:00/gps-fmout/+4.041063e-07
2026.269.07:56:00/gps-maser/+3.451667e-07
2026.269.07:57:00/gps-fmout/+4.041286e-07
2026.269.07:57:00/gps-maser/+3.460448e-07
2026.269.07:58:00/gps-fmout/+4.080000e-07
2026.269.07:58:00/gps-maser/+3.473425e-07
2026.269.07:59:00/gps-fmout/+4.078731e-07
2026.269.07:59:00/gps-maser/+3.496978e-07
2026.269.08:00:00/gps-fmout/+4.090000e-07
2026.269.08:00:00/gps-maser/+3.496970e-07
2026.269.08:01:00/gps-fmout/+4.090000e-07
2026.269.08:01:00/gps-maser/+3.487702e-07
2026.269.08:02:00/gps-fmout/+4.089600e-07
2026.269.08:02:00/gps-maser/+3.479532e-07
2026.269.08:03:00/gps-fmout/+4.079787e-07
2026.269.08:03:00/gps-maser/+3.480000e-07
2026.269.08:04:00/gps-fmout/+4.072637e-07
2026.269.08:04:00/gps-maser/+3.470420e-07
2026.269.08:05:00/gps-fmout/+4.048951e-07
2026.269.08:05:00/gps-maser/+3.441104e-07
2026.269.08:06:00/gps-fmout/+4.029746e-07
2026.269.08:06:00/gps-maser/+3.430742e-07
2026.269.08:07:00/gps-fmout/+4.038601e-07
2026.269.08:07:00/gps-maser/+3.440540e-07
2026.269.08:08:00/gps-fmout/+4.029380e-07
2026.269.08:08:00/gps-maser/+3.439255e-07
2026.269.08:09:00/gps-fmout/+4.030000e-07
2026.269.08:09:00/gps-maser/+3.443735e-07
2026.269.08:10:00/gps-fmout/+4.056646e-07
2026.269.08:10:00/gps-maser/+3.452013e-07
2026.269.08:11:00/gps-fmout/+4.056499e-07
2026.269.08:11:00/gps-maser/+3.443030e-07
2026.269.08:12:00/gps-fmout/+4.072273e-07
2026.269.08:12:00/gps-maser/+3.452121e-07
2026.269.08:13:00/gps-fmout/+4.081364e-07
2026.269.08:13:00/gps-maser/+3.461212e-07
2026.269.08:14:00/gps-fmout/+4.090565e-07
2026.269.08:14:00/gps-maser/+3.470567e-07
2026.269.08:15:00/gps-fmout/+4.088868e-07
2026.269.08:15:00/gps-maser/+3.493190e-07
2026.269.08:16:00/gps-fmout/+4.076104e-07
2026.269.08:16:00/gps-maser/+3.483362e-07
2026.269.08:17:00/gps-fmout/+4.085411e-07
2026.269.08:17:00/gps-maser/+3.484392e-07
2026.269.08:18:00/gps-fmout/+4.071358e-07
2026.269.08:18:00/gps-maser/+3.460030e-07
2026.269.08:19:00/gps-fmout/+4.080000e-07
2026.269.08:19:00/gps-maser/+3.469011e-07
2026.269.08:20:00/gps-fmout/+4.080000e-07
2026.269.08:20:00/gps-maser/+3.469016e-07
2026.269.08:21:00/gps-fmout/+4.086644e-07
2026.269.08:21:00/gps-maser/+3.485290e-07
2026.269.08:22:00/gps-fmout/+4.095740e-07
2026.269.08:22:00/gps-maser/+3.483682e-07
2026.269.08:23:00/gps-fmout/+4.083268e-07
2026.269.08:23:00/gps-maser/+3.462442e-07
2026.269.08:24:00/gps-fmout/+4.100571e-07
2026.269.08:24:00/gps-maser/+3.480660e-07
2026.269.08:25:00/gps-fmout/+4.100483e-07
2026.269.08:25:00/gps-maser/+3.480538e-07
2026.269.08:26:00/gps-fmout/+4.101360e-07
2026.269.08:26:00/gps-maser/+3.504223e-07
2026.269.08:27:00/gps-fmout/+4.090000e-07
2026.269.08:27:00/gps-maser/+3.490023e-07
2026.269.08:28:00/gps-fmout/+4.090000e-07
2026.269.08:28:00/gps-maser/+3.467874e-07
2026.269.08:29:00/gps-fmout/+4.090000e-07
2026.269.08:29:00/gps-maser/+3.472628e-07
2026.269.08:30:00/gps-fmout/+4.090068e-07
2026.269.08:30:00/gps-maser/+3.489115e-07
2026.269.08:31:00/gps-fmout/+4.085625e-07
2026.269.08:31:00/gps-maser/+3.475152e-07
2026.269.08:32:00/gps-fmout/+4.075909e-07
2026.269.08:32:00/gps-maser/+3.466061e-07
2026.269.08:33:00/gps-fmout/+4.075838e-07
2026.269.08:33:00/gps-maser/+3.465251e-07
2026.269.08:34:00/gps-fmout/+4.099079e-07
2026.269.08:34:00/gps-maser/+3.489050e-07
2026.269.08:35:00/gps-fmout/+4.087291e-07
2026.269.08:35:00/gps-maser/+3.478085e-07
2026.269.08:36:00/gps-fmout/+4.070000e-07
2026.269.08:36:00/gps-maser/+3.460039e-07
2026.269.08:37:00/gps-fmout/+4.070000e-07
2026.269.08:37:00/gps-maser/+3.483305e-07
2026.269.08:38:00/gps-fmout/+4.064831e-07
2026.269.08:38:00/gps-maser/+3.459314e-07
2026.269.08:39:00/gps-fmout/+4.048828e-07
2026.269.08:39:00/gps-maser/+3.435137e-07
2026.269.08:40:00/gps-fmout/+4.047726e-07
2026.269.08:40:00/gps-maser/+3.430741e-07
2026.269.08:41:00/gps-fmout/+4.031479e-07
2026.269.08:41:00/gps-maser/+3.438989e-07
2026.269.08:42:00/gps-fmout/+4.043958e-07
2026.269.08:42:00/gps-maser/+3.421994e-07
2026.269.08:43:00/gps-fmout/+4.046874e-07
2026.269.08:43:00/gps-maser/+3.429865e-07
2026.269.08:44:00/gps-fmout/+4.069644e-07
2026.269.08:44:00/gps-maser/+3.456061e-07
2026.269.08:45:00/gps-fmout/+4.094029e-07
2026.269.08:45:00/gps-maser/+3.474242e-07
2026.269.08:46:00/gps-fmout/+4.100000e-07
2026.269.08:46:00/gps-maser/+3.492213e-07
2026.269.08:47:00/gps-fmout/+4.100000e-07
2026.269.08:47:00/gps-maser/+3.500030e-07
2026.269.08:48:00/gps-fmout/+4.100000e-07
2026.269.08:48:00/gps-maser/+3.496161e-07
2026.269.08:49:00/gps-fmout/+nan
2026.269.08:49:00/gps-maser/+nan
