24-SEP-2026,17.806752316945,55968,AH-SCO,0.70940667390823,88500,AP-N901-F303,0.01793553493917,0.01793553493917,83.43480682373,276.25
24-SEP-2026,17.806752316945,55968,AH-SCO,0.70940667390823,88500,AP-N902-F303,0.01793553493917,0.01793553493917,81.854804992676,276.25
24-SEP-2026,18.243451571528,55979,S-CRB,0.55967789888382,88500,AP-N901-F303,0.018564231693745,0.018564231693745,87.781539916992,276.04998779297
24-SEP-2026,18.243451571528,55979,S-CRB,0.55967789888382,88500,AP-N902-F303,0.018564231693745,0.018564231693745,86.23779296875,276.04998779297
24-SEP-2026,18.560550469424,55988,3C345,0.32279515266418,88500,AP-N901-F303,0.018416848033667,0.018416848033667,103.03551483154,275.64999389648
24-SEP-2026,18.560550469424,55988,3C345,0.32279515266418,88500,AP-N902-F303,0.01188104506582,0.01188104506582,99.526405334473,275.64999389648
24-SEP-2026,18.57735620783,55992,3C345,0.32475760579109,88500,AP-N901-F303,0.018416848033667,0.018416848033667,103.03551483154,275.64999389648
24-SEP-2026,18.57735620783,55992,3C345,0.32475760579109,88500,AP-N902-F303,0.01188104506582,0.01188104506582,99.526405334473,275.64999389648
24-SEP-2026,18.580689572122,55992,3C345,0.32514569163322,88500,AP-N901-F303,0.018416848033667,0.018416848033667,103.03551483154,275.64999389648
24-SEP-2026,18.580689572122,55992,3C345,0.32514569163322,88500,AP-N902-F303,0.01188104506582,0.01188104506582,99.526405334473,275.64999389648
24-SEP-2026,18.584300719493,55992,3C345,0.32556569576263,88500,AP-N901-F303,0.018416848033667,0.018416848033667,103.03551483154,275.64999389648
24-SEP-2026,18.584300719493,55992,3C345,0.32556569576263,88500,AP-N902-F303,0.01188104506582,0.01188104506582,99.526405334473,275.64999389648
24-SEP-2026,18.587911869309,55992,3C345,0.32598489522934,88500,AP-N901-F303,0.018416848033667,0.018416848033667,103.03551483154,275.64999389648
24-SEP-2026,18.587911869309,55992,3C345,0.32598489522934,88500,AP-N902-F303,0.01188104506582,0.01188104506582,99.526405334473,275.64999389648
24-SEP-2026,18.59152301633,55992,3C345,0.32640388607979,88500,AP-N901-F303,0.018416848033667,0.018416848033667,103.03551483154,275.64999389648
24-SEP-2026,18.59152301633,55992,3C345,0.32640388607979,88500,AP-N902-F303,0.01188104506582,0.01188104506582,99.526405334473,275.64999389648
24-SEP-2026,18.595134163177,55992,3C345,0.32682234048843,88500,AP-N901-F303,0.018416848033667,0.018416848033667,103.03551483154,275.64999389648
24-SEP-2026,18.595134163177,55992,3C345,0.32682234048843,88500,AP-N902-F303,0.01188104506582,0.01188104506582,99.526405334473,275.64999389648
24-SEP-2026,18.598745312992,55992,3C345,0.32724037766457,88500,AP-N901-F303,0.018416848033667,0.018416848033667,103.03551483154,275.64999389648
24-SEP-2026,18.598745312992,55992,3C345,0.32724037766457,88500,AP-N902-F303,0.01188104506582,0.01188104506582,99.526405334473,275.64999389648
24-SEP-2026,18.602356460363,55992,3C345,0.32765790820122,88500,AP-N901-F303,0.018416848033667,0.018416848033667,103.03551483154,275.64999389648
24-SEP-2026,18.602356460363,55992,3C345,0.32765790820122,88500,AP-N902-F303,0.01188104506582,0.01188104506582,99.526405334473,275.64999389648
24-SEP-2026,18.605967607559,55992,3C345,0.32807484269142,88500,AP-N901-F303,0.018416848033667,0.018416848033667,103.03551483154,275.64999389648
24-SEP-2026,18.605967607559,55992,3C345,0.32807484269142,88500,AP-N902-F303,0.01188104506582,0.01188104506582,99.526405334473,275.64999389648
24-SEP-2026,18.609300974121,55992,3C345,0.32845947146416,88500,AP-N901-F303,0.018416848033667,0.018416848033667,103.03551483154,275.64999389648
24-SEP-2026,18.609300974121,55992,3C345,0.32845947146416,88500,AP-N902-F303,0.01188104506582,0.01188104506582,99.526405334473,275.64999389648
24-SEP-2026,18.612634344176,55992,3C345,0.3288434445858,88500,AP-N901-F303,0.018416848033667,0.018416848033667,103.03551483154,275.64999389648
24-SEP-2026,18.612634344176,55992,3C345,0.3288434445858,88500,AP-N902-F303,0.01188104506582,0.01188104506582,99.526405334473,275.64999389648
24-SEP-2026,18.615967709166,55992,3C345,0.32922726869583,88500,AP-N901-F303,0.018416848033667,0.018416848033667,103.03551483154,275.64999389648
24-SEP-2026,18.615967709166,55992,3C345,0.32922726869583,88500,AP-N902-F303,0.01188104506582,0.01188104506582,99.526405334473,275.64999389648
24-SEP-2026,18.619301078173,55992,3C345,0.32961046695709,88500,AP-N901-F303,0.018416848033667,0.018416848033667,103.03551483154,275.64999389648
24-SEP-2026,18.619301078173,55992,3C345,0.32961046695709,88500,AP-N902-F303,0.01188104506582,0.01188104506582,99.526405334473,275.64999389648
24-SEP-2026,18.62263444683,55992,3C345,0.3299931883812,88500,AP-N901-F303,0.018416848033667,0.018416848033667,103.03551483154,275.64999389648
24-SEP-2026,18.62263444683,55992,3C345,0.3299931883812,88500,AP-N902-F303,0.01188104506582,0.01188104506582,99.526405334473,275.64999389648
24-SEP-2026,18.625967812344,55992,3C345,0.33037573099136,88500,AP-N901-F303,0.018416848033667,0.018416848033667,103.03551483154,275.64999389648
24-SEP-2026,18.625967812344,55992,3C345,0.33037573099136,88500,AP-N902-F303,0.01188104506582,0.01188104506582,99.526405334473,275.64999389648
24-SEP-2026,18.66207929164,55999,MRK501,0.31399327516556,88500,AP-N901-F303,0.018955370411277,0.018955370411277,103.99337768555,275.54998779297
24-SEP-2026,18.66207929164,55999,MRK501,0.31399327516556,88500,AP-N902-F303,0.012626975774765,0.012626975774765,100.14073181152,275.54998779297
24-SEP-2026,18.665412659424,55999,MRK501,0.31439343094826,88500,AP-N901-F303,0.018955370411277,0.018955370411277,103.99337768555,275.54998779297
24-SEP-2026,18.665412659424,55999,MRK501,0.31439343094826,88500,AP-N902-F303,0.012626975774765,0.012626975774765,100.14073181152,275.54998779297
24-SEP-2026,18.669023809414,55999,MRK501,0.31482633948326,88500,AP-N901-F303,0.018955370411277,0.018955370411277,103.99337768555,275.54998779297
24-SEP-2026,18.669023809414,55999,MRK501,0.31482633948326,88500,AP-N902-F303,0.012626975774765,0.012626975774765,100.14073181152,275.54998779297
24-SEP-2026,18.672357178421,55999,MRK501,0.315225481987,88500,AP-N901-F303,0.018955370411277,0.018955370411277,103.99337768555,275.54998779297
24-SEP-2026,18.672357178421,55999,MRK501,0.315225481987,88500,AP-N902-F303,0.012626975774765,0.012626975774765,100.14073181152,275.54998779297
24-SEP-2026,18.675690547253,55999,MRK501,0.31562423706055,88500,AP-N901-F303,0.018955370411277,0.018955370411277,103.99337768555,275.54998779297
24-SEP-2026,18.675690547253,55999,MRK501,0.31562423706055,88500,AP-N902-F303,0.012626975774765,0.012626975774765,100.14073181152,275.54998779297
24-SEP-2026,18.679023909275,55999,MRK501,0.31602266430855,88500,AP-N901-F303,0.018955370411277,0.018955370411277,103.99337768555,275.54998779297
24-SEP-2026,18.679023909275,55999,MRK501,0.31602266430855,88500,AP-N902-F303,0.012626975774765,0.012626975774765,100.14073181152,275.54998779297
24-SEP-2026,18.682635061535,55999,MRK501,0.3164536356926,88500,AP-N901-F303,0.018955370411277,0.018955370411277,103.99337768555,275.54998779297
24-SEP-2026,18.682635061535,55999,MRK501,0.3164536356926,88500,AP-N902-F303,0.012626975774765,0.012626975774765,100.14073181152,275.54998779297
24-SEP-2026,18.685968429144,55999,MRK501,0.31685128808022,88500,AP-N901-F303,0.018955370411277,0.018955370411277,103.99337768555,275.54998779297
24-SEP-2026,18.685968429144,55999,MRK501,0.31685128808022,88500,AP-N902-F303,0.012626975774765,0.012626975774765,100.14073181152,275.54998779297
24-SEP-2026,18.689579573721,55999,MRK501,0.3172815144062,88500,AP-N901-F303,0.018955370411277,0.018955370411277,103.99337768555,275.54998779297
24-SEP-2026,18.689579573721,55999,MRK501,0.3172815144062,88500,AP-N902-F303,0.012626975774765,0.012626975774765,100.14073181152,275.54998779297
24-SEP-2026,18.693190723013,55999,MRK501,0.31771126389503,88500,AP-N901-F303,0.018955370411277,0.018955370411277,103.99337768555,275.54998779297
24-SEP-2026,18.693190723013,55999,MRK501,0.31771126389503,88500,AP-N902-F303,0.012626975774765,0.012626975774765,100.14073181152,275.54998779297
24-SEP-2026,18.696524090099,55999,MRK501,0.3181075155735,88500,AP-N901-F303,0.018955370411277,0.018955370411277,103.99337768555,275.54998779297
24-SEP-2026,18.696524090099,55999,MRK501,0.3181075155735,88500,AP-N902-F303,0.012626975774765,0.012626975774765,100.14073181152,275.54998779297
24-SEP-2026,18.699857457359,55999,MRK501,0.31850343942642,88500,AP-N901-F303,0.018955370411277,0.018955370411277,103.99337768555,275.54998779297
24-SEP-2026,18.699857457359,55999,MRK501,0.31850343942642,88500,AP-N902-F303,0.012626975774765,0.012626975774765,100.14073181152,275.54998779297
24-SEP-2026,18.703468604555,55999,MRK501,0.31893181800842,88500,AP-N901-F303,0.018955370411277,0.018955370411277,103.99337768555,275.54998779297
24-SEP-2026,18.703468604555,55999,MRK501,0.31893181800842,88500,AP-N902-F303,0.012626975774765,0.012626975774765,100.14073181152,275.54998779297
24-SEP-2026,18.706801973562,55999,MRK501,0.31932696700096,88500,AP-N901-F303,0.018955370411277,0.018955370411277,103.99337768555,275.54998779297
24-SEP-2026,18.706801973562,55999,MRK501,0.31932696700096,88500,AP-N902-F303,0.012626975774765,0.012626975774765,100.14073181152,275.54998779297
24-SEP-2026,18.710413121107,55999,MRK501,0.31975439190865,88500,AP-N901-F303,0.018955370411277,0.018955370411277,103.99337768555,275.54998779297
24-SEP-2026,18.710413121107,55999,MRK501,0.31975439190865,88500,AP-N902-F303,0.012626975774765,0.012626975774765,100.14073181152,275.54998779297
24-SEP-2026,18.714024268129,55999,MRK501,0.32018139958382,88500,AP-N901-F303,0.018955370411277,0.018955370411277,103.99337768555,275.54998779297
24-SEP-2026,18.714024268129,55999,MRK501,0.32018139958382,88500,AP-N902-F303,0.012626975774765,0.012626975774765,100.14073181152,275.54998779297
24-SEP-2026,18.717635417944,55999,MRK501,0.3206080198288,88500,AP-N901-F303,0.018955370411277,0.018955370411277,103.99337768555,275.54998779297
24-SEP-2026,18.717635417944,55999,MRK501,0.3206080198288,88500,AP-N902-F303,0.012626975774765,0.012626975774765,100.14073181152,275.54998779297
24-SEP-2026,18.720968785205,55999,MRK501,0.3210012614727,88500,AP-N901-F303,0.018955370411277,0.018955370411277,103.99337768555,275.54998779297
24-SEP-2026,18.720968785205,55999,MRK501,0.3210012614727,88500,AP-N902-F303,0.012626975774765,0.012626975774765,100.14073181152,275.54998779297
24-SEP-2026,18.724302149322,55999,MRK501,0.32139417529106,88500,AP-N901-F303,0.018955370411277,0.018955370411277,103.99337768555,275.54998779297
24-SEP-2026,18.724302149322,55999,MRK501,0.32139417529106,88500,AP-N902-F303,0.012626975774765,0.012626975774765,100.14073181152,275.54998779297
24-SEP-2026,18.727913299487,55999,MRK501,0.32181936502457,88500,AP-N901-F303,0.018955370411277,0.018955370411277,103.99337768555,275.54998779297
24-SEP-2026,18.727913299487,55999,MRK501,0.32181936502457,88500,AP-N902-F303,0.012626975774765,0.012626975774765,100.14073181152,275.54998779297
24-SEP-2026,18.731524449651,55999,MRK501,0.32224413752556,88500,AP-N901-F303,0.018955370411277,0.018955370411277,103.99337768555,275.54998779297
24-SEP-2026,18.731524449651,55999,MRK501,0.32224413752556,88500,AP-N902-F303,0.012626975774765,0.012626975774765,100.14073181152,275.54998779297
24-SEP-2026,18.734857816039,55999,MRK501,0.32263576984406,88500,AP-N901-F303,0.018955370411277,0.018955370411277,103.99337768555,275.54998779297
24-SEP-2026,18.734857816039,55999,MRK501,0.32263576984406,88500,AP-N902-F303,0.012626975774765,0.012626975774765,100.14073181152,275.54998779297
24-SEP-2026,18.738468963933,55999,MRK501,0.32305952906609,88500,AP-N901-F303,0.018955370411277,0.018955370411277,103.99337768555,275.54998779297
24-SEP-2026,18.738468963933,55999,MRK501,0.32305952906609,88500,AP-N902-F303,0.012626975774765,0.012626975774765,100.14073181152,275.54998779297
24-SEP-2026,18.742080110082,55999,MRK501,0.32348296046257,88500,AP-N901-F303,0.018955370411277,0.018955370411277,103.99337768555,275.54998779297
24-SEP-2026,18.742080110082,55999,MRK501,0.32348296046257,88500,AP-N902-F303,0.012626975774765,0.012626975774765,100.14073181152,275.54998779297
24-SEP-2026,18.745691257802,55999,MRK501,0.32390564680099,88500,AP-N901-F303,0.018955370411277,0.018955370411277,103.99337768555,275.54998779297
24-SEP-2026,18.745691257802,55999,MRK501,0.32390564680099,88500,AP-N902-F303,0.012626975774765,0.012626975774765,100.14073181152,275.54998779297
24-SEP-2026,18.749302407966,55999,MRK501,0.32432812452316,88500,AP-N901-F303,0.018955370411277,0.018955370411277,103.99337768555,275.54998779297
24-SEP-2026,18.749302407966,55999,MRK501,0.32432812452316,88500,AP-N902-F303,0.012626975774765,0.012626975774765,100.14073181152,275.54998779297
24-SEP-2026,18.752913557258,55999,MRK501,0.32475009560585,88500,AP-N901-F303,0.018955370411277,0.018955370411277,103.99337768555,275.54998779297
24-SEP-2026,18.752913557258,55999,MRK501,0.32475009560585,88500,AP-N902-F303,0.012626975774765,0.012626975774765,100.14073181152,275.54998779297
24-SEP-2026,18.756524704105,55999,MRK501,0.32517141103745,88500,AP-N901-F303,0.018955370411277,0.018955370411277,103.99337768555,275.54998779297
24-SEP-2026,18.756524704105,55999,MRK501,0.32517141103745,88500,AP-N902-F303,0.012626975774765,0.012626975774765,100.14073181152,275.54998779297
24-SEP-2026,18.760135853746,55999,MRK501,0.32559230923653,88500,AP-N901-F303,0.018955370411277,0.018955370411277,103.99337768555,275.54998779297
24-SEP-2026,18.760135853746,55999,MRK501,0.32559230923653,88500,AP-N902-F303,0.012626975774765,0.012626975774765,100.14073181152,275.54998779297
24-SEP-2026,18.763469218736,55999,MRK501,0.32598042488098,88500,AP-N901-F303,0.018955370411277,0.018955370411277,103.99337768555,275.54998779297
24-SEP-2026,18.763469218736,55999,MRK501,0.32598042488098,88500,AP-N902-F303,0.012626975774765,0.012626975774765,100.14073181152,275.54998779297
24-SEP-2026,18.767080366107,55999,MRK501,0.32640054821968,88500,AP-N901-F303,0.018955370411277,0.018955370411277,103.99337768555,275.54998779297
24-SEP-2026,18.767080366107,55999,MRK501,0.32640054821968,88500,AP-N902-F303,0.012626975774765,0.012626975774765,100.14073181152,275.54998779297
24-SEP-2026,18.893053883079,56004,3C345,0.35963594913483,88500,AP-N901-F303,0.018204431980848,0.018204431980848,98.887336730957,275.25
24-SEP-2026,18.893053883079,56004,3C345,0.35963594913483,88500,AP-N902-F303,0.018204431980848,0.018204431980848,97.415664672852,275.25
24-SEP-2026,18.910970728131,56008,3C345,0.36149814724922,88500,AP-N901-F303,0.018204431980848,0.018204431980848,98.887336730957,275.25
24-SEP-2026,18.910970728131,56008,3C345,0.36149814724922,88500,AP-N902-F303,0.018204431980848,0.018204431980848,97.415664672852,275.25
24-SEP-2026,18.914304096265,56008,3C345,0.36184346675873,88500,AP-N901-F303,0.018204431980848,0.018204431980848,98.887336730957,275.25
24-SEP-2026,18.914304096265,56008,3C345,0.36184346675873,88500,AP-N902-F303,0.018204431980848,0.018204431980848,97.415664672852,275.25
24-SEP-2026,18.9176374637,56008,3C345,0.36218804121017,88500,AP-N901-F303,0.018204431980848,0.018204431980848,98.887336730957,275.25
24-SEP-2026,18.9176374637,56008,3C345,0.36218804121017,88500,AP-N902-F303,0.018204431980848,0.018204431980848,97.415664672852,275.25
24-SEP-2026,18.920970834802,56008,3C345,0.36253228783607,88500,AP-N901-F303,0.018204431980848,0.018204431980848,98.887336730957,275.25
24-SEP-2026,18.920970834802,56008,3C345,0.36253228783607,88500,AP-N902-F303,0.018204431980848,0.018204431980848,97.415664672852,275.25
24-SEP-2026,18.92430419857,56008,3C345,0.36287611722946,88500,AP-N901-F303,0.018204431980848,0.018204431980848,98.887336730957,275.25
24-SEP-2026,18.92430419857,56008,3C345,0.36287611722946,88500,AP-N902-F303,0.018204431980848,0.018204431980848,97.415664672852,275.25
24-SEP-2026,18.927915345941,56008,3C345,0.3632478415966,88500,AP-N901-F303,0.018204431980848,0.018204431980848,98.887336730957,275.25
24-SEP-2026,18.927915345941,56008,3C345,0.3632478415966,88500,AP-N902-F303,0.018204431980848,0.018204431980848,97.415664672852,275.25
24-SEP-2026,18.931248712852,56008,3C345,0.36359068751335,88500,AP-N901-F303,0.018204431980848,0.018204431980848,98.887336730957,275.25
24-SEP-2026,18.931248712852,56008,3C345,0.36359068751335,88500,AP-N902-F303,0.018204431980848,0.018204431980848,97.415664672852,275.25
24-SEP-2026,18.934582082907,56008,3C345,0.3639329969883,88500,AP-N901-F303,0.018204431980848,0.018204431980848,98.887336730957,275.25
24-SEP-2026,18.934582082907,56008,3C345,0.3639329969883,88500,AP-N902-F303,0.018204431980848,0.018204431980848,97.415664672852,275.25
24-SEP-2026,18.937915449294,56008,3C345,0.36427488923073,88500,AP-N901-F303,0.018204431980848,0.018204431980848,98.887336730957,275.25
24-SEP-2026,18.937915449294,56008,3C345,0.36427488923073,88500,AP-N902-F303,0.018204431980848,0.018204431980848,97.415664672852,275.25
24-SEP-2026,18.941526596665,56008,3C345,0.36464467644691,88500,AP-N901-F303,0.018204431980848,0.018204431980848,98.887336730957,275.25
24-SEP-2026,18.941526596665,56008,3C345,0.36464467644691,88500,AP-N902-F303,0.018204431980848,0.018204431980848,97.415664672852,275.25
24-SEP-2026,18.945137746829,56008,3C345,0.36501404643059,88500,AP-N901-F303,0.018204431980848,0.018204431980848,98.887336730957,275.25
24-SEP-2026,18.945137746829,56008,3C345,0.36501404643059,88500,AP-N902-F303,0.018204431980848,0.018204431980848,97.415664672852,275.25
24-SEP-2026,18.948471116535,56008,3C345,0.36535441875458,88500,AP-N901-F303,0.018204431980848,0.018204431980848,98.887336730957,275.25
24-SEP-2026,18.948471116535,56008,3C345,0.36535441875458,88500,AP-N902-F303,0.018204431980848,0.018204431980848,97.415664672852,275.25
24-SEP-2026,18.952082260762,56008,3C345,0.36572277545929,88500,AP-N901-F303,0.018204431980848,0.018204431980848,98.887336730957,275.25
24-SEP-2026,18.952082260762,56008,3C345,0.36572277545929,88500,AP-N902-F303,0.018204431980848,0.018204431980848,97.415664672852,275.25
24-SEP-2026,18.955415625054,56008,3C345,0.36606228351593,88500,AP-N901-F303,0.018204431980848,0.018204431980848,98.887336730957,275.25
24-SEP-2026,18.955415625054,56008,3C345,0.36606228351593,88500,AP-N902-F303,0.018204431980848,0.018204431980848,97.415664672852,275.25
24-SEP-2026,18.994721585047,56015,MRK501,0.35188388824463,88500,AP-N901-F303,0.018299784511328,0.018299784511328,99.736717224121,275.04998779297
24-SEP-2026,18.994721585047,56015,MRK501,0.35188388824463,88500,AP-N902-F303,0.018299784511328,0.018299784511328,98.214698791504,275.04998779297
24-SEP-2026,18.99819384149,56015,MRK501,0.35225740075111,88500,AP-N901-F303,0.018299784511328,0.018299784511328,99.736717224121,275.04998779297
24-SEP-2026,18.99819384149,56015,MRK501,0.35225740075111,88500,AP-N902-F303,0.018299784511328,0.018299784511328,98.214698791504,275.04998779297
24-SEP-2026,19.001804990956,56015,MRK501,0.3526451587677,88500,AP-N901-F303,0.018299784511328,0.018299784511328,99.736717224121,275.04998779297
24-SEP-2026,19.001804990956,56015,MRK501,0.3526451587677,88500,AP-N902-F303,0.018299784511328,0.018299784511328,98.214698791504,275.04998779297
24-SEP-2026,19.00513835874,56015,MRK501,0.35300245881081,88500,AP-N901-F303,0.018299784511328,0.018299784511328,99.736717224121,275.04998779297
24-SEP-2026,19.00513835874,56015,MRK501,0.35300245881081,88500,AP-N902-F303,0.018299784511328,0.018299784511328,98.214698791504,275.04998779297
24-SEP-2026,19.008471724778,56015,MRK501,0.35335943102837,88500,AP-N901-F303,0.018299784511328,0.018299784511328,99.736717224121,275.04998779297
24-SEP-2026,19.008471724778,56015,MRK501,0.35335943102837,88500,AP-N902-F303,0.018299784511328,0.018299784511328,98.214698791504,275.04998779297
24-SEP-2026,19.011805093436,56015,MRK501,0.3537158370018,88500,AP-N901-F303,0.018299784511328,0.018299784511328,99.736717224121,275.04998779297
24-SEP-2026,19.011805093436,56015,MRK501,0.3537158370018,88500,AP-N902-F303,0.018299784511328,0.018299784511328,98.214698791504,275.04998779297
24-SEP-2026,19.01513846122,56015,MRK501,0.35407197475433,88500,AP-N901-F303,0.018299784511328,0.018299784511328,99.736717224121,275.04998779297
24-SEP-2026,19.01513846122,56015,MRK501,0.35407197475433,88500,AP-N902-F303,0.018299784511328,0.018299784511328,98.214698791504,275.04998779297
24-SEP-2026,19.018471829004,56015,MRK501,0.35442757606506,88500,AP-N901-F303,0.018299784511328,0.018299784511328,99.736717224121,275.04998779297
24-SEP-2026,19.018471829004,56015,MRK501,0.35442757606506,88500,AP-N902-F303,0.018299784511328,0.018299784511328,98.214698791504,275.04998779297
24-SEP-2026,19.022082975677,56015,MRK501,0.35481232404709,88500,AP-N901-F303,0.018299784511328,0.018299784511328,99.736717224121,275.04998779297
24-SEP-2026,19.022082975677,56015,MRK501,0.35481232404709,88500,AP-N902-F303,0.018299784511328,0.018299784511328,98.214698791504,275.04998779297
24-SEP-2026,19.025416342588,56015,MRK501,0.3551669716835,88500,AP-N901-F303,0.018299784511328,0.018299784511328,99.736717224121,275.04998779297
24-SEP-2026,19.025416342588,56015,MRK501,0.3551669716835,88500,AP-N902-F303,0.018299784511328,0.018299784511328,98.214698791504,275.04998779297
24-SEP-2026,19.028749709848,56015,MRK501,0.35552138090134,88500,AP-N901-F303,0.018299784511328,0.018299784511328,99.736717224121,275.04998779297
24-SEP-2026,19.028749709848,56015,MRK501,0.35552138090134,88500,AP-N902-F303,0.018299784511328,0.018299784511328,98.214698791504,275.04998779297
24-SEP-2026,19.032360859664,56015,MRK501,0.35590460896492,88500,AP-N901-F303,0.018299784511328,0.018299784511328,99.736717224121,275.04998779297
24-SEP-2026,19.032360859664,56015,MRK501,0.35590460896492,88500,AP-N902-F303,0.018299784511328,0.018299784511328,98.214698791504,275.04998779297
24-SEP-2026,19.035694226051,56015,MRK501,0.35625785589218,88500,AP-N901-F303,0.018299784511328,0.018299784511328,99.736717224121,275.04998779297
24-SEP-2026,19.035694226051,56015,MRK501,0.35625785589218,88500,AP-N902-F303,0.018299784511328,0.018299784511328,98.214698791504,275.04998779297
24-SEP-2026,19.039027591216,56015,MRK501,0.35661071538925,88500,AP-N901-F303,0.018299784511328,0.018299784511328,99.736717224121,275.04998779297
24-SEP-2026,19.039027591216,56015,MRK501,0.35661071538925,88500,AP-N902-F303,0.018299784511328,0.018299784511328,98.214698791504,275.04998779297
24-SEP-2026,19.042638741032,56015,MRK501,0.35699245333672,88500,AP-N901-F303,0.018299784511328,0.018299784511328,99.736717224121,275.04998779297
24-SEP-2026,19.042638741032,56015,MRK501,0.35699245333672,88500,AP-N902-F303,0.018299784511328,0.018299784511328,98.214698791504,275.04998779297
24-SEP-2026,19.045972110562,56015,MRK501,0.35734456777573,88500,AP-N901-F303,0.018299784511328,0.018299784511328,99.736717224121,275.04998779297
24-SEP-2026,19.045972110562,56015,MRK501,0.35734456777573,88500,AP-N902-F303,0.018299784511328,0.018299784511328,98.214698791504,275.04998779297
24-SEP-2026,19.049583255488,56015,MRK501,0.35772535204887,88500,AP-N901-F303,0.018299784511328,0.018299784511328,99.736717224121,275.04998779297
24-SEP-2026,19.049583255488,56015,MRK501,0.35772535204887,88500,AP-N902-F303,0.018299784511328,0.018299784511328,98.214698791504,275.04998779297
24-SEP-2026,19.052916621526,56015,MRK501,0.35807648301125,88500,AP-N901-F303,0.018299784511328,0.018299784511328,99.736717224121,275.04998779297
24-SEP-2026,19.052916621526,56015,MRK501,0.35807648301125,88500,AP-N902-F303,0.018299784511328,0.018299784511328,98.214698791504,275.04998779297
24-SEP-2026,19.056527772739,56015,MRK501,0.35845622420311,88500,AP-N901-F303,0.018299784511328,0.018299784511328,99.736717224121,275.04998779297
24-SEP-2026,19.056527772739,56015,MRK501,0.35845622420311,88500,AP-N902-F303,0.018299784511328,0.018299784511328,98.214698791504,275.04998779297
24-SEP-2026,19.06013891976,56015,MRK501,0.35883545875549,88500,AP-N901-F303,0.018299784511328,0.018299784511328,99.736717224121,275.04998779297
24-SEP-2026,19.06013891976,56015,MRK501,0.35883545875549,88500,AP-N902-F303,0.018299784511328,0.018299784511328,98.214698791504,275.04998779297
24-SEP-2026,19.064027848813,56015,MRK501,0.35924336314201,88500,AP-N901-F303,0.018299784511328,0.018299784511328,99.736717224121,275.04998779297
24-SEP-2026,19.064027848813,56015,MRK501,0.35924336314201,88500,AP-N902-F303,0.018299784511328,0.018299784511328,98.214698791504,275.04998779297
24-SEP-2026,19.067361213629,56015,MRK501,0.35959252715111,88500,AP-N901-F303,0.018299784511328,0.018299784511328,99.736717224121,275.04998779297
24-SEP-2026,19.067361213629,56015,MRK501,0.35959252715111,88500,AP-N902-F303,0.018299784511328,0.018299784511328,98.214698791504,275.04998779297
24-SEP-2026,19.070972362571,56015,MRK501,0.3599701821804,88500,AP-N901-F303,0.018299784511328,0.018299784511328,99.736717224121,275.04998779297
24-SEP-2026,19.070972362571,56015,MRK501,0.3599701821804,88500,AP-N902-F303,0.018299784511328,0.018299784511328,98.214698791504,275.04998779297
24-SEP-2026,19.074305730879,56015,MRK501,0.36031833291054,88500,AP-N901-F303,0.018299784511328,0.018299784511328,99.736717224121,275.04998779297
24-SEP-2026,19.074305730879,56015,MRK501,0.36031833291054,88500,AP-N902-F303,0.018299784511328,0.018299784511328,98.214698791504,275.04998779297
24-SEP-2026,19.077639098489,56015,MRK501,0.36066603660583,88500,AP-N901-F303,0.018299784511328,0.018299784511328,99.736717224121,275.04998779297
24-SEP-2026,19.077639098489,56015,MRK501,0.36066603660583,88500,AP-N902-F303,0.018299784511328,0.018299784511328,98.214698791504,275.04998779297
24-SEP-2026,19.080972469416,56015,MRK501,0.36101335287094,88500,AP-N901-F303,0.018299784511328,0.018299784511328,99.736717224121,275.04998779297
24-SEP-2026,19.080972469416,56015,MRK501,0.36101335287094,88500,AP-N902-F303,0.018299784511328,0.018299784511328,98.214698791504,275.04998779297
24-SEP-2026,19.084583615565,56015,MRK501,0.36138916015625,88500,AP-N901-F303,0.018299784511328,0.018299784511328,99.736717224121,275.04998779297
24-SEP-2026,19.084583615565,56015,MRK501,0.36138916015625,88500,AP-N902-F303,0.018299784511328,0.018299784511328,98.214698791504,275.04998779297
24-SEP-2026,19.08791698073,56015,MRK501,0.36173561215401,88500,AP-N901-F303,0.018299784511328,0.018299784511328,99.736717224121,275.04998779297
24-SEP-2026,19.08791698073,56015,MRK501,0.36173561215401,88500,AP-N902-F303,0.018299784511328,0.018299784511328,98.214698791504,275.04998779297
24-SEP-2026,19.091250347466,56015,MRK501,0.36208152770996,88500,AP-N901-F303,0.018299784511328,0.018299784511328,99.736717224121,275.04998779297
24-SEP-2026,19.091250347466,56015,MRK501,0.36208152770996,88500,AP-N902-F303,0.018299784511328,0.018299784511328,98.214698791504,275.04998779297
24-SEP-2026,19.231078224578,56018,S-CRB,0.61763471364975,88500,AP-N901-F303,0.018535766750574,0.018535766750574,85.598526000977,275.25
24-SEP-2026,19.231078224578,56018,S-CRB,0.61763471364975,88500,AP-N902-F303,0.018535766750574,0.018535766750574,83.954521179199,275.25
24-SEP-2026,19.328276018453,56026,MRK501,0.38550227880478,88500,AP-N901-F303,0.01811359077692,0.01811359077692,96.894515991211,275.14999389648
24-SEP-2026,19.328276018453,56026,MRK501,0.38550227880478,88500,AP-N902-F303,0.01811359077692,0.01811359077692,95.3173828125,275.14999389648
24-SEP-2026,19.331887168618,56026,MRK501,0.38584077358246,88500,AP-N901-F303,0.01811359077692,0.01811359077692,96.894515991211,275.14999389648
24-SEP-2026,19.331887168618,56026,MRK501,0.38584077358246,88500,AP-N902-F303,0.01811359077692,0.01811359077692,95.3173828125,275.14999389648
24-SEP-2026,19.335220532386,56026,MRK501,0.38615274429321,88500,AP-N901-F303,0.01811359077692,0.01811359077692,96.894515991211,275.14999389648
24-SEP-2026,19.335220532386,56026,MRK501,0.38615274429321,88500,AP-N902-F303,0.01811359077692,0.01811359077692,95.3173828125,275.14999389648
24-SEP-2026,19.338553903314,56026,MRK501,0.38646429777145,88500,AP-N901-F303,0.01811359077692,0.01811359077692,96.894515991211,275.14999389648
24-SEP-2026,19.338553903314,56026,MRK501,0.38646429777145,88500,AP-N902-F303,0.01811359077692,0.01811359077692,95.3173828125,275.14999389648
24-SEP-2026,19.341887268304,56026,MRK501,0.38677531480789,88500,AP-N901-F303,0.01811359077692,0.01811359077692,96.894515991211,275.14999389648
24-SEP-2026,19.341887268304,56026,MRK501,0.38677531480789,88500,AP-N902-F303,0.01811359077692,0.01811359077692,95.3173828125,275.14999389648
24-SEP-2026,19.345220636438,56026,MRK501,0.38708579540253,88500,AP-N901-F303,0.01811359077692,0.01811359077692,96.894515991211,275.14999389648
24-SEP-2026,19.345220636438,56026,MRK501,0.38708579540253,88500,AP-N902-F303,0.01811359077692,0.01811359077692,95.3173828125,275.14999389648
24-SEP-2026,19.348554003,56026,MRK501,0.38739582896233,88500,AP-N901-F303,0.01811359077692,0.01811359077692,96.894515991211,275.14999389648
24-SEP-2026,19.348554003,56026,MRK501,0.38739582896233,88500,AP-N902-F303,0.01811359077692,0.01811359077692,95.3173828125,275.14999389648
24-SEP-2026,19.35216515037,56026,MRK501,0.38773116469383,88500,AP-N901-F303,0.01811359077692,0.01811359077692,96.894515991211,275.14999389648
24-SEP-2026,19.35216515037,56026,MRK501,0.38773116469383,88500,AP-N902-F303,0.01811359077692,0.01811359077692,95.3173828125,275.14999389648
24-SEP-2026,19.355498517631,56026,MRK501,0.38804021477699,88500,AP-N901-F303,0.01811359077692,0.01811359077692,96.894515991211,275.14999389648
24-SEP-2026,19.355498517631,56026,MRK501,0.38804021477699,88500,AP-N902-F303,0.01811359077692,0.01811359077692,95.3173828125,275.14999389648
24-SEP-2026,19.359109664478,56026,MRK501,0.38837447762489,88500,AP-N901-F303,0.01811359077692,0.01811359077692,96.894515991211,275.14999389648
24-SEP-2026,19.359109664478,56026,MRK501,0.38837447762489,88500,AP-N902-F303,0.01811359077692,0.01811359077692,95.3173828125,275.14999389648
24-SEP-2026,19.362443031389,56026,MRK501,0.38868260383606,88500,AP-N901-F303,0.01811359077692,0.01811359077692,96.894515991211,275.14999389648
24-SEP-2026,19.362443031389,56026,MRK501,0.38868260383606,88500,AP-N902-F303,0.01811359077692,0.01811359077692,95.3173828125,275.14999389648
24-SEP-2026,19.365776400919,56026,MRK501,0.38899019360542,88500,AP-N901-F303,0.01811359077692,0.01811359077692,96.894515991211,275.14999389648
24-SEP-2026,19.365776400919,56026,MRK501,0.38899019360542,88500,AP-N902-F303,0.01811359077692,0.01811359077692,95.3173828125,275.14999389648
24-SEP-2026,19.36910976591,56026,MRK501,0.38929730653763,88500,AP-N901-F303,0.01811359077692,0.01811359077692,96.894515991211,275.14999389648
24-SEP-2026,19.36910976591,56026,MRK501,0.38929730653763,88500,AP-N902-F303,0.01811359077692,0.01811359077692,95.3173828125,275.14999389648
24-SEP-2026,19.372443138409,56026,MRK501,0.38960391283035,88500,AP-N901-F303,0.01811359077692,0.01811359077692,96.894515991211,275.14999389648
24-SEP-2026,19.372443138409,56026,MRK501,0.38960391283035,88500,AP-N902-F303,0.01811359077692,0.01811359077692,95.3173828125,275.14999389648
24-SEP-2026,19.376054280366,56026,MRK501,0.38993546366692,88500,AP-N901-F303,0.01811359077692,0.01811359077692,96.894515991211,275.14999389648
24-SEP-2026,19.376054280366,56026,MRK501,0.38993546366692,88500,AP-N902-F303,0.01811359077692,0.01811359077692,95.3173828125,275.14999389648
24-SEP-2026,19.379665429134,56026,MRK501,0.39026653766632,88500,AP-N901-F303,0.01811359077692,0.01811359077692,96.894515991211,275.14999389648
24-SEP-2026,19.379665429134,56026,MRK501,0.39026653766632,88500,AP-N902-F303,0.01811359077692,0.01811359077692,95.3173828125,275.14999389648
24-SEP-2026,19.383276577029,56026,MRK501,0.39059707522392,88500,AP-N901-F303,0.01811359077692,0.01811359077692,96.894515991211,275.14999389648
24-SEP-2026,19.383276577029,56026,MRK501,0.39059707522392,88500,AP-N902-F303,0.01811359077692,0.01811359077692,95.3173828125,275.14999389648
24-SEP-2026,19.386887724225,56026,MRK501,0.39092689752579,88500,AP-N901-F303,0.01811359077692,0.01811359077692,96.894515991211,275.14999389648
24-SEP-2026,19.386887724225,56026,MRK501,0.39092689752579,88500,AP-N902-F303,0.01811359077692,0.01811359077692,95.3173828125,275.14999389648
24-SEP-2026,19.390498873691,56026,MRK501,0.39125630259514,88500,AP-N901-F303,0.01811359077692,0.01811359077692,96.894515991211,275.14999389648
24-SEP-2026,19.390498873691,56026,MRK501,0.39125630259514,88500,AP-N902-F303,0.01811359077692,0.01811359077692,95.3173828125,275.14999389648
24-SEP-2026,19.394110023506,56026,MRK501,0.3915850520134,88500,AP-N901-F303,0.01811359077692,0.01811359077692,96.894515991211,275.14999389648
24-SEP-2026,19.394110023506,56026,MRK501,0.3915850520134,88500,AP-N902-F303,0.01811359077692,0.01811359077692,95.3173828125,275.14999389648
24-SEP-2026,19.397721169829,56026,MRK501,0.39191329479218,88500,AP-N901-F303,0.01811359077692,0.01811359077692,96.894515991211,275.14999389648
24-SEP-2026,19.397721169829,56026,MRK501,0.39191329479218,88500,AP-N902-F303,0.01811359077692,0.01811359077692,95.3173828125,275.14999389648
24-SEP-2026,19.401332317549,56026,MRK501,0.39224088191986,88500,AP-N901-F303,0.01811359077692,0.01811359077692,96.894515991211,275.14999389648
24-SEP-2026,19.401332317549,56026,MRK501,0.39224088191986,88500,AP-N902-F303,0.01811359077692,0.01811359077692,95.3173828125,275.14999389648
24-SEP-2026,19.404943464571,56026,MRK501,0.39256802201271,88500,AP-N901-F303,0.01811359077692,0.01811359077692,96.894515991211,275.14999389648
24-SEP-2026,19.404943464571,56026,MRK501,0.39256802201271,88500,AP-N902-F303,0.01811359077692,0.01811359077692,95.3173828125,275.14999389648
24-SEP-2026,19.408554614561,56026,MRK501,0.39289447665215,88500,AP-N901-F303,0.01811359077692,0.01811359077692,96.894515991211,275.14999389648
24-SEP-2026,19.408554614561,56026,MRK501,0.39289447665215,88500,AP-N902-F303,0.01811359077692,0.01811359077692,95.3173828125,275.14999389648
24-SEP-2026,19.411887981821,56026,MRK501,0.39319536089897,88500,AP-N901-F303,0.01811359077692,0.01811359077692,96.894515991211,275.14999389648
24-SEP-2026,19.411887981821,56026,MRK501,0.39319536089897,88500,AP-N902-F303,0.01811359077692,0.01811359077692,95.3173828125,275.14999389648
24-SEP-2026,19.415221348383,56026,MRK501,0.39349576830864,88500,AP-N901-F303,0.01811359077692,0.01811359077692,96.894515991211,275.14999389648
24-SEP-2026,19.415221348383,56026,MRK501,0.39349576830864,88500,AP-N902-F303,0.01811359077692,0.01811359077692,95.3173828125,275.14999389648
24-SEP-2026,19.418554713898,56026,MRK501,0.39379572868347,88500,AP-N901-F303,0.01811359077692,0.01811359077692,96.894515991211,275.14999389648
24-SEP-2026,19.418554713898,56026,MRK501,0.39379572868347,88500,AP-N902-F303,0.01811359077692,0.01811359077692,95.3173828125,275.14999389648
24-SEP-2026,19.421888081507,56026,MRK501,0.39409518241882,88500,AP-N901-F303,0.01811359077692,0.01811359077692,96.894515991211,275.14999389648
24-SEP-2026,19.421888081507,56026,MRK501,0.39409518241882,88500,AP-N902-F303,0.01811359077692,0.01811359077692,95.3173828125,275.14999389648
24-SEP-2026,19.425499232371,56026,MRK501,0.3944188952446,88500,AP-N901-F303,0.01811359077692,0.01811359077692,96.894515991211,275.14999389648
24-SEP-2026,19.425499232371,56026,MRK501,0.3944188952446,88500,AP-N902-F303,0.01811359077692,0.01811359077692,95.3173828125,275.14999389648
24-SEP-2026,19.570361821463,56031,3C345,0.42051067948341,88500,AP-N901-F303,0.017598589882255,0.017598589882255,94.263359069824,274.85000610352
24-SEP-2026,19.570361821463,56031,3C345,0.42051067948341,88500,AP-N902-F303,0.017598589882255,0.017598589882255,92.50511932373,274.85000610352
24-SEP-2026,19.587723102803,56035,3C345,0.42179921269417,88500,AP-N901-F303,0.017598589882255,0.017598589882255,94.263359069824,274.85000610352
24-SEP-2026,19.587723102803,56035,3C345,0.42179921269417,88500,AP-N902-F303,0.017598589882255,0.017598589882255,92.50511932373,274.85000610352
24-SEP-2026,19.591056470238,56035,3C345,0.42204529047012,88500,AP-N901-F303,0.017598589882255,0.017598589882255,94.263359069824,274.85000610352
24-SEP-2026,19.591056470238,56035,3C345,0.42204529047012,88500,AP-N902-F303,0.017598589882255,0.017598589882255,92.50511932373,274.85000610352
24-SEP-2026,19.594667622323,56035,3C345,0.42231100797653,88500,AP-N901-F303,0.017598589882255,0.017598589882255,94.263359069824,274.85000610352
24-SEP-2026,19.594667622323,56035,3C345,0.42231100797653,88500,AP-N902-F303,0.017598589882255,0.017598589882255,92.50511932373,274.85000610352
24-SEP-2026,19.598000987663,56035,3C345,0.4225557744503,88500,AP-N901-F303,0.017598589882255,0.017598589882255,94.263359069824,274.85000610352
24-SEP-2026,19.598000987663,56035,3C345,0.4225557744503,88500,AP-N902-F303,0.017598589882255,0.017598589882255,92.50511932373,274.85000610352
24-SEP-2026,19.601334353003,56035,3C345,0.42280003428459,88500,AP-N901-F303,0.017598589882255,0.017598589882255,94.263359069824,274.85000610352
24-SEP-2026,19.601334353003,56035,3C345,0.42280003428459,88500,AP-N902-F303,0.017598589882255,0.017598589882255,92.50511932373,274.85000610352
24-SEP-2026,19.605501061292,56035,3C345,0.42310461401939,88500,AP-N901-F303,0.017598589882255,0.017598589882255,94.263359069824,274.85000610352
24-SEP-2026,19.605501061292,56035,3C345,0.42310461401939,88500,AP-N902-F303,0.017598589882255,0.017598589882255,92.50511932373,274.85000610352
24-SEP-2026,19.608834431521,56035,3C345,0.42334753274918,88500,AP-N901-F303,0.017598589882255,0.017598589882255,94.263359069824,274.85000610352
24-SEP-2026,19.608834431521,56035,3C345,0.42334753274918,88500,AP-N902-F303,0.017598589882255,0.017598589882255,92.50511932373,274.85000610352
24-SEP-2026,19.612167800353,56035,3C345,0.42359009385109,88500,AP-N901-F303,0.017598589882255,0.017598589882255,94.263359069824,274.85000610352
24-SEP-2026,19.612167800353,56035,3C345,0.42359009385109,88500,AP-N902-F303,0.017598589882255,0.017598589882255,92.50511932373,274.85000610352
24-SEP-2026,19.615501166217,56035,3C345,0.42383205890656,88500,AP-N901-F303,0.017598589882255,0.017598589882255,94.263359069824,274.85000610352
24-SEP-2026,19.615501166217,56035,3C345,0.42383205890656,88500,AP-N902-F303,0.017598589882255,0.017598589882255,92.50511932373,274.85000610352
24-SEP-2026,19.619390094222,56035,3C345,0.42411372065544,88500,AP-N901-F303,0.017598589882255,0.017598589882255,94.263359069824,274.85000610352
24-SEP-2026,19.619390094222,56035,3C345,0.42411372065544,88500,AP-N902-F303,0.017598589882255,0.017598589882255,92.50511932373,274.85000610352
24-SEP-2026,19.622723462879,56035,3C345,0.4243546128273,88500,AP-N901-F303,0.017598589882255,0.017598589882255,94.263359069824,274.85000610352
24-SEP-2026,19.622723462879,56035,3C345,0.4243546128273,88500,AP-N902-F303,0.017598589882255,0.017598589882255,92.50511932373,274.85000610352
24-SEP-2026,19.626056830489,56035,3C345,0.42459484934807,88500,AP-N901-F303,0.017598589882255,0.017598589882255,94.263359069824,274.85000610352
24-SEP-2026,19.626056830489,56035,3C345,0.42459484934807,88500,AP-N902-F303,0.017598589882255,0.017598589882255,92.50511932373,274.85000610352
24-SEP-2026,19.629390195654,56035,3C345,0.42483472824097,88500,AP-N901-F303,0.017598589882255,0.017598589882255,94.263359069824,274.85000610352
24-SEP-2026,19.629390195654,56035,3C345,0.42483472824097,88500,AP-N902-F303,0.017598589882255,0.017598589882255,92.50511932373,274.85000610352
24-SEP-2026,19.633001342501,56035,3C345,0.42509391903877,88500,AP-N901-F303,0.017598589882255,0.017598589882255,94.263359069824,274.85000610352
24-SEP-2026,19.633001342501,56035,3C345,0.42509391903877,88500,AP-N902-F303,0.017598589882255,0.017598589882255,92.50511932373,274.85000610352
24-SEP-2026,19.671612848551,56042,MRK501,0.41511085629463,88500,AP-N901-F303,0.017709866166115,0.017709866166115,94.685478210449,274.64999389648
24-SEP-2026,19.671612848551,56042,MRK501,0.41511085629463,88500,AP-N902-F303,0.017709866166115,0.017709866166115,92.994575500488,274.64999389648
24-SEP-2026,19.674946215637,56042,MRK501,0.41537219285965,88500,AP-N901-F303,0.017709866166115,0.017709866166115,94.685478210449,274.64999389648
24-SEP-2026,19.674946215637,56042,MRK501,0.41537219285965,88500,AP-N902-F303,0.017709866166115,0.017709866166115,92.994575500488,274.64999389648
24-SEP-2026,19.678279580453,56042,MRK501,0.41563296318054,88500,AP-N901-F303,0.017709866166115,0.017709866166115,94.685478210449,274.64999389648
24-SEP-2026,19.678279580453,56042,MRK501,0.41563296318054,88500,AP-N902-F303,0.017709866166115,0.017709866166115,92.994575500488,274.64999389648
24-SEP-2026,19.681612946316,56042,MRK501,0.41589322686195,88500,AP-N901-F303,0.017709866166115,0.017709866166115,94.685478210449,274.64999389648
24-SEP-2026,19.681612946316,56042,MRK501,0.41589322686195,88500,AP-N902-F303,0.017709866166115,0.017709866166115,92.994575500488,274.64999389648
24-SEP-2026,19.684946317942,56042,MRK501,0.41615289449692,88500,AP-N901-F303,0.017709866166115,0.017709866166115,94.685478210449,274.64999389648
24-SEP-2026,19.684946317942,56042,MRK501,0.41615289449692,88500,AP-N902-F303,0.017709866166115,0.017709866166115,92.994575500488,274.64999389648
24-SEP-2026,19.688279685552,56042,MRK501,0.41641208529472,88500,AP-N901-F303,0.017709866166115,0.017709866166115,94.685478210449,274.64999389648
24-SEP-2026,19.688279685552,56042,MRK501,0.41641208529472,88500,AP-N902-F303,0.017709866166115,0.017709866166115,92.994575500488,274.64999389648
24-SEP-2026,19.691890833097,56042,MRK501,0.41669237613678,88500,AP-N901-F303,0.017709866166115,0.017709866166115,94.685478210449,274.64999389648
24-SEP-2026,19.691890833097,56042,MRK501,0.41669237613678,88500,AP-N902-F303,0.017709866166115,0.017709866166115,92.994575500488,274.64999389648
24-SEP-2026,19.695224200009,56042,MRK501,0.41695040464401,88500,AP-N901-F303,0.017709866166115,0.017709866166115,94.685478210449,274.64999389648
24-SEP-2026,19.695224200009,56042,MRK501,0.41695040464401,88500,AP-N902-F303,0.017709866166115,0.017709866166115,92.994575500488,274.64999389648
24-SEP-2026,19.698835347205,56042,MRK501,0.41722950339317,88500,AP-N901-F303,0.017709866166115,0.017709866166115,94.685478210449,274.64999389648
24-SEP-2026,19.698835347205,56042,MRK501,0.41722950339317,88500,AP-N902-F303,0.017709866166115,0.017709866166115,92.994575500488,274.64999389648
24-SEP-2026,19.702168714465,56042,MRK501,0.41748660802841,88500,AP-N901-F303,0.017709866166115,0.017709866166115,94.685478210449,274.64999389648
24-SEP-2026,19.702168714465,56042,MRK501,0.41748660802841,88500,AP-N902-F303,0.017709866166115,0.017709866166115,92.994575500488,274.64999389648
24-SEP-2026,19.705779864281,56042,MRK501,0.41776442527771,88500,AP-N901-F303,0.017709866166115,0.017709866166115,94.685478210449,274.64999389648
24-SEP-2026,19.705779864281,56042,MRK501,0.41776442527771,88500,AP-N902-F303,0.017709866166115,0.017709866166115,92.994575500488,274.64999389648
24-SEP-2026,19.709113228398,56042,MRK501,0.41802033782005,88500,AP-N901-F303,0.017709866166115,0.017709866166115,94.685478210449,274.64999389648
24-SEP-2026,19.709113228398,56042,MRK501,0.41802033782005,88500,AP-N902-F303,0.017709866166115,0.017709866166115,92.994575500488,274.64999389648
24-SEP-2026,19.71244659496,56042,MRK501,0.41827586293221,88500,AP-N901-F303,0.017709866166115,0.017709866166115,94.685478210449,274.64999389648
24-SEP-2026,19.71244659496,56042,MRK501,0.41827586293221,88500,AP-N902-F303,0.017709866166115,0.017709866166115,92.994575500488,274.64999389648
24-SEP-2026,19.715779962919,56042,MRK501,0.41853073239326,88500,AP-N901-F303,0.017709866166115,0.017709866166115,94.685478210449,274.64999389648
24-SEP-2026,19.715779962919,56042,MRK501,0.41853073239326,88500,AP-N902-F303,0.017709866166115,0.017709866166115,92.994575500488,274.64999389648
24-SEP-2026,19.719391112036,56042,MRK501,0.41880622506142,88500,AP-N901-F303,0.017709866166115,0.017709866166115,94.685478210449,274.64999389648
24-SEP-2026,19.719391112036,56042,MRK501,0.41880622506142,88500,AP-N902-F303,0.017709866166115,0.017709866166115,92.994575500488,274.64999389648
24-SEP-2026,19.722724477026,56042,MRK501,0.41906014084816,88500,AP-N901-F303,0.017709866166115,0.017709866166115,94.685478210449,274.64999389648
24-SEP-2026,19.722724477026,56042,MRK501,0.41906014084816,88500,AP-N902-F303,0.017709866166115,0.017709866166115,92.994575500488,274.64999389648
24-SEP-2026,19.726057843588,56042,MRK501,0.41931340098381,88500,AP-N901-F303,0.017709866166115,0.017709866166115,94.685478210449,274.64999389648
24-SEP-2026,19.726057843588,56042,MRK501,0.41931340098381,88500,AP-N902-F303,0.017709866166115,0.017709866166115,92.994575500488,274.64999389648
24-SEP-2026,19.729668994102,56042,MRK501,0.41958725452423,88500,AP-N901-F303,0.017709866166115,0.017709866166115,94.685478210449,274.64999389648
24-SEP-2026,19.729668994102,56042,MRK501,0.41958725452423,88500,AP-N902-F303,0.017709866166115,0.017709866166115,92.994575500488,274.64999389648
24-SEP-2026,19.733002361886,56042,MRK501,0.41983959078789,88500,AP-N901-F303,0.017709866166115,0.017709866166115,94.685478210449,274.64999389648
24-SEP-2026,19.733002361886,56042,MRK501,0.41983959078789,88500,AP-N902-F303,0.017709866166115,0.017709866166115,92.994575500488,274.64999389648
24-SEP-2026,19.736335730195,56042,MRK501,0.42009103298187,88500,AP-N901-F303,0.017709866166115,0.017709866166115,94.685478210449,274.64999389648
24-SEP-2026,19.736335730195,56042,MRK501,0.42009103298187,88500,AP-N902-F303,0.017709866166115,0.017709866166115,92.994575500488,274.64999389648
24-SEP-2026,19.739946878962,56042,MRK501,0.42036330699921,88500,AP-N901-F303,0.017709866166115,0.017709866166115,94.685478210449,274.64999389648
24-SEP-2026,19.739946878962,56042,MRK501,0.42036330699921,88500,AP-N902-F303,0.017709866166115,0.017709866166115,92.994575500488,274.64999389648
24-SEP-2026,19.743558024063,56042,MRK501,0.4206348657608,88500,AP-N901-F303,0.017709866166115,0.017709866166115,94.685478210449,274.64999389648
24-SEP-2026,19.743558024063,56042,MRK501,0.4206348657608,88500,AP-N902-F303,0.017709866166115,0.017709866166115,92.994575500488,274.64999389648
24-SEP-2026,19.746891396038,56042,MRK501,0.4208847284317,88500,AP-N901-F303,0.017709866166115,0.017709866166115,94.685478210449,274.64999389648
24-SEP-2026,19.746891396038,56042,MRK501,0.4208847284317,88500,AP-N902-F303,0.017709866166115,0.017709866166115,92.994575500488,274.64999389648
24-SEP-2026,19.75050254044,56042,MRK501,0.4211550951004,88500,AP-N901-F303,0.017709866166115,0.017709866166115,94.685478210449,274.64999389648
24-SEP-2026,19.75050254044,56042,MRK501,0.4211550951004,88500,AP-N902-F303,0.017709866166115,0.017709866166115,92.994575500488,274.64999389648
24-SEP-2026,19.753835905256,56042,MRK501,0.42140397429466,88500,AP-N901-F303,0.017709866166115,0.017709866166115,94.685478210449,274.64999389648
24-SEP-2026,19.753835905256,56042,MRK501,0.42140397429466,88500,AP-N902-F303,0.017709866166115,0.017709866166115,92.994575500488,274.64999389648
24-SEP-2026,19.757169274961,56042,MRK501,0.42165237665176,88500,AP-N901-F303,0.017709866166115,0.017709866166115,94.685478210449,274.64999389648
24-SEP-2026,19.757169274961,56042,MRK501,0.42165237665176,88500,AP-N902-F303,0.017709866166115,0.017709866166115,92.994575500488,274.64999389648
24-SEP-2026,19.760780422157,56042,MRK501,0.42192080616951,88500,AP-N901-F303,0.017709866166115,0.017709866166115,94.685478210449,274.64999389648
24-SEP-2026,19.760780422157,56042,MRK501,0.42192080616951,88500,AP-N902-F303,0.017709866166115,0.017709866166115,92.994575500488,274.64999389648
24-SEP-2026,19.764391569004,56042,MRK501,0.4221887588501,88500,AP-N901-F303,0.017709866166115,0.017709866166115,94.685478210449,274.64999389648
24-SEP-2026,19.764391569004,56042,MRK501,0.4221887588501,88500,AP-N902-F303,0.017709866166115,0.017709866166115,92.994575500488,274.64999389648
24-SEP-2026,19.767724936265,56042,MRK501,0.42243558168411,88500,AP-N901-F303,0.017709866166115,0.017709866166115,94.685478210449,274.64999389648
24-SEP-2026,19.767724936265,56042,MRK501,0.42243558168411,88500,AP-N902-F303,0.017709866166115,0.017709866166115,92.994575500488,274.64999389648
24-SEP-2026,19.90397631819,56047,3C345,0.44273322820663,88500,AP-N901-F303,0.017649551853538,0.017649551853538,92.454574584961,274.75
24-SEP-2026,19.90397631819,56047,3C345,0.44273322820663,88500,AP-N902-F303,0.017649551853538,0.017649551853538,91.084861755371,274.75
24-SEP-2026,19.921059831119,56051,3C345,0.44372388720512,88500,AP-N901-F303,0.017649551853538,0.017649551853538,92.454574584961,274.75
24-SEP-2026,19.921059831119,56051,3C345,0.44372388720512,88500,AP-N902-F303,0.017649551853538,0.017649551853538,91.084861755371,274.75
24-SEP-2026,19.924670980585,56051,3C345,0.44393128156662,88500,AP-N901-F303,0.017649551853538,0.017649551853538,92.454574584961,274.75
24-SEP-2026,19.924670980585,56051,3C345,0.44393128156662,88500,AP-N902-F303,0.017649551853538,0.017649551853538,91.084861755371,274.75
24-SEP-2026,19.928004345576,56051,3C345,0.44412225484848,88500,AP-N901-F303,0.017649551853538,0.017649551853538,92.454574584961,274.75
24-SEP-2026,19.928004345576,56051,3C345,0.44412225484848,88500,AP-N902-F303,0.017649551853538,0.017649551853538,91.084861755371,274.75
24-SEP-2026,19.931337712312,56051,3C345,0.44431263208389,88500,AP-N901-F303,0.017649551853538,0.017649551853538,92.454574584961,274.75
24-SEP-2026,19.931337712312,56051,3C345,0.44431263208389,88500,AP-N902-F303,0.017649551853538,0.017649551853538,91.084861755371,274.75
24-SEP-2026,19.934671082017,56051,3C345,0.4445024728775,88500,AP-N901-F303,0.017649551853538,0.017649551853538,92.454574584961,274.75
24-SEP-2026,19.934671082017,56051,3C345,0.4445024728775,88500,AP-N902-F303,0.017649551853538,0.017649551853538,91.084861755371,274.75
24-SEP-2026,19.938004447182,56051,3C345,0.44469180703163,88500,AP-N901-F303,0.017649551853538,0.017649551853538,92.454574584961,274.75
24-SEP-2026,19.938004447182,56051,3C345,0.44469180703163,88500,AP-N902-F303,0.017649551853538,0.017649551853538,91.084861755371,274.75
24-SEP-2026,19.941337816364,56051,3C345,0.44488042593002,88500,AP-N901-F303,0.017649551853538,0.017649551853538,92.454574584961,274.75
24-SEP-2026,19.941337816364,56051,3C345,0.44488042593002,88500,AP-N902-F303,0.017649551853538,0.017649551853538,91.084861755371,274.75
24-SEP-2026,19.944671184497,56051,3C345,0.44506847858429,88500,AP-N901-F303,0.017649551853538,0.017649551853538,92.454574584961,274.75
24-SEP-2026,19.944671184497,56051,3C345,0.44506847858429,88500,AP-N902-F303,0.017649551853538,0.017649551853538,91.084861755371,274.75
24-SEP-2026,19.948282327502,56051,3C345,0.44527187943459,88500,AP-N901-F303,0.017649551853538,0.017649551853538,92.454574584961,274.75
24-SEP-2026,19.948282327502,56051,3C345,0.44527187943459,88500,AP-N902-F303,0.017649551853538,0.017649551853538,91.084861755371,274.75
24-SEP-2026,19.951615698779,56051,3C345,0.4454587996006,88500,AP-N901-F303,0.017649551853538,0.017649551853538,92.454574584961,274.75
24-SEP-2026,19.951615698779,56051,3C345,0.4454587996006,88500,AP-N902-F303,0.017649551853538,0.017649551853538,91.084861755371,274.75
24-SEP-2026,19.954949066214,56051,3C345,0.44564515352249,88500,AP-N901-F303,0.017649551853538,0.017649551853538,92.454574584961,274.75
24-SEP-2026,19.954949066214,56051,3C345,0.44564515352249,88500,AP-N902-F303,0.017649551853538,0.017649551853538,91.084861755371,274.75
24-SEP-2026,19.958560214109,56051,3C345,0.44584649801254,88500,AP-N901-F303,0.017649551853538,0.017649551853538,92.454574584961,274.75
24-SEP-2026,19.958560214109,56051,3C345,0.44584649801254,88500,AP-N902-F303,0.017649551853538,0.017649551853538,91.084861755371,274.75
24-SEP-2026,19.961893578052,56051,3C345,0.4460317492485,88500,AP-N901-F303,0.017649551853538,0.017649551853538,92.454574584961,274.75
24-SEP-2026,19.961893578052,56051,3C345,0.4460317492485,88500,AP-N902-F303,0.017649551853538,0.017649551853538,91.084861755371,274.75
24-SEP-2026,19.965226944963,56051,3C345,0.44621652364731,88500,AP-N901-F303,0.017649551853538,0.017649551853538,92.454574584961,274.75
24-SEP-2026,19.965226944963,56051,3C345,0.44621652364731,88500,AP-N902-F303,0.017649551853538,0.017649551853538,91.084861755371,274.75
24-SEP-2026,20.004949573375,56058,MRK501,0.43862336874008,88500,AP-N901-F303,0.017573757097125,0.017573757097125,93.303535461426,274.75
24-SEP-2026,20.004949573375,56058,MRK501,0.43862336874008,88500,AP-N902-F303,0.017573757097125,0.017573757097125,91.531127929688,274.75
24-SEP-2026,20.008560720746,56058,MRK501,0.43884885311127,88500,AP-N901-F303,0.017573757097125,0.017573757097125,93.303535461426,274.75
24-SEP-2026,20.008560720746,56058,MRK501,0.43884885311127,88500,AP-N902-F303,0.017573757097125,0.017573757097125,91.531127929688,274.75
24-SEP-2026,20.01189408853,56058,MRK501,0.43905612826347,88500,AP-N901-F303,0.017573757097125,0.017573757097125,93.303535461426,274.75
24-SEP-2026,20.01189408853,56058,MRK501,0.43905612826347,88500,AP-N902-F303,0.017573757097125,0.017573757097125,91.531127929688,274.75
24-SEP-2026,20.015227452647,56058,MRK501,0.4392628967762,88500,AP-N901-F303,0.017573757097125,0.017573757097125,93.303535461426,274.75
24-SEP-2026,20.015227452647,56058,MRK501,0.4392628967762,88500,AP-N902-F303,0.017573757097125,0.017573757097125,91.531127929688,274.75
24-SEP-2026,20.018560822527,56058,MRK501,0.43946906924248,88500,AP-N901-F303,0.017573757097125,0.017573757097125,93.303535461426,274.75
24-SEP-2026,20.018560822527,56058,MRK501,0.43946906924248,88500,AP-N902-F303,0.017573757097125,0.017573757097125,91.531127929688,274.75
24-SEP-2026,20.021894192232,56058,MRK501,0.43967464566231,88500,AP-N901-F303,0.017573757097125,0.017573757097125,93.303535461426,274.75
24-SEP-2026,20.021894192232,56058,MRK501,0.43967464566231,88500,AP-N902-F303,0.017573757097125,0.017573757097125,91.531127929688,274.75
24-SEP-2026,20.025227556699,56058,MRK501,0.43987974524498,88500,AP-N901-F303,0.017573757097125,0.017573757097125,93.303535461426,274.75
24-SEP-2026,20.025227556699,56058,MRK501,0.43987974524498,88500,AP-N902-F303,0.017573757097125,0.017573757097125,91.531127929688,274.75
24-SEP-2026,20.028560920816,56058,MRK501,0.44008433818817,88500,AP-N901-F303,0.017573757097125,0.017573757097125,93.303535461426,274.75
24-SEP-2026,20.028560920816,56058,MRK501,0.44008433818817,88500,AP-N902-F303,0.017573757097125,0.017573757097125,91.531127929688,274.75
24-SEP-2026,20.032172070981,56058,MRK501,0.440305352211,88500,AP-N901-F303,0.017573757097125,0.017573757097125,93.303535461426,274.75
24-SEP-2026,20.032172070981,56058,MRK501,0.440305352211,88500,AP-N902-F303,0.017573757097125,0.017573757097125,91.531127929688,274.75
24-SEP-2026,20.035783218526,56058,MRK501,0.44052559137344,88500,AP-N901-F303,0.017573757097125,0.017573757097125,93.303535461426,274.75
24-SEP-2026,20.035783218526,56058,MRK501,0.44052559137344,88500,AP-N902-F303,0.017573757097125,0.017573757097125,91.531127929688,274.75
24-SEP-2026,20.039394367643,56058,MRK501,0.44074529409409,88500,AP-N901-F303,0.017573757097125,0.017573757097125,93.303535461426,274.75
24-SEP-2026,20.039394367643,56058,MRK501,0.44074529409409,88500,AP-N902-F303,0.017573757097125,0.017573757097125,91.531127929688,274.75
24-SEP-2026,20.043005514665,56058,MRK501,0.44096422195435,88500,AP-N901-F303,0.017573757097125,0.017573757097125,93.303535461426,274.75
24-SEP-2026,20.043005514665,56058,MRK501,0.44096422195435,88500,AP-N902-F303,0.017573757097125,0.017573757097125,91.531127929688,274.75
24-SEP-2026,20.046338878956,56058,MRK501,0.44116586446762,88500,AP-N901-F303,0.017573757097125,0.017573757097125,93.303535461426,274.75
24-SEP-2026,20.046338878956,56058,MRK501,0.44116586446762,88500,AP-N902-F303,0.017573757097125,0.017573757097125,91.531127929688,274.75
24-SEP-2026,20.049672249709,56058,MRK501,0.4413668513298,88500,AP-N901-F303,0.017573757097125,0.017573757097125,93.303535461426,274.75
24-SEP-2026,20.049672249709,56058,MRK501,0.4413668513298,88500,AP-N902-F303,0.017573757097125,0.017573757097125,91.531127929688,274.75
24-SEP-2026,20.053283396731,56058,MRK501,0.44158411026001,88500,AP-N901-F303,0.017573757097125,0.017573757097125,93.303535461426,274.75
24-SEP-2026,20.053283396731,56058,MRK501,0.44158411026001,88500,AP-N902-F303,0.017573757097125,0.017573757097125,91.531127929688,274.75
24-SEP-2026,20.056894548642,56058,MRK501,0.44180062413216,88500,AP-N901-F303,0.017573757097125,0.017573757097125,93.303535461426,274.75
24-SEP-2026,20.056894548642,56058,MRK501,0.44180062413216,88500,AP-N902-F303,0.017573757097125,0.017573757097125,91.531127929688,274.75
24-SEP-2026,20.060227911362,56058,MRK501,0.44199985265732,88500,AP-N901-F303,0.017573757097125,0.017573757097125,93.303535461426,274.75
24-SEP-2026,20.060227911362,56058,MRK501,0.44199985265732,88500,AP-N902-F303,0.017573757097125,0.017573757097125,91.531127929688,274.75
24-SEP-2026,20.063561276702,56058,MRK501,0.44219854474068,88500,AP-N901-F303,0.017573757097125,0.017573757097125,93.303535461426,274.75
24-SEP-2026,20.063561276702,56058,MRK501,0.44219854474068,88500,AP-N902-F303,0.017573757097125,0.017573757097125,91.531127929688,274.75
24-SEP-2026,20.066894648677,56058,MRK501,0.4423967897892,88500,AP-N901-F303,0.017573757097125,0.017573757097125,93.303535461426,274.75
24-SEP-2026,20.066894648677,56058,MRK501,0.4423967897892,88500,AP-N902-F303,0.017573757097125,0.017573757097125,91.531127929688,274.75
24-SEP-2026,20.070228013667,56058,MRK501,0.44259440898895,88500,AP-N901-F303,0.017573757097125,0.017573757097125,93.303535461426,274.75
24-SEP-2026,20.070228013667,56058,MRK501,0.44259440898895,88500,AP-N902-F303,0.017573757097125,0.017573757097125,91.531127929688,274.75
24-SEP-2026,20.073561380229,56058,MRK501,0.44279140233994,88500,AP-N901-F303,0.017573757097125,0.017573757097125,93.303535461426,274.75
24-SEP-2026,20.073561380229,56058,MRK501,0.44279140233994,88500,AP-N902-F303,0.017573757097125,0.017573757097125,91.531127929688,274.75
24-SEP-2026,20.0771725276,56058,MRK501,0.44300419092178,88500,AP-N901-F303,0.017573757097125,0.017573757097125,93.303535461426,274.75
24-SEP-2026,20.0771725276,56058,MRK501,0.44300419092178,88500,AP-N902-F303,0.017573757097125,0.017573757097125,91.531127929688,274.75
24-SEP-2026,20.080783674796,56058,MRK501,0.44321635365486,88500,AP-N901-F303,0.017573757097125,0.017573757097125,93.303535461426,274.75
24-SEP-2026,20.080783674796,56058,MRK501,0.44321635365486,88500,AP-N902-F303,0.017573757097125,0.017573757097125,91.531127929688,274.75
24-SEP-2026,20.084117044327,56058,MRK501,0.44341164827347,88500,AP-N901-F303,0.017573757097125,0.017573757097125,93.303535461426,274.75
24-SEP-2026,20.084117044327,56058,MRK501,0.44341164827347,88500,AP-N902-F303,0.017573757097125,0.017573757097125,91.531127929688,274.75
24-SEP-2026,20.087450411762,56058,MRK501,0.4436063170433,88500,AP-N901-F303,0.017573757097125,0.017573757097125,93.303535461426,274.75
24-SEP-2026,20.087450411762,56058,MRK501,0.4436063170433,88500,AP-N902-F303,0.017573757097125,0.017573757097125,91.531127929688,274.75
24-SEP-2026,20.09078377553,56058,MRK501,0.44380053877831,88500,AP-N901-F303,0.017573757097125,0.017573757097125,93.303535461426,274.75
24-SEP-2026,20.09078377553,56058,MRK501,0.44380053877831,88500,AP-N902-F303,0.017573757097125,0.017573757097125,91.531127929688,274.75
24-SEP-2026,20.094117146457,56058,MRK501,0.44399404525757,88500,AP-N901-F303,0.017573757097125,0.017573757097125,93.303535461426,274.75
24-SEP-2026,20.094117146457,56058,MRK501,0.44399404525757,88500,AP-N902-F303,0.017573757097125,0.017573757097125,91.531127929688,274.75
24-SEP-2026,20.097450514242,56058,MRK501,0.44418725371361,88500,AP-N901-F303,0.017573757097125,0.017573757097125,93.303535461426,274.75
24-SEP-2026,20.097450514242,56058,MRK501,0.44418725371361,88500,AP-N902-F303,0.017573757097125,0.017573757097125,91.531127929688,274.75
24-SEP-2026,20.161184886446,56061,S-CRB,0.61470139026642,88500,AP-N901-F303,0.017912602052093,0.017912602052093,85.532905578613,274.54998779297
24-SEP-2026,20.161184886446,56061,S-CRB,0.61470139026642,88500,AP-N902-F303,0.017912602052093,0.017912602052093,83.620658874512,274.54998779297
24-SEP-2026,20.236841981806,56063,S-CRB,0.61194980144501,88500,AP-N901-F303,0.017444310709834,0.017444310709834,85.394538879395,274.64999389648
24-SEP-2026,20.236841981806,56063,S-CRB,0.61194980144501,88500,AP-N902-F303,0.017444310709834,0.017444310709834,83.928634643555,274.64999389648
24-SEP-2026,20.254758827033,56067,3C345,0.46008339524269,88500,AP-N901-F303,0.017444310709834,0.017444310709834,85.394538879395,274.64999389648
24-SEP-2026,20.254758827033,56067,3C345,0.46008339524269,88500,AP-N902-F303,0.017444310709834,0.017444310709834,83.928634643555,274.64999389648
24-SEP-2026,20.258092194992,56067,3C345,0.46021810173988,88500,AP-N901-F303,0.017444310709834,0.017444310709834,85.394538879395,274.64999389648
24-SEP-2026,20.258092194992,56067,3C345,0.46021810173988,88500,AP-N902-F303,0.017444310709834,0.017444310709834,83.928634643555,274.64999389648
24-SEP-2026,20.261703344808,56067,3C345,0.46036297082901,88500,AP-N901-F303,0.017444310709834,0.017444310709834,85.394538879395,274.64999389648
24-SEP-2026,20.261703344808,56067,3C345,0.46036297082901,88500,AP-N902-F303,0.017444310709834,0.017444310709834,83.928634643555,274.64999389648
24-SEP-2026,20.265036713815,56067,3C345,0.46049606800079,88500,AP-N901-F303,0.017444310709834,0.017444310709834,85.394538879395,274.64999389648
24-SEP-2026,20.265036713815,56067,3C345,0.46049606800079,88500,AP-N902-F303,0.017444310709834,0.017444310709834,83.928634643555,274.64999389648
24-SEP-2026,20.268370079853,56067,3C345,0.46062859892845,88500,AP-N901-F303,0.017444310709834,0.017444310709834,85.394538879395,274.64999389648
24-SEP-2026,20.268370079853,56067,3C345,0.46062859892845,88500,AP-N902-F303,0.017444310709834,0.017444310709834,83.928634643555,274.64999389648
24-SEP-2026,20.271703444494,56067,3C345,0.46076050400734,88500,AP-N901-F303,0.017444310709834,0.017444310709834,85.394538879395,274.64999389648
24-SEP-2026,20.271703444494,56067,3C345,0.46076050400734,88500,AP-N902-F303,0.017444310709834,0.017444310709834,83.928634643555,274.64999389648
24-SEP-2026,20.275036811754,56067,3C345,0.46089181303978,88500,AP-N901-F303,0.017444310709834,0.017444310709834,85.394538879395,274.64999389648
24-SEP-2026,20.275036811754,56067,3C345,0.46089181303978,88500,AP-N902-F303,0.017444310709834,0.017444310709834,83.928634643555,274.64999389648
24-SEP-2026,20.278370179015,56067,3C345,0.46102240681648,88500,AP-N901-F303,0.017444310709834,0.017444310709834,85.394538879395,274.64999389648
24-SEP-2026,20.278370179015,56067,3C345,0.46102240681648,88500,AP-N902-F303,0.017444310709834,0.017444310709834,83.928634643555,274.64999389648
24-SEP-2026,20.281703548021,56067,3C345,0.46115267276764,88500,AP-N901-F303,0.017444310709834,0.017444310709834,85.394538879395,274.64999389648
24-SEP-2026,20.281703548021,56067,3C345,0.46115267276764,88500,AP-N902-F303,0.017444310709834,0.017444310709834,83.928634643555,274.64999389648
24-SEP-2026,20.285036913361,56067,3C345,0.4612822830677,88500,AP-N901-F303,0.017444310709834,0.017444310709834,85.394538879395,274.64999389648
24-SEP-2026,20.285036913361,56067,3C345,0.4612822830677,88500,AP-N902-F303,0.017444310709834,0.017444310709834,83.928634643555,274.64999389648
24-SEP-2026,20.288370283765,56067,3C345,0.46141114830971,88500,AP-N901-F303,0.017444310709834,0.017444310709834,85.394538879395,274.64999389648
24-SEP-2026,20.288370283765,56067,3C345,0.46141114830971,88500,AP-N902-F303,0.017444310709834,0.017444310709834,83.928634643555,274.64999389648
24-SEP-2026,20.291703649453,56067,3C345,0.4615395963192,88500,AP-N901-F303,0.017444310709834,0.017444310709834,85.394538879395,274.64999389648
24-SEP-2026,20.291703649453,56067,3C345,0.4615395963192,88500,AP-N902-F303,0.017444310709834,0.017444310709834,83.928634643555,274.64999389648
24-SEP-2026,20.295037015492,56067,3C345,0.4616673886776,88500,AP-N901-F303,0.017444310709834,0.017444310709834,85.394538879395,274.64999389648
24-SEP-2026,20.295037015492,56067,3C345,0.4616673886776,88500,AP-N902-F303,0.017444310709834,0.017444310709834,83.928634643555,274.64999389648
24-SEP-2026,20.298370383276,56067,3C345,0.46179458498955,88500,AP-N901-F303,0.017444310709834,0.017444310709834,85.394538879395,274.64999389648
24-SEP-2026,20.298370383276,56067,3C345,0.46179458498955,88500,AP-N902-F303,0.017444310709834,0.017444310709834,83.928634643555,274.64999389648
24-SEP-2026,20.338648569988,56074,MRK501,0.4566565155983,88500,AP-N901-F303,0.017337484285235,0.017337484285235,91.54857635498,274.54998779297
24-SEP-2026,20.338648569988,56074,MRK501,0.4566565155983,88500,AP-N902-F303,0.017337484285235,0.017337484285235,89.768997192383,274.54998779297
24-SEP-2026,20.341981934804,56074,MRK501,0.4568078815937,88500,AP-N901-F303,0.017337484285235,0.017337484285235,91.54857635498,274.54998779297
24-SEP-2026,20.341981934804,56074,MRK501,0.4568078815937,88500,AP-N902-F303,0.017337484285235,0.017337484285235,89.768997192383,274.54998779297
24-SEP-2026,20.345593084619,56074,MRK501,0.45697128772736,88500,AP-N901-F303,0.017337484285235,0.017337484285235,91.54857635498,274.54998779297
24-SEP-2026,20.345593084619,56074,MRK501,0.45697128772736,88500,AP-N902-F303,0.017337484285235,0.017337484285235,89.768997192383,274.54998779297
24-SEP-2026,20.348926452054,56074,MRK501,0.45712146162987,88500,AP-N901-F303,0.017337484285235,0.017337484285235,91.54857635498,274.54998779297
24-SEP-2026,20.348926452054,56074,MRK501,0.45712146162987,88500,AP-N902-F303,0.017337484285235,0.017337484285235,89.768997192383,274.54998779297
24-SEP-2026,20.352259817918,56074,MRK501,0.45727095007896,88500,AP-N901-F303,0.017337484285235,0.017337484285235,91.54857635498,274.54998779297
24-SEP-2026,20.352259817918,56074,MRK501,0.45727095007896,88500,AP-N902-F303,0.017337484285235,0.017337484285235,89.768997192383,274.54998779297
24-SEP-2026,20.355593186924,56074,MRK501,0.45741990208626,88500,AP-N901-F303,0.017337484285235,0.017337484285235,91.54857635498,274.54998779297
24-SEP-2026,20.355593186924,56074,MRK501,0.45741990208626,88500,AP-N902-F303,0.017337484285235,0.017337484285235,89.768997192383,274.54998779297
24-SEP-2026,20.358926556979,56074,MRK501,0.45756837725639,88500,AP-N901-F303,0.017337484285235,0.017337484285235,91.54857635498,274.54998779297
24-SEP-2026,20.358926556979,56074,MRK501,0.45756837725639,88500,AP-N902-F303,0.017337484285235,0.017337484285235,89.768997192383,274.54998779297
24-SEP-2026,20.362259919524,56074,MRK501,0.45771619677544,88500,AP-N901-F303,0.017337484285235,0.017337484285235,91.54857635498,274.54998779297
24-SEP-2026,20.362259919524,56074,MRK501,0.45771619677544,88500,AP-N902-F303,0.017337484285235,0.017337484285235,89.768997192383,274.54998779297
24-SEP-2026,20.365593288531,56074,MRK501,0.45786345005035,88500,AP-N901-F303,0.017337484285235,0.017337484285235,91.54857635498,274.54998779297
24-SEP-2026,20.365593288531,56074,MRK501,0.45786345005035,88500,AP-N902-F303,0.017337484285235,0.017337484285235,89.768997192383,274.54998779297
24-SEP-2026,20.368926655966,56074,MRK501,0.4580100774765,88500,AP-N901-F303,0.017337484285235,0.017337484285235,91.54857635498,274.54998779297
24-SEP-2026,20.368926655966,56074,MRK501,0.4580100774765,88500,AP-N902-F303,0.017337484285235,0.017337484285235,89.768997192383,274.54998779297
24-SEP-2026,20.372676692694,56074,MRK501,0.45817443728447,88500,AP-N901-F303,0.017337484285235,0.017337484285235,91.54857635498,274.54998779297
24-SEP-2026,20.372676692694,56074,MRK501,0.45817443728447,88500,AP-N902-F303,0.017337484285235,0.017337484285235,89.768997192383,274.54998779297
24-SEP-2026,20.376148950009,56074,MRK501,0.45832592248917,88500,AP-N901-F303,0.017337484285235,0.017337484285235,91.54857635498,274.54998779297
24-SEP-2026,20.376148950009,56074,MRK501,0.45832592248917,88500,AP-N902-F303,0.017337484285235,0.017337484285235,89.768997192383,274.54998779297
24-SEP-2026,20.379482316571,56074,MRK501,0.45847073197365,88500,AP-N901-F303,0.017337484285235,0.017337484285235,91.54857635498,274.54998779297
24-SEP-2026,20.379482316571,56074,MRK501,0.45847073197365,88500,AP-N902-F303,0.017337484285235,0.017337484285235,89.768997192383,274.54998779297
24-SEP-2026,20.382815684355,56074,MRK501,0.45861509442329,88500,AP-N901-F303,0.017337484285235,0.017337484285235,91.54857635498,274.54998779297
24-SEP-2026,20.382815684355,56074,MRK501,0.45861509442329,88500,AP-N902-F303,0.017337484285235,0.017337484285235,89.768997192383,274.54998779297
24-SEP-2026,20.38614905214,56074,MRK501,0.45875865221024,88500,AP-N901-F303,0.017337484285235,0.017337484285235,91.54857635498,274.54998779297
24-SEP-2026,20.38614905214,56074,MRK501,0.45875865221024,88500,AP-N902-F303,0.017337484285235,0.017337484285235,89.768997192383,274.54998779297
24-SEP-2026,20.389482420797,56074,MRK501,0.4589017033577,88500,AP-N901-F303,0.017337484285235,0.017337484285235,91.54857635498,274.54998779297
24-SEP-2026,20.389482420797,56074,MRK501,0.4589017033577,88500,AP-N902-F303,0.017337484285235,0.017337484285235,89.768997192383,274.54998779297
24-SEP-2026,20.392815789455,56074,MRK501,0.45904418826103,88500,AP-N901-F303,0.017337484285235,0.017337484285235,91.54857635498,274.54998779297
24-SEP-2026,20.392815789455,56074,MRK501,0.45904418826103,88500,AP-N902-F303,0.017337484285235,0.017337484285235,89.768997192383,274.54998779297
24-SEP-2026,20.396149151826,56074,MRK501,0.45918616652489,88500,AP-N901-F303,0.017337484285235,0.017337484285235,91.54857635498,274.54998779297
24-SEP-2026,20.396149151826,56074,MRK501,0.45918616652489,88500,AP-N902-F303,0.017337484285235,0.017337484285235,89.768997192383,274.54998779297
24-SEP-2026,20.39948252188,56074,MRK501,0.45932751893997,88500,AP-N901-F303,0.017337484285235,0.017337484285235,91.54857635498,274.54998779297
24-SEP-2026,20.39948252188,56074,MRK501,0.45932751893997,88500,AP-N902-F303,0.017337484285235,0.017337484285235,89.768997192383,274.54998779297
24-SEP-2026,20.402815888791,56074,MRK501,0.45946836471558,88500,AP-N901-F303,0.017337484285235,0.017337484285235,91.54857635498,274.54998779297
24-SEP-2026,20.402815888791,56074,MRK501,0.45946836471558,88500,AP-N902-F303,0.017337484285235,0.017337484285235,89.768997192383,274.54998779297
24-SEP-2026,20.406149255179,56074,MRK501,0.4596084356308,88500,AP-N901-F303,0.017337484285235,0.017337484285235,91.54857635498,274.54998779297
24-SEP-2026,20.406149255179,56074,MRK501,0.4596084356308,88500,AP-N902-F303,0.017337484285235,0.017337484285235,89.768997192383,274.54998779297
24-SEP-2026,20.409482620518,56074,MRK501,0.45974805951118,88500,AP-N901-F303,0.017337484285235,0.017337484285235,91.54857635498,274.54998779297
24-SEP-2026,20.409482620518,56074,MRK501,0.45974805951118,88500,AP-N902-F303,0.017337484285235,0.017337484285235,89.768997192383,274.54998779297
24-SEP-2026,20.412815988128,56074,MRK501,0.45988696813583,88500,AP-N901-F303,0.017337484285235,0.017337484285235,91.54857635498,274.54998779297
24-SEP-2026,20.412815988128,56074,MRK501,0.45988696813583,88500,AP-N902-F303,0.017337484285235,0.017337484285235,89.768997192383,274.54998779297
24-SEP-2026,20.416149359579,56074,MRK501,0.46002551913261,88500,AP-N901-F303,0.017337484285235,0.017337484285235,91.54857635498,274.54998779297
24-SEP-2026,20.416149359579,56074,MRK501,0.46002551913261,88500,AP-N902-F303,0.017337484285235,0.017337484285235,89.768997192383,274.54998779297
24-SEP-2026,20.419482725443,56074,MRK501,0.46016335487366,88500,AP-N901-F303,0.017337484285235,0.017337484285235,91.54857635498,274.54998779297
24-SEP-2026,20.419482725443,56074,MRK501,0.46016335487366,88500,AP-N902-F303,0.017337484285235,0.017337484285235,89.768997192383,274.54998779297
24-SEP-2026,20.422816090783,56074,MRK501,0.46030053496361,88500,AP-N901-F303,0.017337484285235,0.017337484285235,91.54857635498,274.54998779297
24-SEP-2026,20.422816090783,56074,MRK501,0.46030053496361,88500,AP-N902-F303,0.017337484285235,0.017337484285235,89.768997192383,274.54998779297
24-SEP-2026,20.426149457519,56074,MRK501,0.46043729782104,88500,AP-N901-F303,0.017337484285235,0.017337484285235,91.54857635498,274.54998779297
24-SEP-2026,20.426149457519,56074,MRK501,0.46043729782104,88500,AP-N902-F303,0.017337484285235,0.017337484285235,89.768997192383,274.54998779297
24-SEP-2026,20.429760607509,56074,MRK501,0.46058464050293,88500,AP-N901-F303,0.017337484285235,0.017337484285235,91.54857635498,274.54998779297
24-SEP-2026,20.429760607509,56074,MRK501,0.46058464050293,88500,AP-N902-F303,0.017337484285235,0.017337484285235,89.768997192383,274.54998779297
24-SEP-2026,20.570456477136,56079,3C345,0.47018244862556,88500,AP-N901-F303,0.017156122252345,0.017156122252345,89.818634033203,274.75
24-SEP-2026,20.570456477136,56079,3C345,0.47018244862556,88500,AP-N902-F303,0.017156122252345,0.017156122252345,88.384567260742,274.75
24-SEP-2026,20.588095547492,56083,3C345,0.47058886289597,88500,AP-N901-F303,0.017156122252345,0.017156122252345,89.818634033203,274.75
24-SEP-2026,20.588095547492,56083,3C345,0.47058886289597,88500,AP-N902-F303,0.017156122252345,0.017156122252345,88.384567260742,274.75
24-SEP-2026,20.591428914578,56083,3C345,0.4706637263298,88500,AP-N901-F303,0.017156122252345,0.017156122252345,89.818634033203,274.75
24-SEP-2026,20.591428914578,56083,3C345,0.4706637263298,88500,AP-N902-F303,0.017156122252345,0.017156122252345,88.384567260742,274.75
24-SEP-2026,20.594762284108,56083,3C345,0.47073817253113,88500,AP-N901-F303,0.017156122252345,0.017156122252345,89.818634033203,274.75
24-SEP-2026,20.594762284108,56083,3C345,0.47073817253113,88500,AP-N902-F303,0.017156122252345,0.017156122252345,88.384567260742,274.75
24-SEP-2026,20.598651211764,56083,3C345,0.47082409262657,88500,AP-N901-F303,0.017156122252345,0.017156122252345,89.818634033203,274.75
24-SEP-2026,20.598651211764,56083,3C345,0.47082409262657,88500,AP-N902-F303,0.017156122252345,0.017156122252345,88.384567260742,274.75
24-SEP-2026,20.602262358785,56083,3C345,0.47090315818787,88500,AP-N901-F303,0.017156122252345,0.017156122252345,89.818634033203,274.75
24-SEP-2026,20.602262358785,56083,3C345,0.47090315818787,88500,AP-N902-F303,0.017156122252345,0.017156122252345,88.384567260742,274.75
24-SEP-2026,20.605595725522,56083,3C345,0.47097557783127,88500,AP-N901-F303,0.017156122252345,0.017156122252345,89.818634033203,274.75
24-SEP-2026,20.605595725522,56083,3C345,0.47097557783127,88500,AP-N902-F303,0.017156122252345,0.017156122252345,88.384567260742,274.75
24-SEP-2026,20.608929095402,56083,3C345,0.47104734182358,88500,AP-N901-F303,0.017156122252345,0.017156122252345,89.818634033203,274.75
24-SEP-2026,20.608929095402,56083,3C345,0.47104734182358,88500,AP-N902-F303,0.017156122252345,0.017156122252345,88.384567260742,274.75
24-SEP-2026,20.612540242423,56083,3C345,0.47112438082695,88500,AP-N901-F303,0.017156122252345,0.017156122252345,89.818634033203,274.75
24-SEP-2026,20.612540242423,56083,3C345,0.47112438082695,88500,AP-N902-F303,0.017156122252345,0.017156122252345,88.384567260742,274.75
24-SEP-2026,20.615873609509,56083,3C345,0.47119483351707,88500,AP-N901-F303,0.017156122252345,0.017156122252345,89.818634033203,274.75
24-SEP-2026,20.615873609509,56083,3C345,0.47119483351707,88500,AP-N902-F303,0.017156122252345,0.017156122252345,88.384567260742,274.75
24-SEP-2026,20.619484756007,56083,3C345,0.47127068042755,88500,AP-N901-F303,0.017156122252345,0.017156122252345,89.818634033203,274.75
24-SEP-2026,20.619484756007,56083,3C345,0.47127068042755,88500,AP-N902-F303,0.017156122252345,0.017156122252345,88.384567260742,274.75
24-SEP-2026,20.622818123966,56083,3C345,0.47133988142014,88500,AP-N901-F303,0.017156122252345,0.017156122252345,89.818634033203,274.75
24-SEP-2026,20.622818123966,56083,3C345,0.47133988142014,88500,AP-N902-F303,0.017156122252345,0.017156122252345,88.384567260742,274.75
24-SEP-2026,20.626151491575,56083,3C345,0.47140851616859,88500,AP-N901-F303,0.017156122252345,0.017156122252345,89.818634033203,274.75
24-SEP-2026,20.626151491575,56083,3C345,0.47140851616859,88500,AP-N902-F303,0.017156122252345,0.017156122252345,88.384567260742,274.75
24-SEP-2026,20.629762640518,56083,3C345,0.47148224711418,88500,AP-N901-F303,0.017156122252345,0.017156122252345,89.818634033203,274.75
24-SEP-2026,20.629762640518,56083,3C345,0.47148224711418,88500,AP-N902-F303,0.017156122252345,0.017156122252345,88.384567260742,274.75
24-SEP-2026,20.633096005857,56083,3C345,0.4715496301651,88500,AP-N901-F303,0.017156122252345,0.017156122252345,89.818634033203,274.75
24-SEP-2026,20.633096005857,56083,3C345,0.4715496301651,88500,AP-N902-F303,0.017156122252345,0.017156122252345,88.384567260742,274.75
24-SEP-2026,20.671568621503,56090,MRK501,0.46888208389282,88500,AP-N901-F303,0.016871176660061,0.016871176660061,88.855926513672,274.54998779297
24-SEP-2026,20.671568621503,56090,MRK501,0.46888208389282,88500,AP-N902-F303,0.016871176660061,0.016871176660061,87.833480834961,274.54998779297
24-SEP-2026,20.675318659802,56090,MRK501,0.46898618340492,88500,AP-N901-F303,0.016871176660061,0.016871176660061,88.855926513672,274.54998779297
24-SEP-2026,20.675318659802,56090,MRK501,0.46898618340492,88500,AP-N902-F303,0.016871176660061,0.016871176660061,87.833480834961,274.54998779297
24-SEP-2026,20.678652024792,56090,MRK501,0.4690780043602,88500,AP-N901-F303,0.016871176660061,0.016871176660061,88.855926513672,274.54998779297
24-SEP-2026,20.678652024792,56090,MRK501,0.4690780043602,88500,AP-N902-F303,0.016871176660061,0.016871176660061,87.833480834961,274.54998779297
24-SEP-2026,20.681985391529,56090,MRK501,0.46916937828064,88500,AP-N901-F303,0.016871176660061,0.016871176660061,88.855926513672,274.54998779297
24-SEP-2026,20.681985391529,56090,MRK501,0.46916937828064,88500,AP-N902-F303,0.016871176660061,0.016871176660061,87.833480834961,274.54998779297
24-SEP-2026,20.685596541345,56090,MRK501,0.46926751732826,88500,AP-N901-F303,0.016871176660061,0.016871176660061,88.855926513672,274.54998779297
24-SEP-2026,20.685596541345,56090,MRK501,0.46926751732826,88500,AP-N902-F303,0.016871176660061,0.016871176660061,87.833480834961,274.54998779297
24-SEP-2026,20.689207688715,56090,MRK501,0.46936503052711,88500,AP-N901-F303,0.016871176660061,0.016871176660061,88.855926513672,274.54998779297
24-SEP-2026,20.689207688715,56090,MRK501,0.46936503052711,88500,AP-N902-F303,0.016871176660061,0.016871176660061,87.833480834961,274.54998779297
24-SEP-2026,20.692541055627,56090,MRK501,0.46945440769196,88500,AP-N901-F303,0.016871176660061,0.016871176660061,88.855926513672,274.54998779297
24-SEP-2026,20.692541055627,56090,MRK501,0.46945440769196,88500,AP-N902-F303,0.016871176660061,0.016871176660061,87.833480834961,274.54998779297
24-SEP-2026,20.695874422538,56090,MRK501,0.46954324841499,88500,AP-N901-F303,0.016871176660061,0.016871176660061,88.855926513672,274.54998779297
24-SEP-2026,20.695874422538,56090,MRK501,0.46954324841499,88500,AP-N902-F303,0.016871176660061,0.016871176660061,87.833480834961,274.54998779297
24-SEP-2026,20.699485572004,56090,MRK501,0.4696387052536,88500,AP-N901-F303,0.016871176660061,0.016871176660061,88.855926513672,274.54998779297
24-SEP-2026,20.699485572004,56090,MRK501,0.4696387052536,88500,AP-N902-F303,0.016871176660061,0.016871176660061,87.833480834961,274.54998779297
24-SEP-2026,20.702818936994,56090,MRK501,0.4697262942791,88500,AP-N901-F303,0.016871176660061,0.016871176660061,88.855926513672,274.54998779297
24-SEP-2026,20.702818936994,56090,MRK501,0.4697262942791,88500,AP-N902-F303,0.016871176660061,0.016871176660061,87.833480834961,274.54998779297
24-SEP-2026,20.706430087334,56090,MRK501,0.46982035040855,88500,AP-N901-F303,0.016871176660061,0.016871176660061,88.855926513672,274.54998779297
24-SEP-2026,20.706430087334,56090,MRK501,0.46982035040855,88500,AP-N902-F303,0.016871176660061,0.016871176660061,87.833480834961,274.54998779297
24-SEP-2026,20.709763453721,56090,MRK501,0.46990662813187,88500,AP-N901-F303,0.016871176660061,0.016871176660061,88.855926513672,274.54998779297
24-SEP-2026,20.709763453721,56090,MRK501,0.46990662813187,88500,AP-N902-F303,0.016871176660061,0.016871176660061,87.833480834961,274.54998779297
24-SEP-2026,20.713096822029,56090,MRK501,0.46999236941338,88500,AP-N901-F303,0.016871176660061,0.016871176660061,88.855926513672,274.54998779297
24-SEP-2026,20.713096822029,56090,MRK501,0.46999236941338,88500,AP-N902-F303,0.016871176660061,0.016871176660061,87.833480834961,274.54998779297
24-SEP-2026,20.716430187543,56090,MRK501,0.47007745504379,88500,AP-N901-F303,0.016871176660061,0.016871176660061,88.855926513672,274.54998779297
24-SEP-2026,20.716430187543,56090,MRK501,0.47007745504379,88500,AP-N902-F303,0.016871176660061,0.016871176660061,87.833480834961,274.54998779297
24-SEP-2026,20.720041336311,56090,MRK501,0.47016894817352,88500,AP-N901-F303,0.016871176660061,0.016871176660061,88.855926513672,274.54998779297
24-SEP-2026,20.720041336311,56090,MRK501,0.47016894817352,88500,AP-N902-F303,0.016871176660061,0.016871176660061,87.833480834961,274.54998779297
24-SEP-2026,20.723930262744,56090,MRK501,0.47026669979095,88500,AP-N901-F303,0.016871176660061,0.016871176660061,88.855926513672,274.54998779297
24-SEP-2026,20.723930262744,56090,MRK501,0.47026669979095,88500,AP-N902-F303,0.016871176660061,0.016871176660061,87.833480834961,274.54998779297
24-SEP-2026,20.727541411861,56090,MRK501,0.47035676240921,88500,AP-N901-F303,0.016871176660061,0.016871176660061,88.855926513672,274.54998779297
24-SEP-2026,20.727541411861,56090,MRK501,0.47035676240921,88500,AP-N902-F303,0.016871176660061,0.016871176660061,87.833480834961,274.54998779297
24-SEP-2026,20.73087478017,56090,MRK501,0.47043922543526,88500,AP-N901-F303,0.016871176660061,0.016871176660061,88.855926513672,274.54998779297
24-SEP-2026,20.73087478017,56090,MRK501,0.47043922543526,88500,AP-N902-F303,0.016871176660061,0.016871176660061,87.833480834961,274.54998779297
24-SEP-2026,20.734208145684,56090,MRK501,0.47052109241486,88500,AP-N901-F303,0.016871176660061,0.016871176660061,88.855926513672,274.54998779297
24-SEP-2026,20.734208145684,56090,MRK501,0.47052109241486,88500,AP-N902-F303,0.016871176660061,0.016871176660061,87.833480834961,274.54998779297
24-SEP-2026,20.73754151504,56090,MRK501,0.47060242295265,88500,AP-N901-F303,0.016871176660061,0.016871176660061,88.855926513672,274.54998779297
24-SEP-2026,20.73754151504,56090,MRK501,0.47060242295265,88500,AP-N902-F303,0.016871176660061,0.016871176660061,87.833480834961,274.54998779297
24-SEP-2026,20.740874882475,56090,MRK501,0.47068300843239,88500,AP-N901-F303,0.016871176660061,0.016871176660061,88.855926513672,274.54998779297
24-SEP-2026,20.740874882475,56090,MRK501,0.47068300843239,88500,AP-N902-F303,0.016871176660061,0.016871176660061,87.833480834961,274.54998779297
24-SEP-2026,20.744486027052,56090,MRK501,0.47076979279518,88500,AP-N901-F303,0.016871176660061,0.016871176660061,88.855926513672,274.54998779297
24-SEP-2026,20.744486027052,56090,MRK501,0.47076979279518,88500,AP-N902-F303,0.016871176660061,0.016871176660061,87.833480834961,274.54998779297
24-SEP-2026,20.748097176518,56090,MRK501,0.47085577249527,88500,AP-N901-F303,0.016871176660061,0.016871176660061,88.855926513672,274.54998779297
24-SEP-2026,20.748097176518,56090,MRK501,0.47085577249527,88500,AP-N902-F303,0.016871176660061,0.016871176660061,87.833480834961,274.54998779297
24-SEP-2026,20.751430543429,56090,MRK501,0.47093456983566,88500,AP-N901-F303,0.016871176660061,0.016871176660061,88.855926513672,274.54998779297
24-SEP-2026,20.751430543429,56090,MRK501,0.47093456983566,88500,AP-N902-F303,0.016871176660061,0.016871176660061,87.833480834961,274.54998779297
24-SEP-2026,20.754763910515,56090,MRK501,0.47101277112961,88500,AP-N901-F303,0.016871176660061,0.016871176660061,88.855926513672,274.54998779297
24-SEP-2026,20.754763910515,56090,MRK501,0.47101277112961,88500,AP-N902-F303,0.016871176660061,0.016871176660061,87.833480834961,274.54998779297
24-SEP-2026,20.758375057886,56090,MRK501,0.47109678387642,88500,AP-N901-F303,0.016871176660061,0.016871176660061,88.855926513672,274.54998779297
24-SEP-2026,20.758375057886,56090,MRK501,0.47109678387642,88500,AP-N902-F303,0.016871176660061,0.016871176660061,87.833480834961,274.54998779297
24-SEP-2026,20.761708426892,56090,MRK501,0.47117361426353,88500,AP-N901-F303,0.016871176660061,0.016871176660061,88.855926513672,274.54998779297
24-SEP-2026,20.761708426892,56090,MRK501,0.47117361426353,88500,AP-N902-F303,0.016871176660061,0.016871176660061,87.833480834961,274.54998779297
24-SEP-2026,20.765041792232,56090,MRK501,0.47125002741814,88500,AP-N901-F303,0.016871176660061,0.016871176660061,88.855926513672,274.54998779297
24-SEP-2026,20.765041792232,56090,MRK501,0.47125002741814,88500,AP-N902-F303,0.016871176660061,0.016871176660061,87.833480834961,274.54998779297
24-SEP-2026,20.904070975959,56095,3C345,0.47500345110893,88500,AP-N901-F303,0.016913676634431,0.016913676634431,89.733093261719,274.64999389648
24-SEP-2026,20.904070975959,56095,3C345,0.47500345110893,88500,AP-N902-F303,0.016913676634431,0.016913676634431,88.250221252441,274.64999389648
24-SEP-2026,20.92171005068,56099,3C345,0.47508856654167,88500,AP-N901-F303,0.016913676634431,0.016913676634431,89.733093261719,274.64999389648
24-SEP-2026,20.92171005068,56099,3C345,0.47508856654167,88500,AP-N902-F303,0.016913676634431,0.016913676634431,88.250221252441,274.64999389648
24-SEP-2026,20.925321200844,56099,3C345,0.47510454058647,88500,AP-N901-F303,0.016913676634431,0.016913676634431,89.733093261719,274.64999389648
24-SEP-2026,20.925321200844,56099,3C345,0.47510454058647,88500,AP-N902-F303,0.016913676634431,0.016913676634431,88.250221252441,274.64999389648
24-SEP-2026,20.928654568454,56099,3C345,0.47511801123619,88500,AP-N901-F303,0.016913676634431,0.016913676634431,89.733093261719,274.64999389648
24-SEP-2026,20.928654568454,56099,3C345,0.47511801123619,88500,AP-N902-F303,0.016913676634431,0.016913676634431,88.250221252441,274.64999389648
24-SEP-2026,20.931987934841,56099,3C345,0.47513109445572,88500,AP-N901-F303,0.016913676634431,0.016913676634431,89.733093261719,274.64999389648
24-SEP-2026,20.931987934841,56099,3C345,0.47513109445572,88500,AP-N902-F303,0.016913676634431,0.016913676634431,88.250221252441,274.64999389648
24-SEP-2026,20.935599080117,56099,3C345,0.47514441609383,88500,AP-N901-F303,0.016913676634431,0.016913676634431,89.733093261719,274.64999389648
24-SEP-2026,20.935599080117,56099,3C345,0.47514441609383,88500,AP-N902-F303,0.016913676634431,0.016913676634431,88.250221252441,274.64999389648
24-SEP-2026,20.938932448949,56099,3C345,0.47515618801117,88500,AP-N901-F303,0.016913676634431,0.016913676634431,89.733093261719,274.64999389648
24-SEP-2026,20.938932448949,56099,3C345,0.47515618801117,88500,AP-N902-F303,0.016913676634431,0.016913676634431,88.250221252441,274.64999389648
24-SEP-2026,20.942543597018,56099,3C345,0.47516852617264,88500,AP-N901-F303,0.016913676634431,0.016913676634431,89.733093261719,274.64999389648
24-SEP-2026,20.942543597018,56099,3C345,0.47516852617264,88500,AP-N902-F303,0.016913676634431,0.016913676634431,88.250221252441,274.64999389648
24-SEP-2026,20.945876964977,56099,3C345,0.4751785993576,88500,AP-N901-F303,0.016913676634431,0.016913676634431,89.733093261719,274.64999389648
24-SEP-2026,20.945876964977,56099,3C345,0.4751785993576,88500,AP-N902-F303,0.016913676634431,0.016913676634431,88.250221252441,274.64999389648
24-SEP-2026,20.949210333111,56099,3C345,0.47518852353096,88500,AP-N901-F303,0.016913676634431,0.016913676634431,89.733093261719,274.64999389648
24-SEP-2026,20.949210333111,56099,3C345,0.47518852353096,88500,AP-N902-F303,0.016913676634431,0.016913676634431,88.250221252441,274.64999389648
24-SEP-2026,20.952543696879,56099,3C345,0.47519782185555,88500,AP-N901-F303,0.016913676634431,0.016913676634431,89.733093261719,274.64999389648
24-SEP-2026,20.952543696879,56099,3C345,0.47519782185555,88500,AP-N902-F303,0.016913676634431,0.016913676634431,88.250221252441,274.64999389648
24-SEP-2026,20.955877066584,56099,3C345,0.47520640492439,88500,AP-N901-F303,0.016913676634431,0.016913676634431,89.733093261719,274.64999389648
24-SEP-2026,20.955877066584,56099,3C345,0.47520640492439,88500,AP-N902-F303,0.016913676634431,0.016913676634431,88.250221252441,274.64999389648
24-SEP-2026,20.959210434019,56099,3C345,0.47521442174911,88500,AP-N901-F303,0.016913676634431,0.016913676634431,89.733093261719,274.64999389648
24-SEP-2026,20.959210434019,56099,3C345,0.47521442174911,88500,AP-N902-F303,0.016913676634431,0.016913676634431,88.250221252441,274.64999389648
24-SEP-2026,20.96254380093,56099,3C345,0.47522184252739,88500,AP-N901-F303,0.016913676634431,0.016913676634431,89.733093261719,274.64999389648
24-SEP-2026,20.96254380093,56099,3C345,0.47522184252739,88500,AP-N902-F303,0.016913676634431,0.016913676634431,88.250221252441,274.64999389648
24-SEP-2026,20.965877167492,56099,3C345,0.47522869706154,88500,AP-N901-F303,0.016913676634431,0.016913676634431,89.733093261719,274.64999389648
24-SEP-2026,20.965877167492,56099,3C345,0.47522869706154,88500,AP-N902-F303,0.016913676634431,0.016913676634431,88.250221252441,274.64999389648
24-SEP-2026,21.004766451906,56106,MRK501,0.47515344619751,88500,AP-N901-F303,0.017023675143719,0.017023675143719,87.884140014648,274.54998779297
24-SEP-2026,21.004766451906,56106,MRK501,0.47515344619751,88500,AP-N902-F303,0.017023675143719,0.017023675143719,86.624412536621,274.54998779297
24-SEP-2026,21.008099819691,56106,MRK501,0.47518628835678,88500,AP-N901-F303,0.017023675143719,0.017023675143719,87.884140014648,274.54998779297
24-SEP-2026,21.008099819691,56106,MRK501,0.47518628835678,88500,AP-N902-F303,0.017023675143719,0.017023675143719,86.624412536621,274.54998779297
24-SEP-2026,21.011433187824,56106,MRK501,0.47521778941154,88500,AP-N901-F303,0.017023675143719,0.017023675143719,87.884140014648,274.54998779297
24-SEP-2026,21.011433187824,56106,MRK501,0.47521778941154,88500,AP-N902-F303,0.017023675143719,0.017023675143719,86.624412536621,274.54998779297
24-SEP-2026,21.014766551767,56106,MRK501,0.47524872422218,88500,AP-N901-F303,0.017023675143719,0.017023675143719,87.884140014648,274.54998779297
24-SEP-2026,21.014766551767,56106,MRK501,0.47524872422218,88500,AP-N902-F303,0.017023675143719,0.017023675143719,86.624412536621,274.54998779297
24-SEP-2026,21.018377698614,56106,MRK501,0.47528141736984,88500,AP-N901-F303,0.017023675143719,0.017023675143719,87.884140014648,274.54998779297
24-SEP-2026,21.018377698614,56106,MRK501,0.47528141736984,88500,AP-N902-F303,0.017023675143719,0.017023675143719,86.624412536621,274.54998779297
24-SEP-2026,21.021988851049,56106,MRK501,0.47531369328499,88500,AP-N901-F303,0.017023675143719,0.017023675143719,87.884140014648,274.54998779297
24-SEP-2026,21.021988851049,56106,MRK501,0.47531369328499,88500,AP-N902-F303,0.017023675143719,0.017023675143719,86.624412536621,274.54998779297
24-SEP-2026,21.025322215864,56106,MRK501,0.47534272074699,88500,AP-N901-F303,0.017023675143719,0.017023675143719,87.884140014648,274.54998779297
24-SEP-2026,21.025322215864,56106,MRK501,0.47534272074699,88500,AP-N902-F303,0.017023675143719,0.017023675143719,86.624412536621,274.54998779297
24-SEP-2026,21.028933363235,56106,MRK501,0.47537344694138,88500,AP-N901-F303,0.017023675143719,0.017023675143719,87.884140014648,274.54998779297
24-SEP-2026,21.028933363235,56106,MRK501,0.47537344694138,88500,AP-N902-F303,0.017023675143719,0.017023675143719,86.624412536621,274.54998779297
24-SEP-2026,21.032266729972,56106,MRK501,0.47540104389191,88500,AP-N901-F303,0.017023675143719,0.017023675143719,87.884140014648,274.54998779297
24-SEP-2026,21.032266729972,56106,MRK501,0.47540104389191,88500,AP-N902-F303,0.017023675143719,0.017023675143719,86.624412536621,274.54998779297
24-SEP-2026,21.035600099677,56106,MRK501,0.47542837262154,88500,AP-N901-F303,0.017023675143719,0.017023675143719,87.884140014648,274.54998779297
24-SEP-2026,21.035600099677,56106,MRK501,0.47542837262154,88500,AP-N902-F303,0.017023675143719,0.017023675143719,86.624412536621,274.54998779297
24-SEP-2026,21.038933466937,56106,MRK501,0.47545489668846,88500,AP-N901-F303,0.017023675143719,0.017023675143719,87.884140014648,274.54998779297
24-SEP-2026,21.038933466937,56106,MRK501,0.47545489668846,88500,AP-N902-F303,0.017023675143719,0.017023675143719,86.624412536621,274.54998779297
24-SEP-2026,21.042266834722,56106,MRK501,0.47548079490662,88500,AP-N901-F303,0.017023675143719,0.017023675143719,87.884140014648,274.54998779297
24-SEP-2026,21.042266834722,56106,MRK501,0.47548079490662,88500,AP-N902-F303,0.017023675143719,0.017023675143719,86.624412536621,274.54998779297
24-SEP-2026,21.045600197791,56106,MRK501,0.47550612688065,88500,AP-N901-F303,0.017023675143719,0.017023675143719,87.884140014648,274.54998779297
24-SEP-2026,21.045600197791,56106,MRK501,0.47550612688065,88500,AP-N902-F303,0.017023675143719,0.017023675143719,86.624412536621,274.54998779297
24-SEP-2026,21.048933566623,56106,MRK501,0.47553074359894,88500,AP-N901-F303,0.017023675143719,0.017023675143719,87.884140014648,274.54998779297
24-SEP-2026,21.048933566623,56106,MRK501,0.47553074359894,88500,AP-N902-F303,0.017023675143719,0.017023675143719,86.624412536621,274.54998779297
24-SEP-2026,21.052544713994,56106,MRK501,0.47555688023567,88500,AP-N901-F303,0.017023675143719,0.017023675143719,87.884140014648,274.54998779297
24-SEP-2026,21.052544713994,56106,MRK501,0.47555688023567,88500,AP-N902-F303,0.017023675143719,0.017023675143719,86.624412536621,274.54998779297
24-SEP-2026,21.055878084747,56106,MRK501,0.47558033466339,88500,AP-N901-F303,0.017023675143719,0.017023675143719,87.884140014648,274.54998779297
24-SEP-2026,21.055878084747,56106,MRK501,0.47558033466339,88500,AP-N902-F303,0.017023675143719,0.017023675143719,86.624412536621,274.54998779297
24-SEP-2026,21.059489230895,56106,MRK501,0.47560507059097,88500,AP-N901-F303,0.017023675143719,0.017023675143719,87.884140014648,274.54998779297
24-SEP-2026,21.059489230895,56106,MRK501,0.47560507059097,88500,AP-N902-F303,0.017023675143719,0.017023675143719,86.624412536621,274.54998779297
24-SEP-2026,21.062822595711,56106,MRK501,0.47562721371651,88500,AP-N901-F303,0.017023675143719,0.017023675143719,87.884140014648,274.54998779297
24-SEP-2026,21.062822595711,56106,MRK501,0.47562721371651,88500,AP-N902-F303,0.017023675143719,0.017023675143719,86.624412536621,274.54998779297
24-SEP-2026,21.066433745003,56106,MRK501,0.47565048933029,88500,AP-N901-F303,0.017023675143719,0.017023675143719,87.884140014648,274.54998779297
24-SEP-2026,21.066433745003,56106,MRK501,0.47565048933029,88500,AP-N902-F303,0.017023675143719,0.017023675143719,86.624412536621,274.54998779297
24-SEP-2026,21.069767110168,56106,MRK501,0.47567141056061,88500,AP-N901-F303,0.017023675143719,0.017023675143719,87.884140014648,274.54998779297
24-SEP-2026,21.069767110168,56106,MRK501,0.47567141056061,88500,AP-N902-F303,0.017023675143719,0.017023675143719,86.624412536621,274.54998779297
24-SEP-2026,21.073100479873,56106,MRK501,0.47569158673286,88500,AP-N901-F303,0.017023675143719,0.017023675143719,87.884140014648,274.54998779297
24-SEP-2026,21.073100479873,56106,MRK501,0.47569158673286,88500,AP-N902-F303,0.017023675143719,0.017023675143719,86.624412536621,274.54998779297
24-SEP-2026,21.076433849403,56106,MRK501,0.47571143507957,88500,AP-N901-F303,0.017023675143719,0.017023675143719,87.884140014648,274.54998779297
24-SEP-2026,21.076433849403,56106,MRK501,0.47571143507957,88500,AP-N902-F303,0.017023675143719,0.017023675143719,86.624412536621,274.54998779297
24-SEP-2026,21.080044993805,56106,MRK501,0.47573202848434,88500,AP-N901-F303,0.017023675143719,0.017023675143719,87.884140014648,274.54998779297
24-SEP-2026,21.080044993805,56106,MRK501,0.47573202848434,88500,AP-N902-F303,0.017023675143719,0.017023675143719,86.624412536621,274.54998779297
24-SEP-2026,21.083656141176,56106,MRK501,0.47575199604034,88500,AP-N901-F303,0.017023675143719,0.017023675143719,87.884140014648,274.54998779297
24-SEP-2026,21.083656141176,56106,MRK501,0.47575199604034,88500,AP-N902-F303,0.017023675143719,0.017023675143719,86.624412536621,274.54998779297
24-SEP-2026,21.086989510881,56106,MRK501,0.47576969861984,88500,AP-N901-F303,0.017023675143719,0.017023675143719,87.884140014648,274.54998779297
24-SEP-2026,21.086989510881,56106,MRK501,0.47576969861984,88500,AP-N902-F303,0.017023675143719,0.017023675143719,86.624412536621,274.54998779297
24-SEP-2026,21.090322874649,56106,MRK501,0.47578683495522,88500,AP-N901-F303,0.017023675143719,0.017023675143719,87.884140014648,274.54998779297
24-SEP-2026,21.090322874649,56106,MRK501,0.47578683495522,88500,AP-N902-F303,0.017023675143719,0.017023675143719,86.624412536621,274.54998779297
24-SEP-2026,21.093934022719,56106,MRK501,0.47580471634865,88500,AP-N901-F303,0.017023675143719,0.017023675143719,87.884140014648,274.54998779297
24-SEP-2026,21.093934022719,56106,MRK501,0.47580471634865,88500,AP-N902-F303,0.017023675143719,0.017023675143719,86.624412536621,274.54998779297
24-SEP-2026,21.097267389979,56106,MRK501,0.47582083940506,88500,AP-N901-F303,0.017023675143719,0.017023675143719,87.884140014648,274.54998779297
24-SEP-2026,21.097267389979,56106,MRK501,0.47582083940506,88500,AP-N902-F303,0.017023675143719,0.017023675143719,86.624412536621,274.54998779297
24-SEP-2026,21.240695861646,56111,S-CRB,0.54229652881622,88500,AP-N901-F303,0,0,0,0
24-SEP-2026,21.240695861646,56111,S-CRB,0.54229652881622,88500,AP-N902-F303,0,0,0,0
24-SEP-2026,21.25444600452,56115,3C345,0.47350949048996,88500,AP-N901-F303,0,0,0,0
24-SEP-2026,21.25444600452,56115,3C345,0.47350949048996,88500,AP-N902-F303,0,0,0,0
24-SEP-2026,21.257779369685,56115,3C345,0.47346314787865,88500,AP-N901-F303,0,0,0,0
24-SEP-2026,21.257779369685,56115,3C345,0.47346314787865,88500,AP-N902-F303,0,0,0,0
24-SEP-2026,21.261390518802,56115,3C345,0.47341212630272,88500,AP-N901-F303,0,0,0,0
24-SEP-2026,21.261390518802,56115,3C345,0.47341212630272,88500,AP-N902-F303,0,0,0,0
24-SEP-2026,21.264723883443,56115,3C345,0.47336432337761,88500,AP-N901-F303,0,0,0,0
24-SEP-2026,21.264723883443,56115,3C345,0.47336432337761,88500,AP-N902-F303,0,0,0,0
24-SEP-2026,21.268057250354,56115,3C345,0.47331604361534,88500,AP-N901-F303,0,0,0,0
24-SEP-2026,21.268057250354,56115,3C345,0.47331604361534,88500,AP-N902-F303,0,0,0,0
24-SEP-2026,21.27166839755,56115,3C345,0.47326299548149,88500,AP-N901-F303,0,0,0,0
24-SEP-2026,21.27166839755,56115,3C345,0.47326299548149,88500,AP-N902-F303,0,0,0,0
24-SEP-2026,21.275279547366,56115,3C345,0.47320911288261,88500,AP-N901-F303,0,0,0,0
24-SEP-2026,21.275279547366,56115,3C345,0.47320911288261,88500,AP-N902-F303,0,0,0,0
24-SEP-2026,21.278612914103,56115,3C345,0.47315898537636,88500,AP-N901-F303,0,0,0,0
24-SEP-2026,21.278612914103,56115,3C345,0.47315898537636,88500,AP-N902-F303,0,0,0,0
24-SEP-2026,21.281946278744,56115,3C345,0.47310808300972,88500,AP-N901-F303,0,0,0,0
24-SEP-2026,21.281946278744,56115,3C345,0.47310808300972,88500,AP-N902-F303,0,0,0,0
24-SEP-2026,21.285279648449,56115,3C345,0.47305655479431,88500,AP-N901-F303,0,0,0,0
24-SEP-2026,21.285279648449,56115,3C345,0.47305655479431,88500,AP-N902-F303,0,0,0,0
24-SEP-2026,21.288890793549,56115,3C345,0.47300013899803,88500,AP-N901-F303,0,0,0,0
24-SEP-2026,21.288890793549,56115,3C345,0.47300013899803,88500,AP-N902-F303,0,0,0,0
24-SEP-2026,21.292501942492,56115,3C345,0.47294297814369,88500,AP-N901-F303,0,0,0,0
24-SEP-2026,21.292501942492,56115,3C345,0.47294297814369,88500,AP-N902-F303,0,0,0,0
24-SEP-2026,21.295835310451,56115,3C345,0.47288957238197,88500,AP-N901-F303,0,0,0,0
24-SEP-2026,21.295835310451,56115,3C345,0.47288957238197,88500,AP-N902-F303,0,0,0,0
24-SEP-2026,21.299168678235,56115,3C345,0.47283560037613,88500,AP-N901-F303,0,0,0,0
24-SEP-2026,21.299168678235,56115,3C345,0.47283560037613,88500,AP-N902-F303,0,0,0,0
24-SEP-2026,21.339446863201,56122,MRK501,0.47534212470055,88500,AP-N901-F303,0.016874503344297,0.016874503344297,89.93611907959,274.45001220703
24-SEP-2026,21.339446863201,56122,MRK501,0.47534212470055,88500,AP-N902-F303,0.016874503344297,0.016874503344297,88.169296264648,274.45001220703
24-SEP-2026,21.342780230287,56122,MRK501,0.47531312704086,88500,AP-N901-F303,0.016874503344297,0.016874503344297,89.93611907959,274.45001220703
24-SEP-2026,21.342780230287,56122,MRK501,0.47531312704086,88500,AP-N902-F303,0.016874503344297,0.016874503344297,88.169296264648,274.45001220703
24-SEP-2026,21.346113596499,56122,MRK501,0.47528347373009,88500,AP-N901-F303,0.016874503344297,0.016874503344297,89.93611907959,274.45001220703
24-SEP-2026,21.346113596499,56122,MRK501,0.47528347373009,88500,AP-N902-F303,0.016874503344297,0.016874503344297,88.169296264648,274.45001220703
24-SEP-2026,21.349446962014,56122,MRK501,0.47525328397751,88500,AP-N901-F303,0.016874503344297,0.016874503344297,89.93611907959,274.45001220703
24-SEP-2026,21.349446962014,56122,MRK501,0.47525328397751,88500,AP-N902-F303,0.016874503344297,0.016874503344297,88.169296264648,274.45001220703
24-SEP-2026,21.353058111654,56122,MRK501,0.4752197265625,88500,AP-N901-F303,0.016874503344297,0.016874503344297,89.93611907959,274.45001220703
24-SEP-2026,21.353058111654,56122,MRK501,0.4752197265625,88500,AP-N902-F303,0.016874503344297,0.016874503344297,88.169296264648,274.45001220703
24-SEP-2026,21.356391480836,56122,MRK501,0.4751883149147,88500,AP-N901-F303,0.016874503344297,0.016874503344297,89.93611907959,274.45001220703
24-SEP-2026,21.356391480836,56122,MRK501,0.4751883149147,88500,AP-N902-F303,0.016874503344297,0.016874503344297,88.169296264648,274.45001220703
24-SEP-2026,21.359724846699,56122,MRK501,0.4751560986042,88500,AP-N901-F303,0.016874503344297,0.016874503344297,89.93611907959,274.45001220703
24-SEP-2026,21.359724846699,56122,MRK501,0.4751560986042,88500,AP-N902-F303,0.016874503344297,0.016874503344297,88.169296264648,274.45001220703
24-SEP-2026,21.363058215007,56122,MRK501,0.47512343525887,88500,AP-N901-F303,0.016874503344297,0.016874503344297,89.93611907959,274.45001220703
24-SEP-2026,21.363058215007,56122,MRK501,0.47512343525887,88500,AP-N902-F303,0.016874503344297,0.016874503344297,88.169296264648,274.45001220703
24-SEP-2026,21.366391581046,56122,MRK501,0.47509002685547,88500,AP-N901-F303,0.016874503344297,0.016874503344297,89.93611907959,274.45001220703
24-SEP-2026,21.366391581046,56122,MRK501,0.47509002685547,88500,AP-N902-F303,0.016874503344297,0.016874503344297,88.169296264648,274.45001220703
24-SEP-2026,21.370002731036,56122,MRK501,0.47505316138268,88500,AP-N901-F303,0.016874503344297,0.016874503344297,89.93611907959,274.45001220703
24-SEP-2026,21.370002731036,56122,MRK501,0.47505316138268,88500,AP-N902-F303,0.016874503344297,0.016874503344297,88.169296264648,274.45001220703
24-SEP-2026,21.37333609655,56122,MRK501,0.47501865029335,88500,AP-N901-F303,0.016874503344297,0.016874503344297,89.93611907959,274.45001220703
24-SEP-2026,21.37333609655,56122,MRK501,0.47501865029335,88500,AP-N902-F303,0.016874503344297,0.016874503344297,88.169296264648,274.45001220703
24-SEP-2026,21.376947242873,56122,MRK501,0.4749803841114,88500,AP-N901-F303,0.016874503344297,0.016874503344297,89.93611907959,274.45001220703
24-SEP-2026,21.376947242873,56122,MRK501,0.4749803841114,88500,AP-N902-F303,0.016874503344297,0.016874503344297,88.169296264648,274.45001220703
24-SEP-2026,21.380280610133,56122,MRK501,0.47494462132454,88500,AP-N901-F303,0.016874503344297,0.016874503344297,89.93611907959,274.45001220703
24-SEP-2026,21.380280610133,56122,MRK501,0.47494462132454,88500,AP-N902-F303,0.016874503344297,0.016874503344297,88.169296264648,274.45001220703
24-SEP-2026,21.383891757329,56122,MRK501,0.4749048948288,88500,AP-N901-F303,0.016874503344297,0.016874503344297,89.93611907959,274.45001220703
24-SEP-2026,21.383891757329,56122,MRK501,0.4749048948288,88500,AP-N902-F303,0.016874503344297,0.016874503344297,88.169296264648,274.45001220703
24-SEP-2026,21.387225127035,56122,MRK501,0.47486791014671,88500,AP-N901-F303,0.016874503344297,0.016874503344297,89.93611907959,274.45001220703
24-SEP-2026,21.387225127035,56122,MRK501,0.47486791014671,88500,AP-N902-F303,0.016874503344297,0.016874503344297,88.169296264648,274.45001220703
24-SEP-2026,21.390836274231,56122,MRK501,0.47482693195343,88500,AP-N901-F303,0.016874503344297,0.016874503344297,89.93611907959,274.45001220703
24-SEP-2026,21.390836274231,56122,MRK501,0.47482693195343,88500,AP-N902-F303,0.016874503344297,0.016874503344297,88.169296264648,274.45001220703
24-SEP-2026,21.394169640967,56122,MRK501,0.47478845715523,88500,AP-N901-F303,0.016874503344297,0.016874503344297,89.93611907959,274.45001220703
24-SEP-2026,21.394169640967,56122,MRK501,0.47478845715523,88500,AP-N902-F303,0.016874503344297,0.016874503344297,88.169296264648,274.45001220703
24-SEP-2026,21.397503008402,56122,MRK501,0.47474959492683,88500,AP-N901-F303,0.016874503344297,0.016874503344297,89.93611907959,274.45001220703
24-SEP-2026,21.397503008402,56122,MRK501,0.47474959492683,88500,AP-N902-F303,0.016874503344297,0.016874503344297,88.169296264648,274.45001220703
24-SEP-2026,21.401114155075,56122,MRK501,0.47470653057098,88500,AP-N901-F303,0.016874503344297,0.016874503344297,89.93611907959,274.45001220703
24-SEP-2026,21.401114155075,56122,MRK501,0.47470653057098,88500,AP-N902-F303,0.016874503344297,0.016874503344297,88.169296264648,274.45001220703
24-SEP-2026,21.404725305065,56122,MRK501,0.47466281056404,88500,AP-N901-F303,0.016874503344297,0.016874503344297,89.93611907959,274.45001220703
24-SEP-2026,21.404725305065,56122,MRK501,0.47466281056404,88500,AP-N902-F303,0.016874503344297,0.016874503344297,88.169296264648,274.45001220703
24-SEP-2026,21.408058669007,56122,MRK501,0.47462201118469,88500,AP-N901-F303,0.016874503344297,0.016874503344297,89.93611907959,274.45001220703
24-SEP-2026,21.408058669007,56122,MRK501,0.47462201118469,88500,AP-N902-F303,0.016874503344297,0.016874503344297,88.169296264648,274.45001220703
24-SEP-2026,21.411669816902,56122,MRK501,0.47457683086395,88500,AP-N901-F303,0.016874503344297,0.016874503344297,89.93611907959,274.45001220703
24-SEP-2026,21.411669816902,56122,MRK501,0.47457683086395,88500,AP-N902-F303,0.016874503344297,0.016874503344297,88.169296264648,274.45001220703
24-SEP-2026,21.415003184337,56122,MRK501,0.4745346903801,88500,AP-N901-F303,0.016874503344297,0.016874503344297,89.93611907959,274.45001220703
24-SEP-2026,21.415003184337,56122,MRK501,0.4745346903801,88500,AP-N902-F303,0.016874503344297,0.016874503344297,88.169296264648,274.45001220703
24-SEP-2026,21.418336552994,56122,MRK501,0.47449195384979,88500,AP-N901-F303,0.016874503344297,0.016874503344297,89.93611907959,274.45001220703
24-SEP-2026,21.418336552994,56122,MRK501,0.47449195384979,88500,AP-N902-F303,0.016874503344297,0.016874503344297,88.169296264648,274.45001220703
24-SEP-2026,21.421947701588,56122,MRK501,0.47444468736649,88500,AP-N901-F303,0.016874503344297,0.016874503344297,89.93611907959,274.45001220703
24-SEP-2026,21.421947701588,56122,MRK501,0.47444468736649,88500,AP-N902-F303,0.016874503344297,0.016874503344297,88.169296264648,274.45001220703
24-SEP-2026,21.425281067102,56122,MRK501,0.47440072894096,88500,AP-N901-F303,0.016874503344297,0.016874503344297,89.93611907959,274.45001220703
24-SEP-2026,21.425281067102,56122,MRK501,0.47440072894096,88500,AP-N902-F303,0.016874503344297,0.016874503344297,88.169296264648,274.45001220703
24-SEP-2026,21.428614436283,56122,MRK501,0.47435611486435,88500,AP-N901-F303,0.016874503344297,0.016874503344297,89.93611907959,274.45001220703
24-SEP-2026,21.428614436283,56122,MRK501,0.47435611486435,88500,AP-N902-F303,0.016874503344297,0.016874503344297,88.169296264648,274.45001220703
24-SEP-2026,21.432225586448,56122,MRK501,0.47430697083473,88500,AP-N901-F303,0.016874503344297,0.016874503344297,89.93611907959,274.45001220703
24-SEP-2026,21.432225586448,56122,MRK501,0.47430697083473,88500,AP-N902-F303,0.016874503344297,0.016874503344297,88.169296264648,274.45001220703
24-SEP-2026,21.570421430892,56127,3C345,0.46642315387726,88500,AP-N901-F303,0.016688847914338,0.016688847914338,89.837951660156,274.14999389648
24-SEP-2026,21.570421430892,56127,3C345,0.46642315387726,88500,AP-N902-F303,0.016688847914338,0.016688847914338,88.298545837402,274.14999389648
24-SEP-2026,21.58806049758,56131,3C345,0.46586909890175,88500,AP-N901-F303,0.016688847914338,0.016688847914338,89.837951660156,274.14999389648
24-SEP-2026,21.58806049758,56131,3C345,0.46586909890175,88500,AP-N902-F303,0.016688847914338,0.016688847914338,88.298545837402,274.14999389648
24-SEP-2026,21.591393864316,56131,3C345,0.46576222777367,88500,AP-N901-F303,0.016688847914338,0.016688847914338,89.837951660156,274.14999389648
24-SEP-2026,21.591393864316,56131,3C345,0.46576222777367,88500,AP-N902-F303,0.016688847914338,0.016688847914338,88.298545837402,274.14999389648
24-SEP-2026,21.595005010989,56131,3C345,0.46564626693726,88500,AP-N901-F303,0.016688847914338,0.016688847914338,89.837951660156,274.14999389648
24-SEP-2026,21.595005010989,56131,3C345,0.46564626693726,88500,AP-N902-F303,0.016688847914338,0.016688847914338,88.298545837402,274.14999389648
24-SEP-2026,21.598338376328,56131,3C345,0.46553838253021,88500,AP-N901-F303,0.016688847914338,0.016688847914338,89.837951660156,274.14999389648
24-SEP-2026,21.598338376328,56131,3C345,0.46553838253021,88500,AP-N902-F303,0.016688847914338,0.016688847914338,88.298545837402,274.14999389648
24-SEP-2026,21.601949525969,56131,3C345,0.46542084217072,88500,AP-N901-F303,0.016688847914338,0.016688847914338,89.837951660156,274.14999389648
24-SEP-2026,21.601949525969,56131,3C345,0.46542084217072,88500,AP-N902-F303,0.016688847914338,0.016688847914338,88.298545837402,274.14999389648
24-SEP-2026,21.60556067561,56131,3C345,0.46530273556709,88500,AP-N901-F303,0.016688847914338,0.016688847914338,89.837951660156,274.14999389648
24-SEP-2026,21.60556067561,56131,3C345,0.46530273556709,88500,AP-N902-F303,0.016688847914338,0.016688847914338,88.298545837402,274.14999389648
24-SEP-2026,21.609449602916,56131,3C345,0.46517458558083,88500,AP-N901-F303,0.016688847914338,0.016688847914338,89.837951660156,274.14999389648
24-SEP-2026,21.609449602916,56131,3C345,0.46517458558083,88500,AP-N902-F303,0.016688847914338,0.016688847914338,88.298545837402,274.14999389648
24-SEP-2026,21.612782969129,56131,3C345,0.46506425738335,88500,AP-N901-F303,0.016688847914338,0.016688847914338,89.837951660156,274.14999389648
24-SEP-2026,21.612782969129,56131,3C345,0.46506425738335,88500,AP-N902-F303,0.016688847914338,0.016688847914338,88.298545837402,274.14999389648
24-SEP-2026,21.616394119468,56131,3C345,0.46494388580322,88500,AP-N901-F303,0.016688847914338,0.016688847914338,89.837951660156,274.14999389648
24-SEP-2026,21.616394119468,56131,3C345,0.46494388580322,88500,AP-N902-F303,0.016688847914338,0.016688847914338,88.298545837402,274.14999389648
24-SEP-2026,21.619727484284,56131,3C345,0.4648323059082,88500,AP-N901-F303,0.016688847914338,0.016688847914338,89.837951660156,274.14999389648
24-SEP-2026,21.619727484284,56131,3C345,0.4648323059082,88500,AP-N902-F303,0.016688847914338,0.016688847914338,88.298545837402,274.14999389648
24-SEP-2026,21.62306085364,56131,3C345,0.46472012996674,88500,AP-N901-F303,0.016688847914338,0.016688847914338,89.837951660156,274.14999389648
24-SEP-2026,21.62306085364,56131,3C345,0.46472012996674,88500,AP-N902-F303,0.016688847914338,0.016688847914338,88.298545837402,274.14999389648
24-SEP-2026,21.626394219329,56131,3C345,0.46460726857185,88500,AP-N901-F303,0.016688847914338,0.016688847914338,89.837951660156,274.14999389648
24-SEP-2026,21.626394219329,56131,3C345,0.46460726857185,88500,AP-N902-F303,0.016688847914338,0.016688847914338,88.298545837402,274.14999389648
24-SEP-2026,21.63000536443,56131,3C345,0.46448448300362,88500,AP-N901-F303,0.016688847914338,0.016688847914338,89.837951660156,274.14999389648
24-SEP-2026,21.63000536443,56131,3C345,0.46448448300362,88500,AP-N902-F303,0.016688847914338,0.016688847914338,88.298545837402,274.14999389648
24-SEP-2026,21.633338733611,56131,3C345,0.4643702507019,88500,AP-N901-F303,0.016688847914338,0.016688847914338,89.837951660156,274.14999389648
24-SEP-2026,21.633338733611,56131,3C345,0.4643702507019,88500,AP-N902-F303,0.016688847914338,0.016688847914338,88.298545837402,274.14999389648
24-SEP-2026,21.672505799882,56138,MRK501,0.46944546699524,88500,AP-N901-F303,0.016740508377552,0.016740508377552,90.195899963379,274.25
24-SEP-2026,21.672505799882,56138,MRK501,0.46944546699524,88500,AP-N902-F303,0.016740508377552,0.016740508377552,88.608329772949,274.25
24-SEP-2026,21.675839168015,56138,MRK501,0.46935591101646,88500,AP-N901-F303,0.016740508377552,0.016740508377552,90.195899963379,274.25
24-SEP-2026,21.675839168015,56138,MRK501,0.46935591101646,88500,AP-N902-F303,0.016740508377552,0.016740508377552,88.608329772949,274.25
24-SEP-2026,21.679172531609,56138,MRK501,0.46926581859589,88500,AP-N901-F303,0.016740508377552,0.016740508377552,90.195899963379,274.25
24-SEP-2026,21.679172531609,56138,MRK501,0.46926581859589,88500,AP-N902-F303,0.016740508377552,0.016740508377552,88.608329772949,274.25
24-SEP-2026,21.682505901838,56138,MRK501,0.46917513012886,88500,AP-N901-F303,0.016740508377552,0.016740508377552,90.195899963379,274.25
24-SEP-2026,21.682505901838,56138,MRK501,0.46917513012886,88500,AP-N902-F303,0.016740508377552,0.016740508377552,88.608329772949,274.25
24-SEP-2026,21.685839265955,56138,MRK501,0.46908396482468,88500,AP-N901-F303,0.016740508377552,0.016740508377552,90.195899963379,274.25
24-SEP-2026,21.685839265955,56138,MRK501,0.46908396482468,88500,AP-N902-F303,0.016740508377552,0.016740508377552,88.608329772949,274.25
24-SEP-2026,21.68945041577,56138,MRK501,0.46898445487022,88500,AP-N901-F303,0.016740508377552,0.016740508377552,90.195899963379,274.25
24-SEP-2026,21.68945041577,56138,MRK501,0.46898445487022,88500,AP-N902-F303,0.016740508377552,0.016740508377552,88.608329772949,274.25
24-SEP-2026,21.692783782332,56138,MRK501,0.46889194846153,88500,AP-N901-F303,0.016740508377552,0.016740508377552,90.195899963379,274.25
24-SEP-2026,21.692783782332,56138,MRK501,0.46889194846153,88500,AP-N902-F303,0.016740508377552,0.016740508377552,88.608329772949,274.25
24-SEP-2026,21.696394929878,56138,MRK501,0.4687911272049,88500,AP-N901-F303,0.016740508377552,0.016740508377552,90.195899963379,274.25
24-SEP-2026,21.696394929878,56138,MRK501,0.4687911272049,88500,AP-N902-F303,0.016740508377552,0.016740508377552,88.608329772949,274.25
24-SEP-2026,21.699728294694,56138,MRK501,0.46869736909866,88500,AP-N901-F303,0.016740508377552,0.016740508377552,90.195899963379,274.25
24-SEP-2026,21.699728294694,56138,MRK501,0.46869736909866,88500,AP-N902-F303,0.016740508377552,0.016740508377552,88.608329772949,274.25
24-SEP-2026,21.703061664049,56138,MRK501,0.46860295534134,88500,AP-N901-F303,0.016740508377552,0.016740508377552,90.195899963379,274.25
24-SEP-2026,21.703061664049,56138,MRK501,0.46860295534134,88500,AP-N902-F303,0.016740508377552,0.016740508377552,88.608329772949,274.25
24-SEP-2026,21.706395029564,56138,MRK501,0.46850803494453,88500,AP-N901-F303,0.016740508377552,0.016740508377552,90.195899963379,274.25
24-SEP-2026,21.706395029564,56138,MRK501,0.46850803494453,88500,AP-N902-F303,0.016740508377552,0.016740508377552,88.608329772949,274.25
24-SEP-2026,21.709728397697,56138,MRK501,0.46841260790825,88500,AP-N901-F303,0.016740508377552,0.016740508377552,90.195899963379,274.25
24-SEP-2026,21.709728397697,56138,MRK501,0.46841260790825,88500,AP-N902-F303,0.016740508377552,0.016740508377552,88.608329772949,274.25
24-SEP-2026,21.713061766704,56138,MRK501,0.46831649541855,88500,AP-N901-F303,0.016740508377552,0.016740508377552,90.195899963379,274.25
24-SEP-2026,21.713061766704,56138,MRK501,0.46831649541855,88500,AP-N902-F303,0.016740508377552,0.016740508377552,88.608329772949,274.25
24-SEP-2026,21.716672916869,56138,MRK501,0.46821165084839,88500,AP-N901-F303,0.016740508377552,0.016740508377552,90.195899963379,274.25
24-SEP-2026,21.716672916869,56138,MRK501,0.46821165084839,88500,AP-N902-F303,0.016740508377552,0.016740508377552,88.608329772949,274.25
24-SEP-2026,21.720006279414,56138,MRK501,0.4681142270565,88500,AP-N901-F303,0.016740508377552,0.016740508377552,90.195899963379,274.25
24-SEP-2026,21.720006279414,56138,MRK501,0.4681142270565,88500,AP-N902-F303,0.016740508377552,0.016740508377552,88.608329772949,274.25
24-SEP-2026,21.723895208118,56138,MRK501,0.46799996495247,88500,AP-N901-F303,0.016740508377552,0.016740508377552,90.195899963379,274.25
24-SEP-2026,21.723895208118,56138,MRK501,0.46799996495247,88500,AP-N902-F303,0.016740508377552,0.016740508377552,88.608329772949,274.25
24-SEP-2026,21.727506353044,56138,MRK501,0.46789306402206,88500,AP-N901-F303,0.016740508377552,0.016740508377552,90.195899963379,274.25
24-SEP-2026,21.727506353044,56138,MRK501,0.46789306402206,88500,AP-N902-F303,0.016740508377552,0.016740508377552,88.608329772949,274.25
24-SEP-2026,21.731395284366,56138,MRK501,0.4677771627903,88500,AP-N901-F303,0.016740508377552,0.016740508377552,90.195899963379,274.25
24-SEP-2026,21.731395284366,56138,MRK501,0.4677771627903,88500,AP-N902-F303,0.016740508377552,0.016740508377552,88.608329772949,274.25
24-SEP-2026,21.735006431388,56138,MRK501,0.4676688015461,88500,AP-N901-F303,0.016740508377552,0.016740508377552,90.195899963379,274.25
24-SEP-2026,21.735006431388,56138,MRK501,0.4676688015461,88500,AP-N902-F303,0.016740508377552,0.016740508377552,88.608329772949,274.25
24-SEP-2026,21.738895360615,56138,MRK501,0.46755132079124,88500,AP-N901-F303,0.016740508377552,0.016740508377552,90.195899963379,274.25
24-SEP-2026,21.738895360615,56138,MRK501,0.46755132079124,88500,AP-N902-F303,0.016740508377552,0.016740508377552,88.608329772949,274.25
24-SEP-2026,21.742506507637,56138,MRK501,0.4674414396286,88500,AP-N901-F303,0.016740508377552,0.016740508377552,90.195899963379,274.25
24-SEP-2026,21.742506507637,56138,MRK501,0.4674414396286,88500,AP-N902-F303,0.016740508377552,0.016740508377552,88.608329772949,274.25
24-SEP-2026,21.745839871579,56138,MRK501,0.46733957529068,88500,AP-N901-F303,0.016740508377552,0.016740508377552,90.195899963379,274.25
24-SEP-2026,21.745839871579,56138,MRK501,0.46733957529068,88500,AP-N902-F303,0.016740508377552,0.016740508377552,88.608329772949,274.25
24-SEP-2026,21.749173242332,56138,MRK501,0.46723699569702,88500,AP-N901-F303,0.016740508377552,0.016740508377552,90.195899963379,274.25
24-SEP-2026,21.749173242332,56138,MRK501,0.46723699569702,88500,AP-N902-F303,0.016740508377552,0.016740508377552,88.608329772949,274.25
24-SEP-2026,21.752506612911,56138,MRK501,0.46713379025459,88500,AP-N901-F303,0.016740508377552,0.016740508377552,90.195899963379,274.25
24-SEP-2026,21.752506612911,56138,MRK501,0.46713379025459,88500,AP-N902-F303,0.016740508377552,0.016740508377552,88.608329772949,274.25
24-SEP-2026,21.75611775836,56138,MRK501,0.46702140569687,88500,AP-N901-F303,0.016740508377552,0.016740508377552,90.195899963379,274.25
24-SEP-2026,21.75611775836,56138,MRK501,0.46702140569687,88500,AP-N902-F303,0.016740508377552,0.016740508377552,88.608329772949,274.25
24-SEP-2026,21.759451124224,56138,MRK501,0.46691688895226,88500,AP-N901-F303,0.016740508377552,0.016740508377552,90.195899963379,274.25
24-SEP-2026,21.759451124224,56138,MRK501,0.46691688895226,88500,AP-N902-F303,0.016740508377552,0.016740508377552,88.608329772949,274.25
24-SEP-2026,21.763062269674,56138,MRK501,0.4668031334877,88500,AP-N901-F303,0.016740508377552,0.016740508377552,90.195899963379,274.25
24-SEP-2026,21.763062269674,56138,MRK501,0.4668031334877,88500,AP-N902-F303,0.016740508377552,0.016740508377552,88.608329772949,274.25
24-SEP-2026,21.7663956413,56138,MRK501,0.46669754385948,88500,AP-N901-F303,0.016740508377552,0.016740508377552,90.195899963379,274.25
24-SEP-2026,21.7663956413,56138,MRK501,0.46669754385948,88500,AP-N902-F303,0.016740508377552,0.016740508377552,88.608329772949,274.25
24-SEP-2026,21.90320257716,56143,3C345,0.45319437980652,88500,AP-N901-F303,0.016861932352185,0.016861932352185,89.869911193848,274.04998779297
24-SEP-2026,21.90320257716,56143,3C345,0.45319437980652,88500,AP-N902-F303,0.016861932352185,0.016861932352185,88.35652923584,274.04998779297
24-SEP-2026,21.921119431641,56147,3C345,0.45231786370277,88500,AP-N901-F303,0.016861932352185,0.016861932352185,89.869911193848,274.04998779297
24-SEP-2026,21.921119431641,56147,3C345,0.45231786370277,88500,AP-N902-F303,0.016861932352185,0.016861932352185,88.35652923584,274.04998779297
24-SEP-2026,21.924452794012,56147,3C345,0.45215290784836,88500,AP-N901-F303,0.016861932352185,0.016861932352185,89.869911193848,274.04998779297
24-SEP-2026,21.924452794012,56147,3C345,0.45215290784836,88500,AP-N902-F303,0.016861932352185,0.016861932352185,88.35652923584,274.04998779297
24-SEP-2026,21.928063940859,56147,3C345,0.4519736468792,88500,AP-N901-F303,0.016861932352185,0.016861932352185,89.869911193848,274.04998779297
24-SEP-2026,21.928063940859,56147,3C345,0.4519736468792,88500,AP-N902-F303,0.016861932352185,0.016861932352185,88.35652923584,274.04998779297
24-SEP-2026,21.931397310565,56147,3C345,0.45180752873421,88500,AP-N901-F303,0.016861932352185,0.016861932352185,89.869911193848,274.04998779297
24-SEP-2026,21.931397310565,56147,3C345,0.45180752873421,88500,AP-N902-F303,0.016861932352185,0.016861932352185,88.35652923584,274.04998779297
24-SEP-2026,21.935008457935,56147,3C345,0.45162707567215,88500,AP-N901-F303,0.016861932352185,0.016861932352185,89.869911193848,274.04998779297
24-SEP-2026,21.935008457935,56147,3C345,0.45162707567215,88500,AP-N902-F303,0.016861932352185,0.016861932352185,88.35652923584,274.04998779297
24-SEP-2026,21.938341825021,56147,3C345,0.45145979523659,88500,AP-N901-F303,0.016861932352185,0.016861932352185,89.869911193848,274.04998779297
24-SEP-2026,21.938341825021,56147,3C345,0.45145979523659,88500,AP-N902-F303,0.016861932352185,0.016861932352185,88.35652923584,274.04998779297
24-SEP-2026,21.941675191234,56147,3C345,0.4512919485569,88500,AP-N901-F303,0.016861932352185,0.016861932352185,89.869911193848,274.04998779297
24-SEP-2026,21.941675191234,56147,3C345,0.4512919485569,88500,AP-N902-F303,0.016861932352185,0.016861932352185,88.35652923584,274.04998779297
24-SEP-2026,21.945008559367,56147,3C345,0.45112350583076,88500,AP-N901-F303,0.016861932352185,0.016861932352185,89.869911193848,274.04998779297
24-SEP-2026,21.945008559367,56147,3C345,0.45112350583076,88500,AP-N902-F303,0.016861932352185,0.016861932352185,88.35652923584,274.04998779297
24-SEP-2026,21.948619703595,56147,3C345,0.45094045996666,88500,AP-N901-F303,0.016861932352185,0.016861932352185,89.869911193848,274.04998779297
24-SEP-2026,21.948619703595,56147,3C345,0.45094045996666,88500,AP-N902-F303,0.016861932352185,0.016861932352185,88.35652923584,274.04998779297
24-SEP-2026,21.95195307557,56147,3C345,0.45077100396156,88500,AP-N901-F303,0.016861932352185,0.016861932352185,89.869911193848,274.04998779297
24-SEP-2026,21.95195307557,56147,3C345,0.45077100396156,88500,AP-N902-F303,0.016861932352185,0.016861932352185,88.35652923584,274.04998779297
24-SEP-2026,21.955286443878,56147,3C345,0.45060071349144,88500,AP-N901-F303,0.016861932352185,0.016861932352185,89.869911193848,274.04998779297
24-SEP-2026,21.955286443878,56147,3C345,0.45060071349144,88500,AP-N902-F303,0.016861932352185,0.016861932352185,88.35652923584,274.04998779297
24-SEP-2026,21.958897586709,56147,3C345,0.4504157602787,88500,AP-N901-F303,0.016861932352185,0.016861932352185,89.869911193848,274.04998779297
24-SEP-2026,21.958897586709,56147,3C345,0.4504157602787,88500,AP-N902-F303,0.016861932352185,0.016861932352185,88.35652923584,274.04998779297
24-SEP-2026,21.962508734953,56147,3C345,0.45023018121719,88500,AP-N901-F303,0.016861932352185,0.016861932352185,89.869911193848,274.04998779297
24-SEP-2026,21.962508734953,56147,3C345,0.45023018121719,88500,AP-N902-F303,0.016861932352185,0.016861932352185,88.35652923584,274.04998779297
24-SEP-2026,21.965842102737,56147,3C345,0.45005822181702,88500,AP-N901-F303,0.016861932352185,0.016861932352185,89.869911193848,274.04998779297
24-SEP-2026,21.965842102737,56147,3C345,0.45005822181702,88500,AP-N902-F303,0.016861932352185,0.016861932352185,88.35652923584,274.04998779297
24-SEP-2026,22.005009167262,56154,MRK501,0.45760267972946,88500,AP-N901-F303,0.016930898651481,0.016930898651481,89.956016540527,273.54998779297
24-SEP-2026,22.005009167262,56154,MRK501,0.45760267972946,88500,AP-N902-F303,0.016930898651481,0.016930898651481,88.559562683105,273.54998779297
24-SEP-2026,22.0083425333,56154,MRK501,0.45745429396629,88500,AP-N901-F303,0.016930898651481,0.016930898651481,89.956016540527,273.54998779297
24-SEP-2026,22.0083425333,56154,MRK501,0.45745429396629,88500,AP-N902-F303,0.016930898651481,0.016930898651481,88.559562683105,273.54998779297
24-SEP-2026,22.01167590091,56154,MRK501,0.45730540156364,88500,AP-N901-F303,0.016930898651481,0.016930898651481,89.956016540527,273.54998779297
24-SEP-2026,22.01167590091,56154,MRK501,0.45730540156364,88500,AP-N902-F303,0.016930898651481,0.016930898651481,88.559562683105,273.54998779297
24-SEP-2026,22.01528705317,56154,MRK501,0.45714354515076,88500,AP-N901-F303,0.016930898651481,0.016930898651481,89.956016540527,273.54998779297
24-SEP-2026,22.01528705317,56154,MRK501,0.45714354515076,88500,AP-N902-F303,0.016930898651481,0.016930898651481,88.559562683105,273.54998779297
24-SEP-2026,22.018620415366,56154,MRK501,0.45699343085289,88500,AP-N901-F303,0.016930898651481,0.016930898651481,89.956016540527,273.54998779297
24-SEP-2026,22.018620415366,56154,MRK501,0.45699343085289,88500,AP-N902-F303,0.016930898651481,0.016930898651481,88.559562683105,273.54998779297
24-SEP-2026,22.021953782103,56154,MRK501,0.45684283971786,88500,AP-N901-F303,0.016930898651481,0.016930898651481,89.956016540527,273.54998779297
24-SEP-2026,22.021953782103,56154,MRK501,0.45684283971786,88500,AP-N902-F303,0.016930898651481,0.016930898651481,88.559562683105,273.54998779297
24-SEP-2026,22.025287149014,56154,MRK501,0.45669156312943,88500,AP-N901-F303,0.016930898651481,0.016930898651481,89.956016540527,273.54998779297
24-SEP-2026,22.025287149014,56154,MRK501,0.45669156312943,88500,AP-N902-F303,0.016930898651481,0.016930898651481,88.559562683105,273.54998779297
24-SEP-2026,22.028620514004,56154,MRK501,0.4565397799015,88500,AP-N901-F303,0.016930898651481,0.016930898651481,89.956016540527,273.54998779297
24-SEP-2026,22.028620514004,56154,MRK501,0.4565397799015,88500,AP-N902-F303,0.016930898651481,0.016930898651481,88.559562683105,273.54998779297
24-SEP-2026,22.03195388598,56154,MRK501,0.45638737082481,88500,AP-N901-F303,0.016930898651481,0.016930898651481,89.956016540527,273.54998779297
24-SEP-2026,22.03195388598,56154,MRK501,0.45638737082481,88500,AP-N902-F303,0.016930898651481,0.016930898651481,88.559562683105,273.54998779297
24-SEP-2026,22.035287251494,56154,MRK501,0.45623451471329,88500,AP-N901-F303,0.016930898651481,0.016930898651481,89.956016540527,273.54998779297
24-SEP-2026,22.035287251494,56154,MRK501,0.45623451471329,88500,AP-N902-F303,0.016930898651481,0.016930898651481,88.559562683105,273.54998779297
24-SEP-2026,22.038898397293,56154,MRK501,0.45606818795204,88500,AP-N901-F303,0.016930898651481,0.016930898651481,89.956016540527,273.54998779297
24-SEP-2026,22.038898397293,56154,MRK501,0.45606818795204,88500,AP-N902-F303,0.016930898651481,0.016930898651481,88.559562683105,273.54998779297
24-SEP-2026,22.042509545362,56154,MRK501,0.45590108633041,88500,AP-N901-F303,0.016930898651481,0.016930898651481,89.956016540527,273.54998779297
24-SEP-2026,22.042509545362,56154,MRK501,0.45590108633041,88500,AP-N902-F303,0.016930898651481,0.016930898651481,88.559562683105,273.54998779297
24-SEP-2026,22.045842915941,56154,MRK501,0.45574635267258,88500,AP-N901-F303,0.016930898651481,0.016930898651481,89.956016540527,273.54998779297
24-SEP-2026,22.045842915941,56154,MRK501,0.45574635267258,88500,AP-N902-F303,0.016930898651481,0.016930898651481,88.559562683105,273.54998779297
24-SEP-2026,22.04945406401,56154,MRK501,0.45557799935341,88500,AP-N901-F303,0.016930898651481,0.016930898651481,89.956016540527,273.54998779297
24-SEP-2026,22.04945406401,56154,MRK501,0.45557799935341,88500,AP-N902-F303,0.016930898651481,0.016930898651481,88.559562683105,273.54998779297
24-SEP-2026,22.052787429873,56154,MRK501,0.45542198419571,88500,AP-N901-F303,0.016930898651481,0.016930898651481,89.956016540527,273.54998779297
24-SEP-2026,22.052787429873,56154,MRK501,0.45542198419571,88500,AP-N902-F303,0.016930898651481,0.016930898651481,88.559562683105,273.54998779297
24-SEP-2026,22.056398575148,56154,MRK501,0.45525240898132,88500,AP-N901-F303,0.016930898651481,0.016930898651481,89.956016540527,273.54998779297
24-SEP-2026,22.056398575148,56154,MRK501,0.45525240898132,88500,AP-N902-F303,0.016930898651481,0.016930898651481,88.559562683105,273.54998779297
24-SEP-2026,22.060009724091,56154,MRK501,0.4550821185112,88500,AP-N901-F303,0.016930898651481,0.016930898651481,89.956016540527,273.54998779297
24-SEP-2026,22.060009724091,56154,MRK501,0.4550821185112,88500,AP-N902-F303,0.016930898651481,0.016930898651481,88.559562683105,273.54998779297
24-SEP-2026,22.063343091701,56154,MRK501,0.45492434501648,88500,AP-N901-F303,0.016930898651481,0.016930898651481,89.956016540527,273.54998779297
24-SEP-2026,22.063343091701,56154,MRK501,0.45492434501648,88500,AP-N902-F303,0.016930898651481,0.016930898651481,88.559562683105,273.54998779297
24-SEP-2026,22.066676456691,56154,MRK501,0.45476594567299,88500,AP-N901-F303,0.016930898651481,0.016930898651481,89.956016540527,273.54998779297
24-SEP-2026,22.066676456691,56154,MRK501,0.45476594567299,88500,AP-N902-F303,0.016930898651481,0.016930898651481,88.559562683105,273.54998779297
24-SEP-2026,22.070287605982,56154,MRK501,0.45459365844727,88500,AP-N901-F303,0.016930898651481,0.016930898651481,89.956016540527,273.54998779297
24-SEP-2026,22.070287605982,56154,MRK501,0.45459365844727,88500,AP-N902-F303,0.016930898651481,0.016930898651481,88.559562683105,273.54998779297
24-SEP-2026,22.073620973068,56154,MRK501,0.4544340968132,88500,AP-N901-F303,0.016930898651481,0.016930898651481,89.956016540527,273.54998779297
24-SEP-2026,22.073620973068,56154,MRK501,0.4544340968132,88500,AP-N902-F303,0.016930898651481,0.016930898651481,88.559562683105,273.54998779297
24-SEP-2026,22.076954340154,56154,MRK501,0.45427396893501,88500,AP-N901-F303,0.016930898651481,0.016930898651481,89.956016540527,273.54998779297
24-SEP-2026,22.076954340154,56154,MRK501,0.45427396893501,88500,AP-N902-F303,0.016930898651481,0.016930898651481,88.559562683105,273.54998779297
24-SEP-2026,22.08056548735,56154,MRK501,0.4540998339653,88500,AP-N901-F303,0.016930898651481,0.016930898651481,89.956016540527,273.54998779297
24-SEP-2026,22.08056548735,56154,MRK501,0.4540998339653,88500,AP-N902-F303,0.016930898651481,0.016930898651481,88.559562683105,273.54998779297
24-SEP-2026,22.083898853738,56154,MRK501,0.45393854379654,88500,AP-N901-F303,0.016930898651481,0.016930898651481,89.956016540527,273.54998779297
24-SEP-2026,22.083898853738,56154,MRK501,0.45393854379654,88500,AP-N902-F303,0.016930898651481,0.016930898651481,88.559562683105,273.54998779297
24-SEP-2026,22.087232218903,56154,MRK501,0.45377653837204,88500,AP-N901-F303,0.016930898651481,0.016930898651481,89.956016540527,273.54998779297
24-SEP-2026,22.087232218903,56154,MRK501,0.45377653837204,88500,AP-N902-F303,0.016930898651481,0.016930898651481,88.559562683105,273.54998779297
24-SEP-2026,22.090565589306,56154,MRK501,0.45361411571503,88500,AP-N901-F303,0.016930898651481,0.016930898651481,89.956016540527,273.54998779297
24-SEP-2026,22.090565589306,56154,MRK501,0.45361411571503,88500,AP-N902-F303,0.016930898651481,0.016930898651481,88.559562683105,273.54998779297
24-SEP-2026,22.093898958138,56154,MRK501,0.45345103740692,88500,AP-N901-F303,0.016930898651481,0.016930898651481,89.956016540527,273.54998779297
24-SEP-2026,22.093898958138,56154,MRK501,0.45345103740692,88500,AP-N902-F303,0.016930898651481,0.016930898651481,88.559562683105,273.54998779297
24-SEP-2026,22.097510103763,56154,MRK501,0.45327374339104,88500,AP-N901-F303,0.016930898651481,0.016930898651481,89.956016540527,273.54998779297
24-SEP-2026,22.097510103763,56154,MRK501,0.45327374339104,88500,AP-N902-F303,0.016930898651481,0.016930898651481,88.559562683105,273.54998779297
24-SEP-2026,22.450558200151,56166,S-CRB,0.39024838805199,88500,AP-N901-F303,0,0,0,0
24-SEP-2026,22.450558200151,56166,S-CRB,0.39024838805199,88500,AP-N902-F303,0,0,0,0
24-SEP-2026,22.57103792342,56170,3C345,0.40972059965134,88500,AP-N901-F303,0,0,0,0
24-SEP-2026,22.57103792342,56170,3C345,0.40972059965134,88500,AP-N902-F303,0,0,0,0
24-SEP-2026,22.587565865826,56174,3C345,0.40837413072586,88500,AP-N901-F303,0,0,0,0
24-SEP-2026,22.587565865826,56174,3C345,0.40837413072586,88500,AP-N902-F303,0,0,0,0
24-SEP-2026,22.590899232737,56174,3C345,0.40810093283653,88500,AP-N901-F303,0,0,0,0
24-SEP-2026,22.590899232737,56174,3C345,0.40810093283653,88500,AP-N902-F303,0,0,0,0
24-SEP-2026,22.594232599998,56174,3C345,0.40782728791237,88500,AP-N901-F303,0,0,0,0
24-SEP-2026,22.594232599998,56174,3C345,0.40782728791237,88500,AP-N902-F303,0,0,0,0
24-SEP-2026,22.597565967433,56174,3C345,0.40755316615105,88500,AP-N901-F303,0,0,0,0
24-SEP-2026,22.597565967433,56174,3C345,0.40755316615105,88500,AP-N902-F303,0,0,0,0
24-SEP-2026,22.600899331026,56174,3C345,0.40727859735489,88500,AP-N901-F303,0,0,0,0
24-SEP-2026,22.600899331026,56174,3C345,0.40727859735489,88500,AP-N902-F303,0,0,0,0
24-SEP-2026,22.604510479444,56174,3C345,0.40698036551476,88500,AP-N901-F303,0,0,0,0
24-SEP-2026,22.604510479444,56174,3C345,0.40698036551476,88500,AP-N902-F303,0,0,0,0
24-SEP-2026,22.607843846705,56174,3C345,0.40670469403267,88500,AP-N901-F303,0,0,0,0
24-SEP-2026,22.607843846705,56174,3C345,0.40670469403267,88500,AP-N902-F303,0,0,0,0
24-SEP-2026,22.611454994949,56174,3C345,0.40640559792519,88500,AP-N901-F303,0,0,0,0
24-SEP-2026,22.611454994949,56174,3C345,0.40640559792519,88500,AP-N902-F303,0,0,0,0
24-SEP-2026,22.614788363955,56174,3C345,0.40612882375717,88500,AP-N901-F303,0,0,0,0
24-SEP-2026,22.614788363955,56174,3C345,0.40612882375717,88500,AP-N902-F303,0,0,0,0
24-SEP-2026,22.618121728946,56174,3C345,0.40585154294968,88500,AP-N901-F303,0,0,0,0
24-SEP-2026,22.618121728946,56174,3C345,0.40585154294968,88500,AP-N902-F303,0,0,0,0
24-SEP-2026,22.621455095857,56174,3C345,0.40557378530502,88500,AP-N901-F303,0,0,0,0
24-SEP-2026,22.621455095857,56174,3C345,0.40557378530502,88500,AP-N902-F303,0,0,0,0
24-SEP-2026,22.624788462768,56174,3C345,0.40529564023018,88500,AP-N901-F303,0,0,0,0
24-SEP-2026,22.624788462768,56174,3C345,0.40529564023018,88500,AP-N902-F303,0,0,0,0
24-SEP-2026,22.628399609964,56174,3C345,0.40499347448349,88500,AP-N901-F303,0,0,0,0
24-SEP-2026,22.628399609964,56174,3C345,0.40499347448349,88500,AP-N902-F303,0,0,0,0
24-SEP-2026,22.631732976701,56174,3C345,0.40471425652504,88500,AP-N901-F303,0,0,0,0
24-SEP-2026,22.631732976701,56174,3C345,0.40471425652504,88500,AP-N902-F303,0,0,0,0
24-SEP-2026,22.672011158174,56181,MRK501,0.41675475239754,88500,AP-N901-F303,0,0,0,0
24-SEP-2026,22.672011158174,56181,MRK501,0.41675475239754,88500,AP-N902-F303,0,0,0,0
24-SEP-2026,22.675622308863,56181,MRK501,0.41647458076477,88500,AP-N901-F303,0,0,0,0
24-SEP-2026,22.675622308863,56181,MRK501,0.41647458076477,88500,AP-N902-F303,0,0,0,0
24-SEP-2026,22.678955676647,56181,MRK501,0.41621541976929,88500,AP-N901-F303,0,0,0,0
24-SEP-2026,22.678955676647,56181,MRK501,0.41621541976929,88500,AP-N902-F303,0,0,0,0
24-SEP-2026,22.682289047749,56181,MRK501,0.41595587134361,88500,AP-N901-F303,0,0,0,0
24-SEP-2026,22.682289047749,56181,MRK501,0.41595587134361,88500,AP-N902-F303,0,0,0,0
24-SEP-2026,22.685900190754,56181,MRK501,0.41567412018776,88500,AP-N901-F303,0,0,0,0
24-SEP-2026,22.685900190754,56181,MRK501,0.41567412018776,88500,AP-N902-F303,0,0,0,0
24-SEP-2026,22.68951133603,56181,MRK501,0.41539168357849,88500,AP-N901-F303,0,0,0,0
24-SEP-2026,22.68951133603,56181,MRK501,0.41539168357849,88500,AP-N902-F303,0,0,0,0
24-SEP-2026,22.693122484972,56181,MRK501,0.41510862112045,88500,AP-N901-F303,0,0,0,0
24-SEP-2026,22.693122484972,56181,MRK501,0.41510862112045,88500,AP-N902-F303,0,0,0,0
24-SEP-2026,22.696594742812,56181,MRK501,0.41483590006828,88500,AP-N901-F303,0,0,0,0
24-SEP-2026,22.696594742812,56181,MRK501,0.41483590006828,88500,AP-N902-F303,0,0,0,0
24-SEP-2026,22.700067000302,56181,MRK501,0.41456261277199,88500,AP-N901-F303,0,0,0,0
24-SEP-2026,22.700067000302,56181,MRK501,0.41456261277199,88500,AP-N902-F303,0,0,0,0
24-SEP-2026,22.703400367038,56181,MRK501,0.41429978609085,88500,AP-N901-F303,0,0,0,0
24-SEP-2026,22.703400367038,56181,MRK501,0.41429978609085,88500,AP-N902-F303,0,0,0,0
24-SEP-2026,22.707011513885,56181,MRK501,0.41401445865631,88500,AP-N901-F303,0,0,0,0
24-SEP-2026,22.707011513885,56181,MRK501,0.41401445865631,88500,AP-N902-F303,0,0,0,0
24-SEP-2026,22.710344881146,56181,MRK501,0.4137504696846,88500,AP-N901-F303,0,0,0,0
24-SEP-2026,22.710344881146,56181,MRK501,0.4137504696846,88500,AP-N902-F303,0,0,0,0
24-SEP-2026,22.713956031136,56181,MRK501,0.4134638607502,88500,AP-N901-F303,0,0,0,0
24-SEP-2026,22.713956031136,56181,MRK501,0.4134638607502,88500,AP-N902-F303,0,0,0,0
24-SEP-2026,22.717289395078,56181,MRK501,0.41319891810417,88500,AP-N901-F303,0,0,0,0
24-SEP-2026,22.717289395078,56181,MRK501,0.41319891810417,88500,AP-N902-F303,0,0,0,0
24-SEP-2026,22.720900542274,56181,MRK501,0.41291126608849,88500,AP-N901-F303,0,0,0,0
24-SEP-2026,22.720900542274,56181,MRK501,0.41291126608849,88500,AP-N902-F303,0,0,0,0
24-SEP-2026,22.724233909186,56181,MRK501,0.41264519095421,88500,AP-N901-F303,0,0,0,0
24-SEP-2026,22.724233909186,56181,MRK501,0.41264519095421,88500,AP-N902-F303,0,0,0,0
24-SEP-2026,22.727845056382,56181,MRK501,0.4123563170433,88500,AP-N901-F303,0,0,0,0
24-SEP-2026,22.727845056382,56181,MRK501,0.4123563170433,88500,AP-N902-F303,0,0,0,0
24-SEP-2026,22.731178423642,56181,MRK501,0.41208919882774,88500,AP-N901-F303,0,0,0,0
24-SEP-2026,22.731178423642,56181,MRK501,0.41208919882774,88500,AP-N902-F303,0,0,0,0
24-SEP-2026,22.734789572934,56181,MRK501,0.41179922223091,88500,AP-N901-F303,0,0,0,0
24-SEP-2026,22.734789572934,56181,MRK501,0.41179922223091,88500,AP-N902-F303,0,0,0,0
24-SEP-2026,22.738122937924,56181,MRK501,0.4115309715271,88500,AP-N901-F303,0,0,0,0
24-SEP-2026,22.738122937924,56181,MRK501,0.4115309715271,88500,AP-N902-F303,0,0,0,0
24-SEP-2026,22.742011867675,56181,MRK501,0.4112174808979,88500,AP-N901-F303,0,0,0,0
24-SEP-2026,22.742011867675,56181,MRK501,0.4112174808979,88500,AP-N902-F303,0,0,0,0
24-SEP-2026,22.745345234587,56181,MRK501,0.41094815731049,88500,AP-N901-F303,0,0,0,0
24-SEP-2026,22.745345234587,56181,MRK501,0.41094815731049,88500,AP-N902-F303,0,0,0,0
24-SEP-2026,22.748678599577,56181,MRK501,0.41067838668823,88500,AP-N901-F303,0,0,0,0
24-SEP-2026,22.748678599577,56181,MRK501,0.41067838668823,88500,AP-N902-F303,0,0,0,0
24-SEP-2026,22.752289745551,56181,MRK501,0.41038534045219,88500,AP-N901-F303,0,0,0,0
24-SEP-2026,22.752289745551,56181,MRK501,0.41038534045219,88500,AP-N902-F303,0,0,0,0
24-SEP-2026,22.755900893445,56181,MRK501,0.41009193658829,88500,AP-N901-F303,0,0,0,0
24-SEP-2026,22.755900893445,56181,MRK501,0.41009193658829,88500,AP-N902-F303,0,0,0,0
24-SEP-2026,22.75923426088,56181,MRK501,0.40982049703598,88500,AP-N901-F303,0,0,0,0
24-SEP-2026,22.75923426088,56181,MRK501,0.40982049703598,88500,AP-N902-F303,0,0,0,0
24-SEP-2026,22.762845412791,56181,MRK501,0.40952584147453,88500,AP-N901-F303,0,0,0,0
24-SEP-2026,22.762845412791,56181,MRK501,0.40952584147453,88500,AP-N902-F303,0,0,0,0
24-SEP-2026,22.766178778131,56181,MRK501,0.40925335884094,88500,AP-N901-F303,0,0,0,0
24-SEP-2026,22.766178778131,56181,MRK501,0.40925335884094,88500,AP-N902-F303,0,0,0,0
24-SEP-2026,22.903819051877,56186,3C345,0.3802552819252,88500,AP-N901-F303,0,0,0,0
24-SEP-2026,22.903819051877,56186,3C345,0.3802552819252,88500,AP-N902-F303,0,0,0,0
24-SEP-2026,22.921180338629,56190,3C345,0.37858617305756,88500,AP-N901-F303,0,0,0,0
24-SEP-2026,22.921180338629,56190,3C345,0.37858617305756,88500,AP-N902-F303,0,0,0,0
24-SEP-2026,22.924513706763,56190,3C345,0.37826371192932,88500,AP-N901-F303,0,0,0,0
24-SEP-2026,22.924513706763,56190,3C345,0.37826371192932,88500,AP-N902-F303,0,0,0,0
24-SEP-2026,22.927847074547,56190,3C345,0.37794122099876,88500,AP-N901-F303,0,0,0,0
24-SEP-2026,22.927847074547,56190,3C345,0.37794122099876,88500,AP-N902-F303,0,0,0,0
24-SEP-2026,22.931180442506,56190,3C345,0.37761828303337,88500,AP-N901-F303,0,0,0,0
24-SEP-2026,22.931180442506,56190,3C345,0.37761828303337,88500,AP-N902-F303,0,0,0,0
24-SEP-2026,22.934513809243,56190,3C345,0.37729489803314,88500,AP-N901-F303,0,0,0,0
24-SEP-2026,22.934513809243,56190,3C345,0.37729489803314,88500,AP-N902-F303,0,0,0,0
24-SEP-2026,22.937847176503,56190,3C345,0.37697094678879,88500,AP-N901-F303,0,0,0,0
24-SEP-2026,22.937847176503,56190,3C345,0.37697094678879,88500,AP-N902-F303,0,0,0,0
24-SEP-2026,22.941180543589,56190,3C345,0.37664663791656,88500,AP-N901-F303,0,0,0,0
24-SEP-2026,22.941180543589,56190,3C345,0.37664663791656,88500,AP-N902-F303,0,0,0,0
24-SEP-2026,22.944513913294,56190,3C345,0.37632185220718,88500,AP-N901-F303,0,0,0,0
24-SEP-2026,22.944513913294,56190,3C345,0.37632185220718,88500,AP-N902-F303,0,0,0,0
24-SEP-2026,22.947847274443,56190,3C345,0.37599655985832,88500,AP-N901-F303,0,0,0,0
24-SEP-2026,22.947847274443,56190,3C345,0.37599655985832,88500,AP-N902-F303,0,0,0,0
24-SEP-2026,22.951180642751,56190,3C345,0.37567070126534,88500,AP-N901-F303,0,0,0,0
24-SEP-2026,22.951180642751,56190,3C345,0.37567070126534,88500,AP-N902-F303,0,0,0,0
24-SEP-2026,22.954514010012,56190,3C345,0.37534454464912,88500,AP-N901-F303,0,0,0,0
24-SEP-2026,22.954514010012,56190,3C345,0.37534454464912,88500,AP-N902-F303,0,0,0,0
24-SEP-2026,22.95784737832,56190,3C345,0.37501785159111,88500,AP-N901-F303,0,0,0,0
24-SEP-2026,22.95784737832,56190,3C345,0.37501785159111,88500,AP-N902-F303,0,0,0,0
24-SEP-2026,22.961180742612,56190,3C345,0.37469071149826,88500,AP-N901-F303,0,0,0,0
24-SEP-2026,22.961180742612,56190,3C345,0.37469071149826,88500,AP-N902-F303,0,0,0,0
24-SEP-2026,22.964514112142,56190,3C345,0.37436312437057,88500,AP-N901-F303,0,0,0,0
24-SEP-2026,22.964514112142,56190,3C345,0.37436312437057,88500,AP-N902-F303,0,0,0,0
24-SEP-2026,23.004931184718,56197,MRK501,0.38843610882759,88500,AP-N901-F303,0,0,0,0
24-SEP-2026,23.004931184718,56197,MRK501,0.38843610882759,88500,AP-N902-F303,0,0,0,0
24-SEP-2026,23.008403441336,56197,MRK501,0.38811463117599,88500,AP-N901-F303,0,0,0,0
24-SEP-2026,23.008403441336,56197,MRK501,0.38811463117599,88500,AP-N902-F303,0,0,0,0
24-SEP-2026,23.011736810342,56197,MRK501,0.38780570030212,88500,AP-N901-F303,0,0,0,0
24-SEP-2026,23.011736810342,56197,MRK501,0.38780570030212,88500,AP-N902-F303,0,0,0,0
24-SEP-2026,23.015347958237,56197,MRK501,0.38747051358223,88500,AP-N901-F303,0,0,0,0
24-SEP-2026,23.015347958237,56197,MRK501,0.38747051358223,88500,AP-N902-F303,0,0,0,0
24-SEP-2026,23.018681324275,56197,MRK501,0.38716050982475,88500,AP-N901-F303,0,0,0,0
24-SEP-2026,23.018681324275,56197,MRK501,0.38716050982475,88500,AP-N902-F303,0,0,0,0
24-SEP-2026,23.022292472344,56197,MRK501,0.38682416081429,88500,AP-N901-F303,0,0,0,0
24-SEP-2026,23.022292472344,56197,MRK501,0.38682416081429,88500,AP-N902-F303,0,0,0,0
24-SEP-2026,23.025903619889,56197,MRK501,0.38648730516434,88500,AP-N901-F303,0,0,0,0
24-SEP-2026,23.025903619889,56197,MRK501,0.38648730516434,88500,AP-N902-F303,0,0,0,0
24-SEP-2026,23.029514771102,56197,MRK501,0.38614991307259,88500,AP-N901-F303,0,0,0,0
24-SEP-2026,23.029514771102,56197,MRK501,0.38614991307259,88500,AP-N902-F303,0,0,0,0
24-SEP-2026,23.033125913583,56197,MRK501,0.38581186532974,88500,AP-N901-F303,0,0,0,0
24-SEP-2026,23.033125913583,56197,MRK501,0.38581186532974,88500,AP-N902-F303,0,0,0,0
24-SEP-2026,23.036737059906,56197,MRK501,0.38547331094742,88500,AP-N901-F303,0,0,0,0
24-SEP-2026,23.036737059906,56197,MRK501,0.38547331094742,88500,AP-N902-F303,0,0,0,0
24-SEP-2026,23.040070430659,56197,MRK501,0.38516026735306,88500,AP-N901-F303,0,0,0,0
24-SEP-2026,23.040070430659,56197,MRK501,0.38516026735306,88500,AP-N902-F303,0,0,0,0
24-SEP-2026,23.04368157803,56197,MRK501,0.38482064008713,88500,AP-N901-F303,0,0,0,0
24-SEP-2026,23.04368157803,56197,MRK501,0.38482064008713,88500,AP-N902-F303,0,0,0,0
24-SEP-2026,23.047292726623,56197,MRK501,0.38448047637939,88500,AP-N901-F303,0,0,0,0
24-SEP-2026,23.047292726623,56197,MRK501,0.38448047637939,88500,AP-N902-F303,0,0,0,0
24-SEP-2026,23.050626092312,56197,MRK501,0.38416591286659,88500,AP-N901-F303,0,0,0,0
24-SEP-2026,23.050626092312,56197,MRK501,0.38416591286659,88500,AP-N902-F303,0,0,0,0
24-SEP-2026,23.054237237936,56197,MRK501,0.38382467627525,88500,AP-N901-F303,0,0,0,0
24-SEP-2026,23.054237237936,56197,MRK501,0.38382467627525,88500,AP-N902-F303,0,0,0,0
24-SEP-2026,23.057570606594,56197,MRK501,0.38350915908813,88500,AP-N901-F303,0,0,0,0
24-SEP-2026,23.057570606594,56197,MRK501,0.38350915908813,88500,AP-N902-F303,0,0,0,0
24-SEP-2026,23.061181756409,56197,MRK501,0.38316679000854,88500,AP-N901-F303,0,0,0,0
24-SEP-2026,23.061181756409,56197,MRK501,0.38316679000854,88500,AP-N902-F303,0,0,0,0
24-SEP-2026,23.064792907447,56197,MRK501,0.3828239440918,88500,AP-N901-F303,0,0,0,0
24-SEP-2026,23.064792907447,56197,MRK501,0.3828239440918,88500,AP-N902-F303,0,0,0,0
24-SEP-2026,23.068126270866,56197,MRK501,0.38250687718391,88500,AP-N901-F303,0,0,0,0
24-SEP-2026,23.068126270866,56197,MRK501,0.38250687718391,88500,AP-N902-F303,0,0,0,0
24-SEP-2026,23.071737416141,56197,MRK501,0.38216289877892,88500,AP-N901-F303,0,0,0,0
24-SEP-2026,23.071737416141,56197,MRK501,0.38216289877892,88500,AP-N902-F303,0,0,0,0
24-SEP-2026,23.075070785148,56197,MRK501,0.38184490799904,88500,AP-N901-F303,0,0,0,0
24-SEP-2026,23.075070785148,56197,MRK501,0.38184490799904,88500,AP-N902-F303,0,0,0,0
24-SEP-2026,23.078681932344,56197,MRK501,0.38149988651276,88500,AP-N901-F303,0,0,0,0
24-SEP-2026,23.078681932344,56197,MRK501,0.38149988651276,88500,AP-N902-F303,0,0,0,0
24-SEP-2026,23.082293080238,56197,MRK501,0.38115429878235,88500,AP-N901-F303,0,0,0,0
24-SEP-2026,23.082293080238,56197,MRK501,0.38115429878235,88500,AP-N902-F303,0,0,0,0
24-SEP-2026,23.085904228832,56197,MRK501,0.38080811500549,88500,AP-N901-F303,0,0,0,0
24-SEP-2026,23.085904228832,56197,MRK501,0.38080811500549,88500,AP-N902-F303,0,0,0,0
24-SEP-2026,23.089237593822,56197,MRK501,0.38048812747002,88500,AP-N901-F303,0,0,0,0
24-SEP-2026,23.089237593822,56197,MRK501,0.38048812747002,88500,AP-N902-F303,0,0,0,0
24-SEP-2026,23.092570961257,56197,MRK501,0.38016763329506,88500,AP-N901-F303,0,0,0,0
24-SEP-2026,23.092570961257,56197,MRK501,0.38016763329506,88500,AP-N902-F303,0,0,0,0
24-SEP-2026,23.095904330962,56197,MRK501,0.37984666228294,88500,AP-N901-F303,0,0,0,0
24-SEP-2026,23.095904330962,56197,MRK501,0.37984666228294,88500,AP-N902-F303,0,0,0,0
24-SEP-2026,23.099237694381,56197,MRK501,0.37952524423599,88500,AP-N901-F303,0,0,0,0
24-SEP-2026,23.099237694381,56197,MRK501,0.37952524423599,88500,AP-N902-F303,0,0,0,0
24-SEP-2026,23.237433538126,56202,3C345,0.34600129723549,88500,AP-N901-F303,0,0,0,0
24-SEP-2026,23.237433538126,56202,3C345,0.34600129723549,88500,AP-N902-F303,0,0,0,0
24-SEP-2026,23.254239259594,56206,3C345,0.34415850043297,88500,AP-N901-F303,0,0,0,0
24-SEP-2026,23.254239259594,56206,3C345,0.34415850043297,88500,AP-N902-F303,0,0,0,0
24-SEP-2026,23.257711517608,56206,3C345,0.3437756896019,88500,AP-N901-F303,0,0,0,0
24-SEP-2026,23.257711517608,56206,3C345,0.3437756896019,88500,AP-N902-F303,0,0,0,0
24-SEP-2026,23.261183773876,56206,3C345,0.34339299798012,88500,AP-N901-F303,0,0,0,0
24-SEP-2026,23.261183773876,56206,3C345,0.34339299798012,88500,AP-N902-F303,0,0,0,0
24-SEP-2026,23.264794923692,56206,3C345,0.34299457073212,88500,AP-N901-F303,0,0,0,0
24-SEP-2026,23.264794923692,56206,3C345,0.34299457073212,88500,AP-N902-F303,0,0,0,0
24-SEP-2026,23.268128290079,56206,3C345,0.34262624382973,88500,AP-N901-F303,0,0,0,0
24-SEP-2026,23.268128290079,56206,3C345,0.34262624382973,88500,AP-N902-F303,0,0,0,0
24-SEP-2026,23.271739440418,56206,3C345,0.34222683310509,88500,AP-N901-F303,0,0,0,0
24-SEP-2026,23.271739440418,56206,3C345,0.34222683310509,88500,AP-N902-F303,0,0,0,0
24-SEP-2026,23.275350584995,56206,3C345,0.34182694554329,88500,AP-N901-F303,0,0,0,0
24-SEP-2026,23.275350584995,56206,3C345,0.34182694554329,88500,AP-N902-F303,0,0,0,0
24-SEP-2026,23.278683951906,56206,3C345,0.34145721793175,88500,AP-N901-F303,0,0,0,0
24-SEP-2026,23.278683951906,56206,3C345,0.34145721793175,88500,AP-N902-F303,0,0,0,0
24-SEP-2026,23.282017316722,56206,3C345,0.34108716249466,88500,AP-N901-F303,0,0,0,0
24-SEP-2026,23.282017316722,56206,3C345,0.34108716249466,88500,AP-N902-F303,0,0,0,0
24-SEP-2026,23.28535068276,56206,3C345,0.34071671962738,88500,AP-N901-F303,0,0,0,0
24-SEP-2026,23.28535068276,56206,3C345,0.34071671962738,88500,AP-N902-F303,0,0,0,0
24-SEP-2026,23.288684051767,56206,3C345,0.34034585952759,88500,AP-N901-F303,0,0,0,0
24-SEP-2026,23.288684051767,56206,3C345,0.34034585952759,88500,AP-N902-F303,0,0,0,0
24-SEP-2026,23.292017421996,56206,3C345,0.33997455239296,88500,AP-N901-F303,0,0,0,0
24-SEP-2026,23.292017421996,56206,3C345,0.33997455239296,88500,AP-N902-F303,0,0,0,0
24-SEP-2026,23.295350786986,56206,3C345,0.33960276842117,88500,AP-N901-F303,0,0,0,0
24-SEP-2026,23.295350786986,56206,3C345,0.33960276842117,88500,AP-N902-F303,0,0,0,0
24-SEP-2026,23.298684153548,56206,3C345,0.33923056721687,88500,AP-N901-F303,0,0,0,0
24-SEP-2026,23.298684153548,56206,3C345,0.33923056721687,88500,AP-N902-F303,0,0,0,0
24-SEP-2026,23.338684554737,56213,MRK501,0.35523125529289,88500,AP-N901-F303,0,0,0,0
24-SEP-2026,23.338684554737,56213,MRK501,0.35523125529289,88500,AP-N902-F303,0,0,0,0
24-SEP-2026,23.3422957056,56213,MRK501,0.35484698414803,88500,AP-N901-F303,0,0,0,0
24-SEP-2026,23.3422957056,56213,MRK501,0.35484698414803,88500,AP-N902-F303,0,0,0,0
24-SEP-2026,23.345629073384,56213,MRK501,0.3544919192791,88500,AP-N901-F303,0,0,0,0
24-SEP-2026,23.345629073384,56213,MRK501,0.3544919192791,88500,AP-N902-F303,0,0,0,0
24-SEP-2026,23.349240221453,56213,MRK501,0.35410669445992,88500,AP-N901-F303,0,0,0,0
24-SEP-2026,23.349240221453,56213,MRK501,0.35410669445992,88500,AP-N902-F303,0,0,0,0
24-SEP-2026,23.352573587491,56213,MRK501,0.35375067591667,88500,AP-N901-F303,0,0,0,0
24-SEP-2026,23.352573587491,56213,MRK501,0.35375067591667,88500,AP-N902-F303,0,0,0,0
24-SEP-2026,23.356184732941,56213,MRK501,0.35336449742317,88500,AP-N901-F303,0,0,0,0
24-SEP-2026,23.356184732941,56213,MRK501,0.35336449742317,88500,AP-N902-F303,0,0,0,0
24-SEP-2026,23.359518101773,56213,MRK501,0.35300758481026,88500,AP-N901-F303,0,0,0,0
24-SEP-2026,23.359518101773,56213,MRK501,0.35300758481026,88500,AP-N902-F303,0,0,0,0
24-SEP-2026,23.363129251764,56213,MRK501,0.35262033343315,88500,AP-N901-F303,0,0,0,0
24-SEP-2026,23.363129251764,56213,MRK501,0.35262033343315,88500,AP-N902-F303,0,0,0,0
24-SEP-2026,23.366462617103,56213,MRK501,0.35226258635521,88500,AP-N901-F303,0,0,0,0
24-SEP-2026,23.366462617103,56213,MRK501,0.35226258635521,88500,AP-N902-F303,0,0,0,0
24-SEP-2026,23.36979598349,56213,MRK501,0.35190433263779,88500,AP-N901-F303,0,0,0,0
24-SEP-2026,23.36979598349,56213,MRK501,0.35190433263779,88500,AP-N902-F303,0,0,0,0
24-SEP-2026,23.373129350576,56213,MRK501,0.35154563188553,88500,AP-N901-F303,0,0,0,0
24-SEP-2026,23.373129350576,56213,MRK501,0.35154563188553,88500,AP-N902-F303,0,0,0,0
24-SEP-2026,23.376462717837,56213,MRK501,0.35118642449379,88500,AP-N901-F303,0,0,0,0
24-SEP-2026,23.376462717837,56213,MRK501,0.35118642449379,88500,AP-N902-F303,0,0,0,0
24-SEP-2026,23.380073864684,56213,MRK501,0.35079678893089,88500,AP-N901-F303,0,0,0,0
24-SEP-2026,23.380073864684,56213,MRK501,0.35079678893089,88500,AP-N902-F303,0,0,0,0
24-SEP-2026,23.383407228801,56213,MRK501,0.3504367172718,88500,AP-N901-F303,0,0,0,0
24-SEP-2026,23.383407228801,56213,MRK501,0.3504367172718,88500,AP-N902-F303,0,0,0,0
24-SEP-2026,23.387018379489,56213,MRK501,0.35004618763924,88500,AP-N901-F303,0,0,0,0
24-SEP-2026,23.387018379489,56213,MRK501,0.35004618763924,88500,AP-N902-F303,0,0,0,0
24-SEP-2026,23.390351744131,56213,MRK501,0.34968522191048,88500,AP-N901-F303,0,0,0,0
24-SEP-2026,23.390351744131,56213,MRK501,0.34968522191048,88500,AP-N902-F303,0,0,0,0
24-SEP-2026,23.393962895692,56213,MRK501,0.34929367899895,88500,AP-N901-F303,0,0,0,0
24-SEP-2026,23.393962895692,56213,MRK501,0.34929367899895,88500,AP-N902-F303,0,0,0,0
24-SEP-2026,23.397296264175,56213,MRK501,0.34893169999123,88500,AP-N901-F303,0,0,0,0
24-SEP-2026,23.397296264175,56213,MRK501,0.34893169999123,88500,AP-N902-F303,0,0,0,0
24-SEP-2026,23.400907406831,56213,MRK501,0.3485392332077,88500,AP-N901-F303,0,0,0,0
24-SEP-2026,23.400907406831,56213,MRK501,0.3485392332077,88500,AP-N902-F303,0,0,0,0
24-SEP-2026,23.404240775663,56213,MRK501,0.34817641973495,88500,AP-N901-F303,0,0,0,0
24-SEP-2026,23.404240775663,56213,MRK501,0.34817641973495,88500,AP-N902-F303,0,0,0,0
24-SEP-2026,23.407851922859,56213,MRK501,0.34778296947479,88500,AP-N901-F303,0,0,0,0
24-SEP-2026,23.407851922859,56213,MRK501,0.34778296947479,88500,AP-N902-F303,0,0,0,0
24-SEP-2026,23.411185290993,56213,MRK501,0.34741920232773,88500,AP-N901-F303,0,0,0,0
24-SEP-2026,23.411185290993,56213,MRK501,0.34741920232773,88500,AP-N902-F303,0,0,0,0
24-SEP-2026,23.414796436967,56213,MRK501,0.3470247387886,88500,AP-N901-F303,0,0,0,0
24-SEP-2026,23.414796436967,56213,MRK501,0.3470247387886,88500,AP-N902-F303,0,0,0,0
24-SEP-2026,23.418129804925,56213,MRK501,0.34666022658348,88500,AP-N901-F303,0,0,0,0
24-SEP-2026,23.418129804925,56213,MRK501,0.34666022658348,88500,AP-N902-F303,0,0,0,0
24-SEP-2026,23.421740956836,56213,MRK501,0.34626469016075,88500,AP-N901-F303,0,0,0,0
24-SEP-2026,23.421740956836,56213,MRK501,0.34626469016075,88500,AP-N902-F303,0,0,0,0
24-SEP-2026,23.425352101239,56213,MRK501,0.34586879611015,88500,AP-N901-F303,0,0,0,0
24-SEP-2026,23.425352101239,56213,MRK501,0.34586879611015,88500,AP-N902-F303,0,0,0,0
24-SEP-2026,23.428685466578,56213,MRK501,0.34550282359123,88500,AP-N901-F303,0,0,0,0
24-SEP-2026,23.428685466578,56213,MRK501,0.34550282359123,88500,AP-N902-F303,0,0,0,0
24-SEP-2026,23.432296612901,56213,MRK501,0.34510591626167,88500,AP-N901-F303,0,0,0,0
24-SEP-2026,23.432296612901,56213,MRK501,0.34510591626167,88500,AP-N902-F303,0,0,0,0
24-SEP-2026,23.570492451757,56218,3C345,0.30749127268791,88500,AP-N901-F303,0,0,0,0
24-SEP-2026,23.570492451757,56218,3C345,0.30749127268791,88500,AP-N902-F303,0,0,0,0
24-SEP-2026,23.58785373816,56222,3C345,0.30537393689156,88500,AP-N901-F303,0,0,0,0
24-SEP-2026,23.58785373816,56222,3C345,0.30537393689156,88500,AP-N902-F303,0,0,0,0
24-SEP-2026,23.59146488588,56222,3C345,0.3049313724041,88500,AP-N901-F303,0,0,0,0
24-SEP-2026,23.59146488588,56222,3C345,0.3049313724041,88500,AP-N902-F303,0,0,0,0
24-SEP-2026,23.594798256284,56222,3C345,0.30452302098274,88500,AP-N901-F303,0,0,0,0
24-SEP-2026,23.594798256284,56222,3C345,0.30452302098274,88500,AP-N902-F303,0,0,0,0
24-SEP-2026,23.598409405052,56222,3C345,0.30408027768135,88500,AP-N901-F303,0,0,0,0
24-SEP-2026,23.598409405052,56222,3C345,0.30408027768135,88500,AP-N902-F303,0,0,0,0
24-SEP-2026,23.602020549978,56222,3C345,0.30363699793816,88500,AP-N901-F303,0,0,0,0
24-SEP-2026,23.602020549978,56222,3C345,0.30363699793816,88500,AP-N902-F303,0,0,0,0
24-SEP-2026,23.60535391881,56222,3C345,0.30322742462158,88500,AP-N901-F303,0,0,0,0
24-SEP-2026,23.60535391881,56222,3C345,0.30322742462158,88500,AP-N902-F303,0,0,0,0
24-SEP-2026,23.608965064609,56222,3C345,0.30278348922729,88500,AP-N901-F303,0,0,0,0
24-SEP-2026,23.608965064609,56222,3C345,0.30278348922729,88500,AP-N902-F303,0,0,0,0
24-SEP-2026,23.612298432219,56222,3C345,0.30237305164337,88500,AP-N901-F303,0,0,0,0
24-SEP-2026,23.612298432219,56222,3C345,0.30237305164337,88500,AP-N902-F303,0,0,0,0
24-SEP-2026,23.615631800003,56222,3C345,0.30196231603622,88500,AP-N901-F303,0,0,0,0
24-SEP-2026,23.615631800003,56222,3C345,0.30196231603622,88500,AP-N902-F303,0,0,0,0
24-SEP-2026,23.61896516674,56222,3C345,0.30155122280121,88500,AP-N901-F303,0,0,0,0
24-SEP-2026,23.61896516674,56222,3C345,0.30155122280121,88500,AP-N902-F303,0,0,0,0
24-SEP-2026,23.622298534175,56222,3C345,0.30113962292671,88500,AP-N901-F303,0,0,0,0
24-SEP-2026,23.622298534175,56222,3C345,0.30113962292671,88500,AP-N902-F303,0,0,0,0
24-SEP-2026,23.625631901086,56222,3C345,0.30072790384293,88500,AP-N901-F303,0,0,0,0
24-SEP-2026,23.625631901086,56222,3C345,0.30072790384293,88500,AP-N902-F303,0,0,0,0
24-SEP-2026,23.629243048282,56222,3C345,0.30028116703033,88500,AP-N901-F303,0,0,0,0
24-SEP-2026,23.629243048282,56222,3C345,0.30028116703033,88500,AP-N902-F303,0,0,0,0
24-SEP-2026,23.632854195129,56222,3C345,0.2998341023922,88500,AP-N901-F303,0,0,0,0
24-SEP-2026,23.632854195129,56222,3C345,0.2998341023922,88500,AP-N902-F303,0,0,0,0
24-SEP-2026,23.67146569629,56229,MRK501,0.3177173435688,88500,AP-N901-F303,0,0,0,0
24-SEP-2026,23.67146569629,56229,MRK501,0.3177173435688,88500,AP-N902-F303,0,0,0,0
24-SEP-2026,23.675076843311,56229,MRK501,0.31728711724281,88500,AP-N901-F303,0,0,0,0
24-SEP-2026,23.675076843311,56229,MRK501,0.31728711724281,88500,AP-N902-F303,0,0,0,0
24-SEP-2026,23.678687992952,56229,MRK501,0.31685695052147,88500,AP-N901-F303,0,0,0,0
24-SEP-2026,23.678687992952,56229,MRK501,0.31685695052147,88500,AP-N902-F303,0,0,0,0
24-SEP-2026,23.682299140148,56229,MRK501,0.31642630696297,88500,AP-N901-F303,0,0,0,0
24-SEP-2026,23.682299140148,56229,MRK501,0.31642630696297,88500,AP-N902-F303,0,0,0,0
24-SEP-2026,23.685632503742,56229,MRK501,0.31602826714516,88500,AP-N901-F303,0,0,0,0
24-SEP-2026,23.685632503742,56229,MRK501,0.31602826714516,88500,AP-N902-F303,0,0,0,0
24-SEP-2026,23.68924365443,56229,MRK501,0.31559664011002,88500,AP-N901-F303,0,0,0,0
24-SEP-2026,23.68924365443,56229,MRK501,0.31559664011002,88500,AP-N902-F303,0,0,0,0
24-SEP-2026,23.692577021691,56229,MRK501,0.3151977956295,88500,AP-N901-F303,0,0,0,0
24-SEP-2026,23.692577021691,56229,MRK501,0.3151977956295,88500,AP-N902-F303,0,0,0,0
24-SEP-2026,23.695910390523,56229,MRK501,0.31479862332344,88500,AP-N901-F303,0,0,0,0
24-SEP-2026,23.695910390523,56229,MRK501,0.31479862332344,88500,AP-N902-F303,0,0,0,0
24-SEP-2026,23.699521539116,56229,MRK501,0.31436577439308,88500,AP-N901-F303,0,0,0,0
24-SEP-2026,23.699521539116,56229,MRK501,0.31436577439308,88500,AP-N902-F303,0,0,0,0
24-SEP-2026,23.703132681772,56229,MRK501,0.31393241882324,88500,AP-N901-F303,0,0,0,0
24-SEP-2026,23.703132681772,56229,MRK501,0.31393241882324,88500,AP-N902-F303,0,0,0,0
24-SEP-2026,23.706466050429,56229,MRK501,0.31353196501732,88500,AP-N901-F303,0,0,0,0
24-SEP-2026,23.706466050429,56229,MRK501,0.31353196501732,88500,AP-N902-F303,0,0,0,0
24-SEP-2026,23.709799418213,56229,MRK501,0.31313106417656,88500,AP-N901-F303,0,0,0,0
24-SEP-2026,23.709799418213,56229,MRK501,0.31313106417656,88500,AP-N902-F303,0,0,0,0
24-SEP-2026,23.713132786172,56229,MRK501,0.31272977590561,88500,AP-N901-F303,0,0,0,0
24-SEP-2026,23.713132786172,56229,MRK501,0.31272977590561,88500,AP-N902-F303,0,0,0,0
24-SEP-2026,23.716743932845,56229,MRK501,0.31229463219643,88500,AP-N901-F303,0,0,0,0
24-SEP-2026,23.716743932845,56229,MRK501,0.31229463219643,88500,AP-N902-F303,0,0,0,0
24-SEP-2026,23.72007729993,56229,MRK501,0.31189253926277,88500,AP-N901-F303,0,0,0,0
24-SEP-2026,23.72007729993,56229,MRK501,0.31189253926277,88500,AP-N902-F303,0,0,0,0
24-SEP-2026,23.723410666842,56229,MRK501,0.31149005889893,88500,AP-N901-F303,0,0,0,0
24-SEP-2026,23.723410666842,56229,MRK501,0.31149005889893,88500,AP-N902-F303,0,0,0,0
24-SEP-2026,23.726744033928,56229,MRK501,0.31108716130257,88500,AP-N901-F303,0,0,0,0
24-SEP-2026,23.726744033928,56229,MRK501,0.31108716130257,88500,AP-N902-F303,0,0,0,0
24-SEP-2026,23.730077398045,56229,MRK501,0.31068390607834,88500,AP-N901-F303,0,0,0,0
24-SEP-2026,23.730077398045,56229,MRK501,0.31068390607834,88500,AP-N902-F303,0,0,0,0
24-SEP-2026,23.733688548384,56229,MRK501,0.31024664640427,88500,AP-N901-F303,0,0,0,0
24-SEP-2026,23.733688548384,56229,MRK501,0.31024664640427,88500,AP-N902-F303,0,0,0,0
24-SEP-2026,23.737021915645,56229,MRK501,0.30984249711037,88500,AP-N901-F303,0,0,0,0
24-SEP-2026,23.737021915645,56229,MRK501,0.30984249711037,88500,AP-N902-F303,0,0,0,0
24-SEP-2026,23.740355284826,56229,MRK501,0.30943801999092,88500,AP-N901-F303,0,0,0,0
24-SEP-2026,23.740355284826,56229,MRK501,0.30943801999092,88500,AP-N902-F303,0,0,0,0
24-SEP-2026,23.743827541268,56229,MRK501,0.30901622772217,88500,AP-N901-F303,0,0,0,0
24-SEP-2026,23.743827541268,56229,MRK501,0.30901622772217,88500,AP-N902-F303,0,0,0,0
24-SEP-2026,23.747299795615,56229,MRK501,0.30859410762787,88500,AP-N901-F303,0,0,0,0
24-SEP-2026,23.747299795615,56229,MRK501,0.30859410762787,88500,AP-N902-F303,0,0,0,0
24-SEP-2026,23.750633164971,56229,MRK501,0.30818837881088,88500,AP-N901-F303,0,0,0,0
24-SEP-2026,23.750633164971,56229,MRK501,0.30818837881088,88500,AP-N902-F303,0,0,0,0
24-SEP-2026,23.753966530136,56229,MRK501,0.30778235197067,88500,AP-N901-F303,0,0,0,0
24-SEP-2026,23.753966530136,56229,MRK501,0.30778235197067,88500,AP-N902-F303,0,0,0,0
24-SEP-2026,23.757299899492,56229,MRK501,0.30737578868866,88500,AP-N901-F303,0,0,0,0
24-SEP-2026,23.757299899492,56229,MRK501,0.30737578868866,88500,AP-N902-F303,0,0,0,0
24-SEP-2026,23.760633269372,56229,MRK501,0.3069688975811,88500,AP-N901-F303,0,0,0,0
24-SEP-2026,23.760633269372,56229,MRK501,0.3069688975811,88500,AP-N902-F303,0,0,0,0
24-SEP-2026,23.764522194059,56229,MRK501,0.30649375915527,88500,AP-N901-F303,0,0,0,0
24-SEP-2026,23.764522194059,56229,MRK501,0.30649375915527,88500,AP-N902-F303,0,0,0,0
25-SEP-2026,0.23707227506686,56247,3C454.3,0.55135548114777,88500,AP-N901-F303,0,0,0,0
25-SEP-2026,0.23707227506686,56247,3C454.3,0.55135548114777,88500,AP-N902-F303,0,0,0,0
25-SEP-2026,0.25443356164485,56251,3C454.3,0.55464607477188,88500,AP-N901-F303,0,0,0,0
25-SEP-2026,0.25443356164485,56251,3C454.3,0.55464607477188,88500,AP-N902-F303,0,0,0,0
25-SEP-2026,0.25776692680984,56251,3C454.3,0.55527681112289,88500,AP-N901-F303,0,0,0,0
25-SEP-2026,0.25776692680984,56251,3C454.3,0.55527681112289,88500,AP-N902-F303,0,0,0,0
25-SEP-2026,0.26110029616578,56251,3C454.3,0.55590736865997,88500,AP-N901-F303,0,0,0,0
25-SEP-2026,0.26110029616578,56251,3C454.3,0.55590736865997,88500,AP-N902-F303,0,0,0,0
25-SEP-2026,0.26443366133077,56251,3C454.3,0.55653744935989,88500,AP-N901-F303,0,0,0,0
25-SEP-2026,0.26443366133077,56251,3C454.3,0.55653744935989,88500,AP-N902-F303,0,0,0,0
25-SEP-2026,0.26776702701962,56251,3C454.3,0.55716729164124,88500,AP-N901-F303,0,0,0,0
25-SEP-2026,0.26776702701962,56251,3C454.3,0.55716729164124,88500,AP-N902-F303,0,0,0,0
25-SEP-2026,0.27137817578734,56251,3C454.3,0.55784916877747,88500,AP-N901-F303,0,0,0,0
25-SEP-2026,0.27137817578734,56251,3C454.3,0.55784916877747,88500,AP-N902-F303,0,0,0,0
25-SEP-2026,0.27498932577742,56251,3C454.3,0.55853074789047,88500,AP-N901-F303,0,0,0,0
25-SEP-2026,0.27498932577742,56251,3C454.3,0.55853074789047,88500,AP-N902-F303,0,0,0,0
25-SEP-2026,0.27832269129166,56251,3C454.3,0.55915945768356,88500,AP-N901-F303,0,0,0,0
25-SEP-2026,0.27832269129166,56251,3C454.3,0.55915945768356,88500,AP-N902-F303,0,0,0,0
25-SEP-2026,0.28165605488504,56251,3C454.3,0.55978786945343,88500,AP-N901-F303,0,0,0,0
25-SEP-2026,0.28165605488504,56251,3C454.3,0.55978786945343,88500,AP-N902-F303,0,0,0,0
25-SEP-2026,0.28554498236604,56251,3C454.3,0.56052058935165,88500,AP-N901-F303,0,0,0,0
25-SEP-2026,0.28554498236604,56251,3C454.3,0.56052058935165,88500,AP-N902-F303,0,0,0,0
25-SEP-2026,0.28887835154736,56251,3C454.3,0.56114828586578,88500,AP-N901-F303,0,0,0,0
25-SEP-2026,0.28887835154736,56251,3C454.3,0.56114828586578,88500,AP-N902-F303,0,0,0,0
25-SEP-2026,0.29221171653772,56251,3C454.3,0.56177568435669,88500,AP-N901-F303,0,0,0,0
25-SEP-2026,0.29221171653772,56251,3C454.3,0.56177568435669,88500,AP-N902-F303,0,0,0,0
25-SEP-2026,0.29554508624291,56251,3C454.3,0.56240272521973,88500,AP-N901-F303,0,0,0,0
25-SEP-2026,0.29554508624291,56251,3C454.3,0.56240272521973,88500,AP-N902-F303,0,0,0,0
25-SEP-2026,0.29887845280488,56251,3C454.3,0.56302946805954,88500,AP-N901-F303,0,0,0,0
25-SEP-2026,0.29887845280488,56251,3C454.3,0.56302946805954,88500,AP-N902-F303,0,0,0,0
25-SEP-2026,0.30221181796986,56251,3C454.3,0.56365579366684,88500,AP-N901-F303,0,0,0,0
25-SEP-2026,0.30221181796986,56251,3C454.3,0.56365579366684,88500,AP-N902-F303,0,0,0,0
25-SEP-2026,0.3055451873258,56251,3C454.3,0.56428182125092,88500,AP-N901-F303,0,0,0,0
25-SEP-2026,0.3055451873258,56251,3C454.3,0.56428182125092,88500,AP-N902-F303,0,0,0,0
25-SEP-2026,0.30887855301466,56251,3C454.3,0.56490761041641,88500,AP-N901-F303,0,0,0,0
25-SEP-2026,0.30887855301466,56251,3C454.3,0.56490761041641,88500,AP-N902-F303,0,0,0,0
25-SEP-2026,0.31248969846454,56251,3C454.3,0.56558501720428,88500,AP-N901-F303,0,0,0,0
25-SEP-2026,0.31248969846454,56251,3C454.3,0.56558501720428,88500,AP-N902-F303,0,0,0,0
25-SEP-2026,0.31582306694737,56251,3C454.3,0.5662100315094,88500,AP-N901-F303,0,0,0,0
25-SEP-2026,0.31582306694737,56251,3C454.3,0.5662100315094,88500,AP-N902-F303,0,0,0,0
25-SEP-2026,0.31915643438245,56251,3C454.3,0.56683468818665,88500,AP-N901-F303,0,0,0,0
25-SEP-2026,0.31915643438245,56251,3C454.3,0.56683468818665,88500,AP-N902-F303,0,0,0,0
25-SEP-2026,0.32276758507102,56251,3C454.3,0.56751102209091,88500,AP-N901-F303,0,0,0,0
25-SEP-2026,0.32276758507102,56251,3C454.3,0.56751102209091,88500,AP-N902-F303,0,0,0,0
25-SEP-2026,0.32610094656893,56251,3C454.3,0.56813496351242,88500,AP-N901-F303,0,0,0,0
25-SEP-2026,0.32610094656893,56251,3C454.3,0.56813496351242,88500,AP-N902-F303,0,0,0,0
25-SEP-2026,0.32971209324117,56251,3C454.3,0.5688105225563,88500,AP-N901-F303,0,0,0,0
25-SEP-2026,0.32971209324117,56251,3C454.3,0.5688105225563,88500,AP-N902-F303,0,0,0,0
25-SEP-2026,0.33304546050163,56251,3C454.3,0.56943380832672,88500,AP-N901-F303,0,0,0,0
25-SEP-2026,0.33304546050163,56251,3C454.3,0.56943380832672,88500,AP-N902-F303,0,0,0,0
25-SEP-2026,0.33665661066634,56251,3C454.3,0.57010859251022,88500,AP-N901-F303,0,0,0,0
25-SEP-2026,0.33665661066634,56251,3C454.3,0.57010859251022,88500,AP-N902-F303,0,0,0,0
25-SEP-2026,0.34054554041745,56251,3C454.3,0.57083481550217,88500,AP-N901-F303,0,0,0,0
25-SEP-2026,0.34054554041745,56251,3C454.3,0.57083481550217,88500,AP-N902-F303,0,0,0,0
25-SEP-2026,0.34387890470932,56251,3C454.3,0.57145696878433,88500,AP-N901-F303,0,0,0,0
25-SEP-2026,0.34387890470932,56251,3C454.3,0.57145696878433,88500,AP-N902-F303,0,0,0,0
25-SEP-2026,0.34749005173081,56251,3C454.3,0.57213056087494,88500,AP-N901-F303,0,0,0,0
25-SEP-2026,0.34749005173081,56251,3C454.3,0.57213056087494,88500,AP-N902-F303,0,0,0,0
25-SEP-2026,0.35110120067315,56251,3C454.3,0.57280373573303,88500,AP-N901-F303,0,0,0,0
25-SEP-2026,0.35110120067315,56251,3C454.3,0.57280373573303,88500,AP-N902-F303,0,0,0,0
25-SEP-2026,0.35499013024964,56251,3C454.3,0.57352823019028,88500,AP-N901-F303,0,0,0,0
25-SEP-2026,0.35499013024964,56251,3C454.3,0.57352823019028,88500,AP-N902-F303,0,0,0,0
25-SEP-2026,0.35860127604876,56251,3C454.3,0.57420057058334,88500,AP-N901-F303,0,0,0,0
25-SEP-2026,0.35860127604876,56251,3C454.3,0.57420057058334,88500,AP-N902-F303,0,0,0,0
25-SEP-2026,0.36193464208687,56251,3C454.3,0.57482087612152,88500,AP-N901-F303,0,0,0,0
25-SEP-2026,0.36193464208687,56251,3C454.3,0.57482087612152,88500,AP-N902-F303,0,0,0,0
25-SEP-2026,0.48735257439149,56256,BLLAC,0.34574350714684,88500,AP-N901-F303,0,0,0,0
25-SEP-2026,0.48735257439149,56256,BLLAC,0.34574350714684,88500,AP-N902-F303,0,0,0,0
25-SEP-2026,0.50415829603412,56260,BLLAC,0.34721219539642,88500,AP-N901-F303,0,0,0,0
25-SEP-2026,0.50415829603412,56260,BLLAC,0.34721219539642,88500,AP-N902-F303,0,0,0,0
25-SEP-2026,0.50749166137373,56260,BLLAC,0.34750217199326,88500,AP-N901-F303,0,0,0,0
25-SEP-2026,0.50749166137373,56260,BLLAC,0.34750217199326,88500,AP-N902-F303,0,0,0,0
25-SEP-2026,0.51082502828494,56260,BLLAC,0.34779164195061,88500,AP-N901-F303,0,0,0,0
25-SEP-2026,0.51082502828494,56260,BLLAC,0.34779164195061,88500,AP-N902-F303,0,0,0,0
25-SEP-2026,0.51443617844965,56260,BLLAC,0.34810465574265,88500,AP-N901-F303,0,0,0,0
25-SEP-2026,0.51443617844965,56260,BLLAC,0.34810465574265,88500,AP-N902-F303,0,0,0,0
25-SEP-2026,0.51776954239227,56260,BLLAC,0.34839308261871,88500,AP-N901-F303,0,0,0,0
25-SEP-2026,0.51776954239227,56260,BLLAC,0.34839308261871,88500,AP-N902-F303,0,0,0,0
25-SEP-2026,0.52110290912886,56260,BLLAC,0.34868121147156,88500,AP-N901-F303,0,0,0,0
25-SEP-2026,0.52110290912886,56260,BLLAC,0.34868121147156,88500,AP-N902-F303,0,0,0,0
25-SEP-2026,0.52443627429385,56260,BLLAC,0.34896877408028,88500,AP-N901-F303,0,0,0,0
25-SEP-2026,0.52443627429385,56260,BLLAC,0.34896877408028,88500,AP-N902-F303,0,0,0,0
25-SEP-2026,0.52804742620478,56260,BLLAC,0.34927982091904,88500,AP-N901-F303,0,0,0,0
25-SEP-2026,0.52804742620478,56260,BLLAC,0.34927982091904,88500,AP-N902-F303,0,0,0,0
25-SEP-2026,0.53138079119515,56260,BLLAC,0.34956640005112,88500,AP-N901-F303,0,0,0,0
25-SEP-2026,0.53138079119515,56260,BLLAC,0.34956640005112,88500,AP-N902-F303,0,0,0,0
25-SEP-2026,0.53471415740787,56260,BLLAC,0.34985247254372,88500,AP-N901-F303,0,0,0,0
25-SEP-2026,0.53471415740787,56260,BLLAC,0.34985247254372,88500,AP-N902-F303,0,0,0,0
25-SEP-2026,0.53804752868466,56260,BLLAC,0.35013818740845,88500,AP-N901-F303,0,0,0,0
25-SEP-2026,0.53804752868466,56260,BLLAC,0.35013818740845,88500,AP-N902-F303,0,0,0,0
25-SEP-2026,0.54165867326143,56260,BLLAC,0.35044711828232,88500,AP-N901-F303,0,0,0,0
25-SEP-2026,0.54165867326143,56260,BLLAC,0.35044711828232,88500,AP-N902-F303,0,0,0,0
25-SEP-2026,0.54499204156963,56260,BLLAC,0.35073184967041,88500,AP-N901-F303,0,0,0,0
25-SEP-2026,0.54499204156963,56260,BLLAC,0.35073184967041,88500,AP-N902-F303,0,0,0,0
25-SEP-2026,0.54832540533764,56260,BLLAC,0.35101601481438,88500,AP-N901-F303,0,0,0,0
25-SEP-2026,0.54832540533764,56260,BLLAC,0.35101601481438,88500,AP-N902-F303,0,0,0,0
25-SEP-2026,0.59304808184662,56267,J2203+3145,0.51803660392761,88500,AP-N901-F303,0,0,0,0
25-SEP-2026,0.59304808184662,56267,J2203+3145,0.51803660392761,88500,AP-N902-F303,0,0,0,0
25-SEP-2026,0.59638144369377,56267,J2203+3145,0.5183829665184,88500,AP-N901-F303,0,0,0,0
25-SEP-2026,0.59638144369377,56267,J2203+3145,0.5183829665184,88500,AP-N902-F303,0,0,0,0
25-SEP-2026,0.59971481095423,56267,J2203+3145,0.51872873306274,88500,AP-N901-F303,0,0,0,0
25-SEP-2026,0.59971481095423,56267,J2203+3145,0.51872873306274,88500,AP-N902-F303,0,0,0,0
25-SEP-2026,0.60304817804007,56267,J2203+3145,0.51907384395599,88500,AP-N901-F303,0,0,0,0
25-SEP-2026,0.60304817804007,56267,J2203+3145,0.51907384395599,88500,AP-N902-F303,0,0,0,0
25-SEP-2026,0.6063815442528,56267,J2203+3145,0.51941853761673,88500,AP-N901-F303,0,0,0,0
25-SEP-2026,0.6063815442528,56267,J2203+3145,0.51941853761673,88500,AP-N902-F303,0,0,0,0
25-SEP-2026,0.60999269476675,56267,J2203+3145,0.5197913646698,88500,AP-N901-F303,0,0,0,0
25-SEP-2026,0.60999269476675,56267,J2203+3145,0.5197913646698,88500,AP-N902-F303,0,0,0,0
25-SEP-2026,0.61360384178824,56267,J2203+3145,0.52016341686249,88500,AP-N901-F303,0,0,0,0
25-SEP-2026,0.61360384178824,56267,J2203+3145,0.52016341686249,88500,AP-N902-F303,0,0,0,0
25-SEP-2026,0.61693720869945,56267,J2203+3145,0.52050632238388,88500,AP-N901-F303,0,0,0,0
25-SEP-2026,0.61693720869945,56267,J2203+3145,0.52050632238388,88500,AP-N902-F303,0,0,0,0
25-SEP-2026,0.62027057665841,56267,J2203+3145,0.52084863185883,88500,AP-N901-F303,0,0,0,0
25-SEP-2026,0.62027057665841,56267,J2203+3145,0.52084863185883,88500,AP-N902-F303,0,0,0,0
25-SEP-2026,0.62388172018744,56267,J2203+3145,0.52121895551682,88500,AP-N901-F303,0,0,0,0
25-SEP-2026,0.62388172018744,56267,J2203+3145,0.52121895551682,88500,AP-N902-F303,0,0,0,0
25-SEP-2026,0.62749286790742,56267,J2203+3145,0.52158862352371,88500,AP-N901-F303,0,0,0,0
25-SEP-2026,0.62749286790742,56267,J2203+3145,0.52158862352371,88500,AP-N902-F303,0,0,0,0
25-SEP-2026,0.63110401492891,56267,J2203+3145,0.52195751667023,88500,AP-N901-F303,0,0,0,0
25-SEP-2026,0.63110401492891,56267,J2203+3145,0.52195751667023,88500,AP-N902-F303,0,0,0,0
25-SEP-2026,0.63443738411023,56267,J2203+3145,0.52229756116867,88500,AP-N901-F303,0,0,0,0
25-SEP-2026,0.63443738411023,56267,J2203+3145,0.52229756116867,88500,AP-N902-F303,0,0,0,0
25-SEP-2026,0.63777074979908,56267,J2203+3145,0.52263700962067,88500,AP-N901-F303,0,0,0,0
25-SEP-2026,0.63777074979908,56267,J2203+3145,0.52263700962067,88500,AP-N902-F303,0,0,0,0
25-SEP-2026,0.64110411548794,56267,J2203+3145,0.5229759812355,88500,AP-N901-F303,0,0,0,0
25-SEP-2026,0.64110411548794,56267,J2203+3145,0.5229759812355,88500,AP-N902-F303,0,0,0,0
25-SEP-2026,0.64443748711398,56267,J2203+3145,0.52331417798996,88500,AP-N901-F303,0,0,0,0
25-SEP-2026,0.64443748711398,56267,J2203+3145,0.52331417798996,88500,AP-N902-F303,0,0,0,0
25-SEP-2026,0.64804863151612,56267,J2203+3145,0.52368009090424,88500,AP-N901-F303,0,0,0,0
25-SEP-2026,0.64804863151612,56267,J2203+3145,0.52368009090424,88500,AP-N902-F303,0,0,0,0
25-SEP-2026,0.65165978220469,56267,J2203+3145,0.52404534816742,88500,AP-N901-F303,0,0,0,0
25-SEP-2026,0.65165978220469,56267,J2203+3145,0.52404534816742,88500,AP-N902-F303,0,0,0,0
25-SEP-2026,0.65527092817845,56267,J2203+3145,0.52440994977951,88500,AP-N901-F303,0,0,0,0
25-SEP-2026,0.65527092817845,56267,J2203+3145,0.52440994977951,88500,AP-N902-F303,0,0,0,0
25-SEP-2026,0.65860429351805,56267,J2203+3145,0.52474588155746,88500,AP-N901-F303,0,0,0,0
25-SEP-2026,0.65860429351805,56267,J2203+3145,0.52474588155746,88500,AP-N902-F303,0,0,0,0
25-SEP-2026,0.66193766042927,56267,J2203+3145,0.52508139610291,88500,AP-N901-F303,0,0,0,0
25-SEP-2026,0.66193766042927,56267,J2203+3145,0.52508139610291,88500,AP-N902-F303,0,0,0,0
25-SEP-2026,0.66527102751511,56267,J2203+3145,0.52541607618332,88500,AP-N901-F303,0,0,0,0
25-SEP-2026,0.66527102751511,56267,J2203+3145,0.52541607618332,88500,AP-N902-F303,0,0,0,0
25-SEP-2026,0.66860439390246,56267,J2203+3145,0.52575033903122,88500,AP-N901-F303,0,0,0,0
25-SEP-2026,0.66860439390246,56267,J2203+3145,0.52575033903122,88500,AP-N902-F303,0,0,0,0
25-SEP-2026,0.67193775906745,56267,J2203+3145,0.52608406543732,88500,AP-N901-F303,0,0,0,0
25-SEP-2026,0.67193775906745,56267,J2203+3145,0.52608406543732,88500,AP-N902-F303,0,0,0,0
25-SEP-2026,0.67527112947112,56267,J2203+3145,0.52641719579697,88500,AP-N901-F303,0,0,0,0
25-SEP-2026,0.67527112947112,56267,J2203+3145,0.52641719579697,88500,AP-N902-F303,0,0,0,0
25-SEP-2026,0.6786044953346,56267,J2203+3145,0.52674978971481,88500,AP-N901-F303,0,0,0,0
25-SEP-2026,0.6786044953346,56267,J2203+3145,0.52674978971481,88500,AP-N902-F303,0,0,0,0
25-SEP-2026,0.6819378613727,56267,J2203+3145,0.52708184719086,88500,AP-N901-F303,0,0,0,0
25-SEP-2026,0.6819378613727,56267,J2203+3145,0.52708184719086,88500,AP-N902-F303,0,0,0,0
25-SEP-2026,0.68527122636307,56267,J2203+3145,0.52741324901581,88500,AP-N901-F303,0,0,0,0
25-SEP-2026,0.68527122636307,56267,J2203+3145,0.52741324901581,88500,AP-N902-F303,0,0,0,0
25-SEP-2026,0.68888237844862,56267,J2203+3145,0.52777165174484,88500,AP-N901-F303,0,0,0,0
25-SEP-2026,0.68888237844862,56267,J2203+3145,0.52777165174484,88500,AP-N902-F303,0,0,0,0
25-SEP-2026,0.69249352547011,56267,J2203+3145,0.52812945842743,88500,AP-N901-F303,0,0,0,0
25-SEP-2026,0.69249352547011,56267,J2203+3145,0.52812945842743,88500,AP-N902-F303,0,0,0,0
25-SEP-2026,0.69610467353934,56267,J2203+3145,0.52848660945892,88500,AP-N901-F303,0,0,0,0
25-SEP-2026,0.69610467353934,56267,J2203+3145,0.52848660945892,88500,AP-N902-F303,0,0,0,0
25-SEP-2026,0.69943804010131,56267,J2203+3145,0.52881556749344,88500,AP-N901-F303,0,0,0,0
25-SEP-2026,0.69943804010131,56267,J2203+3145,0.52881556749344,88500,AP-N902-F303,0,0,0,0
25-SEP-2026,0.82096704806813,56272,BLLAC,0.37265664339066,88500,AP-N901-F303,0,0,0,0
25-SEP-2026,0.82096704806813,56272,BLLAC,0.37265664339066,88500,AP-N902-F303,0,0,0,0
25-SEP-2026,0.83749498401255,56276,BLLAC,0.3738642334938,88500,AP-N901-F303,0,0,0,0
25-SEP-2026,0.83749498401255,56276,BLLAC,0.3738642334938,88500,AP-N902-F303,0,0,0,0
25-SEP-2026,0.84082835179689,56276,BLLAC,0.37410631775856,88500,AP-N901-F303,0,0,0,0
25-SEP-2026,0.84082835179689,56276,BLLAC,0.37410631775856,88500,AP-N902-F303,0,0,0,0
25-SEP-2026,0.84416171958122,56276,BLLAC,0.37434801459312,88500,AP-N901-F303,0,0,0,0
25-SEP-2026,0.84416171958122,56276,BLLAC,0.37434801459312,88500,AP-N902-F303,0,0,0,0
25-SEP-2026,0.84749508823866,56276,BLLAC,0.37458908557892,88500,AP-N901-F303,0,0,0,0
25-SEP-2026,0.84749508823866,56276,BLLAC,0.37458908557892,88500,AP-N902-F303,0,0,0,0
25-SEP-2026,0.85110623386317,56276,BLLAC,0.3748497068882,88500,AP-N901-F303,0,0,0,0
25-SEP-2026,0.85110623386317,56276,BLLAC,0.3748497068882,88500,AP-N902-F303,0,0,0,0
25-SEP-2026,0.85471737948768,56276,BLLAC,0.37510979175568,88500,AP-N901-F303,0,0,0,0
25-SEP-2026,0.85471737948768,56276,BLLAC,0.37510979175568,88500,AP-N902-F303,0,0,0,0
25-SEP-2026,0.85832852773153,56276,BLLAC,0.37536934018135,88500,AP-N901-F303,0,0,0,0
25-SEP-2026,0.85832852773153,56276,BLLAC,0.37536934018135,88500,AP-N902-F303,0,0,0,0
25-SEP-2026,0.86193967492764,56276,BLLAC,0.37562823295593,88500,AP-N901-F303,0,0,0,0
25-SEP-2026,0.86193967492764,56276,BLLAC,0.37562823295593,88500,AP-N902-F303,0,0,0,0
25-SEP-2026,0.86555082386998,56276,BLLAC,0.37588658928871,88500,AP-N901-F303,0,0,0,0
25-SEP-2026,0.86555082386998,56276,BLLAC,0.37588658928871,88500,AP-N902-F303,0,0,0,0
25-SEP-2026,0.86916197158996,56276,BLLAC,0.37614423036575,88500,AP-N901-F303,0,0,0,0
25-SEP-2026,0.86916197158996,56276,BLLAC,0.37614423036575,88500,AP-N902-F303,0,0,0,0
25-SEP-2026,0.87277311773834,56276,BLLAC,0.37640139460564,88500,AP-N901-F303,0,0,0,0
25-SEP-2026,0.87277311773834,56276,BLLAC,0.37640139460564,88500,AP-N902-F303,0,0,0,0
25-SEP-2026,0.87638426545832,56276,BLLAC,0.37665793299675,88500,AP-N901-F303,0,0,0,0
25-SEP-2026,0.87638426545832,56276,BLLAC,0.37665793299675,88500,AP-N902-F303,0,0,0,0
25-SEP-2026,0.87971763306803,56276,BLLAC,0.37689420580864,88500,AP-N901-F303,0,0,0,0
25-SEP-2026,0.87971763306803,56276,BLLAC,0.37689420580864,88500,AP-N902-F303,0,0,0,0
25-SEP-2026,0.88332878201037,56276,BLLAC,0.37714973092079,88500,AP-N901-F303,0,0,0,0
25-SEP-2026,0.88332878201037,56276,BLLAC,0.37714973092079,88500,AP-N902-F303,0,0,0,0
25-SEP-2026,0.92638476912657,56283,J2203+3145,0.54985547065735,88500,AP-N901-F303,0,0,0,0
25-SEP-2026,0.92638476912657,56283,J2203+3145,0.54985547065735,88500,AP-N902-F303,0,0,0,0
25-SEP-2026,0.92999591667193,56283,J2203+3145,0.55016803741455,88500,AP-N901-F303,0,0,0,0
25-SEP-2026,0.92999591667193,56283,J2203+3145,0.55016803741455,88500,AP-N902-F303,0,0,0,0
25-SEP-2026,0.93360706386804,56283,J2203+3145,0.55047994852066,88500,AP-N901-F303,0,0,0,0
25-SEP-2026,0.93360706386804,56283,J2203+3145,0.55047994852066,88500,AP-N902-F303,0,0,0,0
25-SEP-2026,0.93694043095388,56283,J2203+3145,0.55076724290848,88500,AP-N901-F303,0,0,0,0
25-SEP-2026,0.93694043095388,56283,J2203+3145,0.55076724290848,88500,AP-N902-F303,0,0,0,0
25-SEP-2026,0.94055157814999,56283,J2203+3145,0.55107772350311,88500,AP-N901-F303,0,0,0,0
25-SEP-2026,0.94055157814999,56283,J2203+3145,0.55107772350311,88500,AP-N902-F303,0,0,0,0
25-SEP-2026,0.94416272447299,56283,J2203+3145,0.5513876080513,88500,AP-N901-F303,0,0,0,0
25-SEP-2026,0.94416272447299,56283,J2203+3145,0.5513876080513,88500,AP-N902-F303,0,0,0,0
25-SEP-2026,0.9474960898126,56283,J2203+3145,0.55167293548584,88500,AP-N901-F303,0,0,0,0
25-SEP-2026,0.9474960898126,56283,J2203+3145,0.55167293548584,88500,AP-N902-F303,0,0,0,0
25-SEP-2026,0.95110723980268,56283,J2203+3145,0.55198138952255,88500,AP-N901-F303,0,0,0,0
25-SEP-2026,0.95110723980268,56283,J2203+3145,0.55198138952255,88500,AP-N902-F303,0,0,0,0
25-SEP-2026,0.954440608984,56283,J2203+3145,0.55226546525955,88500,AP-N901-F303,0,0,0,0
25-SEP-2026,0.954440608984,56283,J2203+3145,0.55226546525955,88500,AP-N902-F303,0,0,0,0
25-SEP-2026,0.95805175408463,56283,J2203+3145,0.55257260799408,88500,AP-N901-F303,0,0,0,0
25-SEP-2026,0.95805175408463,56283,J2203+3145,0.55257260799408,88500,AP-N902-F303,0,0,0,0
25-SEP-2026,0.96138512029736,56283,J2203+3145,0.55285537242889,88500,AP-N901-F303,0,0,0,0
25-SEP-2026,0.96138512029736,56283,J2203+3145,0.55285537242889,88500,AP-N902-F303,0,0,0,0
25-SEP-2026,0.96499626819196,56283,J2203+3145,0.55316108465195,88500,AP-N901-F303,0,0,0,0
25-SEP-2026,0.96499626819196,56283,J2203+3145,0.55316108465195,88500,AP-N902-F303,0,0,0,0
25-SEP-2026,0.96832963615092,56283,J2203+3145,0.55344265699387,88500,AP-N901-F303,0,0,0,0
25-SEP-2026,0.96832963615092,56283,J2203+3145,0.55344265699387,88500,AP-N902-F303,0,0,0,0
25-SEP-2026,0.97194078439477,56283,J2203+3145,0.55374699831009,88500,AP-N901-F303,0,0,0,0
25-SEP-2026,0.97194078439477,56283,J2203+3145,0.55374699831009,88500,AP-N902-F303,0,0,0,0
25-SEP-2026,0.97527415305222,56283,J2203+3145,0.55402719974518,88500,AP-N901-F303,0,0,0,0
25-SEP-2026,0.97527415305222,56283,J2203+3145,0.55402719974518,88500,AP-N902-F303,0,0,0,0
25-SEP-2026,0.97888529553351,56283,J2203+3145,0.55433022975922,88500,AP-N901-F303,0,0,0,0
25-SEP-2026,0.97888529553351,56283,J2203+3145,0.55433022975922,88500,AP-N902-F303,0,0,0,0
25-SEP-2026,0.9822186645402,56283,J2203+3145,0.55460923910141,88500,AP-N901-F303,0,0,0,0
25-SEP-2026,0.9822186645402,56283,J2203+3145,0.55460923910141,88500,AP-N902-F303,0,0,0,0
25-SEP-2026,0.98582981173631,56283,J2203+3145,0.55491077899933,88500,AP-N901-F303,0,0,0,0
25-SEP-2026,0.98582981173631,56283,J2203+3145,0.55491077899933,88500,AP-N902-F303,0,0,0,0
25-SEP-2026,0.98944096242489,56283,J2203+3145,0.55521160364151,88500,AP-N901-F303,0,0,0,0
25-SEP-2026,0.98944096242489,56283,J2203+3145,0.55521160364151,88500,AP-N902-F303,0,0,0,0
25-SEP-2026,0.99319099880302,56283,J2203+3145,0.55552333593369,88500,AP-N901-F303,0,0,0,0
25-SEP-2026,0.99319099880302,56283,J2203+3145,0.55552333593369,88500,AP-N902-F303,0,0,0,0
25-SEP-2026,0.99666325349928,56283,J2203+3145,0.55581116676331,88500,AP-N901-F303,0,0,0,0
25-SEP-2026,0.99666325349928,56283,J2203+3145,0.55581116676331,88500,AP-N902-F303,0,0,0,0
25-SEP-2026,0.99999662285521,56283,J2203+3145,0.55608695745468,88500,AP-N901-F303,0,0,0,0
25-SEP-2026,0.99999662285521,56283,J2203+3145,0.55608695745468,88500,AP-N902-F303,0,0,0,0
25-SEP-2026,10.004946365613,56752,3C84,0.30067789554596,88500,AP-N901-F303,0.012365566566586,0.012365566566586,93.054061889648,271.85000610352
25-SEP-2026,10.004946365613,56752,3C84,0.30067789554596,88500,AP-N902-F303,0.016872158274055,0.016872158274055,93.982688903809,271.85000610352
25-SEP-2026,10.008279730603,56752,3C84,0.30030560493469,88500,AP-N901-F303,0.012365566566586,0.012365566566586,93.054061889648,271.85000610352
25-SEP-2026,10.008279730603,56752,3C84,0.30030560493469,88500,AP-N902-F303,0.016872158274055,0.016872158274055,93.982688903809,271.85000610352
25-SEP-2026,10.011890880069,56752,3C84,0.29990196228027,88500,AP-N901-F303,0.012365566566586,0.012365566566586,93.054061889648,271.85000610352
25-SEP-2026,10.011890880069,56752,3C84,0.29990196228027,88500,AP-N902-F303,0.016872158274055,0.016872158274055,93.982688903809,271.85000610352
25-SEP-2026,10.01522424733,56752,3C84,0.29952889680862,88500,AP-N901-F303,0.012365566566586,0.012365566566586,93.054061889648,271.85000610352
25-SEP-2026,10.01522424733,56752,3C84,0.29952889680862,88500,AP-N902-F303,0.016872158274055,0.016872158274055,93.982688903809,271.85000610352
25-SEP-2026,10.018835394351,56752,3C84,0.29912430047989,88500,AP-N901-F303,0.012365566566586,0.012365566566586,93.054061889648,271.85000610352
25-SEP-2026,10.018835394351,56752,3C84,0.29912430047989,88500,AP-N902-F303,0.016872158274055,0.016872158274055,93.982688903809,271.85000610352
25-SEP-2026,10.022168761262,56752,3C84,0.29875043034554,88500,AP-N901-F303,0.012365566566586,0.012365566566586,93.054061889648,271.85000610352
25-SEP-2026,10.022168761262,56752,3C84,0.29875043034554,88500,AP-N902-F303,0.016872158274055,0.016872158274055,93.982688903809,271.85000610352
25-SEP-2026,10.025502127999,56752,3C84,0.29837620258331,88500,AP-N901-F303,0.012365566566586,0.012365566566586,93.054061889648,271.85000610352
25-SEP-2026,10.025502127999,56752,3C84,0.29837620258331,88500,AP-N902-F303,0.016872158274055,0.016872158274055,93.982688903809,271.85000610352
25-SEP-2026,10.028835493164,56752,3C84,0.29800137877464,88500,AP-N901-F303,0.012365566566586,0.012365566566586,93.054061889648,271.85000610352
25-SEP-2026,10.028835493164,56752,3C84,0.29800137877464,88500,AP-N902-F303,0.016872158274055,0.016872158274055,93.982688903809,271.85000610352
25-SEP-2026,10.032446640011,56752,3C84,0.29759508371353,88500,AP-N901-F303,0.012365566566586,0.012365566566586,93.054061889648,271.85000610352
25-SEP-2026,10.032446640011,56752,3C84,0.29759508371353,88500,AP-N902-F303,0.016872158274055,0.016872158274055,93.982688903809,271.85000610352
25-SEP-2026,10.035780009367,56752,3C84,0.29721948504448,88500,AP-N901-F303,0.012365566566586,0.012365566566586,93.054061889648,271.85000610352
25-SEP-2026,10.035780009367,56752,3C84,0.29721948504448,88500,AP-N902-F303,0.016872158274055,0.016872158274055,93.982688903809,271.85000610352
25-SEP-2026,1.0036077728453,56283,J2203+3145,0.55638498067856,88500,AP-N901-F303,0,0,0,0
25-SEP-2026,1.0036077728453,56283,J2203+3145,0.55638498067856,88500,AP-N902-F303,0,0,0,0
25-SEP-2026,10.039113377675,56752,3C84,0.29684367775917,88500,AP-N901-F303,0.012365566566586,0.012365566566586,93.054061889648,271.85000610352
25-SEP-2026,10.039113377675,56752,3C84,0.29684367775917,88500,AP-N902-F303,0.016872158274055,0.016872158274055,93.982688903809,271.85000610352
25-SEP-2026,10.042446740395,56752,3C84,0.29646736383438,88500,AP-N901-F303,0.012365566566586,0.012365566566586,93.054061889648,271.85000610352
25-SEP-2026,10.042446740395,56752,3C84,0.29646736383438,88500,AP-N902-F303,0.016872158274055,0.016872158274055,93.982688903809,271.85000610352
25-SEP-2026,10.046057889512,56752,3C84,0.29605922102928,88500,AP-N901-F303,0.012365566566586,0.012365566566586,93.054061889648,271.85000610352
25-SEP-2026,10.046057889512,56752,3C84,0.29605922102928,88500,AP-N902-F303,0.016872158274055,0.016872158274055,93.982688903809,271.85000610352
25-SEP-2026,10.049391256773,56752,3C84,0.29568204283714,88500,AP-N901-F303,0.012365566566586,0.012365566566586,93.054061889648,271.85000610352
25-SEP-2026,10.049391256773,56752,3C84,0.29568204283714,88500,AP-N902-F303,0.016872158274055,0.016872158274055,93.982688903809,271.85000610352
25-SEP-2026,1.0069411353909,56283,J2203+3145,0.55665934085846,88500,AP-N901-F303,0,0,0,0
25-SEP-2026,1.0069411353909,56283,J2203+3145,0.55665934085846,88500,AP-N902-F303,0,0,0,0
25-SEP-2026,10.087030518816,56757,3C111,0.44113907217979,88500,AP-N901-F303,0.013984714634717,0.013984714634717,83.795959472656,271.85000610352
25-SEP-2026,10.087030518816,56757,3C111,0.44113907217979,88500,AP-N902-F303,0.018374983221292,0.018374983221292,84.077857971191,271.85000610352
25-SEP-2026,10.10439180976,56761,3C111,0.43972006440163,88500,AP-N901-F303,0.013984714634717,0.013984714634717,83.795959472656,271.85000610352
25-SEP-2026,10.10439180976,56761,3C111,0.43972006440163,88500,AP-N902-F303,0.018374983221292,0.018374983221292,84.077857971191,271.85000610352
25-SEP-2026,1.0105522818886,56283,J2203+3145,0.5569561123848,88500,AP-N901-F303,0,0,0,0
25-SEP-2026,1.0105522818886,56283,J2203+3145,0.5569561123848,88500,AP-N902-F303,0,0,0,0
25-SEP-2026,10.107725176671,56761,3C111,0.4394459426403,88500,AP-N901-F303,0.013984714634717,0.013984714634717,83.795959472656,271.85000610352
25-SEP-2026,10.107725176671,56761,3C111,0.4394459426403,88500,AP-N902-F303,0.018374983221292,0.018374983221292,84.077857971191,271.85000610352
25-SEP-2026,10.111058543932,56761,3C111,0.43917125463486,88500,AP-N901-F303,0.013984714634717,0.013984714634717,83.795959472656,271.85000610352
25-SEP-2026,10.111058543932,56761,3C111,0.43917125463486,88500,AP-N902-F303,0.018374983221292,0.018374983221292,84.077857971191,271.85000610352
25-SEP-2026,10.114391910319,56761,3C111,0.43889608979225,88500,AP-N901-F303,0.013984714634717,0.013984714634717,83.795959472656,271.85000610352
25-SEP-2026,10.114391910319,56761,3C111,0.43889608979225,88500,AP-N902-F303,0.018374983221292,0.018374983221292,84.077857971191,271.85000610352
25-SEP-2026,10.117725278278,56761,3C111,0.43862035870552,88500,AP-N901-F303,0.013984714634717,0.013984714634717,83.795959472656,271.85000610352
25-SEP-2026,10.117725278278,56761,3C111,0.43862035870552,88500,AP-N902-F303,0.018374983221292,0.018374983221292,84.077857971191,271.85000610352
25-SEP-2026,10.121058643094,56761,3C111,0.43834421038628,88500,AP-N901-F303,0.013984714634717,0.013984714634717,83.795959472656,271.85000610352
25-SEP-2026,10.121058643094,56761,3C111,0.43834421038628,88500,AP-N902-F303,0.018374983221292,0.018374983221292,84.077857971191,271.85000610352
25-SEP-2026,10.124392011926,56761,3C111,0.43806749582291,88500,AP-N901-F303,0.013984714634717,0.013984714634717,83.795959472656,271.85000610352
25-SEP-2026,10.124392011926,56761,3C111,0.43806749582291,88500,AP-N902-F303,0.018374983221292,0.018374983221292,84.077857971191,271.85000610352
25-SEP-2026,10.127725377789,56761,3C111,0.43779018521309,88500,AP-N901-F303,0.013984714634717,0.013984714634717,83.795959472656,271.85000610352
25-SEP-2026,10.127725377789,56761,3C111,0.43779018521309,88500,AP-N902-F303,0.018374983221292,0.018374983221292,84.077857971191,271.85000610352
25-SEP-2026,10.131058742954,56761,3C111,0.43751233816147,88500,AP-N901-F303,0.013984714634717,0.013984714634717,83.795959472656,271.85000610352
25-SEP-2026,10.131058742954,56761,3C111,0.43751233816147,88500,AP-N902-F303,0.018374983221292,0.018374983221292,84.077857971191,271.85000610352
25-SEP-2026,10.134669891897,56761,3C111,0.43721070885658,88500,AP-N901-F303,0.013984714634717,0.013984714634717,83.795959472656,271.85000610352
25-SEP-2026,10.134669891897,56761,3C111,0.43721070885658,88500,AP-N902-F303,0.018374983221292,0.018374983221292,84.077857971191,271.85000610352
25-SEP-2026,10.138558819203,56761,3C111,0.43688523769379,88500,AP-N901-F303,0.013984714634717,0.013984714634717,83.795959472656,271.85000610352
25-SEP-2026,10.138558819203,56761,3C111,0.43688523769379,88500,AP-N902-F303,0.018374983221292,0.018374983221292,84.077857971191,271.85000610352
25-SEP-2026,1.0138856486252,56283,J2203+3145,0.55722922086716,88500,AP-N901-F303,0,0,0,0
25-SEP-2026,1.0138856486252,56283,J2203+3145,0.55722922086716,88500,AP-N902-F303,0,0,0,0
25-SEP-2026,10.141892189956,56761,3C111,0.43660575151443,88500,AP-N901-F303,0.013984714634717,0.013984714634717,83.795959472656,271.85000610352
25-SEP-2026,10.141892189956,56761,3C111,0.43660575151443,88500,AP-N902-F303,0.018374983221292,0.018374983221292,84.077857971191,271.85000610352
25-SEP-2026,10.145225551105,56761,3C111,0.4363257586956,88500,AP-N901-F303,0.013984714634717,0.013984714634717,83.795959472656,271.85000610352
25-SEP-2026,10.145225551105,56761,3C111,0.4363257586956,88500,AP-N902-F303,0.018374983221292,0.018374983221292,84.077857971191,271.85000610352
25-SEP-2026,10.148836698126,56761,3C111,0.43602183461189,88500,AP-N901-F303,0.013984714634717,0.013984714634717,83.795959472656,271.85000610352
25-SEP-2026,10.148836698126,56761,3C111,0.43602183461189,88500,AP-N902-F303,0.018374983221292,0.018374983221292,84.077857971191,271.85000610352
25-SEP-2026,10.152447847592,56761,3C111,0.43571722507477,88500,AP-N901-F303,0.013984714634717,0.013984714634717,83.795959472656,271.85000610352
25-SEP-2026,10.152447847592,56761,3C111,0.43571722507477,88500,AP-N902-F303,0.018374983221292,0.018374983221292,84.077857971191,271.85000610352
25-SEP-2026,10.156058994788,56761,3C111,0.43541207909584,88500,AP-N901-F303,0.013984714634717,0.013984714634717,83.795959472656,271.85000610352
25-SEP-2026,10.156058994788,56761,3C111,0.43541207909584,88500,AP-N902-F303,0.018374983221292,0.018374983221292,84.077857971191,271.85000610352
25-SEP-2026,10.159392362747,56761,3C111,0.43512967228889,88500,AP-N901-F303,0.013984714634717,0.013984714634717,83.795959472656,271.85000610352
25-SEP-2026,10.159392362747,56761,3C111,0.43512967228889,88500,AP-N902-F303,0.018374983221292,0.018374983221292,84.077857971191,271.85000610352
25-SEP-2026,10.162725729309,56761,3C111,0.43484690785408,88500,AP-N901-F303,0.013984714634717,0.013984714634717,83.795959472656,271.85000610352
25-SEP-2026,10.162725729309,56761,3C111,0.43484690785408,88500,AP-N902-F303,0.018374983221292,0.018374983221292,84.077857971191,271.85000610352
25-SEP-2026,10.166059096221,56761,3C111,0.43456369638443,88500,AP-N901-F303,0.013984714634717,0.013984714634717,83.795959472656,271.85000610352
25-SEP-2026,10.166059096221,56761,3C111,0.43456369638443,88500,AP-N902-F303,0.018374983221292,0.018374983221292,84.077857971191,271.85000610352
25-SEP-2026,10.169392463132,56761,3C111,0.43427982926369,88500,AP-N901-F303,0.013984714634717,0.013984714634717,83.795959472656,271.85000610352
25-SEP-2026,10.169392463132,56761,3C111,0.43427982926369,88500,AP-N902-F303,0.018374983221292,0.018374983221292,84.077857971191,271.85000610352
25-SEP-2026,1.0172190158856,56283,J2203+3145,0.55750173330307,88500,AP-N901-F303,0,0,0,0
25-SEP-2026,1.0172190158856,56283,J2203+3145,0.55750173330307,88500,AP-N902-F303,0,0,0,0
25-SEP-2026,10.172725831091,56761,3C111,0.43399542570114,88500,AP-N901-F303,0.013984714634717,0.013984714634717,83.795959472656,271.85000610352
25-SEP-2026,10.172725831091,56761,3C111,0.43399542570114,88500,AP-N902-F303,0.018374983221292,0.018374983221292,84.077857971191,271.85000610352
25-SEP-2026,10.176336974445,56761,3C111,0.43368679285049,88500,AP-N901-F303,0.013984714634717,0.013984714634717,83.795959472656,271.85000610352
25-SEP-2026,10.176336974445,56761,3C111,0.43368679285049,88500,AP-N902-F303,0.018374983221292,0.018374983221292,84.077857971191,271.85000610352
25-SEP-2026,10.179670342404,56761,3C111,0.43340137600899,88500,AP-N901-F303,0.013984714634717,0.013984714634717,83.795959472656,271.85000610352
25-SEP-2026,10.179670342404,56761,3C111,0.43340137600899,88500,AP-N902-F303,0.018374983221292,0.018374983221292,84.077857971191,271.85000610352
25-SEP-2026,10.183003710014,56761,3C111,0.433115452528,88500,AP-N901-F303,0.013984714634717,0.013984714634717,83.795959472656,271.85000610352
25-SEP-2026,10.183003710014,56761,3C111,0.433115452528,88500,AP-N902-F303,0.018374983221292,0.018374983221292,84.077857971191,271.85000610352
25-SEP-2026,10.186337078322,56761,3C111,0.43282899260521,88500,AP-N901-F303,0.013984714634717,0.013984714634717,83.795959472656,271.85000610352
25-SEP-2026,10.186337078322,56761,3C111,0.43282899260521,88500,AP-N902-F303,0.018374983221292,0.018374983221292,84.077857971191,271.85000610352
25-SEP-2026,10.18994822447,56761,3C111,0.43251803517342,88500,AP-N901-F303,0.013984714634717,0.013984714634717,83.795959472656,271.85000610352
25-SEP-2026,10.18994822447,56761,3C111,0.43251803517342,88500,AP-N902-F303,0.018374983221292,0.018374983221292,84.077857971191,271.85000610352
25-SEP-2026,10.19355937254,56761,3C111,0.43220648169518,88500,AP-N901-F303,0.013984714634717,0.013984714634717,83.795959472656,271.85000610352
25-SEP-2026,10.19355937254,56761,3C111,0.43220648169518,88500,AP-N902-F303,0.018374983221292,0.018374983221292,84.077857971191,271.85000610352
25-SEP-2026,10.196892738752,56761,3C111,0.43191835284233,88500,AP-N901-F303,0.013984714634717,0.013984714634717,83.795959472656,271.85000610352
25-SEP-2026,10.196892738752,56761,3C111,0.43191835284233,88500,AP-N902-F303,0.018374983221292,0.018374983221292,84.077857971191,271.85000610352
25-SEP-2026,1.0205523857654,56283,J2203+3145,0.55777370929718,88500,AP-N901-F303,0,0,0,0
25-SEP-2026,1.0205523857654,56283,J2203+3145,0.55777370929718,88500,AP-N902-F303,0,0,0,0
25-SEP-2026,1.023885749708,56283,J2203+3145,0.55804497003555,88500,AP-N901-F303,0,0,0,0
25-SEP-2026,1.023885749708,56283,J2203+3145,0.55804497003555,88500,AP-N902-F303,0,0,0,0
25-SEP-2026,1.0274968972534,56283,J2203+3145,0.55833828449249,88500,AP-N901-F303,0,0,0,0
25-SEP-2026,1.0274968972534,56283,J2203+3145,0.55833828449249,88500,AP-N902-F303,0,0,0,0
25-SEP-2026,1.0311080447988,56283,J2203+3145,0.55863076448441,88500,AP-N901-F303,0,0,0,0
25-SEP-2026,1.0311080447988,56283,J2203+3145,0.55863076448441,88500,AP-N902-F303,0,0,0,0
25-SEP-2026,10.320366207491,56766,3C84,0.26372680068016,88500,AP-N901-F303,0.017030419781804,0.017030419781804,97.804702758789,271.35000610352
25-SEP-2026,10.320366207491,56766,3C84,0.26372680068016,88500,AP-N902-F303,0.02019920013845,0.02019920013845,98.467544555664,271.35000610352
25-SEP-2026,10.338283048003,56770,3C84,0.26152670383453,88500,AP-N901-F303,0.017030419781804,0.017030419781804,97.804702758789,271.35000610352
25-SEP-2026,10.338283048003,56770,3C84,0.26152670383453,88500,AP-N902-F303,0.02019920013845,0.02019920013845,98.467544555664,271.35000610352
25-SEP-2026,10.341894195025,56770,3C84,0.26108157634735,88500,AP-N901-F303,0.017030419781804,0.017030419781804,97.804702758789,271.35000610352
25-SEP-2026,10.341894195025,56770,3C84,0.26108157634735,88500,AP-N902-F303,0.02019920013845,0.02019920013845,98.467544555664,271.35000610352
25-SEP-2026,1.0344414165994,56283,J2203+3145,0.55890017747879,88500,AP-N901-F303,0,0,0,0
25-SEP-2026,1.0344414165994,56283,J2203+3145,0.55890017747879,88500,AP-N902-F303,0,0,0,0
25-SEP-2026,10.345505341697,56770,3C84,0.26063624024391,88500,AP-N901-F303,0.017030419781804,0.017030419781804,97.804702758789,271.35000610352
25-SEP-2026,10.345505341697,56770,3C84,0.26063624024391,88500,AP-N902-F303,0.02019920013845,0.02019920013845,98.467544555664,271.35000610352
25-SEP-2026,10.349116491687,56770,3C84,0.2601905465126,88500,AP-N901-F303,0.017030419781804,0.017030419781804,97.804702758789,271.35000610352
25-SEP-2026,10.349116491687,56770,3C84,0.2601905465126,88500,AP-N902-F303,0.02019920013845,0.02019920013845,98.467544555664,271.35000610352
25-SEP-2026,10.352727638708,56770,3C84,0.25974452495575,88500,AP-N901-F303,0.017030419781804,0.017030419781804,97.804702758789,271.35000610352
25-SEP-2026,10.352727638708,56770,3C84,0.25974452495575,88500,AP-N902-F303,0.02019920013845,0.02019920013845,98.467544555664,271.35000610352
25-SEP-2026,10.356061006144,56770,3C84,0.25933226943016,88500,AP-N901-F303,0.017030419781804,0.017030419781804,97.804702758789,271.35000610352
25-SEP-2026,10.356061006144,56770,3C84,0.25933226943016,88500,AP-N902-F303,0.02019920013845,0.02019920013845,98.467544555664,271.35000610352
25-SEP-2026,10.35967215299,56770,3C84,0.25888529419899,88500,AP-N901-F303,0.017030419781804,0.017030419781804,97.804702758789,271.35000610352
25-SEP-2026,10.35967215299,56770,3C84,0.25888529419899,88500,AP-N902-F303,0.02019920013845,0.02019920013845,98.467544555664,271.35000610352
25-SEP-2026,10.363005516933,56770,3C84,0.2584725022316,88500,AP-N901-F303,0.017030419781804,0.017030419781804,97.804702758789,271.35000610352
25-SEP-2026,10.363005516933,56770,3C84,0.2584725022316,88500,AP-N902-F303,0.02019920013845,0.02019920013845,98.467544555664,271.35000610352
25-SEP-2026,10.366338885416,56770,3C84,0.25805902481079,88500,AP-N901-F303,0.017030419781804,0.017030419781804,97.804702758789,271.35000610352
25-SEP-2026,10.366338885416,56770,3C84,0.25805902481079,88500,AP-N902-F303,0.02019920013845,0.02019920013845,98.467544555664,271.35000610352
25-SEP-2026,10.369672252676,56770,3C84,0.25764554738998,88500,AP-N901-F303,0.017030419781804,0.017030419781804,97.804702758789,271.35000610352
25-SEP-2026,10.369672252676,56770,3C84,0.25764554738998,88500,AP-N902-F303,0.02019920013845,0.02019920013845,98.467544555664,271.35000610352
25-SEP-2026,10.373005621159,56770,3C84,0.25723138451576,88500,AP-N901-F303,0.017030419781804,0.017030419781804,97.804702758789,271.35000610352
25-SEP-2026,10.373005621159,56770,3C84,0.25723138451576,88500,AP-N902-F303,0.02019920013845,0.02019920013845,98.467544555664,271.35000610352
25-SEP-2026,10.376616770102,56770,3C84,0.25678253173828,88500,AP-N901-F303,0.017030419781804,0.017030419781804,97.804702758789,271.35000610352
25-SEP-2026,10.376616770102,56770,3C84,0.25678253173828,88500,AP-N902-F303,0.02019920013845,0.02019920013845,98.467544555664,271.35000610352
25-SEP-2026,10.380505692344,56770,3C84,0.25629866123199,88500,AP-N901-F303,0.017030419781804,0.017030419781804,97.804702758789,271.35000610352
25-SEP-2026,10.380505692344,56770,3C84,0.25629866123199,88500,AP-N902-F303,0.02019920013845,0.02019920013845,98.467544555664,271.35000610352
25-SEP-2026,10.384116840588,56770,3C84,0.2558488547802,88500,AP-N901-F303,0.017030419781804,0.017030419781804,97.804702758789,271.35000610352
25-SEP-2026,10.384116840588,56770,3C84,0.2558488547802,88500,AP-N902-F303,0.02019920013845,0.02019920013845,98.467544555664,271.35000610352
25-SEP-2026,10.420228321804,56775,3C111,0.4114548265934,88500,AP-N901-F303,0.01557567063719,0.01557567063719,87.378890991211,270.54998779297
25-SEP-2026,10.420228321804,56775,3C111,0.4114548265934,88500,AP-N902-F303,0.01557567063719,0.01557567063719,86.64372253418,270.54998779297
25-SEP-2026,10.437728491976,56779,3C111,0.40975689888,88500,AP-N901-F303,0.01557567063719,0.01557567063719,87.378890991211,270.54998779297
25-SEP-2026,10.437728491976,56779,3C111,0.40975689888,88500,AP-N902-F303,0.01557567063719,0.01557567063719,86.64372253418,270.54998779297
25-SEP-2026,10.441061859935,56779,3C111,0.40943190455437,88500,AP-N901-F303,0.01557567063719,0.01557567063719,87.378890991211,270.54998779297
25-SEP-2026,10.441061859935,56779,3C111,0.40943190455437,88500,AP-N902-F303,0.01557567063719,0.01557567063719,86.64372253418,270.54998779297
25-SEP-2026,10.444673008703,56779,3C111,0.4090793132782,88500,AP-N901-F303,0.01557567063719,0.01557567063719,87.378890991211,270.54998779297
25-SEP-2026,10.444673008703,56779,3C111,0.4090793132782,88500,AP-N902-F303,0.01557567063719,0.01557567063719,86.64372253418,270.54998779297
25-SEP-2026,10.448006374042,56779,3C111,0.40875333547592,88500,AP-N901-F303,0.01557567063719,0.01557567063719,87.378890991211,270.54998779297
25-SEP-2026,10.448006374042,56779,3C111,0.40875333547592,88500,AP-N902-F303,0.01557567063719,0.01557567063719,86.64372253418,270.54998779297
25-SEP-2026,10.451617519841,56779,3C111,0.40839964151382,88500,AP-N901-F303,0.01557567063719,0.01557567063719,87.378890991211,270.54998779297
25-SEP-2026,10.451617519841,56779,3C111,0.40839964151382,88500,AP-N902-F303,0.01557567063719,0.01557567063719,86.64372253418,270.54998779297
25-SEP-2026,10.455228667736,56779,3C111,0.4080453813076,88500,AP-N901-F303,0.01557567063719,0.01557567063719,87.378890991211,270.54998779297
25-SEP-2026,10.455228667736,56779,3C111,0.4080453813076,88500,AP-N902-F303,0.01557567063719,0.01557567063719,86.64372253418,270.54998779297
25-SEP-2026,10.458562038314,56779,3C111,0.40771779417992,88500,AP-N901-F303,0.01557567063719,0.01557567063719,87.378890991211,270.54998779297
25-SEP-2026,10.458562038314,56779,3C111,0.40771779417992,88500,AP-N902-F303,0.01557567063719,0.01557567063719,86.64372253418,270.54998779297
25-SEP-2026,10.462173183764,56779,3C111,0.40736243128777,88500,AP-N901-F303,0.01557567063719,0.01557567063719,87.378890991211,270.54998779297
25-SEP-2026,10.462173183764,56779,3C111,0.40736243128777,88500,AP-N902-F303,0.01557567063719,0.01557567063719,86.64372253418,270.54998779297
25-SEP-2026,10.465784329389,56779,3C111,0.40700650215149,88500,AP-N901-F303,0.01557567063719,0.01557567063719,87.378890991211,270.54998779297
25-SEP-2026,10.465784329389,56779,3C111,0.40700650215149,88500,AP-N902-F303,0.01557567063719,0.01557567063719,86.64372253418,270.54998779297
25-SEP-2026,10.469395475188,56779,3C111,0.40665000677109,88500,AP-N901-F303,0.01557567063719,0.01557567063719,87.378890991211,270.54998779297
25-SEP-2026,10.469395475188,56779,3C111,0.40665000677109,88500,AP-N902-F303,0.01557567063719,0.01557567063719,86.64372253418,270.54998779297
25-SEP-2026,10.472728843671,56779,3C111,0.4063204228878,88500,AP-N901-F303,0.01557567063719,0.01557567063719,87.378890991211,270.54998779297
25-SEP-2026,10.472728843671,56779,3C111,0.4063204228878,88500,AP-N902-F303,0.01557567063719,0.01557567063719,86.64372253418,270.54998779297
25-SEP-2026,10.476062214074,56779,3C111,0.40599030256271,88500,AP-N901-F303,0.01557567063719,0.01557567063719,87.378890991211,270.54998779297
25-SEP-2026,10.476062214074,56779,3C111,0.40599030256271,88500,AP-N902-F303,0.01557567063719,0.01557567063719,86.64372253418,270.54998779297
25-SEP-2026,10.479673361969,56779,3C111,0.40563222765923,88500,AP-N901-F303,0.01557567063719,0.01557567063719,87.378890991211,270.54998779297
25-SEP-2026,10.479673361969,56779,3C111,0.40563222765923,88500,AP-N902-F303,0.01557567063719,0.01557567063719,86.64372253418,270.54998779297
25-SEP-2026,10.483284507943,56779,3C111,0.40527349710464,88500,AP-N901-F303,0.01557567063719,0.01557567063719,87.378890991211,270.54998779297
25-SEP-2026,10.483284507943,56779,3C111,0.40527349710464,88500,AP-N902-F303,0.01557567063719,0.01557567063719,86.64372253418,270.54998779297
25-SEP-2026,10.486617872933,56779,3C111,0.40494188666344,88500,AP-N901-F303,0.01557567063719,0.01557567063719,87.378890991211,270.54998779297
25-SEP-2026,10.486617872933,56779,3C111,0.40494188666344,88500,AP-N902-F303,0.01557567063719,0.01557567063719,86.64372253418,270.54998779297
25-SEP-2026,10.489951240019,56779,3C111,0.40460985898972,88500,AP-N901-F303,0.01557567063719,0.01557567063719,87.378890991211,270.54998779297
25-SEP-2026,10.489951240019,56779,3C111,0.40460985898972,88500,AP-N902-F303,0.01557567063719,0.01557567063719,86.64372253418,270.54998779297
25-SEP-2026,10.493562387215,56779,3C111,0.40424954891205,88500,AP-N901-F303,0.01557567063719,0.01557567063719,87.378890991211,270.54998779297
25-SEP-2026,10.493562387215,56779,3C111,0.40424954891205,88500,AP-N902-F303,0.01557567063719,0.01557567063719,86.64372253418,270.54998779297
25-SEP-2026,10.497173534411,56779,3C111,0.40388867259026,88500,AP-N901-F303,0.01557567063719,0.01557567063719,87.378890991211,270.54998779297
25-SEP-2026,10.497173534411,56779,3C111,0.40388867259026,88500,AP-N902-F303,0.01557567063719,0.01557567063719,86.64372253418,270.54998779297
25-SEP-2026,10.500506901322,56779,3C111,0.40355509519577,88500,AP-N901-F303,0.01557567063719,0.01557567063719,87.378890991211,270.54998779297
25-SEP-2026,10.500506901322,56779,3C111,0.40355509519577,88500,AP-N902-F303,0.01557567063719,0.01557567063719,86.64372253418,270.54998779297
25-SEP-2026,10.503840268059,56779,3C111,0.40322104096413,88500,AP-N901-F303,0.01557567063719,0.01557567063719,87.378890991211,270.54998779297
25-SEP-2026,10.503840268059,56779,3C111,0.40322104096413,88500,AP-N902-F303,0.01557567063719,0.01557567063719,86.64372253418,270.54998779297
25-SEP-2026,10.507451418224,56779,3C111,0.4028585255146,88500,AP-N901-F303,0.01557567063719,0.01557567063719,87.378890991211,270.54998779297
25-SEP-2026,10.507451418224,56779,3C111,0.4028585255146,88500,AP-N902-F303,0.01557567063719,0.01557567063719,86.64372253418,270.54998779297
25-SEP-2026,10.510784782341,56779,3C111,0.40252348780632,88500,AP-N901-F303,0.01557567063719,0.01557567063719,87.378890991211,270.54998779297
25-SEP-2026,10.510784782341,56779,3C111,0.40252348780632,88500,AP-N902-F303,0.01557567063719,0.01557567063719,86.64372253418,270.54998779297
25-SEP-2026,10.514118146458,56779,3C111,0.40218788385391,88500,AP-N901-F303,0.01557567063719,0.01557567063719,87.378890991211,270.54998779297
25-SEP-2026,10.514118146458,56779,3C111,0.40218788385391,88500,AP-N902-F303,0.01557567063719,0.01557567063719,86.64372253418,270.54998779297
25-SEP-2026,10.517451517211,56779,3C111,0.40185180306435,88500,AP-N901-F303,0.01557567063719,0.01557567063719,87.378890991211,270.54998779297
25-SEP-2026,10.517451517211,56779,3C111,0.40185180306435,88500,AP-N902-F303,0.01557567063719,0.01557567063719,86.64372253418,270.54998779297
25-SEP-2026,10.521062664756,56779,3C111,0.40148729085922,88500,AP-N901-F303,0.01557567063719,0.01557567063719,87.378890991211,270.54998779297
25-SEP-2026,10.521062664756,56779,3C111,0.40148729085922,88500,AP-N902-F303,0.01557567063719,0.01557567063719,86.64372253418,270.54998779297
25-SEP-2026,10.524673813349,56779,3C111,0.40112215280533,88500,AP-N901-F303,0.01557567063719,0.01557567063719,87.378890991211,270.54998779297
25-SEP-2026,10.524673813349,56779,3C111,0.40112215280533,88500,AP-N902-F303,0.01557567063719,0.01557567063719,86.64372253418,270.54998779297
25-SEP-2026,10.528284958275,56779,3C111,0.40075635910034,88500,AP-N901-F303,0.01557567063719,0.01557567063719,87.378890991211,270.54998779297
25-SEP-2026,10.528284958275,56779,3C111,0.40075635910034,88500,AP-N902-F303,0.01557567063719,0.01557567063719,86.64372253418,270.54998779297
25-SEP-2026,10.531618324488,56779,3C111,0.40041834115982,88500,AP-N901-F303,0.01557567063719,0.01557567063719,87.378890991211,270.54998779297
25-SEP-2026,10.531618324488,56779,3C111,0.40041834115982,88500,AP-N902-F303,0.01557567063719,0.01557567063719,86.64372253418,270.54998779297
25-SEP-2026,10.653702885341,56784,3C84,0.22110584378242,88500,AP-N901-F303,0.018439376726747,0.018439376726747,104.10168457031,271.45001220703
25-SEP-2026,10.653702885341,56784,3C84,0.22110584378242,88500,AP-N902-F303,0.021102851256728,0.021102851256728,105.20077514648,271.45001220703
25-SEP-2026,10.67148084872,56788,3C84,0.21873745322227,88500,AP-N901-F303,0.018439376726747,0.018439376726747,104.10168457031,271.45001220703
25-SEP-2026,10.67148084872,56788,3C84,0.21873745322227,88500,AP-N902-F303,0.021102851256728,0.021102851256728,105.20077514648,271.45001220703
25-SEP-2026,10.674953102369,56788,3C84,0.21827265620232,88500,AP-N901-F303,0.018439376726747,0.018439376726747,104.10168457031,271.45001220703
25-SEP-2026,10.674953102369,56788,3C84,0.21827265620232,88500,AP-N902-F303,0.021102851256728,0.021102851256728,105.20077514648,271.45001220703
25-SEP-2026,10.678286468931,56788,3C84,0.21782694756985,88500,AP-N901-F303,0.018439376726747,0.018439376726747,104.10168457031,271.45001220703
25-SEP-2026,10.678286468931,56788,3C84,0.21782694756985,88500,AP-N902-F303,0.021102851256728,0.021102851256728,105.20077514648,271.45001220703
25-SEP-2026,10.681619835842,56788,3C84,0.21738110482693,88500,AP-N901-F303,0.018439376726747,0.018439376726747,104.10168457031,271.45001220703
25-SEP-2026,10.681619835842,56788,3C84,0.21738110482693,88500,AP-N902-F303,0.021102851256728,0.021102851256728,105.20077514648,271.45001220703
25-SEP-2026,10.684953203103,56788,3C84,0.21693471074104,88500,AP-N901-F303,0.018439376726747,0.018439376726747,104.10168457031,271.45001220703
25-SEP-2026,10.684953203103,56788,3C84,0.21693471074104,88500,AP-N902-F303,0.021102851256728,0.021102851256728,105.20077514648,271.45001220703
25-SEP-2026,10.688286568093,56788,3C84,0.21648797392845,88500,AP-N901-F303,0.018439376726747,0.018439376726747,104.10168457031,271.45001220703
25-SEP-2026,10.688286568093,56788,3C84,0.21648797392845,88500,AP-N902-F303,0.021102851256728,0.021102851256728,105.20077514648,271.45001220703
25-SEP-2026,10.691619934306,56788,3C84,0.21604114770889,88500,AP-N901-F303,0.018439376726747,0.018439376726747,104.10168457031,271.45001220703
25-SEP-2026,10.691619934306,56788,3C84,0.21604114770889,88500,AP-N902-F303,0.021102851256728,0.021102851256728,105.20077514648,271.45001220703
25-SEP-2026,10.694953305408,56788,3C84,0.21559390425682,88500,AP-N901-F303,0.018439376726747,0.018439376726747,104.10168457031,271.45001220703
25-SEP-2026,10.694953305408,56788,3C84,0.21559390425682,88500,AP-N902-F303,0.021102851256728,0.021102851256728,105.20077514648,271.45001220703
25-SEP-2026,10.698286673018,56788,3C84,0.21514610946178,88500,AP-N901-F303,0.018439376726747,0.018439376726747,104.10168457031,271.45001220703
25-SEP-2026,10.698286673018,56788,3C84,0.21514610946178,88500,AP-N902-F303,0.021102851256728,0.021102851256728,105.20077514648,271.45001220703
25-SEP-2026,10.701897823706,56788,3C84,0.21466079354286,88500,AP-N901-F303,0.018439376726747,0.018439376726747,104.10168457031,271.45001220703
25-SEP-2026,10.701897823706,56788,3C84,0.21466079354286,88500,AP-N902-F303,0.021102851256728,0.021102851256728,105.20077514648,271.45001220703
25-SEP-2026,10.705231185029,56788,3C84,0.2142126262188,88500,AP-N901-F303,0.018439376726747,0.018439376726747,104.10168457031,271.45001220703
25-SEP-2026,10.705231185029,56788,3C84,0.2142126262188,88500,AP-N902-F303,0.021102851256728,0.021102851256728,105.20077514648,271.45001220703
25-SEP-2026,10.708564551941,56788,3C84,0.21376402676105,88500,AP-N901-F303,0.018439376726747,0.018439376726747,104.10168457031,271.45001220703
25-SEP-2026,10.708564551941,56788,3C84,0.21376402676105,88500,AP-N902-F303,0.021102851256728,0.021102851256728,105.20077514648,271.45001220703
25-SEP-2026,10.711897918852,56788,3C84,0.21331493556499,88500,AP-N901-F303,0.018439376726747,0.018439376726747,104.10168457031,271.45001220703
25-SEP-2026,10.711897918852,56788,3C84,0.21331493556499,88500,AP-N902-F303,0.021102851256728,0.021102851256728,105.20077514648,271.45001220703
25-SEP-2026,10.715231286112,56788,3C84,0.21286575496197,88500,AP-N901-F303,0.018439376726747,0.018439376726747,104.10168457031,271.45001220703
25-SEP-2026,10.715231286112,56788,3C84,0.21286575496197,88500,AP-N902-F303,0.021102851256728,0.021102851256728,105.20077514648,271.45001220703
25-SEP-2026,10.987420898048,56805,J0750+1231,0.88892662525177,88500,AP-N901-F303,0.015469056554139,0.015469056554139,74.598930358887,272.75
25-SEP-2026,10.987420898048,56805,J0750+1231,0.88892662525177,88500,AP-N902-F303,0.017217615619302,0.017217615619302,73.952033996582,272.75
25-SEP-2026,11.005337739782,56809,J0750+1231,0.89084720611572,88500,AP-N901-F303,0.015469056554139,0.015469056554139,74.598930358887,272.75
25-SEP-2026,11.005337739782,56809,J0750+1231,0.89084720611572,88500,AP-N902-F303,0.017217615619302,0.017217615619302,73.952033996582,272.75
25-SEP-2026,11.008671106344,56809,J0750+1231,0.89120179414749,88500,AP-N901-F303,0.015469056554139,0.015469056554139,74.598930358887,272.75
25-SEP-2026,11.008671106344,56809,J0750+1231,0.89120179414749,88500,AP-N902-F303,0.017217615619302,0.017217615619302,73.952033996582,272.75
25-SEP-2026,11.012282253715,56809,J0750+1231,0.89158481359482,88500,AP-N901-F303,0.015469056554139,0.015469056554139,74.598930358887,272.75
25-SEP-2026,11.012282253715,56809,J0750+1231,0.89158481359482,88500,AP-N902-F303,0.017217615619302,0.017217615619302,73.952033996582,272.75
25-SEP-2026,11.015615618705,56809,J0750+1231,0.8919375538826,88500,AP-N901-F303,0.015469056554139,0.015469056554139,74.598930358887,272.75
25-SEP-2026,11.015615618705,56809,J0750+1231,0.8919375538826,88500,AP-N902-F303,0.017217615619302,0.017217615619302,73.952033996582,272.75
25-SEP-2026,11.018948985267,56809,J0750+1231,0.89228928089142,88500,AP-N901-F303,0.015469056554139,0.015469056554139,74.598930358887,272.75
25-SEP-2026,11.018948985267,56809,J0750+1231,0.89228928089142,88500,AP-N902-F303,0.017217615619302,0.017217615619302,73.952033996582,272.75
25-SEP-2026,11.022282352353,56809,J0750+1231,0.89264011383057,88500,AP-N901-F303,0.015469056554139,0.015469056554139,74.598930358887,272.75
25-SEP-2026,11.022282352353,56809,J0750+1231,0.89264011383057,88500,AP-N902-F303,0.017217615619302,0.017217615619302,73.952033996582,272.75
25-SEP-2026,11.025615719264,56809,J0750+1231,0.89299011230469,88500,AP-N901-F303,0.015469056554139,0.015469056554139,74.598930358887,272.75
25-SEP-2026,11.025615719264,56809,J0750+1231,0.89299011230469,88500,AP-N902-F303,0.017217615619302,0.017217615619302,73.952033996582,272.75
25-SEP-2026,11.02922686681,56809,J0750+1231,0.8933681845665,88500,AP-N901-F303,0.015469056554139,0.015469056554139,74.598930358887,272.75
25-SEP-2026,11.02922686681,56809,J0750+1231,0.8933681845665,88500,AP-N902-F303,0.017217615619302,0.017217615619302,73.952033996582,272.75
25-SEP-2026,11.032560230578,56809,J0750+1231,0.89371633529663,88500,AP-N901-F303,0.015469056554139,0.015469056554139,74.598930358887,272.75
25-SEP-2026,11.032560230578,56809,J0750+1231,0.89371633529663,88500,AP-N902-F303,0.017217615619302,0.017217615619302,73.952033996582,272.75
25-SEP-2026,11.03589360133,56809,J0750+1231,0.8940634727478,88500,AP-N901-F303,0.015469056554139,0.015469056554139,74.598930358887,272.75
25-SEP-2026,11.03589360133,56809,J0750+1231,0.8940634727478,88500,AP-N902-F303,0.017217615619302,0.017217615619302,73.952033996582,272.75
25-SEP-2026,11.039226966495,56809,J0750+1231,0.8944097161293,88500,AP-N901-F303,0.015469056554139,0.015469056554139,74.598930358887,272.75
25-SEP-2026,11.039226966495,56809,J0750+1231,0.8944097161293,88500,AP-N902-F303,0.017217615619302,0.017217615619302,73.952033996582,272.75
25-SEP-2026,11.042560334454,56809,J0750+1231,0.89475506544113,88500,AP-N901-F303,0.015469056554139,0.015469056554139,74.598930358887,272.75
25-SEP-2026,11.042560334454,56809,J0750+1231,0.89475506544113,88500,AP-N902-F303,0.017217615619302,0.017217615619302,73.952033996582,272.75
25-SEP-2026,11.045893698222,56809,J0750+1231,0.89509952068329,88500,AP-N901-F303,0.015469056554139,0.015469056554139,74.598930358887,272.75
25-SEP-2026,11.045893698222,56809,J0750+1231,0.89509952068329,88500,AP-N902-F303,0.017217615619302,0.017217615619302,73.952033996582,272.75
25-SEP-2026,11.049227065308,56809,J0750+1231,0.89544302225113,88500,AP-N901-F303,0.015469056554139,0.015469056554139,74.598930358887,272.75
25-SEP-2026,11.049227065308,56809,J0750+1231,0.89544302225113,88500,AP-N902-F303,0.017217615619302,0.017217615619302,73.952033996582,272.75
25-SEP-2026,11.088394123372,56816,J0739+0137,1.0936471223831,88500,AP-N901-F303,0.015457592904568,0.015457592904568,73.536720275879,272.95001220703
25-SEP-2026,11.088394123372,56816,J0739+0137,1.0936471223831,88500,AP-N902-F303,0.015457592904568,0.015457592904568,72.657920837402,272.95001220703
25-SEP-2026,11.091727490807,56816,J0739+0137,1.0940206050873,88500,AP-N901-F303,0.015457592904568,0.015457592904568,73.536720275879,272.95001220703
25-SEP-2026,11.091727490807,56816,J0739+0137,1.0940206050873,88500,AP-N902-F303,0.015457592904568,0.015457592904568,72.657920837402,272.95001220703
25-SEP-2026,11.09506085667,56816,J0739+0137,1.0943928956985,88500,AP-N901-F303,0.015457592904568,0.015457592904568,73.536720275879,272.95001220703
25-SEP-2026,11.09506085667,56816,J0739+0137,1.0943928956985,88500,AP-N902-F303,0.015457592904568,0.015457592904568,72.657920837402,272.95001220703
25-SEP-2026,11.098394222185,56816,J0739+0137,1.0947638750076,88500,AP-N901-F303,0.015457592904568,0.015457592904568,73.536720275879,272.95001220703
25-SEP-2026,11.098394222185,56816,J0739+0137,1.0947638750076,88500,AP-N902-F303,0.015457592904568,0.015457592904568,72.657920837402,272.95001220703
25-SEP-2026,11.101727589969,56816,J0739+0137,1.0951335430145,88500,AP-N901-F303,0.015457592904568,0.015457592904568,73.536720275879,272.95001220703
25-SEP-2026,11.101727589969,56816,J0739+0137,1.0951335430145,88500,AP-N902-F303,0.015457592904568,0.015457592904568,72.657920837402,272.95001220703
25-SEP-2026,11.105060961071,56816,J0739+0137,1.0955021381378,88500,AP-N901-F303,0.015457592904568,0.015457592904568,73.536720275879,272.95001220703
25-SEP-2026,11.105060961071,56816,J0739+0137,1.0955021381378,88500,AP-N902-F303,0.015457592904568,0.015457592904568,72.657920837402,272.95001220703
25-SEP-2026,11.10839432449,56816,J0739+0137,1.0958693027496,88500,AP-N901-F303,0.015457592904568,0.015457592904568,73.536720275879,272.95001220703
25-SEP-2026,11.10839432449,56816,J0739+0137,1.0958693027496,88500,AP-N902-F303,0.015457592904568,0.015457592904568,72.657920837402,272.95001220703
25-SEP-2026,11.111727689655,56816,J0739+0137,1.0962353944778,88500,AP-N901-F303,0.015457592904568,0.015457592904568,73.536720275879,272.95001220703
25-SEP-2026,11.111727689655,56816,J0739+0137,1.0962353944778,88500,AP-N902-F303,0.015457592904568,0.015457592904568,72.657920837402,272.95001220703
25-SEP-2026,11.115338838946,56816,J0739+0137,1.0966303348541,88500,AP-N901-F303,0.015457592904568,0.015457592904568,73.536720275879,272.95001220703
25-SEP-2026,11.115338838946,56816,J0739+0137,1.0966303348541,88500,AP-N902-F303,0.015457592904568,0.015457592904568,72.657920837402,272.95001220703
25-SEP-2026,11.118672203588,56816,J0739+0137,1.0969939231873,88500,AP-N901-F303,0.015457592904568,0.015457592904568,73.536720275879,272.95001220703
25-SEP-2026,11.118672203588,56816,J0739+0137,1.0969939231873,88500,AP-N902-F303,0.015457592904568,0.015457592904568,72.657920837402,272.95001220703
25-SEP-2026,11.122005567705,56816,J0739+0137,1.0973560810089,88500,AP-N901-F303,0.015457592904568,0.015457592904568,73.536720275879,272.95001220703
25-SEP-2026,11.122005567705,56816,J0739+0137,1.0973560810089,88500,AP-N902-F303,0.015457592904568,0.015457592904568,72.657920837402,272.95001220703
25-SEP-2026,11.125338934791,56816,J0739+0137,1.0977169275284,88500,AP-N901-F303,0.015457592904568,0.015457592904568,73.536720275879,272.95001220703
25-SEP-2026,11.125338934791,56816,J0739+0137,1.0977169275284,88500,AP-N902-F303,0.015457592904568,0.015457592904568,72.657920837402,272.95001220703
25-SEP-2026,11.128672299781,56816,J0739+0137,1.098076581955,88500,AP-N901-F303,0.015457592904568,0.015457592904568,73.536720275879,272.95001220703
25-SEP-2026,11.128672299781,56816,J0739+0137,1.098076581955,88500,AP-N902-F303,0.015457592904568,0.015457592904568,72.657920837402,272.95001220703
25-SEP-2026,11.132005668788,56816,J0739+0137,1.0984349250793,88500,AP-N901-F303,0.015457592904568,0.015457592904568,73.536720275879,272.95001220703
25-SEP-2026,11.132005668788,56816,J0739+0137,1.0984349250793,88500,AP-N902-F303,0.015457592904568,0.015457592904568,72.657920837402,272.95001220703
25-SEP-2026,11.135339034477,56816,J0739+0137,1.0987920761108,88500,AP-N901-F303,0.015457592904568,0.015457592904568,73.536720275879,272.95001220703
25-SEP-2026,11.135339034477,56816,J0739+0137,1.0987920761108,88500,AP-N902-F303,0.015457592904568,0.015457592904568,72.657920837402,272.95001220703
25-SEP-2026,11.138672399991,56816,J0739+0137,1.0991477966309,88500,AP-N901-F303,0.015457592904568,0.015457592904568,73.536720275879,272.95001220703
25-SEP-2026,11.138672399991,56816,J0739+0137,1.0991477966309,88500,AP-N902-F303,0.015457592904568,0.015457592904568,72.657920837402,272.95001220703
25-SEP-2026,11.142283548584,56816,J0739+0137,1.0995318889618,88500,AP-N901-F303,0.015457592904568,0.015457592904568,73.536720275879,272.95001220703
25-SEP-2026,11.142283548584,56816,J0739+0137,1.0995318889618,88500,AP-N902-F303,0.015457592904568,0.015457592904568,72.657920837402,272.95001220703
25-SEP-2026,11.145616919162,56816,J0739+0137,1.0998851060867,88500,AP-N901-F303,0.015457592904568,0.015457592904568,73.536720275879,272.95001220703
25-SEP-2026,11.145616919162,56816,J0739+0137,1.0998851060867,88500,AP-N902-F303,0.015457592904568,0.015457592904568,72.657920837402,272.95001220703
25-SEP-2026,11.148950281359,56816,J0739+0137,1.1002370119095,88500,AP-N901-F303,0.015457592904568,0.015457592904568,73.536720275879,272.95001220703
25-SEP-2026,11.148950281359,56816,J0739+0137,1.1002370119095,88500,AP-N902-F303,0.015457592904568,0.015457592904568,72.657920837402,272.95001220703
25-SEP-2026,11.152283647746,56816,J0739+0137,1.1005876064301,88500,AP-N901-F303,0.015457592904568,0.015457592904568,73.536720275879,272.95001220703
25-SEP-2026,11.152283647746,56816,J0739+0137,1.1005876064301,88500,AP-N902-F303,0.015457592904568,0.015457592904568,72.657920837402,272.95001220703
25-SEP-2026,11.155617012038,56816,J0739+0137,1.1009368896484,88500,AP-N901-F303,0.015457592904568,0.015457592904568,73.536720275879,272.95001220703
25-SEP-2026,11.155617012038,56816,J0739+0137,1.1009368896484,88500,AP-N902-F303,0.015457592904568,0.015457592904568,72.657920837402,272.95001220703
25-SEP-2026,11.159228162203,56816,J0739+0137,1.1013140678406,88500,AP-N901-F303,0.015457592904568,0.015457592904568,73.536720275879,272.95001220703
25-SEP-2026,11.159228162203,56816,J0739+0137,1.1013140678406,88500,AP-N902-F303,0.015457592904568,0.015457592904568,72.657920837402,272.95001220703
25-SEP-2026,11.162561526494,56816,J0739+0137,1.1016606092453,88500,AP-N901-F303,0.015457592904568,0.015457592904568,73.536720275879,272.95001220703
25-SEP-2026,11.162561526494,56816,J0739+0137,1.1016606092453,88500,AP-N902-F303,0.015457592904568,0.015457592904568,72.657920837402,272.95001220703
25-SEP-2026,11.165894890437,56816,J0739+0137,1.1020059585571,88500,AP-N901-F303,0.015457592904568,0.015457592904568,73.536720275879,272.95001220703
25-SEP-2026,11.165894890437,56816,J0739+0137,1.1020059585571,88500,AP-N902-F303,0.015457592904568,0.015457592904568,72.657920837402,272.95001220703
25-SEP-2026,11.169506038157,56816,J0739+0137,1.1023787260056,88500,AP-N901-F303,0.015457592904568,0.015457592904568,73.536720275879,272.95001220703
25-SEP-2026,11.169506038157,56816,J0739+0137,1.1023787260056,88500,AP-N902-F303,0.015457592904568,0.015457592904568,72.657920837402,272.95001220703
25-SEP-2026,11.172839405767,56816,J0739+0137,1.1027213335037,88500,AP-N901-F303,0.015457592904568,0.015457592904568,73.536720275879,272.95001220703
25-SEP-2026,11.172839405767,56816,J0739+0137,1.1027213335037,88500,AP-N902-F303,0.015457592904568,0.015457592904568,72.657920837402,272.95001220703
25-SEP-2026,11.17617277425,56816,J0739+0137,1.1030626296997,88500,AP-N901-F303,0.015457592904568,0.015457592904568,73.536720275879,272.95001220703
25-SEP-2026,11.17617277425,56816,J0739+0137,1.1030626296997,88500,AP-N902-F303,0.015457592904568,0.015457592904568,72.657920837402,272.95001220703
25-SEP-2026,11.179506143082,56816,J0739+0137,1.1034027338028,88500,AP-N901-F303,0.015457592904568,0.015457592904568,73.536720275879,272.95001220703
25-SEP-2026,11.179506143082,56816,J0739+0137,1.1034027338028,88500,AP-N902-F303,0.015457592904568,0.015457592904568,72.657920837402,272.95001220703
25-SEP-2026,11.182839505627,56816,J0739+0137,1.1037414073944,88500,AP-N901-F303,0.015457592904568,0.015457592904568,73.536720275879,272.95001220703
25-SEP-2026,11.182839505627,56816,J0739+0137,1.1037414073944,88500,AP-N902-F303,0.015457592904568,0.015457592904568,72.657920837402,272.95001220703
25-SEP-2026,11.186172872538,56816,J0739+0137,1.1040790081024,88500,AP-N901-F303,0.015457592904568,0.015457592904568,73.536720275879,272.95001220703
25-SEP-2026,11.186172872538,56816,J0739+0137,1.1040790081024,88500,AP-N902-F303,0.015457592904568,0.015457592904568,72.657920837402,272.95001220703
25-SEP-2026,11.189784019735,56816,J0739+0137,1.1044429540634,88500,AP-N901-F303,0.015457592904568,0.015457592904568,73.536720275879,272.95001220703
25-SEP-2026,11.189784019735,56816,J0739+0137,1.1044429540634,88500,AP-N902-F303,0.015457592904568,0.015457592904568,72.657920837402,272.95001220703
25-SEP-2026,11.193117383677,56816,J0739+0137,1.1047776937485,88500,AP-N901-F303,0.015457592904568,0.015457592904568,73.536720275879,272.95001220703
25-SEP-2026,11.193117383677,56816,J0739+0137,1.1047776937485,88500,AP-N902-F303,0.015457592904568,0.015457592904568,72.657920837402,272.95001220703
25-SEP-2026,11.320757536433,56821,J0750+1231,0.92024004459381,88500,AP-N901-F303,0.015332982875407,0.015332982875407,75.420257568359,273.14999389648
25-SEP-2026,11.320757536433,56821,J0750+1231,0.92024004459381,88500,AP-N902-F303,0.015332982875407,0.015332982875407,74.402015686035,273.14999389648
25-SEP-2026,11.338396600502,56825,J0750+1231,0.92162424325943,88500,AP-N901-F303,0.015332982875407,0.015332982875407,75.420257568359,273.14999389648
25-SEP-2026,11.338396600502,56825,J0750+1231,0.92162424325943,88500,AP-N902-F303,0.015332982875407,0.015332982875407,74.402015686035,273.14999389648
25-SEP-2026,11.341729965318,56825,J0750+1231,0.92188256978989,88500,AP-N901-F303,0.015332982875407,0.015332982875407,75.420257568359,273.14999389648
25-SEP-2026,11.341729965318,56825,J0750+1231,0.92188256978989,88500,AP-N902-F303,0.015332982875407,0.015332982875407,74.402015686035,273.14999389648
25-SEP-2026,11.345341114086,56825,J0750+1231,0.9221613407135,88500,AP-N901-F303,0.015332982875407,0.015332982875407,75.420257568359,273.14999389648
25-SEP-2026,11.345341114086,56825,J0750+1231,0.9221613407135,88500,AP-N902-F303,0.015332982875407,0.015332982875407,74.402015686035,273.14999389648
25-SEP-2026,11.348952259186,56825,J0750+1231,0.92243885993958,88500,AP-N901-F303,0.015332982875407,0.015332982875407,75.420257568359,273.14999389648
25-SEP-2026,11.348952259186,56825,J0750+1231,0.92243885993958,88500,AP-N902-F303,0.015332982875407,0.015332982875407,74.402015686035,273.14999389648
25-SEP-2026,11.352285625224,56825,J0750+1231,0.92269390821457,88500,AP-N901-F303,0.015332982875407,0.015332982875407,75.420257568359,273.14999389648
25-SEP-2026,11.352285625224,56825,J0750+1231,0.92269390821457,88500,AP-N902-F303,0.015332982875407,0.015332982875407,74.402015686035,273.14999389648
25-SEP-2026,11.355896773468,56825,J0750+1231,0.92296916246414,88500,AP-N901-F303,0.015332982875407,0.015332982875407,75.420257568359,273.14999389648
25-SEP-2026,11.355896773468,56825,J0750+1231,0.92296916246414,88500,AP-N902-F303,0.015332982875407,0.015332982875407,74.402015686035,273.14999389648
25-SEP-2026,11.359785700425,56825,J0750+1231,0.92326408624649,88500,AP-N901-F303,0.015332982875407,0.015332982875407,75.420257568359,273.14999389648
25-SEP-2026,11.359785700425,56825,J0750+1231,0.92326408624649,88500,AP-N902-F303,0.015332982875407,0.015332982875407,74.402015686035,273.14999389648
25-SEP-2026,11.363119072401,56825,J0750+1231,0.92351585626602,88500,AP-N901-F303,0.015332982875407,0.015332982875407,75.420257568359,273.14999389648
25-SEP-2026,11.363119072401,56825,J0750+1231,0.92351585626602,88500,AP-N902-F303,0.015332982875407,0.015332982875407,74.402015686035,273.14999389648
25-SEP-2026,11.366730214707,56825,J0750+1231,0.92378735542297,88500,AP-N901-F303,0.015332982875407,0.015332982875407,75.420257568359,273.14999389648
25-SEP-2026,11.366730214707,56825,J0750+1231,0.92378735542297,88500,AP-N902-F303,0.015332982875407,0.015332982875407,74.402015686035,273.14999389648
25-SEP-2026,11.370341360681,56825,J0750+1231,0.92405772209167,88500,AP-N901-F303,0.015332982875407,0.015332982875407,75.420257568359,273.14999389648
25-SEP-2026,11.370341360681,56825,J0750+1231,0.92405772209167,88500,AP-N902-F303,0.015332982875407,0.015332982875407,74.402015686035,273.14999389648
25-SEP-2026,11.373952505956,56825,J0750+1231,0.92432683706284,88500,AP-N901-F303,0.015332982875407,0.015332982875407,75.420257568359,273.14999389648
25-SEP-2026,11.373952505956,56825,J0750+1231,0.92432683706284,88500,AP-N902-F303,0.015332982875407,0.015332982875407,74.402015686035,273.14999389648
25-SEP-2026,11.377563655772,56825,J0750+1231,0.92459464073181,88500,AP-N901-F303,0.015332982875407,0.015332982875407,75.420257568359,273.14999389648
25-SEP-2026,11.377563655772,56825,J0750+1231,0.92459464073181,88500,AP-N902-F303,0.015332982875407,0.015332982875407,74.402015686035,273.14999389648
25-SEP-2026,11.381174802269,56825,J0750+1231,0.92486131191254,88500,AP-N901-F303,0.015332982875407,0.015332982875407,75.420257568359,273.14999389648
25-SEP-2026,11.381174802269,56825,J0750+1231,0.92486131191254,88500,AP-N902-F303,0.015332982875407,0.015332982875407,74.402015686035,273.14999389648
25-SEP-2026,11.384785949465,56825,J0750+1231,0.92512673139572,88500,AP-N901-F303,0.015332982875407,0.015332982875407,75.420257568359,273.14999389648
25-SEP-2026,11.384785949465,56825,J0750+1231,0.92512673139572,88500,AP-N902-F303,0.015332982875407,0.015332982875407,74.402015686035,273.14999389648
25-SEP-2026,11.421175199791,56832,J0739+0137,1.1243976354599,88500,AP-N901-F303,0.015337844379246,0.015337844379246,73.68782043457,273.35000610352
25-SEP-2026,11.421175199791,56832,J0739+0137,1.1243976354599,88500,AP-N902-F303,0.015337844379246,0.015337844379246,72.534278869629,273.35000610352
25-SEP-2026,11.424508564956,56832,J0739+0137,1.1246343851089,88500,AP-N901-F303,0.015337844379246,0.015337844379246,73.68782043457,273.35000610352
25-SEP-2026,11.424508564956,56832,J0739+0137,1.1246343851089,88500,AP-N902-F303,0.015337844379246,0.015337844379246,72.534278869629,273.35000610352
25-SEP-2026,11.427841931518,56832,J0739+0137,1.1248694658279,88500,AP-N901-F303,0.015337844379246,0.015337844379246,73.68782043457,273.35000610352
25-SEP-2026,11.427841931518,56832,J0739+0137,1.1248694658279,88500,AP-N902-F303,0.015337844379246,0.015337844379246,72.534278869629,273.35000610352
25-SEP-2026,11.431453078539,56832,J0739+0137,1.1251225471497,88500,AP-N901-F303,0.015337844379246,0.015337844379246,73.68782043457,273.35000610352
25-SEP-2026,11.431453078539,56832,J0739+0137,1.1251225471497,88500,AP-N902-F303,0.015337844379246,0.015337844379246,72.534278869629,273.35000610352
25-SEP-2026,11.434786445799,56832,J0739+0137,1.1253545284271,88500,AP-N901-F303,0.015337844379246,0.015337844379246,73.68782043457,273.35000610352
25-SEP-2026,11.434786445799,56832,J0739+0137,1.1253545284271,88500,AP-N902-F303,0.015337844379246,0.015337844379246,72.534278869629,273.35000610352
25-SEP-2026,11.43811981306,56832,J0739+0137,1.1255850791931,88500,AP-N901-F303,0.015337844379246,0.015337844379246,73.68782043457,273.35000610352
25-SEP-2026,11.43811981306,56832,J0739+0137,1.1255850791931,88500,AP-N902-F303,0.015337844379246,0.015337844379246,72.534278869629,273.35000610352
25-SEP-2026,11.441453174034,56832,J0739+0137,1.1258141994476,88500,AP-N901-F303,0.015337844379246,0.015337844379246,73.68782043457,273.35000610352
25-SEP-2026,11.441453174034,56832,J0739+0137,1.1258141994476,88500,AP-N902-F303,0.015337844379246,0.015337844379246,72.534278869629,273.35000610352
25-SEP-2026,11.445064321579,56832,J0739+0137,1.1260604858398,88500,AP-N901-F303,0.015337844379246,0.015337844379246,73.68782043457,273.35000610352
25-SEP-2026,11.445064321579,56832,J0739+0137,1.1260604858398,88500,AP-N902-F303,0.015337844379246,0.015337844379246,72.534278869629,273.35000610352
25-SEP-2026,11.448397689364,56832,J0739+0137,1.1262863874435,88500,AP-N901-F303,0.015337844379246,0.015337844379246,73.68782043457,273.35000610352
25-SEP-2026,11.448397689364,56832,J0739+0137,1.1262863874435,88500,AP-N902-F303,0.015337844379246,0.015337844379246,72.534278869629,273.35000610352
25-SEP-2026,11.451731058021,56832,J0739+0137,1.1265107393265,88500,AP-N901-F303,0.015337844379246,0.015337844379246,73.68782043457,273.35000610352
25-SEP-2026,11.451731058021,56832,J0739+0137,1.1265107393265,88500,AP-N902-F303,0.015337844379246,0.015337844379246,72.534278869629,273.35000610352
25-SEP-2026,11.45534220644,56832,J0739+0137,1.1267520189285,88500,AP-N901-F303,0.015337844379246,0.015337844379246,73.68782043457,273.35000610352
25-SEP-2026,11.45534220644,56832,J0739+0137,1.1267520189285,88500,AP-N902-F303,0.015337844379246,0.015337844379246,72.534278869629,273.35000610352
25-SEP-2026,11.458675569334,56832,J0739+0137,1.1269730329514,88500,AP-N901-F303,0.015337844379246,0.015337844379246,73.68782043457,273.35000610352
25-SEP-2026,11.458675569334,56832,J0739+0137,1.1269730329514,88500,AP-N902-F303,0.015337844379246,0.015337844379246,72.534278869629,273.35000610352
25-SEP-2026,11.462008938341,56832,J0739+0137,1.1271926164627,88500,AP-N901-F303,0.015337844379246,0.015337844379246,73.68782043457,273.35000610352
25-SEP-2026,11.462008938341,56832,J0739+0137,1.1271926164627,88500,AP-N902-F303,0.015337844379246,0.015337844379246,72.534278869629,273.35000610352
25-SEP-2026,11.465620082918,56832,J0739+0137,1.1274288892746,88500,AP-N901-F303,0.015337844379246,0.015337844379246,73.68782043457,273.35000610352
25-SEP-2026,11.465620082918,56832,J0739+0137,1.1274288892746,88500,AP-N902-F303,0.015337844379246,0.015337844379246,72.534278869629,273.35000610352
25-SEP-2026,11.469231233432,56832,J0739+0137,1.1276632547379,88500,AP-N901-F303,0.015337844379246,0.015337844379246,73.68782043457,273.35000610352
25-SEP-2026,11.469231233432,56832,J0739+0137,1.1276632547379,88500,AP-N902-F303,0.015337844379246,0.015337844379246,72.534278869629,273.35000610352
25-SEP-2026,11.472564594406,56832,J0739+0137,1.1278781890869,88500,AP-N901-F303,0.015337844379246,0.015337844379246,73.68782043457,273.35000610352
25-SEP-2026,11.472564594406,56832,J0739+0137,1.1278781890869,88500,AP-N902-F303,0.015337844379246,0.015337844379246,72.534278869629,273.35000610352
25-SEP-2026,11.475897961666,56832,J0739+0137,1.1280913352966,88500,AP-N901-F303,0.015337844379246,0.015337844379246,73.68782043457,273.35000610352
25-SEP-2026,11.475897961666,56832,J0739+0137,1.1280913352966,88500,AP-N902-F303,0.015337844379246,0.015337844379246,72.534278869629,273.35000610352
25-SEP-2026,11.479231328927,56832,J0739+0137,1.1283029317856,88500,AP-N901-F303,0.015337844379246,0.015337844379246,73.68782043457,273.35000610352
25-SEP-2026,11.479231328927,56832,J0739+0137,1.1283029317856,88500,AP-N902-F303,0.015337844379246,0.015337844379246,72.534278869629,273.35000610352
25-SEP-2026,11.482564695838,56832,J0739+0137,1.1285130977631,88500,AP-N901-F303,0.015337844379246,0.015337844379246,73.68782043457,273.35000610352
25-SEP-2026,11.482564695838,56832,J0739+0137,1.1285130977631,88500,AP-N902-F303,0.015337844379246,0.015337844379246,72.534278869629,273.35000610352
25-SEP-2026,11.486175841986,56832,J0739+0137,1.1287389993668,88500,AP-N901-F303,0.015337844379246,0.015337844379246,73.68782043457,273.35000610352
25-SEP-2026,11.486175841986,56832,J0739+0137,1.1287389993668,88500,AP-N902-F303,0.015337844379246,0.015337844379246,72.534278869629,273.35000610352
25-SEP-2026,11.489786987087,56832,J0739+0137,1.1289631128311,88500,AP-N901-F303,0.015337844379246,0.015337844379246,73.68782043457,273.35000610352
25-SEP-2026,11.489786987087,56832,J0739+0137,1.1289631128311,88500,AP-N902-F303,0.015337844379246,0.015337844379246,72.534278869629,273.35000610352
25-SEP-2026,11.493120351903,56832,J0739+0137,1.129168510437,88500,AP-N901-F303,0.015337844379246,0.015337844379246,73.68782043457,273.35000610352
25-SEP-2026,11.493120351903,56832,J0739+0137,1.129168510437,88500,AP-N902-F303,0.015337844379246,0.015337844379246,72.534278869629,273.35000610352
25-SEP-2026,11.49673150102,56832,J0739+0137,1.1293890476227,88500,AP-N901-F303,0.015337844379246,0.015337844379246,73.68782043457,273.35000610352
25-SEP-2026,11.49673150102,56832,J0739+0137,1.1293890476227,88500,AP-N902-F303,0.015337844379246,0.015337844379246,72.534278869629,273.35000610352
25-SEP-2026,11.500064866359,56832,J0739+0137,1.1295909881592,88500,AP-N901-F303,0.015337844379246,0.015337844379246,73.68782043457,273.35000610352
25-SEP-2026,11.500064866359,56832,J0739+0137,1.1295909881592,88500,AP-N902-F303,0.015337844379246,0.015337844379246,72.534278869629,273.35000610352
25-SEP-2026,11.503398232223,56832,J0739+0137,1.1297913789749,88500,AP-N901-F303,0.015337844379246,0.015337844379246,73.68782043457,273.35000610352
25-SEP-2026,11.503398232223,56832,J0739+0137,1.1297913789749,88500,AP-N902-F303,0.015337844379246,0.015337844379246,72.534278869629,273.35000610352
25-SEP-2026,11.50673160088,56832,J0739+0137,1.1299904584885,88500,AP-N901-F303,0.015337844379246,0.015337844379246,73.68782043457,273.35000610352
25-SEP-2026,11.50673160088,56832,J0739+0137,1.1299904584885,88500,AP-N902-F303,0.015337844379246,0.015337844379246,72.534278869629,273.35000610352
25-SEP-2026,11.51006496849,56832,J0739+0137,1.130187869072,88500,AP-N901-F303,0.015337844379246,0.015337844379246,73.68782043457,273.35000610352
25-SEP-2026,11.51006496849,56832,J0739+0137,1.130187869072,88500,AP-N902-F303,0.015337844379246,0.015337844379246,72.534278869629,273.35000610352
25-SEP-2026,11.513398333655,56832,J0739+0137,1.1303833723068,88500,AP-N901-F303,0.015337844379246,0.015337844379246,73.68782043457,273.35000610352
25-SEP-2026,11.513398333655,56832,J0739+0137,1.1303833723068,88500,AP-N902-F303,0.015337844379246,0.015337844379246,72.534278869629,273.35000610352
25-SEP-2026,11.516731697248,56832,J0739+0137,1.1305775642395,88500,AP-N901-F303,0.015337844379246,0.015337844379246,73.68782043457,273.35000610352
25-SEP-2026,11.516731697248,56832,J0739+0137,1.1305775642395,88500,AP-N902-F303,0.015337844379246,0.015337844379246,72.534278869629,273.35000610352
25-SEP-2026,11.520065064509,56832,J0739+0137,1.13077044487,88500,AP-N901-F303,0.015337844379246,0.015337844379246,73.68782043457,273.35000610352
25-SEP-2026,11.520065064509,56832,J0739+0137,1.13077044487,88500,AP-N902-F303,0.015337844379246,0.015337844379246,72.534278869629,273.35000610352
25-SEP-2026,11.523676214499,56832,J0739+0137,1.1309773921967,88500,AP-N901-F303,0.015337844379246,0.015337844379246,73.68782043457,273.35000610352
25-SEP-2026,11.523676214499,56832,J0739+0137,1.1309773921967,88500,AP-N902-F303,0.015337844379246,0.015337844379246,72.534278869629,273.35000610352
25-SEP-2026,11.527009578616,56832,J0739+0137,1.1311666965485,88500,AP-N901-F303,0.015337844379246,0.015337844379246,73.68782043457,273.35000610352
25-SEP-2026,11.527009578616,56832,J0739+0137,1.1311666965485,88500,AP-N902-F303,0.015337844379246,0.015337844379246,72.534278869629,273.35000610352
25-SEP-2026,1.1540259512215,56288,BLLAC,0.39460587501526,88500,AP-N901-F303,0,0,0,0
25-SEP-2026,1.1540259512215,56288,BLLAC,0.39460587501526,88500,AP-N902-F303,0,0,0,0
25-SEP-2026,11.654649726832,56837,J0750+1231,0.9413948059082,88500,AP-N901-F303,0.015056978911161,0.015056978911161,75.235511779785,275.64999389648
25-SEP-2026,11.654649726832,56837,J0750+1231,0.9413948059082,88500,AP-N902-F303,0.015056978911161,0.015056978911161,74.339897155762,275.64999389648
25-SEP-2026,11.671455448824,56841,J0750+1231,0.9421683549881,88500,AP-N901-F303,0.015056978911161,0.015056978911161,75.235511779785,275.64999389648
25-SEP-2026,11.671455448824,56841,J0750+1231,0.9421683549881,88500,AP-N902-F303,0.015056978911161,0.015056978911161,74.339897155762,275.64999389648
25-SEP-2026,11.674788815735,56841,J0750+1231,0.94231832027435,88500,AP-N901-F303,0.015056978911161,0.015056978911161,75.235511779785,275.64999389648
25-SEP-2026,11.674788815735,56841,J0750+1231,0.94231832027435,88500,AP-N902-F303,0.015056978911161,0.015056978911161,74.339897155762,275.64999389648
25-SEP-2026,11.678399963106,56841,J0750+1231,0.94247984886169,88500,AP-N901-F303,0.015056978911161,0.015056978911161,75.235511779785,275.64999389648
25-SEP-2026,11.678399963106,56841,J0750+1231,0.94247984886169,88500,AP-N902-F303,0.015056978911161,0.015056978911161,74.339897155762,275.64999389648
25-SEP-2026,11.681733326699,56841,J0750+1231,0.9426274895668,88500,AP-N901-F303,0.015056978911161,0.015056978911161,75.235511779785,275.64999389648
25-SEP-2026,11.681733326699,56841,J0750+1231,0.9426274895668,88500,AP-N902-F303,0.015056978911161,0.015056978911161,74.339897155762,275.64999389648
25-SEP-2026,11.685066691689,56841,J0750+1231,0.94277411699295,88500,AP-N901-F303,0.015056978911161,0.015056978911161,75.235511779785,275.64999389648
25-SEP-2026,11.685066691689,56841,J0750+1231,0.94277411699295,88500,AP-N902-F303,0.015056978911161,0.015056978911161,74.339897155762,275.64999389648
25-SEP-2026,11.688677839235,56841,J0750+1231,0.9429315328598,88500,AP-N901-F303,0.015056978911161,0.015056978911161,75.235511779785,275.64999389648
25-SEP-2026,11.688677839235,56841,J0750+1231,0.9429315328598,88500,AP-N902-F303,0.015056978911161,0.015056978911161,74.339897155762,275.64999389648
25-SEP-2026,11.692011208242,56841,J0750+1231,0.94307565689087,88500,AP-N901-F303,0.015056978911161,0.015056978911161,75.235511779785,275.64999389648
25-SEP-2026,11.692011208242,56841,J0750+1231,0.94307565689087,88500,AP-N902-F303,0.015056978911161,0.015056978911161,74.339897155762,275.64999389648
25-SEP-2026,11.695344573407,56841,J0750+1231,0.94321894645691,88500,AP-N901-F303,0.015056978911161,0.015056978911161,75.235511779785,275.64999389648
25-SEP-2026,11.695344573407,56841,J0750+1231,0.94321894645691,88500,AP-N902-F303,0.015056978911161,0.015056978911161,74.339897155762,275.64999389648
25-SEP-2026,11.698955722174,56841,J0750+1231,0.94337236881256,88500,AP-N901-F303,0.015056978911161,0.015056978911161,75.235511779785,275.64999389648
25-SEP-2026,11.698955722174,56841,J0750+1231,0.94337236881256,88500,AP-N902-F303,0.015056978911161,0.015056978911161,74.339897155762,275.64999389648
25-SEP-2026,11.702289087863,56841,J0750+1231,0.94351327419281,88500,AP-N901-F303,0.015056978911161,0.015056978911161,75.235511779785,275.64999389648
25-SEP-2026,11.702289087863,56841,J0750+1231,0.94351327419281,88500,AP-N902-F303,0.015056978911161,0.015056978911161,74.339897155762,275.64999389648
25-SEP-2026,11.705622455473,56841,J0750+1231,0.94365262985229,88500,AP-N901-F303,0.015056978911161,0.015056978911161,75.235511779785,275.64999389648
25-SEP-2026,11.705622455473,56841,J0750+1231,0.94365262985229,88500,AP-N902-F303,0.015056978911161,0.015056978911161,74.339897155762,275.64999389648
25-SEP-2026,1.1708316789759,56292,BLLAC,0.39557772874832,88500,AP-N901-F303,0,0,0,0
25-SEP-2026,1.1708316789759,56292,BLLAC,0.39557772874832,88500,AP-N902-F303,0,0,0,0
25-SEP-2026,11.708955820812,56841,J0750+1231,0.94379132986069,88500,AP-N901-F303,0.015056978911161,0.015056978911161,75.235511779785,275.64999389648
25-SEP-2026,11.708955820812,56841,J0750+1231,0.94379132986069,88500,AP-N902-F303,0.015056978911161,0.015056978911161,74.339897155762,275.64999389648
25-SEP-2026,11.712566967485,56841,J0750+1231,0.94393980503082,88500,AP-N901-F303,0.015056978911161,0.015056978911161,75.235511779785,275.64999389648
25-SEP-2026,11.712566967485,56841,J0750+1231,0.94393980503082,88500,AP-N902-F303,0.015056978911161,0.015056978911161,74.339897155762,275.64999389648
25-SEP-2026,11.715900331602,56841,J0750+1231,0.94407594203949,88500,AP-N901-F303,0.015056978911161,0.015056978911161,75.235511779785,275.64999389648
25-SEP-2026,11.715900331602,56841,J0750+1231,0.94407594203949,88500,AP-N902-F303,0.015056978911161,0.015056978911161,74.339897155762,275.64999389648
25-SEP-2026,1.1741650413469,56292,BLLAC,0.39576894044876,88500,AP-N901-F303,0,0,0,0
25-SEP-2026,1.1741650413469,56292,BLLAC,0.39576894044876,88500,AP-N902-F303,0,0,0,0
25-SEP-2026,11.753817370438,56846,J0739+0137,1.1402685642242,88500,AP-N901-F303,0.015105083584785,0.015105083584785,73.563407897949,275.45001220703
25-SEP-2026,11.753817370438,56846,J0739+0137,1.1402685642242,88500,AP-N902-F303,0.015105083584785,0.015105083584785,72.585678100586,275.45001220703
25-SEP-2026,11.771178656318,56850,J0739+0137,1.1406508684158,88500,AP-N901-F303,0.015105083584785,0.015105083584785,73.563407897949,275.45001220703
25-SEP-2026,11.771178656318,56850,J0739+0137,1.1406508684158,88500,AP-N902-F303,0.015105083584785,0.015105083584785,72.585678100586,275.45001220703
25-SEP-2026,11.774512023054,56850,J0739+0137,1.1407191753387,88500,AP-N901-F303,0.015105083584785,0.015105083584785,73.563407897949,275.45001220703
25-SEP-2026,11.774512023054,56850,J0739+0137,1.1407191753387,88500,AP-N902-F303,0.015105083584785,0.015105083584785,72.585678100586,275.45001220703
25-SEP-2026,1.1777761906385,56292,BLLAC,0.39597541093826,88500,AP-N901-F303,0,0,0,0
25-SEP-2026,1.1777761906385,56292,BLLAC,0.39597541093826,88500,AP-N902-F303,0,0,0,0
25-SEP-2026,11.777845389616,56850,J0739+0137,1.1407856941223,88500,AP-N901-F303,0.015105083584785,0.015105083584785,73.563407897949,275.45001220703
25-SEP-2026,11.777845389616,56850,J0739+0137,1.1407856941223,88500,AP-N902-F303,0.015105083584785,0.015105083584785,72.585678100586,275.45001220703
25-SEP-2026,11.781178756877,56850,J0739+0137,1.1408504247665,88500,AP-N901-F303,0.015105083584785,0.015105083584785,73.563407897949,275.45001220703
25-SEP-2026,11.781178756877,56850,J0739+0137,1.1408504247665,88500,AP-N902-F303,0.015105083584785,0.015105083584785,72.585678100586,275.45001220703
25-SEP-2026,11.784512121867,56850,J0739+0137,1.1409137248993,88500,AP-N901-F303,0.015105083584785,0.015105083584785,73.563407897949,275.45001220703
25-SEP-2026,11.784512121867,56850,J0739+0137,1.1409137248993,88500,AP-N902-F303,0.015105083584785,0.015105083584785,72.585678100586,275.45001220703
25-SEP-2026,11.787845487905,56850,J0739+0137,1.1409752368927,88500,AP-N901-F303,0.015105083584785,0.015105083584785,73.563407897949,275.45001220703
25-SEP-2026,11.787845487905,56850,J0739+0137,1.1409752368927,88500,AP-N902-F303,0.015105083584785,0.015105083584785,72.585678100586,275.45001220703
25-SEP-2026,11.791178853943,56850,J0739+0137,1.1410349607468,88500,AP-N901-F303,0.015105083584785,0.015105083584785,73.563407897949,275.45001220703
25-SEP-2026,11.791178853943,56850,J0739+0137,1.1410349607468,88500,AP-N902-F303,0.015105083584785,0.015105083584785,72.585678100586,275.45001220703
25-SEP-2026,11.794512221728,56850,J0739+0137,1.1410930156708,88500,AP-N901-F303,0.015105083584785,0.015105083584785,73.563407897949,275.45001220703
25-SEP-2026,11.794512221728,56850,J0739+0137,1.1410930156708,88500,AP-N902-F303,0.015105083584785,0.015105083584785,72.585678100586,275.45001220703
25-SEP-2026,11.797845586718,56850,J0739+0137,1.1411494016647,88500,AP-N901-F303,0.015105083584785,0.015105083584785,73.563407897949,275.45001220703
25-SEP-2026,11.797845586718,56850,J0739+0137,1.1411494016647,88500,AP-N902-F303,0.015105083584785,0.015105083584785,72.585678100586,275.45001220703
25-SEP-2026,11.801178952931,56850,J0739+0137,1.1412042379379,88500,AP-N901-F303,0.015105083584785,0.015105083584785,73.563407897949,275.45001220703
25-SEP-2026,11.801178952931,56850,J0739+0137,1.1412042379379,88500,AP-N902-F303,0.015105083584785,0.015105083584785,72.585678100586,275.45001220703
25-SEP-2026,11.80451232281,56850,J0739+0137,1.1412574052811,88500,AP-N901-F303,0.015105083584785,0.015105083584785,73.563407897949,275.45001220703
25-SEP-2026,11.80451232281,56850,J0739+0137,1.1412574052811,88500,AP-N902-F303,0.015105083584785,0.015105083584785,72.585678100586,275.45001220703
25-SEP-2026,11.807845687452,56850,J0739+0137,1.1413086652756,88500,AP-N901-F303,0.015105083584785,0.015105083584785,73.563407897949,275.45001220703
25-SEP-2026,11.807845687452,56850,J0739+0137,1.1413086652756,88500,AP-N902-F303,0.015105083584785,0.015105083584785,72.585678100586,275.45001220703
25-SEP-2026,1.1811095556289,56292,BLLAC,0.39616549015045,88500,AP-N901-F303,0,0,0,0
25-SEP-2026,1.1811095556289,56292,BLLAC,0.39616549015045,88500,AP-N902-F303,0,0,0,0
25-SEP-2026,11.811456834298,56850,J0739+0137,1.1413624286652,88500,AP-N901-F303,0.015105083584785,0.015105083584785,73.563407897949,275.45001220703
25-SEP-2026,11.811456834298,56850,J0739+0137,1.1413624286652,88500,AP-N902-F303,0.015105083584785,0.015105083584785,72.585678100586,275.45001220703
25-SEP-2026,11.815067978002,56850,J0739+0137,1.1414141654968,88500,AP-N901-F303,0.015105083584785,0.015105083584785,73.563407897949,275.45001220703
25-SEP-2026,11.815067978002,56850,J0739+0137,1.1414141654968,88500,AP-N902-F303,0.015105083584785,0.015105083584785,72.585678100586,275.45001220703
25-SEP-2026,1.1847207029996,56292,BLLAC,0.39637085795403,88500,AP-N901-F303,0,0,0,0
25-SEP-2026,1.1847207029996,56292,BLLAC,0.39637085795403,88500,AP-N902-F303,0,0,0,0
25-SEP-2026,1.1880540695616,56292,BLLAC,0.39655980467796,88500,AP-N901-F303,0,0,0,0
25-SEP-2026,1.1880540695616,56292,BLLAC,0.39655980467796,88500,AP-N902-F303,0,0,0,0
25-SEP-2026,1.1913874392668,56292,BLLAC,0.39674827456474,88500,AP-N901-F303,0,0,0,0
25-SEP-2026,1.1913874392668,56292,BLLAC,0.39674827456474,88500,AP-N902-F303,0,0,0,0
25-SEP-2026,1.1949985864629,56292,BLLAC,0.39695182442665,88500,AP-N901-F303,0,0,0,0
25-SEP-2026,1.1949985864629,56292,BLLAC,0.39695182442665,88500,AP-N902-F303,0,0,0,0
25-SEP-2026,1.198331953898,56292,BLLAC,0.39713931083679,88500,AP-N901-F303,0,0,0,0
25-SEP-2026,1.198331953898,56292,BLLAC,0.39713931083679,88500,AP-N902-F303,0,0,0,0
25-SEP-2026,11.986875223996,56855,J0750+1231,0.95125883817673,88500,AP-N901-F303,0.015068599954247,0.015068599954247,75.256660461426,276.14999389648
25-SEP-2026,11.986875223996,56855,J0750+1231,0.95125883817673,88500,AP-N902-F303,0.015068599954247,0.015068599954247,74.263687133789,276.14999389648
25-SEP-2026,12.004792073065,56859,J0750+1231,0.9514599442482,88500,AP-N901-F303,0.015068599954247,0.015068599954247,75.256660461426,276.14999389648
25-SEP-2026,12.004792073065,56859,J0750+1231,0.9514599442482,88500,AP-N902-F303,0.015068599954247,0.015068599954247,74.263687133789,276.14999389648
25-SEP-2026,12.008125440849,56859,J0750+1231,0.95149427652359,88500,AP-N901-F303,0.015068599954247,0.015068599954247,75.256660461426,276.14999389648
25-SEP-2026,12.008125440849,56859,J0750+1231,0.95149427652359,88500,AP-N902-F303,0.015068599954247,0.015068599954247,74.263687133789,276.14999389648
25-SEP-2026,12.011458811951,56859,J0750+1231,0.95152682065964,88500,AP-N901-F303,0.015068599954247,0.015068599954247,75.256660461426,276.14999389648
25-SEP-2026,12.011458811951,56859,J0750+1231,0.95152682065964,88500,AP-N902-F303,0.015068599954247,0.015068599954247,74.263687133789,276.14999389648
25-SEP-2026,12.0147921731,56859,J0750+1231,0.95155829191208,88500,AP-N901-F303,0.015068599954247,0.015068599954247,75.256660461426,276.14999389648
25-SEP-2026,12.0147921731,56859,J0750+1231,0.95155829191208,88500,AP-N902-F303,0.015068599954247,0.015068599954247,74.263687133789,276.14999389648
25-SEP-2026,1.2016653204599,56292,BLLAC,0.39732611179352,88500,AP-N901-F303,0,0,0,0
25-SEP-2026,1.2016653204599,56292,BLLAC,0.39732611179352,88500,AP-N902-F303,0,0,0,0
25-SEP-2026,12.018125539837,56859,J0750+1231,0.95158851146698,88500,AP-N901-F303,0.015068599954247,0.015068599954247,75.256660461426,276.14999389648
25-SEP-2026,12.018125539837,56859,J0750+1231,0.95158851146698,88500,AP-N902-F303,0.015068599954247,0.015068599954247,74.263687133789,276.14999389648
25-SEP-2026,12.021458906922,56859,J0750+1231,0.95161747932434,88500,AP-N901-F303,0.015068599954247,0.015068599954247,75.256660461426,276.14999389648
25-SEP-2026,12.021458906922,56859,J0750+1231,0.95161747932434,88500,AP-N902-F303,0.015068599954247,0.015068599954247,74.263687133789,276.14999389648
25-SEP-2026,12.024792274358,56859,J0750+1231,0.95164531469345,88500,AP-N901-F303,0.015068599954247,0.015068599954247,75.256660461426,276.14999389648
25-SEP-2026,12.024792274358,56859,J0750+1231,0.95164531469345,88500,AP-N902-F303,0.015068599954247,0.015068599954247,74.263687133789,276.14999389648
25-SEP-2026,12.028125637951,56859,J0750+1231,0.95167207717896,88500,AP-N901-F303,0.015068599954247,0.015068599954247,75.256660461426,276.14999389648
25-SEP-2026,12.028125637951,56859,J0750+1231,0.95167207717896,88500,AP-N902-F303,0.015068599954247,0.015068599954247,74.263687133789,276.14999389648
25-SEP-2026,12.031459008878,56859,J0750+1231,0.95169740915298,88500,AP-N901-F303,0.015068599954247,0.015068599954247,75.256660461426,276.14999389648
25-SEP-2026,12.031459008878,56859,J0750+1231,0.95169740915298,88500,AP-N902-F303,0.015068599954247,0.015068599954247,74.263687133789,276.14999389648
25-SEP-2026,12.034792374043,56859,J0750+1231,0.95172166824341,88500,AP-N901-F303,0.015068599954247,0.015068599954247,75.256660461426,276.14999389648
25-SEP-2026,12.034792374043,56859,J0750+1231,0.95172166824341,88500,AP-N902-F303,0.015068599954247,0.015068599954247,74.263687133789,276.14999389648
25-SEP-2026,12.038125742002,56859,J0750+1231,0.95174491405487,88500,AP-N901-F303,0.015068599954247,0.015068599954247,75.256660461426,276.14999389648
25-SEP-2026,12.038125742002,56859,J0750+1231,0.95174491405487,88500,AP-N902-F303,0.015068599954247,0.015068599954247,74.263687133789,276.14999389648
25-SEP-2026,12.041459103151,56859,J0750+1231,0.95176666975021,88500,AP-N901-F303,0.015068599954247,0.015068599954247,75.256660461426,276.14999389648
25-SEP-2026,12.041459103151,56859,J0750+1231,0.95176666975021,88500,AP-N902-F303,0.015068599954247,0.015068599954247,74.263687133789,276.14999389648
25-SEP-2026,12.044792470411,56859,J0750+1231,0.95178747177124,88500,AP-N901-F303,0.015068599954247,0.015068599954247,75.256660461426,276.14999389648
25-SEP-2026,12.044792470411,56859,J0750+1231,0.95178747177124,88500,AP-N902-F303,0.015068599954247,0.015068599954247,74.263687133789,276.14999389648
25-SEP-2026,12.048125837497,56859,J0750+1231,0.95180708169937,88500,AP-N901-F303,0.015068599954247,0.015068599954247,75.256660461426,276.14999389648
25-SEP-2026,12.048125837497,56859,J0750+1231,0.95180708169937,88500,AP-N902-F303,0.015068599954247,0.015068599954247,74.263687133789,276.14999389648
25-SEP-2026,1.2049986854503,56292,BLLAC,0.39751240611076,88500,AP-N901-F303,0,0,0,0
25-SEP-2026,1.2049986854503,56292,BLLAC,0.39751240611076,88500,AP-N902-F303,0,0,0,0
25-SEP-2026,1.2083320535839,56292,BLLAC,0.39769825339317,88500,AP-N901-F303,0,0,0,0
25-SEP-2026,1.2083320535839,56292,BLLAC,0.39769825339317,88500,AP-N902-F303,0,0,0,0
25-SEP-2026,12.087848454908,56866,J0739+0137,1.1395885944366,88500,AP-N901-F303,0.015042873099446,0.015042873099446,73.437370300293,276.64999389648
25-SEP-2026,12.087848454908,56866,J0739+0137,1.1395885944366,88500,AP-N902-F303,0.015042873099446,0.015042873099446,72.660499572754,276.64999389648
25-SEP-2026,12.091459602803,56866,J0739+0137,1.1394885778427,88500,AP-N901-F303,0.015042873099446,0.015042873099446,73.437370300293,276.64999389648
25-SEP-2026,12.091459602803,56866,J0739+0137,1.1394885778427,88500,AP-N902-F303,0.015042873099446,0.015042873099446,72.660499572754,276.64999389648
25-SEP-2026,12.094792966396,56866,J0739+0137,1.1393946409225,88500,AP-N901-F303,0.015042873099446,0.015042873099446,73.437370300293,276.64999389648
25-SEP-2026,12.094792966396,56866,J0739+0137,1.1393946409225,88500,AP-N902-F303,0.015042873099446,0.015042873099446,72.660499572754,276.64999389648
25-SEP-2026,12.098126333657,56866,J0739+0137,1.1392991542816,88500,AP-N901-F303,0.015042873099446,0.015042873099446,73.437370300293,276.64999389648
25-SEP-2026,12.098126333657,56866,J0739+0137,1.1392991542816,88500,AP-N902-F303,0.015042873099446,0.015042873099446,72.660499572754,276.64999389648
25-SEP-2026,12.101459697774,56866,J0739+0137,1.1392019987106,88500,AP-N901-F303,0.015042873099446,0.015042873099446,73.437370300293,276.64999389648
25-SEP-2026,12.101459697774,56866,J0739+0137,1.1392019987106,88500,AP-N902-F303,0.015042873099446,0.015042873099446,72.660499572754,276.64999389648
25-SEP-2026,12.104793068003,56866,J0739+0137,1.1391030550003,88500,AP-N901-F303,0.015042873099446,0.015042873099446,73.437370300293,276.64999389648
25-SEP-2026,12.104793068003,56866,J0739+0137,1.1391030550003,88500,AP-N902-F303,0.015042873099446,0.015042873099446,72.660499572754,276.64999389648
25-SEP-2026,12.108126429152,56866,J0739+0137,1.1390026807785,88500,AP-N901-F303,0.015042873099446,0.015042873099446,73.437370300293,276.64999389648
25-SEP-2026,12.108126429152,56866,J0739+0137,1.1390026807785,88500,AP-N902-F303,0.015042873099446,0.015042873099446,72.660499572754,276.64999389648
25-SEP-2026,12.111459797111,56866,J0739+0137,1.1389003992081,88500,AP-N901-F303,0.015042873099446,0.015042873099446,73.437370300293,276.64999389648
25-SEP-2026,12.111459797111,56866,J0739+0137,1.1389003992081,88500,AP-N902-F303,0.015042873099446,0.015042873099446,72.660499572754,276.64999389648
25-SEP-2026,12.115070944307,56866,J0739+0137,1.138787984848,88500,AP-N901-F303,0.015042873099446,0.015042873099446,73.437370300293,276.64999389648
25-SEP-2026,12.115070944307,56866,J0739+0137,1.138787984848,88500,AP-N902-F303,0.015042873099446,0.015042873099446,72.660499572754,276.64999389648
25-SEP-2026,12.118404313139,56866,J0739+0137,1.1386823654175,88500,AP-N901-F303,0.015042873099446,0.015042873099446,73.437370300293,276.64999389648
25-SEP-2026,12.118404313139,56866,J0739+0137,1.1386823654175,88500,AP-N902-F303,0.015042873099446,0.015042873099446,72.660499572754,276.64999389648
25-SEP-2026,1.2119432016531,56292,BLLAC,0.39789891242981,88500,AP-N901-F303,0,0,0,0
25-SEP-2026,1.2119432016531,56292,BLLAC,0.39789891242981,88500,AP-N902-F303,0,0,0,0
25-SEP-2026,12.121737676383,56866,J0739+0137,1.1385750770569,88500,AP-N901-F303,0.015042873099446,0.015042873099446,73.437370300293,276.64999389648
25-SEP-2026,12.121737676383,56866,J0739+0137,1.1385750770569,88500,AP-N902-F303,0.015042873099446,0.015042873099446,72.660499572754,276.64999389648
25-SEP-2026,12.125071041199,56866,J0739+0137,1.1384662389755,88500,AP-N901-F303,0.015042873099446,0.015042873099446,73.437370300293,276.64999389648
25-SEP-2026,12.125071041199,56866,J0739+0137,1.1384662389755,88500,AP-N902-F303,0.015042873099446,0.015042873099446,72.660499572754,276.64999389648
25-SEP-2026,12.128404408634,56866,J0739+0137,1.1383554935455,88500,AP-N901-F303,0.015042873099446,0.015042873099446,73.437370300293,276.64999389648
25-SEP-2026,12.128404408634,56866,J0739+0137,1.1383554935455,88500,AP-N902-F303,0.015042873099446,0.015042873099446,72.660499572754,276.64999389648
25-SEP-2026,12.13173777537,56866,J0739+0137,1.1382433176041,88500,AP-N901-F303,0.015042873099446,0.015042873099446,73.437370300293,276.64999389648
25-SEP-2026,12.13173777537,56866,J0739+0137,1.1382433176041,88500,AP-N902-F303,0.015042873099446,0.015042873099446,72.660499572754,276.64999389648
25-SEP-2026,12.135348922217,56866,J0739+0137,1.1381198167801,88500,AP-N901-F303,0.015042873099446,0.015042873099446,73.437370300293,276.64999389648
25-SEP-2026,12.135348922217,56866,J0739+0137,1.1381198167801,88500,AP-N902-F303,0.015042873099446,0.015042873099446,72.660499572754,276.64999389648
25-SEP-2026,12.138682292097,56866,J0739+0137,1.1380043029785,88500,AP-N901-F303,0.015042873099446,0.015042873099446,73.437370300293,276.64999389648
25-SEP-2026,12.138682292097,56866,J0739+0137,1.1380043029785,88500,AP-N902-F303,0.015042873099446,0.015042873099446,72.660499572754,276.64999389648
25-SEP-2026,12.142015654468,56866,J0739+0137,1.1378870010376,88500,AP-N901-F303,0.015042873099446,0.015042873099446,73.437370300293,276.64999389648
25-SEP-2026,12.142015654468,56866,J0739+0137,1.1378870010376,88500,AP-N902-F303,0.015042873099446,0.015042873099446,72.660499572754,276.64999389648
25-SEP-2026,12.1453490233,56866,J0739+0137,1.1377679109573,88500,AP-N901-F303,0.015042873099446,0.015042873099446,73.437370300293,276.64999389648
25-SEP-2026,12.1453490233,56866,J0739+0137,1.1377679109573,88500,AP-N902-F303,0.015042873099446,0.015042873099446,72.660499572754,276.64999389648
25-SEP-2026,12.148682386195,56866,J0739+0137,1.1376475095749,88500,AP-N901-F303,0.015042873099446,0.015042873099446,73.437370300293,276.64999389648
25-SEP-2026,12.148682386195,56866,J0739+0137,1.1376475095749,88500,AP-N902-F303,0.015042873099446,0.015042873099446,72.660499572754,276.64999389648
25-SEP-2026,12.15229353182,56866,J0739+0137,1.1375148296356,88500,AP-N901-F303,0.015042873099446,0.015042873099446,73.437370300293,276.64999389648
25-SEP-2026,12.15229353182,56866,J0739+0137,1.1375148296356,88500,AP-N902-F303,0.015042873099446,0.015042873099446,72.660499572754,276.64999389648
25-SEP-2026,1.2152765675166,56292,BLLAC,0.39808359742165,88500,AP-N901-F303,0,0,0,0
25-SEP-2026,1.2152765675166,56292,BLLAC,0.39808359742165,88500,AP-N902-F303,0,0,0,0
25-SEP-2026,12.155626900477,56866,J0739+0137,1.1373909711838,88500,AP-N901-F303,0.015042873099446,0.015042873099446,73.437370300293,276.64999389648
25-SEP-2026,12.155626900477,56866,J0739+0137,1.1373909711838,88500,AP-N902-F303,0.015042873099446,0.015042873099446,72.660499572754,276.64999389648
25-SEP-2026,12.158960270706,56866,J0739+0137,1.137265086174,88500,AP-N901-F303,0.015042873099446,0.015042873099446,73.437370300293,276.64999389648
25-SEP-2026,12.158960270706,56866,J0739+0137,1.137265086174,88500,AP-N902-F303,0.015042873099446,0.015042873099446,72.660499572754,276.64999389648
25-SEP-2026,12.162293633252,56866,J0739+0137,1.1371380090714,88500,AP-N901-F303,0.015042873099446,0.015042873099446,73.437370300293,276.64999389648
25-SEP-2026,12.162293633252,56866,J0739+0137,1.1371380090714,88500,AP-N902-F303,0.015042873099446,0.015042873099446,72.660499572754,276.64999389648
25-SEP-2026,12.165904779924,56866,J0739+0137,1.1369980573654,88500,AP-N901-F303,0.015042873099446,0.015042873099446,73.437370300293,276.64999389648
25-SEP-2026,12.165904779924,56866,J0739+0137,1.1369980573654,88500,AP-N902-F303,0.015042873099446,0.015042873099446,72.660499572754,276.64999389648
25-SEP-2026,12.169238147184,56866,J0739+0137,1.1368676424026,88500,AP-N901-F303,0.015042873099446,0.015042873099446,73.437370300293,276.64999389648
25-SEP-2026,12.169238147184,56866,J0739+0137,1.1368676424026,88500,AP-N902-F303,0.015042873099446,0.015042873099446,72.660499572754,276.64999389648
25-SEP-2026,12.172571514096,56866,J0739+0137,1.1367349624634,88500,AP-N901-F303,0.015042873099446,0.015042873099446,73.437370300293,276.64999389648
25-SEP-2026,12.172571514096,56866,J0739+0137,1.1367349624634,88500,AP-N902-F303,0.015042873099446,0.015042873099446,72.660499572754,276.64999389648
25-SEP-2026,12.175904878213,56866,J0739+0137,1.1366013288498,88500,AP-N901-F303,0.015042873099446,0.015042873099446,73.437370300293,276.64999389648
25-SEP-2026,12.175904878213,56866,J0739+0137,1.1366013288498,88500,AP-N902-F303,0.015042873099446,0.015042873099446,72.660499572754,276.64999389648
25-SEP-2026,12.179238242156,56866,J0739+0137,1.1364654302597,88500,AP-N901-F303,0.015042873099446,0.015042873099446,73.437370300293,276.64999389648
25-SEP-2026,12.179238242156,56866,J0739+0137,1.1364654302597,88500,AP-N902-F303,0.015042873099446,0.015042873099446,72.660499572754,276.64999389648
25-SEP-2026,12.18284939005,56866,J0739+0137,1.1363168954849,88500,AP-N901-F303,0.015042873099446,0.015042873099446,73.437370300293,276.64999389648
25-SEP-2026,12.18284939005,56866,J0739+0137,1.1363168954849,88500,AP-N902-F303,0.015042873099446,0.015042873099446,72.660499572754,276.64999389648
25-SEP-2026,12.186460537072,56866,J0739+0137,1.1361660957336,88500,AP-N901-F303,0.015042873099446,0.015042873099446,73.437370300293,276.64999389648
25-SEP-2026,12.186460537072,56866,J0739+0137,1.1361660957336,88500,AP-N902-F303,0.015042873099446,0.015042873099446,72.660499572754,276.64999389648
25-SEP-2026,12.189793906428,56866,J0739+0137,1.136025428772,88500,AP-N901-F303,0.015042873099446,0.015042873099446,73.437370300293,276.64999389648
25-SEP-2026,12.189793906428,56866,J0739+0137,1.136025428772,88500,AP-N902-F303,0.015042873099446,0.015042873099446,72.660499572754,276.64999389648
25-SEP-2026,12.193127272116,56866,J0739+0137,1.1358830928802,88500,AP-N901-F303,0.015042873099446,0.015042873099446,73.437370300293,276.64999389648
25-SEP-2026,12.193127272116,56866,J0739+0137,1.1358830928802,88500,AP-N902-F303,0.015042873099446,0.015042873099446,72.660499572754,276.64999389648
25-SEP-2026,12.341814174869,56871,J0750+1231,0.94887959957123,88500,AP-N901-F303,0,0,0,0
25-SEP-2026,12.341814174869,56871,J0750+1231,0.94887959957123,88500,AP-N902-F303,0,0,0,0
25-SEP-2026,12.345425318748,56871,J0750+1231,0.94878607988358,88500,AP-N901-F303,0,0,0,0
25-SEP-2026,12.345425318748,56871,J0750+1231,0.94878607988358,88500,AP-N902-F303,0,0,0,0
25-SEP-2026,12.349036468738,56871,J0750+1231,0.9486917257309,88500,AP-N901-F303,0,0,0,0
25-SEP-2026,12.349036468738,56871,J0750+1231,0.9486917257309,88500,AP-N902-F303,0,0,0,0
25-SEP-2026,12.352647615759,56871,J0750+1231,0.94859617948532,88500,AP-N901-F303,0,0,0,0
25-SEP-2026,12.352647615759,56871,J0750+1231,0.94859617948532,88500,AP-N902-F303,0,0,0,0
25-SEP-2026,12.355980979527,56871,J0750+1231,0.94850653409958,88500,AP-N901-F303,0,0,0,0
25-SEP-2026,12.355980979527,56871,J0750+1231,0.94850653409958,88500,AP-N902-F303,0,0,0,0
25-SEP-2026,12.359592127422,56871,J0750+1231,0.9484081864357,88500,AP-N901-F303,0,0,0,0
25-SEP-2026,12.359592127422,56871,J0750+1231,0.9484081864357,88500,AP-N902-F303,0,0,0,0
25-SEP-2026,12.362925494682,56871,J0750+1231,0.9483163356781,88500,AP-N901-F303,0,0,0,0
25-SEP-2026,12.362925494682,56871,J0750+1231,0.9483163356781,88500,AP-N902-F303,0,0,0,0
25-SEP-2026,12.36625886072,56871,J0750+1231,0.94822299480438,88500,AP-N901-F303,0,0,0,0
25-SEP-2026,12.36625886072,56871,J0750+1231,0.94822299480438,88500,AP-N902-F303,0,0,0,0
25-SEP-2026,12.369592226933,56871,J0750+1231,0.94812887907028,88500,AP-N901-F303,0,0,0,0
25-SEP-2026,12.369592226933,56871,J0750+1231,0.94812887907028,88500,AP-N902-F303,0,0,0,0
25-SEP-2026,12.372925591749,56871,J0750+1231,0.94803339242935,88500,AP-N901-F303,0,0,0,0
25-SEP-2026,12.372925591749,56871,J0750+1231,0.94803339242935,88500,AP-N902-F303,0,0,0,0
25-SEP-2026,12.376258958835,56871,J0750+1231,0.94793671369553,88500,AP-N901-F303,0,0,0,0
25-SEP-2026,12.376258958835,56871,J0750+1231,0.94793671369553,88500,AP-N902-F303,0,0,0,0
25-SEP-2026,12.379592326095,56871,J0750+1231,0.94783902168274,88500,AP-N901-F303,0,0,0,0
25-SEP-2026,12.379592326095,56871,J0750+1231,0.94783902168274,88500,AP-N902-F303,0,0,0,0
25-SEP-2026,12.383203472942,56871,J0750+1231,0.94773161411285,88500,AP-N901-F303,0,0,0,0
25-SEP-2026,12.383203472942,56871,J0750+1231,0.94773161411285,88500,AP-N902-F303,0,0,0,0
25-SEP-2026,12.386814619789,56871,J0750+1231,0.94762301445007,88500,AP-N901-F303,0,0,0,0
25-SEP-2026,12.386814619789,56871,J0750+1231,0.94762301445007,88500,AP-N902-F303,0,0,0,0
25-SEP-2026,12.420981626613,56878,J0739+0137,1.1224009990692,88500,AP-N901-F303,0.015088956803083,0.015088956803083,73.663764953613,276.45001220703
25-SEP-2026,12.420981626613,56878,J0739+0137,1.1224009990692,88500,AP-N902-F303,0.015088956803083,0.015088956803083,72.559860229492,276.45001220703
25-SEP-2026,12.424314989158,56878,J0739+0137,1.1221505403519,88500,AP-N901-F303,0.015088956803083,0.015088956803083,73.663764953613,276.45001220703
25-SEP-2026,12.424314989158,56878,J0739+0137,1.1221505403519,88500,AP-N902-F303,0.015088956803083,0.015088956803083,72.559860229492,276.45001220703
25-SEP-2026,12.427926136354,56878,J0739+0137,1.1218776702881,88500,AP-N901-F303,0.015088956803083,0.015088956803083,73.663764953613,276.45001220703
25-SEP-2026,12.427926136354,56878,J0739+0137,1.1218776702881,88500,AP-N902-F303,0.015088956803083,0.015088956803083,72.559860229492,276.45001220703
25-SEP-2026,12.431259502916,56878,J0739+0137,1.1216242313385,88500,AP-N901-F303,0.015088956803083,0.015088956803083,73.663764953613,276.45001220703
25-SEP-2026,12.431259502916,56878,J0739+0137,1.1216242313385,88500,AP-N902-F303,0.015088956803083,0.015088956803083,72.559860229492,276.45001220703
25-SEP-2026,12.434870653081,56878,J0739+0137,1.1213479042053,88500,AP-N901-F303,0.015088956803083,0.015088956803083,73.663764953613,276.45001220703
25-SEP-2026,12.434870653081,56878,J0739+0137,1.1213479042053,88500,AP-N902-F303,0.015088956803083,0.015088956803083,72.559860229492,276.45001220703
25-SEP-2026,12.438481797309,56878,J0739+0137,1.1210699081421,88500,AP-N901-F303,0.015088956803083,0.015088956803083,73.663764953613,276.45001220703
25-SEP-2026,12.438481797309,56878,J0739+0137,1.1210699081421,88500,AP-N902-F303,0.015088956803083,0.015088956803083,72.559860229492,276.45001220703
25-SEP-2026,12.441815164744,56878,J0739+0137,1.1208118200302,88500,AP-N901-F303,0.015088956803083,0.015088956803083,73.663764953613,276.45001220703
25-SEP-2026,12.441815164744,56878,J0739+0137,1.1208118200302,88500,AP-N902-F303,0.015088956803083,0.015088956803083,72.559860229492,276.45001220703
25-SEP-2026,12.445426311241,56878,J0739+0137,1.1205306053162,88500,AP-N901-F303,0.015088956803083,0.015088956803083,73.663764953613,276.45001220703
25-SEP-2026,12.445426311241,56878,J0739+0137,1.1205306053162,88500,AP-N902-F303,0.015088956803083,0.015088956803083,72.559860229492,276.45001220703
25-SEP-2026,12.449037458088,56878,J0739+0137,1.1202476024628,88500,AP-N901-F303,0.015088956803083,0.015088956803083,73.663764953613,276.45001220703
25-SEP-2026,12.449037458088,56878,J0739+0137,1.1202476024628,88500,AP-N902-F303,0.015088956803083,0.015088956803083,72.559860229492,276.45001220703
25-SEP-2026,12.452370822729,56878,J0739+0137,1.1199847459793,88500,AP-N901-F303,0.015088956803083,0.015088956803083,73.663764953613,276.45001220703
25-SEP-2026,12.452370822729,56878,J0739+0137,1.1199847459793,88500,AP-N902-F303,0.015088956803083,0.015088956803083,72.559860229492,276.45001220703
25-SEP-2026,12.45570418964,56878,J0739+0137,1.1197205781937,88500,AP-N901-F303,0.015088956803083,0.015088956803083,73.663764953613,276.45001220703
25-SEP-2026,12.45570418964,56878,J0739+0137,1.1197205781937,88500,AP-N902-F303,0.015088956803083,0.015088956803083,72.559860229492,276.45001220703
25-SEP-2026,12.459315336837,56878,J0739+0137,1.1194326877594,88500,AP-N901-F303,0.015088956803083,0.015088956803083,73.663764953613,276.45001220703
25-SEP-2026,12.459315336837,56878,J0739+0137,1.1194326877594,88500,AP-N902-F303,0.015088956803083,0.015088956803083,72.559860229492,276.45001220703
25-SEP-2026,12.462648700954,56878,J0739+0137,1.1191654205322,88500,AP-N901-F303,0.015088956803083,0.015088956803083,73.663764953613,276.45001220703
25-SEP-2026,12.462648700954,56878,J0739+0137,1.1191654205322,88500,AP-N902-F303,0.015088956803083,0.015088956803083,72.559860229492,276.45001220703
25-SEP-2026,12.465982068913,56878,J0739+0137,1.1188967227936,88500,AP-N901-F303,0.015088956803083,0.015088956803083,73.663764953613,276.45001220703
25-SEP-2026,12.465982068913,56878,J0739+0137,1.1188967227936,88500,AP-N902-F303,0.015088956803083,0.015088956803083,72.559860229492,276.45001220703
25-SEP-2026,12.469593215934,56878,J0739+0137,1.118604183197,88500,AP-N901-F303,0.015088956803083,0.015088956803083,73.663764953613,276.45001220703
25-SEP-2026,12.469593215934,56878,J0739+0137,1.118604183197,88500,AP-N902-F303,0.015088956803083,0.015088956803083,72.559860229492,276.45001220703
25-SEP-2026,12.472926584766,56878,J0739+0137,1.1183323860168,88500,AP-N901-F303,0.015088956803083,0.015088956803083,73.663764953613,276.45001220703
25-SEP-2026,12.472926584766,56878,J0739+0137,1.1183323860168,88500,AP-N902-F303,0.015088956803083,0.015088956803083,72.559860229492,276.45001220703
25-SEP-2026,12.476537727946,56878,J0739+0137,1.1180365085602,88500,AP-N901-F303,0.015088956803083,0.015088956803083,73.663764953613,276.45001220703
25-SEP-2026,12.476537727946,56878,J0739+0137,1.1180365085602,88500,AP-N902-F303,0.015088956803083,0.015088956803083,72.559860229492,276.45001220703
25-SEP-2026,12.479871093111,56878,J0739+0137,1.1177618503571,88500,AP-N901-F303,0.015088956803083,0.015088956803083,73.663764953613,276.45001220703
25-SEP-2026,12.479871093111,56878,J0739+0137,1.1177618503571,88500,AP-N902-F303,0.015088956803083,0.015088956803083,72.559860229492,276.45001220703
25-SEP-2026,12.483204462292,56878,J0739+0137,1.1174857616425,88500,AP-N901-F303,0.015088956803083,0.015088956803083,73.663764953613,276.45001220703
25-SEP-2026,12.483204462292,56878,J0739+0137,1.1174857616425,88500,AP-N902-F303,0.015088956803083,0.015088956803083,72.559860229492,276.45001220703
25-SEP-2026,12.486537827283,56878,J0739+0137,1.1172081232071,88500,AP-N901-F303,0.015088956803083,0.015088956803083,73.663764953613,276.45001220703
25-SEP-2026,12.486537827283,56878,J0739+0137,1.1172081232071,88500,AP-N902-F303,0.015088956803083,0.015088956803083,72.559860229492,276.45001220703
25-SEP-2026,12.489871194019,56878,J0739+0137,1.1169291734695,88500,AP-N901-F303,0.015088956803083,0.015088956803083,73.663764953613,276.45001220703
25-SEP-2026,12.489871194019,56878,J0739+0137,1.1169291734695,88500,AP-N902-F303,0.015088956803083,0.015088956803083,72.559860229492,276.45001220703
25-SEP-2026,12.49320456128,56878,J0739+0137,1.1166487932205,88500,AP-N901-F303,0.015088956803083,0.015088956803083,73.663764953613,276.45001220703
25-SEP-2026,12.49320456128,56878,J0739+0137,1.1166487932205,88500,AP-N902-F303,0.015088956803083,0.015088956803083,72.559860229492,276.45001220703
25-SEP-2026,12.49653792627,56878,J0739+0137,1.1163668632507,88500,AP-N901-F303,0.015088956803083,0.015088956803083,73.663764953613,276.45001220703
25-SEP-2026,12.49653792627,56878,J0739+0137,1.1163668632507,88500,AP-N902-F303,0.015088956803083,0.015088956803083,72.559860229492,276.45001220703
25-SEP-2026,12.499871295277,56878,J0739+0137,1.1160836219788,88500,AP-N901-F303,0.015088956803083,0.015088956803083,73.663764953613,276.45001220703
25-SEP-2026,12.499871295277,56878,J0739+0137,1.1160836219788,88500,AP-N902-F303,0.015088956803083,0.015088956803083,72.559860229492,276.45001220703
25-SEP-2026,12.503204660791,56878,J0739+0137,1.1157989501953,88500,AP-N901-F303,0.015088956803083,0.015088956803083,73.663764953613,276.45001220703
25-SEP-2026,12.503204660791,56878,J0739+0137,1.1157989501953,88500,AP-N902-F303,0.015088956803083,0.015088956803083,72.559860229492,276.45001220703
25-SEP-2026,12.506538023511,56878,J0739+0137,1.1155128479004,88500,AP-N901-F303,0.015088956803083,0.015088956803083,73.663764953613,276.45001220703
25-SEP-2026,12.506538023511,56878,J0739+0137,1.1155128479004,88500,AP-N902-F303,0.015088956803083,0.015088956803083,72.559860229492,276.45001220703
25-SEP-2026,12.509871392693,56878,J0739+0137,1.115225315094,88500,AP-N901-F303,0.015088956803083,0.015088956803083,73.663764953613,276.45001220703
25-SEP-2026,12.509871392693,56878,J0739+0137,1.115225315094,88500,AP-N902-F303,0.015088956803083,0.015088956803083,72.559860229492,276.45001220703
25-SEP-2026,12.513204757683,56878,J0739+0137,1.1149363517761,88500,AP-N901-F303,0.015088956803083,0.015088956803083,73.663764953613,276.45001220703
25-SEP-2026,12.513204757683,56878,J0739+0137,1.1149363517761,88500,AP-N902-F303,0.015088956803083,0.015088956803083,72.559860229492,276.45001220703
25-SEP-2026,12.516538124245,56878,J0739+0137,1.1146460771561,88500,AP-N901-F303,0.015088956803083,0.015088956803083,73.663764953613,276.45001220703
25-SEP-2026,12.516538124245,56878,J0739+0137,1.1146460771561,88500,AP-N902-F303,0.015088956803083,0.015088956803083,72.559860229492,276.45001220703
25-SEP-2026,12.519871491505,56878,J0739+0137,1.1143543720245,88500,AP-N901-F303,0.015088956803083,0.015088956803083,73.663764953613,276.45001220703
25-SEP-2026,12.519871491505,56878,J0739+0137,1.1143543720245,88500,AP-N902-F303,0.015088956803083,0.015088956803083,72.559860229492,276.45001220703
25-SEP-2026,12.523204856321,56878,J0739+0137,1.1140611171722,88500,AP-N901-F303,0.015088956803083,0.015088956803083,73.663764953613,276.45001220703
25-SEP-2026,12.523204856321,56878,J0739+0137,1.1140611171722,88500,AP-N902-F303,0.015088956803083,0.015088956803083,72.559860229492,276.45001220703
25-SEP-2026,12.526816008232,56878,J0739+0137,1.1137419939041,88500,AP-N901-F303,0.015088956803083,0.015088956803083,73.663764953613,276.45001220703
25-SEP-2026,12.526816008232,56878,J0739+0137,1.1137419939041,88500,AP-N902-F303,0.015088956803083,0.015088956803083,72.559860229492,276.45001220703
25-SEP-2026,1.2597214644392,56299,J2203+3145,0.57564181089401,88500,AP-N901-F303,0,0,0,0
25-SEP-2026,1.2597214644392,56299,J2203+3145,0.57564181089401,88500,AP-N902-F303,0,0,0,0
25-SEP-2026,1.2630548268102,56299,J2203+3145,0.57586789131165,88500,AP-N901-F303,0,0,0,0
25-SEP-2026,1.2630548268102,56299,J2203+3145,0.57586789131165,88500,AP-N902-F303,0,0,0,0
25-SEP-2026,12.653761702854,56883,J0750+1231,0.93587589263916,88500,AP-N901-F303,0.015107429586351,0.015107429586351,75.081283569336,276.04998779297
25-SEP-2026,12.653761702854,56883,J0750+1231,0.93587589263916,88500,AP-N902-F303,0.015107429586351,0.015107429586351,74.337989807129,276.04998779297
25-SEP-2026,1.2663881937214,56299,J2203+3145,0.57609301805496,88500,AP-N901-F303,0,0,0,0
25-SEP-2026,1.2663881937214,56299,J2203+3145,0.57609301805496,88500,AP-N902-F303,0,0,0,0
25-SEP-2026,12.671678546859,56887,J0750+1231,0.93483006954193,88500,AP-N901-F303,0.015107429586351,0.015107429586351,75.081283569336,276.04998779297
25-SEP-2026,12.671678546859,56887,J0750+1231,0.93483006954193,88500,AP-N902-F303,0.015107429586351,0.015107429586351,74.337989807129,276.04998779297
25-SEP-2026,12.675150803127,56887,J0750+1231,0.93462377786636,88500,AP-N901-F303,0.015107429586351,0.015107429586351,75.081283569336,276.04998779297
25-SEP-2026,12.675150803127,56887,J0750+1231,0.93462377786636,88500,AP-N902-F303,0.015107429586351,0.015107429586351,74.337989807129,276.04998779297
25-SEP-2026,12.678484170038,56887,J0750+1231,0.93442463874817,88500,AP-N901-F303,0.015107429586351,0.015107429586351,75.081283569336,276.04998779297
25-SEP-2026,12.678484170038,56887,J0750+1231,0.93442463874817,88500,AP-N902-F303,0.015107429586351,0.015107429586351,74.337989807129,276.04998779297
25-SEP-2026,12.681817537298,56887,J0750+1231,0.93422436714172,88500,AP-N901-F303,0.015107429586351,0.015107429586351,75.081283569336,276.04998779297
25-SEP-2026,12.681817537298,56887,J0750+1231,0.93422436714172,88500,AP-N902-F303,0.015107429586351,0.015107429586351,74.337989807129,276.04998779297
25-SEP-2026,12.685150903686,56887,J0750+1231,0.93402290344238,88500,AP-N901-F303,0.015107429586351,0.015107429586351,75.081283569336,276.04998779297
25-SEP-2026,12.685150903686,56887,J0750+1231,0.93402290344238,88500,AP-N902-F303,0.015107429586351,0.015107429586351,74.337989807129,276.04998779297
25-SEP-2026,12.688484271645,56887,J0750+1231,0.93382042646408,88500,AP-N901-F303,0.015107429586351,0.015107429586351,75.081283569336,276.04998779297
25-SEP-2026,12.688484271645,56887,J0750+1231,0.93382042646408,88500,AP-N902-F303,0.015107429586351,0.015107429586351,74.337989807129,276.04998779297
25-SEP-2026,12.692095415872,56887,J0750+1231,0.93359982967377,88500,AP-N901-F303,0.015107429586351,0.015107429586351,75.081283569336,276.04998779297
25-SEP-2026,12.692095415872,56887,J0750+1231,0.93359982967377,88500,AP-N902-F303,0.015107429586351,0.015107429586351,74.337989807129,276.04998779297
25-SEP-2026,12.695428785228,56887,J0750+1231,0.93339508771896,88500,AP-N901-F303,0.015107429586351,0.015107429586351,75.081283569336,276.04998779297
25-SEP-2026,12.695428785228,56887,J0750+1231,0.93339508771896,88500,AP-N902-F303,0.015107429586351,0.015107429586351,74.337989807129,276.04998779297
25-SEP-2026,1.2697215606326,56299,J2203+3145,0.5763173699379,88500,AP-N901-F303,0,0,0,0
25-SEP-2026,1.2697215606326,56299,J2203+3145,0.5763173699379,88500,AP-N902-F303,0,0,0,0
25-SEP-2026,12.698762150568,56887,J0750+1231,0.93318927288055,88500,AP-N901-F303,0.015107429586351,0.015107429586351,75.081283569336,276.04998779297
25-SEP-2026,12.698762150568,56887,J0750+1231,0.93318927288055,88500,AP-N902-F303,0.015107429586351,0.015107429586351,74.337989807129,276.04998779297
25-SEP-2026,12.702095516082,56887,J0750+1231,0.93298232555389,88500,AP-N901-F303,0.015107429586351,0.015107429586351,75.081283569336,276.04998779297
25-SEP-2026,12.702095516082,56887,J0750+1231,0.93298232555389,88500,AP-N902-F303,0.015107429586351,0.015107429586351,74.337989807129,276.04998779297
25-SEP-2026,12.705428882469,56887,J0750+1231,0.93277442455292,88500,AP-N901-F303,0.015107429586351,0.015107429586351,75.081283569336,276.04998779297
25-SEP-2026,12.705428882469,56887,J0750+1231,0.93277442455292,88500,AP-N902-F303,0.015107429586351,0.015107429586351,74.337989807129,276.04998779297
25-SEP-2026,12.708762247634,56887,J0750+1231,0.93256533145905,88500,AP-N901-F303,0.015107429586351,0.015107429586351,75.081283569336,276.04998779297
25-SEP-2026,12.708762247634,56887,J0750+1231,0.93256533145905,88500,AP-N902-F303,0.015107429586351,0.015107429586351,74.337989807129,276.04998779297
25-SEP-2026,12.712373394831,56887,J0750+1231,0.932337641716,88500,AP-N901-F303,0.015107429586351,0.015107429586351,75.081283569336,276.04998779297
25-SEP-2026,12.712373394831,56887,J0750+1231,0.932337641716,88500,AP-N902-F303,0.015107429586351,0.015107429586351,74.337989807129,276.04998779297
25-SEP-2026,12.715706761392,56887,J0750+1231,0.93212634325027,88500,AP-N901-F303,0.015107429586351,0.015107429586351,75.081283569336,276.04998779297
25-SEP-2026,12.715706761392,56887,J0750+1231,0.93212634325027,88500,AP-N902-F303,0.015107429586351,0.015107429586351,74.337989807129,276.04998779297
25-SEP-2026,1.2730549271946,56299,J2203+3145,0.57654112577438,88500,AP-N901-F303,0,0,0,0
25-SEP-2026,1.2730549271946,56299,J2203+3145,0.57654112577438,88500,AP-N902-F303,0,0,0,0
25-SEP-2026,12.754734926607,56894,J0739+0137,1.0904276371002,88500,AP-N901-F303,0.015052642673254,0.015052642673254,74.055786132813,276.54998779297
25-SEP-2026,12.754734926607,56894,J0739+0137,1.0904276371002,88500,AP-N902-F303,0.015052642673254,0.015052642673254,72.974021911621,276.54998779297
25-SEP-2026,12.758207183573,56894,J0739+0137,1.0900262594223,88500,AP-N901-F303,0.015052642673254,0.015052642673254,74.055786132813,276.54998779297
25-SEP-2026,12.758207183573,56894,J0739+0137,1.0900262594223,88500,AP-N902-F303,0.015052642673254,0.015052642673254,72.974021911621,276.54998779297
25-SEP-2026,12.761818330769,56894,J0739+0137,1.0896077156067,88500,AP-N901-F303,0.015052642673254,0.015052642673254,74.055786132813,276.54998779297
25-SEP-2026,12.761818330769,56894,J0739+0137,1.0896077156067,88500,AP-N902-F303,0.015052642673254,0.015052642673254,72.974021911621,276.54998779297
25-SEP-2026,1.2763882925342,56299,J2203+3145,0.57676422595978,88500,AP-N901-F303,0,0,0,0
25-SEP-2026,1.2763882925342,56299,J2203+3145,0.57676422595978,88500,AP-N902-F303,0,0,0,0
25-SEP-2026,12.765429477791,56894,J0739+0137,1.0891877412796,88500,AP-N901-F303,0.015052642673254,0.015052642673254,74.055786132813,276.54998779297
25-SEP-2026,12.765429477791,56894,J0739+0137,1.0891877412796,88500,AP-N902-F303,0.015052642673254,0.015052642673254,72.974021911621,276.54998779297
25-SEP-2026,12.768762844702,56894,J0739+0137,1.0887988805771,88500,AP-N901-F303,0.015052642673254,0.015052642673254,74.055786132813,276.54998779297
25-SEP-2026,12.768762844702,56894,J0739+0137,1.0887988805771,88500,AP-N902-F303,0.015052642673254,0.015052642673254,72.974021911621,276.54998779297
25-SEP-2026,12.772096209692,56894,J0739+0137,1.088408946991,88500,AP-N901-F303,0.015052642673254,0.015052642673254,74.055786132813,276.54998779297
25-SEP-2026,12.772096209692,56894,J0739+0137,1.088408946991,88500,AP-N902-F303,0.015052642673254,0.015052642673254,72.974021911621,276.54998779297
25-SEP-2026,12.77542957608,56894,J0739+0137,1.0880177021027,88500,AP-N901-F303,0.015052642673254,0.015052642673254,74.055786132813,276.54998779297
25-SEP-2026,12.77542957608,56894,J0739+0137,1.0880177021027,88500,AP-N902-F303,0.015052642673254,0.015052642673254,72.974021911621,276.54998779297
25-SEP-2026,12.77931850618,56894,J0739+0137,1.0875599384308,88500,AP-N901-F303,0.015052642673254,0.015052642673254,74.055786132813,276.54998779297
25-SEP-2026,12.77931850618,56894,J0739+0137,1.0875599384308,88500,AP-N902-F303,0.015052642673254,0.015052642673254,72.974021911621,276.54998779297
25-SEP-2026,12.782651867154,56894,J0739+0137,1.0871661901474,88500,AP-N901-F303,0.015052642673254,0.015052642673254,74.055786132813,276.54998779297
25-SEP-2026,12.782651867154,56894,J0739+0137,1.0871661901474,88500,AP-N902-F303,0.015052642673254,0.015052642673254,72.974021911621,276.54998779297
25-SEP-2026,12.785985235462,56894,J0739+0137,1.0867711305618,88500,AP-N901-F303,0.015052642673254,0.015052642673254,74.055786132813,276.54998779297
25-SEP-2026,12.785985235462,56894,J0739+0137,1.0867711305618,88500,AP-N902-F303,0.015052642673254,0.015052642673254,72.974021911621,276.54998779297
25-SEP-2026,12.789318603072,56894,J0739+0137,1.0863752365112,88500,AP-N901-F303,0.015052642673254,0.015052642673254,74.055786132813,276.54998779297
25-SEP-2026,12.789318603072,56894,J0739+0137,1.0863752365112,88500,AP-N902-F303,0.015052642673254,0.015052642673254,72.974021911621,276.54998779297
25-SEP-2026,12.792651971206,56894,J0739+0137,1.0859777927399,88500,AP-N901-F303,0.015052642673254,0.015052642673254,74.055786132813,276.54998779297
25-SEP-2026,12.792651971206,56894,J0739+0137,1.0859777927399,88500,AP-N902-F303,0.015052642673254,0.015052642673254,72.974021911621,276.54998779297
25-SEP-2026,12.795985335148,56894,J0739+0137,1.0855793952942,88500,AP-N901-F303,0.015052642673254,0.015052642673254,74.055786132813,276.54998779297
25-SEP-2026,12.795985335148,56894,J0739+0137,1.0855793952942,88500,AP-N902-F303,0.015052642673254,0.015052642673254,72.974021911621,276.54998779297
25-SEP-2026,1.2797216627633,56299,J2203+3145,0.57698667049408,88500,AP-N901-F303,0,0,0,0
25-SEP-2026,1.2797216627633,56299,J2203+3145,0.57698667049408,88500,AP-N902-F303,0,0,0,0
25-SEP-2026,12.799318705377,56894,J0739+0137,1.0851796865463,88500,AP-N901-F303,0.015052642673254,0.015052642673254,74.055786132813,276.54998779297
25-SEP-2026,12.799318705377,56894,J0739+0137,1.0851796865463,88500,AP-N902-F303,0.015052642673254,0.015052642673254,72.974021911621,276.54998779297
25-SEP-2026,12.80292984943,56894,J0739+0137,1.0847454071045,88500,AP-N901-F303,0.015052642673254,0.015052642673254,74.055786132813,276.54998779297
25-SEP-2026,12.80292984943,56894,J0739+0137,1.0847454071045,88500,AP-N902-F303,0.015052642673254,0.015052642673254,72.974021911621,276.54998779297
25-SEP-2026,12.806263216691,56894,J0739+0137,1.0843433141708,88500,AP-N901-F303,0.015052642673254,0.015052642673254,74.055786132813,276.54998779297
25-SEP-2026,12.806263216691,56894,J0739+0137,1.0843433141708,88500,AP-N902-F303,0.015052642673254,0.015052642673254,72.974021911621,276.54998779297
25-SEP-2026,12.80959658011,56894,J0739+0137,1.0839401483536,88500,AP-N901-F303,0.015052642673254,0.015052642673254,74.055786132813,276.54998779297
25-SEP-2026,12.80959658011,56894,J0739+0137,1.0839401483536,88500,AP-N902-F303,0.015052642673254,0.015052642673254,72.974021911621,276.54998779297
25-SEP-2026,12.813207730274,56894,J0739+0137,1.0835021734238,88500,AP-N901-F303,0.015052642673254,0.015052642673254,74.055786132813,276.54998779297
25-SEP-2026,12.813207730274,56894,J0739+0137,1.0835021734238,88500,AP-N902-F303,0.015052642673254,0.015052642673254,72.974021911621,276.54998779297
25-SEP-2026,12.816818874851,56894,J0739+0137,1.0830625295639,88500,AP-N901-F303,0.015052642673254,0.015052642673254,74.055786132813,276.54998779297
25-SEP-2026,12.816818874851,56894,J0739+0137,1.0830625295639,88500,AP-N902-F303,0.015052642673254,0.015052642673254,72.974021911621,276.54998779297
25-SEP-2026,12.820430022047,56894,J0739+0137,1.0826215744019,88500,AP-N901-F303,0.015052642673254,0.015052642673254,74.055786132813,276.54998779297
25-SEP-2026,12.820430022047,56894,J0739+0137,1.0826215744019,88500,AP-N902-F303,0.015052642673254,0.015052642673254,72.974021911621,276.54998779297
25-SEP-2026,12.823763388784,56894,J0739+0137,1.082213640213,88500,AP-N901-F303,0.015052642673254,0.015052642673254,74.055786132813,276.54998779297
25-SEP-2026,12.823763388784,56894,J0739+0137,1.082213640213,88500,AP-N902-F303,0.015052642673254,0.015052642673254,72.974021911621,276.54998779297
25-SEP-2026,12.827096753076,56894,J0739+0137,1.0818042755127,88500,AP-N901-F303,0.015052642673254,0.015052642673254,74.055786132813,276.54998779297
25-SEP-2026,12.827096753076,56894,J0739+0137,1.0818042755127,88500,AP-N902-F303,0.015052642673254,0.015052642673254,72.974021911621,276.54998779297
25-SEP-2026,12.830430121209,56894,J0739+0137,1.0813940763474,88500,AP-N901-F303,0.015052642673254,0.015052642673254,74.055786132813,276.54998779297
25-SEP-2026,12.830430121209,56894,J0739+0137,1.0813940763474,88500,AP-N902-F303,0.015052642673254,0.015052642673254,72.974021911621,276.54998779297
25-SEP-2026,1.2830550288014,56299,J2203+3145,0.57720839977264,88500,AP-N901-F303,0,0,0,0
25-SEP-2026,1.2830550288014,56299,J2203+3145,0.57720839977264,88500,AP-N902-F303,0,0,0,0
25-SEP-2026,12.834041268231,56894,J0739+0137,1.0809479951859,88500,AP-N901-F303,0.015052642673254,0.015052642673254,74.055786132813,276.54998779297
25-SEP-2026,12.834041268231,56894,J0739+0137,1.0809479951859,88500,AP-N902-F303,0.015052642673254,0.015052642673254,72.974021911621,276.54998779297
25-SEP-2026,12.837374637063,56894,J0739+0137,1.0805352926254,88500,AP-N901-F303,0.015052642673254,0.015052642673254,74.055786132813,276.54998779297
25-SEP-2026,12.837374637063,56894,J0739+0137,1.0805352926254,88500,AP-N902-F303,0.015052642673254,0.015052642673254,72.974021911621,276.54998779297
25-SEP-2026,12.840708000481,56894,J0739+0137,1.0801213979721,88500,AP-N901-F303,0.015052642673254,0.015052642673254,74.055786132813,276.54998779297
25-SEP-2026,12.840708000481,56894,J0739+0137,1.0801213979721,88500,AP-N902-F303,0.015052642673254,0.015052642673254,72.974021911621,276.54998779297
25-SEP-2026,12.844319145233,56894,J0739+0137,1.0796716213226,88500,AP-N901-F303,0.015052642673254,0.015052642673254,74.055786132813,276.54998779297
25-SEP-2026,12.844319145233,56894,J0739+0137,1.0796716213226,88500,AP-N902-F303,0.015052642673254,0.015052642673254,72.974021911621,276.54998779297
25-SEP-2026,12.847652514763,56894,J0739+0137,1.0792554616928,88500,AP-N901-F303,0.015052642673254,0.015052642673254,74.055786132813,276.54998779297
25-SEP-2026,12.847652514763,56894,J0739+0137,1.0792554616928,88500,AP-N902-F303,0.015052642673254,0.015052642673254,72.974021911621,276.54998779297
25-SEP-2026,12.850985879579,56894,J0739+0137,1.0788381099701,88500,AP-N901-F303,0.015052642673254,0.015052642673254,74.055786132813,276.54998779297
25-SEP-2026,12.850985879579,56894,J0739+0137,1.0788381099701,88500,AP-N902-F303,0.015052642673254,0.015052642673254,72.974021911621,276.54998779297
25-SEP-2026,12.85459702695,56894,J0739+0137,1.0783846378326,88500,AP-N901-F303,0.015052642673254,0.015052642673254,74.055786132813,276.54998779297
25-SEP-2026,12.85459702695,56894,J0739+0137,1.0783846378326,88500,AP-N902-F303,0.015052642673254,0.015052642673254,72.974021911621,276.54998779297
25-SEP-2026,12.857930393512,56894,J0739+0137,1.0779650211334,88500,AP-N901-F303,0.015052642673254,0.015052642673254,74.055786132813,276.54998779297
25-SEP-2026,12.857930393512,56894,J0739+0137,1.0779650211334,88500,AP-N902-F303,0.015052642673254,0.015052642673254,72.974021911621,276.54998779297
25-SEP-2026,12.861263760598,56894,J0739+0137,1.0775442123413,88500,AP-N901-F303,0.015052642673254,0.015052642673254,74.055786132813,276.54998779297
25-SEP-2026,12.861263760598,56894,J0739+0137,1.0775442123413,88500,AP-N902-F303,0.015052642673254,0.015052642673254,72.974021911621,276.54998779297
25-SEP-2026,1.2866661744259,56299,J2203+3145,0.57744789123535,88500,AP-N901-F303,0,0,0,0
25-SEP-2026,1.2866661744259,56299,J2203+3145,0.57744789123535,88500,AP-N902-F303,0,0,0,0
25-SEP-2026,1.2902773226697,56299,J2203+3145,0.57768672704697,88500,AP-N901-F303,0,0,0,0
25-SEP-2026,1.2902773226697,56299,J2203+3145,0.57768672704697,88500,AP-N902-F303,0,0,0,0
25-SEP-2026,1.2941662506746,56299,J2203+3145,0.57794296741486,88500,AP-N901-F303,0,0,0,0
25-SEP-2026,1.2941662506746,56299,J2203+3145,0.57794296741486,88500,AP-N902-F303,0,0,0,0
25-SEP-2026,1.2977773978707,56299,J2203+3145,0.57818019390106,88500,AP-N901-F303,0,0,0,0
25-SEP-2026,1.2977773978707,56299,J2203+3145,0.57818019390106,88500,AP-N902-F303,0,0,0,0
25-SEP-2026,12.987515014723,56899,J0750+1231,0.91136717796326,88500,AP-N901-F303,0.014822944998741,0.014822944998741,76.007232666016,277.85000610352
25-SEP-2026,12.987515014723,56899,J0750+1231,0.91136717796326,88500,AP-N902-F303,0.014822944998741,0.014822944998741,75.003700256348,277.85000610352
25-SEP-2026,13.004598510015,56903,J0750+1231,0.90983748435974,88500,AP-N901-F303,0.014822944998741,0.014822944998741,76.007232666016,277.85000610352
25-SEP-2026,13.004598510015,56903,J0750+1231,0.90983748435974,88500,AP-N902-F303,0.014822944998741,0.014822944998741,75.003700256348,277.85000610352
25-SEP-2026,13.008209658608,56903,J0750+1231,0.90951085090637,88500,AP-N901-F303,0.014822944998741,0.014822944998741,76.007232666016,277.85000610352
25-SEP-2026,13.008209658608,56903,J0750+1231,0.90951085090637,88500,AP-N902-F303,0.014822944998741,0.014822944998741,75.003700256348,277.85000610352
25-SEP-2026,1.3011107668774,56299,J2203+3145,0.57839840650558,88500,AP-N901-F303,0,0,0,0
25-SEP-2026,1.3011107668774,56299,J2203+3145,0.57839840650558,88500,AP-N902-F303,0,0,0,0
25-SEP-2026,13.011820805455,56903,J0750+1231,0.9091831445694,88500,AP-N901-F303,0.014822944998741,0.014822944998741,76.007232666016,277.85000610352
25-SEP-2026,13.011820805455,56903,J0750+1231,0.9091831445694,88500,AP-N902-F303,0.014822944998741,0.014822944998741,75.003700256348,277.85000610352
25-SEP-2026,13.015431954397,56903,J0750+1231,0.90885418653488,88500,AP-N901-F303,0.014822944998741,0.014822944998741,76.007232666016,277.85000610352
25-SEP-2026,13.015431954397,56903,J0750+1231,0.90885418653488,88500,AP-N902-F303,0.014822944998741,0.014822944998741,75.003700256348,277.85000610352
25-SEP-2026,13.018765322705,56903,J0750+1231,0.90854954719543,88500,AP-N901-F303,0.014822944998741,0.014822944998741,76.007232666016,277.85000610352
25-SEP-2026,13.018765322705,56903,J0750+1231,0.90854954719543,88500,AP-N902-F303,0.014822944998741,0.014822944998741,75.003700256348,277.85000610352
25-SEP-2026,13.022376465536,56903,J0750+1231,0.90821850299835,88500,AP-N901-F303,0.014822944998741,0.014822944998741,76.007232666016,277.85000610352
25-SEP-2026,13.022376465536,56903,J0750+1231,0.90821850299835,88500,AP-N902-F303,0.014822944998741,0.014822944998741,75.003700256348,277.85000610352
25-SEP-2026,13.02598761378,56903,J0750+1231,0.90788632631302,88500,AP-N901-F303,0.014822944998741,0.014822944998741,76.007232666016,277.85000610352
25-SEP-2026,13.02598761378,56903,J0750+1231,0.90788632631302,88500,AP-N902-F303,0.014822944998741,0.014822944998741,75.003700256348,277.85000610352
25-SEP-2026,13.029598760976,56903,J0750+1231,0.90755301713943,88500,AP-N901-F303,0.014822944998741,0.014822944998741,76.007232666016,277.85000610352
25-SEP-2026,13.029598760976,56903,J0750+1231,0.90755301713943,88500,AP-N902-F303,0.014822944998741,0.014822944998741,75.003700256348,277.85000610352
25-SEP-2026,13.033209909744,56903,J0750+1231,0.90721845626831,88500,AP-N901-F303,0.014822944998741,0.014822944998741,76.007232666016,277.85000610352
25-SEP-2026,13.033209909744,56903,J0750+1231,0.90721845626831,88500,AP-N902-F303,0.014822944998741,0.014822944998741,75.003700256348,277.85000610352
25-SEP-2026,13.036821055019,56903,J0750+1231,0.90688288211823,88500,AP-N901-F303,0.014822944998741,0.014822944998741,76.007232666016,277.85000610352
25-SEP-2026,13.036821055019,56903,J0750+1231,0.90688288211823,88500,AP-N902-F303,0.014822944998741,0.014822944998741,75.003700256348,277.85000610352
25-SEP-2026,13.040154420882,56903,J0750+1231,0.90657216310501,88500,AP-N901-F303,0.014822944998741,0.014822944998741,76.007232666016,277.85000610352
25-SEP-2026,13.040154420882,56903,J0750+1231,0.90657216310501,88500,AP-N902-F303,0.014822944998741,0.014822944998741,75.003700256348,277.85000610352
25-SEP-2026,13.043765569301,56903,J0750+1231,0.90623438358307,88500,AP-N901-F303,0.014822944998741,0.014822944998741,76.007232666016,277.85000610352
25-SEP-2026,13.043765569301,56903,J0750+1231,0.90623438358307,88500,AP-N902-F303,0.014822944998741,0.014822944998741,75.003700256348,277.85000610352
25-SEP-2026,1.3047219121527,56299,J2203+3145,0.57863408327103,88500,AP-N901-F303,0,0,0,0
25-SEP-2026,1.3047219121527,56299,J2203+3145,0.57863408327103,88500,AP-N902-F303,0,0,0,0
25-SEP-2026,13.047376716497,56903,J0750+1231,0.90589541196823,88500,AP-N901-F303,0.014822944998741,0.014822944998741,76.007232666016,277.85000610352
25-SEP-2026,13.047376716497,56903,J0750+1231,0.90589541196823,88500,AP-N902-F303,0.014822944998741,0.014822944998741,75.003700256348,277.85000610352
25-SEP-2026,13.05098786509,56903,J0750+1231,0.90555542707443,88500,AP-N901-F303,0.014822944998741,0.014822944998741,76.007232666016,277.85000610352
25-SEP-2026,13.05098786509,56903,J0750+1231,0.90555542707443,88500,AP-N902-F303,0.014822944998741,0.014822944998741,75.003700256348,277.85000610352
25-SEP-2026,1.3080552781908,56299,J2203+3145,0.57885092496872,88500,AP-N901-F303,0,0,0,0
25-SEP-2026,1.3080552781908,56299,J2203+3145,0.57885092496872,88500,AP-N902-F303,0,0,0,0
25-SEP-2026,13.088210455048,56910,J0739+0137,1.0464283227921,88500,AP-N901-F303,0.014919705688953,0.014919705688953,74.02294921875,277.95001220703
25-SEP-2026,13.088210455048,56910,J0739+0137,1.0464283227921,88500,AP-N902-F303,0.014919705688953,0.014919705688953,73.270248413086,277.95001220703
25-SEP-2026,13.091821602069,56910,J0739+0137,1.0458962917328,88500,AP-N901-F303,0.014919705688953,0.014919705688953,74.02294921875,277.95001220703
25-SEP-2026,13.091821602069,56910,J0739+0137,1.0458962917328,88500,AP-N902-F303,0.014919705688953,0.014919705688953,73.270248413086,277.95001220703
25-SEP-2026,13.095154970727,56910,J0739+0137,1.0454043149948,88500,AP-N901-F303,0.014919705688953,0.014919705688953,74.02294921875,277.95001220703
25-SEP-2026,13.095154970727,56910,J0739+0137,1.0454043149948,88500,AP-N902-F303,0.014919705688953,0.014919705688953,73.270248413086,277.95001220703
25-SEP-2026,13.098766116526,56910,J0739+0137,1.0448702573776,88500,AP-N901-F303,0.014919705688953,0.014919705688953,74.02294921875,277.95001220703
25-SEP-2026,13.098766116526,56910,J0739+0137,1.0448702573776,88500,AP-N902-F303,0.014919705688953,0.014919705688953,73.270248413086,277.95001220703
25-SEP-2026,13.102099479071,56910,J0739+0137,1.044376373291,88500,AP-N901-F303,0.014919705688953,0.014919705688953,74.02294921875,277.95001220703
25-SEP-2026,13.102099479071,56910,J0739+0137,1.044376373291,88500,AP-N902-F303,0.014919705688953,0.014919705688953,73.270248413086,277.95001220703
25-SEP-2026,13.105432848253,56910,J0739+0137,1.0438815355301,88500,AP-N901-F303,0.014919705688953,0.014919705688953,74.02294921875,277.95001220703
25-SEP-2026,13.105432848253,56910,J0739+0137,1.0438815355301,88500,AP-N902-F303,0.014919705688953,0.014919705688953,73.270248413086,277.95001220703
25-SEP-2026,13.109043995623,56910,J0739+0137,1.0433443784714,88500,AP-N901-F303,0.014919705688953,0.014919705688953,74.02294921875,277.95001220703
25-SEP-2026,13.109043995623,56910,J0739+0137,1.0433443784714,88500,AP-N902-F303,0.014919705688953,0.014919705688953,73.270248413086,277.95001220703
25-SEP-2026,13.112377360614,56910,J0739+0137,1.0428476333618,88500,AP-N901-F303,0.014919705688953,0.014919705688953,74.02294921875,277.95001220703
25-SEP-2026,13.112377360614,56910,J0739+0137,1.0428476333618,88500,AP-N902-F303,0.014919705688953,0.014919705688953,73.270248413086,277.95001220703
25-SEP-2026,1.3113886496422,56299,J2203+3145,0.57906711101532,88500,AP-N901-F303,0,0,0,0
25-SEP-2026,1.3113886496422,56299,J2203+3145,0.57906711101532,88500,AP-N902-F303,0,0,0,0
25-SEP-2026,13.11571072997,56910,J0739+0137,1.0423499345779,88500,AP-N901-F303,0.014919705688953,0.014919705688953,74.02294921875,277.95001220703
25-SEP-2026,13.11571072997,56910,J0739+0137,1.0423499345779,88500,AP-N902-F303,0.014919705688953,0.014919705688953,73.270248413086,277.95001220703
25-SEP-2026,13.119321874546,56910,J0739+0137,1.041809797287,88500,AP-N901-F303,0.014919705688953,0.014919705688953,74.02294921875,277.95001220703
25-SEP-2026,13.119321874546,56910,J0739+0137,1.041809797287,88500,AP-N902-F303,0.014919705688953,0.014919705688953,73.270248413086,277.95001220703
25-SEP-2026,13.122655241458,56910,J0739+0137,1.0413103103638,88500,AP-N901-F303,0.014919705688953,0.014919705688953,74.02294921875,277.95001220703
25-SEP-2026,13.122655241458,56910,J0739+0137,1.0413103103638,88500,AP-N902-F303,0.014919705688953,0.014919705688953,73.270248413086,277.95001220703
25-SEP-2026,13.125988608543,56910,J0739+0137,1.0408098697662,88500,AP-N901-F303,0.014919705688953,0.014919705688953,74.02294921875,277.95001220703
25-SEP-2026,13.125988608543,56910,J0739+0137,1.0408098697662,88500,AP-N902-F303,0.014919705688953,0.014919705688953,73.270248413086,277.95001220703
25-SEP-2026,13.129321972661,56910,J0739+0137,1.0403084754944,88500,AP-N901-F303,0.014919705688953,0.014919705688953,74.02294921875,277.95001220703
25-SEP-2026,13.129321972661,56910,J0739+0137,1.0403084754944,88500,AP-N902-F303,0.014919705688953,0.014919705688953,73.270248413086,277.95001220703
25-SEP-2026,13.132933120206,56910,J0739+0137,1.0397644042969,88500,AP-N901-F303,0.014919705688953,0.014919705688953,74.02294921875,277.95001220703
25-SEP-2026,13.132933120206,56910,J0739+0137,1.0397644042969,88500,AP-N902-F303,0.014919705688953,0.014919705688953,73.270248413086,277.95001220703
25-SEP-2026,13.136266487816,56910,J0739+0137,1.0392612218857,88500,AP-N901-F303,0.014919705688953,0.014919705688953,74.02294921875,277.95001220703
25-SEP-2026,13.136266487816,56910,J0739+0137,1.0392612218857,88500,AP-N902-F303,0.014919705688953,0.014919705688953,73.270248413086,277.95001220703
25-SEP-2026,13.13987763379,56910,J0739+0137,1.0387151241302,88500,AP-N901-F303,0.014919705688953,0.014919705688953,74.02294921875,277.95001220703
25-SEP-2026,13.13987763379,56910,J0739+0137,1.0387151241302,88500,AP-N902-F303,0.014919705688953,0.014919705688953,73.270248413086,277.95001220703
25-SEP-2026,13.143210999653,56910,J0739+0137,1.0382101535797,88500,AP-N901-F303,0.014919705688953,0.014919705688953,74.02294921875,277.95001220703
25-SEP-2026,13.143210999653,56910,J0739+0137,1.0382101535797,88500,AP-N902-F303,0.014919705688953,0.014919705688953,73.270248413086,277.95001220703
25-SEP-2026,13.146822144928,56910,J0739+0137,1.0376619100571,88500,AP-N901-F303,0.014919705688953,0.014919705688953,74.02294921875,277.95001220703
25-SEP-2026,13.146822144928,56910,J0739+0137,1.0376619100571,88500,AP-N902-F303,0.014919705688953,0.014919705688953,73.270248413086,277.95001220703
25-SEP-2026,1.3149997942189,56299,J2203+3145,0.57930058240891,88500,AP-N901-F303,0,0,0,0
25-SEP-2026,1.3149997942189,56299,J2203+3145,0.57930058240891,88500,AP-N902-F303,0,0,0,0
25-SEP-2026,13.15015551376,56910,J0739+0137,1.0371551513672,88500,AP-N901-F303,0.014919705688953,0.014919705688953,74.02294921875,277.95001220703
25-SEP-2026,13.15015551376,56910,J0739+0137,1.0371551513672,88500,AP-N902-F303,0.014919705688953,0.014919705688953,73.270248413086,277.95001220703
25-SEP-2026,13.153488883989,56910,J0739+0137,1.036647439003,88500,AP-N901-F303,0.014919705688953,0.014919705688953,74.02294921875,277.95001220703
25-SEP-2026,13.153488883989,56910,J0739+0137,1.036647439003,88500,AP-N902-F303,0.014919705688953,0.014919705688953,73.270248413086,277.95001220703
25-SEP-2026,13.157377809026,56910,J0739+0137,1.0360541343689,88500,AP-N901-F303,0.014919705688953,0.014919705688953,74.02294921875,277.95001220703
25-SEP-2026,13.157377809026,56910,J0739+0137,1.0360541343689,88500,AP-N902-F303,0.014919705688953,0.014919705688953,73.270248413086,277.95001220703
25-SEP-2026,13.160711175238,56910,J0739+0137,1.0355443954468,88500,AP-N901-F303,0.014919705688953,0.014919705688953,74.02294921875,277.95001220703
25-SEP-2026,13.160711175238,56910,J0739+0137,1.0355443954468,88500,AP-N902-F303,0.014919705688953,0.014919705688953,73.270248413086,277.95001220703
25-SEP-2026,13.164044540229,56910,J0739+0137,1.0350339412689,88500,AP-N901-F303,0.014919705688953,0.014919705688953,74.02294921875,277.95001220703
25-SEP-2026,13.164044540229,56910,J0739+0137,1.0350339412689,88500,AP-N902-F303,0.014919705688953,0.014919705688953,73.270248413086,277.95001220703
25-SEP-2026,13.167655689346,56910,J0739+0137,1.0344799757004,88500,AP-N901-F303,0.014919705688953,0.014919705688953,74.02294921875,277.95001220703
25-SEP-2026,13.167655689346,56910,J0739+0137,1.0344799757004,88500,AP-N902-F303,0.014919705688953,0.014919705688953,73.270248413086,277.95001220703
25-SEP-2026,13.170989054685,56910,J0739+0137,1.0339676141739,88500,AP-N901-F303,0.014919705688953,0.014919705688953,74.02294921875,277.95001220703
25-SEP-2026,13.170989054685,56910,J0739+0137,1.0339676141739,88500,AP-N902-F303,0.014919705688953,0.014919705688953,73.270248413086,277.95001220703
25-SEP-2026,13.174322421247,56910,J0739+0137,1.0334545373917,88500,AP-N901-F303,0.014919705688953,0.014919705688953,74.02294921875,277.95001220703
25-SEP-2026,13.174322421247,56910,J0739+0137,1.0334545373917,88500,AP-N902-F303,0.014919705688953,0.014919705688953,73.270248413086,277.95001220703
25-SEP-2026,13.177655787984,56910,J0739+0137,1.0329405069351,88500,AP-N901-F303,0.014919705688953,0.014919705688953,74.02294921875,277.95001220703
25-SEP-2026,13.177655787984,56910,J0739+0137,1.0329405069351,88500,AP-N902-F303,0.014919705688953,0.014919705688953,73.270248413086,277.95001220703
25-SEP-2026,13.181266935529,56910,J0739+0137,1.0323827266693,88500,AP-N901-F303,0.014919705688953,0.014919705688953,74.02294921875,277.95001220703
25-SEP-2026,13.181266935529,56910,J0739+0137,1.0323827266693,88500,AP-N902-F303,0.014919705688953,0.014919705688953,73.270248413086,277.95001220703
25-SEP-2026,13.184878079757,56910,J0739+0137,1.0318239927292,88500,AP-N901-F303,0.014919705688953,0.014919705688953,74.02294921875,277.95001220703
25-SEP-2026,13.184878079757,56910,J0739+0137,1.0318239927292,88500,AP-N902-F303,0.014919705688953,0.014919705688953,73.270248413086,277.95001220703
25-SEP-2026,1.3186109422882,56299,J2203+3145,0.57953327894211,88500,AP-N901-F303,0,0,0,0
25-SEP-2026,1.3186109422882,56299,J2203+3145,0.57953327894211,88500,AP-N902-F303,0,0,0,0
25-SEP-2026,13.188211446843,56910,J0739+0137,1.0313073396683,88500,AP-N901-F303,0.014919705688953,0.014919705688953,74.02294921875,277.95001220703
25-SEP-2026,13.188211446843,56910,J0739+0137,1.0313073396683,88500,AP-N902-F303,0.014919705688953,0.014919705688953,73.270248413086,277.95001220703
25-SEP-2026,13.19182259334,56910,J0739+0137,1.0307464599609,88500,AP-N901-F303,0.014919705688953,0.014919705688953,74.02294921875,277.95001220703
25-SEP-2026,13.19182259334,56910,J0739+0137,1.0307464599609,88500,AP-N902-F303,0.014919705688953,0.014919705688953,73.270248413086,277.95001220703
25-SEP-2026,13.195711520996,56910,J0739+0137,1.0301415920258,88500,AP-N901-F303,0.014919705688953,0.014919705688953,74.02294921875,277.95001220703
25-SEP-2026,13.195711520996,56910,J0739+0137,1.0301415920258,88500,AP-N902-F303,0.014919705688953,0.014919705688953,73.270248413086,277.95001220703
25-SEP-2026,1.3222220880873,56299,J2203+3145,0.57976526021957,88500,AP-N901-F303,0,0,0,0
25-SEP-2026,1.3222220880873,56299,J2203+3145,0.57976526021957,88500,AP-N902-F303,0,0,0,0
25-SEP-2026,1.3255554563955,56299,J2203+3145,0.57997864484787,88500,AP-N901-F303,0,0,0,0
25-SEP-2026,1.3255554563955,56299,J2203+3145,0.57997864484787,88500,AP-N902-F303,0,0,0,0
25-SEP-2026,1.3288888254022,56299,J2203+3145,0.58019137382507,88500,AP-N901-F303,0,0,0,0
25-SEP-2026,1.3288888254022,56299,J2203+3145,0.58019137382507,88500,AP-N902-F303,0,0,0,0
25-SEP-2026,13.320851656077,56915,J0750+1231,0.87709760665894,88500,AP-N901-F303,0.015052549540997,0.015052549540997,75.787956237793,277.35000610352
25-SEP-2026,13.320851656077,56915,J0750+1231,0.87709760665894,88500,AP-N902-F303,0.015052549540997,0.015052549540997,74.817070007324,277.35000610352
25-SEP-2026,1.3322221902179,56299,J2203+3145,0.58040350675583,88500,AP-N901-F303,0,0,0,0
25-SEP-2026,1.3322221902179,56299,J2203+3145,0.58040350675583,88500,AP-N902-F303,0,0,0,0
25-SEP-2026,13.337935158354,56919,J0750+1231,0.87510281801224,88500,AP-N901-F303,0.015052549540997,0.015052549540997,75.787956237793,277.35000610352
25-SEP-2026,13.337935158354,56919,J0750+1231,0.87510281801224,88500,AP-N902-F303,0.015052549540997,0.015052549540997,74.817070007324,277.35000610352
25-SEP-2026,13.341268525789,56919,J0750+1231,0.87471109628677,88500,AP-N901-F303,0.015052549540997,0.015052549540997,75.787956237793,277.35000610352
25-SEP-2026,13.341268525789,56919,J0750+1231,0.87471109628677,88500,AP-N902-F303,0.015052549540997,0.015052549540997,74.817070007324,277.35000610352
25-SEP-2026,13.3446018927,56919,J0750+1231,0.8743183016777,88500,AP-N901-F303,0.015052549540997,0.015052549540997,75.787956237793,277.35000610352
25-SEP-2026,13.3446018927,56919,J0750+1231,0.8743183016777,88500,AP-N902-F303,0.015052549540997,0.015052549540997,74.817070007324,277.35000610352
25-SEP-2026,13.347935257516,56919,J0750+1231,0.87392497062683,88500,AP-N901-F303,0.015052549540997,0.015052549540997,75.787956237793,277.35000610352
25-SEP-2026,13.347935257516,56919,J0750+1231,0.87392497062683,88500,AP-N902-F303,0.015052549540997,0.015052549540997,74.817070007324,277.35000610352
25-SEP-2026,13.351268623729,56919,J0750+1231,0.87353044748306,88500,AP-N901-F303,0.015052549540997,0.015052549540997,75.787956237793,277.35000610352
25-SEP-2026,13.351268623729,56919,J0750+1231,0.87353044748306,88500,AP-N902-F303,0.015052549540997,0.015052549540997,74.817070007324,277.35000610352
25-SEP-2026,13.354601992561,56919,J0750+1231,0.87313538789749,88500,AP-N901-F303,0.015052549540997,0.015052549540997,75.787956237793,277.35000610352
25-SEP-2026,13.354601992561,56919,J0750+1231,0.87313538789749,88500,AP-N902-F303,0.015052549540997,0.015052549540997,74.817070007324,277.35000610352
25-SEP-2026,1.3355555571292,56299,J2203+3145,0.58061480522156,88500,AP-N901-F303,0,0,0,0
25-SEP-2026,1.3355555571292,56299,J2203+3145,0.58061480522156,88500,AP-N902-F303,0,0,0,0
25-SEP-2026,13.357935359996,56919,J0750+1231,0.8727393746376,88500,AP-N901-F303,0.015052549540997,0.015052549540997,75.787956237793,277.35000610352
25-SEP-2026,13.357935359996,56919,J0750+1231,0.8727393746376,88500,AP-N902-F303,0.015052549540997,0.015052549540997,74.817070007324,277.35000610352
25-SEP-2026,13.361824287477,56919,J0750+1231,0.87227636575699,88500,AP-N901-F303,0.015052549540997,0.015052549540997,75.787956237793,277.35000610352
25-SEP-2026,13.361824287477,56919,J0750+1231,0.87227636575699,88500,AP-N902-F303,0.015052549540997,0.015052549540997,74.817070007324,277.35000610352
25-SEP-2026,13.365435433451,56919,J0750+1231,0.87184548377991,88500,AP-N901-F303,0.015052549540997,0.015052549540997,75.787956237793,277.35000610352
25-SEP-2026,13.365435433451,56919,J0750+1231,0.87184548377991,88500,AP-N902-F303,0.015052549540997,0.015052549540997,74.817070007324,277.35000610352
25-SEP-2026,13.369046579075,56919,J0750+1231,0.87141352891922,88500,AP-N901-F303,0.015052549540997,0.015052549540997,75.787956237793,277.35000610352
25-SEP-2026,13.369046579075,56919,J0750+1231,0.87141352891922,88500,AP-N902-F303,0.015052549540997,0.015052549540997,74.817070007324,277.35000610352
25-SEP-2026,13.372657727494,56919,J0750+1231,0.87098062038422,88500,AP-N901-F303,0.015052549540997,0.015052549540997,75.787956237793,277.35000610352
25-SEP-2026,13.372657727494,56919,J0750+1231,0.87098062038422,88500,AP-N902-F303,0.015052549540997,0.015052549540997,74.817070007324,277.35000610352
25-SEP-2026,13.376546653927,56919,J0750+1231,0.87051337957382,88500,AP-N901-F303,0.015052549540997,0.015052549540997,75.787956237793,277.35000610352
25-SEP-2026,13.376546653927,56919,J0750+1231,0.87051337957382,88500,AP-N902-F303,0.015052549540997,0.015052549540997,74.817070007324,277.35000610352
25-SEP-2026,13.379880020664,56919,J0750+1231,0.87011194229126,88500,AP-N901-F303,0.015052549540997,0.015052549540997,75.787956237793,277.35000610352
25-SEP-2026,13.379880020664,56919,J0750+1231,0.87011194229126,88500,AP-N902-F303,0.015052549540997,0.015052549540997,74.817070007324,277.35000610352
25-SEP-2026,13.383213386003,56919,J0750+1231,0.86970978975296,88500,AP-N901-F303,0.015052549540997,0.015052549540997,75.787956237793,277.35000610352
25-SEP-2026,13.383213386003,56919,J0750+1231,0.86970978975296,88500,AP-N902-F303,0.015052549540997,0.015052549540997,74.817070007324,277.35000610352
25-SEP-2026,1.3388889240404,56299,J2203+3145,0.58082562685013,88500,AP-N901-F303,0,0,0,0
25-SEP-2026,1.3388889240404,56299,J2203+3145,0.58082562685013,88500,AP-N902-F303,0,0,0,0
25-SEP-2026,13.421547102164,56926,J0739+0137,0.99316501617432,88500,AP-N901-F303,0.015119048766792,0.015119048766792,73.824653625488,277.85000610352
25-SEP-2026,13.421547102164,56926,J0739+0137,0.99316501617432,88500,AP-N902-F303,0.015194924548268,0.015194924548268,72.948524475098,277.85000610352
25-SEP-2026,1.3422222918247,56299,J2203+3145,0.58103567361832,88500,AP-N901-F303,0,0,0,0
25-SEP-2026,1.3422222918247,56299,J2203+3145,0.58103567361832,88500,AP-N902-F303,0,0,0,0
25-SEP-2026,13.42515824936,56926,J0739+0137,0.99254608154297,88500,AP-N901-F303,0.015119048766792,0.015119048766792,73.824653625488,277.85000610352
25-SEP-2026,13.42515824936,56926,J0739+0137,0.99254608154297,88500,AP-N902-F303,0.015194924548268,0.015194924548268,72.948524475098,277.85000610352
25-SEP-2026,13.428491616446,56926,J0739+0137,0.99197429418564,88500,AP-N901-F303,0.015119048766792,0.015119048766792,73.824653625488,277.85000610352
25-SEP-2026,13.428491616446,56926,J0739+0137,0.99197429418564,88500,AP-N902-F303,0.015194924548268,0.015194924548268,72.948524475098,277.85000610352
25-SEP-2026,13.431824982659,56926,J0739+0137,0.99140173196793,88500,AP-N901-F303,0.015119048766792,0.015119048766792,73.824653625488,277.85000610352
25-SEP-2026,13.431824982659,56926,J0739+0137,0.99140173196793,88500,AP-N902-F303,0.015194924548268,0.015194924548268,72.948524475098,277.85000610352
25-SEP-2026,13.435436130379,56926,J0739+0137,0.99078071117401,88500,AP-N901-F303,0.015119048766792,0.015119048766792,73.824653625488,277.85000610352
25-SEP-2026,13.435436130379,56926,J0739+0137,0.99078071117401,88500,AP-N902-F303,0.015194924548268,0.015194924548268,72.948524475098,277.85000610352
25-SEP-2026,13.439047277575,56926,J0739+0137,0.99015873670578,88500,AP-N901-F303,0.015119048766792,0.015119048766792,73.824653625488,277.85000610352
25-SEP-2026,13.439047277575,56926,J0739+0137,0.99015873670578,88500,AP-N902-F303,0.015194924548268,0.015194924548268,72.948524475098,277.85000610352
25-SEP-2026,13.442380641867,56926,J0739+0137,0.9895840883255,88500,AP-N901-F303,0.015119048766792,0.015119048766792,73.824653625488,277.85000610352
25-SEP-2026,13.442380641867,56926,J0739+0137,0.9895840883255,88500,AP-N902-F303,0.015194924548268,0.015194924548268,72.948524475098,277.85000610352
25-SEP-2026,13.445714006683,56926,J0739+0137,0.98900872468948,88500,AP-N901-F303,0.015119048766792,0.015119048766792,73.824653625488,277.85000610352
25-SEP-2026,13.445714006683,56926,J0739+0137,0.98900872468948,88500,AP-N902-F303,0.015194924548268,0.015194924548268,72.948524475098,277.85000610352
25-SEP-2026,13.449047372721,56926,J0739+0137,0.98843258619308,88500,AP-N901-F303,0.015119048766792,0.015119048766792,73.824653625488,277.85000610352
25-SEP-2026,13.449047372721,56926,J0739+0137,0.98843258619308,88500,AP-N902-F303,0.015194924548268,0.015194924548268,72.948524475098,277.85000610352
25-SEP-2026,13.452658523933,56926,J0739+0137,0.98780763149261,88500,AP-N901-F303,0.015119048766792,0.015119048766792,73.824653625488,277.85000610352
25-SEP-2026,13.452658523933,56926,J0739+0137,0.98780763149261,88500,AP-N902-F303,0.015194924548268,0.015194924548268,72.948524475098,277.85000610352
25-SEP-2026,1.3455556583867,56299,J2203+3145,0.58124512434006,88500,AP-N901-F303,0,0,0,0
25-SEP-2026,1.3455556583867,56299,J2203+3145,0.58124512434006,88500,AP-N902-F303,0,0,0,0
25-SEP-2026,13.456269668335,56926,J0739+0137,0.98718214035034,88500,AP-N901-F303,0.015119048766792,0.015119048766792,73.824653625488,277.85000610352
25-SEP-2026,13.456269668335,56926,J0739+0137,0.98718214035034,88500,AP-N902-F303,0.015194924548268,0.015194924548268,72.948524475098,277.85000610352
25-SEP-2026,13.459880817103,56926,J0739+0137,0.98655563592911,88500,AP-N901-F303,0.015119048766792,0.015119048766792,73.824653625488,277.85000610352
25-SEP-2026,13.459880817103,56926,J0739+0137,0.98655563592911,88500,AP-N902-F303,0.015194924548268,0.015194924548268,72.948524475098,277.85000610352
25-SEP-2026,13.463214182617,56926,J0739+0137,0.98597663640976,88500,AP-N901-F303,0.015119048766792,0.015119048766792,73.824653625488,277.85000610352
25-SEP-2026,13.463214182617,56926,J0739+0137,0.98597663640976,88500,AP-N902-F303,0.015194924548268,0.015194924548268,72.948524475098,277.85000610352
25-SEP-2026,13.466825328242,56926,J0739+0137,0.98534888029099,88500,AP-N901-F303,0.015119048766792,0.015119048766792,73.824653625488,277.85000610352
25-SEP-2026,13.466825328242,56926,J0739+0137,0.98534888029099,88500,AP-N902-F303,0.015194924548268,0.015194924548268,72.948524475098,277.85000610352
25-SEP-2026,13.470436476486,56926,J0739+0137,0.98471999168396,88500,AP-N901-F303,0.015119048766792,0.015119048766792,73.824653625488,277.85000610352
25-SEP-2026,13.470436476486,56926,J0739+0137,0.98471999168396,88500,AP-N902-F303,0.015194924548268,0.015194924548268,72.948524475098,277.85000610352
25-SEP-2026,13.47376984427,56926,J0739+0137,0.98413896560669,88500,AP-N901-F303,0.015119048766792,0.015119048766792,73.824653625488,277.85000610352
25-SEP-2026,13.47376984427,56926,J0739+0137,0.98413896560669,88500,AP-N902-F303,0.015194924548268,0.015194924548268,72.948524475098,277.85000610352
25-SEP-2026,13.477103214848,56926,J0739+0137,0.98355734348297,88500,AP-N901-F303,0.015119048766792,0.015119048766792,73.824653625488,277.85000610352
25-SEP-2026,13.477103214848,56926,J0739+0137,0.98355734348297,88500,AP-N902-F303,0.015194924548268,0.015194924548268,72.948524475098,277.85000610352
25-SEP-2026,13.480436575997,56926,J0739+0137,0.98297500610352,88500,AP-N901-F303,0.015119048766792,0.015119048766792,73.824653625488,277.85000610352
25-SEP-2026,13.480436575997,56926,J0739+0137,0.98297500610352,88500,AP-N902-F303,0.015194924548268,0.015194924548268,72.948524475098,277.85000610352
25-SEP-2026,13.483769943432,56926,J0739+0137,0.98239207267761,88500,AP-N901-F303,0.015119048766792,0.015119048766792,73.824653625488,277.85000610352
25-SEP-2026,13.483769943432,56926,J0739+0137,0.98239207267761,88500,AP-N902-F303,0.015194924548268,0.015194924548268,72.948524475098,277.85000610352
25-SEP-2026,13.487103310518,56926,J0739+0137,0.98180830478668,88500,AP-N901-F303,0.015119048766792,0.015119048766792,73.824653625488,277.85000610352
25-SEP-2026,13.487103310518,56926,J0739+0137,0.98180830478668,88500,AP-N902-F303,0.015194924548268,0.015194924548268,72.948524475098,277.85000610352
25-SEP-2026,13.490436677254,56926,J0739+0137,0.98122406005859,88500,AP-N901-F303,0.015119048766792,0.015119048766792,73.824653625488,277.85000610352
25-SEP-2026,13.490436677254,56926,J0739+0137,0.98122406005859,88500,AP-N902-F303,0.015194924548268,0.015194924548268,72.948524475098,277.85000610352
25-SEP-2026,1.3491668033127,56299,J2203+3145,0.58147126436234,88500,AP-N901-F303,0,0,0,0
25-SEP-2026,1.3491668033127,56299,J2203+3145,0.58147126436234,88500,AP-N902-F303,0,0,0,0
25-SEP-2026,13.494325604561,56926,J0739+0137,0.98054158687592,88500,AP-N901-F303,0.015119048766792,0.015119048766792,73.824653625488,277.85000610352
25-SEP-2026,13.494325604561,56926,J0739+0137,0.98054158687592,88500,AP-N902-F303,0.015194924548268,0.015194924548268,72.948524475098,277.85000610352
25-SEP-2026,13.497658971297,56926,J0739+0137,0.97995579242706,88500,AP-N901-F303,0.015119048766792,0.015119048766792,73.824653625488,277.85000610352
25-SEP-2026,13.497658971297,56926,J0739+0137,0.97995579242706,88500,AP-N902-F303,0.015194924548268,0.015194924548268,72.948524475098,277.85000610352
25-SEP-2026,13.500992336113,56926,J0739+0137,0.97936952114105,88500,AP-N901-F303,0.015119048766792,0.015119048766792,73.824653625488,277.85000610352
25-SEP-2026,13.500992336113,56926,J0739+0137,0.97936952114105,88500,AP-N902-F303,0.015194924548268,0.015194924548268,72.948524475098,277.85000610352
25-SEP-2026,13.504325705818,56926,J0739+0137,0.97878247499466,88500,AP-N901-F303,0.015119048766792,0.015119048766792,73.824653625488,277.85000610352
25-SEP-2026,13.504325705818,56926,J0739+0137,0.97878247499466,88500,AP-N902-F303,0.015194924548268,0.015194924548268,72.948524475098,277.85000610352
25-SEP-2026,13.507659068364,56926,J0739+0137,0.97819489240646,88500,AP-N901-F303,0.015119048766792,0.015119048766792,73.824653625488,277.85000610352
25-SEP-2026,13.507659068364,56926,J0739+0137,0.97819489240646,88500,AP-N902-F303,0.015194924548268,0.015194924548268,72.948524475098,277.85000610352
25-SEP-2026,13.511270213814,56926,J0739+0137,0.97755759954453,88500,AP-N901-F303,0.015119048766792,0.015119048766792,73.824653625488,277.85000610352
25-SEP-2026,13.511270213814,56926,J0739+0137,0.97755759954453,88500,AP-N902-F303,0.015194924548268,0.015194924548268,72.948524475098,277.85000610352
25-SEP-2026,13.514881362232,56926,J0739+0137,0.9769195318222,88500,AP-N901-F303,0.015119048766792,0.015119048766792,73.824653625488,277.85000610352
25-SEP-2026,13.514881362232,56926,J0739+0137,0.9769195318222,88500,AP-N902-F303,0.015194924548268,0.015194924548268,72.948524475098,277.85000610352
25-SEP-2026,13.518214732811,56926,J0739+0137,0.97632986307144,88500,AP-N901-F303,0.015119048766792,0.015119048766792,73.824653625488,277.85000610352
25-SEP-2026,13.518214732811,56926,J0739+0137,0.97632986307144,88500,AP-N902-F303,0.015194924548268,0.015194924548268,72.948524475098,277.85000610352
25-SEP-2026,13.521825877911,56926,J0739+0137,0.97569036483765,88500,AP-N901-F303,0.015119048766792,0.015119048766792,73.824653625488,277.85000610352
25-SEP-2026,13.521825877911,56926,J0739+0137,0.97569036483765,88500,AP-N902-F303,0.015194924548268,0.015194924548268,72.948524475098,277.85000610352
25-SEP-2026,1.3525001691762,56299,J2203+3145,0.5816792845726,88500,AP-N901-F303,0,0,0,0
25-SEP-2026,1.3525001691762,56299,J2203+3145,0.5816792845726,88500,AP-N902-F303,0,0,0,0
25-SEP-2026,13.52543702371,56926,J0739+0137,0.97505015134811,88500,AP-N901-F303,0.015119048766792,0.015119048766792,73.824653625488,277.85000610352
25-SEP-2026,13.52543702371,56926,J0739+0137,0.97505015134811,88500,AP-N902-F303,0.015194924548268,0.015194924548268,72.948524475098,277.85000610352
25-SEP-2026,13.52904816916,56926,J0739+0137,0.9744091629982,88500,AP-N901-F303,0.015119048766792,0.015119048766792,73.824653625488,277.85000610352
25-SEP-2026,13.52904816916,56926,J0739+0137,0.9744091629982,88500,AP-N902-F303,0.015194924548268,0.015194924548268,72.948524475098,277.85000610352
25-SEP-2026,1.3558335381829,56299,J2203+3145,0.58188658952713,88500,AP-N901-F303,0,0,0,0
25-SEP-2026,1.3558335381829,56299,J2203+3145,0.58188658952713,88500,AP-N902-F303,0,0,0,0
25-SEP-2026,1.3594446881729,56299,J2203+3145,0.58211064338684,88500,AP-N901-F303,0,0,0,0
25-SEP-2026,1.3594446881729,56299,J2203+3145,0.58211064338684,88500,AP-N902-F303,0,0,0,0
25-SEP-2026,1.3633336167017,56299,J2203+3145,0.58235090970993,88500,AP-N901-F303,0,0,0,0
25-SEP-2026,1.3633336167017,56299,J2203+3145,0.58235090970993,88500,AP-N902-F303,0,0,0,0
25-SEP-2026,13.653640870625,56932,J0750+1231,0.83448892831802,88500,AP-N901-F303,0.015253813937306,0.015253813937306,76.979095458984,277.45001220703
25-SEP-2026,13.653640870625,56932,J0750+1231,0.83448892831802,88500,AP-N902-F303,0.015253813937306,0.015253813937306,75.85041809082,277.45001220703
25-SEP-2026,1.3666669820413,56299,J2203+3145,0.58255606889725,88500,AP-N901-F303,0,0,0,0
25-SEP-2026,1.3666669820413,56299,J2203+3145,0.58255606889725,88500,AP-N902-F303,0,0,0,0
25-SEP-2026,13.671557714281,56936,J0750+1231,0.83198398351669,88500,AP-N901-F303,0.015253813937306,0.015253813937306,76.979095458984,277.45001220703
25-SEP-2026,13.671557714281,56936,J0750+1231,0.83198398351669,88500,AP-N902-F303,0.015253813937306,0.015253813937306,75.85041809082,277.45001220703
25-SEP-2026,13.675446641587,56936,J0750+1231,0.83143764734268,88500,AP-N901-F303,0.015253813937306,0.015253813937306,76.979095458984,277.45001220703
25-SEP-2026,13.675446641587,56936,J0750+1231,0.83143764734268,88500,AP-N902-F303,0.015253813937306,0.015253813937306,75.85041809082,277.45001220703
25-SEP-2026,13.679057788783,56936,J0750+1231,0.83092945814133,88500,AP-N901-F303,0.015253813937306,0.015253813937306,76.979095458984,277.45001220703
25-SEP-2026,13.679057788783,56936,J0750+1231,0.83092945814133,88500,AP-N902-F303,0.015253813937306,0.015253813937306,75.85041809082,277.45001220703
25-SEP-2026,13.682391155869,56936,J0750+1231,0.83045947551727,88500,AP-N901-F303,0.015253813937306,0.015253813937306,76.979095458984,277.45001220703
25-SEP-2026,13.682391155869,56936,J0750+1231,0.83045947551727,88500,AP-N902-F303,0.015253813937306,0.015253813937306,75.85041809082,277.45001220703
25-SEP-2026,13.686002302891,56936,J0750+1231,0.82994973659515,88500,AP-N901-F303,0.015253813937306,0.015253813937306,76.979095458984,277.45001220703
25-SEP-2026,13.686002302891,56936,J0750+1231,0.82994973659515,88500,AP-N902-F303,0.015253813937306,0.015253813937306,75.85041809082,277.45001220703
25-SEP-2026,13.689335669802,56936,J0750+1231,0.82947850227356,88500,AP-N901-F303,0.015253813937306,0.015253813937306,76.979095458984,277.45001220703
25-SEP-2026,13.689335669802,56936,J0750+1231,0.82947850227356,88500,AP-N902-F303,0.015253813937306,0.015253813937306,75.85041809082,277.45001220703
25-SEP-2026,13.692669034443,56936,J0750+1231,0.82900673151016,88500,AP-N901-F303,0.015253813937306,0.015253813937306,76.979095458984,277.45001220703
25-SEP-2026,13.692669034443,56936,J0750+1231,0.82900673151016,88500,AP-N902-F303,0.015253813937306,0.015253813937306,75.85041809082,277.45001220703
25-SEP-2026,13.696280184084,56936,J0750+1231,0.82849460840225,88500,AP-N901-F303,0.015253813937306,0.015253813937306,76.979095458984,277.45001220703
25-SEP-2026,13.696280184084,56936,J0750+1231,0.82849460840225,88500,AP-N902-F303,0.015253813937306,0.015253813937306,75.85041809082,277.45001220703
25-SEP-2026,13.699613548899,56936,J0750+1231,0.8280211687088,88500,AP-N901-F303,0.015253813937306,0.015253813937306,76.979095458984,277.45001220703
25-SEP-2026,13.699613548899,56936,J0750+1231,0.8280211687088,88500,AP-N902-F303,0.015253813937306,0.015253813937306,75.85041809082,277.45001220703
25-SEP-2026,13.703224694699,56936,J0750+1231,0.82750755548477,88500,AP-N901-F303,0.015253813937306,0.015253813937306,76.979095458984,277.45001220703
25-SEP-2026,13.703224694699,56936,J0750+1231,0.82750755548477,88500,AP-N902-F303,0.015253813937306,0.015253813937306,75.85041809082,277.45001220703
25-SEP-2026,13.706558063181,56936,J0750+1231,0.8270326256752,88500,AP-N901-F303,0.015253813937306,0.015253813937306,76.979095458984,277.45001220703
25-SEP-2026,13.706558063181,56936,J0750+1231,0.8270326256752,88500,AP-N902-F303,0.015253813937306,0.015253813937306,75.85041809082,277.45001220703
25-SEP-2026,13.709891430791,56936,J0750+1231,0.82655715942383,88500,AP-N901-F303,0.015253813937306,0.015253813937306,76.979095458984,277.45001220703
25-SEP-2026,13.709891430791,56936,J0750+1231,0.82655715942383,88500,AP-N902-F303,0.015253813937306,0.015253813937306,75.85041809082,277.45001220703
25-SEP-2026,13.71322479875,56936,J0750+1231,0.82608103752136,88500,AP-N901-F303,0.015253813937306,0.015253813937306,76.979095458984,277.45001220703
25-SEP-2026,13.71322479875,56936,J0750+1231,0.82608103752136,88500,AP-N902-F303,0.015253813937306,0.015253813937306,75.85041809082,277.45001220703
25-SEP-2026,13.716558163042,56936,J0750+1231,0.82560420036316,88500,AP-N901-F303,0.015253813937306,0.015253813937306,76.979095458984,277.45001220703
25-SEP-2026,13.716558163042,56936,J0750+1231,0.82560420036316,88500,AP-N902-F303,0.015253813937306,0.015253813937306,75.85041809082,277.45001220703
25-SEP-2026,13.754614098744,56943,J0739+0137,0.93300747871399,88500,AP-N901-F303,0.015458120033145,0.015458120033145,75.896476745605,276.95001220703
25-SEP-2026,13.754614098744,56943,J0739+0137,0.93300747871399,88500,AP-N902-F303,0.015458120033145,0.015458120033145,74.964981079102,276.95001220703
25-SEP-2026,13.757947467576,56943,J0739+0137,0.93237686157227,88500,AP-N901-F303,0.015458120033145,0.015458120033145,75.896476745605,276.95001220703
25-SEP-2026,13.757947467576,56943,J0739+0137,0.93237686157227,88500,AP-N902-F303,0.015458120033145,0.015458120033145,74.964981079102,276.95001220703
25-SEP-2026,13.761280833614,56943,J0739+0137,0.93174576759338,88500,AP-N901-F303,0.015458120033145,0.015458120033145,75.896476745605,276.95001220703
25-SEP-2026,13.761280833614,56943,J0739+0137,0.93174576759338,88500,AP-N902-F303,0.015458120033145,0.015458120033145,74.964981079102,276.95001220703
25-SEP-2026,13.76475308831,56943,J0739+0137,0.93108785152435,88500,AP-N901-F303,0.015458120033145,0.015458120033145,75.896476745605,276.95001220703
25-SEP-2026,13.76475308831,56943,J0739+0137,0.93108785152435,88500,AP-N902-F303,0.015458120033145,0.015458120033145,74.964981079102,276.95001220703
25-SEP-2026,13.768225347721,56943,J0739+0137,0.93042933940887,88500,AP-N901-F303,0.015458120033145,0.015458120033145,75.896476745605,276.95001220703
25-SEP-2026,13.768225347721,56943,J0739+0137,0.93042933940887,88500,AP-N902-F303,0.015458120033145,0.015458120033145,74.964981079102,276.95001220703
25-SEP-2026,13.771558713061,56943,J0739+0137,0.92979669570923,88500,AP-N901-F303,0.015458120033145,0.015458120033145,75.896476745605,276.95001220703
25-SEP-2026,13.771558713061,56943,J0739+0137,0.92979669570923,88500,AP-N902-F303,0.015458120033145,0.015458120033145,74.964981079102,276.95001220703
25-SEP-2026,13.774892079797,56943,J0739+0137,0.92916351556778,88500,AP-N901-F303,0.015458120033145,0.015458120033145,75.896476745605,276.95001220703
25-SEP-2026,13.774892079797,56943,J0739+0137,0.92916351556778,88500,AP-N902-F303,0.015458120033145,0.015458120033145,74.964981079102,276.95001220703
25-SEP-2026,13.778503226644,56943,J0739+0137,0.92847698926926,88500,AP-N901-F303,0.015458120033145,0.015458120033145,75.896476745605,276.95001220703
25-SEP-2026,13.778503226644,56943,J0739+0137,0.92847698926926,88500,AP-N902-F303,0.015458120033145,0.015458120033145,74.964981079102,276.95001220703
25-SEP-2026,13.78183659373,56943,J0739+0137,0.92784285545349,88500,AP-N901-F303,0.015458120033145,0.015458120033145,75.896476745605,276.95001220703
25-SEP-2026,13.78183659373,56943,J0739+0137,0.92784285545349,88500,AP-N902-F303,0.015458120033145,0.015458120033145,74.964981079102,276.95001220703
25-SEP-2026,13.785447740926,56943,J0739+0137,0.92715519666672,88500,AP-N901-F303,0.015458120033145,0.015458120033145,75.896476745605,276.95001220703
25-SEP-2026,13.785447740926,56943,J0739+0137,0.92715519666672,88500,AP-N902-F303,0.015458120033145,0.015458120033145,74.964981079102,276.95001220703
25-SEP-2026,13.788781108012,56943,J0739+0137,0.9265199303627,88500,AP-N901-F303,0.015458120033145,0.015458120033145,75.896476745605,276.95001220703
25-SEP-2026,13.788781108012,56943,J0739+0137,0.9265199303627,88500,AP-N902-F303,0.015458120033145,0.015458120033145,74.964981079102,276.95001220703
25-SEP-2026,13.792114472304,56943,J0739+0137,0.92588406801224,88500,AP-N901-F303,0.015458120033145,0.015458120033145,75.896476745605,276.95001220703
25-SEP-2026,13.792114472304,56943,J0739+0137,0.92588406801224,88500,AP-N902-F303,0.015458120033145,0.015458120033145,74.964981079102,276.95001220703
25-SEP-2026,13.795725619849,56943,J0739+0137,0.9251948595047,88500,AP-N901-F303,0.015458120033145,0.015458120033145,75.896476745605,276.95001220703
25-SEP-2026,13.795725619849,56943,J0739+0137,0.9251948595047,88500,AP-N902-F303,0.015458120033145,0.015458120033145,74.964981079102,276.95001220703
25-SEP-2026,13.799058987284,56943,J0739+0137,0.92455810308456,88500,AP-N901-F303,0.015458120033145,0.015458120033145,75.896476745605,276.95001220703
25-SEP-2026,13.799058987284,56943,J0739+0137,0.92455810308456,88500,AP-N902-F303,0.015458120033145,0.015458120033145,74.964981079102,276.95001220703
25-SEP-2026,13.802392356116,56943,J0739+0137,0.92392086982727,88500,AP-N901-F303,0.015458120033145,0.015458120033145,75.896476745605,276.95001220703
25-SEP-2026,13.802392356116,56943,J0739+0137,0.92392086982727,88500,AP-N902-F303,0.015458120033145,0.015458120033145,74.964981079102,276.95001220703
25-SEP-2026,13.806003501741,56943,J0739+0137,0.92322993278503,88500,AP-N901-F303,0.015458120033145,0.015458120033145,75.896476745605,276.95001220703
25-SEP-2026,13.806003501741,56943,J0739+0137,0.92322993278503,88500,AP-N902-F303,0.015458120033145,0.015458120033145,74.964981079102,276.95001220703
25-SEP-2026,13.809892427301,56943,J0739+0137,0.92248529195786,88500,AP-N901-F303,0.015458120033145,0.015458120033145,75.896476745605,276.95001220703
25-SEP-2026,13.809892427301,56943,J0739+0137,0.92248529195786,88500,AP-N902-F303,0.015458120033145,0.015458120033145,74.964981079102,276.95001220703
25-SEP-2026,13.813225792815,56943,J0739+0137,0.92184633016586,88500,AP-N901-F303,0.015458120033145,0.015458120033145,75.896476745605,276.95001220703
25-SEP-2026,13.813225792815,56943,J0739+0137,0.92184633016586,88500,AP-N902-F303,0.015458120033145,0.015458120033145,74.964981079102,276.95001220703
25-SEP-2026,13.816836942456,56943,J0739+0137,0.92115378379822,88500,AP-N901-F303,0.015458120033145,0.015458120033145,75.896476745605,276.95001220703
25-SEP-2026,13.816836942456,56943,J0739+0137,0.92115378379822,88500,AP-N902-F303,0.015458120033145,0.015458120033145,74.964981079102,276.95001220703
25-SEP-2026,13.820170311463,56943,J0739+0137,0.92051386833191,88500,AP-N901-F303,0.015458120033145,0.015458120033145,75.896476745605,276.95001220703
25-SEP-2026,13.820170311463,56943,J0739+0137,0.92051386833191,88500,AP-N902-F303,0.015458120033145,0.015458120033145,74.964981079102,276.95001220703
25-SEP-2026,13.823781457087,56943,J0739+0137,0.91982012987137,88500,AP-N901-F303,0.015458120033145,0.015458120033145,75.896476745605,276.95001220703
25-SEP-2026,13.823781457087,56943,J0739+0137,0.91982012987137,88500,AP-N902-F303,0.015458120033145,0.015458120033145,74.964981079102,276.95001220703
25-SEP-2026,13.827392602712,56943,J0739+0137,0.91912585496902,88500,AP-N901-F303,0.015458120033145,0.015458120033145,75.896476745605,276.95001220703
25-SEP-2026,13.827392602712,56943,J0739+0137,0.91912585496902,88500,AP-N902-F303,0.015458120033145,0.015458120033145,74.964981079102,276.95001220703
25-SEP-2026,13.830725971544,56943,J0739+0137,0.91848450899124,88500,AP-N901-F303,0.015458120033145,0.015458120033145,75.896476745605,276.95001220703
25-SEP-2026,13.830725971544,56943,J0739+0137,0.91848450899124,88500,AP-N902-F303,0.015458120033145,0.015458120033145,74.964981079102,276.95001220703
25-SEP-2026,13.834337118391,56943,J0739+0137,0.91778916120529,88500,AP-N901-F303,0.015458120033145,0.015458120033145,75.896476745605,276.95001220703
25-SEP-2026,13.834337118391,56943,J0739+0137,0.91778916120529,88500,AP-N902-F303,0.015458120033145,0.015458120033145,74.964981079102,276.95001220703
25-SEP-2026,13.837670486524,56943,J0739+0137,0.91714680194855,88500,AP-N901-F303,0.015458120033145,0.015458120033145,75.896476745605,276.95001220703
25-SEP-2026,13.837670486524,56943,J0739+0137,0.91714680194855,88500,AP-N902-F303,0.015458120033145,0.015458120033145,74.964981079102,276.95001220703
25-SEP-2026,13.841003850816,56943,J0739+0137,0.91650384664536,88500,AP-N901-F303,0.015458120033145,0.015458120033145,75.896476745605,276.95001220703
25-SEP-2026,13.841003850816,56943,J0739+0137,0.91650384664536,88500,AP-N902-F303,0.015458120033145,0.015458120033145,74.964981079102,276.95001220703
25-SEP-2026,13.844337217902,56943,J0739+0137,0.91586059331894,88500,AP-N901-F303,0.015458120033145,0.015458120033145,75.896476745605,276.95001220703
25-SEP-2026,13.844337217902,56943,J0739+0137,0.91586059331894,88500,AP-N902-F303,0.015458120033145,0.015458120033145,74.964981079102,276.95001220703
25-SEP-2026,13.847948364749,56943,J0739+0137,0.91516315937042,88500,AP-N901-F303,0.015458120033145,0.015458120033145,75.896476745605,276.95001220703
25-SEP-2026,13.847948364749,56943,J0739+0137,0.91516315937042,88500,AP-N902-F303,0.015458120033145,0.015458120033145,74.964981079102,276.95001220703
25-SEP-2026,13.85155951212,56943,J0739+0137,0.91446512937546,88500,AP-N901-F303,0.015458120033145,0.015458120033145,75.896476745605,276.95001220703
25-SEP-2026,13.85155951212,56943,J0739+0137,0.91446512937546,88500,AP-N902-F303,0.015458120033145,0.015458120033145,74.964981079102,276.95001220703
25-SEP-2026,13.854892879031,56943,J0739+0137,0.91382038593292,88500,AP-N901-F303,0.015458120033145,0.015458120033145,75.896476745605,276.95001220703
25-SEP-2026,13.854892879031,56943,J0739+0137,0.91382038593292,88500,AP-N902-F303,0.015458120033145,0.015458120033145,74.964981079102,276.95001220703
25-SEP-2026,13.858226245767,56943,J0739+0137,0.91317510604858,88500,AP-N901-F303,0.015458120033145,0.015458120033145,75.896476745605,276.95001220703
25-SEP-2026,13.858226245767,56943,J0739+0137,0.91317510604858,88500,AP-N902-F303,0.015458120033145,0.015458120033145,74.964981079102,276.95001220703
25-SEP-2026,13.861837393313,56943,J0739+0137,0.91247552633286,88500,AP-N901-F303,0.015458120033145,0.015458120033145,75.896476745605,276.95001220703
25-SEP-2026,13.861837393313,56943,J0739+0137,0.91247552633286,88500,AP-N902-F303,0.015458120033145,0.015458120033145,74.964981079102,276.95001220703
25-SEP-2026,13.9869775373,56948,J0750+1231,0.78477329015732,88500,AP-N901-F303,0.014917666092515,0.014917666092515,76.913520812988,278.75
25-SEP-2026,13.9869775373,56948,J0750+1231,0.78477329015732,88500,AP-N902-F303,0.014917666092515,0.014917666092515,76.29468536377,278.75
25-SEP-2026,14.004894376415,56952,J0750+1231,0.78192657232285,88500,AP-N901-F303,0.014917666092515,0.014917666092515,76.913520812988,278.75
25-SEP-2026,14.004894376415,56952,J0750+1231,0.78192657232285,88500,AP-N902-F303,0.014917666092515,0.014917666092515,76.29468536377,278.75
25-SEP-2026,14.008505525183,56952,J0750+1231,0.78135085105896,88500,AP-N901-F303,0.014917666092515,0.014917666092515,76.913520812988,278.75
25-SEP-2026,14.008505525183,56952,J0750+1231,0.78135085105896,88500,AP-N902-F303,0.014917666092515,0.014917666092515,76.29468536377,278.75
25-SEP-2026,14.011838892967,56952,J0750+1231,0.78081881999969,88500,AP-N901-F303,0.014917666092515,0.014917666092515,76.913520812988,278.75
25-SEP-2026,14.011838892967,56952,J0750+1231,0.78081881999969,88500,AP-N902-F303,0.014917666092515,0.014917666092515,76.29468536377,278.75
25-SEP-2026,14.015450043306,56952,J0750+1231,0.78024190664291,88500,AP-N901-F303,0.014917666092515,0.014917666092515,76.913520812988,278.75
25-SEP-2026,14.015450043306,56952,J0750+1231,0.78024190664291,88500,AP-N902-F303,0.014917666092515,0.014917666092515,76.29468536377,278.75
25-SEP-2026,14.018783404455,56952,J0750+1231,0.77970862388611,88500,AP-N901-F303,0.014917666092515,0.014917666092515,76.913520812988,278.75
25-SEP-2026,14.018783404455,56952,J0750+1231,0.77970862388611,88500,AP-N902-F303,0.014917666092515,0.014917666092515,76.29468536377,278.75
25-SEP-2026,14.022394552,56952,J0750+1231,0.77913028001785,88500,AP-N901-F303,0.014917666092515,0.014917666092515,76.913520812988,278.75
25-SEP-2026,14.022394552,56952,J0750+1231,0.77913028001785,88500,AP-N902-F303,0.014917666092515,0.014917666092515,76.29468536377,278.75
25-SEP-2026,14.025727918737,56952,J0750+1231,0.77859592437744,88500,AP-N901-F303,0.014917666092515,0.014917666092515,76.913520812988,278.75
25-SEP-2026,14.025727918737,56952,J0750+1231,0.77859592437744,88500,AP-N902-F303,0.014917666092515,0.014917666092515,76.29468536377,278.75
25-SEP-2026,14.029061285823,56952,J0750+1231,0.77806085348129,88500,AP-N901-F303,0.014917666092515,0.014917666092515,76.913520812988,278.75
25-SEP-2026,14.029061285823,56952,J0750+1231,0.77806085348129,88500,AP-N902-F303,0.014917666092515,0.014917666092515,76.29468536377,278.75
25-SEP-2026,14.032672435638,56952,J0750+1231,0.7774806022644,88500,AP-N901-F303,0.014917666092515,0.014917666092515,76.913520812988,278.75
25-SEP-2026,14.032672435638,56952,J0750+1231,0.7774806022644,88500,AP-N902-F303,0.014917666092515,0.014917666092515,76.29468536377,278.75
25-SEP-2026,14.036005802549,56952,J0750+1231,0.77694451808929,88500,AP-N901-F303,0.014917666092515,0.014917666092515,76.913520812988,278.75
25-SEP-2026,14.036005802549,56952,J0750+1231,0.77694451808929,88500,AP-N902-F303,0.014917666092515,0.014917666092515,76.29468536377,278.75
25-SEP-2026,14.039616949571,56952,J0750+1231,0.77636313438416,88500,AP-N901-F303,0.014917666092515,0.014917666092515,76.913520812988,278.75
25-SEP-2026,14.039616949571,56952,J0750+1231,0.77636313438416,88500,AP-N902-F303,0.014917666092515,0.014917666092515,76.29468536377,278.75
25-SEP-2026,14.042950317006,56952,J0750+1231,0.77582579851151,88500,AP-N901-F303,0.014917666092515,0.014917666092515,76.913520812988,278.75
25-SEP-2026,14.042950317006,56952,J0750+1231,0.77582579851151,88500,AP-N902-F303,0.014917666092515,0.014917666092515,76.29468536377,278.75
25-SEP-2026,14.046283681647,56952,J0750+1231,0.7752879858017,88500,AP-N901-F303,0.014917666092515,0.014917666092515,76.913520812988,278.75
25-SEP-2026,14.046283681647,56952,J0750+1231,0.7752879858017,88500,AP-N902-F303,0.014917666092515,0.014917666092515,76.29468536377,278.75
25-SEP-2026,14.04961704786,56952,J0750+1231,0.77474957704544,88500,AP-N901-F303,0.014917666092515,0.014917666092515,76.913520812988,278.75
25-SEP-2026,14.04961704786,56952,J0750+1231,0.77474957704544,88500,AP-N902-F303,0.014917666092515,0.014917666092515,76.29468536377,278.75
25-SEP-2026,14.088228547624,56959,J0739+0137,0.86760008335114,88500,AP-N901-F303,0.015150900930166,0.015150900930166,75.885597229004,277.04998779297
25-SEP-2026,14.088228547624,56959,J0739+0137,0.86760008335114,88500,AP-N902-F303,0.015150900930166,0.015150900930166,74.837074279785,277.04998779297
25-SEP-2026,14.091561915583,56959,J0739+0137,0.86692535877228,88500,AP-N901-F303,0.015150900930166,0.015150900930166,75.885597229004,277.04998779297
25-SEP-2026,14.091561915583,56959,J0739+0137,0.86692535877228,88500,AP-N902-F303,0.015150900930166,0.015150900930166,74.837074279785,277.04998779297
25-SEP-2026,14.095173059985,56959,J0739+0137,0.86619395017624,88500,AP-N901-F303,0.015150900930166,0.015150900930166,75.885597229004,277.04998779297
25-SEP-2026,14.095173059985,56959,J0739+0137,0.86619395017624,88500,AP-N902-F303,0.015150900930166,0.015150900930166,74.837074279785,277.04998779297
25-SEP-2026,14.098506426547,56959,J0739+0137,0.86551851034164,88500,AP-N901-F303,0.015150900930166,0.015150900930166,75.885597229004,277.04998779297
25-SEP-2026,14.098506426547,56959,J0739+0137,0.86551851034164,88500,AP-N902-F303,0.015150900930166,0.015150900930166,74.837074279785,277.04998779297
25-SEP-2026,14.101839793633,56959,J0739+0137,0.86484259366989,88500,AP-N901-F303,0.015150900930166,0.015150900930166,75.885597229004,277.04998779297
25-SEP-2026,14.101839793633,56959,J0739+0137,0.86484259366989,88500,AP-N902-F303,0.015150900930166,0.015150900930166,74.837074279785,277.04998779297
25-SEP-2026,14.105173160718,56959,J0739+0137,0.86416637897491,88500,AP-N901-F303,0.015150900930166,0.015150900930166,75.885597229004,277.04998779297
25-SEP-2026,14.105173160718,56959,J0739+0137,0.86416637897491,88500,AP-N902-F303,0.015150900930166,0.015150900930166,74.837074279785,277.04998779297
25-SEP-2026,14.108784307915,56959,J0739+0137,0.86343330144882,88500,AP-N901-F303,0.015150900930166,0.015150900930166,75.885597229004,277.04998779297
25-SEP-2026,14.108784307915,56959,J0739+0137,0.86343330144882,88500,AP-N902-F303,0.015150900930166,0.015150900930166,74.837074279785,277.04998779297
25-SEP-2026,14.112395454587,56959,J0739+0137,0.86269986629486,88500,AP-N901-F303,0.015150900930166,0.015150900930166,75.885597229004,277.04998779297
25-SEP-2026,14.112395454587,56959,J0739+0137,0.86269986629486,88500,AP-N902-F303,0.015150900930166,0.015150900930166,74.837074279785,277.04998779297
25-SEP-2026,14.116006601783,56959,J0739+0137,0.86196601390839,88500,AP-N901-F303,0.015150900930166,0.015150900930166,75.885597229004,277.04998779297
25-SEP-2026,14.116006601783,56959,J0739+0137,0.86196601390839,88500,AP-N902-F303,0.015150900930166,0.015150900930166,74.837074279785,277.04998779297
25-SEP-2026,14.119617748979,56959,J0739+0137,0.86123162508011,88500,AP-N901-F303,0.015150900930166,0.015150900930166,75.885597229004,277.04998779297
25-SEP-2026,14.119617748979,56959,J0739+0137,0.86123162508011,88500,AP-N902-F303,0.015150900930166,0.015150900930166,74.837074279785,277.04998779297
25-SEP-2026,14.12295111624,56959,J0739+0137,0.86055338382721,88500,AP-N901-F303,0.015150900930166,0.015150900930166,75.885597229004,277.04998779297
25-SEP-2026,14.12295111624,56959,J0739+0137,0.86055338382721,88500,AP-N902-F303,0.015150900930166,0.015150900930166,74.837074279785,277.04998779297
25-SEP-2026,14.126284481055,56959,J0739+0137,0.85987478494644,88500,AP-N901-F303,0.015150900930166,0.015150900930166,75.885597229004,277.04998779297
25-SEP-2026,14.126284481055,56959,J0739+0137,0.85987478494644,88500,AP-N902-F303,0.015150900930166,0.015150900930166,74.837074279785,277.04998779297
25-SEP-2026,14.129617846919,56959,J0739+0137,0.85919588804245,88500,AP-N901-F303,0.015150900930166,0.015150900930166,75.885597229004,277.04998779297
25-SEP-2026,14.129617846919,56959,J0739+0137,0.85919588804245,88500,AP-N902-F303,0.015150900930166,0.015150900930166,74.837074279785,277.04998779297
25-SEP-2026,14.132951215925,56959,J0739+0137,0.85851645469666,88500,AP-N901-F303,0.015150900930166,0.015150900930166,75.885597229004,277.04998779297
25-SEP-2026,14.132951215925,56959,J0739+0137,0.85851645469666,88500,AP-N902-F303,0.015150900930166,0.015150900930166,74.837074279785,277.04998779297
25-SEP-2026,14.136562365566,56959,J0739+0137,0.85778015851974,88500,AP-N901-F303,0.015150900930166,0.015150900930166,75.885597229004,277.04998779297
25-SEP-2026,14.136562365566,56959,J0739+0137,0.85778015851974,88500,AP-N902-F303,0.015150900930166,0.015150900930166,74.837074279785,277.04998779297
25-SEP-2026,14.140451291126,56959,J0739+0137,0.85698664188385,88500,AP-N901-F303,0.015150900930166,0.015150900930166,75.885597229004,277.04998779297
25-SEP-2026,14.140451291126,56959,J0739+0137,0.85698664188385,88500,AP-N902-F303,0.015150900930166,0.015150900930166,74.837074279785,277.04998779297
25-SEP-2026,14.14378465699,56959,J0739+0137,0.85630619525909,88500,AP-N901-F303,0.015150900930166,0.015150900930166,75.885597229004,277.04998779297
25-SEP-2026,14.14378465699,56959,J0739+0137,0.85630619525909,88500,AP-N902-F303,0.015150900930166,0.015150900930166,74.837074279785,277.04998779297
25-SEP-2026,14.147118022504,56959,J0739+0137,0.85562527179718,88500,AP-N901-F303,0.015150900930166,0.015150900930166,75.885597229004,277.04998779297
25-SEP-2026,14.147118022504,56959,J0739+0137,0.85562527179718,88500,AP-N902-F303,0.015150900930166,0.015150900930166,74.837074279785,277.04998779297
25-SEP-2026,14.150451391685,56959,J0739+0137,0.85494410991669,88500,AP-N901-F303,0.015150900930166,0.015150900930166,75.885597229004,277.04998779297
25-SEP-2026,14.150451391685,56959,J0739+0137,0.85494410991669,88500,AP-N902-F303,0.015150900930166,0.015150900930166,74.837074279785,277.04998779297
25-SEP-2026,14.153784756676,56959,J0739+0137,0.85426241159439,88500,AP-N901-F303,0.015150900930166,0.015150900930166,75.885597229004,277.04998779297
25-SEP-2026,14.153784756676,56959,J0739+0137,0.85426241159439,88500,AP-N902-F303,0.015150900930166,0.015150900930166,74.837074279785,277.04998779297
25-SEP-2026,14.157118123587,56959,J0739+0137,0.85358047485352,88500,AP-N901-F303,0.015150900930166,0.015150900930166,75.885597229004,277.04998779297
25-SEP-2026,14.157118123587,56959,J0739+0137,0.85358047485352,88500,AP-N902-F303,0.015150900930166,0.015150900930166,74.837074279785,277.04998779297
25-SEP-2026,14.160451490149,56959,J0739+0137,0.85289829969406,88500,AP-N901-F303,0.015150900930166,0.015150900930166,75.885597229004,277.04998779297
25-SEP-2026,14.160451490149,56959,J0739+0137,0.85289829969406,88500,AP-N902-F303,0.015150900930166,0.015150900930166,74.837074279785,277.04998779297
25-SEP-2026,14.164062640488,56959,J0739+0137,0.85215866565704,88500,AP-N901-F303,0.015150900930166,0.015150900930166,75.885597229004,277.04998779297
25-SEP-2026,14.164062640488,56959,J0739+0137,0.85215866565704,88500,AP-N902-F303,0.015150900930166,0.015150900930166,74.837074279785,277.04998779297
25-SEP-2026,14.167673784716,56959,J0739+0137,0.85141867399216,88500,AP-N901-F303,0.015150900930166,0.015150900930166,75.885597229004,277.04998779297
25-SEP-2026,14.167673784716,56959,J0739+0137,0.85141867399216,88500,AP-N902-F303,0.015150900930166,0.015150900930166,74.837074279785,277.04998779297
25-SEP-2026,14.171007154421,56959,J0739+0137,0.85073524713516,88500,AP-N901-F303,0.015150900930166,0.015150900930166,75.885597229004,277.04998779297
25-SEP-2026,14.171007154421,56959,J0739+0137,0.85073524713516,88500,AP-N902-F303,0.015150900930166,0.015150900930166,74.837074279785,277.04998779297
25-SEP-2026,14.174340518713,56959,J0739+0137,0.8500514626503,88500,AP-N901-F303,0.015150900930166,0.015150900930166,75.885597229004,277.04998779297
25-SEP-2026,14.174340518713,56959,J0739+0137,0.8500514626503,88500,AP-N902-F303,0.015150900930166,0.015150900930166,74.837074279785,277.04998779297
25-SEP-2026,14.177673886672,56959,J0739+0137,0.84936726093292,88500,AP-N901-F303,0.015150900930166,0.015150900930166,75.885597229004,277.04998779297
25-SEP-2026,14.177673886672,56959,J0739+0137,0.84936726093292,88500,AP-N902-F303,0.015150900930166,0.015150900930166,74.837074279785,277.04998779297
25-SEP-2026,14.181285033693,56959,J0739+0137,0.84862577915192,88500,AP-N901-F303,0.015150900930166,0.015150900930166,75.885597229004,277.04998779297
25-SEP-2026,14.181285033693,56959,J0739+0137,0.84862577915192,88500,AP-N902-F303,0.015150900930166,0.015150900930166,74.837074279785,277.04998779297
25-SEP-2026,14.184618405145,56959,J0739+0137,0.84794092178345,88500,AP-N901-F303,0.015150900930166,0.015150900930166,75.885597229004,277.04998779297
25-SEP-2026,14.184618405145,56959,J0739+0137,0.84794092178345,88500,AP-N902-F303,0.015150900930166,0.015150900930166,74.837074279785,277.04998779297
25-SEP-2026,14.187951768738,56959,J0739+0137,0.84725564718246,88500,AP-N901-F303,0.015150900930166,0.015150900930166,75.885597229004,277.04998779297
25-SEP-2026,14.187951768738,56959,J0739+0137,0.84725564718246,88500,AP-N902-F303,0.015150900930166,0.015150900930166,74.837074279785,277.04998779297
25-SEP-2026,14.191285133379,56959,J0739+0137,0.84657019376755,88500,AP-N901-F303,0.015150900930166,0.015150900930166,75.885597229004,277.04998779297
25-SEP-2026,14.191285133379,56959,J0739+0137,0.84657019376755,88500,AP-N902-F303,0.015150900930166,0.015150900930166,74.837074279785,277.04998779297
25-SEP-2026,14.195174062432,56959,J0739+0137,0.84576994180679,88500,AP-N901-F303,0.015150900930166,0.015150900930166,75.885597229004,277.04998779297
25-SEP-2026,14.195174062432,56959,J0739+0137,0.84576994180679,88500,AP-N902-F303,0.015150900930166,0.015150900930166,74.837074279785,277.04998779297
25-SEP-2026,14.320591980417,56964,J0750+1231,0.72921913862228,88500,AP-N901-F303,0.015433514490724,0.015433514490724,78.384429931641,277.64999389648
25-SEP-2026,14.320591980417,56964,J0750+1231,0.72921913862228,88500,AP-N902-F303,0.015433514490724,0.015433514490724,77.578201293945,277.64999389648
25-SEP-2026,14.337953270313,56968,J0750+1231,0.72619038820267,88500,AP-N901-F303,0.015433514490724,0.015433514490724,78.384429931641,277.64999389648
25-SEP-2026,14.337953270313,56968,J0750+1231,0.72619038820267,88500,AP-N902-F303,0.015433514490724,0.015433514490724,77.578201293945,277.64999389648
25-SEP-2026,14.341286637748,56968,J0750+1231,0.72560739517212,88500,AP-N901-F303,0.015433514490724,0.015433514490724,78.384429931641,277.64999389648
25-SEP-2026,14.341286637748,56968,J0750+1231,0.72560739517212,88500,AP-N902-F303,0.015433514490724,0.015433514490724,77.578201293945,277.64999389648
25-SEP-2026,14.34462000658,56968,J0750+1231,0.72502392530441,88500,AP-N901-F303,0.015433514490724,0.015433514490724,78.384429931641,277.64999389648
25-SEP-2026,14.34462000658,56968,J0750+1231,0.72502392530441,88500,AP-N902-F303,0.015433514490724,0.015433514490724,77.578201293945,277.64999389648
25-SEP-2026,14.348231152205,56968,J0750+1231,0.72439128160477,88500,AP-N901-F303,0.015433514490724,0.015433514490724,78.384429931641,277.64999389648
25-SEP-2026,14.348231152205,56968,J0750+1231,0.72439128160477,88500,AP-N902-F303,0.015433514490724,0.015433514490724,77.578201293945,277.64999389648
25-SEP-2026,14.351842297829,56968,J0750+1231,0.72375816106796,88500,AP-N901-F303,0.015433514490724,0.015433514490724,78.384429931641,277.64999389648
25-SEP-2026,14.351842297829,56968,J0750+1231,0.72375816106796,88500,AP-N902-F303,0.015433514490724,0.015433514490724,77.578201293945,277.64999389648
25-SEP-2026,14.355175669455,56968,J0750+1231,0.72317332029343,88500,AP-N901-F303,0.015433514490724,0.015433514490724,78.384429931641,277.64999389648
25-SEP-2026,14.355175669455,56968,J0750+1231,0.72317332029343,88500,AP-N902-F303,0.015433514490724,0.015433514490724,77.578201293945,277.64999389648
25-SEP-2026,14.358509034271,56968,J0750+1231,0.72258788347244,88500,AP-N901-F303,0.015433514490724,0.015433514490724,78.384429931641,277.64999389648
25-SEP-2026,14.358509034271,56968,J0750+1231,0.72258788347244,88500,AP-N902-F303,0.015433514490724,0.015433514490724,77.578201293945,277.64999389648
25-SEP-2026,14.361842399087,56968,J0750+1231,0.72200208902359,88500,AP-N901-F303,0.015433514490724,0.015433514490724,78.384429931641,277.64999389648
25-SEP-2026,14.361842399087,56968,J0750+1231,0.72200208902359,88500,AP-N902-F303,0.015433514490724,0.015433514490724,77.578201293945,277.64999389648
25-SEP-2026,14.365175765649,56968,J0750+1231,0.72141587734222,88500,AP-N901-F303,0.015433514490724,0.015433514490724,78.384429931641,277.64999389648
25-SEP-2026,14.365175765649,56968,J0750+1231,0.72141587734222,88500,AP-N902-F303,0.015433514490724,0.015433514490724,77.578201293945,277.64999389648
25-SEP-2026,14.368786915988,56968,J0750+1231,0.72078013420105,88500,AP-N901-F303,0.015433514490724,0.015433514490724,78.384429931641,277.64999389648
25-SEP-2026,14.368786915988,56968,J0750+1231,0.72078013420105,88500,AP-N902-F303,0.015433514490724,0.015433514490724,77.578201293945,277.64999389648
25-SEP-2026,14.37212028255,56968,J0750+1231,0.72019296884537,88500,AP-N901-F303,0.015433514490724,0.015433514490724,78.384429931641,277.64999389648
25-SEP-2026,14.37212028255,56968,J0750+1231,0.72019296884537,88500,AP-N902-F303,0.015433514490724,0.015433514490724,77.578201293945,277.64999389648
25-SEP-2026,14.375453649811,56968,J0750+1231,0.71960532665253,88500,AP-N901-F303,0.015433514490724,0.015433514490724,78.384429931641,277.64999389648
25-SEP-2026,14.375453649811,56968,J0750+1231,0.71960532665253,88500,AP-N902-F303,0.015433514490724,0.015433514490724,77.578201293945,277.64999389648
25-SEP-2026,14.378787013928,56968,J0750+1231,0.71901708841324,88500,AP-N901-F303,0.015433514490724,0.015433514490724,78.384429931641,277.64999389648
25-SEP-2026,14.378787013928,56968,J0750+1231,0.71901708841324,88500,AP-N902-F303,0.015433514490724,0.015433514490724,77.578201293945,277.64999389648
25-SEP-2026,14.382398161648,56968,J0750+1231,0.71837943792343,88500,AP-N901-F303,0.015433514490724,0.015433514490724,78.384429931641,277.64999389648
25-SEP-2026,14.382398161648,56968,J0750+1231,0.71837943792343,88500,AP-N902-F303,0.015433514490724,0.015433514490724,77.578201293945,277.64999389648
25-SEP-2026,14.421565222505,56975,J0739+0137,0.79842352867126,88500,AP-N901-F303,0.015586934052408,0.015586934052408,77.745414733887,277.25
25-SEP-2026,14.421565222505,56975,J0739+0137,0.79842352867126,88500,AP-N902-F303,0.015586934052408,0.015586934052408,76.978912353516,277.25
25-SEP-2026,14.425176371797,56975,J0739+0137,0.79765689373016,88500,AP-N901-F303,0.015586934052408,0.015586934052408,77.745414733887,277.25
25-SEP-2026,14.425176371797,56975,J0739+0137,0.79765689373016,88500,AP-N902-F303,0.015586934052408,0.015586934052408,76.978912353516,277.25
25-SEP-2026,14.428509736787,56975,J0739+0137,0.7969491481781,88500,AP-N901-F303,0.015586934052408,0.015586934052408,77.745414733887,277.25
25-SEP-2026,14.428509736787,56975,J0739+0137,0.7969491481781,88500,AP-N902-F303,0.015586934052408,0.015586934052408,76.978912353516,277.25
25-SEP-2026,14.432120882761,56975,J0739+0137,0.79618203639984,88500,AP-N901-F303,0.015586934052408,0.015586934052408,77.745414733887,277.25
25-SEP-2026,14.432120882761,56975,J0739+0137,0.79618203639984,88500,AP-N902-F303,0.015586934052408,0.015586934052408,76.978912353516,277.25
25-SEP-2026,14.435454253689,56975,J0739+0137,0.79547339677811,88500,AP-N901-F303,0.015586934052408,0.015586934052408,77.745414733887,277.25
25-SEP-2026,14.435454253689,56975,J0739+0137,0.79547339677811,88500,AP-N902-F303,0.015586934052408,0.015586934052408,76.978912353516,277.25
25-SEP-2026,14.439065398091,56975,J0739+0137,0.7947056889534,88500,AP-N901-F303,0.015586934052408,0.015586934052408,77.745414733887,277.25
25-SEP-2026,14.439065398091,56975,J0739+0137,0.7947056889534,88500,AP-N902-F303,0.015586934052408,0.015586934052408,76.978912353516,277.25
25-SEP-2026,14.442676547033,56975,J0739+0137,0.79393750429153,88500,AP-N901-F303,0.015586934052408,0.015586934052408,77.745414733887,277.25
25-SEP-2026,14.442676547033,56975,J0739+0137,0.79393750429153,88500,AP-N902-F303,0.015586934052408,0.015586934052408,76.978912353516,277.25
25-SEP-2026,14.446009912547,56975,J0739+0137,0.79322808980942,88500,AP-N901-F303,0.015586934052408,0.015586934052408,77.745414733887,277.25
25-SEP-2026,14.446009912547,56975,J0739+0137,0.79322808980942,88500,AP-N902-F303,0.015586934052408,0.015586934052408,76.978912353516,277.25
25-SEP-2026,14.449343277887,56975,J0739+0137,0.79251861572266,88500,AP-N901-F303,0.015586934052408,0.015586934052408,77.745414733887,277.25
25-SEP-2026,14.449343277887,56975,J0739+0137,0.79251861572266,88500,AP-N902-F303,0.015586934052408,0.015586934052408,76.978912353516,277.25
25-SEP-2026,14.453232209035,56975,J0739+0137,0.79169028997421,88500,AP-N901-F303,0.015586934052408,0.015586934052408,77.745414733887,277.25
25-SEP-2026,14.453232209035,56975,J0739+0137,0.79169028997421,88500,AP-N902-F303,0.015586934052408,0.015586934052408,76.978912353516,277.25
25-SEP-2026,14.456565576819,56975,J0739+0137,0.79098010063171,88500,AP-N901-F303,0.015586934052408,0.015586934052408,77.745414733887,277.25
25-SEP-2026,14.456565576819,56975,J0739+0137,0.79098010063171,88500,AP-N902-F303,0.015586934052408,0.015586934052408,76.978912353516,277.25
25-SEP-2026,14.460176724889,56975,J0739+0137,0.79021036624908,88500,AP-N901-F303,0.015586934052408,0.015586934052408,77.745414733887,277.25
25-SEP-2026,14.460176724889,56975,J0739+0137,0.79021036624908,88500,AP-N902-F303,0.015586934052408,0.015586934052408,76.978912353516,277.25
25-SEP-2026,14.463787873482,56975,J0739+0137,0.78944021463394,88500,AP-N901-F303,0.015586934052408,0.015586934052408,77.745414733887,277.25
25-SEP-2026,14.463787873482,56975,J0739+0137,0.78944021463394,88500,AP-N902-F303,0.015586934052408,0.015586934052408,76.978912353516,277.25
25-SEP-2026,14.467399016312,56975,J0739+0137,0.78866988420486,88500,AP-N901-F303,0.015586934052408,0.015586934052408,77.745414733887,277.25
25-SEP-2026,14.467399016312,56975,J0739+0137,0.78866988420486,88500,AP-N902-F303,0.015586934052408,0.015586934052408,76.978912353516,277.25
25-SEP-2026,14.47073238497,56975,J0739+0137,0.78795850276947,88500,AP-N901-F303,0.015586934052408,0.015586934052408,77.745414733887,277.25
25-SEP-2026,14.47073238497,56975,J0739+0137,0.78795850276947,88500,AP-N902-F303,0.015586934052408,0.015586934052408,76.978912353516,277.25
25-SEP-2026,14.474065752579,56975,J0739+0137,0.78724700212479,88500,AP-N901-F303,0.015586934052408,0.015586934052408,77.745414733887,277.25
25-SEP-2026,14.474065752579,56975,J0739+0137,0.78724700212479,88500,AP-N902-F303,0.015586934052408,0.015586934052408,76.978912353516,277.25
25-SEP-2026,14.477676900125,56975,J0739+0137,0.78647571802139,88500,AP-N901-F303,0.015586934052408,0.015586934052408,77.745414733887,277.25
25-SEP-2026,14.477676900125,56975,J0739+0137,0.78647571802139,88500,AP-N902-F303,0.015586934052408,0.015586934052408,76.978912353516,277.25
25-SEP-2026,14.481010264417,56975,J0739+0137,0.78576338291168,88500,AP-N901-F303,0.015586934052408,0.015586934052408,77.745414733887,277.25
25-SEP-2026,14.481010264417,56975,J0739+0137,0.78576338291168,88500,AP-N902-F303,0.015586934052408,0.015586934052408,76.978912353516,277.25
25-SEP-2026,14.484343634297,56975,J0739+0137,0.78505086898804,88500,AP-N901-F303,0.015586934052408,0.015586934052408,77.745414733887,277.25
25-SEP-2026,14.484343634297,56975,J0739+0137,0.78505086898804,88500,AP-N902-F303,0.015586934052408,0.015586934052408,76.978912353516,277.25
25-SEP-2026,14.487676998414,56975,J0739+0137,0.7843382358551,88500,AP-N901-F303,0.015586934052408,0.015586934052408,77.745414733887,277.25
25-SEP-2026,14.487676998414,56975,J0739+0137,0.7843382358551,88500,AP-N902-F303,0.015586934052408,0.015586934052408,76.978912353516,277.25
25-SEP-2026,14.491010365325,56975,J0739+0137,0.78362512588501,88500,AP-N901-F303,0.015586934052408,0.015586934052408,77.745414733887,277.25
25-SEP-2026,14.491010365325,56975,J0739+0137,0.78362512588501,88500,AP-N902-F303,0.015586934052408,0.015586934052408,76.978912353516,277.25
25-SEP-2026,14.494621514966,56975,J0739+0137,0.7828523516655,88500,AP-N901-F303,0.015586934052408,0.015586934052408,77.745414733887,277.25
25-SEP-2026,14.494621514966,56975,J0739+0137,0.7828523516655,88500,AP-N902-F303,0.015586934052408,0.015586934052408,76.978912353516,277.25
25-SEP-2026,14.497954880131,56975,J0739+0137,0.7821387052536,88500,AP-N901-F303,0.015586934052408,0.015586934052408,77.745414733887,277.25
25-SEP-2026,14.497954880131,56975,J0739+0137,0.7821387052536,88500,AP-N902-F303,0.015586934052408,0.015586934052408,76.978912353516,277.25
25-SEP-2026,14.501288247391,56975,J0739+0137,0.78142488002777,88500,AP-N901-F303,0.015586934052408,0.015586934052408,77.745414733887,277.25
25-SEP-2026,14.501288247391,56975,J0739+0137,0.78142488002777,88500,AP-N902-F303,0.015586934052408,0.015586934052408,76.978912353516,277.25
25-SEP-2026,14.504621616223,56975,J0739+0137,0.78071087598801,88500,AP-N901-F303,0.015586934052408,0.015586934052408,77.745414733887,277.25
25-SEP-2026,14.504621616223,56975,J0739+0137,0.78071087598801,88500,AP-N902-F303,0.015586934052408,0.015586934052408,76.978912353516,277.25
25-SEP-2026,14.507954982436,56975,J0739+0137,0.77999633550644,88500,AP-N901-F303,0.015586934052408,0.015586934052408,77.745414733887,277.25
25-SEP-2026,14.507954982436,56975,J0739+0137,0.77999633550644,88500,AP-N902-F303,0.015586934052408,0.015586934052408,76.978912353516,277.25
25-SEP-2026,14.511566127362,56975,J0739+0137,0.77922213077545,88500,AP-N901-F303,0.015586934052408,0.015586934052408,77.745414733887,277.25
25-SEP-2026,14.511566127362,56975,J0739+0137,0.77922213077545,88500,AP-N902-F303,0.015586934052408,0.015586934052408,76.978912353516,277.25
25-SEP-2026,14.515177278924,56975,J0739+0137,0.77844762802124,88500,AP-N901-F303,0.015586934052408,0.015586934052408,77.745414733887,277.25
25-SEP-2026,14.515177278924,56975,J0739+0137,0.77844762802124,88500,AP-N902-F303,0.015586934052408,0.015586934052408,76.978912353516,277.25
25-SEP-2026,14.518788423675,56975,J0739+0137,0.7776728272438,88500,AP-N901-F303,0.015586934052408,0.015586934052408,77.745414733887,277.25
25-SEP-2026,14.518788423675,56975,J0739+0137,0.7776728272438,88500,AP-N902-F303,0.015586934052408,0.015586934052408,76.978912353516,277.25
25-SEP-2026,14.522121791634,56975,J0739+0137,0.77695721387863,88500,AP-N901-F303,0.015586934052408,0.015586934052408,77.745414733887,277.25
25-SEP-2026,14.522121791634,56975,J0739+0137,0.77695721387863,88500,AP-N902-F303,0.015586934052408,0.015586934052408,76.978912353516,277.25
25-SEP-2026,14.525455155751,56975,J0739+0137,0.7762416601181,88500,AP-N901-F303,0.015586934052408,0.015586934052408,77.745414733887,277.25
25-SEP-2026,14.525455155751,56975,J0739+0137,0.7762416601181,88500,AP-N902-F303,0.015586934052408,0.015586934052408,76.978912353516,277.25
25-SEP-2026,14.529066302773,56975,J0739+0137,0.77546590566635,88500,AP-N901-F303,0.015586934052408,0.015586934052408,77.745414733887,277.25
25-SEP-2026,14.529066302773,56975,J0739+0137,0.77546590566635,88500,AP-N902-F303,0.015586934052408,0.015586934052408,76.978912353516,277.25
25-SEP-2026,14.653928671888,56980,J0750+1231,0.66899490356445,88500,AP-N901-F303,0.01561792101711,0.01561792101711,79.89185333252,278.04998779297
25-SEP-2026,14.653928671888,56980,J0750+1231,0.66899490356445,88500,AP-N902-F303,0.01561792101711,0.01561792101711,78.939109802246,278.04998779297
25-SEP-2026,14.671567737005,56984,J0750+1231,0.66569435596466,88500,AP-N901-F303,0.01561792101711,0.01561792101711,79.89185333252,278.04998779297
25-SEP-2026,14.671567737005,56984,J0750+1231,0.66569435596466,88500,AP-N902-F303,0.01561792101711,0.01561792101711,78.939109802246,278.04998779297
25-SEP-2026,14.674901106186,56984,J0750+1231,0.66506952047348,88500,AP-N901-F303,0.01561792101711,0.01561792101711,79.89185333252,278.04998779297
25-SEP-2026,14.674901106186,56984,J0750+1231,0.66506952047348,88500,AP-N902-F303,0.01561792101711,0.01561792101711,78.939109802246,278.04998779297
25-SEP-2026,14.678234471177,56984,J0750+1231,0.66444420814514,88500,AP-N901-F303,0.01561792101711,0.01561792101711,79.89185333252,278.04998779297
25-SEP-2026,14.678234471177,56984,J0750+1231,0.66444420814514,88500,AP-N902-F303,0.01561792101711,0.01561792101711,78.939109802246,278.04998779297
25-SEP-2026,14.681845618547,56984,J0750+1231,0.6637664437294,88500,AP-N901-F303,0.01561792101711,0.01561792101711,79.89185333252,278.04998779297
25-SEP-2026,14.681845618547,56984,J0750+1231,0.6637664437294,88500,AP-N902-F303,0.01561792101711,0.01561792101711,78.939109802246,278.04998779297
25-SEP-2026,14.685456765394,56984,J0750+1231,0.6630882024765,88500,AP-N901-F303,0.01561792101711,0.01561792101711,79.89185333252,278.04998779297
25-SEP-2026,14.685456765394,56984,J0750+1231,0.6630882024765,88500,AP-N902-F303,0.01561792101711,0.01561792101711,78.939109802246,278.04998779297
25-SEP-2026,14.68879013248,56984,J0750+1231,0.66246169805527,88500,AP-N901-F303,0.01561792101711,0.01561792101711,79.89185333252,278.04998779297
25-SEP-2026,14.68879013248,56984,J0750+1231,0.66246169805527,88500,AP-N902-F303,0.01561792101711,0.01561792101711,78.939109802246,278.04998779297
25-SEP-2026,14.692123499391,56984,J0750+1231,0.66183483600616,88500,AP-N901-F303,0.01561792101711,0.01561792101711,79.89185333252,278.04998779297
25-SEP-2026,14.692123499391,56984,J0750+1231,0.66183483600616,88500,AP-N902-F303,0.01561792101711,0.01561792101711,78.939109802246,278.04998779297
25-SEP-2026,14.695456866303,56984,J0750+1231,0.66120761632919,88500,AP-N901-F303,0.01561792101711,0.01561792101711,79.89185333252,278.04998779297
25-SEP-2026,14.695456866303,56984,J0750+1231,0.66120761632919,88500,AP-N902-F303,0.01561792101711,0.01561792101711,78.939109802246,278.04998779297
25-SEP-2026,14.699068012975,56984,J0750+1231,0.66052776575089,88500,AP-N901-F303,0.01561792101711,0.01561792101711,79.89185333252,278.04998779297
25-SEP-2026,14.699068012975,56984,J0750+1231,0.66052776575089,88500,AP-N902-F303,0.01561792101711,0.01561792101711,78.939109802246,278.04998779297
25-SEP-2026,14.70240137814,56984,J0750+1231,0.65989977121353,88500,AP-N901-F303,0.01561792101711,0.01561792101711,79.89185333252,278.04998779297
25-SEP-2026,14.70240137814,56984,J0750+1231,0.65989977121353,88500,AP-N902-F303,0.01561792101711,0.01561792101711,78.939109802246,278.04998779297
25-SEP-2026,14.705734748543,56984,J0750+1231,0.65927147865295,88500,AP-N901-F303,0.01561792101711,0.01561792101711,79.89185333252,278.04998779297
25-SEP-2026,14.705734748543,56984,J0750+1231,0.65927147865295,88500,AP-N902-F303,0.01561792101711,0.01561792101711,78.939109802246,278.04998779297
25-SEP-2026,14.709345897311,56984,J0750+1231,0.65859031677246,88500,AP-N901-F303,0.01561792101711,0.01561792101711,79.89185333252,278.04998779297
25-SEP-2026,14.709345897311,56984,J0750+1231,0.65859031677246,88500,AP-N902-F303,0.01561792101711,0.01561792101711,78.939109802246,278.04998779297
25-SEP-2026,14.712679262651,56984,J0750+1231,0.6579612493515,88500,AP-N901-F303,0.01561792101711,0.01561792101711,79.89185333252,278.04998779297
25-SEP-2026,14.712679262651,56984,J0750+1231,0.6579612493515,88500,AP-N902-F303,0.01561792101711,0.01561792101711,78.939109802246,278.04998779297
25-SEP-2026,14.71629040845,56984,J0750+1231,0.65727925300598,88500,AP-N901-F303,0.01561792101711,0.01561792101711,79.89185333252,278.04998779297
25-SEP-2026,14.71629040845,56984,J0750+1231,0.65727925300598,88500,AP-N902-F303,0.01561792101711,0.01561792101711,78.939109802246,278.04998779297
25-SEP-2026,14.755457473149,56991,J0739+0137,0.7262636423111,88500,AP-N901-F303,0.015815811231732,0.015815811231732,78.500854492188,277.35000610352
25-SEP-2026,14.755457473149,56991,J0739+0137,0.7262636423111,88500,AP-N902-F303,0.012399145402014,0.012399145402014,77.080238342285,277.35000610352
25-SEP-2026,14.759346396963,56991,J0739+0137,0.72540926933289,88500,AP-N901-F303,0.015815811231732,0.015815811231732,78.500854492188,277.35000610352
25-SEP-2026,14.759346396963,56991,J0739+0137,0.72540926933289,88500,AP-N902-F303,0.012399145402014,0.012399145402014,77.080238342285,277.35000610352
25-SEP-2026,14.762957549049,56991,J0739+0137,0.7246156334877,88500,AP-N901-F303,0.015815811231732,0.015815811231732,78.500854492188,277.35000610352
25-SEP-2026,14.762957549049,56991,J0739+0137,0.7246156334877,88500,AP-N902-F303,0.012399145402014,0.012399145402014,77.080238342285,277.35000610352
25-SEP-2026,14.766290914214,56991,J0739+0137,0.72388285398483,88500,AP-N901-F303,0.015815811231732,0.015815811231732,78.500854492188,277.35000610352
25-SEP-2026,14.766290914214,56991,J0739+0137,0.72388285398483,88500,AP-N902-F303,0.012399145402014,0.012399145402014,77.080238342285,277.35000610352
25-SEP-2026,14.769902060187,56991,J0739+0137,0.72308868169785,88500,AP-N901-F303,0.015815811231732,0.015815811231732,78.500854492188,277.35000610352
25-SEP-2026,14.769902060187,56991,J0739+0137,0.72308868169785,88500,AP-N902-F303,0.012399145402014,0.012399145402014,77.080238342285,277.35000610352
25-SEP-2026,14.773235428496,56991,J0739+0137,0.72235542535782,88500,AP-N901-F303,0.015815811231732,0.015815811231732,78.500854492188,277.35000610352
25-SEP-2026,14.773235428496,56991,J0739+0137,0.72235542535782,88500,AP-N902-F303,0.012399145402014,0.012399145402014,77.080238342285,277.35000610352
25-SEP-2026,14.776568796105,56991,J0739+0137,0.7216220498085,88500,AP-N901-F303,0.015815811231732,0.015815811231732,78.500854492188,277.35000610352
25-SEP-2026,14.776568796105,56991,J0739+0137,0.7216220498085,88500,AP-N902-F303,0.012399145402014,0.012399145402014,77.080238342285,277.35000610352
25-SEP-2026,14.779902164239,56991,J0739+0137,0.72088831663132,88500,AP-N901-F303,0.015815811231732,0.015815811231732,78.500854492188,277.35000610352
25-SEP-2026,14.779902164239,56991,J0739+0137,0.72088831663132,88500,AP-N902-F303,0.012399145402014,0.012399145402014,77.080238342285,277.35000610352
25-SEP-2026,14.783235528181,56991,J0739+0137,0.72015446424484,88500,AP-N901-F303,0.015815811231732,0.015815811231732,78.500854492188,277.35000610352
25-SEP-2026,14.783235528181,56991,J0739+0137,0.72015446424484,88500,AP-N902-F303,0.012399145402014,0.012399145402014,77.080238342285,277.35000610352
25-SEP-2026,14.786568895442,56991,J0739+0137,0.7194202542305,88500,AP-N901-F303,0.015815811231732,0.015815811231732,78.500854492188,277.35000610352
25-SEP-2026,14.786568895442,56991,J0739+0137,0.7194202542305,88500,AP-N902-F303,0.012399145402014,0.012399145402014,77.080238342285,277.35000610352
25-SEP-2026,14.790180042463,56991,J0739+0137,0.71862477064133,88500,AP-N901-F303,0.015815811231732,0.015815811231732,78.500854492188,277.35000610352
25-SEP-2026,14.790180042463,56991,J0739+0137,0.71862477064133,88500,AP-N902-F303,0.012399145402014,0.012399145402014,77.080238342285,277.35000610352
25-SEP-2026,14.79379118966,56991,J0739+0137,0.71782904863358,88500,AP-N901-F303,0.015815811231732,0.015815811231732,78.500854492188,277.35000610352
25-SEP-2026,14.79379118966,56991,J0739+0137,0.71782904863358,88500,AP-N902-F303,0.012399145402014,0.012399145402014,77.080238342285,277.35000610352
25-SEP-2026,14.797124559365,56991,J0739+0137,0.71709430217743,88500,AP-N901-F303,0.015815811231732,0.015815811231732,78.500854492188,277.35000610352
25-SEP-2026,14.797124559365,56991,J0739+0137,0.71709430217743,88500,AP-N902-F303,0.012399145402014,0.012399145402014,77.080238342285,277.35000610352
25-SEP-2026,14.800457926101,56991,J0739+0137,0.71635955572128,88500,AP-N901-F303,0.015815811231732,0.015815811231732,78.500854492188,277.35000610352
25-SEP-2026,14.800457926101,56991,J0739+0137,0.71635955572128,88500,AP-N902-F303,0.012399145402014,0.012399145402014,77.080238342285,277.35000610352
25-SEP-2026,14.804069073472,56991,J0739+0137,0.7155629992485,88500,AP-N901-F303,0.015815811231732,0.015815811231732,78.500854492188,277.35000610352
25-SEP-2026,14.804069073472,56991,J0739+0137,0.7155629992485,88500,AP-N902-F303,0.012399145402014,0.012399145402014,77.080238342285,277.35000610352
25-SEP-2026,14.807680220668,56991,J0739+0137,0.71476626396179,88500,AP-N901-F303,0.015815811231732,0.015815811231732,78.500854492188,277.35000610352
25-SEP-2026,14.807680220668,56991,J0739+0137,0.71476626396179,88500,AP-N902-F303,0.012399145402014,0.012399145402014,77.080238342285,277.35000610352
25-SEP-2026,14.811013587405,56991,J0739+0137,0.71403068304062,88500,AP-N901-F303,0.015815811231732,0.015815811231732,78.500854492188,277.35000610352
25-SEP-2026,14.811013587405,56991,J0739+0137,0.71403068304062,88500,AP-N902-F303,0.012399145402014,0.012399145402014,77.080238342285,277.35000610352
25-SEP-2026,14.814346951697,56991,J0739+0137,0.71329480409622,88500,AP-N901-F303,0.015815811231732,0.015815811231732,78.500854492188,277.35000610352
25-SEP-2026,14.814346951697,56991,J0739+0137,0.71329480409622,88500,AP-N902-F303,0.012399145402014,0.012399145402014,77.080238342285,277.35000610352
25-SEP-2026,14.81768031983,56991,J0739+0137,0.71255868673325,88500,AP-N901-F303,0.015815811231732,0.015815811231732,78.500854492188,277.35000610352
25-SEP-2026,14.81768031983,56991,J0739+0137,0.71255868673325,88500,AP-N902-F303,0.012399145402014,0.012399145402014,77.080238342285,277.35000610352
25-SEP-2026,14.821013687265,56991,J0739+0137,0.71182250976563,88500,AP-N901-F303,0.015815811231732,0.015815811231732,78.500854492188,277.35000610352
25-SEP-2026,14.821013687265,56991,J0739+0137,0.71182250976563,88500,AP-N902-F303,0.012399145402014,0.012399145402014,77.080238342285,277.35000610352
25-SEP-2026,14.824624835335,56991,J0739+0137,0.71102476119995,88500,AP-N901-F303,0.015815811231732,0.015815811231732,78.500854492188,277.35000610352
25-SEP-2026,14.824624835335,56991,J0739+0137,0.71102476119995,88500,AP-N902-F303,0.012399145402014,0.012399145402014,77.080238342285,277.35000610352
25-SEP-2026,14.828235981308,56991,J0739+0137,0.71022665500641,88500,AP-N901-F303,0.015815811231732,0.015815811231732,78.500854492188,277.35000610352
25-SEP-2026,14.828235981308,56991,J0739+0137,0.71022665500641,88500,AP-N902-F303,0.012399145402014,0.012399145402014,77.080238342285,277.35000610352
25-SEP-2026,14.832124909662,56991,J0739+0137,0.70936703681946,88500,AP-N901-F303,0.015815811231732,0.015815811231732,78.500854492188,277.35000610352
25-SEP-2026,14.832124909662,56991,J0739+0137,0.70936703681946,88500,AP-N902-F303,0.012399145402014,0.012399145402014,77.080238342285,277.35000610352
25-SEP-2026,14.835458277971,56991,J0739+0137,0.70862984657288,88500,AP-N901-F303,0.015815811231732,0.015815811231732,78.500854492188,277.35000610352
25-SEP-2026,14.835458277971,56991,J0739+0137,0.70862984657288,88500,AP-N902-F303,0.012399145402014,0.012399145402014,77.080238342285,277.35000610352
25-SEP-2026,14.8387916482,56991,J0739+0137,0.70789247751236,88500,AP-N901-F303,0.015815811231732,0.015815811231732,78.500854492188,277.35000610352
25-SEP-2026,14.8387916482,56991,J0739+0137,0.70789247751236,88500,AP-N902-F303,0.012399145402014,0.012399145402014,77.080238342285,277.35000610352
25-SEP-2026,14.842125013539,56991,J0739+0137,0.7071550488472,88500,AP-N901-F303,0.015815811231732,0.015815811231732,78.500854492188,277.35000610352
25-SEP-2026,14.842125013539,56991,J0739+0137,0.7071550488472,88500,AP-N902-F303,0.012399145402014,0.012399145402014,77.080238342285,277.35000610352
25-SEP-2026,14.845736159513,56991,J0739+0137,0.70635586977005,88500,AP-N901-F303,0.015815811231732,0.015815811231732,78.500854492188,277.35000610352
25-SEP-2026,14.845736159513,56991,J0739+0137,0.70635586977005,88500,AP-N902-F303,0.012399145402014,0.012399145402014,77.080238342285,277.35000610352
25-SEP-2026,14.849069524853,56991,J0739+0137,0.70561796426773,88500,AP-N901-F303,0.015815811231732,0.015815811231732,78.500854492188,277.35000610352
25-SEP-2026,14.849069524853,56991,J0739+0137,0.70561796426773,88500,AP-N902-F303,0.012399145402014,0.012399145402014,77.080238342285,277.35000610352
25-SEP-2026,14.852402891938,56991,J0739+0137,0.70487976074219,88500,AP-N901-F303,0.015815811231732,0.015815811231732,78.500854492188,277.35000610352
25-SEP-2026,14.852402891938,56991,J0739+0137,0.70487976074219,88500,AP-N902-F303,0.012399145402014,0.012399145402014,77.080238342285,277.35000610352
25-SEP-2026,14.856014039309,56991,J0739+0137,0.70407992601395,88500,AP-N901-F303,0.015815811231732,0.015815811231732,78.500854492188,277.35000610352
25-SEP-2026,14.856014039309,56991,J0739+0137,0.70407992601395,88500,AP-N902-F303,0.012399145402014,0.012399145402014,77.080238342285,277.35000610352
25-SEP-2026,14.859625186505,56991,J0739+0137,0.70327985286713,88500,AP-N901-F303,0.015815811231732,0.015815811231732,78.500854492188,277.35000610352
25-SEP-2026,14.859625186505,56991,J0739+0137,0.70327985286713,88500,AP-N902-F303,0.012399145402014,0.012399145402014,77.080238342285,277.35000610352
25-SEP-2026,14.862958555687,56991,J0739+0137,0.70254105329514,88500,AP-N901-F303,0.015815811231732,0.015815811231732,78.500854492188,277.35000610352
25-SEP-2026,14.862958555687,56991,J0739+0137,0.70254105329514,88500,AP-N902-F303,0.012399145402014,0.012399145402014,77.080238342285,277.35000610352
25-SEP-2026,1.4876404252474,56304,BLLAC,0.41137352585793,88500,AP-N901-F303,0,0,0,0
25-SEP-2026,1.4876404252474,56304,BLLAC,0.41137352585793,88500,AP-N902-F303,0,0,0,0
25-SEP-2026,1.5041683639858,56308,BLLAC,0.41206336021423,88500,AP-N901-F303,0,0,0,0
25-SEP-2026,1.5041683639858,56308,BLLAC,0.41206336021423,88500,AP-N902-F303,0,0,0,0
25-SEP-2026,1.5077795115311,56308,BLLAC,0.41221287846565,88500,AP-N901-F303,0,0,0,0
25-SEP-2026,1.5077795115311,56308,BLLAC,0.41221287846565,88500,AP-N902-F303,0,0,0,0
25-SEP-2026,1.5111128765215,56308,BLLAC,0.41235002875328,88500,AP-N901-F303,0,0,0,0
25-SEP-2026,1.5111128765215,56308,BLLAC,0.41235002875328,88500,AP-N902-F303,0,0,0,0
25-SEP-2026,1.5144462455282,56308,BLLAC,0.41248649358749,88500,AP-N901-F303,0,0,0,0
25-SEP-2026,1.5144462455282,56308,BLLAC,0.41248649358749,88500,AP-N902-F303,0,0,0,0
25-SEP-2026,1.5177796110424,56308,BLLAC,0.41262245178223,88500,AP-N901-F303,0,0,0,0
25-SEP-2026,1.5177796110424,56308,BLLAC,0.41262245178223,88500,AP-N902-F303,0,0,0,0
25-SEP-2026,1.5211129793506,56308,BLLAC,0.41275784373283,88500,AP-N901-F303,0,0,0,0
25-SEP-2026,1.5211129793506,56308,BLLAC,0.41275784373283,88500,AP-N902-F303,0,0,0,0
25-SEP-2026,1.524724125499,56308,BLLAC,0.41290387511253,88500,AP-N901-F303,0,0,0,0
25-SEP-2026,1.524724125499,56308,BLLAC,0.41290387511253,88500,AP-N902-F303,0,0,0,0
25-SEP-2026,1.5280574929341,56308,BLLAC,0.41303810477257,88500,AP-N901-F303,0,0,0,0
25-SEP-2026,1.5280574929341,56308,BLLAC,0.41303810477257,88500,AP-N902-F303,0,0,0,0
25-SEP-2026,1.5313908610676,56308,BLLAC,0.41317170858383,88500,AP-N901-F303,0,0,0,0
25-SEP-2026,1.5313908610676,56308,BLLAC,0.41317170858383,88500,AP-N902-F303,0,0,0,0
25-SEP-2026,1.5350020073906,56308,BLLAC,0.41331598162651,88500,AP-N901-F303,0,0,0,0
25-SEP-2026,1.5350020073906,56308,BLLAC,0.41331598162651,88500,AP-N902-F303,0,0,0,0
25-SEP-2026,1.5383353743019,56308,BLLAC,0.41344857215881,88500,AP-N901-F303,0,0,0,0
25-SEP-2026,1.5383353743019,56308,BLLAC,0.41344857215881,88500,AP-N902-F303,0,0,0,0
25-SEP-2026,1.5416687417369,56308,BLLAC,0.41358056664467,88500,AP-N901-F303,0,0,0,0
25-SEP-2026,1.5416687417369,56308,BLLAC,0.41358056664467,88500,AP-N902-F303,0,0,0,0
25-SEP-2026,1.5450021088228,56308,BLLAC,0.41371202468872,88500,AP-N901-F303,0,0,0,0
25-SEP-2026,1.5450021088228,56308,BLLAC,0.41371202468872,88500,AP-N902-F303,0,0,0,0
25-SEP-2026,1.5483354727654,56308,BLLAC,0.41384294629097,88500,AP-N901-F303,0,0,0,0
25-SEP-2026,1.5483354727654,56308,BLLAC,0.41384294629097,88500,AP-N902-F303,0,0,0,0
25-SEP-2026,1.5875025341468,56315,J2203+3145,0.59464800357819,88500,AP-N901-F303,0.015240793116391,0.015240793116391,82.982147216797,274.45001220703
25-SEP-2026,1.5875025341468,56315,J2203+3145,0.59464800357819,88500,AP-N902-F303,0.015240793116391,0.015240793116391,81.279396057129,274.45001220703
25-SEP-2026,1.5908359017565,56315,J2203+3145,0.59480774402618,88500,AP-N901-F303,0.015240793116391,0.015240793116391,82.982147216797,274.45001220703
25-SEP-2026,1.5908359017565,56315,J2203+3145,0.59480774402618,88500,AP-N902-F303,0.015240793116391,0.015240793116391,81.279396057129,274.45001220703
25-SEP-2026,1.5947248304599,56315,J2203+3145,0.59499305486679,88500,AP-N901-F303,0.015240793116391,0.015240793116391,82.982147216797,274.45001220703
25-SEP-2026,1.5947248304599,56315,J2203+3145,0.59499305486679,88500,AP-N902-F303,0.015240793116391,0.015240793116391,81.279396057129,274.45001220703
25-SEP-2026,1.5980581956249,56315,J2203+3145,0.5951509475708,88500,AP-N901-F303,0.015240793116391,0.015240793116391,82.982147216797,274.45001220703
25-SEP-2026,1.5980581956249,56315,J2203+3145,0.5951509475708,88500,AP-N902-F303,0.015240793116391,0.015240793116391,81.279396057129,274.45001220703
25-SEP-2026,1.601391564457,56315,J2203+3145,0.59530836343765,88500,AP-N901-F303,0.015240793116391,0.015240793116391,82.982147216797,274.45001220703
25-SEP-2026,1.601391564457,56315,J2203+3145,0.59530836343765,88500,AP-N902-F303,0.015240793116391,0.015240793116391,81.279396057129,274.45001220703
25-SEP-2026,1.6047249301458,56315,J2203+3145,0.59546506404877,88500,AP-N901-F303,0.015240793116391,0.015240793116391,82.982147216797,274.45001220703
25-SEP-2026,1.6047249301458,56315,J2203+3145,0.59546506404877,88500,AP-N902-F303,0.015240793116391,0.015240793116391,81.279396057129,274.45001220703
25-SEP-2026,1.6086138569283,56315,J2203+3145,0.59564691781998,88500,AP-N901-F303,0.015240793116391,0.015240793116391,82.982147216797,274.45001220703
25-SEP-2026,1.6086138569283,56315,J2203+3145,0.59564691781998,88500,AP-N902-F303,0.015240793116391,0.015240793116391,81.279396057129,274.45001220703
25-SEP-2026,1.6130583460269,56315,J2203+3145,0.59585362672806,88500,AP-N901-F303,0.015240793116391,0.015240793116391,82.982147216797,274.45001220703
25-SEP-2026,1.6130583460269,56315,J2203+3145,0.59585362672806,88500,AP-N902-F303,0.015240793116391,0.015240793116391,81.279396057129,274.45001220703
25-SEP-2026,1.616391713462,56315,J2203+3145,0.59600788354874,88500,AP-N901-F303,0.015240793116391,0.015240793116391,82.982147216797,274.45001220703
25-SEP-2026,1.616391713462,56315,J2203+3145,0.59600788354874,88500,AP-N902-F303,0.015240793116391,0.015240793116391,81.279396057129,274.45001220703
25-SEP-2026,1.6197250826433,56315,J2203+3145,0.59616136550903,88500,AP-N901-F303,0.015240793116391,0.015240793116391,82.982147216797,274.45001220703
25-SEP-2026,1.6197250826433,56315,J2203+3145,0.59616136550903,88500,AP-N902-F303,0.015240793116391,0.015240793116391,81.279396057129,274.45001220703
25-SEP-2026,1.6230584476336,56315,J2203+3145,0.59631425142288,88500,AP-N901-F303,0.015240793116391,0.015240793116391,82.982147216797,274.45001220703
25-SEP-2026,1.6230584476336,56315,J2203+3145,0.59631425142288,88500,AP-N902-F303,0.015240793116391,0.015240793116391,81.279396057129,274.45001220703
25-SEP-2026,1.6266695950044,56315,J2203+3145,0.59647899866104,88500,AP-N901-F303,0.015240793116391,0.015240793116391,82.982147216797,274.45001220703
25-SEP-2026,1.6266695950044,56315,J2203+3145,0.59647899866104,88500,AP-N902-F303,0.015240793116391,0.015240793116391,81.279396057129,274.45001220703
25-SEP-2026,1.630002966805,56315,J2203+3145,0.59663039445877,88500,AP-N901-F303,0.015240793116391,0.015240793116391,82.982147216797,274.45001220703
25-SEP-2026,1.630002966805,56315,J2203+3145,0.59663039445877,88500,AP-N902-F303,0.015240793116391,0.015240793116391,81.279396057129,274.45001220703
25-SEP-2026,1.6333363295253,56315,J2203+3145,0.59678113460541,88500,AP-N901-F303,0.015240793116391,0.015240793116391,82.982147216797,274.45001220703
25-SEP-2026,1.6333363295253,56315,J2203+3145,0.59678113460541,88500,AP-N902-F303,0.015240793116391,0.015240793116391,81.279396057129,274.45001220703
25-SEP-2026,1.6366696948649,56315,J2203+3145,0.59693109989166,88500,AP-N901-F303,0.015240793116391,0.015240793116391,82.982147216797,274.45001220703
25-SEP-2026,1.6366696948649,56315,J2203+3145,0.59693109989166,88500,AP-N902-F303,0.015240793116391,0.015240793116391,81.279396057129,274.45001220703
25-SEP-2026,1.6402808438073,56315,J2203+3145,0.59709286689758,88500,AP-N901-F303,0.015240793116391,0.015240793116391,82.982147216797,274.45001220703
25-SEP-2026,1.6402808438073,56315,J2203+3145,0.59709286689758,88500,AP-N902-F303,0.015240793116391,0.015240793116391,81.279396057129,274.45001220703
25-SEP-2026,1.6441697704152,56315,J2203+3145,0.59726601839066,88500,AP-N901-F303,0.015240793116391,0.015240793116391,82.982147216797,274.45001220703
25-SEP-2026,1.6441697704152,56315,J2203+3145,0.59726601839066,88500,AP-N902-F303,0.015240793116391,0.015240793116391,81.279396057129,274.45001220703
25-SEP-2026,1.6475031392472,56315,J2203+3145,0.59741371870041,88500,AP-N901-F303,0.015240793116391,0.015240793116391,82.982147216797,274.45001220703
25-SEP-2026,1.6475031392472,56315,J2203+3145,0.59741371870041,88500,AP-N902-F303,0.015240793116391,0.015240793116391,81.279396057129,274.45001220703
25-SEP-2026,1.6508365080793,56315,J2203+3145,0.59756082296371,88500,AP-N901-F303,0.015240793116391,0.015240793116391,82.982147216797,274.45001220703
25-SEP-2026,1.6508365080793,56315,J2203+3145,0.59756082296371,88500,AP-N902-F303,0.015240793116391,0.015240793116391,81.279396057129,274.45001220703
25-SEP-2026,1.6541698702757,56315,J2203+3145,0.59770715236664,88500,AP-N901-F303,0.015240793116391,0.015240793116391,82.982147216797,274.45001220703
25-SEP-2026,1.6541698702757,56315,J2203+3145,0.59770715236664,88500,AP-N902-F303,0.015240793116391,0.015240793116391,81.279396057129,274.45001220703
25-SEP-2026,1.6577810195673,56315,J2203+3145,0.59786486625671,88500,AP-N901-F303,0.015240793116391,0.015240793116391,82.982147216797,274.45001220703
25-SEP-2026,1.6577810195673,56315,J2203+3145,0.59786486625671,88500,AP-N902-F303,0.015240793116391,0.015240793116391,81.279396057129,274.45001220703
25-SEP-2026,1.6611143847323,56315,J2203+3145,0.59800976514816,88500,AP-N901-F303,0.015240793116391,0.015240793116391,82.982147216797,274.45001220703
25-SEP-2026,1.6611143847323,56315,J2203+3145,0.59800976514816,88500,AP-N902-F303,0.015240793116391,0.015240793116391,81.279396057129,274.45001220703
25-SEP-2026,1.6644477512942,56315,J2203+3145,0.59815394878387,88500,AP-N901-F303,0.015240793116391,0.015240793116391,82.982147216797,274.45001220703
25-SEP-2026,1.6644477512942,56315,J2203+3145,0.59815394878387,88500,AP-N902-F303,0.015240793116391,0.015240793116391,81.279396057129,274.45001220703
25-SEP-2026,1.6680588983157,56315,J2203+3145,0.59830939769745,88500,AP-N901-F303,0.015240793116391,0.015240793116391,82.982147216797,274.45001220703
25-SEP-2026,1.6680588983157,56315,J2203+3145,0.59830939769745,88500,AP-N902-F303,0.015240793116391,0.015240793116391,81.279396057129,274.45001220703
25-SEP-2026,1.6713922657508,56315,J2203+3145,0.59845209121704,88500,AP-N901-F303,0.015240793116391,0.015240793116391,82.982147216797,274.45001220703
25-SEP-2026,1.6713922657508,56315,J2203+3145,0.59845209121704,88500,AP-N902-F303,0.015240793116391,0.015240793116391,81.279396057129,274.45001220703
25-SEP-2026,1.674725635456,56315,J2203+3145,0.5985940694809,88500,AP-N901-F303,0.015240793116391,0.015240793116391,82.982147216797,274.45001220703
25-SEP-2026,1.674725635456,56315,J2203+3145,0.5985940694809,88500,AP-N902-F303,0.015240793116391,0.015240793116391,81.279396057129,274.45001220703
25-SEP-2026,1.6783367824775,56315,J2203+3145,0.59874725341797,88500,AP-N901-F303,0.015240793116391,0.015240793116391,82.982147216797,274.45001220703
25-SEP-2026,1.6783367824775,56315,J2203+3145,0.59874725341797,88500,AP-N902-F303,0.015240793116391,0.015240793116391,81.279396057129,274.45001220703
25-SEP-2026,1.6816701465947,56315,J2203+3145,0.59888780117035,88500,AP-N901-F303,0.015240793116391,0.015240793116391,82.982147216797,274.45001220703
25-SEP-2026,1.6816701465947,56315,J2203+3145,0.59888780117035,88500,AP-N902-F303,0.015240793116391,0.015240793116391,81.279396057129,274.45001220703
25-SEP-2026,1.6850035145537,56315,J2203+3145,0.59902763366699,88500,AP-N901-F303,0.015240793116391,0.015240793116391,82.982147216797,274.45001220703
25-SEP-2026,1.6850035145537,56315,J2203+3145,0.59902763366699,88500,AP-N902-F303,0.015240793116391,0.015240793116391,81.279396057129,274.45001220703
25-SEP-2026,1.6886146617498,56315,J2203+3145,0.59917831420898,88500,AP-N901-F303,0.015240793116391,0.015240793116391,82.982147216797,274.45001220703
25-SEP-2026,1.6886146617498,56315,J2203+3145,0.59917831420898,88500,AP-N902-F303,0.015240793116391,0.015240793116391,81.279396057129,274.45001220703
25-SEP-2026,1.6919480307565,56315,J2203+3145,0.5993167757988,88500,AP-N901-F303,0.015240793116391,0.015240793116391,82.982147216797,274.45001220703
25-SEP-2026,1.6919480307565,56315,J2203+3145,0.5993167757988,88500,AP-N902-F303,0.015240793116391,0.015240793116391,81.279396057129,274.45001220703
25-SEP-2026,1.6955591762064,56315,J2203+3145,0.59946584701538,88500,AP-N901-F303,0.015240793116391,0.015240793116391,82.982147216797,274.45001220703
25-SEP-2026,1.6955591762064,56315,J2203+3145,0.59946584701538,88500,AP-N902-F303,0.015240793116391,0.015240793116391,81.279396057129,274.45001220703
25-SEP-2026,18.124302778171,57008,1308+326,0.59064537286758,88500,AP-N901-F303,0,0,93.162658691406,278.35000610352
25-SEP-2026,18.124302778171,57008,1308+326,0.59064537286758,88500,AP-N902-F303,0,0,92.54662322998,278.35000610352
25-SEP-2026,18.165553203476,57012,1308+326,0.58868777751923,88500,AP-N901-F303,0,0,93.162658691406,278.35000610352
25-SEP-2026,18.165553203476,57012,1308+326,0.58868777751923,88500,AP-N902-F303,0,0,92.54662322998,278.35000610352
25-SEP-2026,18.320138120003,57017,1420+326,0.6034659743309,88500,AP-N901-F303,0.017532235011458,0.017532235011458,82.532569885254,278.54998779297
25-SEP-2026,18.320138120003,57017,1420+326,0.6034659743309,88500,AP-N902-F303,0.015026964247227,0.015026964247227,81.155456542969,278.54998779297
25-SEP-2026,18.3688886247,57021,1420+326,0.60428154468536,88500,AP-N901-F303,0.017532235011458,0.017532235011458,82.532569885254,278.54998779297
25-SEP-2026,18.3688886247,57021,1420+326,0.60428154468536,88500,AP-N902-F303,0.015026964247227,0.015026964247227,81.155456542969,278.54998779297
25-SEP-2026,18.485278708834,57028,1308+326,0.57009243965149,88500,AP-N901-F303,0.016963172703981,0.016963172703981,83.974952697754,278.45001220703
25-SEP-2026,18.485278708834,57028,1308+326,0.57009243965149,88500,AP-N902-F303,0.016963172703981,0.016963172703981,82.838661193848,278.45001220703
25-SEP-2026,18.654030440146,57033,1420+326,0.60603368282318,88500,AP-N901-F303,0.017379267141223,0.017379267141223,82.558280944824,278.64999389648
25-SEP-2026,18.654030440146,57033,1420+326,0.60603368282318,88500,AP-N902-F303,0.014162269420922,0.014162269420922,80.874160766602,278.64999389648
25-SEP-2026,18.708475447407,57037,1420+326,0.60574716329575,88500,AP-N901-F303,0.017379267141223,0.017379267141223,82.558280944824,278.64999389648
25-SEP-2026,18.708475447407,57037,1420+326,0.60574716329575,88500,AP-N902-F303,0.014162269420922,0.014162269420922,80.874160766602,278.64999389648
25-SEP-2026,18.824309971146,57044,1308+326,0.54387658834457,88500,AP-N901-F303,0.017092149704695,0.017092149704695,83.287826538086,278.35000610352
25-SEP-2026,18.824309971146,57044,1308+326,0.54387658834457,88500,AP-N902-F303,0.016179241240025,0.016179241240025,82.476516723633,278.35000610352
25-SEP-2026,18.986950528507,57049,1420+326,0.60136526823044,88500,AP-N901-F303,0.017062623053789,0.017062623053789,81.801872253418,279.04998779297
25-SEP-2026,18.986950528507,57049,1420+326,0.60136526823044,88500,AP-N902-F303,0.016972588375211,0.016972588375211,81.048652648926,279.04998779297
25-SEP-2026,19.042089984995,57053,1420+326,0.59988456964493,88500,AP-N901-F303,0.017062623053789,0.017062623053789,81.801872253418,279.04998779297
25-SEP-2026,19.042089984995,57053,1420+326,0.59988456964493,88500,AP-N902-F303,0.016972588375211,0.016972588375211,81.048652648926,279.04998779297
25-SEP-2026,19.158202290416,57060,1308+326,0.51200807094574,88500,AP-N901-F303,0.017386227846146,0.017386227846146,85.675598144531,278.64999389648
25-SEP-2026,19.158202290416,57060,1308+326,0.51200807094574,88500,AP-N902-F303,0.017386227846146,0.017386227846146,84.469047546387,278.64999389648
25-SEP-2026,1.9296749829211,56324,CHI-CYG,0.49379450082779,88500,AP-N901-F303,0,0,0,0
25-SEP-2026,1.9296749829211,56324,CHI-CYG,0.49379450082779,88500,AP-N902-F303,0,0,0,0
25-SEP-2026,19.320426184946,57065,1420+326,0.58955693244934,88500,AP-N901-F303,0.017190204933286,0.017190204933286,83.80638885498,277.45001220703
25-SEP-2026,19.320426184946,57065,1420+326,0.58955693244934,88500,AP-N902-F303,0.017190204933286,0.017190204933286,82.609962463379,277.45001220703
25-SEP-2026,1.9330083505308,56324,CHI-CYG,0.49344351887703,88500,AP-N901-F303,0,0,0,0
25-SEP-2026,1.9330083505308,56324,CHI-CYG,0.49344351887703,88500,AP-N902-F303,0,0,0,0
25-SEP-2026,1.9363417141242,56324,CHI-CYG,0.49309203028679,88500,AP-N901-F303,0,0,0,0
25-SEP-2026,1.9363417141242,56324,CHI-CYG,0.49309203028679,88500,AP-N902-F303,0,0,0,0
25-SEP-2026,19.375148960443,57069,1420+326,0.58693814277649,88500,AP-N901-F303,0.017190204933286,0.017190204933286,83.80638885498,277.45001220703
25-SEP-2026,19.375148960443,57069,1420+326,0.58693814277649,88500,AP-N902-F303,0.017190204933286,0.017190204933286,82.609962463379,277.45001220703
25-SEP-2026,1.9396750827816,56324,CHI-CYG,0.49274003505707,88500,AP-N901-F303,0,0,0,0
25-SEP-2026,1.9396750827816,56324,CHI-CYG,0.49274003505707,88500,AP-N902-F303,0,0,0,0
25-SEP-2026,1.9432862301524,56324,CHI-CYG,0.49235820770264,88500,AP-N901-F303,0,0,0,0
25-SEP-2026,1.9432862301524,56324,CHI-CYG,0.49235820770264,88500,AP-N902-F303,0,0,0,0
25-SEP-2026,1.9466195981113,56324,CHI-CYG,0.49200513958931,88500,AP-N901-F303,0,0,0,0
25-SEP-2026,1.9466195981113,56324,CHI-CYG,0.49200513958931,88500,AP-N902-F303,0,0,0,0
25-SEP-2026,1.9502307440851,56324,CHI-CYG,0.49162203073502,88500,AP-N901-F303,0,0,0,0
25-SEP-2026,1.9502307440851,56324,CHI-CYG,0.49162203073502,88500,AP-N902-F303,0,0,0,0
25-SEP-2026,1.9538418921543,56324,CHI-CYG,0.49123829603195,88500,AP-N901-F303,0,0,0,0
25-SEP-2026,1.9538418921543,56324,CHI-CYG,0.49123829603195,88500,AP-N902-F303,0,0,0,0
25-SEP-2026,1.957175258367,56324,CHI-CYG,0.4908834695816,88500,AP-N901-F303,0,0,0,0
25-SEP-2026,1.957175258367,56324,CHI-CYG,0.4908834695816,88500,AP-N902-F303,0,0,0,0
25-SEP-2026,19.591346374946,57079,RX-BOO,0.68847751617432,88500,AP-N901-F303,0.011646553874016,0.011646553874016,78.266319274902,277.75
25-SEP-2026,19.591346374946,57079,RX-BOO,0.68847751617432,88500,AP-N902-F303,0.017749655991793,0.017749655991793,78.13508605957,277.75
25-SEP-2026,1.960508626326,56324,CHI-CYG,0.49052819609642,88500,AP-N901-F303,0,0,0,0
25-SEP-2026,1.960508626326,56324,CHI-CYG,0.49052819609642,88500,AP-N902-F303,0,0,0,0
25-SEP-2026,1.9641197736967,56324,CHI-CYG,0.49014267325401,88500,AP-N901-F303,0,0,0,0
25-SEP-2026,1.9641197736967,56324,CHI-CYG,0.49014267325401,88500,AP-N902-F303,0,0,0,0
25-SEP-2026,19.655058959441,57080,1420+326,0.5707893371582,88500,AP-N901-F303,0.011646553874016,0.011646553874016,78.266319274902,277.75
25-SEP-2026,19.655058959441,57080,1420+326,0.5707893371582,88500,AP-N902-F303,0.017749655991793,0.017749655991793,78.13508605957,277.75
25-SEP-2026,1.9674531400841,56324,CHI-CYG,0.48978632688522,88500,AP-N901-F303,0,0,0,0
25-SEP-2026,1.9674531400841,56324,CHI-CYG,0.48978632688522,88500,AP-N902-F303,0,0,0,0
25-SEP-2026,19.708115055673,57084,1420+326,0.56718701124191,88500,AP-N901-F303,0.011646553874016,0.011646553874016,78.266319274902,277.75
25-SEP-2026,19.708115055673,57084,1420+326,0.56718701124191,88500,AP-N902-F303,0.017749655991793,0.017749655991793,78.13508605957,277.75
25-SEP-2026,1.9710642871056,56324,CHI-CYG,0.48939970135689,88500,AP-N901-F303,0,0,0,0
25-SEP-2026,1.9710642871056,56324,CHI-CYG,0.48939970135689,88500,AP-N902-F303,0,0,0,0
25-SEP-2026,1.9743976545407,56324,CHI-CYG,0.4890421628952,88500,AP-N901-F303,0,0,0,0
25-SEP-2026,1.9743976545407,56324,CHI-CYG,0.4890421628952,88500,AP-N902-F303,0,0,0,0
25-SEP-2026,1.9777310216265,56324,CHI-CYG,0.48868426680565,88500,AP-N901-F303,0,0,0,0
25-SEP-2026,1.9777310216265,56324,CHI-CYG,0.48868426680565,88500,AP-N902-F303,0,0,0,0
25-SEP-2026,1.9810643853945,56324,CHI-CYG,0.488325715065,88500,AP-N901-F303,0,0,0,0
25-SEP-2026,1.9810643853945,56324,CHI-CYG,0.488325715065,88500,AP-N902-F303,0,0,0,0
25-SEP-2026,19.825338482408,57091,1308+326,0.4324763417244,88500,AP-N901-F303,0.016603300347924,0.016603300347924,88.356178283691,277.54998779297
25-SEP-2026,19.825338482408,57091,1308+326,0.4324763417244,88500,AP-N902-F303,0.012765886262059,0.012765886262059,86.338333129883,277.54998779297
25-SEP-2026,1.9846755360831,56324,CHI-CYG,0.4879367351532,88500,AP-N901-F303,0,0,0,0
25-SEP-2026,1.9846755360831,56324,CHI-CYG,0.4879367351532,88500,AP-N902-F303,0,0,0,0
25-SEP-2026,1.9882866804852,56324,CHI-CYG,0.48754718899727,88500,AP-N901-F303,0,0,0,0
25-SEP-2026,1.9882866804852,56324,CHI-CYG,0.48754718899727,88500,AP-N902-F303,0,0,0,0
25-SEP-2026,1.9918978296022,56324,CHI-CYG,0.4871569275856,88500,AP-N901-F303,0,0,0,0
25-SEP-2026,1.9918978296022,56324,CHI-CYG,0.4871569275856,88500,AP-N902-F303,0,0,0,0
25-SEP-2026,1.9952311949418,56324,CHI-CYG,0.48679614067078,88500,AP-N901-F303,0,0,0,0
25-SEP-2026,1.9952311949418,56324,CHI-CYG,0.48679614067078,88500,AP-N902-F303,0,0,0,0
25-SEP-2026,1.9985645608053,56324,CHI-CYG,0.48643493652344,88500,AP-N901-F303,0,0,0,0
25-SEP-2026,1.9985645608053,56324,CHI-CYG,0.48643493652344,88500,AP-N902-F303,0,0,0,0
25-SEP-2026,19.987284595256,57096,1420+326,0.54567927122116,88500,AP-N901-F303,0.016674427315593,0.016674427315593,83.752296447754,277.25
25-SEP-2026,19.987284595256,57096,1420+326,0.54567927122116,88500,AP-N902-F303,0.016674427315593,0.016674427315593,82.784996032715,277.25
25-SEP-2026,2.0021757116685,56324,CHI-CYG,0.48604294657707,88500,AP-N901-F303,0,0,0,0
25-SEP-2026,2.0021757116685,56324,CHI-CYG,0.48604294657707,88500,AP-N902-F303,0,0,0,0
25-SEP-2026,20.041174030596,57100,1420+326,0.54101568460464,88500,AP-N901-F303,0.016674427315593,0.016674427315593,83.752296447754,277.25
25-SEP-2026,20.041174030596,57100,1420+326,0.54101568460464,88500,AP-N902-F303,0.016674427315593,0.016674427315593,82.784996032715,277.25
25-SEP-2026,2.0055090794528,56324,CHI-CYG,0.48568058013916,88500,AP-N901-F303,0,0,0,0
25-SEP-2026,2.0055090794528,56324,CHI-CYG,0.48568058013916,88500,AP-N902-F303,0,0,0,0
25-SEP-2026,2.0088424474117,56324,CHI-CYG,0.48531779646873,88500,AP-N901-F303,0,0,0,0
25-SEP-2026,2.0088424474117,56324,CHI-CYG,0.48531779646873,88500,AP-N902-F303,0,0,0,0
25-SEP-2026,2.012175811529,56324,CHI-CYG,0.48495432734489,88500,AP-N901-F303,0,0,0,0
25-SEP-2026,2.012175811529,56324,CHI-CYG,0.48495432734489,88500,AP-N902-F303,0,0,0,0
25-SEP-2026,2.0157869588997,56324,CHI-CYG,0.48456013202667,88500,AP-N901-F303,0,0,0,0
25-SEP-2026,2.0157869588997,56324,CHI-CYG,0.48456013202667,88500,AP-N902-F303,0,0,0,0
25-SEP-2026,20.1639530646,57107,1308+326,0.38512682914734,88500,AP-N901-F303,0.016485093161464,0.016485093161464,90.560646057129,277.04998779297
25-SEP-2026,20.1639530646,57107,1308+326,0.38512682914734,88500,AP-N902-F303,0.014673237688839,0.014673237688839,89.195724487305,277.04998779297
25-SEP-2026,2.0191203256363,56324,CHI-CYG,0.48419564962387,88500,AP-N901-F303,0,0,0,0
25-SEP-2026,2.0191203256363,56324,CHI-CYG,0.48419564962387,88500,AP-N902-F303,0,0,0,0
25-SEP-2026,2.0224536927222,56324,CHI-CYG,0.48383066058159,88500,AP-N901-F303,0,0,0,0
25-SEP-2026,2.0224536927222,56324,CHI-CYG,0.48383066058159,88500,AP-N902-F303,0,0,0,0
25-SEP-2026,2.0257870589349,56324,CHI-CYG,0.48346522450447,88500,AP-N901-F303,0,0,0,0
25-SEP-2026,2.0257870589349,56324,CHI-CYG,0.48346522450447,88500,AP-N902-F303,0,0,0,0
25-SEP-2026,2.0293982066549,56324,CHI-CYG,0.4830687046051,88500,AP-N901-F303,0,0,0,0
25-SEP-2026,2.0293982066549,56324,CHI-CYG,0.4830687046051,88500,AP-N902-F303,0,0,0,0
25-SEP-2026,20.320621342082,57112,1420+326,0.51446753740311,88500,AP-N901-F303,0.016654768958688,0.016654768958688,83.779113769531,276.95001220703
25-SEP-2026,20.320621342082,57112,1420+326,0.51446753740311,88500,AP-N902-F303,0.016338920220733,0.016338920220733,82.573104858398,276.95001220703
25-SEP-2026,2.033009356645,56324,CHI-CYG,0.48267158865929,88500,AP-N901-F303,0,0,0,0
25-SEP-2026,2.033009356645,56324,CHI-CYG,0.48267158865929,88500,AP-N902-F303,0,0,0,0
25-SEP-2026,2.0363427209368,56324,CHI-CYG,0.48230451345444,88500,AP-N901-F303,0,0,0,0
25-SEP-2026,2.0363427209368,56324,CHI-CYG,0.48230451345444,88500,AP-N902-F303,0,0,0,0
25-SEP-2026,20.37506634131,57116,1420+326,0.50882023572922,88500,AP-N901-F303,0.016654768958688,0.016654768958688,83.779113769531,276.95001220703
25-SEP-2026,20.37506634131,57116,1420+326,0.50882023572922,88500,AP-N902-F303,0.016338920220733,0.016338920220733,82.573104858398,276.95001220703
25-SEP-2026,20.454233813135,57121,1308+326,0.3413465321064,88500,AP-N901-F303,0.016795238479972,0.016795238479972,94.207397460937,276.95001220703
25-SEP-2026,20.454233813135,57121,1308+326,0.3413465321064,88500,AP-N902-F303,0.014475208707154,0.014475208707154,92.703559875488,276.95001220703
25-SEP-2026,20.502289864937,57125,1308+326,0.33382868766785,88500,AP-N901-F303,0.016795238479972,0.016795238479972,94.207397460937,276.95001220703
25-SEP-2026,20.502289864937,57125,1308+326,0.33382868766785,88500,AP-N902-F303,0.014475208707154,0.014475208707154,92.703559875488,276.95001220703
25-SEP-2026,20.653958089432,57130,1420+326,0.47774946689606,88500,AP-N901-F303,0.016683232039213,0.016683232039213,86.472091674805,276.64999389648
25-SEP-2026,20.653958089432,57130,1420+326,0.47774946689606,88500,AP-N902-F303,0.016683232039213,0.016683232039213,85.640663146973,276.64999389648
25-SEP-2026,20.708403089883,57134,1420+326,0.47125512361526,88500,AP-N901-F303,0.016683232039213,0.016683232039213,86.472091674805,276.64999389648
25-SEP-2026,20.708403089883,57134,1420+326,0.47125512361526,88500,AP-N902-F303,0.016683232039213,0.016683232039213,85.640663146973,276.64999389648
25-SEP-2026,20.78729278247,57139,1308+326,0.28788894414902,88500,AP-N901-F303,0.016729971393943,0.016729971393943,97.353843688965,276.45001220703
25-SEP-2026,20.78729278247,57139,1308+326,0.28788894414902,88500,AP-N902-F303,0.020479476079345,0.020479476079345,98.117546081543,276.45001220703
25-SEP-2026,20.835626616653,57143,1308+326,0.2798632979393,88500,AP-N901-F303,0.016729971393943,0.016729971393943,97.353843688965,276.45001220703
25-SEP-2026,20.835626616653,57143,1308+326,0.2798632979393,88500,AP-N902-F303,0.020479476079345,0.020479476079345,98.117546081543,276.45001220703
25-SEP-2026,20.994239348271,57148,1420+326,0.43514832854271,88500,AP-N901-F303,0.016317700967193,0.016317700967193,87.252601623535,276.75
25-SEP-2026,20.994239348271,57148,1420+326,0.43514832854271,88500,AP-N902-F303,0.014689750038087,0.014689750038087,86.295036315918,276.75
25-SEP-2026,21.041739838979,57150,1420+326,0.42881307005882,88500,AP-N901-F303,0.016317700967193,0.016317700967193,87.252601623535,276.75
25-SEP-2026,21.041739838979,57150,1420+326,0.42881307005882,88500,AP-N902-F303,0.014689750038087,0.014689750038087,86.295036315918,276.75
25-SEP-2026,21.120351751456,57155,1308+326,0.23140037059784,88500,AP-N901-F303,0.015732798725367,0.015732798725367,105.24129486084,276.25
25-SEP-2026,21.120351751456,57155,1308+326,0.23140037059784,88500,AP-N902-F303,0.019416153430939,0.019416153430939,106.50859832764,276.25
25-SEP-2026,21.166463337772,57157,1308+326,0.22335690259933,88500,AP-N901-F303,0.015732798725367,0.015732798725367,105.24129486084,276.25
25-SEP-2026,21.166463337772,57157,1308+326,0.22335690259933,88500,AP-N902-F303,0.019416153430939,0.019416153430939,106.50859832764,276.25
25-SEP-2026,21.25817302524,57160,V2108-OPH,1.0113546848297,88500,AP-N901-F303,0.011905861087143,0.011905861087143,74.034530639648,276.14999389648
25-SEP-2026,21.25817302524,57160,V2108-OPH,1.0113546848297,88500,AP-N902-F303,0.018385088071227,0.018385088071227,73.890823364258,276.14999389648
25-SEP-2026,21.327904705338,57162,V2108-OPH,1.0127574205399,88500,AP-N901-F303,0.016966940835118,0.016966940835118,75.463752746582,276.14999389648
25-SEP-2026,21.327904705338,57162,V2108-OPH,1.0127574205399,88500,AP-N902-F303,0.016966940835118,0.016966940835118,74.426246643066,276.14999389648
25-SEP-2026,21.384571949464,57164,1749+096,0.97337532043457,88500,AP-N901-F303,0.016966940835118,0.016966940835118,75.463752746582,276.14999389648
25-SEP-2026,21.384571949464,57164,1749+096,0.97337532043457,88500,AP-N902-F303,0.016966940835118,0.016966940835118,74.426246643066,276.14999389648
25-SEP-2026,21.513184364737,57168,J1517-2422,1.0943320989609,88500,AP-N901-F303,0.016966940835118,0.016966940835118,75.463752746582,276.14999389648
25-SEP-2026,21.513184364737,57168,J1517-2422,1.0943320989609,88500,AP-N902-F303,0.016966940835118,0.016966940835118,74.426246643066,276.14999389648
25-SEP-2026,2.1537050089141,56329,BLLAC,0.42835170030594,88500,AP-N901-F303,0.014903130941093,0.014903130941093,90.0302734375,274.45001220703
25-SEP-2026,2.1537050089141,56329,BLLAC,0.42835170030594,88500,AP-N902-F303,0.014903130941093,0.014903130941093,88.402442932129,274.45001220703
25-SEP-2026,21.660963636431,57173,1749+096,0.99074697494507,88500,AP-N901-F303,0.016658682376146,0.016658682376146,75.480514526367,275.64999389648
25-SEP-2026,21.660963636431,57173,1749+096,0.99074697494507,88500,AP-N902-F303,0.016658682376146,0.016658682376146,74.464080810547,275.64999389648
25-SEP-2026,2.1707885197474,56333,BLLAC,0.42848968505859,88500,AP-N901-F303,0.014903130941093,0.014903130941093,90.0302734375,274.45001220703
25-SEP-2026,2.1707885197474,56333,BLLAC,0.42848968505859,88500,AP-N902-F303,0.014903130941093,0.014903130941093,88.402442932129,274.45001220703
25-SEP-2026,21.716241970576,57175,1749+096,0.99318712949753,88500,AP-N901-F303,0.016658682376146,0.016658682376146,75.480514526367,275.64999389648
25-SEP-2026,21.716241970576,57175,1749+096,0.99318712949753,88500,AP-N902-F303,0.016658682376146,0.016658682376146,74.464080810547,275.64999389648
25-SEP-2026,2.1741218868333,56333,BLLAC,0.4285155236721,88500,AP-N901-F303,0.014903130941093,0.014903130941093,90.0302734375,274.45001220703
25-SEP-2026,2.1741218868333,56333,BLLAC,0.4285155236721,88500,AP-N902-F303,0.014903130941093,0.014903130941093,88.402442932129,274.45001220703
25-SEP-2026,2.1774552519983,56333,BLLAC,0.42854022979736,88500,AP-N901-F303,0.014903130941093,0.014903130941093,90.0302734375,274.45001220703
25-SEP-2026,2.1774552519983,56333,BLLAC,0.42854022979736,88500,AP-N902-F303,0.014903130941093,0.014903130941093,88.402442932129,274.45001220703
25-SEP-2026,21.803187296315,57180,J1517-2422,1.0251935720444,88500,AP-N901-F303,0.016300622373819,0.016300622373819,74.794998168945,275.54998779297
25-SEP-2026,21.803187296315,57180,J1517-2422,1.0251935720444,88500,AP-N902-F303,0.012590697966516,0.012590697966516,73.582794189453,275.54998779297
25-SEP-2026,2.1807886187349,56333,BLLAC,0.42856433987617,88500,AP-N901-F303,0.014903130941093,0.014903130941093,90.0302734375,274.45001220703
25-SEP-2026,2.1807886187349,56333,BLLAC,0.42856433987617,88500,AP-N902-F303,0.014903130941093,0.014903130941093,88.402442932129,274.45001220703
25-SEP-2026,2.1841219859953,56333,BLLAC,0.42858791351318,88500,AP-N901-F303,0.014903130941093,0.014903130941093,90.0302734375,274.45001220703
25-SEP-2026,2.1841219859953,56333,BLLAC,0.42858791351318,88500,AP-N902-F303,0.014903130941093,0.014903130941093,88.402442932129,274.45001220703
25-SEP-2026,21.852493346739,57182,J1517-2422,1.01345038414,88500,AP-N901-F303,0.016300622373819,0.016300622373819,74.794998168945,275.54998779297
25-SEP-2026,21.852493346739,57182,J1517-2422,1.01345038414,88500,AP-N902-F303,0.012590697966516,0.012590697966516,73.582794189453,275.54998779297
25-SEP-2026,2.1874553529065,56333,BLLAC,0.42861089110374,88500,AP-N901-F303,0.014903130941093,0.014903130941093,90.0302734375,274.45001220703
25-SEP-2026,2.1874553529065,56333,BLLAC,0.42861089110374,88500,AP-N902-F303,0.014903130941093,0.014903130941093,88.402442932129,274.45001220703
25-SEP-2026,2.1907887177223,56333,BLLAC,0.42863330245018,88500,AP-N901-F303,0.014903130941093,0.014903130941093,90.0302734375,274.45001220703
25-SEP-2026,2.1907887177223,56333,BLLAC,0.42863330245018,88500,AP-N902-F303,0.014903130941093,0.014903130941093,88.402442932129,274.45001220703
25-SEP-2026,2.1943998668392,56333,BLLAC,0.42865696549416,88500,AP-N901-F303,0.014903130941093,0.014903130941093,90.0302734375,274.45001220703
25-SEP-2026,2.1943998668392,56333,BLLAC,0.42865696549416,88500,AP-N902-F303,0.014903130941093,0.014903130941093,88.402442932129,274.45001220703
25-SEP-2026,2.1977332321788,56333,BLLAC,0.42867812514305,88500,AP-N901-F303,0.014903130941093,0.014903130941093,90.0302734375,274.45001220703
25-SEP-2026,2.1977332321788,56333,BLLAC,0.42867812514305,88500,AP-N902-F303,0.014903130941093,0.014903130941093,88.402442932129,274.45001220703
25-SEP-2026,21.993744771697,57187,1749+096,1.000470995903,88500,AP-N901-F303,0.017037481069565,0.017037481069565,75.667434692383,274.95001220703
25-SEP-2026,21.993744771697,57187,1749+096,1.000470995903,88500,AP-N902-F303,0.017037481069565,0.017037481069565,74.454856872559,274.95001220703
25-SEP-2026,2.2010666001378,56333,BLLAC,0.42869877815247,88500,AP-N901-F303,0.014903130941093,0.014903130941093,90.0302734375,274.45001220703
25-SEP-2026,2.2010666001378,56333,BLLAC,0.42869877815247,88500,AP-N902-F303,0.014903130941093,0.014903130941093,88.402442932129,274.45001220703
25-SEP-2026,2.2043999680968,56333,BLLAC,0.42871886491776,88500,AP-N901-F303,0.014903130941093,0.014903130941093,90.0302734375,274.45001220703
25-SEP-2026,2.2043999680968,56333,BLLAC,0.42871886491776,88500,AP-N902-F303,0.014903130941093,0.014903130941093,88.402442932129,274.45001220703
25-SEP-2026,22.050134227332,57189,1749+096,1.0008203983307,88500,AP-N901-F303,0.017037481069565,0.017037481069565,75.667434692383,274.95001220703
25-SEP-2026,22.050134227332,57189,1749+096,1.0008203983307,88500,AP-N902-F303,0.017037481069565,0.017037481069565,74.454856872559,274.95001220703
25-SEP-2026,2.2077333318648,56333,BLLAC,0.42873838543892,88500,AP-N901-F303,0.014903130941093,0.014903130941093,90.0302734375,274.45001220703
25-SEP-2026,2.2077333318648,56333,BLLAC,0.42873838543892,88500,AP-N902-F303,0.014903130941093,0.014903130941093,88.402442932129,274.45001220703
25-SEP-2026,2.2110667017446,56333,BLLAC,0.42875730991364,88500,AP-N901-F303,0.014903130941093,0.014903130941093,90.0302734375,274.45001220703
25-SEP-2026,2.2110667017446,56333,BLLAC,0.42875730991364,88500,AP-N902-F303,0.014903130941093,0.014903130941093,88.402442932129,274.45001220703
25-SEP-2026,22.136801769992,57194,J1517-2422,0.94581055641174,88500,AP-N901-F303,0.016960602253675,0.016960602253675,75.197219848633,274.85000610352
25-SEP-2026,22.136801769992,57194,J1517-2422,0.94581055641174,88500,AP-N902-F303,0.017384296283126,0.017384296283126,74.320610046387,274.85000610352
25-SEP-2026,2.214400069005,56333,BLLAC,0.42877569794655,88500,AP-N901-F303,0.014903130941093,0.014903130941093,90.0302734375,274.45001220703
25-SEP-2026,2.214400069005,56333,BLLAC,0.42877569794655,88500,AP-N902-F303,0.014903130941093,0.014903130941093,88.402442932129,274.45001220703
25-SEP-2026,22.185691148679,57196,J1517-2422,0.93419408798218,88500,AP-N901-F303,0.016960602253675,0.016960602253675,75.197219848633,274.85000610352
25-SEP-2026,22.185691148679,57196,J1517-2422,0.93419408798218,88500,AP-N902-F303,0.017384296283126,0.017384296283126,74.320610046387,274.85000610352
25-SEP-2026,22.326803683233,57201,1749+096,0.99745225906372,88500,AP-N901-F303,0.016545413061976,0.016545413061976,75.532196044922,274.54998779297
25-SEP-2026,22.326803683233,57201,1749+096,0.99745225906372,88500,AP-N902-F303,0.016545413061976,0.016545413061976,74.372116088867,274.54998779297
25-SEP-2026,22.383193139216,57203,1749+096,0.99563950300217,88500,AP-N901-F303,0.016545413061976,0.016545413061976,75.532196044922,274.54998779297
25-SEP-2026,22.383193139216,57203,1749+096,0.99563950300217,88500,AP-N902-F303,0.016545413061976,0.016545413061976,74.372116088867,274.54998779297
25-SEP-2026,22.469860684496,57208,J1517-2422,0.86676383018494,88500,AP-N901-F303,0.016617218032479,0.016617218032479,76.851058959961,274.64999389648
25-SEP-2026,22.469860684496,57208,J1517-2422,0.86676383018494,88500,AP-N902-F303,0.016617218032479,0.016617218032479,75.900360107422,274.64999389648
25-SEP-2026,22.519305622006,57210,J1517-2422,0.85504925251007,88500,AP-N901-F303,0.016617218032479,0.016617218032479,76.851058959961,274.64999389648
25-SEP-2026,22.519305622006,57210,J1517-2422,0.85504925251007,88500,AP-N902-F303,0.016617218032479,0.016617218032479,75.900360107422,274.64999389648
25-SEP-2026,2.2545393607724,56340,J2203+3145,0.61243265867233,88500,AP-N901-F303,0.015060639940202,0.015060639940202,81.731872558594,273.75
25-SEP-2026,2.2545393607724,56340,J2203+3145,0.61243265867233,88500,AP-N902-F303,0.015060639940202,0.015060639940202,80.556343078613,273.75
25-SEP-2026,2.2580116198342,56340,J2203+3145,0.6124495267868,88500,AP-N901-F303,0.015060639940202,0.015060639940202,81.731872558594,273.75
25-SEP-2026,2.2580116198342,56340,J2203+3145,0.6124495267868,88500,AP-N902-F303,0.015060639940202,0.015060639940202,80.556343078613,273.75
25-SEP-2026,22.604978939294,57213,V2108-OPH,0.94130146503448,88500,AP-N901-F303,0.01659051142633,0.01659051142633,75.023124694824,274.14999389648
25-SEP-2026,22.604978939294,57213,V2108-OPH,0.94130146503448,88500,AP-N902-F303,0.017646657302976,0.017646657302976,74.184326171875,274.14999389648
25-SEP-2026,2.2616227654587,56340,J2203+3145,0.61246603727341,88500,AP-N901-F303,0.015060639940202,0.015060639940202,81.731872558594,273.75
25-SEP-2026,2.2616227654587,56340,J2203+3145,0.61246603727341,88500,AP-N902-F303,0.015060639940202,0.015060639940202,80.556343078613,273.75
25-SEP-2026,2.264956130973,56340,J2203+3145,0.61248075962067,88500,AP-N901-F303,0.015060639940202,0.015060639940202,81.731872558594,273.75
25-SEP-2026,2.264956130973,56340,J2203+3145,0.61248075962067,88500,AP-N902-F303,0.015060639940202,0.015060639940202,80.556343078613,273.75
25-SEP-2026,22.660728714626,57215,1749+096,0.98181742429733,88500,AP-N901-F303,0.01659051142633,0.01659051142633,75.023124694824,274.14999389648
25-SEP-2026,22.660728714626,57215,1749+096,0.98181742429733,88500,AP-N902-F303,0.017646657302976,0.017646657302976,74.184326171875,274.14999389648
25-SEP-2026,2.2685672797407,56340,J2203+3145,0.61249577999115,88500,AP-N901-F303,0.015060639940202,0.015060639940202,81.731872558594,273.75
25-SEP-2026,2.2685672797407,56340,J2203+3145,0.61249577999115,88500,AP-N902-F303,0.015060639940202,0.015060639940202,80.556343078613,273.75
25-SEP-2026,22.716840395214,57217,1749+096,0.97797334194183,88500,AP-N901-F303,0.01659051142633,0.01659051142633,75.023124694824,274.14999389648
25-SEP-2026,22.716840395214,57217,1749+096,0.97797334194183,88500,AP-N902-F303,0.017646657302976,0.017646657302976,74.184326171875,274.14999389648
25-SEP-2026,2.2721784295561,56340,J2203+3145,0.61250990629196,88500,AP-N901-F303,0.015060639940202,0.015060639940202,81.731872558594,273.75
25-SEP-2026,2.2721784295561,56340,J2203+3145,0.61250990629196,88500,AP-N902-F303,0.015060639940202,0.015060639940202,80.556343078613,273.75
25-SEP-2026,2.275789575006,56340,J2203+3145,0.61252319812775,88500,AP-N901-F303,0.015060639940202,0.015060639940202,81.731872558594,273.75
25-SEP-2026,2.275789575006,56340,J2203+3145,0.61252319812775,88500,AP-N902-F303,0.015060639940202,0.015060639940202,80.556343078613,273.75
25-SEP-2026,2.2794007209798,56340,J2203+3145,0.6125356554985,88500,AP-N901-F303,0.015060639940202,0.015060639940202,81.731872558594,273.75
25-SEP-2026,2.2794007209798,56340,J2203+3145,0.6125356554985,88500,AP-N902-F303,0.015060639940202,0.015060639940202,80.556343078613,273.75
25-SEP-2026,22.80350793054,57222,J1517-2422,0.78782439231873,88500,AP-N901-F303,0.016517916694283,0.016517916694283,77.200553894043,274.04998779297
25-SEP-2026,22.80350793054,57222,J1517-2422,0.78782439231873,88500,AP-N902-F303,0.014720424078405,0.014720424078405,75.968627929688,274.04998779297
25-SEP-2026,2.282734086494,56340,J2203+3145,0.61254632472992,88500,AP-N901-F303,0.015060639940202,0.015060639940202,81.731872558594,273.75
25-SEP-2026,2.282734086494,56340,J2203+3145,0.61254632472992,88500,AP-N902-F303,0.015060639940202,0.015060639940202,80.556343078613,273.75
25-SEP-2026,22.851841754245,57224,J1517-2422,0.77641254663467,88500,AP-N901-F303,0.016517916694283,0.016517916694283,77.200553894043,274.04998779297
25-SEP-2026,22.851841754245,57224,J1517-2422,0.77641254663467,88500,AP-N902-F303,0.014720424078405,0.014720424078405,75.968627929688,274.04998779297
25-SEP-2026,2.2863452352617,56340,J2203+3145,0.61255711317062,88500,AP-N901-F303,0.015060639940202,0.015060639940202,81.731872558594,273.75
25-SEP-2026,2.2863452352617,56340,J2203+3145,0.61255711317062,88500,AP-N902-F303,0.015060639940202,0.015060639940202,80.556343078613,273.75
25-SEP-2026,2.2896786026968,56340,J2203+3145,0.61256629228592,88500,AP-N901-F303,0.015060639940202,0.015060639940202,81.731872558594,273.75
25-SEP-2026,2.2896786026968,56340,J2203+3145,0.61256629228592,88500,AP-N902-F303,0.015060639940202,0.015060639940202,80.556343078613,273.75
25-SEP-2026,2.2932897504168,56340,J2203+3145,0.61257547140121,88500,AP-N901-F303,0.015060639940202,0.015060639940202,81.731872558594,273.75
25-SEP-2026,2.2932897504168,56340,J2203+3145,0.61257547140121,88500,AP-N902-F303,0.015060639940202,0.015060639940202,80.556343078613,273.75
25-SEP-2026,2.2966231143594,56340,J2203+3145,0.61258310079575,88500,AP-N901-F303,0.015060639940202,0.015060639940202,81.731872558594,273.75
25-SEP-2026,2.2966231143594,56340,J2203+3145,0.61258310079575,88500,AP-N902-F303,0.015060639940202,0.015060639940202,80.556343078613,273.75
25-SEP-2026,22.994343190049,57232,1749+096,0.95455080270767,88500,AP-N901-F303,0.016504373401403,0.016504373401403,76.161804199219,273.95001220703
25-SEP-2026,22.994343190049,57232,1749+096,0.95455080270767,88500,AP-N902-F303,0.016504373401403,0.016504373401403,75.238632202148,273.95001220703
25-SEP-2026,2.3002342645241,56340,J2203+3145,0.61259061098099,88500,AP-N901-F303,0.015060639940202,0.015060639940202,81.731872558594,273.75
25-SEP-2026,2.3002342645241,56340,J2203+3145,0.61259061098099,88500,AP-N902-F303,0.015060639940202,0.015060639940202,80.556343078613,273.75
25-SEP-2026,2.3035676314353,56340,J2203+3145,0.6125967502594,88500,AP-N901-F303,0.015060639940202,0.015060639940202,81.731872558594,273.75
25-SEP-2026,2.3035676314353,56340,J2203+3145,0.6125967502594,88500,AP-N902-F303,0.015060639940202,0.015060639940202,80.556343078613,273.75
25-SEP-2026,23.049343744433,57234,1749+096,0.9490025639534,88500,AP-N901-F303,0.016504373401403,0.016504373401403,76.161804199219,273.95001220703
25-SEP-2026,23.049343744433,57234,1749+096,0.9490025639534,88500,AP-N902-F303,0.016504373401403,0.016504373401403,75.238632202148,273.95001220703
25-SEP-2026,2.3071787784568,56340,J2203+3145,0.61260259151459,88500,AP-N901-F303,0.015060639940202,0.015060639940202,81.731872558594,273.75
25-SEP-2026,2.3071787784568,56340,J2203+3145,0.61260259151459,88500,AP-N902-F303,0.015060639940202,0.015060639940202,80.556343078613,273.75
25-SEP-2026,2.3105121455427,56340,J2203+3145,0.61260724067688,88500,AP-N901-F303,0.015060639940202,0.015060639940202,81.731872558594,273.75
25-SEP-2026,2.3105121455427,56340,J2203+3145,0.61260724067688,88500,AP-N902-F303,0.015060639940202,0.015060639940202,80.556343078613,273.75
25-SEP-2026,23.136844622186,57239,J1517-2422,0.7092496752739,88500,AP-N901-F303,0.016411939635873,0.016411939635873,79.060829162598,273.95001220703
25-SEP-2026,23.136844622186,57239,J1517-2422,0.7092496752739,88500,AP-N902-F303,0.016411939635873,0.016411939635873,78.083129882812,273.95001220703
25-SEP-2026,2.3141232923895,56340,J2203+3145,0.61261135339737,88500,AP-N901-F303,0.015060639940202,0.015060639940202,81.731872558594,273.75
25-SEP-2026,2.3141232923895,56340,J2203+3145,0.61261135339737,88500,AP-N902-F303,0.015060639940202,0.015060639940202,80.556343078613,273.75
25-SEP-2026,2.31745665965,56340,J2203+3145,0.61261451244354,88500,AP-N901-F303,0.015060639940202,0.015060639940202,81.731872558594,273.75
25-SEP-2026,2.31745665965,56340,J2203+3145,0.61261451244354,88500,AP-N902-F303,0.015060639940202,0.015060639940202,80.556343078613,273.75
25-SEP-2026,23.185734004365,57241,J1517-2422,0.69775360822678,88500,AP-N901-F303,0.016411939635873,0.016411939635873,79.060829162598,273.95001220703
25-SEP-2026,23.185734004365,57241,J1517-2422,0.69775360822678,88500,AP-N902-F303,0.016411939635873,0.016411939635873,78.083129882812,273.95001220703
25-SEP-2026,2.3210678068461,56340,J2203+3145,0.61261701583862,88500,AP-N901-F303,0.015060639940202,0.015060639940202,81.731872558594,273.75
25-SEP-2026,2.3210678068461,56340,J2203+3145,0.61261701583862,88500,AP-N902-F303,0.015060639940202,0.015060639940202,80.556343078613,273.75
25-SEP-2026,2.324401173932,56340,J2203+3145,0.61261862516403,88500,AP-N901-F303,0.015060639940202,0.015060639940202,81.731872558594,273.75
25-SEP-2026,2.324401173932,56340,J2203+3145,0.61261862516403,88500,AP-N902-F303,0.015060639940202,0.015060639940202,80.556343078613,273.75
25-SEP-2026,2.3282901010637,56340,J2203+3145,0.6126195192337,88500,AP-N901-F303,0.015060639940202,0.015060639940202,81.731872558594,273.75
25-SEP-2026,2.3282901010637,56340,J2203+3145,0.6126195192337,88500,AP-N902-F303,0.015060639940202,0.015060639940202,80.556343078613,273.75
25-SEP-2026,2.3316234678003,56340,J2203+3145,0.61261981725693,88500,AP-N901-F303,0.015060639940202,0.015060639940202,81.731872558594,273.75
25-SEP-2026,2.3316234678003,56340,J2203+3145,0.61261981725693,88500,AP-N902-F303,0.015060639940202,0.015060639940202,80.556343078613,273.75
25-SEP-2026,2.3355123951067,56340,J2203+3145,0.61261862516403,88500,AP-N901-F303,0.015060639940202,0.015060639940202,81.731872558594,273.75
25-SEP-2026,2.3355123951067,56340,J2203+3145,0.61261862516403,88500,AP-N902-F303,0.015060639940202,0.015060639940202,80.556343078613,273.75
25-SEP-2026,2.3388457621925,56340,J2203+3145,0.61261701583862,88500,AP-N901-F303,0.015060639940202,0.015060639940202,81.731872558594,273.75
25-SEP-2026,2.3388457621925,56340,J2203+3145,0.61261701583862,88500,AP-N902-F303,0.015060639940202,0.015060639940202,80.556343078613,273.75
25-SEP-2026,2.3421791291038,56340,J2203+3145,0.61261469125748,88500,AP-N901-F303,0.015060639940202,0.015060639940202,81.731872558594,273.75
25-SEP-2026,2.3421791291038,56340,J2203+3145,0.61261469125748,88500,AP-N902-F303,0.015060639940202,0.015060639940202,80.556343078613,273.75
25-SEP-2026,2.345512493221,56340,J2203+3145,0.61261159181595,88500,AP-N901-F303,0.015060639940202,0.015060639940202,81.731872558594,273.75
25-SEP-2026,2.345512493221,56340,J2203+3145,0.61261159181595,88500,AP-N902-F303,0.015060639940202,0.015060639940202,80.556343078613,273.75
25-SEP-2026,2.3488458643232,56340,J2203+3145,0.61260783672333,88500,AP-N901-F303,0.015060639940202,0.015060639940202,81.731872558594,273.75
25-SEP-2026,2.3488458643232,56340,J2203+3145,0.61260783672333,88500,AP-N902-F303,0.015060639940202,0.015060639940202,80.556343078613,273.75
25-SEP-2026,2.35245701117,56340,J2203+3145,0.61260288953781,88500,AP-N901-F303,0.015060639940202,0.015060639940202,81.731872558594,273.75
25-SEP-2026,2.35245701117,56340,J2203+3145,0.61260288953781,88500,AP-N902-F303,0.015060639940202,0.015060639940202,80.556343078613,273.75
25-SEP-2026,2.3560681599378,56340,J2203+3145,0.61259710788727,88500,AP-N901-F303,0.015060639940202,0.015060639940202,81.731872558594,273.75
25-SEP-2026,2.3560681599378,56340,J2203+3145,0.61259710788727,88500,AP-N902-F303,0.015060639940202,0.015060639940202,80.556343078613,273.75
25-SEP-2026,2.3594015256266,56340,J2203+3145,0.6125910282135,88500,AP-N901-F303,0.015060639940202,0.015060639940202,81.731872558594,273.75
25-SEP-2026,2.3594015256266,56340,J2203+3145,0.6125910282135,88500,AP-N902-F303,0.015060639940202,0.015060639940202,80.556343078613,273.75
25-SEP-2026,2.3627348911409,56340,J2203+3145,0.61258417367935,88500,AP-N901-F303,0.015060639940202,0.015060639940202,81.731872558594,273.75
25-SEP-2026,2.3627348911409,56340,J2203+3145,0.61258417367935,88500,AP-N902-F303,0.015060639940202,0.015060639940202,80.556343078613,273.75
25-SEP-2026,23.719296210113,57256,1749+096,0.86238205432892,88500,AP-N901-F303,0,0,0,0
25-SEP-2026,23.719296210113,57256,1749+096,0.86238205432892,88500,AP-N902-F303,0,0,0,0
25-SEP-2026,23.803463725669,57261,J1517-2422,0.55318331718445,88500,AP-N901-F303,0.016085665673018,0.016085665673018,82.400329589844,272.54998779297
25-SEP-2026,23.803463725669,57261,J1517-2422,0.55318331718445,88500,AP-N902-F303,0.016085665673018,0.016085665673018,81.470832824707,272.54998779297
25-SEP-2026,23.852075324246,57263,J1517-2422,0.54186820983887,88500,AP-N901-F303,0.016085665673018,0.016085665673018,82.400329589844,272.54998779297
25-SEP-2026,23.852075324246,57263,J1517-2422,0.54186820983887,88500,AP-N902-F303,0.016085665673018,0.016085665673018,81.470832824707,272.54998779297
25-SEP-2026,2.4873194773521,56345,BLLAC,0.42833814024925,88500,AP-N901-F303,0.014883166179061,0.014883166179061,88.718933105469,274.54998779297
25-SEP-2026,2.4873194773521,56345,BLLAC,0.42833814024925,88500,AP-N902-F303,0.014883166179061,0.014883166179061,87.395683288574,274.54998779297
25-SEP-2026,2.5041252024872,56349,BLLAC,0.42818602919579,88500,AP-N901-F303,0.014883166179061,0.014883166179061,88.718933105469,274.54998779297
25-SEP-2026,2.5041252024872,56349,BLLAC,0.42818602919579,88500,AP-N902-F303,0.014883166179061,0.014883166179061,87.395683288574,274.54998779297
25-SEP-2026,2.5074585720177,56349,BLLAC,0.42815411090851,88500,AP-N901-F303,0.014883166179061,0.014883166179061,88.718933105469,274.54998779297
25-SEP-2026,2.5074585720177,56349,BLLAC,0.42815411090851,88500,AP-N902-F303,0.014883166179061,0.014883166179061,87.395683288574,274.54998779297
25-SEP-2026,2.5110697164199,56349,BLLAC,0.4281188249588,88500,AP-N901-F303,0.014883166179061,0.014883166179061,88.718933105469,274.54998779297
25-SEP-2026,2.5110697164199,56349,BLLAC,0.4281188249588,88500,AP-N902-F303,0.014883166179061,0.014883166179061,87.395683288574,274.54998779297
25-SEP-2026,2.5149586435517,56349,BLLAC,0.42808014154434,88500,AP-N901-F303,0.014883166179061,0.014883166179061,88.718933105469,274.54998779297
25-SEP-2026,2.5149586435517,56349,BLLAC,0.42808014154434,88500,AP-N902-F303,0.014883166179061,0.014883166179061,87.395683288574,274.54998779297
25-SEP-2026,2.5182920104629,56349,BLLAC,0.42804637551308,88500,AP-N901-F303,0.014883166179061,0.014883166179061,88.718933105469,274.54998779297
25-SEP-2026,2.5182920104629,56349,BLLAC,0.42804637551308,88500,AP-N902-F303,0.014883166179061,0.014883166179061,87.395683288574,274.54998779297
25-SEP-2026,2.5219031578336,56349,BLLAC,0.42800909280777,88500,AP-N901-F303,0.014883166179061,0.014883166179061,88.718933105469,274.54998779297
25-SEP-2026,2.5219031578336,56349,BLLAC,0.42800909280777,88500,AP-N902-F303,0.014883166179061,0.014883166179061,87.395683288574,274.54998779297
25-SEP-2026,2.5252365247448,56349,BLLAC,0.42797413468361,88500,AP-N901-F303,0.014883166179061,0.014883166179061,88.718933105469,274.54998779297
25-SEP-2026,2.5252365247448,56349,BLLAC,0.42797413468361,88500,AP-N902-F303,0.014883166179061,0.014883166179061,87.395683288574,274.54998779297
25-SEP-2026,2.5285698925292,56349,BLLAC,0.42793855071068,88500,AP-N901-F303,0.014883166179061,0.014883166179061,88.718933105469,274.54998779297
25-SEP-2026,2.5285698925292,56349,BLLAC,0.42793855071068,88500,AP-N902-F303,0.014883166179061,0.014883166179061,87.395683288574,274.54998779297
25-SEP-2026,2.5319032557733,56349,BLLAC,0.42790254950523,88500,AP-N901-F303,0.014883166179061,0.014883166179061,88.718933105469,274.54998779297
25-SEP-2026,2.5319032557733,56349,BLLAC,0.42790254950523,88500,AP-N902-F303,0.014883166179061,0.014883166179061,87.395683288574,274.54998779297
25-SEP-2026,2.5355144040171,56349,BLLAC,0.4278627038002,88500,AP-N901-F303,0.014883166179061,0.014883166179061,88.718933105469,274.54998779297
25-SEP-2026,2.5355144040171,56349,BLLAC,0.4278627038002,88500,AP-N902-F303,0.014883166179061,0.014883166179061,87.395683288574,274.54998779297
25-SEP-2026,2.5388477716268,56349,BLLAC,0.42782548069954,88500,AP-N901-F303,0.014883166179061,0.014883166179061,88.718933105469,274.54998779297
25-SEP-2026,2.5388477716268,56349,BLLAC,0.42782548069954,88500,AP-N902-F303,0.014883166179061,0.014883166179061,87.395683288574,274.54998779297
25-SEP-2026,2.5421811397604,56349,BLLAC,0.42778760194778,88500,AP-N901-F303,0.014883166179061,0.014883166179061,88.718933105469,274.54998779297
25-SEP-2026,2.5421811397604,56349,BLLAC,0.42778760194778,88500,AP-N902-F303,0.014883166179061,0.014883166179061,87.395683288574,274.54998779297
25-SEP-2026,2.5455145066716,56349,BLLAC,0.4277491569519,88500,AP-N901-F303,0.014883166179061,0.014883166179061,88.718933105469,274.54998779297
25-SEP-2026,2.5455145066716,56349,BLLAC,0.4277491569519,88500,AP-N902-F303,0.014883166179061,0.014883166179061,87.395683288574,274.54998779297
25-SEP-2026,2.5488478735829,56349,BLLAC,0.42771017551422,88500,AP-N901-F303,0.014883166179061,0.014883166179061,88.718933105469,274.54998779297
25-SEP-2026,2.5488478735829,56349,BLLAC,0.42771017551422,88500,AP-N902-F303,0.014883166179061,0.014883166179061,87.395683288574,274.54998779297
25-SEP-2026,2.5877371517108,56356,J2203+3145,0.61043453216553,88500,AP-N901-F303,0.015012138523161,0.015012138523161,82.063903808594,274.14999389648
25-SEP-2026,2.5877371517108,56356,J2203+3145,0.61043453216553,88500,AP-N902-F303,0.015012138523161,0.015012138523161,80.51350402832,274.14999389648
25-SEP-2026,2.5913482989069,56356,J2203+3145,0.61037260293961,88500,AP-N901-F303,0.015012138523161,0.015012138523161,82.063903808594,274.14999389648
25-SEP-2026,2.5913482989069,56356,J2203+3145,0.61037260293961,88500,AP-N902-F303,0.015012138523161,0.015012138523161,80.51350402832,274.14999389648
25-SEP-2026,2.5946816651196,56356,J2203+3145,0.61031496524811,88500,AP-N901-F303,0.015012138523161,0.015012138523161,82.063903808594,274.14999389648
25-SEP-2026,2.5946816651196,56356,J2203+3145,0.61031496524811,88500,AP-N902-F303,0.015012138523161,0.015012138523161,80.51350402832,274.14999389648
25-SEP-2026,2.598015032904,56356,J2203+3145,0.61025661230087,88500,AP-N901-F303,0.015012138523161,0.015012138523161,82.063903808594,274.14999389648
25-SEP-2026,2.598015032904,56356,J2203+3145,0.61025661230087,88500,AP-N902-F303,0.015012138523161,0.015012138523161,80.51350402832,274.14999389648
25-SEP-2026,2.6013484005137,56356,J2203+3145,0.61019766330719,88500,AP-N901-F303,0.015012138523161,0.015012138523161,82.063903808594,274.14999389648
25-SEP-2026,2.6013484005137,56356,J2203+3145,0.61019766330719,88500,AP-N902-F303,0.015012138523161,0.015012138523161,80.51350402832,274.14999389648
25-SEP-2026,2.6046817695204,56356,J2203+3145,0.61013782024384,88500,AP-N901-F303,0.015012138523161,0.015012138523161,82.063903808594,274.14999389648
25-SEP-2026,2.6046817695204,56356,J2203+3145,0.61013782024384,88500,AP-N902-F303,0.015012138523161,0.015012138523161,80.51350402832,274.14999389648
25-SEP-2026,2.6080151383524,56356,J2203+3145,0.61007738113403,88500,AP-N901-F303,0.015012138523161,0.015012138523161,82.063903808594,274.14999389648
25-SEP-2026,2.6080151383524,56356,J2203+3145,0.61007738113403,88500,AP-N902-F303,0.015012138523161,0.015012138523161,80.51350402832,274.14999389648
25-SEP-2026,2.6113485001996,56356,J2203+3145,0.61001616716385,88500,AP-N901-F303,0.015012138523161,0.015012138523161,82.063903808594,274.14999389648
25-SEP-2026,2.6113485001996,56356,J2203+3145,0.61001616716385,88500,AP-N902-F303,0.015012138523161,0.015012138523161,80.51350402832,274.14999389648
25-SEP-2026,2.61468186746,56356,J2203+3145,0.60995417833328,88500,AP-N901-F303,0.015012138523161,0.015012138523161,82.063903808594,274.14999389648
25-SEP-2026,2.61468186746,56356,J2203+3145,0.60995417833328,88500,AP-N902-F303,0.015012138523161,0.015012138523161,80.51350402832,274.14999389648
25-SEP-2026,2.6180152347205,56356,J2203+3145,0.60989153385162,88500,AP-N901-F303,0.015012138523161,0.015012138523161,82.063903808594,274.14999389648
25-SEP-2026,2.6180152347205,56356,J2203+3145,0.60989153385162,88500,AP-N902-F303,0.015012138523161,0.015012138523161,80.51350402832,274.14999389648
25-SEP-2026,2.6216263813927,56356,J2203+3145,0.6098228096962,88500,AP-N901-F303,0.015012138523161,0.015012138523161,82.063903808594,274.14999389648
25-SEP-2026,2.6216263813927,56356,J2203+3145,0.6098228096962,88500,AP-N902-F303,0.015012138523161,0.015012138523161,80.51350402832,274.14999389648
25-SEP-2026,2.6252375287635,56356,J2203+3145,0.60975325107574,88500,AP-N901-F303,0.015012138523161,0.015012138523161,82.063903808594,274.14999389648
25-SEP-2026,2.6252375287635,56356,J2203+3145,0.60975325107574,88500,AP-N902-F303,0.015012138523161,0.015012138523161,80.51350402832,274.14999389648
25-SEP-2026,2.6285708956747,56356,J2203+3145,0.60968822240829,88500,AP-N901-F303,0.015012138523161,0.015012138523161,82.063903808594,274.14999389648
25-SEP-2026,2.6285708956747,56356,J2203+3145,0.60968822240829,88500,AP-N902-F303,0.015012138523161,0.015012138523161,80.51350402832,274.14999389648
25-SEP-2026,2.6319042655545,56356,J2203+3145,0.60962253808975,88500,AP-N901-F303,0.015012138523161,0.015012138523161,82.063903808594,274.14999389648
25-SEP-2026,2.6319042655545,56356,J2203+3145,0.60962253808975,88500,AP-N902-F303,0.015012138523161,0.015012138523161,80.51350402832,274.14999389648
25-SEP-2026,2.6352376275763,56356,J2203+3145,0.60955619812012,88500,AP-N901-F303,0.015012138523161,0.015012138523161,82.063903808594,274.14999389648
25-SEP-2026,2.6352376275763,56356,J2203+3145,0.60955619812012,88500,AP-N902-F303,0.015012138523161,0.015012138523161,80.51350402832,274.14999389648
25-SEP-2026,2.6385709939636,56356,J2203+3145,0.60948896408081,88500,AP-N901-F303,0.015012138523161,0.015012138523161,82.063903808594,274.14999389648
25-SEP-2026,2.6385709939636,56356,J2203+3145,0.60948896408081,88500,AP-N902-F303,0.015012138523161,0.015012138523161,80.51350402832,274.14999389648
25-SEP-2026,2.6421821418582,56356,J2203+3145,0.60941541194916,88500,AP-N901-F303,0.015012138523161,0.015012138523161,82.063903808594,274.14999389648
25-SEP-2026,2.6421821418582,56356,J2203+3145,0.60941541194916,88500,AP-N902-F303,0.015012138523161,0.015012138523161,80.51350402832,274.14999389648
25-SEP-2026,2.6457932894036,56356,J2203+3145,0.60934096574783,88500,AP-N901-F303,0.015012138523161,0.015012138523161,82.063903808594,274.14999389648
25-SEP-2026,2.6457932894036,56356,J2203+3145,0.60934096574783,88500,AP-N902-F303,0.015012138523161,0.015012138523161,80.51350402832,274.14999389648
25-SEP-2026,2.6491266606804,56356,J2203+3145,0.60927164554596,88500,AP-N901-F303,0.015012138523161,0.015012138523161,82.063903808594,274.14999389648
25-SEP-2026,2.6491266606804,56356,J2203+3145,0.60927164554596,88500,AP-N902-F303,0.015012138523161,0.015012138523161,80.51350402832,274.14999389648
25-SEP-2026,2.6527378063049,56356,J2203+3145,0.60919559001923,88500,AP-N901-F303,0.015012138523161,0.015012138523161,82.063903808594,274.14999389648
25-SEP-2026,2.6527378063049,56356,J2203+3145,0.60919559001923,88500,AP-N902-F303,0.015012138523161,0.015012138523161,80.51350402832,274.14999389648
25-SEP-2026,2.6560711719937,56356,J2203+3145,0.6091246008873,88500,AP-N901-F303,0.015012138523161,0.015012138523161,82.063903808594,274.14999389648
25-SEP-2026,2.6560711719937,56356,J2203+3145,0.6091246008873,88500,AP-N902-F303,0.015012138523161,0.015012138523161,80.51350402832,274.14999389648
25-SEP-2026,2.6594045410004,56356,J2203+3145,0.60905289649963,88500,AP-N901-F303,0.015012138523161,0.015012138523161,82.063903808594,274.14999389648
25-SEP-2026,2.6594045410004,56356,J2203+3145,0.60905289649963,88500,AP-N902-F303,0.015012138523161,0.015012138523161,80.51350402832,274.14999389648
25-SEP-2026,2.6627379087848,56356,J2203+3145,0.60898059606552,88500,AP-N901-F303,0.015012138523161,0.015012138523161,82.063903808594,274.14999389648
25-SEP-2026,2.6627379087848,56356,J2203+3145,0.60898059606552,88500,AP-N902-F303,0.015012138523161,0.015012138523161,80.51350402832,274.14999389648
25-SEP-2026,2.6660712727274,56356,J2203+3145,0.60890740156174,88500,AP-N901-F303,0.015012138523161,0.015012138523161,82.063903808594,274.14999389648
25-SEP-2026,2.6660712727274,56356,J2203+3145,0.60890740156174,88500,AP-N902-F303,0.015012138523161,0.015012138523161,80.51350402832,274.14999389648
25-SEP-2026,2.6694046398132,56356,J2203+3145,0.60883361101151,88500,AP-N901-F303,0.015012138523161,0.015012138523161,82.063903808594,274.14999389648
25-SEP-2026,2.6694046398132,56356,J2203+3145,0.60883361101151,88500,AP-N902-F303,0.015012138523161,0.015012138523161,80.51350402832,274.14999389648
25-SEP-2026,2.672738004629,56356,J2203+3145,0.60875904560089,88500,AP-N901-F303,0.015012138523161,0.015012138523161,82.063903808594,274.14999389648
25-SEP-2026,2.672738004629,56356,J2203+3145,0.60875904560089,88500,AP-N902-F303,0.015012138523161,0.015012138523161,80.51350402832,274.14999389648
25-SEP-2026,2.6763491537459,56356,J2203+3145,0.60867744684219,88500,AP-N901-F303,0.015012138523161,0.015012138523161,82.063903808594,274.14999389648
25-SEP-2026,2.6763491537459,56356,J2203+3145,0.60867744684219,88500,AP-N902-F303,0.015012138523161,0.015012138523161,80.51350402832,274.14999389648
25-SEP-2026,2.6799603012913,56356,J2203+3145,0.60859507322311,88500,AP-N901-F303,0.015012138523161,0.015012138523161,82.063903808594,274.14999389648
25-SEP-2026,2.6799603012913,56356,J2203+3145,0.60859507322311,88500,AP-N902-F303,0.015012138523161,0.015012138523161,80.51350402832,274.14999389648
25-SEP-2026,2.6832936678533,56356,J2203+3145,0.60851812362671,88500,AP-N901-F303,0.015012138523161,0.015012138523161,82.063903808594,274.14999389648
25-SEP-2026,2.6832936678533,56356,J2203+3145,0.60851812362671,88500,AP-N902-F303,0.015012138523161,0.015012138523161,80.51350402832,274.14999389648
25-SEP-2026,2.6869048127793,56356,J2203+3145,0.60843402147293,88500,AP-N901-F303,0.015012138523161,0.015012138523161,82.063903808594,274.14999389648
25-SEP-2026,2.6869048127793,56356,J2203+3145,0.60843402147293,88500,AP-N902-F303,0.015012138523161,0.015012138523161,80.51350402832,274.14999389648
25-SEP-2026,2.6902381805636,56356,J2203+3145,0.60835582017899,88500,AP-N901-F303,0.015012138523161,0.015012138523161,82.063903808594,274.14999389648
25-SEP-2026,2.6902381805636,56356,J2203+3145,0.60835582017899,88500,AP-N902-F303,0.015012138523161,0.015012138523161,80.51350402832,274.14999389648
25-SEP-2026,2.6938493291567,56356,J2203+3145,0.60827004909515,88500,AP-N901-F303,0.015012138523161,0.015012138523161,82.063903808594,274.14999389648
25-SEP-2026,2.6938493291567,56356,J2203+3145,0.60827004909515,88500,AP-N902-F303,0.015012138523161,0.015012138523161,80.51350402832,274.14999389648
25-SEP-2026,2.8206561634097,56361,BLLAC,0.42261806130409,88500,AP-N901-F303,0.014876237139106,0.014876237139106,88.866905212402,274.54998779297
25-SEP-2026,2.8206561634097,56361,BLLAC,0.42261806130409,88500,AP-N902-F303,0.014876237139106,0.014876237139106,87.69938659668,274.54998779297
25-SEP-2026,2.8374618855762,56365,BLLAC,0.42217996716499,88500,AP-N901-F303,0.014876237139106,0.014876237139106,88.866905212402,274.54998779297
25-SEP-2026,2.8374618855762,56365,BLLAC,0.42217996716499,88500,AP-N902-F303,0.014876237139106,0.014876237139106,87.69938659668,274.54998779297
25-SEP-2026,2.8407952503919,56365,BLLAC,0.4220911860466,88500,AP-N901-F303,0.014876237139106,0.014876237139106,88.866905212402,274.54998779297
25-SEP-2026,2.8407952503919,56365,BLLAC,0.4220911860466,88500,AP-N902-F303,0.014876237139106,0.014876237139106,87.69938659668,274.54998779297
25-SEP-2026,2.8441286157315,56365,BLLAC,0.42200198769569,88500,AP-N901-F303,0.014876237139106,0.014876237139106,88.866905212402,274.54998779297
25-SEP-2026,2.8441286157315,56365,BLLAC,0.42200198769569,88500,AP-N902-F303,0.014876237139106,0.014876237139106,87.69938659668,274.54998779297
25-SEP-2026,2.8474619822935,56365,BLLAC,0.42191219329834,88500,AP-N901-F303,0.014876237139106,0.014876237139106,88.866905212402,274.54998779297
25-SEP-2026,2.8474619822935,56365,BLLAC,0.42191219329834,88500,AP-N902-F303,0.014876237139106,0.014876237139106,87.69938659668,274.54998779297
25-SEP-2026,2.8507953492047,56365,BLLAC,0.42182198166847,88500,AP-N901-F303,0.014876237139106,0.014876237139106,88.866905212402,274.54998779297
25-SEP-2026,2.8507953492047,56365,BLLAC,0.42182198166847,88500,AP-N902-F303,0.014876237139106,0.014876237139106,87.69938659668,274.54998779297
25-SEP-2026,2.8541287161159,56365,BLLAC,0.42173108458519,88500,AP-N901-F303,0.014876237139106,0.014876237139106,88.866905212402,274.54998779297
25-SEP-2026,2.8541287161159,56365,BLLAC,0.42173108458519,88500,AP-N902-F303,0.014876237139106,0.014876237139106,87.69938659668,274.54998779297
25-SEP-2026,2.8577398659314,56365,BLLAC,0.42163202166557,88500,AP-N901-F303,0.014876237139106,0.014876237139106,88.866905212402,274.54998779297
25-SEP-2026,2.8577398659314,56365,BLLAC,0.42163202166557,88500,AP-N902-F303,0.014876237139106,0.014876237139106,87.69938659668,274.54998779297
25-SEP-2026,2.8610732300486,56365,BLLAC,0.42153996229172,88500,AP-N901-F303,0.014876237139106,0.014876237139106,88.866905212402,274.54998779297
25-SEP-2026,2.8610732300486,56365,BLLAC,0.42153996229172,88500,AP-N902-F303,0.014876237139106,0.014876237139106,87.69938659668,274.54998779297
25-SEP-2026,2.8644065981822,56365,BLLAC,0.4214474260807,88500,AP-N901-F303,0.014876237139106,0.014876237139106,88.866905212402,274.54998779297
25-SEP-2026,2.8644065981822,56365,BLLAC,0.4214474260807,88500,AP-N902-F303,0.014876237139106,0.014876237139106,87.69938659668,274.54998779297
25-SEP-2026,2.8677399689351,56365,BLLAC,0.4213542342186,88500,AP-N901-F303,0.014876237139106,0.014876237139106,88.866905212402,274.54998779297
25-SEP-2026,2.8677399689351,56365,BLLAC,0.4213542342186,88500,AP-N902-F303,0.014876237139106,0.014876237139106,87.69938659668,274.54998779297
25-SEP-2026,2.8710733342747,56365,BLLAC,0.42126050591469,88500,AP-N901-F303,0.014876237139106,0.014876237139106,88.866905212402,274.54998779297
25-SEP-2026,2.8710733342747,56365,BLLAC,0.42126050591469,88500,AP-N902-F303,0.014876237139106,0.014876237139106,87.69938659668,274.54998779297
25-SEP-2026,2.8744066980428,56365,BLLAC,0.42116621136665,88500,AP-N901-F303,0.014876237139106,0.014876237139106,88.866905212402,274.54998779297
25-SEP-2026,2.8744066980428,56365,BLLAC,0.42116621136665,88500,AP-N902-F303,0.014876237139106,0.014876237139106,87.69938659668,274.54998779297
25-SEP-2026,2.8777400651286,56365,BLLAC,0.42107143998146,88500,AP-N901-F303,0.014876237139106,0.014876237139106,88.866905212402,274.54998779297
25-SEP-2026,2.8777400651286,56365,BLLAC,0.42107143998146,88500,AP-N902-F303,0.014876237139106,0.014876237139106,87.69938659668,274.54998779297
25-SEP-2026,2.8810734322144,56365,BLLAC,0.42097607254982,88500,AP-N901-F303,0.014876237139106,0.014876237139106,88.866905212402,274.54998779297
25-SEP-2026,2.8810734322144,56365,BLLAC,0.42097607254982,88500,AP-N902-F303,0.014876237139106,0.014876237139106,87.69938659668,274.54998779297
25-SEP-2026,2.920796055388,56372,J2203+3145,0.60119688510895,88500,AP-N901-F303,0.015110101550817,0.015110101550817,82.056327819824,273.25
25-SEP-2026,2.920796055388,56372,J2203+3145,0.60119688510895,88500,AP-N902-F303,0.015110101550817,0.015110101550817,80.783378601074,273.25
25-SEP-2026,2.9241294202037,56372,J2203+3145,0.6010679602623,88500,AP-N901-F303,0.015110101550817,0.015110101550817,82.056327819824,273.25
25-SEP-2026,2.9241294202037,56372,J2203+3145,0.6010679602623,88500,AP-N902-F303,0.015110101550817,0.015110101550817,80.783378601074,273.25
25-SEP-2026,2.9274627869403,56372,J2203+3145,0.60093873739243,88500,AP-N901-F303,0.015110101550817,0.015110101550817,82.056327819824,273.25
25-SEP-2026,2.9274627869403,56372,J2203+3145,0.60093873739243,88500,AP-N902-F303,0.015110101550817,0.015110101550817,80.783378601074,273.25
25-SEP-2026,2.9310739339618,56372,J2203+3145,0.60079795122147,88500,AP-N901-F303,0.015110101550817,0.015110101550817,82.056327819824,273.25
25-SEP-2026,2.9310739339618,56372,J2203+3145,0.60079795122147,88500,AP-N902-F303,0.015110101550817,0.015110101550817,80.783378601074,273.25
25-SEP-2026,2.9344073010477,56372,J2203+3145,0.60066735744476,88500,AP-N901-F303,0.015110101550817,0.015110101550817,82.056327819824,273.25
25-SEP-2026,2.9344073010477,56372,J2203+3145,0.60066735744476,88500,AP-N902-F303,0.015110101550817,0.015110101550817,80.783378601074,273.25
25-SEP-2026,2.9380184484184,56372,J2203+3145,0.60052502155304,88500,AP-N901-F303,0.015110101550817,0.015110101550817,82.056327819824,273.25
25-SEP-2026,2.9380184484184,56372,J2203+3145,0.60052502155304,88500,AP-N902-F303,0.015110101550817,0.015110101550817,80.783378601074,273.25
25-SEP-2026,2.9416295980592,56372,J2203+3145,0.60038191080093,88500,AP-N901-F303,0.015110101550817,0.015110101550817,82.056327819824,273.25
25-SEP-2026,2.9416295980592,56372,J2203+3145,0.60038191080093,88500,AP-N902-F303,0.015110101550817,0.015110101550817,80.783378601074,273.25
25-SEP-2026,2.9449629651451,56372,J2203+3145,0.60024911165237,88500,AP-N901-F303,0.015110101550817,0.015110101550817,82.056327819824,273.25
25-SEP-2026,2.9449629651451,56372,J2203+3145,0.60024911165237,88500,AP-N902-F303,0.015110101550817,0.015110101550817,80.783378601074,273.25
25-SEP-2026,2.9482963299608,56372,J2203+3145,0.60011547803879,88500,AP-N901-F303,0.015110101550817,0.015110101550817,82.056327819824,273.25
25-SEP-2026,2.9482963299608,56372,J2203+3145,0.60011547803879,88500,AP-N902-F303,0.015110101550817,0.015110101550817,80.783378601074,273.25
25-SEP-2026,2.9519074790778,56372,J2203+3145,0.59997004270554,88500,AP-N901-F303,0.015110101550817,0.015110101550817,82.056327819824,273.25
25-SEP-2026,2.9519074790778,56372,J2203+3145,0.59997004270554,88500,AP-N902-F303,0.015110101550817,0.015110101550817,80.783378601074,273.25
25-SEP-2026,2.9552408440681,56372,J2203+3145,0.59983485937119,88500,AP-N901-F303,0.015110101550817,0.015110101550817,82.056327819824,273.25
25-SEP-2026,2.9552408440681,56372,J2203+3145,0.59983485937119,88500,AP-N902-F303,0.015110101550817,0.015110101550817,80.783378601074,273.25
25-SEP-2026,2.9585742104555,56372,J2203+3145,0.59969925880432,88500,AP-N901-F303,0.015110101550817,0.015110101550817,82.056327819824,273.25
25-SEP-2026,2.9585742104555,56372,J2203+3145,0.59969925880432,88500,AP-N902-F303,0.015110101550817,0.015110101550817,80.783378601074,273.25
25-SEP-2026,2.9621853583501,56372,J2203+3145,0.59955126047134,88500,AP-N901-F303,0.015110101550817,0.015110101550817,82.056327819824,273.25
25-SEP-2026,2.9621853583501,56372,J2203+3145,0.59955126047134,88500,AP-N902-F303,0.015110101550817,0.015110101550817,80.783378601074,273.25
25-SEP-2026,2.9655187289284,56372,J2203+3145,0.59941416978836,88500,AP-N901-F303,0.015110101550817,0.015110101550817,82.056327819824,273.25
25-SEP-2026,2.9655187289284,56372,J2203+3145,0.59941416978836,88500,AP-N902-F303,0.015110101550817,0.015110101550817,80.783378601074,273.25
25-SEP-2026,2.968852094268,56372,J2203+3145,0.59927618503571,88500,AP-N901-F303,0.015110101550817,0.015110101550817,82.056327819824,273.25
25-SEP-2026,2.968852094268,56372,J2203+3145,0.59927618503571,88500,AP-N902-F303,0.015110101550817,0.015110101550817,80.783378601074,273.25
25-SEP-2026,2.9724632404164,56372,J2203+3145,0.59912604093552,88500,AP-N901-F303,0.015110101550817,0.015110101550817,82.056327819824,273.25
25-SEP-2026,2.9724632404164,56372,J2203+3145,0.59912604093552,88500,AP-N902-F303,0.015110101550817,0.015110101550817,80.783378601074,273.25
25-SEP-2026,2.9757966055814,56372,J2203+3145,0.59898662567139,88500,AP-N901-F303,0.015110101550817,0.015110101550817,82.056327819824,273.25
25-SEP-2026,2.9757966055814,56372,J2203+3145,0.59898662567139,88500,AP-N902-F303,0.015110101550817,0.015110101550817,80.783378601074,273.25
25-SEP-2026,2.9796855342847,56372,J2203+3145,0.59882307052612,88500,AP-N901-F303,0.015110101550817,0.015110101550817,82.056327819824,273.25
25-SEP-2026,2.9796855342847,56372,J2203+3145,0.59882307052612,88500,AP-N902-F303,0.015110101550817,0.015110101550817,80.783378601074,273.25
25-SEP-2026,2.9830189018944,56372,J2203+3145,0.59868228435516,88500,AP-N901-F303,0.015110101550817,0.015110101550817,82.056327819824,273.25
25-SEP-2026,2.9830189018944,56372,J2203+3145,0.59868228435516,88500,AP-N902-F303,0.015110101550817,0.015110101550817,80.783378601074,273.25
25-SEP-2026,2.9863522698534,56372,J2203+3145,0.59854072332382,88500,AP-N901-F303,0.015110101550817,0.015110101550817,82.056327819824,273.25
25-SEP-2026,2.9863522698534,56372,J2203+3145,0.59854072332382,88500,AP-N902-F303,0.015110101550817,0.015110101550817,80.783378601074,273.25
25-SEP-2026,2.9899634165256,56372,J2203+3145,0.59838658571243,88500,AP-N901-F303,0.015110101550817,0.015110101550817,82.056327819824,273.25
25-SEP-2026,2.9899634165256,56372,J2203+3145,0.59838658571243,88500,AP-N902-F303,0.015110101550817,0.015110101550817,80.783378601074,273.25
25-SEP-2026,2.9932967836115,56372,J2203+3145,0.59824341535568,88500,AP-N901-F303,0.015110101550817,0.015110101550817,82.056327819824,273.25
25-SEP-2026,2.9932967836115,56372,J2203+3145,0.59824341535568,88500,AP-N902-F303,0.015110101550817,0.015110101550817,80.783378601074,273.25
25-SEP-2026,2.9971857156327,56372,J2203+3145,0.59807568788528,88500,AP-N901-F303,0.015110101550817,0.015110101550817,82.056327819824,273.25
25-SEP-2026,2.9971857156327,56372,J2203+3145,0.59807568788528,88500,AP-N902-F303,0.015110101550817,0.015110101550817,80.783378601074,273.25
25-SEP-2026,3.0007968602095,56372,J2203+3145,0.59791892766953,88500,AP-N901-F303,0.015110101550817,0.015110101550817,82.056327819824,273.25
25-SEP-2026,3.0007968602095,56372,J2203+3145,0.59791892766953,88500,AP-N902-F303,0.015110101550817,0.015110101550817,80.783378601074,273.25
25-SEP-2026,3.0041302250252,56372,J2203+3145,0.59777373075485,88500,AP-N901-F303,0.015110101550817,0.015110101550817,82.056327819824,273.25
25-SEP-2026,3.0041302250252,56372,J2203+3145,0.59777373075485,88500,AP-N902-F303,0.015110101550817,0.015110101550817,80.783378601074,273.25
25-SEP-2026,3.0077413720467,56372,J2203+3145,0.59761548042297,88500,AP-N901-F303,0.015110101550817,0.015110101550817,82.056327819824,273.25
25-SEP-2026,3.0077413720467,56372,J2203+3145,0.59761548042297,88500,AP-N902-F303,0.015110101550817,0.015110101550817,80.783378601074,273.25
25-SEP-2026,3.0113525190682,56372,J2203+3145,0.59745639562607,88500,AP-N901-F303,0.015110101550817,0.015110101550817,82.056327819824,273.25
25-SEP-2026,3.0113525190682,56372,J2203+3145,0.59745639562607,88500,AP-N902-F303,0.015110101550817,0.015110101550817,80.783378601074,273.25
25-SEP-2026,3.0146858859794,56372,J2203+3145,0.59730893373489,88500,AP-N901-F303,0.015110101550817,0.015110101550817,82.056327819824,273.25
25-SEP-2026,3.0146858859794,56372,J2203+3145,0.59730893373489,88500,AP-N902-F303,0.015110101550817,0.015110101550817,80.783378601074,273.25
25-SEP-2026,3.0185748153813,56372,J2203+3145,0.59713590145111,88500,AP-N901-F303,0.015110101550817,0.015110101550817,82.056327819824,273.25
25-SEP-2026,3.0185748153813,56372,J2203+3145,0.59713590145111,88500,AP-N902-F303,0.015110101550817,0.015110101550817,80.783378601074,273.25
25-SEP-2026,3.0219081805462,56372,J2203+3145,0.59698688983917,88500,AP-N901-F303,0.015110101550817,0.015110101550817,82.056327819824,273.25
25-SEP-2026,3.0219081805462,56372,J2203+3145,0.59698688983917,88500,AP-N902-F303,0.015110101550817,0.015110101550817,80.783378601074,273.25
25-SEP-2026,3.0257971094242,56372,J2203+3145,0.59681212902069,88500,AP-N901-F303,0.015110101550817,0.015110101550817,82.056327819824,273.25
25-SEP-2026,3.0257971094242,56372,J2203+3145,0.59681212902069,88500,AP-N902-F303,0.015110101550817,0.015110101550817,80.783378601074,273.25
25-SEP-2026,3.0291304745892,56372,J2203+3145,0.59666150808334,88500,AP-N901-F303,0.015110101550817,0.015110101550817,82.056327819824,273.25
25-SEP-2026,3.0291304745892,56372,J2203+3145,0.59666150808334,88500,AP-N902-F303,0.015110101550817,0.015110101550817,80.783378601074,273.25
25-SEP-2026,3.1534372213184,56377,3C454.3,0.88486647605896,88500,AP-N901-F303,0,0,0,0
25-SEP-2026,3.1534372213184,56377,3C454.3,0.88486647605896,88500,AP-N902-F303,0,0,0,0
25-SEP-2026,3.1709373914905,56381,3C454.3,0.88488775491714,88500,AP-N901-F303,0,0,0,0
25-SEP-2026,3.1709373914905,56381,3C454.3,0.88488775491714,88500,AP-N902-F303,0,0,0,0
25-SEP-2026,3.1744096453136,56381,3C454.3,0.88488900661469,88500,AP-N901-F303,0,0,0,0
25-SEP-2026,3.1744096453136,56381,3C454.3,0.88488900661469,88500,AP-N902-F303,0,0,0,0
25-SEP-2026,3.1780207973992,56381,3C454.3,0.88488900661469,88500,AP-N901-F303,0,0,0,0
25-SEP-2026,3.1780207973992,56381,3C454.3,0.88488900661469,88500,AP-N902-F303,0,0,0,0
25-SEP-2026,3.1813541595956,56381,3C454.3,0.8848871588707,88500,AP-N901-F303,0,0,0,0
25-SEP-2026,3.1813541595956,56381,3C454.3,0.8848871588707,88500,AP-N902-F303,0,0,0,0
25-SEP-2026,3.1846875263321,56381,3C454.3,0.88488459587097,88500,AP-N901-F303,0,0,0,0
25-SEP-2026,3.1846875263321,56381,3C454.3,0.88488459587097,88500,AP-N902-F303,0,0,0,0
25-SEP-2026,3.188020893418,56381,3C454.3,0.88488095998764,88500,AP-N901-F303,0,0,0,0
25-SEP-2026,3.188020893418,56381,3C454.3,0.88488095998764,88500,AP-N902-F303,0,0,0,0
25-SEP-2026,3.1913542582337,56381,3C454.3,0.8848762512207,88500,AP-N901-F303,0,0,0,0
25-SEP-2026,3.1913542582337,56381,3C454.3,0.8848762512207,88500,AP-N902-F303,0,0,0,0
25-SEP-2026,3.1946876272404,56381,3C454.3,0.8848705291748,88500,AP-N901-F303,0,0,0,0
25-SEP-2026,3.1946876272404,56381,3C454.3,0.8848705291748,88500,AP-N902-F303,0,0,0,0
25-SEP-2026,3.1980209955486,56381,3C454.3,0.8848637342453,88500,AP-N901-F303,0,0,0,0
25-SEP-2026,3.1980209955486,56381,3C454.3,0.8848637342453,88500,AP-N902-F303,0,0,0,0
25-SEP-2026,3.2016321387284,56381,3C454.3,0.88485503196716,88500,AP-N901-F303,0,0,0,0
25-SEP-2026,3.2016321387284,56381,3C454.3,0.88485503196716,88500,AP-N902-F303,0,0,0,0
25-SEP-2026,3.2049655073859,56381,3C454.3,0.88484597206116,88500,AP-N901-F303,0,0,0,0
25-SEP-2026,3.2049655073859,56381,3C454.3,0.88484597206116,88500,AP-N902-F303,0,0,0,0
25-SEP-2026,3.2082988746463,56381,3C454.3,0.88483583927155,88500,AP-N901-F303,0,0,0,0
25-SEP-2026,3.2082988746463,56381,3C454.3,0.88483583927155,88500,AP-N902-F303,0,0,0,0
25-SEP-2026,3.2116322399859,56381,3C454.3,0.88482469320297,88500,AP-N901-F303,0,0,0,0
25-SEP-2026,3.2116322399859,56381,3C454.3,0.88482469320297,88500,AP-N902-F303,0,0,0,0
25-SEP-2026,3.2149656067225,56381,3C454.3,0.88481247425079,88500,AP-N901-F303,0,0,0,0
25-SEP-2026,3.2149656067225,56381,3C454.3,0.88481247425079,88500,AP-N902-F303,0,0,0,0
25-SEP-2026,3.2544104445471,56388,J2203+3145,0.58489239215851,88500,AP-N901-F303,0.01504544261843,0.01504544261843,82.588035583496,274.14999389648
25-SEP-2026,3.2544104445471,56388,J2203+3145,0.58489239215851,88500,AP-N902-F303,0.01504544261843,0.01504544261843,81.240020751953,274.14999389648
25-SEP-2026,3.2577438118076,56388,J2203+3145,0.58469492197037,88500,AP-N901-F303,0.01504544261843,0.01504544261843,82.588035583496,274.14999389648
25-SEP-2026,3.2577438118076,56388,J2203+3145,0.58469492197037,88500,AP-N902-F303,0.01504544261843,0.01504544261843,81.240020751953,274.14999389648
25-SEP-2026,3.2613549588291,56388,J2203+3145,0.58448022603989,88500,AP-N901-F303,0.01504544261843,0.01504544261843,82.588035583496,274.14999389648
25-SEP-2026,3.2613549588291,56388,J2203+3145,0.58448022603989,88500,AP-N902-F303,0.01504544261843,0.01504544261843,81.240020751953,274.14999389648
25-SEP-2026,3.2649661061998,56388,J2203+3145,0.58426475524902,88500,AP-N901-F303,0.01504544261843,0.01504544261843,82.588035583496,274.14999389648
25-SEP-2026,3.2649661061998,56388,J2203+3145,0.58426475524902,88500,AP-N902-F303,0.01504544261843,0.01504544261843,81.240020751953,274.14999389648
25-SEP-2026,3.2685772528721,56388,J2203+3145,0.58404850959778,88500,AP-N901-F303,0.01504544261843,0.01504544261843,82.588035583496,274.14999389648
25-SEP-2026,3.2685772528721,56388,J2203+3145,0.58404850959778,88500,AP-N902-F303,0.01504544261843,0.01504544261843,81.240020751953,274.14999389648
25-SEP-2026,3.2719106199579,56388,J2203+3145,0.58384823799133,88500,AP-N901-F303,0.01504544261843,0.01504544261843,82.588035583496,274.14999389648
25-SEP-2026,3.2719106199579,56388,J2203+3145,0.58384823799133,88500,AP-N902-F303,0.01504544261843,0.01504544261843,81.240020751953,274.14999389648
25-SEP-2026,3.2755217669794,56388,J2203+3145,0.58363056182861,88500,AP-N901-F303,0.01504544261843,0.01504544261843,82.588035583496,274.14999389648
25-SEP-2026,3.2755217669794,56388,J2203+3145,0.58363056182861,88500,AP-N902-F303,0.01504544261843,0.01504544261843,81.240020751953,274.14999389648
25-SEP-2026,3.2791329140009,56388,J2203+3145,0.58341199159622,88500,AP-N901-F303,0.01504544261843,0.01504544261843,82.588035583496,274.14999389648
25-SEP-2026,3.2791329140009,56388,J2203+3145,0.58341199159622,88500,AP-N902-F303,0.01504544261843,0.01504544261843,81.240020751953,274.14999389648
25-SEP-2026,3.2824662810867,56388,J2203+3145,0.58320957422256,88500,AP-N901-F303,0.01504544261843,0.01504544261843,82.588035583496,274.14999389648
25-SEP-2026,3.2824662810867,56388,J2203+3145,0.58320957422256,88500,AP-N902-F303,0.01504544261843,0.01504544261843,81.240020751953,274.14999389648
25-SEP-2026,3.2857996504427,56388,J2203+3145,0.58300650119781,88500,AP-N901-F303,0.01504544261843,0.01504544261843,82.588035583496,274.14999389648
25-SEP-2026,3.2857996504427,56388,J2203+3145,0.58300650119781,88500,AP-N902-F303,0.01504544261843,0.01504544261843,81.240020751953,274.14999389648
25-SEP-2026,3.2891330157823,56388,J2203+3145,0.58280277252197,88500,AP-N901-F303,0.01504544261843,0.01504544261843,82.588035583496,274.14999389648
25-SEP-2026,3.2891330157823,56388,J2203+3145,0.58280277252197,88500,AP-N902-F303,0.01504544261843,0.01504544261843,81.240020751953,274.14999389648
25-SEP-2026,3.2927441650739,56388,J2203+3145,0.58258128166199,88500,AP-N901-F303,0.01504544261843,0.01504544261843,82.588035583496,274.14999389648
25-SEP-2026,3.2927441650739,56388,J2203+3145,0.58258128166199,88500,AP-N902-F303,0.01504544261843,0.01504544261843,81.240020751953,274.14999389648
25-SEP-2026,3.2963553120953,56388,J2203+3145,0.58235895633698,88500,AP-N901-F303,0.01504544261843,0.01504544261843,82.588035583496,274.14999389648
25-SEP-2026,3.2963553120953,56388,J2203+3145,0.58235895633698,88500,AP-N902-F303,0.01504544261843,0.01504544261843,81.240020751953,274.14999389648
25-SEP-2026,3.299966458593,56388,J2203+3145,0.58213597536087,88500,AP-N901-F303,0.01504544261843,0.01504544261843,82.588035583496,274.14999389648
25-SEP-2026,3.299966458593,56388,J2203+3145,0.58213597536087,88500,AP-N902-F303,0.01504544261843,0.01504544261843,81.240020751953,274.14999389648
25-SEP-2026,3.303299823758,56388,J2203+3145,0.58192944526672,88500,AP-N901-F303,0.01504544261843,0.01504544261843,82.588035583496,274.14999389648
25-SEP-2026,3.303299823758,56388,J2203+3145,0.58192944526672,88500,AP-N902-F303,0.01504544261843,0.01504544261843,81.240020751953,274.14999389648
25-SEP-2026,3.3066331913677,56388,J2203+3145,0.58172214031219,88500,AP-N901-F303,0.01504544261843,0.01504544261843,82.588035583496,274.14999389648
25-SEP-2026,3.3066331913677,56388,J2203+3145,0.58172214031219,88500,AP-N902-F303,0.01504544261843,0.01504544261843,81.240020751953,274.14999389648
25-SEP-2026,3.3102443404846,56388,J2203+3145,0.58149689435959,88500,AP-N901-F303,0.01504544261843,0.01504544261843,82.588035583496,274.14999389648
25-SEP-2026,3.3102443404846,56388,J2203+3145,0.58149689435959,88500,AP-N902-F303,0.01504544261843,0.01504544261843,81.240020751953,274.14999389648
25-SEP-2026,3.3139943751165,56388,J2203+3145,0.58126217126846,88500,AP-N901-F303,0.01504544261843,0.01504544261843,82.588035583496,274.14999389648
25-SEP-2026,3.3139943751165,56388,J2203+3145,0.58126217126846,88500,AP-N902-F303,0.01504544261843,0.01504544261843,81.240020751953,274.14999389648
25-SEP-2026,3.3174666341784,56388,J2203+3145,0.58104401826859,88500,AP-N901-F303,0.01504544261843,0.01504544261843,82.588035583496,274.14999389648
25-SEP-2026,3.3174666341784,56388,J2203+3145,0.58104401826859,88500,AP-N902-F303,0.01504544261843,0.01504544261843,81.240020751953,274.14999389648
25-SEP-2026,3.3207999998672,56388,J2203+3145,0.5808339715004,88500,AP-N901-F303,0.01504544261843,0.01504544261843,82.588035583496,274.14999389648
25-SEP-2026,3.3207999998672,56388,J2203+3145,0.5808339715004,88500,AP-N902-F303,0.01504544261843,0.01504544261843,81.240020751953,274.14999389648
25-SEP-2026,3.3241333671277,56388,J2203+3145,0.58062320947647,88500,AP-N901-F303,0.01504544261843,0.01504544261843,82.588035583496,274.14999389648
25-SEP-2026,3.3241333671277,56388,J2203+3145,0.58062320947647,88500,AP-N902-F303,0.01504544261843,0.01504544261843,81.240020751953,274.14999389648
25-SEP-2026,3.3274667354359,56388,J2203+3145,0.5804118514061,88500,AP-N901-F303,0.01504544261843,0.01504544261843,82.588035583496,274.14999389648
25-SEP-2026,3.3274667354359,56388,J2203+3145,0.5804118514061,88500,AP-N902-F303,0.01504544261843,0.01504544261843,81.240020751953,274.14999389648
25-SEP-2026,3.3308000995531,56388,J2203+3145,0.58019983768463,88500,AP-N901-F303,0.01504544261843,0.01504544261843,82.588035583496,274.14999389648
25-SEP-2026,3.3308000995531,56388,J2203+3145,0.58019983768463,88500,AP-N902-F303,0.01504544261843,0.01504544261843,81.240020751953,274.14999389648
25-SEP-2026,3.334133466639,56388,J2203+3145,0.57998710870743,88500,AP-N901-F303,0.01504544261843,0.01504544261843,82.588035583496,274.14999389648
25-SEP-2026,3.334133466639,56388,J2203+3145,0.57998710870743,88500,AP-N902-F303,0.01504544261843,0.01504544261843,81.240020751953,274.14999389648
25-SEP-2026,3.3374668333756,56388,J2203+3145,0.57977372407913,88500,AP-N901-F303,0.01504544261843,0.01504544261843,82.588035583496,274.14999389648
25-SEP-2026,3.3374668333756,56388,J2203+3145,0.57977372407913,88500,AP-N902-F303,0.01504544261843,0.01504544261843,81.240020751953,274.14999389648
25-SEP-2026,3.3408002036046,56388,J2203+3145,0.57955974340439,88500,AP-N901-F303,0.01504544261843,0.01504544261843,82.588035583496,274.14999389648
25-SEP-2026,3.3408002036046,56388,J2203+3145,0.57955974340439,88500,AP-N902-F303,0.01504544261843,0.01504544261843,81.240020751953,274.14999389648
25-SEP-2026,3.3441335647533,56388,J2203+3145,0.57934498786926,88500,AP-N901-F303,0.01504544261843,0.01504544261843,82.588035583496,274.14999389648
25-SEP-2026,3.3441335647533,56388,J2203+3145,0.57934498786926,88500,AP-N902-F303,0.01504544261843,0.01504544261843,81.240020751953,274.14999389648
25-SEP-2026,3.3474669327122,56388,J2203+3145,0.57912957668304,88500,AP-N901-F303,0.01504544261843,0.01504544261843,82.588035583496,274.14999389648
25-SEP-2026,3.3474669327122,56388,J2203+3145,0.57912957668304,88500,AP-N902-F303,0.01504544261843,0.01504544261843,81.240020751953,274.14999389648
25-SEP-2026,3.351078080083,56388,J2203+3145,0.5788956284523,88500,AP-N901-F303,0.01504544261843,0.01504544261843,82.588035583496,274.14999389648
25-SEP-2026,3.351078080083,56388,J2203+3145,0.5788956284523,88500,AP-N902-F303,0.01504544261843,0.01504544261843,81.240020751953,274.14999389648
25-SEP-2026,3.3546892288507,56388,J2203+3145,0.57866084575653,88500,AP-N901-F303,0.01504544261843,0.01504544261843,82.588035583496,274.14999389648
25-SEP-2026,3.3546892288507,56388,J2203+3145,0.57866084575653,88500,AP-N902-F303,0.01504544261843,0.01504544261843,81.240020751953,274.14999389648
25-SEP-2026,3.3580225943649,56388,J2203+3145,0.57844334840775,88500,AP-N901-F303,0.01504544261843,0.01504544261843,82.588035583496,274.14999389648
25-SEP-2026,3.3580225943649,56388,J2203+3145,0.57844334840775,88500,AP-N902-F303,0.01504544261843,0.01504544261843,81.240020751953,274.14999389648
25-SEP-2026,3.3613559624985,56388,J2203+3145,0.5782253742218,88500,AP-N901-F303,0.01504544261843,0.01504544261843,82.588035583496,274.14999389648
25-SEP-2026,3.3613559624985,56388,J2203+3145,0.5782253742218,88500,AP-N902-F303,0.01504544261843,0.01504544261843,81.240020751953,274.14999389648
25-SEP-2026,3.4537179946253,56393,BLLAC,0.39642763137817,88500,AP-N901-F303,0.015037544071674,0.015037544071674,89.489685058594,274.04998779297
25-SEP-2026,3.4537179946253,56393,BLLAC,0.39642763137817,88500,AP-N902-F303,0.015037544071674,0.015037544071674,88.459327697754,274.04998779297
25-SEP-2026,3.4710792845212,56397,BLLAC,0.39543563127518,88500,AP-N901-F303,0.015037544071674,0.015037544071674,89.489685058594,274.04998779297
25-SEP-2026,3.4710792845212,56397,BLLAC,0.39543563127518,88500,AP-N902-F303,0.015037544071674,0.015037544071674,88.459327697754,274.04998779297
25-SEP-2026,3.474412651607,56397,BLLAC,0.39524340629578,88500,AP-N901-F303,0.015037544071674,0.015037544071674,89.489685058594,274.04998779297
25-SEP-2026,3.474412651607,56397,BLLAC,0.39524340629578,88500,AP-N902-F303,0.015037544071674,0.015037544071674,88.459327697754,274.04998779297
25-SEP-2026,3.4780237988031,56397,BLLAC,0.39503476023674,88500,AP-N901-F303,0.015037544071674,0.015037544071674,89.489685058594,274.04998779297
25-SEP-2026,3.4780237988031,56397,BLLAC,0.39503476023674,88500,AP-N902-F303,0.015037544071674,0.015037544071674,88.459327697754,274.04998779297
25-SEP-2026,3.48163494565,56397,BLLAC,0.39482554793358,88500,AP-N901-F303,0.015037544071674,0.015037544071674,89.489685058594,274.04998779297
25-SEP-2026,3.48163494565,56397,BLLAC,0.39482554793358,88500,AP-N902-F303,0.015037544071674,0.015037544071674,88.459327697754,274.04998779297
25-SEP-2026,3.4852460958147,56397,BLLAC,0.394615650177,88500,AP-N901-F303,0.015037544071674,0.015037544071674,89.489685058594,274.04998779297
25-SEP-2026,3.4852460958147,56397,BLLAC,0.394615650177,88500,AP-N902-F303,0.015037544071674,0.015037544071674,88.459327697754,274.04998779297
25-SEP-2026,3.488579459932,56397,BLLAC,0.39442121982574,88500,AP-N901-F303,0.015037544071674,0.015037544071674,89.489685058594,274.04998779297
25-SEP-2026,3.488579459932,56397,BLLAC,0.39442121982574,88500,AP-N902-F303,0.015037544071674,0.015037544071674,88.459327697754,274.04998779297
25-SEP-2026,3.4919128270178,56397,BLLAC,0.39422646164894,88500,AP-N901-F303,0.015037544071674,0.015037544071674,89.489685058594,274.04998779297
25-SEP-2026,3.4919128270178,56397,BLLAC,0.39422646164894,88500,AP-N902-F303,0.015037544071674,0.015037544071674,88.459327697754,274.04998779297
25-SEP-2026,3.4952461909604,56397,BLLAC,0.39403116703033,88500,AP-N901-F303,0.015037544071674,0.015037544071674,89.489685058594,274.04998779297
25-SEP-2026,3.4952461909604,56397,BLLAC,0.39403116703033,88500,AP-N902-F303,0.015037544071674,0.015037544071674,88.459327697754,274.04998779297
25-SEP-2026,3.4985795622372,56397,BLLAC,0.39383524656296,88500,AP-N901-F303,0.015037544071674,0.015037544071674,89.489685058594,274.04998779297
25-SEP-2026,3.4985795622372,56397,BLLAC,0.39383524656296,88500,AP-N902-F303,0.015037544071674,0.015037544071674,88.459327697754,274.04998779297
25-SEP-2026,3.5021907090841,56397,BLLAC,0.39362239837646,88500,AP-N901-F303,0.015037544071674,0.015037544071674,89.489685058594,274.04998779297
25-SEP-2026,3.5021907090841,56397,BLLAC,0.39362239837646,88500,AP-N902-F303,0.015037544071674,0.015037544071674,88.459327697754,274.04998779297
25-SEP-2026,3.5058018576772,56397,BLLAC,0.39340901374817,88500,AP-N901-F303,0.015037544071674,0.015037544071674,89.489685058594,274.04998779297
25-SEP-2026,3.5058018576772,56397,BLLAC,0.39340901374817,88500,AP-N902-F303,0.015037544071674,0.015037544071674,88.459327697754,274.04998779297
25-SEP-2026,3.5091352235407,56397,BLLAC,0.39321151375771,88500,AP-N901-F303,0.015037544071674,0.015037544071674,89.489685058594,274.04998779297
25-SEP-2026,3.5091352235407,56397,BLLAC,0.39321151375771,88500,AP-N902-F303,0.015037544071674,0.015037544071674,88.459327697754,274.04998779297
25-SEP-2026,3.5127463691652,56397,BLLAC,0.39299699664116,88500,AP-N901-F303,0.015037544071674,0.015037544071674,89.489685058594,274.04998779297
25-SEP-2026,3.5127463691652,56397,BLLAC,0.39299699664116,88500,AP-N902-F303,0.015037544071674,0.015037544071674,88.459327697754,274.04998779297
25-SEP-2026,3.5160797406166,56397,BLLAC,0.39279833436012,88500,AP-N901-F303,0.015037544071674,0.015037544071674,89.489685058594,274.04998779297
25-SEP-2026,3.5160797406166,56397,BLLAC,0.39279833436012,88500,AP-N902-F303,0.015037544071674,0.015037544071674,88.459327697754,274.04998779297
25-SEP-2026,3.5403855344916,56402,J2203+3145,0.56555759906769,88500,AP-N901-F303,0,0,89.451698303223,273.75
25-SEP-2026,3.5403855344916,56402,J2203+3145,0.56555759906769,88500,AP-N902-F303,0,0,89.16471862793,273.75
25-SEP-2026,3.5505245294713,56406,J2203+3145,0.56478482484818,88500,AP-N901-F303,0,0,89.451698303223,273.75
25-SEP-2026,3.5505245294713,56406,J2203+3145,0.56478482484818,88500,AP-N902-F303,0,0,89.16471862793,273.75
25-SEP-2026,3.5538578941125,56406,J2203+3145,0.56452941894531,88500,AP-N901-F303,0,0,89.451698303223,273.75
25-SEP-2026,3.5538578941125,56406,J2203+3145,0.56452941894531,88500,AP-N902-F303,0,0,89.16471862793,273.75
25-SEP-2026,3.5571912601506,56406,J2203+3145,0.56427347660065,88500,AP-N901-F303,0,0,89.451698303223,273.75
25-SEP-2026,3.5571912601506,56406,J2203+3145,0.56427347660065,88500,AP-N902-F303,0,0,89.16471862793,273.75
25-SEP-2026,3.5605246291573,56406,J2203+3145,0.56401687860489,88500,AP-N901-F303,0,0,89.451698303223,273.75
25-SEP-2026,3.5605246291573,56406,J2203+3145,0.56401687860489,88500,AP-N902-F303,0,0,89.16471862793,273.75
25-SEP-2026,3.5638579993863,56406,J2203+3145,0.56375974416733,88500,AP-N901-F303,0,0,89.451698303223,273.75
25-SEP-2026,3.5638579993863,56406,J2203+3145,0.56375974416733,88500,AP-N902-F303,0,0,89.16471862793,273.75
25-SEP-2026,3.5674691443123,56406,J2203+3145,0.56348037719727,88500,AP-N901-F303,0,0,89.451698303223,273.75
25-SEP-2026,3.5674691443123,56406,J2203+3145,0.56348037719727,88500,AP-N902-F303,0,0,89.16471862793,273.75
25-SEP-2026,3.5710802904607,56406,J2203+3145,0.56320029497147,88500,AP-N901-F303,0,0,89.451698303223,273.75
25-SEP-2026,3.5710802904607,56406,J2203+3145,0.56320029497147,88500,AP-N902-F303,0,0,89.16471862793,273.75
25-SEP-2026,3.5746914355613,56406,J2203+3145,0.56291943788528,88500,AP-N901-F303,0,0,89.451698303223,273.75
25-SEP-2026,3.5746914355613,56406,J2203+3145,0.56291943788528,88500,AP-N902-F303,0,0,89.16471862793,273.75
25-SEP-2026,3.578024804568,56406,J2203+3145,0.56265950202942,88500,AP-N901-F303,0,0,89.451698303223,273.75
25-SEP-2026,3.578024804568,56406,J2203+3145,0.56265950202942,88500,AP-N902-F303,0,0,89.16471862793,273.75
25-SEP-2026,3.5813581700823,56406,J2203+3145,0.5623990893364,88500,AP-N901-F303,0,0,89.451698303223,273.75
25-SEP-2026,3.5813581700823,56406,J2203+3145,0.5623990893364,88500,AP-N902-F303,0,0,89.16471862793,273.75
25-SEP-2026,3.5846915366442,56406,J2203+3145,0.56213784217834,88500,AP-N901-F303,0,0,89.451698303223,273.75
25-SEP-2026,3.5846915366442,56406,J2203+3145,0.56213784217834,88500,AP-N902-F303,0,0,89.16471862793,273.75
25-SEP-2026,3.5883026834911,56406,J2203+3145,0.56185430288315,88500,AP-N901-F303,0,0,89.451698303223,273.75
25-SEP-2026,3.5883026834911,56406,J2203+3145,0.56185430288315,88500,AP-N902-F303,0,0,89.16471862793,273.75
25-SEP-2026,3.5916360509262,56406,J2203+3145,0.56159198284149,88500,AP-N901-F303,0,0,89.451698303223,273.75
25-SEP-2026,3.5916360509262,56406,J2203+3145,0.56159198284149,88500,AP-N902-F303,0,0,89.16471862793,273.75
25-SEP-2026,3.5949694178374,56406,J2203+3145,0.56132882833481,88500,AP-N901-F303,0,0,89.451698303223,273.75
25-SEP-2026,3.5949694178374,56406,J2203+3145,0.56132882833481,88500,AP-N902-F303,0,0,89.16471862793,273.75
25-SEP-2026,3.5985805676529,56406,J2203+3145,0.5610431432724,88500,AP-N901-F303,0,0,89.451698303223,273.75
25-SEP-2026,3.5985805676529,56406,J2203+3145,0.5610431432724,88500,AP-N902-F303,0,0,89.16471862793,273.75
25-SEP-2026,3.6019139321193,56406,J2203+3145,0.56077885627747,88500,AP-N901-F303,0,0,89.451698303223,273.75
25-SEP-2026,3.6019139321193,56406,J2203+3145,0.56077885627747,88500,AP-N902-F303,0,0,89.16471862793,273.75
25-SEP-2026,3.6052472999037,56406,J2203+3145,0.56051379442215,88500,AP-N901-F303,0,0,89.451698303223,273.75
25-SEP-2026,3.6052472999037,56406,J2203+3145,0.56051379442215,88500,AP-N902-F303,0,0,89.16471862793,273.75
25-SEP-2026,3.6088584469252,56406,J2203+3145,0.56022602319717,88500,AP-N901-F303,0,0,89.451698303223,273.75
25-SEP-2026,3.6088584469252,56406,J2203+3145,0.56022602319717,88500,AP-N902-F303,0,0,89.16471862793,273.75
25-SEP-2026,3.6121918157572,56406,J2203+3145,0.55995976924896,88500,AP-N901-F303,0,0,89.451698303223,273.75
25-SEP-2026,3.6121918157572,56406,J2203+3145,0.55995976924896,88500,AP-N902-F303,0,0,89.16471862793,273.75
25-SEP-2026,3.6155251844147,56406,J2203+3145,0.5596929192543,88500,AP-N901-F303,0,0,89.451698303223,273.75
25-SEP-2026,3.6155251844147,56406,J2203+3145,0.5596929192543,88500,AP-N902-F303,0,0,89.16471862793,273.75
25-SEP-2026,3.619136326896,56406,J2203+3145,0.55940300226212,88500,AP-N901-F303,0,0,89.451698303223,273.75
25-SEP-2026,3.619136326896,56406,J2203+3145,0.55940300226212,88500,AP-N902-F303,0,0,89.16471862793,273.75
25-SEP-2026,3.6224696959027,56406,J2203+3145,0.55913478136063,88500,AP-N901-F303,0,0,89.451698303223,273.75
25-SEP-2026,3.6224696959027,56406,J2203+3145,0.55913478136063,88500,AP-N902-F303,0,0,89.16471862793,273.75
25-SEP-2026,3.6260808432734,56406,J2203+3145,0.55884355306625,88500,AP-N901-F303,0,0,89.451698303223,273.75
25-SEP-2026,3.6260808432734,56406,J2203+3145,0.55884355306625,88500,AP-N902-F303,0,0,89.16471862793,273.75
25-SEP-2026,3.7041371874976,56411,BLLAC,0.38076105713844,88500,AP-N901-F303,0.015078816562891,0.015078816562891,89.517929077148,273.75
25-SEP-2026,3.7041371874976,56411,BLLAC,0.38076105713844,88500,AP-N902-F303,0.015078816562891,0.015078816562891,88.283790588379,273.75
25-SEP-2026,3.7208040183866,56415,BLLAC,0.37961637973785,88500,AP-N901-F303,0.015078816562891,0.015078816562891,89.517929077148,273.75
25-SEP-2026,3.7208040183866,56415,BLLAC,0.37961637973785,88500,AP-N902-F303,0.015078816562891,0.015078816562891,88.283790588379,273.75
25-SEP-2026,3.7241373830277,56415,BLLAC,0.3793857395649,88500,AP-N901-F303,0.015078816562891,0.015078816562891,89.517929077148,273.75
25-SEP-2026,3.7241373830277,56415,BLLAC,0.3793857395649,88500,AP-N902-F303,0.015078816562891,0.015078816562891,88.283790588379,273.75
25-SEP-2026,3.7277485312715,56415,BLLAC,0.37913545966148,88500,AP-N901-F303,0.015078816562891,0.015078816562891,89.517929077148,273.75
25-SEP-2026,3.7277485312715,56415,BLLAC,0.37913545966148,88500,AP-N902-F303,0.015078816562891,0.015078816562891,88.283790588379,273.75
25-SEP-2026,3.7310818976589,56415,BLLAC,0.37890392541885,88500,AP-N901-F303,0.015078816562891,0.015078816562891,89.517929077148,273.75
25-SEP-2026,3.7310818976589,56415,BLLAC,0.37890392541885,88500,AP-N902-F303,0.015078816562891,0.015078816562891,88.283790588379,273.75
25-SEP-2026,3.7344152624746,56415,BLLAC,0.37867194414139,88500,AP-N901-F303,0.015078816562891,0.015078816562891,89.517929077148,273.75
25-SEP-2026,3.7344152624746,56415,BLLAC,0.37867194414139,88500,AP-N902-F303,0.015078816562891,0.015078816562891,88.283790588379,273.75
25-SEP-2026,3.7380264143856,56415,BLLAC,0.37841999530792,88500,AP-N901-F303,0.015078816562891,0.015078816562891,89.517929077148,273.75
25-SEP-2026,3.7380264143856,56415,BLLAC,0.37841999530792,88500,AP-N902-F303,0.015078816562891,0.015078816562891,88.283790588379,273.75
25-SEP-2026,3.7413597797252,56415,BLLAC,0.37818697094917,88500,AP-N901-F303,0.015078816562891,0.015078816562891,89.517929077148,273.75
25-SEP-2026,3.7413597797252,56415,BLLAC,0.37818697094917,88500,AP-N902-F303,0.015078816562891,0.015078816562891,88.283790588379,273.75
25-SEP-2026,3.7446931462871,56415,BLLAC,0.3779533803463,88500,AP-N901-F303,0.015078816562891,0.015078816562891,89.517929077148,273.75
25-SEP-2026,3.7446931462871,56415,BLLAC,0.3779533803463,88500,AP-N902-F303,0.015078816562891,0.015078816562891,88.283790588379,273.75
25-SEP-2026,3.7480265130237,56415,BLLAC,0.37771925330162,88500,AP-N901-F303,0.015078816562891,0.015078816562891,89.517929077148,273.75
25-SEP-2026,3.7480265130237,56415,BLLAC,0.37771925330162,88500,AP-N902-F303,0.015078816562891,0.015078816562891,88.283790588379,273.75
25-SEP-2026,3.7516376605691,56415,BLLAC,0.37746506929398,88500,AP-N901-F303,0.015078816562891,0.015078816562891,89.517929077148,273.75
25-SEP-2026,3.7516376605691,56415,BLLAC,0.37746506929398,88500,AP-N902-F303,0.015078816562891,0.015078816562891,88.283790588379,273.75
25-SEP-2026,3.7552488075906,56415,BLLAC,0.37721040844917,88500,AP-N901-F303,0.015078816562891,0.015078816562891,89.517929077148,273.75
25-SEP-2026,3.7552488075906,56415,BLLAC,0.37721040844917,88500,AP-N902-F303,0.015078816562891,0.015078816562891,88.283790588379,273.75
25-SEP-2026,3.7585821745018,56415,BLLAC,0.37697485089302,88500,AP-N901-F303,0.015078816562891,0.015078816562891,89.517929077148,273.75
25-SEP-2026,3.7585821745018,56415,BLLAC,0.37697485089302,88500,AP-N902-F303,0.015078816562891,0.015078816562891,88.283790588379,273.75
25-SEP-2026,3.7619155386191,56415,BLLAC,0.3767386674881,88500,AP-N901-F303,0.015078816562891,0.015078816562891,89.517929077148,273.75
25-SEP-2026,3.7619155386191,56415,BLLAC,0.3767386674881,88500,AP-N902-F303,0.015078816562891,0.015078816562891,88.283790588379,273.75
25-SEP-2026,3.7652489067526,56415,BLLAC,0.37650203704834,88500,AP-N901-F303,0.015078816562891,0.015078816562891,89.517929077148,273.75
25-SEP-2026,3.7652489067526,56415,BLLAC,0.37650203704834,88500,AP-N902-F303,0.015078816562891,0.015078816562891,88.283790588379,273.75
25-SEP-2026,3.7901102708017,56420,J2203+3145,0.54485696554184,88500,AP-N901-F303,0,0,89.757095336914,272.95001220703
25-SEP-2026,3.7901102708017,56420,J2203+3145,0.54485696554184,88500,AP-N902-F303,0,0,89.554351806641,272.95001220703
25-SEP-2026,3.800249263686,56424,J2203+3145,0.54394471645355,88500,AP-N901-F303,0,0,89.757095336914,272.95001220703
25-SEP-2026,3.800249263686,56424,J2203+3145,0.54394471645355,88500,AP-N902-F303,0,0,89.554351806641,272.95001220703
25-SEP-2026,3.8038604084374,56424,J2203+3145,0.54361826181412,88500,AP-N901-F303,0,0,89.757095336914,272.95001220703
25-SEP-2026,3.8038604084374,56424,J2203+3145,0.54361826181412,88500,AP-N902-F303,0,0,89.554351806641,272.95001220703
25-SEP-2026,3.8071937734277,56424,J2203+3145,0.54331636428833,88500,AP-N901-F303,0,0,89.757095336914,272.95001220703
25-SEP-2026,3.8071937734277,56424,J2203+3145,0.54331636428833,88500,AP-N902-F303,0,0,89.554351806641,272.95001220703
25-SEP-2026,3.8108049201,56424,J2203+3145,0.542988717556,88500,AP-N901-F303,0,0,89.757095336914,272.95001220703
25-SEP-2026,3.8108049201,56424,J2203+3145,0.542988717556,88500,AP-N902-F303,0,0,89.554351806641,272.95001220703
25-SEP-2026,3.8144160672961,56424,J2203+3145,0.54266041517258,88500,AP-N901-F303,0,0,89.757095336914,272.95001220703
25-SEP-2026,3.8144160672961,56424,J2203+3145,0.54266041517258,88500,AP-N902-F303,0,0,89.554351806641,272.95001220703
25-SEP-2026,3.8177494343819,56424,J2203+3145,0.5423566699028,88500,AP-N901-F303,0,0,89.757095336914,272.95001220703
25-SEP-2026,3.8177494343819,56424,J2203+3145,0.5423566699028,88500,AP-N902-F303,0,0,89.554351806641,272.95001220703
25-SEP-2026,3.8210828014678,56424,J2203+3145,0.54205244779587,88500,AP-N901-F303,0,0,89.757095336914,272.95001220703
25-SEP-2026,3.8210828014678,56424,J2203+3145,0.54205244779587,88500,AP-N902-F303,0,0,89.554351806641,272.95001220703
25-SEP-2026,3.8246939483146,56424,J2203+3145,0.54172217845917,88500,AP-N901-F303,0,0,89.757095336914,272.95001220703
25-SEP-2026,3.8246939483146,56424,J2203+3145,0.54172217845917,88500,AP-N902-F303,0,0,89.554351806641,272.95001220703
25-SEP-2026,3.8283050953361,56424,J2203+3145,0.54139107465744,88500,AP-N901-F303,0,0,89.757095336914,272.95001220703
25-SEP-2026,3.8283050953361,56424,J2203+3145,0.54139107465744,88500,AP-N902-F303,0,0,89.554351806641,272.95001220703
25-SEP-2026,3.8316384625966,56424,J2203+3145,0.54108500480652,88500,AP-N901-F303,0,0,89.757095336914,272.95001220703
25-SEP-2026,3.8316384625966,56424,J2203+3145,0.54108500480652,88500,AP-N902-F303,0,0,89.554351806641,272.95001220703
25-SEP-2026,3.8352496096181,56424,J2203+3145,0.54075264930725,88500,AP-N901-F303,0,0,89.757095336914,272.95001220703
25-SEP-2026,3.8352496096181,56424,J2203+3145,0.54075264930725,88500,AP-N902-F303,0,0,89.554351806641,272.95001220703
25-SEP-2026,3.8388607568142,56424,J2203+3145,0.54041963815689,88500,AP-N901-F303,0,0,89.757095336914,272.95001220703
25-SEP-2026,3.8388607568142,56424,J2203+3145,0.54041963815689,88500,AP-N902-F303,0,0,89.554351806641,272.95001220703
25-SEP-2026,3.8421941232015,56424,J2203+3145,0.54011160135269,88500,AP-N901-F303,0,0,89.757095336914,272.95001220703
25-SEP-2026,3.8421941232015,56424,J2203+3145,0.54011160135269,88500,AP-N902-F303,0,0,89.554351806641,272.95001220703
25-SEP-2026,3.8455274913351,56424,J2203+3145,0.53980302810669,88500,AP-N901-F303,0,0,89.757095336914,272.95001220703
25-SEP-2026,3.8455274913351,56424,J2203+3145,0.53980302810669,88500,AP-N902-F303,0,0,89.554351806641,272.95001220703
25-SEP-2026,3.8488608585956,56424,J2203+3145,0.53949379920959,88500,AP-N901-F303,0,0,89.757095336914,272.95001220703
25-SEP-2026,3.8488608585956,56424,J2203+3145,0.53949379920959,88500,AP-N902-F303,0,0,89.554351806641,272.95001220703
25-SEP-2026,3.8524720077125,56424,J2203+3145,0.53915822505951,88500,AP-N901-F303,0,0,89.757095336914,272.95001220703
25-SEP-2026,3.8524720077125,56424,J2203+3145,0.53915822505951,88500,AP-N902-F303,0,0,89.554351806641,272.95001220703
25-SEP-2026,3.8560831526386,56424,J2203+3145,0.53882199525833,88500,AP-N901-F303,0,0,89.757095336914,272.95001220703
25-SEP-2026,3.8560831526386,56424,J2203+3145,0.53882199525833,88500,AP-N902-F303,0,0,89.554351806641,272.95001220703
25-SEP-2026,3.8596942987869,56424,J2203+3145,0.53848493099213,88500,AP-N901-F303,0,0,89.757095336914,272.95001220703
25-SEP-2026,3.8596942987869,56424,J2203+3145,0.53848493099213,88500,AP-N902-F303,0,0,89.554351806641,272.95001220703
25-SEP-2026,3.8630276669205,56424,J2203+3145,0.53817331790924,88500,AP-N901-F303,0,0,89.757095336914,272.95001220703
25-SEP-2026,3.8630276669205,56424,J2203+3145,0.53817331790924,88500,AP-N902-F303,0,0,89.554351806641,272.95001220703
25-SEP-2026,3.8663610347048,56424,J2203+3145,0.53786104917526,88500,AP-N901-F303,0,0,89.757095336914,272.95001220703
25-SEP-2026,3.8663610347048,56424,J2203+3145,0.53786104917526,88500,AP-N902-F303,0,0,89.554351806641,272.95001220703
25-SEP-2026,3.8696944026638,56424,J2203+3145,0.53754818439484,88500,AP-N901-F303,0,0,89.757095336914,272.95001220703
25-SEP-2026,3.8696944026638,56424,J2203+3145,0.53754818439484,88500,AP-N902-F303,0,0,89.554351806641,272.95001220703
25-SEP-2026,3.873027766781,56424,J2203+3145,0.53723472356796,88500,AP-N901-F303,0,0,89.757095336914,272.95001220703
25-SEP-2026,3.873027766781,56424,J2203+3145,0.53723472356796,88500,AP-N902-F303,0,0,89.554351806641,272.95001220703
25-SEP-2026,3.8766389138025,56424,J2203+3145,0.53689455986023,88500,AP-N901-F303,0,0,89.757095336914,272.95001220703
25-SEP-2026,3.8766389138025,56424,J2203+3145,0.53689455986023,88500,AP-N902-F303,0,0,89.554351806641,272.95001220703
25-SEP-2026,3.8802500632687,56424,J2203+3145,0.5365537405014,88500,AP-N901-F303,0,0,89.757095336914,272.95001220703
25-SEP-2026,3.8802500632687,56424,J2203+3145,0.5365537405014,88500,AP-N902-F303,0,0,89.554351806641,272.95001220703
25-SEP-2026,3.8835834282591,56424,J2203+3145,0.53623849153519,88500,AP-N901-F303,0,0,89.757095336914,272.95001220703
25-SEP-2026,3.8835834282591,56424,J2203+3145,0.53623849153519,88500,AP-N902-F303,0,0,89.554351806641,272.95001220703
25-SEP-2026,3.8869167948211,56424,J2203+3145,0.53592264652252,88500,AP-N901-F303,0,0,89.757095336914,272.95001220703
25-SEP-2026,3.8869167948211,56424,J2203+3145,0.53592264652252,88500,AP-N902-F303,0,0,89.554351806641,272.95001220703
25-SEP-2026,3.8902501617323,56424,J2203+3145,0.53560620546341,88500,AP-N901-F303,0,0,89.757095336914,272.95001220703
25-SEP-2026,3.8902501617323,56424,J2203+3145,0.53560620546341,88500,AP-N902-F303,0,0,89.554351806641,272.95001220703
25-SEP-2026,3.8935835298659,56424,J2203+3145,0.53528922796249,88500,AP-N901-F303,0,0,89.757095336914,272.95001220703
25-SEP-2026,3.8935835298659,56424,J2203+3145,0.53528922796249,88500,AP-N902-F303,0,0,89.554351806641,272.95001220703
25-SEP-2026,3.9876122485916,56429,BLLAC,0.35960808396339,88500,AP-N901-F303,0.015167752280831,0.015167752280831,89.858001708984,272.54998779297
25-SEP-2026,3.9876122485916,56429,BLLAC,0.35960808396339,88500,AP-N902-F303,0.014023389667273,0.014023389667273,88.968467712402,272.54998779297
25-SEP-2026,4.0041401971088,56433,BLLAC,0.35826662182808,88500,AP-N901-F303,0.015167752280831,0.015167752280831,89.858001708984,272.54998779297
25-SEP-2026,4.0041401971088,56433,BLLAC,0.35826662182808,88500,AP-N902-F303,0.014023389667273,0.014023389667273,88.968467712402,272.54998779297
25-SEP-2026,4.0077513441303,56433,BLLAC,0.35797193646431,88500,AP-N901-F303,0.015167752280831,0.015167752280831,89.858001708984,272.54998779297
25-SEP-2026,4.0077513441303,56433,BLLAC,0.35797193646431,88500,AP-N902-F303,0.014023389667273,0.014023389667273,88.968467712402,272.54998779297
25-SEP-2026,4.0113624909772,56433,BLLAC,0.35767668485641,88500,AP-N901-F303,0.015167752280831,0.015167752280831,89.858001708984,272.54998779297
25-SEP-2026,4.0113624909772,56433,BLLAC,0.35767668485641,88500,AP-N902-F303,0.014023389667273,0.014023389667273,88.968467712402,272.54998779297
25-SEP-2026,4.014695858063,56433,BLLAC,0.35740369558334,88500,AP-N901-F303,0.015167752280831,0.015167752280831,89.858001708984,272.54998779297
25-SEP-2026,4.014695858063,56433,BLLAC,0.35740369558334,88500,AP-N902-F303,0.014023389667273,0.014023389667273,88.968467712402,272.54998779297
25-SEP-2026,4.0180292228788,56433,BLLAC,0.35713019967079,88500,AP-N901-F303,0.015167752280831,0.015167752280831,89.858001708984,272.54998779297
25-SEP-2026,4.0180292228788,56433,BLLAC,0.35713019967079,88500,AP-N902-F303,0.014023389667273,0.014023389667273,88.968467712402,272.54998779297
25-SEP-2026,4.0213625920601,56433,BLLAC,0.35685616731644,88500,AP-N901-F303,0.015167752280831,0.015167752280831,89.858001708984,272.54998779297
25-SEP-2026,4.0213625920601,56433,BLLAC,0.35685616731644,88500,AP-N902-F303,0.014023389667273,0.014023389667273,88.968467712402,272.54998779297
25-SEP-2026,4.0246959603683,56433,BLLAC,0.35658180713654,88500,AP-N901-F303,0.015167752280831,0.015167752280831,89.858001708984,272.54998779297
25-SEP-2026,4.0246959603683,56433,BLLAC,0.35658180713654,88500,AP-N902-F303,0.014023389667273,0.014023389667273,88.968467712402,272.54998779297
25-SEP-2026,4.0285848834837,56433,BLLAC,0.35626104474068,88500,AP-N901-F303,0.015167752280831,0.015167752280831,89.858001708984,272.54998779297
25-SEP-2026,4.0285848834837,56433,BLLAC,0.35626104474068,88500,AP-N902-F303,0.014023389667273,0.014023389667273,88.968467712402,272.54998779297
25-SEP-2026,4.0319182514427,56433,BLLAC,0.35598567128181,88500,AP-N901-F303,0.015167752280831,0.015167752280831,89.858001708984,272.54998779297
25-SEP-2026,4.0319182514427,56433,BLLAC,0.35598567128181,88500,AP-N902-F303,0.014023389667273,0.014023389667273,88.968467712402,272.54998779297
25-SEP-2026,4.0352516194016,56433,BLLAC,0.35570979118347,88500,AP-N901-F303,0.015167752280831,0.015167752280831,89.858001708984,272.54998779297
25-SEP-2026,4.0352516194016,56433,BLLAC,0.35570979118347,88500,AP-N902-F303,0.014023389667273,0.014023389667273,88.968467712402,272.54998779297
25-SEP-2026,4.0388627674709,56433,BLLAC,0.35541021823883,88500,AP-N901-F303,0.015167752280831,0.015167752280831,89.858001708984,272.54998779297
25-SEP-2026,4.0388627674709,56433,BLLAC,0.35541021823883,88500,AP-N902-F303,0.014023389667273,0.014023389667273,88.968467712402,272.54998779297
25-SEP-2026,4.0421961333343,56433,BLLAC,0.35513335466385,88500,AP-N901-F303,0.015167752280831,0.015167752280831,89.858001708984,272.54998779297
25-SEP-2026,4.0421961333343,56433,BLLAC,0.35513335466385,88500,AP-N902-F303,0.014023389667273,0.014023389667273,88.968467712402,272.54998779297
25-SEP-2026,4.0455294986739,56433,BLLAC,0.35485604405403,88500,AP-N901-F303,0.015167752280831,0.015167752280831,89.858001708984,272.54998779297
25-SEP-2026,4.0455294986739,56433,BLLAC,0.35485604405403,88500,AP-N902-F303,0.014023389667273,0.014023389667273,88.968467712402,272.54998779297
25-SEP-2026,4.0488628683791,56433,BLLAC,0.35457822680473,88500,AP-N901-F303,0.015167752280831,0.015167752280831,89.858001708984,272.54998779297
25-SEP-2026,4.0488628683791,56433,BLLAC,0.35457822680473,88500,AP-N902-F303,0.014023389667273,0.014023389667273,88.968467712402,272.54998779297
25-SEP-2026,4.0869188005883,56438,J2203+3145,0.5159318447113,88500,AP-N901-F303,0.015219943597913,0.015219943597913,83.735565185547,272.85000610352
25-SEP-2026,4.0869188005883,56438,J2203+3145,0.5159318447113,88500,AP-N902-F303,0.015219943597913,0.015219943597913,82.546920776367,272.85000610352
25-SEP-2026,4.1102523745548,56442,J2203+3145,0.51346927881241,88500,AP-N901-F303,0.015219943597913,0.015219943597913,83.735565185547,272.85000610352
25-SEP-2026,4.1102523745548,56442,J2203+3145,0.51346927881241,88500,AP-N902-F303,0.015219943597913,0.015219943597913,82.546920776367,272.85000610352
25-SEP-2026,4.11386351983,56442,J2203+3145,0.51308566331863,88500,AP-N901-F303,0.015219943597913,0.015219943597913,83.735565185547,272.85000610352
25-SEP-2026,4.11386351983,56442,J2203+3145,0.51308566331863,88500,AP-N902-F303,0.015219943597913,0.015219943597913,82.546920776367,272.85000610352
25-SEP-2026,4.1171968858681,56442,J2203+3145,0.51273101568222,88500,AP-N901-F303,0.015219943597913,0.015219943597913,83.735565185547,272.85000610352
25-SEP-2026,4.1171968858681,56442,J2203+3145,0.51273101568222,88500,AP-N902-F303,0.015219943597913,0.015219943597913,82.546920776367,272.85000610352
25-SEP-2026,4.1205302545256,56442,J2203+3145,0.51237589120865,88500,AP-N901-F303,0.015219943597913,0.015219943597913,83.735565185547,272.85000610352
25-SEP-2026,4.1205302545256,56442,J2203+3145,0.51237589120865,88500,AP-N902-F303,0.015219943597913,0.015219943597913,82.546920776367,272.85000610352
25-SEP-2026,4.1241414017217,56442,J2203+3145,0.51199054718018,88500,AP-N901-F303,0.015219943597913,0.015219943597913,83.735565185547,272.85000610352
25-SEP-2026,4.1241414017217,56442,J2203+3145,0.51199054718018,88500,AP-N902-F303,0.015219943597913,0.015219943597913,82.546920776367,272.85000610352
25-SEP-2026,4.1277525527595,56442,J2203+3145,0.51160460710526,88500,AP-N901-F303,0.015219943597913,0.015219943597913,83.735565185547,272.85000610352
25-SEP-2026,4.1277525527595,56442,J2203+3145,0.51160460710526,88500,AP-N902-F303,0.015219943597913,0.015219943597913,82.546920776367,272.85000610352
25-SEP-2026,4.1313636959393,56442,J2203+3145,0.51121807098389,88500,AP-N901-F303,0.015219943597913,0.015219943597913,83.735565185547,272.85000610352
25-SEP-2026,4.1313636959393,56442,J2203+3145,0.51121807098389,88500,AP-N902-F303,0.015219943597913,0.015219943597913,82.546920776367,272.85000610352
25-SEP-2026,4.1346970609296,56442,J2203+3145,0.51086062192917,88500,AP-N901-F303,0.015219943597913,0.015219943597913,83.735565185547,272.85000610352
25-SEP-2026,4.1346970609296,56442,J2203+3145,0.51086062192917,88500,AP-N902-F303,0.015219943597913,0.015219943597913,82.546920776367,272.85000610352
25-SEP-2026,4.1383082096974,56442,J2203+3145,0.51047271490097,88500,AP-N901-F303,0.015219943597913,0.015219943597913,83.735565185547,272.85000610352
25-SEP-2026,4.1383082096974,56442,J2203+3145,0.51047271490097,88500,AP-N902-F303,0.015219943597913,0.015219943597913,82.546920776367,272.85000610352
25-SEP-2026,4.1416415802757,56442,J2203+3145,0.51011419296265,88500,AP-N901-F303,0.015219943597913,0.015219943597913,83.735565185547,272.85000610352
25-SEP-2026,4.1416415802757,56442,J2203+3145,0.51011419296265,88500,AP-N902-F303,0.015219943597913,0.015219943597913,82.546920776367,272.85000610352
25-SEP-2026,4.1449749454406,56442,J2203+3145,0.50975519418716,88500,AP-N901-F303,0.015219943597913,0.015219943597913,83.735565185547,272.85000610352
25-SEP-2026,4.1449749454406,56442,J2203+3145,0.50975519418716,88500,AP-N902-F303,0.015219943597913,0.015219943597913,82.546920776367,272.85000610352
25-SEP-2026,4.148308311828,56442,J2203+3145,0.50939553976059,88500,AP-N901-F303,0.015219943597913,0.015219943597913,83.735565185547,272.85000610352
25-SEP-2026,4.148308311828,56442,J2203+3145,0.50939553976059,88500,AP-N902-F303,0.015219943597913,0.015219943597913,82.546920776367,272.85000610352
25-SEP-2026,4.1516416789138,56442,J2203+3145,0.50903540849686,88500,AP-N901-F303,0.015219943597913,0.015219943597913,83.735565185547,272.85000610352
25-SEP-2026,4.1516416789138,56442,J2203+3145,0.50903540849686,88500,AP-N902-F303,0.015219943597913,0.015219943597913,82.546920776367,272.85000610352
25-SEP-2026,4.1552528261099,56442,J2203+3145,0.50864458084106,88500,AP-N901-F303,0.015219943597913,0.015219943597913,83.735565185547,272.85000610352
25-SEP-2026,4.1552528261099,56442,J2203+3145,0.50864458084106,88500,AP-N902-F303,0.015219943597913,0.015219943597913,82.546920776367,272.85000610352
25-SEP-2026,4.1585861958151,56442,J2203+3145,0.50828337669373,88500,AP-N901-F303,0.015219943597913,0.015219943597913,83.735565185547,272.85000610352
25-SEP-2026,4.1585861958151,56442,J2203+3145,0.50828337669373,88500,AP-N902-F303,0.015219943597913,0.015219943597913,82.546920776367,272.85000610352
25-SEP-2026,4.1621973396934,56442,J2203+3145,0.50789141654968,88500,AP-N901-F303,0.015219943597913,0.015219943597913,83.735565185547,272.85000610352
25-SEP-2026,4.1621973396934,56442,J2203+3145,0.50789141654968,88500,AP-N902-F303,0.015219943597913,0.015219943597913,82.546920776367,272.85000610352
25-SEP-2026,4.165530705033,56442,J2203+3145,0.50752907991409,88500,AP-N901-F303,0.015219943597913,0.015219943597913,83.735565185547,272.85000610352
25-SEP-2026,4.165530705033,56442,J2203+3145,0.50752907991409,88500,AP-N902-F303,0.015219943597913,0.015219943597913,82.546920776367,272.85000610352
25-SEP-2026,4.1688640724681,56442,J2203+3145,0.50716614723206,88500,AP-N901-F303,0.015219943597913,0.015219943597913,83.735565185547,272.85000610352
25-SEP-2026,4.1688640724681,56442,J2203+3145,0.50716614723206,88500,AP-N902-F303,0.015219943597913,0.015219943597913,82.546920776367,272.85000610352
25-SEP-2026,4.1724752214104,56442,J2203+3145,0.50677239894867,88500,AP-N901-F303,0.015219943597913,0.015219943597913,83.735565185547,272.85000610352
25-SEP-2026,4.1724752214104,56442,J2203+3145,0.50677239894867,88500,AP-N902-F303,0.015219943597913,0.015219943597913,82.546920776367,272.85000610352
25-SEP-2026,4.1758085869247,56442,J2203+3145,0.50640833377838,88500,AP-N901-F303,0.015219943597913,0.015219943597913,83.735565185547,272.85000610352
25-SEP-2026,4.1758085869247,56442,J2203+3145,0.50640833377838,88500,AP-N902-F303,0.015219943597913,0.015219943597913,82.546920776367,272.85000610352
25-SEP-2026,4.1791419550583,56442,J2203+3145,0.50604379177094,88500,AP-N901-F303,0.015219943597913,0.015219943597913,83.735565185547,272.85000610352
25-SEP-2026,4.1791419550583,56442,J2203+3145,0.50604379177094,88500,AP-N902-F303,0.015219943597913,0.015219943597913,82.546920776367,272.85000610352
25-SEP-2026,4.1824753214456,56442,J2203+3145,0.50567865371704,88500,AP-N901-F303,0.015219943597913,0.015219943597913,83.735565185547,272.85000610352
25-SEP-2026,4.1824753214456,56442,J2203+3145,0.50567865371704,88500,AP-N902-F303,0.015219943597913,0.015219943597913,82.546920776367,272.85000610352
25-SEP-2026,4.1860864688163,56442,J2203+3145,0.50528258085251,88500,AP-N901-F303,0.015219943597913,0.015219943597913,83.735565185547,272.85000610352
25-SEP-2026,4.1860864688163,56442,J2203+3145,0.50528258085251,88500,AP-N902-F303,0.015219943597913,0.015219943597913,82.546920776367,272.85000610352
25-SEP-2026,4.1894198366007,56442,J2203+3145,0.5049164891243,88500,AP-N901-F303,0.015219943597913,0.015219943597913,83.735565185547,272.85000610352
25-SEP-2026,4.1894198366007,56442,J2203+3145,0.5049164891243,88500,AP-N902-F303,0.015219943597913,0.015219943597913,82.546920776367,272.85000610352
25-SEP-2026,4.1933087656533,56442,J2203+3145,0.50448846817017,88500,AP-N901-F303,0.015219943597913,0.015219943597913,83.735565185547,272.85000610352
25-SEP-2026,4.1933087656533,56442,J2203+3145,0.50448846817017,88500,AP-N902-F303,0.015219943597913,0.015219943597913,82.546920776367,272.85000610352
25-SEP-2026,4.1969199104047,56442,J2203+3145,0.50409060716629,88500,AP-N901-F303,0.015219943597913,0.015219943597913,83.735565185547,272.85000610352
25-SEP-2026,4.1969199104047,56442,J2203+3145,0.50409060716629,88500,AP-N902-F303,0.015219943597913,0.015219943597913,82.546920776367,272.85000610352
25-SEP-2026,4.2002532797606,56442,J2203+3145,0.50372266769409,88500,AP-N901-F303,0.015219943597913,0.015219943597913,83.735565185547,272.85000610352
25-SEP-2026,4.2002532797606,56442,J2203+3145,0.50372266769409,88500,AP-N902-F303,0.015219943597913,0.015219943597913,82.546920776367,272.85000610352
25-SEP-2026,4.2035866449256,56442,J2203+3145,0.50335425138474,88500,AP-N901-F303,0.015219943597913,0.015219943597913,83.735565185547,272.85000610352
25-SEP-2026,4.2035866449256,56442,J2203+3145,0.50335425138474,88500,AP-N902-F303,0.015219943597913,0.015219943597913,82.546920776367,272.85000610352
25-SEP-2026,4.3201156014779,56447,3C454.3,0.82452833652496,88500,AP-N901-F303,0.015231973491609,0.015231973491609,76.591331481934,273.14999389648
25-SEP-2026,4.3201156014779,56447,3C454.3,0.82452833652496,88500,AP-N902-F303,0.015231973491609,0.015231973491609,75.660354614258,273.14999389648
25-SEP-2026,4.3380324367513,56451,3C454.3,0.82270401716232,88500,AP-N901-F303,0.015231973491609,0.015231973491609,76.591331481934,273.14999389648
25-SEP-2026,4.3380324367513,56451,3C454.3,0.82270401716232,88500,AP-N902-F303,0.015231973491609,0.015231973491609,75.660354614258,273.14999389648
25-SEP-2026,4.341365805758,56451,3C454.3,0.8223620057106,88500,AP-N901-F303,0.015231973491609,0.015231973491609,76.591331481934,273.14999389648
25-SEP-2026,4.341365805758,56451,3C454.3,0.8223620057106,88500,AP-N902-F303,0.015231973491609,0.015231973491609,75.660354614258,273.14999389648
25-SEP-2026,4.3446991714468,56451,3C454.3,0.82201915979385,88500,AP-N901-F303,0.015231973491609,0.015231973491609,76.591331481934,273.14999389648
25-SEP-2026,4.3446991714468,56451,3C454.3,0.82201915979385,88500,AP-N902-F303,0.015231973491609,0.015231973491609,75.660354614258,273.14999389648
25-SEP-2026,4.3480325367864,56451,3C454.3,0.82167541980743,88500,AP-N901-F303,0.015231973491609,0.015231973491609,76.591331481934,273.14999389648
25-SEP-2026,4.3480325367864,56451,3C454.3,0.82167541980743,88500,AP-N902-F303,0.015231973491609,0.015231973491609,75.660354614258,273.14999389648
25-SEP-2026,4.3513659089364,56451,3C454.3,0.82133096456528,88500,AP-N901-F303,0.015231973491609,0.015231973491609,76.591331481934,273.14999389648
25-SEP-2026,4.3513659089364,56451,3C454.3,0.82133096456528,88500,AP-N902-F303,0.015231973491609,0.015231973491609,75.660354614258,273.14999389648
25-SEP-2026,4.3546992709581,56451,3C454.3,0.82098561525345,88500,AP-N901-F303,0.015231973491609,0.015231973491609,76.591331481934,273.14999389648
25-SEP-2026,4.3546992709581,56451,3C454.3,0.82098561525345,88500,AP-N902-F303,0.015231973491609,0.015231973491609,75.660354614258,273.14999389648
25-SEP-2026,4.3580326376947,56451,3C454.3,0.82063949108124,88500,AP-N901-F303,0.015231973491609,0.015231973491609,76.591331481934,273.14999389648
25-SEP-2026,4.3580326376947,56451,3C454.3,0.82063949108124,88500,AP-N902-F303,0.015231973491609,0.015231973491609,75.660354614258,273.14999389648
25-SEP-2026,4.3613660049552,56451,3C454.3,0.82029259204865,88500,AP-N901-F303,0.015231973491609,0.015231973491609,76.591331481934,273.14999389648
25-SEP-2026,4.3613660049552,56451,3C454.3,0.82029259204865,88500,AP-N902-F303,0.015231973491609,0.015231973491609,75.660354614258,273.14999389648
25-SEP-2026,4.3646993697709,56451,3C454.3,0.81994479894638,88500,AP-N901-F303,0.015231973491609,0.015231973491609,76.591331481934,273.14999389648
25-SEP-2026,4.3646993697709,56451,3C454.3,0.81994479894638,88500,AP-N902-F303,0.015231973491609,0.015231973491609,75.660354614258,273.14999389648
25-SEP-2026,4.3683105218565,56451,3C454.3,0.81956720352173,88500,AP-N901-F303,0.015231973491609,0.015231973491609,76.591331481934,273.14999389648
25-SEP-2026,4.3683105218565,56451,3C454.3,0.81956720352173,88500,AP-N902-F303,0.015231973491609,0.015231973491609,75.660354614258,273.14999389648
25-SEP-2026,4.3719216690526,56451,3C454.3,0.81918859481812,88500,AP-N901-F303,0.015231973491609,0.015231973491609,76.591331481934,273.14999389648
25-SEP-2026,4.3719216690526,56451,3C454.3,0.81918859481812,88500,AP-N902-F303,0.015231973491609,0.015231973491609,75.660354614258,273.14999389648
25-SEP-2026,4.3752550329952,56451,3C454.3,0.81883823871613,88500,AP-N901-F303,0.015231973491609,0.015231973491609,76.591331481934,273.14999389648
25-SEP-2026,4.3752550329952,56451,3C454.3,0.81883823871613,88500,AP-N902-F303,0.015231973491609,0.015231973491609,75.660354614258,273.14999389648
25-SEP-2026,4.3785884009542,56451,3C454.3,0.81848698854446,88500,AP-N901-F303,0.015231973491609,0.015231973491609,76.591331481934,273.14999389648
25-SEP-2026,4.3785884009542,56451,3C454.3,0.81848698854446,88500,AP-N902-F303,0.015231973491609,0.015231973491609,75.660354614258,273.14999389648
25-SEP-2026,4.3821995484995,56451,3C454.3,0.81810575723648,88500,AP-N901-F303,0.015231973491609,0.015231973491609,76.591331481934,273.14999389648
25-SEP-2026,4.3821995484995,56451,3C454.3,0.81810575723648,88500,AP-N902-F303,0.015231973491609,0.015231973491609,75.660354614258,273.14999389648
25-SEP-2026,4.4076164717214,56456,J2203+3145,0.4798199236393,88500,AP-N901-F303,0,0,92.085121154785,272.95001220703
25-SEP-2026,4.4076164717214,56456,J2203+3145,0.4798199236393,88500,AP-N902-F303,0,0,91.871055603027,272.95001220703
25-SEP-2026,4.4174776794313,56460,J2203+3145,0.47863483428955,88500,AP-N901-F303,0,0,92.085121154785,272.95001220703
25-SEP-2026,4.4174776794313,56460,J2203+3145,0.47863483428955,88500,AP-N902-F303,0,0,91.871055603027,272.95001220703
25-SEP-2026,4.4209499386678,56460,J2203+3145,0.47821620106697,88500,AP-N901-F303,0,0,92.085121154785,272.95001220703
25-SEP-2026,4.4209499386678,56460,J2203+3145,0.47821620106697,88500,AP-N902-F303,0,0,91.871055603027,272.95001220703
25-SEP-2026,4.4245610835938,56460,J2203+3145,0.47778046131134,88500,AP-N901-F303,0,0,92.085121154785,272.95001220703
25-SEP-2026,4.4245610835938,56460,J2203+3145,0.47778046131134,88500,AP-N902-F303,0,0,91.871055603027,272.95001220703
25-SEP-2026,4.4283111218928,56460,J2203+3145,0.47732746601105,88500,AP-N901-F303,0,0,92.085121154785,272.95001220703
25-SEP-2026,4.4283111218928,56460,J2203+3145,0.47732746601105,88500,AP-N902-F303,0,0,91.871055603027,272.95001220703
25-SEP-2026,4.4316444877563,56460,J2203+3145,0.4769241809845,88500,AP-N901-F303,0,0,92.085121154785,272.95001220703
25-SEP-2026,4.4316444877563,56460,J2203+3145,0.4769241809845,88500,AP-N902-F303,0,0,91.871055603027,272.95001220703
25-SEP-2026,4.434977855366,56460,J2203+3145,0.47652047872543,88500,AP-N901-F303,0,0,92.085121154785,272.95001220703
25-SEP-2026,4.434977855366,56460,J2203+3145,0.47652047872543,88500,AP-N902-F303,0,0,91.871055603027,272.95001220703
25-SEP-2026,4.438311220531,56460,J2203+3145,0.47611621022224,88500,AP-N901-F303,0,0,92.085121154785,272.95001220703
25-SEP-2026,4.438311220531,56460,J2203+3145,0.47611621022224,88500,AP-N902-F303,0,0,91.871055603027,272.95001220703
25-SEP-2026,4.4416445870929,56460,J2203+3145,0.47571155428886,88500,AP-N901-F303,0,0,92.085121154785,272.95001220703
25-SEP-2026,4.4416445870929,56460,J2203+3145,0.47571155428886,88500,AP-N902-F303,0,0,91.871055603027,272.95001220703
25-SEP-2026,4.4449779540042,56460,J2203+3145,0.47530627250671,88500,AP-N901-F303,0,0,92.085121154785,272.95001220703
25-SEP-2026,4.4449779540042,56460,J2203+3145,0.47530627250671,88500,AP-N902-F303,0,0,91.871055603027,272.95001220703
25-SEP-2026,4.4483113209154,56460,J2203+3145,0.47490063309669,88500,AP-N901-F303,0,0,92.085121154785,272.95001220703
25-SEP-2026,4.4483113209154,56460,J2203+3145,0.47490063309669,88500,AP-N902-F303,0,0,91.871055603027,272.95001220703
25-SEP-2026,4.451644689049,56460,J2203+3145,0.47449451684952,88500,AP-N901-F303,0,0,92.085121154785,272.95001220703
25-SEP-2026,4.451644689049,56460,J2203+3145,0.47449451684952,88500,AP-N902-F303,0,0,91.871055603027,272.95001220703
25-SEP-2026,4.4552558322287,56460,J2203+3145,0.47405391931534,88500,AP-N901-F303,0,0,92.085121154785,272.95001220703
25-SEP-2026,4.4552558322287,56460,J2203+3145,0.47405391931534,88500,AP-N902-F303,0,0,91.871055603027,272.95001220703
25-SEP-2026,4.4585892031563,56460,J2203+3145,0.47364675998688,88500,AP-N901-F303,0,0,92.085121154785,272.95001220703
25-SEP-2026,4.4585892031563,56460,J2203+3145,0.47364675998688,88500,AP-N902-F303,0,0,91.871055603027,272.95001220703
25-SEP-2026,4.461922570766,56460,J2203+3145,0.47323912382126,88500,AP-N901-F303,0,0,92.085121154785,272.95001220703
25-SEP-2026,4.461922570766,56460,J2203+3145,0.47323912382126,88500,AP-N902-F303,0,0,91.871055603027,272.95001220703
25-SEP-2026,4.4652559390742,56460,J2203+3145,0.47283092141151,88500,AP-N901-F303,0,0,92.085121154785,272.95001220703
25-SEP-2026,4.4652559390742,56460,J2203+3145,0.47283092141151,88500,AP-N902-F303,0,0,91.871055603027,272.95001220703
25-SEP-2026,4.4688670850479,56460,J2203+3145,0.47238820791245,88500,AP-N901-F303,0,0,92.085121154785,272.95001220703
25-SEP-2026,4.4688670850479,56460,J2203+3145,0.47238820791245,88500,AP-N902-F303,0,0,91.871055603027,272.95001220703
25-SEP-2026,4.4724782303232,56460,J2203+3145,0.47194492816925,88500,AP-N901-F303,0,0,92.085121154785,272.95001220703
25-SEP-2026,4.4724782303232,56460,J2203+3145,0.47194492816925,88500,AP-N902-F303,0,0,91.871055603027,272.95001220703
25-SEP-2026,4.4758116022985,56460,J2203+3145,0.47153526544571,88500,AP-N901-F303,0,0,92.085121154785,272.95001220703
25-SEP-2026,4.4758116022985,56460,J2203+3145,0.47153526544571,88500,AP-N902-F303,0,0,91.871055603027,272.95001220703
25-SEP-2026,4.479422746526,56460,J2203+3145,0.47109088301659,88500,AP-N901-F303,0,0,92.085121154785,272.95001220703
25-SEP-2026,4.479422746526,56460,J2203+3145,0.47109088301659,88500,AP-N902-F303,0,0,91.871055603027,272.95001220703
25-SEP-2026,4.4827561118656,56460,J2203+3145,0.47068017721176,88500,AP-N901-F303,0,0,92.085121154785,272.95001220703
25-SEP-2026,4.4827561118656,56460,J2203+3145,0.47068017721176,88500,AP-N902-F303,0,0,91.871055603027,272.95001220703
25-SEP-2026,4.486089478253,56460,J2203+3145,0.47026905417442,88500,AP-N901-F303,0,0,92.085121154785,272.95001220703
25-SEP-2026,4.486089478253,56460,J2203+3145,0.47026905417442,88500,AP-N902-F303,0,0,91.871055603027,272.95001220703
25-SEP-2026,4.4895617341716,56460,J2203+3145,0.46984028816223,88500,AP-N901-F303,0,0,92.085121154785,272.95001220703
25-SEP-2026,4.4895617341716,56460,J2203+3145,0.46984028816223,88500,AP-N902-F303,0,0,91.871055603027,272.95001220703
25-SEP-2026,4.4930339925349,56460,J2203+3145,0.46941089630127,88500,AP-N901-F303,0,0,92.085121154785,272.95001220703
25-SEP-2026,4.4930339925349,56460,J2203+3145,0.46941089630127,88500,AP-N902-F303,0,0,91.871055603027,272.95001220703
25-SEP-2026,4.4969229196667,56460,J2203+3145,0.46892949938774,88500,AP-N901-F303,0,0,92.085121154785,272.95001220703
25-SEP-2026,4.4969229196667,56460,J2203+3145,0.46892949938774,88500,AP-N902-F303,0,0,91.871055603027,272.95001220703
25-SEP-2026,4.5002562867525,56460,J2203+3145,0.46851620078087,88500,AP-N901-F303,0,0,92.085121154785,272.95001220703
25-SEP-2026,4.5002562867525,56460,J2203+3145,0.46851620078087,88500,AP-N902-F303,0,0,91.871055603027,272.95001220703
25-SEP-2026,4.5035896536637,56460,J2203+3145,0.4681025147438,88500,AP-N901-F303,0,0,92.085121154785,272.95001220703
25-SEP-2026,4.5035896536637,56460,J2203+3145,0.4681025147438,88500,AP-N902-F303,0,0,91.871055603027,272.95001220703
25-SEP-2026,4.5072008006852,56460,J2203+3145,0.46765384078026,88500,AP-N901-F303,0,0,92.085121154785,272.95001220703
25-SEP-2026,4.5072008006852,56460,J2203+3145,0.46765384078026,88500,AP-N902-F303,0,0,91.871055603027,272.95001220703
25-SEP-2026,4.5105341675964,56460,J2203+3145,0.4672392308712,88500,AP-N901-F303,0,0,92.085121154785,272.95001220703
25-SEP-2026,4.5105341675964,56460,J2203+3145,0.4672392308712,88500,AP-N902-F303,0,0,91.871055603027,272.95001220703
25-SEP-2026,4.5138675355554,56460,J2203+3145,0.46682399511337,88500,AP-N901-F303,0,0,92.085121154785,272.95001220703
25-SEP-2026,4.5138675355554,56460,J2203+3145,0.46682399511337,88500,AP-N902-F303,0,0,91.871055603027,272.95001220703
25-SEP-2026,4.5172009017681,56460,J2203+3145,0.46640840172768,88500,AP-N901-F303,0,0,92.085121154785,272.95001220703
25-SEP-2026,4.5172009017681,56460,J2203+3145,0.46640840172768,88500,AP-N902-F303,0,0,91.871055603027,272.95001220703
25-SEP-2026,4.5208120498374,56460,J2203+3145,0.46595758199692,88500,AP-N901-F303,0,0,92.085121154785,272.95001220703
25-SEP-2026,4.5208120498374,56460,J2203+3145,0.46595758199692,88500,AP-N902-F303,0,0,91.871055603027,272.95001220703
25-SEP-2026,4.5241454176217,56460,J2203+3145,0.46554094552994,88500,AP-N901-F303,0,0,92.085121154785,272.95001220703
25-SEP-2026,4.5241454176217,56460,J2203+3145,0.46554094552994,88500,AP-N902-F303,0,0,91.871055603027,272.95001220703
25-SEP-2026,4.6534522623897,56465,BLLAC,0.29675477743149,88500,AP-N901-F303,0.01508039329201,0.01508039329201,95.186454772949,272.35000610352
25-SEP-2026,4.6534522623897,56465,BLLAC,0.29675477743149,88500,AP-N902-F303,0.014583984389901,0.014583984389901,94.237937927246,272.35000610352
25-SEP-2026,4.670535777414,56469,BLLAC,0.2949176132679,88500,AP-N901-F303,0.01508039329201,0.01508039329201,95.186454772949,272.35000610352
25-SEP-2026,4.670535777414,56469,BLLAC,0.2949176132679,88500,AP-N902-F303,0.014583984389901,0.014583984389901,94.237937927246,272.35000610352
25-SEP-2026,4.6738691424044,56469,BLLAC,0.29455694556236,88500,AP-N901-F303,0.01508039329201,0.01508039329201,95.186454772949,272.35000610352
25-SEP-2026,4.6738691424044,56469,BLLAC,0.29455694556236,88500,AP-N902-F303,0.014583984389901,0.014583984389901,94.237937927246,272.35000610352
25-SEP-2026,4.6772025082678,56469,BLLAC,0.29419669508934,88500,AP-N901-F303,0.01508039329201,0.01508039329201,95.186454772949,272.35000610352
25-SEP-2026,4.6772025082678,56469,BLLAC,0.29419669508934,88500,AP-N902-F303,0.014583984389901,0.014583984389901,94.237937927246,272.35000610352
25-SEP-2026,4.6805358798939,56469,BLLAC,0.29383596777916,88500,AP-N901-F303,0.01508039329201,0.01508039329201,95.186454772949,272.35000610352
25-SEP-2026,4.6805358798939,56469,BLLAC,0.29383596777916,88500,AP-N902-F303,0.014583984389901,0.014583984389901,94.237937927246,272.35000610352
25-SEP-2026,4.683869244535,56469,BLLAC,0.29347491264343,88500,AP-N901-F303,0.01508039329201,0.01508039329201,95.186454772949,272.35000610352
25-SEP-2026,4.683869244535,56469,BLLAC,0.29347491264343,88500,AP-N902-F303,0.014583984389901,0.014583984389901,94.237937927246,272.35000610352
25-SEP-2026,4.6872026100492,56469,BLLAC,0.29311341047287,88500,AP-N901-F303,0.01508039329201,0.01508039329201,95.186454772949,272.35000610352
25-SEP-2026,4.6872026100492,56469,BLLAC,0.29311341047287,88500,AP-N902-F303,0.014583984389901,0.014583984389901,94.237937927246,272.35000610352
25-SEP-2026,4.6905359764366,56469,BLLAC,0.29275152087212,88500,AP-N901-F303,0.01508039329201,0.01508039329201,95.186454772949,272.35000610352
25-SEP-2026,4.6905359764366,56469,BLLAC,0.29275152087212,88500,AP-N902-F303,0.014583984389901,0.014583984389901,94.237937927246,272.35000610352
25-SEP-2026,4.6938693431732,56469,BLLAC,0.29238909482956,88500,AP-N901-F303,0.01508039329201,0.01508039329201,95.186454772949,272.35000610352
25-SEP-2026,4.6938693431732,56469,BLLAC,0.29238909482956,88500,AP-N902-F303,0.014583984389901,0.014583984389901,94.237937927246,272.35000610352
25-SEP-2026,4.6972027106082,56469,BLLAC,0.29202646017075,88500,AP-N901-F303,0.01508039329201,0.01508039329201,95.186454772949,272.35000610352
25-SEP-2026,4.6972027106082,56469,BLLAC,0.29202646017075,88500,AP-N902-F303,0.014583984389901,0.014583984389901,94.237937927246,272.35000610352
25-SEP-2026,4.700536075424,56469,BLLAC,0.29166334867477,88500,AP-N901-F303,0.01508039329201,0.01508039329201,95.186454772949,272.35000610352
25-SEP-2026,4.700536075424,56469,BLLAC,0.29166334867477,88500,AP-N902-F303,0.014583984389901,0.014583984389901,94.237937927246,272.35000610352
25-SEP-2026,4.7038694414621,56469,BLLAC,0.29129990935326,88500,AP-N901-F303,0.01508039329201,0.01508039329201,95.186454772949,272.35000610352
25-SEP-2026,4.7038694414621,56469,BLLAC,0.29129990935326,88500,AP-N902-F303,0.014583984389901,0.014583984389901,94.237937927246,272.35000610352
25-SEP-2026,4.7072028130881,56469,BLLAC,0.29093593358994,88500,AP-N901-F303,0.01508039329201,0.01508039329201,95.186454772949,272.35000610352
25-SEP-2026,4.7072028130881,56469,BLLAC,0.29093593358994,88500,AP-N902-F303,0.014583984389901,0.014583984389901,94.237937927246,272.35000610352
25-SEP-2026,4.7105361779039,56469,BLLAC,0.29057171940804,88500,AP-N901-F303,0.01508039329201,0.01508039329201,95.186454772949,272.35000610352
25-SEP-2026,4.7105361779039,56469,BLLAC,0.29057171940804,88500,AP-N902-F303,0.014583984389901,0.014583984389901,94.237937927246,272.35000610352
25-SEP-2026,4.7138695456882,56469,BLLAC,0.29020699858665,88500,AP-N901-F303,0.01508039329201,0.01508039329201,95.186454772949,272.35000610352
25-SEP-2026,4.7138695456882,56469,BLLAC,0.29020699858665,88500,AP-N902-F303,0.014583984389901,0.014583984389901,94.237937927246,272.35000610352
25-SEP-2026,4.7545643985492,56476,J2203+3145,0.4356224834919,88500,AP-N901-F303,0.015103730373085,0.015103730373085,85.757705688477,272.64999389648
25-SEP-2026,4.7545643985492,56476,J2203+3145,0.4356224834919,88500,AP-N902-F303,0.015103730373085,0.015103730373085,85.210014343262,272.64999389648
25-SEP-2026,4.7580366563887,56476,J2203+3145,0.43515491485596,88500,AP-N901-F303,0.015103730373085,0.015103730373085,85.757705688477,272.64999389648
25-SEP-2026,4.7580366563887,56476,J2203+3145,0.43515491485596,88500,AP-N902-F303,0.015103730373085,0.015103730373085,85.210014343262,272.64999389648
25-SEP-2026,4.7616478062042,56476,J2203+3145,0.43466851115227,88500,AP-N901-F303,0.015103730373085,0.015103730373085,85.757705688477,272.64999389648
25-SEP-2026,4.7616478062042,56476,J2203+3145,0.43466851115227,88500,AP-N902-F303,0.015103730373085,0.015103730373085,85.210014343262,272.64999389648
25-SEP-2026,4.7649811703214,56476,J2203+3145,0.43421894311905,88500,AP-N901-F303,0.015103730373085,0.015103730373085,85.757705688477,272.64999389648
25-SEP-2026,4.7649811703214,56476,J2203+3145,0.43421894311905,88500,AP-N902-F303,0.015103730373085,0.015103730373085,85.210014343262,272.64999389648
25-SEP-2026,4.7685923176921,56476,J2203+3145,0.4337315261364,88500,AP-N901-F303,0.015103730373085,0.015103730373085,85.757705688477,272.64999389648
25-SEP-2026,4.7685923176921,56476,J2203+3145,0.4337315261364,88500,AP-N902-F303,0.015103730373085,0.015103730373085,85.210014343262,272.64999389648
25-SEP-2026,4.7722034648883,56476,J2203+3145,0.43324348330498,88500,AP-N901-F303,0.015103730373085,0.015103730373085,85.757705688477,272.64999389648
25-SEP-2026,4.7722034648883,56476,J2203+3145,0.43324348330498,88500,AP-N902-F303,0.015103730373085,0.015103730373085,85.210014343262,272.64999389648
25-SEP-2026,4.7758146117351,56476,J2203+3145,0.43275505304337,88500,AP-N901-F303,0.015103730373085,0.015103730373085,85.757705688477,272.64999389648
25-SEP-2026,4.7758146117351,56476,J2203+3145,0.43275505304337,88500,AP-N902-F303,0.015103730373085,0.015103730373085,85.210014343262,272.64999389648
25-SEP-2026,4.7791479786463,56476,J2203+3145,0.43230366706848,88500,AP-N901-F303,0.015103730373085,0.015103730373085,85.757705688477,272.64999389648
25-SEP-2026,4.7791479786463,56476,J2203+3145,0.43230366706848,88500,AP-N902-F303,0.015103730373085,0.015103730373085,85.210014343262,272.64999389648
25-SEP-2026,4.782481343986,56476,J2203+3145,0.43185186386108,88500,AP-N901-F303,0.015103730373085,0.015103730373085,85.757705688477,272.64999389648
25-SEP-2026,4.782481343986,56476,J2203+3145,0.43185186386108,88500,AP-N902-F303,0.015103730373085,0.015103730373085,85.210014343262,272.64999389648
25-SEP-2026,4.7858147157866,56476,J2203+3145,0.4313996732235,88500,AP-N901-F303,0.015103730373085,0.015103730373085,85.757705688477,272.64999389648
25-SEP-2026,4.7858147157866,56476,J2203+3145,0.4313996732235,88500,AP-N902-F303,0.015103730373085,0.015103730373085,85.210014343262,272.64999389648
25-SEP-2026,4.7894258579187,56476,J2203+3145,0.43090930581093,88500,AP-N901-F303,0.015103730373085,0.015103730373085,85.757705688477,272.64999389648
25-SEP-2026,4.7894258579187,56476,J2203+3145,0.43090930581093,88500,AP-N902-F303,0.015103730373085,0.015103730373085,85.210014343262,272.64999389648
25-SEP-2026,4.7930370042417,56476,J2203+3145,0.43041840195656,88500,AP-N901-F303,0.015103730373085,0.015103730373085,85.757705688477,272.64999389648
25-SEP-2026,4.7930370042417,56476,J2203+3145,0.43041840195656,88500,AP-N902-F303,0.015103730373085,0.015103730373085,85.210014343262,272.64999389648
25-SEP-2026,4.7965092633035,56476,J2203+3145,0.42994594573975,88500,AP-N901-F303,0.015103730373085,0.015103730373085,85.757705688477,272.64999389648
25-SEP-2026,4.7965092633035,56476,J2203+3145,0.42994594573975,88500,AP-N902-F303,0.015103730373085,0.015103730373085,85.210014343262,272.64999389648
25-SEP-2026,4.7999815193967,56476,J2203+3145,0.42947295308113,88500,AP-N901-F303,0.015103730373085,0.015103730373085,85.757705688477,272.64999389648
25-SEP-2026,4.7999815193967,56476,J2203+3145,0.42947295308113,88500,AP-N902-F303,0.015103730373085,0.015103730373085,85.210014343262,272.64999389648
25-SEP-2026,4.8033148911974,56476,J2203+3145,0.4290184378624,88500,AP-N901-F303,0.015103730373085,0.015103730373085,85.757705688477,272.64999389648
25-SEP-2026,4.8033148911974,56476,J2203+3145,0.4290184378624,88500,AP-N902-F303,0.015103730373085,0.015103730373085,85.210014343262,272.64999389648
25-SEP-2026,4.8066482568862,56476,J2203+3145,0.42856356501579,88500,AP-N901-F303,0.015103730373085,0.015103730373085,85.757705688477,272.64999389648
25-SEP-2026,4.8066482568862,56476,J2203+3145,0.42856356501579,88500,AP-N902-F303,0.015103730373085,0.015103730373085,85.210014343262,272.64999389648
25-SEP-2026,4.8099816220512,56476,J2203+3145,0.42810821533203,88500,AP-N901-F303,0.015103730373085,0.015103730373085,85.757705688477,272.64999389648
25-SEP-2026,4.8099816220512,56476,J2203+3145,0.42810821533203,88500,AP-N902-F303,0.015103730373085,0.015103730373085,85.210014343262,272.64999389648
25-SEP-2026,4.8135927713428,56476,J2203+3145,0.42761445045471,88500,AP-N901-F303,0.015103730373085,0.015103730373085,85.757705688477,272.64999389648
25-SEP-2026,4.8135927713428,56476,J2203+3145,0.42761445045471,88500,AP-N902-F303,0.015103730373085,0.015103730373085,85.210014343262,272.64999389648
25-SEP-2026,4.8169261391271,56476,J2203+3145,0.4271582365036,88500,AP-N901-F303,0.015103730373085,0.015103730373085,85.757705688477,272.64999389648
25-SEP-2026,4.8169261391271,56476,J2203+3145,0.4271582365036,88500,AP-N902-F303,0.015103730373085,0.015103730373085,85.210014343262,272.64999389648
25-SEP-2026,4.8208150664335,56476,J2203+3145,0.42662540078163,88500,AP-N901-F303,0.015103730373085,0.015103730373085,85.757705688477,272.64999389648
25-SEP-2026,4.8208150664335,56476,J2203+3145,0.42662540078163,88500,AP-N902-F303,0.015103730373085,0.015103730373085,85.210014343262,272.64999389648
25-SEP-2026,4.8244262125819,56476,J2203+3145,0.42613011598587,88500,AP-N901-F303,0.015103730373085,0.015103730373085,85.757705688477,272.64999389648
25-SEP-2026,4.8244262125819,56476,J2203+3145,0.42613011598587,88500,AP-N902-F303,0.015103730373085,0.015103730373085,85.210014343262,272.64999389648
25-SEP-2026,4.8277595773976,56476,J2203+3145,0.42567253112793,88500,AP-N901-F303,0.015103730373085,0.015103730373085,85.757705688477,272.64999389648
25-SEP-2026,4.8277595773976,56476,J2203+3145,0.42567253112793,88500,AP-N902-F303,0.015103730373085,0.015103730373085,85.210014343262,272.64999389648
25-SEP-2026,4.8313707266892,56476,J2203+3145,0.42517626285553,88500,AP-N901-F303,0.015103730373085,0.015103730373085,85.757705688477,272.64999389648
25-SEP-2026,4.8313707266892,56476,J2203+3145,0.42517626285553,88500,AP-N902-F303,0.015103730373085,0.015103730373085,85.210014343262,272.64999389648
25-SEP-2026,4.8349818765047,56476,J2203+3145,0.42467957735062,88500,AP-N901-F303,0.015103730373085,0.015103730373085,85.757705688477,272.64999389648
25-SEP-2026,4.8349818765047,56476,J2203+3145,0.42467957735062,88500,AP-N902-F303,0.015103730373085,0.015103730373085,85.210014343262,272.64999389648
25-SEP-2026,4.8383152388757,56476,J2203+3145,0.42422065138817,88500,AP-N901-F303,0.015103730373085,0.015103730373085,85.757705688477,272.64999389648
25-SEP-2026,4.8383152388757,56476,J2203+3145,0.42422065138817,88500,AP-N902-F303,0.015103730373085,0.015103730373085,85.210014343262,272.64999389648
25-SEP-2026,4.8419263858972,56476,J2203+3145,0.42372286319733,88500,AP-N901-F303,0.015103730373085,0.015103730373085,85.757705688477,272.64999389648
25-SEP-2026,4.8419263858972,56476,J2203+3145,0.42372286319733,88500,AP-N902-F303,0.015103730373085,0.015103730373085,85.210014343262,272.64999389648
25-SEP-2026,4.845259752983,56476,J2203+3145,0.42326307296753,88500,AP-N901-F303,0.015103730373085,0.015103730373085,85.757705688477,272.64999389648
25-SEP-2026,4.845259752983,56476,J2203+3145,0.42326307296753,88500,AP-N902-F303,0.015103730373085,0.015103730373085,85.210014343262,272.64999389648
25-SEP-2026,4.8485931225136,56476,J2203+3145,0.42280277609825,88500,AP-N901-F303,0.015103730373085,0.015103730373085,85.757705688477,272.64999389648
25-SEP-2026,4.8485931225136,56476,J2203+3145,0.42280277609825,88500,AP-N902-F303,0.015103730373085,0.015103730373085,85.210014343262,272.64999389648
25-SEP-2026,4.8519264899487,56476,J2203+3145,0.42234206199646,88500,AP-N901-F303,0.015103730373085,0.015103730373085,85.757705688477,272.64999389648
25-SEP-2026,4.8519264899487,56476,J2203+3145,0.42234206199646,88500,AP-N902-F303,0.015103730373085,0.015103730373085,85.210014343262,272.64999389648
25-SEP-2026,4.8552598535421,56476,J2203+3145,0.42188096046448,88500,AP-N901-F303,0.015103730373085,0.015103730373085,85.757705688477,272.64999389648
25-SEP-2026,4.8552598535421,56476,J2203+3145,0.42188096046448,88500,AP-N902-F303,0.015103730373085,0.015103730373085,85.210014343262,272.64999389648
25-SEP-2026,4.858593221501,56476,J2203+3145,0.42141938209534,88500,AP-N901-F303,0.015103730373085,0.015103730373085,85.757705688477,272.64999389648
25-SEP-2026,4.858593221501,56476,J2203+3145,0.42141938209534,88500,AP-N902-F303,0.015103730373085,0.015103730373085,85.210014343262,272.64999389648
25-SEP-2026,4.862204369221,56476,J2203+3145,0.42091897130013,88500,AP-N901-F303,0.015103730373085,0.015103730373085,85.757705688477,272.64999389648
25-SEP-2026,4.862204369221,56476,J2203+3145,0.42091897130013,88500,AP-N902-F303,0.015103730373085,0.015103730373085,85.210014343262,272.64999389648
25-SEP-2026,4.9867889563054,56481,BLLAC,0.25902456045151,88500,AP-N901-F303,0.013316554017365,0.013316554017365,97.831520080566,272.14999389648
25-SEP-2026,4.9867889563054,56481,BLLAC,0.25902456045151,88500,AP-N902-F303,0.017124649137259,0.017124649137259,98.906433105469,272.14999389648
25-SEP-2026,5.0038724610269,56485,BLLAC,0.25698891282082,88500,AP-N901-F303,0.013316554017365,0.013316554017365,97.831520080566,272.14999389648
25-SEP-2026,5.0038724610269,56485,BLLAC,0.25698891282082,88500,AP-N902-F303,0.017124649137259,0.017124649137259,98.906433105469,272.14999389648
25-SEP-2026,5.0074836118901,56485,BLLAC,0.25655633211136,88500,AP-N901-F303,0.013316554017365,0.013316554017365,97.831520080566,272.14999389648
25-SEP-2026,5.0074836118901,56485,BLLAC,0.25655633211136,88500,AP-N902-F303,0.017124649137259,0.017124649137259,98.906433105469,272.14999389648
25-SEP-2026,5.0108169754834,56485,BLLAC,0.25615745782852,88500,AP-N901-F303,0.013316554017365,0.013316554017365,97.831520080566,272.14999389648
25-SEP-2026,5.0108169754834,56485,BLLAC,0.25615745782852,88500,AP-N902-F303,0.017124649137259,0.017124649137259,98.906433105469,272.14999389648
25-SEP-2026,5.0141503427439,56485,BLLAC,0.25575816631317,88500,AP-N901-F303,0.013316554017365,0.013316554017365,97.831520080566,272.14999389648
25-SEP-2026,5.0141503427439,56485,BLLAC,0.25575816631317,88500,AP-N902-F303,0.017124649137259,0.017124649137259,98.906433105469,272.14999389648
25-SEP-2026,5.0177614901146,56485,BLLAC,0.25532519817352,88500,AP-N901-F303,0.013316554017365,0.013316554017365,97.831520080566,272.14999389648
25-SEP-2026,5.0177614901146,56485,BLLAC,0.25532519817352,88500,AP-N902-F303,0.017124649137259,0.017124649137259,98.906433105469,272.14999389648
25-SEP-2026,5.0213726369615,56485,BLLAC,0.25489202141762,88500,AP-N901-F303,0.013316554017365,0.013316554017365,97.831520080566,272.14999389648
25-SEP-2026,5.0213726369615,56485,BLLAC,0.25489202141762,88500,AP-N902-F303,0.017124649137259,0.017124649137259,98.906433105469,272.14999389648
25-SEP-2026,5.0247060038727,56485,BLLAC,0.25449153780937,88500,AP-N901-F303,0.013316554017365,0.013316554017365,97.831520080566,272.14999389648
25-SEP-2026,5.0247060038727,56485,BLLAC,0.25449153780937,88500,AP-N902-F303,0.017124649137259,0.017124649137259,98.906433105469,272.14999389648
25-SEP-2026,5.0280393709586,56485,BLLAC,0.25409081578255,88500,AP-N901-F303,0.013316554017365,0.013316554017365,97.831520080566,272.14999389648
25-SEP-2026,5.0280393709586,56485,BLLAC,0.25409081578255,88500,AP-N902-F303,0.017124649137259,0.017124649137259,98.906433105469,272.14999389648
25-SEP-2026,5.0315116265279,56485,BLLAC,0.25367280840874,88500,AP-N901-F303,0.013316554017365,0.013316554017365,97.831520080566,272.14999389648
25-SEP-2026,5.0315116265279,56485,BLLAC,0.25367280840874,88500,AP-N902-F303,0.017124649137259,0.017124649137259,98.906433105469,272.14999389648
25-SEP-2026,5.0352616655254,56485,BLLAC,0.25322106480598,88500,AP-N901-F303,0.013316554017365,0.013316554017365,97.831520080566,272.14999389648
25-SEP-2026,5.0352616655254,56485,BLLAC,0.25322106480598,88500,AP-N902-F303,0.017124649137259,0.017124649137259,98.906433105469,272.14999389648
25-SEP-2026,5.0385950326112,56485,BLLAC,0.25281921029091,88500,AP-N901-F303,0.013316554017365,0.013316554017365,97.831520080566,272.14999389648
25-SEP-2026,5.0385950326112,56485,BLLAC,0.25281921029091,88500,AP-N902-F303,0.017124649137259,0.017124649137259,98.906433105469,272.14999389648
25-SEP-2026,5.042206178585,56485,BLLAC,0.25238335132599,88500,AP-N901-F303,0.013316554017365,0.013316554017365,97.831520080566,272.14999389648
25-SEP-2026,5.042206178585,56485,BLLAC,0.25238335132599,88500,AP-N902-F303,0.017124649137259,0.017124649137259,98.906433105469,272.14999389648
25-SEP-2026,5.0455395472424,56485,BLLAC,0.25198072195053,88500,AP-N901-F303,0.013316554017365,0.013316554017365,97.831520080566,272.14999389648
25-SEP-2026,5.0455395472424,56485,BLLAC,0.25198072195053,88500,AP-N902-F303,0.017124649137259,0.017124649137259,98.906433105469,272.14999389648
25-SEP-2026,5.0488729117089,56485,BLLAC,0.25157758593559,88500,AP-N901-F303,0.013316554017365,0.013316554017365,97.831520080566,272.14999389648
25-SEP-2026,5.0488729117089,56485,BLLAC,0.25157758593559,88500,AP-N902-F303,0.017124649137259,0.017124649137259,98.906433105469,272.14999389648
25-SEP-2026,5.0867899535137,56490,J2203+3145,0.38884973526001,88500,AP-N901-F303,0.015070039778948,0.015070039778948,88.583084106445,272.54998779297
25-SEP-2026,5.0867899535137,56490,J2203+3145,0.38884973526001,88500,AP-N902-F303,0.015070039778948,0.015070039778948,87.492393493652,272.54998779297
25-SEP-2026,5.1041512458543,56494,J2203+3145,0.38629579544067,88500,AP-N901-F303,0.015070039778948,0.015070039778948,88.583084106445,272.54998779297
25-SEP-2026,5.1041512458543,56494,J2203+3145,0.38629579544067,88500,AP-N902-F303,0.015070039778948,0.015070039778948,87.492393493652,272.54998779297
25-SEP-2026,5.1074846139879,56494,J2203+3145,0.38580420613289,88500,AP-N901-F303,0.015070039778948,0.015070039778948,88.583084106445,272.54998779297
25-SEP-2026,5.1074846139879,56494,J2203+3145,0.38580420613289,88500,AP-N902-F303,0.015070039778948,0.015070039778948,87.492393493652,272.54998779297
25-SEP-2026,5.1110957610093,56494,J2203+3145,0.38527119159698,88500,AP-N901-F303,0.015070039778948,0.015070039778948,88.583084106445,272.54998779297
25-SEP-2026,5.1110957610093,56494,J2203+3145,0.38527119159698,88500,AP-N902-F303,0.015070039778948,0.015070039778948,87.492393493652,272.54998779297
25-SEP-2026,5.1144291296668,56494,J2203+3145,0.3847787976265,88500,AP-N901-F303,0.015070039778948,0.015070039778948,88.583084106445,272.54998779297
25-SEP-2026,5.1144291296668,56494,J2203+3145,0.3847787976265,88500,AP-N902-F303,0.015070039778948,0.015070039778948,87.492393493652,272.54998779297
25-SEP-2026,5.1177624960541,56494,J2203+3145,0.38428601622581,88500,AP-N901-F303,0.015070039778948,0.015070039778948,88.583084106445,272.54998779297
25-SEP-2026,5.1177624960541,56494,J2203+3145,0.38428601622581,88500,AP-N902-F303,0.015070039778948,0.015070039778948,87.492393493652,272.54998779297
25-SEP-2026,5.1210958610445,56494,J2203+3145,0.38379293680191,88500,AP-N901-F303,0.015070039778948,0.015070039778948,88.583084106445,272.54998779297
25-SEP-2026,5.1210958610445,56494,J2203+3145,0.38379293680191,88500,AP-N902-F303,0.015070039778948,0.015070039778948,87.492393493652,272.54998779297
25-SEP-2026,5.1247070129554,56494,J2203+3145,0.38325828313828,88500,AP-N901-F303,0.015070039778948,0.015070039778948,88.583084106445,272.54998779297
25-SEP-2026,5.1247070129554,56494,J2203+3145,0.38325828313828,88500,AP-N902-F303,0.015070039778948,0.015070039778948,87.492393493652,272.54998779297
25-SEP-2026,5.1280403749772,56494,J2203+3145,0.38276427984238,88500,AP-N901-F303,0.015070039778948,0.015070039778948,88.583084106445,272.54998779297
25-SEP-2026,5.1280403749772,56494,J2203+3145,0.38276427984238,88500,AP-N902-F303,0.015070039778948,0.015070039778948,87.492393493652,272.54998779297
25-SEP-2026,5.1313737420631,56494,J2203+3145,0.38227006793022,88500,AP-N901-F303,0.015070039778948,0.015070039778948,88.583084106445,272.54998779297
25-SEP-2026,5.1313737420631,56494,J2203+3145,0.38227006793022,88500,AP-N902-F303,0.015070039778948,0.015070039778948,87.492393493652,272.54998779297
25-SEP-2026,5.1347071087996,56494,J2203+3145,0.38177531957626,88500,AP-N901-F303,0.015070039778948,0.015070039778948,88.583084106445,272.54998779297
25-SEP-2026,5.1347071087996,56494,J2203+3145,0.38177531957626,88500,AP-N902-F303,0.015070039778948,0.015070039778948,87.492393493652,272.54998779297
25-SEP-2026,5.1385960390746,56494,J2203+3145,0.3811976313591,88500,AP-N901-F303,0.015070039778948,0.015070039778948,88.583084106445,272.54998779297
25-SEP-2026,5.1385960390746,56494,J2203+3145,0.3811976313591,88500,AP-N902-F303,0.015070039778948,0.015070039778948,87.492393493652,272.54998779297
25-SEP-2026,5.1419294061605,56494,J2203+3145,0.38070222735405,88500,AP-N901-F303,0.015070039778948,0.015070039778948,88.583084106445,272.54998779297
25-SEP-2026,5.1419294061605,56494,J2203+3145,0.38070222735405,88500,AP-N902-F303,0.015070039778948,0.015070039778948,87.492393493652,272.54998779297
25-SEP-2026,5.1455405533566,56494,J2203+3145,0.38016495108604,88500,AP-N901-F303,0.015070039778948,0.015070039778948,88.583084106445,272.54998779297
25-SEP-2026,5.1455405533566,56494,J2203+3145,0.38016495108604,88500,AP-N902-F303,0.015070039778948,0.015070039778948,87.492393493652,272.54998779297
25-SEP-2026,5.1488739197439,56494,J2203+3145,0.379668623209,88500,AP-N901-F303,0.015070039778948,0.015070039778948,88.583084106445,272.54998779297
25-SEP-2026,5.1488739197439,56494,J2203+3145,0.379668623209,88500,AP-N902-F303,0.015070039778948,0.015070039778948,87.492393493652,272.54998779297
25-SEP-2026,5.1523461758372,56494,J2203+3145,0.37915125489235,88500,AP-N901-F303,0.015070039778948,0.015070039778948,88.583084106445,272.54998779297
25-SEP-2026,5.1523461758372,56494,J2203+3145,0.37915125489235,88500,AP-N902-F303,0.015070039778948,0.015070039778948,87.492393493652,272.54998779297
25-SEP-2026,5.1560962169301,56494,J2203+3145,0.37859204411507,88500,AP-N901-F303,0.015070039778948,0.015070039778948,88.583084106445,272.54998779297
25-SEP-2026,5.1560962169301,56494,J2203+3145,0.37859204411507,88500,AP-N902-F303,0.015070039778948,0.015070039778948,87.492393493652,272.54998779297
25-SEP-2026,5.1594295815712,56494,J2203+3145,0.37809452414513,88500,AP-N901-F303,0.015070039778948,0.015070039778948,88.583084106445,272.54998779297
25-SEP-2026,5.1594295815712,56494,J2203+3145,0.37809452414513,88500,AP-N902-F303,0.015070039778948,0.015070039778948,87.492393493652,272.54998779297
25-SEP-2026,5.1627629462124,56494,J2203+3145,0.37759670615196,88500,AP-N901-F303,0.015070039778948,0.015070039778948,88.583084106445,272.54998779297
25-SEP-2026,5.1627629462124,56494,J2203+3145,0.37759670615196,88500,AP-N902-F303,0.015070039778948,0.015070039778948,87.492393493652,272.54998779297
25-SEP-2026,5.1660963122505,56494,J2203+3145,0.37709844112396,88500,AP-N901-F303,0.015070039778948,0.015070039778948,88.583084106445,272.54998779297
25-SEP-2026,5.1660963122505,56494,J2203+3145,0.37709844112396,88500,AP-N902-F303,0.015070039778948,0.015070039778948,87.492393493652,272.54998779297
25-SEP-2026,5.1694296812571,56494,J2203+3145,0.37659978866577,88500,AP-N901-F303,0.015070039778948,0.015070039778948,88.583084106445,272.54998779297
25-SEP-2026,5.1694296812571,56494,J2203+3145,0.37659978866577,88500,AP-N902-F303,0.015070039778948,0.015070039778948,87.492393493652,272.54998779297
25-SEP-2026,5.1730408282786,56494,J2203+3145,0.3760592341423,88500,AP-N901-F303,0.015070039778948,0.015070039778948,88.583084106445,272.54998779297
25-SEP-2026,5.1730408282786,56494,J2203+3145,0.3760592341423,88500,AP-N902-F303,0.015070039778948,0.015070039778948,87.492393493652,272.54998779297
25-SEP-2026,5.1763741965868,56494,J2203+3145,0.37555980682373,88500,AP-N901-F303,0.015070039778948,0.015070039778948,88.583084106445,272.54998779297
25-SEP-2026,5.1763741965868,56494,J2203+3145,0.37555980682373,88500,AP-N902-F303,0.015070039778948,0.015070039778948,87.492393493652,272.54998779297
25-SEP-2026,5.1797075631488,56494,J2203+3145,0.37506008148193,88500,AP-N901-F303,0.015070039778948,0.015070039778948,88.583084106445,272.54998779297
25-SEP-2026,5.1797075631488,56494,J2203+3145,0.37506008148193,88500,AP-N902-F303,0.015070039778948,0.015070039778948,87.492393493652,272.54998779297
25-SEP-2026,5.1833187101703,56494,J2203+3145,0.3745182454586,88500,AP-N901-F303,0.015070039778948,0.015070039778948,88.583084106445,272.54998779297
25-SEP-2026,5.1833187101703,56494,J2203+3145,0.3745182454586,88500,AP-N902-F303,0.015070039778948,0.015070039778948,87.492393493652,272.54998779297
25-SEP-2026,5.1866520772561,56494,J2203+3145,0.37401765584946,88500,AP-N901-F303,0.015070039778948,0.015070039778948,88.583084106445,272.54998779297
25-SEP-2026,5.1866520772561,56494,J2203+3145,0.37401765584946,88500,AP-N902-F303,0.015070039778948,0.015070039778948,87.492393493652,272.54998779297
25-SEP-2026,5.1899854446912,56494,J2203+3145,0.37351676821709,88500,AP-N901-F303,0.015070039778948,0.015070039778948,88.583084106445,272.54998779297
25-SEP-2026,5.1899854446912,56494,J2203+3145,0.37351676821709,88500,AP-N902-F303,0.015070039778948,0.015070039778948,87.492393493652,272.54998779297
25-SEP-2026,5.193874371823,56494,J2203+3145,0.37293186783791,88500,AP-N901-F303,0.015070039778948,0.015070039778948,88.583084106445,272.54998779297
25-SEP-2026,5.193874371823,56494,J2203+3145,0.37293186783791,88500,AP-N902-F303,0.015070039778948,0.015070039778948,87.492393493652,272.54998779297
25-SEP-2026,5.1974855183206,56494,J2203+3145,0.37238827347755,88500,AP-N901-F303,0.015070039778948,0.015070039778948,88.583084106445,272.54998779297
25-SEP-2026,5.1974855183206,56494,J2203+3145,0.37238827347755,88500,AP-N902-F303,0.015070039778948,0.015070039778948,87.492393493652,272.54998779297
25-SEP-2026,5.2010966656913,56494,J2203+3145,0.37184435129166,88500,AP-N901-F303,0.015070039778948,0.015070039778948,88.583084106445,272.54998779297
25-SEP-2026,5.2010966656913,56494,J2203+3145,0.37184435129166,88500,AP-N902-F303,0.015070039778948,0.015070039778948,87.492393493652,272.54998779297
25-SEP-2026,5.2049855971887,56494,J2203+3145,0.37125793099403,88500,AP-N901-F303,0.015070039778948,0.015070039778948,88.583084106445,272.54998779297
25-SEP-2026,5.2049855971887,56494,J2203+3145,0.37125793099403,88500,AP-N902-F303,0.015070039778948,0.015070039778948,87.492393493652,272.54998779297
25-SEP-2026,5.2085967419401,56494,J2203+3145,0.37071296572685,88500,AP-N901-F303,0.015070039778948,0.015070039778948,88.583084106445,272.54998779297
25-SEP-2026,5.2085967419401,56494,J2203+3145,0.37071296572685,88500,AP-N902-F303,0.015070039778948,0.015070039778948,87.492393493652,272.54998779297
25-SEP-2026,5.2122078900093,56494,J2203+3145,0.37016770243645,88500,AP-N901-F303,0.015070039778948,0.015070039778948,88.583084106445,272.54998779297
25-SEP-2026,5.2122078900093,56494,J2203+3145,0.37016770243645,88500,AP-N902-F303,0.015070039778948,0.015070039778948,87.492393493652,272.54998779297
25-SEP-2026,5.6539746706756,56509,3C84,0.34770280122757,88500,AP-N901-F303,0.014936050400138,0.014936050400138,91.286125183105,272.85000610352
25-SEP-2026,5.6539746706756,56509,3C84,0.34770280122757,88500,AP-N902-F303,0.014463385567069,0.014463385567069,90.436149597168,272.85000610352
25-SEP-2026,5.67133596354,56513,3C84,0.34932836890221,88500,AP-N901-F303,0.014936050400138,0.014936050400138,91.286125183105,272.85000610352
25-SEP-2026,5.67133596354,56513,3C84,0.34932836890221,88500,AP-N902-F303,0.014463385567069,0.014463385567069,90.436149597168,272.85000610352
25-SEP-2026,5.6746693285304,56513,3C84,0.34963926672935,88500,AP-N901-F303,0.014936050400138,0.014936050400138,91.286125183105,272.85000610352
25-SEP-2026,5.6746693285304,56513,3C84,0.34963926672935,88500,AP-N902-F303,0.014463385567069,0.014463385567069,90.436149597168,272.85000610352
25-SEP-2026,5.678002695267,56513,3C84,0.34994959831238,88500,AP-N901-F303,0.014936050400138,0.014936050400138,91.286125183105,272.85000610352
25-SEP-2026,5.678002695267,56513,3C84,0.34994959831238,88500,AP-N902-F303,0.014463385567069,0.014463385567069,90.436149597168,272.85000610352
25-SEP-2026,5.681336061829,56513,3C84,0.35025948286057,88500,AP-N901-F303,0.014936050400138,0.014936050400138,91.286125183105,272.85000610352
25-SEP-2026,5.681336061829,56513,3C84,0.35025948286057,88500,AP-N902-F303,0.014463385567069,0.014463385567069,90.436149597168,272.85000610352
25-SEP-2026,5.6849472121683,56513,3C84,0.35059466958046,88500,AP-N901-F303,0.014936050400138,0.014936050400138,91.286125183105,272.85000610352
25-SEP-2026,5.6849472121683,56513,3C84,0.35059466958046,88500,AP-N902-F303,0.014463385567069,0.014463385567069,90.436149597168,272.85000610352
25-SEP-2026,5.6885583565704,56513,3C84,0.35092920064926,88500,AP-N901-F303,0.014936050400138,0.014936050400138,91.286125183105,272.85000610352
25-SEP-2026,5.6885583565704,56513,3C84,0.35092920064926,88500,AP-N902-F303,0.014463385567069,0.014463385567069,90.436149597168,272.85000610352
25-SEP-2026,5.6918917234816,56513,3C84,0.35123771429062,88500,AP-N901-F303,0.014936050400138,0.014936050400138,91.286125183105,272.85000610352
25-SEP-2026,5.6918917234816,56513,3C84,0.35123771429062,88500,AP-N902-F303,0.014463385567069,0.014463385567069,90.436149597168,272.85000610352
25-SEP-2026,5.6952250875989,56513,3C84,0.35154560208321,88500,AP-N901-F303,0.014936050400138,0.014936050400138,91.286125183105,272.85000610352
25-SEP-2026,5.6952250875989,56513,3C84,0.35154560208321,88500,AP-N902-F303,0.014463385567069,0.014463385567069,90.436149597168,272.85000610352
25-SEP-2026,5.6988362381128,56513,3C84,0.35187873244286,88500,AP-N901-F303,0.014936050400138,0.014936050400138,91.286125183105,272.85000610352
25-SEP-2026,5.6988362381128,56513,3C84,0.35187873244286,88500,AP-N902-F303,0.014463385567069,0.014463385567069,90.436149597168,272.85000610352
25-SEP-2026,5.7021696057226,56513,3C84,0.35218575596809,88500,AP-N901-F303,0.014936050400138,0.014936050400138,91.286125183105,272.85000610352
25-SEP-2026,5.7021696057226,56513,3C84,0.35218575596809,88500,AP-N902-F303,0.014463385567069,0.014463385567069,90.436149597168,272.85000610352
25-SEP-2026,5.7055029745546,56513,3C84,0.35249227285385,88500,AP-N901-F303,0.014936050400138,0.014936050400138,91.286125183105,272.85000610352
25-SEP-2026,5.7055029745546,56513,3C84,0.35249227285385,88500,AP-N902-F303,0.014463385567069,0.014463385567069,90.436149597168,272.85000610352
25-SEP-2026,5.7088363404181,56513,3C84,0.35279834270477,88500,AP-N901-F303,0.014936050400138,0.014936050400138,91.286125183105,272.85000610352
25-SEP-2026,5.7088363404181,56513,3C84,0.35279834270477,88500,AP-N902-F303,0.014463385567069,0.014463385567069,90.436149597168,272.85000610352
25-SEP-2026,5.7124474855187,56513,3C84,0.3531294465065,88500,AP-N901-F303,0.014936050400138,0.014936050400138,91.286125183105,272.85000610352
25-SEP-2026,5.7124474855187,56513,3C84,0.3531294465065,88500,AP-N902-F303,0.014463385567069,0.014463385567069,90.436149597168,272.85000610352
25-SEP-2026,5.715780857494,56513,3C84,0.35343453288078,88500,AP-N901-F303,0.014936050400138,0.014936050400138,91.286125183105,272.85000610352
25-SEP-2026,5.715780857494,56513,3C84,0.35343453288078,88500,AP-N902-F303,0.014463385567069,0.014463385567069,90.436149597168,272.85000610352
25-SEP-2026,5.7539756769644,56518,3C111,0.29804107546806,88500,AP-N901-F303,0.014867975376546,0.014867975376546,95.222145080566,272.85000610352
25-SEP-2026,5.7539756769644,56518,3C111,0.29804107546806,88500,AP-N902-F303,0.018758108839393,0.018758108839393,96.269081115723,272.85000610352
25-SEP-2026,5.7710591869245,56522,3C111,0.30032885074615,88500,AP-N901-F303,0.014867975376546,0.014867975376546,95.222145080566,272.85000610352
25-SEP-2026,5.7710591869245,56522,3C111,0.30032885074615,88500,AP-N902-F303,0.018758108839393,0.018758108839393,96.269081115723,272.85000610352
25-SEP-2026,5.7743925519149,56522,3C111,0.30077430605888,88500,AP-N901-F303,0.014867975376546,0.014867975376546,95.222145080566,272.85000610352
25-SEP-2026,5.7743925519149,56522,3C111,0.30077430605888,88500,AP-N902-F303,0.018758108839393,0.018758108839393,96.269081115723,272.85000610352
25-SEP-2026,5.7777259191754,56522,3C111,0.3012190759182,88500,AP-N901-F303,0.014867975376546,0.014867975376546,95.222145080566,272.85000610352
25-SEP-2026,5.7777259191754,56522,3C111,0.3012190759182,88500,AP-N902-F303,0.018758108839393,0.018758108839393,96.269081115723,272.85000610352
25-SEP-2026,5.7810592862612,56522,3C111,0.30166390538216,88500,AP-N901-F303,0.014867975376546,0.014867975376546,95.222145080566,272.85000610352
25-SEP-2026,5.7810592862612,56522,3C111,0.30166390538216,88500,AP-N902-F303,0.018758108839393,0.018758108839393,96.269081115723,272.85000610352
25-SEP-2026,5.7845315430529,56522,3C111,0.30212661623955,88500,AP-N901-F303,0.014867975376546,0.014867975376546,95.222145080566,272.85000610352
25-SEP-2026,5.7845315430529,56522,3C111,0.30212661623955,88500,AP-N902-F303,0.018758108839393,0.018758108839393,96.269081115723,272.85000610352
25-SEP-2026,5.7880038001939,56522,3C111,0.30258879065514,88500,AP-N901-F303,0.014867975376546,0.014867975376546,95.222145080566,272.85000610352
25-SEP-2026,5.7880038001939,56522,3C111,0.30258879065514,88500,AP-N902-F303,0.018758108839393,0.018758108839393,96.269081115723,272.85000610352
25-SEP-2026,5.7913371678036,56522,3C111,0.30303213000298,88500,AP-N901-F303,0.014867975376546,0.014867975376546,95.222145080566,272.85000610352
25-SEP-2026,5.7913371678036,56522,3C111,0.30303213000298,88500,AP-N902-F303,0.018758108839393,0.018758108839393,96.269081115723,272.85000610352
25-SEP-2026,5.794670534191,56522,3C111,0.30347535014153,88500,AP-N901-F303,0.014867975376546,0.014867975376546,95.222145080566,272.85000610352
25-SEP-2026,5.794670534191,56522,3C111,0.30347535014153,88500,AP-N902-F303,0.018758108839393,0.018758108839393,96.269081115723,272.85000610352
25-SEP-2026,5.7980039026738,56522,3C111,0.30391788482666,88500,AP-N901-F303,0.014867975376546,0.014867975376546,95.222145080566,272.85000610352
25-SEP-2026,5.7980039026738,56522,3C111,0.30391788482666,88500,AP-N902-F303,0.018758108839393,0.018758108839393,96.269081115723,272.85000610352
25-SEP-2026,5.801337268188,56522,3C111,0.30436018109322,88500,AP-N901-F303,0.014867975376546,0.014867975376546,95.222145080566,272.85000610352
25-SEP-2026,5.801337268188,56522,3C111,0.30436018109322,88500,AP-N902-F303,0.018758108839393,0.018758108839393,96.269081115723,272.85000610352
25-SEP-2026,5.8049484169558,56522,3C111,0.30483901500702,88500,AP-N901-F303,0.014867975376546,0.014867975376546,95.222145080566,272.85000610352
25-SEP-2026,5.8049484169558,56522,3C111,0.30483901500702,88500,AP-N902-F303,0.018758108839393,0.018758108839393,96.269081115723,272.85000610352
25-SEP-2026,5.8082817843908,56522,3C111,0.30528062582016,88500,AP-N901-F303,0.014867975376546,0.014867975376546,95.222145080566,272.85000610352
25-SEP-2026,5.8082817843908,56522,3C111,0.30528062582016,88500,AP-N902-F303,0.018758108839393,0.018758108839393,96.269081115723,272.85000610352
25-SEP-2026,5.8116151495558,56522,3C111,0.30572161078453,88500,AP-N901-F303,0.014867975376546,0.014867975376546,95.222145080566,272.85000610352
25-SEP-2026,5.8116151495558,56522,3C111,0.30572161078453,88500,AP-N902-F303,0.018758108839393,0.018758108839393,96.269081115723,272.85000610352
25-SEP-2026,5.8149485187371,56522,3C111,0.30616244673729,88500,AP-N901-F303,0.014867975376546,0.014867975376546,95.222145080566,272.85000610352
25-SEP-2026,5.8149485187371,56522,3C111,0.30616244673729,88500,AP-N902-F303,0.018758108839393,0.018758108839393,96.269081115723,272.85000610352
25-SEP-2026,5.8182818832036,56522,3C111,0.30660298466682,88500,AP-N901-F303,0.014867975376546,0.014867975376546,95.222145080566,272.85000610352
25-SEP-2026,5.8182818832036,56522,3C111,0.30660298466682,88500,AP-N902-F303,0.018758108839393,0.018758108839393,96.269081115723,272.85000610352
25-SEP-2026,5.8216152504641,56522,3C111,0.30704289674759,88500,AP-N901-F303,0.014867975376546,0.014867975376546,95.222145080566,272.85000610352
25-SEP-2026,5.8216152504641,56522,3C111,0.30704289674759,88500,AP-N902-F303,0.018758108839393,0.018758108839393,96.269081115723,272.85000610352
25-SEP-2026,5.8249486152798,56522,3C111,0.3074826002121,88500,AP-N901-F303,0.014867975376546,0.014867975376546,95.222145080566,272.85000610352
25-SEP-2026,5.8249486152798,56522,3C111,0.3074826002121,88500,AP-N902-F303,0.018758108839393,0.018758108839393,96.269081115723,272.85000610352
25-SEP-2026,5.8285597614282,56522,3C111,0.30795854330063,88500,AP-N901-F303,0.014867975376546,0.014867975376546,95.222145080566,272.85000610352
25-SEP-2026,5.8285597614282,56522,3C111,0.30795854330063,88500,AP-N902-F303,0.018758108839393,0.018758108839393,96.269081115723,272.85000610352
25-SEP-2026,5.8318931295618,56522,3C111,0.30839729309082,88500,AP-N901-F303,0.014867975376546,0.014867975376546,95.222145080566,272.85000610352
25-SEP-2026,5.8318931295618,56522,3C111,0.30839729309082,88500,AP-N902-F303,0.018758108839393,0.018758108839393,96.269081115723,272.85000610352
25-SEP-2026,5.8355042767579,56522,3C111,0.30887228250504,88500,AP-N901-F303,0.014867975376546,0.014867975376546,95.222145080566,272.85000610352
25-SEP-2026,5.8355042767579,56522,3C111,0.30887228250504,88500,AP-N902-F303,0.018758108839393,0.018758108839393,96.269081115723,272.85000610352
25-SEP-2026,5.8388376483839,56522,3C111,0.30931043624878,88500,AP-N901-F303,0.014867975376546,0.014867975376546,95.222145080566,272.85000610352
25-SEP-2026,5.8388376483839,56522,3C111,0.30931043624878,88500,AP-N902-F303,0.018758108839393,0.018758108839393,96.269081115723,272.85000610352
25-SEP-2026,5.8424487940084,56522,3C111,0.30978471040726,88500,AP-N901-F303,0.014867975376546,0.014867975376546,95.222145080566,272.85000610352
25-SEP-2026,5.8424487940084,56522,3C111,0.30978471040726,88500,AP-N902-F303,0.018758108839393,0.018758108839393,96.269081115723,272.85000610352
25-SEP-2026,5.8457821593481,56522,3C111,0.31022188067436,88500,AP-N901-F303,0.014867975376546,0.014867975376546,95.222145080566,272.85000610352
25-SEP-2026,5.8457821593481,56522,3C111,0.31022188067436,88500,AP-N902-F303,0.018758108839393,0.018758108839393,96.269081115723,272.85000610352
25-SEP-2026,5.8493933081158,56522,3C111,0.31069514155388,88500,AP-N901-F303,0.014867975376546,0.014867975376546,95.222145080566,272.85000610352
25-SEP-2026,5.8493933081158,56522,3C111,0.31069514155388,88500,AP-N902-F303,0.018758108839393,0.018758108839393,96.269081115723,272.85000610352
25-SEP-2026,5.8527266757255,56522,3C111,0.31113189458847,88500,AP-N901-F303,0.014867975376546,0.014867975376546,95.222145080566,272.85000610352
25-SEP-2026,5.8527266757255,56522,3C111,0.31113189458847,88500,AP-N902-F303,0.018758108839393,0.018758108839393,96.269081115723,272.85000610352
25-SEP-2026,5.8563378234455,56522,3C111,0.31160435080528,88500,AP-N901-F303,0.014867975376546,0.014867975376546,95.222145080566,272.85000610352
25-SEP-2026,5.8563378234455,56522,3C111,0.31160435080528,88500,AP-N902-F303,0.018758108839393,0.018758108839393,96.269081115723,272.85000610352
25-SEP-2026,5.8599489697685,56522,3C111,0.31207624077797,88500,AP-N901-F303,0.014867975376546,0.014867975376546,95.222145080566,272.85000610352
25-SEP-2026,5.8599489697685,56522,3C111,0.31207624077797,88500,AP-N902-F303,0.018758108839393,0.018758108839393,96.269081115723,272.85000610352
25-SEP-2026,5.8632823345842,56522,3C111,0.31251153349876,88500,AP-N901-F303,0.014867975376546,0.014867975376546,95.222145080566,272.85000610352
25-SEP-2026,5.8632823345842,56522,3C111,0.31251153349876,88500,AP-N902-F303,0.018758108839393,0.018758108839393,96.269081115723,272.85000610352
25-SEP-2026,5.9870335851794,56527,3C84,0.37669056653976,88500,AP-N901-F303,0.014997785910964,0.014997785910964,89.839393615723,272.35000610352
25-SEP-2026,5.9870335851794,56527,3C84,0.37669056653976,88500,AP-N902-F303,0.014997785910964,0.014997785910964,89.0859375,272.35000610352
25-SEP-2026,6.0046726492484,56531,3C84,0.37809228897095,88500,AP-N901-F303,0.014997785910964,0.014997785910964,89.839393615723,272.35000610352
25-SEP-2026,6.0046726492484,56531,3C84,0.37809228897095,88500,AP-N902-F303,0.014997785910964,0.014997785910964,89.0859375,272.35000610352
25-SEP-2026,6.0080060158103,56531,3C84,0.37835624814034,88500,AP-N901-F303,0.014997785910964,0.014997785910964,89.839393615723,272.35000610352
25-SEP-2026,6.0080060158103,56531,3C84,0.37835624814034,88500,AP-N902-F303,0.014997785910964,0.014997785910964,89.0859375,272.35000610352
25-SEP-2026,6.0116171605617,56531,3C84,0.37864112854004,88500,AP-N901-F303,0.014997785910964,0.014997785910964,89.839393615723,272.35000610352
25-SEP-2026,6.0116171605617,56531,3C84,0.37864112854004,88500,AP-N902-F303,0.014997785910964,0.014997785910964,89.0859375,272.35000610352
25-SEP-2026,6.0152283098533,56531,3C84,0.3789254128933,88500,AP-N901-F303,0.014997785910964,0.014997785910964,89.839393615723,272.35000610352
25-SEP-2026,6.0152283098533,56531,3C84,0.3789254128933,88500,AP-N902-F303,0.014997785910964,0.014997785910964,89.0859375,272.35000610352
25-SEP-2026,6.0188394573987,56531,3C84,0.37920916080475,88500,AP-N901-F303,0.014997785910964,0.014997785910964,89.839393615723,272.35000610352
25-SEP-2026,6.0188394573987,56531,3C84,0.37920916080475,88500,AP-N902-F303,0.014997785910964,0.014997785910964,89.0859375,272.35000610352
25-SEP-2026,6.0224506045948,56531,3C84,0.37949222326279,88500,AP-N901-F303,0.014997785910964,0.014997785910964,89.839393615723,272.35000610352
25-SEP-2026,6.0224506045948,56531,3C84,0.37949222326279,88500,AP-N902-F303,0.014997785910964,0.014997785910964,89.0859375,272.35000610352
25-SEP-2026,6.0260617538864,56531,3C84,0.37977480888367,88500,AP-N901-F303,0.014997785910964,0.014997785910964,89.839393615723,272.35000610352
25-SEP-2026,6.0260617538864,56531,3C84,0.37977480888367,88500,AP-N902-F303,0.014997785910964,0.014997785910964,89.0859375,272.35000610352
25-SEP-2026,6.0296729010825,56531,3C84,0.38005682826042,88500,AP-N901-F303,0.014997785910964,0.014997785910964,89.839393615723,272.35000610352
25-SEP-2026,6.0296729010825,56531,3C84,0.38005682826042,88500,AP-N902-F303,0.014997785910964,0.014997785910964,89.0859375,272.35000610352
25-SEP-2026,6.0332840475801,56531,3C84,0.38033822178841,88500,AP-N901-F303,0.014997785910964,0.014997785910964,89.839393615723,272.35000610352
25-SEP-2026,6.0332840475801,56531,3C84,0.38033822178841,88500,AP-N902-F303,0.014997785910964,0.014997785910964,89.0859375,272.35000610352
25-SEP-2026,6.0368951951255,56531,3C84,0.38061904907227,88500,AP-N901-F303,0.014997785910964,0.014997785910964,89.839393615723,272.35000610352
25-SEP-2026,6.0368951951255,56531,3C84,0.38061904907227,88500,AP-N902-F303,0.014997785910964,0.014997785910964,89.0859375,272.35000610352
25-SEP-2026,6.0405063426708,56531,3C84,0.38089922070503,88500,AP-N901-F303,0.014997785910964,0.014997785910964,89.839393615723,272.35000610352
25-SEP-2026,6.0405063426708,56531,3C84,0.38089922070503,88500,AP-N902-F303,0.014997785910964,0.014997785910964,89.0859375,272.35000610352
25-SEP-2026,6.0441174893431,56531,3C84,0.38117882609367,88500,AP-N901-F303,0.014997785910964,0.014997785910964,89.839393615723,272.35000610352
25-SEP-2026,6.0441174893431,56531,3C84,0.38117882609367,88500,AP-N902-F303,0.014997785910964,0.014997785910964,89.0859375,272.35000610352
25-SEP-2026,6.0474508564289,56531,3C84,0.38143649697304,88500,AP-N901-F303,0.014997785910964,0.014997785910964,89.839393615723,272.35000610352
25-SEP-2026,6.0474508564289,56531,3C84,0.38143649697304,88500,AP-N902-F303,0.014997785910964,0.014997785910964,89.0859375,272.35000610352
25-SEP-2026,6.0507842233401,56531,3C84,0.3816936314106,88500,AP-N901-F303,0.014997785910964,0.014997785910964,89.839393615723,272.35000610352
25-SEP-2026,6.0507842233401,56531,3C84,0.3816936314106,88500,AP-N902-F303,0.014997785910964,0.014997785910964,89.0859375,272.35000610352
25-SEP-2026,6.0878679277827,56536,3C111,0.3409443795681,88500,AP-N901-F303,0.014282641001046,0.014282641001046,90.427467346191,272.54998779297
25-SEP-2026,6.0878679277827,56536,3C111,0.3409443795681,88500,AP-N902-F303,0.018564157187939,0.018564157187939,90.874588012695,272.54998779297
25-SEP-2026,6.1046736551879,56540,3C111,0.34299832582474,88500,AP-N901-F303,0.014282641001046,0.014282641001046,90.427467346191,272.54998779297
25-SEP-2026,6.1046736551879,56540,3C111,0.34299832582474,88500,AP-N902-F303,0.018564157187939,0.018564157187939,90.874588012695,272.54998779297
25-SEP-2026,6.1080070224483,56540,3C111,0.34340524673462,88500,AP-N901-F303,0.014282641001046,0.014282641001046,90.427467346191,272.54998779297
25-SEP-2026,6.1080070224483,56540,3C111,0.34340524673462,88500,AP-N902-F303,0.018564157187939,0.018564157187939,90.874588012695,272.54998779297
25-SEP-2026,6.1116181692952,56540,3C111,0.34384480118752,88500,AP-N901-F303,0.014282641001046,0.014282641001046,90.427467346191,272.54998779297
25-SEP-2026,6.1116181692952,56540,3C111,0.34384480118752,88500,AP-N902-F303,0.018564157187939,0.018564157187939,90.874588012695,272.54998779297
25-SEP-2026,6.1149515393496,56540,3C111,0.34425032138824,88500,AP-N901-F303,0.014282641001046,0.014282641001046,90.427467346191,272.54998779297
25-SEP-2026,6.1149515393496,56540,3C111,0.34425032138824,88500,AP-N902-F303,0.018564157187939,0.018564157187939,90.874588012695,272.54998779297
25-SEP-2026,6.118284901546,56540,3C111,0.34465533494949,88500,AP-N901-F303,0.014282641001046,0.014282641001046,90.427467346191,272.54998779297
25-SEP-2026,6.118284901546,56540,3C111,0.34465533494949,88500,AP-N902-F303,0.018564157187939,0.018564157187939,90.874588012695,272.54998779297
25-SEP-2026,6.1216182677588,56540,3C111,0.34505993127823,88500,AP-N901-F303,0.014282641001046,0.014282641001046,90.427467346191,272.54998779297
25-SEP-2026,6.1216182677588,56540,3C111,0.34505993127823,88500,AP-N902-F303,0.018564157187939,0.018564157187939,90.874588012695,272.54998779297
25-SEP-2026,6.124951636067,56540,3C111,0.3454641699791,88500,AP-N901-F303,0.014282641001046,0.014282641001046,90.427467346191,272.54998779297
25-SEP-2026,6.124951636067,56540,3C111,0.3454641699791,88500,AP-N902-F303,0.018564157187939,0.018564157187939,90.874588012695,272.54998779297
25-SEP-2026,6.1285627834377,56540,3C111,0.34590145945549,88500,AP-N901-F303,0.014282641001046,0.014282641001046,90.427467346191,272.54998779297
25-SEP-2026,6.1285627834377,56540,3C111,0.34590145945549,88500,AP-N902-F303,0.018564157187939,0.018564157187939,90.874588012695,272.54998779297
25-SEP-2026,6.1321739316816,56540,3C111,0.34633857011795,88500,AP-N901-F303,0.014282641001046,0.014282641001046,90.427467346191,272.54998779297
25-SEP-2026,6.1321739316816,56540,3C111,0.34633857011795,88500,AP-N902-F303,0.018564157187939,0.018564157187939,90.874588012695,272.54998779297
25-SEP-2026,6.135507300339,56540,3C111,0.34674137830734,88500,AP-N901-F303,0.014282641001046,0.014282641001046,90.427467346191,272.54998779297
25-SEP-2026,6.135507300339,56540,3C111,0.34674137830734,88500,AP-N902-F303,0.018564157187939,0.018564157187939,90.874588012695,272.54998779297
25-SEP-2026,6.1391184428203,56540,3C111,0.34717735648155,88500,AP-N901-F303,0.014282641001046,0.014282641001046,90.427467346191,272.54998779297
25-SEP-2026,6.1391184428203,56540,3C111,0.34717735648155,88500,AP-N902-F303,0.018564157187939,0.018564157187939,90.874588012695,272.54998779297
25-SEP-2026,6.142451811827,56540,3C111,0.34757947921753,88500,AP-N901-F303,0.014282641001046,0.014282641001046,90.427467346191,272.54998779297
25-SEP-2026,6.142451811827,56540,3C111,0.34757947921753,88500,AP-N902-F303,0.018564157187939,0.018564157187939,90.874588012695,272.54998779297
25-SEP-2026,6.1457851768173,56540,3C111,0.34798097610474,88500,AP-N901-F303,0.014282641001046,0.014282641001046,90.427467346191,272.54998779297
25-SEP-2026,6.1457851768173,56540,3C111,0.34798097610474,88500,AP-N902-F303,0.018564157187939,0.018564157187939,90.874588012695,272.54998779297
25-SEP-2026,6.1493963243627,56540,3C111,0.34841576218605,88500,AP-N901-F303,0.014282641001046,0.014282641001046,90.427467346191,272.54998779297
25-SEP-2026,6.1493963243627,56540,3C111,0.34841576218605,88500,AP-N902-F303,0.018564157187939,0.018564157187939,90.874588012695,272.54998779297
25-SEP-2026,6.152729693544,56540,3C111,0.34881633520126,88500,AP-N901-F303,0.014282641001046,0.014282641001046,90.427467346191,272.54998779297
25-SEP-2026,6.152729693544,56540,3C111,0.34881633520126,88500,AP-N902-F303,0.018564157187939,0.018564157187939,90.874588012695,272.54998779297
25-SEP-2026,6.1563408409148,56540,3C111,0.34925007820129,88500,AP-N901-F303,0.014282641001046,0.014282641001046,90.427467346191,272.54998779297
25-SEP-2026,6.1563408409148,56540,3C111,0.34925007820129,88500,AP-N902-F303,0.018564157187939,0.018564157187939,90.874588012695,272.54998779297
25-SEP-2026,6.1599519879362,56540,3C111,0.34968337416649,88500,AP-N901-F303,0.014282641001046,0.014282641001046,90.427467346191,272.54998779297
25-SEP-2026,6.1599519879362,56540,3C111,0.34968337416649,88500,AP-N902-F303,0.018564157187939,0.018564157187939,90.874588012695,272.54998779297
25-SEP-2026,6.1632853550221,56540,3C111,0.35008260607719,88500,AP-N901-F303,0.014282641001046,0.014282641001046,90.427467346191,272.54998779297
25-SEP-2026,6.1632853550221,56540,3C111,0.35008260607719,88500,AP-N902-F303,0.018564157187939,0.018564157187939,90.874588012695,272.54998779297
25-SEP-2026,6.1668965020436,56540,3C111,0.35051506757736,88500,AP-N901-F303,0.014282641001046,0.014282641001046,90.427467346191,272.54998779297
25-SEP-2026,6.1668965020436,56540,3C111,0.35051506757736,88500,AP-N902-F303,0.018564157187939,0.018564157187939,90.874588012695,272.54998779297
25-SEP-2026,6.1707854291753,56540,3C111,0.35097992420197,88500,AP-N901-F303,0.014282641001046,0.014282641001046,90.427467346191,272.54998779297
25-SEP-2026,6.1707854291753,56540,3C111,0.35097992420197,88500,AP-N902-F303,0.018564157187939,0.018564157187939,90.874588012695,272.54998779297
25-SEP-2026,6.1743965760222,56540,3C111,0.3514110147953,88500,AP-N901-F303,0.014282641001046,0.014282641001046,90.427467346191,272.54998779297
25-SEP-2026,6.1743965760222,56540,3C111,0.3514110147953,88500,AP-N902-F303,0.018564157187939,0.018564157187939,90.874588012695,272.54998779297
25-SEP-2026,6.1777299432827,56540,3C111,0.35180875658989,88500,AP-N901-F303,0.014282641001046,0.014282641001046,90.427467346191,272.54998779297
25-SEP-2026,6.1777299432827,56540,3C111,0.35180875658989,88500,AP-N902-F303,0.018564157187939,0.018564157187939,90.874588012695,272.54998779297
25-SEP-2026,6.1810633103685,56540,3C111,0.35220587253571,88500,AP-N901-F303,0.014282641001046,0.014282641001046,90.427467346191,272.54998779297
25-SEP-2026,6.1810633103685,56540,3C111,0.35220587253571,88500,AP-N902-F303,0.018564157187939,0.018564157187939,90.874588012695,272.54998779297
25-SEP-2026,6.1843966767559,56540,3C111,0.35260272026062,88500,AP-N901-F303,0.014282641001046,0.014282641001046,90.427467346191,272.54998779297
25-SEP-2026,6.1843966767559,56540,3C111,0.35260272026062,88500,AP-N902-F303,0.018564157187939,0.018564157187939,90.874588012695,272.54998779297
25-SEP-2026,6.1880078244758,56540,3C111,0.35303199291229,88500,AP-N901-F303,0.014282641001046,0.014282641001046,90.427467346191,272.54998779297
25-SEP-2026,6.1880078244758,56540,3C111,0.35303199291229,88500,AP-N902-F303,0.018564157187939,0.018564157187939,90.874588012695,272.54998779297
25-SEP-2026,6.1916189713227,56540,3C111,0.35346087813377,88500,AP-N901-F303,0.014282641001046,0.014282641001046,90.427467346191,272.54998779297
25-SEP-2026,6.1916189713227,56540,3C111,0.35346087813377,88500,AP-N902-F303,0.018564157187939,0.018564157187939,90.874588012695,272.54998779297
25-SEP-2026,6.1949523382339,56540,3C111,0.3538564145565,88500,AP-N901-F303,0.014282641001046,0.014282641001046,90.427467346191,272.54998779297
25-SEP-2026,6.1949523382339,56540,3C111,0.3538564145565,88500,AP-N902-F303,0.018564157187939,0.018564157187939,90.874588012695,272.54998779297
25-SEP-2026,6.1985634857793,56540,3C111,0.35428422689438,88500,AP-N901-F303,0.014282641001046,0.014282641001046,90.427467346191,272.54998779297
25-SEP-2026,6.1985634857793,56540,3C111,0.35428422689438,88500,AP-N902-F303,0.018564157187939,0.018564157187939,90.874588012695,272.54998779297
25-SEP-2026,6.3206480534428,56545,3C84,0.40083983540535,88500,AP-N901-F303,0.014862942509353,0.014862942509353,87.269577026367,273.35000610352
25-SEP-2026,6.3206480534428,56545,3C84,0.40083983540535,88500,AP-N902-F303,0.014023487456143,0.014023487456143,86.525283813477,273.35000610352
25-SEP-2026,6.3377315531002,56549,3C84,0.40193808078766,88500,AP-N901-F303,0.014862942509353,0.014862942509353,87.269577026367,273.35000610352
25-SEP-2026,6.3377315531002,56549,3C84,0.40193808078766,88500,AP-N902-F303,0.014023487456143,0.014023487456143,86.525283813477,273.35000610352
25-SEP-2026,6.3410649200114,56549,3C84,0.40215140581131,88500,AP-N901-F303,0.014862942509353,0.014862942509353,87.269577026367,273.35000610352
25-SEP-2026,6.3410649200114,56549,3C84,0.40215140581131,88500,AP-N902-F303,0.014023487456143,0.014023487456143,86.525283813477,273.35000610352
25-SEP-2026,6.3443982862242,56549,3C84,0.40236377716064,88500,AP-N901-F303,0.014862942509353,0.014862942509353,87.269577026367,273.35000610352
25-SEP-2026,6.3443982862242,56549,3C84,0.40236377716064,88500,AP-N902-F303,0.014023487456143,0.014023487456143,86.525283813477,273.35000610352
25-SEP-2026,6.347731651913,56549,3C84,0.40257549285889,88500,AP-N901-F303,0.014862942509353,0.014862942509353,87.269577026367,273.35000610352
25-SEP-2026,6.347731651913,56549,3C84,0.40257549285889,88500,AP-N902-F303,0.014023487456143,0.014023487456143,86.525283813477,273.35000610352
25-SEP-2026,6.3513428017285,56549,3C84,0.40280428528786,88500,AP-N901-F303,0.014862942509353,0.014862942509353,87.269577026367,273.35000610352
25-SEP-2026,6.3513428017285,56549,3C84,0.40280428528786,88500,AP-N902-F303,0.014023487456143,0.014023487456143,86.525283813477,273.35000610352
25-SEP-2026,6.3546761681158,56549,3C84,0.40301489830017,88500,AP-N901-F303,0.014862942509353,0.014862942509353,87.269577026367,273.35000610352
25-SEP-2026,6.3546761681158,56549,3C84,0.40301489830017,88500,AP-N902-F303,0.014023487456143,0.014023487456143,86.525283813477,273.35000610352
25-SEP-2026,6.35800953363,56549,3C84,0.40322521328926,88500,AP-N901-F303,0.014862942509353,0.014862942509353,87.269577026367,273.35000610352
25-SEP-2026,6.35800953363,56549,3C84,0.40322521328926,88500,AP-N902-F303,0.014023487456143,0.014023487456143,86.525283813477,273.35000610352
25-SEP-2026,6.3616206790799,56549,3C84,0.40345233678818,88500,AP-N901-F303,0.014862942509353,0.014862942509353,87.269577026367,273.35000610352
25-SEP-2026,6.3616206790799,56549,3C84,0.40345233678818,88500,AP-N902-F303,0.014023487456143,0.014023487456143,86.525283813477,273.35000610352
25-SEP-2026,6.3652318273238,56549,3C84,0.403678804636,88500,AP-N901-F303,0.014862942509353,0.014862942509353,87.269577026367,273.35000610352
25-SEP-2026,6.3652318273238,56549,3C84,0.403678804636,88500,AP-N902-F303,0.014023487456143,0.014023487456143,86.525283813477,273.35000610352
25-SEP-2026,6.3685651979021,56549,3C84,0.40388721227646,88500,AP-N901-F303,0.014862942509353,0.014862942509353,87.269577026367,273.35000610352
25-SEP-2026,6.3685651979021,56549,3C84,0.40388721227646,88500,AP-N902-F303,0.014023487456143,0.014023487456143,86.525283813477,273.35000610352
25-SEP-2026,6.3721763459713,56549,3C84,0.40411245822906,88500,AP-N901-F303,0.014862942509353,0.014862942509353,87.269577026367,273.35000610352
25-SEP-2026,6.3721763459713,56549,3C84,0.40411245822906,88500,AP-N902-F303,0.014023487456143,0.014023487456143,86.525283813477,273.35000610352
25-SEP-2026,6.375509714978,56549,3C84,0.40431985259056,88500,AP-N901-F303,0.014862942509353,0.014862942509353,87.269577026367,273.35000610352
25-SEP-2026,6.375509714978,56549,3C84,0.40431985259056,88500,AP-N902-F303,0.014023487456143,0.014023487456143,86.525283813477,273.35000610352
25-SEP-2026,6.3788430771744,56549,3C84,0.40452688932419,88500,AP-N901-F303,0.014862942509353,0.014862942509353,87.269577026367,273.35000610352
25-SEP-2026,6.3788430771744,56549,3C84,0.40452688932419,88500,AP-N902-F303,0.014023487456143,0.014023487456143,86.525283813477,273.35000610352
25-SEP-2026,6.3821764442602,56549,3C84,0.4047332406044,88500,AP-N901-F303,0.014862942509353,0.014862942509353,87.269577026367,273.35000610352
25-SEP-2026,6.3821764442602,56549,3C84,0.4047332406044,88500,AP-N902-F303,0.014023487456143,0.014023487456143,86.525283813477,273.35000610352
25-SEP-2026,6.4212046080777,56554,3C111,0.37968814373016,88500,AP-N901-F303,0.0149896889925,0.0149896889925,89.202842712402,272.64999389648
25-SEP-2026,6.4212046080777,56554,3C111,0.37968814373016,88500,AP-N902-F303,0.013062088750303,0.013062088750303,88.03784942627,272.64999389648
25-SEP-2026,6.4380103384515,56558,3C111,0.3815259039402,88500,AP-N901-F303,0.0149896889925,0.0149896889925,89.202842712402,272.64999389648
25-SEP-2026,6.4380103384515,56558,3C111,0.3815259039402,88500,AP-N902-F303,0.013062088750303,0.013062088750303,88.03784942627,272.64999389648
25-SEP-2026,6.4416214842506,56558,3C111,0.38191908597946,88500,AP-N901-F303,0.0149896889925,0.0149896889925,89.202842712402,272.64999389648
25-SEP-2026,6.4416214842506,56558,3C111,0.38191908597946,88500,AP-N902-F303,0.013062088750303,0.013062088750303,88.03784942627,272.64999389648
25-SEP-2026,6.4449548529081,56558,3C111,0.38228178024292,88500,AP-N901-F303,0.0149896889925,0.0149896889925,89.202842712402,272.64999389648
25-SEP-2026,6.4449548529081,56558,3C111,0.38228178024292,88500,AP-N902-F303,0.013062088750303,0.013062088750303,88.03784942627,272.64999389648
25-SEP-2026,6.4485660027235,56558,3C111,0.38267409801483,88500,AP-N901-F303,0.0149896889925,0.0149896889925,89.202842712402,272.64999389648
25-SEP-2026,6.4485660027235,56558,3C111,0.38267409801483,88500,AP-N902-F303,0.013062088750303,0.013062088750303,88.03784942627,272.64999389648
25-SEP-2026,6.4518993706825,56558,3C111,0.38303571939468,88500,AP-N901-F303,0.0149896889925,0.0149896889925,89.202842712402,272.64999389648
25-SEP-2026,6.4518993706825,56558,3C111,0.38303571939468,88500,AP-N902-F303,0.013062088750303,0.013062088750303,88.03784942627,272.64999389648
25-SEP-2026,6.4555105168309,56558,3C111,0.38342699408531,88500,AP-N901-F303,0.0149896889925,0.0149896889925,89.202842712402,272.64999389648
25-SEP-2026,6.4555105168309,56558,3C111,0.38342699408531,88500,AP-N902-F303,0.013062088750303,0.013062088750303,88.03784942627,272.64999389648
25-SEP-2026,6.4588438818212,56558,3C111,0.38378766179085,88500,AP-N901-F303,0.0149896889925,0.0149896889925,89.202842712402,272.64999389648
25-SEP-2026,6.4588438818212,56558,3C111,0.38378766179085,88500,AP-N902-F303,0.013062088750303,0.013062088750303,88.03784942627,272.64999389648
25-SEP-2026,6.4621772492563,56558,3C111,0.38414803147316,88500,AP-N901-F303,0.0149896889925,0.0149896889925,89.202842712402,272.64999389648
25-SEP-2026,6.4621772492563,56558,3C111,0.38414803147316,88500,AP-N902-F303,0.013062088750303,0.013062088750303,88.03784942627,272.64999389648
25-SEP-2026,6.4655106161675,56558,3C111,0.38450780510902,88500,AP-N901-F303,0.0149896889925,0.0149896889925,89.202842712402,272.64999389648
25-SEP-2026,6.4655106161675,56558,3C111,0.38450780510902,88500,AP-N902-F303,0.013062088750303,0.013062088750303,88.03784942627,272.64999389648
25-SEP-2026,6.4688439825549,56558,3C111,0.38486707210541,88500,AP-N901-F303,0.0149896889925,0.0149896889925,89.202842712402,272.64999389648
25-SEP-2026,6.4688439825549,56558,3C111,0.38486707210541,88500,AP-N902-F303,0.013062088750303,0.013062088750303,88.03784942627,272.64999389648
25-SEP-2026,6.4721773478945,56558,3C111,0.38522607088089,88500,AP-N901-F303,0.0149896889925,0.0149896889925,89.202842712402,272.64999389648
25-SEP-2026,6.4721773478945,56558,3C111,0.38522607088089,88500,AP-N902-F303,0.013062088750303,0.013062088750303,88.03784942627,272.64999389648
25-SEP-2026,6.475510715155,56558,3C111,0.38558447360992,88500,AP-N901-F303,0.0149896889925,0.0149896889925,89.202842712402,272.64999389648
25-SEP-2026,6.475510715155,56558,3C111,0.38558447360992,88500,AP-N902-F303,0.013062088750303,0.013062088750303,88.03784942627,272.64999389648
25-SEP-2026,6.4791218667166,56558,3C111,0.38597226142883,88500,AP-N901-F303,0.0149896889925,0.0149896889925,89.202842712402,272.64999389648
25-SEP-2026,6.4791218667166,56558,3C111,0.38597226142883,88500,AP-N902-F303,0.013062088750303,0.013062088750303,88.03784942627,272.64999389648
25-SEP-2026,6.4824552296115,56558,3C111,0.38632965087891,88500,AP-N901-F303,0.0149896889925,0.0149896889925,89.202842712402,272.64999389648
25-SEP-2026,6.4824552296115,56558,3C111,0.38632965087891,88500,AP-N902-F303,0.013062088750303,0.013062088750303,88.03784942627,272.64999389648
25-SEP-2026,6.4857885951258,56558,3C111,0.38668668270111,88500,AP-N901-F303,0.0149896889925,0.0149896889925,89.202842712402,272.64999389648
25-SEP-2026,6.4857885951258,56558,3C111,0.38668668270111,88500,AP-N902-F303,0.013062088750303,0.013062088750303,88.03784942627,272.64999389648
25-SEP-2026,6.489121967101,56558,3C111,0.3870432972908,88500,AP-N901-F303,0.0149896889925,0.0149896889925,89.202842712402,272.64999389648
25-SEP-2026,6.489121967101,56558,3C111,0.3870432972908,88500,AP-N902-F303,0.013062088750303,0.013062088750303,88.03784942627,272.64999389648
25-SEP-2026,6.4924553320914,56558,3C111,0.38739937543869,88500,AP-N901-F303,0.0149896889925,0.0149896889925,89.202842712402,272.64999389648
25-SEP-2026,6.4924553320914,56558,3C111,0.38739937543869,88500,AP-N902-F303,0.013062088750303,0.013062088750303,88.03784942627,272.64999389648
25-SEP-2026,6.4960664794621,56558,3C111,0.38778460025787,88500,AP-N901-F303,0.0149896889925,0.0149896889925,89.202842712402,272.64999389648
25-SEP-2026,6.4960664794621,56558,3C111,0.38778460025787,88500,AP-N902-F303,0.013062088750303,0.013062088750303,88.03784942627,272.64999389648
25-SEP-2026,6.4993998458495,56558,3C111,0.38813975453377,88500,AP-N901-F303,0.0149896889925,0.0149896889925,89.202842712402,272.64999389648
25-SEP-2026,6.4993998458495,56558,3C111,0.38813975453377,88500,AP-N902-F303,0.013062088750303,0.013062088750303,88.03784942627,272.64999389648
25-SEP-2026,6.5030109932202,56558,3C111,0.38852387666702,88500,AP-N901-F303,0.0149896889925,0.0149896889925,89.202842712402,272.64999389648
25-SEP-2026,6.5030109932202,56558,3C111,0.38852387666702,88500,AP-N902-F303,0.013062088750303,0.013062088750303,88.03784942627,272.64999389648
25-SEP-2026,6.5063443603061,56558,3C111,0.38887816667557,88500,AP-N901-F303,0.0149896889925,0.0149896889925,89.202842712402,272.64999389648
25-SEP-2026,6.5063443603061,56558,3C111,0.38887816667557,88500,AP-N902-F303,0.013062088750303,0.013062088750303,88.03784942627,272.64999389648
25-SEP-2026,6.5099555101215,56558,3C111,0.38926130533218,88500,AP-N901-F303,0.0149896889925,0.0149896889925,89.202842712402,272.64999389648
25-SEP-2026,6.5099555101215,56558,3C111,0.38926130533218,88500,AP-N902-F303,0.013062088750303,0.013062088750303,88.03784942627,272.64999389648
25-SEP-2026,6.5132888738895,56558,3C111,0.3896144926548,88500,AP-N901-F303,0.0149896889925,0.0149896889925,89.202842712402,272.64999389648
25-SEP-2026,6.5132888738895,56558,3C111,0.3896144926548,88500,AP-N902-F303,0.013062088750303,0.013062088750303,88.03784942627,272.64999389648
25-SEP-2026,6.5169000212603,56558,3C111,0.38999664783478,88500,AP-N901-F303,0.0149896889925,0.0149896889925,89.202842712402,272.64999389648
25-SEP-2026,6.5169000212603,56558,3C111,0.38999664783478,88500,AP-N902-F303,0.013062088750303,0.013062088750303,88.03784942627,272.64999389648
25-SEP-2026,6.5202333862506,56558,3C111,0.39034882187843,88500,AP-N901-F303,0.0149896889925,0.0149896889925,89.202842712402,272.64999389648
25-SEP-2026,6.5202333862506,56558,3C111,0.39034882187843,88500,AP-N902-F303,0.013062088750303,0.013062088750303,88.03784942627,272.64999389648
25-SEP-2026,6.5235667552573,56558,3C111,0.39070072770119,88500,AP-N901-F303,0.0149896889925,0.0149896889925,89.202842712402,272.64999389648
25-SEP-2026,6.5235667552573,56558,3C111,0.39070072770119,88500,AP-N902-F303,0.013062088750303,0.013062088750303,88.03784942627,272.64999389648
25-SEP-2026,6.5271779005326,56558,3C111,0.39108118414879,88500,AP-N901-F303,0.0149896889925,0.0149896889925,89.202842712402,272.64999389648
25-SEP-2026,6.5271779005326,56558,3C111,0.39108118414879,88500,AP-N902-F303,0.013062088750303,0.013062088750303,88.03784942627,272.64999389648
25-SEP-2026,6.5307890493003,56558,3C111,0.3914612531662,88500,AP-N901-F303,0.0149896889925,0.0149896889925,89.202842712402,272.64999389648
25-SEP-2026,6.5307890493003,56558,3C111,0.3914612531662,88500,AP-N902-F303,0.013062088750303,0.013062088750303,88.03784942627,272.64999389648
25-SEP-2026,6.6537068883185,56565,3C84,0.41975122690201,88500,AP-N901-F303,0.015114244073629,0.015114244073629,86.31135559082,271.85000610352
25-SEP-2026,6.6537068883185,56565,3C84,0.41975122690201,88500,AP-N902-F303,0.013967856764793,0.013967856764793,85.214851379395,271.85000610352
25-SEP-2026,6.6713459583247,56569,3C84,0.42060253024101,88500,AP-N901-F303,0.015114244073629,0.015114244073629,86.31135559082,271.85000610352
25-SEP-2026,6.6713459583247,56569,3C84,0.42060253024101,88500,AP-N902-F303,0.013967856764793,0.013967856764793,85.214851379395,271.85000610352
25-SEP-2026,6.6746793248866,56569,3C84,0.4207618534565,88500,AP-N901-F303,0.015114244073629,0.015114244073629,86.31135559082,271.85000610352
25-SEP-2026,6.6746793248866,56569,3C84,0.4207618534565,88500,AP-N902-F303,0.013967856764793,0.013967856764793,85.214851379395,271.85000610352
25-SEP-2026,6.6780126919725,56569,3C84,0.42092028260231,88500,AP-N901-F303,0.015114244073629,0.015114244073629,86.31135559082,271.85000610352
25-SEP-2026,6.6780126919725,56569,3C84,0.42092028260231,88500,AP-N902-F303,0.013967856764793,0.013967856764793,85.214851379395,271.85000610352
25-SEP-2026,6.6813460599314,56569,3C84,0.42107847332954,88500,AP-N901-F303,0.015114244073629,0.015114244073629,86.31135559082,271.85000610352
25-SEP-2026,6.6813460599314,56569,3C84,0.42107847332954,88500,AP-N902-F303,0.013967856764793,0.013967856764793,85.214851379395,271.85000610352
25-SEP-2026,6.6849572062544,56569,3C84,0.42124906182289,88500,AP-N901-F303,0.015114244073629,0.015114244073629,86.31135559082,271.85000610352
25-SEP-2026,6.6849572062544,56569,3C84,0.42124906182289,88500,AP-N902-F303,0.013967856764793,0.013967856764793,85.214851379395,271.85000610352
25-SEP-2026,6.6888461335608,56569,3C84,0.42143195867538,88500,AP-N901-F303,0.015114244073629,0.015114244073629,86.31135559082,271.85000610352
25-SEP-2026,6.6888461335608,56569,3C84,0.42143195867538,88500,AP-N902-F303,0.013967856764793,0.013967856764793,85.214851379395,271.85000610352
25-SEP-2026,6.6921794999481,56569,3C84,0.42158842086792,88500,AP-N901-F303,0.015114244073629,0.015114244073629,86.31135559082,271.85000610352
25-SEP-2026,6.6921794999481,56569,3C84,0.42158842086792,88500,AP-N902-F303,0.013967856764793,0.013967856764793,85.214851379395,271.85000610352
25-SEP-2026,6.6955128649385,56569,3C84,0.42174407839775,88500,AP-N901-F303,0.015114244073629,0.015114244073629,86.31135559082,271.85000610352
25-SEP-2026,6.6955128649385,56569,3C84,0.42174407839775,88500,AP-N902-F303,0.013967856764793,0.013967856764793,85.214851379395,271.85000610352
25-SEP-2026,6.6988462325482,56569,3C84,0.42189925909042,88500,AP-N901-F303,0.015114244073629,0.015114244073629,86.31135559082,271.85000610352
25-SEP-2026,6.6988462325482,56569,3C84,0.42189925909042,88500,AP-N902-F303,0.013967856764793,0.013967856764793,85.214851379395,271.85000610352
25-SEP-2026,6.7021796043489,56569,3C84,0.42205396294594,88500,AP-N901-F303,0.015114244073629,0.015114244073629,86.31135559082,271.85000610352
25-SEP-2026,6.7021796043489,56569,3C84,0.42205396294594,88500,AP-N902-F303,0.013967856764793,0.013967856764793,85.214851379395,271.85000610352
25-SEP-2026,6.705512970387,56569,3C84,0.42220777273178,88500,AP-N901-F303,0.015114244073629,0.015114244073629,86.31135559082,271.85000610352
25-SEP-2026,6.705512970387,56569,3C84,0.42220777273178,88500,AP-N902-F303,0.013967856764793,0.013967856764793,85.214851379395,271.85000610352
25-SEP-2026,6.7088463352027,56569,3C84,0.42236158251762,88500,AP-N901-F303,0.015114244073629,0.015114244073629,86.31135559082,271.85000610352
25-SEP-2026,6.7088463352027,56569,3C84,0.42236158251762,88500,AP-N902-F303,0.013967856764793,0.013967856764793,85.214851379395,271.85000610352
25-SEP-2026,6.7121797050825,56569,3C84,0.42251440882683,88500,AP-N901-F303,0.015114244073629,0.015114244073629,86.31135559082,271.85000610352
25-SEP-2026,6.7121797050825,56569,3C84,0.42251440882683,88500,AP-N902-F303,0.013967856764793,0.013967856764793,85.214851379395,271.85000610352
25-SEP-2026,6.7155130693744,56569,3C84,0.42266693711281,88500,AP-N901-F303,0.015114244073629,0.015114244073629,86.31135559082,271.85000610352
25-SEP-2026,6.7155130693744,56569,3C84,0.42266693711281,88500,AP-N902-F303,0.013967856764793,0.013967856764793,85.214851379395,271.85000610352
25-SEP-2026,6.7539856827502,56574,3C111,0.41386923193932,88500,AP-N901-F303,0.015043577179313,0.015043577179313,87.208099365234,272.54998779297
25-SEP-2026,6.7539856827502,56574,3C111,0.41386923193932,88500,AP-N902-F303,0.01243854034692,0.01243854034692,85.896507263184,272.54998779297
25-SEP-2026,6.7710691818838,56578,3C111,0.41549488902092,88500,AP-N901-F303,0.015043577179313,0.015043577179313,87.208099365234,272.54998779297
25-SEP-2026,6.7710691818838,56578,3C111,0.41549488902092,88500,AP-N902-F303,0.01243854034692,0.01243854034692,85.896507263184,272.54998779297
25-SEP-2026,6.7744025489696,56578,3C111,0.41581058502197,88500,AP-N901-F303,0.015043577179313,0.015043577179313,87.208099365234,272.54998779297
25-SEP-2026,6.7744025489696,56578,3C111,0.41581058502197,88500,AP-N902-F303,0.01243854034692,0.01243854034692,85.896507263184,272.54998779297
25-SEP-2026,6.7777359162301,56578,3C111,0.41612580418587,88500,AP-N901-F303,0.015043577179313,0.015043577179313,87.208099365234,272.54998779297
25-SEP-2026,6.7777359162301,56578,3C111,0.41612580418587,88500,AP-N902-F303,0.01243854034692,0.01243854034692,85.896507263184,272.54998779297
25-SEP-2026,6.7810692822682,56578,3C111,0.41644045710564,88500,AP-N901-F303,0.015043577179313,0.015043577179313,87.208099365234,272.54998779297
25-SEP-2026,6.7810692822682,56578,3C111,0.41644045710564,88500,AP-N902-F303,0.01243854034692,0.01243854034692,85.896507263184,272.54998779297
25-SEP-2026,6.7844026476078,56578,3C111,0.4167545735836,88500,AP-N901-F303,0.015043577179313,0.015043577179313,87.208099365234,272.54998779297
25-SEP-2026,6.7844026476078,56578,3C111,0.4167545735836,88500,AP-N902-F303,0.01243854034692,0.01243854034692,85.896507263184,272.54998779297
25-SEP-2026,6.7880137975979,56578,3C111,0.41709443926811,88500,AP-N901-F303,0.015043577179313,0.015043577179313,87.208099365234,272.54998779297
25-SEP-2026,6.7880137975979,56578,3C111,0.41709443926811,88500,AP-N902-F303,0.01243854034692,0.01243854034692,85.896507263184,272.54998779297
25-SEP-2026,6.7913471639852,56578,3C111,0.41740757226944,88500,AP-N901-F303,0.015043577179313,0.015043577179313,87.208099365234,272.54998779297
25-SEP-2026,6.7913471639852,56578,3C111,0.41740757226944,88500,AP-N902-F303,0.01243854034692,0.01243854034692,85.896507263184,272.54998779297
25-SEP-2026,6.7946805324681,56578,3C111,0.41772019863129,88500,AP-N901-F303,0.015043577179313,0.015043577179313,87.208099365234,272.54998779297
25-SEP-2026,6.7946805324681,56578,3C111,0.41772019863129,88500,AP-N902-F303,0.01243854034692,0.01243854034692,85.896507263184,272.54998779297
25-SEP-2026,6.7980138981569,56578,3C111,0.4180323779583,88500,AP-N901-F303,0.015043577179313,0.015043577179313,87.208099365234,272.54998779297
25-SEP-2026,6.7980138981569,56578,3C111,0.4180323779583,88500,AP-N902-F303,0.01243854034692,0.01243854034692,85.896507263184,272.54998779297
25-SEP-2026,6.8016250465754,56578,3C111,0.41836997866631,88500,AP-N901-F303,0.015043577179313,0.015043577179313,87.208099365234,272.54998779297
25-SEP-2026,6.8016250465754,56578,3C111,0.41836997866631,88500,AP-N902-F303,0.01243854034692,0.01243854034692,85.896507263184,272.54998779297
25-SEP-2026,6.8049584141851,56578,3C111,0.41868105530739,88500,AP-N901-F303,0.015043577179313,0.015043577179313,87.208099365234,272.54998779297
25-SEP-2026,6.8049584141851,56578,3C111,0.41868105530739,88500,AP-N902-F303,0.01243854034692,0.01243854034692,85.896507263184,272.54998779297
25-SEP-2026,6.8085695620797,56578,3C111,0.41901749372482,88500,AP-N901-F303,0.015043577179313,0.015043577179313,87.208099365234,272.54998779297
25-SEP-2026,6.8085695620797,56578,3C111,0.41901749372482,88500,AP-N902-F303,0.01243854034692,0.01243854034692,85.896507263184,272.54998779297
25-SEP-2026,6.8121807108474,56578,3C111,0.4193534553051,88500,AP-N901-F303,0.015043577179313,0.015043577179313,87.208099365234,272.54998779297
25-SEP-2026,6.8121807108474,56578,3C111,0.4193534553051,88500,AP-N902-F303,0.01243854034692,0.01243854034692,85.896507263184,272.54998779297
25-SEP-2026,6.8157918535033,56578,3C111,0.41968870162964,88500,AP-N901-F303,0.015043577179313,0.015043577179313,87.208099365234,272.54998779297
25-SEP-2026,6.8157918535033,56578,3C111,0.41968870162964,88500,AP-N902-F303,0.01243854034692,0.01243854034692,85.896507263184,272.54998779297
25-SEP-2026,6.81912522251,56578,3C111,0.41999766230583,88500,AP-N901-F303,0.015043577179313,0.015043577179313,87.208099365234,272.54998779297
25-SEP-2026,6.81912522251,56578,3C111,0.41999766230583,88500,AP-N902-F303,0.01243854034692,0.01243854034692,85.896507263184,272.54998779297
25-SEP-2026,6.8224585873258,56578,3C111,0.42030623555183,88500,AP-N901-F303,0.015043577179313,0.015043577179313,87.208099365234,272.54998779297
25-SEP-2026,6.8224585873258,56578,3C111,0.42030623555183,88500,AP-N902-F303,0.01243854034692,0.01243854034692,85.896507263184,272.54998779297
25-SEP-2026,6.8260697350457,56578,3C111,0.42063975334167,88500,AP-N901-F303,0.015043577179313,0.015043577179313,87.208099365234,272.54998779297
25-SEP-2026,6.8260697350457,56578,3C111,0.42063975334167,88500,AP-N902-F303,0.01243854034692,0.01243854034692,85.896507263184,272.54998779297
25-SEP-2026,6.8294031010839,56578,3C111,0.42094719409943,88500,AP-N901-F303,0.015043577179313,0.015043577179313,87.208099365234,272.54998779297
25-SEP-2026,6.8294031010839,56578,3C111,0.42094719409943,88500,AP-N902-F303,0.01243854034692,0.01243854034692,85.896507263184,272.54998779297
25-SEP-2026,6.83301424828,56578,3C111,0.42127975821495,88500,AP-N901-F303,0.015043577179313,0.015043577179313,87.208099365234,272.54998779297
25-SEP-2026,6.83301424828,56578,3C111,0.42127975821495,88500,AP-N902-F303,0.01243854034692,0.01243854034692,85.896507263184,272.54998779297
25-SEP-2026,6.8363476186836,56578,3C111,0.42158606648445,88500,AP-N901-F303,0.015043577179313,0.015043577179313,87.208099365234,272.54998779297
25-SEP-2026,6.8363476186836,56578,3C111,0.42158606648445,88500,AP-N902-F303,0.01243854034692,0.01243854034692,85.896507263184,272.54998779297
25-SEP-2026,6.8399587653559,56578,3C111,0.42191737890244,88500,AP-N901-F303,0.015043577179313,0.015043577179313,87.208099365234,272.54998779297
25-SEP-2026,6.8399587653559,56578,3C111,0.42191737890244,88500,AP-N902-F303,0.01243854034692,0.01243854034692,85.896507263184,272.54998779297
25-SEP-2026,6.8432921317432,56578,3C111,0.42222276329994,88500,AP-N901-F303,0.015043577179313,0.015043577179313,87.208099365234,272.54998779297
25-SEP-2026,6.8432921317432,56578,3C111,0.42222276329994,88500,AP-N902-F303,0.01243854034692,0.01243854034692,85.896507263184,272.54998779297
25-SEP-2026,6.8469032796378,56578,3C111,0.422552973032,88500,AP-N901-F303,0.015043577179313,0.015043577179313,87.208099365234,272.54998779297
25-SEP-2026,6.8469032796378,56578,3C111,0.422552973032,88500,AP-N902-F303,0.01243854034692,0.01243854034692,85.896507263184,272.54998779297
25-SEP-2026,6.850236644279,56578,3C111,0.4228572845459,88500,AP-N901-F303,0.015043577179313,0.015043577179313,87.208099365234,272.54998779297
25-SEP-2026,6.850236644279,56578,3C111,0.4228572845459,88500,AP-N902-F303,0.01243854034692,0.01243854034692,85.896507263184,272.54998779297
25-SEP-2026,6.8538477935705,56578,3C111,0.4231863617897,88500,AP-N901-F303,0.015043577179313,0.015043577179313,87.208099365234,272.54998779297
25-SEP-2026,6.8538477935705,56578,3C111,0.4231863617897,88500,AP-N902-F303,0.01243854034692,0.01243854034692,85.896507263184,272.54998779297
25-SEP-2026,6.8571811587355,56578,3C111,0.42348954081535,88500,AP-N901-F303,0.015043577179313,0.015043577179313,87.208099365234,272.54998779297
25-SEP-2026,6.8571811587355,56578,3C111,0.42348954081535,88500,AP-N902-F303,0.01243854034692,0.01243854034692,85.896507263184,272.54998779297
25-SEP-2026,6.860514524599,56578,3C111,0.42379227280617,88500,AP-N901-F303,0.015043577179313,0.015043577179313,87.208099365234,272.54998779297
25-SEP-2026,6.860514524599,56578,3C111,0.42379227280617,88500,AP-N902-F303,0.01243854034692,0.01243854034692,85.896507263184,272.54998779297
25-SEP-2026,6.8641256726682,56578,3C111,0.42411968111992,88500,AP-N901-F303,0.015043577179313,0.015043577179313,87.208099365234,272.54998779297
25-SEP-2026,6.8641256726682,56578,3C111,0.42411968111992,88500,AP-N902-F303,0.01243854034692,0.01243854034692,85.896507263184,272.54998779297
25-SEP-2026,6.9870435769955,56583,3C84,0.43321064114571,88500,AP-N901-F303,0.015018318779767,0.015018318779767,86.012092590332,272.75
25-SEP-2026,6.9870435769955,56583,3C84,0.43321064114571,88500,AP-N902-F303,0.015018318779767,0.015018318779767,85.163360595703,272.75
25-SEP-2026,7.0046826456046,56587,3C84,0.43376567959785,88500,AP-N901-F303,0.015018318779767,0.015018318779767,86.012092590332,272.75
25-SEP-2026,7.0046826456046,56587,3C84,0.43376567959785,88500,AP-N902-F303,0.015018318779767,0.015018318779767,85.163360595703,272.75
25-SEP-2026,7.0080160109442,56587,3C84,0.43386936187744,88500,AP-N901-F303,0.015018318779767,0.015018318779767,86.012092590332,272.75
25-SEP-2026,7.0080160109442,56587,3C84,0.43386936187744,88500,AP-N902-F303,0.015018318779767,0.015018318779767,85.163360595703,272.75
25-SEP-2026,7.0113493762838,56587,3C84,0.4339719414711,88500,AP-N901-F303,0.015018318779767,0.015018318779767,86.012092590332,272.75
25-SEP-2026,7.0113493762838,56587,3C84,0.4339719414711,88500,AP-N902-F303,0.015018318779767,0.015018318779767,85.163360595703,272.75
25-SEP-2026,7.0149605254008,56587,3C84,0.43408247828484,88500,AP-N901-F303,0.015018318779767,0.015018318779767,86.012092590332,272.75
25-SEP-2026,7.0149605254008,56587,3C84,0.43408247828484,88500,AP-N902-F303,0.015018318779767,0.015018318779767,85.163360595703,272.75
25-SEP-2026,7.0182938928359,56587,3C84,0.43418410420418,88500,AP-N901-F303,0.015018318779767,0.015018318779767,86.012092590332,272.75
25-SEP-2026,7.0182938928359,56587,3C84,0.43418410420418,88500,AP-N902-F303,0.015018318779767,0.015018318779767,85.163360595703,272.75
25-SEP-2026,7.0219050405559,56587,3C84,0.43429324030876,88500,AP-N901-F303,0.015018318779767,0.015018318779767,86.012092590332,272.75
25-SEP-2026,7.0219050405559,56587,3C84,0.43429324030876,88500,AP-N902-F303,0.015018318779767,0.015018318779767,85.163360595703,272.75
25-SEP-2026,7.0252384046731,56587,3C84,0.43439367413521,88500,AP-N901-F303,0.015018318779767,0.015018318779767,86.012092590332,272.75
25-SEP-2026,7.0252384046731,56587,3C84,0.43439367413521,88500,AP-N902-F303,0.015018318779767,0.015018318779767,85.163360595703,272.75
25-SEP-2026,7.0285717715843,56587,3C84,0.43449321389198,88500,AP-N901-F303,0.015018318779767,0.015018318779767,86.012092590332,272.75
25-SEP-2026,7.0285717715843,56587,3C84,0.43449321389198,88500,AP-N902-F303,0.015018318779767,0.015018318779767,85.163360595703,272.75
25-SEP-2026,7.0319051386702,56587,3C84,0.4345922768116,88500,AP-N901-F303,0.015018318779767,0.015018318779767,86.012092590332,272.75
25-SEP-2026,7.0319051386702,56587,3C84,0.4345922768116,88500,AP-N902-F303,0.015018318779767,0.015018318779767,85.163360595703,272.75
25-SEP-2026,7.0352385061052,56587,3C84,0.43469104170799,88500,AP-N901-F303,0.015018318779767,0.015018318779767,86.012092590332,272.75
25-SEP-2026,7.0352385061052,56587,3C84,0.43469104170799,88500,AP-N902-F303,0.015018318779767,0.015018318779767,85.163360595703,272.75
25-SEP-2026,7.0385718698732,56587,3C84,0.43478894233704,88500,AP-N901-F303,0.015018318779767,0.015018318779767,86.012092590332,272.75
25-SEP-2026,7.0385718698732,56587,3C84,0.43478894233704,88500,AP-N902-F303,0.015018318779767,0.015018318779767,85.163360595703,272.75
25-SEP-2026,7.0424608024183,56587,3C84,0.4349025785923,88500,AP-N901-F303,0.015018318779767,0.015018318779767,86.012092590332,272.75
25-SEP-2026,7.0424608024183,56587,3C84,0.4349025785923,88500,AP-N902-F303,0.015018318779767,0.015018318779767,85.163360595703,272.75
25-SEP-2026,7.0457941675833,56587,3C84,0.43499934673309,88500,AP-N901-F303,0.015018318779767,0.015018318779767,86.012092590332,272.75
25-SEP-2026,7.0457941675833,56587,3C84,0.43499934673309,88500,AP-N902-F303,0.015018318779767,0.015018318779767,85.163360595703,272.75
25-SEP-2026,7.0494053167003,56587,3C84,0.43510347604752,88500,AP-N901-F303,0.015018318779767,0.015018318779767,86.012092590332,272.75
25-SEP-2026,7.0494053167003,56587,3C84,0.43510347604752,88500,AP-N902-F303,0.015018318779767,0.015018318779767,85.163360595703,272.75
25-SEP-2026,7.0881557133296,56592,3C111,0.44324499368668,88500,AP-N901-F303,0.015065097250044,0.015065097250044,85.03556060791,272.45001220703
25-SEP-2026,7.0881557133296,56592,3C111,0.44324499368668,88500,AP-N902-F303,0.014314939267933,0.014314939267933,84.07649230957,272.45001220703
25-SEP-2026,7.1044058670683,56596,3C111,0.44454008340836,88500,AP-N901-F303,0.015065097250044,0.015065097250044,85.03556060791,272.45001220703
25-SEP-2026,7.1044058670683,56596,3C111,0.44454008340836,88500,AP-N902-F303,0.014314939267933,0.014314939267933,84.07649230957,272.45001220703
25-SEP-2026,7.1077392374719,56596,3C111,0.44480416178703,88500,AP-N901-F303,0.015065097250044,0.015065097250044,85.03556060791,272.45001220703
25-SEP-2026,7.1077392374719,56596,3C111,0.44480416178703,88500,AP-N902-F303,0.014314939267933,0.014314939267933,84.07649230957,272.45001220703
25-SEP-2026,7.1113503832711,56596,3C111,0.44508957862854,88500,AP-N901-F303,0.015065097250044,0.015065097250044,85.03556060791,272.45001220703
25-SEP-2026,7.1113503832711,56596,3C111,0.44508957862854,88500,AP-N902-F303,0.014314939267933,0.014314939267933,84.07649230957,272.45001220703
25-SEP-2026,7.1149615283717,56596,3C111,0.44537442922592,88500,AP-N901-F303,0.015065097250044,0.015065097250044,85.03556060791,272.45001220703
25-SEP-2026,7.1149615283717,56596,3C111,0.44537442922592,88500,AP-N902-F303,0.014314939267933,0.014314939267933,84.07649230957,272.45001220703
25-SEP-2026,7.1182948945844,56596,3C111,0.44563680887222,88500,AP-N901-F303,0.015065097250044,0.015065097250044,85.03556060791,272.45001220703
25-SEP-2026,7.1182948945844,56596,3C111,0.44563680887222,88500,AP-N902-F303,0.014314939267933,0.014314939267933,84.07649230957,272.45001220703
25-SEP-2026,7.1216282632419,56596,3C111,0.4458986222744,88500,AP-N901-F303,0.015065097250044,0.015065097250044,85.03556060791,272.45001220703
25-SEP-2026,7.1216282632419,56596,3C111,0.4458986222744,88500,AP-N902-F303,0.014314939267933,0.014314939267933,84.07649230957,272.45001220703
25-SEP-2026,7.125239413232,56596,3C111,0.44618159532547,88500,AP-N901-F303,0.015065097250044,0.015065097250044,85.03556060791,272.45001220703
25-SEP-2026,7.125239413232,56596,3C111,0.44618159532547,88500,AP-N902-F303,0.014314939267933,0.014314939267933,84.07649230957,272.45001220703
25-SEP-2026,7.1288505588565,56596,3C111,0.44646403193474,88500,AP-N901-F303,0.015065097250044,0.015065097250044,85.03556060791,272.45001220703
25-SEP-2026,7.1288505588565,56596,3C111,0.44646403193474,88500,AP-N902-F303,0.014314939267933,0.014314939267933,84.07649230957,272.45001220703
25-SEP-2026,7.1321839247199,56596,3C111,0.44672414660454,88500,AP-N901-F303,0.015065097250044,0.015065097250044,85.03556060791,272.45001220703
25-SEP-2026,7.1321839247199,56596,3C111,0.44672414660454,88500,AP-N902-F303,0.014314939267933,0.014314939267933,84.07649230957,272.45001220703
25-SEP-2026,7.1355172895357,56596,3C111,0.44698372483253,88500,AP-N901-F303,0.015065097250044,0.015065097250044,85.03556060791,272.45001220703
25-SEP-2026,7.1355172895357,56596,3C111,0.44698372483253,88500,AP-N902-F303,0.014314939267933,0.014314939267933,84.07649230957,272.45001220703
25-SEP-2026,7.1391284417959,56596,3C111,0.44726428389549,88500,AP-N901-F303,0.015065097250044,0.015065097250044,85.03556060791,272.45001220703
25-SEP-2026,7.1391284417959,56596,3C111,0.44726428389549,88500,AP-N902-F303,0.014314939267933,0.014314939267933,84.07649230957,272.45001220703
25-SEP-2026,7.1424618067862,56596,3C111,0.44752278923988,88500,AP-N901-F303,0.015065097250044,0.015065097250044,85.03556060791,272.45001220703
25-SEP-2026,7.1424618067862,56596,3C111,0.44752278923988,88500,AP-N902-F303,0.014314939267933,0.014314939267933,84.07649230957,272.45001220703
25-SEP-2026,7.1457951733482,56596,3C111,0.44778060913086,88500,AP-N901-F303,0.015065097250044,0.015065097250044,85.03556060791,272.45001220703
25-SEP-2026,7.1457951733482,56596,3C111,0.44778060913086,88500,AP-N902-F303,0.014314939267933,0.014314939267933,84.07649230957,272.45001220703
25-SEP-2026,7.1494063205443,56596,3C111,0.4480594098568,88500,AP-N901-F303,0.015065097250044,0.015065097250044,85.03556060791,272.45001220703
25-SEP-2026,7.1494063205443,56596,3C111,0.4480594098568,88500,AP-N902-F303,0.014314939267933,0.014314939267933,84.07649230957,272.45001220703
25-SEP-2026,7.1527396874555,56596,3C111,0.44831618666649,88500,AP-N901-F303,0.015065097250044,0.015065097250044,85.03556060791,272.45001220703
25-SEP-2026,7.1527396874555,56596,3C111,0.44831618666649,88500,AP-N902-F303,0.014314939267933,0.014314939267933,84.07649230957,272.45001220703
25-SEP-2026,7.1563508374456,56596,3C111,0.44859370589256,88500,AP-N901-F303,0.015065097250044,0.015065097250044,85.03556060791,272.45001220703
25-SEP-2026,7.1563508374456,56596,3C111,0.44859370589256,88500,AP-N902-F303,0.014314939267933,0.014314939267933,84.07649230957,272.45001220703
25-SEP-2026,7.1599619820224,56596,3C111,0.44887065887451,88500,AP-N901-F303,0.015065097250044,0.015065097250044,85.03556060791,272.45001220703
25-SEP-2026,7.1599619820224,56596,3C111,0.44887065887451,88500,AP-N902-F303,0.014314939267933,0.014314939267933,84.07649230957,272.45001220703
25-SEP-2026,7.1635731288692,56596,3C111,0.44914695620537,88500,AP-N901-F303,0.015065097250044,0.015065097250044,85.03556060791,272.45001220703
25-SEP-2026,7.1635731288692,56596,3C111,0.44914695620537,88500,AP-N902-F303,0.014314939267933,0.014314939267933,84.07649230957,272.45001220703
25-SEP-2026,7.1671842760654,56596,3C111,0.4494226872921,88500,AP-N901-F303,0.015065097250044,0.015065097250044,85.03556060791,272.45001220703
25-SEP-2026,7.1671842760654,56596,3C111,0.4494226872921,88500,AP-N902-F303,0.014314939267933,0.014314939267933,84.07649230957,272.45001220703
25-SEP-2026,7.1707954232615,56596,3C111,0.44969770312309,88500,AP-N901-F303,0.015065097250044,0.015065097250044,85.03556060791,272.45001220703
25-SEP-2026,7.1707954232615,56596,3C111,0.44969770312309,88500,AP-N902-F303,0.014314939267933,0.014314939267933,84.07649230957,272.45001220703
25-SEP-2026,7.1741287901727,56596,3C111,0.44995102286339,88500,AP-N901-F303,0.015065097250044,0.015065097250044,85.03556060791,272.45001220703
25-SEP-2026,7.1741287901727,56596,3C111,0.44995102286339,88500,AP-N902-F303,0.014314939267933,0.014314939267933,84.07649230957,272.45001220703
25-SEP-2026,7.1777399375434,56596,3C111,0.45022481679916,88500,AP-N901-F303,0.015065097250044,0.015065097250044,85.03556060791,272.45001220703
25-SEP-2026,7.1777399375434,56596,3C111,0.45022481679916,88500,AP-N902-F303,0.014314939267933,0.014314939267933,84.07649230957,272.45001220703
25-SEP-2026,7.1813510842157,56596,3C111,0.4504978954792,88500,AP-N901-F303,0.015065097250044,0.015065097250044,85.03556060791,272.45001220703
25-SEP-2026,7.1813510842157,56596,3C111,0.4504978954792,88500,AP-N902-F303,0.014314939267933,0.014314939267933,84.07649230957,272.45001220703
25-SEP-2026,7.1849622314118,56596,3C111,0.45077040791512,88500,AP-N901-F303,0.015065097250044,0.015065097250044,85.03556060791,272.45001220703
25-SEP-2026,7.1849622314118,56596,3C111,0.45077040791512,88500,AP-N902-F303,0.014314939267933,0.014314939267933,84.07649230957,272.45001220703
25-SEP-2026,7.1885733786079,56596,3C111,0.45104229450226,88500,AP-N901-F303,0.015065097250044,0.015065097250044,85.03556060791,272.45001220703
25-SEP-2026,7.1885733786079,56596,3C111,0.45104229450226,88500,AP-N902-F303,0.014314939267933,0.014314939267933,84.07649230957,272.45001220703
25-SEP-2026,7.1921845284233,56596,3C111,0.45131346583366,88500,AP-N901-F303,0.015065097250044,0.015065097250044,85.03556060791,272.45001220703
25-SEP-2026,7.1921845284233,56596,3C111,0.45131346583366,88500,AP-N902-F303,0.014314939267933,0.014314939267933,84.07649230957,272.45001220703
25-SEP-2026,7.1957956756195,56596,3C111,0.4515840113163,88500,AP-N901-F303,0.015065097250044,0.015065097250044,85.03556060791,272.45001220703
25-SEP-2026,7.1957956756195,56596,3C111,0.4515840113163,88500,AP-N902-F303,0.014314939267933,0.014314939267933,84.07649230957,272.45001220703
25-SEP-2026,7.1991290425307,56596,3C111,0.45183330774307,88500,AP-N901-F303,0.015065097250044,0.015065097250044,85.03556060791,272.45001220703
25-SEP-2026,7.1991290425307,56596,3C111,0.45183330774307,88500,AP-N902-F303,0.014314939267933,0.014314939267933,84.07649230957,272.45001220703
25-SEP-2026,7.3209358220512,56601,3C84,0.44100606441498,88500,AP-N901-F303,0.01252219825983,0.01252219825983,84.010147094727,272.35000610352
25-SEP-2026,7.3209358220512,56601,3C84,0.44100606441498,88500,AP-N902-F303,0.017365274950862,0.017365274950862,84.539077758789,272.35000610352
25-SEP-2026,7.3377415471863,56605,3C84,0.44124498963356,88500,AP-N901-F303,0.01252219825983,0.01252219825983,84.010147094727,272.35000610352
25-SEP-2026,7.3377415471863,56605,3C84,0.44124498963356,88500,AP-N902-F303,0.017365274950862,0.017365274950862,84.539077758789,272.35000610352
25-SEP-2026,7.3410749132244,56605,3C84,0.44129124283791,88500,AP-N901-F303,0.01252219825983,0.01252219825983,84.010147094727,272.35000610352
25-SEP-2026,7.3410749132244,56605,3C84,0.44129124283791,88500,AP-N902-F303,0.017365274950862,0.017365274950862,84.539077758789,272.35000610352
25-SEP-2026,7.3444082787387,56605,3C84,0.44133624434471,88500,AP-N901-F303,0.01252219825983,0.01252219825983,84.010147094727,272.35000610352
25-SEP-2026,7.3444082787387,56605,3C84,0.44133624434471,88500,AP-N902-F303,0.017365274950862,0.017365274950862,84.539077758789,272.35000610352
25-SEP-2026,7.347741646523,56605,3C84,0.44138091802597,88500,AP-N901-F303,0.01252219825983,0.01252219825983,84.010147094727,272.35000610352
25-SEP-2026,7.347741646523,56605,3C84,0.44138091802597,88500,AP-N902-F303,0.017365274950862,0.017365274950862,84.539077758789,272.35000610352
25-SEP-2026,7.3510750176252,56605,3C84,0.44142487645149,88500,AP-N901-F303,0.01252219825983,0.01252219825983,84.010147094727,272.35000610352
25-SEP-2026,7.3510750176252,56605,3C84,0.44142487645149,88500,AP-N902-F303,0.017365274950862,0.017365274950862,84.539077758789,272.35000610352
25-SEP-2026,7.3546861632497,56605,3C84,0.44147178530693,88500,AP-N901-F303,0.01252219825983,0.01252219825983,84.010147094727,272.35000610352
25-SEP-2026,7.3546861632497,56605,3C84,0.44147178530693,88500,AP-N902-F303,0.017365274950862,0.017365274950862,84.539077758789,272.35000610352
25-SEP-2026,7.3585750891591,56605,3C84,0.44152176380157,88500,AP-N901-F303,0.01252219825983,0.01252219825983,84.010147094727,272.35000610352
25-SEP-2026,7.3585750891591,56605,3C84,0.44152176380157,88500,AP-N902-F303,0.017365274950862,0.017365274950862,84.539077758789,272.35000610352
25-SEP-2026,7.3624640189102,56605,3C84,0.4415707886219,88500,AP-N901-F303,0.01252219825983,0.01252219825983,84.010147094727,272.35000610352
25-SEP-2026,7.3624640189102,56605,3C84,0.4415707886219,88500,AP-N902-F303,0.017365274950862,0.017365274950862,84.539077758789,272.35000610352
25-SEP-2026,7.3657973870438,56605,3C84,0.44161224365234,88500,AP-N901-F303,0.01252219825983,0.01252219825983,84.010147094727,272.35000610352
25-SEP-2026,7.3657973870438,56605,3C84,0.44161224365234,88500,AP-N902-F303,0.017365274950862,0.017365274950862,84.539077758789,272.35000610352
25-SEP-2026,7.3691307532565,56605,3C84,0.44165307283401,88500,AP-N901-F303,0.01252219825983,0.01252219825983,84.010147094727,272.35000610352
25-SEP-2026,7.3691307532565,56605,3C84,0.44165307283401,88500,AP-N902-F303,0.017365274950862,0.017365274950862,84.539077758789,272.35000610352
25-SEP-2026,7.3724641187707,56605,3C84,0.44169327616692,88500,AP-N901-F303,0.01252219825983,0.01252219825983,84.010147094727,272.35000610352
25-SEP-2026,7.3724641187707,56605,3C84,0.44169327616692,88500,AP-N902-F303,0.017365274950862,0.017365274950862,84.539077758789,272.35000610352
25-SEP-2026,7.3757974844596,56605,3C84,0.44173297286034,88500,AP-N901-F303,0.01252219825983,0.01252219825983,84.010147094727,272.35000610352
25-SEP-2026,7.3757974844596,56605,3C84,0.44173297286034,88500,AP-N902-F303,0.017365274950862,0.017365274950862,84.539077758789,272.35000610352
25-SEP-2026,7.3791308532916,56605,3C84,0.44177210330963,88500,AP-N901-F303,0.01252219825983,0.01252219825983,84.010147094727,272.35000610352
25-SEP-2026,7.3791308532916,56605,3C84,0.44177210330963,88500,AP-N902-F303,0.017365274950862,0.017365274950862,84.539077758789,272.35000610352
25-SEP-2026,7.3827420004878,56605,3C84,0.44181370735168,88500,AP-N901-F303,0.01252219825983,0.01252219825983,84.010147094727,272.35000610352
25-SEP-2026,7.3827420004878,56605,3C84,0.44181370735168,88500,AP-N902-F303,0.017365274950862,0.017365274950862,84.539077758789,272.35000610352
25-SEP-2026,7.4203812658494,56610,3C111,0.46713346242905,88500,AP-N901-F303,0.015136665664613,0.015136665664613,84.663963317871,272.35000610352
25-SEP-2026,7.4203812658494,56610,3C111,0.46713346242905,88500,AP-N902-F303,0.015136665664613,0.015136665664613,83.712814331055,272.35000610352
25-SEP-2026,7.4380203341092,56614,3C111,0.46824657917023,88500,AP-N901-F303,0.015136665664613,0.015136665664613,84.663963317871,272.35000610352
25-SEP-2026,7.4380203341092,56614,3C111,0.46824657917023,88500,AP-N902-F303,0.015136665664613,0.015136665664613,83.712814331055,272.35000610352
25-SEP-2026,7.4413537027667,56614,3C111,0.4684551358223,88500,AP-N901-F303,0.015136665664613,0.015136665664613,84.663963317871,272.35000610352
25-SEP-2026,7.4413537027667,56614,3C111,0.4684551358223,88500,AP-N902-F303,0.015136665664613,0.015136665664613,83.712814331055,272.35000610352
25-SEP-2026,7.444687067757,56614,3C111,0.46866318583488,88500,AP-N901-F303,0.015136665664613,0.015136665664613,84.663963317871,272.35000610352
25-SEP-2026,7.444687067757,56614,3C111,0.46866318583488,88500,AP-N902-F303,0.015136665664613,0.015136665664613,83.712814331055,272.35000610352
25-SEP-2026,7.4480204348429,56614,3C111,0.46887066960335,88500,AP-N901-F303,0.015136665664613,0.015136665664613,84.663963317871,272.35000610352
25-SEP-2026,7.4480204348429,56614,3C111,0.46887066960335,88500,AP-N902-F303,0.015136665664613,0.015136665664613,83.712814331055,272.35000610352
25-SEP-2026,7.4513538015795,56614,3C111,0.46907737851143,88500,AP-N901-F303,0.015136665664613,0.015136665664613,84.663963317871,272.35000610352
25-SEP-2026,7.4513538015795,56614,3C111,0.46907737851143,88500,AP-N902-F303,0.015136665664613,0.015136665664613,83.712814331055,272.35000610352
25-SEP-2026,7.4546871665698,56614,3C111,0.46928361058235,88500,AP-N901-F303,0.015136665664613,0.015136665664613,84.663963317871,272.35000610352
25-SEP-2026,7.4546871665698,56614,3C111,0.46928361058235,88500,AP-N902-F303,0.015136665664613,0.015136665664613,83.712814331055,272.35000610352
25-SEP-2026,7.4580205357512,56614,3C111,0.46948918700218,88500,AP-N901-F303,0.015136665664613,0.015136665664613,84.663963317871,272.35000610352
25-SEP-2026,7.4580205357512,56614,3C111,0.46948918700218,88500,AP-N902-F303,0.015136665664613,0.015136665664613,83.712814331055,272.35000610352
25-SEP-2026,7.46135390144,56614,3C111,0.46969440579414,88500,AP-N901-F303,0.015136665664613,0.015136665664613,84.663963317871,272.35000610352
25-SEP-2026,7.46135390144,56614,3C111,0.46969440579414,88500,AP-N902-F303,0.015136665664613,0.015136665664613,83.712814331055,272.35000610352
25-SEP-2026,7.4646872695736,56614,3C111,0.46989896893501,88500,AP-N901-F303,0.015136665664613,0.015136665664613,84.663963317871,272.35000610352
25-SEP-2026,7.4646872695736,56614,3C111,0.46989896893501,88500,AP-N902-F303,0.015136665664613,0.015136665664613,83.712814331055,272.35000610352
25-SEP-2026,7.4680206387549,56614,3C111,0.47010284662247,88500,AP-N901-F303,0.015136665664613,0.015136665664613,84.663963317871,272.35000610352
25-SEP-2026,7.4680206387549,56614,3C111,0.47010284662247,88500,AP-N902-F303,0.015136665664613,0.015136665664613,83.712814331055,272.35000610352
25-SEP-2026,7.4713540039199,56614,3C111,0.47030606865883,88500,AP-N901-F303,0.015136665664613,0.015136665664613,84.663963317871,272.35000610352
25-SEP-2026,7.4713540039199,56614,3C111,0.47030606865883,88500,AP-N902-F303,0.015136665664613,0.015136665664613,83.712814331055,272.35000610352
25-SEP-2026,7.4752429366396,56614,3C111,0.47054263949394,88500,AP-N901-F303,0.015136665664613,0.015136665664613,84.663963317871,272.35000610352
25-SEP-2026,7.4752429366396,56614,3C111,0.47054263949394,88500,AP-N902-F303,0.015136665664613,0.015136665664613,83.712814331055,272.35000610352
25-SEP-2026,7.4785762976136,56614,3C111,0.47074487805367,88500,AP-N901-F303,0.015136665664613,0.015136665664613,84.663963317871,272.35000610352
25-SEP-2026,7.4785762976136,56614,3C111,0.47074487805367,88500,AP-N902-F303,0.015136665664613,0.015136665664613,83.712814331055,272.35000610352
25-SEP-2026,7.4821874449844,56614,3C111,0.47096320986748,88500,AP-N901-F303,0.015136665664613,0.015136665664613,84.663963317871,272.35000610352
25-SEP-2026,7.4821874449844,56614,3C111,0.47096320986748,88500,AP-N902-F303,0.015136665664613,0.015136665664613,83.712814331055,272.35000610352
25-SEP-2026,7.4855208120702,56614,3C111,0.47116407752037,88500,AP-N901-F303,0.015136665664613,0.015136665664613,84.663963317871,272.35000610352
25-SEP-2026,7.4855208120702,56614,3C111,0.47116407752037,88500,AP-N902-F303,0.015136665664613,0.015136665664613,83.712814331055,272.35000610352
25-SEP-2026,7.4891319587424,56614,3C111,0.471381098032,88500,AP-N901-F303,0.015136665664613,0.015136665664613,84.663963317871,272.35000610352
25-SEP-2026,7.4891319587424,56614,3C111,0.471381098032,88500,AP-N902-F303,0.015136665664613,0.015136665664613,83.712814331055,272.35000610352
25-SEP-2026,7.4924653260029,56614,3C111,0.47158071398735,88500,AP-N901-F303,0.015136665664613,0.015136665664613,84.663963317871,272.35000610352
25-SEP-2026,7.4924653260029,56614,3C111,0.47158071398735,88500,AP-N902-F303,0.015136665664613,0.015136665664613,83.712814331055,272.35000610352
25-SEP-2026,7.496076475993,56614,3C111,0.4717965722084,88500,AP-N901-F303,0.015136665664613,0.015136665664613,84.663963317871,272.35000610352
25-SEP-2026,7.496076475993,56614,3C111,0.4717965722084,88500,AP-N902-F303,0.015136665664613,0.015136665664613,83.712814331055,272.35000610352
25-SEP-2026,7.4994098399356,56614,3C111,0.4719951748848,88500,AP-N901-F303,0.015136665664613,0.015136665664613,84.663963317871,272.35000610352
25-SEP-2026,7.4994098399356,56614,3C111,0.4719951748848,88500,AP-N902-F303,0.015136665664613,0.015136665664613,83.712814331055,272.35000610352
25-SEP-2026,7.5030209901003,56614,3C111,0.47220945358276,88500,AP-N901-F303,0.015136665664613,0.015136665664613,84.663963317871,272.35000610352
25-SEP-2026,7.5030209901003,56614,3C111,0.47220945358276,88500,AP-N902-F303,0.015136665664613,0.015136665664613,83.712814331055,272.35000610352
25-SEP-2026,7.5063543571862,56614,3C111,0.47240662574768,88500,AP-N901-F303,0.015136665664613,0.015136665664613,84.663963317871,272.35000610352
25-SEP-2026,7.5063543571862,56614,3C111,0.47240662574768,88500,AP-N902-F303,0.015136665664613,0.015136665664613,83.712814331055,272.35000610352
25-SEP-2026,7.5096877209542,56614,3C111,0.4726035296917,88500,AP-N901-F303,0.015136665664613,0.015136665664613,84.663963317871,272.35000610352
25-SEP-2026,7.5096877209542,56614,3C111,0.4726035296917,88500,AP-N902-F303,0.015136665664613,0.015136665664613,83.712814331055,272.35000610352
25-SEP-2026,7.513021089437,56614,3C111,0.47279968857765,88500,AP-N901-F303,0.015136665664613,0.015136665664613,84.663963317871,272.35000610352
25-SEP-2026,7.513021089437,56614,3C111,0.47279968857765,88500,AP-N902-F303,0.015136665664613,0.015136665664613,83.712814331055,272.35000610352
25-SEP-2026,7.5163544568721,56614,3C111,0.47299525141716,88500,AP-N901-F303,0.015136665664613,0.015136665664613,84.663963317871,272.35000610352
25-SEP-2026,7.5163544568721,56614,3C111,0.47299525141716,88500,AP-N902-F303,0.015136665664613,0.015136665664613,83.712814331055,272.35000610352
25-SEP-2026,7.5199656049413,56614,3C111,0.47320640087128,88500,AP-N901-F303,0.015136665664613,0.015136665664613,84.663963317871,272.35000610352
25-SEP-2026,7.5199656049413,56614,3C111,0.47320640087128,88500,AP-N902-F303,0.015136665664613,0.015136665664613,83.712814331055,272.35000610352
25-SEP-2026,7.5232989708048,56614,3C111,0.47340074181557,88500,AP-N901-F303,0.015136665664613,0.015136665664613,84.663963317871,272.35000610352
25-SEP-2026,7.5232989708048,56614,3C111,0.47340074181557,88500,AP-N902-F303,0.015136665664613,0.015136665664613,83.712814331055,272.35000610352
25-SEP-2026,7.526910118874,56614,3C111,0.47361081838608,88500,AP-N901-F303,0.015136665664613,0.015136665664613,84.663963317871,272.35000610352
25-SEP-2026,7.526910118874,56614,3C111,0.47361081838608,88500,AP-N902-F303,0.015136665664613,0.015136665664613,83.712814331055,272.35000610352
25-SEP-2026,7.530243485436,56614,3C111,0.47380390763283,88500,AP-N901-F303,0.015136665664613,0.015136665664613,84.663963317871,272.35000610352
25-SEP-2026,7.530243485436,56614,3C111,0.47380390763283,88500,AP-N902-F303,0.015136665664613,0.015136665664613,83.712814331055,272.35000610352
25-SEP-2026,7.6539947309672,56619,3C84,0.44299212098122,88500,AP-N901-F303,0.015155229717493,0.015155229717493,85.379837036133,272.14999389648
25-SEP-2026,7.6539947309672,56619,3C84,0.44299212098122,88500,AP-N902-F303,0.013352653943002,0.013352653943002,83.957939147949,272.14999389648
25-SEP-2026,7.6710782342917,56623,3C84,0.44293707609177,88500,AP-N901-F303,0.015155229717493,0.015155229717493,85.379837036133,272.14999389648
25-SEP-2026,7.6710782342917,56623,3C84,0.44293707609177,88500,AP-N902-F303,0.013352653943002,0.013352653943002,83.957939147949,272.14999389648
25-SEP-2026,7.6744116003298,56623,3C84,0.44292417168617,88500,AP-N901-F303,0.015155229717493,0.015155229717493,85.379837036133,272.14999389648
25-SEP-2026,7.6744116003298,56623,3C84,0.44292417168617,88500,AP-N902-F303,0.013352653943002,0.013352653943002,83.957939147949,272.14999389648
25-SEP-2026,7.678022745605,56623,3C84,0.44290992617607,88500,AP-N901-F303,0.015155229717493,0.015155229717493,85.379837036133,272.14999389648
25-SEP-2026,7.678022745605,56623,3C84,0.44290992617607,88500,AP-N902-F303,0.013352653943002,0.013352653943002,83.957939147949,272.14999389648
25-SEP-2026,7.6813561174057,56623,3C84,0.44289621710777,88500,AP-N901-F303,0.015155229717493,0.015155229717493,85.379837036133,272.14999389648
25-SEP-2026,7.6813561174057,56623,3C84,0.44289621710777,88500,AP-N902-F303,0.013352653943002,0.013352653943002,83.957939147949,272.14999389648
25-SEP-2026,7.6846894796021,56623,3C84,0.44288182258606,88500,AP-N901-F303,0.015155229717493,0.015155229717493,85.379837036133,272.14999389648
25-SEP-2026,7.6846894796021,56623,3C84,0.44288182258606,88500,AP-N902-F303,0.013352653943002,0.013352653943002,83.957939147949,272.14999389648
25-SEP-2026,7.6880228461641,56623,3C84,0.44286692142487,88500,AP-N901-F303,0.015155229717493,0.015155229717493,85.379837036133,272.14999389648
25-SEP-2026,7.6880228461641,56623,3C84,0.44286692142487,88500,AP-N902-F303,0.013352653943002,0.013352653943002,83.957939147949,272.14999389648
25-SEP-2026,7.6916339933602,56623,3C84,0.44285011291504,88500,AP-N901-F303,0.015155229717493,0.015155229717493,85.379837036133,272.14999389648
25-SEP-2026,7.6916339933602,56623,3C84,0.44285011291504,88500,AP-N902-F303,0.013352653943002,0.013352653943002,83.957939147949,272.14999389648
25-SEP-2026,7.6955229206665,56623,3C84,0.44283124804497,88500,AP-N901-F303,0.015155229717493,0.015155229717493,85.379837036133,272.14999389648
25-SEP-2026,7.6955229206665,56623,3C84,0.44283124804497,88500,AP-N902-F303,0.013352653943002,0.013352653943002,83.957939147949,272.14999389648
25-SEP-2026,7.6994118525131,56623,3C84,0.44281163811684,88500,AP-N901-F303,0.015155229717493,0.015155229717493,85.379837036133,272.14999389648
25-SEP-2026,7.6994118525131,56623,3C84,0.44281163811684,88500,AP-N902-F303,0.013352653943002,0.013352653943002,83.957939147949,272.14999389648
25-SEP-2026,7.7033007789464,56623,3C84,0.44279113411903,88500,AP-N901-F303,0.015155229717493,0.015155229717493,85.379837036133,272.14999389648
25-SEP-2026,7.7033007789464,56623,3C84,0.44279113411903,88500,AP-N902-F303,0.013352653943002,0.013352653943002,83.957939147949,272.14999389648
25-SEP-2026,7.7071897081736,56623,3C84,0.44276991486549,88500,AP-N901-F303,0.015155229717493,0.015155229717493,85.379837036133,272.14999389648
25-SEP-2026,7.7071897081736,56623,3C84,0.44276991486549,88500,AP-N902-F303,0.013352653943002,0.013352653943002,83.957939147949,272.14999389648
25-SEP-2026,7.71107863548,56623,3C84,0.4427478313446,88500,AP-N901-F303,0.015155229717493,0.015155229717493,85.379837036133,272.14999389648
25-SEP-2026,7.71107863548,56623,3C84,0.4427478313446,88500,AP-N902-F303,0.013352653943002,0.013352653943002,83.957939147949,272.14999389648
25-SEP-2026,7.7149675627864,56623,3C84,0.44272500276566,88500,AP-N901-F303,0.015155229717493,0.015155229717493,85.379837036133,272.14999389648
25-SEP-2026,7.7149675627864,56623,3C84,0.44272500276566,88500,AP-N902-F303,0.013352653943002,0.013352653943002,83.957939147949,272.14999389648
25-SEP-2026,7.7183009291738,56623,3C84,0.44270476698875,88500,AP-N901-F303,0.015155229717493,0.015155229717493,85.379837036133,272.14999389648
25-SEP-2026,7.7183009291738,56623,3C84,0.44270476698875,88500,AP-N902-F303,0.013352653943002,0.013352653943002,83.957939147949,272.14999389648
25-SEP-2026,7.7542735109051,56628,3C111,0.48543852567673,88500,AP-N901-F303,0.015215011313558,0.015215011313558,83.478416442871,271.64999389648
25-SEP-2026,7.7542735109051,56628,3C111,0.48543852567673,88500,AP-N902-F303,0.013469034805894,0.013469034805894,82.591323852539,271.64999389648
25-SEP-2026,7.771357018246,56632,3C111,0.48621538281441,88500,AP-N901-F303,0.015215011313558,0.015215011313558,83.478416442871,271.64999389648
25-SEP-2026,7.771357018246,56632,3C111,0.48621538281441,88500,AP-N902-F303,0.013469034805894,0.013469034805894,82.591323852539,271.64999389648
25-SEP-2026,7.7746903830617,56632,3C111,0.48636528849602,88500,AP-N901-F303,0.015215011313558,0.015215011313558,83.478416442871,271.64999389648
25-SEP-2026,7.7746903830617,56632,3C111,0.48636528849602,88500,AP-N902-F303,0.013469034805894,0.013469034805894,82.591323852539,271.64999389648
25-SEP-2026,7.7783015323533,56632,3C111,0.48652675747871,88500,AP-N901-F303,0.015215011313558,0.015215011313558,83.478416442871,271.64999389648
25-SEP-2026,7.7783015323533,56632,3C111,0.48652675747871,88500,AP-N902-F303,0.013469034805894,0.013469034805894,82.591323852539,271.64999389648
25-SEP-2026,7.7821904598343,56632,3C111,0.48670014739037,88500,AP-N901-F303,0.015215011313558,0.015215011313558,83.478416442871,271.64999389648
25-SEP-2026,7.7821904598343,56632,3C111,0.48670014739037,88500,AP-N902-F303,0.013469034805894,0.013469034805894,82.591323852539,271.64999389648
25-SEP-2026,7.785523826047,56632,3C111,0.48684775829315,88500,AP-N901-F303,0.015215011313558,0.015215011313558,83.478416442871,271.64999389648
25-SEP-2026,7.785523826047,56632,3C111,0.48684775829315,88500,AP-N902-F303,0.013469034805894,0.013469034805894,82.591323852539,271.64999389648
25-SEP-2026,7.7888571913866,56632,3C111,0.48699513077736,88500,AP-N901-F303,0.015215011313558,0.015215011313558,83.478416442871,271.64999389648
25-SEP-2026,7.7888571913866,56632,3C111,0.48699513077736,88500,AP-N902-F303,0.013469034805894,0.013469034805894,82.591323852539,271.64999389648
25-SEP-2026,7.7921905617903,56632,3C111,0.48714160919189,88500,AP-N901-F303,0.015215011313558,0.015215011313558,83.478416442871,271.64999389648
25-SEP-2026,7.7921905617903,56632,3C111,0.48714160919189,88500,AP-N902-F303,0.013469034805894,0.013469034805894,82.591323852539,271.64999389648
25-SEP-2026,7.7958017103834,56632,3C111,0.48729974031448,88500,AP-N901-F303,0.015215011313558,0.015215011313558,83.478416442871,271.64999389648
25-SEP-2026,7.7958017103834,56632,3C111,0.48729974031448,88500,AP-N902-F303,0.013469034805894,0.013469034805894,82.591323852539,271.64999389648
25-SEP-2026,7.7994128558333,56632,3C111,0.48745727539063,88500,AP-N901-F303,0.015215011313558,0.015215011313558,83.478416442871,271.64999389648
25-SEP-2026,7.7994128558333,56632,3C111,0.48745727539063,88500,AP-N902-F303,0.013469034805894,0.013469034805894,82.591323852539,271.64999389648
25-SEP-2026,7.8027462216968,56632,3C111,0.48760181665421,88500,AP-N901-F303,0.015215011313558,0.015215011313558,83.478416442871,271.64999389648
25-SEP-2026,7.8027462216968,56632,3C111,0.48760181665421,88500,AP-N902-F303,0.013469034805894,0.013469034805894,82.591323852539,271.64999389648
25-SEP-2026,7.8060795903542,56632,3C111,0.48774614930153,88500,AP-N901-F303,0.015215011313558,0.015215011313558,83.478416442871,271.64999389648
25-SEP-2026,7.8060795903542,56632,3C111,0.48774614930153,88500,AP-N902-F303,0.013469034805894,0.013469034805894,82.591323852539,271.64999389648
25-SEP-2026,7.8094129605833,56632,3C111,0.48788940906525,88500,AP-N901-F303,0.015215011313558,0.015215011313558,83.478416442871,271.64999389648
25-SEP-2026,7.8094129605833,56632,3C111,0.48788940906525,88500,AP-N902-F303,0.013469034805894,0.013469034805894,82.591323852539,271.64999389648
25-SEP-2026,7.8127463231289,56632,3C111,0.48803246021271,88500,AP-N901-F303,0.015215011313558,0.015215011313558,83.478416442871,271.64999389648
25-SEP-2026,7.8127463231289,56632,3C111,0.48803246021271,88500,AP-N902-F303,0.013469034805894,0.013469034805894,82.591323852539,271.64999389648
25-SEP-2026,7.8166352518323,56632,3C111,0.48819825053215,88500,AP-N901-F303,0.015215011313558,0.015215011313558,83.478416442871,271.64999389648
25-SEP-2026,7.8166352518323,56632,3C111,0.48819825053215,88500,AP-N902-F303,0.013469034805894,0.013469034805894,82.591323852539,271.64999389648
25-SEP-2026,7.8202463971076,56632,3C111,0.48835161328316,88500,AP-N901-F303,0.015215011313558,0.015215011313558,83.478416442871,271.64999389648
25-SEP-2026,7.8202463971076,56632,3C111,0.48835161328316,88500,AP-N902-F303,0.013469034805894,0.013469034805894,82.591323852539,271.64999389648
25-SEP-2026,7.823857545526,56632,3C111,0.48850437998772,88500,AP-N901-F303,0.015215011313558,0.015215011313558,83.478416442871,271.64999389648
25-SEP-2026,7.823857545526,56632,3C111,0.48850437998772,88500,AP-N902-F303,0.013469034805894,0.013469034805894,82.591323852539,271.64999389648
25-SEP-2026,7.8274686925475,56632,3C111,0.48865604400635,88500,AP-N901-F303,0.015215011313558,0.015215011313558,83.478416442871,271.64999389648
25-SEP-2026,7.8274686925475,56632,3C111,0.48865604400635,88500,AP-N902-F303,0.013469034805894,0.013469034805894,82.591323852539,271.64999389648
25-SEP-2026,7.8310798441092,56632,3C111,0.4888074696064,88500,AP-N901-F303,0.015215011313558,0.015215011313558,83.478416442871,271.64999389648
25-SEP-2026,7.8310798441092,56632,3C111,0.4888074696064,88500,AP-N902-F303,0.013469034805894,0.013469034805894,82.591323852539,271.64999389648
25-SEP-2026,7.8344132099727,56632,3C111,0.48894628882408,88500,AP-N901-F303,0.015215011313558,0.015215011313558,83.478416442871,271.64999389648
25-SEP-2026,7.8344132099727,56632,3C111,0.48894628882408,88500,AP-N902-F303,0.013469034805894,0.013469034805894,82.591323852539,271.64999389648
25-SEP-2026,7.8380243550733,56632,3C111,0.48909619450569,88500,AP-N901-F303,0.015215011313558,0.015215011313558,83.478416442871,271.64999389648
25-SEP-2026,7.8380243550733,56632,3C111,0.48909619450569,88500,AP-N902-F303,0.013469034805894,0.013469034805894,82.591323852539,271.64999389648
25-SEP-2026,7.8416355064604,56632,3C111,0.48924523591995,88500,AP-N901-F303,0.015215011313558,0.015215011313558,83.478416442871,271.64999389648
25-SEP-2026,7.8416355064604,56632,3C111,0.48924523591995,88500,AP-N902-F303,0.013469034805894,0.013469034805894,82.591323852539,271.64999389648
25-SEP-2026,7.8452466510372,56632,3C111,0.48939371109009,88500,AP-N901-F303,0.015215011313558,0.015215011313558,83.478416442871,271.64999389648
25-SEP-2026,7.8452466510372,56632,3C111,0.48939371109009,88500,AP-N902-F303,0.013469034805894,0.013469034805894,82.591323852539,271.64999389648
25-SEP-2026,7.8485800193454,56632,3C111,0.48953005671501,88500,AP-N901-F303,0.015215011313558,0.015215011313558,83.478416442871,271.64999389648
25-SEP-2026,7.8485800193454,56632,3C111,0.48953005671501,88500,AP-N902-F303,0.013469034805894,0.013469034805894,82.591323852539,271.64999389648
25-SEP-2026,7.8519133831134,56632,3C111,0.48966577649117,88500,AP-N901-F303,0.015215011313558,0.015215011313558,83.478416442871,271.64999389648
25-SEP-2026,7.8519133831134,56632,3C111,0.48966577649117,88500,AP-N902-F303,0.013469034805894,0.013469034805894,82.591323852539,271.64999389648
25-SEP-2026,7.8552467501992,56632,3C111,0.48980098962784,88500,AP-N901-F303,0.015215011313558,0.015215011313558,83.478416442871,271.64999389648
25-SEP-2026,7.8552467501992,56632,3C111,0.48980098962784,88500,AP-N902-F303,0.013469034805894,0.013469034805894,82.591323852539,271.64999389648
25-SEP-2026,7.8585801174597,56632,3C111,0.48993542790413,88500,AP-N901-F303,0.015215011313558,0.015215011313558,83.478416442871,271.64999389648
25-SEP-2026,7.8585801174597,56632,3C111,0.48993542790413,88500,AP-N902-F303,0.013469034805894,0.013469034805894,82.591323852539,271.64999389648
25-SEP-2026,7.8619134845455,56632,3C111,0.49006950855255,88500,AP-N901-F303,0.015215011313558,0.015215011313558,83.478416442871,271.64999389648
25-SEP-2026,7.8619134845455,56632,3C111,0.49006950855255,88500,AP-N902-F303,0.013469034805894,0.013469034805894,82.591323852539,271.64999389648
25-SEP-2026,7.8655246308685,56632,3C111,0.49021384119987,88500,AP-N901-F303,0.015215011313558,0.015215011313558,83.478416442871,271.64999389648
25-SEP-2026,7.8655246308685,56632,3C111,0.49021384119987,88500,AP-N902-F303,0.013469034805894,0.013469034805894,82.591323852539,271.64999389648
25-SEP-2026,7.9870660955657,56639,3C84,0.4391625225544,88500,AP-N901-F303,0.015199776738882,0.015199776738882,85.707015991211,272.25
25-SEP-2026,7.9870660955657,56639,3C84,0.4391625225544,88500,AP-N902-F303,0.015199776738882,0.015199776738882,84.837013244629,272.25
25-SEP-2026,8.0044273809213,56643,3C84,0.4388042986393,88500,AP-N901-F303,0.015199776738882,0.015199776738882,85.707015991211,272.25
25-SEP-2026,8.0044273809213,56643,3C84,0.4388042986393,88500,AP-N902-F303,0.015199776738882,0.015199776738882,84.837013244629,272.25
25-SEP-2026,8.0080385268951,56643,3C84,0.43872764706612,88500,AP-N901-F303,0.015199776738882,0.015199776738882,85.707015991211,272.25
25-SEP-2026,8.0080385268951,56643,3C84,0.43872764706612,88500,AP-N902-F303,0.015199776738882,0.015199776738882,84.837013244629,272.25
25-SEP-2026,8.0113718925839,56643,3C84,0.43865641951561,88500,AP-N901-F303,0.015199776738882,0.015199776738882,85.707015991211,272.25
25-SEP-2026,8.0113718925839,56643,3C84,0.43865641951561,88500,AP-N902-F303,0.015199776738882,0.015199776738882,84.837013244629,272.25
25-SEP-2026,8.0149830437964,56643,3C84,0.43857848644257,88500,AP-N901-F303,0.015199776738882,0.015199776738882,85.707015991211,272.25
25-SEP-2026,8.0149830437964,56643,3C84,0.43857848644257,88500,AP-N902-F303,0.015199776738882,0.015199776738882,84.837013244629,272.25
25-SEP-2026,8.0185941881985,56643,3C84,0.43850010633469,88500,AP-N901-F303,0.015199776738882,0.015199776738882,85.707015991211,272.25
25-SEP-2026,8.0185941881985,56643,3C84,0.43850010633469,88500,AP-N902-F303,0.015199776738882,0.015199776738882,84.837013244629,272.25
25-SEP-2026,8.0219275565067,56643,3C84,0.43842712044716,88500,AP-N901-F303,0.015199776738882,0.015199776738882,85.707015991211,272.25
25-SEP-2026,8.0219275565067,56643,3C84,0.43842712044716,88500,AP-N902-F303,0.015199776738882,0.015199776738882,84.837013244629,272.25
25-SEP-2026,8.0252609204493,56643,3C84,0.43835338950157,88500,AP-N901-F303,0.015199776738882,0.015199776738882,85.707015991211,272.25
25-SEP-2026,8.0252609204493,56643,3C84,0.43835338950157,88500,AP-N902-F303,0.015199776738882,0.015199776738882,84.837013244629,272.25
25-SEP-2026,8.0285942875352,56643,3C84,0.43827927112579,88500,AP-N901-F303,0.015199776738882,0.015199776738882,85.707015991211,272.25
25-SEP-2026,8.0285942875352,56643,3C84,0.43827927112579,88500,AP-N902-F303,0.015199776738882,0.015199776738882,84.837013244629,272.25
25-SEP-2026,8.031927654621,56643,3C84,0.43820452690125,88500,AP-N901-F303,0.015199776738882,0.015199776738882,85.707015991211,272.25
25-SEP-2026,8.031927654621,56643,3C84,0.43820452690125,88500,AP-N902-F303,0.015199776738882,0.015199776738882,84.837013244629,272.25
25-SEP-2026,8.0352610215322,56643,3C84,0.43812918663025,88500,AP-N901-F303,0.015199776738882,0.015199776738882,85.707015991211,272.25
25-SEP-2026,8.0352610215322,56643,3C84,0.43812918663025,88500,AP-N902-F303,0.015199776738882,0.015199776738882,84.837013244629,272.25
25-SEP-2026,8.0385943856495,56643,3C84,0.43805310130119,88500,AP-N901-F303,0.015199776738882,0.015199776738882,85.707015991211,272.25
25-SEP-2026,8.0385943856495,56643,3C84,0.43805310130119,88500,AP-N902-F303,0.015199776738882,0.015199776738882,84.837013244629,272.25
25-SEP-2026,8.0419277567516,56643,3C84,0.4379768371582,88500,AP-N901-F303,0.015199776738882,0.015199776738882,85.707015991211,272.25
25-SEP-2026,8.0419277567516,56643,3C84,0.4379768371582,88500,AP-N902-F303,0.015199776738882,0.015199776738882,84.837013244629,272.25
25-SEP-2026,8.0455389009792,56643,3C84,0.43789324164391,88500,AP-N901-F303,0.015199776738882,0.015199776738882,85.707015991211,272.25
25-SEP-2026,8.0455389009792,56643,3C84,0.43789324164391,88500,AP-N902-F303,0.015199776738882,0.015199776738882,84.837013244629,272.25
25-SEP-2026,8.0491500497469,56643,3C84,0.43780896067619,88500,AP-N901-F303,0.015199776738882,0.015199776738882,85.707015991211,272.25
25-SEP-2026,8.0491500497469,56643,3C84,0.43780896067619,88500,AP-N902-F303,0.015199776738882,0.015199776738882,84.837013244629,272.25
25-SEP-2026,8.0873448699157,56648,3C111,0.49770492315292,88500,AP-N901-F303,0.015194359235466,0.015194359235466,82.930755615234,272.64999389648
25-SEP-2026,8.0873448699157,56648,3C111,0.49770492315292,88500,AP-N902-F303,0.01330285705626,0.01330285705626,81.942100524902,272.64999389648
25-SEP-2026,8.1044283802252,56652,3C111,0.49816808104515,88500,AP-N901-F303,0.015194359235466,0.015194359235466,82.930755615234,272.64999389648
25-SEP-2026,8.1044283802252,56652,3C111,0.49816808104515,88500,AP-N902-F303,0.01330285705626,0.01330285705626,81.942100524902,272.64999389648
25-SEP-2026,8.107761747311,56652,3C111,0.49825683236122,88500,AP-N901-F303,0.015194359235466,0.015194359235466,82.930755615234,272.64999389648
25-SEP-2026,8.107761747311,56652,3C111,0.49825683236122,88500,AP-N902-F303,0.01330285705626,0.01330285705626,81.942100524902,272.64999389648
25-SEP-2026,8.1110951161431,56652,3C111,0.49834463000298,88500,AP-N901-F303,0.015194359235466,0.015194359235466,82.930755615234,272.64999389648
25-SEP-2026,8.1110951161431,56652,3C111,0.49834463000298,88500,AP-N902-F303,0.01330285705626,0.01330285705626,81.942100524902,272.64999389648
25-SEP-2026,8.1144284851498,56652,3C111,0.49843177199364,88500,AP-N901-F303,0.015194359235466,0.015194359235466,82.930755615234,272.64999389648
25-SEP-2026,8.1144284851498,56652,3C111,0.49843177199364,88500,AP-N902-F303,0.01330285705626,0.01330285705626,81.942100524902,272.64999389648
25-SEP-2026,8.1177618501401,56652,3C111,0.49851870536804,88500,AP-N901-F303,0.015194359235466,0.015194359235466,82.930755615234,272.64999389648
25-SEP-2026,8.1177618501401,56652,3C111,0.49851870536804,88500,AP-N902-F303,0.01330285705626,0.01330285705626,81.942100524902,272.64999389648
25-SEP-2026,8.1210952170513,56652,3C111,0.49860462546349,88500,AP-N901-F303,0.015194359235466,0.015194359235466,82.930755615234,272.64999389648
25-SEP-2026,8.1210952170513,56652,3C111,0.49860462546349,88500,AP-N902-F303,0.01330285705626,0.01330285705626,81.942100524902,272.64999389648
25-SEP-2026,8.1244285843118,56652,3C111,0.49868994951248,88500,AP-N901-F303,0.015194359235466,0.015194359235466,82.930755615234,272.64999389648
25-SEP-2026,8.1244285843118,56652,3C111,0.49868994951248,88500,AP-N902-F303,0.01330285705626,0.01330285705626,81.942100524902,272.64999389648
25-SEP-2026,8.1277619506991,56652,3C111,0.49877482652664,88500,AP-N901-F303,0.015194359235466,0.015194359235466,82.930755615234,272.64999389648
25-SEP-2026,8.1277619506991,56652,3C111,0.49877482652664,88500,AP-N902-F303,0.01330285705626,0.01330285705626,81.942100524902,272.64999389648
25-SEP-2026,8.1310953158641,56652,3C111,0.49885892868042,88500,AP-N901-F303,0.015194359235466,0.015194359235466,82.930755615234,272.64999389648
25-SEP-2026,8.1310953158641,56652,3C111,0.49885892868042,88500,AP-N902-F303,0.01330285705626,0.01330285705626,81.942100524902,272.64999389648
25-SEP-2026,8.1344286834738,56652,3C111,0.49894234538078,88500,AP-N901-F303,0.015194359235466,0.015194359235466,82.930755615234,272.64999389648
25-SEP-2026,8.1344286834738,56652,3C111,0.49894234538078,88500,AP-N902-F303,0.01330285705626,0.01330285705626,81.942100524902,272.64999389648
25-SEP-2026,8.1377620521313,56652,3C111,0.49902540445328,88500,AP-N901-F303,0.015194359235466,0.015194359235466,82.930755615234,272.64999389648
25-SEP-2026,8.1377620521313,56652,3C111,0.49902540445328,88500,AP-N902-F303,0.01330285705626,0.01330285705626,81.942100524902,272.64999389648
25-SEP-2026,8.1410954209634,56652,3C111,0.49910765886307,88500,AP-N901-F303,0.015194359235466,0.015194359235466,82.930755615234,272.64999389648
25-SEP-2026,8.1410954209634,56652,3C111,0.49910765886307,88500,AP-N902-F303,0.01330285705626,0.01330285705626,81.942100524902,272.64999389648
25-SEP-2026,8.14470656327,56652,3C111,0.49919599294662,88500,AP-N901-F303,0.015194359235466,0.015194359235466,82.930755615234,272.64999389648
25-SEP-2026,8.14470656327,56652,3C111,0.49919599294662,88500,AP-N902-F303,0.01330285705626,0.01330285705626,81.942100524902,272.64999389648
25-SEP-2026,8.1483177120377,56652,3C111,0.49928387999535,88500,AP-N901-F303,0.015194359235466,0.015194359235466,82.930755615234,272.64999389648
25-SEP-2026,8.1483177120377,56652,3C111,0.49928387999535,88500,AP-N902-F303,0.01330285705626,0.01330285705626,81.942100524902,272.64999389648
25-SEP-2026,8.1519288592339,56652,3C111,0.49937084317207,88500,AP-N901-F303,0.015194359235466,0.015194359235466,82.930755615234,272.64999389648
25-SEP-2026,8.1519288592339,56652,3C111,0.49937084317207,88500,AP-N902-F303,0.01330285705626,0.01330285705626,81.942100524902,272.64999389648
25-SEP-2026,8.155540007827,56652,3C111,0.49945697188377,88500,AP-N901-F303,0.015194359235466,0.015194359235466,82.930755615234,272.64999389648
25-SEP-2026,8.155540007827,56652,3C111,0.49945697188377,88500,AP-N902-F303,0.01330285705626,0.01330285705626,81.942100524902,272.64999389648
25-SEP-2026,8.1588733736904,56652,3C111,0.49953603744507,88500,AP-N901-F303,0.015194359235466,0.015194359235466,82.930755615234,272.64999389648
25-SEP-2026,8.1588733736904,56652,3C111,0.49953603744507,88500,AP-N902-F303,0.01330285705626,0.01330285705626,81.942100524902,272.64999389648
25-SEP-2026,8.1622067385062,56652,3C111,0.49961441755295,88500,AP-N901-F303,0.015194359235466,0.015194359235466,82.930755615234,272.64999389648
25-SEP-2026,8.1622067385062,56652,3C111,0.49961441755295,88500,AP-N902-F303,0.01330285705626,0.01330285705626,81.942100524902,272.64999389648
25-SEP-2026,8.1655401085606,56652,3C111,0.49969202280045,88500,AP-N901-F303,0.015194359235466,0.015194359235466,82.930755615234,272.64999389648
25-SEP-2026,8.1655401085606,56652,3C111,0.49969202280045,88500,AP-N902-F303,0.01330285705626,0.01330285705626,81.942100524902,272.64999389648
25-SEP-2026,8.1688734728525,56652,3C111,0.49976909160614,88500,AP-N901-F303,0.015194359235466,0.015194359235466,82.930755615234,272.64999389648
25-SEP-2026,8.1688734728525,56652,3C111,0.49976909160614,88500,AP-N902-F303,0.01330285705626,0.01330285705626,81.942100524902,272.64999389648
25-SEP-2026,8.1722068390652,56652,3C111,0.499845713377,88500,AP-N901-F303,0.015194359235466,0.015194359235466,82.930755615234,272.64999389648
25-SEP-2026,8.1722068390652,56652,3C111,0.499845713377,88500,AP-N902-F303,0.01330285705626,0.01330285705626,81.942100524902,272.64999389648
25-SEP-2026,8.1758179892299,56652,3C111,0.49992775917053,88500,AP-N901-F303,0.015194359235466,0.015194359235466,82.930755615234,272.64999389648
25-SEP-2026,8.1758179892299,56652,3C111,0.49992775917053,88500,AP-N902-F303,0.01330285705626,0.01330285705626,81.942100524902,272.64999389648
25-SEP-2026,8.1794291367753,56652,3C111,0.50000905990601,88500,AP-N901-F303,0.015194359235466,0.015194359235466,82.930755615234,272.64999389648
25-SEP-2026,8.1794291367753,56652,3C111,0.50000905990601,88500,AP-N902-F303,0.01330285705626,0.01330285705626,81.942100524902,272.64999389648
25-SEP-2026,8.1830402836221,56652,3C111,0.50008988380432,88500,AP-N901-F303,0.015194359235466,0.015194359235466,82.930755615234,272.64999389648
25-SEP-2026,8.1830402836221,56652,3C111,0.50008988380432,88500,AP-N902-F303,0.01330285705626,0.01330285705626,81.942100524902,272.64999389648
25-SEP-2026,8.1866514309929,56652,3C111,0.50016969442368,88500,AP-N901-F303,0.015194359235466,0.015194359235466,82.930755615234,272.64999389648
25-SEP-2026,8.1866514309929,56652,3C111,0.50016969442368,88500,AP-N902-F303,0.01330285705626,0.01330285705626,81.942100524902,272.64999389648
25-SEP-2026,8.1905403584739,56652,3C111,0.50025486946106,88500,AP-N901-F303,0.015194359235466,0.015194359235466,82.930755615234,272.64999389648
25-SEP-2026,8.1905403584739,56652,3C111,0.50025486946106,88500,AP-N902-F303,0.01330285705626,0.01330285705626,81.942100524902,272.64999389648
25-SEP-2026,8.1940126143925,56652,3C111,0.50033032894135,88500,AP-N901-F303,0.015194359235466,0.015194359235466,82.930755615234,272.64999389648
25-SEP-2026,8.1940126143925,56652,3C111,0.50033032894135,88500,AP-N902-F303,0.01330285705626,0.01330285705626,81.942100524902,272.64999389648
25-SEP-2026,8.197484872232,56652,3C111,0.50040513277054,88500,AP-N901-F303,0.015194359235466,0.015194359235466,82.930755615234,272.64999389648
25-SEP-2026,8.197484872232,56652,3C111,0.50040513277054,88500,AP-N902-F303,0.01330285705626,0.01330285705626,81.942100524902,272.64999389648
25-SEP-2026,8.3209583350335,56657,3C84,0.42954769730568,88500,AP-N901-F303,0.013510991819203,0.013510991819203,84.33309173584,271.85000610352
25-SEP-2026,8.3209583350335,56657,3C84,0.42954769730568,88500,AP-N902-F303,0.018188318237662,0.018188318237662,84.80785369873,271.85000610352
25-SEP-2026,8.3377640573746,56661,3C84,0.42891329526901,88500,AP-N901-F303,0.013510991819203,0.013510991819203,84.33309173584,271.85000610352
25-SEP-2026,8.3377640573746,56661,3C84,0.42891329526901,88500,AP-N902-F303,0.018188318237662,0.018188318237662,84.80785369873,271.85000610352
25-SEP-2026,8.3413752043961,56661,3C84,0.42877504229546,88500,AP-N901-F303,0.013510991819203,0.013510991819203,84.33309173584,271.85000610352
25-SEP-2026,8.3413752043961,56661,3C84,0.42877504229546,88500,AP-N902-F303,0.018188318237662,0.018188318237662,84.80785369873,271.85000610352
25-SEP-2026,8.344986351243,56661,3C84,0.42863604426384,88500,AP-N901-F303,0.013510991819203,0.013510991819203,84.33309173584,271.85000610352
25-SEP-2026,8.344986351243,56661,3C84,0.42863604426384,88500,AP-N902-F303,0.018188318237662,0.018188318237662,84.80785369873,271.85000610352
25-SEP-2026,8.3483197183288,56661,3C84,0.42850744724274,88500,AP-N901-F303,0.013510991819203,0.013510991819203,84.33309173584,271.85000610352
25-SEP-2026,8.3483197183288,56661,3C84,0.42850744724274,88500,AP-N902-F303,0.018188318237662,0.018188318237662,84.80785369873,271.85000610352
25-SEP-2026,8.3516530855893,56661,3C84,0.42837792634964,88500,AP-N901-F303,0.013510991819203,0.013510991819203,84.33309173584,271.85000610352
25-SEP-2026,8.3516530855893,56661,3C84,0.42837792634964,88500,AP-N902-F303,0.018188318237662,0.018188318237662,84.80785369873,271.85000610352
25-SEP-2026,8.3552642326108,56661,3C84,0.42823728919029,88500,AP-N901-F303,0.013510991819203,0.013510991819203,84.33309173584,271.85000610352
25-SEP-2026,8.3552642326108,56661,3C84,0.42823728919029,88500,AP-N902-F303,0.018188318237662,0.018188318237662,84.80785369873,271.85000610352
25-SEP-2026,8.3585975965534,56661,3C84,0.42810669541359,88500,AP-N901-F303,0.013510991819203,0.013510991819203,84.33309173584,271.85000610352
25-SEP-2026,8.3585975965534,56661,3C84,0.42810669541359,88500,AP-N902-F303,0.018188318237662,0.018188318237662,84.80785369873,271.85000610352
25-SEP-2026,8.3619309648616,56661,3C84,0.42797580361366,88500,AP-N901-F303,0.013510991819203,0.013510991819203,84.33309173584,271.85000610352
25-SEP-2026,8.3619309648616,56661,3C84,0.42797580361366,88500,AP-N902-F303,0.018188318237662,0.018188318237662,84.80785369873,271.85000610352
25-SEP-2026,8.3655421148517,56661,3C84,0.42783299088478,88500,AP-N901-F303,0.013510991819203,0.013510991819203,84.33309173584,271.85000610352
25-SEP-2026,8.3655421148517,56661,3C84,0.42783299088478,88500,AP-N902-F303,0.018188318237662,0.018188318237662,84.80785369873,271.85000610352
25-SEP-2026,8.3688754807152,56661,3C84,0.4277009665966,88500,AP-N901-F303,0.013510991819203,0.013510991819203,84.33309173584,271.85000610352
25-SEP-2026,8.3688754807152,56661,3C84,0.4277009665966,88500,AP-N902-F303,0.018188318237662,0.018188318237662,84.80785369873,271.85000610352
25-SEP-2026,8.3722088467533,56661,3C84,0.42756804823875,88500,AP-N901-F303,0.013510991819203,0.013510991819203,84.33309173584,271.85000610352
25-SEP-2026,8.3722088467533,56661,3C84,0.42756804823875,88500,AP-N902-F303,0.018188318237662,0.018188318237662,84.80785369873,271.85000610352
25-SEP-2026,8.3755422117436,56661,3C84,0.42743486166,88500,AP-N901-F303,0.013510991819203,0.013510991819203,84.33309173584,271.85000610352
25-SEP-2026,8.3755422117436,56661,3C84,0.42743486166,88500,AP-N902-F303,0.018188318237662,0.018188318237662,84.80785369873,271.85000610352
25-SEP-2026,8.3791533612098,56661,3C84,0.42728966474533,88500,AP-N901-F303,0.013510991819203,0.013510991819203,84.33309173584,271.85000610352
25-SEP-2026,8.3791533612098,56661,3C84,0.42728966474533,88500,AP-N902-F303,0.018188318237662,0.018188318237662,84.80785369873,271.85000610352
25-SEP-2026,8.3827645110253,56661,3C84,0.42714405059814,88500,AP-N901-F303,0.013510991819203,0.013510991819203,84.33309173584,271.85000610352
25-SEP-2026,8.3827645110253,56661,3C84,0.42714405059814,88500,AP-N902-F303,0.018188318237662,0.018188318237662,84.80785369873,271.85000610352
25-SEP-2026,8.4201259938319,56666,3C111,0.50377142429352,88500,AP-N901-F303,0.015421492047608,0.015421492047608,83.48893737793,271.85000610352
25-SEP-2026,8.4201259938319,56666,3C111,0.50377142429352,88500,AP-N902-F303,0.015421492047608,0.015421492047608,82.621162414551,271.85000610352
25-SEP-2026,8.4377650584247,56670,3C111,0.50391727685928,88500,AP-N901-F303,0.015421492047608,0.015421492047608,83.48893737793,271.85000610352
25-SEP-2026,8.4377650584247,56670,3C111,0.50391727685928,88500,AP-N902-F303,0.015421492047608,0.015421492047608,82.621162414551,271.85000610352
25-SEP-2026,8.4410984279553,56670,3C111,0.50394344329834,88500,AP-N901-F303,0.015421492047608,0.015421492047608,83.48893737793,271.85000610352
25-SEP-2026,8.4410984279553,56670,3C111,0.50394344329834,88500,AP-N902-F303,0.015421492047608,0.015421492047608,82.621162414551,271.85000610352
25-SEP-2026,8.4444317952157,56670,3C111,0.50396847724915,88500,AP-N901-F303,0.015421492047608,0.015421492047608,83.48893737793,271.85000610352
25-SEP-2026,8.4444317952157,56670,3C111,0.50396847724915,88500,AP-N902-F303,0.015421492047608,0.015421492047608,82.621162414551,271.85000610352
25-SEP-2026,8.4477651617777,56670,3C111,0.50399297475815,88500,AP-N901-F303,0.015421492047608,0.015421492047608,83.48893737793,271.85000610352
25-SEP-2026,8.4477651617777,56670,3C111,0.50399297475815,88500,AP-N902-F303,0.015421492047608,0.015421492047608,82.621162414551,271.85000610352
25-SEP-2026,8.4513763091484,56670,3C111,0.5040186047554,88500,AP-N901-F303,0.015421492047608,0.015421492047608,83.48893737793,271.85000610352
25-SEP-2026,8.4513763091484,56670,3C111,0.5040186047554,88500,AP-N902-F303,0.015421492047608,0.015421492047608,82.621162414551,271.85000610352
25-SEP-2026,8.4547096739642,56670,3C111,0.50404173135757,88500,AP-N901-F303,0.015421492047608,0.015421492047608,83.48893737793,271.85000610352
25-SEP-2026,8.4547096739642,56670,3C111,0.50404173135757,88500,AP-N902-F303,0.015421492047608,0.015421492047608,82.621162414551,271.85000610352
25-SEP-2026,8.4583208232558,56670,3C111,0.50406610965729,88500,AP-N901-F303,0.015421492047608,0.015421492047608,83.48893737793,271.85000610352
25-SEP-2026,8.4583208232558,56670,3C111,0.50406610965729,88500,AP-N902-F303,0.015421492047608,0.015421492047608,82.621162414551,271.85000610352
25-SEP-2026,8.4616541884208,56670,3C111,0.50408780574799,88500,AP-N901-F303,0.015421492047608,0.015421492047608,83.48893737793,271.85000610352
25-SEP-2026,8.4616541884208,56670,3C111,0.50408780574799,88500,AP-N902-F303,0.015421492047608,0.015421492047608,82.621162414551,271.85000610352
25-SEP-2026,8.4649875570782,56670,3C111,0.50410896539688,88500,AP-N901-F303,0.015421492047608,0.015421492047608,83.48893737793,271.85000610352
25-SEP-2026,8.4649875570782,56670,3C111,0.50410896539688,88500,AP-N902-F303,0.015421492047608,0.015421492047608,82.621162414551,271.85000610352
25-SEP-2026,8.4685987027027,56670,3C111,0.50413107872009,88500,AP-N901-F303,0.015421492047608,0.015421492047608,83.48893737793,271.85000610352
25-SEP-2026,8.4685987027027,56670,3C111,0.50413107872009,88500,AP-N902-F303,0.015421492047608,0.015421492047608,82.621162414551,271.85000610352
25-SEP-2026,8.4722098497242,56670,3C111,0.5041526556015,88500,AP-N901-F303,0.015421492047608,0.015421492047608,83.48893737793,271.85000610352
25-SEP-2026,8.4722098497242,56670,3C111,0.5041526556015,88500,AP-N902-F303,0.015421492047608,0.015421492047608,82.621162414551,271.85000610352
25-SEP-2026,8.4755432185563,56670,3C111,0.50417160987854,88500,AP-N901-F303,0.015421492047608,0.015421492047608,83.48893737793,271.85000610352
25-SEP-2026,8.4755432185563,56670,3C111,0.50417160987854,88500,AP-N902-F303,0.015421492047608,0.015421492047608,82.621162414551,271.85000610352
25-SEP-2026,8.4788765849436,56670,3C111,0.50419020652771,88500,AP-N901-F303,0.015421492047608,0.015421492047608,83.48893737793,271.85000610352
25-SEP-2026,8.4788765849436,56670,3C111,0.50419020652771,88500,AP-N902-F303,0.015421492047608,0.015421492047608,82.621162414551,271.85000610352
25-SEP-2026,8.4822099495847,56670,3C111,0.5042080283165,88500,AP-N901-F303,0.015421492047608,0.015421492047608,83.48893737793,271.85000610352
25-SEP-2026,8.4822099495847,56670,3C111,0.5042080283165,88500,AP-N902-F303,0.015421492047608,0.015421492047608,82.621162414551,271.85000610352
25-SEP-2026,8.4855433164959,56670,3C111,0.50422525405884,88500,AP-N901-F303,0.015421492047608,0.015421492047608,83.48893737793,271.85000610352
25-SEP-2026,8.4855433164959,56670,3C111,0.50422525405884,88500,AP-N902-F303,0.015421492047608,0.015421492047608,82.621162414551,271.85000610352
25-SEP-2026,8.488876686725,56670,3C111,0.50424194335938,88500,AP-N901-F303,0.015421492047608,0.015421492047608,83.48893737793,271.85000610352
25-SEP-2026,8.488876686725,56670,3C111,0.50424194335938,88500,AP-N902-F303,0.015421492047608,0.015421492047608,82.621162414551,271.85000610352
25-SEP-2026,8.4922100501438,56670,3C111,0.50425785779953,88500,AP-N901-F303,0.015421492047608,0.015421492047608,83.48893737793,271.85000610352
25-SEP-2026,8.4922100501438,56670,3C111,0.50425785779953,88500,AP-N902-F303,0.015421492047608,0.015421492047608,82.621162414551,271.85000610352
25-SEP-2026,8.4955434181027,56670,3C111,0.50427323579788,88500,AP-N901-F303,0.015421492047608,0.015421492047608,83.48893737793,271.85000610352
25-SEP-2026,8.4955434181027,56670,3C111,0.50427323579788,88500,AP-N902-F303,0.015421492047608,0.015421492047608,82.621162414551,271.85000610352
25-SEP-2026,8.4994323476792,56670,3C111,0.50429028272629,88500,AP-N901-F303,0.015421492047608,0.015421492047608,83.48893737793,271.85000610352
25-SEP-2026,8.4994323476792,56670,3C111,0.50429028272629,88500,AP-N902-F303,0.015421492047608,0.015421492047608,82.621162414551,271.85000610352
25-SEP-2026,8.5030434948753,56670,3C111,0.50430536270142,88500,AP-N901-F303,0.015421492047608,0.015421492047608,83.48893737793,271.85000610352
25-SEP-2026,8.5030434948753,56670,3C111,0.50430536270142,88500,AP-N902-F303,0.015421492047608,0.015421492047608,82.621162414551,271.85000610352
25-SEP-2026,8.5063768621358,56670,3C111,0.5043186545372,88500,AP-N901-F303,0.015421492047608,0.015421492047608,83.48893737793,271.85000610352
25-SEP-2026,8.5063768621358,56670,3C111,0.5043186545372,88500,AP-N902-F303,0.015421492047608,0.015421492047608,82.621162414551,271.85000610352
25-SEP-2026,8.5099880084588,56670,3C111,0.50433230400085,88500,AP-N901-F303,0.015421492047608,0.015421492047608,83.48893737793,271.85000610352
25-SEP-2026,8.5099880084588,56670,3C111,0.50433230400085,88500,AP-N902-F303,0.015421492047608,0.015421492047608,82.621162414551,271.85000610352
25-SEP-2026,8.5135991582742,56670,3C111,0.50434517860413,88500,AP-N901-F303,0.015421492047608,0.015421492047608,83.48893737793,271.85000610352
25-SEP-2026,8.5135991582742,56670,3C111,0.50434517860413,88500,AP-N902-F303,0.015421492047608,0.015421492047608,82.621162414551,271.85000610352
25-SEP-2026,8.5172103032002,56670,3C111,0.50435733795166,88500,AP-N901-F303,0.015421492047608,0.015421492047608,83.48893737793,271.85000610352
25-SEP-2026,8.5172103032002,56670,3C111,0.50435733795166,88500,AP-N902-F303,0.015421492047608,0.015421492047608,82.621162414551,271.85000610352
25-SEP-2026,8.5208214502217,56670,3C111,0.5043688416481,88500,AP-N901-F303,0.015421492047608,0.015421492047608,83.48893737793,271.85000610352
25-SEP-2026,8.5208214502217,56670,3C111,0.5043688416481,88500,AP-N902-F303,0.015421492047608,0.015421492047608,82.621162414551,271.85000610352
25-SEP-2026,8.5244325972432,56670,3C111,0.50437951087952,88500,AP-N901-F303,0.015421492047608,0.015421492047608,83.48893737793,271.85000610352
25-SEP-2026,8.5244325972432,56670,3C111,0.50437951087952,88500,AP-N902-F303,0.015421492047608,0.015421492047608,82.621162414551,271.85000610352
25-SEP-2026,8.5277659638052,56670,3C111,0.50438863039017,88500,AP-N901-F303,0.015421492047608,0.015421492047608,83.48893737793,271.85000610352
25-SEP-2026,8.5277659638052,56670,3C111,0.50438863039017,88500,AP-N902-F303,0.015421492047608,0.015421492047608,82.621162414551,271.85000610352
25-SEP-2026,8.5313771113506,56670,3C111,0.5043979883194,88500,AP-N901-F303,0.015421492047608,0.015421492047608,83.48893737793,271.85000610352
25-SEP-2026,8.5313771113506,56670,3C111,0.5043979883194,88500,AP-N902-F303,0.015421492047608,0.015421492047608,82.621162414551,271.85000610352
25-SEP-2026,8.6537394505678,56675,3C84,0.41435790061951,88500,AP-N901-F303,0.015406883321702,0.015406883321702,86.83130645752,271.54998779297
25-SEP-2026,8.6537394505678,56675,3C84,0.41435790061951,88500,AP-N902-F303,0.013696026988328,0.013696026988328,85.682037353516,271.54998779297
25-SEP-2026,8.6708229589564,56679,3C84,0.41343122720718,88500,AP-N901-F303,0.015406883321702,0.015406883321702,86.83130645752,271.54998779297
25-SEP-2026,8.6708229589564,56679,3C84,0.41343122720718,88500,AP-N902-F303,0.013696026988328,0.013696026988328,85.682037353516,271.54998779297
25-SEP-2026,8.6741563227244,56679,3C84,0.41324844956398,88500,AP-N901-F303,0.015406883321702,0.015406883321702,86.83130645752,271.54998779297
25-SEP-2026,8.6741563227244,56679,3C84,0.41324844956398,88500,AP-N902-F303,0.013696026988328,0.013696026988328,85.682037353516,271.54998779297
25-SEP-2026,8.6774896899848,56679,3C84,0.41306528449059,88500,AP-N901-F303,0.015406883321702,0.015406883321702,86.83130645752,271.54998779297
25-SEP-2026,8.6774896899848,56679,3C84,0.41306528449059,88500,AP-N902-F303,0.013696026988328,0.013696026988328,85.682037353516,271.54998779297
25-SEP-2026,8.6808230570707,56679,3C84,0.41288158297539,88500,AP-N901-F303,0.015406883321702,0.015406883321702,86.83130645752,271.54998779297
25-SEP-2026,8.6808230570707,56679,3C84,0.41288158297539,88500,AP-N902-F303,0.013696026988328,0.013696026988328,85.682037353516,271.54998779297
25-SEP-2026,8.6841564239819,56679,3C84,0.41269749403,88500,AP-N901-F303,0.015406883321702,0.015406883321702,86.83130645752,271.54998779297
25-SEP-2026,8.6841564239819,56679,3C84,0.41269749403,88500,AP-N902-F303,0.013696026988328,0.013696026988328,85.682037353516,271.54998779297
25-SEP-2026,8.6877675708288,56679,3C84,0.41249746084213,88500,AP-N901-F303,0.015406883321702,0.015406883321702,86.83130645752,271.54998779297
25-SEP-2026,8.6877675708288,56679,3C84,0.41249746084213,88500,AP-N902-F303,0.013696026988328,0.013696026988328,85.682037353516,271.54998779297
25-SEP-2026,8.6911009356445,56679,3C84,0.4123121201992,88500,AP-N901-F303,0.015406883321702,0.015406883321702,86.83130645752,271.54998779297
25-SEP-2026,8.6911009356445,56679,3C84,0.4123121201992,88500,AP-N902-F303,0.013696026988328,0.013696026988328,85.682037353516,271.54998779297
25-SEP-2026,8.6944343060482,56679,3C84,0.41212642192841,88500,AP-N901-F303,0.015406883321702,0.015406883321702,86.83130645752,271.54998779297
25-SEP-2026,8.6944343060482,56679,3C84,0.41212642192841,88500,AP-N902-F303,0.013696026988328,0.013696026988328,85.682037353516,271.54998779297
25-SEP-2026,8.6980454548159,56679,3C84,0.4119246006012,88500,AP-N901-F303,0.015406883321702,0.015406883321702,86.83130645752,271.54998779297
25-SEP-2026,8.6980454548159,56679,3C84,0.4119246006012,88500,AP-N902-F303,0.013696026988328,0.013696026988328,85.682037353516,271.54998779297
25-SEP-2026,8.7013788206794,56679,3C84,0.41173756122589,88500,AP-N901-F303,0.015406883321702,0.015406883321702,86.83130645752,271.54998779297
25-SEP-2026,8.7013788206794,56679,3C84,0.41173756122589,88500,AP-N902-F303,0.013696026988328,0.013696026988328,85.682037353516,271.54998779297
25-SEP-2026,8.7049899661293,56679,3C84,0.41153451800346,88500,AP-N901-F303,0.015406883321702,0.015406883321702,86.83130645752,271.54998779297
25-SEP-2026,8.7049899661293,56679,3C84,0.41153451800346,88500,AP-N902-F303,0.013696026988328,0.013696026988328,85.682037353516,271.54998779297
25-SEP-2026,8.7086011145477,56679,3C84,0.41133067011833,88500,AP-N901-F303,0.015406883321702,0.015406883321702,86.83130645752,271.54998779297
25-SEP-2026,8.7086011145477,56679,3C84,0.41133067011833,88500,AP-N902-F303,0.013696026988328,0.013696026988328,85.682037353516,271.54998779297
25-SEP-2026,8.7119344819828,56679,3C84,0.41114228963852,88500,AP-N901-F303,0.015406883321702,0.015406883321702,86.83130645752,271.54998779297
25-SEP-2026,8.7119344819828,56679,3C84,0.41114228963852,88500,AP-N902-F303,0.013696026988328,0.013696026988328,85.682037353516,271.54998779297
25-SEP-2026,8.715267850291,56679,3C84,0.41095301508904,88500,AP-N901-F303,0.015406883321702,0.015406883321702,86.83130645752,271.54998779297
25-SEP-2026,8.715267850291,56679,3C84,0.41095301508904,88500,AP-N902-F303,0.013696026988328,0.013696026988328,85.682037353516,271.54998779297
25-SEP-2026,8.7540182360937,56684,3C111,0.50353306531906,88500,AP-N901-F303,0.015525260940194,0.015525260940194,83.347747802734,271.35000610352
25-SEP-2026,8.7540182360937,56684,3C111,0.50353306531906,88500,AP-N902-F303,0.015525260940194,0.015525260940194,82.568687438965,271.35000610352
25-SEP-2026,8.7711017406406,56688,3C111,0.50335055589676,88500,AP-N901-F303,0.015525260940194,0.015525260940194,83.347747802734,271.35000610352
25-SEP-2026,8.7711017406406,56688,3C111,0.50335055589676,88500,AP-N902-F303,0.015525260940194,0.015525260940194,82.568687438965,271.35000610352
25-SEP-2026,8.774712890456,56688,3C111,0.50330936908722,88500,AP-N901-F303,0.015525260940194,0.015525260940194,83.347747802734,271.35000610352
25-SEP-2026,8.774712890456,56688,3C111,0.50330936908722,88500,AP-N902-F303,0.015525260940194,0.015525260940194,82.568687438965,271.35000610352
25-SEP-2026,8.7783240373029,56688,3C111,0.50326770544052,88500,AP-N901-F303,0.015525260940194,0.015525260940194,83.347747802734,271.35000610352
25-SEP-2026,8.7783240373029,56688,3C111,0.50326770544052,88500,AP-N902-F303,0.015525260940194,0.015525260940194,82.568687438965,271.35000610352
25-SEP-2026,8.7816574021187,56688,3C111,0.50322872400284,88500,AP-N901-F303,0.015525260940194,0.015525260940194,83.347747802734,271.35000610352
25-SEP-2026,8.7816574021187,56688,3C111,0.50322872400284,88500,AP-N902-F303,0.015525260940194,0.015525260940194,82.568687438965,271.35000610352
25-SEP-2026,8.7849907679821,56688,3C111,0.50318908691406,88500,AP-N901-F303,0.015525260940194,0.015525260940194,83.347747802734,271.35000610352
25-SEP-2026,8.7849907679821,56688,3C111,0.50318908691406,88500,AP-N902-F303,0.015525260940194,0.015525260940194,82.568687438965,271.35000610352
25-SEP-2026,8.7886019164006,56688,3C111,0.50314551591873,88500,AP-N901-F303,0.015525260940194,0.015525260940194,83.347747802734,271.35000610352
25-SEP-2026,8.7886019164006,56688,3C111,0.50314551591873,88500,AP-N902-F303,0.015525260940194,0.015525260940194,82.568687438965,271.35000610352
25-SEP-2026,8.7922130663907,56688,3C111,0.50310105085373,88500,AP-N901-F303,0.015525260940194,0.015525260940194,83.347747802734,271.35000610352
25-SEP-2026,8.7922130663907,56688,3C111,0.50310105085373,88500,AP-N902-F303,0.015525260940194,0.015525260940194,82.568687438965,271.35000610352
25-SEP-2026,8.7955464352228,56688,3C111,0.50305938720703,88500,AP-N901-F303,0.015525260940194,0.015525260940194,83.347747802734,271.35000610352
25-SEP-2026,8.7955464352228,56688,3C111,0.50305938720703,88500,AP-N902-F303,0.015525260940194,0.015525260940194,82.568687438965,271.35000610352
25-SEP-2026,8.7991575808473,56688,3C111,0.5030135512352,88500,AP-N901-F303,0.015525260940194,0.015525260940194,83.347747802734,271.35000610352
25-SEP-2026,8.7991575808473,56688,3C111,0.5030135512352,88500,AP-N902-F303,0.015525260940194,0.015525260940194,82.568687438965,271.35000610352
25-SEP-2026,8.8024909463615,56688,3C111,0.50297057628632,88500,AP-N901-F303,0.015525260940194,0.015525260940194,83.347747802734,271.35000610352
25-SEP-2026,8.8024909463615,56688,3C111,0.50297057628632,88500,AP-N902-F303,0.015525260940194,0.015525260940194,82.568687438965,271.35000610352
25-SEP-2026,8.8058243155428,56688,3C111,0.50292700529099,88500,AP-N901-F303,0.015525260940194,0.015525260940194,83.347747802734,271.35000610352
25-SEP-2026,8.8058243155428,56688,3C111,0.50292700529099,88500,AP-N902-F303,0.015525260940194,0.015525260940194,82.568687438965,271.35000610352
25-SEP-2026,8.8091576805332,56688,3C111,0.50288289785385,88500,AP-N901-F303,0.015525260940194,0.015525260940194,83.347747802734,271.35000610352
25-SEP-2026,8.8091576805332,56688,3C111,0.50288289785385,88500,AP-N902-F303,0.015525260940194,0.015525260940194,82.568687438965,271.35000610352
25-SEP-2026,8.8127688275547,56688,3C111,0.50283420085907,88500,AP-N901-F303,0.015525260940194,0.015525260940194,83.347747802734,271.35000610352
25-SEP-2026,8.8127688275547,56688,3C111,0.50283420085907,88500,AP-N902-F303,0.015525260940194,0.015525260940194,82.568687438965,271.35000610352
25-SEP-2026,8.8161021942913,56688,3C111,0.50278866291046,88500,AP-N901-F303,0.015525260940194,0.015525260940194,83.347747802734,271.35000610352
25-SEP-2026,8.8161021942913,56688,3C111,0.50278866291046,88500,AP-N902-F303,0.015525260940194,0.015525260940194,82.568687438965,271.35000610352
25-SEP-2026,8.8197133414874,56688,3C111,0.50273859500885,88500,AP-N901-F303,0.015525260940194,0.015525260940194,83.347747802734,271.35000610352
25-SEP-2026,8.8197133414874,56688,3C111,0.50273859500885,88500,AP-N902-F303,0.015525260940194,0.015525260940194,82.568687438965,271.35000610352
25-SEP-2026,8.8231856012477,56688,3C111,0.50268983840942,88500,AP-N901-F303,0.015525260940194,0.015525260940194,83.347747802734,271.35000610352
25-SEP-2026,8.8231856012477,56688,3C111,0.50268983840942,88500,AP-N902-F303,0.015525260940194,0.015525260940194,82.568687438965,271.35000610352
25-SEP-2026,8.8266578554201,56688,3C111,0.50264042615891,88500,AP-N901-F303,0.015525260940194,0.015525260940194,83.347747802734,271.35000610352
25-SEP-2026,8.8266578554201,56688,3C111,0.50264042615891,88500,AP-N902-F303,0.015525260940194,0.015525260940194,82.568687438965,271.35000610352
25-SEP-2026,8.8299912221567,56688,3C111,0.50259220600128,88500,AP-N901-F303,0.015525260940194,0.015525260940194,83.347747802734,271.35000610352
25-SEP-2026,8.8299912221567,56688,3C111,0.50259220600128,88500,AP-N902-F303,0.015525260940194,0.015525260940194,82.568687438965,271.35000610352
25-SEP-2026,8.833324589941,56688,3C111,0.50254338979721,88500,AP-N901-F303,0.015525260940194,0.015525260940194,83.347747802734,271.35000610352
25-SEP-2026,8.833324589941,56688,3C111,0.50254338979721,88500,AP-N902-F303,0.015525260940194,0.015525260940194,82.568687438965,271.35000610352
25-SEP-2026,8.8366579575507,56688,3C111,0.50249397754669,88500,AP-N901-F303,0.015525260940194,0.015525260940194,83.347747802734,271.35000610352
25-SEP-2026,8.8366579575507,56688,3C111,0.50249397754669,88500,AP-N902-F303,0.015525260940194,0.015525260940194,82.568687438965,271.35000610352
25-SEP-2026,8.8399913263828,56688,3C111,0.50244385004044,88500,AP-N901-F303,0.015525260940194,0.015525260940194,83.347747802734,271.35000610352
25-SEP-2026,8.8399913263828,56688,3C111,0.50244385004044,88500,AP-N902-F303,0.015525260940194,0.015525260940194,82.568687438965,271.35000610352
25-SEP-2026,8.8433246924209,56688,3C111,0.50239324569702,88500,AP-N901-F303,0.015525260940194,0.015525260940194,83.347747802734,271.35000610352
25-SEP-2026,8.8433246924209,56688,3C111,0.50239324569702,88500,AP-N902-F303,0.015525260940194,0.015525260940194,82.568687438965,271.35000610352
25-SEP-2026,8.8466580572366,56688,3C111,0.50234198570251,88500,AP-N901-F303,0.015525260940194,0.015525260940194,83.347747802734,271.35000610352
25-SEP-2026,8.8466580572366,56688,3C111,0.50234198570251,88500,AP-N902-F303,0.015525260940194,0.015525260940194,82.568687438965,271.35000610352
25-SEP-2026,8.8502692067028,56688,3C111,0.5022856593132,88500,AP-N901-F303,0.015525260940194,0.015525260940194,83.347747802734,271.35000610352
25-SEP-2026,8.8502692067028,56688,3C111,0.5022856593132,88500,AP-N902-F303,0.015525260940194,0.015525260940194,82.568687438965,271.35000610352
25-SEP-2026,8.8538803566929,56688,3C111,0.50222861766815,88500,AP-N901-F303,0.015525260940194,0.015525260940194,83.347747802734,271.35000610352
25-SEP-2026,8.8538803566929,56688,3C111,0.50222861766815,88500,AP-N902-F303,0.015525260940194,0.015525260940194,82.568687438965,271.35000610352
25-SEP-2026,8.8572137190639,56688,3C111,0.50217533111572,88500,AP-N901-F303,0.015525260940194,0.015525260940194,83.347747802734,271.35000610352
25-SEP-2026,8.8572137190639,56688,3C111,0.50217533111572,88500,AP-N902-F303,0.015525260940194,0.015525260940194,82.568687438965,271.35000610352
25-SEP-2026,8.8605470854513,56688,3C111,0.5021213889122,88500,AP-N901-F303,0.015525260940194,0.015525260940194,83.347747802734,271.35000610352
25-SEP-2026,8.8605470854513,56688,3C111,0.5021213889122,88500,AP-N902-F303,0.015525260940194,0.015525260940194,82.568687438965,271.35000610352
25-SEP-2026,8.8638804527117,56688,3C111,0.50206685066223,88500,AP-N901-F303,0.015525260940194,0.015525260940194,83.347747802734,271.35000610352
25-SEP-2026,8.8638804527117,56688,3C111,0.50206685066223,88500,AP-N902-F303,0.015525260940194,0.015525260940194,82.568687438965,271.35000610352
25-SEP-2026,8.9876316959728,56693,3C84,0.3937166929245,88500,AP-N901-F303,0.015407462604344,0.015407462604344,88.471389770508,271.45001220703
25-SEP-2026,8.9876316959728,56693,3C84,0.3937166929245,88500,AP-N902-F303,0.015407462604344,0.015407462604344,87.478530883789,271.45001220703
25-SEP-2026,9.004437420584,56697,3C84,0.39253988862038,88500,AP-N901-F303,0.015407462604344,0.015407462604344,88.471389770508,271.45001220703
25-SEP-2026,9.004437420584,56697,3C84,0.39253988862038,88500,AP-N902-F303,0.015407462604344,0.015407462604344,87.478530883789,271.45001220703
25-SEP-2026,9.007770787146,56697,3C84,0.39230480790138,88500,AP-N901-F303,0.015407462604344,0.015407462604344,88.471389770508,271.45001220703
25-SEP-2026,9.007770787146,56697,3C84,0.39230480790138,88500,AP-N902-F303,0.015407462604344,0.015407462604344,87.478530883789,271.45001220703
25-SEP-2026,9.0113819345167,56697,3C84,0.39204961061478,88500,AP-N901-F303,0.015407462604344,0.015407462604344,88.471389770508,271.45001220703
25-SEP-2026,9.0113819345167,56697,3C84,0.39204961061478,88500,AP-N902-F303,0.015407462604344,0.015407462604344,87.478530883789,271.45001220703
25-SEP-2026,9.0149930817129,56697,3C84,0.39179390668869,88500,AP-N901-F303,0.015407462604344,0.015407462604344,88.471389770508,271.45001220703
25-SEP-2026,9.0149930817129,56697,3C84,0.39179390668869,88500,AP-N902-F303,0.015407462604344,0.015407462604344,87.478530883789,271.45001220703
25-SEP-2026,9.0183264515927,56697,3C84,0.39155733585358,88500,AP-N901-F303,0.015407462604344,0.015407462604344,88.471389770508,271.45001220703
25-SEP-2026,9.0183264515927,56697,3C84,0.39155733585358,88500,AP-N902-F303,0.015407462604344,0.015407462604344,87.478530883789,271.45001220703
25-SEP-2026,9.021659816583,56697,3C84,0.39132025837898,88500,AP-N901-F303,0.015407462604344,0.015407462604344,88.471389770508,271.45001220703
25-SEP-2026,9.021659816583,56697,3C84,0.39132025837898,88500,AP-N902-F303,0.015407462604344,0.015407462604344,87.478530883789,271.45001220703
25-SEP-2026,9.0252709627314,56697,3C84,0.3910628259182,88500,AP-N901-F303,0.015407462604344,0.015407462604344,88.471389770508,271.45001220703
25-SEP-2026,9.0252709627314,56697,3C84,0.3910628259182,88500,AP-N902-F303,0.015407462604344,0.015407462604344,87.478530883789,271.45001220703
25-SEP-2026,9.028604330865,56697,3C84,0.39082461595535,88500,AP-N901-F303,0.015407462604344,0.015407462604344,88.471389770508,271.45001220703
25-SEP-2026,9.028604330865,56697,3C84,0.39082461595535,88500,AP-N902-F303,0.015407462604344,0.015407462604344,87.478530883789,271.45001220703
25-SEP-2026,9.0319377014433,56697,3C84,0.39058592915535,88500,AP-N901-F303,0.015407462604344,0.015407462604344,88.471389770508,271.45001220703
25-SEP-2026,9.0319377014433,56697,3C84,0.39058592915535,88500,AP-N902-F303,0.015407462604344,0.015407462604344,87.478530883789,271.45001220703
25-SEP-2026,9.0352710667829,56697,3C84,0.39034676551819,88500,AP-N901-F303,0.015407462604344,0.015407462604344,88.471389770508,271.45001220703
25-SEP-2026,9.0352710667829,56697,3C84,0.39034676551819,88500,AP-N902-F303,0.015407462604344,0.015407462604344,87.478530883789,271.45001220703
25-SEP-2026,9.0388822127566,56697,3C84,0.39008715748787,88500,AP-N901-F303,0.015407462604344,0.015407462604344,88.471389770508,271.45001220703
25-SEP-2026,9.0388822127566,56697,3C84,0.39008715748787,88500,AP-N902-F303,0.015407462604344,0.015407462604344,87.478530883789,271.45001220703
25-SEP-2026,9.0422155780963,56697,3C84,0.38984704017639,88500,AP-N901-F303,0.015407462604344,0.015407462604344,88.471389770508,271.45001220703
25-SEP-2026,9.0422155780963,56697,3C84,0.38984704017639,88500,AP-N902-F303,0.015407462604344,0.015407462604344,87.478530883789,271.45001220703
25-SEP-2026,9.0458267270386,56697,3C84,0.38958621025085,88500,AP-N901-F303,0.015407462604344,0.015407462604344,88.471389770508,271.45001220703
25-SEP-2026,9.0458267270386,56697,3C84,0.38958621025085,88500,AP-N902-F303,0.015407462604344,0.015407462604344,87.478530883789,271.45001220703
25-SEP-2026,9.0491600922036,56697,3C84,0.38934487104416,88500,AP-N901-F303,0.015407462604344,0.015407462604344,88.471389770508,271.45001220703
25-SEP-2026,9.0491600922036,56697,3C84,0.38934487104416,88500,AP-N902-F303,0.015407462604344,0.015407462604344,87.478530883789,271.45001220703
25-SEP-2026,9.0865215832175,56702,3C111,0.49700370430946,88500,AP-N901-F303,0.015507196076214,0.015507196076214,83.496307373047,271.35000610352
25-SEP-2026,9.0865215832175,56702,3C111,0.49700370430946,88500,AP-N902-F303,0.015507196076214,0.015507196076214,82.784660339355,271.35000610352
25-SEP-2026,9.1044384246027,56706,3C111,0.49647578597069,88500,AP-N901-F303,0.015507196076214,0.015507196076214,83.496307373047,271.35000610352
25-SEP-2026,9.1044384246027,56706,3C111,0.49647578597069,88500,AP-N902-F303,0.015507196076214,0.015507196076214,82.784660339355,271.35000610352
25-SEP-2026,9.1080495765136,56706,3C111,0.49636659026146,88500,AP-N901-F303,0.015507196076214,0.015507196076214,83.496307373047,271.35000610352
25-SEP-2026,9.1080495765136,56706,3C111,0.49636659026146,88500,AP-N902-F303,0.015507196076214,0.015507196076214,82.784660339355,271.35000610352
25-SEP-2026,9.1116607209158,56706,3C111,0.4962572157383,88500,AP-N901-F303,0.015507196076214,0.015507196076214,83.496307373047,271.35000610352
25-SEP-2026,9.1116607209158,56706,3C111,0.4962572157383,88500,AP-N902-F303,0.015507196076214,0.015507196076214,82.784660339355,271.35000610352
25-SEP-2026,9.1152718688104,56706,3C111,0.49614697694778,88500,AP-N901-F303,0.015507196076214,0.015507196076214,83.496307373047,271.35000610352
25-SEP-2026,9.1152718688104,56706,3C111,0.49614697694778,88500,AP-N902-F303,0.015507196076214,0.015507196076214,82.784660339355,271.35000610352
25-SEP-2026,9.11902190449,56706,3C111,0.49603202939034,88500,AP-N901-F303,0.015507196076214,0.015507196076214,83.496307373047,271.35000610352
25-SEP-2026,9.11902190449,56706,3C111,0.49603202939034,88500,AP-N902-F303,0.015507196076214,0.015507196076214,82.784660339355,271.35000610352
25-SEP-2026,9.122771939995,56706,3C111,0.4959160387516,88500,AP-N901-F303,0.015507196076214,0.015507196076214,83.496307373047,271.35000610352
25-SEP-2026,9.122771939995,56706,3C111,0.4959160387516,88500,AP-N902-F303,0.015507196076214,0.015507196076214,82.784660339355,271.35000610352
25-SEP-2026,9.1263830910329,56706,3C111,0.49580374360085,88500,AP-N901-F303,0.015507196076214,0.015507196076214,83.496307373047,271.35000610352
25-SEP-2026,9.1263830910329,56706,3C111,0.49580374360085,88500,AP-N902-F303,0.015507196076214,0.015507196076214,82.784660339355,271.35000610352
25-SEP-2026,9.1297164586426,56706,3C111,0.49569934606552,88500,AP-N901-F303,0.015507196076214,0.015507196076214,83.496307373047,271.35000610352
25-SEP-2026,9.1297164586426,56706,3C111,0.49569934606552,88500,AP-N902-F303,0.015507196076214,0.015507196076214,82.784660339355,271.35000610352
25-SEP-2026,9.1330498271254,56706,3C111,0.4955942928791,88500,AP-N901-F303,0.015507196076214,0.015507196076214,83.496307373047,271.35000610352
25-SEP-2026,9.1330498271254,56706,3C111,0.4955942928791,88500,AP-N902-F303,0.015507196076214,0.015507196076214,82.784660339355,271.35000610352
25-SEP-2026,9.1363831907188,56706,3C111,0.4954888522625,88500,AP-N901-F303,0.015507196076214,0.015507196076214,83.496307373047,271.35000610352
25-SEP-2026,9.1363831907188,56706,3C111,0.4954888522625,88500,AP-N902-F303,0.015507196076214,0.015507196076214,82.784660339355,271.35000610352
25-SEP-2026,9.1397165579792,56706,3C111,0.49538254737854,88500,AP-N901-F303,0.015507196076214,0.015507196076214,83.496307373047,271.35000610352
25-SEP-2026,9.1397165579792,56706,3C111,0.49538254737854,88500,AP-N902-F303,0.015507196076214,0.015507196076214,82.784660339355,271.35000610352
25-SEP-2026,9.1433277050007,56706,3C111,0.49526688456535,88500,AP-N901-F303,0.015507196076214,0.015507196076214,83.496307373047,271.35000610352
25-SEP-2026,9.1433277050007,56706,3C111,0.49526688456535,88500,AP-N902-F303,0.015507196076214,0.015507196076214,82.784660339355,271.35000610352
25-SEP-2026,9.1469388521968,56706,3C111,0.49515035748482,88500,AP-N901-F303,0.015507196076214,0.015507196076214,83.496307373047,271.35000610352
25-SEP-2026,9.1469388521968,56706,3C111,0.49515035748482,88500,AP-N902-F303,0.015507196076214,0.015507196076214,82.784660339355,271.35000610352
25-SEP-2026,9.1502722191081,56706,3C111,0.49504223465919,88500,AP-N901-F303,0.015507196076214,0.015507196076214,83.496307373047,271.35000610352
25-SEP-2026,9.1502722191081,56706,3C111,0.49504223465919,88500,AP-N902-F303,0.015507196076214,0.015507196076214,82.784660339355,271.35000610352
25-SEP-2026,9.1538833663042,56706,3C111,0.49492436647415,88500,AP-N901-F303,0.015507196076214,0.015507196076214,83.496307373047,271.35000610352
25-SEP-2026,9.1538833663042,56706,3C111,0.49492436647415,88500,AP-N902-F303,0.015507196076214,0.015507196076214,82.784660339355,271.35000610352
25-SEP-2026,9.1574945161196,56706,3C111,0.4948056936264,88500,AP-N901-F303,0.015507196076214,0.015507196076214,83.496307373047,271.35000610352
25-SEP-2026,9.1574945161196,56706,3C111,0.4948056936264,88500,AP-N902-F303,0.015507196076214,0.015507196076214,82.784660339355,271.35000610352
25-SEP-2026,9.1611056605218,56706,3C111,0.49468645453453,88500,AP-N901-F303,0.015507196076214,0.015507196076214,83.496307373047,271.35000610352
25-SEP-2026,9.1611056605218,56706,3C111,0.49468645453453,88500,AP-N902-F303,0.015507196076214,0.015507196076214,82.784660339355,271.35000610352
25-SEP-2026,9.164439030227,56706,3C111,0.49457550048828,88500,AP-N901-F303,0.015507196076214,0.015507196076214,83.496307373047,271.35000610352
25-SEP-2026,9.164439030227,56706,3C111,0.49457550048828,88500,AP-N902-F303,0.015507196076214,0.015507196076214,82.784660339355,271.35000610352
25-SEP-2026,9.1680501775977,56706,3C111,0.49445500969887,88500,AP-N901-F303,0.015507196076214,0.015507196076214,83.496307373047,271.35000610352
25-SEP-2026,9.1680501775977,56706,3C111,0.49445500969887,88500,AP-N902-F303,0.015507196076214,0.015507196076214,82.784660339355,271.35000610352
25-SEP-2026,9.1713835443343,56706,3C111,0.49434289336205,88500,AP-N901-F303,0.015507196076214,0.015507196076214,83.496307373047,271.35000610352
25-SEP-2026,9.1713835443343,56706,3C111,0.49434289336205,88500,AP-N902-F303,0.015507196076214,0.015507196076214,82.784660339355,271.35000610352
25-SEP-2026,9.17471690915,56706,3C111,0.49423027038574,88500,AP-N901-F303,0.015507196076214,0.015507196076214,83.496307373047,271.35000610352
25-SEP-2026,9.17471690915,56706,3C111,0.49423027038574,88500,AP-N902-F303,0.015507196076214,0.015507196076214,82.784660339355,271.35000610352
25-SEP-2026,9.178050278506,56706,3C111,0.49411687254906,88500,AP-N901-F303,0.015507196076214,0.015507196076214,83.496307373047,271.35000610352
25-SEP-2026,9.178050278506,56706,3C111,0.49411687254906,88500,AP-N902-F303,0.015507196076214,0.015507196076214,82.784660339355,271.35000610352
25-SEP-2026,9.1813836440202,56706,3C111,0.49400302767754,88500,AP-N901-F303,0.015507196076214,0.015507196076214,83.496307373047,271.35000610352
25-SEP-2026,9.1813836440202,56706,3C111,0.49400302767754,88500,AP-N902-F303,0.015507196076214,0.015507196076214,82.784660339355,271.35000610352
25-SEP-2026,9.1849947894701,56706,3C111,0.49387893080711,88500,AP-N901-F303,0.015507196076214,0.015507196076214,83.496307373047,271.35000610352
25-SEP-2026,9.1849947894701,56706,3C111,0.49387893080711,88500,AP-N902-F303,0.015507196076214,0.015507196076214,82.784660339355,271.35000610352
25-SEP-2026,9.1883281609215,56706,3C111,0.4937636256218,88500,AP-N901-F303,0.015507196076214,0.015507196076214,83.496307373047,271.35000610352
25-SEP-2026,9.1883281609215,56706,3C111,0.4937636256218,88500,AP-N902-F303,0.015507196076214,0.015507196076214,82.784660339355,271.35000610352
25-SEP-2026,9.1916615260865,56706,3C111,0.49364793300629,88500,AP-N901-F303,0.015507196076214,0.015507196076214,83.496307373047,271.35000610352
25-SEP-2026,9.1916615260865,56706,3C111,0.49364793300629,88500,AP-N902-F303,0.015507196076214,0.015507196076214,82.784660339355,271.35000610352
25-SEP-2026,9.1949948909022,56706,3C111,0.49353143572807,88500,AP-N901-F303,0.015507196076214,0.015507196076214,83.496307373047,271.35000610352
25-SEP-2026,9.1949948909022,56706,3C111,0.49353143572807,88500,AP-N902-F303,0.015507196076214,0.015507196076214,82.784660339355,271.35000610352
25-SEP-2026,9.1983282572896,56706,3C111,0.49341464042664,88500,AP-N901-F303,0.015507196076214,0.015507196076214,83.496307373047,271.35000610352
25-SEP-2026,9.1983282572896,56706,3C111,0.49341464042664,88500,AP-N902-F303,0.015507196076214,0.015507196076214,82.784660339355,271.35000610352
25-SEP-2026,9.3203561475721,56712,3C84,0.36805194616318,88500,AP-N901-F303,0.015524128451943,0.015524128451943,89.495010375977,271.35000610352
25-SEP-2026,9.3203561475721,56712,3C84,0.36805194616318,88500,AP-N902-F303,0.013869404792786,0.013869404792786,88.341163635254,271.35000610352
25-SEP-2026,9.3374396570084,56716,3C84,0.36660313606262,88500,AP-N901-F303,0.015524128451943,0.015524128451943,89.495010375977,271.35000610352
25-SEP-2026,9.3374396570084,56716,3C84,0.36660313606262,88500,AP-N902-F303,0.013869404792786,0.013869404792786,88.341163635254,271.35000610352
25-SEP-2026,9.3407730239196,56716,3C84,0.36631885170937,88500,AP-N901-F303,0.015524128451943,0.015524128451943,89.495010375977,271.35000610352
25-SEP-2026,9.3407730239196,56716,3C84,0.36631885170937,88500,AP-N902-F303,0.013869404792786,0.013869404792786,88.341163635254,271.35000610352
25-SEP-2026,9.3441063892592,56716,3C84,0.36603417992592,88500,AP-N901-F303,0.015524128451943,0.015524128451943,89.495010375977,271.35000610352
25-SEP-2026,9.3441063892592,56716,3C84,0.36603417992592,88500,AP-N902-F303,0.013869404792786,0.013869404792786,88.341163635254,271.35000610352
25-SEP-2026,9.3474397568689,56716,3C84,0.36574897170067,88500,AP-N901-F303,0.015524128451943,0.015524128451943,89.495010375977,271.35000610352
25-SEP-2026,9.3474397568689,56716,3C84,0.36574897170067,88500,AP-N902-F303,0.013869404792786,0.013869404792786,88.341163635254,271.35000610352
25-SEP-2026,9.3507731248279,56716,3C84,0.36546319723129,88500,AP-N901-F303,0.015524128451943,0.015524128451943,89.495010375977,271.35000610352
25-SEP-2026,9.3507731248279,56716,3C84,0.36546319723129,88500,AP-N902-F303,0.013869404792786,0.013869404792786,88.341163635254,271.35000610352
25-SEP-2026,9.3541064889451,56716,3C84,0.36517727375031,88500,AP-N901-F303,0.015524128451943,0.015524128451943,89.495010375977,271.35000610352
25-SEP-2026,9.3541064889451,56716,3C84,0.36517727375031,88500,AP-N902-F303,0.013869404792786,0.013869404792786,88.341163635254,271.35000610352
25-SEP-2026,9.3574398558563,56716,3C84,0.36489063501358,88500,AP-N901-F303,0.015524128451943,0.015524128451943,89.495010375977,271.35000610352
25-SEP-2026,9.3574398558563,56716,3C84,0.36489063501358,88500,AP-N902-F303,0.013869404792786,0.013869404792786,88.341163635254,271.35000610352
25-SEP-2026,9.3607732231168,56716,3C84,0.36460357904434,88500,AP-N901-F303,0.015524128451943,0.015524128451943,89.495010375977,271.35000610352
25-SEP-2026,9.3607732231168,56716,3C84,0.36460357904434,88500,AP-N902-F303,0.013869404792786,0.013869404792786,88.341163635254,271.35000610352
25-SEP-2026,9.3643843729323,56716,3C84,0.3642920255661,88500,AP-N901-F303,0.015524128451943,0.015524128451943,89.495010375977,271.35000610352
25-SEP-2026,9.3643843729323,56716,3C84,0.3642920255661,88500,AP-N902-F303,0.013869404792786,0.013869404792786,88.341163635254,271.35000610352
25-SEP-2026,9.3679955171598,56716,3C84,0.36397996544838,88500,AP-N901-F303,0.015524128451943,0.015524128451943,89.495010375977,271.35000610352
25-SEP-2026,9.3679955171598,56716,3C84,0.36397996544838,88500,AP-N902-F303,0.013869404792786,0.013869404792786,88.341163635254,271.35000610352
25-SEP-2026,9.371328884071,56716,3C84,0.36369144916534,88500,AP-N901-F303,0.015524128451943,0.015524128451943,89.495010375977,271.35000610352
25-SEP-2026,9.371328884071,56716,3C84,0.36369144916534,88500,AP-N902-F303,0.013869404792786,0.013869404792786,88.341163635254,271.35000610352
25-SEP-2026,9.3746622490614,56716,3C84,0.36340248584747,88500,AP-N901-F303,0.015524128451943,0.015524128451943,89.495010375977,271.35000610352
25-SEP-2026,9.3746622490614,56716,3C84,0.36340248584747,88500,AP-N902-F303,0.013869404792786,0.013869404792786,88.341163635254,271.35000610352
25-SEP-2026,9.3779956182427,56716,3C84,0.36311289668083,88500,AP-N901-F303,0.015524128451943,0.015524128451943,89.495010375977,271.35000610352
25-SEP-2026,9.3779956182427,56716,3C84,0.36311289668083,88500,AP-N902-F303,0.013869404792786,0.013869404792786,88.341163635254,271.35000610352
25-SEP-2026,9.3813289839315,56716,3C84,0.36282294988632,88500,AP-N901-F303,0.015524128451943,0.015524128451943,89.495010375977,271.35000610352
25-SEP-2026,9.3813289839315,56716,3C84,0.36282294988632,88500,AP-N902-F303,0.013869404792786,0.013869404792786,88.341163635254,271.35000610352
25-SEP-2026,9.4209127193201,56721,3C111,0.48422122001648,88500,AP-N901-F303,0.015474776737392,0.015474776737392,83.96134185791,271.85000610352
25-SEP-2026,9.4209127193201,56721,3C111,0.48422122001648,88500,AP-N902-F303,0.015474776737392,0.015474776737392,83.039863586426,271.85000610352
25-SEP-2026,9.4374406580585,56725,3C111,0.48343160748482,88500,AP-N901-F303,0.015474776737392,0.015474776737392,83.96134185791,271.85000610352
25-SEP-2026,9.4374406580585,56725,3C111,0.48343160748482,88500,AP-N902-F303,0.015474776737392,0.015474776737392,83.039863586426,271.85000610352
25-SEP-2026,9.4407740277636,56725,3C111,0.4832701086998,88500,AP-N901-F303,0.015474776737392,0.015474776737392,83.96134185791,271.85000610352
25-SEP-2026,9.4407740277636,56725,3C111,0.4832701086998,88500,AP-N902-F303,0.015474776737392,0.015474776737392,83.039863586426,271.85000610352
25-SEP-2026,9.4441073950241,56725,3C111,0.4831083714962,88500,AP-N901-F303,0.015474776737392,0.015474776737392,83.96134185791,271.85000610352
25-SEP-2026,9.4441073950241,56725,3C111,0.4831083714962,88500,AP-N902-F303,0.015474776737392,0.015474776737392,83.039863586426,271.85000610352
25-SEP-2026,9.4474407591414,56725,3C111,0.48294615745544,88500,AP-N901-F303,0.015474776737392,0.015474776737392,83.96134185791,271.85000610352
25-SEP-2026,9.4474407591414,56725,3C111,0.48294615745544,88500,AP-N902-F303,0.015474776737392,0.015474776737392,83.039863586426,271.85000610352
25-SEP-2026,9.4510519065121,56725,3C111,0.48276960849762,88500,AP-N901-F303,0.015474776737392,0.015474776737392,83.96134185791,271.85000610352
25-SEP-2026,9.4510519065121,56725,3C111,0.48276960849762,88500,AP-N902-F303,0.015474776737392,0.015474776737392,83.039863586426,271.85000610352
25-SEP-2026,9.4543852742964,56725,3C111,0.48260599374771,88500,AP-N901-F303,0.015474776737392,0.015474776737392,83.96134185791,271.85000610352
25-SEP-2026,9.4543852742964,56725,3C111,0.48260599374771,88500,AP-N902-F303,0.015474776737392,0.015474776737392,83.039863586426,271.85000610352
25-SEP-2026,9.4579964228895,56725,3C111,0.48242828249931,88500,AP-N901-F303,0.015474776737392,0.015474776737392,83.96134185791,271.85000610352
25-SEP-2026,9.4579964228895,56725,3C111,0.48242828249931,88500,AP-N902-F303,0.015474776737392,0.015474776737392,83.039863586426,271.85000610352
25-SEP-2026,9.4618853503705,56725,3C111,0.48223593831062,88500,AP-N901-F303,0.015474776737392,0.015474776737392,83.96134185791,271.85000610352
25-SEP-2026,9.4618853503705,56725,3C111,0.48223593831062,88500,AP-N902-F303,0.015474776737392,0.015474776737392,83.039863586426,271.85000610352
25-SEP-2026,9.4652187171071,56725,3C111,0.48207035660744,88500,AP-N901-F303,0.015474776737392,0.015474776737392,83.96134185791,271.85000610352
25-SEP-2026,9.4652187171071,56725,3C111,0.48207035660744,88500,AP-N902-F303,0.015474776737392,0.015474776737392,83.039863586426,271.85000610352
25-SEP-2026,9.4685520824467,56725,3C111,0.48190447688103,88500,AP-N901-F303,0.015474776737392,0.015474776737392,83.96134185791,271.85000610352
25-SEP-2026,9.4685520824467,56725,3C111,0.48190447688103,88500,AP-N902-F303,0.015474776737392,0.015474776737392,83.039863586426,271.85000610352
25-SEP-2026,9.4718854498818,56725,3C111,0.48173782229424,88500,AP-N901-F303,0.015474776737392,0.015474776737392,83.96134185791,271.85000610352
25-SEP-2026,9.4718854498818,56725,3C111,0.48173782229424,88500,AP-N902-F303,0.015474776737392,0.015474776737392,83.039863586426,271.85000610352
25-SEP-2026,9.4752188183646,56725,3C111,0.48157045245171,88500,AP-N901-F303,0.015474776737392,0.015474776737392,83.96134185791,271.85000610352
25-SEP-2026,9.4752188183646,56725,3C111,0.48157045245171,88500,AP-N902-F303,0.015474776737392,0.015474776737392,83.039863586426,271.85000610352
25-SEP-2026,9.4788299643384,56725,3C111,0.48138880729675,88500,AP-N901-F303,0.015474776737392,0.015474776737392,83.96134185791,271.85000610352
25-SEP-2026,9.4788299643384,56725,3C111,0.48138880729675,88500,AP-N902-F303,0.015474776737392,0.015474776737392,83.039863586426,271.85000610352
25-SEP-2026,9.4821633293288,56725,3C111,0.48122018575668,88500,AP-N901-F303,0.015474776737392,0.015474776737392,83.96134185791,271.85000610352
25-SEP-2026,9.4821633293288,56725,3C111,0.48122018575668,88500,AP-N902-F303,0.015474776737392,0.015474776737392,83.039863586426,271.85000610352
25-SEP-2026,9.4860522611753,56725,3C111,0.48102274537086,88500,AP-N901-F303,0.015474776737392,0.015474776737392,83.96134185791,271.85000610352
25-SEP-2026,9.4860522611753,56725,3C111,0.48102274537086,88500,AP-N902-F303,0.015474776737392,0.015474776737392,83.039863586426,271.85000610352
25-SEP-2026,9.4896634081968,56725,3C111,0.4808389544487,88500,AP-N901-F303,0.015474776737392,0.015474776737392,83.96134185791,271.85000610352
25-SEP-2026,9.4896634081968,56725,3C111,0.4808389544487,88500,AP-N902-F303,0.015474776737392,0.015474776737392,83.039863586426,271.85000610352
25-SEP-2026,9.4929967791244,56725,3C111,0.48066848516464,88500,AP-N901-F303,0.015474776737392,0.015474776737392,83.96134185791,271.85000610352
25-SEP-2026,9.4929967791244,56725,3C111,0.48066848516464,88500,AP-N902-F303,0.015474776737392,0.015474776737392,83.039863586426,271.85000610352
25-SEP-2026,9.4966079226534,56725,3C111,0.48048314452171,88500,AP-N901-F303,0.015474776737392,0.015474776737392,83.96134185791,271.85000610352
25-SEP-2026,9.4966079226534,56725,3C111,0.48048314452171,88500,AP-N902-F303,0.015474776737392,0.015474776737392,83.039863586426,271.85000610352
25-SEP-2026,9.4999412874692,56725,3C111,0.48031157255173,88500,AP-N901-F303,0.015474776737392,0.015474776737392,83.96134185791,271.85000610352
25-SEP-2026,9.4999412874692,56725,3C111,0.48031157255173,88500,AP-N902-F303,0.015474776737392,0.015474776737392,83.039863586426,271.85000610352
25-SEP-2026,9.503274654555,56725,3C111,0.48013934493065,88500,AP-N901-F303,0.015474776737392,0.015474776737392,83.96134185791,271.85000610352
25-SEP-2026,9.503274654555,56725,3C111,0.48013934493065,88500,AP-N902-F303,0.015474776737392,0.015474776737392,83.039863586426,271.85000610352
25-SEP-2026,9.5068858017511,56725,3C111,0.47995203733444,88500,AP-N901-F303,0.015474776737392,0.015474776737392,83.96134185791,271.85000610352
25-SEP-2026,9.5068858017511,56725,3C111,0.47995203733444,88500,AP-N902-F303,0.015474776737392,0.015474776737392,83.039863586426,271.85000610352
25-SEP-2026,9.5102191686623,56725,3C111,0.47977855801582,88500,AP-N901-F303,0.015474776737392,0.015474776737392,83.96134185791,271.85000610352
25-SEP-2026,9.5102191686623,56725,3C111,0.47977855801582,88500,AP-N902-F303,0.015474776737392,0.015474776737392,83.039863586426,271.85000610352
25-SEP-2026,9.5138303184778,56725,3C111,0.47958996891975,88500,AP-N901-F303,0.015474776737392,0.015474776737392,83.96134185791,271.85000610352
25-SEP-2026,9.5138303184778,56725,3C111,0.47958996891975,88500,AP-N902-F303,0.015474776737392,0.015474776737392,83.039863586426,271.85000610352
25-SEP-2026,9.5171636827696,56725,3C111,0.47941520810127,88500,AP-N901-F303,0.015474776737392,0.015474776737392,83.96134185791,271.85000610352
25-SEP-2026,9.5171636827696,56725,3C111,0.47941520810127,88500,AP-N902-F303,0.015474776737392,0.015474776737392,83.039863586426,271.85000610352
25-SEP-2026,9.5204970496809,56725,3C111,0.47923994064331,88500,AP-N901-F303,0.015474776737392,0.015474776737392,83.96134185791,271.85000610352
25-SEP-2026,9.5204970496809,56725,3C111,0.47923994064331,88500,AP-N902-F303,0.015474776737392,0.015474776737392,83.039863586426,271.85000610352
25-SEP-2026,9.5238304146712,56725,3C111,0.47906410694122,88500,AP-N901-F303,0.015474776737392,0.015474776737392,83.96134185791,271.85000610352
25-SEP-2026,9.5238304146712,56725,3C111,0.47906410694122,88500,AP-N902-F303,0.015474776737392,0.015474776737392,83.039863586426,271.85000610352
25-SEP-2026,9.5274415637882,56725,3C111,0.47887289524078,88500,AP-N901-F303,0.015474776737392,0.015474776737392,83.96134185791,271.85000610352
25-SEP-2026,9.5274415637882,56725,3C111,0.47887289524078,88500,AP-N902-F303,0.015474776737392,0.015474776737392,83.039863586426,271.85000610352
25-SEP-2026,9.5310527113336,56725,3C111,0.47868096828461,88500,AP-N901-F303,0.015474776737392,0.015474776737392,83.96134185791,271.85000610352
25-SEP-2026,9.5310527113336,56725,3C111,0.47868096828461,88500,AP-N902-F303,0.015474776737392,0.015474776737392,83.039863586426,271.85000610352
25-SEP-2026,9.6531372730599,56730,3C84,0.3376245200634,88500,AP-N901-F303,0.015289407223463,0.015289407223463,91.011894226074,272.25
25-SEP-2026,9.6531372730599,56730,3C84,0.3376245200634,88500,AP-N902-F303,0.016119631007314,0.016119631007314,90.850105285645,272.25
25-SEP-2026,9.6707763414944,56734,3C84,0.33588656783104,88500,AP-N901-F303,0.015289407223463,0.015289407223463,91.011894226074,272.25
25-SEP-2026,9.6707763414944,56734,3C84,0.33588656783104,88500,AP-N902-F303,0.016119631007314,0.016119631007314,90.850105285645,272.25
25-SEP-2026,9.674109708231,56734,3C84,0.33555564284325,88500,AP-N901-F303,0.015289407223463,0.015289407223463,91.011894226074,272.25
25-SEP-2026,9.674109708231,56734,3C84,0.33555564284325,88500,AP-N902-F303,0.016119631007314,0.016119631007314,90.850105285645,272.25
25-SEP-2026,9.6774430725228,56734,3C84,0.33522528409958,88500,AP-N901-F303,0.015289407223463,0.015289407223463,91.011894226074,272.25
25-SEP-2026,9.6774430725228,56734,3C84,0.33522528409958,88500,AP-N902-F303,0.016119631007314,0.016119631007314,90.850105285645,272.25
25-SEP-2026,9.6810542195443,56734,3C84,0.3348668217659,88500,AP-N901-F303,0.015289407223463,0.015289407223463,91.011894226074,272.25
25-SEP-2026,9.6810542195443,56734,3C84,0.3348668217659,88500,AP-N902-F303,0.016119631007314,0.016119631007314,90.850105285645,272.25
25-SEP-2026,9.6843875869794,56734,3C84,0.33453544974327,88500,AP-N901-F303,0.015289407223463,0.015289407223463,91.011894226074,272.25
25-SEP-2026,9.6843875869794,56734,3C84,0.33453544974327,88500,AP-N902-F303,0.016119631007314,0.016119631007314,90.850105285645,272.25
25-SEP-2026,9.6879987336517,56734,3C84,0.33417597413063,88500,AP-N901-F303,0.015289407223463,0.015289407223463,91.011894226074,272.25
25-SEP-2026,9.6879987336517,56734,3C84,0.33417597413063,88500,AP-N902-F303,0.016119631007314,0.016119631007314,90.850105285645,272.25
25-SEP-2026,9.6916098806732,56734,3C84,0.33381602168083,88500,AP-N901-F303,0.015289407223463,0.015289407223463,91.011894226074,272.25
25-SEP-2026,9.6916098806732,56734,3C84,0.33381602168083,88500,AP-N902-F303,0.016119631007314,0.016119631007314,90.850105285645,272.25
25-SEP-2026,9.694943247759,56734,3C84,0.3334833085537,88500,AP-N901-F303,0.015289407223463,0.015289407223463,91.011894226074,272.25
25-SEP-2026,9.694943247759,56734,3C84,0.3334833085537,88500,AP-N902-F303,0.016119631007314,0.016119631007314,90.850105285645,272.25
25-SEP-2026,9.6982766176388,56734,3C84,0.33315014839172,88500,AP-N901-F303,0.015289407223463,0.015289407223463,91.011894226074,272.25
25-SEP-2026,9.6982766176388,56734,3C84,0.33315014839172,88500,AP-N902-F303,0.016119631007314,0.016119631007314,90.850105285645,272.25
25-SEP-2026,9.7016099824545,56734,3C84,0.33281654119492,88500,AP-N901-F303,0.015289407223463,0.015289407223463,91.011894226074,272.25
25-SEP-2026,9.7016099824545,56734,3C84,0.33281654119492,88500,AP-N902-F303,0.016119631007314,0.016119631007314,90.850105285645,272.25
25-SEP-2026,9.7049433486673,56734,3C84,0.33248248696327,88500,AP-N901-F303,0.015289407223463,0.015289407223463,91.011894226074,272.25
25-SEP-2026,9.7049433486673,56734,3C84,0.33248248696327,88500,AP-N902-F303,0.016119631007314,0.016119631007314,90.850105285645,272.25
25-SEP-2026,9.7085544967365,56734,3C84,0.33212018013,88500,AP-N901-F303,0.015289407223463,0.015289407223463,91.011894226074,272.25
25-SEP-2026,9.7085544967365,56734,3C84,0.33212018013,88500,AP-N902-F303,0.016119631007314,0.016119631007314,90.850105285645,272.25
25-SEP-2026,9.7118878645208,56734,3C84,0.33178517222404,88500,AP-N901-F303,0.015289407223463,0.015289407223463,91.011894226074,272.25
25-SEP-2026,9.7118878645208,56734,3C84,0.33178517222404,88500,AP-N902-F303,0.016119631007314,0.016119631007314,90.850105285645,272.25
25-SEP-2026,9.7154990127647,56734,3C84,0.33142176270485,88500,AP-N901-F303,0.015289407223463,0.015289407223463,91.011894226074,272.25
25-SEP-2026,9.7154990127647,56734,3C84,0.33142176270485,88500,AP-N902-F303,0.016119631007314,0.016119631007314,90.850105285645,272.25
25-SEP-2026,9.7536938444586,56739,3C111,0.46552959084511,88500,AP-N901-F303,0.01535305660218,0.01535305660218,84.708221435547,272.14999389648
25-SEP-2026,9.7536938444586,56739,3C111,0.46552959084511,88500,AP-N902-F303,0.01535305660218,0.01535305660218,83.778427124023,272.14999389648
25-SEP-2026,9.7707773434176,56743,3C111,0.46441489458084,88500,AP-N901-F303,0.01535305660218,0.01535305660218,84.708221435547,272.14999389648
25-SEP-2026,9.7707773434176,56743,3C111,0.46441489458084,88500,AP-N902-F303,0.01535305660218,0.01535305660218,83.778427124023,272.14999389648
25-SEP-2026,9.7741107112019,56743,3C111,0.46419543027878,88500,AP-N901-F303,0.01535305660218,0.01535305660218,84.708221435547,272.14999389648
25-SEP-2026,9.7741107112019,56743,3C111,0.46419543027878,88500,AP-N902-F303,0.01535305660218,0.01535305660218,83.778427124023,272.14999389648
25-SEP-2026,9.7774440821294,56743,3C111,0.46397563815117,88500,AP-N901-F303,0.01535305660218,0.01535305660218,84.708221435547,272.14999389648
25-SEP-2026,9.7774440821294,56743,3C111,0.46397563815117,88500,AP-N902-F303,0.01535305660218,0.01535305660218,83.778427124023,272.14999389648
25-SEP-2026,9.7810552254838,56743,3C111,0.46373680233955,88500,AP-N901-F303,0.01535305660218,0.01535305660218,84.708221435547,272.14999389648
25-SEP-2026,9.7810552254838,56743,3C111,0.46373680233955,88500,AP-N902-F303,0.01535305660218,0.01535305660218,83.778427124023,272.14999389648
25-SEP-2026,9.7846663733784,56743,3C111,0.46349734067917,88500,AP-N901-F303,0.01535305660218,0.01535305660218,84.708221435547,272.14999389648
25-SEP-2026,9.7846663733784,56743,3C111,0.46349734067917,88500,AP-N902-F303,0.01535305660218,0.01535305660218,83.778427124023,272.14999389648
25-SEP-2026,9.7882775221462,56743,3C111,0.46325725317001,88500,AP-N901-F303,0.01535305660218,0.01535305660218,84.708221435547,272.14999389648
25-SEP-2026,9.7882775221462,56743,3C111,0.46325725317001,88500,AP-N902-F303,0.01535305660218,0.01535305660218,83.778427124023,272.14999389648
25-SEP-2026,9.7916108897559,56743,3C111,0.46303498744965,88500,AP-N901-F303,0.01535305660218,0.01535305660218,84.708221435547,272.14999389648
25-SEP-2026,9.7916108897559,56743,3C111,0.46303498744965,88500,AP-N902-F303,0.01535305660218,0.01535305660218,83.778427124023,272.14999389648
25-SEP-2026,9.7952220376505,56743,3C111,0.46279349923134,88500,AP-N901-F303,0.01535305660218,0.01535305660218,84.708221435547,272.14999389648
25-SEP-2026,9.7952220376505,56743,3C111,0.46279349923134,88500,AP-N902-F303,0.01535305660218,0.01535305660218,83.778427124023,272.14999389648
25-SEP-2026,9.7985554015931,56743,3C111,0.46257001161575,88500,AP-N901-F303,0.01535305660218,0.01535305660218,84.708221435547,272.14999389648
25-SEP-2026,9.7985554015931,56743,3C111,0.46257001161575,88500,AP-N902-F303,0.01535305660218,0.01535305660218,83.778427124023,272.14999389648
25-SEP-2026,9.8018887685043,56743,3C111,0.46234601736069,88500,AP-N901-F303,0.01535305660218,0.01535305660218,84.708221435547,272.14999389648
25-SEP-2026,9.8018887685043,56743,3C111,0.46234601736069,88500,AP-N902-F303,0.01535305660218,0.01535305660218,83.778427124023,272.14999389648
25-SEP-2026,9.8057776980808,56743,3C111,0.46208399534225,88500,AP-N901-F303,0.01535305660218,0.01535305660218,84.708221435547,272.14999389648
25-SEP-2026,9.8057776980808,56743,3C111,0.46208399534225,88500,AP-N902-F303,0.01535305660218,0.01535305660218,83.778427124023,272.14999389648
25-SEP-2026,9.8096666274827,56743,3C111,0.4618211388588,88500,AP-N901-F303,0.01535305660218,0.01535305660218,84.708221435547,272.14999389648
25-SEP-2026,9.8096666274827,56743,3C111,0.4618211388588,88500,AP-N902-F303,0.01535305660218,0.01535305660218,83.778427124023,272.14999389648
25-SEP-2026,9.8129999926477,56743,3C111,0.46159529685974,88500,AP-N901-F303,0.01535305660218,0.01535305660218,84.708221435547,272.14999389648
25-SEP-2026,9.8129999926477,56743,3C111,0.46159529685974,88500,AP-N902-F303,0.01535305660218,0.01535305660218,83.778427124023,272.14999389648
25-SEP-2026,9.8163333569395,56743,3C111,0.46136882901192,88500,AP-N901-F303,0.01535305660218,0.01535305660218,84.708221435547,272.14999389648
25-SEP-2026,9.8163333569395,56743,3C111,0.46136882901192,88500,AP-N902-F303,0.01535305660218,0.01535305660218,83.778427124023,272.14999389648
25-SEP-2026,9.8199445041356,56743,3C111,0.4611229300499,88500,AP-N901-F303,0.01535305660218,0.01535305660218,84.708221435547,272.14999389648
25-SEP-2026,9.8199445041356,56743,3C111,0.4611229300499,88500,AP-N902-F303,0.01535305660218,0.01535305660218,83.778427124023,272.14999389648
25-SEP-2026,9.8232778712215,56743,3C111,0.46089541912079,88500,AP-N901-F303,0.01535305660218,0.01535305660218,84.708221435547,272.14999389648
25-SEP-2026,9.8232778712215,56743,3C111,0.46089541912079,88500,AP-N902-F303,0.01535305660218,0.01535305660218,83.778427124023,272.14999389648
25-SEP-2026,9.8268890212116,56743,3C111,0.46064817905426,88500,AP-N901-F303,0.01535305660218,0.01535305660218,84.708221435547,272.14999389648
25-SEP-2026,9.8268890212116,56743,3C111,0.46064817905426,88500,AP-N902-F303,0.01535305660218,0.01535305660218,83.778427124023,272.14999389648
25-SEP-2026,9.8302223877735,56743,3C111,0.46041944622993,88500,AP-N901-F303,0.01535305660218,0.01535305660218,84.708221435547,272.14999389648
25-SEP-2026,9.8302223877735,56743,3C111,0.46041944622993,88500,AP-N902-F303,0.01535305660218,0.01535305660218,83.778427124023,272.14999389648
25-SEP-2026,9.8338335379382,56743,3C111,0.46017089486122,88500,AP-N901-F303,0.01535305660218,0.01535305660218,84.708221435547,272.14999389648
25-SEP-2026,9.8338335379382,56743,3C111,0.46017089486122,88500,AP-N902-F303,0.01535305660218,0.01535305660218,83.778427124023,272.14999389648
25-SEP-2026,9.8371669020555,56743,3C111,0.45994099974632,88500,AP-N901-F303,0.01535305660218,0.01535305660218,84.708221435547,272.14999389648
25-SEP-2026,9.8371669020555,56743,3C111,0.45994099974632,88500,AP-N902-F303,0.01535305660218,0.01535305660218,83.778427124023,272.14999389648
25-SEP-2026,9.840778049077,56743,3C111,0.45969116687775,88500,AP-N901-F303,0.01535305660218,0.01535305660218,84.708221435547,272.14999389648
25-SEP-2026,9.840778049077,56743,3C111,0.45969116687775,88500,AP-N902-F303,0.01535305660218,0.01535305660218,83.778427124023,272.14999389648
25-SEP-2026,9.8443891966223,56743,3C111,0.45944082736969,88500,AP-N901-F303,0.01535305660218,0.01535305660218,84.708221435547,272.14999389648
25-SEP-2026,9.8443891966223,56743,3C111,0.45944082736969,88500,AP-N902-F303,0.01535305660218,0.01535305660218,83.778427124023,272.14999389648
25-SEP-2026,9.8485559064837,56743,3C111,0.45915114879608,88500,AP-N901-F303,0.01535305660218,0.01535305660218,84.708221435547,272.14999389648
25-SEP-2026,9.8485559064837,56743,3C111,0.45915114879608,88500,AP-N902-F303,0.01535305660218,0.01535305660218,83.778427124023,272.14999389648
25-SEP-2026,9.8524448323931,56743,3C111,0.45887997746468,88500,AP-N901-F303,0.01535305660218,0.01535305660218,84.708221435547,272.14999389648
25-SEP-2026,9.8524448323931,56743,3C111,0.45887997746468,88500,AP-N902-F303,0.01535305660218,0.01535305660218,83.778427124023,272.14999389648
25-SEP-2026,9.856055977843,56743,3C111,0.45862746238708,88500,AP-N901-F303,0.01535305660218,0.01535305660218,84.708221435547,272.14999389648
25-SEP-2026,9.856055977843,56743,3C111,0.45862746238708,88500,AP-N902-F303,0.01535305660218,0.01535305660218,83.778427124023,272.14999389648
25-SEP-2026,9.859389349469,56743,3C111,0.4583937227726,88500,AP-N901-F303,0.01535305660218,0.01535305660218,84.708221435547,272.14999389648
25-SEP-2026,9.859389349469,56743,3C111,0.4583937227726,88500,AP-N902-F303,0.01535305660218,0.01535305660218,83.778427124023,272.14999389648
25-SEP-2026,9.8627227170787,56743,3C111,0.45815953612328,88500,AP-N901-F303,0.01535305660218,0.01535305660218,84.708221435547,272.14999389648
25-SEP-2026,9.8627227170787,56743,3C111,0.45815953612328,88500,AP-N902-F303,0.01535305660218,0.01535305660218,83.778427124023,272.14999389648
25-SEP-2026,9.8660560820691,56743,3C111,0.45792484283447,88500,AP-N901-F303,0.01535305660218,0.01535305660218,84.708221435547,272.14999389648
25-SEP-2026,9.8660560820691,56743,3C111,0.45792484283447,88500,AP-N902-F303,0.01535305660218,0.01535305660218,83.778427124023,272.14999389648
25-SEP-2026,9.9870295191634,56748,3C84,0.30267149209976,88500,AP-N901-F303,0.012365566566586,0.012365566566586,93.054061889648,271.85000610352
25-SEP-2026,9.9870295191634,56748,3C84,0.30267149209976,88500,AP-N902-F303,0.016872158274055,0.016872158274055,93.982688903809,271.85000610352
26-SEP-2026,0.049299753170028,57270,1749+096,0.80897760391235,88500,AP-N901-F303,0.016135999932885,0.016135999932885,77.659767150879,273.25
26-SEP-2026,0.049299753170028,57270,1749+096,0.80897760391235,88500,AP-N902-F303,0.016135999932885,0.016135999932885,76.625274658203,273.25
26-SEP-2026,0.1369395269147,57275,J1517-2422,0.47575786709785,88500,AP-N901-F303,0.016008395701647,0.016008395701647,85.224273681641,273.64999389648
26-SEP-2026,0.1369395269147,57275,J1517-2422,0.47575786709785,88500,AP-N902-F303,0.016008395701647,0.016008395701647,84.385986328125,273.64999389648
26-SEP-2026,0.18541223473775,57277,J1517-2422,0.46454602479935,88500,AP-N901-F303,0.016008395701647,0.016008395701647,85.224273681641,273.64999389648
26-SEP-2026,0.18541223473775,57277,J1517-2422,0.46454602479935,88500,AP-N902-F303,0.016008395701647,0.016008395701647,84.385986328125,273.64999389648
26-SEP-2026,0.32708033125842,57282,1749+096,0.75989711284637,88500,AP-N901-F303,0.015673540532589,0.015673540532589,78.40608215332,273.64999389648
26-SEP-2026,0.32708033125842,57282,1749+096,0.75989711284637,88500,AP-N902-F303,0.015673540532589,0.015673540532589,77.295837402344,273.64999389648
26-SEP-2026,0.38291423225999,57284,1749+096,0.74962216615677,88500,AP-N901-F303,0.015673540532589,0.015673540532589,78.40608215332,273.64999389648
26-SEP-2026,0.38291423225999,57284,1749+096,0.74962216615677,88500,AP-N902-F303,0.015673540532589,0.015673540532589,77.295837402344,273.64999389648
26-SEP-2026,0.47041510686913,57289,J1517-2422,0.39884912967682,88500,AP-N901-F303,0.015277174301445,0.015277174301445,88.274368286133,274.25
26-SEP-2026,0.47041510686913,57289,J1517-2422,0.39884912967682,88500,AP-N902-F303,0.012080757878721,0.012080757878721,86.823318481445,274.25
26-SEP-2026,0.51902671557394,57291,J1517-2422,0.38768666982651,88500,AP-N901-F303,0.015277174301445,0.015277174301445,88.274368286133,274.25
26-SEP-2026,0.51902671557394,57291,J1517-2422,0.38768666982651,88500,AP-N902-F303,0.012080757878721,0.012080757878721,86.823318481445,274.25
26-SEP-2026,0.66125038384028,57296,1749+096,0.6967796087265,88500,AP-N901-F303,0.015026388689876,0.015026388689876,79.678466796875,275.14999389648
26-SEP-2026,0.66125038384028,57296,1749+096,0.6967796087265,88500,AP-N902-F303,0.015026388689876,0.015026388689876,78.366767883301,275.14999389648
26-SEP-2026,0.71597315130403,57298,1749+096,0.68607091903687,88500,AP-N901-F303,0.015026388689876,0.015026388689876,79.678466796875,275.14999389648
26-SEP-2026,0.71597315130403,57298,1749+096,0.68607091903687,88500,AP-N902-F303,0.015026388689876,0.015026388689876,78.366767883301,275.14999389648
26-SEP-2026,0.80375182069177,57303,J1517-2422,0.32256370782852,88500,AP-N901-F303,0.014908196404576,0.014908196404576,93.51375579834,275.45001220703
26-SEP-2026,0.80375182069177,57303,J1517-2422,0.32256370782852,88500,AP-N902-F303,0.013474519364536,0.013474519364536,92.026359558105,275.45001220703
26-SEP-2026,0.85236341699835,57305,J1517-2422,0.31149482727051,88500,AP-N901-F303,0.014908196404576,0.014908196404576,93.51375579834,275.45001220703
26-SEP-2026,0.85236341699835,57305,J1517-2422,0.31149482727051,88500,AP-N902-F303,0.013474519364536,0.013474519364536,92.026359558105,275.45001220703
26-SEP-2026,4.5783563195511,57356,3C84,0.2336457669735,88500,AP-N901-F303,0.014181045815349,0.014181045815349,108.82759094238,275.64999389648
26-SEP-2026,4.5783563195511,57356,3C84,0.2336457669735,88500,AP-N902-F303,0.018431005999446,0.018431005999446,109.61598205566,275.64999389648
26-SEP-2026,4.6411347371047,57358,3C84,0.24173811078072,88500,AP-N901-F303,0.014181045815349,0.014181045815349,108.82759094238,275.64999389648
26-SEP-2026,4.6411347371047,57358,3C84,0.24173811078072,88500,AP-N902-F303,0.018431005999446,0.018431005999446,109.61598205566,275.64999389648
26-SEP-2026,4.8272477230392,57363,3C84,0.26505517959595,88500,AP-N901-F303,0.015494192019105,0.015494192019105,102.50028991699,275.04998779297
26-SEP-2026,4.8272477230392,57363,3C84,0.26505517959595,88500,AP-N902-F303,0.014332163147628,0.014332163147628,101.06651306152,275.04998779297
26-SEP-2026,4.8911372575414,57365,3C84,0.27277565002441,88500,AP-N901-F303,0.015494192019105,0.015494192019105,102.50028991699,275.04998779297
26-SEP-2026,4.8911372575414,57365,3C84,0.27277565002441,88500,AP-N902-F303,0.014332163147628,0.014332163147628,101.06651306152,275.04998779297
26-SEP-2026,5.0769724703505,57370,3C84,0.29450339078903,88500,AP-N901-F303,0.015361870639026,0.015361870639026,98.78125,275.95001220703
26-SEP-2026,5.0769724703505,57370,3C84,0.29450339078903,88500,AP-N902-F303,0.011989626102149,0.011989626102149,96.384696960449,275.95001220703
26-SEP-2026,5.1408620041543,57372,3C84,0.30166816711426,88500,AP-N901-F303,0.015361870639026,0.015361870639026,98.78125,275.95001220703
26-SEP-2026,5.1408620041543,57372,3C84,0.30166816711426,88500,AP-N902-F303,0.011989626102149,0.011989626102149,96.384696960449,275.95001220703
26-SEP-2026,5.3275305625329,57377,3C84,0.32181340456009,88500,AP-N901-F303,0.015553278848529,0.015553278848529,95.43480682373,275.25
26-SEP-2026,5.3275305625329,57377,3C84,0.32181340456009,88500,AP-N902-F303,0.013152576051652,0.013152576051652,93.616081237793,275.25
26-SEP-2026,5.3908645361161,57379,3C84,0.328323751688,88500,AP-N901-F303,0.015553278848529,0.015553278848529,95.43480682373,275.25
26-SEP-2026,5.3908645361161,57379,3C84,0.328323751688,88500,AP-N902-F303,0.013152576051652,0.013152576051652,93.616081237793,275.25
26-SEP-2026,5.576977532528,57384,3C84,0.34662050008774,88500,AP-N901-F303,0.01580249145627,0.01580249145627,93.665351867676,275.14999389648
26-SEP-2026,5.576977532528,57384,3C84,0.34662050008774,88500,AP-N902-F303,0.012271731160581,0.012271731160581,91.602821350098,275.14999389648
26-SEP-2026,5.6408670686018,57386,3C84,0.35255226492882,88500,AP-N901-F303,0.01580249145627,0.01580249145627,93.665351867676,275.14999389648
26-SEP-2026,5.6408670686018,57386,3C84,0.35255226492882,88500,AP-N902-F303,0.012271731160581,0.012271731160581,91.602821350098,275.14999389648
26-SEP-2026,5.8272578355197,57391,3C84,0.36896625161171,88500,AP-N901-F303,0.01577271707356,0.01577271707356,91.619201660156,274.75
26-SEP-2026,5.8272578355197,57391,3C84,0.36896625161171,88500,AP-N902-F303,0.012484901584685,0.012484901584685,89.78076171875,274.75
26-SEP-2026,5.8908695991667,57393,3C84,0.37419945001602,88500,AP-N901-F303,0.01577271707356,0.01577271707356,91.619201660156,274.75
26-SEP-2026,5.8908695991667,57393,3C84,0.37419945001602,88500,AP-N902-F303,0.012484901584685,0.012484901584685,89.78076171875,274.75
26-SEP-2026,6.0780937242269,57398,3C84,0.38865375518799,88500,AP-N901-F303,0.015735410153866,0.015735410153866,91.062194824219,274.45001220703
26-SEP-2026,6.0780937242269,57398,3C84,0.38865375518799,88500,AP-N902-F303,0.015735410153866,0.015735410153866,89.839065551758,274.45001220703
26-SEP-2026,6.1411499122865,57400,3C84,0.39313641190529,88500,AP-N901-F303,0.015735410153866,0.015735410153866,91.062194824219,274.45001220703
26-SEP-2026,6.1411499122865,57400,3C84,0.39313641190529,88500,AP-N902-F303,0.015735410153866,0.015735410153866,89.839065551758,274.45001220703
26-SEP-2026,6.238474647814,57403,IK-TAU,0.80335533618927,88500,AP-N901-F303,0.015794744715095,0.015794744715095,79.606857299805,274.95001220703
26-SEP-2026,6.238474647814,57403,IK-TAU,0.80335533618927,88500,AP-N902-F303,0.015794744715095,0.015794744715095,78.244979858398,274.95001220703
26-SEP-2026,6.3273729430044,57407,3C84,0.40539222955704,88500,AP-N901-F303,0.01573583856225,0.01573583856225,88.573219299316,274.95001220703
26-SEP-2026,6.3273729430044,57407,3C84,0.40539222955704,88500,AP-N902-F303,0.013113867491484,0.013113867491484,87.012840270996,274.95001220703
26-SEP-2026,6.3911235783711,57409,3C84,0.40918076038361,88500,AP-N901-F303,0.01573583856225,0.01573583856225,88.573219299316,274.95001220703
26-SEP-2026,6.3911235783711,57409,3C84,0.40918076038361,88500,AP-N902-F303,0.013113867491484,0.013113867491484,87.012840270996,274.95001220703
26-SEP-2026,6.5776532473931,57414,3C84,0.41923475265503,88500,AP-N901-F303,0.015863953158259,0.015863953158259,89.06867980957,274.54998779297
26-SEP-2026,6.5776532473931,57414,3C84,0.41923475265503,88500,AP-N902-F303,0.015863953158259,0.015863953158259,87.747802734375,274.54998779297
26-SEP-2026,6.640987214166,57416,3C84,0.42222830653191,88500,AP-N901-F303,0.015863953158259,0.015863953158259,89.06867980957,274.54998779297
26-SEP-2026,6.640987214166,57416,3C84,0.42222830653191,88500,AP-N902-F303,0.015863953158259,0.015863953158259,87.747802734375,274.54998779297
26-SEP-2026,6.8273779926089,57421,3C84,0.4299758374691,88500,AP-N901-F303,0.015788029879332,0.015788029879332,88.855392456055,274.85000610352
26-SEP-2026,6.8273779926089,57421,3C84,0.4299758374691,88500,AP-N902-F303,0.015788029879332,0.015788029879332,87.825485229492,274.85000610352
26-SEP-2026,6.8909897393175,57423,3C84,0.43218484520912,88500,AP-N901-F303,0.015788029879332,0.015788029879332,88.855392456055,274.85000610352
26-SEP-2026,6.8909897393175,57423,3C84,0.43218484520912,88500,AP-N902-F303,0.015788029879332,0.015788029879332,87.825485229492,274.85000610352
26-SEP-2026,7.0779360744886,57428,3C84,0.43757972121239,88500,AP-N901-F303,0.015920788049698,0.015920788049698,88.407089233398,275.04998779297
26-SEP-2026,7.0779360744886,57428,3C84,0.43757972121239,88500,AP-N902-F303,0.015920788049698,0.015920788049698,87.063629150391,275.04998779297
26-SEP-2026,7.1412700452778,57430,3C84,0.43896389007568,88500,AP-N901-F303,0.015920788049698,0.015920788049698,88.407089233398,275.04998779297
26-SEP-2026,7.1412700452778,57430,3C84,0.43896389007568,88500,AP-N902-F303,0.015920788049698,0.015920788049698,87.063629150391,275.04998779297
26-SEP-2026,7.3276608221492,57435,3C84,0.44192969799042,88500,AP-N901-F303,0.015828223899007,0.015828223899007,87.107414245605,275.45001220703
26-SEP-2026,7.3276608221492,57435,3C84,0.44192969799042,88500,AP-N902-F303,0.015828223899007,0.015828223899007,85.915687561035,275.45001220703
26-SEP-2026,7.3909947918907,57437,3C84,0.44248914718628,88500,AP-N901-F303,0.015828223899007,0.015828223899007,87.107414245605,275.45001220703
26-SEP-2026,7.3909947918907,57437,3C84,0.44248914718628,88500,AP-N902-F303,0.015828223899007,0.015828223899007,85.915687561035,275.45001220703
26-SEP-2026,7.5773855699844,57442,3C84,0.4430188536644,88500,AP-N901-F303,0.015792245045304,0.015792245045304,87.634414672852,275.14999389648
26-SEP-2026,7.5773855699844,57442,3C84,0.4430188536644,88500,AP-N902-F303,0.015792245045304,0.015792245045304,86.718376159668,275.14999389648
26-SEP-2026,7.6409973172168,57444,3C84,0.44274657964706,88500,AP-N901-F303,0.015792245045304,0.015792245045304,87.634414672852,275.14999389648
26-SEP-2026,7.6409973172168,57444,3C84,0.44274657964706,88500,AP-N902-F303,0.015792245045304,0.015792245045304,86.718376159668,275.14999389648
26-SEP-2026,7.739296110909,57447,IK-TAU,0.96205395460129,88500,AP-N901-F303,0.015868065878749,0.015868065878749,76.617080688477,275.25
26-SEP-2026,7.739296110909,57447,IK-TAU,0.96205395460129,88500,AP-N902-F303,0.015868065878749,0.015868065878749,75.277565002441,275.25
26-SEP-2026,7.8276657970151,57451,3C84,0.4408278465271,88500,AP-N901-F303,0.015901571139693,0.015901571139693,88.057655334473,275.04998779297
26-SEP-2026,7.8276657970151,57451,3C84,0.4408278465271,88500,AP-N902-F303,0.015901571139693,0.015901571139693,86.78670501709,275.04998779297
26-SEP-2026,7.8909997737415,57453,3C84,0.43972805142403,88500,AP-N901-F303,0.015901571139693,0.015901571139693,88.057655334473,275.04998779297
26-SEP-2026,7.8909997737415,57453,3C84,0.43972805142403,88500,AP-N902-F303,0.015901571139693,0.015901571139693,86.78670501709,275.04998779297
26-SEP-2026,8.0776683136101,57458,3C84,0.43537873029709,88500,AP-N901-F303,0.016058012843132,0.016058012843132,89.29655456543,274.64999389648
26-SEP-2026,8.0776683136101,57458,3C84,0.43537873029709,88500,AP-N902-F303,0.016058012843132,0.016058012843132,88.12361907959,274.64999389648
26-SEP-2026,8.1410022967976,57460,3C84,0.43346044421196,88500,AP-N901-F303,0.016058012843132,0.016058012843132,89.29655456543,274.64999389648
26-SEP-2026,8.1410022967976,57460,3C84,0.43346044421196,88500,AP-N902-F303,0.016058012843132,0.016058012843132,88.12361907959,274.64999389648
26-SEP-2026,8.3276708417303,57465,3C84,0.42671877145767,88500,AP-N901-F303,0.015905540436506,0.015905540436506,89.540977478027,274.25
26-SEP-2026,8.3276708417303,57465,3C84,0.42671877145767,88500,AP-N902-F303,0.015905540436506,0.015905540436506,88.271118164062,274.25
26-SEP-2026,8.3910048189806,57467,3C84,0.42399853467941,88500,AP-N901-F303,0.015905540436506,0.015905540436506,89.540977478027,274.25
26-SEP-2026,8.3910048189806,57467,3C84,0.42399853467941,88500,AP-N902-F303,0.015905540436506,0.015905540436506,88.271118164062,274.25
26-SEP-2026,8.5771178098045,57472,3C84,0.41495198011398,88500,AP-N901-F303,0.016067983582616,0.016067983582616,89.717361450195,274.64999389648
26-SEP-2026,8.5771178098045,57472,3C84,0.41495198011398,88500,AP-N902-F303,0.016067983582616,0.016067983582616,88.35164642334,274.64999389648
26-SEP-2026,8.6493407593147,57474,3C84,0.41094332933426,88500,AP-N901-F303,0.016067983582616,0.016067983582616,89.717361450195,274.64999389648
26-SEP-2026,8.6493407593147,57474,3C84,0.41094332933426,88500,AP-N902-F303,0.016067983582616,0.016067983582616,88.35164642334,274.64999389648
26-SEP-2026,8.7535084756394,57479,3C84,0.40479844808578,88500,AP-N901-F303,0.016053980216384,0.016053980216384,90.168807983398,274.14999389648
26-SEP-2026,8.7535084756394,57479,3C84,0.40479844808578,88500,AP-N902-F303,0.016053980216384,0.016053980216384,89.213478088379,274.14999389648
26-SEP-2026,8.8776931429186,57482,O-CETI,0.87691366672516,88500,AP-N901-F303,0.01617175154388,0.01617175154388,76.850006103516,274.45001220703
26-SEP-2026,8.8776931429186,57482,O-CETI,0.87691366672516,88500,AP-N902-F303,0.01617175154388,0.01617175154388,75.7578125,274.45001220703
26-SEP-2026,8.9815914165073,57487,0506+056,1.0603535175323,88500,AP-N901-F303,0.016393048688769,0.016393048688769,75.98747253418,273.85000610352
26-SEP-2026,8.9815914165073,57487,0506+056,1.0603535175323,88500,AP-N902-F303,0.016393048688769,0.016393048688769,74.452827453613,273.85000610352
