2026.269.09:00:00;APEX Database GPS vs Devices offset for c262b
2026.269.09:00:00;The format is gps-fmout/[seconds] and gps-maser/[seconds]
2026.269.09:01:00/gps-fmout/+4.044545e-07
2026.269.09:01:00/gps-maser/+3.441399e-07
2026.269.09:02:00/gps-fmout/+4.026364e-07
2026.269.09:02:00/gps-maser/+3.415741e-07
2026.269.09:03:00/gps-fmout/+4.008397e-07
2026.269.09:03:00/gps-maser/+3.399175e-07
2026.269.09:04:00/gps-fmout/+4.010000e-07
2026.269.09:04:00/gps-maser/+3.410025e-07
2026.269.09:05:00/gps-fmout/+4.030648e-07
2026.269.09:05:00/gps-maser/+3.420696e-07
2026.269.09:06:00/gps-fmout/+4.032994e-07
2026.269.09:06:00/gps-maser/+3.422512e-07
2026.269.09:07:00/gps-fmout/+4.036247e-07
2026.269.09:07:00/gps-maser/+3.425524e-07
2026.269.09:08:00/gps-fmout/+4.010678e-07
2026.269.09:08:00/gps-maser/+3.390540e-07
2026.269.09:09:00/gps-fmout/+4.020066e-07
2026.269.09:09:00/gps-maser/+3.400036e-07
2026.269.09:10:00/gps-fmout/+4.024207e-07
2026.269.09:10:00/gps-maser/+3.403162e-07
2026.269.09:11:00/gps-fmout/+4.023737e-07
2026.269.09:11:00/gps-maser/+3.416428e-07
2026.269.09:12:00/gps-fmout/+4.014252e-07
2026.269.09:12:00/gps-maser/+3.433805e-07
2026.269.09:13:00/gps-fmout/+4.032301e-07
2026.269.09:13:00/gps-maser/+3.439059e-07
2026.269.09:14:00/gps-fmout/+4.043523e-07
2026.269.09:14:00/gps-maser/+3.422208e-07
2026.269.09:15:00/gps-fmout/+4.072000e-07
2026.269.09:15:00/gps-maser/+3.457236e-07
2026.269.09:16:00/gps-fmout/+4.065162e-07
2026.269.09:16:00/gps-maser/+3.455758e-07
2026.269.09:17:00/gps-fmout/+4.066705e-07
2026.269.09:17:00/gps-maser/+3.461183e-07
2026.269.09:18:00/gps-fmout/+4.092683e-07
2026.269.09:18:00/gps-maser/+3.503753e-07
2026.269.09:19:00/gps-fmout/+4.102692e-07
2026.269.09:19:00/gps-maser/+3.509644e-07
2026.269.09:20:00/gps-fmout/+4.119091e-07
2026.269.09:20:00/gps-maser/+3.500319e-07
2026.269.09:21:00/gps-fmout/+4.100909e-07
2026.269.09:21:00/gps-maser/+3.518781e-07
2026.269.09:22:00/gps-fmout/+4.091743e-07
2026.269.09:22:00/gps-maser/+3.499956e-07
2026.269.09:23:00/gps-fmout/+4.094545e-07
2026.269.09:23:00/gps-maser/+3.480161e-07
2026.269.09:24:00/gps-fmout/+4.076364e-07
2026.269.09:24:00/gps-maser/+3.484877e-07
2026.269.09:25:00/gps-fmout/+4.057949e-07
2026.269.09:25:00/gps-maser/+3.448336e-07
2026.269.09:26:00/gps-fmout/+4.030000e-07
2026.269.09:26:00/gps-maser/+3.424698e-07
2026.269.09:27:00/gps-fmout/+4.021818e-07
2026.269.09:27:00/gps-maser/+3.411586e-07
2026.269.09:28:00/gps-fmout/+4.003636e-07
2026.269.09:28:00/gps-maser/+3.416918e-07
2026.269.09:29:00/gps-fmout/+3.987802e-07
2026.269.09:29:00/gps-maser/+3.410000e-07
2026.269.09:30:00/gps-fmout/+4.003315e-07
2026.269.09:30:00/gps-maser/+3.410000e-07
2026.269.09:31:00/gps-fmout/+4.030507e-07
2026.269.09:31:00/gps-maser/+3.410184e-07
2026.269.09:32:00/gps-fmout/+4.038866e-07
2026.269.09:32:00/gps-maser/+3.436305e-07
2026.269.09:33:00/gps-fmout/+4.055025e-07
2026.269.09:33:00/gps-maser/+3.440000e-07
2026.269.09:34:00/gps-fmout/+4.056385e-07
2026.269.09:34:00/gps-maser/+3.440000e-07
2026.269.09:35:00/gps-fmout/+4.042321e-07
2026.269.09:35:00/gps-maser/+3.440903e-07
2026.269.09:36:00/gps-fmout/+4.062354e-07
2026.269.09:36:00/gps-maser/+3.462504e-07
2026.269.09:37:00/gps-fmout/+4.090000e-07
2026.269.09:37:00/gps-maser/+3.471741e-07
2026.269.09:38:00/gps-fmout/+4.070077e-07
2026.269.09:38:00/gps-maser/+3.460000e-07
2026.269.09:39:00/gps-fmout/+4.067804e-07
2026.269.09:39:00/gps-maser/+3.460000e-07
2026.269.09:40:00/gps-fmout/+4.055455e-07
2026.269.09:40:00/gps-maser/+3.455931e-07
2026.269.09:41:00/gps-fmout/+4.037112e-07
2026.269.09:41:00/gps-maser/+3.418129e-07
2026.269.09:42:00/gps-fmout/+4.019624e-07
2026.269.09:42:00/gps-maser/+3.409931e-07
2026.269.09:43:00/gps-fmout/+4.022254e-07
2026.269.09:43:00/gps-maser/+3.414701e-07
2026.269.09:44:00/gps-fmout/+4.008400e-07
2026.269.09:44:00/gps-maser/+3.404605e-07
2026.269.09:45:00/gps-fmout/+3.969091e-07
2026.269.09:45:00/gps-maser/+3.354318e-07
2026.269.09:46:00/gps-fmout/+3.933569e-07
2026.269.09:46:00/gps-maser/+3.335466e-07
2026.269.09:47:00/gps-fmout/+3.919549e-07
2026.269.09:47:00/gps-maser/+3.310275e-07
2026.269.09:48:00/gps-fmout/+3.925417e-07
2026.269.09:48:00/gps-maser/+3.326821e-07
2026.269.09:49:00/gps-fmout/+3.919639e-07
2026.269.09:49:00/gps-maser/+3.311594e-07
2026.269.09:50:00/gps-fmout/+3.899527e-07
2026.269.09:50:00/gps-maser/+3.298784e-07
2026.269.09:51:00/gps-fmout/+3.898137e-07
2026.269.09:51:00/gps-maser/+3.297605e-07
2026.269.09:52:00/gps-fmout/+3.889468e-07
2026.269.09:52:00/gps-maser/+3.292424e-07
2026.269.09:53:00/gps-fmout/+3.901480e-07
2026.269.09:53:00/gps-maser/+3.310632e-07
2026.269.09:54:00/gps-fmout/+3.933821e-07
2026.269.09:54:00/gps-maser/+3.317677e-07
2026.269.09:55:00/gps-fmout/+3.924340e-07
2026.269.09:55:00/gps-maser/+3.306515e-07
2026.269.09:56:00/gps-fmout/+3.898218e-07
2026.269.09:56:00/gps-maser/+3.295529e-07
2026.269.09:57:00/gps-fmout/+3.856924e-07
2026.269.09:57:00/gps-maser/+3.280008e-07
2026.269.09:58:00/gps-fmout/+3.873444e-07
2026.269.09:58:00/gps-maser/+3.290218e-07
2026.269.09:59:00/gps-fmout/+3.920000e-07
2026.269.09:59:00/gps-maser/+3.316026e-07
2026.269.10:00:00/gps-fmout/+3.974703e-07
2026.269.10:00:00/gps-maser/+3.361963e-07
2026.269.10:01:00/gps-fmout/+4.010502e-07
2026.269.10:01:00/gps-maser/+3.394160e-07
2026.269.10:02:00/gps-fmout/+4.047923e-07
2026.269.10:02:00/gps-maser/+3.437696e-07
2026.269.10:03:00/gps-fmout/+4.028044e-07
2026.269.10:03:00/gps-maser/+3.448826e-07
2026.269.10:04:00/gps-fmout/+4.020480e-07
2026.269.10:04:00/gps-maser/+3.410561e-07
2026.269.10:05:00/gps-fmout/+4.048095e-07
2026.269.10:05:00/gps-maser/+3.444077e-07
2026.269.10:06:00/gps-fmout/+4.042811e-07
2026.269.10:06:00/gps-maser/+3.429838e-07
2026.269.10:07:00/gps-fmout/+4.030000e-07
2026.269.10:07:00/gps-maser/+3.407316e-07
2026.269.10:08:00/gps-fmout/+4.030000e-07
2026.269.10:08:00/gps-maser/+3.413409e-07
2026.269.10:09:00/gps-fmout/+4.029790e-07
2026.269.10:09:00/gps-maser/+3.439686e-07
2026.269.10:10:00/gps-fmout/+4.020000e-07
2026.269.10:10:00/gps-maser/+3.434949e-07
2026.269.10:11:00/gps-fmout/+4.038914e-07
2026.269.10:11:00/gps-maser/+3.429709e-07
2026.269.10:12:00/gps-fmout/+4.019326e-07
2026.269.10:12:00/gps-maser/+3.414638e-07
2026.269.10:13:00/gps-fmout/+4.022565e-07
2026.269.10:13:00/gps-maser/+3.424537e-07
2026.269.10:14:00/gps-fmout/+4.026095e-07
2026.269.10:14:00/gps-maser/+3.397263e-07
2026.269.10:15:00/gps-fmout/+3.978119e-07
2026.269.10:15:00/gps-maser/+3.378982e-07
2026.269.10:16:00/gps-fmout/+3.944222e-07
2026.269.10:16:00/gps-maser/+3.340726e-07
2026.269.10:17:00/gps-fmout/+3.928065e-07
2026.269.10:17:00/gps-maser/+3.318993e-07
2026.269.10:18:00/gps-fmout/+3.925159e-07
2026.269.10:18:00/gps-maser/+3.297686e-07
2026.269.10:19:00/gps-fmout/+3.908918e-07
2026.269.10:19:00/gps-maser/+3.301136e-07
2026.269.10:20:00/gps-fmout/+3.909196e-07
2026.269.10:20:00/gps-maser/+3.308972e-07
2026.269.10:21:00/gps-fmout/+3.890000e-07
2026.269.10:21:00/gps-maser/+3.294680e-07
2026.269.10:22:00/gps-fmout/+3.902266e-07
2026.269.10:22:00/gps-maser/+3.288246e-07
2026.269.10:23:00/gps-fmout/+3.889232e-07
2026.269.10:23:00/gps-maser/+3.271799e-07
2026.269.10:24:00/gps-fmout/+3.891794e-07
2026.269.10:24:00/gps-maser/+3.278653e-07
2026.269.10:25:00/gps-fmout/+3.899969e-07
2026.269.10:25:00/gps-maser/+3.270939e-07
2026.269.10:26:00/gps-fmout/+3.890317e-07
2026.269.10:26:00/gps-maser/+3.289644e-07
2026.269.10:27:00/gps-fmout/+3.895793e-07
2026.269.10:27:00/gps-maser/+3.275606e-07
2026.269.10:28:00/gps-fmout/+3.889832e-07
2026.269.10:28:00/gps-maser/+3.266515e-07
2026.269.10:29:00/gps-fmout/+3.885627e-07
2026.269.10:29:00/gps-maser/+3.261139e-07
2026.269.10:30:00/gps-fmout/+3.870763e-07
2026.269.10:30:00/gps-maser/+3.282940e-07
2026.269.10:31:00/gps-fmout/+3.880275e-07
2026.269.10:31:00/gps-maser/+3.288485e-07
2026.269.10:32:00/gps-fmout/+3.880000e-07
2026.269.10:32:00/gps-maser/+3.270303e-07
2026.269.10:33:00/gps-fmout/+3.879046e-07
2026.269.10:33:00/gps-maser/+3.258047e-07
2026.269.10:34:00/gps-fmout/+3.860000e-07
2026.269.10:34:00/gps-maser/+3.252573e-07
2026.269.10:35:00/gps-fmout/+3.860000e-07
2026.269.10:35:00/gps-maser/+3.230551e-07
2026.269.10:36:00/gps-fmout/+3.859399e-07
2026.269.10:36:00/gps-maser/+3.237576e-07
2026.269.10:37:00/gps-fmout/+3.838625e-07
2026.269.10:37:00/gps-maser/+3.219394e-07
2026.269.10:38:00/gps-fmout/+3.822774e-07
2026.269.10:38:00/gps-maser/+3.207671e-07
2026.269.10:39:00/gps-fmout/+3.826083e-07
2026.269.10:39:00/gps-maser/+3.205029e-07
2026.269.10:40:00/gps-fmout/+3.821495e-07
2026.269.10:40:00/gps-maser/+3.205152e-07
2026.269.10:41:00/gps-fmout/+3.833569e-07
2026.269.10:41:00/gps-maser/+3.223333e-07
2026.269.10:42:00/gps-fmout/+3.850000e-07
2026.269.10:42:00/gps-maser/+3.241156e-07
2026.269.10:43:00/gps-fmout/+3.850000e-07
2026.269.10:43:00/gps-maser/+3.234975e-07
2026.269.10:44:00/gps-fmout/+3.846623e-07
2026.269.10:44:00/gps-maser/+3.228806e-07
2026.269.10:45:00/gps-fmout/+3.836818e-07
2026.269.10:45:00/gps-maser/+3.232614e-07
2026.269.10:46:00/gps-fmout/+3.826213e-07
2026.269.10:46:00/gps-maser/+3.240836e-07
2026.269.10:47:00/gps-fmout/+3.809677e-07
2026.269.10:47:00/gps-maser/+3.239288e-07
2026.269.10:48:00/gps-fmout/+3.820909e-07
2026.269.10:48:00/gps-maser/+3.229569e-07
2026.269.10:49:00/gps-fmout/+3.839091e-07
2026.269.10:49:00/gps-maser/+3.223405e-07
2026.269.10:50:00/gps-fmout/+3.845402e-07
2026.269.10:50:00/gps-maser/+3.230000e-07
2026.269.10:51:00/gps-fmout/+3.815379e-07
2026.269.10:51:00/gps-maser/+3.230000e-07
2026.269.10:52:00/gps-fmout/+3.811608e-07
2026.269.10:52:00/gps-maser/+3.228611e-07
2026.269.10:53:00/gps-fmout/+3.833552e-07
2026.269.10:53:00/gps-maser/+3.211574e-07
2026.269.10:54:00/gps-fmout/+3.845000e-07
2026.269.10:54:00/gps-maser/+3.230505e-07
2026.269.10:55:00/gps-fmout/+3.835415e-07
2026.269.10:55:00/gps-maser/+3.228959e-07
2026.269.10:56:00/gps-fmout/+3.829260e-07
2026.269.10:56:00/gps-maser/+3.234605e-07
2026.269.10:57:00/gps-fmout/+3.830000e-07
2026.269.10:57:00/gps-maser/+3.217497e-07
2026.269.10:58:00/gps-fmout/+3.830000e-07
2026.269.10:58:00/gps-maser/+3.209505e-07
2026.269.10:59:00/gps-fmout/+3.830038e-07
2026.269.10:59:00/gps-maser/+3.209650e-07
2026.269.11:00:00/gps-fmout/+3.822261e-07
2026.269.11:00:00/gps-maser/+3.194785e-07
2026.269.11:01:00/gps-fmout/+3.801886e-07
2026.269.11:01:00/gps-maser/+3.189330e-07
2026.269.11:02:00/gps-fmout/+3.788557e-07
2026.269.11:02:00/gps-maser/+3.186463e-07
2026.269.11:03:00/gps-fmout/+3.790000e-07
2026.269.11:03:00/gps-maser/+3.170988e-07
2026.269.11:04:00/gps-fmout/+3.788257e-07
2026.269.11:04:00/gps-maser/+3.188843e-07
2026.269.11:05:00/gps-fmout/+3.775000e-07
2026.269.11:05:00/gps-maser/+3.174289e-07
2026.269.11:06:00/gps-fmout/+3.780000e-07
2026.269.11:06:00/gps-maser/+3.169590e-07
2026.269.11:07:00/gps-fmout/+3.780000e-07
2026.269.11:07:00/gps-maser/+3.167311e-07
2026.269.11:08:00/gps-fmout/+3.780783e-07
2026.269.11:08:00/gps-maser/+3.160627e-07
2026.269.11:09:00/gps-fmout/+3.792113e-07
2026.269.11:09:00/gps-maser/+3.171698e-07
2026.269.11:10:00/gps-fmout/+3.810501e-07
2026.269.11:10:00/gps-maser/+3.191212e-07
2026.269.11:11:00/gps-fmout/+3.827506e-07
2026.269.11:11:00/gps-maser/+3.227576e-07
2026.269.11:12:00/gps-fmout/+3.860909e-07
2026.269.11:12:00/gps-maser/+3.259702e-07
2026.269.11:13:00/gps-fmout/+3.888182e-07
2026.269.11:13:00/gps-maser/+3.277534e-07
2026.269.11:14:00/gps-fmout/+3.912280e-07
2026.269.11:14:00/gps-maser/+3.300855e-07
2026.269.11:15:00/gps-fmout/+3.888854e-07
2026.269.11:15:00/gps-maser/+3.277184e-07
2026.269.11:16:00/gps-fmout/+3.880000e-07
2026.269.11:16:00/gps-maser/+3.246594e-07
2026.269.11:17:00/gps-fmout/+3.860000e-07
2026.269.11:17:00/gps-maser/+3.240000e-07
2026.269.11:18:00/gps-fmout/+3.860000e-07
2026.269.11:18:00/gps-maser/+3.240000e-07
2026.269.11:19:00/gps-fmout/+3.860000e-07
2026.269.11:19:00/gps-maser/+3.240000e-07
2026.269.11:20:00/gps-fmout/+3.860000e-07
2026.269.11:20:00/gps-maser/+3.240373e-07
2026.269.11:21:00/gps-fmout/+3.860195e-07
2026.269.11:21:00/gps-maser/+3.249965e-07
2026.269.11:22:00/gps-fmout/+3.872104e-07
2026.269.11:22:00/gps-maser/+3.243819e-07
2026.269.11:23:00/gps-fmout/+3.863344e-07
2026.269.11:23:00/gps-maser/+3.246412e-07
2026.269.11:24:00/gps-fmout/+3.852714e-07
2026.269.11:24:00/gps-maser/+3.243978e-07
2026.269.11:25:00/gps-fmout/+3.869760e-07
2026.269.11:25:00/gps-maser/+3.262014e-07
2026.269.11:26:00/gps-fmout/+3.861414e-07
2026.269.11:26:00/gps-maser/+3.272023e-07
2026.269.11:27:00/gps-fmout/+3.900000e-07
2026.269.11:27:00/gps-maser/+3.304397e-07
2026.269.11:28:00/gps-fmout/+3.894750e-07
2026.269.11:28:00/gps-maser/+3.304803e-07
2026.269.11:29:00/gps-fmout/+3.893435e-07
2026.269.11:29:00/gps-maser/+3.280883e-07
2026.269.11:30:00/gps-fmout/+3.859479e-07
2026.269.11:30:00/gps-maser/+3.255276e-07
2026.269.11:31:00/gps-fmout/+3.816967e-07
2026.269.11:31:00/gps-maser/+3.236789e-07
2026.269.11:32:00/gps-fmout/+3.818729e-07
2026.269.11:32:00/gps-maser/+3.209204e-07
2026.269.11:33:00/gps-fmout/+3.799820e-07
2026.269.11:33:00/gps-maser/+3.200323e-07
2026.269.11:34:00/gps-fmout/+3.796939e-07
2026.269.11:34:00/gps-maser/+3.193030e-07
2026.269.11:35:00/gps-fmout/+3.785724e-07
2026.269.11:35:00/gps-maser/+3.174848e-07
2026.269.11:36:00/gps-fmout/+3.764404e-07
2026.269.11:36:00/gps-maser/+3.157253e-07
2026.269.11:37:00/gps-fmout/+3.727607e-07
2026.269.11:37:00/gps-maser/+3.148784e-07
2026.269.11:38:00/gps-fmout/+3.730000e-07
2026.269.11:38:00/gps-maser/+3.137316e-07
2026.269.11:39:00/gps-fmout/+3.749301e-07
2026.269.11:39:00/gps-maser/+3.147271e-07
2026.269.11:40:00/gps-fmout/+3.738967e-07
2026.269.11:40:00/gps-maser/+3.158467e-07
2026.269.11:41:00/gps-fmout/+3.763271e-07
2026.269.11:41:00/gps-maser/+3.153371e-07
2026.269.11:42:00/gps-fmout/+3.769616e-07
2026.269.11:42:00/gps-maser/+3.170000e-07
2026.269.11:43:00/gps-fmout/+3.760402e-07
2026.269.11:43:00/gps-maser/+3.170000e-07
2026.269.11:44:00/gps-fmout/+3.771803e-07
2026.269.11:44:00/gps-maser/+3.170000e-07
2026.269.11:45:00/gps-fmout/+3.766364e-07
2026.269.11:45:00/gps-maser/+3.172639e-07
2026.269.11:46:00/gps-fmout/+3.757273e-07
2026.269.11:46:00/gps-maser/+3.175940e-07
2026.269.11:47:00/gps-fmout/+3.748182e-07
2026.269.11:47:00/gps-maser/+3.149558e-07
2026.269.11:48:00/gps-fmout/+3.739342e-07
2026.269.11:48:00/gps-maser/+3.158188e-07
2026.269.11:49:00/gps-fmout/+3.750000e-07
2026.269.11:49:00/gps-maser/+3.149567e-07
2026.269.11:50:00/gps-fmout/+3.767626e-07
2026.269.11:50:00/gps-maser/+3.159943e-07
2026.269.11:51:00/gps-fmout/+3.765587e-07
2026.269.11:51:00/gps-maser/+3.162550e-07
2026.269.11:52:00/gps-fmout/+3.778856e-07
2026.269.11:52:00/gps-maser/+3.169040e-07
2026.269.11:53:00/gps-fmout/+3.773181e-07
2026.269.11:53:00/gps-maser/+3.162285e-07
2026.269.11:54:00/gps-fmout/+3.801009e-07
2026.269.11:54:00/gps-maser/+3.191167e-07
2026.269.11:55:00/gps-fmout/+3.827881e-07
2026.269.11:55:00/gps-maser/+3.224413e-07
2026.269.11:56:00/gps-fmout/+3.858675e-07
2026.269.11:56:00/gps-maser/+3.247907e-07
2026.269.11:57:00/gps-fmout/+3.874530e-07
2026.269.11:57:00/gps-maser/+3.265118e-07
2026.269.11:58:00/gps-fmout/+3.878182e-07
2026.269.11:58:00/gps-maser/+3.266667e-07
2026.269.11:59:00/gps-fmout/+3.869091e-07
2026.269.11:59:00/gps-maser/+3.248436e-07
2026.269.12:00:00/gps-fmout/+3.860000e-07
2026.269.12:00:00/gps-maser/+3.234508e-07
2026.269.12:01:00/gps-fmout/+3.820207e-07
2026.269.12:01:00/gps-maser/+3.226061e-07
2026.269.12:02:00/gps-fmout/+3.806601e-07
2026.269.12:02:00/gps-maser/+3.212573e-07
2026.269.12:03:00/gps-fmout/+3.794715e-07
2026.269.12:03:00/gps-maser/+3.187879e-07
2026.269.12:04:00/gps-fmout/+3.769244e-07
2026.269.12:04:00/gps-maser/+3.178788e-07
2026.269.12:05:00/gps-fmout/+3.779410e-07
2026.269.12:05:00/gps-maser/+3.169653e-07
2026.269.12:06:00/gps-fmout/+3.770451e-07
2026.269.12:06:00/gps-maser/+3.154374e-07
2026.269.12:07:00/gps-fmout/+3.766364e-07
2026.269.12:07:00/gps-maser/+3.150052e-07
2026.269.12:08:00/gps-fmout/+3.757543e-07
2026.269.12:08:00/gps-maser/+3.147424e-07
2026.269.12:09:00/gps-fmout/+3.746972e-07
2026.269.12:09:00/gps-maser/+3.138333e-07
2026.269.12:10:00/gps-fmout/+3.728182e-07
2026.269.12:10:00/gps-maser/+3.129058e-07
2026.269.12:11:00/gps-fmout/+3.710000e-07
2026.269.12:11:00/gps-maser/+3.099905e-07
2026.269.12:12:00/gps-fmout/+3.701289e-07
2026.269.12:12:00/gps-maser/+3.085088e-07
2026.269.12:13:00/gps-fmout/+3.707213e-07
2026.269.12:13:00/gps-maser/+3.097326e-07
2026.269.12:14:00/gps-fmout/+3.699055e-07
2026.269.12:14:00/gps-maser/+3.089045e-07
2026.269.12:15:00/gps-fmout/+3.701243e-07
2026.269.12:15:00/gps-maser/+3.091983e-07
2026.269.12:16:00/gps-fmout/+3.721424e-07
2026.269.12:16:00/gps-maser/+3.130242e-07
2026.269.12:17:00/gps-fmout/+3.747701e-07
2026.269.12:17:00/gps-maser/+3.132681e-07
2026.269.12:18:00/gps-fmout/+3.746995e-07
2026.269.12:18:00/gps-maser/+3.142013e-07
2026.269.12:19:00/gps-fmout/+3.744192e-07
2026.269.12:19:00/gps-maser/+3.125080e-07
2026.269.12:20:00/gps-fmout/+3.757426e-07
2026.269.12:20:00/gps-maser/+3.147289e-07
2026.269.12:21:00/gps-fmout/+3.738713e-07
2026.269.12:21:00/gps-maser/+3.121028e-07
2026.269.12:22:00/gps-fmout/+3.730000e-07
2026.269.12:22:00/gps-maser/+3.130000e-07
2026.269.12:23:00/gps-fmout/+3.735992e-07
2026.269.12:23:00/gps-maser/+3.130000e-07
2026.269.12:24:00/gps-fmout/+3.730000e-07
2026.269.12:24:00/gps-maser/+3.128282e-07
2026.269.12:25:00/gps-fmout/+3.730000e-07
2026.269.12:25:00/gps-maser/+3.119145e-07
2026.269.12:26:00/gps-fmout/+3.728986e-07
2026.269.12:26:00/gps-maser/+3.118434e-07
2026.269.12:27:00/gps-fmout/+3.710466e-07
2026.269.12:27:00/gps-maser/+3.090203e-07
2026.269.12:28:00/gps-fmout/+3.730000e-07
2026.269.12:28:00/gps-maser/+3.109608e-07
2026.269.12:29:00/gps-fmout/+3.730000e-07
2026.269.12:29:00/gps-maser/+3.113485e-07
2026.269.12:30:00/gps-fmout/+3.728355e-07
2026.269.12:30:00/gps-maser/+3.122576e-07
2026.269.12:31:00/gps-fmout/+3.720316e-07
2026.269.12:31:00/gps-maser/+3.131273e-07
2026.269.12:32:00/gps-fmout/+3.730128e-07
2026.269.12:32:00/gps-maser/+3.128424e-07
2026.269.12:33:00/gps-fmout/+3.720000e-07
2026.269.12:33:00/gps-maser/+3.123427e-07
2026.269.12:34:00/gps-fmout/+3.750000e-07
2026.269.12:34:00/gps-maser/+3.145210e-07
2026.269.12:35:00/gps-fmout/+3.750000e-07
2026.269.12:35:00/gps-maser/+3.148079e-07
2026.269.12:36:00/gps-fmout/+3.750000e-07
2026.269.12:36:00/gps-maser/+3.143987e-07
2026.269.12:37:00/gps-fmout/+3.750907e-07
2026.269.12:37:00/gps-maser/+3.169433e-07
2026.269.12:38:00/gps-fmout/+3.770213e-07
2026.269.12:38:00/gps-maser/+3.159942e-07
2026.269.12:39:00/gps-fmout/+3.774545e-07
2026.269.12:39:00/gps-maser/+3.162894e-07
2026.269.12:40:00/gps-fmout/+3.783636e-07
2026.269.12:40:00/gps-maser/+3.182509e-07
2026.269.12:41:00/gps-fmout/+3.794120e-07
2026.269.12:41:00/gps-maser/+3.207841e-07
2026.269.12:42:00/gps-fmout/+3.813333e-07
2026.269.12:42:00/gps-maser/+3.191310e-07
2026.269.12:43:00/gps-fmout/+3.818732e-07
2026.269.12:43:00/gps-maser/+3.200267e-07
2026.269.12:44:00/gps-fmout/+3.790000e-07
2026.269.12:44:00/gps-maser/+3.193686e-07
2026.269.12:45:00/gps-fmout/+3.760424e-07
2026.269.12:45:00/gps-maser/+3.161215e-07
2026.269.12:46:00/gps-fmout/+3.720455e-07
2026.269.12:46:00/gps-maser/+3.123133e-07
2026.269.12:47:00/gps-fmout/+3.693182e-07
2026.269.12:47:00/gps-maser/+3.102032e-07
2026.269.12:48:00/gps-fmout/+3.664920e-07
2026.269.12:48:00/gps-maser/+3.065705e-07
2026.269.12:49:00/gps-fmout/+3.630000e-07
2026.269.12:49:00/gps-maser/+3.039421e-07
2026.269.12:50:00/gps-fmout/+3.630000e-07
2026.269.12:50:00/gps-maser/+3.025938e-07
2026.269.12:51:00/gps-fmout/+3.630000e-07
2026.269.12:51:00/gps-maser/+3.012458e-07
2026.269.12:52:00/gps-fmout/+3.627633e-07
2026.269.12:52:00/gps-maser/+3.020362e-07
2026.269.12:53:00/gps-fmout/+3.623156e-07
2026.269.12:53:00/gps-maser/+3.022492e-07
2026.269.12:54:00/gps-fmout/+3.652134e-07
2026.269.12:54:00/gps-maser/+3.049938e-07
2026.269.12:55:00/gps-fmout/+3.670000e-07
2026.269.12:55:00/gps-maser/+3.059613e-07
2026.269.12:56:00/gps-fmout/+3.709984e-07
2026.269.12:56:00/gps-maser/+3.083854e-07
2026.269.12:57:00/gps-fmout/+3.725055e-07
2026.269.12:57:00/gps-maser/+3.095906e-07
2026.269.12:58:00/gps-fmout/+3.727727e-07
2026.269.12:58:00/gps-maser/+3.113354e-07
2026.269.12:59:00/gps-fmout/+3.718636e-07
2026.269.12:59:00/gps-maser/+3.119595e-07
2026.269.13:00:00/gps-fmout/+3.709838e-07
2026.269.13:00:00/gps-maser/+3.110000e-07
2026.269.13:01:00/gps-fmout/+3.716215e-07
2026.269.13:01:00/gps-maser/+3.110000e-07
2026.269.13:02:00/gps-fmout/+3.717667e-07
2026.269.13:02:00/gps-maser/+3.110000e-07
2026.269.13:03:00/gps-fmout/+3.723283e-07
2026.269.13:03:00/gps-maser/+3.108978e-07
2026.269.13:04:00/gps-fmout/+3.695502e-07
2026.269.13:04:00/gps-maser/+3.095718e-07
2026.269.13:05:00/gps-fmout/+3.679707e-07
2026.269.13:05:00/gps-maser/+3.061359e-07
2026.269.13:06:00/gps-fmout/+3.690000e-07
2026.269.13:06:00/gps-maser/+3.089602e-07
2026.269.13:07:00/gps-fmout/+3.708182e-07
2026.269.13:07:00/gps-maser/+3.102903e-07
2026.269.13:08:00/gps-fmout/+3.724339e-07
2026.269.13:08:00/gps-maser/+3.119082e-07
2026.269.13:09:00/gps-fmout/+3.715455e-07
2026.269.13:09:00/gps-maser/+3.105758e-07
2026.269.13:10:00/gps-fmout/+3.697273e-07
2026.269.13:10:00/gps-maser/+3.087576e-07
2026.269.13:11:00/gps-fmout/+3.679274e-07
2026.269.13:11:00/gps-maser/+3.069588e-07
2026.269.13:12:00/gps-fmout/+3.675342e-07
2026.269.13:12:00/gps-maser/+3.075606e-07
2026.269.13:13:00/gps-fmout/+3.669684e-07
2026.269.13:13:00/gps-maser/+3.066515e-07
2026.269.13:14:00/gps-fmout/+3.668535e-07
2026.269.13:14:00/gps-maser/+3.056071e-07
2026.269.13:15:00/gps-fmout/+3.656364e-07
2026.269.13:15:00/gps-maser/+3.038413e-07
2026.269.13:16:00/gps-fmout/+3.638182e-07
2026.269.13:16:00/gps-maser/+3.038203e-07
2026.269.13:17:00/gps-fmout/+3.620000e-07
2026.269.13:17:00/gps-maser/+3.024722e-07
2026.269.13:18:00/gps-fmout/+3.638776e-07
2026.269.13:18:00/gps-maser/+3.026167e-07
2026.269.13:19:00/gps-fmout/+3.621416e-07
2026.269.13:19:00/gps-maser/+3.018733e-07
2026.269.13:20:00/gps-fmout/+3.636525e-07
2026.269.13:20:00/gps-maser/+3.024267e-07
2026.269.13:21:00/gps-fmout/+3.660153e-07
2026.269.13:21:00/gps-maser/+3.049853e-07
2026.269.13:22:00/gps-fmout/+3.649091e-07
2026.269.13:22:00/gps-maser/+3.039394e-07
2026.269.13:23:00/gps-fmout/+3.630909e-07
2026.269.13:23:00/gps-maser/+3.021212e-07
2026.269.13:24:00/gps-fmout/+3.627874e-07
2026.269.13:24:00/gps-maser/+3.017099e-07
2026.269.13:25:00/gps-fmout/+3.662940e-07
2026.269.13:25:00/gps-maser/+3.053298e-07
2026.269.13:26:00/gps-fmout/+3.673197e-07
2026.269.13:26:00/gps-maser/+3.060680e-07
2026.269.13:27:00/gps-fmout/+3.692389e-07
2026.269.13:27:00/gps-maser/+3.063226e-07
2026.269.13:28:00/gps-fmout/+3.720000e-07
2026.269.13:28:00/gps-maser/+3.109236e-07
2026.269.13:29:00/gps-fmout/+3.740925e-07
2026.269.13:29:00/gps-maser/+3.134051e-07
2026.269.13:30:00/gps-fmout/+3.775383e-07
2026.269.13:30:00/gps-maser/+3.180362e-07
2026.269.13:31:00/gps-fmout/+3.814242e-07
2026.269.13:31:00/gps-maser/+3.204242e-07
2026.269.13:32:00/gps-fmout/+3.820473e-07
2026.269.13:32:00/gps-maser/+3.222553e-07
2026.269.13:33:00/gps-fmout/+3.820989e-07
2026.269.13:33:00/gps-maser/+3.240267e-07
2026.269.13:34:00/gps-fmout/+3.850483e-07
2026.269.13:34:00/gps-maser/+3.240000e-07
2026.269.13:35:00/gps-fmout/+3.854169e-07
2026.269.13:35:00/gps-maser/+3.238192e-07
2026.269.13:36:00/gps-fmout/+3.854799e-07
2026.269.13:36:00/gps-maser/+3.225174e-07
2026.269.13:37:00/gps-fmout/+3.827830e-07
2026.269.13:37:00/gps-maser/+3.210104e-07
2026.269.13:38:00/gps-fmout/+3.818482e-07
2026.269.13:38:00/gps-maser/+3.220234e-07
2026.269.13:39:00/gps-fmout/+3.800000e-07
2026.269.13:39:00/gps-maser/+3.215152e-07
2026.269.13:40:00/gps-fmout/+3.804457e-07
2026.269.13:40:00/gps-maser/+3.206061e-07
2026.269.13:41:00/gps-fmout/+3.803295e-07
2026.269.13:41:00/gps-maser/+3.196970e-07
2026.269.13:42:00/gps-fmout/+3.777584e-07
2026.269.13:42:00/gps-maser/+3.184579e-07
2026.269.13:43:00/gps-fmout/+3.767273e-07
2026.269.13:43:00/gps-maser/+3.149149e-07
2026.269.13:44:00/gps-fmout/+3.749091e-07
2026.269.13:44:00/gps-maser/+3.159606e-07
2026.269.13:45:00/gps-fmout/+3.747062e-07
2026.269.13:45:00/gps-maser/+3.149918e-07
2026.269.13:46:00/gps-fmout/+3.746506e-07
2026.269.13:46:00/gps-maser/+3.140428e-07
2026.269.13:47:00/gps-fmout/+3.720000e-07
2026.269.13:47:00/gps-maser/+3.119305e-07
2026.269.13:48:00/gps-fmout/+3.720000e-07
2026.269.13:48:00/gps-maser/+3.118738e-07
2026.269.13:49:00/gps-fmout/+3.719128e-07
2026.269.13:49:00/gps-maser/+3.108733e-07
2026.269.13:50:00/gps-fmout/+3.714688e-07
2026.269.13:50:00/gps-maser/+3.090553e-07
2026.269.13:51:00/gps-fmout/+3.720027e-07
2026.269.13:51:00/gps-maser/+3.097879e-07
2026.269.13:52:00/gps-fmout/+3.721736e-07
2026.269.13:52:00/gps-maser/+3.116061e-07
2026.269.13:53:00/gps-fmout/+3.735541e-07
2026.269.13:53:00/gps-maser/+3.134242e-07
2026.269.13:54:00/gps-fmout/+3.762122e-07
2026.269.13:54:00/gps-maser/+3.151666e-07
2026.269.13:55:00/gps-fmout/+3.770150e-07
2026.269.13:55:00/gps-maser/+3.150622e-07
2026.269.13:56:00/gps-fmout/+3.778490e-07
2026.269.13:56:00/gps-maser/+3.174394e-07
2026.269.13:57:00/gps-fmout/+3.794548e-07
2026.269.13:57:00/gps-maser/+3.183485e-07
2026.269.13:58:00/gps-fmout/+3.800992e-07
2026.269.13:58:00/gps-maser/+3.191748e-07
2026.269.13:59:00/gps-fmout/+3.798926e-07
2026.269.13:59:00/gps-maser/+3.187978e-07
2026.269.14:00:00/gps-fmout/+3.788531e-07
2026.269.14:00:00/gps-maser/+3.169584e-07
2026.269.14:01:00/gps-fmout/+3.764583e-07
2026.269.14:01:00/gps-maser/+3.160353e-07
2026.269.14:02:00/gps-fmout/+3.744975e-07
2026.269.14:02:00/gps-maser/+3.145892e-07
2026.269.14:03:00/gps-fmout/+3.734179e-07
2026.269.14:03:00/gps-maser/+3.135177e-07
2026.269.14:04:00/gps-fmout/+3.718272e-07
2026.269.14:04:00/gps-maser/+3.113149e-07
2026.269.14:05:00/gps-fmout/+3.715432e-07
2026.269.14:05:00/gps-maser/+3.077848e-07
2026.269.14:06:00/gps-fmout/+3.660000e-07
2026.269.14:06:00/gps-maser/+3.079117e-07
2026.269.14:07:00/gps-fmout/+3.660000e-07
2026.269.14:07:00/gps-maser/+3.050119e-07
2026.269.14:08:00/gps-fmout/+3.650143e-07
2026.269.14:08:00/gps-maser/+3.034193e-07
2026.269.14:09:00/gps-fmout/+3.632727e-07
2026.269.14:09:00/gps-maser/+3.032576e-07
2026.269.14:10:00/gps-fmout/+3.641818e-07
2026.269.14:10:00/gps-maser/+3.041667e-07
2026.269.14:11:00/gps-fmout/+3.650909e-07
2026.269.14:11:00/gps-maser/+3.050497e-07
2026.269.14:12:00/gps-fmout/+3.660000e-07
2026.269.14:12:00/gps-maser/+3.053600e-07
2026.269.14:13:00/gps-fmout/+3.663129e-07
2026.269.14:13:00/gps-maser/+3.067469e-07
2026.269.14:14:00/gps-fmout/+3.676290e-07
2026.269.14:14:00/gps-maser/+3.084438e-07
2026.269.14:15:00/gps-fmout/+3.689592e-07
2026.269.14:15:00/gps-maser/+3.089432e-07
2026.269.14:16:00/gps-fmout/+3.679312e-07
2026.269.14:16:00/gps-maser/+3.080036e-07
2026.269.14:17:00/gps-fmout/+3.680754e-07
2026.269.14:17:00/gps-maser/+3.089726e-07
2026.269.14:18:00/gps-fmout/+3.695455e-07
2026.269.14:18:00/gps-maser/+3.078464e-07
2026.269.14:19:00/gps-fmout/+3.686364e-07
2026.269.14:19:00/gps-maser/+3.087624e-07
2026.269.14:20:00/gps-fmout/+3.675627e-07
2026.269.14:20:00/gps-maser/+3.075276e-07
2026.269.14:21:00/gps-fmout/+3.658557e-07
2026.269.14:21:00/gps-maser/+3.058363e-07
2026.269.14:22:00/gps-fmout/+3.659083e-07
2026.269.14:22:00/gps-maser/+3.057408e-07
2026.269.14:23:00/gps-fmout/+3.640000e-07
2026.269.14:23:00/gps-maser/+3.030108e-07
2026.269.14:24:00/gps-fmout/+3.641300e-07
2026.269.14:24:00/gps-maser/+3.026061e-07
2026.269.14:25:00/gps-fmout/+3.633182e-07
2026.269.14:25:00/gps-maser/+3.016970e-07
2026.269.14:26:00/gps-fmout/+3.642273e-07
2026.269.14:26:00/gps-maser/+3.009015e-07
2026.269.14:27:00/gps-fmout/+3.651364e-07
2026.269.14:27:00/gps-maser/+3.023098e-07
2026.269.14:28:00/gps-fmout/+3.660118e-07
2026.269.14:28:00/gps-maser/+3.050678e-07
2026.269.14:29:00/gps-fmout/+3.676071e-07
2026.269.14:29:00/gps-maser/+3.073182e-07
2026.269.14:30:00/gps-fmout/+3.710140e-07
2026.269.14:30:00/gps-maser/+3.100455e-07
2026.269.14:31:00/gps-fmout/+3.712727e-07
2026.269.14:31:00/gps-maser/+3.120716e-07
2026.269.14:32:00/gps-fmout/+3.721953e-07
2026.269.14:32:00/gps-maser/+3.101204e-07
2026.269.14:33:00/gps-fmout/+3.730304e-07
2026.269.14:33:00/gps-maser/+3.110214e-07
2026.269.14:34:00/gps-fmout/+3.730000e-07
2026.269.14:34:00/gps-maser/+3.124364e-07
2026.269.14:35:00/gps-fmout/+3.739965e-07
2026.269.14:35:00/gps-maser/+3.136871e-07
2026.269.14:36:00/gps-fmout/+3.758741e-07
2026.269.14:36:00/gps-maser/+3.132121e-07
2026.269.14:37:00/gps-fmout/+3.753194e-07
2026.269.14:37:00/gps-maser/+3.144293e-07
2026.269.14:38:00/gps-fmout/+3.769169e-07
2026.269.14:38:00/gps-maser/+3.160000e-07
2026.269.14:39:00/gps-fmout/+3.750468e-07
2026.269.14:39:00/gps-maser/+3.160000e-07
2026.269.14:40:00/gps-fmout/+3.761668e-07
2026.269.14:40:00/gps-maser/+3.152531e-07
2026.269.14:41:00/gps-fmout/+3.756364e-07
2026.269.14:41:00/gps-maser/+3.146190e-07
2026.269.14:42:00/gps-fmout/+3.747273e-07
2026.269.14:42:00/gps-maser/+3.154848e-07
2026.269.14:43:00/gps-fmout/+3.738999e-07
2026.269.14:43:00/gps-maser/+3.136667e-07
2026.269.14:44:00/gps-fmout/+3.737950e-07
2026.269.14:44:00/gps-maser/+3.120212e-07
2026.269.14:45:00/gps-fmout/+3.720000e-07
2026.269.14:45:00/gps-maser/+3.125278e-07
2026.269.14:46:00/gps-fmout/+3.710793e-07
2026.269.14:46:00/gps-maser/+3.110022e-07
2026.269.14:47:00/gps-fmout/+3.700000e-07
2026.269.14:47:00/gps-maser/+3.107303e-07
2026.269.14:48:00/gps-fmout/+3.700000e-07
2026.269.14:48:00/gps-maser/+3.100420e-07
2026.269.14:49:00/gps-fmout/+3.700161e-07
2026.269.14:49:00/gps-maser/+3.108608e-07
2026.269.14:50:00/gps-fmout/+3.699467e-07
2026.269.14:50:00/gps-maser/+3.080195e-07
2026.269.14:51:00/gps-fmout/+3.680909e-07
2026.269.14:51:00/gps-maser/+3.090000e-07
2026.269.14:52:00/gps-fmout/+3.671803e-07
2026.269.14:52:00/gps-maser/+3.090000e-07
2026.269.14:53:00/gps-fmout/+3.694530e-07
2026.269.14:53:00/gps-maser/+3.091452e-07
2026.269.14:54:00/gps-fmout/+3.696825e-07
2026.269.14:54:00/gps-maser/+3.100139e-07
2026.269.14:55:00/gps-fmout/+3.668124e-07
2026.269.14:55:00/gps-maser/+3.075951e-07
2026.269.14:56:00/gps-fmout/+3.636339e-07
2026.269.14:56:00/gps-maser/+3.023500e-07
2026.269.14:57:00/gps-fmout/+3.588864e-07
2026.269.14:57:00/gps-maser/+2.993277e-07
2026.269.14:58:00/gps-fmout/+3.570000e-07
2026.269.14:58:00/gps-maser/+2.980891e-07
2026.269.14:59:00/gps-fmout/+3.570000e-07
2026.269.14:59:00/gps-maser/+2.958506e-07
2026.269.15:00:00/gps-fmout/+3.570968e-07
2026.269.15:00:00/gps-maser/+2.960689e-07
2026.269.15:01:00/gps-fmout/+3.589667e-07
2026.269.15:01:00/gps-maser/+2.970602e-07
2026.269.15:02:00/gps-fmout/+3.575672e-07
2026.269.15:02:00/gps-maser/+2.982201e-07
2026.269.15:03:00/gps-fmout/+3.572727e-07
2026.269.15:03:00/gps-maser/+2.966515e-07
2026.269.15:04:00/gps-fmout/+3.554545e-07
2026.269.15:04:00/gps-maser/+2.957424e-07
2026.269.15:05:00/gps-fmout/+3.539201e-07
2026.269.15:05:00/gps-maser/+2.948688e-07
2026.269.15:06:00/gps-fmout/+3.560108e-07
2026.269.15:06:00/gps-maser/+2.951537e-07
2026.269.15:07:00/gps-fmout/+3.565000e-07
2026.269.15:07:00/gps-maser/+2.965566e-07
2026.269.15:08:00/gps-fmout/+3.574091e-07
2026.269.15:08:00/gps-maser/+2.962360e-07
2026.269.15:09:00/gps-fmout/+3.587415e-07
2026.269.15:09:00/gps-maser/+2.978284e-07
2026.269.15:10:00/gps-fmout/+3.612892e-07
2026.269.15:10:00/gps-maser/+3.002401e-07
2026.269.15:11:00/gps-fmout/+3.607472e-07
2026.269.15:11:00/gps-maser/+2.998196e-07
2026.269.15:12:00/gps-fmout/+3.579943e-07
2026.269.15:12:00/gps-maser/+2.979746e-07
2026.269.15:13:00/gps-fmout/+3.580201e-07
2026.269.15:13:00/gps-maser/+2.969622e-07
2026.269.15:14:00/gps-fmout/+3.570000e-07
2026.269.15:14:00/gps-maser/+2.963485e-07
2026.269.15:15:00/gps-fmout/+3.570000e-07
2026.269.15:15:00/gps-maser/+2.972576e-07
2026.269.15:16:00/gps-fmout/+3.571608e-07
2026.269.15:16:00/gps-maser/+2.980359e-07
2026.269.15:17:00/gps-fmout/+3.588615e-07
2026.269.15:17:00/gps-maser/+2.971472e-07
2026.269.15:18:00/gps-fmout/+3.581286e-07
2026.269.15:18:00/gps-maser/+2.980681e-07
2026.269.15:19:00/gps-fmout/+3.581975e-07
2026.269.15:19:00/gps-maser/+2.965229e-07
2026.269.15:20:00/gps-fmout/+3.566049e-07
2026.269.15:20:00/gps-maser/+2.961782e-07
2026.269.15:21:00/gps-fmout/+3.560740e-07
2026.269.15:21:00/gps-maser/+2.967307e-07
2026.269.15:22:00/gps-fmout/+3.568029e-07
2026.269.15:22:00/gps-maser/+2.949165e-07
2026.269.15:23:00/gps-fmout/+3.539587e-07
2026.269.15:23:00/gps-maser/+2.950284e-07
2026.269.15:24:00/gps-fmout/+3.551119e-07
2026.269.15:24:00/gps-maser/+2.951809e-07
2026.269.15:25:00/gps-fmout/+3.556364e-07
2026.269.15:25:00/gps-maser/+2.940000e-07
2026.269.15:26:00/gps-fmout/+3.547273e-07
2026.269.15:26:00/gps-maser/+2.940000e-07
2026.269.15:27:00/gps-fmout/+3.538182e-07
2026.269.15:27:00/gps-maser/+2.939259e-07
2026.269.15:28:00/gps-fmout/+3.530155e-07
2026.269.15:28:00/gps-maser/+2.930000e-07
2026.269.15:29:00/gps-fmout/+3.542000e-07
2026.269.15:29:00/gps-maser/+2.930000e-07
2026.269.15:30:00/gps-fmout/+3.530566e-07
2026.269.15:30:00/gps-maser/+2.930000e-07
2026.269.15:31:00/gps-fmout/+3.523182e-07
2026.269.15:31:00/gps-maser/+2.934397e-07
2026.269.15:32:00/gps-fmout/+3.532273e-07
2026.269.15:32:00/gps-maser/+2.948983e-07
2026.269.15:33:00/gps-fmout/+3.541364e-07
2026.269.15:33:00/gps-maser/+2.939561e-07
2026.269.15:34:00/gps-fmout/+3.549910e-07
2026.269.15:34:00/gps-maser/+2.940257e-07
2026.269.15:35:00/gps-fmout/+3.530000e-07
2026.269.15:35:00/gps-maser/+2.945606e-07
2026.269.15:36:00/gps-fmout/+3.530000e-07
2026.269.15:36:00/gps-maser/+2.936515e-07
2026.269.15:37:00/gps-fmout/+3.530000e-07
2026.269.15:37:00/gps-maser/+2.930106e-07
2026.269.15:38:00/gps-fmout/+3.530000e-07
2026.269.15:38:00/gps-maser/+2.938750e-07
2026.269.15:39:00/gps-fmout/+3.529855e-07
2026.269.15:39:00/gps-maser/+2.921402e-07
2026.269.15:40:00/gps-fmout/+3.520000e-07
2026.269.15:40:00/gps-maser/+2.935206e-07
2026.269.15:41:00/gps-fmout/+3.521265e-07
2026.269.15:41:00/gps-maser/+2.930527e-07
2026.269.15:42:00/gps-fmout/+3.533636e-07
2026.269.15:42:00/gps-maser/+2.924771e-07
2026.269.15:43:00/gps-fmout/+3.515455e-07
2026.269.15:43:00/gps-maser/+2.907879e-07
2026.269.15:44:00/gps-fmout/+3.498980e-07
2026.269.15:44:00/gps-maser/+2.898788e-07
2026.269.15:45:00/gps-fmout/+3.519742e-07
2026.269.15:45:00/gps-maser/+2.890031e-07
2026.269.15:46:00/gps-fmout/+3.519091e-07
2026.269.15:46:00/gps-maser/+2.915981e-07
2026.269.15:47:00/gps-fmout/+3.530799e-07
2026.269.15:47:00/gps-maser/+2.916933e-07
2026.269.15:48:00/gps-fmout/+3.527814e-07
2026.269.15:48:00/gps-maser/+2.930151e-07
2026.269.15:49:00/gps-fmout/+3.524020e-07
2026.269.15:49:00/gps-maser/+2.933333e-07
2026.269.15:50:00/gps-fmout/+3.570814e-07
2026.269.15:50:00/gps-maser/+2.951515e-07
2026.269.15:51:00/gps-fmout/+3.570000e-07
2026.269.15:51:00/gps-maser/+2.969697e-07
2026.269.15:52:00/gps-fmout/+3.584091e-07
2026.269.15:52:00/gps-maser/+2.978285e-07
2026.269.15:53:00/gps-fmout/+3.593182e-07
2026.269.15:53:00/gps-maser/+2.975437e-07
2026.269.15:54:00/gps-fmout/+3.599406e-07
2026.269.15:54:00/gps-maser/+2.992521e-07
2026.269.15:55:00/gps-fmout/+3.577784e-07
2026.269.15:55:00/gps-maser/+3.000852e-07
2026.269.15:56:00/gps-fmout/+3.570631e-07
2026.269.15:56:00/gps-maser/+2.999609e-07
2026.269.15:57:00/gps-fmout/+3.599311e-07
2026.269.15:57:00/gps-maser/+2.980124e-07
2026.269.15:58:00/gps-fmout/+3.580419e-07
2026.269.15:58:00/gps-maser/+2.966767e-07
2026.269.15:59:00/gps-fmout/+3.547446e-07
2026.269.15:59:00/gps-maser/+2.934421e-07
2026.269.16:00:00/gps-fmout/+3.503564e-07
2026.269.16:00:00/gps-maser/+2.915248e-07
2026.269.16:01:00/gps-fmout/+3.490301e-07
2026.269.16:01:00/gps-maser/+2.890213e-07
2026.269.16:02:00/gps-fmout/+3.500000e-07
2026.269.16:02:00/gps-maser/+2.905936e-07
2026.269.16:03:00/gps-fmout/+3.511711e-07
2026.269.16:03:00/gps-maser/+2.902917e-07
2026.269.16:04:00/gps-fmout/+3.507184e-07
2026.269.16:04:00/gps-maser/+2.897214e-07
2026.269.16:05:00/gps-fmout/+3.504803e-07
2026.269.16:05:00/gps-maser/+2.922915e-07
2026.269.16:06:00/gps-fmout/+3.541419e-07
2026.269.16:06:00/gps-maser/+2.930000e-07
2026.269.16:07:00/gps-fmout/+3.539260e-07
2026.269.16:07:00/gps-maser/+2.930000e-07
2026.269.16:08:00/gps-fmout/+3.516289e-07
2026.269.16:08:00/gps-maser/+2.909523e-07
2026.269.16:09:00/gps-fmout/+3.493559e-07
2026.269.16:09:00/gps-maser/+2.882480e-07
2026.269.16:10:00/gps-fmout/+3.490852e-07
2026.269.16:10:00/gps-maser/+2.890349e-07
2026.269.16:11:00/gps-fmout/+3.504264e-07
2026.269.16:11:00/gps-maser/+2.893225e-07
2026.269.16:12:00/gps-fmout/+3.531322e-07
2026.269.16:12:00/gps-maser/+2.929065e-07
2026.269.16:13:00/gps-fmout/+3.530000e-07
2026.269.16:13:00/gps-maser/+2.924545e-07
2026.269.16:14:00/gps-fmout/+3.560593e-07
2026.269.16:14:00/gps-maser/+2.951818e-07
2026.269.16:15:00/gps-fmout/+3.568593e-07
2026.269.16:15:00/gps-maser/+2.976401e-07
2026.269.16:16:00/gps-fmout/+3.563816e-07
2026.269.16:16:00/gps-maser/+2.980616e-07
2026.269.16:17:00/gps-fmout/+3.577273e-07
2026.269.16:17:00/gps-maser/+2.979288e-07
2026.269.16:18:00/gps-fmout/+3.559091e-07
2026.269.16:18:00/gps-maser/+2.969577e-07
2026.269.16:19:00/gps-fmout/+3.562509e-07
2026.269.16:19:00/gps-maser/+2.963797e-07
2026.269.16:20:00/gps-fmout/+3.569932e-07
2026.269.16:20:00/gps-maser/+2.966515e-07
2026.269.16:21:00/gps-fmout/+3.543824e-07
2026.269.16:21:00/gps-maser/+2.957424e-07
2026.269.16:22:00/gps-fmout/+3.528918e-07
2026.269.16:22:00/gps-maser/+2.947037e-07
2026.269.16:23:00/gps-fmout/+3.528182e-07
2026.269.16:23:00/gps-maser/+2.919164e-07
2026.269.16:24:00/gps-fmout/+3.510000e-07
2026.269.16:24:00/gps-maser/+2.905568e-07
2026.269.16:25:00/gps-fmout/+3.495140e-07
2026.269.16:25:00/gps-maser/+2.890651e-07
2026.269.16:26:00/gps-fmout/+3.481736e-07
2026.269.16:26:00/gps-maser/+2.880909e-07
2026.269.16:27:00/gps-fmout/+3.456142e-07
2026.269.16:27:00/gps-maser/+2.852750e-07
2026.269.16:28:00/gps-fmout/+3.450111e-07
2026.269.16:28:00/gps-maser/+2.830084e-07
2026.269.16:29:00/gps-fmout/+3.459430e-07
2026.269.16:29:00/gps-maser/+2.850606e-07
2026.269.16:30:00/gps-fmout/+3.448463e-07
2026.269.16:30:00/gps-maser/+2.862401e-07
2026.269.16:31:00/gps-fmout/+3.461578e-07
2026.269.16:31:00/gps-maser/+2.863026e-07
2026.269.16:32:00/gps-fmout/+3.454906e-07
2026.269.16:32:00/gps-maser/+2.865774e-07
2026.269.16:33:00/gps-fmout/+3.440000e-07
2026.269.16:33:00/gps-maser/+2.841211e-07
2026.269.16:34:00/gps-fmout/+3.440068e-07
2026.269.16:34:00/gps-maser/+2.858771e-07
2026.269.16:35:00/gps-fmout/+3.435625e-07
2026.269.16:35:00/gps-maser/+2.845197e-07
2026.269.16:36:00/gps-fmout/+3.425909e-07
2026.269.16:36:00/gps-maser/+2.830385e-07
2026.269.16:37:00/gps-fmout/+3.423110e-07
2026.269.16:37:00/gps-maser/+2.823030e-07
2026.269.16:38:00/gps-fmout/+3.437492e-07
2026.269.16:38:00/gps-maser/+2.832121e-07
2026.269.16:39:00/gps-fmout/+3.421585e-07
2026.269.16:39:00/gps-maser/+2.841212e-07
2026.269.16:40:00/gps-fmout/+3.440200e-07
2026.269.16:40:00/gps-maser/+2.850159e-07
2026.269.16:41:00/gps-fmout/+3.448753e-07
2026.269.16:41:00/gps-maser/+2.851942e-07
2026.269.16:42:00/gps-fmout/+3.463812e-07
2026.269.16:42:00/gps-maser/+2.866835e-07
2026.269.16:43:00/gps-fmout/+3.476691e-07
2026.269.16:43:00/gps-maser/+2.864177e-07
2026.269.16:44:00/gps-fmout/+3.503684e-07
2026.269.16:44:00/gps-maser/+2.884479e-07
2026.269.16:45:00/gps-fmout/+3.509359e-07
2026.269.16:45:00/gps-maser/+2.909208e-07
2026.269.16:46:00/gps-fmout/+3.490000e-07
2026.269.16:46:00/gps-maser/+2.869712e-07
2026.269.16:47:00/gps-fmout/+3.478182e-07
2026.269.16:47:00/gps-maser/+2.881419e-07
2026.269.16:48:00/gps-fmout/+3.496364e-07
2026.269.16:48:00/gps-maser/+2.904524e-07
2026.269.16:49:00/gps-fmout/+3.512914e-07
2026.269.16:49:00/gps-maser/+2.909104e-07
2026.269.16:50:00/gps-fmout/+3.508557e-07
2026.269.16:50:00/gps-maser/+2.900939e-07
2026.269.16:51:00/gps-fmout/+3.490297e-07
2026.269.16:51:00/gps-maser/+2.919673e-07
2026.269.16:52:00/gps-fmout/+3.501006e-07
2026.269.16:52:00/gps-maser/+2.896557e-07
2026.269.16:53:00/gps-fmout/+3.490140e-07
2026.269.16:53:00/gps-maser/+2.873752e-07
2026.269.16:54:00/gps-fmout/+3.487213e-07
2026.269.16:54:00/gps-maser/+2.871813e-07
2026.269.16:55:00/gps-fmout/+3.480000e-07
2026.269.16:55:00/gps-maser/+2.878873e-07
2026.269.16:56:00/gps-fmout/+3.480000e-07
2026.269.16:56:00/gps-maser/+2.870000e-07
2026.269.16:57:00/gps-fmout/+3.480000e-07
2026.269.16:57:00/gps-maser/+2.870000e-07
2026.269.16:58:00/gps-fmout/+3.461674e-07
2026.269.16:58:00/gps-maser/+2.862507e-07
2026.269.16:59:00/gps-fmout/+3.476364e-07
2026.269.16:59:00/gps-maser/+2.853586e-07
2026.269.17:00:00/gps-fmout/+3.494545e-07
2026.269.17:00:00/gps-maser/+2.876171e-07
2026.269.17:01:00/gps-fmout/+3.511891e-07
2026.269.17:01:00/gps-maser/+2.903431e-07
2026.269.17:02:00/gps-fmout/+3.510781e-07
2026.269.17:02:00/gps-maser/+2.919915e-07
2026.269.17:03:00/gps-fmout/+3.517941e-07
2026.269.17:03:00/gps-maser/+2.904789e-07
2026.269.17:04:00/gps-fmout/+3.503312e-07
2026.269.17:04:00/gps-maser/+2.899063e-07
2026.269.17:05:00/gps-fmout/+3.505426e-07
2026.269.17:05:00/gps-maser/+2.902004e-07
2026.269.17:06:00/gps-fmout/+3.490628e-07
2026.269.17:06:00/gps-maser/+2.908519e-07
2026.269.17:07:00/gps-fmout/+3.499767e-07
2026.269.17:07:00/gps-maser/+2.890000e-07
2026.269.17:08:00/gps-fmout/+3.490000e-07
2026.269.17:08:00/gps-maser/+2.890000e-07
2026.269.17:09:00/gps-fmout/+3.492446e-07
2026.269.17:09:00/gps-maser/+2.883134e-07
2026.269.17:10:00/gps-fmout/+3.485772e-07
2026.269.17:10:00/gps-maser/+2.871238e-07
2026.269.17:11:00/gps-fmout/+3.500000e-07
2026.269.17:11:00/gps-maser/+2.884116e-07
2026.269.17:12:00/gps-fmout/+3.500000e-07
2026.269.17:12:00/gps-maser/+2.900127e-07
2026.269.17:13:00/gps-fmout/+3.499118e-07
2026.269.17:13:00/gps-maser/+2.889877e-07
2026.269.17:14:00/gps-fmout/+3.467803e-07
2026.269.17:14:00/gps-maser/+2.876885e-07
2026.269.17:15:00/gps-fmout/+3.472166e-07
2026.269.17:15:00/gps-maser/+2.862639e-07
2026.269.17:16:00/gps-fmout/+3.464613e-07
2026.269.17:16:00/gps-maser/+2.870346e-07
2026.269.17:17:00/gps-fmout/+3.480000e-07
2026.269.17:17:00/gps-maser/+2.869144e-07
2026.269.17:18:00/gps-fmout/+3.480000e-07
2026.269.17:18:00/gps-maser/+2.861682e-07
2026.269.17:19:00/gps-fmout/+3.483393e-07
2026.269.17:19:00/gps-maser/+2.884221e-07
2026.269.17:20:00/gps-fmout/+3.501802e-07
2026.269.17:20:00/gps-maser/+2.887879e-07
2026.269.17:21:00/gps-fmout/+3.514005e-07
2026.269.17:21:00/gps-maser/+2.907021e-07
2026.269.17:22:00/gps-fmout/+3.491896e-07
2026.269.17:22:00/gps-maser/+2.919854e-07
2026.269.17:23:00/gps-fmout/+3.500000e-07
2026.269.17:23:00/gps-maser/+2.908788e-07
2026.269.17:24:00/gps-fmout/+3.500000e-07
2026.269.17:24:00/gps-maser/+2.899847e-07
2026.269.17:25:00/gps-fmout/+3.487603e-07
2026.269.17:25:00/gps-maser/+2.897023e-07
2026.269.17:26:00/gps-fmout/+3.475695e-07
2026.269.17:26:00/gps-maser/+2.880000e-07
2026.269.17:27:00/gps-fmout/+3.487669e-07
2026.269.17:27:00/gps-maser/+2.880000e-07
2026.269.17:28:00/gps-fmout/+3.479784e-07
2026.269.17:28:00/gps-maser/+2.878519e-07
2026.269.17:29:00/gps-fmout/+3.478723e-07
2026.269.17:29:00/gps-maser/+2.860554e-07
2026.269.17:30:00/gps-fmout/+3.463125e-07
2026.269.17:30:00/gps-maser/+2.872069e-07
2026.269.17:31:00/gps-fmout/+3.463322e-07
2026.269.17:31:00/gps-maser/+2.862816e-07
2026.269.17:32:00/gps-fmout/+3.470608e-07
2026.269.17:32:00/gps-maser/+2.847274e-07
2026.269.17:33:00/gps-fmout/+3.466862e-07
2026.269.17:33:00/gps-maser/+2.854743e-07
2026.269.17:34:00/gps-fmout/+3.465455e-07
2026.269.17:34:00/gps-maser/+2.882019e-07
2026.269.17:35:00/gps-fmout/+3.501818e-07
2026.269.17:35:00/gps-maser/+2.890719e-07
2026.269.17:36:00/gps-fmout/+3.523021e-07
2026.269.17:36:00/gps-maser/+2.913653e-07
2026.269.17:37:00/gps-fmout/+3.502727e-07
2026.269.17:37:00/gps-maser/+2.903489e-07
2026.269.17:38:00/gps-fmout/+3.488918e-07
2026.269.17:38:00/gps-maser/+2.888600e-07
2026.269.17:39:00/gps-fmout/+3.485647e-07
2026.269.17:39:00/gps-maser/+2.885694e-07
2026.269.17:40:00/gps-fmout/+3.457699e-07
2026.269.17:40:00/gps-maser/+2.850802e-07
2026.269.17:41:00/gps-fmout/+3.459250e-07
2026.269.17:41:00/gps-maser/+2.875645e-07
2026.269.17:42:00/gps-fmout/+3.466342e-07
2026.269.17:42:00/gps-maser/+2.890672e-07
2026.269.17:43:00/gps-fmout/+3.458760e-07
2026.269.17:43:00/gps-maser/+2.870115e-07
2026.269.17:44:00/gps-fmout/+3.465122e-07
2026.269.17:44:00/gps-maser/+2.853996e-07
2026.269.17:45:00/gps-fmout/+3.500943e-07
2026.269.17:45:00/gps-maser/+2.882607e-07
2026.269.17:46:00/gps-fmout/+3.481763e-07
2026.269.17:46:00/gps-maser/+2.900853e-07
2026.269.17:47:00/gps-fmout/+3.520232e-07
2026.269.17:47:00/gps-maser/+2.920000e-07
2026.269.17:48:00/gps-fmout/+3.523819e-07
2026.269.17:48:00/gps-maser/+2.920000e-07
2026.269.17:49:00/gps-fmout/+3.524270e-07
2026.269.17:49:00/gps-maser/+2.915424e-07
2026.269.17:50:00/gps-fmout/+3.501818e-07
2026.269.17:50:00/gps-maser/+2.891354e-07
2026.269.17:51:00/gps-fmout/+3.510909e-07
2026.269.17:51:00/gps-maser/+2.919359e-07
2026.269.17:52:00/gps-fmout/+3.520000e-07
2026.269.17:52:00/gps-maser/+2.921285e-07
2026.269.17:53:00/gps-fmout/+3.525614e-07
2026.269.17:53:00/gps-maser/+2.923906e-07
2026.269.17:54:00/gps-fmout/+3.490060e-07
2026.269.17:54:00/gps-maser/+2.900760e-07
2026.269.17:55:00/gps-fmout/+3.464284e-07
2026.269.17:55:00/gps-maser/+2.876739e-07
2026.269.17:56:00/gps-fmout/+3.448772e-07
2026.269.17:56:00/gps-maser/+2.867915e-07
2026.269.17:57:00/gps-fmout/+3.449497e-07
2026.269.17:57:00/gps-maser/+2.849741e-07
2026.269.17:58:00/gps-fmout/+3.443560e-07
2026.269.17:58:00/gps-maser/+2.845755e-07
2026.269.17:59:00/gps-fmout/+3.443232e-07
2026.269.17:59:00/gps-maser/+2.842848e-07
2026.269.18:00:00/gps-fmout/+3.433507e-07
2026.269.18:00:00/gps-maser/+2.845899e-07
2026.269.18:01:00/gps-fmout/+3.452164e-07
2026.269.18:01:00/gps-maser/+2.828275e-07
2026.269.18:02:00/gps-fmout/+3.445838e-07
2026.269.18:02:00/gps-maser/+2.818485e-07
2026.269.18:03:00/gps-fmout/+3.394500e-07
2026.269.18:03:00/gps-maser/+2.800303e-07
2026.269.18:04:00/gps-fmout/+3.398533e-07
2026.269.18:04:00/gps-maser/+2.784300e-07
2026.269.18:05:00/gps-fmout/+3.404228e-07
2026.269.18:05:00/gps-maser/+2.778805e-07
2026.269.18:06:00/gps-fmout/+3.390000e-07
2026.269.18:06:00/gps-maser/+2.782442e-07
2026.269.18:07:00/gps-fmout/+3.390000e-07
2026.269.18:07:00/gps-maser/+2.799502e-07
2026.269.18:08:00/gps-fmout/+3.390208e-07
2026.269.18:08:00/gps-maser/+2.770441e-07
2026.269.18:09:00/gps-fmout/+3.401277e-07
2026.269.18:09:00/gps-maser/+2.791232e-07
2026.269.18:10:00/gps-fmout/+3.396784e-07
2026.269.18:10:00/gps-maser/+2.786622e-07
2026.269.18:11:00/gps-fmout/+3.394919e-07
2026.269.18:11:00/gps-maser/+2.784310e-07
2026.269.18:12:00/gps-fmout/+3.418296e-07
2026.269.18:12:00/gps-maser/+2.809970e-07
2026.269.18:13:00/gps-fmout/+3.400579e-07
2026.269.18:13:00/gps-maser/+2.800803e-07
2026.269.18:14:00/gps-fmout/+3.410000e-07
2026.269.18:14:00/gps-maser/+2.800817e-07
2026.269.18:15:00/gps-fmout/+3.417149e-07
2026.269.18:15:00/gps-maser/+2.812607e-07
2026.269.18:16:00/gps-fmout/+3.434760e-07
2026.269.18:16:00/gps-maser/+2.844736e-07
2026.269.18:17:00/gps-fmout/+3.437827e-07
2026.269.18:17:00/gps-maser/+2.827261e-07
2026.269.18:18:00/gps-fmout/+3.418516e-07
2026.269.18:18:00/gps-maser/+2.820211e-07
2026.269.18:19:00/gps-fmout/+3.421142e-07
2026.269.18:19:00/gps-maser/+2.830465e-07
2026.269.18:20:00/gps-fmout/+3.449091e-07
2026.269.18:20:00/gps-maser/+2.859696e-07
2026.269.18:21:00/gps-fmout/+3.467273e-07
2026.269.18:21:00/gps-maser/+2.880000e-07
2026.269.18:22:00/gps-fmout/+3.483967e-07
2026.269.18:22:00/gps-maser/+2.880000e-07
2026.269.18:23:00/gps-fmout/+3.476364e-07
2026.269.18:23:00/gps-maser/+2.879656e-07
2026.269.18:24:00/gps-fmout/+3.458182e-07
2026.269.18:24:00/gps-maser/+2.867375e-07
2026.269.18:25:00/gps-fmout/+3.440000e-07
2026.269.18:25:00/gps-maser/+2.839870e-07
2026.269.18:26:00/gps-fmout/+3.444128e-07
2026.269.18:26:00/gps-maser/+2.832064e-07
2026.269.18:27:00/gps-fmout/+3.443235e-07
2026.269.18:27:00/gps-maser/+2.815807e-07
2026.269.18:28:00/gps-fmout/+3.419485e-07
2026.269.18:28:00/gps-maser/+2.810838e-07
2026.269.18:29:00/gps-fmout/+3.419051e-07
2026.269.18:29:00/gps-maser/+2.819498e-07
2026.269.18:30:00/gps-fmout/+3.409091e-07
2026.269.18:30:00/gps-maser/+2.809486e-07
2026.269.18:31:00/gps-fmout/+3.388655e-07
2026.269.18:31:00/gps-maser/+2.786378e-07
2026.269.18:32:00/gps-fmout/+3.384328e-07
2026.269.18:32:00/gps-maser/+2.775222e-07
2026.269.18:33:00/gps-fmout/+3.405455e-07
2026.269.18:33:00/gps-maser/+2.800859e-07
2026.269.18:34:00/gps-fmout/+3.422945e-07
2026.269.18:34:00/gps-maser/+2.804638e-07
2026.269.18:35:00/gps-fmout/+3.431503e-07
2026.269.18:35:00/gps-maser/+2.840825e-07
2026.269.18:36:00/gps-fmout/+3.442381e-07
2026.269.18:36:00/gps-maser/+2.826746e-07
2026.269.18:37:00/gps-fmout/+3.431387e-07
2026.269.18:37:00/gps-maser/+2.827879e-07
2026.269.18:38:00/gps-fmout/+3.427228e-07
2026.269.18:38:00/gps-maser/+2.846061e-07
2026.269.18:39:00/gps-fmout/+3.452273e-07
2026.269.18:39:00/gps-maser/+2.864242e-07
2026.269.18:40:00/gps-fmout/+3.461364e-07
2026.269.18:40:00/gps-maser/+2.880877e-07
2026.269.18:41:00/gps-fmout/+3.470147e-07
2026.269.18:41:00/gps-maser/+2.860553e-07
2026.269.18:42:00/gps-fmout/+3.475045e-07
2026.269.18:42:00/gps-maser/+2.888306e-07
2026.269.18:43:00/gps-fmout/+3.482727e-07
2026.269.18:43:00/gps-maser/+2.877857e-07
2026.269.18:44:00/gps-fmout/+3.464545e-07
2026.269.18:44:00/gps-maser/+2.851040e-07
2026.269.18:45:00/gps-fmout/+3.448032e-07
2026.269.18:45:00/gps-maser/+2.858912e-07
2026.269.18:46:00/gps-fmout/+3.461751e-07
2026.269.18:46:00/gps-maser/+2.851775e-07
2026.269.18:47:00/gps-fmout/+3.490000e-07
2026.269.18:47:00/gps-maser/+2.882455e-07
2026.269.18:48:00/gps-fmout/+3.461284e-07
2026.269.18:48:00/gps-maser/+2.883830e-07
2026.269.18:49:00/gps-fmout/+3.479274e-07
2026.269.18:49:00/gps-maser/+2.875073e-07
2026.269.18:50:00/gps-fmout/+3.495639e-07
2026.269.18:50:00/gps-maser/+2.888456e-07
2026.269.18:51:00/gps-fmout/+3.462727e-07
2026.269.18:51:00/gps-maser/+2.879574e-07
2026.269.18:52:00/gps-fmout/+3.480909e-07
2026.269.18:52:00/gps-maser/+2.880247e-07
2026.269.18:53:00/gps-fmout/+3.485192e-07
2026.269.18:53:00/gps-maser/+2.881212e-07
2026.269.18:54:00/gps-fmout/+3.469489e-07
2026.269.18:54:00/gps-maser/+2.863030e-07
2026.269.18:55:00/gps-fmout/+3.461049e-07
2026.269.18:55:00/gps-maser/+2.844848e-07
2026.269.18:56:00/gps-fmout/+3.430451e-07
2026.269.18:56:00/gps-maser/+2.827377e-07
2026.269.18:57:00/gps-fmout/+3.441635e-07
2026.269.18:57:00/gps-maser/+2.831888e-07
2026.269.18:58:00/gps-fmout/+3.460000e-07
2026.269.18:58:00/gps-maser/+2.851837e-07
2026.269.18:59:00/gps-fmout/+3.445909e-07
2026.269.18:59:00/gps-maser/+2.845916e-07
2026.269.19:00:00/gps-fmout/+3.436818e-07
2026.269.19:00:00/gps-maser/+2.841580e-07
2026.269.19:01:00/gps-fmout/+3.428377e-07
2026.269.19:01:00/gps-maser/+2.849193e-07
2026.269.19:02:00/gps-fmout/+3.431500e-07
2026.269.19:02:00/gps-maser/+2.840705e-07
2026.269.19:03:00/gps-fmout/+3.450507e-07
2026.269.19:03:00/gps-maser/+2.859546e-07
2026.269.19:04:00/gps-fmout/+3.437426e-07
2026.269.19:04:00/gps-maser/+2.834202e-07
2026.269.19:05:00/gps-fmout/+3.412998e-07
2026.269.19:05:00/gps-maser/+2.828839e-07
2026.269.19:06:00/gps-fmout/+3.416018e-07
2026.269.19:06:00/gps-maser/+2.832576e-07
2026.269.19:07:00/gps-fmout/+3.442846e-07
2026.269.19:07:00/gps-maser/+2.841667e-07
2026.269.19:08:00/gps-fmout/+3.450049e-07
2026.269.19:08:00/gps-maser/+2.849975e-07
2026.269.19:09:00/gps-fmout/+3.440000e-07
2026.269.19:09:00/gps-maser/+2.839962e-07
2026.269.19:10:00/gps-fmout/+3.426863e-07
2026.269.19:10:00/gps-maser/+2.836408e-07
2026.269.19:11:00/gps-fmout/+3.436818e-07
2026.269.19:11:00/gps-maser/+2.831955e-07
2026.269.19:12:00/gps-fmout/+3.427727e-07
2026.269.19:12:00/gps-maser/+2.835955e-07
2026.269.19:13:00/gps-fmout/+3.417115e-07
2026.269.19:13:00/gps-maser/+2.807891e-07
2026.269.19:14:00/gps-fmout/+3.379594e-07
2026.269.19:14:00/gps-maser/+2.799101e-07
2026.269.19:15:00/gps-fmout/+3.385402e-07
2026.269.19:15:00/gps-maser/+2.774394e-07
2026.269.19:16:00/gps-fmout/+3.390000e-07
2026.269.19:16:00/gps-maser/+2.783485e-07
2026.269.19:17:00/gps-fmout/+3.390000e-07
2026.269.19:17:00/gps-maser/+2.792576e-07
2026.269.19:18:00/gps-fmout/+3.390000e-07
2026.269.19:18:00/gps-maser/+2.798472e-07
2026.269.19:19:00/gps-fmout/+3.388317e-07
2026.269.19:19:00/gps-maser/+2.771515e-07
2026.269.19:20:00/gps-fmout/+3.389444e-07
2026.269.19:20:00/gps-maser/+2.789697e-07
2026.269.19:21:00/gps-fmout/+3.405689e-07
2026.269.19:21:00/gps-maser/+2.805857e-07
2026.269.19:22:00/gps-fmout/+3.402344e-07
2026.269.19:22:00/gps-maser/+2.810416e-07
2026.269.19:23:00/gps-fmout/+3.414133e-07
2026.269.19:23:00/gps-maser/+2.811581e-07
2026.269.19:24:00/gps-fmout/+3.431570e-07
2026.269.19:24:00/gps-maser/+2.820710e-07
2026.269.19:25:00/gps-fmout/+3.429356e-07
2026.269.19:25:00/gps-maser/+2.819733e-07
2026.269.19:26:00/gps-fmout/+3.405485e-07
2026.269.19:26:00/gps-maser/+2.809701e-07
2026.269.19:27:00/gps-fmout/+3.388296e-07
2026.269.19:27:00/gps-maser/+2.803718e-07
2026.269.19:28:00/gps-fmout/+3.387309e-07
2026.269.19:28:00/gps-maser/+2.788909e-07
2026.269.19:29:00/gps-fmout/+3.380331e-07
2026.269.19:29:00/gps-maser/+2.787593e-07
2026.269.19:30:00/gps-fmout/+3.391818e-07
2026.269.19:30:00/gps-maser/+2.770732e-07
2026.269.19:31:00/gps-fmout/+3.410000e-07
2026.269.19:31:00/gps-maser/+2.795811e-07
2026.269.19:32:00/gps-fmout/+3.423516e-07
2026.269.19:32:00/gps-maser/+2.812876e-07
2026.269.19:33:00/gps-fmout/+3.417081e-07
2026.269.19:33:00/gps-maser/+2.806698e-07
2026.269.19:34:00/gps-fmout/+3.409209e-07
2026.269.19:34:00/gps-maser/+2.800000e-07
2026.269.19:35:00/gps-fmout/+3.408741e-07
2026.269.19:35:00/gps-maser/+2.800000e-07
2026.269.19:36:00/gps-fmout/+3.390349e-07
2026.269.19:36:00/gps-maser/+2.800088e-07
2026.269.19:37:00/gps-fmout/+3.405267e-07
2026.269.19:37:00/gps-maser/+2.802108e-07
2026.269.19:38:00/gps-fmout/+3.402725e-07
2026.269.19:38:00/gps-maser/+2.802667e-07
2026.269.19:39:00/gps-fmout/+3.415274e-07
2026.269.19:39:00/gps-maser/+2.830000e-07
2026.269.19:40:00/gps-fmout/+3.431397e-07
2026.269.19:40:00/gps-maser/+2.830000e-07
2026.269.19:41:00/gps-fmout/+3.429379e-07
2026.269.19:41:00/gps-maser/+2.830049e-07
2026.269.19:42:00/gps-fmout/+3.420000e-07
2026.269.19:42:00/gps-maser/+2.825795e-07
2026.269.19:43:00/gps-fmout/+3.403968e-07
2026.269.19:43:00/gps-maser/+2.816061e-07
2026.269.19:44:00/gps-fmout/+3.402163e-07
2026.269.19:44:00/gps-maser/+2.810940e-07
2026.269.19:45:00/gps-fmout/+3.410552e-07
2026.269.19:45:00/gps-maser/+2.819111e-07
2026.269.19:46:00/gps-fmout/+3.409479e-07
2026.269.19:46:00/gps-maser/+2.807576e-07
2026.269.19:47:00/gps-fmout/+3.398980e-07
2026.269.19:47:00/gps-maser/+2.789394e-07
2026.269.19:48:00/gps-fmout/+3.382229e-07
2026.269.19:48:00/gps-maser/+2.776517e-07
2026.269.19:49:00/gps-fmout/+3.397740e-07
2026.269.19:49:00/gps-maser/+2.787107e-07
2026.269.19:50:00/gps-fmout/+3.407527e-07
2026.269.19:50:00/gps-maser/+2.796562e-07
2026.269.19:51:00/gps-fmout/+3.389333e-07
2026.269.19:51:00/gps-maser/+2.777365e-07
2026.269.19:52:00/gps-fmout/+3.390621e-07
2026.269.19:52:00/gps-maser/+2.771728e-07
2026.269.19:53:00/gps-fmout/+3.400000e-07
2026.269.19:53:00/gps-maser/+2.800394e-07
2026.269.19:54:00/gps-fmout/+3.415756e-07
2026.269.19:54:00/gps-maser/+2.807608e-07
2026.269.19:55:00/gps-fmout/+3.415116e-07
2026.269.19:55:00/gps-maser/+2.814394e-07
2026.269.19:56:00/gps-fmout/+3.403366e-07
2026.269.19:56:00/gps-maser/+2.795117e-07
2026.269.19:57:00/gps-fmout/+3.422129e-07
2026.269.19:57:00/gps-maser/+2.829950e-07
2026.269.19:58:00/gps-fmout/+3.429478e-07
2026.269.19:58:00/gps-maser/+2.820344e-07
2026.269.19:59:00/gps-fmout/+3.405455e-07
2026.269.19:59:00/gps-maser/+2.827183e-07
2026.269.20:00:00/gps-fmout/+3.396364e-07
2026.269.20:00:00/gps-maser/+2.812583e-07
2026.269.20:01:00/gps-fmout/+3.392425e-07
2026.269.20:01:00/gps-maser/+2.800657e-07
2026.269.20:02:00/gps-fmout/+3.407770e-07
2026.269.20:02:00/gps-maser/+2.810847e-07
2026.269.20:03:00/gps-fmout/+3.390000e-07
2026.269.20:03:00/gps-maser/+2.808403e-07
2026.269.20:04:00/gps-fmout/+3.389375e-07
2026.269.20:04:00/gps-maser/+2.789778e-07
2026.269.20:05:00/gps-fmout/+3.393377e-07
2026.269.20:05:00/gps-maser/+2.785916e-07
2026.269.20:06:00/gps-fmout/+3.403182e-07
2026.269.20:06:00/gps-maser/+2.782348e-07
2026.269.20:07:00/gps-fmout/+3.409047e-07
2026.269.20:07:00/gps-maser/+2.787879e-07
2026.269.20:08:00/gps-fmout/+3.389400e-07
2026.269.20:08:00/gps-maser/+2.778788e-07
2026.269.20:09:00/gps-fmout/+3.389304e-07
2026.269.20:09:00/gps-maser/+2.770052e-07
2026.269.20:10:00/gps-fmout/+3.375455e-07
2026.269.20:10:00/gps-maser/+2.797656e-07
2026.269.20:11:00/gps-fmout/+3.366364e-07
2026.269.20:11:00/gps-maser/+2.782963e-07
2026.269.20:12:00/gps-fmout/+3.357273e-07
2026.269.20:12:00/gps-maser/+2.768461e-07
2026.269.20:13:00/gps-fmout/+3.348963e-07
2026.269.20:13:00/gps-maser/+2.766736e-07
2026.269.20:14:00/gps-fmout/+3.349083e-07
2026.269.20:14:00/gps-maser/+2.739307e-07
2026.269.20:15:00/gps-fmout/+3.330000e-07
2026.269.20:15:00/gps-maser/+2.724027e-07
2026.269.20:16:00/gps-fmout/+3.333976e-07
2026.269.20:16:00/gps-maser/+2.713245e-07
2026.269.20:17:00/gps-fmout/+3.335722e-07
2026.269.20:17:00/gps-maser/+2.720508e-07
2026.269.20:18:00/gps-fmout/+3.321043e-07
2026.269.20:18:00/gps-maser/+2.718579e-07
2026.269.20:19:00/gps-fmout/+3.329172e-07
2026.269.20:19:00/gps-maser/+2.709679e-07
2026.269.20:20:00/gps-fmout/+3.320909e-07
2026.269.20:20:00/gps-maser/+2.720729e-07
2026.269.20:21:00/gps-fmout/+3.339091e-07
2026.269.20:21:00/gps-maser/+2.740840e-07
2026.269.20:22:00/gps-fmout/+3.347496e-07
2026.269.20:22:00/gps-maser/+2.743197e-07
2026.269.20:23:00/gps-fmout/+3.328317e-07
2026.269.20:23:00/gps-maser/+2.744776e-07
2026.269.20:24:00/gps-fmout/+3.333005e-07
2026.269.20:24:00/gps-maser/+2.723750e-07
2026.269.20:25:00/gps-fmout/+3.351235e-07
2026.269.20:25:00/gps-maser/+2.751789e-07
2026.269.20:26:00/gps-fmout/+3.360000e-07
2026.269.20:26:00/gps-maser/+2.751082e-07
2026.269.20:27:00/gps-fmout/+3.360000e-07
2026.269.20:27:00/gps-maser/+2.755179e-07
2026.269.20:28:00/gps-fmout/+3.364096e-07
2026.269.20:28:00/gps-maser/+2.780000e-07
2026.269.20:29:00/gps-fmout/+3.382273e-07
2026.269.20:29:00/gps-maser/+2.780000e-07
2026.269.20:30:00/gps-fmout/+3.391364e-07
2026.269.20:30:00/gps-maser/+2.780319e-07
2026.269.20:31:00/gps-fmout/+3.400361e-07
2026.269.20:31:00/gps-maser/+2.790167e-07
2026.269.20:32:00/gps-fmout/+3.408215e-07
2026.269.20:32:00/gps-maser/+2.798029e-07
2026.269.20:33:00/gps-fmout/+3.414831e-07
2026.269.20:33:00/gps-maser/+2.810952e-07
2026.269.20:34:00/gps-fmout/+3.406379e-07
2026.269.20:34:00/gps-maser/+2.814244e-07
2026.269.20:35:00/gps-fmout/+3.429264e-07
2026.269.20:35:00/gps-maser/+2.828519e-07
2026.269.20:36:00/gps-fmout/+3.418182e-07
2026.269.20:36:00/gps-maser/+2.810000e-07
2026.269.20:37:00/gps-fmout/+3.400000e-07
2026.269.20:37:00/gps-maser/+2.810606e-07
2026.269.20:38:00/gps-fmout/+3.394266e-07
2026.269.20:38:00/gps-maser/+2.806784e-07
2026.269.20:39:00/gps-fmout/+3.402141e-07
2026.269.20:39:00/gps-maser/+2.796970e-07
2026.269.20:40:00/gps-fmout/+3.386052e-07
2026.269.20:40:00/gps-maser/+2.791806e-07
2026.269.20:41:00/gps-fmout/+3.423474e-07
2026.269.20:41:00/gps-maser/+2.821194e-07
2026.269.20:42:00/gps-fmout/+3.428577e-07
2026.269.20:42:00/gps-maser/+2.819394e-07
2026.269.20:43:00/gps-fmout/+3.385779e-07
2026.269.20:43:00/gps-maser/+2.801212e-07
2026.269.20:44:00/gps-fmout/+3.397273e-07
2026.269.20:44:00/gps-maser/+2.793624e-07
2026.269.20:45:00/gps-fmout/+3.415455e-07
2026.269.20:45:00/gps-maser/+2.825886e-07
2026.269.20:46:00/gps-fmout/+3.434508e-07
2026.269.20:46:00/gps-maser/+2.841358e-07
2026.269.20:47:00/gps-fmout/+3.458529e-07
2026.269.20:47:00/gps-maser/+2.841007e-07
2026.269.20:48:00/gps-fmout/+3.440404e-07
2026.269.20:48:00/gps-maser/+2.845265e-07
2026.269.20:49:00/gps-fmout/+3.450070e-07
2026.269.20:49:00/gps-maser/+2.843686e-07
2026.269.20:50:00/gps-fmout/+3.452901e-07
2026.269.20:50:00/gps-maser/+2.851376e-07
2026.269.20:51:00/gps-fmout/+3.453782e-07
2026.269.20:51:00/gps-maser/+2.846973e-07
2026.269.20:52:00/gps-fmout/+3.408162e-07
2026.269.20:52:00/gps-maser/+2.828200e-07
2026.269.20:53:00/gps-fmout/+3.399191e-07
2026.269.20:53:00/gps-maser/+2.819231e-07
2026.269.20:54:00/gps-fmout/+3.387070e-07
2026.269.20:54:00/gps-maser/+2.794394e-07
2026.269.20:55:00/gps-fmout/+3.396473e-07
2026.269.20:55:00/gps-maser/+2.803485e-07
2026.269.20:56:00/gps-fmout/+3.412380e-07
2026.269.20:56:00/gps-maser/+2.811639e-07
2026.269.20:57:00/gps-fmout/+3.406249e-07
2026.269.20:57:00/gps-maser/+2.806523e-07
2026.269.20:58:00/gps-fmout/+3.379008e-07
2026.269.20:58:00/gps-maser/+2.771160e-07
2026.269.20:59:00/gps-fmout/+3.380000e-07
2026.269.20:59:00/gps-maser/+2.792106e-07
2026.269.21:00:00/gps-fmout/+3.390000e-07
2026.269.21:00:00/gps-maser/+2.781848e-07
2026.269.21:01:00/gps-fmout/+3.390000e-07
2026.269.21:01:00/gps-maser/+2.776275e-07
2026.269.21:02:00/gps-fmout/+3.390000e-07
2026.269.21:02:00/gps-maser/+2.800924e-07
2026.269.21:03:00/gps-fmout/+3.390000e-07
2026.269.21:03:00/gps-maser/+2.798957e-07
2026.269.21:04:00/gps-fmout/+3.389559e-07
2026.269.21:04:00/gps-maser/+2.789875e-07
2026.269.21:05:00/gps-fmout/+3.374545e-07
2026.269.21:05:00/gps-maser/+2.786838e-07
2026.269.21:06:00/gps-fmout/+3.376364e-07
2026.269.21:06:00/gps-maser/+2.773638e-07
2026.269.21:07:00/gps-fmout/+3.367273e-07
2026.269.21:07:00/gps-maser/+2.755749e-07
2026.269.21:08:00/gps-fmout/+3.361359e-07
2026.269.21:08:00/gps-maser/+2.752698e-07
2026.269.21:09:00/gps-fmout/+3.389260e-07
2026.269.21:09:00/gps-maser/+2.790779e-07
2026.269.21:10:00/gps-fmout/+3.385000e-07
2026.269.21:10:00/gps-maser/+2.780414e-07
2026.269.21:11:00/gps-fmout/+3.378146e-07
2026.269.21:11:00/gps-maser/+2.763842e-07
2026.269.21:12:00/gps-fmout/+3.367295e-07
2026.269.21:12:00/gps-maser/+2.766019e-07
2026.269.21:13:00/gps-fmout/+3.390220e-07
2026.269.21:13:00/gps-maser/+2.793202e-07
2026.269.21:14:00/gps-fmout/+3.392727e-07
2026.269.21:14:00/gps-maser/+2.799910e-07
2026.269.21:15:00/gps-fmout/+3.410909e-07
2026.269.21:15:00/gps-maser/+2.790359e-07
2026.269.21:16:00/gps-fmout/+3.425616e-07
2026.269.21:16:00/gps-maser/+2.810531e-07
2026.269.21:17:00/gps-fmout/+3.438693e-07
2026.269.21:17:00/gps-maser/+2.823817e-07
2026.269.21:18:00/gps-fmout/+3.447273e-07
2026.269.21:18:00/gps-maser/+2.848492e-07
2026.269.21:19:00/gps-fmout/+3.437776e-07
2026.269.21:19:00/gps-maser/+2.839762e-07
2026.269.21:20:00/gps-fmout/+3.430691e-07
2026.269.21:20:00/gps-maser/+2.839098e-07
2026.269.21:21:00/gps-fmout/+3.450000e-07
2026.269.21:21:00/gps-maser/+2.838789e-07
2026.269.21:22:00/gps-fmout/+3.460689e-07
2026.269.21:22:00/gps-maser/+2.856303e-07
2026.269.21:23:00/gps-fmout/+3.443858e-07
2026.269.21:23:00/gps-maser/+2.856970e-07
2026.269.21:24:00/gps-fmout/+3.429618e-07
2026.269.21:24:00/gps-maser/+2.847879e-07
2026.269.21:25:00/gps-fmout/+3.439018e-07
2026.269.21:25:00/gps-maser/+2.838788e-07
2026.269.21:26:00/gps-fmout/+3.420384e-07
2026.269.21:26:00/gps-maser/+2.829729e-07
2026.269.21:27:00/gps-fmout/+3.426284e-07
2026.269.21:27:00/gps-maser/+2.834011e-07
2026.269.21:28:00/gps-fmout/+3.416839e-07
2026.269.21:28:00/gps-maser/+2.832894e-07
2026.269.21:29:00/gps-fmout/+3.431365e-07
2026.269.21:29:00/gps-maser/+2.812534e-07
2026.269.21:30:00/gps-fmout/+3.427400e-07
2026.269.21:30:00/gps-maser/+2.825494e-07
2026.269.21:31:00/gps-fmout/+3.409118e-07
2026.269.21:31:00/gps-maser/+2.790000e-07
2026.269.21:32:00/gps-fmout/+3.410000e-07
2026.269.21:32:00/gps-maser/+2.790000e-07
2026.269.21:33:00/gps-fmout/+3.381847e-07
2026.269.21:33:00/gps-maser/+2.790000e-07
2026.269.21:34:00/gps-fmout/+3.385668e-07
2026.269.21:34:00/gps-maser/+2.790000e-07
2026.269.21:35:00/gps-fmout/+3.402416e-07
2026.269.21:35:00/gps-maser/+2.792295e-07
2026.269.21:36:00/gps-fmout/+3.413234e-07
2026.269.21:36:00/gps-maser/+2.824379e-07
2026.269.21:37:00/gps-fmout/+3.440909e-07
2026.269.21:37:00/gps-maser/+2.860618e-07
2026.269.21:38:00/gps-fmout/+3.459091e-07
2026.269.21:38:00/gps-maser/+2.858720e-07
2026.269.21:39:00/gps-fmout/+3.469098e-07
2026.269.21:39:00/gps-maser/+2.874242e-07
2026.269.21:40:00/gps-fmout/+3.466595e-07
2026.269.21:40:00/gps-maser/+2.879439e-07
2026.269.21:41:00/gps-fmout/+3.490933e-07
2026.269.21:41:00/gps-maser/+2.872775e-07
2026.269.21:42:00/gps-fmout/+3.489291e-07
2026.269.21:42:00/gps-maser/+2.907344e-07
2026.269.21:43:00/gps-fmout/+3.480000e-07
2026.269.21:43:00/gps-maser/+2.865519e-07
2026.269.21:44:00/gps-fmout/+3.480389e-07
2026.269.21:44:00/gps-maser/+2.882628e-07
2026.269.21:45:00/gps-fmout/+3.491610e-07
2026.269.21:45:00/gps-maser/+2.900349e-07
2026.269.21:46:00/gps-fmout/+3.467727e-07
2026.269.21:46:00/gps-maser/+2.884074e-07
2026.269.21:47:00/gps-fmout/+3.458636e-07
2026.269.21:47:00/gps-maser/+2.856788e-07
2026.269.21:48:00/gps-fmout/+3.449699e-07
2026.269.21:48:00/gps-maser/+2.839904e-07
2026.269.21:49:00/gps-fmout/+3.440909e-07
2026.269.21:49:00/gps-maser/+2.843215e-07
2026.269.21:50:00/gps-fmout/+3.422727e-07
2026.269.21:50:00/gps-maser/+2.808549e-07
2026.269.21:51:00/gps-fmout/+3.402990e-07
2026.269.21:51:00/gps-maser/+2.787914e-07
2026.269.21:52:00/gps-fmout/+3.375710e-07
2026.269.21:52:00/gps-maser/+2.785729e-07
2026.269.21:53:00/gps-fmout/+3.358390e-07
2026.269.21:53:00/gps-maser/+2.758202e-07
2026.269.21:54:00/gps-fmout/+3.350000e-07
2026.269.21:54:00/gps-maser/+2.745862e-07
2026.269.21:55:00/gps-fmout/+3.370161e-07
2026.269.21:55:00/gps-maser/+2.757879e-07
2026.269.21:56:00/gps-fmout/+3.372713e-07
2026.269.21:56:00/gps-maser/+2.776061e-07
2026.269.21:57:00/gps-fmout/+3.383727e-07
2026.269.21:57:00/gps-maser/+2.792279e-07
2026.269.21:58:00/gps-fmout/+3.400835e-07
2026.269.21:58:00/gps-maser/+2.791617e-07
2026.269.21:59:00/gps-fmout/+3.390852e-07
2026.269.21:59:00/gps-maser/+2.810302e-07
2026.269.22:00:00/gps-fmout/+3.413048e-07
2026.269.22:00:00/gps-maser/+2.801212e-07
2026.269.22:01:00/gps-fmout/+3.402587e-07
2026.269.22:01:00/gps-maser/+2.783030e-07
2026.269.22:02:00/gps-fmout/+3.389255e-07
2026.269.22:02:00/gps-maser/+2.766668e-07
2026.269.22:03:00/gps-fmout/+3.388642e-07
2026.269.22:03:00/gps-maser/+2.772060e-07
2026.269.22:04:00/gps-fmout/+3.380428e-07
2026.269.22:04:00/gps-maser/+2.792602e-07
2026.269.22:05:00/gps-fmout/+3.400000e-07
2026.269.22:05:00/gps-maser/+2.801838e-07
2026.269.22:06:00/gps-fmout/+3.395891e-07
2026.269.22:06:00/gps-maser/+2.785540e-07
2026.269.22:07:00/gps-fmout/+3.388570e-07
2026.269.22:07:00/gps-maser/+2.778379e-07
2026.269.22:08:00/gps-fmout/+3.392273e-07
2026.269.22:08:00/gps-maser/+2.783067e-07
2026.269.22:09:00/gps-fmout/+3.401364e-07
2026.269.22:09:00/gps-maser/+2.801967e-07
2026.269.22:10:00/gps-fmout/+3.410646e-07
2026.269.22:10:00/gps-maser/+2.809782e-07
2026.269.22:11:00/gps-fmout/+3.415455e-07
2026.269.22:11:00/gps-maser/+2.794720e-07
2026.269.22:12:00/gps-fmout/+3.406364e-07
2026.269.22:12:00/gps-maser/+2.789392e-07
2026.269.22:13:00/gps-fmout/+3.396732e-07
2026.269.22:13:00/gps-maser/+2.788256e-07
2026.269.22:14:00/gps-fmout/+3.390601e-07
2026.269.22:14:00/gps-maser/+2.783095e-07
2026.269.22:15:00/gps-fmout/+3.400909e-07
2026.269.22:15:00/gps-maser/+2.818485e-07
2026.269.22:16:00/gps-fmout/+3.410000e-07
2026.269.22:16:00/gps-maser/+2.797881e-07
2026.269.22:17:00/gps-fmout/+3.411105e-07
2026.269.22:17:00/gps-maser/+2.794985e-07
2026.269.22:18:00/gps-fmout/+3.437436e-07
2026.269.22:18:00/gps-maser/+2.816061e-07
2026.269.22:19:00/gps-fmout/+3.450062e-07
2026.269.22:19:00/gps-maser/+2.833556e-07
2026.269.22:20:00/gps-fmout/+3.441748e-07
2026.269.22:20:00/gps-maser/+2.840366e-07
2026.269.22:21:00/gps-fmout/+3.460207e-07
2026.269.22:21:00/gps-maser/+2.840606e-07
2026.269.22:22:00/gps-fmout/+3.455680e-07
2026.269.22:22:00/gps-maser/+2.858788e-07
2026.269.22:23:00/gps-fmout/+3.454646e-07
2026.269.22:23:00/gps-maser/+2.868314e-07
2026.269.22:24:00/gps-fmout/+3.451818e-07
2026.269.22:24:00/gps-maser/+2.847633e-07
2026.269.22:25:00/gps-fmout/+3.424545e-07
2026.269.22:25:00/gps-maser/+2.836667e-07
2026.269.22:26:00/gps-fmout/+3.399917e-07
2026.269.22:26:00/gps-maser/+2.818485e-07
2026.269.22:27:00/gps-fmout/+3.420000e-07
2026.269.22:27:00/gps-maser/+2.813410e-07
2026.269.22:28:00/gps-fmout/+3.420000e-07
2026.269.22:28:00/gps-maser/+2.816061e-07
2026.269.22:29:00/gps-fmout/+3.418435e-07
2026.269.22:29:00/gps-maser/+2.806970e-07
2026.269.22:30:00/gps-fmout/+3.404944e-07
2026.269.22:30:00/gps-maser/+2.799842e-07
2026.269.22:31:00/gps-fmout/+3.392727e-07
2026.269.22:31:00/gps-maser/+2.810000e-07
2026.269.22:32:00/gps-fmout/+3.410928e-07
2026.269.22:32:00/gps-maser/+2.810000e-07
2026.269.22:33:00/gps-fmout/+3.425222e-07
2026.269.22:33:00/gps-maser/+2.812797e-07
2026.269.22:34:00/gps-fmout/+3.433636e-07
2026.269.22:34:00/gps-maser/+2.826314e-07
2026.269.22:35:00/gps-fmout/+3.441262e-07
2026.269.22:35:00/gps-maser/+2.838486e-07
2026.269.22:36:00/gps-fmout/+3.441142e-07
2026.269.22:36:00/gps-maser/+2.822942e-07
2026.269.22:37:00/gps-fmout/+3.450308e-07
2026.269.22:37:00/gps-maser/+2.848485e-07
2026.269.22:38:00/gps-fmout/+3.440000e-07
2026.269.22:38:00/gps-maser/+2.829092e-07
2026.269.22:39:00/gps-fmout/+3.412217e-07
2026.269.22:39:00/gps-maser/+2.818553e-07
2026.269.22:40:00/gps-fmout/+3.413182e-07
2026.269.22:40:00/gps-maser/+2.820000e-07
2026.269.22:41:00/gps-fmout/+3.422273e-07
2026.269.22:41:00/gps-maser/+2.820982e-07
2026.269.22:42:00/gps-fmout/+3.429682e-07
2026.269.22:42:00/gps-maser/+2.830063e-07
2026.269.22:43:00/gps-fmout/+3.410909e-07
2026.269.22:43:00/gps-maser/+2.820106e-07
2026.269.22:44:00/gps-fmout/+3.429091e-07
2026.269.22:44:00/gps-maser/+2.822119e-07
2026.269.22:45:00/gps-fmout/+3.440421e-07
2026.269.22:45:00/gps-maser/+2.813363e-07
2026.269.22:46:00/gps-fmout/+3.429485e-07
2026.269.22:46:00/gps-maser/+2.815729e-07
2026.269.22:47:00/gps-fmout/+3.425818e-07
2026.269.22:47:00/gps-maser/+2.797321e-07
2026.269.22:48:00/gps-fmout/+3.390466e-07
2026.269.22:48:00/gps-maser/+2.791229e-07
2026.269.22:49:00/gps-fmout/+3.410000e-07
2026.269.22:49:00/gps-maser/+2.816400e-07
2026.269.22:50:00/gps-fmout/+3.410000e-07
2026.269.22:50:00/gps-maser/+2.819891e-07
2026.269.22:51:00/gps-fmout/+3.412393e-07
2026.269.22:51:00/gps-maser/+2.822508e-07
2026.269.22:52:00/gps-fmout/+3.420000e-07
2026.269.22:52:00/gps-maser/+2.831020e-07
2026.269.22:53:00/gps-fmout/+3.420000e-07
2026.269.22:53:00/gps-maser/+2.828815e-07
2026.269.22:54:00/gps-fmout/+3.419534e-07
2026.269.22:54:00/gps-maser/+2.810106e-07
2026.269.22:55:00/gps-fmout/+3.402489e-07
2026.269.22:55:00/gps-maser/+2.820000e-07
2026.269.22:56:00/gps-fmout/+3.417225e-07
2026.269.22:56:00/gps-maser/+2.820000e-07
2026.269.22:57:00/gps-fmout/+3.429112e-07
2026.269.22:57:00/gps-maser/+2.822640e-07
2026.269.22:58:00/gps-fmout/+3.424346e-07
2026.269.22:58:00/gps-maser/+2.842168e-07
2026.269.22:59:00/gps-fmout/+3.452333e-07
2026.269.22:59:00/gps-maser/+2.850175e-07
2026.269.23:00:00/gps-fmout/+3.470000e-07
2026.269.23:00:00/gps-maser/+2.854848e-07
2026.269.23:01:00/gps-fmout/+3.456364e-07
2026.269.23:01:00/gps-maser/+2.863939e-07
2026.269.23:02:00/gps-fmout/+3.481715e-07
2026.269.23:02:00/gps-maser/+2.874680e-07
2026.269.23:03:00/gps-fmout/+3.497727e-07
2026.269.23:03:00/gps-maser/+2.893516e-07
2026.269.23:04:00/gps-fmout/+3.488636e-07
2026.269.23:04:00/gps-maser/+2.898402e-07
2026.269.23:05:00/gps-fmout/+3.479328e-07
2026.269.23:05:00/gps-maser/+2.849761e-07
2026.269.23:06:00/gps-fmout/+3.436258e-07
2026.269.23:06:00/gps-maser/+2.844109e-07
2026.269.23:07:00/gps-fmout/+3.400098e-07
2026.269.23:07:00/gps-maser/+2.801585e-07
2026.269.23:08:00/gps-fmout/+3.386876e-07
2026.269.23:08:00/gps-maser/+2.764256e-07
2026.269.23:09:00/gps-fmout/+3.374566e-07
2026.269.23:09:00/gps-maser/+2.759846e-07
2026.269.23:10:00/gps-fmout/+3.340000e-07
2026.269.23:10:00/gps-maser/+2.758965e-07
2026.269.23:11:00/gps-fmout/+3.340000e-07
2026.269.23:11:00/gps-maser/+2.744117e-07
2026.269.23:12:00/gps-fmout/+3.340000e-07
2026.269.23:12:00/gps-maser/+2.739747e-07
2026.269.23:13:00/gps-fmout/+3.332131e-07
2026.269.23:13:00/gps-maser/+2.737797e-07
2026.269.23:14:00/gps-fmout/+3.312273e-07
2026.269.23:14:00/gps-maser/+2.726650e-07
2026.269.23:15:00/gps-fmout/+3.321364e-07
2026.269.23:15:00/gps-maser/+2.710333e-07
2026.269.23:16:00/gps-fmout/+3.330990e-07
2026.269.23:16:00/gps-maser/+2.749843e-07
2026.269.23:17:00/gps-fmout/+3.347547e-07
2026.269.23:17:00/gps-maser/+2.743143e-07
2026.269.23:18:00/gps-fmout/+3.343932e-07
2026.269.23:18:00/gps-maser/+2.763327e-07
2026.269.23:19:00/gps-fmout/+3.373148e-07
2026.269.23:19:00/gps-maser/+2.774555e-07
2026.269.23:20:00/gps-fmout/+3.384643e-07
2026.269.23:20:00/gps-maser/+2.794479e-07
2026.269.23:21:00/gps-fmout/+3.411014e-07
2026.269.23:21:00/gps-maser/+2.820860e-07
2026.269.23:22:00/gps-fmout/+3.410000e-07
2026.269.23:22:00/gps-maser/+2.814272e-07
2026.269.23:23:00/gps-fmout/+3.424237e-07
2026.269.23:23:00/gps-maser/+2.819214e-07
2026.269.23:24:00/gps-fmout/+3.435838e-07
2026.269.23:24:00/gps-maser/+2.845292e-07
2026.269.23:25:00/gps-fmout/+3.452608e-07
2026.269.23:25:00/gps-maser/+2.847879e-07
2026.269.23:26:00/gps-fmout/+3.447273e-07
2026.269.23:26:00/gps-maser/+2.838852e-07
2026.269.23:27:00/gps-fmout/+3.429091e-07
2026.269.23:27:00/gps-maser/+2.829528e-07
2026.269.23:28:00/gps-fmout/+3.410909e-07
2026.269.23:28:00/gps-maser/+2.811212e-07
2026.269.23:29:00/gps-fmout/+3.397476e-07
2026.269.23:29:00/gps-maser/+2.793030e-07
2026.269.23:30:00/gps-fmout/+3.397633e-07
2026.269.23:30:00/gps-maser/+2.780458e-07
2026.269.23:31:00/gps-fmout/+3.390556e-07
2026.269.23:31:00/gps-maser/+2.800000e-07
2026.269.23:32:00/gps-fmout/+3.399517e-07
2026.269.23:32:00/gps-maser/+2.800000e-07
2026.269.23:33:00/gps-fmout/+3.390000e-07
2026.269.23:33:00/gps-maser/+2.800000e-07
2026.269.23:34:00/gps-fmout/+3.389506e-07
2026.269.23:34:00/gps-maser/+2.799530e-07
2026.269.23:35:00/gps-fmout/+3.392442e-07
2026.269.23:35:00/gps-maser/+2.802294e-07
2026.269.23:36:00/gps-fmout/+3.402273e-07
2026.269.23:36:00/gps-maser/+2.812121e-07
2026.269.23:37:00/gps-fmout/+3.412860e-07
2026.269.23:37:00/gps-maser/+2.821212e-07
2026.269.23:38:00/gps-fmout/+3.439091e-07
2026.269.23:38:00/gps-maser/+2.830205e-07
2026.269.23:39:00/gps-fmout/+3.420909e-07
2026.269.23:39:00/gps-maser/+2.805885e-07
2026.269.23:40:00/gps-fmout/+3.402727e-07
2026.269.23:40:00/gps-maser/+2.788375e-07
2026.269.23:41:00/gps-fmout/+3.387579e-07
2026.269.23:41:00/gps-maser/+2.787943e-07
2026.269.23:42:00/gps-fmout/+3.386574e-07
2026.269.23:42:00/gps-maser/+2.776975e-07
2026.269.23:43:00/gps-fmout/+3.360418e-07
2026.269.23:43:00/gps-maser/+2.760000e-07
2026.269.23:44:00/gps-fmout/+3.359375e-07
2026.269.23:44:00/gps-maser/+2.760000e-07
2026.269.23:45:00/gps-fmout/+3.353651e-07
2026.269.23:45:00/gps-maser/+2.760000e-07
2026.269.23:46:00/gps-fmout/+3.356917e-07
2026.269.23:46:00/gps-maser/+2.760000e-07
2026.269.23:47:00/gps-fmout/+3.353388e-07
2026.269.23:47:00/gps-maser/+2.760875e-07
2026.269.23:48:00/gps-fmout/+3.371969e-07
2026.269.23:48:00/gps-maser/+2.770835e-07
2026.269.23:49:00/gps-fmout/+3.379842e-07
2026.269.23:49:00/gps-maser/+2.769641e-07
2026.269.23:50:00/gps-fmout/+3.379091e-07
2026.269.23:50:00/gps-maser/+2.747176e-07
2026.269.23:51:00/gps-fmout/+3.397273e-07
2026.269.23:51:00/gps-maser/+2.780509e-07
2026.269.23:52:00/gps-fmout/+3.420526e-07
2026.269.23:52:00/gps-maser/+2.827727e-07
2026.269.23:53:00/gps-fmout/+3.464448e-07
2026.269.23:53:00/gps-maser/+2.855000e-07
2026.269.23:54:00/gps-fmout/+3.482383e-07
2026.269.23:54:00/gps-maser/+2.881539e-07
2026.269.23:55:00/gps-fmout/+3.510000e-07
2026.269.23:55:00/gps-maser/+2.890832e-07
2026.269.23:56:00/gps-fmout/+3.500018e-07
2026.269.23:56:00/gps-maser/+2.897860e-07
2026.269.23:57:00/gps-fmout/+3.497213e-07
2026.269.23:57:00/gps-maser/+2.884326e-07
2026.269.23:58:00/gps-fmout/+3.490836e-07
2026.269.23:58:00/gps-maser/+2.871862e-07
2026.269.23:59:00/gps-fmout/+3.498991e-07
2026.269.23:59:00/gps-maser/+2.899914e-07
2026.270.00:00:00/gps-fmout/+3.478452e-07
2026.270.00:00:00/gps-maser/+2.878648e-07
2026.270.00:01:00/gps-fmout/+3.448535e-07
2026.270.00:01:00/gps-maser/+2.843733e-07
2026.270.00:02:00/gps-fmout/+3.442164e-07
2026.270.00:02:00/gps-maser/+2.839787e-07
2026.270.00:03:00/gps-fmout/+3.437122e-07
2026.270.00:03:00/gps-maser/+2.829700e-07
2026.270.00:04:00/gps-fmout/+3.390000e-07
2026.270.00:04:00/gps-maser/+2.779506e-07
2026.270.00:05:00/gps-fmout/+3.390000e-07
2026.270.00:05:00/gps-maser/+2.788913e-07
2026.270.00:06:00/gps-fmout/+3.390000e-07
2026.270.00:06:00/gps-maser/+2.758689e-07
2026.270.00:07:00/gps-fmout/+3.353472e-07
2026.270.00:07:00/gps-maser/+2.744949e-07
2026.270.00:08:00/gps-fmout/+3.360545e-07
2026.270.00:08:00/gps-maser/+2.761248e-07
2026.270.00:09:00/gps-fmout/+3.356828e-07
2026.270.00:09:00/gps-maser/+2.756629e-07
2026.270.00:10:00/gps-fmout/+3.340950e-07
2026.270.00:10:00/gps-maser/+2.740199e-07
2026.270.00:11:00/gps-fmout/+3.360165e-07
2026.270.00:11:00/gps-maser/+2.750534e-07
2026.270.00:12:00/gps-fmout/+3.355783e-07
2026.270.00:12:00/gps-maser/+2.760000e-07
2026.270.00:13:00/gps-fmout/+3.355001e-07
2026.270.00:13:00/gps-maser/+2.760000e-07
2026.270.00:14:00/gps-fmout/+3.362310e-07
2026.270.00:14:00/gps-maser/+2.755054e-07
2026.270.00:15:00/gps-fmout/+3.333640e-07
2026.270.00:15:00/gps-maser/+2.730787e-07
2026.270.00:16:00/gps-fmout/+3.361629e-07
2026.270.00:16:00/gps-maser/+2.752728e-07
2026.270.00:17:00/gps-fmout/+3.370000e-07
2026.270.00:17:00/gps-maser/+2.767023e-07
2026.270.00:18:00/gps-fmout/+3.357052e-07
2026.270.00:18:00/gps-maser/+2.764158e-07
2026.270.00:19:00/gps-fmout/+3.372367e-07
2026.270.00:19:00/gps-maser/+2.763162e-07
2026.270.00:20:00/gps-fmout/+3.364406e-07
2026.270.00:20:00/gps-maser/+2.738920e-07
2026.270.00:21:00/gps-fmout/+3.336488e-07
2026.270.00:21:00/gps-maser/+2.738652e-07
2026.270.00:22:00/gps-fmout/+3.319979e-07
2026.270.00:22:00/gps-maser/+2.720068e-07
2026.270.00:23:00/gps-fmout/+3.322228e-07
2026.270.00:23:00/gps-maser/+2.727252e-07
2026.270.00:24:00/gps-fmout/+3.303566e-07
2026.270.00:24:00/gps-maser/+2.702054e-07
2026.270.00:25:00/gps-fmout/+3.307483e-07
2026.270.00:25:00/gps-maser/+2.687424e-07
2026.270.00:26:00/gps-fmout/+3.299211e-07
2026.270.00:26:00/gps-maser/+2.678333e-07
2026.270.00:27:00/gps-fmout/+3.300917e-07
2026.270.00:27:00/gps-maser/+2.670976e-07
2026.270.00:28:00/gps-fmout/+3.320000e-07
2026.270.00:28:00/gps-maser/+2.714798e-07
2026.270.00:29:00/gps-fmout/+3.316056e-07
2026.270.00:29:00/gps-maser/+2.712546e-07
2026.270.00:30:00/gps-fmout/+3.309359e-07
2026.270.00:30:00/gps-maser/+2.699838e-07
2026.270.00:31:00/gps-fmout/+3.307011e-07
2026.270.00:31:00/gps-maser/+2.698200e-07
2026.270.00:32:00/gps-fmout/+3.289894e-07
2026.270.00:32:00/gps-maser/+2.689462e-07
2026.270.00:33:00/gps-fmout/+3.299335e-07
2026.270.00:33:00/gps-maser/+2.689727e-07
2026.270.00:34:00/gps-fmout/+3.285455e-07
2026.270.00:34:00/gps-maser/+2.679621e-07
2026.270.00:35:00/gps-fmout/+3.276364e-07
2026.270.00:35:00/gps-maser/+2.677518e-07
2026.270.00:36:00/gps-fmout/+3.265177e-07
2026.270.00:36:00/gps-maser/+2.663408e-07
2026.270.00:37:00/gps-fmout/+3.250195e-07
2026.270.00:37:00/gps-maser/+2.640826e-07
2026.270.00:38:00/gps-fmout/+3.260107e-07
2026.270.00:38:00/gps-maser/+2.660117e-07
2026.270.00:39:00/gps-fmout/+3.264792e-07
2026.270.00:39:00/gps-maser/+2.665025e-07
2026.270.00:40:00/gps-fmout/+3.267063e-07
2026.270.00:40:00/gps-maser/+2.670488e-07
2026.270.00:41:00/gps-fmout/+3.264589e-07
2026.270.00:41:00/gps-maser/+2.672246e-07
2026.270.00:42:00/gps-fmout/+3.277758e-07
2026.270.00:42:00/gps-maser/+2.678606e-07
2026.270.00:43:00/gps-fmout/+3.261060e-07
2026.270.00:43:00/gps-maser/+2.660610e-07
2026.270.00:44:00/gps-fmout/+3.279685e-07
2026.270.00:44:00/gps-maser/+2.689508e-07
2026.270.00:45:00/gps-fmout/+3.274706e-07
2026.270.00:45:00/gps-maser/+2.664098e-07
2026.270.00:46:00/gps-fmout/+3.266857e-07
2026.270.00:46:00/gps-maser/+2.656945e-07
2026.270.00:47:00/gps-fmout/+3.239471e-07
2026.270.00:47:00/gps-maser/+2.630242e-07
2026.270.00:48:00/gps-fmout/+3.238290e-07
2026.270.00:48:00/gps-maser/+2.636890e-07
2026.270.00:49:00/gps-fmout/+3.229741e-07
2026.270.00:49:00/gps-maser/+2.611394e-07
2026.270.00:50:00/gps-fmout/+3.225000e-07
2026.270.00:50:00/gps-maser/+2.633361e-07
2026.270.00:51:00/gps-fmout/+3.223505e-07
2026.270.00:51:00/gps-maser/+2.616590e-07
2026.270.00:52:00/gps-fmout/+3.227459e-07
2026.270.00:52:00/gps-maser/+2.603030e-07
2026.270.00:53:00/gps-fmout/+3.219162e-07
2026.270.00:53:00/gps-maser/+2.612121e-07
2026.270.00:54:00/gps-fmout/+3.221357e-07
2026.270.00:54:00/gps-maser/+2.621617e-07
2026.270.00:55:00/gps-fmout/+3.239917e-07
2026.270.00:55:00/gps-maser/+2.640067e-07
2026.270.00:56:00/gps-fmout/+3.235447e-07
2026.270.00:56:00/gps-maser/+2.624412e-07
2026.270.00:57:00/gps-fmout/+3.236364e-07
2026.270.00:57:00/gps-maser/+2.623349e-07
2026.270.00:58:00/gps-fmout/+3.227273e-07
2026.270.00:58:00/gps-maser/+2.607879e-07
2026.270.00:59:00/gps-fmout/+3.220217e-07
2026.270.00:59:00/gps-maser/+2.613333e-07
2026.270.01:00:00/gps-fmout/+3.240784e-07
2026.270.01:00:00/gps-maser/+2.631515e-07
2026.270.01:01:00/gps-fmout/+3.240000e-07
2026.270.01:01:00/gps-maser/+2.642170e-07
2026.270.01:02:00/gps-fmout/+3.253192e-07
2026.270.01:02:00/gps-maser/+2.643512e-07
2026.270.01:03:00/gps-fmout/+3.238570e-07
2026.270.01:03:00/gps-maser/+2.643396e-07
2026.270.01:04:00/gps-fmout/+3.243588e-07
2026.270.01:04:00/gps-maser/+2.624338e-07
2026.270.01:05:00/gps-fmout/+3.260803e-07
2026.270.01:05:00/gps-maser/+2.651544e-07
2026.270.01:06:00/gps-fmout/+3.260669e-07
2026.270.01:06:00/gps-maser/+2.660127e-07
2026.270.01:07:00/gps-fmout/+3.276638e-07
2026.270.01:07:00/gps-maser/+2.670908e-07
2026.270.01:08:00/gps-fmout/+3.267979e-07
2026.270.01:08:00/gps-maser/+2.673030e-07
2026.270.01:09:00/gps-fmout/+3.240000e-07
2026.270.01:09:00/gps-maser/+2.654848e-07
2026.270.01:10:00/gps-fmout/+3.240000e-07
2026.270.01:10:00/gps-maser/+2.638681e-07
2026.270.01:11:00/gps-fmout/+3.239237e-07
2026.270.01:11:00/gps-maser/+2.647445e-07
2026.270.01:12:00/gps-fmout/+3.234000e-07
2026.270.01:12:00/gps-maser/+2.624848e-07
2026.270.01:13:00/gps-fmout/+3.231115e-07
2026.270.01:13:00/gps-maser/+2.633939e-07
2026.270.01:14:00/gps-fmout/+3.230558e-07
2026.270.01:14:00/gps-maser/+2.643030e-07
2026.270.01:15:00/gps-fmout/+3.264545e-07
2026.270.01:15:00/gps-maser/+2.653848e-07
2026.270.01:16:00/gps-fmout/+3.282727e-07
2026.270.01:16:00/gps-maser/+2.683307e-07
2026.270.01:17:00/gps-fmout/+3.300909e-07
2026.270.01:17:00/gps-maser/+2.699917e-07
2026.270.01:18:00/gps-fmout/+3.304515e-07
2026.270.01:18:00/gps-maser/+2.684063e-07
2026.270.01:19:00/gps-fmout/+3.288990e-07
2026.270.01:19:00/gps-maser/+2.682401e-07
2026.270.01:20:00/gps-fmout/+3.292276e-07
2026.270.01:20:00/gps-maser/+2.690513e-07
2026.270.01:21:00/gps-fmout/+3.299602e-07
2026.270.01:21:00/gps-maser/+2.691852e-07
2026.270.01:22:00/gps-fmout/+3.290841e-07
2026.270.01:22:00/gps-maser/+2.709599e-07
2026.270.01:23:00/gps-fmout/+3.310000e-07
2026.270.01:23:00/gps-maser/+2.704773e-07
2026.270.01:24:00/gps-fmout/+3.310000e-07
2026.270.01:24:00/gps-maser/+2.705627e-07
2026.270.01:25:00/gps-fmout/+3.311473e-07
2026.270.01:25:00/gps-maser/+2.704349e-07
2026.270.01:26:00/gps-fmout/+3.325055e-07
2026.270.01:26:00/gps-maser/+2.725895e-07
2026.270.01:27:00/gps-fmout/+3.350649e-07
2026.270.01:27:00/gps-maser/+2.751033e-07
2026.270.01:28:00/gps-fmout/+3.330758e-07
2026.270.01:28:00/gps-maser/+2.730177e-07
2026.270.01:29:00/gps-fmout/+3.344870e-07
2026.270.01:29:00/gps-maser/+2.734785e-07
2026.270.01:30:00/gps-fmout/+3.315034e-07
2026.270.01:30:00/gps-maser/+2.706257e-07
2026.270.01:31:00/gps-fmout/+3.281818e-07
2026.270.01:31:00/gps-maser/+2.671440e-07
2026.270.01:32:00/gps-fmout/+3.254545e-07
2026.270.01:32:00/gps-maser/+2.646632e-07
2026.270.01:33:00/gps-fmout/+3.226566e-07
2026.270.01:33:00/gps-maser/+2.636312e-07
2026.270.01:34:00/gps-fmout/+3.205000e-07
2026.270.01:34:00/gps-maser/+2.599682e-07
2026.270.01:35:00/gps-fmout/+3.195909e-07
2026.270.01:35:00/gps-maser/+2.595974e-07
2026.270.01:36:00/gps-fmout/+3.186473e-07
2026.270.01:36:00/gps-maser/+2.591955e-07
2026.270.01:37:00/gps-fmout/+3.179321e-07
2026.270.01:37:00/gps-maser/+2.595703e-07
2026.270.01:38:00/gps-fmout/+3.180000e-07
2026.270.01:38:00/gps-maser/+2.568349e-07
2026.270.01:39:00/gps-fmout/+3.179792e-07
2026.270.01:39:00/gps-maser/+2.559875e-07
2026.270.01:40:00/gps-fmout/+3.170225e-07
2026.270.01:40:00/gps-maser/+2.551119e-07
2026.270.01:41:00/gps-fmout/+3.166364e-07
2026.270.01:41:00/gps-maser/+2.542797e-07
2026.270.01:42:00/gps-fmout/+3.157273e-07
2026.270.01:42:00/gps-maser/+2.550000e-07
2026.270.01:43:00/gps-fmout/+3.148918e-07
2026.270.01:43:00/gps-maser/+2.550000e-07
2026.270.01:44:00/gps-fmout/+3.149504e-07
2026.270.01:44:00/gps-maser/+2.550000e-07
2026.270.01:45:00/gps-fmout/+3.140000e-07
2026.270.01:45:00/gps-maser/+2.547246e-07
2026.270.01:46:00/gps-fmout/+3.117947e-07
2026.270.01:46:00/gps-maser/+2.521991e-07
2026.270.01:47:00/gps-fmout/+3.092552e-07
2026.270.01:47:00/gps-maser/+2.488613e-07
2026.270.01:48:00/gps-fmout/+3.077182e-07
2026.270.01:48:00/gps-maser/+2.485960e-07
2026.270.01:49:00/gps-fmout/+3.067844e-07
2026.270.01:49:00/gps-maser/+2.468411e-07
2026.270.01:50:00/gps-fmout/+3.049524e-07
2026.270.01:50:00/gps-maser/+2.459884e-07
2026.270.01:51:00/gps-fmout/+3.038204e-07
2026.270.01:51:00/gps-maser/+2.455606e-07
2026.270.01:52:00/gps-fmout/+3.037273e-07
2026.270.01:52:00/gps-maser/+2.446515e-07
2026.270.01:53:00/gps-fmout/+3.055455e-07
2026.270.01:53:00/gps-maser/+2.441877e-07
2026.270.01:54:00/gps-fmout/+3.071893e-07
2026.270.01:54:00/gps-maser/+2.460000e-07
2026.270.01:55:00/gps-fmout/+3.071818e-07
2026.270.01:55:00/gps-maser/+2.460000e-07
2026.270.01:56:00/gps-fmout/+3.091250e-07
2026.270.01:56:00/gps-maser/+2.479091e-07
2026.270.01:57:00/gps-fmout/+3.101428e-07
2026.270.01:57:00/gps-maser/+2.496567e-07
2026.270.01:58:00/gps-fmout/+3.100000e-07
2026.270.01:58:00/gps-maser/+2.490000e-07
2026.270.01:59:00/gps-fmout/+3.098685e-07
2026.270.01:59:00/gps-maser/+2.490000e-07
2026.270.02:00:00/gps-fmout/+3.091281e-07
2026.270.02:00:00/gps-maser/+2.490298e-07
2026.270.02:01:00/gps-fmout/+3.120499e-07
2026.270.02:01:00/gps-maser/+2.500201e-07
2026.270.02:02:00/gps-fmout/+3.138096e-07
2026.270.02:02:00/gps-maser/+2.519497e-07
2026.270.02:03:00/gps-fmout/+3.160841e-07
2026.270.02:03:00/gps-maser/+2.558303e-07
2026.270.02:04:00/gps-fmout/+3.165034e-07
2026.270.02:04:00/gps-maser/+2.573029e-07
2026.270.02:05:00/gps-fmout/+3.180947e-07
2026.270.02:05:00/gps-maser/+2.580794e-07
2026.270.02:06:00/gps-fmout/+3.181167e-07
2026.270.02:06:00/gps-maser/+2.581453e-07
2026.270.02:07:00/gps-fmout/+3.200000e-07
2026.270.02:07:00/gps-maser/+2.590934e-07
2026.270.02:08:00/gps-fmout/+3.204128e-07
2026.270.02:08:00/gps-maser/+2.588207e-07
2026.270.02:09:00/gps-fmout/+3.203709e-07
2026.270.02:09:00/gps-maser/+2.598493e-07
2026.270.02:10:00/gps-fmout/+3.178704e-07
2026.270.02:10:00/gps-maser/+2.585758e-07
2026.270.02:11:00/gps-fmout/+3.177415e-07
2026.270.02:11:00/gps-maser/+2.567576e-07
2026.270.02:12:00/gps-fmout/+3.150050e-07
2026.270.02:12:00/gps-maser/+2.549568e-07
2026.270.02:13:00/gps-fmout/+3.155261e-07
2026.270.02:13:00/gps-maser/+2.547003e-07
2026.270.02:14:00/gps-fmout/+3.152939e-07
2026.270.02:14:00/gps-maser/+2.542107e-07
2026.270.02:15:00/gps-fmout/+3.158657e-07
2026.270.02:15:00/gps-maser/+2.570316e-07
2026.270.02:16:00/gps-fmout/+3.153723e-07
2026.270.02:16:00/gps-maser/+2.571377e-07
2026.270.02:17:00/gps-fmout/+3.189203e-07
2026.270.02:17:00/gps-maser/+2.581203e-07
2026.270.02:18:00/gps-fmout/+3.185402e-07
2026.270.02:18:00/gps-maser/+2.585908e-07
2026.270.02:19:00/gps-fmout/+3.190159e-07
2026.270.02:19:00/gps-maser/+2.584156e-07
2026.270.02:20:00/gps-fmout/+3.192459e-07
2026.270.02:20:00/gps-maser/+2.590000e-07
2026.270.02:21:00/gps-fmout/+3.196708e-07
2026.270.02:21:00/gps-maser/+2.590000e-07
2026.270.02:22:00/gps-fmout/+3.170643e-07
2026.270.02:22:00/gps-maser/+2.589276e-07
2026.270.02:23:00/gps-fmout/+3.189470e-07
2026.270.02:23:00/gps-maser/+2.569833e-07
2026.270.02:24:00/gps-fmout/+3.180601e-07
2026.270.02:24:00/gps-maser/+2.566337e-07
2026.270.02:25:00/gps-fmout/+3.173148e-07
2026.270.02:25:00/gps-maser/+2.553349e-07
2026.270.02:26:00/gps-fmout/+3.156715e-07
2026.270.02:26:00/gps-maser/+2.540229e-07
2026.270.02:27:00/gps-fmout/+3.148809e-07
2026.270.02:27:00/gps-maser/+2.549144e-07
2026.270.02:28:00/gps-fmout/+3.152873e-07
2026.270.02:28:00/gps-maser/+2.540892e-07
2026.270.02:29:00/gps-fmout/+3.160000e-07
2026.270.02:29:00/gps-maser/+2.550000e-07
2026.270.02:30:00/gps-fmout/+3.142618e-07
2026.270.02:30:00/gps-maser/+2.550000e-07
2026.270.02:31:00/gps-fmout/+3.156347e-07
2026.270.02:31:00/gps-maser/+2.553970e-07
2026.270.02:32:00/gps-fmout/+3.173078e-07
2026.270.02:32:00/gps-maser/+2.570736e-07
2026.270.02:33:00/gps-fmout/+3.182632e-07
2026.270.02:33:00/gps-maser/+2.570586e-07
2026.270.02:34:00/gps-fmout/+3.209914e-07
2026.270.02:34:00/gps-maser/+2.580595e-07
2026.270.02:35:00/gps-fmout/+3.195297e-07
2026.270.02:35:00/gps-maser/+2.596564e-07
2026.270.02:36:00/gps-fmout/+3.196364e-07
2026.270.02:36:00/gps-maser/+2.593783e-07
2026.270.02:37:00/gps-fmout/+3.187273e-07
2026.270.02:37:00/gps-maser/+2.600000e-07
2026.270.02:38:00/gps-fmout/+3.181127e-07
2026.270.02:38:00/gps-maser/+2.600000e-07
2026.270.02:39:00/gps-fmout/+3.210826e-07
2026.270.02:39:00/gps-maser/+2.599551e-07
2026.270.02:40:00/gps-fmout/+3.210000e-07
2026.270.02:40:00/gps-maser/+2.582733e-07
2026.270.02:41:00/gps-fmout/+3.202069e-07
2026.270.02:41:00/gps-maser/+2.595976e-07
2026.270.02:42:00/gps-fmout/+3.217153e-07
2026.270.02:42:00/gps-maser/+2.634511e-07
2026.270.02:43:00/gps-fmout/+3.230000e-07
2026.270.02:43:00/gps-maser/+2.640000e-07
2026.270.02:44:00/gps-fmout/+3.229679e-07
2026.270.02:44:00/gps-maser/+2.640000e-07
2026.270.02:45:00/gps-fmout/+3.231067e-07
2026.270.02:45:00/gps-maser/+2.640152e-07
2026.270.02:46:00/gps-fmout/+3.268182e-07
2026.270.02:46:00/gps-maser/+2.675397e-07
2026.270.02:47:00/gps-fmout/+3.301059e-07
2026.270.02:47:00/gps-maser/+2.691744e-07
2026.270.02:48:00/gps-fmout/+3.312727e-07
2026.270.02:48:00/gps-maser/+2.691515e-07
2026.270.02:49:00/gps-fmout/+3.321818e-07
2026.270.02:49:00/gps-maser/+2.703765e-07
2026.270.02:50:00/gps-fmout/+3.331683e-07
2026.270.02:50:00/gps-maser/+2.732861e-07
2026.270.02:51:00/gps-fmout/+3.370000e-07
2026.270.02:51:00/gps-maser/+2.751766e-07
2026.270.02:52:00/gps-fmout/+3.370000e-07
2026.270.02:52:00/gps-maser/+2.754398e-07
2026.270.02:53:00/gps-fmout/+3.367837e-07
2026.270.02:53:00/gps-maser/+2.757802e-07
2026.270.02:54:00/gps-fmout/+3.360691e-07
2026.270.02:54:00/gps-maser/+2.750000e-07
2026.270.02:55:00/gps-fmout/+3.369860e-07
2026.270.02:55:00/gps-maser/+2.750000e-07
2026.270.02:56:00/gps-fmout/+3.360611e-07
2026.270.02:56:00/gps-maser/+2.750192e-07
2026.270.02:57:00/gps-fmout/+3.375978e-07
2026.270.02:57:00/gps-maser/+2.766942e-07
2026.270.02:58:00/gps-fmout/+3.373542e-07
2026.270.02:58:00/gps-maser/+2.766729e-07
2026.270.02:59:00/gps-fmout/+3.376331e-07
2026.270.02:59:00/gps-maser/+2.774344e-07
2026.270.03:00:00/gps-fmout/+3.360479e-07
2026.270.03:00:00/gps-maser/+2.750000e-07
2026.270.03:01:00/gps-fmout/+3.369140e-07
2026.270.03:01:00/gps-maser/+2.750000e-07
2026.270.03:02:00/gps-fmout/+3.350000e-07
2026.270.03:02:00/gps-maser/+2.750000e-07
2026.270.03:03:00/gps-fmout/+3.332168e-07
2026.270.03:03:00/gps-maser/+2.741394e-07
2026.270.03:04:00/gps-fmout/+3.337035e-07
2026.270.03:04:00/gps-maser/+2.715152e-07
2026.270.03:05:00/gps-fmout/+3.329485e-07
2026.270.03:05:00/gps-maser/+2.711277e-07
2026.270.03:06:00/gps-fmout/+3.327836e-07
2026.270.03:06:00/gps-maser/+2.719464e-07
2026.270.03:07:00/gps-fmout/+3.299737e-07
2026.270.03:07:00/gps-maser/+2.709529e-07
2026.270.03:08:00/gps-fmout/+3.292750e-07
2026.270.03:08:00/gps-maser/+2.701673e-07
2026.270.03:09:00/gps-fmout/+3.297273e-07
2026.270.03:09:00/gps-maser/+2.717169e-07
2026.270.03:10:00/gps-fmout/+3.315455e-07
2026.270.03:10:00/gps-maser/+2.731223e-07
2026.270.03:11:00/gps-fmout/+3.332615e-07
2026.270.03:11:00/gps-maser/+2.731667e-07
2026.270.03:12:00/gps-fmout/+3.329244e-07
2026.270.03:12:00/gps-maser/+2.738485e-07
2026.270.03:13:00/gps-fmout/+3.310000e-07
2026.270.03:13:00/gps-maser/+2.720303e-07
2026.270.03:14:00/gps-fmout/+3.285691e-07
2026.270.03:14:00/gps-maser/+2.698061e-07
2026.270.03:15:00/gps-fmout/+3.299145e-07
2026.270.03:15:00/gps-maser/+2.680354e-07
2026.270.03:16:00/gps-fmout/+3.307510e-07
2026.270.03:16:00/gps-maser/+2.707923e-07
2026.270.03:17:00/gps-fmout/+3.344687e-07
2026.270.03:17:00/gps-maser/+2.742665e-07
2026.270.03:18:00/gps-fmout/+3.370714e-07
2026.270.03:18:00/gps-maser/+2.750917e-07
2026.270.03:19:00/gps-fmout/+3.379429e-07
2026.270.03:19:00/gps-maser/+2.780020e-07
2026.270.03:20:00/gps-fmout/+3.387563e-07
2026.270.03:20:00/gps-maser/+2.794620e-07
2026.270.03:21:00/gps-fmout/+3.381333e-07
2026.270.03:21:00/gps-maser/+2.799184e-07
2026.270.03:22:00/gps-fmout/+3.394035e-07
2026.270.03:22:00/gps-maser/+2.791250e-07
2026.270.03:23:00/gps-fmout/+3.419042e-07
2026.270.03:23:00/gps-maser/+2.808528e-07
2026.270.03:24:00/gps-fmout/+3.411023e-07
2026.270.03:24:00/gps-maser/+2.794848e-07
2026.270.03:25:00/gps-fmout/+3.411664e-07
2026.270.03:25:00/gps-maser/+2.803939e-07
2026.270.03:26:00/gps-fmout/+3.400099e-07
2026.270.03:26:00/gps-maser/+2.812752e-07
2026.270.03:27:00/gps-fmout/+3.397727e-07
2026.270.03:27:00/gps-maser/+2.805758e-07
2026.270.03:28:00/gps-fmout/+3.388636e-07
2026.270.03:28:00/gps-maser/+2.787576e-07
2026.270.03:29:00/gps-fmout/+3.379038e-07
2026.270.03:29:00/gps-maser/+2.769311e-07
2026.270.03:30:00/gps-fmout/+3.336364e-07
2026.270.03:30:00/gps-maser/+2.735997e-07
2026.270.03:31:00/gps-fmout/+3.309091e-07
2026.270.03:31:00/gps-maser/+2.712835e-07
2026.270.03:32:00/gps-fmout/+3.284929e-07
2026.270.03:32:00/gps-maser/+2.690976e-07
2026.270.03:33:00/gps-fmout/+3.276364e-07
2026.270.03:33:00/gps-maser/+2.653884e-07
2026.270.03:34:00/gps-fmout/+3.258182e-07
2026.270.03:34:00/gps-maser/+2.629679e-07
2026.270.03:35:00/gps-fmout/+3.240000e-07
2026.270.03:35:00/gps-maser/+2.634438e-07
2026.270.03:36:00/gps-fmout/+3.233598e-07
2026.270.03:36:00/gps-maser/+2.632589e-07
2026.270.03:37:00/gps-fmout/+3.249197e-07
2026.270.03:37:00/gps-maser/+2.645783e-07
2026.270.03:38:00/gps-fmout/+3.256818e-07
2026.270.03:38:00/gps-maser/+2.662822e-07
2026.270.03:39:00/gps-fmout/+3.284091e-07
2026.270.03:39:00/gps-maser/+2.672490e-07
2026.270.03:40:00/gps-fmout/+3.311360e-07
2026.270.03:40:00/gps-maser/+2.700276e-07
2026.270.03:41:00/gps-fmout/+3.320000e-07
2026.270.03:41:00/gps-maser/+2.695214e-07
2026.270.03:42:00/gps-fmout/+3.319579e-07
2026.270.03:42:00/gps-maser/+2.693418e-07
2026.270.03:43:00/gps-fmout/+3.322006e-07
2026.270.03:43:00/gps-maser/+2.720170e-07
2026.270.03:44:00/gps-fmout/+3.331818e-07
2026.270.03:44:00/gps-maser/+2.750428e-07
2026.270.03:45:00/gps-fmout/+3.339068e-07
2026.270.03:45:00/gps-maser/+2.738669e-07
2026.270.03:46:00/gps-fmout/+3.319792e-07
2026.270.03:46:00/gps-maser/+2.709179e-07
2026.270.03:47:00/gps-fmout/+3.307636e-07
2026.270.03:47:00/gps-maser/+2.695150e-07
2026.270.03:48:00/gps-fmout/+3.294391e-07
2026.270.03:48:00/gps-maser/+2.710847e-07
2026.270.03:49:00/gps-fmout/+3.308166e-07
2026.270.03:49:00/gps-maser/+2.708436e-07
2026.270.03:50:00/gps-fmout/+3.299486e-07
2026.270.03:50:00/gps-maser/+2.698114e-07
2026.270.03:51:00/gps-fmout/+3.300483e-07
2026.270.03:51:00/gps-maser/+2.679626e-07
2026.270.03:52:00/gps-fmout/+3.310000e-07
2026.270.03:52:00/gps-maser/+2.688850e-07
2026.270.03:53:00/gps-fmout/+3.310000e-07
2026.270.03:53:00/gps-maser/+2.700459e-07
2026.270.03:54:00/gps-fmout/+3.311465e-07
2026.270.03:54:00/gps-maser/+2.702173e-07
2026.270.03:55:00/gps-fmout/+3.320920e-07
2026.270.03:55:00/gps-maser/+2.711190e-07
2026.270.03:56:00/gps-fmout/+3.319284e-07
2026.270.03:56:00/gps-maser/+2.707759e-07
2026.270.03:57:00/gps-fmout/+3.300000e-07
2026.270.03:57:00/gps-maser/+2.678090e-07
2026.270.03:58:00/gps-fmout/+3.302170e-07
2026.270.03:58:00/gps-maser/+2.684868e-07
2026.270.03:59:00/gps-fmout/+3.286752e-07
2026.270.03:59:00/gps-maser/+2.685507e-07
2026.270.04:00:00/gps-fmout/+3.276093e-07
2026.270.04:00:00/gps-maser/+2.667879e-07
2026.270.04:01:00/gps-fmout/+3.258804e-07
2026.270.04:01:00/gps-maser/+2.658788e-07
2026.270.04:02:00/gps-fmout/+3.259391e-07
2026.270.04:02:00/gps-maser/+2.649838e-07
2026.270.04:03:00/gps-fmout/+3.250000e-07
2026.270.04:03:00/gps-maser/+2.651809e-07
2026.270.04:04:00/gps-fmout/+3.250000e-07
2026.270.04:04:00/gps-maser/+2.641056e-07
2026.270.04:05:00/gps-fmout/+3.257303e-07
2026.270.04:05:00/gps-maser/+2.657248e-07
2026.270.04:06:00/gps-fmout/+3.290000e-07
2026.270.04:06:00/gps-maser/+2.682670e-07
2026.270.04:07:00/gps-fmout/+3.290000e-07
2026.270.04:07:00/gps-maser/+2.690000e-07
2026.270.04:08:00/gps-fmout/+3.290000e-07
2026.270.04:08:00/gps-maser/+2.690000e-07
2026.270.04:09:00/gps-fmout/+3.297303e-07
2026.270.04:09:00/gps-maser/+2.693433e-07
2026.270.04:10:00/gps-fmout/+3.303413e-07
2026.270.04:10:00/gps-maser/+2.693789e-07
2026.270.04:11:00/gps-fmout/+3.279055e-07
2026.270.04:11:00/gps-maser/+2.669476e-07
2026.270.04:12:00/gps-fmout/+3.278431e-07
2026.270.04:12:00/gps-maser/+2.668979e-07
2026.270.04:13:00/gps-fmout/+3.260699e-07
2026.270.04:13:00/gps-maser/+2.659787e-07
2026.270.04:14:00/gps-fmout/+3.290000e-07
2026.270.04:14:00/gps-maser/+2.668788e-07
2026.270.04:15:00/gps-fmout/+3.290000e-07
2026.270.04:15:00/gps-maser/+2.686970e-07
2026.270.04:16:00/gps-fmout/+3.293435e-07
2026.270.04:16:00/gps-maser/+2.704193e-07
2026.270.04:17:00/gps-fmout/+3.308924e-07
2026.270.04:17:00/gps-maser/+2.708472e-07
2026.270.04:18:00/gps-fmout/+3.289882e-07
2026.270.04:18:00/gps-maser/+2.681974e-07
2026.270.04:19:00/gps-fmout/+3.300000e-07
2026.270.04:19:00/gps-maser/+2.700121e-07
2026.270.04:20:00/gps-fmout/+3.268769e-07
2026.270.04:20:00/gps-maser/+2.686061e-07
2026.270.04:21:00/gps-fmout/+3.262393e-07
2026.270.04:21:00/gps-maser/+2.676970e-07
2026.270.04:22:00/gps-fmout/+3.270000e-07
2026.270.04:22:00/gps-maser/+2.667702e-07
2026.270.04:23:00/gps-fmout/+3.270000e-07
2026.270.04:23:00/gps-maser/+2.659532e-07
2026.270.04:24:00/gps-fmout/+3.270183e-07
2026.270.04:24:00/gps-maser/+2.659991e-07
2026.270.04:25:00/gps-fmout/+3.285560e-07
2026.270.04:25:00/gps-maser/+2.663703e-07
2026.270.04:26:00/gps-fmout/+3.290596e-07
2026.270.04:26:00/gps-maser/+2.673485e-07
2026.270.04:27:00/gps-fmout/+3.291912e-07
2026.270.04:27:00/gps-maser/+2.681358e-07
2026.270.04:28:00/gps-fmout/+3.297132e-07
2026.270.04:28:00/gps-maser/+2.680978e-07
2026.270.04:29:00/gps-fmout/+3.260443e-07
2026.270.04:29:00/gps-maser/+2.688236e-07
2026.270.04:30:00/gps-fmout/+3.253958e-07
2026.270.04:30:00/gps-maser/+2.646337e-07
2026.270.04:31:00/gps-fmout/+3.238544e-07
2026.270.04:31:00/gps-maser/+2.643621e-07
2026.270.04:32:00/gps-fmout/+3.243502e-07
2026.270.04:32:00/gps-maser/+2.647635e-07
2026.270.04:33:00/gps-fmout/+3.250000e-07
2026.270.04:33:00/gps-maser/+2.640896e-07
2026.270.04:34:00/gps-fmout/+3.250000e-07
2026.270.04:34:00/gps-maser/+2.648931e-07
2026.270.04:35:00/gps-fmout/+3.249534e-07
2026.270.04:35:00/gps-maser/+2.630606e-07
2026.270.04:36:00/gps-fmout/+3.234132e-07
2026.270.04:36:00/gps-maser/+2.648788e-07
2026.270.04:37:00/gps-fmout/+3.240035e-07
2026.270.04:37:00/gps-maser/+2.661292e-07
2026.270.04:38:00/gps-fmout/+3.242051e-07
2026.270.04:38:00/gps-maser/+2.645441e-07
2026.270.04:39:00/gps-fmout/+3.248696e-07
2026.270.04:39:00/gps-maser/+2.629959e-07
2026.270.04:40:00/gps-fmout/+3.229951e-07
2026.270.04:40:00/gps-maser/+2.647605e-07
2026.270.04:41:00/gps-fmout/+3.240000e-07
2026.270.04:41:00/gps-maser/+2.616841e-07
2026.270.04:42:00/gps-fmout/+3.224206e-07
2026.270.04:42:00/gps-maser/+2.628795e-07
2026.270.04:43:00/gps-fmout/+3.224786e-07
2026.270.04:43:00/gps-maser/+2.637962e-07
2026.270.04:44:00/gps-fmout/+3.240000e-07
2026.270.04:44:00/gps-maser/+2.629612e-07
2026.270.04:45:00/gps-fmout/+3.240000e-07
2026.270.04:45:00/gps-maser/+2.630504e-07
2026.270.04:46:00/gps-fmout/+3.240000e-07
2026.270.04:46:00/gps-maser/+2.639907e-07
2026.270.04:47:00/gps-fmout/+3.251608e-07
2026.270.04:47:00/gps-maser/+2.636862e-07
2026.270.04:48:00/gps-fmout/+3.261742e-07
2026.270.04:48:00/gps-maser/+2.656678e-07
2026.270.04:49:00/gps-fmout/+3.249034e-07
2026.270.04:49:00/gps-maser/+2.649681e-07
2026.270.04:50:00/gps-fmout/+3.280000e-07
2026.270.04:50:00/gps-maser/+2.650557e-07
2026.270.04:51:00/gps-fmout/+3.280000e-07
2026.270.04:51:00/gps-maser/+2.662727e-07
2026.270.04:52:00/gps-fmout/+3.280000e-07
2026.270.04:52:00/gps-maser/+2.687423e-07
2026.270.04:53:00/gps-fmout/+3.257868e-07
2026.270.04:53:00/gps-maser/+2.671707e-07
2026.270.04:54:00/gps-fmout/+3.263182e-07
2026.270.04:54:00/gps-maser/+2.663181e-07
2026.270.04:55:00/gps-fmout/+3.272273e-07
2026.270.04:55:00/gps-maser/+2.678821e-07
2026.270.04:56:00/gps-fmout/+3.280003e-07
2026.270.04:56:00/gps-maser/+2.667982e-07
2026.270.04:57:00/gps-fmout/+3.260270e-07
2026.270.04:57:00/gps-maser/+2.649845e-07
2026.270.04:58:00/gps-fmout/+3.265455e-07
2026.270.04:58:00/gps-maser/+2.655785e-07
2026.270.04:59:00/gps-fmout/+3.256364e-07
2026.270.04:59:00/gps-maser/+2.650200e-07
2026.270.05:00:00/gps-fmout/+3.250654e-07
2026.270.05:00:00/gps-maser/+2.645940e-07
2026.270.05:01:00/gps-fmout/+3.258421e-07
2026.270.05:01:00/gps-maser/+2.627832e-07
2026.270.05:02:00/gps-fmout/+3.236789e-07
2026.270.05:02:00/gps-maser/+2.619747e-07
2026.270.05:03:00/gps-fmout/+3.216071e-07
2026.270.05:03:00/gps-maser/+2.615374e-07
2026.270.05:04:00/gps-fmout/+3.228441e-07
2026.270.05:04:00/gps-maser/+2.620130e-07
2026.270.05:05:00/gps-fmout/+3.238347e-07
2026.270.05:05:00/gps-maser/+2.635478e-07
2026.270.05:06:00/gps-fmout/+3.231215e-07
2026.270.05:06:00/gps-maser/+2.618539e-07
2026.270.05:07:00/gps-fmout/+3.238983e-07
2026.270.05:07:00/gps-maser/+2.622424e-07
2026.270.05:08:00/gps-fmout/+3.220962e-07
2026.270.05:08:00/gps-maser/+2.640606e-07
2026.270.05:09:00/gps-fmout/+3.251461e-07
2026.270.05:09:00/gps-maser/+2.649285e-07
2026.270.05:10:00/gps-fmout/+3.254831e-07
2026.270.05:10:00/gps-maser/+2.638803e-07
2026.270.05:11:00/gps-fmout/+3.246739e-07
2026.270.05:11:00/gps-maser/+2.646569e-07
2026.270.05:12:00/gps-fmout/+3.268182e-07
2026.270.05:12:00/gps-maser/+2.678519e-07
2026.270.05:13:00/gps-fmout/+3.259053e-07
2026.270.05:13:00/gps-maser/+2.641449e-07
2026.270.05:14:00/gps-fmout/+3.250000e-07
2026.270.05:14:00/gps-maser/+2.645066e-07
2026.270.05:15:00/gps-fmout/+3.250989e-07
2026.270.05:15:00/gps-maser/+2.634084e-07
2026.270.05:16:00/gps-fmout/+3.245116e-07
2026.270.05:16:00/gps-maser/+2.634863e-07
2026.270.05:17:00/gps-fmout/+3.225455e-07
2026.270.05:17:00/gps-maser/+2.618850e-07
2026.270.05:18:00/gps-fmout/+3.207273e-07
2026.270.05:18:00/gps-maser/+2.617572e-07
2026.270.05:19:00/gps-fmout/+3.188858e-07
2026.270.05:19:00/gps-maser/+2.579845e-07
2026.270.05:20:00/gps-fmout/+3.176386e-07
2026.270.05:20:00/gps-maser/+2.581257e-07
2026.270.05:21:00/gps-fmout/+3.182391e-07
2026.270.05:21:00/gps-maser/+2.575277e-07
2026.270.05:22:00/gps-fmout/+3.174610e-07
2026.270.05:22:00/gps-maser/+2.587074e-07
2026.270.05:23:00/gps-fmout/+3.192543e-07
2026.270.05:23:00/gps-maser/+2.573426e-07
2026.270.05:24:00/gps-fmout/+3.199247e-07
2026.270.05:24:00/gps-maser/+2.609381e-07
2026.270.05:25:00/gps-fmout/+3.194813e-07
2026.270.05:25:00/gps-maser/+2.604924e-07
2026.270.05:26:00/gps-fmout/+3.198594e-07
2026.270.05:26:00/gps-maser/+2.601307e-07
2026.270.05:27:00/gps-fmout/+3.206364e-07
2026.270.05:27:00/gps-maser/+2.597708e-07
2026.270.05:28:00/gps-fmout/+3.224545e-07
2026.270.05:28:00/gps-maser/+2.625328e-07
2026.270.05:29:00/gps-fmout/+3.242727e-07
2026.270.05:29:00/gps-maser/+2.640000e-07
2026.270.05:30:00/gps-fmout/+3.260015e-07
2026.270.05:30:00/gps-maser/+2.640000e-07
2026.270.05:31:00/gps-fmout/+3.234545e-07
2026.270.05:31:00/gps-maser/+2.640000e-07
2026.270.05:32:00/gps-fmout/+3.243636e-07
2026.270.05:32:00/gps-maser/+2.650792e-07
2026.270.05:33:00/gps-fmout/+3.254147e-07
2026.270.05:33:00/gps-maser/+2.675863e-07
2026.270.05:34:00/gps-fmout/+3.273542e-07
2026.270.05:34:00/gps-maser/+2.650000e-07
2026.270.05:35:00/gps-fmout/+3.278182e-07
2026.270.05:35:00/gps-maser/+2.662487e-07
2026.270.05:36:00/gps-fmout/+3.260000e-07
2026.270.05:36:00/gps-maser/+2.672839e-07
2026.270.05:37:00/gps-fmout/+3.247539e-07
2026.270.05:37:00/gps-maser/+2.647965e-07
2026.270.05:38:00/gps-fmout/+3.247361e-07
2026.270.05:38:00/gps-maser/+2.633864e-07
2026.270.05:39:00/gps-fmout/+3.242151e-07
2026.270.05:39:00/gps-maser/+2.657509e-07
2026.270.05:40:00/gps-fmout/+3.258050e-07
2026.270.05:40:00/gps-maser/+2.639845e-07
2026.270.05:41:00/gps-fmout/+3.229775e-07
2026.270.05:41:00/gps-maser/+2.649386e-07
2026.270.05:42:00/gps-fmout/+3.234545e-07
2026.270.05:42:00/gps-maser/+2.624268e-07
2026.270.05:43:00/gps-fmout/+3.243636e-07
2026.270.05:43:00/gps-maser/+2.630000e-07
2026.270.05:44:00/gps-fmout/+3.247156e-07
2026.270.05:44:00/gps-maser/+2.630000e-07
2026.270.05:45:00/gps-fmout/+3.216154e-07
2026.270.05:45:00/gps-maser/+2.626507e-07
2026.270.05:46:00/gps-fmout/+3.197825e-07
2026.270.05:46:00/gps-maser/+2.580831e-07
2026.270.05:47:00/gps-fmout/+3.170000e-07
2026.270.05:47:00/gps-maser/+2.589631e-07
2026.270.05:48:00/gps-fmout/+3.190149e-07
2026.270.05:48:00/gps-maser/+2.579273e-07
2026.270.05:49:00/gps-fmout/+3.193066e-07
2026.270.05:49:00/gps-maser/+2.582415e-07
2026.270.05:50:00/gps-fmout/+3.197610e-07
2026.270.05:50:00/gps-maser/+2.587377e-07
2026.270.05:51:00/gps-fmout/+3.180521e-07
2026.270.05:51:00/gps-maser/+2.560555e-07
2026.270.05:52:00/gps-fmout/+3.190778e-07
2026.270.05:52:00/gps-maser/+2.589552e-07
2026.270.05:53:00/gps-fmout/+3.196356e-07
2026.270.05:53:00/gps-maser/+2.574394e-07
2026.270.05:54:00/gps-fmout/+3.190000e-07
2026.270.05:54:00/gps-maser/+2.583485e-07
2026.270.05:55:00/gps-fmout/+3.190000e-07
2026.270.05:55:00/gps-maser/+2.587999e-07
2026.270.05:56:00/gps-fmout/+3.190770e-07
2026.270.05:56:00/gps-maser/+2.570567e-07
2026.270.05:57:00/gps-fmout/+3.198350e-07
2026.270.05:57:00/gps-maser/+2.581515e-07
2026.270.05:58:00/gps-fmout/+3.194250e-07
2026.270.05:58:00/gps-maser/+2.599697e-07
2026.270.05:59:00/gps-fmout/+3.212970e-07
2026.270.05:59:00/gps-maser/+2.620606e-07
2026.270.06:00:00/gps-fmout/+3.230903e-07
2026.270.06:00:00/gps-maser/+2.646685e-07
2026.270.06:01:00/gps-fmout/+3.271883e-07
2026.270.06:01:00/gps-maser/+2.668281e-07
2026.270.06:02:00/gps-fmout/+3.312727e-07
2026.270.06:02:00/gps-maser/+2.713437e-07
2026.270.06:03:00/gps-fmout/+3.330909e-07
2026.270.06:03:00/gps-maser/+2.730941e-07
2026.270.06:04:00/gps-fmout/+3.337483e-07
2026.270.06:04:00/gps-maser/+2.754494e-07
2026.270.06:05:00/gps-fmout/+3.336768e-07
2026.270.06:05:00/gps-maser/+2.743358e-07
2026.270.06:06:00/gps-fmout/+3.351262e-07
2026.270.06:06:00/gps-maser/+2.725985e-07
2026.270.06:07:00/gps-fmout/+3.348182e-07
2026.270.06:07:00/gps-maser/+2.722083e-07
2026.270.06:08:00/gps-fmout/+3.339091e-07
2026.270.06:08:00/gps-maser/+2.750425e-07
2026.270.06:09:00/gps-fmout/+3.330000e-07
2026.270.06:09:00/gps-maser/+2.745152e-07
2026.270.06:10:00/gps-fmout/+3.340578e-07
2026.270.06:10:00/gps-maser/+2.736061e-07
2026.270.06:11:00/gps-fmout/+3.345631e-07
2026.270.06:11:00/gps-maser/+2.730406e-07
2026.270.06:12:00/gps-fmout/+3.356056e-07
2026.270.06:12:00/gps-maser/+2.741367e-07
2026.270.06:13:00/gps-fmout/+3.330000e-07
2026.270.06:13:00/gps-maser/+2.737576e-07
2026.270.06:14:00/gps-fmout/+3.330000e-07
2026.270.06:14:00/gps-maser/+2.719394e-07
2026.270.06:15:00/gps-fmout/+3.338640e-07
2026.270.06:15:00/gps-maser/+2.717480e-07
2026.270.06:16:00/gps-fmout/+3.347205e-07
2026.270.06:16:00/gps-maser/+2.746382e-07
2026.270.06:17:00/gps-fmout/+3.339730e-07
2026.270.06:17:00/gps-maser/+2.744549e-07
2026.270.06:18:00/gps-fmout/+3.339389e-07
2026.270.06:18:00/gps-maser/+2.717063e-07
2026.270.06:19:00/gps-fmout/+3.326574e-07
2026.270.06:19:00/gps-maser/+2.710753e-07
2026.270.06:20:00/gps-fmout/+3.296494e-07
2026.270.06:20:00/gps-maser/+2.715208e-07
2026.270.06:21:00/gps-fmout/+3.308119e-07
2026.270.06:21:00/gps-maser/+2.709168e-07
2026.270.06:22:00/gps-fmout/+3.312550e-07
2026.270.06:22:00/gps-maser/+2.712614e-07
2026.270.06:23:00/gps-fmout/+3.295760e-07
2026.270.06:23:00/gps-maser/+2.720570e-07
2026.270.06:24:00/gps-fmout/+3.323303e-07
2026.270.06:24:00/gps-maser/+2.720704e-07
2026.270.06:25:00/gps-fmout/+3.340000e-07
2026.270.06:25:00/gps-maser/+2.729788e-07
2026.270.06:26:00/gps-fmout/+3.340000e-07
2026.270.06:26:00/gps-maser/+2.713951e-07
2026.270.06:27:00/gps-fmout/+3.343847e-07
2026.270.06:27:00/gps-maser/+2.718253e-07
2026.270.06:28:00/gps-fmout/+3.344270e-07
2026.270.06:28:00/gps-maser/+2.739053e-07
2026.270.06:29:00/gps-fmout/+3.316086e-07
2026.270.06:29:00/gps-maser/+2.726667e-07
2026.270.06:30:00/gps-fmout/+3.298381e-07
2026.270.06:30:00/gps-maser/+2.708485e-07
2026.270.06:31:00/gps-fmout/+3.290000e-07
2026.270.06:31:00/gps-maser/+2.703713e-07
2026.270.06:32:00/gps-fmout/+3.308444e-07
2026.270.06:32:00/gps-maser/+2.703559e-07
2026.270.06:33:00/gps-fmout/+3.283350e-07
2026.270.06:33:00/gps-maser/+2.681189e-07
2026.270.06:34:00/gps-fmout/+3.266242e-07
2026.270.06:34:00/gps-maser/+2.659620e-07
2026.270.06:35:00/gps-fmout/+3.261521e-07
2026.270.06:35:00/gps-maser/+2.679175e-07
2026.270.06:36:00/gps-fmout/+3.290000e-07
2026.270.06:36:00/gps-maser/+2.660556e-07
2026.270.06:37:00/gps-fmout/+3.290000e-07
2026.270.06:37:00/gps-maser/+2.688216e-07
2026.270.06:38:00/gps-fmout/+3.284410e-07
2026.270.06:38:00/gps-maser/+2.680605e-07
2026.270.06:39:00/gps-fmout/+3.270969e-07
2026.270.06:39:00/gps-maser/+2.658779e-07
2026.270.06:40:00/gps-fmout/+3.279252e-07
2026.270.06:40:00/gps-maser/+2.661609e-07
2026.270.06:41:00/gps-fmout/+3.272059e-07
2026.270.06:41:00/gps-maser/+2.670000e-07
2026.270.06:42:00/gps-fmout/+3.291548e-07
2026.270.06:42:00/gps-maser/+2.670000e-07
2026.270.06:43:00/gps-fmout/+3.285532e-07
2026.270.06:43:00/gps-maser/+2.676866e-07
2026.270.06:44:00/gps-fmout/+3.284441e-07
2026.270.06:44:00/gps-maser/+2.690000e-07
2026.270.06:45:00/gps-fmout/+3.300412e-07
2026.270.06:45:00/gps-maser/+2.690000e-07
2026.270.06:46:00/gps-fmout/+3.301185e-07
2026.270.06:46:00/gps-maser/+2.690500e-07
2026.270.06:47:00/gps-fmout/+3.310000e-07
2026.270.06:47:00/gps-maser/+2.710819e-07
2026.270.06:48:00/gps-fmout/+3.310000e-07
2026.270.06:48:00/gps-maser/+2.715515e-07
2026.270.06:49:00/gps-fmout/+3.312669e-07
2026.270.06:49:00/gps-maser/+2.696551e-07
2026.270.06:50:00/gps-fmout/+3.316926e-07
2026.270.06:50:00/gps-maser/+2.710603e-07
2026.270.06:51:00/gps-fmout/+3.301851e-07
2026.270.06:51:00/gps-maser/+2.708889e-07
2026.270.06:52:00/gps-fmout/+3.319485e-07
2026.270.06:52:00/gps-maser/+2.700498e-07
2026.270.06:53:00/gps-fmout/+3.310000e-07
2026.270.06:53:00/gps-maser/+2.700898e-07
2026.270.06:54:00/gps-fmout/+3.304884e-07
2026.270.06:54:00/gps-maser/+2.684030e-07
2026.270.06:55:00/gps-fmout/+3.303182e-07
2026.270.06:55:00/gps-maser/+2.684493e-07
2026.270.06:56:00/gps-fmout/+3.312273e-07
2026.270.06:56:00/gps-maser/+2.702121e-07
2026.270.06:57:00/gps-fmout/+3.321364e-07
2026.270.06:57:00/gps-maser/+2.711212e-07
2026.270.06:58:00/gps-fmout/+3.330546e-07
2026.270.06:58:00/gps-maser/+2.720159e-07
2026.270.06:59:00/gps-fmout/+3.346011e-07
2026.270.06:59:00/gps-maser/+2.722329e-07
2026.270.07:00:00/gps-fmout/+3.349294e-07
2026.270.07:00:00/gps-maser/+2.739261e-07
2026.270.07:01:00/gps-fmout/+3.330830e-07
2026.270.07:01:00/gps-maser/+2.722562e-07
2026.270.07:02:00/gps-fmout/+3.299355e-07
2026.270.07:02:00/gps-maser/+2.697407e-07
2026.270.07:03:00/gps-fmout/+3.308676e-07
2026.270.07:03:00/gps-maser/+2.689867e-07
2026.270.07:04:00/gps-fmout/+3.290000e-07
2026.270.07:04:00/gps-maser/+2.686400e-07
2026.270.07:05:00/gps-fmout/+3.290000e-07
2026.270.07:05:00/gps-maser/+2.672374e-07
2026.270.07:06:00/gps-fmout/+3.283857e-07
2026.270.07:06:00/gps-maser/+2.656362e-07
2026.270.07:07:00/gps-fmout/+3.256916e-07
2026.270.07:07:00/gps-maser/+2.646653e-07
2026.270.07:08:00/gps-fmout/+3.249483e-07
2026.270.07:08:00/gps-maser/+2.629555e-07
2026.270.07:09:00/gps-fmout/+3.249219e-07
2026.270.07:09:00/gps-maser/+2.649308e-07
2026.270.07:10:00/gps-fmout/+3.223967e-07
2026.270.07:10:00/gps-maser/+2.611404e-07
2026.270.07:11:00/gps-fmout/+3.218569e-07
2026.270.07:11:00/gps-maser/+2.616651e-07
2026.270.07:12:00/gps-fmout/+3.224282e-07
2026.270.07:12:00/gps-maser/+2.630890e-07
2026.270.07:13:00/gps-fmout/+3.242562e-07
2026.270.07:13:00/gps-maser/+2.631944e-07
2026.270.07:14:00/gps-fmout/+3.249992e-07
2026.270.07:14:00/gps-maser/+2.649034e-07
2026.270.07:15:00/gps-fmout/+3.240000e-07
2026.270.07:15:00/gps-maser/+2.640757e-07
2026.270.07:16:00/gps-fmout/+3.258182e-07
2026.270.07:16:00/gps-maser/+2.646061e-07
2026.270.07:17:00/gps-fmout/+3.268172e-07
2026.270.07:17:00/gps-maser/+2.636970e-07
2026.270.07:18:00/gps-fmout/+3.252630e-07
2026.270.07:18:00/gps-maser/+2.631907e-07
2026.270.07:19:00/gps-fmout/+3.268879e-07
2026.270.07:19:00/gps-maser/+2.660533e-07
2026.270.07:20:00/gps-fmout/+3.250483e-07
2026.270.07:20:00/gps-maser/+2.649247e-07
2026.270.07:21:00/gps-fmout/+3.260000e-07
2026.270.07:21:00/gps-maser/+2.641025e-07
2026.270.07:22:00/gps-fmout/+3.260000e-07
2026.270.07:22:00/gps-maser/+2.656248e-07
2026.270.07:23:00/gps-fmout/+3.260000e-07
2026.270.07:23:00/gps-maser/+2.652576e-07
2026.270.07:24:00/gps-fmout/+3.259061e-07
2026.270.07:24:00/gps-maser/+2.661667e-07
2026.270.07:25:00/gps-fmout/+3.251760e-07
2026.270.07:25:00/gps-maser/+2.670570e-07
2026.270.07:26:00/gps-fmout/+3.275000e-07
2026.270.07:26:00/gps-maser/+2.664300e-07
2026.270.07:27:00/gps-fmout/+3.284091e-07
2026.270.07:27:00/gps-maser/+2.666273e-07
2026.270.07:28:00/gps-fmout/+3.288396e-07
2026.270.07:28:00/gps-maser/+2.684259e-07
2026.270.07:29:00/gps-fmout/+3.283338e-07
2026.270.07:29:00/gps-maser/+2.689077e-07
2026.270.07:30:00/gps-fmout/+3.302114e-07
2026.270.07:30:00/gps-maser/+2.679247e-07
2026.270.07:31:00/gps-fmout/+3.309631e-07
2026.270.07:31:00/gps-maser/+2.680444e-07
2026.270.07:32:00/gps-fmout/+3.299027e-07
2026.270.07:32:00/gps-maser/+2.706857e-07
2026.270.07:33:00/gps-fmout/+3.310000e-07
2026.270.07:33:00/gps-maser/+2.707203e-07
2026.270.07:34:00/gps-fmout/+3.310000e-07
2026.270.07:34:00/gps-maser/+2.703156e-07
2026.270.07:35:00/gps-fmout/+3.310872e-07
2026.270.07:35:00/gps-maser/+2.718849e-07
2026.270.07:36:00/gps-fmout/+3.319767e-07
2026.270.07:36:00/gps-maser/+2.700597e-07
2026.270.07:37:00/gps-fmout/+3.310000e-07
2026.270.07:37:00/gps-maser/+2.699126e-07
2026.270.07:38:00/gps-fmout/+3.309506e-07
2026.270.07:38:00/gps-maser/+2.701288e-07
2026.270.07:39:00/gps-fmout/+3.312442e-07
2026.270.07:39:00/gps-maser/+2.723030e-07
2026.270.07:40:00/gps-fmout/+3.322273e-07
2026.270.07:40:00/gps-maser/+2.732121e-07
2026.270.07:41:00/gps-fmout/+3.331364e-07
2026.270.07:41:00/gps-maser/+2.741212e-07
2026.270.07:42:00/gps-fmout/+3.340406e-07
2026.270.07:42:00/gps-maser/+2.749855e-07
2026.270.07:43:00/gps-fmout/+3.323140e-07
2026.270.07:43:00/gps-maser/+2.713758e-07
2026.270.07:44:00/gps-fmout/+3.296915e-07
2026.270.07:44:00/gps-maser/+2.716577e-07
2026.270.07:45:00/gps-fmout/+3.305214e-07
2026.270.07:45:00/gps-maser/+2.712637e-07
2026.270.07:46:00/gps-fmout/+3.320734e-07
2026.270.07:46:00/gps-maser/+2.728798e-07
2026.270.07:47:00/gps-fmout/+3.320498e-07
2026.270.07:47:00/gps-maser/+2.702683e-07
2026.270.07:48:00/gps-fmout/+3.330000e-07
2026.270.07:48:00/gps-maser/+2.720848e-07
2026.270.07:49:00/gps-fmout/+3.301818e-07
2026.270.07:49:00/gps-maser/+2.700455e-07
2026.270.07:50:00/gps-fmout/+3.283636e-07
2026.270.07:50:00/gps-maser/+2.691650e-07
2026.270.07:51:00/gps-fmout/+3.268441e-07
2026.270.07:51:00/gps-maser/+2.667711e-07
2026.270.07:52:00/gps-fmout/+3.280300e-07
2026.270.07:52:00/gps-maser/+2.672424e-07
2026.270.07:53:00/gps-fmout/+3.280371e-07
2026.270.07:53:00/gps-maser/+2.690606e-07
2026.270.07:54:00/gps-fmout/+nan
2026.270.07:54:00/gps-maser/+nan
