2026.267.18:17:32;"----------| START OF c262a.apecs.obs |----------
2026.267.18:17:32;"Using TAI-UTC offset of +0 seconds
2026.267.18:17:32;"#
2026.267.18:17:32;"# APEX observing script for station Ax from file vexfiles/triggered/c262a.vex
2026.267.18:17:32;"# File created on 2026.265.10:38:01 UT
2026.267.18:17:32;"#
2026.267.18:17:32;"# Columns: 1) Start time 2) Duration in seconds 3) APECS command
2026.267.18:17:32;"# Details on the columns:
2026.267.18:17:32;"#    1) @always, or UT date-time in a 2015.016.06:42:40 format (yyyy.doy.hh:mm:ss)
2026.267.18:17:32;"#         modifiers: !2015.016.06:42:40 to not skip command even if start time already is past
2026.267.18:17:32;"#    2) estimated duration of the command in seconds
2026.267.18:17:32;"#    3) APECS command and parameters to execute. If the command includes whitespace.
2026.267.18:17:32;"#       Commands include, e.g.: tsys(), interactive("message"), tracksource("sourcename"), ...
2026.267.18:17:32;"#
2026.267.18:17:32;"# At time              Duration   Command
2026.267.18:17:32;"execfile('vlbi-N3AR90_GMVA86_commands.py')
2026.267.18:17:32;"reply from APECS: OK
2026.267.18:17:33;"reply from APECS: (timeout)
2026.267.18:17:35;"vlbi_tone(enable=False)
2026.267.18:17:36;"reply from APECS: OK
2026.267.18:17:37;"reply from APECS: (timeout)
2026.267.18:17:39;"
2026.267.18:17:39;"# ### Block for 3C345 scan 1 'No0016' at 2026.267.17:55:00 in 200s ##############
2026.267.18:17:39;"missed time 2026.267.17:51:40 : source('3C345',cats='user'); go(); track()
2026.267.18:17:39;"missed time 2026.267.17:52:05 : vlbi_tsys()
2026.267.18:17:39;"missed time 2026.267.17:53:30 : vlbi_reference_scan()
2026.267.18:17:39;"missed time 2026.267.17:54:05 : source('3C345',cats='user'); go(); track()
2026.267.18:17:39;"#                      gap        max ~0 min 30 sec
2026.267.18:17:39;"missed time 2026.267.17:55:00 : vlbi_scan(t_mins=3)
2026.267.18:17:39;"#     scan ends at 2026.267.17:58:00
2026.267.18:17:39;"
2026.267.18:17:39;"# ### Block for MRK501 scan 2 'No0017' at 2026.267.18:00:00 in 120s #############
2026.267.18:17:39;"missed time 2026.267.17:58:00 : source('MRK501',cats='user'); go(); track()
2026.267.18:17:39;"missed time 2026.267.17:58:25 : vlbi_tsys()
2026.267.18:17:39;"missed time 2026.267.17:59:50 : source('MRK501',cats='user'); go(); track()
2026.267.18:17:39;"#                      TIME       ran short, ~-1 min 45 sec "gap"
2026.267.18:17:39;"missed time 2026.267.18:00:00 : vlbi_scan(t_mins=6)
2026.267.18:17:39;"#     scan ends at 2026.267.18:06:00
2026.267.18:17:39;"
2026.267.18:17:39;"# ### Block for 3C345 scan 3 'No0019' at 2026.267.18:15:00 in 540s ##############
2026.267.18:17:39;"#
2026.267.18:17:39;"# OPERATOR free 6 min 10 sec until VLBI calibrations to start at 2026.267.18:12:00
2026.267.18:17:39;"#
2026.267.18:17:39;"missed time 2026.267.18:06:00 : print('You have 6 min 10 sec until the next VLBI calibration scan at 2026.267.18:12:00.')
2026.267.18:17:39;"missed time 2026.267.18:12:00 : source('3C345',cats='user'); go(); track()
2026.267.18:17:39;"missed time 2026.267.18:12:25 : vlbi_tsys()
2026.267.18:17:39;"missed time 2026.267.18:13:50 : vlbi_reference_scan()
2026.267.18:17:39;"missed time 2026.267.18:14:25 : source('3C345',cats='user'); go(); track()
2026.267.18:17:39;"#                      gap        max ~0 min 10 sec
2026.267.18:17:39;"missed time 2026.267.18:15:00 : vlbi_scan(t_mins=3)
2026.267.18:17:39;"#     scan ends at 2026.267.18:18:00
2026.267.18:17:39;"
2026.267.18:17:39;"# ### Block for MRK501 scan 4 'No0020' at 2026.267.18:20:00 in 120s #############
2026.267.18:18:00;"source('MRK501',cats='user'); go(); track()
2026.267.18:18:01;"reply from APECS: (timeout)
2026.267.18:18:25;"vlbi_tsys()
2026.267.18:18:25;"reply from APECS: OK
2026.267.18:18:25;"reply from APECS: OK
2026.267.18:18:26;"reply from APECS: (timeout)
2026.267.18:19:50;"source('MRK501',cats='user'); go(); track()
2026.267.18:19:51;"reply from APECS: (timeout)
2026.267.18:19:51;"#                      TIME       ran short, ~-1 min 45 sec "gap"
2026.267.18:20:00;"vlbi_scan(t_mins=6)
2026.267.18:20:00;"reply from APECS: OK
2026.267.18:20:00;"reply from APECS: FAILED: global name 't_sec' is not defined
2026.267.18:20:01;"reply from APECS: (timeout)
2026.267.18:20:01;"#     scan ends at 2026.267.18:26:00
2026.267.18:20:01;"
2026.267.18:20:01;"# ### Block for 3C345 scan 5 'No0022' at 2026.267.18:35:00 in 540s ##############
2026.267.18:20:01;"#
2026.267.18:20:01;"# OPERATOR free 6 min 10 sec until VLBI calibrations to start at 2026.267.18:32:00
2026.267.18:20:01;"#
2026.267.18:21:21;"----------| USER-REQUESTED STOP OF  c262a.apecs.obs |----------
2026.267.18:21:24;"----------| START OF c262a.apecs.obs |----------
2026.267.18:21:24;"Using TAI-UTC offset of +0 seconds
2026.267.18:21:24;"#
2026.267.18:21:24;"# APEX observing script for station Ax from file vexfiles/triggered/c262a.vex
2026.267.18:21:24;"# File created on 2026.265.10:38:01 UT
2026.267.18:21:24;"#
2026.267.18:21:24;"# Columns: 1) Start time 2) Duration in seconds 3) APECS command
2026.267.18:21:24;"# Details on the columns:
2026.267.18:21:24;"#    1) @always, or UT date-time in a 2015.016.06:42:40 format (yyyy.doy.hh:mm:ss)
2026.267.18:21:24;"#         modifiers: !2015.016.06:42:40 to not skip command even if start time already is past
2026.267.18:21:24;"#    2) estimated duration of the command in seconds
2026.267.18:21:24;"#    3) APECS command and parameters to execute. If the command includes whitespace.
2026.267.18:21:24;"#       Commands include, e.g.: tsys(), interactive("message"), tracksource("sourcename"), ...
2026.267.18:21:24;"#
2026.267.18:21:24;"# At time              Duration   Command
2026.267.18:21:24;"execfile('vlbi-N3AR90_GMVA86_commands.py')
2026.267.18:21:24;"reply from APECS: OK
2026.267.18:21:25;"reply from APECS: (timeout)
2026.267.18:21:27;"vlbi_tone(enable=False)
2026.267.18:21:28;"reply from APECS: OK
2026.267.18:21:29;"reply from APECS: (timeout)
2026.267.18:21:31;"
2026.267.18:21:31;"# ### Block for 3C345 scan 1 'No0016' at 2026.267.17:55:00 in 200s ##############
2026.267.18:21:31;"missed time 2026.267.17:51:40 : source('3C345',cats='user'); go(); track()
2026.267.18:21:31;"missed time 2026.267.17:52:05 : vlbi_tsys()
2026.267.18:21:31;"missed time 2026.267.17:53:30 : vlbi_reference_scan()
2026.267.18:21:31;"missed time 2026.267.17:54:05 : source('3C345',cats='user'); go(); track()
2026.267.18:21:31;"#                      gap        max ~0 min 30 sec
2026.267.18:21:31;"missed time 2026.267.17:55:00 : vlbi_scan(t_mins=3)
2026.267.18:21:31;"#     scan ends at 2026.267.17:58:00
2026.267.18:21:31;"
2026.267.18:21:31;"# ### Block for MRK501 scan 2 'No0017' at 2026.267.18:00:00 in 120s #############
2026.267.18:21:31;"missed time 2026.267.17:58:00 : source('MRK501',cats='user'); go(); track()
2026.267.18:21:31;"missed time 2026.267.17:58:25 : vlbi_tsys()
2026.267.18:21:31;"missed time 2026.267.17:59:50 : source('MRK501',cats='user'); go(); track()
2026.267.18:21:31;"#                      TIME       ran short, ~-1 min 45 sec "gap"
2026.267.18:21:31;"missed time 2026.267.18:00:00 : vlbi_scan(t_mins=6)
2026.267.18:21:31;"#     scan ends at 2026.267.18:06:00
2026.267.18:21:31;"
2026.267.18:21:31;"# ### Block for 3C345 scan 3 'No0019' at 2026.267.18:15:00 in 540s ##############
2026.267.18:21:31;"#
2026.267.18:21:31;"# OPERATOR free 6 min 10 sec until VLBI calibrations to start at 2026.267.18:12:00
2026.267.18:21:31;"#
2026.267.18:21:31;"missed time 2026.267.18:06:00 : print('You have 6 min 10 sec until the next VLBI calibration scan at 2026.267.18:12:00.')
2026.267.18:21:31;"missed time 2026.267.18:12:00 : source('3C345',cats='user'); go(); track()
2026.267.18:21:31;"missed time 2026.267.18:12:25 : vlbi_tsys()
2026.267.18:21:31;"missed time 2026.267.18:13:50 : vlbi_reference_scan()
2026.267.18:21:31;"missed time 2026.267.18:14:25 : source('3C345',cats='user'); go(); track()
2026.267.18:21:31;"#                      gap        max ~0 min 10 sec
2026.267.18:21:31;"missed time 2026.267.18:15:00 : vlbi_scan(t_mins=3)
2026.267.18:21:31;"#     scan ends at 2026.267.18:18:00
2026.267.18:21:31;"
2026.267.18:21:31;"# ### Block for MRK501 scan 4 'No0020' at 2026.267.18:20:00 in 120s #############
2026.267.18:21:31;"missed time 2026.267.18:18:00 : source('MRK501',cats='user'); go(); track()
2026.267.18:21:31;"missed time 2026.267.18:18:25 : vlbi_tsys()
2026.267.18:21:31;"missed time 2026.267.18:19:50 : source('MRK501',cats='user'); go(); track()
2026.267.18:21:31;"#                      TIME       ran short, ~-1 min 45 sec "gap"
2026.267.18:21:31;"missed time 2026.267.18:20:00 : vlbi_scan(t_mins=6)
2026.267.18:21:31;"#     scan ends at 2026.267.18:26:00
2026.267.18:21:31;"
2026.267.18:21:31;"# ### Block for 3C345 scan 5 'No0022' at 2026.267.18:35:00 in 540s ##############
2026.267.18:21:31;"#
2026.267.18:21:31;"# OPERATOR free 6 min 10 sec until VLBI calibrations to start at 2026.267.18:32:00
2026.267.18:21:31;"#
2026.267.18:26:00;"print('You have 6 min 10 sec until the next VLBI calibration scan at 2026.267.18:32:00.')
2026.267.18:26:00;"reply from APECS: OK
2026.267.18:26:01;"reply from APECS: (timeout)
2026.267.18:32:00;"source('3C345',cats='user'); go(); track()
2026.267.18:32:01;"reply from APECS: (timeout)
2026.267.18:32:25;"vlbi_tsys()
2026.267.18:32:25;"reply from APECS: OK
2026.267.18:32:25;"reply from APECS: OK
2026.267.18:32:26;"reply from APECS: (timeout)
2026.267.18:33:50;"vlbi_reference_scan()
2026.267.18:33:51;"reply from APECS: (timeout)
2026.267.18:34:25;"source('3C345',cats='user'); go(); track()
2026.267.18:34:25;"reply from APECS: OK
2026.267.18:34:26;"reply from APECS: (timeout)
2026.267.18:34:26;"#                      gap        max ~0 min 10 sec
2026.267.18:35:00;"vlbi_scan(t_mins=3)
2026.267.18:35:00;"reply from APECS: OK
2026.267.18:35:01;"reply from APECS: (timeout)
2026.267.18:35:01;"#     scan ends at 2026.267.18:38:00
2026.267.18:35:01;"
2026.267.18:35:01;"# ### Block for MRK501 scan 6 'No0023' at 2026.267.18:40:00 in 120s #############
2026.267.18:38:00;"source('MRK501',cats='user'); go(); track()
2026.267.18:38:01;"reply from APECS: (timeout)
2026.267.18:38:25;"vlbi_tsys()
2026.267.18:38:25;"reply from APECS: OK
2026.267.18:38:26;"reply from APECS: (timeout)
2026.267.18:39:50;"source('MRK501',cats='user'); go(); track()
2026.267.18:39:50;"reply from APECS: OK
2026.267.18:39:50;"reply from APECS: OK
2026.267.18:39:51;"reply from APECS: (timeout)
2026.267.18:39:51;"#                      TIME       ran short, ~-1 min 45 sec "gap"
2026.267.18:40:00;"vlbi_scan(t_mins=6)
2026.267.18:40:00;"reply from APECS: OK
2026.267.18:40:01;"reply from APECS: (timeout)
2026.267.18:40:01;"#     scan ends at 2026.267.18:46:00
2026.267.18:40:01;"
2026.267.18:40:01;"# ### Block for 3C345 scan 7 'No0025' at 2026.267.18:55:00 in 540s ##############
2026.267.18:40:01;"#
2026.267.18:40:01;"# OPERATOR free 6 min 10 sec until VLBI calibrations to start at 2026.267.18:52:00
2026.267.18:40:01;"#
2026.267.18:46:00;"print('You have 6 min 10 sec until the next VLBI calibration scan at 2026.267.18:52:00.')
2026.267.18:46:01;"reply from APECS: (timeout)
2026.267.18:52:00;"source('3C345',cats='user'); go(); track()
2026.267.18:52:00;"reply from APECS: OK
2026.267.18:52:00;"reply from APECS: OK
2026.267.18:52:01;"reply from APECS: (timeout)
2026.267.18:52:25;"vlbi_tsys()
2026.267.18:52:25;"reply from APECS: OK
2026.267.18:52:25;"reply from APECS: OK
2026.267.18:52:26;"reply from APECS: (timeout)
2026.267.18:53:50;"vlbi_reference_scan()
2026.267.18:53:51;"reply from APECS: (timeout)
2026.267.18:54:25;"source('3C345',cats='user'); go(); track()
2026.267.18:54:25;"reply from APECS: OK
2026.267.18:54:26;"reply from APECS: (timeout)
2026.267.18:54:26;"#                      gap        max ~0 min 10 sec
2026.267.18:55:00;"vlbi_scan(t_mins=3)
2026.267.18:55:00;"reply from APECS: OK
2026.267.18:55:01;"reply from APECS: (timeout)
2026.267.18:55:01;"#     scan ends at 2026.267.18:58:00
2026.267.18:55:01;"
2026.267.18:55:01;"# ### Block for MRK501 scan 8 'No0026' at 2026.267.19:00:00 in 120s #############
2026.267.18:58:00;"source('MRK501',cats='user'); go(); track()
2026.267.18:58:01;"reply from APECS: (timeout)
2026.267.18:58:25;"vlbi_tsys()
2026.267.18:58:25;"reply from APECS: OK
2026.267.18:58:25;"reply from APECS: OK
2026.267.18:58:25;"reply from APECS: OK
2026.267.18:58:26;"reply from APECS: (timeout)
2026.267.18:59:50;"source('MRK501',cats='user'); go(); track()
2026.267.18:59:51;"reply from APECS: (timeout)
2026.267.18:59:51;"#                      TIME       ran short, ~-1 min 45 sec "gap"
2026.267.19:00:00;"vlbi_scan(t_mins=6)
2026.267.19:00:00;"reply from APECS: OK
2026.267.19:00:01;"reply from APECS: (timeout)
2026.267.19:00:01;"#     scan ends at 2026.267.19:06:00
2026.267.19:00:01;"
2026.267.19:00:01;"# ### Block for 3C345 scan 9 'No0028' at 2026.267.19:15:00 in 540s ##############
2026.267.19:00:01;"#
2026.267.19:00:01;"# OPERATOR free 6 min 10 sec until VLBI calibrations to start at 2026.267.19:12:00
2026.267.19:00:01;"#
2026.267.19:06:00;"print('You have 6 min 10 sec until the next VLBI calibration scan at 2026.267.19:12:00.')
2026.267.19:06:01;"reply from APECS: (timeout)
2026.267.19:12:00;"source('3C345',cats='user'); go(); track()
2026.267.19:12:00;"reply from APECS: OK
2026.267.19:12:00;"reply from APECS: OK
2026.267.19:12:01;"reply from APECS: (timeout)
2026.267.19:12:25;"vlbi_tsys()
2026.267.19:12:26;"reply from APECS: (timeout)
2026.267.19:13:50;"vlbi_reference_scan()
2026.267.19:13:51;"reply from APECS: (timeout)
2026.267.19:14:25;"source('3C345',cats='user'); go(); track()
2026.267.19:14:26;"reply from APECS: (timeout)
2026.267.19:14:26;"#                      gap        max ~0 min 10 sec
2026.267.19:15:00;"vlbi_scan(t_mins=3)
2026.267.19:15:01;"reply from APECS: (timeout)
2026.267.19:15:01;"#     scan ends at 2026.267.19:18:00
2026.267.19:15:01;"
2026.267.19:15:01;"# ### Block for MRK501 scan 10 'No0029' at 2026.267.19:20:00 in 120s ############
2026.267.19:18:00;"source('MRK501',cats='user'); go(); track()
2026.267.19:18:01;"reply from APECS: (timeout)
2026.267.19:18:25;"vlbi_tsys()
2026.267.19:18:25;"reply from APECS: OK
2026.267.19:18:25;"reply from APECS: OK
2026.267.19:18:26;"reply from APECS: (timeout)
2026.267.19:19:50;"source('MRK501',cats='user'); go(); track()
2026.267.19:19:51;"reply from APECS: (timeout)
2026.267.19:19:51;"#                      TIME       ran short, ~-1 min 45 sec "gap"
2026.267.19:20:00;"vlbi_scan(t_mins=6)
2026.267.19:20:00;"reply from APECS: OK
2026.267.19:20:01;"reply from APECS: (timeout)
2026.267.19:20:01;"#     scan ends at 2026.267.19:26:00
2026.267.19:20:01;"
2026.267.19:20:01;"# ### Block for 3C345 scan 11 'No0031' at 2026.267.19:35:00 in 540s #############
2026.267.19:20:01;"#
2026.267.19:20:01;"# OPERATOR free 6 min 10 sec until VLBI calibrations to start at 2026.267.19:32:00
2026.267.19:20:01;"#
2026.267.19:20:02;"----------| USER-REQUESTED STOP OF  c262a.apecs.obs |----------
2026.267.19:20:20;"----------| START OF c262a.apecs.obs |----------
2026.267.19:20:20;"Using TAI-UTC offset of +37 seconds
2026.267.19:20:20;"#
2026.267.19:20:20;"# APEX observing script for station Ax from file vexfiles/triggered/c262a.vex
2026.267.19:20:20;"# File created on 2026.265.10:38:01 UT
2026.267.19:20:20;"#
2026.267.19:20:20;"# Columns: 1) Start time 2) Duration in seconds 3) APECS command
2026.267.19:20:20;"# Details on the columns:
2026.267.19:20:20;"#    1) @always, or UT date-time in a 2015.016.06:42:40 format (yyyy.doy.hh:mm:ss)
2026.267.19:20:20;"#         modifiers: !2015.016.06:42:40 to not skip command even if start time already is past
2026.267.19:20:20;"#    2) estimated duration of the command in seconds
2026.267.19:20:20;"#    3) APECS command and parameters to execute. If the command includes whitespace.
2026.267.19:20:20;"#       Commands include, e.g.: tsys(), interactive("message"), tracksource("sourcename"), ...
2026.267.19:20:20;"#
2026.267.19:20:20;"# At time              Duration   Command
2026.267.19:20:20;"execfile('vlbi-N3AR90_GMVA86_commands.py')
2026.267.19:20:21;"reply from APECS: (timeout)
2026.267.19:20:23;"vlbi_tone(enable=False)
2026.267.19:20:24;"reply from APECS: (timeout)
2026.267.19:20:26;"
2026.267.19:20:26;"# ### Block for 3C345 scan 1 'No0016' at 2026.267.17:55:00 in 200s ##############
2026.267.19:20:27;"missed time 2026.267.17:51:40 : source('3C345',cats='user'); go(); track()
2026.267.19:20:27;"missed time 2026.267.17:52:05 : vlbi_tsys()
2026.267.19:20:27;"missed time 2026.267.17:53:30 : vlbi_reference_scan()
2026.267.19:20:27;"missed time 2026.267.17:54:05 : source('3C345',cats='user'); go(); track()
2026.267.19:20:27;"#                      gap        max ~0 min 30 sec
2026.267.19:20:27;"missed time 2026.267.17:55:00 : vlbi_scan(t_mins=3)
2026.267.19:20:27;"#     scan ends at 2026.267.17:58:00
2026.267.19:20:27;"
2026.267.19:20:27;"# ### Block for MRK501 scan 2 'No0017' at 2026.267.18:00:00 in 120s #############
2026.267.19:20:27;"missed time 2026.267.17:58:00 : source('MRK501',cats='user'); go(); track()
2026.267.19:20:27;"missed time 2026.267.17:58:25 : vlbi_tsys()
2026.267.19:20:27;"missed time 2026.267.17:59:50 : source('MRK501',cats='user'); go(); track()
2026.267.19:20:27;"#                      TIME       ran short, ~-1 min 45 sec "gap"
2026.267.19:20:27;"missed time 2026.267.18:00:00 : vlbi_scan(t_mins=6)
2026.267.19:20:27;"#     scan ends at 2026.267.18:06:00
2026.267.19:20:27;"
2026.267.19:20:27;"# ### Block for 3C345 scan 3 'No0019' at 2026.267.18:15:00 in 540s ##############
2026.267.19:20:27;"#
2026.267.19:20:27;"# OPERATOR free 6 min 10 sec until VLBI calibrations to start at 2026.267.18:12:00
2026.267.19:20:27;"#
2026.267.19:20:27;"missed time 2026.267.18:06:00 : print('You have 6 min 10 sec until the next VLBI calibration scan at 2026.267.18:12:00.')
2026.267.19:20:27;"missed time 2026.267.18:12:00 : source('3C345',cats='user'); go(); track()
2026.267.19:20:27;"missed time 2026.267.18:12:25 : vlbi_tsys()
2026.267.19:20:27;"missed time 2026.267.18:13:50 : vlbi_reference_scan()
2026.267.19:20:27;"missed time 2026.267.18:14:25 : source('3C345',cats='user'); go(); track()
2026.267.19:20:27;"#                      gap        max ~0 min 10 sec
2026.267.19:20:27;"missed time 2026.267.18:15:00 : vlbi_scan(t_mins=3)
2026.267.19:20:27;"#     scan ends at 2026.267.18:18:00
2026.267.19:20:27;"
2026.267.19:20:27;"# ### Block for MRK501 scan 4 'No0020' at 2026.267.18:20:00 in 120s #############
2026.267.19:20:27;"missed time 2026.267.18:18:00 : source('MRK501',cats='user'); go(); track()
2026.267.19:20:27;"missed time 2026.267.18:18:25 : vlbi_tsys()
2026.267.19:20:27;"missed time 2026.267.18:19:50 : source('MRK501',cats='user'); go(); track()
2026.267.19:20:27;"#                      TIME       ran short, ~-1 min 45 sec "gap"
2026.267.19:20:27;"missed time 2026.267.18:20:00 : vlbi_scan(t_mins=6)
2026.267.19:20:27;"#     scan ends at 2026.267.18:26:00
2026.267.19:20:27;"
2026.267.19:20:27;"# ### Block for 3C345 scan 5 'No0022' at 2026.267.18:35:00 in 540s ##############
2026.267.19:20:27;"#
2026.267.19:20:27;"# OPERATOR free 6 min 10 sec until VLBI calibrations to start at 2026.267.18:32:00
2026.267.19:20:27;"#
2026.267.19:20:27;"missed time 2026.267.18:26:00 : print('You have 6 min 10 sec until the next VLBI calibration scan at 2026.267.18:32:00.')
2026.267.19:20:27;"missed time 2026.267.18:32:00 : source('3C345',cats='user'); go(); track()
2026.267.19:20:27;"missed time 2026.267.18:32:25 : vlbi_tsys()
2026.267.19:20:27;"missed time 2026.267.18:33:50 : vlbi_reference_scan()
2026.267.19:20:27;"missed time 2026.267.18:34:25 : source('3C345',cats='user'); go(); track()
2026.267.19:20:27;"#                      gap        max ~0 min 10 sec
2026.267.19:20:27;"missed time 2026.267.18:35:00 : vlbi_scan(t_mins=3)
2026.267.19:20:27;"#     scan ends at 2026.267.18:38:00
2026.267.19:20:27;"
2026.267.19:20:27;"# ### Block for MRK501 scan 6 'No0023' at 2026.267.18:40:00 in 120s #############
2026.267.19:20:27;"missed time 2026.267.18:38:00 : source('MRK501',cats='user'); go(); track()
2026.267.19:20:27;"missed time 2026.267.18:38:25 : vlbi_tsys()
2026.267.19:20:27;"missed time 2026.267.18:39:50 : source('MRK501',cats='user'); go(); track()
2026.267.19:20:27;"#                      TIME       ran short, ~-1 min 45 sec "gap"
2026.267.19:20:27;"missed time 2026.267.18:40:00 : vlbi_scan(t_mins=6)
2026.267.19:20:27;"#     scan ends at 2026.267.18:46:00
2026.267.19:20:27;"
2026.267.19:20:27;"# ### Block for 3C345 scan 7 'No0025' at 2026.267.18:55:00 in 540s ##############
2026.267.19:20:27;"#
2026.267.19:20:27;"# OPERATOR free 6 min 10 sec until VLBI calibrations to start at 2026.267.18:52:00
2026.267.19:20:27;"#
2026.267.19:20:27;"missed time 2026.267.18:46:00 : print('You have 6 min 10 sec until the next VLBI calibration scan at 2026.267.18:52:00.')
2026.267.19:20:27;"missed time 2026.267.18:52:00 : source('3C345',cats='user'); go(); track()
2026.267.19:20:27;"missed time 2026.267.18:52:25 : vlbi_tsys()
2026.267.19:20:27;"missed time 2026.267.18:53:50 : vlbi_reference_scan()
2026.267.19:20:27;"missed time 2026.267.18:54:25 : source('3C345',cats='user'); go(); track()
2026.267.19:20:27;"#                      gap        max ~0 min 10 sec
2026.267.19:20:27;"missed time 2026.267.18:55:00 : vlbi_scan(t_mins=3)
2026.267.19:20:27;"#     scan ends at 2026.267.18:58:00
2026.267.19:20:27;"
2026.267.19:20:27;"# ### Block for MRK501 scan 8 'No0026' at 2026.267.19:00:00 in 120s #############
2026.267.19:20:27;"missed time 2026.267.18:58:00 : source('MRK501',cats='user'); go(); track()
2026.267.19:20:27;"missed time 2026.267.18:58:25 : vlbi_tsys()
2026.267.19:20:27;"missed time 2026.267.18:59:50 : source('MRK501',cats='user'); go(); track()
2026.267.19:20:27;"#                      TIME       ran short, ~-1 min 45 sec "gap"
2026.267.19:20:27;"missed time 2026.267.19:00:00 : vlbi_scan(t_mins=6)
2026.267.19:20:27;"#     scan ends at 2026.267.19:06:00
2026.267.19:20:27;"
2026.267.19:20:27;"# ### Block for 3C345 scan 9 'No0028' at 2026.267.19:15:00 in 540s ##############
2026.267.19:20:27;"#
2026.267.19:20:27;"# OPERATOR free 6 min 10 sec until VLBI calibrations to start at 2026.267.19:12:00
2026.267.19:20:27;"#
2026.267.19:20:27;"missed time 2026.267.19:06:00 : print('You have 6 min 10 sec until the next VLBI calibration scan at 2026.267.19:12:00.')
2026.267.19:20:27;"missed time 2026.267.19:12:00 : source('3C345',cats='user'); go(); track()
2026.267.19:20:27;"missed time 2026.267.19:12:25 : vlbi_tsys()
2026.267.19:20:27;"missed time 2026.267.19:13:50 : vlbi_reference_scan()
2026.267.19:20:27;"missed time 2026.267.19:14:25 : source('3C345',cats='user'); go(); track()
2026.267.19:20:27;"#                      gap        max ~0 min 10 sec
2026.267.19:20:27;"missed time 2026.267.19:15:00 : vlbi_scan(t_mins=3)
2026.267.19:20:27;"#     scan ends at 2026.267.19:18:00
2026.267.19:20:27;"
2026.267.19:20:27;"# ### Block for MRK501 scan 10 'No0029' at 2026.267.19:20:00 in 120s ############
2026.267.19:20:27;"missed time 2026.267.19:18:00 : source('MRK501',cats='user'); go(); track()
2026.267.19:20:27;"missed time 2026.267.19:18:25 : vlbi_tsys()
2026.267.19:20:27;"missed time 2026.267.19:19:50 : source('MRK501',cats='user'); go(); track()
2026.267.19:20:27;"#                      TIME       ran short, ~-1 min 45 sec "gap"
2026.267.19:20:27;"missed time 2026.267.19:20:00 : vlbi_scan(t_mins=6)
2026.267.19:20:27;"#     scan ends at 2026.267.19:26:00
2026.267.19:20:27;"
2026.267.19:20:27;"# ### Block for 3C345 scan 11 'No0031' at 2026.267.19:35:00 in 540s #############
2026.267.19:20:27;"#
2026.267.19:20:27;"# OPERATOR free 6 min 10 sec until VLBI calibrations to start at 2026.267.19:32:00
2026.267.19:20:27;"#
2026.267.19:26:00;"print('You have 6 min 10 sec until the next VLBI calibration scan at 2026.267.19:32:00.')
2026.267.19:26:00;"reply from APECS: OK
2026.267.19:26:00;"reply from APECS: OK
2026.267.19:26:00;"reply from APECS: OK
2026.267.19:26:00;"reply from APECS: OK
2026.267.19:26:01;"reply from APECS: (timeout)
2026.267.19:32:00;"source('3C345',cats='user'); go(); track()
2026.267.19:32:01;"reply from APECS: (timeout)
2026.267.19:32:25;"vlbi_tsys()
2026.267.19:32:25;"reply from APECS: OK
2026.267.19:32:25;"reply from APECS: OK
2026.267.19:32:26;"reply from APECS: (timeout)
2026.267.19:33:50;"vlbi_reference_scan()
2026.267.19:33:51;"reply from APECS: (timeout)
2026.267.19:34:25;"source('3C345',cats='user'); go(); track()
2026.267.19:34:25;"reply from APECS: OK
2026.267.19:34:26;"reply from APECS: (timeout)
2026.267.19:34:26;"#                      gap        max ~0 min 10 sec
2026.267.19:35:00;"vlbi_scan(t_mins=3)
2026.267.19:35:00;"reply from APECS: OK
2026.267.19:35:01;"reply from APECS: (timeout)
2026.267.19:35:01;"#     scan ends at 2026.267.19:38:00
2026.267.19:35:01;"
2026.267.19:35:01;"# ### Block for MRK501 scan 12 'No0032' at 2026.267.19:40:00 in 120s ############
2026.267.19:38:00;"source('MRK501',cats='user'); go(); track()
2026.267.19:38:01;"reply from APECS: (timeout)
2026.267.19:38:25;"vlbi_tsys()
2026.267.19:38:25;"reply from APECS: OK
2026.267.19:38:25;"reply from APECS: OK
2026.267.19:38:26;"reply from APECS: (timeout)
2026.267.19:39:50;"source('MRK501',cats='user'); go(); track()
2026.267.19:39:50;"reply from APECS: OK
2026.267.19:39:51;"reply from APECS: (timeout)
2026.267.19:39:51;"#                      TIME       ran short, ~-1 min 45 sec "gap"
2026.267.19:40:00;"vlbi_scan(t_mins=6)
2026.267.19:40:00;"reply from APECS: OK
2026.267.19:40:01;"reply from APECS: (timeout)
2026.267.19:40:01;"#     scan ends at 2026.267.19:46:00
2026.267.19:40:01;"
2026.267.19:40:01;"# ### Block for 3C345 scan 13 'No0034' at 2026.267.19:55:00 in 540s #############
2026.267.19:40:01;"#
2026.267.19:40:01;"# OPERATOR free 6 min 10 sec until VLBI calibrations to start at 2026.267.19:52:00
2026.267.19:40:01;"#
2026.267.19:46:00;"print('You have 6 min 10 sec until the next VLBI calibration scan at 2026.267.19:52:00.')
2026.267.19:46:01;"reply from APECS: (timeout)
2026.267.19:49:03;"----------| USER-REQUESTED STOP OF  c262a.apecs.obs |----------
2026.267.19:49:52;"----------| START OF c262a.apecs.obs |----------
2026.267.19:49:52;"Using TAI-UTC offset of +37 seconds
2026.267.19:49:52;"#
2026.267.19:49:52;"# APEX observing script for station Ax from file vexfiles/triggered/c262a.vex
2026.267.19:49:52;"# File created on 2026.265.10:38:01 UT
2026.267.19:49:52;"#
2026.267.19:49:52;"# Columns: 1) Start time 2) Duration in seconds 3) APECS command
2026.267.19:49:52;"# Details on the columns:
2026.267.19:49:52;"#    1) @always, or UT date-time in a 2015.016.06:42:40 format (yyyy.doy.hh:mm:ss)
2026.267.19:49:52;"#         modifiers: !2015.016.06:42:40 to not skip command even if start time already is past
2026.267.19:49:52;"#    2) estimated duration of the command in seconds
2026.267.19:49:52;"#    3) APECS command and parameters to execute. If the command includes whitespace.
2026.267.19:49:52;"#       Commands include, e.g.: tsys(), interactive("message"), tracksource("sourcename"), ...
2026.267.19:49:52;"#
2026.267.19:49:52;"# At time              Duration   Command
2026.267.19:49:52;"execfile('vlbi-N3AR90_GMVA86_commands.py')
2026.267.19:49:52;"reply from APECS: OK
2026.267.19:49:53;"reply from APECS: (timeout)
2026.267.19:49:55;"vlbi_tone(enable=False)
2026.267.19:49:56;"reply from APECS: OK
2026.267.19:49:57;"reply from APECS: (timeout)
2026.267.19:49:59;"
2026.267.19:49:59;"# ### Block for 3C345 scan 1 'No0016' at 2026.267.17:55:00 in 200s ##############
2026.267.19:49:59;"missed time 2026.267.17:51:40 : source('3C345',cats='user'); go(); track()
2026.267.19:49:59;"missed time 2026.267.17:52:05 : vlbi_tsys()
2026.267.19:49:59;"missed time 2026.267.17:53:30 : vlbi_reference_scan()
2026.267.19:49:59;"missed time 2026.267.17:54:05 : source('3C345',cats='user'); go(); track()
2026.267.19:49:59;"#                      gap        max ~0 min 30 sec
2026.267.19:49:59;"missed time 2026.267.17:55:00 : vlbi_scan(t_mins=3)
2026.267.19:49:59;"#     scan ends at 2026.267.17:58:00
2026.267.19:49:59;"
2026.267.19:49:59;"# ### Block for MRK501 scan 2 'No0017' at 2026.267.18:00:00 in 120s #############
2026.267.19:49:59;"missed time 2026.267.17:58:00 : source('MRK501',cats='user'); go(); track()
2026.267.19:49:59;"missed time 2026.267.17:58:25 : vlbi_tsys()
2026.267.19:49:59;"missed time 2026.267.17:59:50 : source('MRK501',cats='user'); go(); track()
2026.267.19:49:59;"#                      TIME       ran short, ~-1 min 45 sec "gap"
2026.267.19:49:59;"missed time 2026.267.18:00:00 : vlbi_scan(t_mins=6)
2026.267.19:49:59;"#     scan ends at 2026.267.18:06:00
2026.267.19:49:59;"
2026.267.19:49:59;"# ### Block for 3C345 scan 3 'No0019' at 2026.267.18:15:00 in 540s ##############
2026.267.19:49:59;"#
2026.267.19:49:59;"# OPERATOR free 6 min 10 sec until VLBI calibrations to start at 2026.267.18:12:00
2026.267.19:49:59;"#
2026.267.19:49:59;"missed time 2026.267.18:06:00 : print('You have 6 min 10 sec until the next VLBI calibration scan at 2026.267.18:12:00.')
2026.267.19:49:59;"missed time 2026.267.18:12:00 : source('3C345',cats='user'); go(); track()
2026.267.19:49:59;"missed time 2026.267.18:12:25 : vlbi_tsys()
2026.267.19:49:59;"missed time 2026.267.18:13:50 : vlbi_reference_scan()
2026.267.19:49:59;"missed time 2026.267.18:14:25 : source('3C345',cats='user'); go(); track()
2026.267.19:49:59;"#                      gap        max ~0 min 10 sec
2026.267.19:49:59;"missed time 2026.267.18:15:00 : vlbi_scan(t_mins=3)
2026.267.19:49:59;"#     scan ends at 2026.267.18:18:00
2026.267.19:49:59;"
2026.267.19:49:59;"# ### Block for MRK501 scan 4 'No0020' at 2026.267.18:20:00 in 120s #############
2026.267.19:49:59;"missed time 2026.267.18:18:00 : source('MRK501',cats='user'); go(); track()
2026.267.19:49:59;"missed time 2026.267.18:18:25 : vlbi_tsys()
2026.267.19:49:59;"missed time 2026.267.18:19:50 : source('MRK501',cats='user'); go(); track()
2026.267.19:49:59;"#                      TIME       ran short, ~-1 min 45 sec "gap"
2026.267.19:49:59;"missed time 2026.267.18:20:00 : vlbi_scan(t_mins=6)
2026.267.19:49:59;"#     scan ends at 2026.267.18:26:00
2026.267.19:49:59;"
2026.267.19:49:59;"# ### Block for 3C345 scan 5 'No0022' at 2026.267.18:35:00 in 540s ##############
2026.267.19:49:59;"#
2026.267.19:49:59;"# OPERATOR free 6 min 10 sec until VLBI calibrations to start at 2026.267.18:32:00
2026.267.19:49:59;"#
2026.267.19:49:59;"missed time 2026.267.18:26:00 : print('You have 6 min 10 sec until the next VLBI calibration scan at 2026.267.18:32:00.')
2026.267.19:49:59;"missed time 2026.267.18:32:00 : source('3C345',cats='user'); go(); track()
2026.267.19:49:59;"missed time 2026.267.18:32:25 : vlbi_tsys()
2026.267.19:49:59;"missed time 2026.267.18:33:50 : vlbi_reference_scan()
2026.267.19:49:59;"missed time 2026.267.18:34:25 : source('3C345',cats='user'); go(); track()
2026.267.19:49:59;"#                      gap        max ~0 min 10 sec
2026.267.19:49:59;"missed time 2026.267.18:35:00 : vlbi_scan(t_mins=3)
2026.267.19:49:59;"#     scan ends at 2026.267.18:38:00
2026.267.19:49:59;"
2026.267.19:49:59;"# ### Block for MRK501 scan 6 'No0023' at 2026.267.18:40:00 in 120s #############
2026.267.19:49:59;"missed time 2026.267.18:38:00 : source('MRK501',cats='user'); go(); track()
2026.267.19:49:59;"missed time 2026.267.18:38:25 : vlbi_tsys()
2026.267.19:49:59;"missed time 2026.267.18:39:50 : source('MRK501',cats='user'); go(); track()
2026.267.19:49:59;"#                      TIME       ran short, ~-1 min 45 sec "gap"
2026.267.19:49:59;"missed time 2026.267.18:40:00 : vlbi_scan(t_mins=6)
2026.267.19:49:59;"#     scan ends at 2026.267.18:46:00
2026.267.19:49:59;"
2026.267.19:49:59;"# ### Block for 3C345 scan 7 'No0025' at 2026.267.18:55:00 in 540s ##############
2026.267.19:49:59;"#
2026.267.19:49:59;"# OPERATOR free 6 min 10 sec until VLBI calibrations to start at 2026.267.18:52:00
2026.267.19:49:59;"#
2026.267.19:49:59;"missed time 2026.267.18:46:00 : print('You have 6 min 10 sec until the next VLBI calibration scan at 2026.267.18:52:00.')
2026.267.19:49:59;"missed time 2026.267.18:52:00 : source('3C345',cats='user'); go(); track()
2026.267.19:49:59;"missed time 2026.267.18:52:25 : vlbi_tsys()
2026.267.19:49:59;"missed time 2026.267.18:53:50 : vlbi_reference_scan()
2026.267.19:49:59;"missed time 2026.267.18:54:25 : source('3C345',cats='user'); go(); track()
2026.267.19:49:59;"#                      gap        max ~0 min 10 sec
2026.267.19:49:59;"missed time 2026.267.18:55:00 : vlbi_scan(t_mins=3)
2026.267.19:49:59;"#     scan ends at 2026.267.18:58:00
2026.267.19:49:59;"
2026.267.19:49:59;"# ### Block for MRK501 scan 8 'No0026' at 2026.267.19:00:00 in 120s #############
2026.267.19:49:59;"missed time 2026.267.18:58:00 : source('MRK501',cats='user'); go(); track()
2026.267.19:49:59;"missed time 2026.267.18:58:25 : vlbi_tsys()
2026.267.19:49:59;"missed time 2026.267.18:59:50 : source('MRK501',cats='user'); go(); track()
2026.267.19:49:59;"#                      TIME       ran short, ~-1 min 45 sec "gap"
2026.267.19:49:59;"missed time 2026.267.19:00:00 : vlbi_scan(t_mins=6)
2026.267.19:49:59;"#     scan ends at 2026.267.19:06:00
2026.267.19:49:59;"
2026.267.19:49:59;"# ### Block for 3C345 scan 9 'No0028' at 2026.267.19:15:00 in 540s ##############
2026.267.19:49:59;"#
2026.267.19:49:59;"# OPERATOR free 6 min 10 sec until VLBI calibrations to start at 2026.267.19:12:00
2026.267.19:49:59;"#
2026.267.19:49:59;"missed time 2026.267.19:06:00 : print('You have 6 min 10 sec until the next VLBI calibration scan at 2026.267.19:12:00.')
2026.267.19:49:59;"missed time 2026.267.19:12:00 : source('3C345',cats='user'); go(); track()
2026.267.19:49:59;"missed time 2026.267.19:12:25 : vlbi_tsys()
2026.267.19:49:59;"missed time 2026.267.19:13:50 : vlbi_reference_scan()
2026.267.19:49:59;"missed time 2026.267.19:14:25 : source('3C345',cats='user'); go(); track()
2026.267.19:49:59;"#                      gap        max ~0 min 10 sec
2026.267.19:49:59;"missed time 2026.267.19:15:00 : vlbi_scan(t_mins=3)
2026.267.19:49:59;"#     scan ends at 2026.267.19:18:00
2026.267.19:49:59;"
2026.267.19:49:59;"# ### Block for MRK501 scan 10 'No0029' at 2026.267.19:20:00 in 120s ############
2026.267.19:49:59;"missed time 2026.267.19:18:00 : source('MRK501',cats='user'); go(); track()
2026.267.19:49:59;"missed time 2026.267.19:18:25 : vlbi_tsys()
2026.267.19:49:59;"missed time 2026.267.19:19:50 : source('MRK501',cats='user'); go(); track()
2026.267.19:49:59;"#                      TIME       ran short, ~-1 min 45 sec "gap"
2026.267.19:49:59;"missed time 2026.267.19:20:00 : vlbi_scan(t_mins=6)
2026.267.19:49:59;"#     scan ends at 2026.267.19:26:00
2026.267.19:49:59;"
2026.267.19:49:59;"# ### Block for 3C345 scan 11 'No0031' at 2026.267.19:35:00 in 540s #############
2026.267.19:49:59;"#
2026.267.19:49:59;"# OPERATOR free 6 min 10 sec until VLBI calibrations to start at 2026.267.19:32:00
2026.267.19:49:59;"#
2026.267.19:49:59;"missed time 2026.267.19:26:00 : print('You have 6 min 10 sec until the next VLBI calibration scan at 2026.267.19:32:00.')
2026.267.19:49:59;"missed time 2026.267.19:32:00 : source('3C345',cats='user'); go(); track()
2026.267.19:49:59;"missed time 2026.267.19:32:25 : vlbi_tsys()
2026.267.19:49:59;"missed time 2026.267.19:33:50 : vlbi_reference_scan()
2026.267.19:49:59;"missed time 2026.267.19:34:25 : source('3C345',cats='user'); go(); track()
2026.267.19:49:59;"#                      gap        max ~0 min 10 sec
2026.267.19:49:59;"missed time 2026.267.19:35:00 : vlbi_scan(t_mins=3)
2026.267.19:49:59;"#     scan ends at 2026.267.19:38:00
2026.267.19:49:59;"
2026.267.19:49:59;"# ### Block for MRK501 scan 12 'No0032' at 2026.267.19:40:00 in 120s ############
2026.267.19:49:59;"missed time 2026.267.19:38:00 : source('MRK501',cats='user'); go(); track()
2026.267.19:49:59;"missed time 2026.267.19:38:25 : vlbi_tsys()
2026.267.19:49:59;"missed time 2026.267.19:39:50 : source('MRK501',cats='user'); go(); track()
2026.267.19:49:59;"#                      TIME       ran short, ~-1 min 45 sec "gap"
2026.267.19:49:59;"missed time 2026.267.19:40:00 : vlbi_scan(t_mins=6)
2026.267.19:49:59;"#     scan ends at 2026.267.19:46:00
2026.267.19:49:59;"
2026.267.19:49:59;"# ### Block for 3C345 scan 13 'No0034' at 2026.267.19:55:00 in 540s #############
2026.267.19:49:59;"#
2026.267.19:49:59;"# OPERATOR free 6 min 10 sec until VLBI calibrations to start at 2026.267.19:52:00
2026.267.19:49:59;"#
2026.267.19:49:59;"missed time 2026.267.19:46:00 : print('You have 6 min 10 sec until the next VLBI calibration scan at 2026.267.19:52:00.')
2026.267.19:52:00;"source('3C345',cats='user'); go(); track()
2026.267.19:52:01;"reply from APECS: (timeout)
2026.267.19:52:25;"vlbi_tsys()
2026.267.19:52:25;"reply from APECS: OK
2026.267.19:52:25;"reply from APECS: OK
2026.267.19:52:26;"reply from APECS: (timeout)
2026.267.19:53:50;"vlbi_reference_scan()
2026.267.19:53:51;"reply from APECS: (timeout)
2026.267.19:54:25;"source('3C345',cats='user'); go(); track()
2026.267.19:54:25;"reply from APECS: OK
2026.267.19:54:26;"reply from APECS: (timeout)
2026.267.19:54:26;"#                      gap        max ~0 min 10 sec
2026.267.19:55:00;"vlbi_scan(t_mins=3)
2026.267.19:55:00;"reply from APECS: OK
2026.267.19:55:01;"reply from APECS: (timeout)
2026.267.19:55:01;"#     scan ends at 2026.267.19:58:00
2026.267.19:55:01;"
2026.267.19:55:01;"# ### Block for MRK501 scan 14 'No0035' at 2026.267.20:00:00 in 120s ############
2026.267.19:58:00;"source('MRK501',cats='user'); go(); track()
2026.267.19:58:01;"reply from APECS: (timeout)
2026.267.19:58:25;"vlbi_tsys()
2026.267.19:58:25;"reply from APECS: OK
2026.267.19:58:25;"reply from APECS: OK
2026.267.19:58:25;"reply from APECS: OK
2026.267.19:58:26;"reply from APECS: (timeout)
2026.267.19:59:50;"source('MRK501',cats='user'); go(); track()
2026.267.19:59:51;"reply from APECS: (timeout)
2026.267.19:59:51;"#                      TIME       ran short, ~-1 min 45 sec "gap"
2026.267.20:00:00;"vlbi_scan(t_mins=6)
2026.267.20:00:00;"reply from APECS: OK
2026.267.20:00:01;"reply from APECS: (timeout)
2026.267.20:00:01;"#     scan ends at 2026.267.20:06:00
2026.267.20:00:01;"
2026.267.20:00:01;"# ### Block for 3C345 scan 15 'No0037' at 2026.267.20:15:00 in 540s #############
2026.267.20:00:01;"#
2026.267.20:00:01;"# OPERATOR free 6 min 10 sec until VLBI calibrations to start at 2026.267.20:12:00
2026.267.20:00:01;"#
2026.267.20:06:00;"print('You have 6 min 10 sec until the next VLBI calibration scan at 2026.267.20:12:00.')
2026.267.20:06:00;"reply from APECS: OK
2026.267.20:06:00;"reply from APECS: OK
2026.267.20:06:01;"reply from APECS: (timeout)
2026.267.20:12:00;"source('3C345',cats='user'); go(); track()
2026.267.20:12:01;"reply from APECS: (timeout)
2026.267.20:12:25;"vlbi_tsys()
2026.267.20:12:25;"reply from APECS: OK
2026.267.20:12:26;"reply from APECS: (timeout)
2026.267.20:13:50;"vlbi_reference_scan()
2026.267.20:13:51;"reply from APECS: (timeout)
2026.267.20:14:25;"source('3C345',cats='user'); go(); track()
2026.267.20:14:25;"reply from APECS: OK
2026.267.20:14:26;"reply from APECS: (timeout)
2026.267.20:14:26;"#                      gap        max ~0 min 10 sec
2026.267.20:15:00;"vlbi_scan(t_mins=3)
2026.267.20:15:00;"reply from APECS: OK
2026.267.20:15:01;"reply from APECS: (timeout)
2026.267.20:15:01;"#     scan ends at 2026.267.20:18:00
2026.267.20:15:01;"
2026.267.20:15:01;"# ### Block for MRK501 scan 16 'No0038' at 2026.267.20:20:00 in 120s ############
2026.267.20:18:00;"source('MRK501',cats='user'); go(); track()
2026.267.20:18:01;"reply from APECS: (timeout)
2026.267.20:18:25;"vlbi_tsys()
2026.267.20:18:25;"reply from APECS: OK
2026.267.20:18:25;"reply from APECS: OK
2026.267.20:18:25;"reply from APECS: OK
2026.267.20:18:26;"reply from APECS: (timeout)
2026.267.20:19:50;"source('MRK501',cats='user'); go(); track()
2026.267.20:19:51;"reply from APECS: (timeout)
2026.267.20:19:51;"#                      TIME       ran short, ~-1 min 45 sec "gap"
2026.267.20:20:00;"vlbi_scan(t_mins=6)
2026.267.20:20:00;"reply from APECS: OK
2026.267.20:20:01;"reply from APECS: (timeout)
2026.267.20:20:01;"#     scan ends at 2026.267.20:26:00
2026.267.20:20:01;"
2026.267.20:20:01;"# ### Block for 3C345 scan 17 'No0040' at 2026.267.20:35:00 in 540s #############
2026.267.20:20:01;"#
2026.267.20:20:01;"# OPERATOR free 6 min 10 sec until VLBI calibrations to start at 2026.267.20:32:00
2026.267.20:20:01;"#
2026.267.20:26:00;"print('You have 6 min 10 sec until the next VLBI calibration scan at 2026.267.20:32:00.')
2026.267.20:26:00;"reply from APECS: OK
2026.267.20:26:00;"reply from APECS: OK
2026.267.20:26:01;"reply from APECS: (timeout)
2026.267.20:32:00;"source('3C345',cats='user'); go(); track()
2026.267.20:32:01;"reply from APECS: (timeout)
2026.267.20:32:25;"vlbi_tsys()
2026.267.20:32:25;"reply from APECS: OK
2026.267.20:32:25;"reply from APECS: OK
2026.267.20:32:26;"reply from APECS: (timeout)
2026.267.20:33:50;"vlbi_reference_scan()
2026.267.20:33:51;"reply from APECS: (timeout)
2026.267.20:34:25;"source('3C345',cats='user'); go(); track()
2026.267.20:34:25;"reply from APECS: OK
2026.267.20:34:26;"reply from APECS: (timeout)
2026.267.20:34:26;"#                      gap        max ~0 min 10 sec
2026.267.20:35:00;"vlbi_scan(t_mins=3)
2026.267.20:35:00;"reply from APECS: OK
2026.267.20:35:01;"reply from APECS: (timeout)
2026.267.20:35:01;"#     scan ends at 2026.267.20:38:00
2026.267.20:35:01;"
2026.267.20:35:01;"# ### Block for MRK501 scan 18 'No0041' at 2026.267.20:40:00 in 120s ############
2026.267.20:38:00;"source('MRK501',cats='user'); go(); track()
2026.267.20:38:01;"reply from APECS: (timeout)
2026.267.20:38:25;"vlbi_tsys()
2026.267.20:38:25;"reply from APECS: OK
2026.267.20:38:25;"reply from APECS: OK
2026.267.20:38:26;"reply from APECS: (timeout)
2026.267.20:39:50;"source('MRK501',cats='user'); go(); track()
2026.267.20:39:50;"reply from APECS: OK
2026.267.20:39:51;"reply from APECS: (timeout)
2026.267.20:39:51;"#                      TIME       ran short, ~-1 min 45 sec "gap"
2026.267.20:40:00;"vlbi_scan(t_mins=6)
2026.267.20:40:00;"reply from APECS: OK
2026.267.20:40:01;"reply from APECS: (timeout)
2026.267.20:40:01;"#     scan ends at 2026.267.20:46:00
2026.267.20:40:01;"
2026.267.20:40:01;"# ### Block for 3C345 scan 19 'No0043' at 2026.267.20:55:00 in 540s #############
2026.267.20:40:01;"#
2026.267.20:40:01;"# OPERATOR free 6 min 10 sec until VLBI calibrations to start at 2026.267.20:52:00
2026.267.20:40:01;"#
2026.267.20:46:00;"print('You have 6 min 10 sec until the next VLBI calibration scan at 2026.267.20:52:00.')
2026.267.20:46:01;"reply from APECS: (timeout)
2026.267.20:52:00;"source('3C345',cats='user'); go(); track()
2026.267.20:52:00;"reply from APECS: OK
2026.267.20:52:00;"reply from APECS: OK
2026.267.20:52:01;"reply from APECS: (timeout)
2026.267.20:52:25;"vlbi_tsys()
2026.267.20:52:25;"reply from APECS: OK
2026.267.20:52:25;"reply from APECS: OK
2026.267.20:52:26;"reply from APECS: (timeout)
2026.267.20:53:50;"vlbi_reference_scan()
2026.267.20:53:51;"reply from APECS: (timeout)
2026.267.20:54:25;"source('3C345',cats='user'); go(); track()
2026.267.20:54:25;"reply from APECS: OK
2026.267.20:54:26;"reply from APECS: (timeout)
2026.267.20:54:26;"#                      gap        max ~0 min 10 sec
2026.267.20:55:00;"vlbi_scan(t_mins=3)
2026.267.20:55:00;"reply from APECS: OK
2026.267.20:55:01;"reply from APECS: (timeout)
2026.267.20:55:01;"#     scan ends at 2026.267.20:58:00
2026.267.20:55:01;"
2026.267.20:55:01;"# ### Block for MRK501 scan 20 'No0044' at 2026.267.21:00:00 in 120s ############
2026.267.20:58:00;"source('MRK501',cats='user'); go(); track()
2026.267.20:58:01;"reply from APECS: (timeout)
2026.267.20:58:25;"vlbi_tsys()
2026.267.20:58:25;"reply from APECS: OK
2026.267.20:58:25;"reply from APECS: OK
2026.267.20:58:26;"reply from APECS: (timeout)
2026.267.20:59:50;"source('MRK501',cats='user'); go(); track()
2026.267.20:59:50;"reply from APECS: OK
2026.267.20:59:51;"reply from APECS: (timeout)
2026.267.20:59:51;"#                      TIME       ran short, ~-1 min 45 sec "gap"
2026.267.21:00:00;"vlbi_scan(t_mins=6)
2026.267.21:00:00;"reply from APECS: OK
2026.267.21:00:01;"reply from APECS: (timeout)
2026.267.21:00:01;"#     scan ends at 2026.267.21:06:00
2026.267.21:00:01;"
2026.267.21:00:01;"# ### Block for 3C345 scan 21 'No0046' at 2026.267.21:15:00 in 540s #############
2026.267.21:00:01;"#
2026.267.21:00:01;"# OPERATOR free 6 min 10 sec until VLBI calibrations to start at 2026.267.21:12:00
2026.267.21:00:01;"#
2026.267.21:06:00;"print('You have 6 min 10 sec until the next VLBI calibration scan at 2026.267.21:12:00.')
2026.267.21:06:00;"reply from APECS: OK
2026.267.21:06:00;"reply from APECS: OK
2026.267.21:06:01;"reply from APECS: (timeout)
2026.267.21:12:00;"source('3C345',cats='user'); go(); track()
2026.267.21:12:01;"reply from APECS: (timeout)
2026.267.21:12:25;"vlbi_tsys()
2026.267.21:12:26;"reply from APECS: (timeout)
2026.267.21:13:50;"vlbi_reference_scan()
2026.267.21:13:51;"reply from APECS: (timeout)
2026.267.21:14:25;"source('3C345',cats='user'); go(); track()
2026.267.21:14:26;"reply from APECS: (timeout)
2026.267.21:14:26;"#                      gap        max ~0 min 10 sec
2026.267.21:15:00;"vlbi_scan(t_mins=3)
2026.267.21:15:00;"reply from APECS: OK
2026.267.21:15:00;"reply from APECS: OK
2026.267.21:15:01;"reply from APECS: (timeout)
2026.267.21:15:01;"#     scan ends at 2026.267.21:18:00
2026.267.21:15:01;"
2026.267.21:15:01;"# ### Block for MRK501 scan 22 'No0047' at 2026.267.21:20:00 in 120s ############
2026.267.21:18:00;"source('MRK501',cats='user'); go(); track()
2026.267.21:18:01;"reply from APECS: (timeout)
2026.267.21:18:25;"vlbi_tsys()
2026.267.21:18:25;"reply from APECS: OK
2026.267.21:18:25;"reply from APECS: OK
2026.267.21:18:26;"reply from APECS: (timeout)
2026.267.21:19:50;"source('MRK501',cats='user'); go(); track()
2026.267.21:19:50;"reply from APECS: OK
2026.267.21:19:51;"reply from APECS: (timeout)
2026.267.21:19:51;"#                      TIME       ran short, ~-1 min 45 sec "gap"
2026.267.21:20:00;"vlbi_scan(t_mins=6)
2026.267.21:20:00;"reply from APECS: OK
2026.267.21:20:01;"reply from APECS: (timeout)
2026.267.21:20:01;"#     scan ends at 2026.267.21:26:00
2026.267.21:20:01;"
2026.267.21:20:01;"# ### Block for 3C345 scan 23 'No0049' at 2026.267.21:35:00 in 540s #############
2026.267.21:20:01;"#
2026.267.21:20:01;"# OPERATOR free 6 min 10 sec until VLBI calibrations to start at 2026.267.21:32:00
2026.267.21:20:01;"#
2026.267.21:26:00;"print('You have 6 min 10 sec until the next VLBI calibration scan at 2026.267.21:32:00.')
2026.267.21:26:01;"reply from APECS: (timeout)
2026.267.21:32:00;"source('3C345',cats='user'); go(); track()
2026.267.21:32:00;"reply from APECS: OK
2026.267.21:32:00;"reply from APECS: OK
2026.267.21:32:01;"reply from APECS: (timeout)
2026.267.21:32:25;"vlbi_tsys()
2026.267.21:32:25;"reply from APECS: OK
2026.267.21:32:25;"reply from APECS: OK
2026.267.21:32:26;"reply from APECS: (timeout)
2026.267.21:33:50;"vlbi_reference_scan()
2026.267.21:33:51;"reply from APECS: (timeout)
2026.267.21:34:25;"source('3C345',cats='user'); go(); track()
2026.267.21:34:25;"reply from APECS: OK
2026.267.21:34:26;"reply from APECS: (timeout)
2026.267.21:34:26;"#                      gap        max ~0 min 10 sec
2026.267.21:35:00;"vlbi_scan(t_mins=3)
2026.267.21:35:00;"reply from APECS: OK
2026.267.21:35:01;"reply from APECS: (timeout)
2026.267.21:35:01;"#     scan ends at 2026.267.21:38:00
2026.267.21:35:01;"
2026.267.21:35:01;"# ### Block for MRK501 scan 24 'No0050' at 2026.267.21:40:00 in 120s ############
2026.267.21:38:00;"source('MRK501',cats='user'); go(); track()
2026.267.21:38:01;"reply from APECS: (timeout)
2026.267.21:38:25;"vlbi_tsys()
2026.267.21:38:25;"reply from APECS: OK
2026.267.21:38:25;"reply from APECS: OK
2026.267.21:38:26;"reply from APECS: (timeout)
2026.267.21:39:50;"source('MRK501',cats='user'); go(); track()
2026.267.21:39:50;"reply from APECS: OK
2026.267.21:39:51;"reply from APECS: (timeout)
2026.267.21:39:51;"#                      TIME       ran short, ~-1 min 45 sec "gap"
2026.267.21:40:00;"vlbi_scan(t_mins=6)
2026.267.21:40:00;"reply from APECS: OK
2026.267.21:40:01;"reply from APECS: (timeout)
2026.267.21:40:01;"#     scan ends at 2026.267.21:46:00
2026.267.21:40:01;"
2026.267.21:40:01;"# ### Block for 3C345 scan 25 'No0052' at 2026.267.21:55:00 in 540s #############
2026.267.21:40:01;"#
2026.267.21:40:01;"# OPERATOR free 6 min 10 sec until VLBI calibrations to start at 2026.267.21:52:00
2026.267.21:40:01;"#
2026.267.21:46:00;"print('You have 6 min 10 sec until the next VLBI calibration scan at 2026.267.21:52:00.')
2026.267.21:46:01;"reply from APECS: (timeout)
2026.267.21:52:00;"source('3C345',cats='user'); go(); track()
2026.267.21:52:00;"reply from APECS: OK
2026.267.21:52:00;"reply from APECS: OK
2026.267.21:52:01;"reply from APECS: (timeout)
2026.267.21:52:25;"vlbi_tsys()
2026.267.21:52:25;"reply from APECS: OK
2026.267.21:52:25;"reply from APECS: OK
2026.267.21:52:26;"reply from APECS: (timeout)
2026.267.21:53:50;"vlbi_reference_scan()
2026.267.21:53:51;"reply from APECS: (timeout)
2026.267.21:54:25;"source('3C345',cats='user'); go(); track()
2026.267.21:54:25;"reply from APECS: OK
2026.267.21:54:26;"reply from APECS: (timeout)
2026.267.21:54:26;"#                      gap        max ~0 min 10 sec
2026.267.21:55:00;"vlbi_scan(t_mins=3)
2026.267.21:55:00;"reply from APECS: OK
2026.267.21:55:01;"reply from APECS: (timeout)
2026.267.21:55:01;"#     scan ends at 2026.267.21:58:00
2026.267.21:55:01;"
2026.267.21:55:01;"# ### Block for MRK501 scan 26 'No0053' at 2026.267.22:00:00 in 120s ############
2026.267.21:58:00;"source('MRK501',cats='user'); go(); track()
2026.267.21:58:01;"reply from APECS: (timeout)
2026.267.21:58:25;"vlbi_tsys()
2026.267.21:58:25;"reply from APECS: OK
2026.267.21:58:25;"reply from APECS: OK
2026.267.21:58:25;"reply from APECS: OK
2026.267.21:58:26;"reply from APECS: (timeout)
2026.267.21:59:50;"source('MRK501',cats='user'); go(); track()
2026.267.21:59:51;"reply from APECS: (timeout)
2026.267.21:59:51;"#                      TIME       ran short, ~-1 min 45 sec "gap"
2026.267.22:00:00;"vlbi_scan(t_mins=6)
2026.267.22:00:00;"reply from APECS: OK
2026.267.22:00:01;"reply from APECS: (timeout)
2026.267.22:00:01;"#     scan ends at 2026.267.22:06:00
2026.267.22:00:01;"
2026.267.22:00:01;"# ### Block for 3C345 scan 27 'No0055' at 2026.267.22:15:00 in 540s #############
2026.267.22:00:01;"#
2026.267.22:00:01;"# OPERATOR free 6 min 10 sec until VLBI calibrations to start at 2026.267.22:12:00
2026.267.22:00:01;"#
2026.267.22:06:00;"print('You have 6 min 10 sec until the next VLBI calibration scan at 2026.267.22:12:00.')
2026.267.22:06:00;"reply from APECS: OK
2026.267.22:06:00;"reply from APECS: OK
2026.267.22:06:01;"reply from APECS: (timeout)
2026.267.22:12:00;"source('3C345',cats='user'); go(); track()
2026.267.22:12:01;"reply from APECS: (timeout)
2026.267.22:12:25;"vlbi_tsys()
2026.267.22:12:26;"reply from APECS: (timeout)
2026.267.22:13:50;"vlbi_reference_scan()
2026.267.22:13:51;"reply from APECS: (timeout)
2026.267.22:14:25;"source('3C345',cats='user'); go(); track()
2026.267.22:14:26;"reply from APECS: (timeout)
2026.267.22:14:26;"#                      gap        max ~0 min 10 sec
2026.267.22:15:00;"vlbi_scan(t_mins=3)
2026.267.22:15:01;"reply from APECS: (timeout)
2026.267.22:15:01;"#     scan ends at 2026.267.22:18:00
2026.267.22:15:01;"
2026.267.22:15:01;"# ### Block for MRK501 scan 28 'No0056' at 2026.267.22:20:00 in 120s ############
2026.267.22:18:00;"source('MRK501',cats='user'); go(); track()
2026.267.22:18:01;"reply from APECS: (timeout)
2026.267.22:18:25;"vlbi_tsys()
2026.267.22:18:26;"reply from APECS: (timeout)
2026.267.22:19:50;"source('MRK501',cats='user'); go(); track()
2026.267.22:19:51;"reply from APECS: (timeout)
2026.267.22:19:51;"#                      TIME       ran short, ~-1 min 45 sec "gap"
2026.267.22:20:00;"vlbi_scan(t_mins=6)
2026.267.22:20:01;"reply from APECS: (timeout)
2026.267.22:20:01;"#     scan ends at 2026.267.22:26:00
2026.267.22:20:01;"
2026.267.22:20:01;"# ### Block for 3C345 scan 29 'No0058' at 2026.267.22:35:00 in 540s #############
2026.267.22:20:01;"#
2026.267.22:20:01;"# OPERATOR free 6 min 10 sec until VLBI calibrations to start at 2026.267.22:32:00
2026.267.22:20:01;"#
2026.267.22:26:00;"print('You have 6 min 10 sec until the next VLBI calibration scan at 2026.267.22:32:00.')
2026.267.22:26:01;"reply from APECS: (timeout)
2026.267.22:32:00;"source('3C345',cats='user'); go(); track()
2026.267.22:32:01;"reply from APECS: (timeout)
2026.267.22:32:25;"vlbi_tsys()
2026.267.22:32:25;"reply from APECS: OK
2026.267.22:32:25;"reply from APECS: OK
2026.267.22:32:26;"reply from APECS: (timeout)
2026.267.22:33:50;"vlbi_reference_scan()
2026.267.22:33:51;"reply from APECS: (timeout)
2026.267.22:34:25;"source('3C345',cats='user'); go(); track()
2026.267.22:34:25;"reply from APECS: OK
2026.267.22:34:26;"reply from APECS: (timeout)
2026.267.22:34:26;"#                      gap        max ~0 min 10 sec
2026.267.22:35:00;"vlbi_scan(t_mins=3)
2026.267.22:35:00;"reply from APECS: OK
2026.267.22:35:01;"reply from APECS: (timeout)
2026.267.22:35:01;"#     scan ends at 2026.267.22:38:00
2026.267.22:35:01;"
2026.267.22:35:01;"# ### Block for MRK501 scan 30 'No0059' at 2026.267.22:40:00 in 120s ############
2026.267.22:38:00;"source('MRK501',cats='user'); go(); track()
2026.267.22:38:01;"reply from APECS: (timeout)
2026.267.22:38:25;"vlbi_tsys()
2026.267.22:38:25;"reply from APECS: OK
2026.267.22:38:25;"reply from APECS: OK
2026.267.22:38:25;"reply from APECS: OK
2026.267.22:38:26;"reply from APECS: (timeout)
2026.267.22:39:50;"source('MRK501',cats='user'); go(); track()
2026.267.22:39:51;"reply from APECS: (timeout)
2026.267.22:39:51;"#                      TIME       ran short, ~-1 min 45 sec "gap"
2026.267.22:40:00;"vlbi_scan(t_mins=6)
2026.267.22:40:00;"reply from APECS: OK
2026.267.22:40:01;"reply from APECS: (timeout)
2026.267.22:40:01;"#     scan ends at 2026.267.22:46:00
2026.267.22:40:01;"
2026.267.22:40:01;"# ### Block for 3C345 scan 31 'No0063' at 2026.267.22:55:01 in 541s #############
2026.267.22:40:01;"#
2026.267.22:40:01;"# OPERATOR free 6 min 11 sec until VLBI calibrations to start at 2026.267.22:52:01
2026.267.22:40:01;"#
2026.267.22:46:00;"print('You have 6 min 11 sec until the next VLBI calibration scan at 2026.267.22:52:01.')
2026.267.22:46:01;"reply from APECS: (timeout)
2026.267.22:52:01;"source('3C345',cats='user'); go(); track()
2026.267.22:52:01;"reply from APECS: OK
2026.267.22:52:01;"reply from APECS: OK
2026.267.22:52:02;"reply from APECS: (timeout)
2026.267.22:52:26;"vlbi_tsys()
2026.267.22:52:26;"reply from APECS: OK
2026.267.22:52:26;"reply from APECS: OK
2026.267.22:52:27;"reply from APECS: (timeout)
2026.267.22:53:51;"vlbi_reference_scan()
2026.267.22:53:52;"reply from APECS: (timeout)
2026.267.22:54:26;"source('3C345',cats='user'); go(); track()
2026.267.22:54:26;"reply from APECS: OK
2026.267.22:54:27;"reply from APECS: (timeout)
2026.267.22:54:27;"#                      gap        max ~0 min 10 sec
2026.267.22:55:01;"vlbi_scan(t_mins=3)
2026.267.22:55:01;"reply from APECS: OK
2026.267.22:55:02;"reply from APECS: (timeout)
2026.267.22:55:02;"#     scan ends at 2026.267.22:58:01
2026.267.22:55:02;"
2026.267.22:55:02;"# ### Block for MRK501 scan 32 'No0064' at 2026.267.23:00:01 in 120s ############
2026.267.22:58:01;"source('MRK501',cats='user'); go(); track()
2026.267.22:58:01;"reply from APECS: OK
2026.267.22:58:02;"reply from APECS: (timeout)
2026.267.22:58:26;"vlbi_tsys()
2026.267.22:58:26;"reply from APECS: OK
2026.267.22:58:26;"reply from APECS: OK
2026.267.22:58:27;"reply from APECS: (timeout)
2026.267.22:59:51;"source('MRK501',cats='user'); go(); track()
2026.267.22:59:52;"reply from APECS: (timeout)
2026.267.22:59:52;"#                      TIME       ran short, ~-1 min 45 sec "gap"
2026.267.23:00:01;"vlbi_scan(t_mins=6)
2026.267.23:00:01;"reply from APECS: OK
2026.267.23:00:02;"reply from APECS: (timeout)
2026.267.23:00:02;"#     scan ends at 2026.267.23:06:01
2026.267.23:00:02;"
2026.267.23:00:02;"# ### Block for 3C345 scan 33 'No0068' at 2026.267.23:15:01 in 540s #############
2026.267.23:00:02;"#
2026.267.23:00:02;"# OPERATOR free 6 min 10 sec until VLBI calibrations to start at 2026.267.23:12:01
2026.267.23:00:02;"#
2026.267.23:06:01;"print('You have 6 min 10 sec until the next VLBI calibration scan at 2026.267.23:12:01.')
2026.267.23:06:02;"reply from APECS: (timeout)
2026.267.23:12:01;"source('3C345',cats='user'); go(); track()
2026.267.23:12:01;"reply from APECS: OK
2026.267.23:12:01;"reply from APECS: OK
2026.267.23:12:02;"reply from APECS: (timeout)
2026.267.23:12:26;"vlbi_tsys()
2026.267.23:12:26;"reply from APECS: OK
2026.267.23:12:26;"reply from APECS: OK
2026.267.23:12:27;"reply from APECS: (timeout)
2026.267.23:13:51;"vlbi_reference_scan()
2026.267.23:13:52;"reply from APECS: (timeout)
2026.267.23:14:26;"source('3C345',cats='user'); go(); track()
2026.267.23:14:26;"reply from APECS: OK
2026.267.23:14:27;"reply from APECS: (timeout)
2026.267.23:14:27;"#                      gap        max ~0 min 10 sec
2026.267.23:15:01;"vlbi_scan(t_mins=3)
2026.267.23:15:01;"reply from APECS: OK
2026.267.23:15:02;"reply from APECS: (timeout)
2026.267.23:15:02;"#     scan ends at 2026.267.23:18:01
2026.267.23:15:02;"
2026.267.23:15:02;"# ### Block for MRK501 scan 34 'No0069' at 2026.267.23:20:01 in 120s ############
2026.267.23:18:01;"source('MRK501',cats='user'); go(); track()
2026.267.23:18:02;"reply from APECS: (timeout)
2026.267.23:18:26;"vlbi_tsys()
2026.267.23:18:26;"reply from APECS: OK
2026.267.23:18:26;"reply from APECS: OK
2026.267.23:18:26;"reply from APECS: OK
2026.267.23:18:27;"reply from APECS: (timeout)
2026.267.23:19:51;"source('MRK501',cats='user'); go(); track()
2026.267.23:19:52;"reply from APECS: (timeout)
2026.267.23:19:52;"#                      TIME       ran short, ~-1 min 45 sec "gap"
2026.267.23:20:01;"vlbi_scan(t_mins=6)
2026.267.23:20:01;"reply from APECS: OK
2026.267.23:20:02;"reply from APECS: (timeout)
2026.267.23:20:02;"#     scan ends at 2026.267.23:26:01
2026.267.23:20:02;"
2026.267.23:20:02;"# ### Block for 3C345 scan 35 'No0073' at 2026.267.23:35:01 in 540s #############
2026.267.23:20:02;"#
2026.267.23:20:02;"# OPERATOR free 6 min 10 sec until VLBI calibrations to start at 2026.267.23:32:01
2026.267.23:20:02;"#
2026.267.23:26:01;"print('You have 6 min 10 sec until the next VLBI calibration scan at 2026.267.23:32:01.')
2026.267.23:26:02;"reply from APECS: (timeout)
2026.267.23:32:01;"source('3C345',cats='user'); go(); track()
2026.267.23:32:01;"reply from APECS: OK
2026.267.23:32:01;"reply from APECS: OK
2026.267.23:32:02;"reply from APECS: (timeout)
2026.267.23:32:26;"vlbi_tsys()
2026.267.23:32:26;"reply from APECS: OK
2026.267.23:32:26;"reply from APECS: OK
2026.267.23:32:27;"reply from APECS: (timeout)
2026.267.23:33:51;"vlbi_reference_scan()
2026.267.23:33:52;"reply from APECS: (timeout)
2026.267.23:34:26;"source('3C345',cats='user'); go(); track()
2026.267.23:34:26;"reply from APECS: OK
2026.267.23:34:27;"reply from APECS: (timeout)
2026.267.23:34:27;"#                      gap        max ~0 min 10 sec
2026.267.23:35:01;"vlbi_scan(t_mins=3)
2026.267.23:35:01;"reply from APECS: OK
2026.267.23:35:02;"reply from APECS: (timeout)
2026.267.23:35:02;"#     scan ends at 2026.267.23:38:01
2026.267.23:35:02;"
2026.267.23:35:02;"# ### Block for MRK501 scan 36 'No0074' at 2026.267.23:40:01 in 120s ############
2026.267.23:38:01;"source('MRK501',cats='user'); go(); track()
2026.267.23:38:02;"reply from APECS: (timeout)
2026.267.23:38:26;"vlbi_tsys()
2026.267.23:38:26;"reply from APECS: OK
2026.267.23:38:26;"reply from APECS: OK
2026.267.23:38:26;"reply from APECS: OK
2026.267.23:38:27;"reply from APECS: (timeout)
2026.267.23:39:51;"source('MRK501',cats='user'); go(); track()
2026.267.23:39:52;"reply from APECS: (timeout)
2026.267.23:39:52;"#                      TIME       ran short, ~-1 min 45 sec "gap"
2026.267.23:40:01;"vlbi_scan(t_mins=6)
2026.267.23:40:01;"reply from APECS: OK
2026.267.23:40:02;"reply from APECS: (timeout)
2026.267.23:40:02;"#     scan ends at 2026.267.23:46:01
2026.267.23:40:02;"
2026.267.23:40:02;"# ### Block for BLLAC scan 37 'No0076' at 2026.267.23:55:40 in 579s #############
2026.267.23:40:02;"#
2026.267.23:40:02;"# OPERATOR free 6 min 49 sec until VLBI calibrations to start at 2026.267.23:52:40
2026.267.23:40:02;"#
2026.267.23:46:01;"print('You have 6 min 49 sec until the next VLBI calibration scan at 2026.267.23:52:40.')
2026.267.23:46:01;"reply from APECS: OK
2026.267.23:46:01;"reply from APECS: OK
2026.267.23:46:02;"reply from APECS: (timeout)
2026.267.23:52:40;"source('BLLAC',cats='user'); go(); track()
2026.267.23:52:41;"reply from APECS: (timeout)
2026.267.23:53:05;"vlbi_tsys()
2026.267.23:53:06;"reply from APECS: (timeout)
2026.267.23:54:30;"vlbi_reference_scan()
2026.267.23:54:31;"reply from APECS: (timeout)
2026.267.23:55:05;"source('BLLAC',cats='user'); go(); track()
2026.267.23:55:06;"reply from APECS: (timeout)
2026.267.23:55:06;"#                      gap        max ~0 min 10 sec
2026.267.23:55:40;"vlbi_scan(t_mins=3)
2026.267.23:55:41;"reply from APECS: (timeout)
2026.267.23:55:41;"#     scan ends at 2026.267.23:58:40
2026.267.23:55:41;"
2026.267.23:55:41;"# ### Block for J2203+3145 scan 38 'No0077' at 2026.268.00:00:45 in 125s ########
2026.267.23:58:40;"source('J2203+3145',cats='user'); go(); track()
2026.267.23:58:41;"reply from APECS: (timeout)
2026.267.23:59:05;"vlbi_tsys()
2026.267.23:59:06;"reply from APECS: (timeout)
2026.268.00:00:30;"source('J2203+3145',cats='user'); go(); track()
2026.268.00:00:31;"reply from APECS: (timeout)
2026.268.00:00:31;"#                      TIME       ran short, ~-1 min 50 sec "gap"
2026.268.00:00:45;"vlbi_scan(t_mins=7)
2026.268.00:00:46;"reply from APECS: (timeout)
2026.268.00:00:46;"#     scan ends at 2026.268.00:07:45
2026.268.00:00:46;"
2026.268.00:00:46;"# ### Block for 3C454.3 scan 39 'No0078' at 2026.268.00:15:00 in 435s ###########
2026.268.00:12:00;"source('3C454.3',cats='user'); go(); track()
2026.268.00:12:01;"reply from APECS: (timeout)
2026.268.00:12:25;"vlbi_tsys()
2026.268.00:12:25;"reply from APECS: OK
2026.268.00:12:25;"reply from APECS: OK
2026.268.00:12:26;"reply from APECS: (timeout)
2026.268.00:13:50;"vlbi_reference_scan()
2026.268.00:13:51;"reply from APECS: (timeout)
2026.268.00:14:25;"source('3C454.3',cats='user'); go(); track()
2026.268.00:14:25;"reply from APECS: OK
2026.268.00:14:26;"reply from APECS: (timeout)
2026.268.00:14:26;"#                      gap        max ~0 min 10 sec
2026.268.00:15:00;"vlbi_scan(t_mins=7)
2026.268.00:15:00;"reply from APECS: OK
2026.268.00:15:01;"reply from APECS: (timeout)
2026.268.00:15:01;"#     scan ends at 2026.268.00:22:00
2026.268.00:15:01;"
2026.268.00:15:01;"# ### Block for BLLAC scan 40 'No0079' at 2026.268.00:30:00 in 480s #############
2026.268.00:27:00;"source('BLLAC',cats='user'); go(); track()
2026.268.00:27:00;"reply from APECS: OK
2026.268.00:27:01;"reply from APECS: (timeout)
2026.268.00:27:25;"vlbi_tsys()
2026.268.00:27:25;"reply from APECS: OK
2026.268.00:27:25;"reply from APECS: OK
2026.268.00:27:26;"reply from APECS: (timeout)
2026.268.00:28:50;"vlbi_reference_scan()
2026.268.00:28:51;"reply from APECS: (timeout)
2026.268.00:29:25;"source('BLLAC',cats='user'); go(); track()
2026.268.00:29:25;"reply from APECS: OK
2026.268.00:29:26;"reply from APECS: (timeout)
2026.268.00:29:26;"#                      gap        max ~0 min 10 sec
2026.268.00:30:00;"vlbi_scan(t_mins=3)
2026.268.00:30:00;"reply from APECS: OK
2026.268.00:30:01;"reply from APECS: (timeout)
2026.268.00:30:01;"#     scan ends at 2026.268.00:33:00
2026.268.00:30:01;"
2026.268.00:30:01;"# ### Block for J2203+3145 scan 41 'No0080' at 2026.268.00:35:20 in 140s ########
2026.268.00:33:00;"source('J2203+3145',cats='user'); go(); track()
2026.268.00:33:01;"reply from APECS: (timeout)
2026.268.00:33:25;"vlbi_tsys()
2026.268.00:33:25;"reply from APECS: OK
2026.268.00:33:25;"reply from APECS: OK
2026.268.00:33:25;"reply from APECS: OK
2026.268.00:33:26;"reply from APECS: (timeout)
2026.268.00:34:50;"source('J2203+3145',cats='user'); go(); track()
2026.268.00:34:51;"reply from APECS: (timeout)
2026.268.00:34:51;"#                      gap        max ~0 min 05 sec
2026.268.00:35:20;"vlbi_scan(t_mins=7)
2026.268.00:35:20;"reply from APECS: OK
2026.268.00:35:21;"reply from APECS: (timeout)
2026.268.00:35:21;"#     scan ends at 2026.268.00:42:20
2026.268.00:35:21;"
2026.268.00:35:21;"# ### Block for BLLAC scan 42 'No0081' at 2026.268.00:50:00 in 460s #############
2026.268.00:47:00;"source('BLLAC',cats='user'); go(); track()
2026.268.00:47:00;"reply from APECS: OK
2026.268.00:47:01;"reply from APECS: (timeout)
2026.268.00:47:25;"vlbi_tsys()
2026.268.00:47:25;"reply from APECS: OK
2026.268.00:47:25;"reply from APECS: OK
2026.268.00:47:26;"reply from APECS: (timeout)
2026.268.00:48:50;"vlbi_reference_scan()
2026.268.00:48:51;"reply from APECS: (timeout)
2026.268.00:49:25;"source('BLLAC',cats='user'); go(); track()
2026.268.00:49:25;"reply from APECS: OK
2026.268.00:49:26;"reply from APECS: (timeout)
2026.268.00:49:26;"#                      gap        max ~0 min 10 sec
2026.268.00:50:00;"vlbi_scan(t_mins=3)
2026.268.00:50:00;"reply from APECS: OK
2026.268.00:50:01;"reply from APECS: (timeout)
2026.268.00:50:01;"#     scan ends at 2026.268.00:53:00
2026.268.00:50:01;"
2026.268.00:50:01;"# ### Block for J2203+3145 scan 43 'No0082' at 2026.268.00:55:20 in 140s ########
2026.268.00:53:00;"source('J2203+3145',cats='user'); go(); track()
2026.268.00:53:01;"reply from APECS: (timeout)
2026.268.00:53:25;"vlbi_tsys()
2026.268.00:53:25;"reply from APECS: OK
2026.268.00:53:25;"reply from APECS: OK
2026.268.00:53:26;"reply from APECS: (timeout)
2026.268.00:54:50;"source('J2203+3145',cats='user'); go(); track()
2026.268.00:54:50;"reply from APECS: OK
2026.268.00:54:51;"reply from APECS: (timeout)
2026.268.00:54:51;"#                      gap        max ~0 min 05 sec
2026.268.00:55:20;"vlbi_scan(t_mins=7)
2026.268.00:55:20;"reply from APECS: OK
2026.268.00:55:21;"reply from APECS: (timeout)
2026.268.00:55:21;"#     scan ends at 2026.268.01:02:20
2026.268.00:55:21;"
2026.268.00:55:21;"# ### Block for BLLAC scan 44 'No0083' at 2026.268.0:10:00 in 460s #############
2026.268.01:07:00;"source('BLLAC',cats='user'); go(); track()
2026.268.01:07:00;"reply from APECS: OK
2026.268.01:07:01;"reply from APECS: (timeout)
2026.268.01:07:25;"vlbi_tsys()
2026.268.01:07:25;"reply from APECS: OK
2026.268.01:07:25;"reply from APECS: OK
2026.268.01:07:26;"reply from APECS: (timeout)
2026.268.01:08:50;"vlbi_reference_scan()
2026.268.01:08:51;"reply from APECS: (timeout)
2026.268.01:09:25;"source('BLLAC',cats='user'); go(); track()
2026.268.01:09:25;"reply from APECS: OK
2026.268.01:09:26;"reply from APECS: (timeout)
2026.268.01:09:26;"#                      gap        max ~0 min 10 sec
2026.268.01:10:00;"vlbi_scan(t_mins=3)
2026.268.01:10:00;"reply from APECS: OK
2026.268.01:10:01;"reply from APECS: (timeout)
2026.268.01:10:01;"#     scan ends at 2026.268.01:13:00
2026.268.01:10:01;"
2026.268.01:10:01;"# ### Block for J2203+3145 scan 45 'No0084' at 2026.268.01:15:20 in 140s ########
2026.268.01:13:00;"source('J2203+3145',cats='user'); go(); track()
2026.268.01:13:01;"reply from APECS: (timeout)
2026.268.01:13:25;"vlbi_tsys()
2026.268.01:13:25;"reply from APECS: OK
2026.268.01:13:25;"reply from APECS: OK
2026.268.01:13:25;"reply from APECS: OK
2026.268.01:13:26;"reply from APECS: (timeout)
2026.268.01:14:50;"source('J2203+3145',cats='user'); go(); track()
2026.268.01:14:51;"reply from APECS: (timeout)
2026.268.01:14:51;"#                      gap        max ~0 min 05 sec
2026.268.01:15:20;"vlbi_scan(t_mins=7)
2026.268.01:15:20;"reply from APECS: OK
2026.268.01:15:21;"reply from APECS: (timeout)
2026.268.01:15:21;"#     scan ends at 2026.268.01:22:20
2026.268.01:15:21;"
2026.268.01:15:21;"# ### Block for BLLAC scan 46 'No0085' at 2026.268.01:30:00 in 460s #############
2026.268.01:27:00;"source('BLLAC',cats='user'); go(); track()
2026.268.01:27:00;"reply from APECS: OK
2026.268.01:27:01;"reply from APECS: (timeout)
2026.268.01:27:25;"vlbi_tsys()
2026.268.01:27:25;"reply from APECS: OK
2026.268.01:27:25;"reply from APECS: OK
2026.268.01:27:26;"reply from APECS: (timeout)
2026.268.01:28:50;"vlbi_reference_scan()
2026.268.01:28:51;"reply from APECS: (timeout)
2026.268.01:29:25;"source('BLLAC',cats='user'); go(); track()
2026.268.01:29:25;"reply from APECS: OK
2026.268.01:29:26;"reply from APECS: (timeout)
2026.268.01:29:26;"#                      gap        max ~0 min 10 sec
2026.268.01:30:00;"vlbi_scan(t_mins=3)
2026.268.01:30:00;"reply from APECS: OK
2026.268.01:30:01;"reply from APECS: (timeout)
2026.268.01:30:01;"#     scan ends at 2026.268.01:33:00
2026.268.01:30:01;"
2026.268.01:30:01;"# ### Block for J2203+3145 scan 47 'No0086' at 2026.268.01:35:00 in 120s ########
2026.268.01:33:00;"source('J2203+3145',cats='user'); go(); track()
2026.268.01:33:01;"reply from APECS: (timeout)
2026.268.01:33:25;"vlbi_tsys()
2026.268.01:33:25;"reply from APECS: OK
2026.268.01:33:25;"reply from APECS: OK
2026.268.01:33:26;"reply from APECS: (timeout)
2026.268.01:34:50;"source('J2203+3145',cats='user'); go(); track()
2026.268.01:34:50;"reply from APECS: OK
2026.268.01:34:51;"reply from APECS: (timeout)
2026.268.01:34:51;"#                      TIME       ran short, ~-1 min 45 sec "gap"
2026.268.01:35:00;"vlbi_scan(t_mins=7)
2026.268.01:35:00;"reply from APECS: OK
2026.268.01:35:01;"reply from APECS: (timeout)
2026.268.01:35:01;"#     scan ends at 2026.268.01:42:00
2026.268.01:35:01;"
2026.268.01:35:01;"# ### Block for 3C454.3 scan 48 'No0087' at 2026.268.01:50:00 in 480s ###########
2026.268.01:47:00;"source('3C454.3',cats='user'); go(); track()
2026.268.01:47:00;"reply from APECS: OK
2026.268.01:47:01;"reply from APECS: (timeout)
2026.268.01:47:25;"vlbi_tsys()
2026.268.01:47:26;"reply from APECS: (timeout)
2026.268.01:48:50;"vlbi_reference_scan()
2026.268.01:48:51;"reply from APECS: (timeout)
2026.268.01:49:25;"source('3C454.3',cats='user'); go(); track()
2026.268.01:49:26;"reply from APECS: (timeout)
2026.268.01:49:26;"#                      gap        max ~0 min 10 sec
2026.268.01:50:00;"vlbi_scan(t_mins=3)
2026.268.01:50:01;"reply from APECS: (timeout)
2026.268.01:50:01;"#     scan ends at 2026.268.01:53:00
2026.268.01:50:01;"
2026.268.01:50:01;"# ### Block for J2203+3145 scan 49 'No0088' at 2026.268.01:55:20 in 140s ########
2026.268.01:53:00;"source('J2203+3145',cats='user'); go(); track()
2026.268.01:53:01;"reply from APECS: (timeout)
2026.268.01:53:25;"vlbi_tsys()
2026.268.01:53:26;"reply from APECS: (timeout)
2026.268.01:54:50;"source('J2203+3145',cats='user'); go(); track()
2026.268.01:54:51;"reply from APECS: (timeout)
2026.268.01:54:51;"#                      gap        max ~0 min 05 sec
2026.268.01:55:20;"vlbi_scan(t_mins=7)
2026.268.01:55:21;"reply from APECS: (timeout)
2026.268.01:55:21;"#     scan ends at 2026.268.02:02:20
2026.268.01:55:21;"
2026.268.01:55:21;"# ### Block for BLLAC scan 50 'No0089' at 2026.268.02:10:00 in 460s #############
2026.268.02:07:00;"source('BLLAC',cats='user'); go(); track()
2026.268.02:07:00;"reply from APECS: OK
2026.268.02:07:01;"reply from APECS: (timeout)
2026.268.02:07:25;"vlbi_tsys()
2026.268.02:07:25;"reply from APECS: OK
2026.268.02:07:25;"reply from APECS: OK
2026.268.02:07:26;"reply from APECS: (timeout)
2026.268.02:08:50;"vlbi_reference_scan()
2026.268.02:08:51;"reply from APECS: (timeout)
2026.268.02:09:25;"source('BLLAC',cats='user'); go(); track()
2026.268.02:09:25;"reply from APECS: OK
2026.268.02:09:26;"reply from APECS: (timeout)
2026.268.02:09:26;"#                      gap        max ~0 min 10 sec
2026.268.02:10:00;"vlbi_scan(t_mins=3)
2026.268.02:10:00;"reply from APECS: OK
2026.268.02:10:01;"reply from APECS: (timeout)
2026.268.02:10:01;"#     scan ends at 2026.268.02:13:00
2026.268.02:10:01;"
2026.268.02:10:01;"# ### Block for J2203+3145 scan 51 'No0090' at 2026.268.02:15:00 in 120s ########
2026.268.02:13:00;"source('J2203+3145',cats='user'); go(); track()
2026.268.02:13:01;"reply from APECS: (timeout)
2026.268.02:13:25;"vlbi_tsys()
2026.268.02:13:25;"reply from APECS: OK
2026.268.02:13:25;"reply from APECS: OK
2026.268.02:13:25;"reply from APECS: OK
2026.268.02:13:26;"reply from APECS: (timeout)
2026.268.02:14:50;"source('J2203+3145',cats='user'); go(); track()
2026.268.02:14:51;"reply from APECS: (timeout)
2026.268.02:14:51;"#                      TIME       ran short, ~-1 min 45 sec "gap"
2026.268.02:15:00;"vlbi_scan(t_mins=7)
2026.268.02:15:00;"reply from APECS: OK
2026.268.02:15:01;"reply from APECS: (timeout)
2026.268.02:15:01;"#     scan ends at 2026.268.02:22:00
2026.268.02:15:01;"
2026.268.02:15:01;"# ### Block for BLLAC scan 52 'No0091' at 2026.268.02:30:00 in 480s #############
2026.268.02:27:00;"source('BLLAC',cats='user'); go(); track()
2026.268.02:27:00;"reply from APECS: OK
2026.268.02:27:01;"reply from APECS: (timeout)
2026.268.02:27:25;"vlbi_tsys()
2026.268.02:27:25;"reply from APECS: OK
2026.268.02:27:25;"reply from APECS: OK
2026.268.02:27:26;"reply from APECS: (timeout)
2026.268.02:28:50;"vlbi_reference_scan()
2026.268.02:28:51;"reply from APECS: (timeout)
2026.268.02:29:25;"source('BLLAC',cats='user'); go(); track()
2026.268.02:29:25;"reply from APECS: OK
2026.268.02:29:26;"reply from APECS: (timeout)
2026.268.02:29:26;"#                      gap        max ~0 min 10 sec
2026.268.02:30:00;"vlbi_scan(t_mins=3)
2026.268.02:30:00;"reply from APECS: OK
2026.268.02:30:01;"reply from APECS: (timeout)
2026.268.02:30:01;"#     scan ends at 2026.268.02:33:00
2026.268.02:30:01;"
2026.268.02:30:01;"# ### Block for J2203+3145 scan 53 'No0092' at 2026.268.02:35:00 in 120s ########
2026.268.02:33:00;"source('J2203+3145',cats='user'); go(); track()
2026.268.02:33:01;"reply from APECS: (timeout)
2026.268.02:33:25;"vlbi_tsys()
2026.268.02:33:25;"reply from APECS: OK
2026.268.02:33:25;"reply from APECS: OK
2026.268.02:33:25;"reply from APECS: OK
2026.268.02:33:26;"reply from APECS: (timeout)
2026.268.02:34:50;"source('J2203+3145',cats='user'); go(); track()
2026.268.02:34:51;"reply from APECS: (timeout)
2026.268.02:34:51;"#                      TIME       ran short, ~-1 min 45 sec "gap"
2026.268.02:35:00;"vlbi_scan(t_mins=7)
2026.268.02:35:00;"reply from APECS: OK
2026.268.02:35:01;"reply from APECS: (timeout)
2026.268.02:35:01;"#     scan ends at 2026.268.02:42:00
2026.268.02:35:01;"
2026.268.02:35:01;"# ### Block for BLLAC scan 54 'No0093' at 2026.268.02:50:00 in 480s #############
2026.268.02:47:00;"source('BLLAC',cats='user'); go(); track()
2026.268.02:47:00;"reply from APECS: OK
2026.268.02:47:01;"reply from APECS: (timeout)
2026.268.02:47:25;"vlbi_tsys()
2026.268.02:47:25;"reply from APECS: OK
2026.268.02:47:25;"reply from APECS: OK
2026.268.02:47:26;"reply from APECS: (timeout)
2026.268.02:48:50;"vlbi_reference_scan()
2026.268.02:48:51;"reply from APECS: (timeout)
2026.268.02:49:25;"source('BLLAC',cats='user'); go(); track()
2026.268.02:49:25;"reply from APECS: OK
2026.268.02:49:26;"reply from APECS: (timeout)
2026.268.02:49:26;"#                      gap        max ~0 min 10 sec
2026.268.02:50:00;"vlbi_scan(t_mins=3)
2026.268.02:50:00;"reply from APECS: OK
2026.268.02:50:01;"reply from APECS: (timeout)
2026.268.02:50:01;"#     scan ends at 2026.268.02:53:00
2026.268.02:50:01;"
2026.268.02:50:01;"# ### Block for J2203+3145 scan 55 'No0094' at 2026.268.02:55:00 in 120s ########
2026.268.02:53:00;"source('J2203+3145',cats='user'); go(); track()
2026.268.02:53:00;"reply from APECS: OK
2026.268.02:53:01;"reply from APECS: (timeout)
2026.268.02:53:25;"vlbi_tsys()
2026.268.02:53:25;"reply from APECS: OK
2026.268.02:53:25;"reply from APECS: OK
2026.268.02:53:26;"reply from APECS: (timeout)
2026.268.02:54:50;"source('J2203+3145',cats='user'); go(); track()
2026.268.02:54:51;"reply from APECS: (timeout)
2026.268.02:54:51;"#                      TIME       ran short, ~-1 min 45 sec "gap"
2026.268.02:55:00;"vlbi_scan(t_mins=7)
2026.268.02:55:00;"reply from APECS: OK
2026.268.02:55:01;"reply from APECS: (timeout)
2026.268.02:55:01;"#     scan ends at 2026.268.03:02:00
2026.268.02:55:01;"
2026.268.02:55:01;"# ### Block for 3C454.3 scan 56 'No0095' at 2026.268.03:10:00 in 480s ###########
2026.268.03:07:00;"source('3C454.3',cats='user'); go(); track()
2026.268.03:07:00;"reply from APECS: OK
2026.268.03:07:01;"reply from APECS: (timeout)
2026.268.03:07:25;"vlbi_tsys()
2026.268.03:07:26;"reply from APECS: (timeout)
2026.268.03:08:50;"vlbi_reference_scan()
2026.268.03:08:51;"reply from APECS: (timeout)
2026.268.03:09:25;"source('3C454.3',cats='user'); go(); track()
2026.268.03:09:25;"reply from APECS: OK
2026.268.03:09:26;"reply from APECS: (timeout)
2026.268.03:09:26;"#                      gap        max ~0 min 10 sec
2026.268.03:10:00;"vlbi_scan(t_mins=3)
2026.268.03:10:00;"reply from APECS: OK
2026.268.03:10:01;"reply from APECS: (timeout)
2026.268.03:10:01;"#     scan ends at 2026.268.03:13:00
2026.268.03:10:01;"
2026.268.03:10:01;"# ### Block for J2203+3145 scan 57 'No0096' at 2026.268.03:15:00 in 120s ########
2026.268.03:13:00;"source('J2203+3145',cats='user'); go(); track()
2026.268.03:13:01;"reply from APECS: (timeout)
2026.268.03:13:25;"vlbi_tsys()
2026.268.03:13:25;"reply from APECS: OK
2026.268.03:13:25;"reply from APECS: OK
2026.268.03:13:25;"reply from APECS: OK
2026.268.03:13:26;"reply from APECS: (timeout)
2026.268.03:14:50;"source('J2203+3145',cats='user'); go(); track()
2026.268.03:14:51;"reply from APECS: (timeout)
2026.268.03:14:51;"#                      TIME       ran short, ~-1 min 45 sec "gap"
2026.268.03:15:00;"vlbi_scan(t_mins=7)
2026.268.03:15:00;"reply from APECS: OK
2026.268.03:15:01;"reply from APECS: (timeout)
2026.268.03:15:01;"#     scan ends at 2026.268.03:22:00
2026.268.03:15:01;"
2026.268.03:15:01;"# ### Block for BLLAC scan 58 'No0097' at 2026.268.03:28:00 in 360s #############
2026.268.03:25:00;"source('BLLAC',cats='user'); go(); track()
2026.268.03:25:00;"reply from APECS: OK
2026.268.03:25:01;"reply from APECS: (timeout)
2026.268.03:25:25;"vlbi_tsys()
2026.268.03:25:25;"reply from APECS: OK
2026.268.03:25:25;"reply from APECS: OK
2026.268.03:25:26;"reply from APECS: (timeout)
2026.268.03:26:50;"vlbi_reference_scan()
2026.268.03:26:51;"reply from APECS: (timeout)
2026.268.03:27:25;"source('BLLAC',cats='user'); go(); track()
2026.268.03:27:25;"reply from APECS: OK
2026.268.03:27:26;"reply from APECS: (timeout)
2026.268.03:27:26;"#                      gap        max ~0 min 10 sec
2026.268.03:28:00;"vlbi_scan(t_mins=3)
2026.268.03:28:00;"reply from APECS: OK
2026.268.03:28:01;"reply from APECS: (timeout)
2026.268.03:28:01;"#     scan ends at 2026.268.03:31:00
2026.268.03:28:01;"
2026.268.03:28:01;"# ### Block for J2203+3145 scan 59 'No0098' at 2026.268.03:32:40 in 100s ########
2026.268.03:31:00;"source('J2203+3145',cats='user'); go(); track()
2026.268.03:31:01;"reply from APECS: (timeout)
2026.268.03:31:25;"vlbi_tsys(mode_='HOT',time_s=5)
2026.268.03:31:25;"reply from APECS: OK
2026.268.03:31:25;"reply from APECS: OK
2026.268.03:31:25;"reply from APECS: OK
2026.268.03:31:26;"reply from APECS: (timeout)
2026.268.03:31:52;"vlbi_reference_scan()
2026.268.03:31:53;"reply from APECS: (timeout)
2026.268.03:32:27;"source('J2203+3145',cats='user'); go(); track()
2026.268.03:32:28;"reply from APECS: (timeout)
2026.268.03:32:28;"#                      TIME       ran short, ~-1 min 48 sec "gap"
2026.268.03:32:40;"vlbi_scan(t_mins=5)
2026.268.03:32:40;"reply from APECS: OK
2026.268.03:32:41;"reply from APECS: (timeout)
2026.268.03:32:41;"#     scan ends at 2026.268.03:37:40
2026.268.03:32:41;"
2026.268.03:32:41;"# ### Block for BLLAC scan 60 'No0101' at 2026.268.03:43:00 in 320s #############
2026.268.03:40:00;"source('BLLAC',cats='user'); go(); track()
2026.268.03:40:00;"reply from APECS: OK
2026.268.03:40:00;"reply from APECS: OK
2026.268.03:40:01;"reply from APECS: (timeout)
2026.268.03:40:25;"vlbi_tsys()
2026.268.03:40:25;"reply from APECS: OK
2026.268.03:40:25;"reply from APECS: OK
2026.268.03:40:26;"reply from APECS: (timeout)
2026.268.03:41:50;"vlbi_reference_scan()
2026.268.03:41:51;"reply from APECS: (timeout)
2026.268.03:42:25;"source('BLLAC',cats='user'); go(); track()
2026.268.03:42:25;"reply from APECS: OK
2026.268.03:42:26;"reply from APECS: (timeout)
2026.268.03:42:26;"#                      gap        max ~0 min 10 sec
2026.268.03:43:00;"vlbi_scan(t_mins=3)
2026.268.03:43:00;"reply from APECS: OK
2026.268.03:43:01;"reply from APECS: (timeout)
2026.268.03:43:01;"#     scan ends at 2026.268.03:46:00
2026.268.03:43:01;"
2026.268.03:43:01;"# ### Block for J2203+3145 scan 61 'No0102' at 2026.268.03:47:40 in 100s ########
2026.268.03:46:00;"source('J2203+3145',cats='user'); go(); track()
2026.268.03:46:01;"reply from APECS: (timeout)
2026.268.03:46:25;"vlbi_tsys(mode_='HOT',time_s=5)
2026.268.03:46:25;"reply from APECS: OK
2026.268.03:46:25;"reply from APECS: OK
2026.268.03:46:25;"reply from APECS: OK
2026.268.03:46:26;"reply from APECS: (timeout)
2026.268.03:46:52;"vlbi_reference_scan()
2026.268.03:46:53;"reply from APECS: (timeout)
2026.268.03:47:27;"source('J2203+3145',cats='user'); go(); track()
2026.268.03:47:28;"reply from APECS: (timeout)
2026.268.03:47:28;"#                      TIME       ran short, ~-1 min 48 sec "gap"
2026.268.03:47:40;"vlbi_scan(t_mins=6)
2026.268.03:47:40;"reply from APECS: OK
2026.268.03:47:40;"reply from APECS: OK
2026.268.03:47:41;"reply from APECS: (timeout)
2026.268.03:47:41;"#     scan ends at 2026.268.03:53:40
2026.268.03:47:41;"
2026.268.03:47:41;"# ### Block for BLLAC scan 62 'No0105' at 2026.268.04:00:00 in 380s #############
2026.268.03:57:00;"source('BLLAC',cats='user'); go(); track()
2026.268.03:57:00;"reply from APECS: OK
2026.268.03:57:01;"reply from APECS: (timeout)
2026.268.03:57:25;"vlbi_tsys()
2026.268.03:57:25;"reply from APECS: OK
2026.268.03:57:25;"reply from APECS: OK
2026.268.03:57:26;"reply from APECS: (timeout)
2026.268.03:58:50;"vlbi_reference_scan()
2026.268.03:58:51;"reply from APECS: (timeout)
2026.268.03:59:25;"source('BLLAC',cats='user'); go(); track()
2026.268.03:59:25;"reply from APECS: OK
2026.268.03:59:26;"reply from APECS: (timeout)
2026.268.03:59:26;"#                      gap        max ~0 min 10 sec
2026.268.04:00:00;"vlbi_scan(t_mins=3)
2026.268.04:00:00;"reply from APECS: OK
2026.268.04:00:01;"reply from APECS: (timeout)
2026.268.04:00:01;"#     scan ends at 2026.268.04:03:00
2026.268.04:00:01;"
2026.268.04:00:01;"# ### Block for J2203+3145 scan 63 'No0106' at 2026.268.04:06:20 in 200s ########
2026.268.04:03:00;"source('J2203+3145',cats='user'); go(); track()
2026.268.04:03:01;"reply from APECS: (timeout)
2026.268.04:03:25;"vlbi_tsys()
2026.268.04:03:25;"reply from APECS: OK
2026.268.04:03:25;"reply from APECS: OK
2026.268.04:03:25;"reply from APECS: OK
2026.268.04:03:26;"reply from APECS: (timeout)
2026.268.04:04:50;"vlbi_reference_scan()
2026.268.04:04:51;"reply from APECS: (timeout)
2026.268.04:05:25;"source('J2203+3145',cats='user'); go(); track()
2026.268.04:05:25;"reply from APECS: OK
2026.268.04:05:26;"reply from APECS: (timeout)
2026.268.04:05:26;"#                      gap        max ~0 min 30 sec
2026.268.04:06:20;"vlbi_scan(t_mins=6)
2026.268.04:06:20;"reply from APECS: OK
2026.268.04:06:21;"reply from APECS: (timeout)
2026.268.04:06:21;"#     scan ends at 2026.268.04:12:20
2026.268.04:06:21;"
2026.268.04:06:21;"# ### Block for 3C454.3 scan 64 'No0109' at 2026.268.04:20:00 in 460s ###########
2026.268.04:17:00;"source('3C454.3',cats='user'); go(); track()
2026.268.04:17:00;"reply from APECS: OK
2026.268.04:17:01;"reply from APECS: (timeout)
2026.268.04:17:25;"vlbi_tsys()
2026.268.04:17:25;"reply from APECS: OK
2026.268.04:17:25;"reply from APECS: OK
2026.268.04:17:26;"reply from APECS: (timeout)
2026.268.04:18:50;"vlbi_reference_scan()
2026.268.04:18:51;"reply from APECS: (timeout)
2026.268.04:19:25;"source('3C454.3',cats='user'); go(); track()
2026.268.04:19:25;"reply from APECS: OK
2026.268.04:19:26;"reply from APECS: (timeout)
2026.268.04:19:26;"#                      gap        max ~0 min 10 sec
2026.268.04:20:00;"vlbi_scan(t_mins=3)
2026.268.04:20:00;"reply from APECS: OK
2026.268.04:20:01;"reply from APECS: (timeout)
2026.268.04:20:01;"#     scan ends at 2026.268.04:23:00
2026.268.04:20:01;"
2026.268.04:20:01;"# ### Block for J2203+3145 scan 65 'No0110' at 2026.268.04:24:40 in 100s ########
2026.268.04:23:00;"source('J2203+3145',cats='user'); go(); track()
2026.268.04:23:01;"reply from APECS: (timeout)
2026.268.04:23:25;"vlbi_tsys(mode_='HOT',time_s=5)
2026.268.04:23:25;"reply from APECS: OK
2026.268.04:23:25;"reply from APECS: OK
2026.268.04:23:26;"reply from APECS: (timeout)
2026.268.04:23:52;"vlbi_reference_scan()
2026.268.04:23:52;"reply from APECS: OK
2026.268.04:23:53;"reply from APECS: (timeout)
2026.268.04:24:27;"source('J2203+3145',cats='user'); go(); track()
2026.268.04:24:28;"reply from APECS: (timeout)
2026.268.04:24:28;"#                      TIME       ran short, ~-1 min 48 sec "gap"
2026.268.04:24:40;"vlbi_scan(t_mins=7)
2026.268.04:24:40;"reply from APECS: OK
2026.268.04:24:41;"reply from APECS: (timeout)
2026.268.04:24:41;"#     scan ends at 2026.268.04:31:40
2026.268.04:24:41;"
2026.268.04:24:41;"# ### Block for BLLAC scan 66 'No0113' at 2026.268.04:40:00 in 500s #############
2026.268.04:37:00;"source('BLLAC',cats='user'); go(); track()
2026.268.04:37:00;"reply from APECS: OK
2026.268.04:37:00;"reply from APECS: OK
2026.268.04:37:01;"reply from APECS: (timeout)
2026.268.04:37:25;"vlbi_tsys()
2026.268.04:37:25;"reply from APECS: OK
2026.268.04:37:25;"reply from APECS: OK
2026.268.04:37:26;"reply from APECS: (timeout)
2026.268.04:38:50;"vlbi_reference_scan()
2026.268.04:38:51;"reply from APECS: (timeout)
2026.268.04:39:25;"source('BLLAC',cats='user'); go(); track()
2026.268.04:39:25;"reply from APECS: OK
2026.268.04:39:26;"reply from APECS: (timeout)
2026.268.04:39:26;"#                      gap        max ~0 min 10 sec
2026.268.04:40:00;"vlbi_scan(t_mins=3)
2026.268.04:40:00;"reply from APECS: OK
2026.268.04:40:01;"reply from APECS: (timeout)
2026.268.04:40:01;"#     scan ends at 2026.268.04:43:00
2026.268.04:40:01;"
2026.268.04:40:01;"# ### Block for J2203+3145 scan 67 'No0114' at 2026.268.04:44:55 in 115s ########
2026.268.04:43:00;"source('J2203+3145',cats='user'); go(); track()
2026.268.04:43:00;"reply from APECS: OK
2026.268.04:43:01;"reply from APECS: (timeout)
2026.268.04:43:25;"vlbi_tsys()
2026.268.04:43:25;"reply from APECS: OK
2026.268.04:43:25;"reply from APECS: OK
2026.268.04:43:26;"reply from APECS: (timeout)
2026.268.04:44:50;"source('J2203+3145',cats='user'); go(); track()
2026.268.04:44:51;"reply from APECS: (timeout)
2026.268.04:44:51;"#                      TIME       ran short, ~-1 min 40 sec "gap"
2026.268.04:44:55;"vlbi_scan(t_mins=7)
2026.268.04:44:55;"reply from APECS: OK
2026.268.04:44:56;"reply from APECS: (timeout)
2026.268.04:44:56;"#     scan ends at 2026.268.04:51:55
2026.268.04:44:56;"
2026.268.04:44:56;"# ### Block for BLLAC scan 68 'No0117' at 2026.268.05:00:00 in 485s #############
2026.268.04:57:00;"source('BLLAC',cats='user'); go(); track()
2026.268.04:57:00;"reply from APECS: OK
2026.268.04:57:01;"reply from APECS: (timeout)
2026.268.04:57:25;"vlbi_tsys()
2026.268.04:57:25;"reply from APECS: OK
2026.268.04:57:25;"reply from APECS: OK
2026.268.04:57:26;"reply from APECS: (timeout)
2026.268.04:58:50;"vlbi_reference_scan()
2026.268.04:58:51;"reply from APECS: (timeout)
2026.268.04:59:25;"source('BLLAC',cats='user'); go(); track()
2026.268.04:59:25;"reply from APECS: OK
2026.268.04:59:26;"reply from APECS: (timeout)
2026.268.04:59:26;"#                      gap        max ~0 min 10 sec
2026.268.05:00:00;"vlbi_scan(t_mins=3)
2026.268.05:00:00;"reply from APECS: OK
2026.268.05:00:01;"reply from APECS: (timeout)
2026.268.05:00:01;"#     scan ends at 2026.268.05:03:00
2026.268.05:00:01;"
2026.268.05:00:01;"# ### Block for J2203+3145 scan 69 'No0118' at 2026.268.05:06:00 in 180s ########
2026.268.05:03:00;"source('J2203+3145',cats='user'); go(); track()
2026.268.05:03:01;"reply from APECS: (timeout)
2026.268.05:03:25;"vlbi_tsys()
2026.268.05:03:25;"reply from APECS: OK
2026.268.05:03:25;"reply from APECS: OK
2026.268.05:03:25;"reply from APECS: OK
2026.268.05:03:26;"reply from APECS: (timeout)
2026.268.05:04:50;"vlbi_reference_scan()
2026.268.05:04:51;"reply from APECS: (timeout)
2026.268.05:05:25;"source('J2203+3145',cats='user'); go(); track()
2026.268.05:05:25;"reply from APECS: OK
2026.268.05:05:26;"reply from APECS: (timeout)
2026.268.05:05:26;"#                      gap        max ~0 min 10 sec
2026.268.05:06:00;"vlbi_scan(t_mins=7)
2026.268.05:06:00;"reply from APECS: OK
2026.268.05:06:01;"reply from APECS: (timeout)
2026.268.05:06:01;"#     scan ends at 2026.268.05:13:00
2026.268.05:06:01;"
2026.268.05:06:01;"# ### Block for 3C84 scan 70 'No0123' at 2026.268.05:20:01 in 421s ##############
2026.268.05:17:01;"source('3C84',cats='user'); go(); track()
2026.268.05:17:01;"reply from APECS: OK
2026.268.05:17:02;"reply from APECS: (timeout)
2026.268.05:17:26;"vlbi_tsys()
2026.268.05:17:27;"reply from APECS: (timeout)
2026.268.05:18:51;"vlbi_reference_scan()
2026.268.05:18:52;"reply from APECS: (timeout)
2026.268.05:19:26;"source('3C84',cats='user'); go(); track()
2026.268.05:19:27;"reply from APECS: (timeout)
2026.268.05:19:27;"#                      gap        max ~0 min 10 sec
2026.268.05:20:01;"vlbi_scan(t_mins=3)
2026.268.05:20:02;"reply from APECS: (timeout)
2026.268.05:20:02;"#     scan ends at 2026.268.05:23:01
2026.268.05:20:02;"
2026.268.05:20:02;"# ### Block for 3C111 scan 71 'No0124' at 2026.268.05:26:01 in 180s #############
2026.268.05:23:01;"source('3C111',cats='user'); go(); track()
2026.268.05:23:02;"reply from APECS: (timeout)
2026.268.05:23:26;"vlbi_tsys()
2026.268.05:23:27;"reply from APECS: (timeout)
2026.268.05:24:51;"vlbi_reference_scan()
2026.268.05:24:52;"reply from APECS: (timeout)
2026.268.05:25:26;"source('3C111',cats='user'); go(); track()
2026.268.05:25:27;"reply from APECS: (timeout)
2026.268.05:25:27;"#                      gap        max ~0 min 10 sec
2026.268.05:26:01;"vlbi_scan(t_mins=6)
2026.268.05:26:02;"reply from APECS: (timeout)
2026.268.05:26:02;"#     scan ends at 2026.268.05:32:01
2026.268.05:26:02;"
2026.268.05:26:02;"# ### Block for 3C84 scan 72 'No0127' at 2026.268.05:40:01 in 480s ##############
2026.268.05:37:01;"source('3C84',cats='user'); go(); track()
2026.268.05:37:02;"reply from APECS: (timeout)
2026.268.05:37:26;"vlbi_tsys()
2026.268.05:37:26;"reply from APECS: OK
2026.268.05:37:26;"reply from APECS: OK
2026.268.05:37:27;"reply from APECS: (timeout)
2026.268.05:38:51;"vlbi_reference_scan()
2026.268.05:38:52;"reply from APECS: (timeout)
2026.268.05:39:26;"source('3C84',cats='user'); go(); track()
2026.268.05:39:26;"reply from APECS: OK
2026.268.05:39:27;"reply from APECS: (timeout)
2026.268.05:39:27;"#                      gap        max ~0 min 10 sec
2026.268.05:40:01;"vlbi_scan(t_mins=3)
2026.268.05:40:01;"reply from APECS: OK
2026.268.05:40:02;"reply from APECS: (timeout)
2026.268.05:40:02;"#     scan ends at 2026.268.05:43:01
2026.268.05:40:02;"
2026.268.05:40:02;"# ### Block for 3C111 scan 73 'No0128' at 2026.268.05:46:01 in 180s #############
2026.268.05:43:01;"source('3C111',cats='user'); go(); track()
2026.268.05:43:02;"reply from APECS: (timeout)
2026.268.05:43:26;"vlbi_tsys()
2026.268.05:43:26;"reply from APECS: OK
2026.268.05:43:26;"reply from APECS: OK
2026.268.05:43:26;"reply from APECS: OK
2026.268.05:43:27;"reply from APECS: (timeout)
2026.268.05:44:51;"vlbi_reference_scan()
2026.268.05:44:52;"reply from APECS: (timeout)
2026.268.05:45:26;"source('3C111',cats='user'); go(); track()
2026.268.05:45:26;"reply from APECS: OK
2026.268.05:45:27;"reply from APECS: (timeout)
2026.268.05:45:27;"#                      gap        max ~0 min 10 sec
2026.268.05:46:01;"vlbi_scan(t_mins=6)
2026.268.05:46:01;"reply from APECS: OK
2026.268.05:46:02;"reply from APECS: (timeout)
2026.268.05:46:02;"#     scan ends at 2026.268.05:52:01
2026.268.05:46:02;"
2026.268.05:46:02;"# ### Block for 3C84 scan 74 'No0131' at 2026.268.06:00:01 in 480s ##############
2026.268.05:57:01;"source('3C84',cats='user'); go(); track()
2026.268.05:57:01;"reply from APECS: OK
2026.268.05:57:02;"reply from APECS: (timeout)
2026.268.05:57:26;"vlbi_tsys()
2026.268.05:57:26;"reply from APECS: OK
2026.268.05:57:26;"reply from APECS: OK
2026.268.05:57:27;"reply from APECS: (timeout)
2026.268.05:58:51;"vlbi_reference_scan()
2026.268.05:58:52;"reply from APECS: (timeout)
2026.268.05:59:26;"source('3C84',cats='user'); go(); track()
2026.268.05:59:26;"reply from APECS: OK
2026.268.05:59:27;"reply from APECS: (timeout)
2026.268.05:59:27;"#                      gap        max ~0 min 10 sec
2026.268.06:00:01;"vlbi_scan(t_mins=3)
2026.268.06:00:01;"reply from APECS: OK
2026.268.06:00:02;"reply from APECS: (timeout)
2026.268.06:00:02;"#     scan ends at 2026.268.06:03:01
2026.268.06:00:02;"
2026.268.06:00:02;"# ### Block for 3C111 scan 75 'No0132' at 2026.268.06:06:01 in 180s #############
2026.268.06:03:01;"source('3C111',cats='user'); go(); track()
2026.268.06:03:02;"reply from APECS: (timeout)
2026.268.06:03:26;"vlbi_tsys()
2026.268.06:03:26;"reply from APECS: OK
2026.268.06:03:26;"reply from APECS: OK
2026.268.06:03:27;"reply from APECS: (timeout)
2026.268.06:04:51;"vlbi_reference_scan()
2026.268.06:04:51;"reply from APECS: OK
2026.268.06:04:52;"reply from APECS: (timeout)
2026.268.06:05:26;"source('3C111',cats='user'); go(); track()
2026.268.06:05:26;"reply from APECS: OK
2026.268.06:05:27;"reply from APECS: (timeout)
2026.268.06:05:27;"#                      gap        max ~0 min 10 sec
2026.268.06:06:01;"vlbi_scan(t_mins=6)
2026.268.06:06:01;"reply from APECS: OK
2026.268.06:06:02;"reply from APECS: (timeout)
2026.268.06:06:02;"#     scan ends at 2026.268.06:12:01
2026.268.06:06:02;"
2026.268.06:06:02;"# ### Block for 3C84 scan 76 'No0135' at 2026.268.06:20:01 in 480s ##############
2026.268.06:17:01;"source('3C84',cats='user'); go(); track()
2026.268.06:17:01;"reply from APECS: OK
2026.268.06:17:02;"reply from APECS: (timeout)
2026.268.06:17:26;"vlbi_tsys()
2026.268.06:17:26;"reply from APECS: OK
2026.268.06:17:26;"reply from APECS: OK
2026.268.06:17:27;"reply from APECS: (timeout)
2026.268.06:18:51;"vlbi_reference_scan()
2026.268.06:18:52;"reply from APECS: (timeout)
2026.268.06:19:26;"source('3C84',cats='user'); go(); track()
2026.268.06:19:26;"reply from APECS: OK
2026.268.06:19:27;"reply from APECS: (timeout)
2026.268.06:19:27;"#                      gap        max ~0 min 10 sec
2026.268.06:20:01;"vlbi_scan(t_mins=3)
2026.268.06:20:01;"reply from APECS: OK
2026.268.06:20:02;"reply from APECS: (timeout)
2026.268.06:20:02;"#     scan ends at 2026.268.06:23:01
2026.268.06:20:02;"
2026.268.06:20:02;"# ### Block for 3C111 scan 77 'No0136' at 2026.268.06:26:01 in 180s #############
2026.268.06:23:01;"source('3C111',cats='user'); go(); track()
2026.268.06:23:02;"reply from APECS: (timeout)
2026.268.06:23:26;"vlbi_tsys()
2026.268.06:23:26;"reply from APECS: OK
2026.268.06:23:26;"reply from APECS: OK
2026.268.06:23:26;"reply from APECS: OK
2026.268.06:23:27;"reply from APECS: (timeout)
2026.268.06:24:51;"vlbi_reference_scan()
2026.268.06:24:52;"reply from APECS: (timeout)
2026.268.06:25:26;"source('3C111',cats='user'); go(); track()
2026.268.06:25:26;"reply from APECS: OK
2026.268.06:25:27;"reply from APECS: (timeout)
2026.268.06:25:27;"#                      gap        max ~0 min 10 sec
2026.268.06:26:01;"vlbi_scan(t_mins=6)
2026.268.06:26:01;"reply from APECS: OK
2026.268.06:26:02;"reply from APECS: (timeout)
2026.268.06:26:02;"#     scan ends at 2026.268.06:32:01
2026.268.06:26:02;"
2026.268.06:26:02;"# ### Block for 3C84 scan 78 'No0139' at 2026.268.06:40:01 in 480s ##############
2026.268.06:37:01;"source('3C84',cats='user'); go(); track()
2026.268.06:37:01;"reply from APECS: OK
2026.268.06:37:02;"reply from APECS: (timeout)
2026.268.06:37:26;"vlbi_tsys()
2026.268.06:37:26;"reply from APECS: OK
2026.268.06:37:26;"reply from APECS: OK
2026.268.06:37:27;"reply from APECS: (timeout)
2026.268.06:38:51;"vlbi_reference_scan()
2026.268.06:38:52;"reply from APECS: (timeout)
2026.268.06:39:26;"source('3C84',cats='user'); go(); track()
2026.268.06:39:26;"reply from APECS: OK
2026.268.06:39:27;"reply from APECS: (timeout)
2026.268.06:39:27;"#                      gap        max ~0 min 10 sec
2026.268.06:40:01;"vlbi_scan(t_mins=3)
2026.268.06:40:01;"reply from APECS: OK
2026.268.06:40:02;"reply from APECS: (timeout)
2026.268.06:40:02;"#     scan ends at 2026.268.06:43:01
2026.268.06:40:02;"
2026.268.06:40:02;"# ### Block for 3C111 scan 79 'No0140' at 2026.268.06:46:01 in 180s #############
2026.268.06:43:01;"source('3C111',cats='user'); go(); track()
2026.268.06:43:02;"reply from APECS: (timeout)
2026.268.06:43:26;"vlbi_tsys()
2026.268.06:43:26;"reply from APECS: OK
2026.268.06:43:26;"reply from APECS: OK
2026.268.06:43:26;"reply from APECS: OK
2026.268.06:43:27;"reply from APECS: (timeout)
2026.268.06:44:51;"vlbi_reference_scan()
2026.268.06:44:52;"reply from APECS: (timeout)
2026.268.06:45:26;"source('3C111',cats='user'); go(); track()
2026.268.06:45:26;"reply from APECS: OK
2026.268.06:45:27;"reply from APECS: (timeout)
2026.268.06:45:27;"#                      gap        max ~0 min 10 sec
2026.268.06:46:01;"vlbi_scan(t_mins=6)
2026.268.06:46:01;"reply from APECS: OK
2026.268.06:46:02;"reply from APECS: (timeout)
2026.268.06:46:02;"#     scan ends at 2026.268.06:52:01
2026.268.06:46:02;"
2026.268.06:46:02;"# ### Block for 3C84 scan 80 'No0143' at 2026.268.07:00:01 in 480s ##############
2026.268.06:57:01;"source('3C84',cats='user'); go(); track()
2026.268.06:57:01;"reply from APECS: OK
2026.268.06:57:02;"reply from APECS: (timeout)
2026.268.06:57:26;"vlbi_tsys()
2026.268.06:57:26;"reply from APECS: OK
2026.268.06:57:26;"reply from APECS: OK
2026.268.06:57:27;"reply from APECS: (timeout)
2026.268.06:58:51;"vlbi_reference_scan()
2026.268.06:58:52;"reply from APECS: (timeout)
2026.268.06:59:26;"source('3C84',cats='user'); go(); track()
2026.268.06:59:26;"reply from APECS: OK
2026.268.06:59:27;"reply from APECS: (timeout)
2026.268.06:59:27;"#                      gap        max ~0 min 10 sec
2026.268.07:00:01;"vlbi_scan(t_mins=3)
2026.268.07:00:01;"reply from APECS: OK
2026.268.07:00:02;"reply from APECS: (timeout)
2026.268.07:00:02;"#     scan ends at 2026.268.07:03:01
2026.268.07:00:02;"
2026.268.07:00:02;"# ### Block for 3C111 scan 81 'No0144' at 2026.268.07:06:01 in 180s #############
2026.268.07:03:01;"source('3C111',cats='user'); go(); track()
2026.268.07:03:02;"reply from APECS: (timeout)
2026.268.07:03:26;"vlbi_tsys()
2026.268.07:03:26;"reply from APECS: OK
2026.268.07:03:26;"reply from APECS: OK
2026.268.07:03:26;"reply from APECS: OK
2026.268.07:03:27;"reply from APECS: (timeout)
2026.268.07:04:51;"vlbi_reference_scan()
2026.268.07:04:52;"reply from APECS: (timeout)
2026.268.07:05:26;"source('3C111',cats='user'); go(); track()
2026.268.07:05:26;"reply from APECS: OK
2026.268.07:05:27;"reply from APECS: (timeout)
2026.268.07:05:27;"#                      gap        max ~0 min 10 sec
2026.268.07:06:01;"vlbi_scan(t_mins=6)
2026.268.07:06:01;"reply from APECS: OK
2026.268.07:06:02;"reply from APECS: (timeout)
2026.268.07:06:02;"#     scan ends at 2026.268.07:12:01
2026.268.07:06:02;"
2026.268.07:06:02;"# ### Block for 3C84 scan 82 'No0147' at 2026.268.07:20:01 in 480s ##############
2026.268.07:17:01;"source('3C84',cats='user'); go(); track()
2026.268.07:17:01;"reply from APECS: OK
2026.268.07:17:02;"reply from APECS: (timeout)
2026.268.07:17:26;"vlbi_tsys()
2026.268.07:17:26;"reply from APECS: OK
2026.268.07:17:26;"reply from APECS: OK
2026.268.07:17:27;"reply from APECS: (timeout)
2026.268.07:18:51;"vlbi_reference_scan()
2026.268.07:18:52;"reply from APECS: (timeout)
2026.268.07:19:26;"source('3C84',cats='user'); go(); track()
2026.268.07:19:26;"reply from APECS: OK
2026.268.07:19:27;"reply from APECS: (timeout)
2026.268.07:19:27;"#                      gap        max ~0 min 10 sec
2026.268.07:20:01;"vlbi_scan(t_mins=3)
2026.268.07:20:01;"reply from APECS: OK
2026.268.07:20:02;"reply from APECS: (timeout)
2026.268.07:20:02;"#     scan ends at 2026.268.07:23:01
2026.268.07:20:02;"
2026.268.07:20:02;"# ### Block for 3C111 scan 83 'No0148' at 2026.268.07:26:01 in 180s #############
2026.268.07:23:01;"source('3C111',cats='user'); go(); track()
2026.268.07:23:02;"reply from APECS: (timeout)
2026.268.07:23:26;"vlbi_tsys()
2026.268.07:23:26;"reply from APECS: OK
2026.268.07:23:26;"reply from APECS: OK
2026.268.07:23:26;"reply from APECS: OK
2026.268.07:23:27;"reply from APECS: (timeout)
2026.268.07:24:51;"vlbi_reference_scan()
2026.268.07:24:52;"reply from APECS: (timeout)
2026.268.07:25:26;"source('3C111',cats='user'); go(); track()
2026.268.07:25:26;"reply from APECS: OK
2026.268.07:25:27;"reply from APECS: (timeout)
2026.268.07:25:27;"#                      gap        max ~0 min 10 sec
2026.268.07:26:01;"vlbi_scan(t_mins=6)
2026.268.07:26:01;"reply from APECS: OK
2026.268.07:26:02;"reply from APECS: (timeout)
2026.268.07:26:02;"#     scan ends at 2026.268.07:32:01
2026.268.07:26:02;"
2026.268.07:26:02;"# ### Block for 3C84 scan 84 'No0151' at 2026.268.07:40:01 in 480s ##############
2026.268.07:37:01;"source('3C84',cats='user'); go(); track()
2026.268.07:37:01;"reply from APECS: OK
2026.268.07:37:02;"reply from APECS: (timeout)
2026.268.07:37:26;"vlbi_tsys()
2026.268.07:37:26;"reply from APECS: OK
2026.268.07:37:26;"reply from APECS: OK
2026.268.07:37:27;"reply from APECS: (timeout)
2026.268.07:38:51;"vlbi_reference_scan()
2026.268.07:38:52;"reply from APECS: (timeout)
2026.268.07:39:26;"source('3C84',cats='user'); go(); track()
2026.268.07:39:26;"reply from APECS: OK
2026.268.07:39:27;"reply from APECS: (timeout)
2026.268.07:39:27;"#                      gap        max ~0 min 10 sec
2026.268.07:40:01;"vlbi_scan(t_mins=3)
2026.268.07:40:01;"reply from APECS: OK
2026.268.07:40:02;"reply from APECS: (timeout)
2026.268.07:40:02;"#     scan ends at 2026.268.07:43:01
2026.268.07:40:02;"
2026.268.07:40:02;"# ### Block for 3C111 scan 85 'No0152' at 2026.268.07:46:01 in 180s #############
2026.268.07:43:01;"source('3C111',cats='user'); go(); track()
2026.268.07:43:02;"reply from APECS: (timeout)
2026.268.07:43:26;"vlbi_tsys()
2026.268.07:43:26;"reply from APECS: OK
2026.268.07:43:27;"reply from APECS: (timeout)
2026.268.07:44:51;"vlbi_reference_scan()
2026.268.07:44:51;"reply from APECS: OK
2026.268.07:44:51;"reply from APECS: OK
2026.268.07:44:52;"reply from APECS: (timeout)
2026.268.07:45:26;"source('3C111',cats='user'); go(); track()
2026.268.07:45:26;"reply from APECS: OK
2026.268.07:45:27;"reply from APECS: (timeout)
2026.268.07:45:27;"#                      gap        max ~0 min 10 sec
2026.268.07:46:01;"vlbi_scan(t_mins=6)
2026.268.07:46:01;"reply from APECS: OK
2026.268.07:46:02;"reply from APECS: (timeout)
2026.268.07:46:02;"#     scan ends at 2026.268.07:52:01
2026.268.07:46:02;"
2026.268.07:46:02;"# ### Block for 3C84 scan 86 'No0155' at 2026.268.08:00:01 in 480s ##############
2026.268.07:57:01;"source('3C84',cats='user'); go(); track()
2026.268.07:57:01;"reply from APECS: OK
2026.268.07:57:02;"reply from APECS: (timeout)
2026.268.07:57:26;"vlbi_tsys()
2026.268.07:57:26;"reply from APECS: OK
2026.268.07:57:26;"reply from APECS: OK
2026.268.07:57:27;"reply from APECS: (timeout)
2026.268.07:58:51;"vlbi_reference_scan()
2026.268.07:58:52;"reply from APECS: (timeout)
2026.268.07:59:26;"source('3C84',cats='user'); go(); track()
2026.268.07:59:26;"reply from APECS: OK
2026.268.07:59:27;"reply from APECS: (timeout)
2026.268.07:59:27;"#                      gap        max ~0 min 10 sec
2026.268.08:00:01;"vlbi_scan(t_mins=3)
2026.268.08:00:01;"reply from APECS: OK
2026.268.08:00:02;"reply from APECS: (timeout)
2026.268.08:00:02;"#     scan ends at 2026.268.08:03:01
2026.268.08:00:02;"
2026.268.08:00:02;"# ### Block for 3C111 scan 87 'No0156' at 2026.268.08:06:01 in 180s #############
2026.268.08:03:01;"source('3C111',cats='user'); go(); track()
2026.268.08:03:02;"reply from APECS: (timeout)
2026.268.08:03:26;"vlbi_tsys()
2026.268.08:03:26;"reply from APECS: OK
2026.268.08:03:26;"reply from APECS: OK
2026.268.08:03:26;"reply from APECS: OK
2026.268.08:03:27;"reply from APECS: (timeout)
2026.268.08:04:51;"vlbi_reference_scan()
2026.268.08:04:52;"reply from APECS: (timeout)
2026.268.08:05:26;"source('3C111',cats='user'); go(); track()
2026.268.08:05:26;"reply from APECS: OK
2026.268.08:05:27;"reply from APECS: (timeout)
2026.268.08:05:27;"#                      gap        max ~0 min 10 sec
2026.268.08:06:01;"vlbi_scan(t_mins=6)
2026.268.08:06:01;"reply from APECS: OK
2026.268.08:06:02;"reply from APECS: (timeout)
2026.268.08:06:02;"#     scan ends at 2026.268.08:12:01
2026.268.08:06:02;"
2026.268.08:06:02;"# ### Block for 3C84 scan 88 'No0161' at 2026.268.08:20:01 in 480s ##############
2026.268.08:17:01;"source('3C84',cats='user'); go(); track()
2026.268.08:17:01;"reply from APECS: OK
2026.268.08:17:02;"reply from APECS: (timeout)
2026.268.08:17:26;"vlbi_tsys()
2026.268.08:17:26;"reply from APECS: OK
2026.268.08:17:26;"reply from APECS: OK
2026.268.08:17:27;"reply from APECS: (timeout)
2026.268.08:18:51;"vlbi_reference_scan()
2026.268.08:18:52;"reply from APECS: (timeout)
2026.268.08:19:26;"source('3C84',cats='user'); go(); track()
2026.268.08:19:26;"reply from APECS: OK
2026.268.08:19:27;"reply from APECS: (timeout)
2026.268.08:19:27;"#                      gap        max ~0 min 10 sec
2026.268.08:20:01;"vlbi_scan(t_mins=3)
2026.268.08:20:01;"reply from APECS: OK
2026.268.08:20:02;"reply from APECS: (timeout)
2026.268.08:20:02;"#     scan ends at 2026.268.08:23:01
2026.268.08:20:02;"
2026.268.08:20:02;"# ### Block for 3C111 scan 89 'No0162' at 2026.268.08:26:01 in 180s #############
2026.268.08:23:01;"source('3C111',cats='user'); go(); track()
2026.268.08:23:02;"reply from APECS: (timeout)
2026.268.08:23:26;"vlbi_tsys()
2026.268.08:23:26;"reply from APECS: OK
2026.268.08:23:26;"reply from APECS: OK
2026.268.08:23:26;"reply from APECS: OK
2026.268.08:23:27;"reply from APECS: (timeout)
2026.268.08:24:51;"vlbi_reference_scan()
2026.268.08:24:52;"reply from APECS: (timeout)
2026.268.08:25:26;"source('3C111',cats='user'); go(); track()
2026.268.08:25:26;"reply from APECS: OK
2026.268.08:25:27;"reply from APECS: (timeout)
2026.268.08:25:27;"#                      gap        max ~0 min 10 sec
2026.268.08:26:01;"vlbi_scan(t_mins=6)
2026.268.08:26:01;"reply from APECS: OK
2026.268.08:26:02;"reply from APECS: (timeout)
2026.268.08:26:02;"#     scan ends at 2026.268.08:32:01
2026.268.08:26:02;"
2026.268.08:26:02;"# ### Block for 3C84 scan 90 'No0167' at 2026.268.08:40:01 in 480s ##############
2026.268.08:37:01;"source('3C84',cats='user'); go(); track()
2026.268.08:37:01;"reply from APECS: OK
2026.268.08:37:02;"reply from APECS: (timeout)
2026.268.08:37:26;"vlbi_tsys()
2026.268.08:37:26;"reply from APECS: OK
2026.268.08:37:26;"reply from APECS: OK
2026.268.08:37:27;"reply from APECS: (timeout)
2026.268.08:38:51;"vlbi_reference_scan()
2026.268.08:38:52;"reply from APECS: (timeout)
2026.268.08:39:26;"source('3C84',cats='user'); go(); track()
2026.268.08:39:26;"reply from APECS: OK
2026.268.08:39:27;"reply from APECS: (timeout)
2026.268.08:39:27;"#                      gap        max ~0 min 10 sec
2026.268.08:40:01;"vlbi_scan(t_mins=3)
2026.268.08:40:01;"reply from APECS: OK
2026.268.08:40:02;"reply from APECS: (timeout)
2026.268.08:40:02;"#     scan ends at 2026.268.08:43:01
2026.268.08:40:02;"
2026.268.08:40:02;"# ### Block for 3C111 scan 91 'No0168' at 2026.268.08:46:01 in 180s #############
2026.268.08:43:01;"source('3C111',cats='user'); go(); track()
2026.268.08:43:02;"reply from APECS: (timeout)
2026.268.08:43:26;"vlbi_tsys()
2026.268.08:43:26;"reply from APECS: OK
2026.268.08:43:26;"reply from APECS: OK
2026.268.08:43:26;"reply from APECS: OK
2026.268.08:43:27;"reply from APECS: (timeout)
2026.268.08:44:51;"vlbi_reference_scan()
2026.268.08:44:52;"reply from APECS: (timeout)
2026.268.08:45:26;"source('3C111',cats='user'); go(); track()
2026.268.08:45:26;"reply from APECS: OK
2026.268.08:45:27;"reply from APECS: (timeout)
2026.268.08:45:27;"#                      gap        max ~0 min 10 sec
2026.268.08:46:01;"vlbi_scan(t_mins=6)
2026.268.08:46:01;"reply from APECS: OK
2026.268.08:46:02;"reply from APECS: (timeout)
2026.268.08:46:02;"#     scan ends at 2026.268.08:52:01
2026.268.08:46:02;"
2026.268.08:46:02;"# ### Block for 3C84 scan 92 'No0171' at 2026.268.09:00:00 in 479s ##############
2026.268.08:57:00;"source('3C84',cats='user'); go(); track()
2026.268.08:57:00;"reply from APECS: OK
2026.268.08:57:01;"reply from APECS: (timeout)
2026.268.08:57:25;"vlbi_tsys()
2026.268.08:57:25;"reply from APECS: OK
2026.268.08:57:25;"reply from APECS: OK
2026.268.08:57:26;"reply from APECS: (timeout)
2026.268.08:58:50;"vlbi_reference_scan()
2026.268.08:58:51;"reply from APECS: (timeout)
2026.268.08:59:25;"source('3C84',cats='user'); go(); track()
2026.268.08:59:25;"reply from APECS: OK
2026.268.08:59:26;"reply from APECS: (timeout)
2026.268.08:59:26;"#                      gap        max ~0 min 10 sec
2026.268.09:00:00;"vlbi_scan(t_mins=3)
2026.268.09:00:00;"reply from APECS: OK
2026.268.09:00:01;"reply from APECS: (timeout)
2026.268.09:00:01;"#     scan ends at 2026.268.09:03:00
2026.268.09:00:01;"
2026.268.09:00:01;"# ### Block for 3C111 scan 93 'No0172' at 2026.268.09:06:00 in 180s #############
2026.268.09:03:00;"source('3C111',cats='user'); go(); track()
2026.268.09:03:01;"reply from APECS: (timeout)
2026.268.09:03:25;"vlbi_tsys()
2026.268.09:03:25;"reply from APECS: OK
2026.268.09:03:25;"reply from APECS: OK
2026.268.09:03:25;"reply from APECS: OK
2026.268.09:03:26;"reply from APECS: (timeout)
2026.268.09:04:50;"vlbi_reference_scan()
2026.268.09:04:51;"reply from APECS: (timeout)
2026.268.09:05:25;"source('3C111',cats='user'); go(); track()
2026.268.09:05:25;"reply from APECS: OK
2026.268.09:05:26;"reply from APECS: (timeout)
2026.268.09:05:26;"#                      gap        max ~0 min 10 sec
2026.268.09:06:00;"vlbi_scan(t_mins=6)
2026.268.09:06:00;"reply from APECS: OK
2026.268.09:06:01;"reply from APECS: (timeout)
2026.268.09:06:01;"#     scan ends at 2026.268.09:12:00
2026.268.09:06:01;"
2026.268.09:06:01;"# ### Block for 3C84 scan 94 'No0175' at 2026.268.09:20:00 in 480s ##############
2026.268.09:17:00;"source('3C84',cats='user'); go(); track()
2026.268.09:17:00;"reply from APECS: OK
2026.268.09:17:01;"reply from APECS: (timeout)
2026.268.09:17:25;"vlbi_tsys()
2026.268.09:17:25;"reply from APECS: OK
2026.268.09:17:26;"reply from APECS: (timeout)
2026.268.09:18:50;"vlbi_reference_scan()
2026.268.09:18:51;"reply from APECS: (timeout)
2026.268.09:19:25;"source('3C84',cats='user'); go(); track()
2026.268.09:19:25;"reply from APECS: OK
2026.268.09:19:26;"reply from APECS: (timeout)
2026.268.09:19:26;"#                      gap        max ~0 min 10 sec
2026.268.09:20:00;"vlbi_scan(t_mins=3)
2026.268.09:20:00;"reply from APECS: OK
2026.268.09:20:01;"reply from APECS: (timeout)
2026.268.09:20:01;"#     scan ends at 2026.268.09:23:00
2026.268.09:20:01;"
2026.268.09:20:01;"# ### Block for 3C111 scan 95 'No0176' at 2026.268.09:26:00 in 180s #############
2026.268.09:23:00;"source('3C111',cats='user'); go(); track()
2026.268.09:23:01;"reply from APECS: OK
2026.268.09:23:02;"reply from APECS: (timeout)
2026.268.09:23:25;"vlbi_tsys()
2026.268.09:23:25;"reply from APECS: OK
2026.268.09:23:25;"reply from APECS: OK
2026.268.09:23:26;"reply from APECS: (timeout)
2026.268.09:24:50;"vlbi_reference_scan()
2026.268.09:24:51;"reply from APECS: (timeout)
2026.268.09:25:25;"source('3C111',cats='user'); go(); track()
2026.268.09:25:25;"reply from APECS: OK
2026.268.09:25:26;"reply from APECS: (timeout)
2026.268.09:25:26;"#                      gap        max ~0 min 10 sec
2026.268.09:26:00;"vlbi_scan(t_mins=6)
2026.268.09:26:00;"reply from APECS: OK
2026.268.09:26:01;"reply from APECS: (timeout)
2026.268.09:26:01;"#     scan ends at 2026.268.09:32:00
2026.268.09:26:01;"
2026.268.09:26:01;"# ### Block for 3C84 scan 96 'No0179' at 2026.268.09:40:00 in 480s ##############
2026.268.09:37:00;"source('3C84',cats='user'); go(); track()
2026.268.09:37:00;"reply from APECS: OK
2026.268.09:37:01;"reply from APECS: (timeout)
2026.268.09:37:25;"vlbi_tsys()
2026.268.09:37:25;"reply from APECS: OK
2026.268.09:37:25;"reply from APECS: OK
2026.268.09:37:26;"reply from APECS: (timeout)
2026.268.09:38:50;"vlbi_reference_scan()
2026.268.09:38:51;"reply from APECS: (timeout)
2026.268.09:39:25;"source('3C84',cats='user'); go(); track()
2026.268.09:39:25;"reply from APECS: OK
2026.268.09:39:26;"reply from APECS: (timeout)
2026.268.09:39:26;"#                      gap        max ~0 min 10 sec
2026.268.09:40:00;"vlbi_scan(t_mins=3)
2026.268.09:40:00;"reply from APECS: OK
2026.268.09:40:01;"reply from APECS: (timeout)
2026.268.09:40:01;"#     scan ends at 2026.268.09:43:00
2026.268.09:40:01;"
2026.268.09:40:01;"# ### Block for 3C111 scan 97 'No0180' at 2026.268.09:46:00 in 180s #############
2026.268.09:43:00;"source('3C111',cats='user'); go(); track()
2026.268.09:43:01;"reply from APECS: (timeout)
2026.268.09:43:25;"vlbi_tsys()
2026.268.09:43:25;"reply from APECS: OK
2026.268.09:43:25;"reply from APECS: OK
2026.268.09:43:25;"reply from APECS: OK
2026.268.09:43:26;"reply from APECS: (timeout)
2026.268.09:44:50;"vlbi_reference_scan()
2026.268.09:44:51;"reply from APECS: (timeout)
2026.268.09:45:25;"source('3C111',cats='user'); go(); track()
2026.268.09:45:25;"reply from APECS: OK
2026.268.09:45:26;"reply from APECS: (timeout)
2026.268.09:45:26;"#                      gap        max ~0 min 10 sec
2026.268.09:46:00;"vlbi_scan(t_mins=6)
2026.268.09:46:00;"reply from APECS: OK
2026.268.09:46:01;"reply from APECS: (timeout)
2026.268.09:46:01;"#     scan ends at 2026.268.09:52:00
2026.268.09:46:01;"
2026.268.09:46:01;"# ### Block for 3C84 scan 98 'No0183' at 2026.268.10:00:00 in 480s ##############
2026.268.09:57:00;"source('3C84',cats='user'); go(); track()
2026.268.09:57:00;"reply from APECS: OK
2026.268.09:57:01;"reply from APECS: (timeout)
2026.268.09:57:25;"vlbi_tsys()
2026.268.09:57:25;"reply from APECS: OK
2026.268.09:57:25;"reply from APECS: OK
2026.268.09:57:26;"reply from APECS: (timeout)
2026.268.09:58:50;"vlbi_reference_scan()
2026.268.09:58:51;"reply from APECS: (timeout)
2026.268.09:59:25;"source('3C84',cats='user'); go(); track()
2026.268.09:59:25;"reply from APECS: OK
2026.268.09:59:26;"reply from APECS: (timeout)
2026.268.09:59:26;"#                      gap        max ~0 min 10 sec
2026.268.10:00:00;"vlbi_scan(t_mins=3)
2026.268.10:00:00;"reply from APECS: OK
2026.268.10:00:01;"reply from APECS: (timeout)
2026.268.10:00:01;"#     scan ends at 2026.268.10:03:00
2026.268.10:00:01;"
2026.268.10:00:01;"# ### Block for 3C111 scan 99 'No0184' at 2026.268.10:06:00 in 180s #############
2026.268.10:03:00;"source('3C111',cats='user'); go(); track()
2026.268.10:03:01;"reply from APECS: (timeout)
2026.268.10:03:25;"vlbi_tsys()
2026.268.10:03:25;"reply from APECS: OK
2026.268.10:03:25;"reply from APECS: OK
2026.268.10:03:26;"reply from APECS: (timeout)
2026.268.10:04:50;"vlbi_reference_scan()
2026.268.10:04:50;"reply from APECS: OK
2026.268.10:04:51;"reply from APECS: (timeout)
2026.268.10:05:25;"source('3C111',cats='user'); go(); track()
2026.268.10:05:25;"reply from APECS: OK
2026.268.10:05:26;"reply from APECS: (timeout)
2026.268.10:05:26;"#                      gap        max ~0 min 10 sec
2026.268.10:06:00;"vlbi_scan(t_mins=6)
2026.268.10:06:00;"reply from APECS: OK
2026.268.10:06:01;"reply from APECS: (timeout)
2026.268.10:06:01;"#     scan ends at 2026.268.10:12:00
2026.268.10:06:01;"
2026.268.10:06:01;"# ### Block for 3C84 scan 100 'No0187' at 2026.268.10:20:00 in 480s #############
2026.268.10:17:00;"source('3C84',cats='user'); go(); track()
2026.268.10:17:00;"reply from APECS: OK
2026.268.10:17:01;"reply from APECS: (timeout)
2026.268.10:17:25;"vlbi_tsys()
2026.268.10:17:25;"reply from APECS: OK
2026.268.10:17:25;"reply from APECS: OK
2026.268.10:17:26;"reply from APECS: (timeout)
2026.268.10:18:50;"vlbi_reference_scan()
2026.268.10:18:51;"reply from APECS: (timeout)
2026.268.10:19:25;"source('3C84',cats='user'); go(); track()
2026.268.10:19:25;"reply from APECS: OK
2026.268.10:19:26;"reply from APECS: (timeout)
2026.268.10:19:26;"#                      gap        max ~0 min 10 sec
2026.268.10:20:00;"vlbi_scan(t_mins=3)
2026.268.10:20:00;"reply from APECS: OK
2026.268.10:20:01;"reply from APECS: (timeout)
2026.268.10:20:01;"#     scan ends at 2026.268.10:23:00
2026.268.10:20:01;"
2026.268.10:20:01;"# ### Block for 3C111 scan 101 'No0188' at 2026.268.10:26:00 in 180s ############
2026.268.10:23:00;"source('3C111',cats='user'); go(); track()
2026.268.10:23:01;"reply from APECS: (timeout)
2026.268.10:23:25;"vlbi_tsys()
2026.268.10:23:25;"reply from APECS: OK
2026.268.10:23:26;"reply from APECS: (timeout)
2026.268.10:24:50;"vlbi_reference_scan()
2026.268.10:24:50;"reply from APECS: OK
2026.268.10:24:50;"reply from APECS: OK
2026.268.10:24:51;"reply from APECS: (timeout)
2026.268.10:25:25;"source('3C111',cats='user'); go(); track()
2026.268.10:25:25;"reply from APECS: OK
2026.268.10:25:26;"reply from APECS: (timeout)
2026.268.10:25:26;"#                      gap        max ~0 min 10 sec
2026.268.10:26:00;"vlbi_scan(t_mins=6)
2026.268.10:26:00;"reply from APECS: OK
2026.268.10:26:01;"reply from APECS: (timeout)
2026.268.10:26:01;"#     scan ends at 2026.268.10:32:00
2026.268.10:26:01;"
2026.268.10:26:01;"# ### Block for 3C84 scan 102 'No0191' at 2026.268.10:40:00 in 480s #############
2026.268.10:37:00;"source('3C84',cats='user'); go(); track()
2026.268.10:37:00;"reply from APECS: OK
2026.268.10:37:01;"reply from APECS: (timeout)
2026.268.10:37:25;"vlbi_tsys()
2026.268.10:37:25;"reply from APECS: OK
2026.268.10:37:25;"reply from APECS: OK
2026.268.10:37:26;"reply from APECS: (timeout)
2026.268.10:38:50;"vlbi_reference_scan()
2026.268.10:38:51;"reply from APECS: (timeout)
2026.268.10:39:25;"source('3C84',cats='user'); go(); track()
2026.268.10:39:25;"reply from APECS: OK
2026.268.10:39:26;"reply from APECS: (timeout)
2026.268.10:39:26;"#                      gap        max ~0 min 10 sec
2026.268.10:40:00;"vlbi_scan(t_mins=3)
2026.268.10:40:00;"reply from APECS: OK
2026.268.10:40:01;"reply from APECS: (timeout)
2026.268.10:40:01;"#     scan ends at 2026.268.10:43:00
2026.268.10:40:01;"
2026.268.10:40:01;"# ### Block for 3C111 scan 103 'No0192' at 2026.268.10:46:00 in 180s ############
2026.268.10:43:00;"source('3C111',cats='user'); go(); track()
2026.268.10:43:01;"reply from APECS: (timeout)
2026.268.10:43:25;"vlbi_tsys()
2026.268.10:43:25;"reply from APECS: OK
2026.268.10:43:25;"reply from APECS: OK
2026.268.10:43:26;"reply from APECS: (timeout)
2026.268.10:44:50;"vlbi_reference_scan()
2026.268.10:44:50;"reply from APECS: OK
2026.268.10:44:51;"reply from APECS: (timeout)
2026.268.10:45:25;"source('3C111',cats='user'); go(); track()
2026.268.10:45:26;"reply from APECS: (timeout)
2026.268.10:45:26;"#                      gap        max ~0 min 10 sec
2026.268.10:46:00;"vlbi_scan(t_mins=6)
2026.268.10:46:01;"reply from APECS: (timeout)
2026.268.10:46:01;"#     scan ends at 2026.268.10:52:00
2026.268.10:46:01;"
2026.268.10:46:01;"# ### Block for J0750+1231 scan 104 'No0197' at 2026.268.11:00:01 in 481s #######
2026.268.10:57:01;"source('J0750+1231',cats='user'); go(); track()
2026.268.10:57:02;"reply from APECS: (timeout)
2026.268.10:57:26;"vlbi_tsys()
2026.268.10:57:26;"reply from APECS: OK
2026.268.10:57:26;"reply from APECS: OK
2026.268.10:57:27;"reply from APECS: (timeout)
2026.268.10:58:51;"vlbi_reference_scan()
2026.268.10:58:52;"reply from APECS: (timeout)
2026.268.10:59:26;"source('J0750+1231',cats='user'); go(); track()
2026.268.10:59:26;"reply from APECS: OK
2026.268.10:59:27;"reply from APECS: (timeout)
2026.268.10:59:27;"#                      gap        max ~0 min 10 sec
2026.268.11:00:01;"vlbi_scan(t_mins=3)
2026.268.11:00:01;"reply from APECS: OK
2026.268.11:00:02;"reply from APECS: (timeout)
2026.268.11:00:02;"#     scan ends at 2026.268.11:03:01
2026.268.11:00:02;"
2026.268.11:00:02;"# ### Block for J0739+0137 scan 105 'No0198' at 2026.268.11:05:01 in 120s #######
2026.268.11:03:01;"source('J0739+0137',cats='user'); go(); track()
2026.268.11:03:02;"reply from APECS: (timeout)
2026.268.11:03:26;"vlbi_tsys()
2026.268.11:03:26;"reply from APECS: OK
2026.268.11:03:26;"reply from APECS: OK
2026.268.11:03:27;"reply from APECS: (timeout)
2026.268.11:04:51;"source('J0739+0137',cats='user'); go(); track()
2026.268.11:04:51;"reply from APECS: OK
2026.268.11:04:52;"reply from APECS: (timeout)
2026.268.11:04:52;"#                      TIME       ran short, ~-1 min 45 sec "gap"
2026.268.11:05:01;"vlbi_scan(t_mins=7)
2026.268.11:05:01;"reply from APECS: OK
2026.268.11:05:02;"reply from APECS: (timeout)
2026.268.11:05:02;"#     scan ends at 2026.268.11:12:01
2026.268.11:05:02;"
2026.268.11:05:02;"# ### Block for J0750+1231 scan 106 'No0201' at 2026.268.11:20:01 in 480s #######
2026.268.11:17:01;"source('J0750+1231',cats='user'); go(); track()
2026.268.11:17:01;"reply from APECS: OK
2026.268.11:17:02;"reply from APECS: (timeout)
2026.268.11:17:26;"vlbi_tsys()
2026.268.11:17:26;"reply from APECS: OK
2026.268.11:17:26;"reply from APECS: OK
2026.268.11:17:27;"reply from APECS: (timeout)
2026.268.11:18:51;"vlbi_reference_scan()
2026.268.11:18:52;"reply from APECS: (timeout)
2026.268.11:19:26;"source('J0750+1231',cats='user'); go(); track()
2026.268.11:19:26;"reply from APECS: OK
2026.268.11:19:27;"reply from APECS: (timeout)
2026.268.11:19:27;"#                      gap        max ~0 min 10 sec
2026.268.11:20:01;"vlbi_scan(t_mins=3)
2026.268.11:20:01;"reply from APECS: OK
2026.268.11:20:02;"reply from APECS: (timeout)
2026.268.11:20:02;"#     scan ends at 2026.268.11:23:01
2026.268.11:20:02;"
2026.268.11:20:02;"# ### Block for J0739+0137 scan 107 'No0202' at 2026.268.11:25:01 in 120s #######
2026.268.11:23:01;"source('J0739+0137',cats='user'); go(); track()
2026.268.11:23:02;"reply from APECS: (timeout)
2026.268.11:23:26;"vlbi_tsys()
2026.268.11:23:26;"reply from APECS: OK
2026.268.11:23:27;"reply from APECS: (timeout)
2026.268.11:24:51;"source('J0739+0137',cats='user'); go(); track()
2026.268.11:24:51;"reply from APECS: OK
2026.268.11:24:51;"reply from APECS: OK
2026.268.11:24:52;"reply from APECS: (timeout)
2026.268.11:24:52;"#                      TIME       ran short, ~-1 min 45 sec "gap"
2026.268.11:25:01;"vlbi_scan(t_mins=7)
2026.268.11:25:01;"reply from APECS: OK
2026.268.11:25:02;"reply from APECS: (timeout)
2026.268.11:25:02;"#     scan ends at 2026.268.11:32:01
2026.268.11:25:02;"
2026.268.11:25:02;"# ### Block for J0750+1231 scan 108 'No0205' at 2026.268.11:40:01 in 480s #######
2026.268.11:37:01;"source('J0750+1231',cats='user'); go(); track()
2026.268.11:37:01;"reply from APECS: OK
2026.268.11:37:02;"reply from APECS: (timeout)
2026.268.11:37:26;"vlbi_tsys()
2026.268.11:37:26;"reply from APECS: OK
2026.268.11:37:26;"reply from APECS: OK
2026.268.11:37:27;"reply from APECS: (timeout)
2026.268.11:38:51;"vlbi_reference_scan()
2026.268.11:38:52;"reply from APECS: (timeout)
2026.268.11:39:26;"source('J0750+1231',cats='user'); go(); track()
2026.268.11:39:26;"reply from APECS: OK
2026.268.11:39:27;"reply from APECS: (timeout)
2026.268.11:39:27;"#                      gap        max ~0 min 10 sec
2026.268.11:40:01;"vlbi_scan(t_mins=3)
2026.268.11:40:01;"reply from APECS: OK
2026.268.11:40:02;"reply from APECS: (timeout)
2026.268.11:40:02;"#     scan ends at 2026.268.11:43:01
2026.268.11:40:02;"
2026.268.11:40:02;"# ### Block for J0739+0137 scan 109 'No0206' at 2026.268.11:46:01 in 180s #######
2026.268.11:43:01;"source('J0739+0137',cats='user'); go(); track()
2026.268.11:43:02;"reply from APECS: (timeout)
2026.268.11:43:26;"vlbi_tsys()
2026.268.11:43:26;"reply from APECS: OK
2026.268.11:43:26;"reply from APECS: OK
2026.268.11:43:27;"reply from APECS: (timeout)
2026.268.11:44:51;"vlbi_reference_scan()
2026.268.11:44:51;"reply from APECS: OK
2026.268.11:44:52;"reply from APECS: (timeout)
2026.268.11:45:26;"source('J0739+0137',cats='user'); go(); track()
2026.268.11:45:26;"reply from APECS: OK
2026.268.11:45:27;"reply from APECS: (timeout)
2026.268.11:45:27;"#                      gap        max ~0 min 10 sec
2026.268.11:46:01;"vlbi_scan(t_mins=3)
2026.268.11:46:01;"reply from APECS: OK
2026.268.11:46:02;"reply from APECS: (timeout)
2026.268.11:46:02;"#     scan ends at 2026.268.11:49:01
2026.268.11:46:02;"
2026.268.11:46:02;"# ### Block for J0750+1231 scan 110 'No0207' at 2026.268.12:00:00 in 659s #######
2026.268.11:46:02;"#
2026.268.11:46:02;"# OPERATOR free 8 min 09 sec until VLBI calibrations to start at 2026.268.11:57:00
2026.268.11:46:02;"#
2026.268.11:49:01;"print('You have 8 min 09 sec until the next VLBI calibration scan at 2026.268.11:57:00.')
2026.268.11:49:02;"reply from APECS: (timeout)
2026.268.11:57:00;"source('J0750+1231',cats='user'); go(); track()
2026.268.11:57:00;"reply from APECS: OK
2026.268.11:57:00;"reply from APECS: OK
2026.268.11:57:01;"reply from APECS: (timeout)
2026.268.11:57:25;"vlbi_tsys()
2026.268.11:57:25;"reply from APECS: OK
2026.268.11:57:25;"reply from APECS: OK
2026.268.11:57:26;"reply from APECS: (timeout)
2026.268.11:58:50;"vlbi_reference_scan()
2026.268.11:58:51;"reply from APECS: (timeout)
2026.268.11:59:25;"source('J0750+1231',cats='user'); go(); track()
2026.268.11:59:25;"reply from APECS: OK
2026.268.11:59:26;"reply from APECS: (timeout)
2026.268.11:59:26;"#                      gap        max ~0 min 10 sec
2026.268.12:00:00;"vlbi_scan(t_mins=3)
2026.268.12:00:00;"reply from APECS: OK
2026.268.12:00:01;"reply from APECS: (timeout)
2026.268.12:00:01;"#     scan ends at 2026.268.12:03:00
2026.268.12:00:01;"
2026.268.12:00:01;"# ### Block for J0739+0137 scan 111 'No0208' at 2026.268.12:05:00 in 120s #######
2026.268.12:03:00;"source('J0739+0137',cats='user'); go(); track()
2026.268.12:03:01;"reply from APECS: (timeout)
2026.268.12:03:25;"vlbi_tsys()
2026.268.12:03:25;"reply from APECS: OK
2026.268.12:03:25;"reply from APECS: OK
2026.268.12:03:25;"reply from APECS: OK
2026.268.12:03:26;"reply from APECS: (timeout)
2026.268.12:04:50;"source('J0739+0137',cats='user'); go(); track()
2026.268.12:04:51;"reply from APECS: (timeout)
2026.268.12:04:51;"#                      TIME       ran short, ~-1 min 45 sec "gap"
2026.268.12:05:00;"vlbi_scan(t_mins=7)
2026.268.12:05:00;"reply from APECS: OK
2026.268.12:05:01;"reply from APECS: (timeout)
2026.268.12:05:01;"#     scan ends at 2026.268.12:12:00
2026.268.12:05:01;"
2026.268.12:05:01;"# ### Block for J0750+1231 scan 112 'No0211' at 2026.268.12:20:00 in 480s #######
2026.268.12:17:00;"source('J0750+1231',cats='user'); go(); track()
2026.268.12:17:00;"reply from APECS: OK
2026.268.12:17:01;"reply from APECS: (timeout)
2026.268.12:17:25;"vlbi_tsys()
2026.268.12:17:26;"reply from APECS: (timeout)
2026.268.12:18:50;"vlbi_reference_scan()
2026.268.12:18:51;"reply from APECS: (timeout)
2026.268.12:19:25;"source('J0750+1231',cats='user'); go(); track()
2026.268.12:19:26;"reply from APECS: (timeout)
2026.268.12:19:26;"#                      gap        max ~0 min 10 sec
2026.268.12:20:00;"vlbi_scan(t_mins=3)
2026.268.12:20:01;"reply from APECS: (timeout)
2026.268.12:20:01;"#     scan ends at 2026.268.12:23:00
2026.268.12:20:01;"
2026.268.12:20:01;"# ### Block for J0739+0137 scan 113 'No0212' at 2026.268.12:25:00 in 120s #######
2026.268.12:23:00;"source('J0739+0137',cats='user'); go(); track()
2026.268.12:23:01;"reply from APECS: (timeout)
2026.268.12:23:25;"vlbi_tsys()
2026.268.12:23:25;"reply from APECS: OK
2026.268.12:23:26;"reply from APECS: (timeout)
2026.268.12:24:50;"source('J0739+0137',cats='user'); go(); track()
2026.268.12:24:50;"reply from APECS: OK
2026.268.12:24:50;"reply from APECS: OK
2026.268.12:24:51;"reply from APECS: (timeout)
2026.268.12:24:51;"#                      TIME       ran short, ~-1 min 45 sec "gap"
2026.268.12:25:00;"vlbi_scan(t_mins=7)
2026.268.12:25:00;"reply from APECS: OK
2026.268.12:25:01;"reply from APECS: (timeout)
2026.268.12:25:01;"#     scan ends at 2026.268.12:32:00
2026.268.12:25:01;"
2026.268.12:25:01;"# ### Block for J0750+1231 scan 114 'No0215' at 2026.268.12:40:00 in 480s #######
2026.268.12:37:00;"source('J0750+1231',cats='user'); go(); track()
2026.268.12:37:00;"reply from APECS: OK
2026.268.12:37:01;"reply from APECS: (timeout)
2026.268.12:37:25;"vlbi_tsys()
2026.268.12:37:25;"reply from APECS: OK
2026.268.12:37:25;"reply from APECS: OK
2026.268.12:37:26;"reply from APECS: (timeout)
2026.268.12:38:50;"vlbi_reference_scan()
2026.268.12:38:51;"reply from APECS: (timeout)
2026.268.12:39:25;"source('J0750+1231',cats='user'); go(); track()
2026.268.12:39:25;"reply from APECS: OK
2026.268.12:39:26;"reply from APECS: (timeout)
2026.268.12:39:26;"#                      gap        max ~0 min 10 sec
2026.268.12:40:00;"vlbi_scan(t_mins=3)
2026.268.12:40:00;"reply from APECS: OK
2026.268.12:40:01;"reply from APECS: (timeout)
2026.268.12:40:01;"#     scan ends at 2026.268.12:43:00
2026.268.12:40:01;"
2026.268.12:40:01;"# ### Block for J0739+0137 scan 115 'No0216' at 2026.268.12:45:00 in 120s #######
2026.268.12:43:00;"source('J0739+0137',cats='user'); go(); track()
2026.268.12:43:01;"reply from APECS: (timeout)
2026.268.12:43:25;"vlbi_tsys()
2026.268.12:43:25;"reply from APECS: OK
2026.268.12:43:25;"reply from APECS: OK
2026.268.12:43:26;"reply from APECS: (timeout)
2026.268.12:44:50;"source('J0739+0137',cats='user'); go(); track()
2026.268.12:44:50;"reply from APECS: OK
2026.268.12:44:51;"reply from APECS: (timeout)
2026.268.12:44:51;"#                      TIME       ran short, ~-1 min 45 sec "gap"
2026.268.12:45:00;"vlbi_scan(t_mins=7)
2026.268.12:45:00;"reply from APECS: OK
2026.268.12:45:01;"reply from APECS: (timeout)
2026.268.12:45:01;"#     scan ends at 2026.268.12:52:00
2026.268.12:45:01;"
2026.268.12:45:01;"# ### Block for J0750+1231 scan 116 'No0219' at 2026.268.13:00:00 in 480s #######
2026.268.12:57:00;"source('J0750+1231',cats='user'); go(); track()
2026.268.12:57:00;"reply from APECS: OK
2026.268.12:57:01;"reply from APECS: (timeout)
2026.268.12:57:25;"vlbi_tsys()
2026.268.12:57:25;"reply from APECS: OK
2026.268.12:57:25;"reply from APECS: OK
2026.268.12:57:26;"reply from APECS: (timeout)
2026.268.12:58:50;"vlbi_reference_scan()
2026.268.12:58:51;"reply from APECS: (timeout)
2026.268.12:59:25;"source('J0750+1231',cats='user'); go(); track()
2026.268.12:59:25;"reply from APECS: OK
2026.268.12:59:26;"reply from APECS: (timeout)
2026.268.12:59:26;"#                      gap        max ~0 min 10 sec
2026.268.13:00:00;"vlbi_scan(t_mins=3)
2026.268.13:00:00;"reply from APECS: OK
2026.268.13:00:01;"reply from APECS: (timeout)
2026.268.13:00:01;"#     scan ends at 2026.268.13:03:00
2026.268.13:00:01;"
2026.268.13:00:01;"# ### Block for J0739+0137 scan 117 'No0220' at 2026.268.13:05:00 in 120s #######
2026.268.13:03:00;"source('J0739+0137',cats='user'); go(); track()
2026.268.13:03:01;"reply from APECS: (timeout)
2026.268.13:03:25;"vlbi_tsys()
2026.268.13:03:25;"reply from APECS: OK
2026.268.13:03:26;"reply from APECS: (timeout)
2026.268.13:04:50;"source('J0739+0137',cats='user'); go(); track()
2026.268.13:04:50;"reply from APECS: OK
2026.268.13:04:50;"reply from APECS: OK
2026.268.13:04:51;"reply from APECS: (timeout)
2026.268.13:04:51;"#                      TIME       ran short, ~-1 min 45 sec "gap"
2026.268.13:05:00;"vlbi_scan(t_mins=7)
2026.268.13:05:00;"reply from APECS: OK
2026.268.13:05:01;"reply from APECS: (timeout)
2026.268.13:05:01;"#     scan ends at 2026.268.13:12:00
2026.268.13:05:01;"
2026.268.13:05:01;"# ### Block for J0750+1231 scan 118 'No0223' at 2026.268.13:20:00 in 480s #######
2026.268.13:17:00;"source('J0750+1231',cats='user'); go(); track()
2026.268.13:17:00;"reply from APECS: OK
2026.268.13:17:01;"reply from APECS: (timeout)
2026.268.13:17:25;"vlbi_tsys()
2026.268.13:17:25;"reply from APECS: OK
2026.268.13:17:25;"reply from APECS: OK
2026.268.13:17:26;"reply from APECS: (timeout)
2026.268.13:18:50;"vlbi_reference_scan()
2026.268.13:18:51;"reply from APECS: (timeout)
2026.268.13:19:25;"source('J0750+1231',cats='user'); go(); track()
2026.268.13:19:25;"reply from APECS: OK
2026.268.13:19:26;"reply from APECS: (timeout)
2026.268.13:19:26;"#                      gap        max ~0 min 10 sec
2026.268.13:20:00;"vlbi_scan(t_mins=3)
2026.268.13:20:00;"reply from APECS: OK
2026.268.13:20:01;"reply from APECS: (timeout)
2026.268.13:20:01;"#     scan ends at 2026.268.13:23:00
2026.268.13:20:01;"
2026.268.13:20:01;"# ### Block for J0739+0137 scan 119 'No0224' at 2026.268.13:25:00 in 120s #######
2026.268.13:23:00;"source('J0739+0137',cats='user'); go(); track()
2026.268.13:23:01;"reply from APECS: (timeout)
2026.268.13:23:25;"vlbi_tsys()
2026.268.13:23:25;"reply from APECS: OK
2026.268.13:23:26;"reply from APECS: (timeout)
2026.268.13:24:50;"source('J0739+0137',cats='user'); go(); track()
2026.268.13:24:50;"reply from APECS: OK
2026.268.13:24:50;"reply from APECS: OK
2026.268.13:24:51;"reply from APECS: (timeout)
2026.268.13:24:51;"#                      TIME       ran short, ~-1 min 45 sec "gap"
2026.268.13:25:00;"vlbi_scan(t_mins=7)
2026.268.13:25:00;"reply from APECS: OK
2026.268.13:25:01;"reply from APECS: (timeout)
2026.268.13:25:01;"#     scan ends at 2026.268.13:32:00
2026.268.13:25:01;"
2026.268.13:25:01;"# ### Block for J0750+1231 scan 120 'No0227' at 2026.268.13:40:00 in 480s #######
2026.268.13:37:00;"source('J0750+1231',cats='user'); go(); track()
2026.268.13:37:00;"reply from APECS: OK
2026.268.13:37:01;"reply from APECS: (timeout)
2026.268.13:37:25;"vlbi_tsys()
2026.268.13:37:25;"reply from APECS: OK
2026.268.13:37:26;"reply from APECS: (timeout)
2026.268.13:38:50;"vlbi_reference_scan()
2026.268.13:38:51;"reply from APECS: (timeout)
2026.268.13:39:25;"source('J0750+1231',cats='user'); go(); track()
2026.268.13:39:25;"reply from APECS: OK
2026.268.13:39:26;"reply from APECS: (timeout)
2026.268.13:39:26;"#                      gap        max ~0 min 10 sec
2026.268.13:40:00;"vlbi_scan(t_mins=3)
2026.268.13:40:00;"reply from APECS: OK
2026.268.13:40:01;"reply from APECS: (timeout)
2026.268.13:40:01;"#     scan ends at 2026.268.13:43:00
2026.268.13:40:01;"
2026.268.13:40:01;"# ### Block for J0739+0137 scan 121 'No0228' at 2026.268.13:45:00 in 120s #######
2026.268.13:43:00;"source('J0739+0137',cats='user'); go(); track()
2026.268.13:43:01;"reply from APECS: (timeout)
2026.268.13:43:25;"vlbi_tsys()
2026.268.13:43:25;"reply from APECS: OK
2026.268.13:43:25;"reply from APECS: OK
2026.268.13:43:26;"reply from APECS: (timeout)
2026.268.13:44:50;"source('J0739+0137',cats='user'); go(); track()
2026.268.13:44:50;"reply from APECS: OK
2026.268.13:44:51;"reply from APECS: (timeout)
2026.268.13:44:51;"#                      TIME       ran short, ~-1 min 45 sec "gap"
2026.268.13:45:00;"vlbi_scan(t_mins=7)
2026.268.13:45:00;"reply from APECS: OK
2026.268.13:45:01;"reply from APECS: (timeout)
2026.268.13:45:01;"#     scan ends at 2026.268.13:52:00
2026.268.13:45:01;"
2026.268.13:45:01;"# ### Block for J0750+1231 scan 122 'No0231' at 2026.268.14:00:00 in 480s #######
2026.268.13:57:00;"source('J0750+1231',cats='user'); go(); track()
2026.268.13:57:00;"reply from APECS: OK
2026.268.13:57:01;"reply from APECS: (timeout)
2026.268.13:57:25;"vlbi_tsys()
2026.268.13:57:25;"reply from APECS: OK
2026.268.13:57:25;"reply from APECS: OK
2026.268.13:57:26;"reply from APECS: (timeout)
2026.268.13:58:50;"vlbi_reference_scan()
2026.268.13:58:51;"reply from APECS: (timeout)
2026.268.13:59:25;"source('J0750+1231',cats='user'); go(); track()
2026.268.13:59:25;"reply from APECS: OK
2026.268.13:59:26;"reply from APECS: (timeout)
2026.268.13:59:26;"#                      gap        max ~0 min 10 sec
2026.268.14:00:00;"vlbi_scan(t_mins=3)
2026.268.14:00:00;"reply from APECS: OK
2026.268.14:00:01;"reply from APECS: (timeout)
2026.268.14:00:01;"#     scan ends at 2026.268.14:03:00
2026.268.14:00:01;"
2026.268.14:00:01;"# ### Block for J0739+0137 scan 123 'No0232' at 2026.268.14:05:00 in 120s #######
2026.268.14:03:00;"source('J0739+0137',cats='user'); go(); track()
2026.268.14:03:01;"reply from APECS: (timeout)
2026.268.14:03:25;"vlbi_tsys()
2026.268.14:03:25;"reply from APECS: OK
2026.268.14:03:25;"reply from APECS: OK
2026.268.14:03:26;"reply from APECS: (timeout)
2026.268.14:04:50;"source('J0739+0137',cats='user'); go(); track()
2026.268.14:04:50;"reply from APECS: OK
2026.268.14:04:51;"reply from APECS: (timeout)
2026.268.14:04:51;"#                      TIME       ran short, ~-1 min 45 sec "gap"
2026.268.14:05:00;"vlbi_scan(t_mins=7)
2026.268.14:05:00;"reply from APECS: OK
2026.268.14:05:01;"reply from APECS: (timeout)
2026.268.14:05:01;"#     scan ends at 2026.268.14:12:00
2026.268.14:05:01;"
2026.268.14:05:01;"# ### Block for J0750+1231 scan 124 'No0235' at 2026.268.14:20:00 in 480s #######
2026.268.14:17:00;"source('J0750+1231',cats='user'); go(); track()
2026.268.14:17:00;"reply from APECS: OK
2026.268.14:17:01;"reply from APECS: (timeout)
2026.268.14:17:25;"vlbi_tsys()
2026.268.14:17:25;"reply from APECS: OK
2026.268.14:17:25;"reply from APECS: OK
2026.268.14:17:26;"reply from APECS: (timeout)
2026.268.14:18:50;"vlbi_reference_scan()
2026.268.14:18:51;"reply from APECS: (timeout)
2026.268.14:19:25;"source('J0750+1231',cats='user'); go(); track()
2026.268.14:19:25;"reply from APECS: OK
2026.268.14:19:26;"reply from APECS: (timeout)
2026.268.14:19:26;"#                      gap        max ~0 min 10 sec
2026.268.14:20:00;"vlbi_scan(t_mins=3)
2026.268.14:20:00;"reply from APECS: OK
2026.268.14:20:01;"reply from APECS: (timeout)
2026.268.14:20:01;"#     scan ends at 2026.268.14:23:00
2026.268.14:20:01;"
2026.268.14:20:01;"# ### Block for J0739+0137 scan 125 'No0236' at 2026.268.14:25:00 in 120s #######
2026.268.14:23:00;"source('J0739+0137',cats='user'); go(); track()
2026.268.14:23:01;"reply from APECS: (timeout)
2026.268.14:23:25;"vlbi_tsys()
2026.268.14:23:25;"reply from APECS: OK
2026.268.14:23:25;"reply from APECS: OK
2026.268.14:23:26;"reply from APECS: (timeout)
2026.268.14:24:50;"source('J0739+0137',cats='user'); go(); track()
2026.268.14:24:50;"reply from APECS: OK
2026.268.14:24:51;"reply from APECS: (timeout)
2026.268.14:24:51;"#                      TIME       ran short, ~-1 min 45 sec "gap"
2026.268.14:25:00;"vlbi_scan(t_mins=7)
2026.268.14:25:00;"reply from APECS: OK
2026.268.14:25:01;"reply from APECS: (timeout)
2026.268.14:25:01;"#     scan ends at 2026.268.14:32:00
2026.268.14:25:01;"
2026.268.14:25:01;"# ### Block for J0750+1231 scan 126 'No0239' at 2026.268.14:40:00 in 480s #######
2026.268.14:37:00;"source('J0750+1231',cats='user'); go(); track()
2026.268.14:37:00;"reply from APECS: OK
2026.268.14:37:01;"reply from APECS: (timeout)
2026.268.14:37:25;"vlbi_tsys()
2026.268.14:37:25;"reply from APECS: OK
2026.268.14:37:25;"reply from APECS: OK
2026.268.14:37:26;"reply from APECS: (timeout)
2026.268.14:38:50;"vlbi_reference_scan()
2026.268.14:38:51;"reply from APECS: (timeout)
2026.268.14:39:25;"source('J0750+1231',cats='user'); go(); track()
2026.268.14:39:25;"reply from APECS: OK
2026.268.14:39:26;"reply from APECS: (timeout)
2026.268.14:39:26;"#                      gap        max ~0 min 10 sec
2026.268.14:40:00;"vlbi_scan(t_mins=3)
2026.268.14:40:00;"reply from APECS: OK
2026.268.14:40:01;"reply from APECS: (timeout)
2026.268.14:40:01;"#     scan ends at 2026.268.14:43:00
2026.268.14:40:01;"
2026.268.14:40:01;"# ### Block for J0739+0137 scan 127 'No0240' at 2026.268.14:45:00 in 120s #######
2026.268.14:43:00;"source('J0739+0137',cats='user'); go(); track()
2026.268.14:43:01;"reply from APECS: (timeout)
2026.268.14:43:25;"vlbi_tsys()
2026.268.14:43:25;"reply from APECS: OK
2026.268.14:43:26;"reply from APECS: (timeout)
2026.268.14:44:50;"source('J0739+0137',cats='user'); go(); track()
2026.268.14:44:50;"reply from APECS: OK
2026.268.14:44:50;"reply from APECS: OK
2026.268.14:44:51;"reply from APECS: (timeout)
2026.268.14:44:51;"#                      TIME       ran short, ~-1 min 45 sec "gap"
2026.268.14:45:00;"vlbi_scan(t_mins=7)
2026.268.14:45:00;"reply from APECS: OK
2026.268.14:45:01;"reply from APECS: (timeout)
2026.268.14:45:01;"#     scan ends at 2026.268.14:52:00
2026.268.14:45:01;"
2026.268.14:45:01;"# ### Block for 1420+326 scan 128 'No0267' at 2026.268.18:01:00 in 11340s #######
2026.268.14:45:01;"#
2026.268.14:45:01;"# OPERATOR free 186 min 10 sec until VLBI calibrations to start at 2026.268.17:58:00
2026.268.14:45:01;"#
2026.268.14:52:00;"print('You have 186 min 10 sec until the next VLBI calibration scan at 2026.268.17:58:00.')
2026.268.14:52:00;"reply from APECS: OK
2026.268.14:52:00;"reply from APECS: OK
2026.268.14:52:01;"reply from APECS: (timeout)
2026.268.17:58:00;"source('1420+326',cats='user'); go(); track()
2026.268.17:58:01;"reply from APECS: (timeout)
2026.268.17:58:25;"vlbi_tsys()
2026.268.17:58:26;"reply from APECS: (timeout)
2026.268.17:59:50;"vlbi_reference_scan()
2026.268.17:59:51;"reply from APECS: (timeout)
2026.268.18:00:25;"source('1420+326',cats='user'); go(); track()
2026.268.18:00:26;"reply from APECS: (timeout)
2026.268.18:00:26;"#                      gap        max ~0 min 10 sec
2026.268.18:01:00;"vlbi_scan(t_mins=5)
2026.268.18:01:01;"reply from APECS: (timeout)
2026.268.18:01:01;"#     scan ends at 2026.268.18:06:00
2026.268.18:01:01;"
2026.268.18:01:01;"# ### Block for 1308+326 scan 129 'No0268' at 2026.268.18:07:30 in 90s ##########
2026.268.18:06:00;"source('1308+326',cats='user'); go(); track()
2026.268.18:06:01;"reply from APECS: (timeout)
2026.268.18:06:25;"vlbi_tsys(mode_='HOT',time_s=5)
2026.268.18:06:25;"reply from APECS: OK
2026.268.18:06:25;"reply from APECS: OK
2026.268.18:06:26;"reply from APECS: (timeout)
2026.268.18:06:52;"vlbi_reference_scan()
2026.268.18:06:53;"reply from APECS: (timeout)
2026.268.18:07:27;"source('1308+326',cats='user'); go(); track()
2026.268.18:07:28;"reply from APECS: (timeout)
2026.268.18:07:28;"#                      TIME       ran short, ~-1 min 38 sec "gap"
2026.268.18:07:30;"vlbi_scan(t_mins=5)
2026.268.18:07:31;"reply from APECS: (timeout)
2026.268.18:07:31;"#     scan ends at 2026.268.18:12:30
2026.268.18:07:31;"
2026.268.18:07:31;"# ### Block for 1420+326 scan 130 'No0271' at 2026.268.18:20:00 in 450s #########
2026.268.18:17:00;"source('1420+326',cats='user'); go(); track()
2026.268.18:17:00;"reply from APECS: OK
2026.268.18:17:00;"reply from APECS: OK
2026.268.18:17:00;"reply from APECS: OK
2026.268.18:17:01;"reply from APECS: (timeout)
2026.268.18:17:25;"vlbi_tsys()
2026.268.18:17:25;"reply from APECS: OK
2026.268.18:17:26;"reply from APECS: (timeout)
2026.268.18:18:50;"vlbi_reference_scan()
2026.268.18:18:50;"reply from APECS: OK
2026.268.18:18:51;"reply from APECS: (timeout)
2026.268.18:19:25;"source('1420+326',cats='user'); go(); track()
2026.268.18:19:25;"reply from APECS: OK
2026.268.18:19:26;"reply from APECS: (timeout)
2026.268.18:19:26;"#                      gap        max ~0 min 10 sec
2026.268.18:20:00;"vlbi_scan(t_mins=5)
2026.268.18:20:00;"reply from APECS: OK
2026.268.18:20:01;"reply from APECS: (timeout)
2026.268.18:20:01;"#     scan ends at 2026.268.18:25:00
2026.268.18:20:01;"
2026.268.18:20:01;"# ### Block for 1308+326 scan 131 'No0272' at 2026.268.18:27:00 in 120s #########
2026.268.18:25:00;"source('1308+326',cats='user'); go(); track()
2026.268.18:25:00;"reply from APECS: OK
2026.268.18:25:01;"reply from APECS: (timeout)
2026.268.18:25:25;"vlbi_tsys()
2026.268.18:25:25;"reply from APECS: OK
2026.268.18:25:26;"reply from APECS: (timeout)
2026.268.18:26:50;"source('1308+326',cats='user'); go(); track()
2026.268.18:26:50;"reply from APECS: OK
2026.268.18:26:51;"reply from APECS: (timeout)
2026.268.18:26:51;"#                      TIME       ran short, ~-1 min 45 sec "gap"
2026.268.18:27:00;"vlbi_scan(t_mins=5)
2026.268.18:27:00;"reply from APECS: OK
2026.268.18:27:01;"reply from APECS: (timeout)
2026.268.18:27:01;"#     scan ends at 2026.268.18:32:00
2026.268.18:27:01;"
2026.268.18:27:01;"# ### Block for 1420+326 scan 132 'No0275' at 2026.268.18:40:00 in 480s #########
2026.268.18:37:00;"source('1420+326',cats='user'); go(); track()
2026.268.18:37:00;"reply from APECS: OK
2026.268.18:37:01;"reply from APECS: (timeout)
2026.268.18:37:25;"vlbi_tsys()
2026.268.18:37:25;"reply from APECS: OK
2026.268.18:37:26;"reply from APECS: (timeout)
2026.268.18:38:50;"vlbi_reference_scan()
2026.268.18:38:50;"reply from APECS: OK
2026.268.18:38:51;"reply from APECS: (timeout)
2026.268.18:39:25;"source('1420+326',cats='user'); go(); track()
2026.268.18:39:25;"reply from APECS: OK
2026.268.18:39:26;"reply from APECS: (timeout)
2026.268.18:39:26;"#                      gap        max ~0 min 10 sec
2026.268.18:40:00;"vlbi_scan(t_mins=5)
2026.268.18:40:00;"reply from APECS: OK
2026.268.18:40:01;"reply from APECS: (timeout)
2026.268.18:40:01;"#     scan ends at 2026.268.18:45:00
2026.268.18:40:01;"
2026.268.18:40:01;"# ### Block for 1308+326 scan 133 'No0276' at 2026.268.18:47:00 in 120s #########
2026.268.18:45:00;"source('1308+326',cats='user'); go(); track()
2026.268.18:45:00;"reply from APECS: OK
2026.268.18:45:01;"reply from APECS: (timeout)
2026.268.18:45:25;"vlbi_tsys()
2026.268.18:45:26;"reply from APECS: (timeout)
2026.268.18:46:50;"source('1308+326',cats='user'); go(); track()
2026.268.18:46:50;"reply from APECS: OK
2026.268.18:46:50;"reply from APECS: OK
2026.268.18:46:51;"reply from APECS: (timeout)
2026.268.18:46:51;"#                      TIME       ran short, ~-1 min 45 sec "gap"
2026.268.18:47:00;"vlbi_scan(t_mins=5)
2026.268.18:47:00;"reply from APECS: OK
2026.268.18:47:01;"reply from APECS: (timeout)
2026.268.18:47:01;"#     scan ends at 2026.268.18:52:00
2026.268.18:47:01;"
2026.268.18:47:01;"# ### Block for 1420+326 scan 134 'No0279' at 2026.268.19:00:00 in 480s #########
2026.268.18:57:00;"source('1420+326',cats='user'); go(); track()
2026.268.18:57:00;"reply from APECS: OK
2026.268.18:57:01;"reply from APECS: (timeout)
2026.268.18:57:25;"vlbi_tsys()
2026.268.18:57:26;"reply from APECS: (timeout)
2026.268.18:58:50;"vlbi_reference_scan()
2026.268.18:58:50;"reply from APECS: OK
2026.268.18:58:50;"reply from APECS: OK
2026.268.18:58:51;"reply from APECS: (timeout)
2026.268.18:59:25;"source('1420+326',cats='user'); go(); track()
2026.268.18:59:25;"reply from APECS: OK
2026.268.18:59:26;"reply from APECS: (timeout)
2026.268.18:59:26;"#                      gap        max ~0 min 10 sec
2026.268.19:00:00;"vlbi_scan(t_mins=5)
2026.268.19:00:00;"reply from APECS: OK
2026.268.19:00:01;"reply from APECS: (timeout)
2026.268.19:00:01;"#     scan ends at 2026.268.19:05:00
2026.268.19:00:01;"
2026.268.19:00:01;"# ### Block for 1308+326 scan 135 'No0280' at 2026.268.19:07:00 in 120s #########
2026.268.19:05:00;"source('1308+326',cats='user'); go(); track()
2026.268.19:05:00;"reply from APECS: OK
2026.268.19:05:01;"reply from APECS: (timeout)
2026.268.19:05:25;"vlbi_tsys()
2026.268.19:05:26;"reply from APECS: (timeout)
2026.268.19:06:50;"source('1308+326',cats='user'); go(); track()
2026.268.19:06:50;"reply from APECS: OK
2026.268.19:06:50;"reply from APECS: OK
2026.268.19:06:51;"reply from APECS: (timeout)
2026.268.19:06:51;"#                      TIME       ran short, ~-1 min 45 sec "gap"
2026.268.19:07:00;"vlbi_scan(t_mins=5)
2026.268.19:07:00;"reply from APECS: OK
2026.268.19:07:01;"reply from APECS: (timeout)
2026.268.19:07:01;"#     scan ends at 2026.268.19:12:00
2026.268.19:07:01;"
2026.268.19:07:01;"# ### Block for 1420+326 scan 136 'No0283' at 2026.268.19:20:00 in 480s #########
2026.268.19:17:00;"source('1420+326',cats='user'); go(); track()
2026.268.19:17:00;"reply from APECS: OK
2026.268.19:17:01;"reply from APECS: (timeout)
2026.268.19:17:25;"vlbi_tsys()
2026.268.19:17:26;"reply from APECS: (timeout)
2026.268.19:18:50;"vlbi_reference_scan()
2026.268.19:18:50;"reply from APECS: OK
2026.268.19:18:50;"reply from APECS: OK
2026.268.19:18:51;"reply from APECS: (timeout)
2026.268.19:19:25;"source('1420+326',cats='user'); go(); track()
2026.268.19:19:25;"reply from APECS: OK
2026.268.19:19:26;"reply from APECS: (timeout)
2026.268.19:19:26;"#                      gap        max ~0 min 10 sec
2026.268.19:20:00;"vlbi_scan(t_mins=5)
2026.268.19:20:00;"reply from APECS: OK
2026.268.19:20:01;"reply from APECS: (timeout)
2026.268.19:20:01;"#     scan ends at 2026.268.19:25:00
2026.268.19:20:01;"
2026.268.19:20:01;"# ### Block for 1308+326 scan 137 'No0284' at 2026.268.19:27:00 in 120s #########
2026.268.19:25:00;"source('1308+326',cats='user'); go(); track()
2026.268.19:25:00;"reply from APECS: OK
2026.268.19:25:01;"reply from APECS: (timeout)
2026.268.19:25:25;"vlbi_tsys()
2026.268.19:25:25;"reply from APECS: OK
2026.268.19:25:26;"reply from APECS: (timeout)
2026.268.19:26:50;"source('1308+326',cats='user'); go(); track()
2026.268.19:26:50;"reply from APECS: OK
2026.268.19:26:51;"reply from APECS: (timeout)
2026.268.19:26:51;"#                      TIME       ran short, ~-1 min 45 sec "gap"
2026.268.19:27:00;"vlbi_scan(t_mins=5)
2026.268.19:27:01;"reply from APECS: (timeout)
2026.268.19:27:01;"#     scan ends at 2026.268.19:32:00
2026.268.19:27:01;"
2026.268.19:27:01;"# ### Block for 1420+326 scan 138 'No0287' at 2026.268.19:40:00 in 480s #########
2026.268.19:37:00;"source('1420+326',cats='user'); go(); track()
2026.268.19:37:00;"reply from APECS: OK
2026.268.19:37:00;"reply from APECS: OK
2026.268.19:37:01;"reply from APECS: (timeout)
2026.268.19:37:25;"vlbi_tsys()
2026.268.19:37:26;"reply from APECS: (timeout)
2026.268.19:38:50;"vlbi_reference_scan()
2026.268.19:38:51;"reply from APECS: (timeout)
2026.268.19:39:25;"source('1420+326',cats='user'); go(); track()
2026.268.19:39:25;"reply from APECS: OK
2026.268.19:39:26;"reply from APECS: (timeout)
2026.268.19:39:26;"#                      gap        max ~0 min 10 sec
2026.268.19:40:00;"vlbi_scan(t_mins=5)
2026.268.19:40:00;"reply from APECS: OK
2026.268.19:40:01;"reply from APECS: (timeout)
2026.268.19:40:01;"#     scan ends at 2026.268.19:45:00
2026.268.19:40:01;"
2026.268.19:40:01;"# ### Block for 1308+326 scan 139 'No0288' at 2026.268.19:47:00 in 120s #########
2026.268.19:45:00;"source('1308+326',cats='user'); go(); track()
2026.268.19:45:00;"reply from APECS: OK
2026.268.19:45:01;"reply from APECS: (timeout)
2026.268.19:45:25;"vlbi_tsys()
2026.268.19:45:25;"reply from APECS: OK
2026.268.19:45:25;"reply from APECS: OK
2026.268.19:45:26;"reply from APECS: (timeout)
2026.268.19:46:50;"source('1308+326',cats='user'); go(); track()
2026.268.19:46:51;"reply from APECS: (timeout)
2026.268.19:46:51;"#                      TIME       ran short, ~-1 min 45 sec "gap"
2026.268.19:47:00;"vlbi_scan(t_mins=5)
2026.268.19:47:00;"reply from APECS: OK
2026.268.19:47:01;"reply from APECS: (timeout)
2026.268.19:47:01;"#     scan ends at 2026.268.19:52:00
2026.268.19:47:01;"
2026.268.19:47:01;"# ### Block for 1420+326 scan 140 'No0291' at 2026.268.20:00:00 in 480s #########
2026.268.19:57:00;"source('1420+326',cats='user'); go(); track()
2026.268.19:57:00;"reply from APECS: OK
2026.268.19:57:01;"reply from APECS: (timeout)
2026.268.19:57:25;"vlbi_tsys()
2026.268.19:57:25;"reply from APECS: OK
2026.268.19:57:25;"reply from APECS: OK
2026.268.19:57:26;"reply from APECS: (timeout)
2026.268.19:58:50;"vlbi_reference_scan()
2026.268.19:58:51;"reply from APECS: (timeout)
2026.268.19:59:25;"source('1420+326',cats='user'); go(); track()
2026.268.19:59:25;"reply from APECS: OK
2026.268.19:59:26;"reply from APECS: (timeout)
2026.268.19:59:26;"#                      gap        max ~0 min 10 sec
2026.268.20:00:00;"vlbi_scan(t_mins=5)
2026.268.20:00:00;"reply from APECS: OK
2026.268.20:00:01;"reply from APECS: (timeout)
2026.268.20:00:01;"#     scan ends at 2026.268.20:05:00
2026.268.20:00:01;"
2026.268.20:00:01;"# ### Block for 1308+326 scan 141 'No0292' at 2026.268.20:07:20 in 140s #########
2026.268.20:05:00;"source('1308+326',cats='user'); go(); track()
2026.268.20:05:00;"reply from APECS: OK
2026.268.20:05:01;"reply from APECS: (timeout)
2026.268.20:05:25;"vlbi_tsys()
2026.268.20:05:25;"reply from APECS: OK
2026.268.20:05:25;"reply from APECS: OK
2026.268.20:05:26;"reply from APECS: (timeout)
2026.268.20:06:50;"source('1308+326',cats='user'); go(); track()
2026.268.20:06:51;"reply from APECS: (timeout)
2026.268.20:06:51;"#                      gap        max ~0 min 05 sec
2026.268.20:07:20;"vlbi_scan(t_mins=5)
2026.268.20:07:20;"reply from APECS: OK
2026.268.20:07:21;"reply from APECS: (timeout)
2026.268.20:07:21;"#     scan ends at 2026.268.20:12:20
2026.268.20:07:21;"
2026.268.20:07:21;"# ### Block for 1420+326 scan 142 'No0295' at 2026.268.20:20:00 in 460s #########
2026.268.20:17:00;"source('1420+326',cats='user'); go(); track()
2026.268.20:17:00;"reply from APECS: OK
2026.268.20:17:01;"reply from APECS: (timeout)
2026.268.20:17:25;"vlbi_tsys()
2026.268.20:17:25;"reply from APECS: OK
2026.268.20:17:25;"reply from APECS: OK
2026.268.20:17:26;"reply from APECS: (timeout)
2026.268.20:18:50;"vlbi_reference_scan()
2026.268.20:18:51;"reply from APECS: (timeout)
2026.268.20:19:25;"source('1420+326',cats='user'); go(); track()
2026.268.20:19:25;"reply from APECS: OK
2026.268.20:19:26;"reply from APECS: (timeout)
2026.268.20:19:26;"#                      gap        max ~0 min 10 sec
2026.268.20:20:00;"vlbi_scan(t_mins=5)
2026.268.20:20:00;"reply from APECS: OK
2026.268.20:20:01;"reply from APECS: (timeout)
2026.268.20:20:01;"#     scan ends at 2026.268.20:25:00
2026.268.20:20:01;"
2026.268.20:20:01;"# ### Block for 1308+326 scan 143 'No0296' at 2026.268.20:27:30 in 150s #########
2026.268.20:25:00;"source('1308+326',cats='user'); go(); track()
2026.268.20:25:00;"reply from APECS: OK
2026.268.20:25:01;"reply from APECS: (timeout)
2026.268.20:25:25;"vlbi_tsys()
2026.268.20:25:25;"reply from APECS: OK
2026.268.20:25:25;"reply from APECS: OK
2026.268.20:25:26;"reply from APECS: (timeout)
2026.268.20:26:50;"vlbi_reference_scan()
2026.268.20:26:51;"reply from APECS: (timeout)
2026.268.20:27:25;"source('1308+326',cats='user'); go(); track()
2026.268.20:27:25;"reply from APECS: OK
2026.268.20:27:26;"reply from APECS: (timeout)
2026.268.20:27:26;"#                      TIME       ran short, ~-1 min 40 sec "gap"
2026.268.20:27:30;"vlbi_scan(t_mins=5)
2026.268.20:27:31;"reply from APECS: (timeout)
2026.268.20:27:31;"#     scan ends at 2026.268.20:32:30
2026.268.20:27:31;"
2026.268.20:27:31;"# ### Block for 1420+326 scan 144 'No0299' at 2026.268.20:40:00 in 450s #########
2026.268.20:37:00;"source('1420+326',cats='user'); go(); track()
2026.268.20:37:00;"reply from APECS: OK
2026.268.20:37:00;"reply from APECS: OK
2026.268.20:37:01;"reply from APECS: (timeout)
2026.268.20:37:25;"vlbi_tsys()
2026.268.20:37:25;"reply from APECS: OK
2026.268.20:37:25;"reply from APECS: OK
2026.268.20:37:26;"reply from APECS: (timeout)
2026.268.20:38:50;"vlbi_reference_scan()
2026.268.20:38:51;"reply from APECS: (timeout)
2026.268.20:39:25;"source('1420+326',cats='user'); go(); track()
2026.268.20:39:25;"reply from APECS: OK
2026.268.20:39:26;"reply from APECS: (timeout)
2026.268.20:39:26;"#                      gap        max ~0 min 10 sec
2026.268.20:40:00;"vlbi_scan(t_mins=5)
2026.268.20:40:00;"reply from APECS: OK
2026.268.20:40:01;"reply from APECS: (timeout)
2026.268.20:40:01;"#     scan ends at 2026.268.20:45:00
2026.268.20:40:01;"
2026.268.20:40:01;"# ### Block for 1308+326 scan 145 'No0300' at 2026.268.20:47:30 in 150s #########
2026.268.20:45:00;"source('1308+326',cats='user'); go(); track()
2026.268.20:45:00;"reply from APECS: OK
2026.268.20:45:01;"reply from APECS: (timeout)
2026.268.20:45:25;"vlbi_tsys()
2026.268.20:45:25;"reply from APECS: OK
2026.268.20:45:25;"reply from APECS: OK
2026.268.20:45:26;"reply from APECS: (timeout)
2026.268.20:46:50;"vlbi_reference_scan()
2026.268.20:46:51;"reply from APECS: (timeout)
2026.268.20:47:25;"source('1308+326',cats='user'); go(); track()
2026.268.20:47:25;"reply from APECS: OK
2026.268.20:47:26;"reply from APECS: (timeout)
2026.268.20:47:26;"#                      TIME       ran short, ~-1 min 40 sec "gap"
2026.268.20:47:30;"vlbi_scan(t_mins=5)
2026.268.20:47:31;"reply from APECS: (timeout)
2026.268.20:47:31;"#     scan ends at 2026.268.20:52:30
2026.268.20:47:31;"
2026.268.20:47:31;"# ### Block for 1420+326 scan 146 'No0303' at 2026.268.21:00:00 in 450s #########
2026.268.20:51:14;"----------| START OF c262a.apecs.obs |----------
2026.268.20:51:14;"Using TAI-UTC offset of +37 seconds
2026.268.20:51:14;"#
2026.268.20:51:14;"# APEX observing script for station Ax from file vexfiles/triggered/c262a.vex
2026.268.20:51:14;"# File created on 2026.268.17:43:28 UT
2026.268.20:51:14;"#
2026.268.20:51:14;"# Columns: 1) Start time 2) Duration in seconds 3) APECS command
2026.268.20:51:14;"# Details on the columns:
2026.268.20:51:14;"#    1) @always, or UT date-time in a 2015.016.06:42:40 format (yyyy.doy.hh:mm:ss)
2026.268.20:51:14;"#         modifiers: !2015.016.06:42:40 to not skip command even if start time already is past
2026.268.20:51:14;"#    2) estimated duration of the command in seconds
2026.268.20:51:14;"#    3) APECS command and parameters to execute. If the command includes whitespace.
2026.268.20:51:14;"#       Commands include, e.g.: tsys(), interactive("message"), tracksource("sourcename"), ...
2026.268.20:51:14;"#
2026.268.20:51:14;"# At time              Duration   Command
2026.268.20:51:14;"#@always                2          execfile('vlbi-N3AR90_GMVA86_commands.py')
2026.268.20:51:14;"#@always                2          vlbi_tone(enable=True)
2026.268.20:51:14;"
2026.268.20:51:14;"# ### Block for 3C345 scan 1 'No0016' at 2026.267.17:55:00 in 200s ##############
2026.268.20:51:14;"missed time 2026.267.17:51:40 : source('3C345',cats='user'); go(); track()
2026.268.20:51:14;"missed time 2026.267.17:52:05 : vlbi_tsys()
2026.268.20:51:14;"missed time 2026.267.17:53:30 : vlbi_reference_scan()
2026.268.20:51:14;"#                      gap        max ~0 min 55 sec
2026.268.20:51:14;"missed time 2026.267.17:55:00 : vlbi_scan(t_mins=3,targetSource='3C345')
2026.268.20:51:14;"#     scan ends at 2026.267.17:58:00
2026.268.20:51:14;"
2026.268.20:51:14;"# ### Block for MRK501 scan 2 'No0017' at 2026.267.18:00:00 in 120s #############
2026.268.20:51:14;"missed time 2026.267.17:58:00 : source('MRK501',cats='user'); go(); track()
2026.268.20:51:14;"missed time 2026.267.17:58:25 : vlbi_tsys()
2026.268.20:51:14;"#                      gap        max ~0 min 10 sec
2026.268.20:51:14;"missed time 2026.267.18:00:00 : vlbi_scan(t_mins=6,targetSource='MRK501')
2026.268.20:51:14;"#     scan ends at 2026.267.18:06:00
2026.268.20:51:14;"
2026.268.20:51:14;"# ### Block for 3C345 scan 3 'No0019' at 2026.267.18:15:00 in 540s ##############
2026.268.20:51:14;"#
2026.268.20:51:14;"# OPERATOR free 6 min 35 sec until VLBI calibrations to start at 2026.267.18:12:25
2026.268.20:51:14;"#
2026.268.20:51:14;"missed time 2026.267.18:06:00 : print('You have 6 min 35 sec until the next VLBI calibration scan at 2026.267.18:12:25.')
2026.268.20:51:14;"missed time 2026.267.18:12:25 : source('3C345',cats='user'); go(); track()
2026.268.20:51:14;"missed time 2026.267.18:12:50 : vlbi_tsys()
2026.268.20:51:14;"missed time 2026.267.18:14:15 : vlbi_reference_scan()
2026.268.20:51:14;"#                      gap        max ~0 min 10 sec
2026.268.20:51:14;"missed time 2026.267.18:15:00 : vlbi_scan(t_mins=3,targetSource='3C345')
2026.268.20:51:14;"#     scan ends at 2026.267.18:18:00
2026.268.20:51:14;"
2026.268.20:51:14;"# ### Block for MRK501 scan 4 'No0020' at 2026.267.18:20:00 in 120s #############
2026.268.20:51:14;"missed time 2026.267.18:18:00 : source('MRK501',cats='user'); go(); track()
2026.268.20:51:14;"missed time 2026.267.18:18:25 : vlbi_tsys()
2026.268.20:51:14;"#                      gap        max ~0 min 10 sec
2026.268.20:51:14;"missed time 2026.267.18:20:00 : vlbi_scan(t_mins=6,targetSource='MRK501')
2026.268.20:51:14;"#     scan ends at 2026.267.18:26:00
2026.268.20:51:14;"
2026.268.20:51:14;"# ### Block for 3C345 scan 5 'No0022' at 2026.267.18:35:00 in 540s ##############
2026.268.20:51:14;"#
2026.268.20:51:14;"# OPERATOR free 6 min 35 sec until VLBI calibrations to start at 2026.267.18:32:25
2026.268.20:51:14;"#
2026.268.20:51:14;"missed time 2026.267.18:26:00 : print('You have 6 min 35 sec until the next VLBI calibration scan at 2026.267.18:32:25.')
2026.268.20:51:14;"missed time 2026.267.18:32:25 : source('3C345',cats='user'); go(); track()
2026.268.20:51:14;"missed time 2026.267.18:32:50 : vlbi_tsys()
2026.268.20:51:14;"missed time 2026.267.18:34:15 : vlbi_reference_scan()
2026.268.20:51:14;"#                      gap        max ~0 min 10 sec
2026.268.20:51:14;"missed time 2026.267.18:35:00 : vlbi_scan(t_mins=3,targetSource='3C345')
2026.268.20:51:14;"#     scan ends at 2026.267.18:38:00
2026.268.20:51:14;"
2026.268.20:51:14;"# ### Block for MRK501 scan 6 'No0023' at 2026.267.18:40:00 in 120s #############
2026.268.20:51:14;"missed time 2026.267.18:38:00 : source('MRK501',cats='user'); go(); track()
2026.268.20:51:14;"missed time 2026.267.18:38:25 : vlbi_tsys()
2026.268.20:51:14;"#                      gap        max ~0 min 10 sec
2026.268.20:51:14;"missed time 2026.267.18:40:00 : vlbi_scan(t_mins=6,targetSource='MRK501')
2026.268.20:51:14;"#     scan ends at 2026.267.18:46:00
2026.268.20:51:14;"
2026.268.20:51:14;"# ### Block for 3C345 scan 7 'No0025' at 2026.267.18:55:00 in 540s ##############
2026.268.20:51:14;"#
2026.268.20:51:14;"# OPERATOR free 6 min 35 sec until VLBI calibrations to start at 2026.267.18:52:25
2026.268.20:51:14;"#
2026.268.20:51:14;"missed time 2026.267.18:46:00 : print('You have 6 min 35 sec until the next VLBI calibration scan at 2026.267.18:52:25.')
2026.268.20:51:14;"missed time 2026.267.18:52:25 : source('3C345',cats='user'); go(); track()
2026.268.20:51:14;"missed time 2026.267.18:52:50 : vlbi_tsys()
2026.268.20:51:14;"missed time 2026.267.18:54:15 : vlbi_reference_scan()
2026.268.20:51:14;"#                      gap        max ~0 min 10 sec
2026.268.20:51:14;"missed time 2026.267.18:55:00 : vlbi_scan(t_mins=3,targetSource='3C345')
2026.268.20:51:14;"#     scan ends at 2026.267.18:58:00
2026.268.20:51:14;"
2026.268.20:51:14;"# ### Block for MRK501 scan 8 'No0026' at 2026.267.19:00:00 in 120s #############
2026.268.20:51:14;"missed time 2026.267.18:58:00 : source('MRK501',cats='user'); go(); track()
2026.268.20:51:14;"missed time 2026.267.18:58:25 : vlbi_tsys()
2026.268.20:51:14;"#                      gap        max ~0 min 10 sec
2026.268.20:51:14;"missed time 2026.267.19:00:00 : vlbi_scan(t_mins=6,targetSource='MRK501')
2026.268.20:51:14;"#     scan ends at 2026.267.19:06:00
2026.268.20:51:14;"
2026.268.20:51:14;"# ### Block for 3C345 scan 9 'No0028' at 2026.267.19:15:00 in 540s ##############
2026.268.20:51:14;"#
2026.268.20:51:14;"# OPERATOR free 6 min 35 sec until VLBI calibrations to start at 2026.267.19:12:25
2026.268.20:51:14;"#
2026.268.20:51:14;"missed time 2026.267.19:06:00 : print('You have 6 min 35 sec until the next VLBI calibration scan at 2026.267.19:12:25.')
2026.268.20:51:14;"missed time 2026.267.19:12:25 : source('3C345',cats='user'); go(); track()
2026.268.20:51:14;"missed time 2026.267.19:12:50 : vlbi_tsys()
2026.268.20:51:14;"missed time 2026.267.19:14:15 : vlbi_reference_scan()
2026.268.20:51:14;"#                      gap        max ~0 min 10 sec
2026.268.20:51:14;"missed time 2026.267.19:15:00 : vlbi_scan(t_mins=3,targetSource='3C345')
2026.268.20:51:14;"#     scan ends at 2026.267.19:18:00
2026.268.20:51:14;"
2026.268.20:51:14;"# ### Block for MRK501 scan 10 'No0029' at 2026.267.19:20:00 in 120s ############
2026.268.20:51:14;"missed time 2026.267.19:18:00 : source('MRK501',cats='user'); go(); track()
2026.268.20:51:14;"missed time 2026.267.19:18:25 : vlbi_tsys()
2026.268.20:51:14;"#                      gap        max ~0 min 10 sec
2026.268.20:51:14;"missed time 2026.267.19:20:00 : vlbi_scan(t_mins=6,targetSource='MRK501')
2026.268.20:51:14;"#     scan ends at 2026.267.19:26:00
2026.268.20:51:14;"
2026.268.20:51:14;"# ### Block for 3C345 scan 11 'No0031' at 2026.267.19:35:00 in 540s #############
2026.268.20:51:14;"#
2026.268.20:51:14;"# OPERATOR free 6 min 35 sec until VLBI calibrations to start at 2026.267.19:32:25
2026.268.20:51:14;"#
2026.268.20:51:14;"missed time 2026.267.19:26:00 : print('You have 6 min 35 sec until the next VLBI calibration scan at 2026.267.19:32:25.')
2026.268.20:51:14;"missed time 2026.267.19:32:25 : source('3C345',cats='user'); go(); track()
2026.268.20:51:14;"missed time 2026.267.19:32:50 : vlbi_tsys()
2026.268.20:51:14;"missed time 2026.267.19:34:15 : vlbi_reference_scan()
2026.268.20:51:14;"#                      gap        max ~0 min 10 sec
2026.268.20:51:14;"missed time 2026.267.19:35:00 : vlbi_scan(t_mins=3,targetSource='3C345')
2026.268.20:51:14;"#     scan ends at 2026.267.19:38:00
2026.268.20:51:14;"
2026.268.20:51:14;"# ### Block for MRK501 scan 12 'No0032' at 2026.267.19:40:00 in 120s ############
2026.268.20:51:14;"missed time 2026.267.19:38:00 : source('MRK501',cats='user'); go(); track()
2026.268.20:51:14;"missed time 2026.267.19:38:25 : vlbi_tsys()
2026.268.20:51:14;"#                      gap        max ~0 min 10 sec
2026.268.20:51:14;"missed time 2026.267.19:40:00 : vlbi_scan(t_mins=6,targetSource='MRK501')
2026.268.20:51:14;"#     scan ends at 2026.267.19:46:00
2026.268.20:51:14;"
2026.268.20:51:14;"# ### Block for 3C345 scan 13 'No0034' at 2026.267.19:55:00 in 540s #############
2026.268.20:51:14;"#
2026.268.20:51:14;"# OPERATOR free 6 min 35 sec until VLBI calibrations to start at 2026.267.19:52:25
2026.268.20:51:14;"#
2026.268.20:51:14;"missed time 2026.267.19:46:00 : print('You have 6 min 35 sec until the next VLBI calibration scan at 2026.267.19:52:25.')
2026.268.20:51:14;"missed time 2026.267.19:52:25 : source('3C345',cats='user'); go(); track()
2026.268.20:51:14;"missed time 2026.267.19:52:50 : vlbi_tsys()
2026.268.20:51:14;"missed time 2026.267.19:54:15 : vlbi_reference_scan()
2026.268.20:51:14;"#                      gap        max ~0 min 10 sec
2026.268.20:51:14;"missed time 2026.267.19:55:00 : vlbi_scan(t_mins=3,targetSource='3C345')
2026.268.20:51:14;"#     scan ends at 2026.267.19:58:00
2026.268.20:51:14;"
2026.268.20:51:14;"# ### Block for MRK501 scan 14 'No0035' at 2026.267.20:00:00 in 120s ############
2026.268.20:51:14;"missed time 2026.267.19:58:00 : source('MRK501',cats='user'); go(); track()
2026.268.20:51:14;"missed time 2026.267.19:58:25 : vlbi_tsys()
2026.268.20:51:14;"#                      gap        max ~0 min 10 sec
2026.268.20:51:14;"missed time 2026.267.20:00:00 : vlbi_scan(t_mins=6,targetSource='MRK501')
2026.268.20:51:14;"#     scan ends at 2026.267.20:06:00
2026.268.20:51:14;"
2026.268.20:51:14;"# ### Block for 3C345 scan 15 'No0037' at 2026.267.20:15:00 in 540s #############
2026.268.20:51:14;"#
2026.268.20:51:14;"# OPERATOR free 6 min 35 sec until VLBI calibrations to start at 2026.267.20:12:25
2026.268.20:51:14;"#
2026.268.20:51:14;"missed time 2026.267.20:06:00 : print('You have 6 min 35 sec until the next VLBI calibration scan at 2026.267.20:12:25.')
2026.268.20:51:14;"missed time 2026.267.20:12:25 : source('3C345',cats='user'); go(); track()
2026.268.20:51:14;"missed time 2026.267.20:12:50 : vlbi_tsys()
2026.268.20:51:14;"missed time 2026.267.20:14:15 : vlbi_reference_scan()
2026.268.20:51:14;"#                      gap        max ~0 min 10 sec
2026.268.20:51:14;"missed time 2026.267.20:15:00 : vlbi_scan(t_mins=3,targetSource='3C345')
2026.268.20:51:14;"#     scan ends at 2026.267.20:18:00
2026.268.20:51:14;"
2026.268.20:51:14;"# ### Block for MRK501 scan 16 'No0038' at 2026.267.20:20:00 in 120s ############
2026.268.20:51:14;"missed time 2026.267.20:18:00 : source('MRK501',cats='user'); go(); track()
2026.268.20:51:14;"missed time 2026.267.20:18:25 : vlbi_tsys()
2026.268.20:51:14;"#                      gap        max ~0 min 10 sec
2026.268.20:51:14;"missed time 2026.267.20:20:00 : vlbi_scan(t_mins=6,targetSource='MRK501')
2026.268.20:51:14;"#     scan ends at 2026.267.20:26:00
2026.268.20:51:14;"
2026.268.20:51:14;"# ### Block for 3C345 scan 17 'No0040' at 2026.267.20:35:00 in 540s #############
2026.268.20:51:14;"#
2026.268.20:51:14;"# OPERATOR free 6 min 35 sec until VLBI calibrations to start at 2026.267.20:32:25
2026.268.20:51:14;"#
2026.268.20:51:14;"missed time 2026.267.20:26:00 : print('You have 6 min 35 sec until the next VLBI calibration scan at 2026.267.20:32:25.')
2026.268.20:51:14;"missed time 2026.267.20:32:25 : source('3C345',cats='user'); go(); track()
2026.268.20:51:14;"missed time 2026.267.20:32:50 : vlbi_tsys()
2026.268.20:51:14;"missed time 2026.267.20:34:15 : vlbi_reference_scan()
2026.268.20:51:14;"#                      gap        max ~0 min 10 sec
2026.268.20:51:14;"missed time 2026.267.20:35:00 : vlbi_scan(t_mins=3,targetSource='3C345')
2026.268.20:51:14;"#     scan ends at 2026.267.20:38:00
2026.268.20:51:14;"
2026.268.20:51:14;"# ### Block for MRK501 scan 18 'No0041' at 2026.267.20:40:00 in 120s ############
2026.268.20:51:14;"missed time 2026.267.20:38:00 : source('MRK501',cats='user'); go(); track()
2026.268.20:51:14;"missed time 2026.267.20:38:25 : vlbi_tsys()
2026.268.20:51:14;"#                      gap        max ~0 min 10 sec
2026.268.20:51:14;"missed time 2026.267.20:40:00 : vlbi_scan(t_mins=6,targetSource='MRK501')
2026.268.20:51:14;"#     scan ends at 2026.267.20:46:00
2026.268.20:51:14;"
2026.268.20:51:14;"# ### Block for 3C345 scan 19 'No0043' at 2026.267.20:55:00 in 540s #############
2026.268.20:51:14;"#
2026.268.20:51:14;"# OPERATOR free 6 min 35 sec until VLBI calibrations to start at 2026.267.20:52:25
2026.268.20:51:14;"#
2026.268.20:51:14;"missed time 2026.267.20:46:00 : print('You have 6 min 35 sec until the next VLBI calibration scan at 2026.267.20:52:25.')
2026.268.20:51:14;"missed time 2026.267.20:52:25 : source('3C345',cats='user'); go(); track()
2026.268.20:51:14;"missed time 2026.267.20:52:50 : vlbi_tsys()
2026.268.20:51:14;"missed time 2026.267.20:54:15 : vlbi_reference_scan()
2026.268.20:51:14;"#                      gap        max ~0 min 10 sec
2026.268.20:51:14;"missed time 2026.267.20:55:00 : vlbi_scan(t_mins=3,targetSource='3C345')
2026.268.20:51:14;"#     scan ends at 2026.267.20:58:00
2026.268.20:51:14;"
2026.268.20:51:14;"# ### Block for MRK501 scan 20 'No0044' at 2026.267.21:00:00 in 120s ############
2026.268.20:51:14;"missed time 2026.267.20:58:00 : source('MRK501',cats='user'); go(); track()
2026.268.20:51:14;"missed time 2026.267.20:58:25 : vlbi_tsys()
2026.268.20:51:14;"#                      gap        max ~0 min 10 sec
2026.268.20:51:14;"missed time 2026.267.21:00:00 : vlbi_scan(t_mins=6,targetSource='MRK501')
2026.268.20:51:14;"#     scan ends at 2026.267.21:06:00
2026.268.20:51:14;"
2026.268.20:51:14;"# ### Block for 3C345 scan 21 'No0046' at 2026.267.21:15:00 in 540s #############
2026.268.20:51:14;"#
2026.268.20:51:14;"# OPERATOR free 6 min 35 sec until VLBI calibrations to start at 2026.267.21:12:25
2026.268.20:51:14;"#
2026.268.20:51:14;"missed time 2026.267.21:06:00 : print('You have 6 min 35 sec until the next VLBI calibration scan at 2026.267.21:12:25.')
2026.268.20:51:14;"missed time 2026.267.21:12:25 : source('3C345',cats='user'); go(); track()
2026.268.20:51:14;"missed time 2026.267.21:12:50 : vlbi_tsys()
2026.268.20:51:14;"missed time 2026.267.21:14:15 : vlbi_reference_scan()
2026.268.20:51:14;"#                      gap        max ~0 min 10 sec
2026.268.20:51:14;"missed time 2026.267.21:15:00 : vlbi_scan(t_mins=3,targetSource='3C345')
2026.268.20:51:14;"#     scan ends at 2026.267.21:18:00
2026.268.20:51:14;"
2026.268.20:51:14;"# ### Block for MRK501 scan 22 'No0047' at 2026.267.21:20:00 in 120s ############
2026.268.20:51:14;"missed time 2026.267.21:18:00 : source('MRK501',cats='user'); go(); track()
2026.268.20:51:14;"missed time 2026.267.21:18:25 : vlbi_tsys()
2026.268.20:51:14;"#                      gap        max ~0 min 10 sec
2026.268.20:51:14;"missed time 2026.267.21:20:00 : vlbi_scan(t_mins=6,targetSource='MRK501')
2026.268.20:51:14;"#     scan ends at 2026.267.21:26:00
2026.268.20:51:14;"
2026.268.20:51:14;"# ### Block for 3C345 scan 23 'No0049' at 2026.267.21:35:00 in 540s #############
2026.268.20:51:14;"#
2026.268.20:51:14;"# OPERATOR free 6 min 35 sec until VLBI calibrations to start at 2026.267.21:32:25
2026.268.20:51:14;"#
2026.268.20:51:14;"missed time 2026.267.21:26:00 : print('You have 6 min 35 sec until the next VLBI calibration scan at 2026.267.21:32:25.')
2026.268.20:51:14;"missed time 2026.267.21:32:25 : source('3C345',cats='user'); go(); track()
2026.268.20:51:14;"missed time 2026.267.21:32:50 : vlbi_tsys()
2026.268.20:51:14;"missed time 2026.267.21:34:15 : vlbi_reference_scan()
2026.268.20:51:14;"#                      gap        max ~0 min 10 sec
2026.268.20:51:14;"missed time 2026.267.21:35:00 : vlbi_scan(t_mins=3,targetSource='3C345')
2026.268.20:51:14;"#     scan ends at 2026.267.21:38:00
2026.268.20:51:14;"
2026.268.20:51:14;"# ### Block for MRK501 scan 24 'No0050' at 2026.267.21:40:00 in 120s ############
2026.268.20:51:14;"missed time 2026.267.21:38:00 : source('MRK501',cats='user'); go(); track()
2026.268.20:51:14;"missed time 2026.267.21:38:25 : vlbi_tsys()
2026.268.20:51:14;"#                      gap        max ~0 min 10 sec
2026.268.20:51:14;"missed time 2026.267.21:40:00 : vlbi_scan(t_mins=6,targetSource='MRK501')
2026.268.20:51:14;"#     scan ends at 2026.267.21:46:00
2026.268.20:51:14;"
2026.268.20:51:14;"# ### Block for 3C345 scan 25 'No0052' at 2026.267.21:55:00 in 540s #############
2026.268.20:51:14;"#
2026.268.20:51:14;"# OPERATOR free 6 min 35 sec until VLBI calibrations to start at 2026.267.21:52:25
2026.268.20:51:14;"#
2026.268.20:51:14;"missed time 2026.267.21:46:00 : print('You have 6 min 35 sec until the next VLBI calibration scan at 2026.267.21:52:25.')
2026.268.20:51:14;"missed time 2026.267.21:52:25 : source('3C345',cats='user'); go(); track()
2026.268.20:51:14;"missed time 2026.267.21:52:50 : vlbi_tsys()
2026.268.20:51:14;"missed time 2026.267.21:54:15 : vlbi_reference_scan()
2026.268.20:51:14;"#                      gap        max ~0 min 10 sec
2026.268.20:51:14;"missed time 2026.267.21:55:00 : vlbi_scan(t_mins=3,targetSource='3C345')
2026.268.20:51:14;"#     scan ends at 2026.267.21:58:00
2026.268.20:51:14;"
2026.268.20:51:14;"# ### Block for MRK501 scan 26 'No0053' at 2026.267.22:00:00 in 120s ############
2026.268.20:51:14;"missed time 2026.267.21:58:00 : source('MRK501',cats='user'); go(); track()
2026.268.20:51:14;"missed time 2026.267.21:58:25 : vlbi_tsys()
2026.268.20:51:14;"#                      gap        max ~0 min 10 sec
2026.268.20:51:14;"missed time 2026.267.22:00:00 : vlbi_scan(t_mins=6,targetSource='MRK501')
2026.268.20:51:14;"#     scan ends at 2026.267.22:06:00
2026.268.20:51:14;"
2026.268.20:51:14;"# ### Block for 3C345 scan 27 'No0055' at 2026.267.22:15:00 in 540s #############
2026.268.20:51:14;"#
2026.268.20:51:14;"# OPERATOR free 6 min 35 sec until VLBI calibrations to start at 2026.267.22:12:25
2026.268.20:51:14;"#
2026.268.20:51:14;"missed time 2026.267.22:06:00 : print('You have 6 min 35 sec until the next VLBI calibration scan at 2026.267.22:12:25.')
2026.268.20:51:14;"missed time 2026.267.22:12:25 : source('3C345',cats='user'); go(); track()
2026.268.20:51:14;"missed time 2026.267.22:12:50 : vlbi_tsys()
2026.268.20:51:14;"missed time 2026.267.22:14:15 : vlbi_reference_scan()
2026.268.20:51:14;"#                      gap        max ~0 min 10 sec
2026.268.20:51:14;"missed time 2026.267.22:15:00 : vlbi_scan(t_mins=3,targetSource='3C345')
2026.268.20:51:14;"#     scan ends at 2026.267.22:18:00
2026.268.20:51:14;"
2026.268.20:51:14;"# ### Block for MRK501 scan 28 'No0056' at 2026.267.22:20:00 in 120s ############
2026.268.20:51:14;"missed time 2026.267.22:18:00 : source('MRK501',cats='user'); go(); track()
2026.268.20:51:14;"missed time 2026.267.22:18:25 : vlbi_tsys()
2026.268.20:51:14;"#                      gap        max ~0 min 10 sec
2026.268.20:51:14;"missed time 2026.267.22:20:00 : vlbi_scan(t_mins=6,targetSource='MRK501')
2026.268.20:51:14;"#     scan ends at 2026.267.22:26:00
2026.268.20:51:14;"
2026.268.20:51:14;"# ### Block for 3C345 scan 29 'No0058' at 2026.267.22:35:00 in 540s #############
2026.268.20:51:14;"#
2026.268.20:51:14;"# OPERATOR free 6 min 35 sec until VLBI calibrations to start at 2026.267.22:32:25
2026.268.20:51:14;"#
2026.268.20:51:14;"missed time 2026.267.22:26:00 : print('You have 6 min 35 sec until the next VLBI calibration scan at 2026.267.22:32:25.')
2026.268.20:51:14;"missed time 2026.267.22:32:25 : source('3C345',cats='user'); go(); track()
2026.268.20:51:14;"missed time 2026.267.22:32:50 : vlbi_tsys()
2026.268.20:51:14;"missed time 2026.267.22:34:15 : vlbi_reference_scan()
2026.268.20:51:14;"#                      gap        max ~0 min 10 sec
2026.268.20:51:14;"missed time 2026.267.22:35:00 : vlbi_scan(t_mins=3,targetSource='3C345')
2026.268.20:51:14;"#     scan ends at 2026.267.22:38:00
2026.268.20:51:14;"
2026.268.20:51:14;"# ### Block for MRK501 scan 30 'No0059' at 2026.267.22:40:00 in 120s ############
2026.268.20:51:14;"missed time 2026.267.22:38:00 : source('MRK501',cats='user'); go(); track()
2026.268.20:51:14;"missed time 2026.267.22:38:25 : vlbi_tsys()
2026.268.20:51:14;"#                      gap        max ~0 min 10 sec
2026.268.20:51:14;"missed time 2026.267.22:40:00 : vlbi_scan(t_mins=6,targetSource='MRK501')
2026.268.20:51:14;"#     scan ends at 2026.267.22:46:00
2026.268.20:51:14;"
2026.268.20:51:14;"# ### Block for 3C345 scan 31 'No0063' at 2026.267.22:55:01 in 541s #############
2026.268.20:51:14;"#
2026.268.20:51:14;"# OPERATOR free 6 min 36 sec until VLBI calibrations to start at 2026.267.22:52:26
2026.268.20:51:14;"#
2026.268.20:51:14;"missed time 2026.267.22:46:00 : print('You have 6 min 36 sec until the next VLBI calibration scan at 2026.267.22:52:26.')
2026.268.20:51:14;"missed time 2026.267.22:52:26 : source('3C345',cats='user'); go(); track()
2026.268.20:51:14;"missed time 2026.267.22:52:51 : vlbi_tsys()
2026.268.20:51:14;"missed time 2026.267.22:54:16 : vlbi_reference_scan()
2026.268.20:51:14;"#                      gap        max ~0 min 10 sec
2026.268.20:51:14;"missed time 2026.267.22:55:01 : vlbi_scan(t_mins=3,targetSource='3C345')
2026.268.20:51:14;"#     scan ends at 2026.267.22:58:01
2026.268.20:51:14;"
2026.268.20:51:14;"# ### Block for MRK501 scan 32 'No0064' at 2026.267.23:00:01 in 120s ############
2026.268.20:51:14;"missed time 2026.267.22:58:01 : source('MRK501',cats='user'); go(); track()
2026.268.20:51:14;"missed time 2026.267.22:58:26 : vlbi_tsys()
2026.268.20:51:14;"#                      gap        max ~0 min 10 sec
2026.268.20:51:14;"missed time 2026.267.23:00:01 : vlbi_scan(t_mins=6,targetSource='MRK501')
2026.268.20:51:14;"#     scan ends at 2026.267.23:06:01
2026.268.20:51:14;"
2026.268.20:51:14;"# ### Block for 3C345 scan 33 'No0068' at 2026.267.23:15:01 in 540s #############
2026.268.20:51:14;"#
2026.268.20:51:14;"# OPERATOR free 6 min 35 sec until VLBI calibrations to start at 2026.267.23:12:26
2026.268.20:51:14;"#
2026.268.20:51:14;"missed time 2026.267.23:06:01 : print('You have 6 min 35 sec until the next VLBI calibration scan at 2026.267.23:12:26.')
2026.268.20:51:14;"missed time 2026.267.23:12:26 : source('3C345',cats='user'); go(); track()
2026.268.20:51:14;"missed time 2026.267.23:12:51 : vlbi_tsys()
2026.268.20:51:14;"missed time 2026.267.23:14:16 : vlbi_reference_scan()
2026.268.20:51:14;"#                      gap        max ~0 min 10 sec
2026.268.20:51:14;"missed time 2026.267.23:15:01 : vlbi_scan(t_mins=3,targetSource='3C345')
2026.268.20:51:14;"#     scan ends at 2026.267.23:18:01
2026.268.20:51:14;"
2026.268.20:51:14;"# ### Block for MRK501 scan 34 'No0069' at 2026.267.23:20:01 in 120s ############
2026.268.20:51:14;"missed time 2026.267.23:18:01 : source('MRK501',cats='user'); go(); track()
2026.268.20:51:14;"missed time 2026.267.23:18:26 : vlbi_tsys()
2026.268.20:51:14;"#                      gap        max ~0 min 10 sec
2026.268.20:51:14;"missed time 2026.267.23:20:01 : vlbi_scan(t_mins=6,targetSource='MRK501')
2026.268.20:51:14;"#     scan ends at 2026.267.23:26:01
2026.268.20:51:14;"
2026.268.20:51:14;"# ### Block for 3C345 scan 35 'No0073' at 2026.267.23:35:01 in 540s #############
2026.268.20:51:14;"#
2026.268.20:51:14;"# OPERATOR free 6 min 35 sec until VLBI calibrations to start at 2026.267.23:32:26
2026.268.20:51:14;"#
2026.268.20:51:14;"missed time 2026.267.23:26:01 : print('You have 6 min 35 sec until the next VLBI calibration scan at 2026.267.23:32:26.')
2026.268.20:51:14;"missed time 2026.267.23:32:26 : source('3C345',cats='user'); go(); track()
2026.268.20:51:14;"missed time 2026.267.23:32:51 : vlbi_tsys()
2026.268.20:51:14;"missed time 2026.267.23:34:16 : vlbi_reference_scan()
2026.268.20:51:14;"#                      gap        max ~0 min 10 sec
2026.268.20:51:14;"missed time 2026.267.23:35:01 : vlbi_scan(t_mins=3,targetSource='3C345')
2026.268.20:51:14;"#     scan ends at 2026.267.23:38:01
2026.268.20:51:14;"
2026.268.20:51:14;"# ### Block for MRK501 scan 36 'No0074' at 2026.267.23:40:01 in 120s ############
2026.268.20:51:14;"missed time 2026.267.23:38:01 : source('MRK501',cats='user'); go(); track()
2026.268.20:51:14;"missed time 2026.267.23:38:26 : vlbi_tsys()
2026.268.20:51:14;"#                      gap        max ~0 min 10 sec
2026.268.20:51:14;"missed time 2026.267.23:40:01 : vlbi_scan(t_mins=6,targetSource='MRK501')
2026.268.20:51:14;"#     scan ends at 2026.267.23:46:01
2026.268.20:51:14;"
2026.268.20:51:14;"# ### Block for BLLAC scan 37 'No0076' at 2026.267.23:55:40 in 579s #############
2026.268.20:51:14;"#
2026.268.20:51:14;"# OPERATOR free 7 min 14 sec until VLBI calibrations to start at 2026.267.23:53:05
2026.268.20:51:14;"#
2026.268.20:51:14;"missed time 2026.267.23:46:01 : print('You have 7 min 14 sec until the next VLBI calibration scan at 2026.267.23:53:05.')
2026.268.20:51:14;"missed time 2026.267.23:53:05 : source('BLLAC',cats='user'); go(); track()
2026.268.20:51:14;"missed time 2026.267.23:53:30 : vlbi_tsys()
2026.268.20:51:14;"missed time 2026.267.23:54:55 : vlbi_reference_scan()
2026.268.20:51:14;"#                      gap        max ~0 min 10 sec
2026.268.20:51:14;"missed time 2026.267.23:55:40 : vlbi_scan(t_mins=3,targetSource='BLLAC')
2026.268.20:51:14;"#     scan ends at 2026.267.23:58:40
2026.268.20:51:14;"
2026.268.20:51:14;"# ### Block for J2203+3145 scan 38 'No0077' at 2026.268.00:00:45 in 125s ########
2026.268.20:51:14;"missed time 2026.267.23:58:40 : source('J2203+3145',cats='user'); go(); track()
2026.268.20:51:14;"missed time 2026.267.23:59:05 : vlbi_tsys()
2026.268.20:51:14;"#                      gap        max ~0 min 15 sec
2026.268.20:51:14;"missed time 2026.268.00:00:45 : vlbi_scan(t_mins=7,targetSource='J2203+3145')
2026.268.20:51:14;"#     scan ends at 2026.268.00:07:45
2026.268.20:51:14;"
2026.268.20:51:14;"# ### Block for 3C454.3 scan 39 'No0078' at 2026.268.00:15:00 in 435s ###########
2026.268.20:51:14;"missed time 2026.268.00:12:25 : source('3C454.3',cats='user'); go(); track()
2026.268.20:51:14;"missed time 2026.268.00:12:50 : vlbi_tsys()
2026.268.20:51:14;"missed time 2026.268.00:14:15 : vlbi_reference_scan()
2026.268.20:51:14;"#                      gap        max ~0 min 10 sec
2026.268.20:51:14;"missed time 2026.268.00:15:00 : vlbi_scan(t_mins=7,targetSource='3C454.3')
2026.268.20:51:14;"#     scan ends at 2026.268.00:22:00
2026.268.20:51:14;"
2026.268.20:51:14;"# ### Block for BLLAC scan 40 'No0079' at 2026.268.00:30:00 in 480s #############
2026.268.20:51:14;"missed time 2026.268.00:27:25 : source('BLLAC',cats='user'); go(); track()
2026.268.20:51:14;"missed time 2026.268.00:27:50 : vlbi_tsys()
2026.268.20:51:14;"missed time 2026.268.00:29:15 : vlbi_reference_scan()
2026.268.20:51:14;"#                      gap        max ~0 min 10 sec
2026.268.20:51:14;"missed time 2026.268.00:30:00 : vlbi_scan(t_mins=3,targetSource='BLLAC')
2026.268.20:51:14;"#     scan ends at 2026.268.00:33:00
2026.268.20:51:14;"
2026.268.20:51:14;"# ### Block for J2203+3145 scan 41 'No0080' at 2026.268.00:35:20 in 140s ########
2026.268.20:51:14;"missed time 2026.268.00:33:00 : source('J2203+3145',cats='user'); go(); track()
2026.268.20:51:14;"missed time 2026.268.00:33:25 : vlbi_tsys()
2026.268.20:51:14;"#                      gap        max ~0 min 30 sec
2026.268.20:51:14;"missed time 2026.268.00:35:20 : vlbi_scan(t_mins=7,targetSource='J2203+3145')
2026.268.20:51:14;"#     scan ends at 2026.268.00:42:20
2026.268.20:51:14;"
2026.268.20:51:14;"# ### Block for BLLAC scan 42 'No0081' at 2026.268.00:50:00 in 460s #############
2026.268.20:51:14;"missed time 2026.268.00:47:25 : source('BLLAC',cats='user'); go(); track()
2026.268.20:51:14;"missed time 2026.268.00:47:50 : vlbi_tsys()
2026.268.20:51:14;"missed time 2026.268.00:49:15 : vlbi_reference_scan()
2026.268.20:51:14;"#                      gap        max ~0 min 10 sec
2026.268.20:51:14;"missed time 2026.268.00:50:00 : vlbi_scan(t_mins=3,targetSource='BLLAC')
2026.268.20:51:14;"#     scan ends at 2026.268.00:53:00
2026.268.20:51:14;"
2026.268.20:51:14;"# ### Block for J2203+3145 scan 43 'No0082' at 2026.268.00:55:20 in 140s ########
2026.268.20:51:14;"missed time 2026.268.00:53:00 : source('J2203+3145',cats='user'); go(); track()
2026.268.20:51:14;"missed time 2026.268.00:53:25 : vlbi_tsys()
2026.268.20:51:14;"#                      gap        max ~0 min 30 sec
2026.268.20:51:14;"missed time 2026.268.00:55:20 : vlbi_scan(t_mins=7,targetSource='J2203+3145')
2026.268.20:51:14;"#     scan ends at 2026.268.01:02:20
2026.268.20:51:14;"
2026.268.20:51:14;"# ### Block for BLLAC scan 44 'No0083' at 2026.268.01:10:00 in 460s #############
2026.268.20:51:14;"missed time 2026.268.01:07:25 : source('BLLAC',cats='user'); go(); track()
2026.268.20:51:14;"missed time 2026.268.01:07:50 : vlbi_tsys()
2026.268.20:51:14;"missed time 2026.268.01:09:15 : vlbi_reference_scan()
2026.268.20:51:14;"#                      gap        max ~0 min 10 sec
2026.268.20:51:14;"missed time 2026.268.01:10:00 : vlbi_scan(t_mins=3,targetSource='BLLAC')
2026.268.20:51:14;"#     scan ends at 2026.268.01:13:00
2026.268.20:51:14;"
2026.268.20:51:14;"# ### Block for J2203+3145 scan 45 'No0084' at 2026.268.01:15:20 in 140s ########
2026.268.20:51:14;"missed time 2026.268.01:13:00 : source('J2203+3145',cats='user'); go(); track()
2026.268.20:51:14;"missed time 2026.268.01:13:25 : vlbi_tsys()
2026.268.20:51:14;"#                      gap        max ~0 min 30 sec
2026.268.20:51:14;"missed time 2026.268.01:15:20 : vlbi_scan(t_mins=7,targetSource='J2203+3145')
2026.268.20:51:14;"#     scan ends at 2026.268.01:22:20
2026.268.20:51:14;"
2026.268.20:51:14;"# ### Block for BLLAC scan 46 'No0085' at 2026.268.01:30:00 in 460s #############
2026.268.20:51:14;"missed time 2026.268.01:27:25 : source('BLLAC',cats='user'); go(); track()
2026.268.20:51:14;"missed time 2026.268.01:27:50 : vlbi_tsys()
2026.268.20:51:14;"missed time 2026.268.01:29:15 : vlbi_reference_scan()
2026.268.20:51:14;"#                      gap        max ~0 min 10 sec
2026.268.20:51:14;"missed time 2026.268.01:30:00 : vlbi_scan(t_mins=3,targetSource='BLLAC')
2026.268.20:51:14;"#     scan ends at 2026.268.01:33:00
2026.268.20:51:14;"
2026.268.20:51:14;"# ### Block for J2203+3145 scan 47 'No0086' at 2026.268.01:35:00 in 120s ########
2026.268.20:51:14;"missed time 2026.268.01:33:00 : source('J2203+3145',cats='user'); go(); track()
2026.268.20:51:14;"missed time 2026.268.01:33:25 : vlbi_tsys()
2026.268.20:51:14;"#                      gap        max ~0 min 10 sec
2026.268.20:51:14;"missed time 2026.268.01:35:00 : vlbi_scan(t_mins=7,targetSource='J2203+3145')
2026.268.20:51:14;"#     scan ends at 2026.268.01:42:00
2026.268.20:51:14;"
2026.268.20:51:14;"# ### Block for 3C454.3 scan 48 'No0087' at 2026.268.01:50:00 in 480s ###########
2026.268.20:51:14;"missed time 2026.268.01:47:25 : source('3C454.3',cats='user'); go(); track()
2026.268.20:51:14;"missed time 2026.268.01:47:50 : vlbi_tsys()
2026.268.20:51:14;"missed time 2026.268.01:49:15 : vlbi_reference_scan()
2026.268.20:51:14;"#                      gap        max ~0 min 10 sec
2026.268.20:51:14;"missed time 2026.268.01:50:00 : vlbi_scan(t_mins=3,targetSource='3C454.3')
2026.268.20:51:14;"#     scan ends at 2026.268.01:53:00
2026.268.20:51:14;"
2026.268.20:51:14;"# ### Block for J2203+3145 scan 49 'No0088' at 2026.268.01:55:20 in 140s ########
2026.268.20:51:14;"missed time 2026.268.01:53:00 : source('J2203+3145',cats='user'); go(); track()
2026.268.20:51:14;"missed time 2026.268.01:53:25 : vlbi_tsys()
2026.268.20:51:14;"#                      gap        max ~0 min 30 sec
2026.268.20:51:14;"missed time 2026.268.01:55:20 : vlbi_scan(t_mins=7,targetSource='J2203+3145')
2026.268.20:51:14;"#     scan ends at 2026.268.02:02:20
2026.268.20:51:14;"
2026.268.20:51:14;"# ### Block for BLLAC scan 50 'No0089' at 2026.268.02:10:00 in 460s #############
2026.268.20:51:14;"missed time 2026.268.02:07:25 : source('BLLAC',cats='user'); go(); track()
2026.268.20:51:14;"missed time 2026.268.02:07:50 : vlbi_tsys()
2026.268.20:51:14;"missed time 2026.268.02:09:15 : vlbi_reference_scan()
2026.268.20:51:14;"#                      gap        max ~0 min 10 sec
2026.268.20:51:14;"missed time 2026.268.02:10:00 : vlbi_scan(t_mins=3,targetSource='BLLAC')
2026.268.20:51:14;"#     scan ends at 2026.268.02:13:00
2026.268.20:51:14;"
2026.268.20:51:14;"# ### Block for J2203+3145 scan 51 'No0090' at 2026.268.02:15:00 in 120s ########
2026.268.20:51:14;"missed time 2026.268.02:13:00 : source('J2203+3145',cats='user'); go(); track()
2026.268.20:51:14;"missed time 2026.268.02:13:25 : vlbi_tsys()
2026.268.20:51:14;"#                      gap        max ~0 min 10 sec
2026.268.20:51:14;"missed time 2026.268.02:15:00 : vlbi_scan(t_mins=7,targetSource='J2203+3145')
2026.268.20:51:14;"#     scan ends at 2026.268.02:22:00
2026.268.20:51:14;"
2026.268.20:51:14;"# ### Block for BLLAC scan 52 'No0091' at 2026.268.02:30:00 in 480s #############
2026.268.20:51:14;"missed time 2026.268.02:27:25 : source('BLLAC',cats='user'); go(); track()
2026.268.20:51:14;"missed time 2026.268.02:27:50 : vlbi_tsys()
2026.268.20:51:14;"missed time 2026.268.02:29:15 : vlbi_reference_scan()
2026.268.20:51:14;"#                      gap        max ~0 min 10 sec
2026.268.20:51:14;"missed time 2026.268.02:30:00 : vlbi_scan(t_mins=3,targetSource='BLLAC')
2026.268.20:51:14;"#     scan ends at 2026.268.02:33:00
2026.268.20:51:14;"
2026.268.20:51:14;"# ### Block for J2203+3145 scan 53 'No0092' at 2026.268.02:35:00 in 120s ########
2026.268.20:51:14;"missed time 2026.268.02:33:00 : source('J2203+3145',cats='user'); go(); track()
2026.268.20:51:14;"missed time 2026.268.02:33:25 : vlbi_tsys()
2026.268.20:51:14;"#                      gap        max ~0 min 10 sec
2026.268.20:51:14;"missed time 2026.268.02:35:00 : vlbi_scan(t_mins=7,targetSource='J2203+3145')
2026.268.20:51:14;"#     scan ends at 2026.268.02:42:00
2026.268.20:51:14;"
2026.268.20:51:14;"# ### Block for BLLAC scan 54 'No0093' at 2026.268.02:50:00 in 480s #############
2026.268.20:51:14;"missed time 2026.268.02:47:25 : source('BLLAC',cats='user'); go(); track()
2026.268.20:51:14;"missed time 2026.268.02:47:50 : vlbi_tsys()
2026.268.20:51:14;"missed time 2026.268.02:49:15 : vlbi_reference_scan()
2026.268.20:51:14;"#                      gap        max ~0 min 10 sec
2026.268.20:51:14;"missed time 2026.268.02:50:00 : vlbi_scan(t_mins=3,targetSource='BLLAC')
2026.268.20:51:14;"#     scan ends at 2026.268.02:53:00
2026.268.20:51:14;"
2026.268.20:51:14;"# ### Block for J2203+3145 scan 55 'No0094' at 2026.268.02:55:00 in 120s ########
2026.268.20:51:14;"missed time 2026.268.02:53:00 : source('J2203+3145',cats='user'); go(); track()
2026.268.20:51:14;"missed time 2026.268.02:53:25 : vlbi_tsys()
2026.268.20:51:14;"#                      gap        max ~0 min 10 sec
2026.268.20:51:14;"missed time 2026.268.02:55:00 : vlbi_scan(t_mins=7,targetSource='J2203+3145')
2026.268.20:51:14;"#     scan ends at 2026.268.03:02:00
2026.268.20:51:14;"
2026.268.20:51:14;"# ### Block for 3C454.3 scan 56 'No0095' at 2026.268.03:10:00 in 480s ###########
2026.268.20:51:14;"missed time 2026.268.03:07:25 : source('3C454.3',cats='user'); go(); track()
2026.268.20:51:14;"missed time 2026.268.03:07:50 : vlbi_tsys()
2026.268.20:51:14;"missed time 2026.268.03:09:15 : vlbi_reference_scan()
2026.268.20:51:14;"#                      gap        max ~0 min 10 sec
2026.268.20:51:14;"missed time 2026.268.03:10:00 : vlbi_scan(t_mins=3,targetSource='3C454.3')
2026.268.20:51:14;"#     scan ends at 2026.268.03:13:00
2026.268.20:51:14;"
2026.268.20:51:14;"# ### Block for J2203+3145 scan 57 'No0096' at 2026.268.03:15:00 in 120s ########
2026.268.20:51:14;"missed time 2026.268.03:13:00 : source('J2203+3145',cats='user'); go(); track()
2026.268.20:51:14;"missed time 2026.268.03:13:25 : vlbi_tsys()
2026.268.20:51:14;"#                      gap        max ~0 min 10 sec
2026.268.20:51:14;"missed time 2026.268.03:15:00 : vlbi_scan(t_mins=7,targetSource='J2203+3145')
2026.268.20:51:14;"#     scan ends at 2026.268.03:22:00
2026.268.20:51:14;"
2026.268.20:51:14;"# ### Block for BLLAC scan 58 'No0097' at 2026.268.03:28:00 in 360s #############
2026.268.20:51:14;"missed time 2026.268.03:25:25 : source('BLLAC',cats='user'); go(); track()
2026.268.20:51:14;"missed time 2026.268.03:25:50 : vlbi_tsys()
2026.268.20:51:14;"missed time 2026.268.03:27:15 : vlbi_reference_scan()
2026.268.20:51:14;"#                      gap        max ~0 min 10 sec
2026.268.20:51:14;"missed time 2026.268.03:28:00 : vlbi_scan(t_mins=3,targetSource='BLLAC')
2026.268.20:51:14;"#     scan ends at 2026.268.03:31:00
2026.268.20:51:14;"
2026.268.20:51:14;"# ### Block for J2203+3145 scan 59 'No0098' at 2026.268.03:32:40 in 100s ########
2026.268.20:51:14;"missed time 2026.268.03:31:00 : source('J2203+3145',cats='user'); go(); track()
2026.268.20:51:14;"missed time 2026.268.03:31:25 : vlbi_tsys(mode_='HOT',time_s=5)
2026.268.20:51:14;"missed time 2026.268.03:31:52 : vlbi_reference_scan()
2026.268.20:51:14;"#                      gap        max ~0 min 13 sec
2026.268.20:51:14;"missed time 2026.268.03:32:40 : vlbi_scan(t_mins=5,targetSource='J2203+3145')
2026.268.20:51:14;"#     scan ends at 2026.268.03:37:40
2026.268.20:51:14;"
2026.268.20:51:14;"# ### Block for BLLAC scan 60 'No0101' at 2026.268.03:43:00 in 320s #############
2026.268.20:51:14;"missed time 2026.268.03:40:25 : source('BLLAC',cats='user'); go(); track()
2026.268.20:51:14;"missed time 2026.268.03:40:50 : vlbi_tsys()
2026.268.20:51:14;"missed time 2026.268.03:42:15 : vlbi_reference_scan()
2026.268.20:51:14;"#                      gap        max ~0 min 10 sec
2026.268.20:51:14;"missed time 2026.268.03:43:00 : vlbi_scan(t_mins=3,targetSource='BLLAC')
2026.268.20:51:14;"#     scan ends at 2026.268.03:46:00
2026.268.20:51:14;"
2026.268.20:51:14;"# ### Block for J2203+3145 scan 61 'No0102' at 2026.268.03:47:40 in 100s ########
2026.268.20:51:14;"missed time 2026.268.03:46:00 : source('J2203+3145',cats='user'); go(); track()
2026.268.20:51:14;"missed time 2026.268.03:46:25 : vlbi_tsys(mode_='HOT',time_s=5)
2026.268.20:51:14;"missed time 2026.268.03:46:52 : vlbi_reference_scan()
2026.268.20:51:14;"#                      gap        max ~0 min 13 sec
2026.268.20:51:14;"missed time 2026.268.03:47:40 : vlbi_scan(t_mins=6,targetSource='J2203+3145')
2026.268.20:51:14;"#     scan ends at 2026.268.03:53:40
2026.268.20:51:14;"
2026.268.20:51:14;"# ### Block for BLLAC scan 62 'No0105' at 2026.268.04:00:00 in 380s #############
2026.268.20:51:14;"missed time 2026.268.03:57:25 : source('BLLAC',cats='user'); go(); track()
2026.268.20:51:14;"missed time 2026.268.03:57:50 : vlbi_tsys()
2026.268.20:51:14;"missed time 2026.268.03:59:15 : vlbi_reference_scan()
2026.268.20:51:14;"#                      gap        max ~0 min 10 sec
2026.268.20:51:14;"missed time 2026.268.04:00:00 : vlbi_scan(t_mins=3,targetSource='BLLAC')
2026.268.20:51:14;"#     scan ends at 2026.268.04:03:00
2026.268.20:51:14;"
2026.268.20:51:14;"# ### Block for J2203+3145 scan 63 'No0106' at 2026.268.04:06:20 in 200s ########
2026.268.20:51:14;"missed time 2026.268.04:03:00 : source('J2203+3145',cats='user'); go(); track()
2026.268.20:51:14;"missed time 2026.268.04:03:25 : vlbi_tsys()
2026.268.20:51:14;"missed time 2026.268.04:04:50 : vlbi_reference_scan()
2026.268.20:51:14;"#                      gap        max ~0 min 55 sec
2026.268.20:51:14;"missed time 2026.268.04:06:20 : vlbi_scan(t_mins=6,targetSource='J2203+3145')
2026.268.20:51:14;"#     scan ends at 2026.268.04:12:20
2026.268.20:51:14;"
2026.268.20:51:14;"# ### Block for 3C454.3 scan 64 'No0109' at 2026.268.04:20:00 in 460s ###########
2026.268.20:51:14;"missed time 2026.268.04:17:25 : source('3C454.3',cats='user'); go(); track()
2026.268.20:51:14;"missed time 2026.268.04:17:50 : vlbi_tsys()
2026.268.20:51:14;"missed time 2026.268.04:19:15 : vlbi_reference_scan()
2026.268.20:51:14;"#                      gap        max ~0 min 10 sec
2026.268.20:51:14;"missed time 2026.268.04:20:00 : vlbi_scan(t_mins=3,targetSource='3C454.3')
2026.268.20:51:14;"#     scan ends at 2026.268.04:23:00
2026.268.20:51:14;"
2026.268.20:51:14;"# ### Block for J2203+3145 scan 65 'No0110' at 2026.268.04:24:40 in 100s ########
2026.268.20:51:14;"missed time 2026.268.04:23:00 : source('J2203+3145',cats='user'); go(); track()
2026.268.20:51:14;"missed time 2026.268.04:23:25 : vlbi_tsys(mode_='HOT',time_s=5)
2026.268.20:51:14;"missed time 2026.268.04:23:52 : vlbi_reference_scan()
2026.268.20:51:14;"#                      gap        max ~0 min 13 sec
2026.268.20:51:14;"missed time 2026.268.04:24:40 : vlbi_scan(t_mins=7,targetSource='J2203+3145')
2026.268.20:51:14;"#     scan ends at 2026.268.04:31:40
2026.268.20:51:14;"
2026.268.20:51:14;"# ### Block for BLLAC scan 66 'No0113' at 2026.268.04:40:00 in 500s #############
2026.268.20:51:14;"missed time 2026.268.04:37:25 : source('BLLAC',cats='user'); go(); track()
2026.268.20:51:14;"missed time 2026.268.04:37:50 : vlbi_tsys()
2026.268.20:51:14;"missed time 2026.268.04:39:15 : vlbi_reference_scan()
2026.268.20:51:14;"#                      gap        max ~0 min 10 sec
2026.268.20:51:14;"missed time 2026.268.04:40:00 : vlbi_scan(t_mins=3,targetSource='BLLAC')
2026.268.20:51:14;"#     scan ends at 2026.268.04:43:00
2026.268.20:51:14;"
2026.268.20:51:14;"# ### Block for J2203+3145 scan 67 'No0114' at 2026.268.04:44:55 in 115s ########
2026.268.20:51:14;"missed time 2026.268.04:43:00 : source('J2203+3145',cats='user'); go(); track()
2026.268.20:51:14;"missed time 2026.268.04:43:25 : vlbi_tsys()
2026.268.20:51:14;"#                      gap        max ~0 min 05 sec
2026.268.20:51:14;"missed time 2026.268.04:44:55 : vlbi_scan(t_mins=7,targetSource='J2203+3145')
2026.268.20:51:14;"#     scan ends at 2026.268.04:51:55
2026.268.20:51:14;"
2026.268.20:51:14;"# ### Block for BLLAC scan 68 'No0117' at 2026.268.05:00:00 in 485s #############
2026.268.20:51:14;"missed time 2026.268.04:57:25 : source('BLLAC',cats='user'); go(); track()
2026.268.20:51:14;"missed time 2026.268.04:57:50 : vlbi_tsys()
2026.268.20:51:14;"missed time 2026.268.04:59:15 : vlbi_reference_scan()
2026.268.20:51:14;"#                      gap        max ~0 min 10 sec
2026.268.20:51:14;"missed time 2026.268.05:00:00 : vlbi_scan(t_mins=3,targetSource='BLLAC')
2026.268.20:51:14;"#     scan ends at 2026.268.05:03:00
2026.268.20:51:14;"
2026.268.20:51:14;"# ### Block for J2203+3145 scan 69 'No0118' at 2026.268.05:06:00 in 180s ########
2026.268.20:51:14;"missed time 2026.268.05:03:00 : source('J2203+3145',cats='user'); go(); track()
2026.268.20:51:14;"missed time 2026.268.05:03:25 : vlbi_tsys()
2026.268.20:51:14;"missed time 2026.268.05:04:50 : vlbi_reference_scan()
2026.268.20:51:14;"#                      gap        max ~0 min 35 sec
2026.268.20:51:14;"missed time 2026.268.05:06:00 : vlbi_scan(t_mins=7,targetSource='J2203+3145')
2026.268.20:51:14;"#     scan ends at 2026.268.05:13:00
2026.268.20:51:14;"
2026.268.20:51:14;"# ### Block for 3C84 scan 70 'No0123' at 2026.268.05:20:01 in 421s ##############
2026.268.20:51:14;"missed time 2026.268.05:17:26 : source('3C84',cats='user'); go(); track()
2026.268.20:51:14;"missed time 2026.268.05:17:51 : vlbi_tsys()
2026.268.20:51:14;"missed time 2026.268.05:19:16 : vlbi_reference_scan()
2026.268.20:51:14;"#                      gap        max ~0 min 10 sec
2026.268.20:51:14;"missed time 2026.268.05:20:01 : vlbi_scan(t_mins=3,targetSource='3C84')
2026.268.20:51:14;"#     scan ends at 2026.268.05:23:01
2026.268.20:51:14;"
2026.268.20:51:14;"# ### Block for 3C111 scan 71 'No0124' at 2026.268.05:26:01 in 180s #############
2026.268.20:51:14;"missed time 2026.268.05:23:01 : source('3C111',cats='user'); go(); track()
2026.268.20:51:14;"missed time 2026.268.05:23:26 : vlbi_tsys()
2026.268.20:51:14;"missed time 2026.268.05:24:51 : vlbi_reference_scan()
2026.268.20:51:14;"#                      gap        max ~0 min 35 sec
2026.268.20:51:14;"missed time 2026.268.05:26:01 : vlbi_scan(t_mins=6,targetSource='3C111')
2026.268.20:51:14;"#     scan ends at 2026.268.05:32:01
2026.268.20:51:14;"
2026.268.20:51:14;"# ### Block for 3C84 scan 72 'No0127' at 2026.268.05:40:01 in 480s ##############
2026.268.20:51:14;"missed time 2026.268.05:37:26 : source('3C84',cats='user'); go(); track()
2026.268.20:51:14;"missed time 2026.268.05:37:51 : vlbi_tsys()
2026.268.20:51:14;"missed time 2026.268.05:39:16 : vlbi_reference_scan()
2026.268.20:51:14;"#                      gap        max ~0 min 10 sec
2026.268.20:51:14;"missed time 2026.268.05:40:01 : vlbi_scan(t_mins=3,targetSource='3C84')
2026.268.20:51:14;"#     scan ends at 2026.268.05:43:01
2026.268.20:51:14;"
2026.268.20:51:14;"# ### Block for 3C111 scan 73 'No0128' at 2026.268.05:46:01 in 180s #############
2026.268.20:51:14;"missed time 2026.268.05:43:01 : source('3C111',cats='user'); go(); track()
2026.268.20:51:14;"missed time 2026.268.05:43:26 : vlbi_tsys()
2026.268.20:51:14;"missed time 2026.268.05:44:51 : vlbi_reference_scan()
2026.268.20:51:14;"#                      gap        max ~0 min 35 sec
2026.268.20:51:14;"missed time 2026.268.05:46:01 : vlbi_scan(t_mins=6,targetSource='3C111')
2026.268.20:51:14;"#     scan ends at 2026.268.05:52:01
2026.268.20:51:14;"
2026.268.20:51:14;"# ### Block for 3C84 scan 74 'No0131' at 2026.268.06:00:01 in 480s ##############
2026.268.20:51:14;"missed time 2026.268.05:57:26 : source('3C84',cats='user'); go(); track()
2026.268.20:51:14;"missed time 2026.268.05:57:51 : vlbi_tsys()
2026.268.20:51:14;"missed time 2026.268.05:59:16 : vlbi_reference_scan()
2026.268.20:51:14;"#                      gap        max ~0 min 10 sec
2026.268.20:51:14;"missed time 2026.268.06:00:01 : vlbi_scan(t_mins=3,targetSource='3C84')
2026.268.20:51:14;"#     scan ends at 2026.268.06:03:01
2026.268.20:51:14;"
2026.268.20:51:14;"# ### Block for 3C111 scan 75 'No0132' at 2026.268.06:06:01 in 180s #############
2026.268.20:51:14;"missed time 2026.268.06:03:01 : source('3C111',cats='user'); go(); track()
2026.268.20:51:14;"missed time 2026.268.06:03:26 : vlbi_tsys()
2026.268.20:51:14;"missed time 2026.268.06:04:51 : vlbi_reference_scan()
2026.268.20:51:14;"#                      gap        max ~0 min 35 sec
2026.268.20:51:14;"missed time 2026.268.06:06:01 : vlbi_scan(t_mins=6,targetSource='3C111')
2026.268.20:51:14;"#     scan ends at 2026.268.06:12:01
2026.268.20:51:14;"
2026.268.20:51:14;"# ### Block for 3C84 scan 76 'No0135' at 2026.268.06:20:01 in 480s ##############
2026.268.20:51:14;"missed time 2026.268.06:17:26 : source('3C84',cats='user'); go(); track()
2026.268.20:51:14;"missed time 2026.268.06:17:51 : vlbi_tsys()
2026.268.20:51:14;"missed time 2026.268.06:19:16 : vlbi_reference_scan()
2026.268.20:51:14;"#                      gap        max ~0 min 10 sec
2026.268.20:51:14;"missed time 2026.268.06:20:01 : vlbi_scan(t_mins=3,targetSource='3C84')
2026.268.20:51:14;"#     scan ends at 2026.268.06:23:01
2026.268.20:51:14;"
2026.268.20:51:14;"# ### Block for 3C111 scan 77 'No0136' at 2026.268.06:26:01 in 180s #############
2026.268.20:51:14;"missed time 2026.268.06:23:01 : source('3C111',cats='user'); go(); track()
2026.268.20:51:14;"missed time 2026.268.06:23:26 : vlbi_tsys()
2026.268.20:51:14;"missed time 2026.268.06:24:51 : vlbi_reference_scan()
2026.268.20:51:14;"#                      gap        max ~0 min 35 sec
2026.268.20:51:14;"missed time 2026.268.06:26:01 : vlbi_scan(t_mins=6,targetSource='3C111')
2026.268.20:51:14;"#     scan ends at 2026.268.06:32:01
2026.268.20:51:14;"
2026.268.20:51:14;"# ### Block for 3C84 scan 78 'No0139' at 2026.268.06:40:01 in 480s ##############
2026.268.20:51:14;"missed time 2026.268.06:37:26 : source('3C84',cats='user'); go(); track()
2026.268.20:51:14;"missed time 2026.268.06:37:51 : vlbi_tsys()
2026.268.20:51:14;"missed time 2026.268.06:39:16 : vlbi_reference_scan()
2026.268.20:51:14;"#                      gap        max ~0 min 10 sec
2026.268.20:51:14;"missed time 2026.268.06:40:01 : vlbi_scan(t_mins=3,targetSource='3C84')
2026.268.20:51:14;"#     scan ends at 2026.268.06:43:01
2026.268.20:51:14;"
2026.268.20:51:14;"# ### Block for 3C111 scan 79 'No0140' at 2026.268.06:46:01 in 180s #############
2026.268.20:51:14;"missed time 2026.268.06:43:01 : source('3C111',cats='user'); go(); track()
2026.268.20:51:14;"missed time 2026.268.06:43:26 : vlbi_tsys()
2026.268.20:51:14;"missed time 2026.268.06:44:51 : vlbi_reference_scan()
2026.268.20:51:14;"#                      gap        max ~0 min 35 sec
2026.268.20:51:14;"missed time 2026.268.06:46:01 : vlbi_scan(t_mins=6,targetSource='3C111')
2026.268.20:51:14;"#     scan ends at 2026.268.06:52:01
2026.268.20:51:14;"
2026.268.20:51:14;"# ### Block for 3C84 scan 80 'No0143' at 2026.268.07:00:01 in 480s ##############
2026.268.20:51:14;"missed time 2026.268.06:57:26 : source('3C84',cats='user'); go(); track()
2026.268.20:51:14;"missed time 2026.268.06:57:51 : vlbi_tsys()
2026.268.20:51:14;"missed time 2026.268.06:59:16 : vlbi_reference_scan()
2026.268.20:51:14;"#                      gap        max ~0 min 10 sec
2026.268.20:51:14;"missed time 2026.268.07:00:01 : vlbi_scan(t_mins=3,targetSource='3C84')
2026.268.20:51:14;"#     scan ends at 2026.268.07:03:01
2026.268.20:51:14;"
2026.268.20:51:14;"# ### Block for 3C111 scan 81 'No0144' at 2026.268.07:06:01 in 180s #############
2026.268.20:51:14;"missed time 2026.268.07:03:01 : source('3C111',cats='user'); go(); track()
2026.268.20:51:14;"missed time 2026.268.07:03:26 : vlbi_tsys()
2026.268.20:51:14;"missed time 2026.268.07:04:51 : vlbi_reference_scan()
2026.268.20:51:14;"#                      gap        max ~0 min 35 sec
2026.268.20:51:14;"missed time 2026.268.07:06:01 : vlbi_scan(t_mins=6,targetSource='3C111')
2026.268.20:51:14;"#     scan ends at 2026.268.07:12:01
2026.268.20:51:14;"
2026.268.20:51:14;"# ### Block for 3C84 scan 82 'No0147' at 2026.268.07:20:01 in 480s ##############
2026.268.20:51:14;"missed time 2026.268.07:17:26 : source('3C84',cats='user'); go(); track()
2026.268.20:51:14;"missed time 2026.268.07:17:51 : vlbi_tsys()
2026.268.20:51:14;"missed time 2026.268.07:19:16 : vlbi_reference_scan()
2026.268.20:51:14;"#                      gap        max ~0 min 10 sec
2026.268.20:51:14;"missed time 2026.268.07:20:01 : vlbi_scan(t_mins=3,targetSource='3C84')
2026.268.20:51:14;"#     scan ends at 2026.268.07:23:01
2026.268.20:51:14;"
2026.268.20:51:14;"# ### Block for 3C111 scan 83 'No0148' at 2026.268.07:26:01 in 180s #############
2026.268.20:51:14;"missed time 2026.268.07:23:01 : source('3C111',cats='user'); go(); track()
2026.268.20:51:14;"missed time 2026.268.07:23:26 : vlbi_tsys()
2026.268.20:51:14;"missed time 2026.268.07:24:51 : vlbi_reference_scan()
2026.268.20:51:14;"#                      gap        max ~0 min 35 sec
2026.268.20:51:14;"missed time 2026.268.07:26:01 : vlbi_scan(t_mins=6,targetSource='3C111')
2026.268.20:51:14;"#     scan ends at 2026.268.07:32:01
2026.268.20:51:14;"
2026.268.20:51:14;"# ### Block for 3C84 scan 84 'No0151' at 2026.268.07:40:01 in 480s ##############
2026.268.20:51:14;"missed time 2026.268.07:37:26 : source('3C84',cats='user'); go(); track()
2026.268.20:51:14;"missed time 2026.268.07:37:51 : vlbi_tsys()
2026.268.20:51:14;"missed time 2026.268.07:39:16 : vlbi_reference_scan()
2026.268.20:51:14;"#                      gap        max ~0 min 10 sec
2026.268.20:51:14;"missed time 2026.268.07:40:01 : vlbi_scan(t_mins=3,targetSource='3C84')
2026.268.20:51:14;"#     scan ends at 2026.268.07:43:01
2026.268.20:51:14;"
2026.268.20:51:14;"# ### Block for 3C111 scan 85 'No0152' at 2026.268.07:46:01 in 180s #############
2026.268.20:51:14;"missed time 2026.268.07:43:01 : source('3C111',cats='user'); go(); track()
2026.268.20:51:14;"missed time 2026.268.07:43:26 : vlbi_tsys()
2026.268.20:51:14;"missed time 2026.268.07:44:51 : vlbi_reference_scan()
2026.268.20:51:14;"#                      gap        max ~0 min 35 sec
2026.268.20:51:14;"missed time 2026.268.07:46:01 : vlbi_scan(t_mins=6,targetSource='3C111')
2026.268.20:51:14;"#     scan ends at 2026.268.07:52:01
2026.268.20:51:14;"
2026.268.20:51:14;"# ### Block for 3C84 scan 86 'No0155' at 2026.268.08:00:01 in 480s ##############
2026.268.20:51:14;"missed time 2026.268.07:57:26 : source('3C84',cats='user'); go(); track()
2026.268.20:51:14;"missed time 2026.268.07:57:51 : vlbi_tsys()
2026.268.20:51:14;"missed time 2026.268.07:59:16 : vlbi_reference_scan()
2026.268.20:51:14;"#                      gap        max ~0 min 10 sec
2026.268.20:51:14;"missed time 2026.268.08:00:01 : vlbi_scan(t_mins=3,targetSource='3C84')
2026.268.20:51:14;"#     scan ends at 2026.268.08:03:01
2026.268.20:51:14;"
2026.268.20:51:14;"# ### Block for 3C111 scan 87 'No0156' at 2026.268.08:06:01 in 180s #############
2026.268.20:51:14;"missed time 2026.268.08:03:01 : source('3C111',cats='user'); go(); track()
2026.268.20:51:14;"missed time 2026.268.08:03:26 : vlbi_tsys()
2026.268.20:51:14;"missed time 2026.268.08:04:51 : vlbi_reference_scan()
2026.268.20:51:14;"#                      gap        max ~0 min 35 sec
2026.268.20:51:14;"missed time 2026.268.08:06:01 : vlbi_scan(t_mins=6,targetSource='3C111')
2026.268.20:51:14;"#     scan ends at 2026.268.08:12:01
2026.268.20:51:14;"
2026.268.20:51:14;"# ### Block for 3C84 scan 88 'No0161' at 2026.268.08:20:01 in 480s ##############
2026.268.20:51:14;"missed time 2026.268.08:17:26 : source('3C84',cats='user'); go(); track()
2026.268.20:51:14;"missed time 2026.268.08:17:51 : vlbi_tsys()
2026.268.20:51:14;"missed time 2026.268.08:19:16 : vlbi_reference_scan()
2026.268.20:51:14;"#                      gap        max ~0 min 10 sec
2026.268.20:51:14;"missed time 2026.268.08:20:01 : vlbi_scan(t_mins=3,targetSource='3C84')
2026.268.20:51:14;"#     scan ends at 2026.268.08:23:01
2026.268.20:51:14;"
2026.268.20:51:14;"# ### Block for 3C111 scan 89 'No0162' at 2026.268.08:26:01 in 180s #############
2026.268.20:51:14;"missed time 2026.268.08:23:01 : source('3C111',cats='user'); go(); track()
2026.268.20:51:14;"missed time 2026.268.08:23:26 : vlbi_tsys()
2026.268.20:51:14;"missed time 2026.268.08:24:51 : vlbi_reference_scan()
2026.268.20:51:14;"#                      gap        max ~0 min 35 sec
2026.268.20:51:14;"missed time 2026.268.08:26:01 : vlbi_scan(t_mins=6,targetSource='3C111')
2026.268.20:51:14;"#     scan ends at 2026.268.08:32:01
2026.268.20:51:14;"
2026.268.20:51:14;"# ### Block for 3C84 scan 90 'No0167' at 2026.268.08:40:01 in 480s ##############
2026.268.20:51:14;"missed time 2026.268.08:37:26 : source('3C84',cats='user'); go(); track()
2026.268.20:51:14;"missed time 2026.268.08:37:51 : vlbi_tsys()
2026.268.20:51:14;"missed time 2026.268.08:39:16 : vlbi_reference_scan()
2026.268.20:51:14;"#                      gap        max ~0 min 10 sec
2026.268.20:51:14;"missed time 2026.268.08:40:01 : vlbi_scan(t_mins=3,targetSource='3C84')
2026.268.20:51:14;"#     scan ends at 2026.268.08:43:01
2026.268.20:51:14;"
2026.268.20:51:14;"# ### Block for 3C111 scan 91 'No0168' at 2026.268.08:46:01 in 180s #############
2026.268.20:51:14;"missed time 2026.268.08:43:01 : source('3C111',cats='user'); go(); track()
2026.268.20:51:14;"missed time 2026.268.08:43:26 : vlbi_tsys()
2026.268.20:51:14;"missed time 2026.268.08:44:51 : vlbi_reference_scan()
2026.268.20:51:14;"#                      gap        max ~0 min 35 sec
2026.268.20:51:14;"missed time 2026.268.08:46:01 : vlbi_scan(t_mins=6,targetSource='3C111')
2026.268.20:51:14;"#     scan ends at 2026.268.08:52:01
2026.268.20:51:14;"
2026.268.20:51:14;"# ### Block for 3C84 scan 92 'No0171' at 2026.268.09:00:00 in 479s ##############
2026.268.20:51:14;"missed time 2026.268.08:57:25 : source('3C84',cats='user'); go(); track()
2026.268.20:51:14;"missed time 2026.268.08:57:50 : vlbi_tsys()
2026.268.20:51:14;"missed time 2026.268.08:59:15 : vlbi_reference_scan()
2026.268.20:51:14;"#                      gap        max ~0 min 10 sec
2026.268.20:51:14;"missed time 2026.268.09:00:00 : vlbi_scan(t_mins=3,targetSource='3C84')
2026.268.20:51:14;"#     scan ends at 2026.268.09:03:00
2026.268.20:51:14;"
2026.268.20:51:14;"# ### Block for 3C111 scan 93 'No0172' at 2026.268.09:06:00 in 180s #############
2026.268.20:51:14;"missed time 2026.268.09:03:00 : source('3C111',cats='user'); go(); track()
2026.268.20:51:14;"missed time 2026.268.09:03:25 : vlbi_tsys()
2026.268.20:51:14;"missed time 2026.268.09:04:50 : vlbi_reference_scan()
2026.268.20:51:14;"#                      gap        max ~0 min 35 sec
2026.268.20:51:14;"missed time 2026.268.09:06:00 : vlbi_scan(t_mins=6,targetSource='3C111')
2026.268.20:51:14;"#     scan ends at 2026.268.09:12:00
2026.268.20:51:14;"
2026.268.20:51:14;"# ### Block for 3C84 scan 94 'No0175' at 2026.268.09:20:00 in 480s ##############
2026.268.20:51:14;"missed time 2026.268.09:17:25 : source('3C84',cats='user'); go(); track()
2026.268.20:51:14;"missed time 2026.268.09:17:50 : vlbi_tsys()
2026.268.20:51:14;"missed time 2026.268.09:19:15 : vlbi_reference_scan()
2026.268.20:51:14;"#                      gap        max ~0 min 10 sec
2026.268.20:51:14;"missed time 2026.268.09:20:00 : vlbi_scan(t_mins=3,targetSource='3C84')
2026.268.20:51:14;"#     scan ends at 2026.268.09:23:00
2026.268.20:51:14;"
2026.268.20:51:14;"# ### Block for 3C111 scan 95 'No0176' at 2026.268.09:26:00 in 180s #############
2026.268.20:51:14;"missed time 2026.268.09:23:00 : source('3C111',cats='user'); go(); track()
2026.268.20:51:14;"missed time 2026.268.09:23:25 : vlbi_tsys()
2026.268.20:51:14;"missed time 2026.268.09:24:50 : vlbi_reference_scan()
2026.268.20:51:14;"#                      gap        max ~0 min 35 sec
2026.268.20:51:14;"missed time 2026.268.09:26:00 : vlbi_scan(t_mins=6,targetSource='3C111')
2026.268.20:51:14;"#     scan ends at 2026.268.09:32:00
2026.268.20:51:14;"
2026.268.20:51:14;"# ### Block for 3C84 scan 96 'No0179' at 2026.268.09:40:00 in 480s ##############
2026.268.20:51:14;"missed time 2026.268.09:37:25 : source('3C84',cats='user'); go(); track()
2026.268.20:51:14;"missed time 2026.268.09:37:50 : vlbi_tsys()
2026.268.20:51:14;"missed time 2026.268.09:39:15 : vlbi_reference_scan()
2026.268.20:51:14;"#                      gap        max ~0 min 10 sec
2026.268.20:51:14;"missed time 2026.268.09:40:00 : vlbi_scan(t_mins=3,targetSource='3C84')
2026.268.20:51:14;"#     scan ends at 2026.268.09:43:00
2026.268.20:51:14;"
2026.268.20:51:14;"# ### Block for 3C111 scan 97 'No0180' at 2026.268.09:46:00 in 180s #############
2026.268.20:51:14;"missed time 2026.268.09:43:00 : source('3C111',cats='user'); go(); track()
2026.268.20:51:14;"missed time 2026.268.09:43:25 : vlbi_tsys()
2026.268.20:51:14;"missed time 2026.268.09:44:50 : vlbi_reference_scan()
2026.268.20:51:14;"#                      gap        max ~0 min 35 sec
2026.268.20:51:14;"missed time 2026.268.09:46:00 : vlbi_scan(t_mins=6,targetSource='3C111')
2026.268.20:51:14;"#     scan ends at 2026.268.09:52:00
2026.268.20:51:14;"
2026.268.20:51:14;"# ### Block for 3C84 scan 98 'No0183' at 2026.268.10:00:00 in 480s ##############
2026.268.20:51:14;"missed time 2026.268.09:57:25 : source('3C84',cats='user'); go(); track()
2026.268.20:51:14;"missed time 2026.268.09:57:50 : vlbi_tsys()
2026.268.20:51:14;"missed time 2026.268.09:59:15 : vlbi_reference_scan()
2026.268.20:51:14;"#                      gap        max ~0 min 10 sec
2026.268.20:51:14;"missed time 2026.268.10:00:00 : vlbi_scan(t_mins=3,targetSource='3C84')
2026.268.20:51:14;"#     scan ends at 2026.268.10:03:00
2026.268.20:51:14;"
2026.268.20:51:14;"# ### Block for 3C111 scan 99 'No0184' at 2026.268.10:06:00 in 180s #############
2026.268.20:51:14;"missed time 2026.268.10:03:00 : source('3C111',cats='user'); go(); track()
2026.268.20:51:14;"missed time 2026.268.10:03:25 : vlbi_tsys()
2026.268.20:51:14;"missed time 2026.268.10:04:50 : vlbi_reference_scan()
2026.268.20:51:14;"#                      gap        max ~0 min 35 sec
2026.268.20:51:14;"missed time 2026.268.10:06:00 : vlbi_scan(t_mins=6,targetSource='3C111')
2026.268.20:51:14;"#     scan ends at 2026.268.10:12:00
2026.268.20:51:14;"
2026.268.20:51:14;"# ### Block for 3C84 scan 100 'No0187' at 2026.268.10:20:00 in 480s #############
2026.268.20:51:14;"missed time 2026.268.10:17:25 : source('3C84',cats='user'); go(); track()
2026.268.20:51:14;"missed time 2026.268.10:17:50 : vlbi_tsys()
2026.268.20:51:14;"missed time 2026.268.10:19:15 : vlbi_reference_scan()
2026.268.20:51:14;"#                      gap        max ~0 min 10 sec
2026.268.20:51:14;"missed time 2026.268.10:20:00 : vlbi_scan(t_mins=3,targetSource='3C84')
2026.268.20:51:14;"#     scan ends at 2026.268.10:23:00
2026.268.20:51:14;"
2026.268.20:51:14;"# ### Block for 3C111 scan 101 'No0188' at 2026.268.10:26:00 in 180s ############
2026.268.20:51:14;"missed time 2026.268.10:23:00 : source('3C111',cats='user'); go(); track()
2026.268.20:51:14;"missed time 2026.268.10:23:25 : vlbi_tsys()
2026.268.20:51:14;"missed time 2026.268.10:24:50 : vlbi_reference_scan()
2026.268.20:51:14;"#                      gap        max ~0 min 35 sec
2026.268.20:51:14;"missed time 2026.268.10:26:00 : vlbi_scan(t_mins=6,targetSource='3C111')
2026.268.20:51:14;"#     scan ends at 2026.268.10:32:00
2026.268.20:51:14;"
2026.268.20:51:14;"# ### Block for 3C84 scan 102 'No0191' at 2026.268.10:40:00 in 480s #############
2026.268.20:51:14;"missed time 2026.268.10:37:25 : source('3C84',cats='user'); go(); track()
2026.268.20:51:14;"missed time 2026.268.10:37:50 : vlbi_tsys()
2026.268.20:51:14;"missed time 2026.268.10:39:15 : vlbi_reference_scan()
2026.268.20:51:14;"#                      gap        max ~0 min 10 sec
2026.268.20:51:14;"missed time 2026.268.10:40:00 : vlbi_scan(t_mins=3,targetSource='3C84')
2026.268.20:51:14;"#     scan ends at 2026.268.10:43:00
2026.268.20:51:14;"
2026.268.20:51:14;"# ### Block for 3C111 scan 103 'No0192' at 2026.268.10:46:00 in 180s ############
2026.268.20:51:14;"missed time 2026.268.10:43:00 : source('3C111',cats='user'); go(); track()
2026.268.20:51:14;"missed time 2026.268.10:43:25 : vlbi_tsys()
2026.268.20:51:14;"missed time 2026.268.10:44:50 : vlbi_reference_scan()
2026.268.20:51:14;"#                      gap        max ~0 min 35 sec
2026.268.20:51:14;"missed time 2026.268.10:46:00 : vlbi_scan(t_mins=6,targetSource='3C111')
2026.268.20:51:14;"#     scan ends at 2026.268.10:52:00
2026.268.20:51:14;"
2026.268.20:51:14;"# ### Block for J0750+1231 scan 104 'No0197' at 2026.268.11:00:01 in 481s #######
2026.268.20:51:14;"missed time 2026.268.10:57:26 : source('J0750+1231',cats='user'); go(); track()
2026.268.20:51:14;"missed time 2026.268.10:57:51 : vlbi_tsys()
2026.268.20:51:14;"missed time 2026.268.10:59:16 : vlbi_reference_scan()
2026.268.20:51:14;"#                      gap        max ~0 min 10 sec
2026.268.20:51:14;"missed time 2026.268.11:00:01 : vlbi_scan(t_mins=3,targetSource='J0750+1231')
2026.268.20:51:14;"#     scan ends at 2026.268.11:03:01
2026.268.20:51:14;"
2026.268.20:51:14;"# ### Block for J0739+0137 scan 105 'No0198' at 2026.268.11:05:01 in 120s #######
2026.268.20:51:14;"missed time 2026.268.11:03:01 : source('J0739+0137',cats='user'); go(); track()
2026.268.20:51:14;"missed time 2026.268.11:03:26 : vlbi_tsys()
2026.268.20:51:14;"#                      gap        max ~0 min 10 sec
2026.268.20:51:14;"missed time 2026.268.11:05:01 : vlbi_scan(t_mins=7,targetSource='J0739+0137')
2026.268.20:51:14;"#     scan ends at 2026.268.11:12:01
2026.268.20:51:14;"
2026.268.20:51:14;"# ### Block for J0750+1231 scan 106 'No0201' at 2026.268.11:20:01 in 480s #######
2026.268.20:51:14;"missed time 2026.268.11:17:26 : source('J0750+1231',cats='user'); go(); track()
2026.268.20:51:14;"missed time 2026.268.11:17:51 : vlbi_tsys()
2026.268.20:51:14;"missed time 2026.268.11:19:16 : vlbi_reference_scan()
2026.268.20:51:14;"#                      gap        max ~0 min 10 sec
2026.268.20:51:14;"missed time 2026.268.11:20:01 : vlbi_scan(t_mins=3,targetSource='J0750+1231')
2026.268.20:51:14;"#     scan ends at 2026.268.11:23:01
2026.268.20:51:14;"
2026.268.20:51:14;"# ### Block for J0739+0137 scan 107 'No0202' at 2026.268.11:25:01 in 120s #######
2026.268.20:51:14;"missed time 2026.268.11:23:01 : source('J0739+0137',cats='user'); go(); track()
2026.268.20:51:14;"missed time 2026.268.11:23:26 : vlbi_tsys()
2026.268.20:51:14;"#                      gap        max ~0 min 10 sec
2026.268.20:51:14;"missed time 2026.268.11:25:01 : vlbi_scan(t_mins=7,targetSource='J0739+0137')
2026.268.20:51:14;"#     scan ends at 2026.268.11:32:01
2026.268.20:51:14;"
2026.268.20:51:14;"# ### Block for J0750+1231 scan 108 'No0205' at 2026.268.11:40:01 in 480s #######
2026.268.20:51:14;"missed time 2026.268.11:37:26 : source('J0750+1231',cats='user'); go(); track()
2026.268.20:51:14;"missed time 2026.268.11:37:51 : vlbi_tsys()
2026.268.20:51:14;"missed time 2026.268.11:39:16 : vlbi_reference_scan()
2026.268.20:51:14;"#                      gap        max ~0 min 10 sec
2026.268.20:51:14;"missed time 2026.268.11:40:01 : vlbi_scan(t_mins=3,targetSource='J0750+1231')
2026.268.20:51:14;"#     scan ends at 2026.268.11:43:01
2026.268.20:51:14;"
2026.268.20:51:14;"# ### Block for J0739+0137 scan 109 'No0206' at 2026.268.11:46:01 in 180s #######
2026.268.20:51:14;"missed time 2026.268.11:43:01 : source('J0739+0137',cats='user'); go(); track()
2026.268.20:51:14;"missed time 2026.268.11:43:26 : vlbi_tsys()
2026.268.20:51:14;"missed time 2026.268.11:44:51 : vlbi_reference_scan()
2026.268.20:51:14;"#                      gap        max ~0 min 35 sec
2026.268.20:51:14;"missed time 2026.268.11:46:01 : vlbi_scan(t_mins=3,targetSource='J0739+0137')
2026.268.20:51:14;"#     scan ends at 2026.268.11:49:01
2026.268.20:51:14;"
2026.268.20:51:14;"# ### Block for J0750+1231 scan 110 'No0207' at 2026.268.12:00:00 in 659s #######
2026.268.20:51:14;"#
2026.268.20:51:14;"# OPERATOR free 8 min 34 sec until VLBI calibrations to start at 2026.268.11:57:25
2026.268.20:51:14;"#
2026.268.20:51:14;"missed time 2026.268.11:49:01 : print('You have 8 min 34 sec until the next VLBI calibration scan at 2026.268.11:57:25.')
2026.268.20:51:14;"missed time 2026.268.11:57:25 : source('J0750+1231',cats='user'); go(); track()
2026.268.20:51:14;"missed time 2026.268.11:57:50 : vlbi_tsys()
2026.268.20:51:14;"missed time 2026.268.11:59:15 : vlbi_reference_scan()
2026.268.20:51:14;"#                      gap        max ~0 min 10 sec
2026.268.20:51:14;"missed time 2026.268.12:00:00 : vlbi_scan(t_mins=3,targetSource='J0750+1231')
2026.268.20:51:14;"#     scan ends at 2026.268.12:03:00
2026.268.20:51:14;"
2026.268.20:51:14;"# ### Block for J0739+0137 scan 111 'No0208' at 2026.268.12:05:00 in 120s #######
2026.268.20:51:14;"missed time 2026.268.12:03:00 : source('J0739+0137',cats='user'); go(); track()
2026.268.20:51:14;"missed time 2026.268.12:03:25 : vlbi_tsys()
2026.268.20:51:14;"#                      gap        max ~0 min 10 sec
2026.268.20:51:14;"missed time 2026.268.12:05:00 : vlbi_scan(t_mins=7,targetSource='J0739+0137')
2026.268.20:51:14;"#     scan ends at 2026.268.12:12:00
2026.268.20:51:14;"
2026.268.20:51:14;"# ### Block for J0750+1231 scan 112 'No0211' at 2026.268.12:20:00 in 480s #######
2026.268.20:51:14;"missed time 2026.268.12:17:25 : source('J0750+1231',cats='user'); go(); track()
2026.268.20:51:14;"missed time 2026.268.12:17:50 : vlbi_tsys()
2026.268.20:51:14;"missed time 2026.268.12:19:15 : vlbi_reference_scan()
2026.268.20:51:14;"#                      gap        max ~0 min 10 sec
2026.268.20:51:14;"missed time 2026.268.12:20:00 : vlbi_scan(t_mins=3,targetSource='J0750+1231')
2026.268.20:51:14;"#     scan ends at 2026.268.12:23:00
2026.268.20:51:14;"
2026.268.20:51:14;"# ### Block for J0739+0137 scan 113 'No0212' at 2026.268.12:25:00 in 120s #######
2026.268.20:51:14;"missed time 2026.268.12:23:00 : source('J0739+0137',cats='user'); go(); track()
2026.268.20:51:14;"missed time 2026.268.12:23:25 : vlbi_tsys()
2026.268.20:51:14;"#                      gap        max ~0 min 10 sec
2026.268.20:51:14;"missed time 2026.268.12:25:00 : vlbi_scan(t_mins=7,targetSource='J0739+0137')
2026.268.20:51:14;"#     scan ends at 2026.268.12:32:00
2026.268.20:51:14;"
2026.268.20:51:14;"# ### Block for J0750+1231 scan 114 'No0215' at 2026.268.12:40:00 in 480s #######
2026.268.20:51:14;"missed time 2026.268.12:37:25 : source('J0750+1231',cats='user'); go(); track()
2026.268.20:51:14;"missed time 2026.268.12:37:50 : vlbi_tsys()
2026.268.20:51:14;"missed time 2026.268.12:39:15 : vlbi_reference_scan()
2026.268.20:51:14;"#                      gap        max ~0 min 10 sec
2026.268.20:51:14;"missed time 2026.268.12:40:00 : vlbi_scan(t_mins=3,targetSource='J0750+1231')
2026.268.20:51:14;"#     scan ends at 2026.268.12:43:00
2026.268.20:51:14;"
2026.268.20:51:14;"# ### Block for J0739+0137 scan 115 'No0216' at 2026.268.12:45:00 in 120s #######
2026.268.20:51:14;"missed time 2026.268.12:43:00 : source('J0739+0137',cats='user'); go(); track()
2026.268.20:51:14;"missed time 2026.268.12:43:25 : vlbi_tsys()
2026.268.20:51:14;"#                      gap        max ~0 min 10 sec
2026.268.20:51:14;"missed time 2026.268.12:45:00 : vlbi_scan(t_mins=7,targetSource='J0739+0137')
2026.268.20:51:14;"#     scan ends at 2026.268.12:52:00
2026.268.20:51:14;"
2026.268.20:51:14;"# ### Block for J0750+1231 scan 116 'No0219' at 2026.268.13:00:00 in 480s #######
2026.268.20:51:14;"missed time 2026.268.12:57:25 : source('J0750+1231',cats='user'); go(); track()
2026.268.20:51:14;"missed time 2026.268.12:57:50 : vlbi_tsys()
2026.268.20:51:14;"missed time 2026.268.12:59:15 : vlbi_reference_scan()
2026.268.20:51:14;"#                      gap        max ~0 min 10 sec
2026.268.20:51:14;"missed time 2026.268.13:00:00 : vlbi_scan(t_mins=3,targetSource='J0750+1231')
2026.268.20:51:14;"#     scan ends at 2026.268.13:03:00
2026.268.20:51:14;"
2026.268.20:51:14;"# ### Block for J0739+0137 scan 117 'No0220' at 2026.268.13:05:00 in 120s #######
2026.268.20:51:14;"missed time 2026.268.13:03:00 : source('J0739+0137',cats='user'); go(); track()
2026.268.20:51:14;"missed time 2026.268.13:03:25 : vlbi_tsys()
2026.268.20:51:14;"#                      gap        max ~0 min 10 sec
2026.268.20:51:14;"missed time 2026.268.13:05:00 : vlbi_scan(t_mins=7,targetSource='J0739+0137')
2026.268.20:51:14;"#     scan ends at 2026.268.13:12:00
2026.268.20:51:14;"
2026.268.20:51:14;"# ### Block for J0750+1231 scan 118 'No0223' at 2026.268.13:20:00 in 480s #######
2026.268.20:51:14;"missed time 2026.268.13:17:25 : source('J0750+1231',cats='user'); go(); track()
2026.268.20:51:14;"missed time 2026.268.13:17:50 : vlbi_tsys()
2026.268.20:51:14;"missed time 2026.268.13:19:15 : vlbi_reference_scan()
2026.268.20:51:14;"#                      gap        max ~0 min 10 sec
2026.268.20:51:14;"missed time 2026.268.13:20:00 : vlbi_scan(t_mins=3,targetSource='J0750+1231')
2026.268.20:51:14;"#     scan ends at 2026.268.13:23:00
2026.268.20:51:14;"
2026.268.20:51:14;"# ### Block for J0739+0137 scan 119 'No0224' at 2026.268.13:25:00 in 120s #######
2026.268.20:51:14;"missed time 2026.268.13:23:00 : source('J0739+0137',cats='user'); go(); track()
2026.268.20:51:14;"missed time 2026.268.13:23:25 : vlbi_tsys()
2026.268.20:51:14;"#                      gap        max ~0 min 10 sec
2026.268.20:51:14;"missed time 2026.268.13:25:00 : vlbi_scan(t_mins=7,targetSource='J0739+0137')
2026.268.20:51:14;"#     scan ends at 2026.268.13:32:00
2026.268.20:51:14;"
2026.268.20:51:14;"# ### Block for J0750+1231 scan 120 'No0227' at 2026.268.13:40:00 in 480s #######
2026.268.20:51:14;"missed time 2026.268.13:37:25 : source('J0750+1231',cats='user'); go(); track()
2026.268.20:51:14;"missed time 2026.268.13:37:50 : vlbi_tsys()
2026.268.20:51:14;"missed time 2026.268.13:39:15 : vlbi_reference_scan()
2026.268.20:51:14;"#                      gap        max ~0 min 10 sec
2026.268.20:51:14;"missed time 2026.268.13:40:00 : vlbi_scan(t_mins=3,targetSource='J0750+1231')
2026.268.20:51:14;"#     scan ends at 2026.268.13:43:00
2026.268.20:51:14;"
2026.268.20:51:14;"# ### Block for J0739+0137 scan 121 'No0228' at 2026.268.13:45:00 in 120s #######
2026.268.20:51:14;"missed time 2026.268.13:43:00 : source('J0739+0137',cats='user'); go(); track()
2026.268.20:51:14;"missed time 2026.268.13:43:25 : vlbi_tsys()
2026.268.20:51:14;"#                      gap        max ~0 min 10 sec
2026.268.20:51:14;"missed time 2026.268.13:45:00 : vlbi_scan(t_mins=7,targetSource='J0739+0137')
2026.268.20:51:14;"#     scan ends at 2026.268.13:52:00
2026.268.20:51:14;"
2026.268.20:51:14;"# ### Block for J0750+1231 scan 122 'No0231' at 2026.268.14:00:00 in 480s #######
2026.268.20:51:14;"missed time 2026.268.13:57:25 : source('J0750+1231',cats='user'); go(); track()
2026.268.20:51:14;"missed time 2026.268.13:57:50 : vlbi_tsys()
2026.268.20:51:14;"missed time 2026.268.13:59:15 : vlbi_reference_scan()
2026.268.20:51:14;"#                      gap        max ~0 min 10 sec
2026.268.20:51:14;"missed time 2026.268.14:00:00 : vlbi_scan(t_mins=3,targetSource='J0750+1231')
2026.268.20:51:14;"#     scan ends at 2026.268.14:03:00
2026.268.20:51:14;"
2026.268.20:51:14;"# ### Block for J0739+0137 scan 123 'No0232' at 2026.268.14:05:00 in 120s #######
2026.268.20:51:14;"missed time 2026.268.14:03:00 : source('J0739+0137',cats='user'); go(); track()
2026.268.20:51:14;"missed time 2026.268.14:03:25 : vlbi_tsys()
2026.268.20:51:14;"#                      gap        max ~0 min 10 sec
2026.268.20:51:14;"missed time 2026.268.14:05:00 : vlbi_scan(t_mins=7,targetSource='J0739+0137')
2026.268.20:51:14;"#     scan ends at 2026.268.14:12:00
2026.268.20:51:14;"
2026.268.20:51:14;"# ### Block for J0750+1231 scan 124 'No0235' at 2026.268.14:20:00 in 480s #######
2026.268.20:51:14;"missed time 2026.268.14:17:25 : source('J0750+1231',cats='user'); go(); track()
2026.268.20:51:14;"missed time 2026.268.14:17:50 : vlbi_tsys()
2026.268.20:51:14;"missed time 2026.268.14:19:15 : vlbi_reference_scan()
2026.268.20:51:14;"#                      gap        max ~0 min 10 sec
2026.268.20:51:14;"missed time 2026.268.14:20:00 : vlbi_scan(t_mins=3,targetSource='J0750+1231')
2026.268.20:51:14;"#     scan ends at 2026.268.14:23:00
2026.268.20:51:14;"
2026.268.20:51:14;"# ### Block for J0739+0137 scan 125 'No0236' at 2026.268.14:25:00 in 120s #######
2026.268.20:51:14;"missed time 2026.268.14:23:00 : source('J0739+0137',cats='user'); go(); track()
2026.268.20:51:14;"missed time 2026.268.14:23:25 : vlbi_tsys()
2026.268.20:51:14;"#                      gap        max ~0 min 10 sec
2026.268.20:51:14;"missed time 2026.268.14:25:00 : vlbi_scan(t_mins=7,targetSource='J0739+0137')
2026.268.20:51:14;"#     scan ends at 2026.268.14:32:00
2026.268.20:51:14;"
2026.268.20:51:14;"# ### Block for J0750+1231 scan 126 'No0239' at 2026.268.14:40:00 in 480s #######
2026.268.20:51:14;"missed time 2026.268.14:37:25 : source('J0750+1231',cats='user'); go(); track()
2026.268.20:51:14;"missed time 2026.268.14:37:50 : vlbi_tsys()
2026.268.20:51:14;"missed time 2026.268.14:39:15 : vlbi_reference_scan()
2026.268.20:51:14;"#                      gap        max ~0 min 10 sec
2026.268.20:51:14;"missed time 2026.268.14:40:00 : vlbi_scan(t_mins=3,targetSource='J0750+1231')
2026.268.20:51:14;"#     scan ends at 2026.268.14:43:00
2026.268.20:51:14;"
2026.268.20:51:14;"# ### Block for J0739+0137 scan 127 'No0240' at 2026.268.14:45:00 in 120s #######
2026.268.20:51:14;"missed time 2026.268.14:43:00 : source('J0739+0137',cats='user'); go(); track()
2026.268.20:51:14;"missed time 2026.268.14:43:25 : vlbi_tsys()
2026.268.20:51:14;"#                      gap        max ~0 min 10 sec
2026.268.20:51:14;"missed time 2026.268.14:45:00 : vlbi_scan(t_mins=7,targetSource='J0739+0137')
2026.268.20:51:14;"#     scan ends at 2026.268.14:52:00
2026.268.20:51:14;"
2026.268.20:51:14;"# ### Block for 1420+326 scan 128 'No0267' at 2026.268.18:01:00 in 11340s #######
2026.268.20:51:14;"#
2026.268.20:51:14;"# OPERATOR free 186 min 35 sec until VLBI calibrations to start at 2026.268.17:58:25
2026.268.20:51:14;"#
2026.268.20:51:14;"missed time 2026.268.14:52:00 : print('You have 186 min 35 sec until the next VLBI calibration scan at 2026.268.17:58:25.')
2026.268.20:51:14;"missed time 2026.268.17:58:25 : source('1420+326',cats='user'); go(); track()
2026.268.20:51:14;"missed time 2026.268.17:58:50 : vlbi_tsys()
2026.268.20:51:14;"missed time 2026.268.18:00:15 : vlbi_reference_scan()
2026.268.20:51:14;"#                      gap        max ~0 min 10 sec
2026.268.20:51:14;"missed time 2026.268.18:01:00 : vlbi_scan(t_mins=5,targetSource='1420+326')
2026.268.20:51:14;"#     scan ends at 2026.268.18:06:00
2026.268.20:51:14;"
2026.268.20:51:14;"# ### Block for 1308+326 scan 129 'No0268' at 2026.268.18:07:30 in 90s ##########
2026.268.20:51:14;"missed time 2026.268.18:06:00 : source('1308+326',cats='user'); go(); track()
2026.268.20:51:14;"missed time 2026.268.18:06:25 : vlbi_tsys(mode_='HOT',time_s=5)
2026.268.20:51:14;"missed time 2026.268.18:06:52 : vlbi_reference_scan()
2026.268.20:51:14;"#                      gap        max ~0 min 03 sec
2026.268.20:51:14;"missed time 2026.268.18:07:30 : vlbi_scan(t_mins=5,targetSource='1308+326')
2026.268.20:51:14;"#     scan ends at 2026.268.18:12:30
2026.268.20:51:14;"
2026.268.20:51:14;"# ### Block for 1420+326 scan 130 'No0271' at 2026.268.18:20:00 in 450s #########
2026.268.20:51:14;"missed time 2026.268.18:17:25 : source('1420+326',cats='user'); go(); track()
2026.268.20:51:14;"missed time 2026.268.18:17:50 : vlbi_tsys()
2026.268.20:51:14;"missed time 2026.268.18:19:15 : vlbi_reference_scan()
2026.268.20:51:14;"#                      gap        max ~0 min 10 sec
2026.268.20:51:14;"missed time 2026.268.18:20:00 : vlbi_scan(t_mins=5,targetSource='1420+326')
2026.268.20:51:14;"#     scan ends at 2026.268.18:25:00
2026.268.20:51:14;"
2026.268.20:51:14;"# ### Block for 1308+326 scan 131 'No0272' at 2026.268.18:27:00 in 120s #########
2026.268.20:51:14;"missed time 2026.268.18:25:00 : source('1308+326',cats='user'); go(); track()
2026.268.20:51:14;"missed time 2026.268.18:25:25 : vlbi_tsys()
2026.268.20:51:14;"#                      gap        max ~0 min 10 sec
2026.268.20:51:14;"missed time 2026.268.18:27:00 : vlbi_scan(t_mins=5,targetSource='1308+326')
2026.268.20:51:14;"#     scan ends at 2026.268.18:32:00
2026.268.20:51:14;"
2026.268.20:51:14;"# ### Block for 1420+326 scan 132 'No0275' at 2026.268.18:40:00 in 480s #########
2026.268.20:51:14;"missed time 2026.268.18:37:25 : source('1420+326',cats='user'); go(); track()
2026.268.20:51:14;"missed time 2026.268.18:37:50 : vlbi_tsys()
2026.268.20:51:14;"missed time 2026.268.18:39:15 : vlbi_reference_scan()
2026.268.20:51:14;"#                      gap        max ~0 min 10 sec
2026.268.20:51:14;"missed time 2026.268.18:40:00 : vlbi_scan(t_mins=5,targetSource='1420+326')
2026.268.20:51:14;"#     scan ends at 2026.268.18:45:00
2026.268.20:51:14;"
2026.268.20:51:14;"# ### Block for 1308+326 scan 133 'No0276' at 2026.268.18:47:00 in 120s #########
2026.268.20:51:14;"missed time 2026.268.18:45:00 : source('1308+326',cats='user'); go(); track()
2026.268.20:51:14;"missed time 2026.268.18:45:25 : vlbi_tsys()
2026.268.20:51:14;"#                      gap        max ~0 min 10 sec
2026.268.20:51:14;"missed time 2026.268.18:47:00 : vlbi_scan(t_mins=5,targetSource='1308+326')
2026.268.20:51:14;"#     scan ends at 2026.268.18:52:00
2026.268.20:51:14;"
2026.268.20:51:14;"# ### Block for 1420+326 scan 134 'No0279' at 2026.268.19:00:00 in 480s #########
2026.268.20:51:14;"missed time 2026.268.18:57:25 : source('1420+326',cats='user'); go(); track()
2026.268.20:51:14;"missed time 2026.268.18:57:50 : vlbi_tsys()
2026.268.20:51:14;"missed time 2026.268.18:59:15 : vlbi_reference_scan()
2026.268.20:51:14;"#                      gap        max ~0 min 10 sec
2026.268.20:51:14;"missed time 2026.268.19:00:00 : vlbi_scan(t_mins=5,targetSource='1420+326')
2026.268.20:51:14;"#     scan ends at 2026.268.19:05:00
2026.268.20:51:14;"
2026.268.20:51:14;"# ### Block for 1308+326 scan 135 'No0280' at 2026.268.19:07:00 in 120s #########
2026.268.20:51:14;"missed time 2026.268.19:05:00 : source('1308+326',cats='user'); go(); track()
2026.268.20:51:14;"missed time 2026.268.19:05:25 : vlbi_tsys()
2026.268.20:51:14;"#                      gap        max ~0 min 10 sec
2026.268.20:51:14;"missed time 2026.268.19:07:00 : vlbi_scan(t_mins=5,targetSource='1308+326')
2026.268.20:51:14;"#     scan ends at 2026.268.19:12:00
2026.268.20:51:14;"
2026.268.20:51:14;"# ### Block for 1420+326 scan 136 'No0283' at 2026.268.19:20:00 in 480s #########
2026.268.20:51:14;"missed time 2026.268.19:17:25 : source('1420+326',cats='user'); go(); track()
2026.268.20:51:14;"missed time 2026.268.19:17:50 : vlbi_tsys()
2026.268.20:51:14;"missed time 2026.268.19:19:15 : vlbi_reference_scan()
2026.268.20:51:14;"#                      gap        max ~0 min 10 sec
2026.268.20:51:14;"missed time 2026.268.19:20:00 : vlbi_scan(t_mins=5,targetSource='1420+326')
2026.268.20:51:14;"#     scan ends at 2026.268.19:25:00
2026.268.20:51:14;"
2026.268.20:51:14;"# ### Block for 1308+326 scan 137 'No0284' at 2026.268.19:27:00 in 120s #########
2026.268.20:51:14;"missed time 2026.268.19:25:00 : source('1308+326',cats='user'); go(); track()
2026.268.20:51:14;"missed time 2026.268.19:25:25 : vlbi_tsys()
2026.268.20:51:14;"#                      gap        max ~0 min 10 sec
2026.268.20:51:14;"missed time 2026.268.19:27:00 : vlbi_scan(t_mins=5,targetSource='1308+326')
2026.268.20:51:14;"#     scan ends at 2026.268.19:32:00
2026.268.20:51:14;"
2026.268.20:51:14;"# ### Block for 1420+326 scan 138 'No0287' at 2026.268.19:40:00 in 480s #########
2026.268.20:51:14;"missed time 2026.268.19:37:25 : source('1420+326',cats='user'); go(); track()
2026.268.20:51:14;"missed time 2026.268.19:37:50 : vlbi_tsys()
2026.268.20:51:14;"missed time 2026.268.19:39:15 : vlbi_reference_scan()
2026.268.20:51:14;"#                      gap        max ~0 min 10 sec
2026.268.20:51:14;"missed time 2026.268.19:40:00 : vlbi_scan(t_mins=5,targetSource='1420+326')
2026.268.20:51:14;"#     scan ends at 2026.268.19:45:00
2026.268.20:51:14;"
2026.268.20:51:14;"# ### Block for 1308+326 scan 139 'No0288' at 2026.268.19:47:00 in 120s #########
2026.268.20:51:14;"missed time 2026.268.19:45:00 : source('1308+326',cats='user'); go(); track()
2026.268.20:51:14;"missed time 2026.268.19:45:25 : vlbi_tsys()
2026.268.20:51:14;"#                      gap        max ~0 min 10 sec
2026.268.20:51:14;"missed time 2026.268.19:47:00 : vlbi_scan(t_mins=5,targetSource='1308+326')
2026.268.20:51:14;"#     scan ends at 2026.268.19:52:00
2026.268.20:51:14;"
2026.268.20:51:14;"# ### Block for 1420+326 scan 140 'No0291' at 2026.268.20:00:00 in 480s #########
2026.268.20:51:14;"missed time 2026.268.19:57:25 : source('1420+326',cats='user'); go(); track()
2026.268.20:51:14;"missed time 2026.268.19:57:50 : vlbi_tsys()
2026.268.20:51:14;"missed time 2026.268.19:59:15 : vlbi_reference_scan()
2026.268.20:51:14;"#                      gap        max ~0 min 10 sec
2026.268.20:51:14;"missed time 2026.268.20:00:00 : vlbi_scan(t_mins=5,targetSource='1420+326')
2026.268.20:51:14;"#     scan ends at 2026.268.20:05:00
2026.268.20:51:14;"
2026.268.20:51:14;"# ### Block for 1308+326 scan 141 'No0292' at 2026.268.20:07:20 in 140s #########
2026.268.20:51:14;"missed time 2026.268.20:05:00 : source('1308+326',cats='user'); go(); track()
2026.268.20:51:14;"missed time 2026.268.20:05:25 : vlbi_tsys()
2026.268.20:51:14;"#                      gap        max ~0 min 30 sec
2026.268.20:51:14;"missed time 2026.268.20:07:20 : vlbi_scan(t_mins=5,targetSource='1308+326')
2026.268.20:51:14;"#     scan ends at 2026.268.20:12:20
2026.268.20:51:14;"
2026.268.20:51:14;"# ### Block for 1420+326 scan 142 'No0295' at 2026.268.20:20:00 in 460s #########
2026.268.20:51:14;"missed time 2026.268.20:17:25 : source('1420+326',cats='user'); go(); track()
2026.268.20:51:14;"missed time 2026.268.20:17:50 : vlbi_tsys()
2026.268.20:51:14;"missed time 2026.268.20:19:15 : vlbi_reference_scan()
2026.268.20:51:14;"#                      gap        max ~0 min 10 sec
2026.268.20:51:14;"missed time 2026.268.20:20:00 : vlbi_scan(t_mins=5,targetSource='1420+326')
2026.268.20:51:14;"#     scan ends at 2026.268.20:25:00
2026.268.20:51:14;"
2026.268.20:51:14;"# ### Block for 1308+326 scan 143 'No0296' at 2026.268.20:27:30 in 150s #########
2026.268.20:51:14;"missed time 2026.268.20:25:00 : source('1308+326',cats='user'); go(); track()
2026.268.20:51:14;"missed time 2026.268.20:25:25 : vlbi_tsys()
2026.268.20:51:14;"missed time 2026.268.20:26:50 : vlbi_reference_scan()
2026.268.20:51:14;"#                      gap        max ~0 min 05 sec
2026.268.20:51:14;"missed time 2026.268.20:27:30 : vlbi_scan(t_mins=5,targetSource='1308+326')
2026.268.20:51:14;"#     scan ends at 2026.268.20:32:30
2026.268.20:51:14;"
2026.268.20:51:14;"# ### Block for 1420+326 scan 144 'No0299' at 2026.268.20:40:00 in 450s #########
2026.268.20:51:14;"missed time 2026.268.20:37:25 : source('1420+326',cats='user'); go(); track()
2026.268.20:51:14;"missed time 2026.268.20:37:50 : vlbi_tsys()
2026.268.20:51:14;"missed time 2026.268.20:39:15 : vlbi_reference_scan()
2026.268.20:51:14;"#                      gap        max ~0 min 10 sec
2026.268.20:51:14;"missed time 2026.268.20:40:00 : vlbi_scan(t_mins=5,targetSource='1420+326')
2026.268.20:51:14;"#     scan ends at 2026.268.20:45:00
2026.268.20:51:14;"
2026.268.20:51:14;"# ### Block for 1308+326 scan 145 'No0300' at 2026.268.20:47:30 in 150s #########
2026.268.20:51:14;"missed time 2026.268.20:45:00 : source('1308+326',cats='user'); go(); track()
2026.268.20:51:14;"missed time 2026.268.20:45:25 : vlbi_tsys()
2026.268.20:51:14;"missed time 2026.268.20:46:50 : vlbi_reference_scan()
2026.268.20:51:14;"#                      gap        max ~0 min 05 sec
2026.268.20:51:14;"missed time 2026.268.20:47:30 : vlbi_scan(t_mins=5,targetSource='1308+326')
2026.268.20:51:14;"#     scan ends at 2026.268.20:52:30
2026.268.20:51:14;"
2026.268.20:51:14;"# ### Block for 1420+326 scan 146 'No0303' at 2026.268.21:00:00 in 450s #########
2026.268.20:57:25;"source('1420+326',cats='user'); go(); track()
2026.268.20:57:25;"reply from APECS: OK
2026.268.20:57:26;"reply from APECS: (timeout)
2026.268.20:57:50;"vlbi_tsys()
2026.268.20:57:50;"reply from APECS: OK
2026.268.20:57:50;"reply from APECS: OK
2026.268.20:57:51;"reply from APECS: (timeout)
2026.268.20:59:15;"vlbi_reference_scan()
2026.268.20:59:16;"reply from APECS: (timeout)
2026.268.20:59:16;"#                      gap        max ~0 min 10 sec
2026.268.21:00:00;"vlbi_scan(t_mins=5,targetSource='1420+326')
2026.268.21:00:00;"reply from APECS: OK
2026.268.21:00:01;"reply from APECS: (timeout)
2026.268.21:00:01;"#     scan ends at 2026.268.21:05:00
2026.268.21:00:01;"
2026.268.21:00:01;"# ### Block for 1308+326 scan 147 'No0304' at 2026.268.21:07:30 in 150s #########
2026.268.21:05:00;"source('1308+326',cats='user'); go(); track()
2026.268.21:05:00;"reply from APECS: OK
2026.268.21:05:01;"reply from APECS: (timeout)
2026.268.21:05:25;"vlbi_tsys()
2026.268.21:05:25;"reply from APECS: OK
2026.268.21:05:25;"reply from APECS: OK
2026.268.21:05:26;"reply from APECS: (timeout)
2026.268.21:06:50;"vlbi_reference_scan()
2026.268.21:06:51;"reply from APECS: (timeout)
2026.268.21:06:51;"#                      gap        max ~0 min 05 sec
2026.268.21:07:30;"vlbi_scan(t_mins=5,targetSource='1308+326')
2026.268.21:07:30;"reply from APECS: OK
2026.268.21:07:31;"reply from APECS: (timeout)
2026.268.21:07:31;"#     scan ends at 2026.268.21:12:30
2026.268.21:07:31;"
2026.268.21:07:31;"# ### Block for 1749+096 scan 148 'No0307' at 2026.268.21:20:00 in 450s #########
2026.268.21:17:25;"source('1749+096',cats='user'); go(); track()
2026.268.21:17:25;"reply from APECS: OK
2026.268.21:17:26;"reply from APECS: (timeout)
2026.268.21:17:50;"vlbi_tsys()
2026.268.21:17:50;"reply from APECS: OK
2026.268.21:17:51;"reply from APECS: (timeout)
2026.268.21:19:15;"vlbi_reference_scan()
2026.268.21:19:16;"reply from APECS: (timeout)
2026.268.21:19:16;"#                      gap        max ~0 min 10 sec
2026.268.21:20:00;"vlbi_scan(t_mins=6,targetSource='1749+096')
2026.268.21:20:00;"reply from APECS: OK
2026.268.21:20:01;"reply from APECS: (timeout)
2026.268.21:20:01;"#     scan ends at 2026.268.21:26:00
2026.268.21:20:01;"
2026.268.21:20:01;"# ### Block for J1517-2422 scan 149 'No0308' at 2026.268.21:28:20 in 140s #######
2026.268.21:26:00;"source('J1517-2422',cats='user'); go(); track()
2026.268.21:26:00;"reply from APECS: OK
2026.268.21:26:01;"reply from APECS: (timeout)
2026.268.21:26:25;"vlbi_tsys()
2026.268.21:26:26;"reply from APECS: (timeout)
2026.268.21:26:26;"#                      gap        max ~0 min 30 sec
2026.268.21:26:58;"----------| USER-REQUESTED STOP OF  c262a.apecs.obs |----------
2026.268.21:26:58;"----------| START OF c262a.apecs.obs |----------
2026.268.21:26:58;"Using TAI-UTC offset of +37 seconds
2026.268.21:26:58;"#
2026.268.21:26:58;"# APEX observing script for station Ax from file vexfiles/triggered/c262a.vex
2026.268.21:26:58;"# File created on 2026.268.21:24:58 UT
2026.268.21:26:58;"#
2026.268.21:26:58;"# Columns: 1) Start time 2) Duration in seconds 3) APECS command
2026.268.21:26:58;"# Details on the columns:
2026.268.21:26:58;"#    1) @always, or UT date-time in a 2015.016.06:42:40 format (yyyy.doy.hh:mm:ss)
2026.268.21:26:58;"#         modifiers: !2015.016.06:42:40 to not skip command even if start time already is past
2026.268.21:26:58;"#    2) estimated duration of the command in seconds
2026.268.21:26:58;"#    3) APECS command and parameters to execute. If the command includes whitespace.
2026.268.21:26:58;"#       Commands include, e.g.: tsys(), interactive("message"), tracksource("sourcename"), ...
2026.268.21:26:58;"#
2026.268.21:26:58;"# At time              Duration   Command
2026.268.21:26:58;"execfile('vlbi-N3AR90_GMVA86_commands.py')
2026.268.21:26:58;"reply from APECS: OK
2026.268.21:26:59;"reply from APECS: (timeout)
2026.268.21:27:01;"vlbi_tone(enable=True)
2026.268.21:27:02;"reply from APECS: (timeout)
2026.268.21:27:04;"
2026.268.21:27:04;"# ### Block for 3C345 scan 1 'No0016' at 2026.267.17:55:00 in 200s ##############
2026.268.21:27:04;"missed time 2026.267.17:51:40 : source('3C345',cats='user'); go(); track()
2026.268.21:27:04;"missed time 2026.267.17:52:05 : vlbi_tsys(targetSource='3C345')
2026.268.21:27:04;"missed time 2026.267.17:53:30 : vlbi_reference_scan(targetSource='3C345')
2026.268.21:27:04;"#                      gap        max ~0 min 55 sec
2026.268.21:27:04;"missed time 2026.267.17:55:00 : vlbi_scan(t_mins=3,targetSource='3C345')
2026.268.21:27:04;"#     scan ends at 2026.267.17:58:00
2026.268.21:27:04;"
2026.268.21:27:04;"# ### Block for MRK501 scan 2 'No0017' at 2026.267.18:00:00 in 120s #############
2026.268.21:27:04;"missed time 2026.267.17:58:00 : source('MRK501',cats='user'); go(); track()
2026.268.21:27:04;"missed time 2026.267.17:58:25 : vlbi_tsys(targetSource='MRK501')
2026.268.21:27:04;"#                      gap        max ~0 min 10 sec
2026.268.21:27:04;"missed time 2026.267.18:00:00 : vlbi_scan(t_mins=6,targetSource='MRK501')
2026.268.21:27:04;"#     scan ends at 2026.267.18:06:00
2026.268.21:27:04;"
2026.268.21:27:04;"# ### Block for 3C345 scan 3 'No0019' at 2026.267.18:15:00 in 540s ##############
2026.268.21:27:04;"#
2026.268.21:27:04;"# OPERATOR free 6 min 35 sec until VLBI calibrations to start at 2026.267.18:12:25
2026.268.21:27:04;"#
2026.268.21:27:04;"missed time 2026.267.18:06:00 : print('You have 6 min 35 sec until the next VLBI calibration scan at 2026.267.18:12:25.')
2026.268.21:27:04;"missed time 2026.267.18:12:25 : source('3C345',cats='user'); go(); track()
2026.268.21:27:04;"missed time 2026.267.18:12:50 : vlbi_tsys(targetSource='3C345')
2026.268.21:27:04;"missed time 2026.267.18:14:15 : vlbi_reference_scan(targetSource='3C345')
2026.268.21:27:04;"#                      gap        max ~0 min 10 sec
2026.268.21:27:04;"missed time 2026.267.18:15:00 : vlbi_scan(t_mins=3,targetSource='3C345')
2026.268.21:27:04;"#     scan ends at 2026.267.18:18:00
2026.268.21:27:04;"
2026.268.21:27:04;"# ### Block for MRK501 scan 4 'No0020' at 2026.267.18:20:00 in 120s #############
2026.268.21:27:04;"missed time 2026.267.18:18:00 : source('MRK501',cats='user'); go(); track()
2026.268.21:27:04;"missed time 2026.267.18:18:25 : vlbi_tsys(targetSource='MRK501')
2026.268.21:27:04;"#                      gap        max ~0 min 10 sec
2026.268.21:27:04;"missed time 2026.267.18:20:00 : vlbi_scan(t_mins=6,targetSource='MRK501')
2026.268.21:27:04;"#     scan ends at 2026.267.18:26:00
2026.268.21:27:04;"
2026.268.21:27:04;"# ### Block for 3C345 scan 5 'No0022' at 2026.267.18:35:00 in 540s ##############
2026.268.21:27:04;"#
2026.268.21:27:04;"# OPERATOR free 6 min 35 sec until VLBI calibrations to start at 2026.267.18:32:25
2026.268.21:27:04;"#
2026.268.21:27:04;"missed time 2026.267.18:26:00 : print('You have 6 min 35 sec until the next VLBI calibration scan at 2026.267.18:32:25.')
2026.268.21:27:04;"missed time 2026.267.18:32:25 : source('3C345',cats='user'); go(); track()
2026.268.21:27:04;"missed time 2026.267.18:32:50 : vlbi_tsys(targetSource='3C345')
2026.268.21:27:04;"missed time 2026.267.18:34:15 : vlbi_reference_scan(targetSource='3C345')
2026.268.21:27:04;"#                      gap        max ~0 min 10 sec
2026.268.21:27:04;"missed time 2026.267.18:35:00 : vlbi_scan(t_mins=3,targetSource='3C345')
2026.268.21:27:04;"#     scan ends at 2026.267.18:38:00
2026.268.21:27:04;"
2026.268.21:27:04;"# ### Block for MRK501 scan 6 'No0023' at 2026.267.18:40:00 in 120s #############
2026.268.21:27:04;"missed time 2026.267.18:38:00 : source('MRK501',cats='user'); go(); track()
2026.268.21:27:04;"missed time 2026.267.18:38:25 : vlbi_tsys(targetSource='MRK501')
2026.268.21:27:04;"#                      gap        max ~0 min 10 sec
2026.268.21:27:04;"missed time 2026.267.18:40:00 : vlbi_scan(t_mins=6,targetSource='MRK501')
2026.268.21:27:04;"#     scan ends at 2026.267.18:46:00
2026.268.21:27:04;"
2026.268.21:27:04;"# ### Block for 3C345 scan 7 'No0025' at 2026.267.18:55:00 in 540s ##############
2026.268.21:27:04;"#
2026.268.21:27:04;"# OPERATOR free 6 min 35 sec until VLBI calibrations to start at 2026.267.18:52:25
2026.268.21:27:04;"#
2026.268.21:27:04;"missed time 2026.267.18:46:00 : print('You have 6 min 35 sec until the next VLBI calibration scan at 2026.267.18:52:25.')
2026.268.21:27:04;"missed time 2026.267.18:52:25 : source('3C345',cats='user'); go(); track()
2026.268.21:27:04;"missed time 2026.267.18:52:50 : vlbi_tsys(targetSource='3C345')
2026.268.21:27:04;"missed time 2026.267.18:54:15 : vlbi_reference_scan(targetSource='3C345')
2026.268.21:27:04;"#                      gap        max ~0 min 10 sec
2026.268.21:27:04;"missed time 2026.267.18:55:00 : vlbi_scan(t_mins=3,targetSource='3C345')
2026.268.21:27:04;"#     scan ends at 2026.267.18:58:00
2026.268.21:27:04;"
2026.268.21:27:04;"# ### Block for MRK501 scan 8 'No0026' at 2026.267.19:00:00 in 120s #############
2026.268.21:27:04;"missed time 2026.267.18:58:00 : source('MRK501',cats='user'); go(); track()
2026.268.21:27:04;"missed time 2026.267.18:58:25 : vlbi_tsys(targetSource='MRK501')
2026.268.21:27:04;"#                      gap        max ~0 min 10 sec
2026.268.21:27:04;"missed time 2026.267.19:00:00 : vlbi_scan(t_mins=6,targetSource='MRK501')
2026.268.21:27:04;"#     scan ends at 2026.267.19:06:00
2026.268.21:27:04;"
2026.268.21:27:04;"# ### Block for 3C345 scan 9 'No0028' at 2026.267.19:15:00 in 540s ##############
2026.268.21:27:04;"#
2026.268.21:27:04;"# OPERATOR free 6 min 35 sec until VLBI calibrations to start at 2026.267.19:12:25
2026.268.21:27:04;"#
2026.268.21:27:04;"missed time 2026.267.19:06:00 : print('You have 6 min 35 sec until the next VLBI calibration scan at 2026.267.19:12:25.')
2026.268.21:27:04;"missed time 2026.267.19:12:25 : source('3C345',cats='user'); go(); track()
2026.268.21:27:04;"missed time 2026.267.19:12:50 : vlbi_tsys(targetSource='3C345')
2026.268.21:27:04;"missed time 2026.267.19:14:15 : vlbi_reference_scan(targetSource='3C345')
2026.268.21:27:04;"#                      gap        max ~0 min 10 sec
2026.268.21:27:04;"missed time 2026.267.19:15:00 : vlbi_scan(t_mins=3,targetSource='3C345')
2026.268.21:27:04;"#     scan ends at 2026.267.19:18:00
2026.268.21:27:04;"
2026.268.21:27:04;"# ### Block for MRK501 scan 10 'No0029' at 2026.267.19:20:00 in 120s ############
2026.268.21:27:04;"missed time 2026.267.19:18:00 : source('MRK501',cats='user'); go(); track()
2026.268.21:27:04;"missed time 2026.267.19:18:25 : vlbi_tsys(targetSource='MRK501')
2026.268.21:27:04;"#                      gap        max ~0 min 10 sec
2026.268.21:27:04;"missed time 2026.267.19:20:00 : vlbi_scan(t_mins=6,targetSource='MRK501')
2026.268.21:27:04;"#     scan ends at 2026.267.19:26:00
2026.268.21:27:04;"
2026.268.21:27:04;"# ### Block for 3C345 scan 11 'No0031' at 2026.267.19:35:00 in 540s #############
2026.268.21:27:04;"#
2026.268.21:27:04;"# OPERATOR free 6 min 35 sec until VLBI calibrations to start at 2026.267.19:32:25
2026.268.21:27:04;"#
2026.268.21:27:04;"missed time 2026.267.19:26:00 : print('You have 6 min 35 sec until the next VLBI calibration scan at 2026.267.19:32:25.')
2026.268.21:27:04;"missed time 2026.267.19:32:25 : source('3C345',cats='user'); go(); track()
2026.268.21:27:04;"missed time 2026.267.19:32:50 : vlbi_tsys(targetSource='3C345')
2026.268.21:27:04;"missed time 2026.267.19:34:15 : vlbi_reference_scan(targetSource='3C345')
2026.268.21:27:04;"#                      gap        max ~0 min 10 sec
2026.268.21:27:04;"missed time 2026.267.19:35:00 : vlbi_scan(t_mins=3,targetSource='3C345')
2026.268.21:27:04;"#     scan ends at 2026.267.19:38:00
2026.268.21:27:04;"
2026.268.21:27:04;"# ### Block for MRK501 scan 12 'No0032' at 2026.267.19:40:00 in 120s ############
2026.268.21:27:04;"missed time 2026.267.19:38:00 : source('MRK501',cats='user'); go(); track()
2026.268.21:27:04;"missed time 2026.267.19:38:25 : vlbi_tsys(targetSource='MRK501')
2026.268.21:27:04;"#                      gap        max ~0 min 10 sec
2026.268.21:27:04;"missed time 2026.267.19:40:00 : vlbi_scan(t_mins=6,targetSource='MRK501')
2026.268.21:27:04;"#     scan ends at 2026.267.19:46:00
2026.268.21:27:04;"
2026.268.21:27:04;"# ### Block for 3C345 scan 13 'No0034' at 2026.267.19:55:00 in 540s #############
2026.268.21:27:04;"#
2026.268.21:27:04;"# OPERATOR free 6 min 35 sec until VLBI calibrations to start at 2026.267.19:52:25
2026.268.21:27:04;"#
2026.268.21:27:04;"missed time 2026.267.19:46:00 : print('You have 6 min 35 sec until the next VLBI calibration scan at 2026.267.19:52:25.')
2026.268.21:27:04;"missed time 2026.267.19:52:25 : source('3C345',cats='user'); go(); track()
2026.268.21:27:04;"missed time 2026.267.19:52:50 : vlbi_tsys(targetSource='3C345')
2026.268.21:27:04;"missed time 2026.267.19:54:15 : vlbi_reference_scan(targetSource='3C345')
2026.268.21:27:04;"#                      gap        max ~0 min 10 sec
2026.268.21:27:04;"missed time 2026.267.19:55:00 : vlbi_scan(t_mins=3,targetSource='3C345')
2026.268.21:27:04;"#     scan ends at 2026.267.19:58:00
2026.268.21:27:04;"
2026.268.21:27:04;"# ### Block for MRK501 scan 14 'No0035' at 2026.267.20:00:00 in 120s ############
2026.268.21:27:04;"missed time 2026.267.19:58:00 : source('MRK501',cats='user'); go(); track()
2026.268.21:27:04;"missed time 2026.267.19:58:25 : vlbi_tsys(targetSource='MRK501')
2026.268.21:27:04;"#                      gap        max ~0 min 10 sec
2026.268.21:27:04;"missed time 2026.267.20:00:00 : vlbi_scan(t_mins=6,targetSource='MRK501')
2026.268.21:27:04;"#     scan ends at 2026.267.20:06:00
2026.268.21:27:04;"
2026.268.21:27:04;"# ### Block for 3C345 scan 15 'No0037' at 2026.267.20:15:00 in 540s #############
2026.268.21:27:04;"#
2026.268.21:27:04;"# OPERATOR free 6 min 35 sec until VLBI calibrations to start at 2026.267.20:12:25
2026.268.21:27:04;"#
2026.268.21:27:04;"missed time 2026.267.20:06:00 : print('You have 6 min 35 sec until the next VLBI calibration scan at 2026.267.20:12:25.')
2026.268.21:27:04;"missed time 2026.267.20:12:25 : source('3C345',cats='user'); go(); track()
2026.268.21:27:04;"missed time 2026.267.20:12:50 : vlbi_tsys(targetSource='3C345')
2026.268.21:27:04;"missed time 2026.267.20:14:15 : vlbi_reference_scan(targetSource='3C345')
2026.268.21:27:04;"#                      gap        max ~0 min 10 sec
2026.268.21:27:04;"missed time 2026.267.20:15:00 : vlbi_scan(t_mins=3,targetSource='3C345')
2026.268.21:27:04;"#     scan ends at 2026.267.20:18:00
2026.268.21:27:04;"
2026.268.21:27:04;"# ### Block for MRK501 scan 16 'No0038' at 2026.267.20:20:00 in 120s ############
2026.268.21:27:04;"missed time 2026.267.20:18:00 : source('MRK501',cats='user'); go(); track()
2026.268.21:27:04;"missed time 2026.267.20:18:25 : vlbi_tsys(targetSource='MRK501')
2026.268.21:27:04;"#                      gap        max ~0 min 10 sec
2026.268.21:27:04;"missed time 2026.267.20:20:00 : vlbi_scan(t_mins=6,targetSource='MRK501')
2026.268.21:27:04;"#     scan ends at 2026.267.20:26:00
2026.268.21:27:04;"
2026.268.21:27:04;"# ### Block for 3C345 scan 17 'No0040' at 2026.267.20:35:00 in 540s #############
2026.268.21:27:04;"#
2026.268.21:27:04;"# OPERATOR free 6 min 35 sec until VLBI calibrations to start at 2026.267.20:32:25
2026.268.21:27:04;"#
2026.268.21:27:04;"missed time 2026.267.20:26:00 : print('You have 6 min 35 sec until the next VLBI calibration scan at 2026.267.20:32:25.')
2026.268.21:27:04;"missed time 2026.267.20:32:25 : source('3C345',cats='user'); go(); track()
2026.268.21:27:04;"missed time 2026.267.20:32:50 : vlbi_tsys(targetSource='3C345')
2026.268.21:27:04;"missed time 2026.267.20:34:15 : vlbi_reference_scan(targetSource='3C345')
2026.268.21:27:04;"#                      gap        max ~0 min 10 sec
2026.268.21:27:04;"missed time 2026.267.20:35:00 : vlbi_scan(t_mins=3,targetSource='3C345')
2026.268.21:27:04;"#     scan ends at 2026.267.20:38:00
2026.268.21:27:04;"
2026.268.21:27:04;"# ### Block for MRK501 scan 18 'No0041' at 2026.267.20:40:00 in 120s ############
2026.268.21:27:04;"missed time 2026.267.20:38:00 : source('MRK501',cats='user'); go(); track()
2026.268.21:27:04;"missed time 2026.267.20:38:25 : vlbi_tsys(targetSource='MRK501')
2026.268.21:27:04;"#                      gap        max ~0 min 10 sec
2026.268.21:27:04;"missed time 2026.267.20:40:00 : vlbi_scan(t_mins=6,targetSource='MRK501')
2026.268.21:27:04;"#     scan ends at 2026.267.20:46:00
2026.268.21:27:04;"
2026.268.21:27:04;"# ### Block for 3C345 scan 19 'No0043' at 2026.267.20:55:00 in 540s #############
2026.268.21:27:04;"#
2026.268.21:27:04;"# OPERATOR free 6 min 35 sec until VLBI calibrations to start at 2026.267.20:52:25
2026.268.21:27:04;"#
2026.268.21:27:04;"missed time 2026.267.20:46:00 : print('You have 6 min 35 sec until the next VLBI calibration scan at 2026.267.20:52:25.')
2026.268.21:27:04;"missed time 2026.267.20:52:25 : source('3C345',cats='user'); go(); track()
2026.268.21:27:04;"missed time 2026.267.20:52:50 : vlbi_tsys(targetSource='3C345')
2026.268.21:27:04;"missed time 2026.267.20:54:15 : vlbi_reference_scan(targetSource='3C345')
2026.268.21:27:04;"#                      gap        max ~0 min 10 sec
2026.268.21:27:04;"missed time 2026.267.20:55:00 : vlbi_scan(t_mins=3,targetSource='3C345')
2026.268.21:27:04;"#     scan ends at 2026.267.20:58:00
2026.268.21:27:04;"
2026.268.21:27:04;"# ### Block for MRK501 scan 20 'No0044' at 2026.267.21:00:00 in 120s ############
2026.268.21:27:04;"missed time 2026.267.20:58:00 : source('MRK501',cats='user'); go(); track()
2026.268.21:27:04;"missed time 2026.267.20:58:25 : vlbi_tsys(targetSource='MRK501')
2026.268.21:27:04;"#                      gap        max ~0 min 10 sec
2026.268.21:27:04;"missed time 2026.267.21:00:00 : vlbi_scan(t_mins=6,targetSource='MRK501')
2026.268.21:27:04;"#     scan ends at 2026.267.21:06:00
2026.268.21:27:04;"
2026.268.21:27:04;"# ### Block for 3C345 scan 21 'No0046' at 2026.267.21:15:00 in 540s #############
2026.268.21:27:04;"#
2026.268.21:27:04;"# OPERATOR free 6 min 35 sec until VLBI calibrations to start at 2026.267.21:12:25
2026.268.21:27:04;"#
2026.268.21:27:04;"missed time 2026.267.21:06:00 : print('You have 6 min 35 sec until the next VLBI calibration scan at 2026.267.21:12:25.')
2026.268.21:27:04;"missed time 2026.267.21:12:25 : source('3C345',cats='user'); go(); track()
2026.268.21:27:04;"missed time 2026.267.21:12:50 : vlbi_tsys(targetSource='3C345')
2026.268.21:27:04;"missed time 2026.267.21:14:15 : vlbi_reference_scan(targetSource='3C345')
2026.268.21:27:04;"#                      gap        max ~0 min 10 sec
2026.268.21:27:04;"missed time 2026.267.21:15:00 : vlbi_scan(t_mins=3,targetSource='3C345')
2026.268.21:27:04;"#     scan ends at 2026.267.21:18:00
2026.268.21:27:04;"
2026.268.21:27:04;"# ### Block for MRK501 scan 22 'No0047' at 2026.267.21:20:00 in 120s ############
2026.268.21:27:04;"missed time 2026.267.21:18:00 : source('MRK501',cats='user'); go(); track()
2026.268.21:27:04;"missed time 2026.267.21:18:25 : vlbi_tsys(targetSource='MRK501')
2026.268.21:27:04;"#                      gap        max ~0 min 10 sec
2026.268.21:27:04;"missed time 2026.267.21:20:00 : vlbi_scan(t_mins=6,targetSource='MRK501')
2026.268.21:27:04;"#     scan ends at 2026.267.21:26:00
2026.268.21:27:04;"
2026.268.21:27:04;"# ### Block for 3C345 scan 23 'No0049' at 2026.267.21:35:00 in 540s #############
2026.268.21:27:04;"#
2026.268.21:27:04;"# OPERATOR free 6 min 35 sec until VLBI calibrations to start at 2026.267.21:32:25
2026.268.21:27:04;"#
2026.268.21:27:04;"missed time 2026.267.21:26:00 : print('You have 6 min 35 sec until the next VLBI calibration scan at 2026.267.21:32:25.')
2026.268.21:27:04;"missed time 2026.267.21:32:25 : source('3C345',cats='user'); go(); track()
2026.268.21:27:04;"missed time 2026.267.21:32:50 : vlbi_tsys(targetSource='3C345')
2026.268.21:27:04;"missed time 2026.267.21:34:15 : vlbi_reference_scan(targetSource='3C345')
2026.268.21:27:04;"#                      gap        max ~0 min 10 sec
2026.268.21:27:04;"missed time 2026.267.21:35:00 : vlbi_scan(t_mins=3,targetSource='3C345')
2026.268.21:27:04;"#     scan ends at 2026.267.21:38:00
2026.268.21:27:04;"
2026.268.21:27:04;"# ### Block for MRK501 scan 24 'No0050' at 2026.267.21:40:00 in 120s ############
2026.268.21:27:04;"missed time 2026.267.21:38:00 : source('MRK501',cats='user'); go(); track()
2026.268.21:27:04;"missed time 2026.267.21:38:25 : vlbi_tsys(targetSource='MRK501')
2026.268.21:27:04;"#                      gap        max ~0 min 10 sec
2026.268.21:27:04;"missed time 2026.267.21:40:00 : vlbi_scan(t_mins=6,targetSource='MRK501')
2026.268.21:27:04;"#     scan ends at 2026.267.21:46:00
2026.268.21:27:04;"
2026.268.21:27:04;"# ### Block for 3C345 scan 25 'No0052' at 2026.267.21:55:00 in 540s #############
2026.268.21:27:04;"#
2026.268.21:27:04;"# OPERATOR free 6 min 35 sec until VLBI calibrations to start at 2026.267.21:52:25
2026.268.21:27:04;"#
2026.268.21:27:04;"missed time 2026.267.21:46:00 : print('You have 6 min 35 sec until the next VLBI calibration scan at 2026.267.21:52:25.')
2026.268.21:27:04;"missed time 2026.267.21:52:25 : source('3C345',cats='user'); go(); track()
2026.268.21:27:04;"missed time 2026.267.21:52:50 : vlbi_tsys(targetSource='3C345')
2026.268.21:27:04;"missed time 2026.267.21:54:15 : vlbi_reference_scan(targetSource='3C345')
2026.268.21:27:04;"#                      gap        max ~0 min 10 sec
2026.268.21:27:04;"missed time 2026.267.21:55:00 : vlbi_scan(t_mins=3,targetSource='3C345')
2026.268.21:27:04;"#     scan ends at 2026.267.21:58:00
2026.268.21:27:04;"
2026.268.21:27:04;"# ### Block for MRK501 scan 26 'No0053' at 2026.267.22:00:00 in 120s ############
2026.268.21:27:04;"missed time 2026.267.21:58:00 : source('MRK501',cats='user'); go(); track()
2026.268.21:27:04;"missed time 2026.267.21:58:25 : vlbi_tsys(targetSource='MRK501')
2026.268.21:27:04;"#                      gap        max ~0 min 10 sec
2026.268.21:27:04;"missed time 2026.267.22:00:00 : vlbi_scan(t_mins=6,targetSource='MRK501')
2026.268.21:27:04;"#     scan ends at 2026.267.22:06:00
2026.268.21:27:04;"
2026.268.21:27:04;"# ### Block for 3C345 scan 27 'No0055' at 2026.267.22:15:00 in 540s #############
2026.268.21:27:04;"#
2026.268.21:27:04;"# OPERATOR free 6 min 35 sec until VLBI calibrations to start at 2026.267.22:12:25
2026.268.21:27:04;"#
2026.268.21:27:04;"missed time 2026.267.22:06:00 : print('You have 6 min 35 sec until the next VLBI calibration scan at 2026.267.22:12:25.')
2026.268.21:27:04;"missed time 2026.267.22:12:25 : source('3C345',cats='user'); go(); track()
2026.268.21:27:04;"missed time 2026.267.22:12:50 : vlbi_tsys(targetSource='3C345')
2026.268.21:27:04;"missed time 2026.267.22:14:15 : vlbi_reference_scan(targetSource='3C345')
2026.268.21:27:04;"#                      gap        max ~0 min 10 sec
2026.268.21:27:04;"missed time 2026.267.22:15:00 : vlbi_scan(t_mins=3,targetSource='3C345')
2026.268.21:27:04;"#     scan ends at 2026.267.22:18:00
2026.268.21:27:04;"
2026.268.21:27:04;"# ### Block for MRK501 scan 28 'No0056' at 2026.267.22:20:00 in 120s ############
2026.268.21:27:04;"missed time 2026.267.22:18:00 : source('MRK501',cats='user'); go(); track()
2026.268.21:27:04;"missed time 2026.267.22:18:25 : vlbi_tsys(targetSource='MRK501')
2026.268.21:27:04;"#                      gap        max ~0 min 10 sec
2026.268.21:27:04;"missed time 2026.267.22:20:00 : vlbi_scan(t_mins=6,targetSource='MRK501')
2026.268.21:27:04;"#     scan ends at 2026.267.22:26:00
2026.268.21:27:04;"
2026.268.21:27:04;"# ### Block for 3C345 scan 29 'No0058' at 2026.267.22:35:00 in 540s #############
2026.268.21:27:04;"#
2026.268.21:27:04;"# OPERATOR free 6 min 35 sec until VLBI calibrations to start at 2026.267.22:32:25
2026.268.21:27:04;"#
2026.268.21:27:04;"missed time 2026.267.22:26:00 : print('You have 6 min 35 sec until the next VLBI calibration scan at 2026.267.22:32:25.')
2026.268.21:27:04;"missed time 2026.267.22:32:25 : source('3C345',cats='user'); go(); track()
2026.268.21:27:04;"missed time 2026.267.22:32:50 : vlbi_tsys(targetSource='3C345')
2026.268.21:27:04;"missed time 2026.267.22:34:15 : vlbi_reference_scan(targetSource='3C345')
2026.268.21:27:04;"#                      gap        max ~0 min 10 sec
2026.268.21:27:04;"missed time 2026.267.22:35:00 : vlbi_scan(t_mins=3,targetSource='3C345')
2026.268.21:27:04;"#     scan ends at 2026.267.22:38:00
2026.268.21:27:04;"
2026.268.21:27:04;"# ### Block for MRK501 scan 30 'No0059' at 2026.267.22:40:00 in 120s ############
2026.268.21:27:04;"missed time 2026.267.22:38:00 : source('MRK501',cats='user'); go(); track()
2026.268.21:27:04;"missed time 2026.267.22:38:25 : vlbi_tsys(targetSource='MRK501')
2026.268.21:27:04;"#                      gap        max ~0 min 10 sec
2026.268.21:27:04;"missed time 2026.267.22:40:00 : vlbi_scan(t_mins=6,targetSource='MRK501')
2026.268.21:27:04;"#     scan ends at 2026.267.22:46:00
2026.268.21:27:04;"
2026.268.21:27:04;"# ### Block for 3C345 scan 31 'No0063' at 2026.267.22:55:01 in 541s #############
2026.268.21:27:04;"#
2026.268.21:27:04;"# OPERATOR free 6 min 36 sec until VLBI calibrations to start at 2026.267.22:52:26
2026.268.21:27:04;"#
2026.268.21:27:04;"missed time 2026.267.22:46:00 : print('You have 6 min 36 sec until the next VLBI calibration scan at 2026.267.22:52:26.')
2026.268.21:27:04;"missed time 2026.267.22:52:26 : source('3C345',cats='user'); go(); track()
2026.268.21:27:04;"missed time 2026.267.22:52:51 : vlbi_tsys(targetSource='3C345')
2026.268.21:27:04;"missed time 2026.267.22:54:16 : vlbi_reference_scan(targetSource='3C345')
2026.268.21:27:04;"#                      gap        max ~0 min 10 sec
2026.268.21:27:04;"missed time 2026.267.22:55:01 : vlbi_scan(t_mins=3,targetSource='3C345')
2026.268.21:27:04;"#     scan ends at 2026.267.22:58:01
2026.268.21:27:04;"
2026.268.21:27:04;"# ### Block for MRK501 scan 32 'No0064' at 2026.267.23:00:01 in 120s ############
2026.268.21:27:04;"missed time 2026.267.22:58:01 : source('MRK501',cats='user'); go(); track()
2026.268.21:27:04;"missed time 2026.267.22:58:26 : vlbi_tsys(targetSource='MRK501')
2026.268.21:27:04;"#                      gap        max ~0 min 10 sec
2026.268.21:27:04;"missed time 2026.267.23:00:01 : vlbi_scan(t_mins=6,targetSource='MRK501')
2026.268.21:27:04;"#     scan ends at 2026.267.23:06:01
2026.268.21:27:04;"
2026.268.21:27:04;"# ### Block for 3C345 scan 33 'No0068' at 2026.267.23:15:01 in 540s #############
2026.268.21:27:04;"#
2026.268.21:27:04;"# OPERATOR free 6 min 35 sec until VLBI calibrations to start at 2026.267.23:12:26
2026.268.21:27:04;"#
2026.268.21:27:04;"missed time 2026.267.23:06:01 : print('You have 6 min 35 sec until the next VLBI calibration scan at 2026.267.23:12:26.')
2026.268.21:27:04;"missed time 2026.267.23:12:26 : source('3C345',cats='user'); go(); track()
2026.268.21:27:04;"missed time 2026.267.23:12:51 : vlbi_tsys(targetSource='3C345')
2026.268.21:27:04;"missed time 2026.267.23:14:16 : vlbi_reference_scan(targetSource='3C345')
2026.268.21:27:04;"#                      gap        max ~0 min 10 sec
2026.268.21:27:04;"missed time 2026.267.23:15:01 : vlbi_scan(t_mins=3,targetSource='3C345')
2026.268.21:27:04;"#     scan ends at 2026.267.23:18:01
2026.268.21:27:04;"
2026.268.21:27:04;"# ### Block for MRK501 scan 34 'No0069' at 2026.267.23:20:01 in 120s ############
2026.268.21:27:04;"missed time 2026.267.23:18:01 : source('MRK501',cats='user'); go(); track()
2026.268.21:27:04;"missed time 2026.267.23:18:26 : vlbi_tsys(targetSource='MRK501')
2026.268.21:27:04;"#                      gap        max ~0 min 10 sec
2026.268.21:27:04;"missed time 2026.267.23:20:01 : vlbi_scan(t_mins=6,targetSource='MRK501')
2026.268.21:27:04;"#     scan ends at 2026.267.23:26:01
2026.268.21:27:04;"
2026.268.21:27:04;"# ### Block for 3C345 scan 35 'No0073' at 2026.267.23:35:01 in 540s #############
2026.268.21:27:04;"#
2026.268.21:27:04;"# OPERATOR free 6 min 35 sec until VLBI calibrations to start at 2026.267.23:32:26
2026.268.21:27:04;"#
2026.268.21:27:04;"missed time 2026.267.23:26:01 : print('You have 6 min 35 sec until the next VLBI calibration scan at 2026.267.23:32:26.')
2026.268.21:27:04;"missed time 2026.267.23:32:26 : source('3C345',cats='user'); go(); track()
2026.268.21:27:04;"missed time 2026.267.23:32:51 : vlbi_tsys(targetSource='3C345')
2026.268.21:27:04;"missed time 2026.267.23:34:16 : vlbi_reference_scan(targetSource='3C345')
2026.268.21:27:04;"#                      gap        max ~0 min 10 sec
2026.268.21:27:04;"missed time 2026.267.23:35:01 : vlbi_scan(t_mins=3,targetSource='3C345')
2026.268.21:27:04;"#     scan ends at 2026.267.23:38:01
2026.268.21:27:04;"
2026.268.21:27:04;"# ### Block for MRK501 scan 36 'No0074' at 2026.267.23:40:01 in 120s ############
2026.268.21:27:04;"missed time 2026.267.23:38:01 : source('MRK501',cats='user'); go(); track()
2026.268.21:27:04;"missed time 2026.267.23:38:26 : vlbi_tsys(targetSource='MRK501')
2026.268.21:27:04;"#                      gap        max ~0 min 10 sec
2026.268.21:27:04;"missed time 2026.267.23:40:01 : vlbi_scan(t_mins=6,targetSource='MRK501')
2026.268.21:27:04;"#     scan ends at 2026.267.23:46:01
2026.268.21:27:04;"
2026.268.21:27:04;"# ### Block for BLLAC scan 37 'No0076' at 2026.267.23:55:40 in 579s #############
2026.268.21:27:04;"#
2026.268.21:27:04;"# OPERATOR free 7 min 14 sec until VLBI calibrations to start at 2026.267.23:53:05
2026.268.21:27:04;"#
2026.268.21:27:04;"missed time 2026.267.23:46:01 : print('You have 7 min 14 sec until the next VLBI calibration scan at 2026.267.23:53:05.')
2026.268.21:27:04;"missed time 2026.267.23:53:05 : source('BLLAC',cats='user'); go(); track()
2026.268.21:27:04;"missed time 2026.267.23:53:30 : vlbi_tsys(targetSource='BLLAC')
2026.268.21:27:04;"missed time 2026.267.23:54:55 : vlbi_reference_scan(targetSource='BLLAC')
2026.268.21:27:04;"#                      gap        max ~0 min 10 sec
2026.268.21:27:04;"missed time 2026.267.23:55:40 : vlbi_scan(t_mins=3,targetSource='BLLAC')
2026.268.21:27:04;"#     scan ends at 2026.267.23:58:40
2026.268.21:27:04;"
2026.268.21:27:04;"# ### Block for J2203+3145 scan 38 'No0077' at 2026.268.00:00:45 in 125s ########
2026.268.21:27:04;"missed time 2026.267.23:58:40 : source('J2203+3145',cats='user'); go(); track()
2026.268.21:27:04;"missed time 2026.267.23:59:05 : vlbi_tsys(targetSource='J2203+3145')
2026.268.21:27:04;"#                      gap        max ~0 min 15 sec
2026.268.21:27:04;"missed time 2026.268.00:00:45 : vlbi_scan(t_mins=7,targetSource='J2203+3145')
2026.268.21:27:04;"#     scan ends at 2026.268.00:07:45
2026.268.21:27:04;"
2026.268.21:27:04;"# ### Block for 3C454.3 scan 39 'No0078' at 2026.268.00:15:00 in 435s ###########
2026.268.21:27:04;"missed time 2026.268.00:12:25 : source('3C454.3',cats='user'); go(); track()
2026.268.21:27:04;"missed time 2026.268.00:12:50 : vlbi_tsys(targetSource='3C454.3')
2026.268.21:27:04;"missed time 2026.268.00:14:15 : vlbi_reference_scan(targetSource='3C454.3')
2026.268.21:27:04;"#                      gap        max ~0 min 10 sec
2026.268.21:27:04;"missed time 2026.268.00:15:00 : vlbi_scan(t_mins=7,targetSource='3C454.3')
2026.268.21:27:04;"#     scan ends at 2026.268.00:22:00
2026.268.21:27:04;"
2026.268.21:27:04;"# ### Block for BLLAC scan 40 'No0079' at 2026.268.00:30:00 in 480s #############
2026.268.21:27:04;"missed time 2026.268.00:27:25 : source('BLLAC',cats='user'); go(); track()
2026.268.21:27:04;"missed time 2026.268.00:27:50 : vlbi_tsys(targetSource='BLLAC')
2026.268.21:27:04;"missed time 2026.268.00:29:15 : vlbi_reference_scan(targetSource='BLLAC')
2026.268.21:27:04;"#                      gap        max ~0 min 10 sec
2026.268.21:27:04;"missed time 2026.268.00:30:00 : vlbi_scan(t_mins=3,targetSource='BLLAC')
2026.268.21:27:04;"#     scan ends at 2026.268.00:33:00
2026.268.21:27:04;"
2026.268.21:27:04;"# ### Block for J2203+3145 scan 41 'No0080' at 2026.268.00:35:20 in 140s ########
2026.268.21:27:04;"missed time 2026.268.00:33:00 : source('J2203+3145',cats='user'); go(); track()
2026.268.21:27:04;"missed time 2026.268.00:33:25 : vlbi_tsys(targetSource='J2203+3145')
2026.268.21:27:04;"#                      gap        max ~0 min 30 sec
2026.268.21:27:04;"missed time 2026.268.00:35:20 : vlbi_scan(t_mins=7,targetSource='J2203+3145')
2026.268.21:27:04;"#     scan ends at 2026.268.00:42:20
2026.268.21:27:04;"
2026.268.21:27:04;"# ### Block for BLLAC scan 42 'No0081' at 2026.268.00:50:00 in 460s #############
2026.268.21:27:04;"missed time 2026.268.00:47:25 : source('BLLAC',cats='user'); go(); track()
2026.268.21:27:04;"missed time 2026.268.00:47:50 : vlbi_tsys(targetSource='BLLAC')
2026.268.21:27:04;"missed time 2026.268.00:49:15 : vlbi_reference_scan(targetSource='BLLAC')
2026.268.21:27:04;"#                      gap        max ~0 min 10 sec
2026.268.21:27:04;"missed time 2026.268.00:50:00 : vlbi_scan(t_mins=3,targetSource='BLLAC')
2026.268.21:27:04;"#     scan ends at 2026.268.00:53:00
2026.268.21:27:04;"
2026.268.21:27:04;"# ### Block for J2203+3145 scan 43 'No0082' at 2026.268.00:55:20 in 140s ########
2026.268.21:27:04;"missed time 2026.268.00:53:00 : source('J2203+3145',cats='user'); go(); track()
2026.268.21:27:04;"missed time 2026.268.00:53:25 : vlbi_tsys(targetSource='J2203+3145')
2026.268.21:27:04;"#                      gap        max ~0 min 30 sec
2026.268.21:27:04;"missed time 2026.268.00:55:20 : vlbi_scan(t_mins=7,targetSource='J2203+3145')
2026.268.21:27:04;"#     scan ends at 2026.268.01:02:20
2026.268.21:27:04;"
2026.268.21:27:04;"# ### Block for BLLAC scan 44 'No0083' at 2026.268.01:10:00 in 460s #############
2026.268.21:27:04;"missed time 2026.268.01:07:25 : source('BLLAC',cats='user'); go(); track()
2026.268.21:27:04;"missed time 2026.268.01:07:50 : vlbi_tsys(targetSource='BLLAC')
2026.268.21:27:04;"missed time 2026.268.01:09:15 : vlbi_reference_scan(targetSource='BLLAC')
2026.268.21:27:04;"#                      gap        max ~0 min 10 sec
2026.268.21:27:04;"missed time 2026.268.01:10:00 : vlbi_scan(t_mins=3,targetSource='BLLAC')
2026.268.21:27:04;"#     scan ends at 2026.268.01:13:00
2026.268.21:27:04;"
2026.268.21:27:04;"# ### Block for J2203+3145 scan 45 'No0084' at 2026.268.01:15:20 in 140s ########
2026.268.21:27:04;"missed time 2026.268.01:13:00 : source('J2203+3145',cats='user'); go(); track()
2026.268.21:27:04;"missed time 2026.268.01:13:25 : vlbi_tsys(targetSource='J2203+3145')
2026.268.21:27:04;"#                      gap        max ~0 min 30 sec
2026.268.21:27:04;"missed time 2026.268.01:15:20 : vlbi_scan(t_mins=7,targetSource='J2203+3145')
2026.268.21:27:04;"#     scan ends at 2026.268.01:22:20
2026.268.21:27:04;"
2026.268.21:27:04;"# ### Block for BLLAC scan 46 'No0085' at 2026.268.01:30:00 in 460s #############
2026.268.21:27:04;"missed time 2026.268.01:27:25 : source('BLLAC',cats='user'); go(); track()
2026.268.21:27:04;"missed time 2026.268.01:27:50 : vlbi_tsys(targetSource='BLLAC')
2026.268.21:27:04;"missed time 2026.268.01:29:15 : vlbi_reference_scan(targetSource='BLLAC')
2026.268.21:27:04;"#                      gap        max ~0 min 10 sec
2026.268.21:27:04;"missed time 2026.268.01:30:00 : vlbi_scan(t_mins=3,targetSource='BLLAC')
2026.268.21:27:04;"#     scan ends at 2026.268.01:33:00
2026.268.21:27:04;"
2026.268.21:27:04;"# ### Block for J2203+3145 scan 47 'No0086' at 2026.268.01:35:00 in 120s ########
2026.268.21:27:04;"missed time 2026.268.01:33:00 : source('J2203+3145',cats='user'); go(); track()
2026.268.21:27:04;"missed time 2026.268.01:33:25 : vlbi_tsys(targetSource='J2203+3145')
2026.268.21:27:04;"#                      gap        max ~0 min 10 sec
2026.268.21:27:04;"missed time 2026.268.01:35:00 : vlbi_scan(t_mins=7,targetSource='J2203+3145')
2026.268.21:27:04;"#     scan ends at 2026.268.01:42:00
2026.268.21:27:04;"
2026.268.21:27:04;"# ### Block for 3C454.3 scan 48 'No0087' at 2026.268.01:50:00 in 480s ###########
2026.268.21:27:04;"missed time 2026.268.01:47:25 : source('3C454.3',cats='user'); go(); track()
2026.268.21:27:04;"missed time 2026.268.01:47:50 : vlbi_tsys(targetSource='3C454.3')
2026.268.21:27:04;"missed time 2026.268.01:49:15 : vlbi_reference_scan(targetSource='3C454.3')
2026.268.21:27:04;"#                      gap        max ~0 min 10 sec
2026.268.21:27:04;"missed time 2026.268.01:50:00 : vlbi_scan(t_mins=3,targetSource='3C454.3')
2026.268.21:27:04;"#     scan ends at 2026.268.01:53:00
2026.268.21:27:04;"
2026.268.21:27:04;"# ### Block for J2203+3145 scan 49 'No0088' at 2026.268.01:55:20 in 140s ########
2026.268.21:27:04;"missed time 2026.268.01:53:00 : source('J2203+3145',cats='user'); go(); track()
2026.268.21:27:04;"missed time 2026.268.01:53:25 : vlbi_tsys(targetSource='J2203+3145')
2026.268.21:27:04;"#                      gap        max ~0 min 30 sec
2026.268.21:27:04;"missed time 2026.268.01:55:20 : vlbi_scan(t_mins=7,targetSource='J2203+3145')
2026.268.21:27:04;"#     scan ends at 2026.268.02:02:20
2026.268.21:27:04;"
2026.268.21:27:04;"# ### Block for BLLAC scan 50 'No0089' at 2026.268.02:10:00 in 460s #############
2026.268.21:27:04;"missed time 2026.268.02:07:25 : source('BLLAC',cats='user'); go(); track()
2026.268.21:27:04;"missed time 2026.268.02:07:50 : vlbi_tsys(targetSource='BLLAC')
2026.268.21:27:04;"missed time 2026.268.02:09:15 : vlbi_reference_scan(targetSource='BLLAC')
2026.268.21:27:04;"#                      gap        max ~0 min 10 sec
2026.268.21:27:04;"missed time 2026.268.02:10:00 : vlbi_scan(t_mins=3,targetSource='BLLAC')
2026.268.21:27:04;"#     scan ends at 2026.268.02:13:00
2026.268.21:27:04;"
2026.268.21:27:04;"# ### Block for J2203+3145 scan 51 'No0090' at 2026.268.02:15:00 in 120s ########
2026.268.21:27:04;"missed time 2026.268.02:13:00 : source('J2203+3145',cats='user'); go(); track()
2026.268.21:27:04;"missed time 2026.268.02:13:25 : vlbi_tsys(targetSource='J2203+3145')
2026.268.21:27:04;"#                      gap        max ~0 min 10 sec
2026.268.21:27:04;"missed time 2026.268.02:15:00 : vlbi_scan(t_mins=7,targetSource='J2203+3145')
2026.268.21:27:04;"#     scan ends at 2026.268.02:22:00
2026.268.21:27:04;"
2026.268.21:27:04;"# ### Block for BLLAC scan 52 'No0091' at 2026.268.02:30:00 in 480s #############
2026.268.21:27:04;"missed time 2026.268.02:27:25 : source('BLLAC',cats='user'); go(); track()
2026.268.21:27:04;"missed time 2026.268.02:27:50 : vlbi_tsys(targetSource='BLLAC')
2026.268.21:27:04;"missed time 2026.268.02:29:15 : vlbi_reference_scan(targetSource='BLLAC')
2026.268.21:27:04;"#                      gap        max ~0 min 10 sec
2026.268.21:27:04;"missed time 2026.268.02:30:00 : vlbi_scan(t_mins=3,targetSource='BLLAC')
2026.268.21:27:04;"#     scan ends at 2026.268.02:33:00
2026.268.21:27:04;"
2026.268.21:27:04;"# ### Block for J2203+3145 scan 53 'No0092' at 2026.268.02:35:00 in 120s ########
2026.268.21:27:04;"missed time 2026.268.02:33:00 : source('J2203+3145',cats='user'); go(); track()
2026.268.21:27:04;"missed time 2026.268.02:33:25 : vlbi_tsys(targetSource='J2203+3145')
2026.268.21:27:04;"#                      gap        max ~0 min 10 sec
2026.268.21:27:04;"missed time 2026.268.02:35:00 : vlbi_scan(t_mins=7,targetSource='J2203+3145')
2026.268.21:27:04;"#     scan ends at 2026.268.02:42:00
2026.268.21:27:04;"
2026.268.21:27:04;"# ### Block for BLLAC scan 54 'No0093' at 2026.268.02:50:00 in 480s #############
2026.268.21:27:04;"missed time 2026.268.02:47:25 : source('BLLAC',cats='user'); go(); track()
2026.268.21:27:04;"missed time 2026.268.02:47:50 : vlbi_tsys(targetSource='BLLAC')
2026.268.21:27:04;"missed time 2026.268.02:49:15 : vlbi_reference_scan(targetSource='BLLAC')
2026.268.21:27:04;"#                      gap        max ~0 min 10 sec
2026.268.21:27:04;"missed time 2026.268.02:50:00 : vlbi_scan(t_mins=3,targetSource='BLLAC')
2026.268.21:27:04;"#     scan ends at 2026.268.02:53:00
2026.268.21:27:04;"
2026.268.21:27:04;"# ### Block for J2203+3145 scan 55 'No0094' at 2026.268.02:55:00 in 120s ########
2026.268.21:27:04;"missed time 2026.268.02:53:00 : source('J2203+3145',cats='user'); go(); track()
2026.268.21:27:04;"missed time 2026.268.02:53:25 : vlbi_tsys(targetSource='J2203+3145')
2026.268.21:27:04;"#                      gap        max ~0 min 10 sec
2026.268.21:27:04;"missed time 2026.268.02:55:00 : vlbi_scan(t_mins=7,targetSource='J2203+3145')
2026.268.21:27:04;"#     scan ends at 2026.268.03:02:00
2026.268.21:27:04;"
2026.268.21:27:04;"# ### Block for 3C454.3 scan 56 'No0095' at 2026.268.03:10:00 in 480s ###########
2026.268.21:27:04;"missed time 2026.268.03:07:25 : source('3C454.3',cats='user'); go(); track()
2026.268.21:27:04;"missed time 2026.268.03:07:50 : vlbi_tsys(targetSource='3C454.3')
2026.268.21:27:04;"missed time 2026.268.03:09:15 : vlbi_reference_scan(targetSource='3C454.3')
2026.268.21:27:04;"#                      gap        max ~0 min 10 sec
2026.268.21:27:04;"missed time 2026.268.03:10:00 : vlbi_scan(t_mins=3,targetSource='3C454.3')
2026.268.21:27:04;"#     scan ends at 2026.268.03:13:00
2026.268.21:27:04;"
2026.268.21:27:04;"# ### Block for J2203+3145 scan 57 'No0096' at 2026.268.03:15:00 in 120s ########
2026.268.21:27:04;"missed time 2026.268.03:13:00 : source('J2203+3145',cats='user'); go(); track()
2026.268.21:27:04;"missed time 2026.268.03:13:25 : vlbi_tsys(targetSource='J2203+3145')
2026.268.21:27:04;"#                      gap        max ~0 min 10 sec
2026.268.21:27:04;"missed time 2026.268.03:15:00 : vlbi_scan(t_mins=7,targetSource='J2203+3145')
2026.268.21:27:04;"#     scan ends at 2026.268.03:22:00
2026.268.21:27:04;"
2026.268.21:27:04;"# ### Block for BLLAC scan 58 'No0097' at 2026.268.03:28:00 in 360s #############
2026.268.21:27:04;"missed time 2026.268.03:25:25 : source('BLLAC',cats='user'); go(); track()
2026.268.21:27:04;"missed time 2026.268.03:25:50 : vlbi_tsys(targetSource='BLLAC')
2026.268.21:27:04;"missed time 2026.268.03:27:15 : vlbi_reference_scan(targetSource='BLLAC')
2026.268.21:27:04;"#                      gap        max ~0 min 10 sec
2026.268.21:27:04;"missed time 2026.268.03:28:00 : vlbi_scan(t_mins=3,targetSource='BLLAC')
2026.268.21:27:04;"#     scan ends at 2026.268.03:31:00
2026.268.21:27:04;"
2026.268.21:27:04;"# ### Block for J2203+3145 scan 59 'No0098' at 2026.268.03:32:40 in 100s ########
2026.268.21:27:04;"missed time 2026.268.03:31:00 : source('J2203+3145',cats='user'); go(); track()
2026.268.21:27:04;"missed time 2026.268.03:31:25 : vlbi_tsys(mode_='HOT',time_s=5,targetSource='J2203+3145')
2026.268.21:27:04;"missed time 2026.268.03:31:52 : vlbi_reference_scan(targetSource='J2203+3145')
2026.268.21:27:04;"#                      gap        max ~0 min 13 sec
2026.268.21:27:04;"missed time 2026.268.03:32:40 : vlbi_scan(t_mins=5,targetSource='J2203+3145')
2026.268.21:27:04;"#     scan ends at 2026.268.03:37:40
2026.268.21:27:04;"
2026.268.21:27:04;"# ### Block for BLLAC scan 60 'No0101' at 2026.268.03:43:00 in 320s #############
2026.268.21:27:04;"missed time 2026.268.03:40:25 : source('BLLAC',cats='user'); go(); track()
2026.268.21:27:04;"missed time 2026.268.03:40:50 : vlbi_tsys(targetSource='BLLAC')
2026.268.21:27:04;"missed time 2026.268.03:42:15 : vlbi_reference_scan(targetSource='BLLAC')
2026.268.21:27:04;"#                      gap        max ~0 min 10 sec
2026.268.21:27:04;"missed time 2026.268.03:43:00 : vlbi_scan(t_mins=3,targetSource='BLLAC')
2026.268.21:27:04;"#     scan ends at 2026.268.03:46:00
2026.268.21:27:04;"
2026.268.21:27:04;"# ### Block for J2203+3145 scan 61 'No0102' at 2026.268.03:47:40 in 100s ########
2026.268.21:27:04;"missed time 2026.268.03:46:00 : source('J2203+3145',cats='user'); go(); track()
2026.268.21:27:04;"missed time 2026.268.03:46:25 : vlbi_tsys(mode_='HOT',time_s=5,targetSource='J2203+3145')
2026.268.21:27:04;"missed time 2026.268.03:46:52 : vlbi_reference_scan(targetSource='J2203+3145')
2026.268.21:27:04;"#                      gap        max ~0 min 13 sec
2026.268.21:27:04;"missed time 2026.268.03:47:40 : vlbi_scan(t_mins=6,targetSource='J2203+3145')
2026.268.21:27:04;"#     scan ends at 2026.268.03:53:40
2026.268.21:27:04;"
2026.268.21:27:04;"# ### Block for BLLAC scan 62 'No0105' at 2026.268.04:00:00 in 380s #############
2026.268.21:27:04;"missed time 2026.268.03:57:25 : source('BLLAC',cats='user'); go(); track()
2026.268.21:27:04;"missed time 2026.268.03:57:50 : vlbi_tsys(targetSource='BLLAC')
2026.268.21:27:04;"missed time 2026.268.03:59:15 : vlbi_reference_scan(targetSource='BLLAC')
2026.268.21:27:04;"#                      gap        max ~0 min 10 sec
2026.268.21:27:04;"missed time 2026.268.04:00:00 : vlbi_scan(t_mins=3,targetSource='BLLAC')
2026.268.21:27:04;"#     scan ends at 2026.268.04:03:00
2026.268.21:27:04;"
2026.268.21:27:04;"# ### Block for J2203+3145 scan 63 'No0106' at 2026.268.04:06:20 in 200s ########
2026.268.21:27:04;"missed time 2026.268.04:03:00 : source('J2203+3145',cats='user'); go(); track()
2026.268.21:27:04;"missed time 2026.268.04:03:25 : vlbi_tsys(targetSource='J2203+3145')
2026.268.21:27:04;"missed time 2026.268.04:04:50 : vlbi_reference_scan(targetSource='J2203+3145')
2026.268.21:27:04;"#                      gap        max ~0 min 55 sec
2026.268.21:27:04;"missed time 2026.268.04:06:20 : vlbi_scan(t_mins=6,targetSource='J2203+3145')
2026.268.21:27:04;"#     scan ends at 2026.268.04:12:20
2026.268.21:27:04;"
2026.268.21:27:04;"# ### Block for 3C454.3 scan 64 'No0109' at 2026.268.04:20:00 in 460s ###########
2026.268.21:27:04;"missed time 2026.268.04:17:25 : source('3C454.3',cats='user'); go(); track()
2026.268.21:27:04;"missed time 2026.268.04:17:50 : vlbi_tsys(targetSource='3C454.3')
2026.268.21:27:04;"missed time 2026.268.04:19:15 : vlbi_reference_scan(targetSource='3C454.3')
2026.268.21:27:04;"#                      gap        max ~0 min 10 sec
2026.268.21:27:04;"missed time 2026.268.04:20:00 : vlbi_scan(t_mins=3,targetSource='3C454.3')
2026.268.21:27:04;"#     scan ends at 2026.268.04:23:00
2026.268.21:27:04;"
2026.268.21:27:04;"# ### Block for J2203+3145 scan 65 'No0110' at 2026.268.04:24:40 in 100s ########
2026.268.21:27:04;"missed time 2026.268.04:23:00 : source('J2203+3145',cats='user'); go(); track()
2026.268.21:27:04;"missed time 2026.268.04:23:25 : vlbi_tsys(mode_='HOT',time_s=5,targetSource='J2203+3145')
2026.268.21:27:04;"missed time 2026.268.04:23:52 : vlbi_reference_scan(targetSource='J2203+3145')
2026.268.21:27:04;"#                      gap        max ~0 min 13 sec
2026.268.21:27:04;"missed time 2026.268.04:24:40 : vlbi_scan(t_mins=7,targetSource='J2203+3145')
2026.268.21:27:04;"#     scan ends at 2026.268.04:31:40
2026.268.21:27:04;"
2026.268.21:27:04;"# ### Block for BLLAC scan 66 'No0113' at 2026.268.04:40:00 in 500s #############
2026.268.21:27:04;"missed time 2026.268.04:37:25 : source('BLLAC',cats='user'); go(); track()
2026.268.21:27:04;"missed time 2026.268.04:37:50 : vlbi_tsys(targetSource='BLLAC')
2026.268.21:27:04;"missed time 2026.268.04:39:15 : vlbi_reference_scan(targetSource='BLLAC')
2026.268.21:27:04;"#                      gap        max ~0 min 10 sec
2026.268.21:27:04;"missed time 2026.268.04:40:00 : vlbi_scan(t_mins=3,targetSource='BLLAC')
2026.268.21:27:04;"#     scan ends at 2026.268.04:43:00
2026.268.21:27:04;"
2026.268.21:27:04;"# ### Block for J2203+3145 scan 67 'No0114' at 2026.268.04:44:55 in 115s ########
2026.268.21:27:04;"missed time 2026.268.04:43:00 : source('J2203+3145',cats='user'); go(); track()
2026.268.21:27:04;"missed time 2026.268.04:43:25 : vlbi_tsys(targetSource='J2203+3145')
2026.268.21:27:04;"#                      gap        max ~0 min 05 sec
2026.268.21:27:04;"missed time 2026.268.04:44:55 : vlbi_scan(t_mins=7,targetSource='J2203+3145')
2026.268.21:27:04;"#     scan ends at 2026.268.04:51:55
2026.268.21:27:04;"
2026.268.21:27:04;"# ### Block for BLLAC scan 68 'No0117' at 2026.268.05:00:00 in 485s #############
2026.268.21:27:04;"missed time 2026.268.04:57:25 : source('BLLAC',cats='user'); go(); track()
2026.268.21:27:04;"missed time 2026.268.04:57:50 : vlbi_tsys(targetSource='BLLAC')
2026.268.21:27:04;"missed time 2026.268.04:59:15 : vlbi_reference_scan(targetSource='BLLAC')
2026.268.21:27:04;"#                      gap        max ~0 min 10 sec
2026.268.21:27:04;"missed time 2026.268.05:00:00 : vlbi_scan(t_mins=3,targetSource='BLLAC')
2026.268.21:27:04;"#     scan ends at 2026.268.05:03:00
2026.268.21:27:04;"
2026.268.21:27:04;"# ### Block for J2203+3145 scan 69 'No0118' at 2026.268.05:06:00 in 180s ########
2026.268.21:27:04;"missed time 2026.268.05:03:00 : source('J2203+3145',cats='user'); go(); track()
2026.268.21:27:04;"missed time 2026.268.05:03:25 : vlbi_tsys(targetSource='J2203+3145')
2026.268.21:27:04;"missed time 2026.268.05:04:50 : vlbi_reference_scan(targetSource='J2203+3145')
2026.268.21:27:04;"#                      gap        max ~0 min 35 sec
2026.268.21:27:04;"missed time 2026.268.05:06:00 : vlbi_scan(t_mins=7,targetSource='J2203+3145')
2026.268.21:27:04;"#     scan ends at 2026.268.05:13:00
2026.268.21:27:04;"
2026.268.21:27:04;"# ### Block for 3C84 scan 70 'No0123' at 2026.268.05:20:01 in 421s ##############
2026.268.21:27:04;"missed time 2026.268.05:17:26 : source('3C84',cats='user'); go(); track()
2026.268.21:27:04;"missed time 2026.268.05:17:51 : vlbi_tsys(targetSource='3C84')
2026.268.21:27:04;"missed time 2026.268.05:19:16 : vlbi_reference_scan(targetSource='3C84')
2026.268.21:27:04;"#                      gap        max ~0 min 10 sec
2026.268.21:27:04;"missed time 2026.268.05:20:01 : vlbi_scan(t_mins=3,targetSource='3C84')
2026.268.21:27:04;"#     scan ends at 2026.268.05:23:01
2026.268.21:27:04;"
2026.268.21:27:04;"# ### Block for 3C111 scan 71 'No0124' at 2026.268.05:26:01 in 180s #############
2026.268.21:27:04;"missed time 2026.268.05:23:01 : source('3C111',cats='user'); go(); track()
2026.268.21:27:04;"missed time 2026.268.05:23:26 : vlbi_tsys(targetSource='3C111')
2026.268.21:27:04;"missed time 2026.268.05:24:51 : vlbi_reference_scan(targetSource='3C111')
2026.268.21:27:04;"#                      gap        max ~0 min 35 sec
2026.268.21:27:04;"missed time 2026.268.05:26:01 : vlbi_scan(t_mins=6,targetSource='3C111')
2026.268.21:27:04;"#     scan ends at 2026.268.05:32:01
2026.268.21:27:04;"
2026.268.21:27:04;"# ### Block for 3C84 scan 72 'No0127' at 2026.268.05:40:01 in 480s ##############
2026.268.21:27:04;"missed time 2026.268.05:37:26 : source('3C84',cats='user'); go(); track()
2026.268.21:27:04;"missed time 2026.268.05:37:51 : vlbi_tsys(targetSource='3C84')
2026.268.21:27:04;"missed time 2026.268.05:39:16 : vlbi_reference_scan(targetSource='3C84')
2026.268.21:27:04;"#                      gap        max ~0 min 10 sec
2026.268.21:27:04;"missed time 2026.268.05:40:01 : vlbi_scan(t_mins=3,targetSource='3C84')
2026.268.21:27:04;"#     scan ends at 2026.268.05:43:01
2026.268.21:27:04;"
2026.268.21:27:04;"# ### Block for 3C111 scan 73 'No0128' at 2026.268.05:46:01 in 180s #############
2026.268.21:27:04;"missed time 2026.268.05:43:01 : source('3C111',cats='user'); go(); track()
2026.268.21:27:04;"missed time 2026.268.05:43:26 : vlbi_tsys(targetSource='3C111')
2026.268.21:27:04;"missed time 2026.268.05:44:51 : vlbi_reference_scan(targetSource='3C111')
2026.268.21:27:04;"#                      gap        max ~0 min 35 sec
2026.268.21:27:04;"missed time 2026.268.05:46:01 : vlbi_scan(t_mins=6,targetSource='3C111')
2026.268.21:27:04;"#     scan ends at 2026.268.05:52:01
2026.268.21:27:04;"
2026.268.21:27:04;"# ### Block for 3C84 scan 74 'No0131' at 2026.268.06:00:01 in 480s ##############
2026.268.21:27:04;"missed time 2026.268.05:57:26 : source('3C84',cats='user'); go(); track()
2026.268.21:27:04;"missed time 2026.268.05:57:51 : vlbi_tsys(targetSource='3C84')
2026.268.21:27:04;"missed time 2026.268.05:59:16 : vlbi_reference_scan(targetSource='3C84')
2026.268.21:27:04;"#                      gap        max ~0 min 10 sec
2026.268.21:27:04;"missed time 2026.268.06:00:01 : vlbi_scan(t_mins=3,targetSource='3C84')
2026.268.21:27:04;"#     scan ends at 2026.268.06:03:01
2026.268.21:27:04;"
2026.268.21:27:04;"# ### Block for 3C111 scan 75 'No0132' at 2026.268.06:06:01 in 180s #############
2026.268.21:27:04;"missed time 2026.268.06:03:01 : source('3C111',cats='user'); go(); track()
2026.268.21:27:04;"missed time 2026.268.06:03:26 : vlbi_tsys(targetSource='3C111')
2026.268.21:27:04;"missed time 2026.268.06:04:51 : vlbi_reference_scan(targetSource='3C111')
2026.268.21:27:04;"#                      gap        max ~0 min 35 sec
2026.268.21:27:04;"missed time 2026.268.06:06:01 : vlbi_scan(t_mins=6,targetSource='3C111')
2026.268.21:27:04;"#     scan ends at 2026.268.06:12:01
2026.268.21:27:04;"
2026.268.21:27:04;"# ### Block for 3C84 scan 76 'No0135' at 2026.268.06:20:01 in 480s ##############
2026.268.21:27:04;"missed time 2026.268.06:17:26 : source('3C84',cats='user'); go(); track()
2026.268.21:27:04;"missed time 2026.268.06:17:51 : vlbi_tsys(targetSource='3C84')
2026.268.21:27:04;"missed time 2026.268.06:19:16 : vlbi_reference_scan(targetSource='3C84')
2026.268.21:27:04;"#                      gap        max ~0 min 10 sec
2026.268.21:27:04;"missed time 2026.268.06:20:01 : vlbi_scan(t_mins=3,targetSource='3C84')
2026.268.21:27:04;"#     scan ends at 2026.268.06:23:01
2026.268.21:27:04;"
2026.268.21:27:04;"# ### Block for 3C111 scan 77 'No0136' at 2026.268.06:26:01 in 180s #############
2026.268.21:27:04;"missed time 2026.268.06:23:01 : source('3C111',cats='user'); go(); track()
2026.268.21:27:04;"missed time 2026.268.06:23:26 : vlbi_tsys(targetSource='3C111')
2026.268.21:27:04;"missed time 2026.268.06:24:51 : vlbi_reference_scan(targetSource='3C111')
2026.268.21:27:04;"#                      gap        max ~0 min 35 sec
2026.268.21:27:04;"missed time 2026.268.06:26:01 : vlbi_scan(t_mins=6,targetSource='3C111')
2026.268.21:27:04;"#     scan ends at 2026.268.06:32:01
2026.268.21:27:04;"
2026.268.21:27:04;"# ### Block for 3C84 scan 78 'No0139' at 2026.268.06:40:01 in 480s ##############
2026.268.21:27:04;"missed time 2026.268.06:37:26 : source('3C84',cats='user'); go(); track()
2026.268.21:27:04;"missed time 2026.268.06:37:51 : vlbi_tsys(targetSource='3C84')
2026.268.21:27:04;"missed time 2026.268.06:39:16 : vlbi_reference_scan(targetSource='3C84')
2026.268.21:27:04;"#                      gap        max ~0 min 10 sec
2026.268.21:27:04;"missed time 2026.268.06:40:01 : vlbi_scan(t_mins=3,targetSource='3C84')
2026.268.21:27:04;"#     scan ends at 2026.268.06:43:01
2026.268.21:27:04;"
2026.268.21:27:04;"# ### Block for 3C111 scan 79 'No0140' at 2026.268.06:46:01 in 180s #############
2026.268.21:27:04;"missed time 2026.268.06:43:01 : source('3C111',cats='user'); go(); track()
2026.268.21:27:04;"missed time 2026.268.06:43:26 : vlbi_tsys(targetSource='3C111')
2026.268.21:27:04;"missed time 2026.268.06:44:51 : vlbi_reference_scan(targetSource='3C111')
2026.268.21:27:04;"#                      gap        max ~0 min 35 sec
2026.268.21:27:04;"missed time 2026.268.06:46:01 : vlbi_scan(t_mins=6,targetSource='3C111')
2026.268.21:27:04;"#     scan ends at 2026.268.06:52:01
2026.268.21:27:04;"
2026.268.21:27:04;"# ### Block for 3C84 scan 80 'No0143' at 2026.268.07:00:01 in 480s ##############
2026.268.21:27:04;"missed time 2026.268.06:57:26 : source('3C84',cats='user'); go(); track()
2026.268.21:27:04;"missed time 2026.268.06:57:51 : vlbi_tsys(targetSource='3C84')
2026.268.21:27:04;"missed time 2026.268.06:59:16 : vlbi_reference_scan(targetSource='3C84')
2026.268.21:27:04;"#                      gap        max ~0 min 10 sec
2026.268.21:27:04;"missed time 2026.268.07:00:01 : vlbi_scan(t_mins=3,targetSource='3C84')
2026.268.21:27:04;"#     scan ends at 2026.268.07:03:01
2026.268.21:27:04;"
2026.268.21:27:04;"# ### Block for 3C111 scan 81 'No0144' at 2026.268.07:06:01 in 180s #############
2026.268.21:27:04;"missed time 2026.268.07:03:01 : source('3C111',cats='user'); go(); track()
2026.268.21:27:04;"missed time 2026.268.07:03:26 : vlbi_tsys(targetSource='3C111')
2026.268.21:27:04;"missed time 2026.268.07:04:51 : vlbi_reference_scan(targetSource='3C111')
2026.268.21:27:04;"#                      gap        max ~0 min 35 sec
2026.268.21:27:04;"missed time 2026.268.07:06:01 : vlbi_scan(t_mins=6,targetSource='3C111')
2026.268.21:27:04;"#     scan ends at 2026.268.07:12:01
2026.268.21:27:04;"
2026.268.21:27:04;"# ### Block for 3C84 scan 82 'No0147' at 2026.268.07:20:01 in 480s ##############
2026.268.21:27:04;"missed time 2026.268.07:17:26 : source('3C84',cats='user'); go(); track()
2026.268.21:27:04;"missed time 2026.268.07:17:51 : vlbi_tsys(targetSource='3C84')
2026.268.21:27:04;"missed time 2026.268.07:19:16 : vlbi_reference_scan(targetSource='3C84')
2026.268.21:27:04;"#                      gap        max ~0 min 10 sec
2026.268.21:27:04;"missed time 2026.268.07:20:01 : vlbi_scan(t_mins=3,targetSource='3C84')
2026.268.21:27:04;"#     scan ends at 2026.268.07:23:01
2026.268.21:27:04;"
2026.268.21:27:04;"# ### Block for 3C111 scan 83 'No0148' at 2026.268.07:26:01 in 180s #############
2026.268.21:27:04;"missed time 2026.268.07:23:01 : source('3C111',cats='user'); go(); track()
2026.268.21:27:04;"missed time 2026.268.07:23:26 : vlbi_tsys(targetSource='3C111')
2026.268.21:27:04;"missed time 2026.268.07:24:51 : vlbi_reference_scan(targetSource='3C111')
2026.268.21:27:04;"#                      gap        max ~0 min 35 sec
2026.268.21:27:04;"missed time 2026.268.07:26:01 : vlbi_scan(t_mins=6,targetSource='3C111')
2026.268.21:27:04;"#     scan ends at 2026.268.07:32:01
2026.268.21:27:04;"
2026.268.21:27:04;"# ### Block for 3C84 scan 84 'No0151' at 2026.268.07:40:01 in 480s ##############
2026.268.21:27:04;"missed time 2026.268.07:37:26 : source('3C84',cats='user'); go(); track()
2026.268.21:27:04;"missed time 2026.268.07:37:51 : vlbi_tsys(targetSource='3C84')
2026.268.21:27:04;"missed time 2026.268.07:39:16 : vlbi_reference_scan(targetSource='3C84')
2026.268.21:27:04;"#                      gap        max ~0 min 10 sec
2026.268.21:27:04;"missed time 2026.268.07:40:01 : vlbi_scan(t_mins=3,targetSource='3C84')
2026.268.21:27:04;"#     scan ends at 2026.268.07:43:01
2026.268.21:27:04;"
2026.268.21:27:04;"# ### Block for 3C111 scan 85 'No0152' at 2026.268.07:46:01 in 180s #############
2026.268.21:27:04;"missed time 2026.268.07:43:01 : source('3C111',cats='user'); go(); track()
2026.268.21:27:04;"missed time 2026.268.07:43:26 : vlbi_tsys(targetSource='3C111')
2026.268.21:27:04;"missed time 2026.268.07:44:51 : vlbi_reference_scan(targetSource='3C111')
2026.268.21:27:04;"#                      gap        max ~0 min 35 sec
2026.268.21:27:04;"missed time 2026.268.07:46:01 : vlbi_scan(t_mins=6,targetSource='3C111')
2026.268.21:27:04;"#     scan ends at 2026.268.07:52:01
2026.268.21:27:04;"
2026.268.21:27:04;"# ### Block for 3C84 scan 86 'No0155' at 2026.268.08:00:01 in 480s ##############
2026.268.21:27:04;"missed time 2026.268.07:57:26 : source('3C84',cats='user'); go(); track()
2026.268.21:27:04;"missed time 2026.268.07:57:51 : vlbi_tsys(targetSource='3C84')
2026.268.21:27:04;"missed time 2026.268.07:59:16 : vlbi_reference_scan(targetSource='3C84')
2026.268.21:27:04;"#                      gap        max ~0 min 10 sec
2026.268.21:27:04;"missed time 2026.268.08:00:01 : vlbi_scan(t_mins=3,targetSource='3C84')
2026.268.21:27:04;"#     scan ends at 2026.268.08:03:01
2026.268.21:27:04;"
2026.268.21:27:04;"# ### Block for 3C111 scan 87 'No0156' at 2026.268.08:06:01 in 180s #############
2026.268.21:27:04;"missed time 2026.268.08:03:01 : source('3C111',cats='user'); go(); track()
2026.268.21:27:04;"missed time 2026.268.08:03:26 : vlbi_tsys(targetSource='3C111')
2026.268.21:27:04;"missed time 2026.268.08:04:51 : vlbi_reference_scan(targetSource='3C111')
2026.268.21:27:04;"#                      gap        max ~0 min 35 sec
2026.268.21:27:04;"missed time 2026.268.08:06:01 : vlbi_scan(t_mins=6,targetSource='3C111')
2026.268.21:27:04;"#     scan ends at 2026.268.08:12:01
2026.268.21:27:04;"
2026.268.21:27:04;"# ### Block for 3C84 scan 88 'No0161' at 2026.268.08:20:01 in 480s ##############
2026.268.21:27:04;"missed time 2026.268.08:17:26 : source('3C84',cats='user'); go(); track()
2026.268.21:27:04;"missed time 2026.268.08:17:51 : vlbi_tsys(targetSource='3C84')
2026.268.21:27:04;"missed time 2026.268.08:19:16 : vlbi_reference_scan(targetSource='3C84')
2026.268.21:27:04;"#                      gap        max ~0 min 10 sec
2026.268.21:27:04;"missed time 2026.268.08:20:01 : vlbi_scan(t_mins=3,targetSource='3C84')
2026.268.21:27:04;"#     scan ends at 2026.268.08:23:01
2026.268.21:27:04;"
2026.268.21:27:04;"# ### Block for 3C111 scan 89 'No0162' at 2026.268.08:26:01 in 180s #############
2026.268.21:27:04;"missed time 2026.268.08:23:01 : source('3C111',cats='user'); go(); track()
2026.268.21:27:04;"missed time 2026.268.08:23:26 : vlbi_tsys(targetSource='3C111')
2026.268.21:27:04;"missed time 2026.268.08:24:51 : vlbi_reference_scan(targetSource='3C111')
2026.268.21:27:04;"#                      gap        max ~0 min 35 sec
2026.268.21:27:04;"missed time 2026.268.08:26:01 : vlbi_scan(t_mins=6,targetSource='3C111')
2026.268.21:27:04;"#     scan ends at 2026.268.08:32:01
2026.268.21:27:04;"
2026.268.21:27:04;"# ### Block for 3C84 scan 90 'No0167' at 2026.268.08:40:01 in 480s ##############
2026.268.21:27:04;"missed time 2026.268.08:37:26 : source('3C84',cats='user'); go(); track()
2026.268.21:27:04;"missed time 2026.268.08:37:51 : vlbi_tsys(targetSource='3C84')
2026.268.21:27:04;"missed time 2026.268.08:39:16 : vlbi_reference_scan(targetSource='3C84')
2026.268.21:27:04;"#                      gap        max ~0 min 10 sec
2026.268.21:27:04;"missed time 2026.268.08:40:01 : vlbi_scan(t_mins=3,targetSource='3C84')
2026.268.21:27:04;"#     scan ends at 2026.268.08:43:01
2026.268.21:27:04;"
2026.268.21:27:04;"# ### Block for 3C111 scan 91 'No0168' at 2026.268.08:46:01 in 180s #############
2026.268.21:27:04;"missed time 2026.268.08:43:01 : source('3C111',cats='user'); go(); track()
2026.268.21:27:04;"missed time 2026.268.08:43:26 : vlbi_tsys(targetSource='3C111')
2026.268.21:27:04;"missed time 2026.268.08:44:51 : vlbi_reference_scan(targetSource='3C111')
2026.268.21:27:04;"#                      gap        max ~0 min 35 sec
2026.268.21:27:04;"missed time 2026.268.08:46:01 : vlbi_scan(t_mins=6,targetSource='3C111')
2026.268.21:27:04;"#     scan ends at 2026.268.08:52:01
2026.268.21:27:04;"
2026.268.21:27:04;"# ### Block for 3C84 scan 92 'No0171' at 2026.268.09:00:00 in 479s ##############
2026.268.21:27:04;"missed time 2026.268.08:57:25 : source('3C84',cats='user'); go(); track()
2026.268.21:27:04;"missed time 2026.268.08:57:50 : vlbi_tsys(targetSource='3C84')
2026.268.21:27:04;"missed time 2026.268.08:59:15 : vlbi_reference_scan(targetSource='3C84')
2026.268.21:27:04;"#                      gap        max ~0 min 10 sec
2026.268.21:27:04;"missed time 2026.268.09:00:00 : vlbi_scan(t_mins=3,targetSource='3C84')
2026.268.21:27:04;"#     scan ends at 2026.268.09:03:00
2026.268.21:27:04;"
2026.268.21:27:04;"# ### Block for 3C111 scan 93 'No0172' at 2026.268.09:06:00 in 180s #############
2026.268.21:27:04;"missed time 2026.268.09:03:00 : source('3C111',cats='user'); go(); track()
2026.268.21:27:04;"missed time 2026.268.09:03:25 : vlbi_tsys(targetSource='3C111')
2026.268.21:27:04;"missed time 2026.268.09:04:50 : vlbi_reference_scan(targetSource='3C111')
2026.268.21:27:04;"#                      gap        max ~0 min 35 sec
2026.268.21:27:04;"missed time 2026.268.09:06:00 : vlbi_scan(t_mins=6,targetSource='3C111')
2026.268.21:27:04;"#     scan ends at 2026.268.09:12:00
2026.268.21:27:04;"
2026.268.21:27:04;"# ### Block for 3C84 scan 94 'No0175' at 2026.268.09:20:00 in 480s ##############
2026.268.21:27:04;"missed time 2026.268.09:17:25 : source('3C84',cats='user'); go(); track()
2026.268.21:27:04;"missed time 2026.268.09:17:50 : vlbi_tsys(targetSource='3C84')
2026.268.21:27:04;"missed time 2026.268.09:19:15 : vlbi_reference_scan(targetSource='3C84')
2026.268.21:27:04;"#                      gap        max ~0 min 10 sec
2026.268.21:27:04;"missed time 2026.268.09:20:00 : vlbi_scan(t_mins=3,targetSource='3C84')
2026.268.21:27:04;"#     scan ends at 2026.268.09:23:00
2026.268.21:27:04;"
2026.268.21:27:04;"# ### Block for 3C111 scan 95 'No0176' at 2026.268.09:26:00 in 180s #############
2026.268.21:27:04;"missed time 2026.268.09:23:00 : source('3C111',cats='user'); go(); track()
2026.268.21:27:04;"missed time 2026.268.09:23:25 : vlbi_tsys(targetSource='3C111')
2026.268.21:27:04;"missed time 2026.268.09:24:50 : vlbi_reference_scan(targetSource='3C111')
2026.268.21:27:04;"#                      gap        max ~0 min 35 sec
2026.268.21:27:04;"missed time 2026.268.09:26:00 : vlbi_scan(t_mins=6,targetSource='3C111')
2026.268.21:27:04;"#     scan ends at 2026.268.09:32:00
2026.268.21:27:04;"
2026.268.21:27:04;"# ### Block for 3C84 scan 96 'No0179' at 2026.268.09:40:00 in 480s ##############
2026.268.21:27:04;"missed time 2026.268.09:37:25 : source('3C84',cats='user'); go(); track()
2026.268.21:27:04;"missed time 2026.268.09:37:50 : vlbi_tsys(targetSource='3C84')
2026.268.21:27:04;"missed time 2026.268.09:39:15 : vlbi_reference_scan(targetSource='3C84')
2026.268.21:27:04;"#                      gap        max ~0 min 10 sec
2026.268.21:27:04;"missed time 2026.268.09:40:00 : vlbi_scan(t_mins=3,targetSource='3C84')
2026.268.21:27:04;"#     scan ends at 2026.268.09:43:00
2026.268.21:27:04;"
2026.268.21:27:04;"# ### Block for 3C111 scan 97 'No0180' at 2026.268.09:46:00 in 180s #############
2026.268.21:27:04;"missed time 2026.268.09:43:00 : source('3C111',cats='user'); go(); track()
2026.268.21:27:04;"missed time 2026.268.09:43:25 : vlbi_tsys(targetSource='3C111')
2026.268.21:27:04;"missed time 2026.268.09:44:50 : vlbi_reference_scan(targetSource='3C111')
2026.268.21:27:04;"#                      gap        max ~0 min 35 sec
2026.268.21:27:04;"missed time 2026.268.09:46:00 : vlbi_scan(t_mins=6,targetSource='3C111')
2026.268.21:27:04;"#     scan ends at 2026.268.09:52:00
2026.268.21:27:04;"
2026.268.21:27:04;"# ### Block for 3C84 scan 98 'No0183' at 2026.268.10:00:00 in 480s ##############
2026.268.21:27:04;"missed time 2026.268.09:57:25 : source('3C84',cats='user'); go(); track()
2026.268.21:27:04;"missed time 2026.268.09:57:50 : vlbi_tsys(targetSource='3C84')
2026.268.21:27:04;"missed time 2026.268.09:59:15 : vlbi_reference_scan(targetSource='3C84')
2026.268.21:27:04;"#                      gap        max ~0 min 10 sec
2026.268.21:27:04;"missed time 2026.268.10:00:00 : vlbi_scan(t_mins=3,targetSource='3C84')
2026.268.21:27:04;"#     scan ends at 2026.268.10:03:00
2026.268.21:27:04;"
2026.268.21:27:04;"# ### Block for 3C111 scan 99 'No0184' at 2026.268.10:06:00 in 180s #############
2026.268.21:27:04;"missed time 2026.268.10:03:00 : source('3C111',cats='user'); go(); track()
2026.268.21:27:04;"missed time 2026.268.10:03:25 : vlbi_tsys(targetSource='3C111')
2026.268.21:27:04;"missed time 2026.268.10:04:50 : vlbi_reference_scan(targetSource='3C111')
2026.268.21:27:04;"#                      gap        max ~0 min 35 sec
2026.268.21:27:04;"missed time 2026.268.10:06:00 : vlbi_scan(t_mins=6,targetSource='3C111')
2026.268.21:27:04;"#     scan ends at 2026.268.10:12:00
2026.268.21:27:04;"
2026.268.21:27:04;"# ### Block for 3C84 scan 100 'No0187' at 2026.268.10:20:00 in 480s #############
2026.268.21:27:04;"missed time 2026.268.10:17:25 : source('3C84',cats='user'); go(); track()
2026.268.21:27:04;"missed time 2026.268.10:17:50 : vlbi_tsys(targetSource='3C84')
2026.268.21:27:04;"missed time 2026.268.10:19:15 : vlbi_reference_scan(targetSource='3C84')
2026.268.21:27:04;"#                      gap        max ~0 min 10 sec
2026.268.21:27:04;"missed time 2026.268.10:20:00 : vlbi_scan(t_mins=3,targetSource='3C84')
2026.268.21:27:04;"#     scan ends at 2026.268.10:23:00
2026.268.21:27:04;"
2026.268.21:27:04;"# ### Block for 3C111 scan 101 'No0188' at 2026.268.10:26:00 in 180s ############
2026.268.21:27:04;"missed time 2026.268.10:23:00 : source('3C111',cats='user'); go(); track()
2026.268.21:27:04;"missed time 2026.268.10:23:25 : vlbi_tsys(targetSource='3C111')
2026.268.21:27:04;"missed time 2026.268.10:24:50 : vlbi_reference_scan(targetSource='3C111')
2026.268.21:27:04;"#                      gap        max ~0 min 35 sec
2026.268.21:27:04;"missed time 2026.268.10:26:00 : vlbi_scan(t_mins=6,targetSource='3C111')
2026.268.21:27:04;"#     scan ends at 2026.268.10:32:00
2026.268.21:27:04;"
2026.268.21:27:04;"# ### Block for 3C84 scan 102 'No0191' at 2026.268.10:40:00 in 480s #############
2026.268.21:27:04;"missed time 2026.268.10:37:25 : source('3C84',cats='user'); go(); track()
2026.268.21:27:04;"missed time 2026.268.10:37:50 : vlbi_tsys(targetSource='3C84')
2026.268.21:27:04;"missed time 2026.268.10:39:15 : vlbi_reference_scan(targetSource='3C84')
2026.268.21:27:04;"#                      gap        max ~0 min 10 sec
2026.268.21:27:04;"missed time 2026.268.10:40:00 : vlbi_scan(t_mins=3,targetSource='3C84')
2026.268.21:27:04;"#     scan ends at 2026.268.10:43:00
2026.268.21:27:04;"
2026.268.21:27:04;"# ### Block for 3C111 scan 103 'No0192' at 2026.268.10:46:00 in 180s ############
2026.268.21:27:04;"missed time 2026.268.10:43:00 : source('3C111',cats='user'); go(); track()
2026.268.21:27:04;"missed time 2026.268.10:43:25 : vlbi_tsys(targetSource='3C111')
2026.268.21:27:04;"missed time 2026.268.10:44:50 : vlbi_reference_scan(targetSource='3C111')
2026.268.21:27:04;"#                      gap        max ~0 min 35 sec
2026.268.21:27:04;"missed time 2026.268.10:46:00 : vlbi_scan(t_mins=6,targetSource='3C111')
2026.268.21:27:04;"#     scan ends at 2026.268.10:52:00
2026.268.21:27:04;"
2026.268.21:27:04;"# ### Block for J0750+1231 scan 104 'No0197' at 2026.268.11:00:01 in 481s #######
2026.268.21:27:04;"missed time 2026.268.10:57:26 : source('J0750+1231',cats='user'); go(); track()
2026.268.21:27:04;"missed time 2026.268.10:57:51 : vlbi_tsys(targetSource='J0750+1231')
2026.268.21:27:04;"missed time 2026.268.10:59:16 : vlbi_reference_scan(targetSource='J0750+1231')
2026.268.21:27:04;"#                      gap        max ~0 min 10 sec
2026.268.21:27:04;"missed time 2026.268.11:00:01 : vlbi_scan(t_mins=3,targetSource='J0750+1231')
2026.268.21:27:04;"#     scan ends at 2026.268.11:03:01
2026.268.21:27:04;"
2026.268.21:27:04;"# ### Block for J0739+0137 scan 105 'No0198' at 2026.268.11:05:01 in 120s #######
2026.268.21:27:04;"missed time 2026.268.11:03:01 : source('J0739+0137',cats='user'); go(); track()
2026.268.21:27:04;"missed time 2026.268.11:03:26 : vlbi_tsys(targetSource='J0739+0137')
2026.268.21:27:04;"#                      gap        max ~0 min 10 sec
2026.268.21:27:04;"missed time 2026.268.11:05:01 : vlbi_scan(t_mins=7,targetSource='J0739+0137')
2026.268.21:27:04;"#     scan ends at 2026.268.11:12:01
2026.268.21:27:04;"
2026.268.21:27:04;"# ### Block for J0750+1231 scan 106 'No0201' at 2026.268.11:20:01 in 480s #######
2026.268.21:27:04;"missed time 2026.268.11:17:26 : source('J0750+1231',cats='user'); go(); track()
2026.268.21:27:04;"missed time 2026.268.11:17:51 : vlbi_tsys(targetSource='J0750+1231')
2026.268.21:27:04;"missed time 2026.268.11:19:16 : vlbi_reference_scan(targetSource='J0750+1231')
2026.268.21:27:04;"#                      gap        max ~0 min 10 sec
2026.268.21:27:04;"missed time 2026.268.11:20:01 : vlbi_scan(t_mins=3,targetSource='J0750+1231')
2026.268.21:27:04;"#     scan ends at 2026.268.11:23:01
2026.268.21:27:04;"
2026.268.21:27:04;"# ### Block for J0739+0137 scan 107 'No0202' at 2026.268.11:25:01 in 120s #######
2026.268.21:27:04;"missed time 2026.268.11:23:01 : source('J0739+0137',cats='user'); go(); track()
2026.268.21:27:04;"missed time 2026.268.11:23:26 : vlbi_tsys(targetSource='J0739+0137')
2026.268.21:27:04;"#                      gap        max ~0 min 10 sec
2026.268.21:27:04;"missed time 2026.268.11:25:01 : vlbi_scan(t_mins=7,targetSource='J0739+0137')
2026.268.21:27:04;"#     scan ends at 2026.268.11:32:01
2026.268.21:27:04;"
2026.268.21:27:04;"# ### Block for J0750+1231 scan 108 'No0205' at 2026.268.11:40:01 in 480s #######
2026.268.21:27:04;"missed time 2026.268.11:37:26 : source('J0750+1231',cats='user'); go(); track()
2026.268.21:27:04;"missed time 2026.268.11:37:51 : vlbi_tsys(targetSource='J0750+1231')
2026.268.21:27:04;"missed time 2026.268.11:39:16 : vlbi_reference_scan(targetSource='J0750+1231')
2026.268.21:27:04;"#                      gap        max ~0 min 10 sec
2026.268.21:27:04;"missed time 2026.268.11:40:01 : vlbi_scan(t_mins=3,targetSource='J0750+1231')
2026.268.21:27:04;"#     scan ends at 2026.268.11:43:01
2026.268.21:27:04;"
2026.268.21:27:04;"# ### Block for J0739+0137 scan 109 'No0206' at 2026.268.11:46:01 in 180s #######
2026.268.21:27:04;"missed time 2026.268.11:43:01 : source('J0739+0137',cats='user'); go(); track()
2026.268.21:27:04;"missed time 2026.268.11:43:26 : vlbi_tsys(targetSource='J0739+0137')
2026.268.21:27:04;"missed time 2026.268.11:44:51 : vlbi_reference_scan(targetSource='J0739+0137')
2026.268.21:27:04;"#                      gap        max ~0 min 35 sec
2026.268.21:27:04;"missed time 2026.268.11:46:01 : vlbi_scan(t_mins=3,targetSource='J0739+0137')
2026.268.21:27:04;"#     scan ends at 2026.268.11:49:01
2026.268.21:27:04;"
2026.268.21:27:04;"# ### Block for J0750+1231 scan 110 'No0207' at 2026.268.12:00:00 in 659s #######
2026.268.21:27:04;"#
2026.268.21:27:04;"# OPERATOR free 8 min 34 sec until VLBI calibrations to start at 2026.268.11:57:25
2026.268.21:27:04;"#
2026.268.21:27:04;"missed time 2026.268.11:49:01 : print('You have 8 min 34 sec until the next VLBI calibration scan at 2026.268.11:57:25.')
2026.268.21:27:04;"missed time 2026.268.11:57:25 : source('J0750+1231',cats='user'); go(); track()
2026.268.21:27:04;"missed time 2026.268.11:57:50 : vlbi_tsys(targetSource='J0750+1231')
2026.268.21:27:04;"missed time 2026.268.11:59:15 : vlbi_reference_scan(targetSource='J0750+1231')
2026.268.21:27:04;"#                      gap        max ~0 min 10 sec
2026.268.21:27:04;"missed time 2026.268.12:00:00 : vlbi_scan(t_mins=3,targetSource='J0750+1231')
2026.268.21:27:04;"#     scan ends at 2026.268.12:03:00
2026.268.21:27:04;"
2026.268.21:27:04;"# ### Block for J0739+0137 scan 111 'No0208' at 2026.268.12:05:00 in 120s #######
2026.268.21:27:04;"missed time 2026.268.12:03:00 : source('J0739+0137',cats='user'); go(); track()
2026.268.21:27:04;"missed time 2026.268.12:03:25 : vlbi_tsys(targetSource='J0739+0137')
2026.268.21:27:04;"#                      gap        max ~0 min 10 sec
2026.268.21:27:04;"missed time 2026.268.12:05:00 : vlbi_scan(t_mins=7,targetSource='J0739+0137')
2026.268.21:27:04;"#     scan ends at 2026.268.12:12:00
2026.268.21:27:04;"
2026.268.21:27:04;"# ### Block for J0750+1231 scan 112 'No0211' at 2026.268.12:20:00 in 480s #######
2026.268.21:27:04;"missed time 2026.268.12:17:25 : source('J0750+1231',cats='user'); go(); track()
2026.268.21:27:04;"missed time 2026.268.12:17:50 : vlbi_tsys(targetSource='J0750+1231')
2026.268.21:27:04;"missed time 2026.268.12:19:15 : vlbi_reference_scan(targetSource='J0750+1231')
2026.268.21:27:04;"#                      gap        max ~0 min 10 sec
2026.268.21:27:04;"missed time 2026.268.12:20:00 : vlbi_scan(t_mins=3,targetSource='J0750+1231')
2026.268.21:27:04;"#     scan ends at 2026.268.12:23:00
2026.268.21:27:04;"
2026.268.21:27:04;"# ### Block for J0739+0137 scan 113 'No0212' at 2026.268.12:25:00 in 120s #######
2026.268.21:27:04;"missed time 2026.268.12:23:00 : source('J0739+0137',cats='user'); go(); track()
2026.268.21:27:04;"missed time 2026.268.12:23:25 : vlbi_tsys(targetSource='J0739+0137')
2026.268.21:27:04;"#                      gap        max ~0 min 10 sec
2026.268.21:27:04;"missed time 2026.268.12:25:00 : vlbi_scan(t_mins=7,targetSource='J0739+0137')
2026.268.21:27:04;"#     scan ends at 2026.268.12:32:00
2026.268.21:27:04;"
2026.268.21:27:04;"# ### Block for J0750+1231 scan 114 'No0215' at 2026.268.12:40:00 in 480s #######
2026.268.21:27:04;"missed time 2026.268.12:37:25 : source('J0750+1231',cats='user'); go(); track()
2026.268.21:27:04;"missed time 2026.268.12:37:50 : vlbi_tsys(targetSource='J0750+1231')
2026.268.21:27:04;"missed time 2026.268.12:39:15 : vlbi_reference_scan(targetSource='J0750+1231')
2026.268.21:27:04;"#                      gap        max ~0 min 10 sec
2026.268.21:27:04;"missed time 2026.268.12:40:00 : vlbi_scan(t_mins=3,targetSource='J0750+1231')
2026.268.21:27:04;"#     scan ends at 2026.268.12:43:00
2026.268.21:27:04;"
2026.268.21:27:04;"# ### Block for J0739+0137 scan 115 'No0216' at 2026.268.12:45:00 in 120s #######
2026.268.21:27:04;"missed time 2026.268.12:43:00 : source('J0739+0137',cats='user'); go(); track()
2026.268.21:27:04;"missed time 2026.268.12:43:25 : vlbi_tsys(targetSource='J0739+0137')
2026.268.21:27:04;"#                      gap        max ~0 min 10 sec
2026.268.21:27:04;"missed time 2026.268.12:45:00 : vlbi_scan(t_mins=7,targetSource='J0739+0137')
2026.268.21:27:04;"#     scan ends at 2026.268.12:52:00
2026.268.21:27:04;"
2026.268.21:27:04;"# ### Block for J0750+1231 scan 116 'No0219' at 2026.268.13:00:00 in 480s #######
2026.268.21:27:04;"missed time 2026.268.12:57:25 : source('J0750+1231',cats='user'); go(); track()
2026.268.21:27:04;"missed time 2026.268.12:57:50 : vlbi_tsys(targetSource='J0750+1231')
2026.268.21:27:04;"missed time 2026.268.12:59:15 : vlbi_reference_scan(targetSource='J0750+1231')
2026.268.21:27:04;"#                      gap        max ~0 min 10 sec
2026.268.21:27:04;"missed time 2026.268.13:00:00 : vlbi_scan(t_mins=3,targetSource='J0750+1231')
2026.268.21:27:04;"#     scan ends at 2026.268.13:03:00
2026.268.21:27:04;"
2026.268.21:27:04;"# ### Block for J0739+0137 scan 117 'No0220' at 2026.268.13:05:00 in 120s #######
2026.268.21:27:04;"missed time 2026.268.13:03:00 : source('J0739+0137',cats='user'); go(); track()
2026.268.21:27:04;"missed time 2026.268.13:03:25 : vlbi_tsys(targetSource='J0739+0137')
2026.268.21:27:04;"#                      gap        max ~0 min 10 sec
2026.268.21:27:04;"missed time 2026.268.13:05:00 : vlbi_scan(t_mins=7,targetSource='J0739+0137')
2026.268.21:27:04;"#     scan ends at 2026.268.13:12:00
2026.268.21:27:04;"
2026.268.21:27:04;"# ### Block for J0750+1231 scan 118 'No0223' at 2026.268.13:20:00 in 480s #######
2026.268.21:27:04;"missed time 2026.268.13:17:25 : source('J0750+1231',cats='user'); go(); track()
2026.268.21:27:04;"missed time 2026.268.13:17:50 : vlbi_tsys(targetSource='J0750+1231')
2026.268.21:27:04;"missed time 2026.268.13:19:15 : vlbi_reference_scan(targetSource='J0750+1231')
2026.268.21:27:04;"#                      gap        max ~0 min 10 sec
2026.268.21:27:04;"missed time 2026.268.13:20:00 : vlbi_scan(t_mins=3,targetSource='J0750+1231')
2026.268.21:27:04;"#     scan ends at 2026.268.13:23:00
2026.268.21:27:04;"
2026.268.21:27:04;"# ### Block for J0739+0137 scan 119 'No0224' at 2026.268.13:25:00 in 120s #######
2026.268.21:27:04;"missed time 2026.268.13:23:00 : source('J0739+0137',cats='user'); go(); track()
2026.268.21:27:04;"missed time 2026.268.13:23:25 : vlbi_tsys(targetSource='J0739+0137')
2026.268.21:27:04;"#                      gap        max ~0 min 10 sec
2026.268.21:27:04;"missed time 2026.268.13:25:00 : vlbi_scan(t_mins=7,targetSource='J0739+0137')
2026.268.21:27:04;"#     scan ends at 2026.268.13:32:00
2026.268.21:27:04;"
2026.268.21:27:04;"# ### Block for J0750+1231 scan 120 'No0227' at 2026.268.13:40:00 in 480s #######
2026.268.21:27:04;"missed time 2026.268.13:37:25 : source('J0750+1231',cats='user'); go(); track()
2026.268.21:27:04;"missed time 2026.268.13:37:50 : vlbi_tsys(targetSource='J0750+1231')
2026.268.21:27:04;"missed time 2026.268.13:39:15 : vlbi_reference_scan(targetSource='J0750+1231')
2026.268.21:27:04;"#                      gap        max ~0 min 10 sec
2026.268.21:27:04;"missed time 2026.268.13:40:00 : vlbi_scan(t_mins=3,targetSource='J0750+1231')
2026.268.21:27:04;"#     scan ends at 2026.268.13:43:00
2026.268.21:27:04;"
2026.268.21:27:04;"# ### Block for J0739+0137 scan 121 'No0228' at 2026.268.13:45:00 in 120s #######
2026.268.21:27:04;"missed time 2026.268.13:43:00 : source('J0739+0137',cats='user'); go(); track()
2026.268.21:27:04;"missed time 2026.268.13:43:25 : vlbi_tsys(targetSource='J0739+0137')
2026.268.21:27:04;"#                      gap        max ~0 min 10 sec
2026.268.21:27:04;"missed time 2026.268.13:45:00 : vlbi_scan(t_mins=7,targetSource='J0739+0137')
2026.268.21:27:04;"#     scan ends at 2026.268.13:52:00
2026.268.21:27:04;"
2026.268.21:27:04;"# ### Block for J0750+1231 scan 122 'No0231' at 2026.268.14:00:00 in 480s #######
2026.268.21:27:04;"missed time 2026.268.13:57:25 : source('J0750+1231',cats='user'); go(); track()
2026.268.21:27:04;"missed time 2026.268.13:57:50 : vlbi_tsys(targetSource='J0750+1231')
2026.268.21:27:04;"missed time 2026.268.13:59:15 : vlbi_reference_scan(targetSource='J0750+1231')
2026.268.21:27:04;"#                      gap        max ~0 min 10 sec
2026.268.21:27:04;"missed time 2026.268.14:00:00 : vlbi_scan(t_mins=3,targetSource='J0750+1231')
2026.268.21:27:04;"#     scan ends at 2026.268.14:03:00
2026.268.21:27:04;"
2026.268.21:27:04;"# ### Block for J0739+0137 scan 123 'No0232' at 2026.268.14:05:00 in 120s #######
2026.268.21:27:04;"missed time 2026.268.14:03:00 : source('J0739+0137',cats='user'); go(); track()
2026.268.21:27:04;"missed time 2026.268.14:03:25 : vlbi_tsys(targetSource='J0739+0137')
2026.268.21:27:04;"#                      gap        max ~0 min 10 sec
2026.268.21:27:04;"missed time 2026.268.14:05:00 : vlbi_scan(t_mins=7,targetSource='J0739+0137')
2026.268.21:27:04;"#     scan ends at 2026.268.14:12:00
2026.268.21:27:04;"
2026.268.21:27:04;"# ### Block for J0750+1231 scan 124 'No0235' at 2026.268.14:20:00 in 480s #######
2026.268.21:27:04;"missed time 2026.268.14:17:25 : source('J0750+1231',cats='user'); go(); track()
2026.268.21:27:04;"missed time 2026.268.14:17:50 : vlbi_tsys(targetSource='J0750+1231')
2026.268.21:27:04;"missed time 2026.268.14:19:15 : vlbi_reference_scan(targetSource='J0750+1231')
2026.268.21:27:04;"#                      gap        max ~0 min 10 sec
2026.268.21:27:04;"missed time 2026.268.14:20:00 : vlbi_scan(t_mins=3,targetSource='J0750+1231')
2026.268.21:27:04;"#     scan ends at 2026.268.14:23:00
2026.268.21:27:04;"
2026.268.21:27:04;"# ### Block for J0739+0137 scan 125 'No0236' at 2026.268.14:25:00 in 120s #######
2026.268.21:27:04;"missed time 2026.268.14:23:00 : source('J0739+0137',cats='user'); go(); track()
2026.268.21:27:04;"missed time 2026.268.14:23:25 : vlbi_tsys(targetSource='J0739+0137')
2026.268.21:27:04;"#                      gap        max ~0 min 10 sec
2026.268.21:27:04;"missed time 2026.268.14:25:00 : vlbi_scan(t_mins=7,targetSource='J0739+0137')
2026.268.21:27:04;"#     scan ends at 2026.268.14:32:00
2026.268.21:27:04;"
2026.268.21:27:04;"# ### Block for J0750+1231 scan 126 'No0239' at 2026.268.14:40:00 in 480s #######
2026.268.21:27:04;"missed time 2026.268.14:37:25 : source('J0750+1231',cats='user'); go(); track()
2026.268.21:27:04;"missed time 2026.268.14:37:50 : vlbi_tsys(targetSource='J0750+1231')
2026.268.21:27:04;"missed time 2026.268.14:39:15 : vlbi_reference_scan(targetSource='J0750+1231')
2026.268.21:27:04;"#                      gap        max ~0 min 10 sec
2026.268.21:27:04;"missed time 2026.268.14:40:00 : vlbi_scan(t_mins=3,targetSource='J0750+1231')
2026.268.21:27:04;"#     scan ends at 2026.268.14:43:00
2026.268.21:27:04;"
2026.268.21:27:04;"# ### Block for J0739+0137 scan 127 'No0240' at 2026.268.14:45:00 in 120s #######
2026.268.21:27:04;"missed time 2026.268.14:43:00 : source('J0739+0137',cats='user'); go(); track()
2026.268.21:27:04;"missed time 2026.268.14:43:25 : vlbi_tsys(targetSource='J0739+0137')
2026.268.21:27:04;"#                      gap        max ~0 min 10 sec
2026.268.21:27:04;"missed time 2026.268.14:45:00 : vlbi_scan(t_mins=7,targetSource='J0739+0137')
2026.268.21:27:04;"#     scan ends at 2026.268.14:52:00
2026.268.21:27:04;"
2026.268.21:27:04;"# ### Block for 1420+326 scan 128 'No0267' at 2026.268.18:01:00 in 11340s #######
2026.268.21:27:04;"#
2026.268.21:27:04;"# OPERATOR free 186 min 35 sec until VLBI calibrations to start at 2026.268.17:58:25
2026.268.21:27:04;"#
2026.268.21:27:04;"missed time 2026.268.14:52:00 : print('You have 186 min 35 sec until the next VLBI calibration scan at 2026.268.17:58:25.')
2026.268.21:27:04;"missed time 2026.268.17:58:25 : source('1420+326',cats='user'); go(); track()
2026.268.21:27:04;"missed time 2026.268.17:58:50 : vlbi_tsys(targetSource='1420+326')
2026.268.21:27:04;"missed time 2026.268.18:00:15 : vlbi_reference_scan(targetSource='1420+326')
2026.268.21:27:04;"#                      gap        max ~0 min 10 sec
2026.268.21:27:04;"missed time 2026.268.18:01:00 : vlbi_scan(t_mins=5,targetSource='1420+326')
2026.268.21:27:04;"#     scan ends at 2026.268.18:06:00
2026.268.21:27:04;"
2026.268.21:27:04;"# ### Block for 1308+326 scan 129 'No0268' at 2026.268.18:07:30 in 90s ##########
2026.268.21:27:04;"missed time 2026.268.18:06:00 : source('1308+326',cats='user'); go(); track()
2026.268.21:27:04;"missed time 2026.268.18:06:25 : vlbi_tsys(mode_='HOT',time_s=5,targetSource='1308+326')
2026.268.21:27:04;"missed time 2026.268.18:06:52 : vlbi_reference_scan(targetSource='1308+326')
2026.268.21:27:04;"#                      gap        max ~0 min 03 sec
2026.268.21:27:04;"missed time 2026.268.18:07:30 : vlbi_scan(t_mins=5,targetSource='1308+326')
2026.268.21:27:04;"#     scan ends at 2026.268.18:12:30
2026.268.21:27:04;"
2026.268.21:27:04;"# ### Block for 1420+326 scan 130 'No0271' at 2026.268.18:20:00 in 450s #########
2026.268.21:27:04;"missed time 2026.268.18:17:25 : source('1420+326',cats='user'); go(); track()
2026.268.21:27:04;"missed time 2026.268.18:17:50 : vlbi_tsys(targetSource='1420+326')
2026.268.21:27:04;"missed time 2026.268.18:19:15 : vlbi_reference_scan(targetSource='1420+326')
2026.268.21:27:04;"#                      gap        max ~0 min 10 sec
2026.268.21:27:04;"missed time 2026.268.18:20:00 : vlbi_scan(t_mins=5,targetSource='1420+326')
2026.268.21:27:04;"#     scan ends at 2026.268.18:25:00
2026.268.21:27:04;"
2026.268.21:27:04;"# ### Block for 1308+326 scan 131 'No0272' at 2026.268.18:27:00 in 120s #########
2026.268.21:27:04;"missed time 2026.268.18:25:00 : source('1308+326',cats='user'); go(); track()
2026.268.21:27:04;"missed time 2026.268.18:25:25 : vlbi_tsys(targetSource='1308+326')
2026.268.21:27:04;"#                      gap        max ~0 min 10 sec
2026.268.21:27:04;"missed time 2026.268.18:27:00 : vlbi_scan(t_mins=5,targetSource='1308+326')
2026.268.21:27:04;"#     scan ends at 2026.268.18:32:00
2026.268.21:27:04;"
2026.268.21:27:04;"# ### Block for 1420+326 scan 132 'No0275' at 2026.268.18:40:00 in 480s #########
2026.268.21:27:04;"missed time 2026.268.18:37:25 : source('1420+326',cats='user'); go(); track()
2026.268.21:27:04;"missed time 2026.268.18:37:50 : vlbi_tsys(targetSource='1420+326')
2026.268.21:27:04;"missed time 2026.268.18:39:15 : vlbi_reference_scan(targetSource='1420+326')
2026.268.21:27:04;"#                      gap        max ~0 min 10 sec
2026.268.21:27:04;"missed time 2026.268.18:40:00 : vlbi_scan(t_mins=5,targetSource='1420+326')
2026.268.21:27:04;"#     scan ends at 2026.268.18:45:00
2026.268.21:27:04;"
2026.268.21:27:04;"# ### Block for 1308+326 scan 133 'No0276' at 2026.268.18:47:00 in 120s #########
2026.268.21:27:04;"missed time 2026.268.18:45:00 : source('1308+326',cats='user'); go(); track()
2026.268.21:27:04;"missed time 2026.268.18:45:25 : vlbi_tsys(targetSource='1308+326')
2026.268.21:27:04;"#                      gap        max ~0 min 10 sec
2026.268.21:27:04;"missed time 2026.268.18:47:00 : vlbi_scan(t_mins=5,targetSource='1308+326')
2026.268.21:27:04;"#     scan ends at 2026.268.18:52:00
2026.268.21:27:04;"
2026.268.21:27:04;"# ### Block for 1420+326 scan 134 'No0279' at 2026.268.19:00:00 in 480s #########
2026.268.21:27:04;"missed time 2026.268.18:57:25 : source('1420+326',cats='user'); go(); track()
2026.268.21:27:04;"missed time 2026.268.18:57:50 : vlbi_tsys(targetSource='1420+326')
2026.268.21:27:04;"missed time 2026.268.18:59:15 : vlbi_reference_scan(targetSource='1420+326')
2026.268.21:27:04;"#                      gap        max ~0 min 10 sec
2026.268.21:27:04;"missed time 2026.268.19:00:00 : vlbi_scan(t_mins=5,targetSource='1420+326')
2026.268.21:27:04;"#     scan ends at 2026.268.19:05:00
2026.268.21:27:04;"
2026.268.21:27:04;"# ### Block for 1308+326 scan 135 'No0280' at 2026.268.19:07:00 in 120s #########
2026.268.21:27:04;"missed time 2026.268.19:05:00 : source('1308+326',cats='user'); go(); track()
2026.268.21:27:04;"missed time 2026.268.19:05:25 : vlbi_tsys(targetSource='1308+326')
2026.268.21:27:04;"#                      gap        max ~0 min 10 sec
2026.268.21:27:04;"missed time 2026.268.19:07:00 : vlbi_scan(t_mins=5,targetSource='1308+326')
2026.268.21:27:04;"#     scan ends at 2026.268.19:12:00
2026.268.21:27:04;"
2026.268.21:27:04;"# ### Block for 1420+326 scan 136 'No0283' at 2026.268.19:20:00 in 480s #########
2026.268.21:27:04;"missed time 2026.268.19:17:25 : source('1420+326',cats='user'); go(); track()
2026.268.21:27:04;"missed time 2026.268.19:17:50 : vlbi_tsys(targetSource='1420+326')
2026.268.21:27:04;"missed time 2026.268.19:19:15 : vlbi_reference_scan(targetSource='1420+326')
2026.268.21:27:04;"#                      gap        max ~0 min 10 sec
2026.268.21:27:04;"missed time 2026.268.19:20:00 : vlbi_scan(t_mins=5,targetSource='1420+326')
2026.268.21:27:04;"#     scan ends at 2026.268.19:25:00
2026.268.21:27:04;"
2026.268.21:27:04;"# ### Block for 1308+326 scan 137 'No0284' at 2026.268.19:27:00 in 120s #########
2026.268.21:27:04;"missed time 2026.268.19:25:00 : source('1308+326',cats='user'); go(); track()
2026.268.21:27:04;"missed time 2026.268.19:25:25 : vlbi_tsys(targetSource='1308+326')
2026.268.21:27:04;"#                      gap        max ~0 min 10 sec
2026.268.21:27:04;"missed time 2026.268.19:27:00 : vlbi_scan(t_mins=5,targetSource='1308+326')
2026.268.21:27:04;"#     scan ends at 2026.268.19:32:00
2026.268.21:27:04;"
2026.268.21:27:04;"# ### Block for 1420+326 scan 138 'No0287' at 2026.268.19:40:00 in 480s #########
2026.268.21:27:04;"missed time 2026.268.19:37:25 : source('1420+326',cats='user'); go(); track()
2026.268.21:27:04;"missed time 2026.268.19:37:50 : vlbi_tsys(targetSource='1420+326')
2026.268.21:27:04;"missed time 2026.268.19:39:15 : vlbi_reference_scan(targetSource='1420+326')
2026.268.21:27:04;"#                      gap        max ~0 min 10 sec
2026.268.21:27:04;"missed time 2026.268.19:40:00 : vlbi_scan(t_mins=5,targetSource='1420+326')
2026.268.21:27:04;"#     scan ends at 2026.268.19:45:00
2026.268.21:27:04;"
2026.268.21:27:04;"# ### Block for 1308+326 scan 139 'No0288' at 2026.268.19:47:00 in 120s #########
2026.268.21:27:04;"missed time 2026.268.19:45:00 : source('1308+326',cats='user'); go(); track()
2026.268.21:27:04;"missed time 2026.268.19:45:25 : vlbi_tsys(targetSource='1308+326')
2026.268.21:27:04;"#                      gap        max ~0 min 10 sec
2026.268.21:27:04;"missed time 2026.268.19:47:00 : vlbi_scan(t_mins=5,targetSource='1308+326')
2026.268.21:27:04;"#     scan ends at 2026.268.19:52:00
2026.268.21:27:04;"
2026.268.21:27:04;"# ### Block for 1420+326 scan 140 'No0291' at 2026.268.20:00:00 in 480s #########
2026.268.21:27:04;"missed time 2026.268.19:57:25 : source('1420+326',cats='user'); go(); track()
2026.268.21:27:04;"missed time 2026.268.19:57:50 : vlbi_tsys(targetSource='1420+326')
2026.268.21:27:04;"missed time 2026.268.19:59:15 : vlbi_reference_scan(targetSource='1420+326')
2026.268.21:27:04;"#                      gap        max ~0 min 10 sec
2026.268.21:27:04;"missed time 2026.268.20:00:00 : vlbi_scan(t_mins=5,targetSource='1420+326')
2026.268.21:27:04;"#     scan ends at 2026.268.20:05:00
2026.268.21:27:04;"
2026.268.21:27:04;"# ### Block for 1308+326 scan 141 'No0292' at 2026.268.20:07:20 in 140s #########
2026.268.21:27:04;"missed time 2026.268.20:05:00 : source('1308+326',cats='user'); go(); track()
2026.268.21:27:04;"missed time 2026.268.20:05:25 : vlbi_tsys(targetSource='1308+326')
2026.268.21:27:04;"#                      gap        max ~0 min 30 sec
2026.268.21:27:04;"missed time 2026.268.20:07:20 : vlbi_scan(t_mins=5,targetSource='1308+326')
2026.268.21:27:04;"#     scan ends at 2026.268.20:12:20
2026.268.21:27:04;"
2026.268.21:27:04;"# ### Block for 1420+326 scan 142 'No0295' at 2026.268.20:20:00 in 460s #########
2026.268.21:27:04;"missed time 2026.268.20:17:25 : source('1420+326',cats='user'); go(); track()
2026.268.21:27:04;"missed time 2026.268.20:17:50 : vlbi_tsys(targetSource='1420+326')
2026.268.21:27:04;"missed time 2026.268.20:19:15 : vlbi_reference_scan(targetSource='1420+326')
2026.268.21:27:04;"#                      gap        max ~0 min 10 sec
2026.268.21:27:04;"missed time 2026.268.20:20:00 : vlbi_scan(t_mins=5,targetSource='1420+326')
2026.268.21:27:04;"#     scan ends at 2026.268.20:25:00
2026.268.21:27:04;"
2026.268.21:27:04;"# ### Block for 1308+326 scan 143 'No0296' at 2026.268.20:27:30 in 150s #########
2026.268.21:27:04;"missed time 2026.268.20:25:00 : source('1308+326',cats='user'); go(); track()
2026.268.21:27:04;"missed time 2026.268.20:25:25 : vlbi_tsys(targetSource='1308+326')
2026.268.21:27:04;"missed time 2026.268.20:26:50 : vlbi_reference_scan(targetSource='1308+326')
2026.268.21:27:04;"#                      gap        max ~0 min 05 sec
2026.268.21:27:04;"missed time 2026.268.20:27:30 : vlbi_scan(t_mins=5,targetSource='1308+326')
2026.268.21:27:04;"#     scan ends at 2026.268.20:32:30
2026.268.21:27:04;"
2026.268.21:27:04;"# ### Block for 1420+326 scan 144 'No0299' at 2026.268.20:40:00 in 450s #########
2026.268.21:27:04;"missed time 2026.268.20:37:25 : source('1420+326',cats='user'); go(); track()
2026.268.21:27:04;"missed time 2026.268.20:37:50 : vlbi_tsys(targetSource='1420+326')
2026.268.21:27:04;"missed time 2026.268.20:39:15 : vlbi_reference_scan(targetSource='1420+326')
2026.268.21:27:04;"#                      gap        max ~0 min 10 sec
2026.268.21:27:04;"missed time 2026.268.20:40:00 : vlbi_scan(t_mins=5,targetSource='1420+326')
2026.268.21:27:04;"#     scan ends at 2026.268.20:45:00
2026.268.21:27:04;"
2026.268.21:27:04;"# ### Block for 1308+326 scan 145 'No0300' at 2026.268.20:47:30 in 150s #########
2026.268.21:27:04;"missed time 2026.268.20:45:00 : source('1308+326',cats='user'); go(); track()
2026.268.21:27:04;"missed time 2026.268.20:45:25 : vlbi_tsys(targetSource='1308+326')
2026.268.21:27:04;"missed time 2026.268.20:46:50 : vlbi_reference_scan(targetSource='1308+326')
2026.268.21:27:04;"#                      gap        max ~0 min 05 sec
2026.268.21:27:04;"missed time 2026.268.20:47:30 : vlbi_scan(t_mins=5,targetSource='1308+326')
2026.268.21:27:04;"#     scan ends at 2026.268.20:52:30
2026.268.21:27:04;"
2026.268.21:27:04;"# ### Block for 1420+326 scan 146 'No0303' at 2026.268.21:00:00 in 450s #########
2026.268.21:27:04;"missed time 2026.268.20:57:25 : source('1420+326',cats='user'); go(); track()
2026.268.21:27:04;"missed time 2026.268.20:57:50 : vlbi_tsys(targetSource='1420+326')
2026.268.21:27:04;"missed time 2026.268.20:59:15 : vlbi_reference_scan(targetSource='1420+326')
2026.268.21:27:04;"#                      gap        max ~0 min 10 sec
2026.268.21:27:04;"missed time 2026.268.21:00:00 : vlbi_scan(t_mins=5,targetSource='1420+326')
2026.268.21:27:04;"#     scan ends at 2026.268.21:05:00
2026.268.21:27:04;"
2026.268.21:27:04;"# ### Block for 1308+326 scan 147 'No0304' at 2026.268.21:07:30 in 150s #########
2026.268.21:27:04;"missed time 2026.268.21:05:00 : source('1308+326',cats='user'); go(); track()
2026.268.21:27:04;"missed time 2026.268.21:05:25 : vlbi_tsys(targetSource='1308+326')
2026.268.21:27:04;"missed time 2026.268.21:06:50 : vlbi_reference_scan(targetSource='1308+326')
2026.268.21:27:04;"#                      gap        max ~0 min 05 sec
2026.268.21:27:04;"missed time 2026.268.21:07:30 : vlbi_scan(t_mins=5,targetSource='1308+326')
2026.268.21:27:04;"#     scan ends at 2026.268.21:12:30
2026.268.21:27:04;"
2026.268.21:27:04;"# ### Block for 1749+096 scan 148 'No0307' at 2026.268.21:20:00 in 450s #########
2026.268.21:27:04;"missed time 2026.268.21:17:25 : source('1749+096',cats='user'); go(); track()
2026.268.21:27:04;"missed time 2026.268.21:17:50 : vlbi_tsys(targetSource='1749+096')
2026.268.21:27:04;"missed time 2026.268.21:19:15 : vlbi_reference_scan(targetSource='1749+096')
2026.268.21:27:04;"#                      gap        max ~0 min 10 sec
2026.268.21:27:04;"missed time 2026.268.21:20:00 : vlbi_scan(t_mins=6,targetSource='1749+096')
2026.268.21:27:04;"#     scan ends at 2026.268.21:26:00
2026.268.21:27:04;"
2026.268.21:27:04;"# ### Block for J1517-2422 scan 149 'No0308' at 2026.268.21:28:20 in 140s #######
2026.268.21:27:04;"missed time 2026.268.21:26:00 : source('J1517-2422',cats='user'); go(); track()
2026.268.21:27:04;"missed time 2026.268.21:26:25 : vlbi_tsys(targetSource='J1517-2422')
2026.268.21:27:04;"#                      gap        max ~0 min 30 sec
2026.268.21:28:20;"vlbi_scan(t_mins=5,targetSource='J1517-2422')
2026.268.21:28:20;"reply from APECS: OK
2026.268.21:28:21;"reply from APECS: (timeout)
2026.268.21:28:21;"#     scan ends at 2026.268.21:33:20
2026.268.21:28:21;"
2026.268.21:28:21;"# ### Block for 1749+096 scan 150 'No0311' at 2026.268.21:40:00 in 400s #########
2026.268.21:37:25;"source('1749+096',cats='user'); go(); track()
2026.268.21:37:25;"reply from APECS: OK
2026.268.21:37:26;"reply from APECS: (timeout)
2026.268.21:37:50;"vlbi_tsys(targetSource='1749+096')
2026.268.21:37:51;"reply from APECS: (timeout)
2026.268.21:39:15;"vlbi_reference_scan(targetSource='1749+096')
2026.268.21:39:15;"reply from APECS: OK
2026.268.21:39:15;"reply from APECS: OK
2026.268.21:39:16;"reply from APECS: (timeout)
2026.268.21:39:16;"#                      gap        max ~0 min 10 sec
2026.268.21:40:00;"vlbi_scan(t_mins=6,targetSource='1749+096')
2026.268.21:40:00;"reply from APECS: OK
2026.268.21:40:01;"reply from APECS: (timeout)
2026.268.21:40:01;"#     scan ends at 2026.268.21:46:00
2026.268.21:40:01;"
2026.268.21:40:01;"# ### Block for J1517-2422 scan 151 'No0312' at 2026.268.21:48:40 in 160s #######
2026.268.21:46:00;"source('J1517-2422',cats='user'); go(); track()
2026.268.21:46:00;"reply from APECS: OK
2026.268.21:46:01;"reply from APECS: (timeout)
2026.268.21:46:25;"vlbi_tsys(targetSource='J1517-2422')
2026.268.21:46:26;"reply from APECS: (timeout)
2026.268.21:47:50;"vlbi_reference_scan(targetSource='J1517-2422')
2026.268.21:47:50;"reply from APECS: OK
2026.268.21:47:50;"reply from APECS: OK
2026.268.21:47:51;"reply from APECS: (timeout)
2026.268.21:47:51;"#                      gap        max ~0 min 15 sec
2026.268.21:48:40;"vlbi_scan(t_mins=5,targetSource='J1517-2422')
2026.268.21:48:40;"reply from APECS: OK
2026.268.21:48:41;"reply from APECS: (timeout)
2026.268.21:48:41;"#     scan ends at 2026.268.21:53:40
2026.268.21:48:41;"
2026.268.21:48:41;"# ### Block for 1749+096 scan 152 'No0315' at 2026.268.22:00:00 in 380s #########
2026.268.21:57:25;"source('1749+096',cats='user'); go(); track()
2026.268.21:57:25;"reply from APECS: OK
2026.268.21:57:26;"reply from APECS: (timeout)
2026.268.21:57:50;"vlbi_tsys(targetSource='1749+096')
2026.268.21:57:51;"reply from APECS: OK
2026.268.21:57:52;"reply from APECS: (timeout)
2026.268.21:59:15;"vlbi_reference_scan(targetSource='1749+096')
2026.268.21:59:15;"reply from APECS: OK
2026.268.21:59:16;"reply from APECS: (timeout)
2026.268.21:59:16;"#                      gap        max ~0 min 10 sec
2026.268.22:00:00;"vlbi_scan(t_mins=6,targetSource='1749+096')
2026.268.22:00:00;"reply from APECS: OK
2026.268.22:00:01;"reply from APECS: (timeout)
2026.268.22:00:01;"#     scan ends at 2026.268.22:06:00
2026.268.22:00:01;"
2026.268.22:00:01;"# ### Block for J1517-2422 scan 153 'No0316' at 2026.268.22:08:40 in 160s #######
2026.268.22:06:00;"source('J1517-2422',cats='user'); go(); track()
2026.268.22:06:00;"reply from APECS: OK
2026.268.22:06:01;"reply from APECS: (timeout)
2026.268.22:06:25;"vlbi_tsys(targetSource='J1517-2422')
2026.268.22:06:25;"reply from APECS: OK
2026.268.22:06:26;"reply from APECS: (timeout)
2026.268.22:07:50;"vlbi_reference_scan(targetSource='J1517-2422')
2026.268.22:07:50;"reply from APECS: OK
2026.268.22:07:51;"reply from APECS: (timeout)
2026.268.22:07:51;"#                      gap        max ~0 min 15 sec
2026.268.22:08:40;"vlbi_scan(t_mins=5,targetSource='J1517-2422')
2026.268.22:08:40;"reply from APECS: OK
2026.268.22:08:41;"reply from APECS: (timeout)
2026.268.22:08:41;"#     scan ends at 2026.268.22:13:40
2026.268.22:08:41;"
2026.268.22:08:41;"# ### Block for 1749+096 scan 154 'No0319' at 2026.268.22:20:00 in 380s #########
2026.268.22:17:25;"source('1749+096',cats='user'); go(); track()
2026.268.22:17:25;"reply from APECS: OK
2026.268.22:17:26;"reply from APECS: (timeout)
2026.268.22:17:50;"vlbi_tsys(targetSource='1749+096')
2026.268.22:17:50;"reply from APECS: OK
2026.268.22:17:51;"reply from APECS: (timeout)
2026.268.22:19:15;"vlbi_reference_scan(targetSource='1749+096')
2026.268.22:19:15;"reply from APECS: OK
2026.268.22:19:16;"reply from APECS: (timeout)
2026.268.22:19:16;"#                      gap        max ~0 min 10 sec
2026.268.22:20:00;"vlbi_scan(t_mins=6,targetSource='1749+096')
2026.268.22:20:00;"reply from APECS: OK
2026.268.22:20:01;"reply from APECS: (timeout)
2026.268.22:20:01;"#     scan ends at 2026.268.22:26:00
2026.268.22:20:01;"
2026.268.22:20:01;"# ### Block for J1517-2422 scan 155 'No0320' at 2026.268.22:28:40 in 160s #######
2026.268.22:26:00;"source('J1517-2422',cats='user'); go(); track()
2026.268.22:26:00;"reply from APECS: OK
2026.268.22:26:01;"reply from APECS: (timeout)
2026.268.22:26:25;"vlbi_tsys(targetSource='J1517-2422')
2026.268.22:26:25;"reply from APECS: OK
2026.268.22:26:26;"reply from APECS: (timeout)
2026.268.22:27:50;"vlbi_reference_scan(targetSource='J1517-2422')
2026.268.22:27:50;"reply from APECS: OK
2026.268.22:27:51;"reply from APECS: (timeout)
2026.268.22:27:51;"#                      gap        max ~0 min 15 sec
2026.268.22:28:40;"vlbi_scan(t_mins=5,targetSource='J1517-2422')
2026.268.22:28:40;"reply from APECS: OK
2026.268.22:28:41;"reply from APECS: (timeout)
2026.268.22:28:41;"#     scan ends at 2026.268.22:33:40
2026.268.22:28:41;"
2026.268.22:28:41;"# ### Block for 1749+096 scan 156 'No0323' at 2026.268.22:40:00 in 380s #########
2026.268.22:37:25;"source('1749+096',cats='user'); go(); track()
2026.268.22:37:25;"reply from APECS: OK
2026.268.22:37:26;"reply from APECS: (timeout)
2026.268.22:37:50;"vlbi_tsys(targetSource='1749+096')
2026.268.22:37:51;"reply from APECS: (timeout)
2026.268.22:39:15;"vlbi_reference_scan(targetSource='1749+096')
2026.268.22:39:16;"reply from APECS: (timeout)
2026.268.22:39:16;"#                      gap        max ~0 min 10 sec
2026.268.22:40:00;"vlbi_scan(t_mins=6,targetSource='1749+096')
2026.268.22:40:00;"reply from APECS: OK
2026.268.22:40:01;"reply from APECS: (timeout)
2026.268.22:40:01;"#     scan ends at 2026.268.22:46:00
2026.268.22:40:01;"
2026.268.22:40:01;"# ### Block for J1517-2422 scan 157 'No0324' at 2026.268.22:48:40 in 160s #######
2026.268.22:46:00;"source('J1517-2422',cats='user'); go(); track()
2026.268.22:46:00;"reply from APECS: OK
2026.268.22:46:01;"reply from APECS: (timeout)
2026.268.22:46:25;"vlbi_tsys(targetSource='J1517-2422')
2026.268.22:46:25;"reply from APECS: OK
2026.268.22:46:26;"reply from APECS: (timeout)
2026.268.22:47:50;"vlbi_reference_scan(targetSource='J1517-2422')
2026.268.22:47:50;"reply from APECS: OK
2026.268.22:47:51;"reply from APECS: (timeout)
2026.268.22:47:51;"#                      gap        max ~0 min 15 sec
2026.268.22:48:40;"vlbi_scan(t_mins=5,targetSource='J1517-2422')
2026.268.22:48:40;"reply from APECS: OK
2026.268.22:48:41;"reply from APECS: (timeout)
2026.268.22:48:41;"#     scan ends at 2026.268.22:53:40
2026.268.22:48:41;"
2026.268.22:48:41;"# ### Block for 1749+096 scan 158 'No0327' at 2026.268.23:00:00 in 380s #########
2026.268.22:57:25;"source('1749+096',cats='user'); go(); track()
2026.268.22:57:25;"reply from APECS: OK
2026.268.22:57:26;"reply from APECS: (timeout)
2026.268.22:57:50;"vlbi_tsys(targetSource='1749+096')
2026.268.22:57:50;"reply from APECS: OK
2026.268.22:57:50;"reply from APECS: OK
2026.268.22:57:51;"reply from APECS: (timeout)
2026.268.22:59:15;"vlbi_reference_scan(targetSource='1749+096')
2026.268.22:59:16;"reply from APECS: (timeout)
2026.268.22:59:16;"#                      gap        max ~0 min 10 sec
2026.268.23:00:00;"vlbi_scan(t_mins=6,targetSource='1749+096')
2026.268.23:00:00;"reply from APECS: OK
2026.268.23:00:01;"reply from APECS: (timeout)
2026.268.23:00:01;"#     scan ends at 2026.268.23:06:00
2026.268.23:00:01;"
2026.268.23:00:01;"# ### Block for J1517-2422 scan 159 'No0328' at 2026.268.23:08:40 in 160s #######
2026.268.23:06:00;"source('J1517-2422',cats='user'); go(); track()
2026.268.23:06:00;"reply from APECS: OK
2026.268.23:06:01;"reply from APECS: (timeout)
2026.268.23:06:25;"vlbi_tsys(targetSource='J1517-2422')
2026.268.23:06:25;"reply from APECS: OK
2026.268.23:06:25;"reply from APECS: OK
2026.268.23:06:26;"reply from APECS: (timeout)
2026.268.23:07:50;"vlbi_reference_scan(targetSource='J1517-2422')
2026.268.23:07:51;"reply from APECS: (timeout)
2026.268.23:07:51;"#                      gap        max ~0 min 15 sec
2026.268.23:08:40;"vlbi_scan(t_mins=5,targetSource='J1517-2422')
2026.268.23:08:40;"reply from APECS: OK
2026.268.23:08:41;"reply from APECS: (timeout)
2026.268.23:08:41;"#     scan ends at 2026.268.23:13:40
2026.268.23:08:41;"
2026.268.23:08:41;"# ### Block for 1749+096 scan 160 'No0331' at 2026.268.23:20:00 in 380s #########
2026.268.23:17:25;"source('1749+096',cats='user'); go(); track()
2026.268.23:17:25;"reply from APECS: OK
2026.268.23:17:26;"reply from APECS: (timeout)
2026.268.23:17:50;"vlbi_tsys(targetSource='1749+096')
2026.268.23:17:51;"reply from APECS: (timeout)
2026.268.23:19:15;"vlbi_reference_scan(targetSource='1749+096')
2026.268.23:19:16;"reply from APECS: (timeout)
2026.268.23:19:16;"#                      gap        max ~0 min 10 sec
2026.268.23:20:00;"vlbi_scan(t_mins=6,targetSource='1749+096')
2026.268.23:20:01;"reply from APECS: (timeout)
2026.268.23:20:01;"#     scan ends at 2026.268.23:26:00
2026.268.23:20:01;"
2026.268.23:20:01;"# ### Block for J1517-2422 scan 161 'No0332' at 2026.268.23:28:40 in 160s #######
2026.268.23:26:00;"source('J1517-2422',cats='user'); go(); track()
2026.268.23:26:01;"reply from APECS: (timeout)
2026.268.23:26:25;"vlbi_tsys(targetSource='J1517-2422')
2026.268.23:26:26;"reply from APECS: (timeout)
2026.268.23:27:50;"vlbi_reference_scan(targetSource='J1517-2422')
2026.268.23:27:51;"reply from APECS: (timeout)
2026.268.23:27:51;"#                      gap        max ~0 min 15 sec
2026.268.23:28:40;"vlbi_scan(t_mins=5,targetSource='J1517-2422')
2026.268.23:28:41;"reply from APECS: (timeout)
2026.268.23:28:41;"#     scan ends at 2026.268.23:33:40
2026.268.23:28:41;"
2026.268.23:28:41;"# ### Block for 1749+096 scan 162 'No0335' at 2026.268.23:40:00 in 380s #########
2026.268.23:37:25;"source('1749+096',cats='user'); go(); track()
2026.268.23:37:26;"reply from APECS: (timeout)
2026.268.23:37:50;"vlbi_tsys(targetSource='1749+096')
2026.268.23:37:51;"reply from APECS: (timeout)
2026.268.23:39:15;"vlbi_reference_scan(targetSource='1749+096')
2026.268.23:39:16;"reply from APECS: (timeout)
2026.268.23:39:16;"#                      gap        max ~0 min 10 sec
2026.268.23:40:00;"vlbi_scan(t_mins=6,targetSource='1749+096')
2026.268.23:40:01;"reply from APECS: (timeout)
2026.268.23:40:01;"#     scan ends at 2026.268.23:46:00
2026.268.23:40:01;"
2026.268.23:40:01;"# ### Block for J1517-2422 scan 163 'No0336' at 2026.268.23:48:40 in 160s #######
2026.268.23:46:00;"source('J1517-2422',cats='user'); go(); track()
2026.268.23:46:00;"reply from APECS: OK
2026.268.23:46:01;"reply from APECS: (timeout)
2026.268.23:46:25;"vlbi_tsys(targetSource='J1517-2422')
2026.268.23:46:25;"reply from APECS: OK
2026.268.23:46:26;"reply from APECS: (timeout)
2026.268.23:47:50;"vlbi_reference_scan(targetSource='J1517-2422')
2026.268.23:47:50;"reply from APECS: OK
2026.268.23:47:51;"reply from APECS: (timeout)
2026.268.23:47:51;"#                      gap        max ~0 min 15 sec
2026.268.23:48:40;"vlbi_scan(t_mins=5,targetSource='J1517-2422')
2026.268.23:48:40;"reply from APECS: OK
2026.268.23:48:41;"reply from APECS: (timeout)
2026.268.23:48:41;"#     scan ends at 2026.268.23:53:40
2026.268.23:48:41;"
2026.268.23:48:41;"# ### Block for 1749+096 scan 164 'No0339' at 2026.269.00:00:00 in 380s #########
2026.268.23:57:25;"source('1749+096',cats='user'); go(); track()
2026.268.23:57:25;"reply from APECS: OK
2026.268.23:57:26;"reply from APECS: (timeout)
2026.268.23:57:50;"vlbi_tsys(targetSource='1749+096')
2026.268.23:57:50;"reply from APECS: OK
2026.268.23:57:50;"reply from APECS: OK
2026.268.23:57:51;"reply from APECS: (timeout)
2026.268.23:59:15;"vlbi_reference_scan(targetSource='1749+096')
2026.268.23:59:16;"reply from APECS: (timeout)
2026.268.23:59:16;"#                      gap        max ~0 min 10 sec
2026.269.00:00:00;"vlbi_scan(t_mins=6,targetSource='1749+096')
2026.269.00:00:00;"reply from APECS: OK
2026.269.00:00:01;"reply from APECS: (timeout)
2026.269.00:00:01;"#     scan ends at 2026.269.00:06:00
2026.269.00:00:01;"
2026.269.00:00:01;"# ### Block for J1517-2422 scan 165 'No0340' at 2026.269.00:08:40 in 160s #######
2026.269.00:06:00;"source('J1517-2422',cats='user'); go(); track()
2026.269.00:06:00;"reply from APECS: OK
2026.269.00:06:01;"reply from APECS: (timeout)
2026.269.00:06:25;"vlbi_tsys(targetSource='J1517-2422')
2026.269.00:06:25;"reply from APECS: OK
2026.269.00:06:25;"reply from APECS: OK
2026.269.00:06:26;"reply from APECS: (timeout)
2026.269.00:07:50;"vlbi_reference_scan(targetSource='J1517-2422')
2026.269.00:07:51;"reply from APECS: (timeout)
2026.269.00:07:51;"#                      gap        max ~0 min 15 sec
2026.269.00:08:40;"vlbi_scan(t_mins=5,targetSource='J1517-2422')
2026.269.00:08:40;"reply from APECS: OK
2026.269.00:08:41;"reply from APECS: (timeout)
2026.269.00:08:41;"#     scan ends at 2026.269.00:13:40
2026.269.00:08:41;"
2026.269.00:08:41;"# ### Block for 1749+096 scan 166 'No0343' at 2026.269.00:20:00 in 380s #########
2026.269.00:17:25;"source('1749+096',cats='user'); go(); track()
2026.269.00:17:25;"reply from APECS: OK
2026.269.00:17:26;"reply from APECS: (timeout)
2026.269.00:17:50;"vlbi_tsys(targetSource='1749+096')
2026.269.00:17:50;"reply from APECS: OK
2026.269.00:17:50;"reply from APECS: OK
2026.269.00:17:51;"reply from APECS: (timeout)
2026.269.00:19:15;"vlbi_reference_scan(targetSource='1749+096')
2026.269.00:19:16;"reply from APECS: (timeout)
2026.269.00:19:16;"#                      gap        max ~0 min 10 sec
2026.269.00:20:00;"vlbi_scan(t_mins=6,targetSource='1749+096')
2026.269.00:20:00;"reply from APECS: OK
2026.269.00:20:01;"reply from APECS: (timeout)
2026.269.00:20:01;"#     scan ends at 2026.269.00:26:00
2026.269.00:20:01;"
2026.269.00:20:01;"# ### Block for J1517-2422 scan 167 'No0344' at 2026.269.00:28:40 in 160s #######
2026.269.00:26:00;"source('J1517-2422',cats='user'); go(); track()
2026.269.00:26:00;"reply from APECS: OK
2026.269.00:26:01;"reply from APECS: (timeout)
2026.269.00:26:25;"vlbi_tsys(targetSource='J1517-2422')
2026.269.00:26:25;"reply from APECS: OK
2026.269.00:26:25;"reply from APECS: OK
2026.269.00:26:26;"reply from APECS: (timeout)
2026.269.00:27:50;"vlbi_reference_scan(targetSource='J1517-2422')
2026.269.00:27:51;"reply from APECS: (timeout)
2026.269.00:27:51;"#                      gap        max ~0 min 15 sec
2026.269.00:28:40;"vlbi_scan(t_mins=5,targetSource='J1517-2422')
2026.269.00:28:40;"reply from APECS: OK
2026.269.00:28:41;"reply from APECS: (timeout)
2026.269.00:28:41;"#     scan ends at 2026.269.00:33:40
2026.269.00:28:41;"
2026.269.00:28:41;"# ### Block for 1749+096 scan 168 'No0347' at 2026.269.00:40:00 in 380s #########
2026.269.00:37:25;"source('1749+096',cats='user'); go(); track()
2026.269.00:37:25;"reply from APECS: OK
2026.269.00:37:26;"reply from APECS: (timeout)
2026.269.00:37:50;"vlbi_tsys(targetSource='1749+096')
2026.269.00:37:50;"reply from APECS: OK
2026.269.00:37:50;"reply from APECS: OK
2026.269.00:37:51;"reply from APECS: (timeout)
2026.269.00:39:15;"vlbi_reference_scan(targetSource='1749+096')
2026.269.00:39:16;"reply from APECS: (timeout)
2026.269.00:39:16;"#                      gap        max ~0 min 10 sec
2026.269.00:40:00;"vlbi_scan(t_mins=6,targetSource='1749+096')
2026.269.00:40:00;"reply from APECS: OK
2026.269.00:40:01;"reply from APECS: (timeout)
2026.269.00:40:01;"#     scan ends at 2026.269.00:46:00
2026.269.00:40:01;"
2026.269.00:40:01;"# ### Block for J1517-2422 scan 169 'No0348' at 2026.269.00:48:40 in 160s #######
2026.269.00:46:00;"source('J1517-2422',cats='user'); go(); track()
2026.269.00:46:00;"reply from APECS: OK
2026.269.00:46:01;"reply from APECS: (timeout)
2026.269.00:46:25;"vlbi_tsys(targetSource='J1517-2422')
2026.269.00:46:25;"reply from APECS: OK
2026.269.00:46:25;"reply from APECS: OK
2026.269.00:46:26;"reply from APECS: (timeout)
2026.269.00:47:50;"vlbi_reference_scan(targetSource='J1517-2422')
2026.269.00:47:51;"reply from APECS: (timeout)
2026.269.00:47:51;"#                      gap        max ~0 min 15 sec
2026.269.00:48:40;"vlbi_scan(t_mins=5,targetSource='J1517-2422')
2026.269.00:48:40;"reply from APECS: OK
2026.269.00:48:41;"reply from APECS: (timeout)
2026.269.00:48:41;"#     scan ends at 2026.269.00:53:40
2026.269.00:48:41;"
2026.269.00:48:41;"# ### Block for 3C84 scan 170 'No0391' at 2026.269.04:35:00 in 13280s ###########
2026.269.00:48:41;"#
2026.269.00:48:41;"# OPERATOR free 218 min 55 sec until VLBI calibrations to start at 2026.269.04:32:25
2026.269.00:48:41;"#
2026.269.00:53:40;"print('You have 218 min 55 sec until the next VLBI calibration scan at 2026.269.04:32:25.')
2026.269.00:53:40;"reply from APECS: OK
2026.269.00:53:40;"reply from APECS: OK
2026.269.00:53:41;"reply from APECS: (timeout)
2026.269.04:32:25;"source('3C84',cats='user'); go(); track()
2026.269.04:32:26;"reply from APECS: (timeout)
2026.269.04:32:50;"vlbi_tsys(targetSource='3C84')
2026.269.04:32:50;"reply from APECS: OK
2026.269.04:32:50;"reply from APECS: OK
2026.269.04:32:51;"reply from APECS: (timeout)
2026.269.04:34:15;"vlbi_reference_scan(targetSource='3C84')
2026.269.04:34:16;"reply from APECS: (timeout)
2026.269.04:34:16;"#                      gap        max ~0 min 10 sec
2026.269.04:35:00;"vlbi_scan(t_mins=7,targetSource='3C84')
2026.269.04:35:00;"reply from APECS: OK
2026.269.04:35:01;"reply from APECS: (timeout)
2026.269.04:35:01;"#     scan ends at 2026.269.04:42:00
2026.269.04:35:01;"
2026.269.04:35:01;"# ### Block for 3C84 scan 171 'No0393' at 2026.269.04:50:00 in 480s #############
2026.269.04:47:25;"source('3C84',cats='user'); go(); track()
2026.269.04:47:25;"reply from APECS: OK
2026.269.04:47:26;"reply from APECS: (timeout)
2026.269.04:47:50;"vlbi_tsys(targetSource='3C84')
2026.269.04:47:50;"reply from APECS: OK
2026.269.04:47:50;"reply from APECS: OK
2026.269.04:47:51;"reply from APECS: (timeout)
2026.269.04:49:15;"vlbi_reference_scan(targetSource='3C84')
2026.269.04:49:16;"reply from APECS: (timeout)
2026.269.04:49:16;"#                      gap        max ~0 min 10 sec
2026.269.04:50:00;"vlbi_scan(t_mins=7,targetSource='3C84')
2026.269.04:50:00;"reply from APECS: OK
2026.269.04:50:01;"reply from APECS: (timeout)
2026.269.04:50:01;"#     scan ends at 2026.269.04:57:00
2026.269.04:50:01;"
2026.269.04:50:01;"# ### Block for 3C84 scan 172 'No0395' at 2026.269.05:05:00 in 480s #############
2026.269.05:02:25;"source('3C84',cats='user'); go(); track()
2026.269.05:02:25;"reply from APECS: OK
2026.269.05:02:26;"reply from APECS: (timeout)
2026.269.05:02:50;"vlbi_tsys(targetSource='3C84')
2026.269.05:02:50;"reply from APECS: OK
2026.269.05:02:50;"reply from APECS: OK
2026.269.05:02:51;"reply from APECS: (timeout)
2026.269.05:04:15;"vlbi_reference_scan(targetSource='3C84')
2026.269.05:04:16;"reply from APECS: (timeout)
2026.269.05:04:16;"#                      gap        max ~0 min 10 sec
2026.269.05:05:00;"vlbi_scan(t_mins=7,targetSource='3C84')
2026.269.05:05:00;"reply from APECS: OK
2026.269.05:05:01;"reply from APECS: (timeout)
2026.269.05:05:01;"#     scan ends at 2026.269.05:12:00
2026.269.05:05:01;"
2026.269.05:05:01;"# ### Block for 3C84 scan 173 'No0397' at 2026.269.05:20:00 in 480s #############
2026.269.05:17:25;"source('3C84',cats='user'); go(); track()
2026.269.05:17:25;"reply from APECS: OK
2026.269.05:17:26;"reply from APECS: (timeout)
2026.269.05:17:50;"vlbi_tsys(targetSource='3C84')
2026.269.05:17:50;"reply from APECS: OK
2026.269.05:17:50;"reply from APECS: OK
2026.269.05:17:51;"reply from APECS: (timeout)
2026.269.05:19:15;"vlbi_reference_scan(targetSource='3C84')
2026.269.05:19:16;"reply from APECS: (timeout)
2026.269.05:19:16;"#                      gap        max ~0 min 10 sec
2026.269.05:20:00;"vlbi_scan(t_mins=7,targetSource='3C84')
2026.269.05:20:00;"reply from APECS: OK
2026.269.05:20:01;"reply from APECS: (timeout)
2026.269.05:20:01;"#     scan ends at 2026.269.05:27:00
2026.269.05:20:01;"
2026.269.05:20:01;"# ### Block for 3C84 scan 174 'No0399' at 2026.269.05:35:00 in 480s #############
2026.269.05:32:25;"source('3C84',cats='user'); go(); track()
2026.269.05:32:25;"reply from APECS: OK
2026.269.05:32:26;"reply from APECS: (timeout)
2026.269.05:32:50;"vlbi_tsys(targetSource='3C84')
2026.269.05:32:50;"reply from APECS: OK
2026.269.05:32:50;"reply from APECS: OK
2026.269.05:32:51;"reply from APECS: (timeout)
2026.269.05:34:15;"vlbi_reference_scan(targetSource='3C84')
2026.269.05:34:16;"reply from APECS: (timeout)
2026.269.05:34:16;"#                      gap        max ~0 min 10 sec
2026.269.05:35:00;"vlbi_scan(t_mins=7,targetSource='3C84')
2026.269.05:35:00;"reply from APECS: OK
2026.269.05:35:01;"reply from APECS: (timeout)
2026.269.05:35:01;"#     scan ends at 2026.269.05:42:00
2026.269.05:35:01;"
2026.269.05:35:01;"# ### Block for 3C84 scan 175 'No0401' at 2026.269.05:50:00 in 480s #############
2026.269.05:47:25;"source('3C84',cats='user'); go(); track()
2026.269.05:47:25;"reply from APECS: OK
2026.269.05:47:26;"reply from APECS: (timeout)
2026.269.05:47:50;"vlbi_tsys(targetSource='3C84')
2026.269.05:47:50;"reply from APECS: OK
2026.269.05:47:50;"reply from APECS: OK
2026.269.05:47:51;"reply from APECS: (timeout)
2026.269.05:49:15;"vlbi_reference_scan(targetSource='3C84')
2026.269.05:49:16;"reply from APECS: (timeout)
2026.269.05:49:16;"#                      gap        max ~0 min 10 sec
2026.269.05:50:00;"vlbi_scan(t_mins=7,targetSource='3C84')
2026.269.05:50:00;"reply from APECS: OK
2026.269.05:50:01;"reply from APECS: (timeout)
2026.269.05:50:01;"#     scan ends at 2026.269.05:57:00
2026.269.05:50:01;"
2026.269.05:50:01;"# ### Block for 3C84 scan 176 'No0403' at 2026.269.06:05:00 in 480s #############
2026.269.06:02:25;"source('3C84',cats='user'); go(); track()
2026.269.06:02:25;"reply from APECS: OK
2026.269.06:02:26;"reply from APECS: (timeout)
2026.269.06:02:50;"vlbi_tsys(targetSource='3C84')
2026.269.06:02:50;"reply from APECS: OK
2026.269.06:02:50;"reply from APECS: OK
2026.269.06:02:51;"reply from APECS: (timeout)
2026.269.06:04:15;"vlbi_reference_scan(targetSource='3C84')
2026.269.06:04:16;"reply from APECS: (timeout)
2026.269.06:04:16;"#                      gap        max ~0 min 10 sec
2026.269.06:05:00;"vlbi_scan(t_mins=7,targetSource='3C84')
2026.269.06:05:00;"reply from APECS: OK
2026.269.06:05:01;"reply from APECS: (timeout)
2026.269.06:05:01;"#     scan ends at 2026.269.06:12:00
2026.269.06:05:01;"
2026.269.06:05:01;"# ### Block for 3C84 scan 177 'No0405' at 2026.269.06:20:00 in 480s #############
2026.269.06:17:25;"source('3C84',cats='user'); go(); track()
2026.269.06:17:25;"reply from APECS: OK
2026.269.06:17:26;"reply from APECS: (timeout)
2026.269.06:17:50;"vlbi_tsys(targetSource='3C84')
2026.269.06:17:50;"reply from APECS: OK
2026.269.06:17:50;"reply from APECS: OK
2026.269.06:17:51;"reply from APECS: (timeout)
2026.269.06:19:15;"vlbi_reference_scan(targetSource='3C84')
2026.269.06:19:16;"reply from APECS: (timeout)
2026.269.06:19:16;"#                      gap        max ~0 min 10 sec
2026.269.06:20:00;"vlbi_scan(t_mins=7,targetSource='3C84')
2026.269.06:20:00;"reply from APECS: OK
2026.269.06:20:01;"reply from APECS: (timeout)
2026.269.06:20:01;"#     scan ends at 2026.269.06:27:00
2026.269.06:20:01;"
2026.269.06:20:01;"# ### Block for 3C84 scan 178 'No0407' at 2026.269.06:35:00 in 480s #############
2026.269.06:32:25;"source('3C84',cats='user'); go(); track()
2026.269.06:32:25;"reply from APECS: OK
2026.269.06:32:26;"reply from APECS: (timeout)
2026.269.06:32:50;"vlbi_tsys(targetSource='3C84')
2026.269.06:32:50;"reply from APECS: OK
2026.269.06:32:50;"reply from APECS: OK
2026.269.06:32:51;"reply from APECS: (timeout)
2026.269.06:34:15;"vlbi_reference_scan(targetSource='3C84')
2026.269.06:34:16;"reply from APECS: (timeout)
2026.269.06:34:16;"#                      gap        max ~0 min 10 sec
2026.269.06:35:00;"vlbi_scan(t_mins=7,targetSource='3C84')
2026.269.06:35:00;"reply from APECS: OK
2026.269.06:35:01;"reply from APECS: (timeout)
2026.269.06:35:01;"#     scan ends at 2026.269.06:42:00
2026.269.06:35:01;"
2026.269.06:35:01;"# ### Block for 3C84 scan 179 'No0409' at 2026.269.06:50:00 in 480s #############
2026.269.06:47:25;"source('3C84',cats='user'); go(); track()
2026.269.06:47:25;"reply from APECS: OK
2026.269.06:47:26;"reply from APECS: (timeout)
2026.269.06:47:50;"vlbi_tsys(targetSource='3C84')
2026.269.06:47:50;"reply from APECS: OK
2026.269.06:47:50;"reply from APECS: OK
2026.269.06:47:51;"reply from APECS: (timeout)
2026.269.06:49:15;"vlbi_reference_scan(targetSource='3C84')
2026.269.06:49:16;"reply from APECS: (timeout)
2026.269.06:49:16;"#                      gap        max ~0 min 10 sec
2026.269.06:50:00;"vlbi_scan(t_mins=7,targetSource='3C84')
2026.269.06:50:00;"reply from APECS: OK
2026.269.06:50:01;"reply from APECS: (timeout)
2026.269.06:50:01;"#     scan ends at 2026.269.06:57:00
2026.269.06:50:01;"
2026.269.06:50:01;"# ### Block for 3C84 scan 180 'No0411' at 2026.269.07:05:00 in 480s #############
2026.269.07:02:25;"source('3C84',cats='user'); go(); track()
2026.269.07:02:25;"reply from APECS: OK
2026.269.07:02:26;"reply from APECS: (timeout)
2026.269.07:02:50;"vlbi_tsys(targetSource='3C84')
2026.269.07:02:50;"reply from APECS: OK
2026.269.07:02:50;"reply from APECS: OK
2026.269.07:02:51;"reply from APECS: (timeout)
2026.269.07:04:15;"vlbi_reference_scan(targetSource='3C84')
2026.269.07:04:16;"reply from APECS: (timeout)
2026.269.07:04:16;"#                      gap        max ~0 min 10 sec
2026.269.07:05:00;"vlbi_scan(t_mins=7,targetSource='3C84')
2026.269.07:05:00;"reply from APECS: OK
2026.269.07:05:01;"reply from APECS: (timeout)
2026.269.07:05:01;"#     scan ends at 2026.269.07:12:00
2026.269.07:05:01;"
2026.269.07:05:01;"# ### Block for 3C84 scan 181 'No0413' at 2026.269.07:20:00 in 480s #############
2026.269.07:17:25;"source('3C84',cats='user'); go(); track()
2026.269.07:17:25;"reply from APECS: OK
2026.269.07:17:26;"reply from APECS: (timeout)
2026.269.07:17:50;"vlbi_tsys(targetSource='3C84')
2026.269.07:17:50;"reply from APECS: OK
2026.269.07:17:50;"reply from APECS: OK
2026.269.07:17:51;"reply from APECS: (timeout)
2026.269.07:19:15;"vlbi_reference_scan(targetSource='3C84')
2026.269.07:19:16;"reply from APECS: (timeout)
2026.269.07:19:16;"#                      gap        max ~0 min 10 sec
2026.269.07:20:00;"vlbi_scan(t_mins=7,targetSource='3C84')
2026.269.07:20:00;"reply from APECS: OK
2026.269.07:20:01;"reply from APECS: (timeout)
2026.269.07:20:01;"#     scan ends at 2026.269.07:27:00
2026.269.07:20:01;"
2026.269.07:20:01;"# ### Block for 3C84 scan 182 'No0415' at 2026.269.07:35:00 in 480s #############
2026.269.07:32:25;"source('3C84',cats='user'); go(); track()
2026.269.07:32:25;"reply from APECS: OK
2026.269.07:32:26;"reply from APECS: (timeout)
2026.269.07:32:50;"vlbi_tsys(targetSource='3C84')
2026.269.07:32:50;"reply from APECS: OK
2026.269.07:32:50;"reply from APECS: OK
2026.269.07:32:51;"reply from APECS: (timeout)
2026.269.07:34:15;"vlbi_reference_scan(targetSource='3C84')
2026.269.07:34:16;"reply from APECS: (timeout)
2026.269.07:34:16;"#                      gap        max ~0 min 10 sec
2026.269.07:35:00;"vlbi_scan(t_mins=7,targetSource='3C84')
2026.269.07:35:00;"reply from APECS: OK
2026.269.07:35:01;"reply from APECS: (timeout)
2026.269.07:35:01;"#     scan ends at 2026.269.07:42:00
2026.269.07:35:01;"
2026.269.07:35:01;"# ### Block for 3C84 scan 183 'No0417' at 2026.269.07:50:00 in 480s #############
2026.269.07:47:25;"source('3C84',cats='user'); go(); track()
2026.269.07:47:25;"reply from APECS: OK
2026.269.07:47:26;"reply from APECS: (timeout)
2026.269.07:47:50;"vlbi_tsys(targetSource='3C84')
2026.269.07:47:50;"reply from APECS: OK
2026.269.07:47:50;"reply from APECS: OK
2026.269.07:47:51;"reply from APECS: (timeout)
2026.269.07:49:15;"vlbi_reference_scan(targetSource='3C84')
2026.269.07:49:16;"reply from APECS: (timeout)
2026.269.07:49:16;"#                      gap        max ~0 min 10 sec
2026.269.07:50:00;"vlbi_scan(t_mins=7,targetSource='3C84')
2026.269.07:50:00;"reply from APECS: OK
2026.269.07:50:01;"reply from APECS: (timeout)
2026.269.07:50:01;"#     scan ends at 2026.269.07:57:00
2026.269.07:50:01;"
2026.269.07:50:01;"# ### Block for 3C84 scan 184 'No0419' at 2026.269.08:05:00 in 480s #############
2026.269.08:02:25;"source('3C84',cats='user'); go(); track()
2026.269.08:02:25;"reply from APECS: OK
2026.269.08:02:26;"reply from APECS: (timeout)
2026.269.08:02:50;"vlbi_tsys(targetSource='3C84')
2026.269.08:02:50;"reply from APECS: OK
2026.269.08:02:50;"reply from APECS: OK
2026.269.08:02:51;"reply from APECS: (timeout)
2026.269.08:04:15;"vlbi_reference_scan(targetSource='3C84')
2026.269.08:04:16;"reply from APECS: (timeout)
2026.269.08:04:16;"#                      gap        max ~0 min 10 sec
2026.269.08:05:00;"vlbi_scan(t_mins=7,targetSource='3C84')
2026.269.08:05:00;"reply from APECS: OK
2026.269.08:05:01;"reply from APECS: (timeout)
2026.269.08:05:01;"#     scan ends at 2026.269.08:12:00
2026.269.08:05:01;"
2026.269.08:05:01;"# ### Block for 3C84 scan 185 'No0421' at 2026.269.08:20:00 in 480s #############
2026.269.08:17:25;"source('3C84',cats='user'); go(); track()
2026.269.08:17:25;"reply from APECS: OK
2026.269.08:17:26;"reply from APECS: (timeout)
2026.269.08:17:50;"vlbi_tsys(targetSource='3C84')
2026.269.08:17:50;"reply from APECS: OK
2026.269.08:17:50;"reply from APECS: OK
2026.269.08:17:51;"reply from APECS: (timeout)
2026.269.08:19:15;"vlbi_reference_scan(targetSource='3C84')
2026.269.08:19:16;"reply from APECS: (timeout)
2026.269.08:19:16;"#                      gap        max ~0 min 10 sec
2026.269.08:20:00;"vlbi_scan(t_mins=7,targetSource='3C84')
2026.269.08:20:00;"reply from APECS: OK
2026.269.08:20:01;"reply from APECS: (timeout)
2026.269.08:20:01;"#     scan ends at 2026.269.08:27:00
2026.269.08:20:01;"
2026.269.08:20:01;"# ### Block for 3C84 scan 186 'No0423' at 2026.269.08:35:00 in 480s #############
2026.269.08:32:25;"source('3C84',cats='user'); go(); track()
2026.269.08:32:25;"reply from APECS: OK
2026.269.08:32:26;"reply from APECS: (timeout)
2026.269.08:32:50;"vlbi_tsys(targetSource='3C84')
2026.269.08:32:50;"reply from APECS: OK
2026.269.08:32:50;"reply from APECS: OK
2026.269.08:32:51;"reply from APECS: (timeout)
2026.269.08:34:15;"vlbi_reference_scan(targetSource='3C84')
2026.269.08:34:16;"reply from APECS: (timeout)
2026.269.08:34:16;"#                      gap        max ~0 min 10 sec
2026.269.08:35:00;"vlbi_scan(t_mins=8,targetSource='3C84')
2026.269.08:35:00;"reply from APECS: OK
2026.269.08:35:01;"reply from APECS: (timeout)
2026.269.08:35:01;"#     scan ends at 2026.269.08:43:00
2026.269.08:35:01;"
2026.269.08:35:01;"# ### Block for 3C84 scan 187 'No0424' at 2026.269.08:44:20 in 200s #############
2026.269.08:43:00;"source('3C84',cats='user'); go(); track()
2026.269.08:43:00;"reply from APECS: OK
2026.269.08:43:01;"reply from APECS: (timeout)
2026.269.08:43:25;"vlbi_tsys(targetSource='3C84')
2026.269.08:43:25;"reply from APECS: OK
2026.269.08:43:25;"reply from APECS: OK
2026.269.08:43:26;"reply from APECS: (timeout)
2026.269.08:44:50;"vlbi_reference_scan(targetSource='3C84')
2026.269.08:44:51;"reply from APECS: (timeout)
2026.269.08:44:51;"#                      TIME       ran short, ~-2 min 55 sec "gap"
2026.269.08:44:51;"missed time 2026.269.08:44:20 : vlbi_scan(t_mins=5,targetSource='3C84')
2026.269.08:44:51;"#     scan ends at 2026.269.08:49:20
2026.269.08:44:51;"
2026.269.08:44:51;"
2026.269.08:44:51;"# Finished VLBI schedule
2026.269.08:49:35;"vlbi_tone(enable=False)
2026.269.08:49:35;"reply from APECS: OK
2026.269.08:49:35;"reply from APECS: OK
2026.269.08:49:36;"reply from APECS: (timeout)
2026.269.08:49:50;"remote_control('off')
2026.269.08:49:50;"reply from APECS: OK
2026.269.08:49:51;"reply from APECS: (timeout)
2026.269.08:49:51;"################################################################################
2026.269.08:49:51;"### end of schedule
2026.269.08:49:51;"################################################################################
