2026.267.16:00:00;APEX Database Weather Data for Timerange of c262a
2026.267.16:00:00;The format is wx/temp[C],press[mbar],humid[%],speed[m/s],direction[deg],pwv[mm]
2026.267.16:01:00/wx/2.40,558.4,15.4,4.08,246,1.08
2026.267.16:02:00/wx/2.60,558.4,17.7,3.03,233,1.10
2026.267.16:03:00/wx/2.70,558.4,19.0,4.09,249,1.11
2026.267.16:04:00/wx/2.69,558.4,17.4,5.27,233,1.11
2026.267.16:05:00/wx/2.99,558.4,14.2,5.06,230,1.10
2026.267.16:06:00/wx/2.80,558.3,15.2,2.67,267,1.13
2026.267.16:07:00/wx/2.90,558.4,14.2,2.03,257,1.13
2026.267.16:08:00/wx/2.93,558.4,17.0,2.82,226,1.12
2026.267.16:09:00/wx/2.90,558.3,15.3,3.48,206,1.11
2026.267.16:10:00/wx/2.71,558.3,16.0,3.05,219,1.11
2026.267.16:11:00/wx/2.89,558.3,20.9,1.45,234,1.12
2026.267.16:12:00/wx/3.00,558.3,15.3,1.92,247,1.11
2026.267.16:13:00/wx/3.07,558.3,13.8,5.26,240,1.11
2026.267.16:14:00/wx/2.70,558.3,13.3,2.41,244,1.10
2026.267.16:15:00/wx/3.02,558.3,14.6,1.30,242,1.10
2026.267.16:16:00/wx/3.27,558.3,16.0,2.33,211,1.13
2026.267.16:17:00/wx/3.20,558.3,16.1,1.13,271,1.14
2026.267.16:18:00/wx/3.40,558.3,20.4,1.57,275,1.13
2026.267.16:19:00/wx/3.31,558.3,17.5,3.07,294,1.13
2026.267.16:20:00/wx/3.20,558.3,18.8,2.55,254,1.12
2026.267.16:21:00/wx/2.97,558.3,15.3,2.46,280,1.13
2026.267.16:22:00/wx/3.00,558.3,16.2,2.98,268,1.12
2026.267.16:23:00/wx/3.10,558.3,17.3,3.67,228,1.13
2026.267.16:24:00/wx/3.00,558.3,16.7,2.20,266,1.12
2026.267.16:25:00/wx/2.78,558.3,15.6,2.69,266,1.12
2026.267.16:26:00/wx/2.70,558.3,14.7,2.61,251,1.12
2026.267.16:27:00/wx/2.70,558.2,15.5,2.58,252,1.14
2026.267.16:28:00/wx/2.95,558.2,16.9,2.17,239,1.12
2026.267.16:29:00/wx/3.20,558.2,16.0,3.10,241,1.11
2026.267.16:30:00/wx/3.30,558.2,14.3,1.30,261,1.12
2026.267.16:31:00/wx/3.40,558.3,14.8,1.92,295,1.12
2026.267.16:32:00/wx/3.50,558.2,18.7,1.82,278,1.11
2026.267.16:33:00/wx/3.40,558.2,19.4,3.40,241,1.16
2026.267.16:34:00/wx/3.30,558.2,19.6,2.43,279,1.16
2026.267.16:35:00/wx/3.10,558.2,19.1,2.49,306,1.17
2026.267.16:36:00/wx/3.00,558.2,17.6,3.44,314,1.18
2026.267.16:37:00/wx/2.91,558.2,16.6,2.86,287,1.18
2026.267.16:38:00/wx/3.10,558.2,16.2,3.06,292,1.18
2026.267.16:39:00/wx/3.10,558.2,16.8,3.33,292,1.16
2026.267.16:40:00/wx/3.00,558.1,21.1,3.55,300,1.18
2026.267.16:41:00/wx/3.00,558.2,22.5,3.59,277,1.17
2026.267.16:42:00/wx/3.10,558.1,18.1,2.88,268,1.15
2026.267.16:43:00/wx/2.90,558.1,16.2,3.57,277,1.16
2026.267.16:44:00/wx/3.10,558.1,18.2,2.73,289,1.18
2026.267.16:45:00/wx/3.10,558.1,19.6,2.86,283,1.19
2026.267.16:46:00/wx/3.20,558.1,16.8,2.21,279,1.17
2026.267.16:47:00/wx/3.20,558.1,20.1,3.09,285,1.19
2026.267.16:48:00/wx/3.40,558.1,22.4,3.76,306,1.19
2026.267.16:49:00/wx/3.49,558.1,22.2,4.52,247,1.20
2026.267.16:50:00/wx/3.33,558.1,19.9,3.19,249,1.20
2026.267.16:51:00/wx/3.20,558.1,22.5,2.87,275,1.20
2026.267.16:52:00/wx/3.10,558.1,21.4,4.88,291,1.19
2026.267.16:53:00/wx/3.00,558.0,19.2,2.86,280,1.22
2026.267.16:54:00/wx/3.10,558.1,17.3,2.83,288,1.24
2026.267.16:55:00/wx/3.30,558.1,19.4,2.50,286,1.22
2026.267.16:56:00/wx/3.50,558.1,21.1,3.24,304,1.22
2026.267.16:57:00/wx/3.41,558.1,22.6,2.92,279,1.25
2026.267.16:58:00/wx/3.40,558.1,28.4,3.27,276,1.22
2026.267.16:59:00/wx/3.30,558.0,21.4,2.63,262,1.25
2026.267.17:00:00/wx/3.27,558.0,21.9,3.79,275,1.28
2026.267.17:01:00/wx/3.19,558.1,22.4,3.26,286,1.24
2026.267.17:02:00/wx/3.30,558.0,22.6,2.94,298,1.25
2026.267.17:03:00/wx/3.23,558.0,20.0,3.53,313,1.23
2026.267.17:04:00/wx/3.30,558.0,23.1,2.03,273,1.24
2026.267.17:05:00/wx/3.50,558.0,26.0,4.83,284,1.23
2026.267.17:06:00/wx/3.31,558.0,21.9,4.59,293,1.26
2026.267.17:07:00/wx/3.07,558.0,22.7,6.36,286,1.25
2026.267.17:08:00/wx/2.84,557.9,18.7,5.76,284,1.23
2026.267.17:09:00/wx/2.90,557.9,18.4,4.72,282,1.23
2026.267.17:10:00/wx/3.00,557.9,18.6,4.56,284,1.25
2026.267.17:11:00/wx/2.90,557.9,18.7,4.86,292,1.21
2026.267.17:12:00/wx/2.80,557.9,18.8,5.72,294,1.23
2026.267.17:13:00/wx/2.80,557.9,20.5,5.37,289,1.20
2026.267.17:14:00/wx/2.90,557.9,20.1,5.94,300,1.22
2026.267.17:15:00/wx/2.80,557.9,19.7,4.73,292,1.21
2026.267.17:16:00/wx/2.80,557.9,24.7,2.86,273,1.19
2026.267.17:17:00/wx/2.80,557.9,26.4,4.33,275,1.16
2026.267.17:18:00/wx/2.98,557.9,21.5,3.09,275,1.17
2026.267.17:19:00/wx/3.00,557.9,17.0,4.21,281,1.23
2026.267.17:20:00/wx/3.17,557.9,19.4,5.14,296,1.23
2026.267.17:21:00/wx/3.00,557.9,20.2,3.57,266,1.22
2026.267.17:22:00/wx/3.16,557.9,23.9,7.42,249,1.19
2026.267.17:23:00/wx/3.08,557.9,20.0,5.38,247,1.17
2026.267.17:24:00/wx/3.20,557.9,18.4,2.87,272,1.22
2026.267.17:25:00/wx/3.30,557.9,22.2,2.67,278,1.25
2026.267.17:26:00/wx/3.30,557.9,22.1,3.83,260,1.31
2026.267.17:27:00/wx/3.20,557.8,20.6,2.91,257,1.25
2026.267.17:28:00/wx/3.30,557.8,25.8,3.70,278,1.29
2026.267.17:29:00/wx/3.30,557.8,21.7,4.44,261,1.29
2026.267.17:30:00/wx/3.16,557.8,22.1,4.64,253,1.31
2026.267.17:31:00/wx/3.20,557.8,21.7,5.62,248,1.34
2026.267.17:32:00/wx/3.10,557.8,21.1,5.30,249,1.32
2026.267.17:33:00/wx/3.20,557.8,20.2,5.44,253,1.29
2026.267.17:34:00/wx/3.20,557.8,18.1,2.86,264,1.27
2026.267.17:35:00/wx/3.20,557.8,19.6,3.11,258,1.28
2026.267.17:36:00/wx/3.40,557.8,19.1,4.23,251,1.29
2026.267.17:37:00/wx/3.20,557.7,20.4,5.43,246,1.28
2026.267.17:38:00/wx/3.30,557.8,17.1,2.74,261,1.30
2026.267.17:39:00/wx/3.40,557.8,23.0,2.98,258,1.28
2026.267.17:40:00/wx/3.23,557.7,19.9,5.08,256,1.34
2026.267.17:41:00/wx/3.10,557.7,18.7,3.73,260,1.32
2026.267.17:42:00/wx/3.10,557.7,17.8,3.15,255,1.29
2026.267.17:43:00/wx/3.20,557.7,21.9,4.04,281,1.31
2026.267.17:44:00/wx/3.32,557.8,24.1,2.80,270,1.33
2026.267.17:45:00/wx/3.20,557.8,17.9,2.71,278,1.34
2026.267.17:46:00/wx/3.20,557.7,22.0,3.91,259,1.36
2026.267.17:47:00/wx/3.10,557.8,24.1,4.18,259,1.40
2026.267.17:48:00/wx/3.20,557.8,22.5,3.38,271,1.33
2026.267.17:49:00/wx/3.22,557.7,23.1,2.77,271,1.36
2026.267.17:50:00/wx/3.22,557.8,19.5,3.74,278,1.36
2026.267.17:51:00/wx/3.20,557.8,18.4,2.40,262,1.39
2026.267.17:52:00/wx/3.26,557.7,20.8,5.84,281,1.33
2026.267.17:53:00/wx/3.10,557.7,18.7,4.05,278,1.30
2026.267.17:54:00/wx/3.10,557.7,17.9,3.69,278,1.22
2026.267.17:55:00/wx/3.20,557.7,21.1,3.37,275,1.30
2026.267.17:56:00/wx/3.10,557.7,21.0,3.93,278,1.25
2026.267.17:57:00/wx/3.20,557.7,21.2,3.94,261,1.30
2026.267.17:58:00/wx/3.10,557.7,22.8,5.01,251,1.30
2026.267.17:59:00/wx/3.20,557.7,23.9,4.44,250,1.34
2026.267.18:00:00/wx/3.19,557.7,23.6,6.71,243,1.37
2026.267.18:01:00/wx/3.61,557.7,21.4,6.34,241,1.34
2026.267.18:02:00/wx/3.20,557.7,20.1,3.46,282,1.34
2026.267.18:03:00/wx/3.00,557.6,24.2,7.00,246,1.38
2026.267.18:04:00/wx/3.00,557.6,27.3,6.44,250,1.47
2026.267.18:05:00/wx/2.80,557.6,22.7,6.03,248,1.38
2026.267.18:06:00/wx/2.80,557.7,22.7,5.57,255,1.33
2026.267.18:07:00/wx/2.90,557.6,24.6,4.14,262,1.23
2026.267.18:08:00/wx/3.00,557.6,22.9,4.43,275,1.29
2026.267.18:09:00/wx/2.90,557.6,21.5,5.49,256,1.28
2026.267.18:10:00/wx/2.90,557.6,24.8,3.18,258,1.31
2026.267.18:11:00/wx/2.91,557.6,24.9,4.15,266,1.32
2026.267.18:12:00/wx/2.83,557.6,23.5,7.21,249,1.37
2026.267.18:13:00/wx/2.80,557.6,24.2,3.12,257,1.36
2026.267.18:14:00/wx/2.90,557.6,26.0,4.15,270,1.45
2026.267.18:15:00/wx/2.90,557.6,27.4,4.85,251,1.44
2026.267.18:16:00/wx/2.80,557.6,25.5,4.22,263,1.40
2026.267.18:17:00/wx/2.73,557.6,28.8,4.28,279,1.45
2026.267.18:18:00/wx/2.70,557.6,28.6,4.13,255,1.42
2026.267.18:19:00/wx/2.85,557.6,29.4,5.30,279,1.32
2026.267.18:20:00/wx/2.50,557.6,26.6,5.85,299,1.33
2026.267.18:21:00/wx/2.50,557.5,24.4,6.21,280,1.32
2026.267.18:22:00/wx/2.43,557.5,25.3,4.76,265,1.37
2026.267.18:23:00/wx/2.50,557.5,24.1,5.09,269,1.40
2026.267.18:24:00/wx/2.60,557.5,23.6,4.00,263,1.36
2026.267.18:25:00/wx/2.70,557.6,26.5,5.12,256,1.32
2026.267.18:26:00/wx/2.40,557.6,22.1,4.81,264,1.34
2026.267.18:27:00/wx/2.40,557.5,22.8,4.49,258,1.38
2026.267.18:28:00/wx/2.40,557.6,27.7,3.63,268,1.42
2026.267.18:29:00/wx/2.60,557.5,27.7,4.74,259,1.47
2026.267.18:30:00/wx/2.60,557.5,30.0,3.29,263,1.40
2026.267.18:31:00/wx/2.67,557.5,26.8,5.72,269,1.44
2026.267.18:32:00/wx/2.60,557.5,25.7,5.99,279,1.45
2026.267.18:33:00/wx/2.50,557.5,25.9,6.91,283,1.44
2026.267.18:34:00/wx/2.40,557.5,26.8,4.97,281,1.41
2026.267.18:35:00/wx/2.50,557.5,28.1,8.42,292,1.43
2026.267.18:36:00/wx/2.40,557.5,27.5,6.57,257,1.47
2026.267.18:37:00/wx/2.30,557.5,27.0,5.00,265,1.46
2026.267.18:38:00/wx/2.20,557.5,26.3,6.13,279,1.44
2026.267.18:39:00/wx/2.24,557.5,25.1,5.23,271,1.50
2026.267.18:40:00/wx/2.20,557.5,26.0,6.61,255,1.49
2026.267.18:41:00/wx/2.10,557.5,25.7,6.22,278,1.49
2026.267.18:42:00/wx/2.20,557.5,26.0,4.78,267,1.47
2026.267.18:43:00/wx/2.20,557.5,26.0,5.24,250,1.50
2026.267.18:44:00/wx/2.20,557.5,29.5,4.91,266,1.34
2026.267.18:45:00/wx/2.30,557.5,24.1,4.25,268,1.39
2026.267.18:46:00/wx/2.30,557.5,26.1,6.58,250,1.39
2026.267.18:47:00/wx/2.30,557.5,23.0,6.36,250,1.42
2026.267.18:48:00/wx/2.20,557.5,27.1,6.86,250,1.37
2026.267.18:49:00/wx/2.10,557.5,27.4,5.18,255,1.42
2026.267.18:50:00/wx/2.10,557.5,29.3,5.54,261,1.37
2026.267.18:51:00/wx/2.20,557.5,28.1,4.84,269,1.37
2026.267.18:52:00/wx/2.20,557.5,24.9,4.94,268,1.44
2026.267.18:53:00/wx/2.10,557.5,23.1,4.37,270,1.42
2026.267.18:54:00/wx/2.10,557.5,25.0,5.95,279,1.33
2026.267.18:55:00/wx/2.20,557.5,27.6,5.23,269,1.35
2026.267.18:56:00/wx/2.07,557.5,25.7,6.56,289,1.34
2026.267.18:57:00/wx/1.90,557.5,25.9,5.47,280,1.37
2026.267.18:58:00/wx/1.91,557.5,25.2,7.06,280,1.34
2026.267.18:59:00/wx/1.90,557.5,24.8,5.29,278,1.34
2026.267.19:00:00/wx/2.10,557.5,27.5,5.63,259,1.35
2026.267.19:01:00/wx/2.00,557.5,25.8,5.97,259,1.45
2026.267.19:02:00/wx/1.80,557.5,23.3,6.89,277,1.46
2026.267.19:03:00/wx/1.80,557.5,23.2,4.41,256,1.38
2026.267.19:04:00/wx/1.97,557.5,25.4,5.35,279,1.35
2026.267.19:05:00/wx/2.00,557.5,25.4,7.53,286,1.40
2026.267.19:06:00/wx/2.06,557.5,24.1,5.81,265,1.35
2026.267.19:07:00/wx/2.11,557.5,24.0,6.69,253,1.33
2026.267.19:08:00/wx/2.00,557.5,23.0,7.05,254,1.38
2026.267.19:09:00/wx/2.10,557.5,25.3,7.65,241,1.40
2026.267.19:10:00/wx/2.00,557.5,22.2,5.32,256,1.41
2026.267.19:11:00/wx/2.25,557.5,25.9,6.58,254,1.34
2026.267.19:12:00/wx/2.00,557.5,26.1,5.35,281,1.37
2026.267.19:13:00/wx/2.10,557.5,28.6,5.39,260,1.41
2026.267.19:14:00/wx/2.10,557.4,26.8,4.07,264,1.45
2026.267.19:15:00/wx/2.10,557.4,24.2,5.31,273,1.35
2026.267.19:16:00/wx/2.20,557.5,24.1,5.15,268,1.39
2026.267.19:17:00/wx/2.20,557.5,25.5,6.87,250,1.31
2026.267.19:18:00/wx/2.00,557.5,22.9,5.75,259,1.33
2026.267.19:19:00/wx/2.00,557.5,21.8,6.08,276,1.33
2026.267.19:20:00/wx/2.00,557.5,22.2,7.05,277,1.23
2026.267.19:21:00/wx/1.90,557.5,17.9,6.85,297,1.26
2026.267.19:22:00/wx/2.00,557.5,22.1,5.55,276,1.27
2026.267.19:23:00/wx/1.90,557.5,22.2,5.79,277,1.28
2026.267.19:24:00/wx/1.80,557.5,22.4,7.39,285,1.32
2026.267.19:25:00/wx/1.80,557.5,24.0,5.80,263,1.32
2026.267.19:26:00/wx/1.80,557.5,23.1,6.33,277,1.33
2026.267.19:27:00/wx/1.80,557.5,23.8,5.31,278,1.35
2026.267.19:28:00/wx/1.92,557.4,27.4,4.34,263,1.34
2026.267.19:29:00/wx/1.92,557.5,23.8,7.35,266,1.36
2026.267.19:30:00/wx/2.00,557.5,22.8,5.35,254,1.38
2026.267.19:31:00/wx/1.90,557.5,25.6,7.67,279,1.25
2026.267.19:32:00/wx/1.70,557.5,19.8,7.02,280,1.23
2026.267.19:33:00/wx/1.77,557.5,25.4,5.30,279,1.29
2026.267.19:34:00/wx/1.70,557.5,21.2,8.09,281,1.22
2026.267.19:35:00/wx/1.70,557.4,19.9,5.92,275,1.24
2026.267.19:36:00/wx/1.75,557.5,23.3,7.62,281,1.27
2026.267.19:37:00/wx/1.60,557.5,22.9,5.33,278,1.23
2026.267.19:38:00/wx/1.50,557.5,26.8,6.70,280,1.23
2026.267.19:39:00/wx/1.50,557.5,23.7,4.75,273,1.26
2026.267.19:40:00/wx/1.59,557.5,24.4,5.69,289,1.23
2026.267.19:41:00/wx/1.50,557.5,23.6,5.64,282,1.36
2026.267.19:42:00/wx/1.60,557.5,22.4,7.43,281,1.31
2026.267.19:43:00/wx/1.70,557.5,21.0,6.73,286,1.28
2026.267.19:44:00/wx/1.70,557.5,23.7,4.36,278,1.33
2026.267.19:45:00/wx/1.80,557.5,24.9,5.86,283,1.39
2026.267.19:46:00/wx/1.70,557.5,26.5,4.91,273,1.35
2026.267.19:47:00/wx/1.80,557.5,28.4,6.53,242,1.35
2026.267.19:48:00/wx/1.80,557.5,25.4,4.59,270,1.31
2026.267.19:49:00/wx/1.70,557.5,26.5,6.96,290,1.28
2026.267.19:50:00/wx/1.60,557.5,22.8,5.87,279,1.22
2026.267.19:51:00/wx/1.60,557.5,19.5,7.15,288,1.28
2026.267.19:52:00/wx/1.60,557.4,19.2,5.73,283,1.26
2026.267.19:53:00/wx/1.60,557.4,23.4,6.27,283,1.26
2026.267.19:54:00/wx/1.60,557.4,20.0,7.21,286,1.23
2026.267.19:55:00/wx/1.60,557.4,21.0,5.03,279,1.18
2026.267.19:56:00/wx/1.67,557.4,18.2,3.61,277,1.23
2026.267.19:57:00/wx/1.60,557.4,24.1,7.08,290,1.17
2026.267.19:58:00/wx/1.50,557.4,20.8,7.08,285,1.17
2026.267.19:59:00/wx/1.60,557.4,22.2,5.51,277,1.15
2026.267.20:00:00/wx/1.60,557.4,19.9,6.40,289,1.22
2026.267.20:01:00/wx/1.60,557.4,21.0,5.43,283,1.28
2026.267.20:02:00/wx/1.50,557.4,21.9,6.03,282,1.16
2026.267.20:03:00/wx/1.40,557.4,26.0,6.17,279,1.13
2026.267.20:04:00/wx/1.40,557.4,22.4,6.57,277,1.15
2026.267.20:05:00/wx/1.42,557.4,22.9,4.09,277,1.21
2026.267.20:06:00/wx/1.48,557.4,27.3,4.19,278,1.19
2026.267.20:07:00/wx/1.50,557.4,22.3,5.86,268,1.16
2026.267.20:08:00/wx/1.50,557.4,23.2,6.09,279,1.20
2026.267.20:09:00/wx/1.40,557.4,22.1,4.34,275,1.27
2026.267.20:10:00/wx/1.50,557.4,21.8,6.02,279,1.21
2026.267.20:11:00/wx/1.50,557.4,21.8,5.98,283,1.20
2026.267.20:12:00/wx/1.50,557.4,21.7,5.08,273,1.20
2026.267.20:13:00/wx/1.50,557.4,22.4,4.85,273,1.23
2026.267.20:14:00/wx/1.60,557.4,19.9,5.15,278,1.23
2026.267.20:15:00/wx/1.57,557.4,26.9,4.05,276,1.27
2026.267.20:16:00/wx/1.50,557.4,23.3,7.68,285,1.22
2026.267.20:17:00/wx/1.40,557.4,24.1,5.11,265,1.19
2026.267.20:18:00/wx/1.40,557.4,21.1,6.72,281,1.18
2026.267.20:19:00/wx/1.40,557.4,19.8,7.53,287,1.14
2026.267.20:20:00/wx/1.54,557.4,19.1,6.41,279,1.16
2026.267.20:21:00/wx/1.59,557.4,20.6,3.97,260,1.16
2026.267.20:22:00/wx/1.50,557.3,21.6,5.60,286,1.16
2026.267.20:23:00/wx/1.56,557.3,20.6,5.99,279,1.18
2026.267.20:24:00/wx/1.60,557.3,20.6,7.43,289,1.20
2026.267.20:25:00/wx/1.50,557.3,20.0,6.60,283,1.20
2026.267.20:26:00/wx/1.50,557.3,20.1,6.40,281,1.18
2026.267.20:27:00/wx/1.50,557.3,19.9,5.71,279,1.14
2026.267.20:28:00/wx/1.60,557.3,19.2,5.46,284,1.12
2026.267.20:29:00/wx/1.60,557.4,20.1,5.73,283,1.11
2026.267.20:30:00/wx/1.60,557.4,20.4,5.84,288,1.11
2026.267.20:31:00/wx/1.60,557.3,19.1,6.69,281,1.05
2026.267.20:32:00/wx/1.40,557.4,21.6,4.61,276,1.08
2026.267.20:33:00/wx/1.50,557.4,20.1,5.48,278,1.07
2026.267.20:34:00/wx/1.60,557.4,20.8,5.23,268,1.11
2026.267.20:35:00/wx/1.50,557.4,20.6,3.94,269,1.06
2026.267.20:36:00/wx/1.50,557.4,20.7,5.65,278,1.09
2026.267.20:37:00/wx/1.43,557.4,22.3,5.13,274,1.13
2026.267.20:38:00/wx/1.50,557.3,20.2,3.29,273,1.18
2026.267.20:39:00/wx/1.50,557.4,25.2,4.72,274,1.10
2026.267.20:40:00/wx/1.40,557.4,20.9,4.02,266,1.06
2026.267.20:41:00/wx/1.50,557.4,21.8,3.13,272,1.12
2026.267.20:42:00/wx/1.50,557.3,20.5,6.04,285,1.12
2026.267.20:43:00/wx/1.50,557.4,19.5,4.68,277,1.12
2026.267.20:44:00/wx/1.40,557.3,19.7,6.68,280,1.12
2026.267.20:45:00/wx/1.40,557.3,18.7,5.78,286,1.06
2026.267.20:46:00/wx/1.30,557.3,20.5,5.78,280,1.05
2026.267.20:47:00/wx/1.40,557.3,19.0,4.75,290,1.08
2026.267.20:48:00/wx/1.50,557.3,17.0,4.99,291,1.10
2026.267.20:49:00/wx/1.40,557.3,22.0,5.86,295,1.07
2026.267.20:50:00/wx/1.30,557.4,23.5,5.62,283,1.05
2026.267.20:51:00/wx/1.40,557.3,21.7,5.63,289,1.06
2026.267.20:52:00/wx/1.50,557.3,19.6,5.19,277,1.08
2026.267.20:53:00/wx/1.40,557.4,20.0,5.36,258,1.07
2026.267.20:54:00/wx/1.50,557.4,17.5,3.80,276,1.07
2026.267.20:55:00/wx/1.50,557.4,18.4,3.88,275,1.08
2026.267.20:56:00/wx/1.40,557.4,21.1,5.43,286,1.06
2026.267.20:57:00/wx/1.30,557.4,24.1,5.05,254,1.07
2026.267.20:58:00/wx/1.30,557.4,21.2,3.68,256,1.06
2026.267.20:59:00/wx/1.32,557.4,23.0,4.80,274,1.10
2026.267.21:00:00/wx/1.50,557.4,19.4,5.41,279,1.09
2026.267.21:01:00/wx/1.60,557.4,15.4,6.23,284,1.11
2026.267.21:02:00/wx/1.50,557.4,19.4,4.80,279,1.08
2026.267.21:03:00/wx/1.41,557.4,19.9,4.87,278,1.11
2026.267.21:04:00/wx/1.20,557.4,21.5,5.04,256,1.12
2026.267.21:05:00/wx/1.30,557.5,19.1,4.62,271,1.05
2026.267.21:06:00/wx/1.40,557.4,16.9,4.43,278,1.06
2026.267.21:07:00/wx/1.40,557.4,17.2,4.40,277,1.12
2026.267.21:08:00/wx/1.41,557.4,16.8,5.04,281,1.10
2026.267.21:09:00/wx/1.30,557.4,18.8,4.41,284,1.10
2026.267.21:10:00/wx/1.25,557.4,20.3,3.58,271,1.12
2026.267.21:11:00/wx/1.20,557.4,20.0,6.33,281,1.12
2026.267.21:12:00/wx/1.30,557.5,18.5,6.53,280,1.07
2026.267.21:13:00/wx/1.30,557.5,18.7,6.24,279,1.06
2026.267.21:14:00/wx/1.20,557.5,19.8,4.75,271,1.07
2026.267.21:15:00/wx/1.20,557.5,17.8,4.94,283,1.05
2026.267.21:16:00/wx/1.10,557.4,21.0,5.43,292,1.03
2026.267.21:17:00/wx/1.25,557.4,16.8,5.00,286,1.03
2026.267.21:18:00/wx/1.30,557.5,16.8,5.02,282,1.04
2026.267.21:19:00/wx/1.22,557.4,19.5,4.46,276,1.06
2026.267.21:20:00/wx/1.31,557.4,18.8,5.22,247,1.04
2026.267.21:21:00/wx/0.79,557.5,24.8,5.24,256,1.02
2026.267.21:22:00/wx/1.00,557.5,20.5,6.36,253,1.01
2026.267.21:23:00/wx/1.10,557.5,15.4,4.07,259,0.99
2026.267.21:24:00/wx/1.30,557.5,14.5,3.37,271,1.01
2026.267.21:25:00/wx/1.20,557.5,17.2,4.35,276,1.00
2026.267.21:26:00/wx/1.10,557.5,18.1,5.27,278,0.97
2026.267.21:27:00/wx/1.20,557.5,14.4,4.66,279,1.00
2026.267.21:28:00/wx/1.20,557.5,15.5,6.33,283,0.99
2026.267.21:29:00/wx/1.18,557.5,15.3,3.62,278,0.98
2026.267.21:30:00/wx/1.20,557.4,16.0,5.10,286,1.00
2026.267.21:31:00/wx/1.09,557.5,17.6,5.28,286,1.00
2026.267.21:32:00/wx/0.90,557.5,18.1,5.23,294,1.00
2026.267.21:33:00/wx/1.10,557.5,16.6,5.06,285,1.00
2026.267.21:34:00/wx/1.10,557.4,17.7,4.43,283,1.00
2026.267.21:35:00/wx/1.10,557.5,18.6,3.76,272,1.00
2026.267.21:36:00/wx/1.00,557.5,20.1,3.88,251,1.00
2026.267.21:37:00/wx/0.95,557.5,20.1,4.23,281,1.03
2026.267.21:38:00/wx/0.90,557.5,20.8,4.92,278,0.98
2026.267.21:39:00/wx/1.16,557.5,15.9,3.23,271,1.01
2026.267.21:40:00/wx/1.02,557.5,18.2,3.64,272,1.02
2026.267.21:41:00/wx/1.10,557.5,16.6,3.89,277,0.99
2026.267.21:42:00/wx/1.26,557.5,14.9,4.75,282,1.00
2026.267.21:43:00/wx/1.20,557.5,16.4,4.13,280,1.03
2026.267.21:44:00/wx/0.59,557.5,24.4,4.99,285,1.04
2026.267.21:45:00/wx/0.60,557.5,24.0,4.30,281,1.02
2026.267.21:46:00/wx/0.70,557.5,20.6,3.98,278,1.01
2026.267.21:47:00/wx/0.90,557.5,19.2,4.89,285,1.02
2026.267.21:48:00/wx/0.80,557.5,20.2,5.03,283,1.01
2026.267.21:49:00/wx/0.90,557.5,19.1,4.70,285,1.02
2026.267.21:50:00/wx/0.71,557.5,21.8,3.91,274,1.03
2026.267.21:51:00/wx/0.81,557.5,18.7,4.11,277,1.02
2026.267.21:52:00/wx/1.00,557.5,16.0,3.72,274,1.01
2026.267.21:53:00/wx/1.10,557.5,16.3,3.73,278,1.05
2026.267.21:54:00/wx/0.80,557.5,19.8,5.06,281,1.03
2026.267.21:55:00/wx/0.80,557.5,18.2,4.46,279,1.03
2026.267.21:56:00/wx/0.79,557.5,19.1,4.75,279,1.03
2026.267.21:57:00/wx/0.60,557.5,21.2,4.37,278,1.03
2026.267.21:58:00/wx/0.50,557.5,22.8,4.73,283,1.03
2026.267.21:59:00/wx/0.29,557.5,23.5,4.21,283,1.02
2026.267.22:00:00/wx/0.40,557.6,22.5,4.05,281,1.04
2026.267.22:01:00/wx/0.40,557.6,22.5,4.22,283,1.03
2026.267.22:02:00/wx/0.40,557.6,22.5,3.69,281,1.05
2026.267.22:03:00/wx/0.40,557.6,22.5,3.95,289,1.07
2026.267.22:04:00/wx/0.25,557.6,22.8,3.83,277,1.03
2026.267.22:05:00/wx/0.50,557.6,22.0,3.37,262,1.00
2026.267.22:06:00/wx/0.28,557.6,21.6,3.00,268,0.99
2026.267.22:07:00/wx/0.04,557.6,21.8,2.61,268,1.01
2026.267.22:08:00/wx/-0.30,557.6,22.8,3.21,264,0.98
2026.267.22:09:00/wx/0.15,557.6,19.7,2.97,268,1.00
2026.267.22:10:00/wx/0.60,557.6,16.0,3.31,263,0.99
2026.267.22:11:00/wx/0.40,557.6,17.7,2.61,267,1.01
2026.267.22:12:00/wx/0.03,557.6,19.8,3.53,256,1.03
2026.267.22:13:00/wx/-0.10,557.6,20.6,2.93,260,1.03
2026.267.22:14:00/wx/-0.15,557.6,20.8,4.37,251,0.99
2026.267.22:15:00/wx/-0.79,557.6,27.2,3.07,248,0.98
2026.267.22:16:00/wx/-1.31,557.6,28.8,2.49,244,0.98
2026.267.22:17:00/wx/-1.48,557.5,29.5,1.67,258,0.99
2026.267.22:18:00/wx/-1.30,557.6,25.9,2.33,267,1.00
2026.267.22:19:00/wx/-0.74,557.6,21.6,3.19,262,1.00
2026.267.22:20:00/wx/-0.21,557.6,19.0,3.12,265,1.00
2026.267.22:21:00/wx/-0.07,557.6,18.8,3.44,263,1.01
2026.267.22:22:00/wx/-0.10,557.6,18.9,2.97,260,1.02
2026.267.22:23:00/wx/-0.11,557.7,19.5,3.60,255,0.92
2026.267.22:24:00/wx/-0.15,557.7,19.4,3.94,253,0.97
2026.267.22:25:00/wx/-0.10,557.7,19.4,4.18,253,0.98
2026.267.22:26:00/wx/-0.16,557.7,19.4,4.59,252,0.96
2026.267.22:27:00/wx/0.00,557.7,17.5,4.69,249,0.95
2026.267.22:28:00/wx/-0.22,557.7,18.0,4.12,249,0.95
2026.267.22:29:00/wx/-1.05,557.7,23.5,3.38,241,0.94
2026.267.22:30:00/wx/-1.40,557.7,25.4,3.52,242,0.95
2026.267.22:31:00/wx/-1.20,557.7,24.3,3.29,245,0.96
2026.267.22:32:00/wx/-1.10,557.7,24.1,2.62,241,0.94
2026.267.22:33:00/wx/-1.10,557.7,24.3,2.75,255,0.94
2026.267.22:34:00/wx/-1.10,557.7,23.9,2.66,245,0.95
2026.267.22:35:00/wx/-1.20,557.6,24.3,2.72,250,0.95
2026.267.22:36:00/wx/-1.30,557.6,24.4,2.35,243,0.95
2026.267.22:37:00/wx/-1.49,557.6,25.6,1.89,234,0.94
2026.267.22:38:00/wx/-1.71,557.7,26.5,2.57,246,0.94
2026.267.22:39:00/wx/-1.90,557.7,26.2,3.02,241,0.93
2026.267.22:40:00/wx/-2.00,557.6,27.0,3.32,242,0.93
2026.267.22:41:00/wx/-1.80,557.7,25.2,3.11,243,0.92
2026.267.22:42:00/wx/-1.60,557.7,24.4,3.45,238,0.93
2026.267.22:43:00/wx/-1.73,557.6,25.8,2.68,242,0.95
2026.267.22:44:00/wx/-1.74,557.7,26.1,2.82,249,0.97
2026.267.22:45:00/wx/-1.90,557.7,27.0,1.83,271,0.97
2026.267.22:46:00/wx/-2.00,557.7,26.4,2.03,280,0.98
2026.267.22:47:00/wx/-2.10,557.7,26.1,2.02,279,0.97
2026.267.22:48:00/wx/-2.35,557.7,27.3,2.17,284,0.98
2026.267.22:49:00/wx/-3.02,557.7,30.4,2.95,299,0.97
2026.267.22:50:00/wx/-2.49,557.7,27.6,3.20,321,0.96
2026.267.22:51:00/wx/-2.26,557.7,28.5,2.16,324,0.97
2026.267.22:52:00/wx/-2.29,557.7,28.8,2.62,334,0.98
2026.267.22:53:00/wx/-2.17,557.7,28.6,2.38,320,0.98
2026.267.22:54:00/wx/-1.73,557.7,26.2,2.21,318,0.98
2026.267.22:55:00/wx/-1.29,557.7,24.1,2.24,302,0.97
2026.267.22:56:00/wx/-1.10,557.7,22.6,2.29,311,0.97
2026.267.22:57:00/wx/-1.10,557.7,22.5,2.44,307,0.96
2026.267.22:58:00/wx/-1.10,557.7,22.7,2.40,314,0.96
2026.267.22:59:00/wx/-1.20,557.7,23.7,2.41,335,0.97
2026.267.23:00:00/wx/-1.30,557.7,24.2,2.86,339,0.98
2026.267.23:01:00/wx/-1.30,557.7,23.0,3.27,342,0.98
2026.267.23:02:00/wx/-1.10,557.7,21.9,2.93,341,0.97
2026.267.23:03:00/wx/-1.00,557.7,21.7,2.49,329,0.97
2026.267.23:04:00/wx/-0.90,557.7,21.5,2.40,325,0.96
2026.267.23:05:00/wx/-0.90,557.7,21.3,2.54,311,0.95
2026.267.23:06:00/wx/-0.90,557.7,21.3,2.10,313,0.95
2026.267.23:07:00/wx/-1.00,557.7,21.7,2.13,315,0.95
2026.267.23:08:00/wx/-1.10,557.7,21.9,2.13,321,0.96
2026.267.23:09:00/wx/-1.10,557.7,22.0,2.33,321,0.95
2026.267.23:10:00/wx/-1.10,557.7,22.0,2.36,312,0.93
2026.267.23:11:00/wx/-1.10,557.7,21.8,2.53,321,0.93
2026.267.23:12:00/wx/-1.10,557.7,21.7,2.23,315,0.93
2026.267.23:13:00/wx/-1.14,557.7,21.7,2.18,321,0.93
2026.267.23:14:00/wx/-1.20,557.7,21.7,2.23,323,0.94
2026.267.23:15:00/wx/-1.20,557.7,21.5,2.23,325,0.96
2026.267.23:16:00/wx/-1.20,557.7,21.2,2.61,330,0.97
2026.267.23:17:00/wx/-1.10,557.7,21.0,2.84,330,0.95
2026.267.23:18:00/wx/-1.00,557.7,20.9,2.94,336,0.94
2026.267.23:19:00/wx/-1.00,557.7,20.5,3.03,340,0.94
2026.267.23:20:00/wx/-0.90,557.7,19.8,2.72,335,0.94
2026.267.23:21:00/wx/-0.90,557.7,19.1,2.48,333,0.93
2026.267.23:22:00/wx/-0.80,557.7,18.9,2.33,328,0.93
2026.267.23:23:00/wx/-0.80,557.7,18.7,2.18,329,0.93
2026.267.23:24:00/wx/-0.80,557.7,18.7,2.44,331,0.93
2026.267.23:25:00/wx/-0.80,557.7,18.1,2.73,324,0.93
2026.267.23:26:00/wx/-0.80,557.7,17.8,2.67,321,0.93
2026.267.23:27:00/wx/-0.80,557.7,17.6,2.85,334,0.93
2026.267.23:28:00/wx/-0.80,557.7,17.3,2.98,332,0.92
2026.267.23:29:00/wx/-0.70,557.7,17.0,3.24,331,0.93
2026.267.23:30:00/wx/-0.70,557.7,16.9,3.07,331,0.94
2026.267.23:31:00/wx/-0.70,557.7,16.9,3.23,332,0.93
2026.267.23:32:00/wx/-0.70,557.7,16.7,3.59,328,0.91
2026.267.23:33:00/wx/-0.60,557.7,16.5,3.41,331,0.90
2026.267.23:34:00/wx/-0.60,557.7,16.5,2.94,321,0.90
2026.267.23:35:00/wx/-0.63,557.7,16.5,2.90,325,0.90
2026.267.23:36:00/wx/-0.70,557.7,16.4,2.65,323,0.90
2026.267.23:37:00/wx/-0.70,557.7,16.3,2.55,325,0.90
2026.267.23:38:00/wx/-0.70,557.7,16.2,2.86,315,0.90
2026.267.23:39:00/wx/-0.60,557.6,16.0,3.23,322,0.90
2026.267.23:40:00/wx/-0.60,557.7,15.9,3.44,321,0.89
2026.267.23:41:00/wx/-0.70,557.7,16.0,3.15,319,0.89
2026.267.23:42:00/wx/-0.70,557.7,16.0,3.02,322,0.88
2026.267.23:43:00/wx/-0.70,557.7,15.9,3.23,316,0.89
2026.267.23:44:00/wx/-0.70,557.7,15.9,2.93,321,0.90
2026.267.23:45:00/wx/-0.70,557.7,16.0,2.91,315,0.90
2026.267.23:46:00/wx/-0.79,557.7,16.0,3.36,320,0.90
2026.267.23:47:00/wx/-0.80,557.7,15.9,3.45,323,0.89
2026.267.23:48:00/wx/-0.80,557.7,16.0,3.36,327,0.92
2026.267.23:49:00/wx/-0.80,557.7,15.8,3.33,327,0.91
2026.267.23:50:00/wx/-0.80,557.7,15.7,3.09,322,0.92
2026.267.23:51:00/wx/-0.89,557.7,16.0,3.51,314,0.92
2026.267.23:52:00/wx/-1.10,557.7,16.2,3.53,322,0.93
2026.267.23:53:00/wx/-1.00,557.7,15.8,3.41,325,0.93
2026.267.23:54:00/wx/-1.00,557.7,15.8,3.33,321,0.95
2026.267.23:55:00/wx/-1.44,557.7,16.6,2.95,335,0.96
2026.267.23:56:00/wx/-1.72,557.7,17.6,3.56,328,0.95
2026.267.23:57:00/wx/-1.61,557.7,17.2,3.70,332,0.95
2026.267.23:58:00/wx/-1.20,557.7,16.0,3.64,327,0.96
2026.267.23:59:00/wx/-1.20,557.7,16.0,3.23,326,0.96
2026.268.00:00:00/wx/-1.79,557.7,17.3,3.24,320,0.96
2026.268.00:01:00/wx/-2.02,557.7,18.0,4.00,324,0.93
2026.268.00:02:00/wx/-1.90,557.7,17.7,3.37,316,0.92
2026.268.00:03:00/wx/-1.89,557.7,18.0,3.31,322,0.92
2026.268.00:04:00/wx/-2.50,557.7,19.5,4.14,309,0.92
2026.268.00:05:00/wx/-2.15,557.7,18.8,3.12,314,0.88
2026.268.00:06:00/wx/-2.31,557.7,19.2,3.41,305,0.90
2026.268.00:07:00/wx/-2.10,557.7,18.6,3.32,312,0.89
2026.268.00:08:00/wx/-2.03,557.7,18.4,3.37,311,0.90
2026.268.00:09:00/wx/-1.80,557.7,17.9,3.22,312,0.89
2026.268.00:10:00/wx/-1.70,557.7,17.6,3.22,309,0.89
2026.268.00:11:00/wx/-1.71,557.7,17.7,3.13,312,0.89
2026.268.00:12:00/wx/-1.73,557.7,17.4,3.29,319,0.89
2026.268.00:13:00/wx/-1.68,557.7,17.4,3.26,321,0.89
2026.268.00:14:00/wx/-2.00,557.7,18.3,3.53,329,0.90
2026.268.00:15:00/wx/-1.75,557.6,17.9,3.44,336,0.90
2026.268.00:16:00/wx/-1.41,557.7,17.2,4.15,342,0.90
2026.268.00:17:00/wx/-1.16,557.6,17.0,3.82,338,0.88
2026.268.00:18:00/wx/-0.89,557.6,16.8,3.34,334,0.88
2026.268.00:19:00/wx/-0.90,557.7,17.1,3.53,335,0.87
2026.268.00:20:00/wx/-1.00,557.6,16.9,3.84,336,0.86
2026.268.00:21:00/wx/-1.10,557.6,17.2,4.10,334,0.86
2026.268.00:22:00/wx/-1.03,557.6,17.3,3.24,324,0.86
2026.268.00:23:00/wx/-1.00,557.6,17.3,4.06,330,0.86
2026.268.00:24:00/wx/-1.21,557.6,17.8,3.87,341,0.84
2026.268.00:25:00/wx/-1.50,557.6,19.0,3.58,329,0.85
2026.268.00:26:00/wx/-1.30,557.6,18.4,4.33,330,0.84
2026.268.00:27:00/wx/-1.07,557.6,18.1,4.57,334,0.85
2026.268.00:28:00/wx/-1.21,557.6,18.0,4.79,340,0.83
2026.268.00:29:00/wx/-1.49,557.6,18.6,4.23,340,0.83
2026.268.00:30:00/wx/-1.35,557.6,17.9,4.71,335,0.82
2026.268.00:31:00/wx/-1.10,557.6,17.1,4.18,329,0.83
2026.268.00:32:00/wx/-1.06,557.6,16.7,4.02,335,0.82
2026.268.00:33:00/wx/-1.07,557.6,16.8,4.11,343,0.82
2026.268.00:34:00/wx/-1.10,557.6,16.7,4.60,342,0.82
2026.268.00:35:00/wx/-0.95,557.6,16.4,4.19,341,0.80
2026.268.00:36:00/wx/-0.90,557.6,16.4,4.72,337,0.81
2026.268.00:37:00/wx/-0.90,557.6,16.6,5.16,340,0.81
2026.268.00:38:00/wx/-0.80,557.6,16.1,4.18,342,0.79
2026.268.00:39:00/wx/-0.90,557.6,16.1,4.54,340,0.80
2026.268.00:40:00/wx/-0.75,557.6,15.9,4.87,344,0.80
2026.268.00:41:00/wx/-1.10,557.6,16.5,5.03,338,0.80
2026.268.00:42:00/wx/-1.16,557.6,16.9,4.68,332,0.80
2026.268.00:43:00/wx/-1.58,557.6,18.0,5.32,340,0.80
2026.268.00:44:00/wx/-1.17,557.6,16.8,4.76,334,0.79
2026.268.00:45:00/wx/-0.53,557.6,15.3,4.67,345,0.79
2026.268.00:46:00/wx/-0.40,557.6,14.7,5.23,344,0.80
2026.268.00:47:00/wx/-0.77,557.7,15.6,5.27,333,0.81
2026.268.00:48:00/wx/-0.70,557.6,15.8,5.71,341,0.80
2026.268.00:49:00/wx/-0.68,557.7,15.4,4.67,340,0.79
2026.268.00:50:00/wx/-0.46,557.7,15.0,5.30,339,0.78
2026.268.00:51:00/wx/-0.50,557.7,14.8,4.63,338,0.78
2026.268.00:52:00/wx/-0.30,557.7,14.3,5.08,344,0.79
2026.268.00:53:00/wx/-0.50,557.7,15.0,4.89,340,0.78
2026.268.00:54:00/wx/-1.33,557.7,16.9,4.98,337,0.79
2026.268.00:55:00/wx/-1.26,557.7,16.8,5.19,340,0.80
2026.268.00:56:00/wx/-1.20,557.7,16.9,4.83,329,0.80
2026.268.00:57:00/wx/-1.16,557.6,16.6,4.95,335,0.79
2026.268.00:58:00/wx/-0.91,557.7,16.6,4.63,336,0.79
2026.268.00:59:00/wx/-1.10,557.7,17.5,4.60,332,0.79
2026.268.01:00:00/wx/-0.80,557.7,16.3,4.60,335,0.79
2026.268.01:01:00/wx/-0.91,557.7,17.0,4.85,336,0.79
2026.268.01:02:00/wx/-0.84,557.7,17.0,4.85,337,0.79
2026.268.01:03:00/wx/-0.80,557.7,16.8,4.52,334,0.79
2026.268.01:04:00/wx/-1.00,557.7,18.2,3.76,334,0.77
2026.268.01:05:00/wx/-1.13,557.7,19.2,4.53,348,0.77
2026.268.01:06:00/wx/-1.62,557.7,20.5,5.08,337,0.76
2026.268.01:07:00/wx/-1.24,557.7,20.0,4.64,346,0.76
2026.268.01:08:00/wx/-2.50,557.8,22.7,4.24,348,0.74
2026.268.01:09:00/wx/-1.19,557.8,19.7,4.97,-1,0.74
2026.268.01:10:00/wx/-0.44,557.8,17.6,4.65,353,0.74
2026.268.01:11:00/wx/-0.29,557.8,17.3,5.42,382,0.74
2026.268.01:12:00/wx/0.06,557.8,17.0,5.16,352,0.73
2026.268.01:13:00/wx/0.10,557.8,18.0,4.53,346,0.72
2026.268.01:14:00/wx/0.13,557.8,17.9,5.17,346,0.73
2026.268.01:15:00/wx/0.19,557.8,17.4,4.53,337,0.72
2026.268.01:16:00/wx/0.21,557.8,17.3,4.55,343,0.71
2026.268.01:17:00/wx/0.17,557.8,16.8,4.51,352,0.70
2026.268.01:18:00/wx/-0.10,557.8,18.1,5.03,347,0.70
2026.268.01:19:00/wx/-0.06,557.8,18.1,4.60,353,0.69
2026.268.01:20:00/wx/-0.18,557.8,18.1,4.23,346,0.69
2026.268.01:21:00/wx/0.00,557.8,17.9,4.41,347,0.68
2026.268.01:22:00/wx/0.00,557.8,18.6,3.90,338,0.68
2026.268.01:23:00/wx/0.10,557.8,18.4,3.53,338,0.68
2026.268.01:24:00/wx/0.00,557.8,18.6,3.30,343,0.68
2026.268.01:25:00/wx/0.38,557.9,13.9,2.90,335,0.68
2026.268.01:26:00/wx/0.82,557.9,11.1,2.44,346,0.66
2026.268.01:27:00/wx/0.93,557.8,11.3,3.07,8,0.66
2026.268.01:28:00/wx/0.50,557.9,12.4,2.73,338,0.66
2026.268.01:29:00/wx/0.65,557.9,12.8,4.11,352,0.65
2026.268.01:30:00/wx/0.98,557.9,10.8,4.49,349,0.65
2026.268.01:31:00/wx/1.07,557.9,10.3,4.03,346,0.65
2026.268.01:32:00/wx/1.06,557.9,10.4,3.87,323,0.66
2026.268.01:33:00/wx/1.20,557.9,9.6,2.83,339,0.66
2026.268.01:34:00/wx/1.20,557.9,9.4,2.53,293,0.70
2026.268.01:35:00/wx/1.30,557.9,8.8,0.85,73,0.70
2026.268.01:36:00/wx/1.30,557.9,8.6,1.56,112,0.69
2026.268.01:37:00/wx/1.27,557.9,8.2,2.33,-1,0.69
2026.268.01:38:00/wx/1.59,557.9,7.1,3.26,333,0.70
2026.268.01:39:00/wx/0.97,557.9,9.4,2.80,13,0.70
2026.268.01:40:00/wx/0.49,557.9,10.1,2.51,354,0.69
2026.268.01:41:00/wx/1.00,557.9,8.8,2.26,81,0.69
2026.268.01:42:00/wx/1.40,557.9,7.9,1.94,347,0.68
2026.268.01:43:00/wx/1.60,557.9,7.7,1.60,22,0.68
2026.268.01:44:00/wx/1.60,557.9,7.4,1.40,17,0.67
2026.268.01:45:00/wx/0.91,557.9,9.2,1.55,318,0.67
2026.268.01:46:00/wx/0.38,557.9,9.9,1.56,11,0.67
2026.268.01:47:00/wx/0.60,557.9,9.0,1.52,28,0.66
2026.268.01:48:00/wx/0.39,557.9,9.2,1.64,337,0.65
2026.268.01:49:00/wx/0.35,557.9,8.9,1.44,337,0.65
2026.268.01:50:00/wx/0.20,558.0,8.9,1.55,335,0.65
2026.268.01:51:00/wx/0.20,558.0,8.9,0.91,15,0.65
2026.268.01:52:00/wx/-0.08,558.0,9.7,0.74,330,0.66
2026.268.01:53:00/wx/-0.19,558.0,9.6,1.03,327,0.65
2026.268.01:54:00/wx/0.35,558.0,7.9,0.98,312,0.66
2026.268.01:55:00/wx/0.70,558.0,7.1,1.33,315,0.66
2026.268.01:56:00/wx/1.00,558.0,6.7,1.81,314,0.65
2026.268.01:57:00/wx/1.10,558.0,6.7,1.82,322,0.65
2026.268.01:58:00/wx/1.21,558.0,6.5,1.74,342,0.65
2026.268.01:59:00/wx/1.27,558.0,6.3,2.43,347,0.65
2026.268.02:00:00/wx/1.30,558.0,6.2,2.83,336,0.65
2026.268.02:01:00/wx/1.40,558.0,6.2,2.30,334,0.65
2026.268.02:02:00/wx/1.50,558.0,6.0,2.32,344,0.65
2026.268.02:03:00/wx/1.70,558.0,5.7,2.33,341,0.65
2026.268.02:04:00/wx/1.80,558.0,5.7,1.71,330,0.64
2026.268.02:05:00/wx/1.80,558.0,5.6,1.63,323,0.64
2026.268.02:06:00/wx/1.60,558.0,5.7,1.96,327,0.64
2026.268.02:07:00/wx/1.50,558.0,5.7,1.62,338,0.64
2026.268.02:08:00/wx/1.40,558.0,5.8,1.53,343,0.63
2026.268.02:09:00/wx/1.30,558.0,5.9,1.78,339,0.63
2026.268.02:10:00/wx/1.20,558.0,6.1,1.94,349,0.63
2026.268.02:11:00/wx/1.40,558.0,5.8,1.68,353,0.63
2026.268.02:12:00/wx/1.21,558.0,5.9,1.85,357,0.63
2026.268.02:13:00/wx/1.10,558.0,6.0,1.40,344,0.63
2026.268.02:14:00/wx/0.73,558.0,6.9,2.18,348,0.64
2026.268.02:15:00/wx/0.60,558.0,7.3,1.61,3,0.64
2026.268.02:16:00/wx/0.96,558.0,6.6,2.04,138,0.65
2026.268.02:17:00/wx/1.29,558.0,6.0,1.61,2,0.65
2026.268.02:18:00/wx/1.40,558.0,5.9,1.95,351,0.64
2026.268.02:19:00/wx/1.40,558.0,5.8,1.96,111,0.64
2026.268.02:20:00/wx/1.60,558.0,5.6,1.45,350,0.64
2026.268.02:21:00/wx/1.40,558.0,5.8,1.34,339,0.65
2026.268.02:22:00/wx/1.01,558.0,6.2,1.74,338,0.65
2026.268.02:23:00/wx/1.11,558.0,6.2,1.51,340,0.65
2026.268.02:24:00/wx/1.28,558.0,5.6,1.63,334,0.65
2026.268.02:25:00/wx/1.40,558.0,5.5,2.15,337,0.65
2026.268.02:26:00/wx/1.40,558.0,5.5,1.86,338,0.65
2026.268.02:27:00/wx/1.40,558.0,5.5,2.41,341,0.64
2026.268.02:28:00/wx/1.60,558.0,5.3,1.57,2,0.63
2026.268.02:29:00/wx/1.40,558.0,5.8,1.56,288,0.63
2026.268.02:30:00/wx/1.40,558.0,5.7,1.42,359,0.63
2026.268.02:31:00/wx/1.30,558.0,5.6,1.49,341,0.63
2026.268.02:32:00/wx/1.20,558.0,5.7,1.83,345,0.63
2026.268.02:33:00/wx/1.10,558.0,6.0,1.74,355,0.63
2026.268.02:34:00/wx/0.98,558.0,6.4,2.11,6,0.64
2026.268.02:35:00/wx/1.00,558.0,6.6,2.55,16,0.64
2026.268.02:36:00/wx/0.65,558.0,7.4,1.88,348,0.64
2026.268.02:37:00/wx/0.89,558.0,6.7,1.83,347,0.64
2026.268.02:38:00/wx/1.23,558.0,5.9,1.67,345,0.64
2026.268.02:39:00/wx/1.40,558.0,5.5,1.71,342,0.64
2026.268.02:40:00/wx/1.50,558.0,5.4,1.83,338,0.64
2026.268.02:41:00/wx/1.50,558.0,5.4,1.59,335,0.65
2026.268.02:42:00/wx/1.50,558.1,5.2,1.62,325,0.64
2026.268.02:43:00/wx/1.47,558.0,5.4,1.80,329,0.64
2026.268.02:44:00/wx/1.50,558.0,5.3,1.76,329,0.64
2026.268.02:45:00/wx/1.20,558.0,5.7,2.46,339,0.64
2026.268.02:46:00/wx/1.35,558.0,6.1,2.60,340,0.64
2026.268.02:47:00/wx/1.60,558.0,5.5,2.65,353,0.65
2026.268.02:48:00/wx/1.29,558.0,6.0,2.82,352,0.63
2026.268.02:49:00/wx/1.30,558.1,6.0,2.50,335,0.62
2026.268.02:50:00/wx/1.30,558.1,5.9,3.37,344,0.63
2026.268.02:51:00/wx/1.30,558.0,6.0,2.79,349,0.63
2026.268.02:52:00/wx/1.30,558.0,6.1,2.46,352,0.63
2026.268.02:53:00/wx/1.00,558.0,6.9,1.72,355,0.63
2026.268.02:54:00/wx/0.51,558.0,7.7,1.83,326,0.64
2026.268.02:55:00/wx/-0.02,558.0,8.9,1.93,329,0.64
2026.268.02:56:00/wx/0.32,558.0,7.6,1.69,313,0.64
2026.268.02:57:00/wx/0.20,558.0,7.1,1.83,302,0.64
2026.268.02:58:00/wx/0.54,558.0,6.5,1.58,311,0.64
2026.268.02:59:00/wx/0.61,558.0,6.3,1.60,287,0.64
2026.268.03:00:00/wx/0.29,558.0,7.0,1.39,313,0.64
2026.268.03:01:00/wx/0.16,558.0,7.0,1.78,322,0.64
2026.268.03:02:00/wx/0.50,558.0,6.5,2.33,318,0.64
2026.268.03:03:00/wx/0.90,558.0,6.1,2.24,324,0.64
2026.268.03:04:00/wx/0.82,558.0,6.6,2.04,333,0.66
2026.268.03:05:00/wx/0.08,558.0,7.7,2.80,351,0.66
2026.268.03:06:00/wx/0.20,558.0,7.9,1.82,357,0.66
2026.268.03:07:00/wx/0.40,558.0,7.5,2.03,329,0.66
2026.268.03:08:00/wx/0.35,558.0,7.7,2.03,335,0.67
2026.268.03:09:00/wx/0.69,558.0,6.6,2.13,326,0.66
2026.268.03:10:00/wx/1.00,558.0,6.1,2.06,324,0.66
2026.268.03:11:00/wx/0.54,558.0,6.9,2.90,348,0.66
2026.268.03:12:00/wx/0.80,558.0,7.0,3.44,3,0.67
2026.268.03:13:00/wx/1.17,558.0,6.3,2.52,344,0.67
2026.268.03:14:00/wx/1.20,558.0,6.1,2.51,329,0.65
2026.268.03:15:00/wx/1.10,558.0,6.2,2.83,331,0.65
2026.268.03:16:00/wx/1.30,558.0,5.9,2.79,333,0.65
2026.268.03:17:00/wx/1.30,558.0,5.9,3.12,337,0.65
2026.268.03:18:00/wx/1.26,558.0,6.0,2.92,344,0.65
2026.268.03:19:00/wx/1.20,558.0,6.2,2.63,348,0.66
2026.268.03:20:00/wx/0.76,558.0,7.0,3.16,353,0.66
2026.268.03:21:00/wx/0.70,558.0,7.3,2.86,354,0.66
2026.268.03:22:00/wx/1.00,558.0,6.9,2.33,342,0.66
2026.268.03:23:00/wx/1.14,558.0,6.4,2.19,332,0.66
2026.268.03:24:00/wx/1.20,558.0,6.2,2.12,339,0.66
2026.268.03:25:00/wx/1.20,558.0,6.2,2.14,341,0.66
2026.268.03:26:00/wx/0.90,558.0,6.7,1.94,336,0.65
2026.268.03:27:00/wx/0.90,558.0,6.6,2.68,318,0.64
2026.268.03:28:00/wx/0.94,558.0,6.6,2.26,335,0.65
2026.268.03:29:00/wx/0.80,558.0,6.7,2.32,341,0.65
2026.268.03:30:00/wx/0.81,558.0,7.1,2.40,350,0.65
2026.268.03:31:00/wx/0.52,557.9,7.5,2.38,345,0.66
2026.268.03:32:00/wx/0.51,557.9,7.8,2.43,338,0.67
2026.268.03:33:00/wx/0.70,557.9,7.2,2.19,343,0.66
2026.268.03:34:00/wx/0.70,557.9,7.3,2.62,319,0.66
2026.268.03:35:00/wx/0.83,557.9,6.9,2.44,323,0.67
2026.268.03:36:00/wx/0.90,557.9,6.8,1.62,326,0.67
2026.268.03:37:00/wx/0.70,557.9,7.1,2.38,345,0.67
2026.268.03:38:00/wx/0.70,557.9,7.1,2.22,332,0.67
2026.268.03:39:00/wx/0.80,557.9,7.0,2.10,306,0.67
2026.268.03:40:00/wx/0.80,557.9,7.1,1.79,332,0.66
2026.268.03:41:00/wx/0.60,557.9,7.3,1.54,349,0.65
2026.268.03:42:00/wx/0.59,557.9,7.4,1.15,337,0.65
2026.268.03:43:00/wx/0.05,557.9,8.5,2.32,314,0.64
2026.268.03:44:00/wx/-0.30,557.8,9.1,1.83,7,0.64
2026.268.03:45:00/wx/-0.50,557.8,9.5,1.02,344,0.64
2026.268.03:46:00/wx/-0.42,557.8,9.2,1.12,310,0.64
2026.268.03:47:00/wx/-0.29,557.8,8.5,1.33,296,0.79
2026.268.03:48:00/wx/-0.04,557.9,8.1,1.83,309,0.66
2026.268.03:49:00/wx/0.30,557.8,7.8,2.23,338,0.66
2026.268.03:50:00/wx/0.50,557.8,7.9,1.12,316,0.66
2026.268.03:51:00/wx/0.40,557.8,7.9,1.82,314,0.66
2026.268.03:52:00/wx/0.20,557.8,8.0,1.59,320,0.65
2026.268.03:53:00/wx/0.30,557.8,8.1,2.22,325,0.66
2026.268.03:54:00/wx/-0.10,557.8,8.5,1.93,318,0.65
2026.268.03:55:00/wx/-0.30,557.8,8.9,1.83,311,0.66
2026.268.03:56:00/wx/-0.21,557.8,8.8,1.39,317,0.65
2026.268.03:57:00/wx/-0.43,557.8,9.3,1.84,312,0.65
2026.268.03:58:00/wx/-0.74,557.8,9.9,1.57,296,0.64
2026.268.03:59:00/wx/-0.40,557.8,9.1,1.83,310,0.63
2026.268.04:00:00/wx/-0.44,557.7,9.1,1.69,307,0.63
2026.268.04:01:00/wx/-0.41,557.8,9.2,1.63,304,0.64
2026.268.04:02:00/wx/-0.27,557.7,9.1,1.85,297,0.63
2026.268.04:03:00/wx/-0.10,557.8,8.7,1.60,312,0.64
2026.268.04:04:00/wx/-0.20,557.7,8.6,1.84,310,0.65
2026.268.04:05:00/wx/-0.15,557.7,8.6,1.98,309,0.65
2026.268.04:06:00/wx/0.10,557.7,8.3,1.93,305,0.65
2026.268.04:07:00/wx/0.20,557.7,8.2,2.37,309,0.65
2026.268.04:08:00/wx/0.30,557.7,8.1,2.61,307,0.65
2026.268.04:09:00/wx/0.30,557.7,8.1,1.82,321,0.64
2026.268.04:10:00/wx/0.30,557.7,8.1,1.50,320,0.65
2026.268.04:11:00/wx/0.39,557.7,8.1,2.04,298,0.64
2026.268.04:12:00/wx/0.23,557.7,8.1,3.71,289,0.64
2026.268.04:13:00/wx/0.48,557.7,7.9,2.84,348,0.64
2026.268.04:14:00/wx/0.39,557.7,8.0,2.20,313,0.64
2026.268.04:15:00/wx/-0.06,557.7,8.6,2.10,308,0.64
2026.268.04:16:00/wx/0.09,557.7,8.4,2.44,317,0.64
2026.268.04:17:00/wx/0.20,557.7,8.2,2.13,299,0.65
2026.268.04:18:00/wx/0.00,557.7,8.4,2.33,339,0.67
2026.268.04:19:00/wx/0.00,557.7,8.5,2.25,332,0.66
2026.268.04:20:00/wx/-0.05,557.7,8.6,2.14,321,0.66
2026.268.04:21:00/wx/-0.30,557.7,8.9,2.06,324,0.66
2026.268.04:22:00/wx/-0.46,557.7,9.0,2.14,299,0.67
2026.268.04:23:00/wx/-0.12,557.7,8.5,2.79,318,0.67
2026.268.04:24:00/wx/-0.02,557.7,8.3,2.17,316,0.65
2026.268.04:25:00/wx/0.05,557.7,8.4,2.16,270,0.65
2026.268.04:26:00/wx/-0.60,557.7,9.0,2.73,314,0.65
2026.268.04:27:00/wx/-0.12,557.7,8.8,2.94,315,0.64
2026.268.04:28:00/wx/-0.33,557.7,8.9,1.82,330,0.65
2026.268.04:29:00/wx/0.02,557.7,8.5,1.74,330,0.65
2026.268.04:30:00/wx/0.04,557.6,8.4,1.79,309,0.64
2026.268.04:31:00/wx/-0.10,557.6,8.5,1.73,311,0.64
2026.268.04:32:00/wx/-0.42,557.6,8.8,1.90,315,0.64
2026.268.04:33:00/wx/-0.21,557.6,8.7,1.81,318,0.64
2026.268.04:34:00/wx/-0.39,557.6,8.8,1.80,316,0.63
2026.268.04:35:00/wx/-0.30,557.6,8.8,2.54,285,0.63
2026.268.04:36:00/wx/-0.50,557.6,9.0,1.93,280,0.63
2026.268.04:37:00/wx/-0.74,557.6,9.4,1.91,280,0.63
2026.268.04:38:00/wx/-0.82,557.6,9.7,2.39,288,0.62
2026.268.04:39:00/wx/-0.68,557.6,9.4,1.75,301,0.61
2026.268.04:40:00/wx/-0.50,557.6,8.9,1.75,299,0.61
2026.268.04:41:00/wx/-0.40,557.6,8.9,1.73,312,0.62
2026.268.04:42:00/wx/-0.54,557.6,9.0,2.19,288,0.61
2026.268.04:43:00/wx/-0.79,557.6,9.4,2.18,277,0.61
2026.268.04:44:00/wx/-0.69,557.6,9.4,2.60,290,0.63
2026.268.04:45:00/wx/-0.50,557.6,9.0,2.78,283,0.63
2026.268.04:46:00/wx/-0.50,557.6,9.0,3.13,295,0.63
2026.268.04:47:00/wx/-0.60,557.6,9.1,2.49,284,0.63
2026.268.04:48:00/wx/-0.90,557.6,9.9,2.23,278,0.63
2026.268.04:49:00/wx/-0.91,557.6,10.1,1.73,278,0.63
2026.268.04:50:00/wx/-1.04,557.6,10.1,2.53,282,0.62
2026.268.04:51:00/wx/-0.60,557.6,9.3,2.13,279,0.63
2026.268.04:52:00/wx/-0.54,557.6,9.4,1.88,268,0.63
2026.268.04:53:00/wx/-0.72,557.6,9.8,1.72,279,0.62
2026.268.04:54:00/wx/-0.71,557.6,9.7,1.81,274,0.62
2026.268.04:55:00/wx/-0.70,557.6,9.7,2.45,285,0.62
2026.268.04:56:00/wx/-0.60,557.6,9.6,2.80,285,0.62
2026.268.04:57:00/wx/-0.44,557.6,9.2,2.34,278,0.62
2026.268.04:58:00/wx/-0.88,557.6,9.8,1.37,261,0.61
2026.268.04:59:00/wx/-1.40,557.6,10.4,2.47,297,0.61
2026.268.05:00:00/wx/-1.40,557.6,10.4,2.13,293,0.60
2026.268.05:01:00/wx/-1.09,557.6,9.9,2.52,303,0.60
2026.268.05:02:00/wx/-0.59,557.6,8.9,2.15,297,0.61
2026.268.05:03:00/wx/-0.60,557.6,8.9,1.93,312,0.60
2026.268.05:04:00/wx/-0.60,557.6,8.9,1.97,331,0.62
2026.268.05:05:00/wx/-0.51,557.6,8.9,0.91,319,0.62
2026.268.05:06:00/wx/-0.91,557.6,9.3,1.55,310,0.62
2026.268.05:07:00/wx/-0.79,557.6,9.0,1.84,315,0.62
2026.268.05:08:00/wx/-1.00,557.6,9.0,2.12,332,0.62
2026.268.05:09:00/wx/-0.70,557.6,8.9,2.33,290,0.62
2026.268.05:10:00/wx/-0.33,557.6,8.6,2.48,350,0.62
2026.268.05:11:00/wx/0.00,557.6,8.1,1.61,327,0.63
2026.268.05:12:00/wx/0.10,557.6,7.9,1.66,349,0.62
2026.268.05:13:00/wx/-0.10,557.6,8.1,2.13,330,0.62
2026.268.05:14:00/wx/-0.40,557.6,8.5,2.13,347,0.66
2026.268.05:15:00/wx/-0.02,557.6,8.1,2.74,341,0.65
2026.268.05:16:00/wx/0.21,557.5,7.8,2.23,330,0.65
2026.268.05:17:00/wx/0.40,557.6,7.4,1.50,306,0.66
2026.268.05:18:00/wx/0.10,557.5,7.7,2.33,304,0.65
2026.268.05:19:00/wx/-0.15,557.5,8.0,2.07,320,0.65
2026.268.05:20:00/wx/-0.30,557.5,7.9,1.85,298,0.65
2026.268.05:21:00/wx/-0.50,557.5,8.0,1.78,310,0.65
2026.268.05:22:00/wx/-0.50,557.5,8.3,1.33,309,0.65
2026.268.05:23:00/wx/-0.40,557.5,8.0,2.03,313,0.65
2026.268.05:24:00/wx/-0.44,557.5,7.9,1.83,302,0.64
2026.268.05:25:00/wx/-0.40,557.5,7.8,2.13,327,0.62
2026.268.05:26:00/wx/-0.30,557.5,7.6,1.88,331,0.63
2026.268.05:27:00/wx/-0.14,557.5,7.4,1.72,316,0.62
2026.268.05:28:00/wx/-0.30,557.5,7.5,1.63,274,0.62
2026.268.05:29:00/wx/-0.20,557.5,7.1,0.74,229,0.62
2026.268.05:30:00/wx/-0.30,557.4,7.3,1.34,346,0.63
2026.268.05:31:00/wx/-0.40,557.4,7.3,0.65,358,0.63
2026.268.05:32:00/wx/-0.24,557.4,7.2,1.54,343,0.63
2026.268.05:33:00/wx/-0.10,557.4,6.8,1.63,298,0.63
2026.268.05:34:00/wx/-0.04,557.4,6.8,0.60,189,0.63
2026.268.05:35:00/wx/-0.10,557.4,6.9,1.09,285,0.62
2026.268.05:36:00/wx/-0.20,557.4,7.0,0.86,301,0.60
2026.268.05:37:00/wx/-0.09,557.4,6.9,0.78,327,0.60
2026.268.05:38:00/wx/-0.20,557.4,6.9,0.91,226,0.60
2026.268.05:39:00/wx/-0.30,557.4,7.0,0.49,308,0.59
2026.268.05:40:00/wx/-0.31,557.4,7.0,0.79,246,0.60
2026.268.05:41:00/wx/-0.40,557.4,7.0,1.02,314,0.60
2026.268.05:42:00/wx/-0.30,557.4,7.0,0.52,301,0.60
2026.268.05:43:00/wx/-0.30,557.3,7.0,0.94,257,0.60
2026.268.05:44:00/wx/-0.30,557.3,6.9,1.02,307,0.60
2026.268.05:45:00/wx/-0.40,557.3,7.1,0.74,278,0.60
2026.268.05:46:00/wx/-0.50,557.3,7.2,0.73,318,0.60
2026.268.05:47:00/wx/-0.58,557.3,7.2,0.76,287,0.59
2026.268.05:48:00/wx/-0.40,557.3,7.2,0.51,255,0.59
2026.268.05:49:00/wx/-0.50,557.3,7.1,0.53,11,0.60
2026.268.05:50:00/wx/-0.50,557.3,7.0,0.72,334,0.59
2026.268.05:51:00/wx/-0.50,557.3,7.0,0.53,321,0.60
2026.268.05:52:00/wx/-0.60,557.3,7.1,0.62,327,0.60
2026.268.05:53:00/wx/-0.60,557.3,7.1,0.93,313,0.60
2026.268.05:54:00/wx/-0.50,557.3,7.0,0.95,322,0.60
2026.268.05:55:00/wx/-0.50,557.2,7.0,0.93,316,0.60
2026.268.05:56:00/wx/-0.50,557.2,7.0,0.47,281,0.60
2026.268.05:57:00/wx/-0.60,557.2,7.1,0.64,322,0.59
2026.268.05:58:00/wx/-0.70,557.2,7.2,0.43,181,0.60
2026.268.05:59:00/wx/-0.80,557.2,7.3,1.03,276,0.60
2026.268.06:00:00/wx/-0.80,557.2,7.3,1.01,282,0.60
2026.268.06:01:00/wx/-0.78,557.2,7.2,1.11,-31,0.60
2026.268.06:02:00/wx/-0.60,557.2,7.1,1.61,29,0.60
2026.268.06:03:00/wx/-0.50,557.2,7.1,1.31,354,0.60
2026.268.06:04:00/wx/-0.54,557.2,7.2,0.53,322,0.59
2026.268.06:05:00/wx/-0.50,557.2,7.1,1.29,0,0.59
2026.268.06:06:00/wx/-0.50,557.2,7.1,0.92,5,0.59
2026.268.06:07:00/wx/-0.50,557.2,7.0,0.48,8,0.59
2026.268.06:08:00/wx/-0.50,557.2,7.1,0.70,13,0.59
2026.268.06:09:00/wx/-0.70,557.2,7.2,0.76,23,0.59
2026.268.06:10:00/wx/-0.70,557.2,7.1,0.22,251,0.59
2026.268.06:11:00/wx/-0.70,557.2,7.2,0.51,114,0.59
2026.268.06:12:00/wx/-0.80,557.2,7.2,1.60,196,0.59
2026.268.06:13:00/wx/-0.70,557.2,7.3,1.37,228,0.59
2026.268.06:14:00/wx/-0.54,557.1,7.2,2.10,212,0.59
2026.268.06:15:00/wx/-0.21,557.2,7.1,1.92,223,0.59
2026.268.06:16:00/wx/0.03,557.2,6.8,2.60,234,0.59
2026.268.06:17:00/wx/0.20,557.1,6.6,3.41,225,0.60
2026.268.06:18:00/wx/0.31,557.1,6.5,2.55,240,0.59
2026.268.06:19:00/wx/0.09,557.1,6.6,3.44,239,0.60
2026.268.06:20:00/wx/-0.10,557.1,7.0,2.33,236,0.60
2026.268.06:21:00/wx/-0.30,557.1,7.3,1.78,247,0.59
2026.268.06:22:00/wx/-0.37,557.1,7.4,0.66,259,0.59
2026.268.06:23:00/wx/-0.39,557.1,7.3,1.67,255,0.60
2026.268.06:24:00/wx/-0.44,557.1,7.1,1.97,240,0.60
2026.268.06:25:00/wx/-0.50,557.2,7.1,1.53,252,0.60
2026.268.06:26:00/wx/-0.50,557.1,7.0,1.54,246,0.60
2026.268.06:27:00/wx/-0.40,557.1,6.9,0.85,241,0.60
2026.268.06:28:00/wx/-0.40,557.1,6.9,0.85,264,0.60
2026.268.06:29:00/wx/-0.47,557.1,6.9,1.26,261,0.60
2026.268.06:30:00/wx/-0.50,557.1,6.9,0.92,241,0.60
2026.268.06:31:00/wx/-0.50,557.1,6.9,1.85,227,0.60
2026.268.06:32:00/wx/-0.69,557.1,7.0,0.99,252,0.60
2026.268.06:33:00/wx/-0.90,557.1,7.2,0.53,338,0.62
2026.268.06:34:00/wx/-1.07,557.1,7.2,0.80,333,0.64
2026.268.06:35:00/wx/-1.20,557.1,7.2,0.43,323,0.64
2026.268.06:36:00/wx/-1.20,557.0,7.2,0.72,163,0.64
2026.268.06:37:00/wx/-1.39,557.0,7.2,0.45,306,0.64
2026.268.06:38:00/wx/-1.38,557.1,7.3,0.42,266,0.60
2026.268.06:39:00/wx/-1.30,557.0,7.2,1.02,323,0.61
2026.268.06:40:00/wx/-1.09,557.0,7.0,1.53,352,0.61
2026.268.06:41:00/wx/-1.00,557.0,6.8,0.47,117,0.61
2026.268.06:42:00/wx/-0.90,557.0,6.8,1.11,323,0.60
2026.268.06:43:00/wx/-0.80,557.0,6.8,1.21,332,0.61
2026.268.06:44:00/wx/-0.70,557.0,6.7,1.47,329,0.60
2026.268.06:45:00/wx/-0.60,557.0,6.6,1.63,330,0.61
2026.268.06:46:00/wx/-0.50,557.0,6.5,1.81,347,0.61
2026.268.06:47:00/wx/-0.50,557.0,6.4,1.73,334,0.61
2026.268.06:48:00/wx/-0.40,557.0,6.4,1.95,329,0.61
2026.268.06:49:00/wx/-0.47,557.0,6.4,2.36,341,0.61
2026.268.06:50:00/wx/-0.50,557.0,6.6,1.84,1,0.61
2026.268.06:51:00/wx/-0.60,556.9,6.7,1.72,342,0.62
2026.268.06:52:00/wx/-0.80,557.0,6.9,1.93,352,0.61
2026.268.06:53:00/wx/-0.70,556.9,6.8,1.41,346,0.61
2026.268.06:54:00/wx/-0.67,556.9,6.6,1.70,334,0.61
2026.268.06:55:00/wx/-0.60,556.9,6.6,1.54,327,0.61
2026.268.06:56:00/wx/-0.50,556.9,6.5,1.36,327,0.61
2026.268.06:57:00/wx/-0.50,556.9,6.5,1.73,341,0.61
2026.268.06:58:00/wx/-0.40,556.9,6.4,1.71,325,0.61
2026.268.06:59:00/wx/-0.40,556.9,6.4,1.79,345,0.61
2026.268.07:00:00/wx/-0.51,556.9,6.5,1.70,19,0.62
2026.268.07:01:00/wx/-0.64,556.9,6.7,1.64,338,0.62
2026.268.07:02:00/wx/-0.60,556.9,6.5,1.25,342,0.62
2026.268.07:03:00/wx/-0.69,556.9,6.6,1.69,304,0.61
2026.268.07:04:00/wx/-0.70,556.8,6.5,1.83,328,0.61
2026.268.07:05:00/wx/-0.59,556.8,6.4,1.73,334,0.62
2026.268.07:06:00/wx/-0.50,556.8,6.3,1.77,327,0.62
2026.268.07:07:00/wx/-0.50,556.9,6.2,1.92,320,0.62
2026.268.07:08:00/wx/-0.48,556.8,6.3,2.38,340,0.62
2026.268.07:09:00/wx/-0.40,556.9,6.2,2.50,329,0.62
2026.268.07:10:00/wx/-0.30,556.8,6.1,2.12,331,0.63
2026.268.07:11:00/wx/-0.34,556.8,6.1,2.20,315,0.62
2026.268.07:12:00/wx/-0.30,556.8,6.0,2.51,318,0.62
2026.268.07:13:00/wx/-0.30,556.8,6.0,2.40,324,0.62
2026.268.07:14:00/wx/-0.30,556.8,6.0,2.08,313,0.62
2026.268.07:15:00/wx/-0.40,556.8,6.0,2.02,299,0.62
2026.268.07:16:00/wx/-0.56,556.8,6.2,1.96,308,0.62
2026.268.07:17:00/wx/-0.70,556.8,6.4,2.33,303,0.62
2026.268.07:18:00/wx/-0.77,556.8,6.4,1.30,272,0.62
2026.268.07:19:00/wx/-0.88,556.9,6.5,1.54,277,0.63
2026.268.07:20:00/wx/-1.00,556.8,6.6,1.32,282,0.62
2026.268.07:21:00/wx/-1.20,556.8,6.9,1.13,287,0.63
2026.268.07:22:00/wx/-1.10,556.8,6.7,1.03,277,0.62
2026.268.07:23:00/wx/-0.90,556.8,6.4,1.43,300,0.63
2026.268.07:24:00/wx/-0.81,556.8,6.2,1.02,290,0.64
2026.268.07:25:00/wx/-0.79,556.9,6.1,1.69,297,0.62
2026.268.07:26:00/wx/-0.85,556.8,6.2,1.53,268,0.64
2026.268.07:27:00/wx/-0.90,556.9,6.3,0.93,305,0.63
2026.268.07:28:00/wx/-0.80,556.9,6.1,0.96,258,0.63
2026.268.07:29:00/wx/-0.80,556.9,6.1,1.01,304,0.63
2026.268.07:30:00/wx/-0.81,556.8,6.1,0.76,308,0.62
2026.268.07:31:00/wx/-1.00,556.8,6.3,1.42,297,0.63
2026.268.07:32:00/wx/-0.90,556.9,6.2,1.33,305,0.64
2026.268.07:33:00/wx/-0.90,556.8,6.1,1.42,310,0.62
2026.268.07:34:00/wx/-0.80,556.8,6.0,1.55,324,0.62
2026.268.07:35:00/wx/-0.78,556.8,6.0,1.31,296,0.63
2026.268.07:36:00/wx/-0.63,556.8,5.8,1.35,293,0.63
2026.268.07:37:00/wx/-0.70,556.8,5.9,1.73,291,0.63
2026.268.07:38:00/wx/-0.90,556.8,6.2,1.63,313,0.63
2026.268.07:39:00/wx/-1.27,556.8,6.6,1.47,318,0.63
2026.268.07:40:00/wx/-1.60,556.8,7.0,1.47,331,0.63
2026.268.07:41:00/wx/-1.53,556.8,6.9,1.44,331,0.62
2026.268.07:42:00/wx/-1.40,556.8,6.7,1.71,347,0.62
2026.268.07:43:00/wx/-1.30,556.8,6.5,1.59,330,0.62
2026.268.07:44:00/wx/-1.40,556.8,6.6,1.33,335,0.65
2026.268.07:45:00/wx/-1.61,556.8,6.9,1.45,331,0.63
2026.268.07:46:00/wx/-1.60,556.8,7.0,1.48,316,0.64
2026.268.07:47:00/wx/-1.60,556.7,7.0,1.84,347,0.64
2026.268.07:48:00/wx/-1.40,556.8,6.8,1.54,320,0.65
2026.268.07:49:00/wx/-1.30,556.7,6.5,1.23,316,0.64
2026.268.07:50:00/wx/-0.90,556.8,6.1,1.47,340,0.65
2026.268.07:51:00/wx/-0.80,556.8,5.8,1.19,342,0.65
2026.268.07:52:00/wx/-0.70,556.7,5.8,0.45,36,0.66
2026.268.07:53:00/wx/-0.70,556.7,5.8,0.88,161,0.66
2026.268.07:54:00/wx/-0.80,556.8,5.9,0.42,327,0.67
2026.268.07:55:00/wx/-0.90,556.7,5.9,0.43,290,0.67
2026.268.07:56:00/wx/-1.08,556.7,6.2,0.91,321,0.68
2026.268.07:57:00/wx/-1.10,556.8,6.1,0.66,339,0.67
2026.268.07:58:00/wx/-1.00,556.7,6.0,1.77,325,0.65
2026.268.07:59:00/wx/-0.90,556.7,5.9,1.74,347,0.64
2026.268.08:00:00/wx/-0.80,556.7,5.8,2.30,349,0.65
2026.268.08:01:00/wx/-0.60,556.7,5.7,1.31,346,0.65
2026.268.08:02:00/wx/-0.59,556.7,5.7,1.95,332,0.67
2026.268.08:03:00/wx/-0.60,556.7,5.7,1.98,332,0.65
2026.268.08:04:00/wx/-0.50,556.7,5.7,2.13,358,0.67
2026.268.08:05:00/wx/-0.50,556.7,5.7,1.68,340,0.65
2026.268.08:06:00/wx/-0.60,556.7,5.8,1.61,335,0.65
2026.268.08:07:00/wx/-0.91,556.7,6.0,1.33,325,0.66
2026.268.08:08:00/wx/-0.95,556.7,6.2,1.05,-38,0.66
2026.268.08:09:00/wx/-1.10,556.7,6.2,1.33,331,0.65
2026.268.08:10:00/wx/-1.00,556.7,6.2,1.20,338,0.66
2026.268.08:11:00/wx/-1.10,556.7,6.2,1.62,329,0.67
2026.268.08:12:00/wx/-1.00,556.6,6.2,1.66,339,0.67
2026.268.08:13:00/wx/-1.47,556.6,6.6,1.72,338,0.66
2026.268.08:14:00/wx/-1.40,556.7,6.6,1.14,334,0.65
2026.268.08:15:00/wx/-1.46,556.7,6.6,0.92,140,0.67
2026.268.08:16:00/wx/-1.20,556.6,6.3,1.34,343,0.67
2026.268.08:17:00/wx/-1.27,556.6,6.5,1.49,220,0.66
2026.268.08:18:00/wx/-1.10,556.7,6.4,0.77,228,0.66
2026.268.08:19:00/wx/-1.30,556.6,6.7,0.75,338,0.64
2026.268.08:20:00/wx/-1.40,556.6,6.5,0.21,196,0.68
2026.268.08:21:00/wx/-1.50,556.6,6.6,0.56,322,0.67
2026.268.08:22:00/wx/-1.57,556.7,6.6,0.69,50,0.66
2026.268.08:23:00/wx/-1.50,556.6,6.6,0.69,27,0.67
2026.268.08:24:00/wx/-1.40,556.6,6.5,0.91,12,0.67
2026.268.08:25:00/wx/-1.20,556.7,6.3,1.77,197,0.67
2026.268.08:26:00/wx/-1.30,556.7,6.5,0.89,-4,0.67
2026.268.08:27:00/wx/-1.40,556.7,6.7,1.74,345,0.67
2026.268.08:28:00/wx/-1.50,556.7,6.8,1.02,344,0.68
2026.268.08:29:00/wx/-1.81,556.7,7.1,0.91,338,0.68
2026.268.08:30:00/wx/-1.80,556.7,7.1,0.72,278,0.66
2026.268.08:31:00/wx/-1.90,556.7,7.2,0.33,315,0.66
2026.268.08:32:00/wx/-1.93,556.7,7.2,0.35,223,0.68
2026.268.08:33:00/wx/-1.90,556.7,7.1,1.19,323,0.68
2026.268.08:34:00/wx/-1.60,556.8,6.8,0.83,343,0.68
2026.268.08:35:00/wx/-1.60,556.8,6.8,1.63,348,0.69
2026.268.08:36:00/wx/-1.50,556.8,6.8,1.33,318,0.67
2026.268.08:37:00/wx/-1.70,556.8,7.0,0.66,337,0.67
2026.268.08:38:00/wx/-1.70,556.8,7.1,0.70,54,0.66
2026.268.08:39:00/wx/-1.60,556.8,6.9,1.00,344,0.67
2026.268.08:40:00/wx/-1.56,556.8,6.8,0.40,333,0.67
2026.268.08:41:00/wx/-1.60,556.8,6.8,0.53,327,0.67
2026.268.08:42:00/wx/-1.50,556.8,6.7,0.56,302,0.66
2026.268.08:43:00/wx/-1.60,556.8,6.7,0.76,350,0.68
2026.268.08:44:00/wx/-1.71,556.8,6.8,0.44,315,0.69
2026.268.08:45:00/wx/-1.80,556.8,6.8,0.34,204,0.68
2026.268.08:46:00/wx/-1.80,556.8,6.9,1.10,14,0.67
2026.268.08:47:00/wx/-1.70,556.8,6.7,0.75,34,0.67
2026.268.08:48:00/wx/-1.70,556.8,6.7,0.21,308,0.68
2026.268.08:49:00/wx/-1.80,556.8,6.8,0.65,345,0.67
2026.268.08:50:00/wx/-1.70,556.8,6.8,0.31,57,0.67
2026.268.08:51:00/wx/-1.70,556.8,6.7,0.93,350,0.67
2026.268.08:52:00/wx/-1.70,556.8,6.7,0.67,351,0.66
2026.268.08:53:00/wx/-1.70,556.8,6.6,0.38,316,0.68
2026.268.08:54:00/wx/-1.72,556.8,6.7,0.61,204,0.69
2026.268.08:55:00/wx/-1.70,556.8,6.6,0.80,112,0.68
2026.268.08:56:00/wx/-1.60,556.8,6.7,0.23,34,0.67
2026.268.08:57:00/wx/-1.70,556.8,6.8,1.00,353,0.69
2026.268.08:58:00/wx/-1.70,556.8,6.7,0.82,288,0.67
2026.268.08:59:00/wx/-1.80,556.8,6.7,0.57,311,0.66
2026.268.09:00:00/wx/-1.80,556.8,6.8,0.24,124,0.67
2026.268.09:01:00/wx/-2.00,556.8,7.0,1.10,361,0.67
2026.268.09:02:00/wx/-1.80,556.8,6.8,1.26,22,0.65
2026.268.09:03:00/wx/-1.60,556.8,6.7,1.32,12,0.66
2026.268.09:04:00/wx/-1.70,556.8,6.7,0.83,19,0.67
2026.268.09:05:00/wx/-1.62,556.8,6.8,0.48,284,0.68
2026.268.09:06:00/wx/-1.70,556.8,6.9,0.44,209,0.69
2026.268.09:07:00/wx/-1.80,556.8,6.9,0.64,213,0.68
2026.268.09:08:00/wx/-1.80,556.8,7.0,1.12,328,0.68
2026.268.09:09:00/wx/-1.80,556.8,7.0,0.43,316,0.68
2026.268.09:10:00/wx/-1.90,556.8,7.4,0.44,274,0.66
2026.268.09:11:00/wx/-1.90,556.8,7.5,0.82,244,0.67
2026.268.09:12:00/wx/-1.90,556.8,7.6,1.27,261,0.67
2026.268.09:13:00/wx/-1.90,556.8,7.5,0.94,230,0.67
2026.268.09:14:00/wx/-2.00,556.8,7.6,0.93,253,0.70
2026.268.09:15:00/wx/-2.00,556.8,7.5,0.30,297,0.71
2026.268.09:16:00/wx/-1.90,556.8,7.3,0.63,318,0.69
2026.268.09:17:00/wx/-1.90,556.8,7.2,0.51,305,0.72
2026.268.09:18:00/wx/-1.80,556.8,7.2,0.73,319,0.69
2026.268.09:19:00/wx/-1.70,556.8,7.2,1.26,348,0.68
2026.268.09:20:00/wx/-1.60,556.8,7.0,1.06,74,0.68
2026.268.09:21:00/wx/-1.50,556.9,6.9,1.03,340,0.68
2026.268.09:22:00/wx/-1.50,556.8,6.9,0.47,148,0.67
2026.268.09:23:00/wx/-1.40,556.9,6.8,1.30,38,0.68
2026.268.09:24:00/wx/-1.30,556.8,6.7,0.70,12,0.69
2026.268.09:25:00/wx/-1.59,556.8,6.8,0.88,298,0.69
2026.268.09:26:00/wx/-1.70,556.9,6.9,0.48,57,0.69
2026.268.09:27:00/wx/-1.80,556.9,7.0,0.31,224,0.69
2026.268.09:28:00/wx/-1.80,556.9,7.0,0.73,288,0.68
2026.268.09:29:00/wx/-1.70,556.9,7.2,1.40,214,0.69
2026.268.09:30:00/wx/-1.70,556.9,7.4,1.27,215,0.69
2026.268.09:31:00/wx/-1.50,556.9,7.4,1.62,211,0.68
2026.268.09:32:00/wx/-1.50,556.9,7.4,1.32,212,0.69
2026.268.09:33:00/wx/-1.40,556.9,7.3,2.62,210,0.69
2026.268.09:34:00/wx/-1.40,556.9,7.4,2.92,213,0.68
2026.268.09:35:00/wx/-1.40,556.9,7.3,1.82,210,0.68
2026.268.09:36:00/wx/-1.39,556.9,7.3,2.12,204,0.69
2026.268.09:37:00/wx/-1.10,557.0,6.9,2.90,213,0.68
2026.268.09:38:00/wx/-0.90,557.0,6.7,3.02,208,0.65
2026.268.09:39:00/wx/-0.90,557.0,6.8,2.44,197,0.66
2026.268.09:40:00/wx/-1.09,557.0,7.0,2.05,204,0.67
2026.268.09:41:00/wx/-1.10,557.0,7.1,2.34,207,0.66
2026.268.09:42:00/wx/-0.90,557.0,6.7,2.53,204,0.67
2026.268.09:43:00/wx/-1.00,557.0,6.7,2.60,205,0.67
2026.268.09:44:00/wx/-1.00,557.0,6.7,2.45,207,0.67
2026.268.09:45:00/wx/-1.10,557.0,6.8,2.40,207,0.67
2026.268.09:46:00/wx/-1.10,557.0,6.7,2.45,211,0.67
2026.268.09:47:00/wx/-1.27,557.0,6.9,1.95,203,0.68
2026.268.09:48:00/wx/-1.20,557.0,6.9,1.93,207,0.67
2026.268.09:49:00/wx/-1.30,557.0,7.0,2.45,192,0.68
2026.268.09:50:00/wx/-1.30,557.1,7.0,2.34,192,0.68
2026.268.09:51:00/wx/-1.40,557.1,7.0,1.98,201,0.68
2026.268.09:52:00/wx/-1.50,557.1,7.2,2.17,200,0.67
2026.268.09:53:00/wx/-1.50,557.1,7.1,2.43,202,0.67
2026.268.09:54:00/wx/-1.40,557.1,7.0,2.67,200,0.68
2026.268.09:55:00/wx/-1.40,557.1,6.8,2.01,207,0.67
2026.268.09:56:00/wx/-1.40,557.1,7.0,2.61,201,0.67
2026.268.09:57:00/wx/-1.40,557.1,6.8,2.10,198,0.67
2026.268.09:58:00/wx/-1.30,557.1,6.8,2.52,207,0.65
2026.268.09:59:00/wx/-1.30,557.1,6.8,2.36,199,0.66
2026.268.10:00:00/wx/-1.30,557.1,6.7,2.49,194,0.65
2026.268.10:01:00/wx/-1.30,557.1,6.7,2.66,195,0.66
2026.268.10:02:00/wx/-1.28,557.1,6.7,2.69,201,0.65
2026.268.10:03:00/wx/-1.29,557.1,6.7,2.94,198,0.65
2026.268.10:04:00/wx/-1.19,557.2,6.6,2.54,200,0.90
2026.268.10:05:00/wx/-1.30,557.1,6.8,2.92,192,0.67
2026.268.10:06:00/wx/-1.40,557.2,6.9,2.72,200,0.67
2026.268.10:07:00/wx/-1.32,557.2,6.9,2.65,199,0.66
2026.268.10:08:00/wx/-1.30,557.2,6.8,2.32,191,0.67
2026.268.10:09:00/wx/-1.30,557.2,6.8,2.48,191,0.68
2026.268.10:10:00/wx/-1.40,557.2,6.9,2.52,199,0.68
2026.268.10:11:00/wx/-1.40,557.2,6.9,2.22,189,0.67
2026.268.10:12:00/wx/-1.40,557.2,6.9,1.78,187,0.67
2026.268.10:13:00/wx/-1.49,557.2,7.0,2.37,194,0.68
2026.268.10:14:00/wx/-1.46,557.2,6.9,1.66,192,0.67
2026.268.10:15:00/wx/-1.50,557.2,6.9,1.72,183,0.67
2026.268.10:16:00/wx/-1.53,557.2,7.0,1.30,188,0.67
2026.268.10:17:00/wx/-1.60,557.3,7.1,2.08,187,0.67
2026.268.10:18:00/wx/-1.61,557.3,7.2,2.48,189,0.66
2026.268.10:19:00/wx/-1.86,557.3,7.4,1.91,190,0.65
2026.268.10:20:00/wx/-2.00,557.3,7.6,2.92,179,0.65
2026.268.10:21:00/wx/-2.00,557.3,7.7,3.10,188,0.65
2026.268.10:22:00/wx/-2.28,557.3,7.9,2.46,188,0.65
2026.268.10:23:00/wx/-2.50,557.3,8.4,2.82,187,0.66
2026.268.10:24:00/wx/-2.60,557.3,8.6,2.68,188,0.67
2026.268.10:25:00/wx/-2.60,557.3,8.6,2.52,192,0.67
2026.268.10:26:00/wx/-2.35,557.3,8.3,3.22,194,0.67
2026.268.10:27:00/wx/-2.41,557.3,8.2,2.92,193,0.67
2026.268.10:28:00/wx/-2.30,557.3,8.2,2.87,192,0.66
2026.268.10:29:00/wx/-2.23,557.4,8.1,3.00,190,0.66
2026.268.10:30:00/wx/-2.20,557.4,8.0,3.12,192,0.66
2026.268.10:31:00/wx/-2.10,557.3,7.9,3.40,193,0.66
2026.268.10:32:00/wx/-2.10,557.4,7.8,3.32,193,0.66
2026.268.10:33:00/wx/-2.00,557.4,7.7,3.47,193,0.66
2026.268.10:34:00/wx/-1.90,557.4,7.5,4.02,189,0.66
2026.268.10:35:00/wx/-1.90,557.4,7.5,3.71,191,0.66
2026.268.10:36:00/wx/-1.80,557.4,7.4,3.76,189,0.66
2026.268.10:37:00/wx/-1.70,557.4,7.2,4.09,189,0.65
2026.268.10:38:00/wx/-1.78,557.4,7.4,3.99,187,0.63
2026.268.10:39:00/wx/-1.60,557.4,7.3,4.00,192,0.63
2026.268.10:40:00/wx/-1.50,557.4,6.9,3.66,190,0.62
2026.268.10:41:00/wx/-1.40,557.4,6.5,3.16,192,0.63
2026.268.10:42:00/wx/-1.20,557.4,6.4,3.51,190,0.63
2026.268.10:43:00/wx/-1.30,557.4,6.4,3.16,190,0.63
2026.268.10:44:00/wx/-1.32,557.4,6.7,2.90,189,0.66
2026.268.10:45:00/wx/-1.30,557.4,6.7,3.41,188,0.65
2026.268.10:46:00/wx/-1.24,557.4,6.6,3.21,186,0.68
2026.268.10:47:00/wx/-1.10,557.4,6.6,2.93,188,0.69
2026.268.10:48:00/wx/-1.00,557.4,6.5,3.28,189,0.69
2026.268.10:49:00/wx/-1.00,557.4,6.6,3.02,188,0.69
2026.268.10:50:00/wx/-0.80,557.4,6.6,3.30,189,0.69
2026.268.10:51:00/wx/-0.80,557.4,6.7,3.20,193,0.69
2026.268.10:52:00/wx/-0.70,557.4,6.6,3.30,199,0.69
2026.268.10:53:00/wx/-0.60,557.5,6.6,3.25,192,0.69
2026.268.10:54:00/wx/-0.60,557.5,6.7,3.45,189,0.70
2026.268.10:55:00/wx/-0.60,557.5,6.8,3.09,189,0.69
2026.268.10:56:00/wx/-0.56,557.5,7.0,3.01,190,0.69
2026.268.10:57:00/wx/-0.50,557.5,7.1,3.11,191,0.70
2026.268.10:58:00/wx/-0.40,557.5,7.3,3.26,194,0.70
2026.268.10:59:00/wx/-0.40,557.5,7.5,3.03,192,0.70
2026.268.11:00:00/wx/-0.40,557.5,7.6,2.65,197,0.70
2026.268.11:01:00/wx/-0.40,557.5,7.6,2.95,190,0.70
2026.268.11:02:00/wx/-0.40,557.5,7.7,3.42,185,0.70
2026.268.11:03:00/wx/-0.30,557.5,7.7,3.38,190,0.71
2026.268.11:04:00/wx/-0.20,557.5,7.7,3.06,199,0.70
2026.268.11:05:00/wx/-0.20,557.5,7.9,3.51,189,0.71
2026.268.11:06:00/wx/-0.30,557.5,8.1,3.38,193,0.71
2026.268.11:07:00/wx/-0.20,557.5,8.2,3.22,192,0.71
2026.268.11:08:00/wx/-0.10,557.5,8.2,2.93,191,0.71
2026.268.11:09:00/wx/-0.10,557.5,8.4,2.60,192,0.71
2026.268.11:10:00/wx/-0.20,557.5,8.5,2.97,196,0.71
2026.268.11:11:00/wx/-0.20,557.5,8.7,2.37,192,0.70
2026.268.11:12:00/wx/-0.30,557.5,8.8,2.70,190,0.70
2026.268.11:13:00/wx/-0.40,557.6,9.0,2.80,197,0.70
2026.268.11:14:00/wx/-0.30,557.6,8.9,2.53,187,0.70
2026.268.11:15:00/wx/-0.23,557.6,9.0,2.45,188,0.70
2026.268.11:16:00/wx/-0.20,557.6,9.0,2.46,187,0.69
2026.268.11:17:00/wx/-0.20,557.6,9.1,2.54,189,0.70
2026.268.11:18:00/wx/0.00,557.6,8.9,2.55,191,0.68
2026.268.11:19:00/wx/0.10,557.6,8.9,2.32,188,0.69
2026.268.11:20:00/wx/0.20,557.6,8.9,2.03,181,0.69
2026.268.11:21:00/wx/0.38,557.6,8.5,2.30,188,0.68
2026.268.11:22:00/wx/0.30,557.6,8.7,2.27,195,0.69
2026.268.11:23:00/wx/0.30,557.6,8.8,2.40,193,0.69
2026.268.11:24:00/wx/0.30,557.6,8.8,1.82,191,0.70
2026.268.11:25:00/wx/0.20,557.6,9.0,1.67,184,0.69
2026.268.11:26:00/wx/0.20,557.6,9.0,1.62,175,0.69
2026.268.11:27:00/wx/0.20,557.6,9.7,1.62,170,0.69
2026.268.11:28:00/wx/0.20,557.6,9.4,1.48,161,0.68
2026.268.11:29:00/wx/0.30,557.6,9.2,1.61,140,0.69
2026.268.11:30:00/wx/0.60,557.6,9.2,1.48,137,0.69
2026.268.11:31:00/wx/0.80,557.7,9.1,1.20,128,0.69
2026.268.11:32:00/wx/1.00,557.7,9.3,1.03,89,0.68
2026.268.11:33:00/wx/1.10,557.7,9.6,1.19,134,0.69
2026.268.11:34:00/wx/1.30,557.7,9.4,0.91,123,0.69
2026.268.11:35:00/wx/1.65,557.7,8.9,1.31,106,0.69
2026.268.11:36:00/wx/1.70,557.7,7.9,1.13,110,0.69
2026.268.11:37:00/wx/2.00,557.7,8.5,0.74,141,0.69
2026.268.11:38:00/wx/2.36,557.7,8.5,0.61,124,0.69
2026.268.11:39:00/wx/2.50,557.7,8.0,0.42,138,0.69
2026.268.11:40:00/wx/2.36,557.7,8.0,1.22,165,0.69
2026.268.11:41:00/wx/2.20,557.7,8.1,0.46,162,0.69
2026.268.11:42:00/wx/2.38,557.7,8.5,0.96,148,0.69
2026.268.11:43:00/wx/2.10,557.7,8.0,1.31,151,0.69
2026.268.11:44:00/wx/2.10,557.7,8.6,0.99,142,0.69
2026.268.11:45:00/wx/2.40,557.8,8.7,0.86,129,0.70
2026.268.11:46:00/wx/2.70,557.8,9.8,0.61,97,0.70
2026.268.11:47:00/wx/3.00,557.8,8.3,1.00,130,0.70
2026.268.11:48:00/wx/3.00,557.8,7.9,1.21,142,0.70
2026.268.11:49:00/wx/3.10,557.8,7.7,0.93,143,0.70
2026.268.11:50:00/wx/3.35,557.8,7.8,0.78,85,0.70
2026.268.11:51:00/wx/3.40,557.8,8.0,0.51,83,0.70
2026.268.11:52:00/wx/3.06,557.8,7.9,1.07,63,0.71
2026.268.11:53:00/wx/2.71,557.8,7.6,1.01,59,0.71
2026.268.11:54:00/wx/2.60,557.8,7.4,1.19,75,0.72
2026.268.11:55:00/wx/2.60,557.8,7.2,0.94,63,0.71
2026.268.11:56:00/wx/2.80,557.8,7.3,0.61,73,0.71
2026.268.11:57:00/wx/2.90,557.8,6.8,0.91,54,0.71
2026.268.11:58:00/wx/2.90,557.9,6.6,0.92,69,0.70
2026.268.11:59:00/wx/3.01,557.9,6.6,0.69,74,0.71
2026.268.12:00:00/wx/3.27,557.9,6.7,0.61,55,0.71
2026.268.12:01:00/wx/3.40,557.9,6.3,0.52,55,0.71
2026.268.12:02:00/wx/3.60,557.9,6.4,1.01,65,0.71
2026.268.12:03:00/wx/3.50,557.9,6.4,0.64,86,0.71
2026.268.12:04:00/wx/3.50,557.9,6.3,1.09,75,0.71
2026.268.12:05:00/wx/3.40,557.9,6.4,1.13,64,0.72
2026.268.12:06:00/wx/3.30,557.9,6.4,1.21,62,0.72
2026.268.12:07:00/wx/3.20,557.9,6.5,1.06,57,0.72
2026.268.12:08:00/wx/3.20,557.9,6.6,1.11,61,0.72
2026.268.12:09:00/wx/3.20,557.9,6.7,1.00,70,0.72
2026.268.12:10:00/wx/3.20,557.9,7.2,1.19,64,0.72
2026.268.12:11:00/wx/3.10,557.9,7.5,1.01,63,0.72
2026.268.12:12:00/wx/2.95,557.9,10.0,1.42,61,0.73
2026.268.12:13:00/wx/2.80,558.0,9.3,1.11,69,0.73
2026.268.12:14:00/wx/3.00,557.9,8.0,0.81,50,0.73
2026.268.12:15:00/wx/3.18,557.9,7.4,0.62,54,0.72
2026.268.12:16:00/wx/3.30,558.0,7.0,0.70,45,0.73
2026.268.12:17:00/wx/3.30,558.0,7.1,0.80,43,0.72
2026.268.12:18:00/wx/3.30,558.0,7.1,0.80,48,0.72
2026.268.12:19:00/wx/3.40,558.0,6.9,0.94,54,0.71
2026.268.12:20:00/wx/3.40,558.0,6.7,1.23,55,0.72
2026.268.12:21:00/wx/3.30,558.0,6.8,1.30,49,0.72
2026.268.12:22:00/wx/3.30,557.9,7.0,1.10,56,0.72
2026.268.12:23:00/wx/3.30,558.0,7.1,1.00,46,0.72
2026.268.12:24:00/wx/3.30,558.0,7.5,0.90,44,0.72
2026.268.12:25:00/wx/3.30,558.0,7.5,0.90,51,0.72
2026.268.12:26:00/wx/3.30,558.0,7.4,0.90,46,0.73
2026.268.12:27:00/wx/3.30,558.0,7.2,1.11,43,0.73
2026.268.12:28:00/wx/3.30,558.0,7.1,1.21,52,0.73
2026.268.12:29:00/wx/3.34,558.0,7.1,0.43,148,0.73
2026.268.12:30:00/wx/3.70,558.1,6.9,0.90,33,0.72
2026.268.12:31:00/wx/3.50,558.1,7.1,1.30,60,0.72
2026.268.12:32:00/wx/3.50,558.1,7.1,1.13,31,0.73
2026.268.12:33:00/wx/3.40,558.1,8.3,1.30,32,0.72
2026.268.12:34:00/wx/3.14,558.1,9.0,0.98,36,0.72
2026.268.12:35:00/wx/3.10,558.1,8.1,1.30,49,0.72
2026.268.12:36:00/wx/3.10,558.1,7.7,1.23,43,0.72
2026.268.12:37:00/wx/3.20,558.1,7.6,0.97,43,0.72
2026.268.12:38:00/wx/3.00,558.1,9.4,1.19,9,0.71
2026.268.12:39:00/wx/2.83,558.1,9.4,1.01,34,0.72
2026.268.12:40:00/wx/3.00,558.1,8.4,1.21,31,0.71
2026.268.12:41:00/wx/2.90,558.1,8.0,1.28,37,0.71
2026.268.12:42:00/wx/2.80,558.1,10.9,1.04,48,0.71
2026.268.12:43:00/wx/3.01,558.1,9.6,0.81,48,0.71
2026.268.12:44:00/wx/3.30,558.1,7.5,1.00,39,0.71
2026.268.12:45:00/wx/3.40,558.1,7.4,1.01,39,0.72
2026.268.12:46:00/wx/3.50,558.1,7.3,1.01,30,0.72
2026.268.12:47:00/wx/3.60,558.1,7.0,0.80,38,0.71
2026.268.12:48:00/wx/3.70,558.1,7.4,0.83,40,0.71
2026.268.12:49:00/wx/3.44,558.1,11.5,0.75,46,0.71
2026.268.12:50:00/wx/3.40,558.1,12.1,0.70,68,0.71
2026.268.12:51:00/wx/3.54,558.1,11.1,0.63,62,0.71
2026.268.12:52:00/wx/3.77,558.1,11.5,0.45,59,0.71
2026.268.12:53:00/wx/4.32,558.2,9.4,0.40,49,0.71
2026.268.12:54:00/wx/4.71,558.1,6.8,0.80,12,0.70
2026.268.12:55:00/wx/4.70,558.1,6.3,0.50,15,0.71
2026.268.12:56:00/wx/4.73,558.2,6.0,0.67,342,0.71
2026.268.12:57:00/wx/4.89,558.1,6.1,0.55,329,0.71
2026.268.12:58:00/wx/4.80,558.2,6.5,0.72,315,0.70
2026.268.12:59:00/wx/4.60,558.2,6.2,0.95,328,0.70
2026.268.13:00:00/wx/4.60,558.2,6.5,0.74,2,0.70
2026.268.13:01:00/wx/4.64,558.2,6.0,0.83,339,0.71
2026.268.13:02:00/wx/4.80,558.2,6.0,0.63,335,0.71
2026.268.13:03:00/wx/4.80,558.2,6.1,0.86,338,0.71
2026.268.13:04:00/wx/4.80,558.2,5.9,0.83,338,0.72
2026.268.13:05:00/wx/4.80,558.2,6.0,0.83,337,0.72
2026.268.13:06:00/wx/4.35,558.2,6.8,0.98,320,0.72
2026.268.13:07:00/wx/3.92,558.2,7.6,1.53,332,0.73
2026.268.13:08:00/wx/3.80,558.2,6.6,1.34,353,0.73
2026.268.13:09:00/wx/3.70,558.2,6.8,1.41,353,0.72
2026.268.13:10:00/wx/3.60,558.2,7.3,1.44,355,0.72
2026.268.13:11:00/wx/3.60,558.2,6.8,1.59,12,0.72
2026.268.13:12:00/wx/3.50,558.2,6.7,1.16,8,0.73
2026.268.13:13:00/wx/3.80,558.2,6.8,1.17,16,0.73
2026.268.13:14:00/wx/3.72,558.2,7.4,1.62,12,0.73
2026.268.13:15:00/wx/3.60,558.2,7.6,1.90,20,0.73
2026.268.13:16:00/wx/3.60,558.3,7.8,1.16,23,0.73
2026.268.13:17:00/wx/3.89,558.3,9.7,0.41,67,0.74
2026.268.13:18:00/wx/4.37,558.3,8.3,0.96,28,0.70
2026.268.13:19:00/wx/4.20,558.3,8.5,1.06,9,0.74
2026.268.13:20:00/wx/4.42,558.3,6.8,0.57,55,0.74
2026.268.13:21:00/wx/4.90,558.3,6.5,0.52,211,0.75
2026.268.13:22:00/wx/5.00,558.3,6.0,0.73,358,0.75
2026.268.13:23:00/wx/4.79,558.3,6.5,1.17,343,0.75
2026.268.13:24:00/wx/4.70,558.3,8.4,0.60,30,0.76
2026.268.13:25:00/wx/4.70,558.3,7.2,0.89,327,0.76
2026.268.13:26:00/wx/5.00,558.3,6.7,0.60,334,0.77
2026.268.13:27:00/wx/5.40,558.4,6.7,0.40,320,0.77
2026.268.13:28:00/wx/5.96,558.4,6.7,0.89,327,0.79
2026.268.13:29:00/wx/5.62,558.4,8.2,0.91,318,0.78
2026.268.13:30:00/wx/5.19,558.4,7.2,1.05,319,0.79
2026.268.13:31:00/wx/4.63,558.4,10.1,1.03,333,0.79
2026.268.13:32:00/wx/4.50,558.4,17.3,0.93,335,0.79
2026.268.13:33:00/wx/4.75,558.4,9.2,0.72,334,0.79
2026.268.13:34:00/wx/4.71,558.4,10.4,1.12,330,0.78
2026.268.13:35:00/wx/4.40,558.4,8.8,1.00,314,0.78
2026.268.13:36:00/wx/4.30,558.4,8.1,1.07,313,0.78
2026.268.13:37:00/wx/4.20,558.4,8.3,1.53,317,0.78
2026.268.13:38:00/wx/4.20,558.4,10.9,1.08,312,0.79
2026.268.13:39:00/wx/4.30,558.4,12.6,0.73,315,0.78
2026.268.13:40:00/wx/4.40,558.5,10.9,1.05,312,0.79
2026.268.13:41:00/wx/4.40,558.4,13.2,1.07,311,0.80
2026.268.13:42:00/wx/4.40,558.4,17.4,0.96,352,0.80
2026.268.13:43:00/wx/4.10,558.4,18.3,1.57,346,0.80
2026.268.13:44:00/wx/3.90,558.5,14.6,1.60,10,0.80
2026.268.13:45:00/wx/3.80,558.4,12.2,1.60,13,0.81
2026.268.13:46:00/wx/3.42,558.5,20.4,1.40,264,0.80
2026.268.13:47:00/wx/3.61,558.4,15.1,0.99,342,0.82
2026.268.13:48:00/wx/3.80,558.4,13.0,1.56,325,0.82
2026.268.13:49:00/wx/3.70,558.4,13.4,1.70,334,0.78
2026.268.13:50:00/wx/3.60,558.4,12.7,1.56,340,0.77
2026.268.13:51:00/wx/3.60,558.4,12.0,1.46,325,0.76
2026.268.13:52:00/wx/3.61,558.4,13.9,0.84,332,0.75
2026.268.13:53:00/wx/3.93,558.4,17.6,0.52,118,0.76
2026.268.13:54:00/wx/4.69,558.4,14.7,0.42,323,0.76
2026.268.13:55:00/wx/4.95,558.4,18.6,0.30,243,0.73
2026.268.13:56:00/wx/5.10,558.4,9.6,1.42,214,0.74
2026.268.13:57:00/wx/5.31,558.4,12.5,0.54,280,0.75
2026.268.13:58:00/wx/5.60,558.4,18.0,0.85,259,0.73
2026.268.13:59:00/wx/5.31,558.4,13.1,1.69,252,0.74
2026.268.14:00:00/wx/5.00,558.4,8.7,1.28,242,0.74
2026.268.14:01:00/wx/4.80,558.4,11.4,1.34,248,0.73
2026.268.14:02:00/wx/4.60,558.4,11.5,2.33,261,0.74
2026.268.14:03:00/wx/4.14,558.4,8.6,2.40,263,0.73
2026.268.14:04:00/wx/4.00,558.4,7.8,2.63,258,0.74
2026.268.14:05:00/wx/4.00,558.4,7.6,1.86,252,0.75
2026.268.14:06:00/wx/4.19,558.4,7.2,1.55,284,0.76
2026.268.14:07:00/wx/4.29,558.4,8.0,2.04,274,0.76
2026.268.14:08:00/wx/4.20,558.4,8.1,1.14,254,0.76
2026.268.14:09:00/wx/4.30,558.4,9.0,1.93,261,0.78
2026.268.14:10:00/wx/4.16,558.4,8.8,3.44,287,0.78
2026.268.14:11:00/wx/4.10,558.4,10.6,1.47,275,0.78
2026.268.14:12:00/wx/4.10,558.4,8.3,1.83,252,0.78
2026.268.14:13:00/wx/4.03,558.4,10.0,2.00,256,0.79
2026.268.14:14:00/wx/4.00,558.4,10.6,1.73,256,0.80
2026.268.14:15:00/wx/4.10,558.4,8.9,1.63,279,0.80
2026.268.14:16:00/wx/4.20,558.4,8.7,1.64,283,0.80
2026.268.14:17:00/wx/4.20,558.4,9.9,1.55,287,0.81
2026.268.14:18:00/wx/4.36,558.4,10.2,1.92,251,0.81
2026.268.14:19:00/wx/4.60,558.5,8.5,1.13,252,0.83
2026.268.14:20:00/wx/4.50,558.4,15.2,1.61,302,0.81
2026.268.14:21:00/wx/4.40,558.4,14.5,1.83,304,0.81
2026.268.14:22:00/wx/4.17,558.4,14.6,1.70,337,0.81
2026.268.14:23:00/wx/4.18,558.4,11.1,1.30,337,0.83
2026.268.14:24:00/wx/4.10,558.4,12.7,2.21,358,0.84
2026.268.14:25:00/wx/4.10,558.4,11.0,2.13,342,0.85
2026.268.14:26:00/wx/4.20,558.4,10.0,1.34,337,0.84
2026.268.14:27:00/wx/4.20,558.4,12.1,1.86,331,0.85
2026.268.14:28:00/wx/4.10,558.4,15.0,1.81,331,0.84
2026.268.14:29:00/wx/4.00,558.4,15.8,1.61,326,0.84
2026.268.14:30:00/wx/4.16,558.4,15.7,1.26,305,0.82
2026.268.14:31:00/wx/4.30,558.4,11.7,2.22,287,0.83
2026.268.14:32:00/wx/4.40,558.4,13.3,1.55,290,0.86
2026.268.14:33:00/wx/4.50,558.4,16.8,1.83,306,0.85
2026.268.14:34:00/wx/4.49,558.4,18.1,1.94,307,0.85
2026.268.14:35:00/wx/4.45,558.5,19.8,1.46,284,0.85
2026.268.14:36:00/wx/4.70,558.5,13.8,1.15,301,0.86
2026.268.14:37:00/wx/4.80,558.5,13.1,1.32,317,0.86
2026.268.14:38:00/wx/4.90,558.5,14.1,1.36,309,0.86
2026.268.14:39:00/wx/4.90,558.5,12.9,1.04,330,0.87
2026.268.14:40:00/wx/4.81,558.5,13.8,2.18,354,0.87
2026.268.14:41:00/wx/4.40,558.5,11.5,2.24,4,0.86
2026.268.14:42:00/wx/4.43,558.5,12.5,1.30,342,0.87
2026.268.14:43:00/wx/4.50,558.5,13.1,1.29,343,0.87
2026.268.14:44:00/wx/4.49,558.5,15.1,1.97,330,0.91
2026.268.14:45:00/wx/4.20,558.5,13.0,1.98,337,0.90
2026.268.14:46:00/wx/4.00,558.5,14.1,2.23,336,0.90
2026.268.14:47:00/wx/3.85,558.5,18.6,2.60,335,0.92
2026.268.14:48:00/wx/3.80,558.5,10.7,2.55,354,0.94
2026.268.14:49:00/wx/4.01,558.5,11.6,1.73,88,0.96
2026.268.14:50:00/wx/4.00,558.5,12.3,2.05,343,0.95
2026.268.14:51:00/wx/4.21,558.5,10.8,1.33,330,0.97
2026.268.14:52:00/wx/4.40,558.5,11.9,2.61,347,0.97
2026.268.14:53:00/wx/4.30,558.6,12.0,2.50,349,0.96
2026.268.14:54:00/wx/4.10,558.5,12.8,2.79,350,0.98
2026.268.14:55:00/wx/3.93,558.5,12.1,3.33,348,0.59
2026.268.14:56:00/wx/3.90,558.6,11.1,3.04,351,0.94
2026.268.14:57:00/wx/3.76,558.6,17.1,3.04,356,0.94
2026.268.14:58:00/wx/3.80,558.6,12.3,2.80,349,0.94
2026.268.14:59:00/wx/3.90,558.6,10.1,2.67,351,0.93
2026.268.15:00:00/wx/4.08,558.5,9.0,2.17,6,0.94
2026.268.15:01:00/wx/4.00,558.5,11.1,2.84,4,0.92
2026.268.15:02:00/wx/3.90,558.6,11.7,3.15,9,0.90
2026.268.15:03:00/wx/4.00,558.5,9.5,2.37,6,0.93
2026.268.15:04:00/wx/3.90,558.5,14.3,3.59,396,0.94
2026.268.15:05:00/wx/4.00,558.5,9.8,3.16,2,0.92
2026.268.15:06:00/wx/3.80,558.5,17.6,3.33,3,0.96
2026.268.15:07:00/wx/3.85,558.5,11.2,2.60,25,0.94
2026.268.15:08:00/wx/4.20,558.5,11.5,1.70,13,0.90
2026.268.15:09:00/wx/4.30,558.5,13.6,2.57,342,0.91
2026.268.15:10:00/wx/4.59,558.5,10.5,1.44,331,0.94
2026.268.15:11:00/wx/4.60,558.5,12.2,1.76,358,0.96
2026.268.15:12:00/wx/4.40,558.5,15.1,2.26,360,0.90
2026.268.15:13:00/wx/4.40,558.5,14.6,2.44,3,0.93
2026.268.15:14:00/wx/4.30,558.5,20.5,2.11,336,1.00
2026.268.15:15:00/wx/4.40,558.5,18.1,1.83,324,0.99
2026.268.15:16:00/wx/4.81,558.5,18.7,1.43,317,0.94
2026.268.15:17:00/wx/5.00,558.5,17.8,1.83,291,0.94
2026.268.15:18:00/wx/4.90,558.5,18.2,2.63,315,0.96
2026.268.15:19:00/wx/4.56,558.5,17.3,2.33,343,1.01
2026.268.15:20:00/wx/4.50,558.5,16.4,2.04,340,1.00
2026.268.15:21:00/wx/4.30,558.5,21.1,2.48,336,1.01
2026.268.15:22:00/wx/4.26,558.5,18.6,2.01,115,1.02
2026.268.15:23:00/wx/4.50,558.5,16.7,2.01,10,1.02
2026.268.15:24:00/wx/4.30,558.5,22.3,2.46,6,1.01
2026.268.15:25:00/wx/4.49,558.4,12.3,2.03,343,1.00
2026.268.15:26:00/wx/4.73,558.5,15.1,1.30,337,1.01
2026.268.15:27:00/wx/4.97,558.5,19.7,0.98,350,0.99
2026.268.15:28:00/wx/5.10,558.5,14.7,1.35,346,1.02
2026.268.15:29:00/wx/4.90,558.5,18.3,2.63,346,1.01
2026.268.15:30:00/wx/4.70,558.5,14.6,1.94,350,0.98
2026.268.15:31:00/wx/4.72,558.5,12.2,1.91,351,1.00
2026.268.15:32:00/wx/4.97,558.5,10.9,1.87,16,1.02
2026.268.15:33:00/wx/4.80,558.5,10.7,2.94,353,1.03
2026.268.15:34:00/wx/4.85,558.5,11.3,2.56,336,1.01
2026.268.15:35:00/wx/5.20,558.4,10.4,2.19,355,1.01
2026.268.15:36:00/wx/5.00,558.5,10.1,2.25,332,1.02
2026.268.15:37:00/wx/5.00,558.4,9.5,2.04,330,1.02
2026.268.15:38:00/wx/5.10,558.4,10.5,1.52,346,1.02
2026.268.15:39:00/wx/5.19,558.4,13.3,1.34,315,1.00
2026.268.15:40:00/wx/5.59,558.4,13.7,1.06,292,1.01
2026.268.15:41:00/wx/5.93,558.4,13.2,0.92,341,1.02
2026.268.15:42:00/wx/6.37,558.4,11.1,0.49,310,1.00
2026.268.15:43:00/wx/6.70,558.4,10.0,2.06,288,0.98
2026.268.15:44:00/wx/6.44,558.4,10.4,1.37,273,0.99
2026.268.15:45:00/wx/6.40,558.4,14.0,1.52,296,0.97
2026.268.15:46:00/wx/6.26,558.3,11.9,1.62,336,0.98
2026.268.15:47:00/wx/5.80,558.3,11.0,1.75,349,0.97
2026.268.15:48:00/wx/6.01,558.3,10.3,0.97,336,0.96
2026.268.15:49:00/wx/6.00,558.3,11.6,1.53,330,0.97
2026.268.15:50:00/wx/6.00,558.4,10.3,1.53,315,0.95
2026.268.15:51:00/wx/6.10,558.3,11.3,2.00,284,0.95
2026.268.15:52:00/wx/6.10,558.3,12.0,0.55,333,0.94
2026.268.15:53:00/wx/5.98,558.3,11.6,3.69,211,0.92
2026.268.15:54:00/wx/5.50,558.3,8.5,3.30,210,0.90
2026.268.15:55:00/wx/5.60,558.3,11.5,3.62,245,0.91
2026.268.15:56:00/wx/5.73,558.3,11.3,2.80,255,0.91
2026.268.15:57:00/wx/5.79,558.3,9.8,1.42,223,0.91
2026.268.15:58:00/wx/6.12,558.3,12.0,0.49,283,0.91
2026.268.15:59:00/wx/6.50,558.3,14.1,1.38,276,0.91
2026.268.16:00:00/wx/6.30,558.3,12.5,2.43,287,0.92
2026.268.16:01:00/wx/6.10,558.3,13.9,3.44,250,0.90
2026.268.16:02:00/wx/6.00,558.3,8.9,1.76,257,0.92
2026.268.16:03:00/wx/6.00,558.3,9.9,2.28,254,0.91
2026.268.16:04:00/wx/6.10,558.3,11.2,2.59,242,0.92
2026.268.16:05:00/wx/6.00,558.3,11.6,3.30,214,0.92
2026.268.16:06:00/wx/6.00,558.3,11.8,2.74,248,0.93
2026.268.16:07:00/wx/6.20,558.3,12.4,4.60,236,0.94
2026.268.16:08:00/wx/6.18,558.3,12.0,4.29,230,0.96
2026.268.16:09:00/wx/6.00,558.3,9.4,3.98,250,0.97
2026.268.16:10:00/wx/5.70,558.3,9.5,2.96,268,0.96
2026.268.16:11:00/wx/5.70,558.3,9.4,3.09,245,0.98
2026.268.16:12:00/wx/5.79,558.3,11.3,2.05,256,0.95
2026.268.16:13:00/wx/5.72,558.3,9.2,1.53,294,1.00
2026.268.16:14:00/wx/6.00,558.2,10.1,2.77,239,0.98
2026.268.16:15:00/wx/6.00,558.3,8.3,2.36,213,0.96
2026.268.16:16:00/wx/6.00,558.2,11.8,4.04,250,0.97
2026.268.16:17:00/wx/5.80,558.2,10.0,5.43,234,0.98
2026.268.16:18:00/wx/5.79,558.2,9.4,4.47,217,0.98
2026.268.16:19:00/wx/5.70,558.2,8.9,3.10,208,0.99
2026.268.16:20:00/wx/5.81,558.2,10.1,4.25,209,1.00
2026.268.16:21:00/wx/5.50,558.2,9.8,3.26,215,1.03
2026.268.16:22:00/wx/5.60,558.2,13.0,4.82,239,1.06
2026.268.16:23:00/wx/5.77,558.2,11.8,4.96,245,1.08
2026.268.16:24:00/wx/5.52,558.2,12.8,4.00,251,1.04
2026.268.16:25:00/wx/5.50,558.2,13.8,3.06,220,1.04
2026.268.16:26:00/wx/5.65,558.2,15.1,4.49,243,1.01
2026.268.16:27:00/wx/5.70,558.2,9.4,2.53,260,1.07
2026.268.16:28:00/wx/6.14,558.2,14.0,5.15,223,1.08
2026.268.16:29:00/wx/6.51,558.2,15.9,4.55,231,1.06
2026.268.16:30:00/wx/6.07,558.2,11.3,4.14,208,1.05
2026.268.16:31:00/wx/5.38,558.2,13.0,4.97,235,1.03
2026.268.16:32:00/wx/5.50,558.2,14.4,3.63,274,1.07
2026.268.16:33:00/wx/5.36,558.2,15.1,5.68,249,1.05
2026.268.16:34:00/wx/5.30,558.1,9.9,3.57,249,1.08
2026.268.16:35:00/wx/5.60,558.1,16.7,6.35,214,1.08
2026.268.16:36:00/wx/5.93,558.1,10.9,6.67,232,1.07
2026.268.16:37:00/wx/5.89,558.1,11.3,5.12,246,1.07
2026.268.16:38:00/wx/5.50,558.1,12.2,3.31,272,1.11
2026.268.16:39:00/wx/5.49,558.1,14.3,4.18,242,1.10
2026.268.16:40:00/wx/5.50,558.1,15.6,4.14,245,1.10
2026.268.16:41:00/wx/5.60,558.1,13.4,2.64,220,1.11
2026.268.16:42:00/wx/5.50,558.1,13.7,4.05,257,1.10
2026.268.16:43:00/wx/5.30,558.1,10.9,5.59,250,1.13
2026.268.16:44:00/wx/5.30,558.1,12.0,3.70,277,1.14
2026.268.16:45:00/wx/5.43,558.0,14.0,3.96,250,1.14
2026.268.16:46:00/wx/5.49,558.0,12.0,5.83,221,1.12
2026.268.16:47:00/wx/5.70,558.1,12.2,4.58,217,1.15
2026.268.16:48:00/wx/5.66,558.0,18.1,3.89,251,1.17
2026.268.16:49:00/wx/5.30,558.0,11.4,3.16,252,1.17
2026.268.16:50:00/wx/5.33,558.0,11.3,2.21,274,1.17
2026.268.16:51:00/wx/5.58,558.0,12.3,2.61,262,1.20
2026.268.16:52:00/wx/5.60,558.0,16.2,3.51,247,1.18
2026.268.16:53:00/wx/5.54,558.0,13.2,4.43,253,1.19
2026.268.16:54:00/wx/5.50,558.0,15.7,3.01,267,1.22
2026.268.16:55:00/wx/5.40,558.0,14.0,4.14,269,1.19
2026.268.16:56:00/wx/5.30,558.0,12.4,5.57,239,1.15
2026.268.16:57:00/wx/5.50,558.0,11.5,5.98,245,1.14
2026.268.16:58:00/wx/5.30,558.0,12.5,3.96,251,1.13
2026.268.16:59:00/wx/5.40,558.0,11.8,3.73,246,1.14
2026.268.17:00:00/wx/5.64,558.0,12.4,3.37,246,1.11
2026.268.17:01:00/wx/5.52,558.0,17.1,3.87,262,1.14
2026.268.17:02:00/wx/5.30,558.0,14.4,4.98,253,1.16
2026.268.17:03:00/wx/5.51,558.0,13.4,2.27,265,1.11
2026.268.17:04:00/wx/5.50,558.0,12.0,3.33,258,1.14
2026.268.17:05:00/wx/5.60,557.9,13.6,2.36,253,1.21
2026.268.17:06:00/wx/5.61,557.9,16.0,6.61,242,1.21
2026.268.17:07:00/wx/5.60,557.9,12.6,5.59,232,1.17
2026.268.17:08:00/wx/5.80,557.9,14.6,4.45,250,1.19
2026.268.17:09:00/wx/5.40,557.9,12.6,4.13,245,1.20
2026.268.17:10:00/wx/5.55,557.9,14.0,3.56,255,1.22
2026.268.17:11:00/wx/5.41,557.9,14.3,6.04,242,1.21
2026.268.17:12:00/wx/5.38,557.9,16.1,5.18,269,1.18
2026.268.17:13:00/wx/5.15,557.9,13.6,3.53,268,1.13
2026.268.17:14:00/wx/5.20,557.9,13.5,3.93,235,1.14
2026.268.17:15:00/wx/5.33,557.9,12.5,3.75,237,1.17
2026.268.17:16:00/wx/5.40,557.9,14.6,6.05,244,1.22
2026.268.17:17:00/wx/5.69,557.8,13.0,5.47,251,1.20
2026.268.17:18:00/wx/5.40,557.8,13.5,3.70,266,1.26
2026.268.17:19:00/wx/5.40,557.8,15.2,8.32,243,1.19
2026.268.17:20:00/wx/5.40,557.8,13.4,6.19,247,1.17
2026.268.17:21:00/wx/5.68,557.8,12.4,4.70,241,1.12
2026.268.17:22:00/wx/5.86,557.8,12.1,4.76,250,1.11
2026.268.17:23:00/wx/5.60,557.8,15.1,7.29,243,1.13
2026.268.17:24:00/wx/5.40,557.8,13.7,3.62,245,1.19
2026.268.17:25:00/wx/5.46,557.8,13.9,4.01,256,1.20
2026.268.17:26:00/wx/5.79,557.8,15.7,6.81,233,1.18
2026.268.17:27:00/wx/5.87,557.7,14.2,7.13,219,1.20
2026.268.17:28:00/wx/5.43,557.7,14.8,6.14,222,1.21
2026.268.17:29:00/wx/5.60,557.8,15.7,6.63,244,1.16
2026.268.17:30:00/wx/5.40,557.7,16.0,6.24,246,1.14
2026.268.17:31:00/wx/5.60,557.8,18.0,5.14,219,1.12
2026.268.17:32:00/wx/5.25,557.7,15.5,5.71,217,1.15
2026.268.17:33:00/wx/5.60,557.8,14.6,4.89,242,1.15
2026.268.17:34:00/wx/5.40,557.7,17.9,5.91,249,1.16
2026.268.17:35:00/wx/5.20,557.8,14.2,3.69,256,1.12
2026.268.17:36:00/wx/5.30,557.7,16.4,5.36,246,1.12
2026.268.17:37:00/wx/5.73,557.7,14.1,5.80,230,1.08
2026.268.17:38:00/wx/6.07,557.7,18.3,4.36,227,1.12
2026.268.17:39:00/wx/5.89,557.8,14.5,6.18,222,1.20
2026.268.17:40:00/wx/5.53,557.7,16.9,5.59,249,1.14
2026.268.17:41:00/wx/5.69,557.8,19.2,5.70,236,1.10
2026.268.17:42:00/wx/5.93,557.7,19.5,4.19,231,1.14
2026.268.17:43:00/wx/5.83,557.7,12.8,4.12,239,1.12
2026.268.17:44:00/wx/5.88,557.7,15.8,4.81,215,1.13
2026.268.17:45:00/wx/5.35,557.7,19.4,5.92,221,1.12
2026.268.17:46:00/wx/5.50,557.7,16.4,6.69,234,1.08
2026.268.17:47:00/wx/5.46,557.7,15.2,5.66,211,1.02
2026.268.17:48:00/wx/5.00,557.7,13.6,5.95,211,1.27
2026.268.17:49:00/wx/5.10,557.6,12.1,4.96,241,1.25
2026.268.17:50:00/wx/5.52,557.6,12.7,4.87,220,1.20
2026.268.17:51:00/wx/5.20,557.6,14.8,6.02,199,1.18
2026.268.17:52:00/wx/4.80,557.7,12.7,6.01,207,1.21
2026.268.17:53:00/wx/4.98,557.6,14.0,5.04,212,1.23
2026.268.17:54:00/wx/5.00,557.6,17.3,5.64,207,1.23
2026.268.17:55:00/wx/5.00,557.6,14.3,6.70,211,1.28
2026.268.17:56:00/wx/5.00,557.6,16.3,6.12,202,1.24
2026.268.17:57:00/wx/4.75,557.6,11.5,6.54,217,1.19
2026.268.17:58:00/wx/4.72,557.6,13.9,7.44,213,1.18
2026.268.17:59:00/wx/4.72,557.6,12.9,5.57,215,1.13
2026.268.18:00:00/wx/4.80,557.6,13.6,5.40,203,1.19
2026.268.18:01:00/wx/4.80,557.6,10.5,5.82,214,1.24
2026.268.18:02:00/wx/5.00,557.6,15.2,6.05,217,1.42
2026.268.18:03:00/wx/5.00,557.6,14.1,6.60,209,1.43
2026.268.18:04:00/wx/4.80,557.6,9.7,5.73,213,1.38
2026.268.18:05:00/wx/4.70,557.6,11.6,4.90,197,1.36
2026.268.18:06:00/wx/4.90,557.6,15.1,5.83,209,1.48
2026.268.18:07:00/wx/5.35,557.6,18.2,5.86,217,1.40
2026.268.18:08:00/wx/5.11,557.6,17.0,6.10,212,1.35
2026.268.18:09:00/wx/4.92,557.6,12.7,5.23,214,1.37
2026.268.18:10:00/wx/5.00,557.6,12.5,3.96,201,1.35
2026.268.18:11:00/wx/4.80,557.6,14.4,5.67,210,1.32
2026.268.18:12:00/wx/4.58,557.6,14.4,5.57,215,1.33
2026.268.18:13:00/wx/4.80,557.6,16.0,4.84,219,1.38
2026.268.18:14:00/wx/5.23,557.6,16.6,4.71,218,1.35
2026.268.18:15:00/wx/5.02,557.6,11.8,5.81,203,1.35
2026.268.18:16:00/wx/5.21,557.6,12.2,4.29,229,1.28
2026.268.18:17:00/wx/5.14,557.6,12.4,4.86,213,1.32
2026.268.18:18:00/wx/5.10,557.6,13.3,4.69,219,1.32
2026.268.18:19:00/wx/5.66,557.6,12.9,4.96,235,1.32
2026.268.18:20:00/wx/5.80,557.6,11.7,4.54,214,1.26
2026.268.18:21:00/wx/5.70,557.6,15.9,6.61,220,1.28
2026.268.18:22:00/wx/5.59,557.7,13.7,5.80,212,1.25
2026.268.18:23:00/wx/5.10,557.6,13.9,5.52,216,1.31
2026.268.18:24:00/wx/5.47,557.7,16.0,5.53,236,1.22
2026.268.18:25:00/wx/5.60,557.6,12.5,7.47,217,1.27
2026.268.18:26:00/wx/5.19,557.6,12.0,5.14,223,1.20
2026.268.18:27:00/wx/5.30,557.6,11.9,5.82,218,1.19
2026.268.18:28:00/wx/5.30,557.6,14.4,6.52,216,1.26
2026.268.18:29:00/wx/5.00,557.6,17.1,6.12,220,1.28
2026.268.18:30:00/wx/4.80,557.6,16.1,5.75,215,1.27
2026.268.18:31:00/wx/5.01,557.6,21.8,6.41,219,1.21
2026.268.18:32:00/wx/5.37,557.6,16.8,5.95,224,1.23
2026.268.18:33:00/wx/5.20,557.6,14.1,5.62,225,1.21
2026.268.18:34:00/wx/5.95,557.6,17.7,6.45,221,1.17
2026.268.18:35:00/wx/5.32,557.6,12.9,5.83,216,1.16
2026.268.18:36:00/wx/5.65,557.5,16.8,6.37,228,1.18
2026.268.18:37:00/wx/5.60,557.6,13.9,5.23,237,1.32
2026.268.18:38:00/wx/5.81,557.5,18.5,6.78,242,1.31
2026.268.18:39:00/wx/5.63,557.5,15.3,6.38,235,1.27
2026.268.18:40:00/wx/6.60,557.6,16.8,7.86,227,1.34
2026.268.18:41:00/wx/6.25,557.5,17.5,6.28,248,1.39
2026.268.18:42:00/wx/5.97,557.6,16.4,5.98,227,1.34
2026.268.18:43:00/wx/6.19,557.5,16.7,7.23,239,1.31
2026.268.18:44:00/wx/5.61,557.5,18.1,6.97,213,1.32
2026.268.18:45:00/wx/5.10,557.5,15.5,5.49,218,1.33
2026.268.18:46:00/wx/5.33,557.5,18.4,5.90,240,2.03
2026.268.18:47:00/wx/5.21,557.5,18.5,6.91,250,1.22
2026.268.18:48:00/wx/5.21,557.5,17.7,6.76,227,1.20
2026.268.18:49:00/wx/5.91,557.5,17.3,4.85,251,1.36
2026.268.18:50:00/wx/6.00,557.5,16.7,6.43,222,1.29
2026.268.18:51:00/wx/6.10,557.5,14.5,8.65,219,1.27
2026.268.18:52:00/wx/5.95,557.6,14.0,6.62,248,1.18
2026.268.18:53:00/wx/5.08,557.6,14.3,5.44,255,1.17
2026.268.18:54:00/wx/5.06,557.5,16.2,6.52,244,1.21
2026.268.18:55:00/wx/5.10,557.5,13.4,6.33,249,1.23
2026.268.18:56:00/wx/4.86,557.5,17.8,7.94,250,1.32
2026.268.18:57:00/wx/5.00,557.5,19.3,7.07,220,1.25
2026.268.18:58:00/wx/5.96,557.5,21.7,5.93,240,1.25
2026.268.18:59:00/wx/5.85,557.5,18.3,6.81,222,1.25
2026.268.19:00:00/wx/5.50,557.5,16.7,8.02,240,1.25
2026.268.19:01:00/wx/5.47,557.5,14.8,6.50,244,1.20
2026.268.19:02:00/wx/5.30,557.5,13.4,7.33,241,1.15
2026.268.19:03:00/wx/5.20,557.5,13.6,4.03,265,1.15
2026.268.19:04:00/wx/4.72,557.5,20.2,8.38,248,1.22
2026.268.19:05:00/wx/4.60,557.5,16.1,8.42,246,1.17
2026.268.19:06:00/wx/4.83,557.5,16.6,6.42,242,1.25
2026.268.19:07:00/wx/5.43,557.5,18.8,5.69,272,1.29
2026.268.19:08:00/wx/5.07,557.5,17.9,8.07,216,1.27
2026.268.19:09:00/wx/4.96,557.5,14.5,5.79,228,1.28
2026.268.19:10:00/wx/5.60,557.5,16.0,5.62,242,1.30
2026.268.19:11:00/wx/5.46,557.5,22.4,8.94,220,1.32
2026.268.19:12:00/wx/5.20,557.5,19.1,7.93,247,1.20
2026.268.19:13:00/wx/5.08,557.5,18.5,6.00,248,1.25
2026.268.19:14:00/wx/5.23,557.5,17.7,7.66,242,1.25
2026.268.19:15:00/wx/4.89,557.5,20.7,6.81,245,1.18
2026.268.19:16:00/wx/4.70,557.5,19.6,7.00,249,1.15
2026.268.19:17:00/wx/4.70,557.5,21.1,6.45,252,1.16
2026.268.19:18:00/wx/4.40,557.5,19.7,8.41,247,1.20
2026.268.19:19:00/wx/4.30,557.5,17.9,6.04,250,1.21
2026.268.19:20:00/wx/4.50,557.5,19.1,4.79,257,1.24
2026.268.19:21:00/wx/4.46,557.5,20.6,8.09,247,1.15
2026.268.19:22:00/wx/4.40,557.5,16.0,5.10,252,1.14
2026.268.19:23:00/wx/4.42,557.5,17.7,4.08,268,1.17
2026.268.19:24:00/wx/4.50,557.5,17.6,6.17,264,1.21
2026.268.19:25:00/wx/4.40,557.5,18.7,9.33,239,1.26
2026.268.19:26:00/wx/5.19,557.5,18.3,7.10,238,1.24
2026.268.19:27:00/wx/5.10,557.4,17.1,7.36,240,1.14
2026.268.19:28:00/wx/5.38,557.4,16.2,7.76,242,1.11
2026.268.19:29:00/wx/5.16,557.4,15.4,6.70,247,1.12
2026.268.19:30:00/wx/4.59,557.4,18.3,5.32,242,1.10
2026.268.19:31:00/wx/4.60,557.4,19.0,8.86,243,1.03
2026.268.19:32:00/wx/4.60,557.4,17.4,7.82,245,1.01
2026.268.19:33:00/wx/4.80,557.4,15.2,6.04,240,1.04
2026.268.19:34:00/wx/4.61,557.4,17.8,7.49,248,1.15
2026.268.19:35:00/wx/4.91,557.4,19.6,5.38,246,1.10
2026.268.19:36:00/wx/4.56,557.4,20.0,5.86,244,1.08
2026.268.19:37:00/wx/4.30,557.5,20.5,5.03,253,1.04
2026.268.19:38:00/wx/4.10,557.4,24.0,5.84,265,1.09
2026.268.19:39:00/wx/4.20,557.4,16.1,5.61,253,1.13
2026.268.19:40:00/wx/4.21,557.4,20.1,7.18,250,1.15
2026.268.19:41:00/wx/4.30,557.4,17.8,7.71,245,1.10
2026.268.19:42:00/wx/4.50,557.4,15.4,6.72,248,1.11
2026.268.19:43:00/wx/4.40,557.5,18.3,6.85,251,1.13
2026.268.19:44:00/wx/4.49,557.4,16.4,7.01,249,1.09
2026.268.19:45:00/wx/4.30,557.4,15.6,5.40,251,1.06
2026.268.19:46:00/wx/4.40,557.4,15.0,5.77,251,1.02
2026.268.19:47:00/wx/4.30,557.4,18.3,8.93,231,1.09
2026.268.19:48:00/wx/5.19,557.4,19.6,8.10,230,1.03
2026.268.19:49:00/wx/5.48,557.4,16.3,7.28,242,1.04
2026.268.19:50:00/wx/4.77,557.4,17.2,6.30,254,1.02
2026.268.19:51:00/wx/4.30,557.4,16.3,6.83,254,1.00
2026.268.19:52:00/wx/4.10,557.4,19.3,7.52,244,1.03
2026.268.19:53:00/wx/4.50,557.4,15.3,5.67,250,1.04
2026.268.19:54:00/wx/4.30,557.4,16.1,5.44,254,1.03
2026.268.19:55:00/wx/4.30,557.4,13.6,6.76,250,0.99
2026.268.19:56:00/wx/4.10,557.4,18.0,7.50,250,1.02
2026.268.19:57:00/wx/4.10,557.4,14.3,5.23,256,1.04
2026.268.19:58:00/wx/4.20,557.4,15.5,8.75,248,1.05
2026.268.19:59:00/wx/4.10,557.5,17.9,6.04,259,1.08
2026.268.20:00:00/wx/4.00,557.4,14.7,8.17,247,1.04
2026.268.20:01:00/wx/4.10,557.4,14.3,7.26,250,0.96
2026.268.20:02:00/wx/3.90,557.5,17.7,5.83,255,0.94
2026.268.20:03:00/wx/4.00,557.5,14.7,5.99,260,1.03
2026.268.20:04:00/wx/4.20,557.4,12.9,3.78,273,1.13
2026.268.20:05:00/wx/4.18,557.5,20.7,6.89,257,1.09
2026.268.20:06:00/wx/4.00,557.5,18.1,7.85,249,1.03
2026.268.20:07:00/wx/4.00,557.5,17.7,7.07,251,1.06
2026.268.20:08:00/wx/4.15,557.5,15.2,7.89,245,1.08
2026.268.20:09:00/wx/4.29,557.5,12.5,5.54,246,1.09
2026.268.20:10:00/wx/4.40,557.5,15.1,7.11,241,1.09
2026.268.20:11:00/wx/4.13,557.5,19.8,8.09,247,0.99
2026.268.20:12:00/wx/4.00,557.5,19.0,8.55,248,1.02
2026.268.20:13:00/wx/3.70,557.5,20.8,8.13,244,1.09
2026.268.20:14:00/wx/3.90,557.5,18.3,7.14,245,1.15
2026.268.20:15:00/wx/3.70,557.5,21.1,6.58,252,1.13
2026.268.20:16:00/wx/3.88,557.5,16.8,7.57,250,1.02
2026.268.20:17:00/wx/3.80,557.5,18.3,6.17,255,1.07
2026.268.20:18:00/wx/3.70,557.5,20.5,5.67,243,1.10
2026.268.20:19:00/wx/4.00,557.5,19.8,7.19,252,1.07
2026.268.20:20:00/wx/3.76,557.4,19.3,6.91,251,1.06
2026.268.20:21:00/wx/3.67,557.5,18.3,6.92,252,1.04
2026.268.20:22:00/wx/3.50,557.5,21.4,5.06,260,1.05
2026.268.20:23:00/wx/3.58,557.5,18.8,8.40,250,1.05
2026.268.20:24:00/wx/3.90,557.5,16.3,8.02,246,1.07
2026.268.20:25:00/wx/4.03,557.5,15.8,6.09,244,1.06
2026.268.20:26:00/wx/3.90,557.5,18.8,5.57,253,1.02
2026.268.20:27:00/wx/3.80,557.5,17.7,4.48,254,1.11
2026.268.20:28:00/wx/3.64,557.5,20.6,4.96,262,1.14
2026.268.20:29:00/wx/3.60,557.4,20.1,7.62,250,1.14
2026.268.20:30:00/wx/3.70,557.4,17.9,8.54,244,1.07
2026.268.20:31:00/wx/4.00,557.5,18.4,7.24,242,1.03
2026.268.20:32:00/wx/3.93,557.4,16.4,7.21,233,0.98
2026.268.20:33:00/wx/4.04,557.4,17.3,5.39,248,0.99
2026.268.20:34:00/wx/3.90,557.4,15.2,5.82,253,0.95
2026.268.20:35:00/wx/3.80,557.4,16.0,6.15,265,0.97
2026.268.20:36:00/wx/3.80,557.4,16.4,5.54,262,0.97
2026.268.20:37:00/wx/3.50,557.4,18.1,7.08,249,0.98
2026.268.20:38:00/wx/3.50,557.4,17.0,6.93,251,1.02
2026.268.20:39:00/wx/3.50,557.4,17.9,6.33,255,1.07
2026.268.20:40:00/wx/3.60,557.4,17.7,6.21,263,1.07
2026.268.20:41:00/wx/3.70,557.4,15.4,5.24,260,1.07
2026.268.20:42:00/wx/3.72,557.4,16.1,5.92,255,1.04
2026.268.20:43:00/wx/3.60,557.5,19.7,8.49,251,0.98
2026.268.20:44:00/wx/3.50,557.5,18.1,7.95,250,0.97
2026.268.20:45:00/wx/3.40,557.5,18.5,5.89,259,0.96
2026.268.20:46:00/wx/3.40,557.5,19.2,7.07,248,0.89
2026.268.20:47:00/wx/3.20,557.5,21.4,5.57,260,0.92
2026.268.20:48:00/wx/3.30,557.5,18.1,6.20,254,0.99
2026.268.20:49:00/wx/3.41,557.5,16.2,5.96,256,1.17
2026.268.20:50:00/wx/3.35,557.5,18.2,6.79,242,1.17
2026.268.20:51:00/wx/3.50,557.5,18.6,5.70,253,1.09
2026.268.20:52:00/wx/3.50,557.5,18.0,5.35,248,1.10
2026.268.20:53:00/wx/3.40,557.5,19.3,6.56,247,1.04
2026.268.20:54:00/wx/3.40,557.5,18.4,5.82,252,1.00
2026.268.20:55:00/wx/3.30,557.5,20.2,7.17,256,1.04
2026.268.20:56:00/wx/3.60,557.5,14.2,5.75,255,1.02
2026.268.20:57:00/wx/3.30,557.5,18.9,8.25,244,1.07
2026.268.20:58:00/wx/3.50,557.5,16.6,7.08,244,1.02
2026.268.20:59:00/wx/3.60,557.5,17.8,7.60,244,0.99
2026.268.21:00:00/wx/3.24,557.5,20.5,5.14,259,1.01
2026.268.21:01:00/wx/3.39,557.5,16.6,5.39,265,0.93
2026.268.21:02:00/wx/3.53,557.6,14.3,5.94,261,0.89
2026.268.21:03:00/wx/3.60,557.5,14.0,6.42,255,0.89
2026.268.21:04:00/wx/3.50,557.5,13.7,7.15,247,0.91
2026.268.21:05:00/wx/3.45,557.6,14.6,6.12,254,0.85
2026.268.21:06:00/wx/3.20,557.5,18.6,8.32,248,0.89
2026.268.21:07:00/wx/3.10,557.6,16.5,6.91,257,0.96
2026.268.21:08:00/wx/2.82,557.5,18.1,6.81,253,0.93
2026.268.21:09:00/wx/3.00,557.5,16.0,8.22,250,0.90
2026.268.21:10:00/wx/3.00,557.6,16.3,7.81,250,1.04
2026.268.21:11:00/wx/3.10,557.6,17.6,4.93,262,0.99
2026.268.21:12:00/wx/2.80,557.6,21.1,5.18,257,1.13
2026.268.21:13:00/wx/3.00,557.6,19.3,6.01,255,1.04
2026.268.21:14:00/wx/3.10,557.6,19.6,4.96,258,1.05
2026.268.21:15:00/wx/2.90,557.6,22.1,5.06,254,1.09
2026.268.21:16:00/wx/3.00,557.6,19.7,6.03,256,1.15
2026.268.21:17:00/wx/3.10,557.6,19.0,7.44,250,1.13
2026.268.21:18:00/wx/3.21,557.6,17.6,6.78,247,1.12
2026.268.21:19:00/wx/3.08,557.6,19.1,7.19,253,1.12
2026.268.21:20:00/wx/2.90,557.6,19.3,6.24,246,1.14
2026.268.21:21:00/wx/3.11,557.6,17.7,7.16,252,1.11
2026.268.21:22:00/wx/2.90,557.6,18.8,7.86,251,1.09
2026.268.21:23:00/wx/3.00,557.6,17.5,5.12,256,1.06
2026.268.21:24:00/wx/2.93,557.6,18.1,8.46,249,1.04
2026.268.21:25:00/wx/2.84,557.6,19.9,6.85,251,1.02
2026.268.21:26:00/wx/2.61,557.6,21.1,7.91,245,1.01
2026.268.21:27:00/wx/2.59,557.6,20.9,6.38,250,1.03
2026.268.21:28:00/wx/2.49,557.6,21.9,5.93,253,1.01
2026.268.21:29:00/wx/3.01,557.6,16.7,7.06,243,1.01
2026.268.21:30:00/wx/2.73,557.6,20.4,5.80,251,1.00
2026.268.21:31:00/wx/2.50,557.6,21.7,5.93,258,0.93
2026.268.21:32:00/wx/2.45,557.6,21.1,7.06,249,0.95
2026.268.21:33:00/wx/2.40,557.6,20.1,7.20,248,0.95
2026.268.21:34:00/wx/2.61,557.6,18.6,6.75,248,0.95
2026.268.21:35:00/wx/2.40,557.6,20.7,6.58,250,0.99
2026.268.21:36:00/wx/2.42,557.6,19.6,7.24,251,0.97
2026.268.21:37:00/wx/2.50,557.6,17.9,6.96,251,1.01
2026.268.21:38:00/wx/2.60,557.6,17.4,5.33,254,1.03
2026.268.21:39:00/wx/2.49,557.5,19.7,5.62,258,1.04
2026.268.21:40:00/wx/2.40,557.6,20.0,6.41,251,1.05
2026.268.21:41:00/wx/2.42,557.6,19.6,6.22,253,1.04
2026.268.21:42:00/wx/2.50,557.6,18.4,5.83,254,1.03
2026.268.21:43:00/wx/2.10,557.6,22.8,6.52,244,1.05
2026.268.21:44:00/wx/1.90,557.6,22.5,6.36,251,1.04
2026.268.21:45:00/wx/2.12,557.6,20.4,6.18,244,1.03
2026.268.21:46:00/wx/2.30,557.5,19.2,5.68,256,1.01
2026.268.21:47:00/wx/2.37,557.5,18.2,7.40,252,0.97
2026.268.21:48:00/wx/2.30,557.5,18.7,7.42,251,0.95
2026.268.21:49:00/wx/2.26,557.5,19.3,6.54,251,1.00
2026.268.21:50:00/wx/1.82,557.6,23.2,6.33,252,1.06
2026.268.21:51:00/wx/2.00,557.5,22.5,7.46,247,1.09
2026.268.21:52:00/wx/2.00,557.5,23.3,5.55,254,1.06
2026.268.21:53:00/wx/2.10,557.5,21.7,5.83,254,1.06
2026.268.21:54:00/wx/1.92,557.5,24.7,6.11,251,1.10
2026.268.21:55:00/wx/2.02,557.5,23.1,6.53,251,1.08
2026.268.21:56:00/wx/1.81,557.6,23.9,7.62,250,1.10
2026.268.21:57:00/wx/1.70,557.6,25.8,6.62,251,1.12
2026.268.21:58:00/wx/1.60,557.5,26.1,5.23,259,1.12
2026.268.21:59:00/wx/1.80,557.5,23.3,6.02,257,1.09
2026.268.22:00:00/wx/1.79,557.5,24.0,5.17,254,1.06
2026.268.22:01:00/wx/1.82,557.5,24.0,4.78,267,1.06
2026.268.22:02:00/wx/1.97,557.5,21.7,5.65,257,1.05
2026.268.22:03:00/wx/1.80,557.6,22.0,7.11,249,1.05
2026.268.22:04:00/wx/1.80,557.6,21.1,5.37,256,1.02
2026.268.22:05:00/wx/1.70,557.6,22.1,5.31,254,1.02
2026.268.22:06:00/wx/1.64,557.5,22.6,6.09,256,1.05
2026.268.22:07:00/wx/1.80,557.6,21.7,5.04,255,1.06
2026.268.22:08:00/wx/1.70,557.6,22.2,5.82,255,1.08
2026.268.22:09:00/wx/1.80,557.6,21.3,4.78,264,1.05
2026.268.22:10:00/wx/1.80,557.6,20.4,4.40,256,1.04
2026.268.22:11:00/wx/2.21,557.6,16.2,5.42,257,1.00
2026.268.22:12:00/wx/1.90,557.6,18.2,6.47,251,1.01
2026.268.22:13:00/wx/1.50,557.6,21.6,5.01,254,1.02
2026.268.22:14:00/wx/1.50,557.6,21.6,6.72,248,1.03
2026.268.22:15:00/wx/1.40,557.6,21.9,6.77,250,0.99
2026.268.22:16:00/wx/1.30,557.6,22.3,4.90,253,1.00
2026.268.22:17:00/wx/1.22,557.6,22.7,5.46,252,0.99
2026.268.22:18:00/wx/1.11,557.6,23.1,5.18,255,0.95
2026.268.22:19:00/wx/1.50,557.6,21.0,5.73,253,0.96
2026.268.22:20:00/wx/1.40,557.6,20.8,5.88,251,0.97
2026.268.22:21:00/wx/1.20,557.7,22.0,5.12,256,0.98
2026.268.22:22:00/wx/1.30,557.6,21.6,5.15,254,1.00
2026.268.22:23:00/wx/1.40,557.6,21.6,5.44,253,1.00
2026.268.22:24:00/wx/1.30,557.7,22.7,4.44,254,1.00
2026.268.22:25:00/wx/1.10,557.7,23.4,6.03,252,1.00
2026.268.22:26:00/wx/1.20,557.7,21.6,6.55,251,0.99
2026.268.22:27:00/wx/1.40,557.7,19.6,6.29,252,0.99
2026.268.22:28:00/wx/1.61,557.7,19.7,5.47,255,1.00
2026.268.22:29:00/wx/1.30,557.7,21.6,4.81,260,1.01
2026.268.22:30:00/wx/1.40,557.7,20.8,5.03,264,0.99
2026.268.22:31:00/wx/1.20,557.7,21.5,4.94,257,0.98
2026.268.22:32:00/wx/1.31,557.7,20.0,4.96,265,0.99
2026.268.22:33:00/wx/1.30,557.7,19.9,5.44,261,0.96
2026.268.22:34:00/wx/1.21,557.7,21.0,4.93,260,1.00
2026.268.22:35:00/wx/1.00,557.7,21.7,4.83,262,0.97
2026.268.22:36:00/wx/0.97,557.7,21.4,5.48,258,0.98
2026.268.22:37:00/wx/0.79,557.7,21.8,5.74,253,0.98
2026.268.22:38:00/wx/0.90,557.7,21.6,5.74,252,1.00
2026.268.22:39:00/wx/0.80,557.7,22.5,4.06,261,1.00
2026.268.22:40:00/wx/0.70,557.7,23.1,5.83,252,0.99
2026.268.22:41:00/wx/0.80,557.7,22.5,5.27,255,0.98
2026.268.22:42:00/wx/0.71,557.7,23.0,5.12,255,0.99
2026.268.22:43:00/wx/0.80,557.7,22.8,5.98,253,0.97
2026.268.22:44:00/wx/1.07,557.7,20.9,5.38,254,0.96
2026.268.22:45:00/wx/1.00,557.7,21.1,5.26,257,0.98
2026.268.22:46:00/wx/1.00,557.7,21.4,5.22,255,0.97
2026.268.22:47:00/wx/1.00,557.6,22.4,5.22,255,0.95
2026.268.22:48:00/wx/1.00,557.7,22.1,5.86,253,0.96
2026.268.22:49:00/wx/1.10,557.7,21.1,6.04,251,0.96
2026.268.22:50:00/wx/1.10,557.6,21.0,5.37,253,0.94
2026.268.22:51:00/wx/1.00,557.7,21.2,5.22,257,0.95
2026.268.22:52:00/wx/1.00,557.7,21.5,4.83,258,0.95
2026.268.22:53:00/wx/1.01,557.7,21.9,5.03,255,0.96
2026.268.22:54:00/wx/0.72,557.7,22.8,4.98,255,0.96
2026.268.22:55:00/wx/0.70,557.7,22.9,4.34,256,0.94
2026.268.22:56:00/wx/0.80,557.7,22.8,5.30,254,1.02
2026.268.22:57:00/wx/0.80,557.7,22.5,4.74,254,0.97
2026.268.22:58:00/wx/0.80,557.7,22.2,4.46,257,0.97
2026.268.22:59:00/wx/0.88,557.7,21.3,4.95,255,0.97
2026.268.23:00:00/wx/1.00,557.7,20.8,4.35,255,0.95
2026.268.23:01:00/wx/1.00,557.7,21.0,4.20,257,0.96
2026.268.23:02:00/wx/0.90,557.7,21.6,4.24,267,0.97
2026.268.23:03:00/wx/0.90,557.7,20.9,4.28,263,0.97
2026.268.23:04:00/wx/0.90,557.7,20.9,4.36,259,0.97
2026.268.23:05:00/wx/0.90,557.7,21.1,4.53,261,0.96
2026.268.23:06:00/wx/0.80,557.8,21.0,4.14,260,0.95
2026.268.23:07:00/wx/0.90,557.7,20.6,4.23,257,0.92
2026.268.23:08:00/wx/0.80,557.7,21.1,4.04,257,0.93
2026.268.23:09:00/wx/0.80,557.8,20.7,4.19,254,0.93
2026.268.23:10:00/wx/0.81,557.8,20.7,4.19,256,0.95
2026.268.23:11:00/wx/0.70,557.8,21.1,4.53,255,0.93
2026.268.23:12:00/wx/0.40,557.8,22.6,2.92,234,0.93
2026.268.23:13:00/wx/-0.64,557.8,28.1,2.80,243,0.93
2026.268.23:14:00/wx/-0.80,557.8,28.8,3.70,250,0.93
2026.268.23:15:00/wx/-1.21,557.8,30.5,3.08,247,1.02
2026.268.23:16:00/wx/-1.56,557.8,32.2,2.52,252,0.96
2026.268.23:17:00/wx/-1.90,557.8,33.5,2.72,250,0.98
2026.268.23:18:00/wx/-2.00,557.8,34.0,2.96,247,0.98
2026.268.23:19:00/wx/-2.21,557.8,35.0,2.87,244,1.00
2026.268.23:20:00/wx/-2.21,557.8,35.1,1.95,253,1.00
2026.268.23:21:00/wx/-2.30,557.8,35.3,2.59,250,0.96
2026.268.23:22:00/wx/-2.10,557.8,33.9,2.33,254,0.97
2026.268.23:23:00/wx/-1.97,557.8,33.6,2.00,258,0.97
2026.268.23:24:00/wx/-1.51,557.8,31.6,2.56,250,0.96
2026.268.23:25:00/wx/-1.41,557.9,31.2,2.19,254,0.95
2026.268.23:26:00/wx/-1.50,557.8,31.1,2.21,257,0.95
2026.268.23:27:00/wx/-1.50,557.8,30.9,2.33,253,0.95
2026.268.23:28:00/wx/-1.37,557.8,30.0,2.52,250,0.94
2026.268.23:29:00/wx/-1.49,557.8,30.4,1.88,255,0.92
2026.268.23:30:00/wx/-1.58,557.8,30.5,2.27,260,0.92
2026.268.23:31:00/wx/-1.50,557.8,30.2,2.01,258,0.92
2026.268.23:32:00/wx/-1.60,557.8,30.1,1.63,264,0.95
2026.268.23:33:00/wx/-1.74,557.9,30.5,2.15,283,0.95
2026.268.23:34:00/wx/-1.90,557.9,31.9,2.36,279,0.95
2026.268.23:35:00/wx/-1.81,557.8,31.6,1.75,284,0.94
2026.268.23:36:00/wx/-1.70,557.8,31.0,2.24,280,0.93
2026.268.23:37:00/wx/-1.60,557.8,30.3,2.43,303,0.93
2026.268.23:38:00/wx/-1.35,557.8,29.2,3.14,293,0.92
2026.268.23:39:00/wx/-1.21,557.8,29.0,3.25,304,0.89
2026.268.23:40:00/wx/-0.87,557.8,28.3,2.92,306,0.88
2026.268.23:41:00/wx/-0.50,557.7,26.0,3.24,293,0.87
2026.268.23:42:00/wx/-0.40,557.8,26.1,3.13,309,0.87
2026.268.23:43:00/wx/-0.50,557.8,26.3,3.40,310,0.85
2026.268.23:44:00/wx/-0.40,557.8,25.5,3.50,308,0.83
2026.268.23:45:00/wx/-0.32,557.8,25.5,2.97,302,0.83
2026.268.23:46:00/wx/-0.86,557.8,27.7,3.16,308,0.83
2026.268.23:47:00/wx/-0.80,557.8,27.1,3.83,313,0.85
2026.268.23:48:00/wx/-0.55,557.8,26.2,3.81,299,0.83
2026.268.23:49:00/wx/-0.30,557.8,25.2,3.74,300,0.83
2026.268.23:50:00/wx/0.11,557.8,23.7,3.83,302,0.83
2026.268.23:51:00/wx/0.10,557.7,24.1,3.12,316,0.82
2026.268.23:52:00/wx/-0.09,557.8,24.5,3.04,314,0.81
2026.268.23:53:00/wx/0.00,557.8,24.1,3.09,322,0.80
2026.268.23:54:00/wx/0.00,557.8,23.8,3.53,335,0.81
2026.268.23:55:00/wx/0.10,557.7,23.4,3.18,325,0.81
2026.268.23:56:00/wx/0.20,557.8,23.1,2.75,319,0.82
2026.268.23:57:00/wx/0.20,557.7,23.0,3.03,323,0.83
2026.268.23:58:00/wx/0.20,557.7,23.1,2.82,320,0.84
2026.268.23:59:00/wx/0.10,557.8,23.3,3.12,327,0.86
2026.269.00:00:00/wx/0.10,557.8,23.0,2.91,330,0.85
2026.269.00:01:00/wx/0.20,557.8,22.7,3.07,338,0.84
2026.269.00:02:00/wx/0.30,557.8,22.5,3.14,340,0.84
2026.269.00:03:00/wx/0.30,557.8,22.1,3.25,341,0.84
2026.269.00:04:00/wx/0.40,557.8,22.0,3.23,339,0.84
2026.269.00:05:00/wx/0.40,557.8,22.0,3.27,340,0.84
2026.269.00:06:00/wx/0.42,557.8,21.7,3.16,337,0.85
2026.269.00:07:00/wx/0.50,557.8,21.6,2.52,330,0.84
2026.269.00:08:00/wx/0.56,557.8,21.2,2.95,334,0.84
2026.269.00:09:00/wx/0.50,557.8,21.4,2.73,328,0.83
2026.269.00:10:00/wx/0.50,557.8,21.3,2.33,327,0.84
2026.269.00:11:00/wx/0.51,557.9,21.4,2.29,324,0.82
2026.269.00:12:00/wx/0.50,557.8,21.4,2.23,325,0.81
2026.269.00:13:00/wx/0.40,557.8,21.6,2.38,329,0.80
2026.269.00:14:00/wx/0.50,557.8,21.2,2.43,329,0.79
2026.269.00:15:00/wx/0.30,557.8,22.1,2.96,337,0.79
2026.269.00:16:00/wx/0.38,557.8,22.0,3.23,331,0.78
2026.269.00:17:00/wx/0.80,557.8,20.7,2.83,330,0.78
2026.269.00:18:00/wx/0.71,557.8,20.9,3.03,324,0.78
2026.269.00:19:00/wx/0.50,557.8,21.6,3.23,339,0.78
2026.269.00:20:00/wx/0.90,557.8,20.7,3.32,334,0.77
2026.269.00:21:00/wx/1.00,557.8,21.0,3.32,334,0.77
2026.269.00:22:00/wx/0.90,557.9,21.4,3.62,339,0.76
2026.269.00:23:00/wx/0.90,557.8,21.6,3.49,338,0.74
2026.269.00:24:00/wx/1.00,557.8,21.5,3.33,337,0.74
2026.269.00:25:00/wx/0.96,557.8,21.5,3.87,341,0.73
2026.269.00:26:00/wx/1.00,557.8,21.6,3.62,335,0.73
2026.269.00:27:00/wx/1.02,557.8,21.5,3.84,338,0.70
2026.269.00:28:00/wx/1.20,557.8,21.4,4.08,342,0.70
2026.269.00:29:00/wx/1.30,557.9,21.3,3.64,340,0.70
2026.269.00:30:00/wx/1.30,557.8,21.1,3.83,332,0.68
2026.269.00:31:00/wx/1.50,557.8,19.4,3.12,341,0.67
2026.269.00:32:00/wx/1.43,557.8,16.4,3.31,313,0.66
2026.269.00:33:00/wx/1.40,557.8,17.0,3.12,335,0.65
2026.269.00:34:00/wx/1.30,557.9,18.4,3.76,336,0.65
2026.269.00:35:00/wx/1.44,557.9,16.2,3.89,321,0.65
2026.269.00:36:00/wx/1.80,557.8,13.6,3.62,334,0.65
2026.269.00:37:00/wx/1.80,557.9,14.9,2.57,326,0.65
2026.269.00:38:00/wx/1.77,557.9,15.5,2.96,328,0.66
2026.269.00:39:00/wx/2.00,557.9,12.7,3.65,337,0.67
2026.269.00:40:00/wx/2.10,557.9,12.7,3.41,331,0.67
2026.269.00:41:00/wx/2.39,557.9,10.6,2.66,338,0.67
2026.269.00:42:00/wx/1.97,557.9,14.5,2.95,327,0.67
2026.269.00:43:00/wx/2.00,557.9,12.0,2.94,319,0.67
2026.269.00:44:00/wx/2.00,557.9,10.6,2.58,330,0.68
2026.269.00:45:00/wx/2.15,557.9,10.3,3.06,324,0.68
2026.269.00:46:00/wx/2.20,558.0,10.0,2.72,323,0.67
2026.269.00:47:00/wx/2.30,557.9,10.3,2.86,334,0.65
2026.269.00:48:00/wx/2.50,557.9,9.3,2.68,320,0.66
2026.269.00:49:00/wx/2.60,557.9,9.3,2.44,337,0.65
2026.269.00:50:00/wx/2.69,557.9,9.0,2.44,333,0.66
2026.269.00:51:00/wx/2.80,557.9,8.6,2.83,335,0.66
2026.269.00:52:00/wx/2.70,557.9,9.1,2.30,324,0.66
2026.269.00:53:00/wx/2.42,557.9,10.0,2.43,325,0.65
2026.269.00:54:00/wx/2.51,557.9,9.5,2.44,325,0.65
2026.269.00:55:00/wx/2.70,557.9,8.7,2.68,338,0.65
2026.269.00:56:00/wx/2.90,557.9,8.1,2.83,328,0.66
2026.269.00:57:00/wx/3.01,557.9,7.9,2.43,319,0.67
2026.269.00:58:00/wx/2.88,557.9,8.3,3.01,311,0.67
2026.269.00:59:00/wx/2.80,557.9,8.2,3.08,332,0.67
2026.269.01:00:00/wx/2.90,558.0,7.7,3.14,319,0.68
2026.269.01:01:00/wx/3.00,558.0,7.8,2.73,314,0.68
2026.269.01:02:00/wx/3.00,558.0,7.7,2.32,329,0.69
2026.269.01:03:00/wx/2.90,558.0,7.8,2.55,321,0.69
2026.269.01:04:00/wx/2.90,558.0,7.8,2.81,328,0.68
2026.269.01:05:00/wx/2.80,557.9,8.1,2.83,319,0.68
2026.269.01:06:00/wx/2.90,558.0,7.5,2.53,331,0.71
2026.269.01:07:00/wx/3.00,557.9,7.2,2.59,318,0.70
2026.269.01:08:00/wx/3.00,558.0,7.3,3.15,306,0.68
2026.269.01:09:00/wx/3.09,557.9,7.2,2.58,314,0.68
2026.269.01:10:00/wx/2.90,558.0,7.6,2.43,318,0.68
2026.269.01:11:00/wx/2.90,558.0,7.5,2.73,315,0.68
2026.269.01:12:00/wx/2.80,558.0,7.6,2.87,316,0.68
2026.269.01:13:00/wx/2.70,557.9,7.8,2.74,319,0.68
2026.269.01:14:00/wx/2.81,558.0,7.4,3.06,319,0.69
2026.269.01:15:00/wx/3.01,558.0,7.1,3.20,331,0.69
2026.269.01:16:00/wx/2.60,558.0,8.1,3.63,322,0.69
2026.269.01:17:00/wx/2.91,558.0,7.3,3.43,333,0.71
2026.269.01:18:00/wx/2.90,558.0,7.3,3.72,329,0.70
2026.269.01:19:00/wx/2.80,558.0,7.5,4.13,326,0.70
2026.269.01:20:00/wx/2.87,558.0,7.4,3.97,330,0.70
2026.269.01:21:00/wx/2.70,558.0,7.9,3.82,327,0.70
2026.269.01:22:00/wx/2.56,558.0,8.0,3.89,336,0.70
2026.269.01:23:00/wx/2.60,558.0,7.8,3.82,333,0.70
2026.269.01:24:00/wx/2.32,558.0,8.4,3.86,330,0.70
2026.269.01:25:00/wx/2.57,558.0,7.9,3.95,328,0.70
2026.269.01:26:00/wx/2.70,558.0,7.6,3.83,332,0.70
2026.269.01:27:00/wx/2.70,558.0,7.7,3.82,334,0.70
2026.269.01:28:00/wx/2.80,558.0,7.5,4.43,332,0.70
2026.269.01:29:00/wx/2.40,558.0,8.4,3.71,337,0.70
2026.269.01:30:00/wx/2.57,558.0,8.2,3.91,323,0.70
2026.269.01:31:00/wx/2.70,558.0,7.7,4.02,325,0.70
2026.269.01:32:00/wx/2.30,558.0,8.4,3.88,323,0.70
2026.269.01:33:00/wx/1.83,558.0,9.2,4.08,322,0.70
2026.269.01:34:00/wx/1.58,558.0,9.5,3.47,309,0.70
2026.269.01:35:00/wx/0.63,558.0,11.7,3.71,303,0.71
2026.269.01:36:00/wx/1.01,558.0,10.5,3.50,313,0.71
2026.269.01:37:00/wx/1.00,558.0,10.3,3.18,308,0.71
2026.269.01:38:00/wx/0.90,558.1,10.9,3.32,304,0.71
2026.269.01:39:00/wx/0.70,558.1,11.4,3.19,312,0.72
2026.269.01:40:00/wx/0.70,558.1,11.2,3.12,317,0.72
2026.269.01:41:00/wx/0.29,558.1,12.3,3.77,324,0.72
2026.269.01:42:00/wx/0.81,558.1,11.1,3.53,333,0.72
2026.269.01:43:00/wx/1.40,558.1,9.8,3.63,331,0.72
2026.269.01:44:00/wx/1.70,558.1,9.1,3.37,331,0.72
2026.269.01:45:00/wx/1.98,558.1,8.7,3.68,334,0.72
2026.269.01:46:00/wx/2.11,558.1,8.4,3.20,322,0.72
2026.269.01:47:00/wx/1.85,558.1,8.9,3.38,328,0.73
2026.269.01:48:00/wx/2.40,558.1,7.6,3.23,329,0.72
2026.269.01:49:00/wx/2.50,558.1,7.4,3.60,318,0.72
2026.269.01:50:00/wx/1.67,558.1,9.0,3.55,297,0.73
2026.269.01:51:00/wx/1.50,558.2,9.3,3.35,310,0.73
2026.269.01:52:00/wx/1.50,558.1,9.2,3.32,306,0.73
2026.269.01:53:00/wx/1.30,558.1,9.5,2.73,307,0.73
2026.269.01:54:00/wx/1.54,558.1,9.0,3.18,318,0.73
2026.269.01:55:00/wx/1.50,558.1,9.3,3.16,314,0.73
2026.269.01:56:00/wx/1.19,558.2,10.0,3.26,313,0.74
2026.269.01:57:00/wx/0.78,558.2,10.7,3.60,316,0.74
2026.269.01:58:00/wx/1.20,558.1,9.6,3.53,311,0.73
2026.269.01:59:00/wx/0.95,558.2,10.0,3.27,299,0.74
2026.269.02:00:00/wx/0.99,558.2,9.9,3.34,304,0.73
2026.269.02:01:00/wx/1.31,558.2,9.2,3.34,309,0.73
2026.269.02:02:00/wx/1.30,558.2,9.0,3.45,318,0.73
2026.269.02:03:00/wx/1.10,558.2,9.4,3.12,315,0.74
2026.269.02:04:00/wx/0.90,558.1,9.9,3.32,303,0.74
2026.269.02:05:00/wx/0.80,558.1,10.2,3.03,313,0.75
2026.269.02:06:00/wx/0.68,558.1,10.5,2.93,311,0.75
2026.269.02:07:00/wx/0.71,558.1,10.3,3.40,313,0.75
2026.269.02:08:00/wx/0.60,558.2,10.4,3.41,308,0.74
2026.269.02:09:00/wx/0.70,558.1,10.4,3.54,316,0.74
2026.269.02:10:00/wx/0.90,558.1,9.9,3.54,312,0.74
2026.269.02:11:00/wx/1.00,558.1,9.7,3.63,312,0.74
2026.269.02:12:00/wx/1.20,558.1,9.2,3.46,305,0.74
2026.269.02:13:00/wx/1.30,558.1,9.0,3.44,307,0.74
2026.269.02:14:00/wx/1.40,558.1,8.9,3.38,311,0.74
2026.269.02:15:00/wx/1.30,558.1,9.0,3.62,307,0.75
2026.269.02:16:00/wx/1.20,558.1,9.1,3.39,313,0.74
2026.269.02:17:00/wx/1.10,558.1,9.5,3.51,308,0.75
2026.269.02:18:00/wx/1.00,558.1,9.7,3.43,313,0.74
2026.269.02:19:00/wx/0.90,558.1,9.8,3.52,316,0.74
2026.269.02:20:00/wx/0.81,558.1,10.1,3.72,317,0.74
2026.269.02:21:00/wx/0.90,558.1,10.1,3.55,316,0.74
2026.269.02:22:00/wx/1.18,558.1,9.7,3.86,315,0.74
2026.269.02:23:00/wx/1.20,558.1,9.6,3.64,311,0.74
2026.269.02:24:00/wx/1.20,558.1,9.7,3.79,318,0.74
2026.269.02:25:00/wx/1.01,558.0,10.0,2.95,324,0.74
2026.269.02:26:00/wx/0.63,558.0,10.9,3.61,316,0.74
2026.269.02:27:00/wx/-0.02,558.0,12.3,3.48,333,0.74
2026.269.02:28:00/wx/-1.14,558.0,14.4,3.61,299,0.74
2026.269.02:29:00/wx/-0.05,558.0,12.1,3.94,323,0.74
2026.269.02:30:00/wx/0.50,558.0,11.0,3.73,333,0.74
2026.269.02:31:00/wx/0.37,558.0,11.8,4.21,336,0.74
2026.269.02:32:00/wx/0.98,558.0,10.7,4.05,339,0.74
2026.269.02:33:00/wx/1.51,558.0,9.5,4.00,337,0.74
2026.269.02:34:00/wx/1.87,558.0,9.0,3.87,338,0.73
2026.269.02:35:00/wx/2.00,558.0,8.6,4.03,331,0.74
2026.269.02:36:00/wx/2.07,558.0,8.5,3.90,340,0.74
2026.269.02:37:00/wx/2.00,558.0,8.7,4.33,339,0.74
2026.269.02:38:00/wx/2.09,558.0,8.3,4.05,344,0.74
2026.269.02:39:00/wx/2.20,558.0,8.2,3.77,334,0.75
2026.269.02:40:00/wx/2.21,558.0,8.3,5.12,345,0.74
2026.269.02:41:00/wx/2.03,558.0,8.6,4.07,337,0.75
2026.269.02:42:00/wx/1.87,558.0,9.0,4.76,336,0.75
2026.269.02:43:00/wx/2.00,558.0,8.6,4.09,338,0.75
2026.269.02:44:00/wx/1.48,558.0,9.9,3.73,327,0.75
2026.269.02:45:00/wx/1.99,558.0,8.5,2.61,323,0.75
2026.269.02:46:00/wx/1.40,558.0,10.5,3.87,338,0.75
2026.269.02:47:00/wx/1.70,558.0,9.5,4.16,339,0.75
2026.269.02:48:00/wx/1.39,558.0,9.9,3.80,337,0.76
2026.269.02:49:00/wx/1.76,557.9,9.2,4.42,346,0.76
2026.269.02:50:00/wx/1.99,558.0,8.7,4.35,352,0.76
2026.269.02:51:00/wx/2.20,558.0,8.3,4.70,343,0.76
2026.269.02:52:00/wx/1.68,558.0,9.1,4.12,345,0.75
2026.269.02:53:00/wx/1.61,558.0,9.8,3.83,340,0.76
2026.269.02:54:00/wx/1.63,558.0,9.3,3.67,312,0.76
2026.269.02:55:00/wx/0.39,558.0,12.5,3.74,334,0.75
2026.269.02:56:00/wx/0.93,558.0,11.4,4.10,337,0.76
2026.269.02:57:00/wx/1.27,558.0,10.4,4.16,336,0.76
2026.269.02:58:00/wx/1.81,558.0,9.1,3.93,339,0.76
2026.269.02:59:00/wx/1.55,558.0,9.9,4.15,336,0.76
2026.269.03:00:00/wx/1.40,558.0,10.0,4.13,334,0.76
2026.269.03:01:00/wx/1.53,558.0,9.3,4.23,338,0.76
2026.269.03:02:00/wx/1.90,558.0,8.6,4.34,336,0.77
2026.269.03:03:00/wx/2.10,558.0,8.3,4.22,339,0.76
2026.269.03:04:00/wx/2.20,558.0,8.1,4.08,343,0.75
2026.269.03:05:00/wx/2.20,557.9,8.1,4.00,341,0.76
2026.269.03:06:00/wx/2.21,557.9,8.2,3.96,336,0.76
2026.269.03:07:00/wx/2.10,557.9,8.3,3.78,339,0.76
2026.269.03:08:00/wx/2.00,557.9,8.7,4.23,339,0.76
2026.269.03:09:00/wx/2.00,557.9,8.8,3.80,336,0.76
2026.269.03:10:00/wx/1.80,557.9,9.6,4.11,337,0.76
2026.269.03:11:00/wx/1.81,557.9,9.3,3.92,342,0.75
2026.269.03:12:00/wx/1.80,557.9,9.3,4.04,344,0.77
2026.269.03:13:00/wx/2.00,557.9,8.9,4.13,339,0.77
2026.269.03:14:00/wx/1.96,557.9,8.9,4.00,344,0.75
2026.269.03:15:00/wx/2.00,557.9,8.9,3.91,341,0.76
2026.269.03:16:00/wx/2.00,557.9,8.8,3.84,338,0.79
2026.269.03:17:00/wx/1.96,557.9,9.1,3.95,335,0.76
2026.269.03:18:00/wx/1.80,557.9,9.3,4.23,337,0.76
2026.269.03:19:00/wx/2.00,557.9,8.8,4.45,341,0.78
2026.269.03:20:00/wx/1.90,557.9,9.1,4.54,341,0.78
2026.269.03:21:00/wx/1.50,557.9,9.9,4.50,343,0.78
2026.269.03:22:00/wx/1.60,557.9,9.6,5.06,344,0.78
2026.269.03:23:00/wx/1.30,558.0,10.5,4.83,338,0.78
2026.269.03:24:00/wx/1.30,557.9,10.3,4.90,338,0.78
2026.269.03:25:00/wx/1.21,557.9,10.1,4.73,340,0.78
2026.269.03:26:00/wx/1.20,557.9,10.1,4.53,340,0.79
2026.269.03:27:00/wx/1.10,557.9,10.9,4.29,345,0.78
2026.269.03:28:00/wx/1.00,557.9,11.2,4.13,349,0.78
2026.269.03:29:00/wx/1.10,557.9,11.0,4.10,343,0.78
2026.269.03:30:00/wx/1.10,558.0,10.8,3.86,346,0.78
2026.269.03:31:00/wx/1.30,557.9,10.3,3.81,347,0.77
2026.269.03:32:00/wx/1.46,557.9,10.3,3.79,346,0.77
2026.269.03:33:00/wx/1.31,557.9,11.1,3.43,339,0.76
2026.269.03:34:00/wx/0.89,557.9,12.1,3.47,347,0.75
2026.269.03:35:00/wx/1.07,557.9,11.7,3.51,349,0.76
2026.269.03:36:00/wx/1.20,557.9,11.0,3.64,349,0.77
2026.269.03:37:00/wx/1.40,557.9,10.6,3.52,349,0.77
2026.269.03:38:00/wx/1.41,557.9,10.4,3.65,351,0.77
2026.269.03:39:00/wx/1.50,557.9,10.4,3.74,347,0.77
2026.269.03:40:00/wx/1.50,557.9,10.4,3.71,345,0.77
2026.269.03:41:00/wx/1.70,557.9,9.6,3.50,348,0.77
2026.269.03:42:00/wx/1.54,557.9,10.3,3.42,336,0.76
2026.269.03:43:00/wx/1.80,557.9,9.1,3.42,336,0.75
2026.269.03:44:00/wx/1.77,557.8,9.1,3.55,338,0.75
2026.269.03:45:00/wx/1.70,557.8,9.5,3.68,342,0.75
2026.269.03:46:00/wx/1.91,557.9,8.9,3.92,334,0.76
2026.269.03:47:00/wx/1.80,557.8,9.0,3.75,334,0.76
2026.269.03:48:00/wx/1.80,557.9,9.2,3.55,337,0.81
2026.269.03:49:00/wx/1.50,557.9,10.3,3.48,327,0.81
2026.269.03:50:00/wx/1.87,557.9,8.7,3.15,323,0.81
2026.269.03:51:00/wx/2.00,557.9,8.1,3.21,324,0.80
2026.269.03:52:00/wx/1.59,557.8,9.7,3.22,322,0.81
2026.269.03:53:00/wx/1.40,557.8,10.1,3.44,322,0.81
2026.269.03:54:00/wx/1.43,557.8,9.6,3.15,324,0.81
2026.269.03:55:00/wx/1.68,557.8,9.0,3.02,325,0.80
2026.269.03:56:00/wx/1.70,557.8,8.8,2.93,320,0.81
2026.269.03:57:00/wx/1.70,557.8,8.8,2.81,318,0.82
2026.269.03:58:00/wx/1.61,557.8,8.8,3.13,327,0.82
2026.269.03:59:00/wx/1.70,557.8,8.6,2.95,326,0.82
2026.269.04:00:00/wx/1.70,557.8,8.6,3.03,324,0.82
2026.269.04:01:00/wx/1.80,557.8,8.3,3.03,328,0.83
2026.269.04:02:00/wx/1.90,557.8,8.1,2.88,326,0.84
2026.269.04:03:00/wx/1.90,557.8,7.9,3.21,332,0.84
2026.269.04:04:00/wx/2.01,557.8,7.8,3.43,335,0.85
2026.269.04:05:00/wx/2.00,557.8,7.7,3.43,336,0.85
2026.269.04:06:00/wx/2.20,557.7,7.5,3.43,333,0.85
2026.269.04:07:00/wx/2.30,557.8,7.4,3.24,330,0.84
2026.269.04:08:00/wx/2.29,557.7,7.4,3.35,334,0.84
2026.269.04:09:00/wx/2.20,557.7,7.5,3.50,334,0.85
2026.269.04:10:00/wx/2.20,557.7,7.6,3.71,336,0.84
2026.269.04:11:00/wx/2.30,557.7,7.6,3.53,339,0.83
2026.269.04:12:00/wx/2.50,557.7,7.4,3.40,329,0.84
2026.269.04:13:00/wx/2.49,557.7,7.4,3.20,329,0.84
2026.269.04:14:00/wx/2.28,557.7,7.7,3.32,332,0.83
2026.269.04:15:00/wx/1.95,557.7,8.2,2.80,331,0.83
2026.269.04:16:00/wx/2.20,557.7,7.7,2.93,320,0.84
2026.269.04:17:00/wx/2.20,557.7,7.6,3.31,331,0.85
2026.269.04:18:00/wx/2.29,557.7,7.8,3.39,335,0.84
2026.269.04:19:00/wx/2.31,557.7,7.7,3.32,335,0.85
2026.269.04:20:00/wx/2.36,557.7,7.6,3.37,336,0.85
2026.269.04:21:00/wx/2.40,557.7,7.6,2.93,338,0.85
2026.269.04:22:00/wx/2.40,557.6,7.5,3.43,334,0.85
2026.269.04:23:00/wx/2.50,557.6,7.5,3.61,335,0.86
2026.269.04:24:00/wx/2.50,557.6,7.5,3.51,330,0.86
2026.269.04:25:00/wx/2.46,557.6,7.6,3.47,341,0.82
2026.269.04:26:00/wx/2.30,557.6,8.0,3.93,341,0.82
2026.269.04:27:00/wx/2.40,557.6,7.7,3.38,338,0.82
2026.269.04:28:00/wx/2.31,557.6,7.9,3.51,337,0.82
2026.269.04:29:00/wx/2.50,557.6,7.5,3.41,323,0.82
2026.269.04:30:00/wx/2.60,557.6,7.3,2.90,319,0.81
2026.269.04:31:00/wx/2.40,557.6,7.7,3.33,310,0.81
2026.269.04:32:00/wx/2.46,557.6,7.5,3.39,323,0.80
2026.269.04:33:00/wx/2.50,557.6,7.4,3.31,314,0.77
2026.269.04:34:00/wx/2.52,557.6,7.4,3.33,314,0.77
2026.269.04:35:00/wx/2.61,557.6,7.4,3.26,324,0.77
2026.269.04:36:00/wx/2.20,557.6,7.7,2.93,322,0.76
2026.269.04:37:00/wx/2.10,557.6,7.6,3.49,334,0.77
2026.269.04:38:00/wx/1.92,557.5,7.8,3.64,332,0.77
2026.269.04:39:00/wx/1.78,557.5,8.1,3.32,326,0.77
2026.269.04:40:00/wx/1.66,557.5,8.4,3.68,323,0.77
2026.269.04:41:00/wx/1.90,557.5,7.6,4.04,333,0.77
2026.269.04:42:00/wx/1.96,557.5,7.2,3.93,334,0.77
2026.269.04:43:00/wx/1.70,557.5,7.9,3.43,319,0.77
2026.269.04:44:00/wx/2.03,557.4,7.6,3.55,317,0.78
2026.269.04:45:00/wx/2.40,557.4,7.0,3.30,331,0.77
2026.269.04:46:00/wx/2.30,557.4,6.9,4.22,333,0.77
2026.269.04:47:00/wx/2.40,557.4,6.7,4.20,336,0.77
2026.269.04:48:00/wx/2.40,557.4,6.4,3.25,329,0.77
2026.269.04:49:00/wx/1.87,557.4,7.4,3.50,325,0.77
2026.269.04:50:00/wx/1.77,557.4,7.6,3.82,328,0.78
2026.269.04:51:00/wx/2.21,557.4,6.3,3.92,330,0.78
2026.269.04:52:00/wx/2.92,557.4,4.9,3.74,332,0.78
2026.269.04:53:00/wx/2.20,557.4,6.4,4.14,342,0.77
2026.269.04:54:00/wx/2.38,557.4,6.1,4.07,342,0.78
2026.269.04:55:00/wx/2.09,557.4,6.5,4.31,332,0.77
2026.269.04:56:00/wx/1.99,557.4,6.5,3.83,329,0.77
2026.269.04:57:00/wx/2.00,557.4,6.5,4.44,336,0.77
2026.269.04:58:00/wx/2.59,557.4,5.4,4.05,330,0.76
2026.269.04:59:00/wx/2.80,557.4,5.1,4.01,335,0.77
2026.269.05:00:00/wx/2.15,557.4,6.4,4.43,335,0.77
2026.269.05:01:00/wx/2.04,557.4,6.6,4.40,337,0.77
2026.269.05:02:00/wx/2.56,557.3,5.5,4.71,336,0.76
2026.269.05:03:00/wx/2.89,557.4,4.9,4.93,343,0.77
2026.269.05:04:00/wx/2.76,557.4,5.2,5.04,345,0.77
2026.269.05:05:00/wx/2.27,557.4,6.2,5.63,348,0.77
2026.269.05:06:00/wx/2.60,557.4,5.4,4.88,344,0.77
2026.269.05:07:00/wx/2.45,557.4,6.2,5.00,346,0.77
2026.269.05:08:00/wx/2.40,557.4,6.3,5.53,349,0.76
2026.269.05:09:00/wx/2.24,557.4,6.6,5.10,341,0.78
2026.269.05:10:00/wx/2.21,557.4,6.6,5.31,347,0.78
2026.269.05:11:00/wx/2.48,557.4,6.3,4.90,343,0.78
2026.269.05:12:00/wx/2.12,557.4,6.6,5.14,337,0.77
2026.269.05:13:00/wx/1.60,557.4,7.2,5.33,336,0.77
2026.269.05:14:00/wx/1.77,557.4,6.7,5.40,333,0.77
2026.269.05:15:00/wx/1.42,557.4,6.9,4.46,333,0.79
2026.269.05:16:00/wx/1.42,557.3,7.1,5.20,334,0.78
2026.269.05:17:00/wx/2.07,557.3,5.9,5.53,341,0.78
2026.269.05:18:00/wx/2.00,557.3,5.8,5.83,339,0.78
2026.269.05:19:00/wx/2.14,557.3,6.0,5.45,342,0.79
2026.269.05:20:00/wx/2.22,557.3,5.8,5.04,340,0.80
2026.269.05:21:00/wx/1.67,557.3,7.2,5.18,339,0.80
2026.269.05:22:00/wx/2.03,557.3,6.3,5.13,341,0.79
2026.269.05:23:00/wx/1.90,557.3,6.9,5.03,341,0.81
2026.269.05:24:00/wx/2.00,557.3,6.6,4.62,338,0.82
2026.269.05:25:00/wx/2.00,557.3,6.6,4.81,340,0.82
2026.269.05:26:00/wx/1.90,557.3,7.3,4.77,338,0.81
2026.269.05:27:00/wx/2.00,557.3,6.8,5.16,342,0.82
2026.269.05:28:00/wx/2.00,557.3,6.8,4.94,342,0.82
2026.269.05:29:00/wx/2.21,557.3,6.5,4.81,340,0.83
2026.269.05:30:00/wx/2.10,557.2,6.8,4.83,342,0.83
2026.269.05:31:00/wx/1.68,557.2,7.7,5.05,341,0.84
2026.269.05:32:00/wx/1.87,557.2,7.1,5.23,346,0.84
2026.269.05:33:00/wx/1.90,557.2,7.1,4.94,343,0.84
2026.269.05:34:00/wx/2.00,557.2,7.2,5.12,344,0.84
2026.269.05:35:00/wx/1.80,557.2,7.5,5.14,342,0.85
2026.269.05:36:00/wx/1.50,557.2,8.0,5.39,345,0.85
2026.269.05:37:00/wx/1.50,557.2,8.4,5.31,346,0.85
2026.269.05:38:00/wx/1.69,557.2,7.9,5.27,346,0.85
2026.269.05:39:00/wx/1.71,557.2,7.9,5.63,348,0.85
2026.269.05:40:00/wx/1.80,557.2,7.8,5.84,341,0.86
2026.269.05:41:00/wx/1.61,557.2,7.8,4.90,333,0.85
2026.269.05:42:00/wx/0.94,557.2,8.8,4.74,338,0.85
2026.269.05:43:00/wx/1.23,557.2,8.4,5.78,340,0.87
2026.269.05:44:00/wx/1.75,557.2,7.3,5.21,338,0.86
2026.269.05:45:00/wx/2.01,557.2,6.8,5.40,344,0.83
2026.269.05:46:00/wx/1.81,557.2,7.2,5.17,340,0.83
2026.269.05:47:00/wx/2.14,557.2,6.4,5.00,330,0.83
2026.269.05:48:00/wx/1.79,557.2,7.2,5.42,333,0.83
2026.269.05:49:00/wx/1.55,557.1,7.9,5.29,340,0.83
2026.269.05:50:00/wx/1.79,557.1,7.3,5.33,334,0.84
2026.269.05:51:00/wx/1.35,557.1,8.0,5.64,338,0.82
2026.269.05:52:00/wx/1.71,557.1,7.3,5.65,342,0.83
2026.269.05:53:00/wx/2.00,557.1,6.4,5.21,336,0.83
2026.269.05:54:00/wx/1.75,557.1,6.8,5.10,335,0.83
2026.269.05:55:00/wx/1.70,557.1,7.0,5.33,336,0.82
2026.269.05:56:00/wx/1.74,557.1,7.1,5.17,337,0.83
2026.269.05:57:00/wx/0.60,557.1,9.4,5.87,342,0.82
2026.269.05:58:00/wx/1.00,557.1,8.6,5.90,337,0.81
2026.269.05:59:00/wx/1.47,557.1,7.6,5.75,342,0.82
2026.269.06:00:00/wx/1.40,557.1,7.7,5.73,343,0.81
2026.269.06:01:00/wx/1.71,557.1,7.2,5.36,341,0.81
2026.269.06:02:00/wx/1.64,557.1,7.3,5.17,342,0.81
2026.269.06:03:00/wx/1.40,557.1,8.1,5.53,343,0.83
2026.269.06:04:00/wx/1.36,557.1,8.4,5.12,342,0.82
2026.269.06:05:00/wx/1.38,557.1,8.2,5.20,344,0.81
2026.269.06:06:00/wx/1.58,557.1,7.8,5.10,342,0.81
2026.269.06:07:00/wx/1.86,557.1,7.1,4.60,339,0.81
2026.269.06:08:00/wx/1.50,557.0,7.9,4.73,342,0.82
2026.269.06:09:00/wx/1.75,557.1,7.6,5.34,341,0.82
2026.269.06:10:00/wx/1.72,557.1,7.3,5.12,340,0.83
2026.269.06:11:00/wx/1.68,557.0,7.4,4.99,344,0.81
2026.269.06:12:00/wx/1.70,557.0,7.4,5.17,343,0.82
2026.269.06:13:00/wx/1.70,557.0,7.3,5.13,341,0.88
2026.269.06:14:00/wx/1.80,557.0,7.3,5.19,341,0.84
2026.269.06:15:00/wx/1.83,557.0,7.1,4.96,340,0.84
2026.269.06:16:00/wx/1.93,557.0,6.5,4.83,349,0.84
2026.269.06:17:00/wx/1.76,557.0,7.2,5.10,342,0.83
2026.269.06:18:00/wx/1.90,557.0,7.0,5.23,342,0.83
2026.269.06:19:00/wx/1.81,557.0,7.1,4.69,341,0.82
2026.269.06:20:00/wx/1.61,556.9,7.5,5.00,349,0.83
2026.269.06:21:00/wx/1.61,557.0,7.8,5.02,351,0.82
2026.269.06:22:00/wx/1.66,557.0,7.9,5.19,341,0.83
2026.269.06:23:00/wx/1.60,557.0,7.8,4.93,345,0.82
2026.269.06:24:00/wx/1.30,557.0,8.3,5.08,341,0.83
2026.269.06:25:00/wx/1.80,557.0,7.1,4.95,344,0.83
2026.269.06:26:00/wx/1.90,557.0,6.7,5.18,339,0.84
2026.269.06:27:00/wx/1.91,557.0,6.8,4.67,338,0.82
2026.269.06:28:00/wx/1.31,557.0,8.2,5.13,343,0.83
2026.269.06:29:00/wx/1.72,557.0,7.1,5.30,341,0.83
2026.269.06:30:00/wx/1.50,557.0,7.6,5.47,341,0.84
2026.269.06:31:00/wx/1.81,557.0,6.8,4.99,344,0.83
2026.269.06:32:00/wx/1.86,557.0,6.6,4.72,340,0.83
2026.269.06:33:00/wx/1.50,557.0,7.6,5.43,346,0.83
2026.269.06:34:00/wx/1.46,557.0,7.2,5.12,340,0.84
2026.269.06:35:00/wx/1.50,557.0,7.4,4.93,343,0.84
2026.269.06:36:00/wx/1.63,557.0,6.9,4.99,342,0.83
2026.269.06:37:00/wx/1.73,557.0,6.6,4.80,344,0.84
2026.269.06:38:00/wx/1.70,557.0,6.9,4.83,345,0.84
2026.269.06:39:00/wx/1.70,557.0,6.6,4.93,341,0.84
2026.269.06:40:00/wx/1.70,557.0,6.6,4.73,341,0.84
2026.269.06:41:00/wx/1.90,557.0,6.2,4.78,339,0.84
2026.269.06:42:00/wx/1.82,557.0,6.2,4.51,341,0.84
2026.269.06:43:00/wx/1.80,557.0,6.5,5.03,344,0.83
2026.269.06:44:00/wx/1.80,556.9,6.5,4.84,343,0.86
2026.269.06:45:00/wx/1.80,556.9,6.5,4.93,339,0.86
2026.269.06:46:00/wx/1.83,557.0,6.3,5.11,340,0.85
2026.269.06:47:00/wx/1.90,556.9,6.2,4.89,337,0.84
2026.269.06:48:00/wx/1.80,557.0,6.7,4.84,341,0.84
2026.269.06:49:00/wx/1.70,557.0,6.6,5.05,344,0.84
2026.269.06:50:00/wx/1.79,556.9,6.4,4.94,344,0.84
2026.269.06:51:00/wx/2.00,556.9,5.8,4.55,342,0.85
2026.269.06:52:00/wx/1.90,556.9,6.3,4.52,343,0.86
2026.269.06:53:00/wx/2.00,556.9,6.0,4.42,340,0.85
2026.269.06:54:00/wx/2.00,556.9,6.0,4.60,341,0.85
2026.269.06:55:00/wx/2.00,556.9,6.1,4.83,343,0.85
2026.269.06:56:00/wx/2.00,556.9,5.9,4.55,342,0.87
2026.269.06:57:00/wx/2.00,556.9,6.1,4.70,342,0.87
2026.269.06:58:00/wx/2.00,556.9,6.2,4.25,339,0.86
2026.269.06:59:00/wx/2.10,556.9,6.0,4.29,340,0.87
2026.269.07:00:00/wx/2.20,556.9,5.6,4.13,344,0.87
2026.269.07:01:00/wx/2.20,556.9,5.6,3.97,337,0.87
2026.269.07:02:00/wx/1.81,556.9,6.5,3.84,337,0.87
2026.269.07:03:00/wx/1.91,556.9,6.2,4.03,333,0.87
2026.269.07:04:00/wx/1.87,556.9,6.5,4.13,340,0.87
2026.269.07:05:00/wx/2.00,556.9,6.2,3.93,338,0.86
2026.269.07:06:00/wx/2.10,556.9,6.1,3.83,340,0.86
2026.269.07:07:00/wx/2.10,556.9,6.0,3.78,340,0.86
2026.269.07:08:00/wx/2.10,556.8,6.0,3.54,341,0.85
2026.269.07:09:00/wx/2.10,556.8,5.9,3.79,339,0.85
2026.269.07:10:00/wx/2.10,556.8,5.9,4.03,335,0.86
2026.269.07:11:00/wx/2.10,556.8,5.8,4.02,336,0.86
2026.269.07:12:00/wx/2.29,556.8,5.6,3.84,339,0.85
2026.269.07:13:00/wx/2.20,556.8,5.7,3.88,336,0.85
2026.269.07:14:00/wx/2.20,556.8,5.8,3.63,335,0.84
2026.269.07:15:00/wx/2.20,556.9,5.8,4.03,337,0.84
2026.269.07:16:00/wx/2.20,556.8,5.6,3.84,336,0.84
2026.269.07:17:00/wx/2.40,556.8,5.2,3.73,337,0.85
2026.269.07:18:00/wx/2.22,556.8,5.7,4.14,341,0.86
2026.269.07:19:00/wx/2.30,556.8,5.5,3.94,340,0.86
2026.269.07:20:00/wx/2.40,556.8,5.3,4.00,343,0.85
2026.269.07:21:00/wx/2.24,556.8,5.8,3.49,334,0.85
2026.269.07:22:00/wx/2.40,556.8,5.4,3.43,329,0.85
2026.269.07:23:00/wx/2.37,556.8,5.3,3.46,334,0.84
2026.269.07:24:00/wx/2.48,556.8,5.1,3.62,335,0.86
2026.269.07:25:00/wx/2.50,556.7,5.1,3.27,335,0.86
2026.269.07:26:00/wx/2.50,556.8,5.0,3.76,333,0.84
2026.269.07:27:00/wx/2.50,556.7,5.0,3.63,336,0.84
2026.269.07:28:00/wx/2.31,556.8,5.3,3.16,332,0.84
2026.269.07:29:00/wx/2.30,556.8,5.3,3.33,326,0.84
2026.269.07:30:00/wx/2.39,556.7,5.2,3.29,322,0.85
2026.269.07:31:00/wx/2.16,556.7,5.6,3.53,337,0.84
2026.269.07:32:00/wx/2.30,556.7,5.3,3.63,332,0.85
2026.269.07:33:00/wx/2.30,556.7,5.2,3.48,328,0.85
2026.269.07:34:00/wx/2.00,556.8,5.8,3.73,330,0.85
2026.269.07:35:00/wx/2.20,556.7,5.5,3.86,333,0.84
2026.269.07:36:00/wx/2.40,556.8,5.1,3.50,330,0.83
2026.269.07:37:00/wx/2.40,556.7,5.2,3.23,324,0.86
2026.269.07:38:00/wx/2.40,556.8,5.2,4.05,335,0.86
2026.269.07:39:00/wx/2.30,556.7,5.5,3.92,331,0.85
2026.269.07:40:00/wx/2.30,556.7,5.5,3.76,333,0.84
2026.269.07:41:00/wx/2.23,556.7,5.5,3.60,330,0.84
2026.269.07:42:00/wx/2.00,556.7,6.1,3.83,339,0.85
2026.269.07:43:00/wx/2.10,556.7,5.7,3.68,342,0.90
2026.269.07:44:00/wx/2.10,556.7,5.6,3.82,336,0.87
2026.269.07:45:00/wx/1.76,556.7,6.5,4.09,342,0.88
2026.269.07:46:00/wx/1.68,556.7,6.9,4.12,339,0.87
2026.269.07:47:00/wx/1.80,556.7,6.3,4.01,342,0.86
2026.269.07:48:00/wx/1.64,556.6,6.9,4.09,342,0.87
2026.269.07:49:00/wx/1.79,556.7,6.3,4.12,340,0.86
2026.269.07:50:00/wx/2.14,556.7,5.7,4.32,345,0.87
2026.269.07:51:00/wx/2.20,556.7,5.5,3.80,343,0.87
2026.269.07:52:00/wx/2.19,556.7,5.7,3.91,351,0.87
2026.269.07:53:00/wx/1.89,556.7,6.3,4.02,345,0.87
2026.269.07:54:00/wx/1.40,556.6,7.4,3.83,344,0.85
2026.269.07:55:00/wx/1.07,556.6,7.7,3.99,344,0.86
2026.269.07:56:00/wx/1.17,556.6,7.1,3.77,346,0.87
2026.269.07:57:00/wx/1.92,556.6,6.0,3.88,334,0.88
2026.269.07:58:00/wx/2.27,556.6,5.5,3.98,334,0.88
2026.269.07:59:00/wx/2.40,556.6,5.2,3.43,346,0.86
2026.269.08:00:00/wx/2.30,556.6,5.6,3.90,336,0.87
2026.269.08:01:00/wx/2.30,556.6,5.4,3.85,337,0.88
2026.269.08:02:00/wx/1.98,556.6,5.8,3.79,343,0.87
2026.269.08:03:00/wx/1.80,556.6,6.1,3.66,335,0.88
2026.269.08:04:00/wx/1.60,556.6,6.5,4.13,342,0.89
2026.269.08:05:00/wx/1.95,556.6,5.8,4.01,347,0.88
2026.269.08:06:00/wx/1.70,556.6,6.4,3.93,336,0.87
2026.269.08:07:00/wx/1.81,556.6,6.3,4.31,330,0.87
2026.269.08:08:00/wx/1.60,556.6,6.7,3.81,334,0.86
2026.269.08:09:00/wx/1.70,556.7,6.5,4.23,330,0.86
2026.269.08:10:00/wx/1.45,556.6,7.1,4.29,330,0.87
2026.269.08:11:00/wx/1.59,556.6,6.7,4.35,336,0.86
2026.269.08:12:00/wx/1.60,556.6,6.6,4.52,335,0.85
2026.269.08:13:00/wx/1.38,556.6,7.0,4.73,338,0.84
2026.269.08:14:00/wx/1.39,556.7,6.7,4.63,337,0.84
2026.269.08:15:00/wx/1.20,556.6,7.3,4.94,337,0.85
2026.269.08:16:00/wx/1.29,556.6,6.9,4.73,340,0.85
2026.269.08:17:00/wx/1.50,556.7,6.4,4.78,341,0.84
2026.269.08:18:00/wx/1.30,556.6,7.1,4.83,344,0.86
2026.269.08:19:00/wx/1.10,556.6,7.8,4.72,342,0.85
2026.269.08:20:00/wx/1.10,556.7,7.9,5.03,343,0.86
2026.269.08:21:00/wx/0.91,556.6,7.9,4.74,345,0.85
2026.269.08:22:00/wx/1.10,556.7,7.6,4.46,344,0.85
2026.269.08:23:00/wx/1.39,556.6,6.9,4.68,348,0.86
2026.269.08:24:00/wx/1.60,556.6,6.3,4.64,344,0.85
2026.269.08:25:00/wx/1.90,556.6,5.9,4.42,346,0.86
2026.269.08:26:00/wx/1.70,556.7,6.4,4.84,348,0.86
2026.269.08:27:00/wx/1.60,556.7,6.6,4.43,343,0.87
2026.269.08:28:00/wx/1.40,556.7,7.0,4.51,349,0.86
2026.269.08:29:00/wx/1.51,556.7,6.6,4.54,347,0.85
2026.269.08:30:00/wx/1.45,556.7,6.8,4.78,343,0.85
2026.269.08:31:00/wx/1.40,556.7,7.1,4.64,343,0.86
2026.269.08:32:00/wx/1.20,556.7,7.2,4.86,343,0.87
2026.269.08:33:00/wx/1.30,556.7,6.6,4.93,343,0.88
2026.269.08:34:00/wx/1.49,556.6,6.3,4.73,345,0.88
2026.269.08:35:00/wx/1.36,556.7,6.7,4.23,346,0.90
2026.269.08:36:00/wx/1.20,556.7,7.5,4.83,345,0.88
2026.269.08:37:00/wx/1.10,556.7,7.8,4.18,339,0.88
2026.269.08:38:00/wx/1.30,556.7,7.2,4.34,341,0.89
2026.269.08:39:00/wx/1.30,556.7,7.0,4.23,344,0.88
2026.269.08:40:00/wx/1.30,556.7,7.0,4.43,343,0.88
2026.269.08:41:00/wx/1.41,556.6,6.4,4.16,343,0.89
2026.269.08:42:00/wx/1.29,556.7,7.0,3.86,340,0.88
2026.269.08:43:00/wx/1.17,556.7,7.1,4.13,341,0.89
2026.269.08:44:00/wx/1.20,556.7,6.9,4.03,341,0.88
2026.269.08:45:00/wx/1.00,556.7,7.2,3.95,340,0.87
2026.269.08:46:00/wx/0.79,556.7,7.6,4.32,343,0.88
2026.269.08:47:00/wx/0.77,556.7,7.7,3.99,341,0.89
2026.269.08:48:00/wx/0.90,556.7,7.7,4.03,342,0.89
2026.269.08:49:00/wx/1.10,556.7,7.4,4.13,345,0.89
