21-APR-2026,10.003171636108,16251,P-HALF,1.1666175127029,86241,AP-N901-F303,0.044944401830435,0.044944401830435,76.261840820312,268.25
21-APR-2026,10.003171636108,16251,P-HALF,1.1666175127029,86241,AP-N902-F303,0.033139158040285,0.033139158040285,73.228507995605,268.25
21-APR-2026,10.012338382541,16251,P-HALF,1.1645400524139,86241,AP-N901-F303,0.044944401830435,0.044944401830435,76.261840820312,268.25
21-APR-2026,10.012338382541,16251,P-HALF,1.1645400524139,86241,AP-N902-F303,0.033139158040285,0.033139158040285,73.228507995605,268.25
21-APR-2026,10.021227352531,16251,P-HALF,1.1625250577927,86241,AP-N901-F303,0.044944401830435,0.044944401830435,76.261840820312,268.25
21-APR-2026,10.021227352531,16251,P-HALF,1.1625250577927,86241,AP-N902-F303,0.033139158040285,0.033139158040285,73.228507995605,268.25
21-APR-2026,10.030116320425,16251,P-HALF,1.1605093479156,86241,AP-N901-F303,0.044944401830435,0.044944401830435,76.261840820312,268.25
21-APR-2026,10.030116320425,16251,P-HALF,1.1605093479156,86241,AP-N902-F303,0.033139158040285,0.033139158040285,73.228507995605,268.25
21-APR-2026,10.039005287796,16251,P-HALF,1.1584930419922,86241,AP-N901-F303,0.044944401830435,0.044944401830435,76.261840820312,268.25
21-APR-2026,10.039005287796,16251,P-HALF,1.1584930419922,86241,AP-N902-F303,0.033139158040285,0.033139158040285,73.228507995605,268.25
21-APR-2026,10.259517511831,16258,1741-038,0.97409909963608,86241,AP-N901-F303,0.058448225259781,0.058448225259781,77.734786987305,268.04998779297
21-APR-2026,10.259517511831,16258,1741-038,0.97409909963608,86241,AP-N902-F303,0.053775500506163,0.053775500506163,74.982292175293,268.04998779297
21-APR-2026,10.27521208876,16262,1741-038,0.97080039978027,86241,AP-N901-F303,0.058448225259781,0.058448225259781,77.734786987305,268.04998779297
21-APR-2026,10.27521208876,16262,1741-038,0.97080039978027,86241,AP-N902-F303,0.053775500506163,0.053775500506163,74.982292175293,268.04998779297
21-APR-2026,10.284101058052,16262,1741-038,0.9689285159111,86241,AP-N901-F303,0.058448225259781,0.058448225259781,77.734786987305,268.04998779297
21-APR-2026,10.284101058052,16262,1741-038,0.9689285159111,86241,AP-N902-F303,0.053775500506163,0.053775500506163,74.982292175293,268.04998779297
21-APR-2026,10.292990024723,16262,1741-038,0.96705406904221,86241,AP-N901-F303,0.058448225259781,0.058448225259781,77.734786987305,268.04998779297
21-APR-2026,10.292990024723,16262,1741-038,0.96705406904221,86241,AP-N902-F303,0.053775500506163,0.053775500506163,74.982292175293,268.04998779297
21-APR-2026,10.358268383118,16269,P-HALF,1.085765004158,86241,AP-N901-F303,0.049130484461784,0.049130484461784,76.936477661133,268.14999389648
21-APR-2026,10.358268383118,16269,P-HALF,1.085765004158,86241,AP-N902-F303,0.039980672299862,0.039980672299862,73.904090881348,268.14999389648
21-APR-2026,10.367157351885,16269,P-HALF,1.0837333202362,86241,AP-N901-F303,0.049130484461784,0.049130484461784,76.936477661133,268.14999389648
21-APR-2026,10.367157351885,16269,P-HALF,1.0837333202362,86241,AP-N902-F303,0.039980672299862,0.039980672299862,73.904090881348,268.14999389648
21-APR-2026,10.376046319954,16269,P-HALF,1.0817012786865,86241,AP-N901-F303,0.049130484461784,0.049130484461784,76.936477661133,268.14999389648
21-APR-2026,10.376046319954,16269,P-HALF,1.0817012786865,86241,AP-N902-F303,0.039980672299862,0.039980672299862,73.904090881348,268.14999389648
21-APR-2026,10.38493528942,16269,P-HALF,1.0796689987183,86241,AP-N901-F303,0.049130484461784,0.049130484461784,76.936477661133,268.14999389648
21-APR-2026,10.38493528942,16269,P-HALF,1.0796689987183,86241,AP-N902-F303,0.039980672299862,0.039980672299862,73.904090881348,268.14999389648
21-APR-2026,10.393824257314,16269,P-HALF,1.0776364803314,86241,AP-N901-F303,0.049130484461784,0.049130484461784,76.936477661133,268.14999389648
21-APR-2026,10.393824257314,16269,P-HALF,1.0776364803314,86241,AP-N902-F303,0.039980672299862,0.039980672299862,73.904090881348,268.14999389648
21-APR-2026,10.402713223462,16269,P-HALF,1.075603723526,86241,AP-N901-F303,0.049130484461784,0.049130484461784,76.936477661133,268.14999389648
21-APR-2026,10.402713223462,16269,P-HALF,1.075603723526,86241,AP-N902-F303,0.039980672299862,0.039980672299862,73.904090881348,268.14999389648
21-APR-2026,10.485630625844,16274,P-HALF,1.0566300153732,86241,AP-N901-F303,0.052862353622913,0.052862353622913,77.20743560791,268.25
21-APR-2026,10.485630625844,16274,P-HALF,1.0566300153732,86241,AP-N902-F303,0.04474937915802,0.04474937915802,74.362495422363,268.25
21-APR-2026,10.514103104434,16278,P-HALF,1.0501104593277,86241,AP-N901-F303,0.052862353622913,0.052862353622913,77.20743560791,268.25
21-APR-2026,10.514103104434,16278,P-HALF,1.0501104593277,86241,AP-N902-F303,0.04474937915802,0.04474937915802,74.362495422363,268.25
21-APR-2026,10.522992074075,16278,P-HALF,1.0480746030807,86241,AP-N901-F303,0.052862353622913,0.052862353622913,77.20743560791,268.25
21-APR-2026,10.522992074075,16278,P-HALF,1.0480746030807,86241,AP-N902-F303,0.04474937915802,0.04474937915802,74.362495422363,268.25
21-APR-2026,10.531881043192,16278,P-HALF,1.0460386276245,86241,AP-N901-F303,0.052862353622913,0.052862353622913,77.20743560791,268.25
21-APR-2026,10.531881043192,16278,P-HALF,1.0460386276245,86241,AP-N902-F303,0.04474937915802,0.04474937915802,74.362495422363,268.25
21-APR-2026,10.540770011086,16278,P-HALF,1.0440024137497,86241,AP-N901-F303,0.052862353622913,0.052862353622913,77.20743560791,268.25
21-APR-2026,10.540770011086,16278,P-HALF,1.0440024137497,86241,AP-N902-F303,0.04474937915802,0.04474937915802,74.362495422363,268.25
21-APR-2026,10.549658979679,16278,P-HALF,1.0419660806656,86241,AP-N901-F303,0.052862353622913,0.052862353622913,77.20743560791,268.25
21-APR-2026,10.549658979679,16278,P-HALF,1.0419660806656,86241,AP-N902-F303,0.04474937915802,0.04474937915802,74.362495422363,268.25
21-APR-2026,10.558547946525,16278,P-HALF,1.0399293899536,86241,AP-N901-F303,0.052862353622913,0.052862353622913,77.20743560791,268.25
21-APR-2026,10.558547946525,16278,P-HALF,1.0399293899536,86241,AP-N902-F303,0.04474937915802,0.04474937915802,74.362495422363,268.25
21-APR-2026,10.640909791655,16283,P-HALF,1.0210520029068,86241,AP-N901-F303,0.048269759863615,0.048269759863615,77.43293762207,268.35000610352
21-APR-2026,10.640909791655,16283,P-HALF,1.0210520029068,86241,AP-N902-F303,0.039722606539726,0.039722606539726,74.413436889648,268.35000610352
21-APR-2026,10.678271233949,16287,P-HALF,1.0124847888947,86241,AP-N901-F303,0.048269759863615,0.048269759863615,77.43293762207,268.35000610352
21-APR-2026,10.678271233949,16287,P-HALF,1.0124847888947,86241,AP-N902-F303,0.039722606539726,0.039722606539726,74.413436889648,268.35000610352
21-APR-2026,10.687160202716,16287,P-HALF,1.010446190834,86241,AP-N901-F303,0.048269759863615,0.048269759863615,77.43293762207,268.35000610352
21-APR-2026,10.687160202716,16287,P-HALF,1.010446190834,86241,AP-N902-F303,0.039722606539726,0.039722606539726,74.413436889648,268.35000610352
21-APR-2026,10.69604917096,16287,P-HALF,1.0084073543549,86241,AP-N901-F303,0.048269759863615,0.048269759863615,77.43293762207,268.35000610352
21-APR-2026,10.69604917096,16287,P-HALF,1.0084073543549,86241,AP-N902-F303,0.039722606539726,0.039722606539726,74.413436889648,268.35000610352
21-APR-2026,10.704938137981,16287,P-HALF,1.006368637085,86241,AP-N901-F303,0.048269759863615,0.048269759863615,77.43293762207,268.35000610352
21-APR-2026,10.704938137981,16287,P-HALF,1.006368637085,86241,AP-N902-F303,0.039722606539726,0.039722606539726,74.413436889648,268.35000610352
21-APR-2026,10.713827104828,16287,P-HALF,1.0043296813965,86241,AP-N901-F303,0.048269759863615,0.048269759863615,77.43293762207,268.35000610352
21-APR-2026,10.713827104828,16287,P-HALF,1.0043296813965,86241,AP-N902-F303,0.039722606539726,0.039722606539726,74.413436889648,268.35000610352
21-APR-2026,10.722716072547,16287,P-HALF,1.0022906064987,86241,AP-N901-F303,0.048269759863615,0.048269759863615,77.43293762207,268.35000610352
21-APR-2026,10.722716072547,16287,P-HALF,1.0022906064987,86241,AP-N902-F303,0.039722606539726,0.039722606539726,74.413436889648,268.35000610352
21-APR-2026,10.804522357107,16292,P-HALF,0.9835210442543,86241,AP-N901-F303,0.055259644985199,0.055259644985199,77.610717773437,268.14999389648
21-APR-2026,10.804522357107,16292,P-HALF,0.9835210442543,86241,AP-N902-F303,0.049100399017334,0.049100399017334,74.7216796875,268.14999389648
21-APR-2026,10.834105957187,16296,P-HALF,0.97673177719116,86241,AP-N901-F303,0.055259644985199,0.055259644985199,77.610717773437,268.14999389648
21-APR-2026,10.834105957187,16296,P-HALF,0.97673177719116,86241,AP-N902-F303,0.049100399017334,0.049100399017334,74.7216796875,268.14999389648
21-APR-2026,10.842994925779,16296,P-HALF,0.97469168901443,86241,AP-N901-F303,0.055259644985199,0.055259644985199,77.610717773437,268.14999389648
21-APR-2026,10.842994925779,16296,P-HALF,0.97469168901443,86241,AP-N902-F303,0.049100399017334,0.049100399017334,74.7216796875,268.14999389648
21-APR-2026,10.85188389315,16296,P-HALF,0.97265160083771,86241,AP-N901-F303,0.055259644985199,0.055259644985199,77.610717773437,268.14999389648
21-APR-2026,10.85188389315,16296,P-HALF,0.97265160083771,86241,AP-N902-F303,0.049100399017334,0.049100399017334,74.7216796875,268.14999389648
21-APR-2026,10.860772859997,16296,P-HALF,0.97061139345169,86241,AP-N901-F303,0.055259644985199,0.055259644985199,77.610717773437,268.14999389648
21-APR-2026,10.860772859997,16296,P-HALF,0.97061139345169,86241,AP-N902-F303,0.049100399017334,0.049100399017334,74.7216796875,268.14999389648
21-APR-2026,10.869661828415,16296,P-HALF,0.96857118606567,86241,AP-N901-F303,0.055259644985199,0.055259644985199,77.610717773437,268.14999389648
21-APR-2026,10.869661828415,16296,P-HALF,0.96857118606567,86241,AP-N902-F303,0.049100399017334,0.049100399017334,74.7216796875,268.14999389648
21-APR-2026,10.878550796309,16296,P-HALF,0.96653091907501,86241,AP-N901-F303,0.055259644985199,0.055259644985199,77.610717773437,268.14999389648
21-APR-2026,10.878550796309,16296,P-HALF,0.96653091907501,86241,AP-N902-F303,0.049100399017334,0.049100399017334,74.7216796875,268.14999389648
21-APR-2026,10.960357088203,16301,P-HALF,0.94775241613388,86241,AP-N901-F303,0.056086342781782,0.056086342781782,78.013244628906,268.14999389648
21-APR-2026,10.960357088203,16301,P-HALF,0.94775241613388,86241,AP-N902-F303,0.050804100930691,0.050804100930691,75.063316345215,268.14999389648
21-APR-2026,10.997718523163,16305,P-HALF,0.9391758441925,86241,AP-N901-F303,0.056086342781782,0.056086342781782,78.013244628906,268.14999389648
21-APR-2026,10.997718523163,16305,P-HALF,0.9391758441925,86241,AP-N902-F303,0.050804100930691,0.050804100930691,75.063316345215,268.14999389648
21-APR-2026,11.006607492454,16305,P-HALF,0.93713527917862,86241,AP-N901-F303,0.056086342781782,0.056086342781782,78.013244628906,268.14999389648
21-APR-2026,11.006607492454,16305,P-HALF,0.93713527917862,86241,AP-N902-F303,0.050804100930691,0.050804100930691,75.063316345215,268.14999389648
21-APR-2026,11.015496458428,16305,P-HALF,0.93509471416473,86241,AP-N901-F303,0.056086342781782,0.056086342781782,78.013244628906,268.14999389648
21-APR-2026,11.015496458428,16305,P-HALF,0.93509471416473,86241,AP-N902-F303,0.050804100930691,0.050804100930691,75.063316345215,268.14999389648
21-APR-2026,11.024385428767,16305,P-HALF,0.93305414915085,86241,AP-N901-F303,0.056086342781782,0.056086342781782,78.013244628906,268.14999389648
21-APR-2026,11.024385428767,16305,P-HALF,0.93305414915085,86241,AP-N902-F303,0.050804100930691,0.050804100930691,75.063316345215,268.14999389648
21-APR-2026,11.033274396137,16305,P-HALF,0.93101358413696,86241,AP-N901-F303,0.056086342781782,0.056086342781782,78.013244628906,268.14999389648
21-APR-2026,11.033274396137,16305,P-HALF,0.93101358413696,86241,AP-N902-F303,0.050804100930691,0.050804100930691,75.063316345215,268.14999389648
21-APR-2026,11.042163365428,16305,P-HALF,0.92897301912308,86241,AP-N901-F303,0.056086342781782,0.056086342781782,78.013244628906,268.14999389648
21-APR-2026,11.042163365428,16305,P-HALF,0.92897301912308,86241,AP-N902-F303,0.050804100930691,0.050804100930691,75.063316345215,268.14999389648
21-APR-2026,11.124247426082,16310,P-HALF,0.91013062000275,86241,AP-N901-F303,0.047644056379795,0.047644056379795,78.291358947754,268.14999389648
21-APR-2026,11.124247426082,16310,P-HALF,0.91013062000275,86241,AP-N902-F303,0.039748478680849,0.039748478680849,75.460502624512,268.14999389648
21-APR-2026,11.153275471878,16314,P-HALF,0.90346765518188,86241,AP-N901-F303,0.047644056379795,0.047644056379795,78.291358947754,268.14999389648
21-APR-2026,11.153275471878,16314,P-HALF,0.90346765518188,86241,AP-N902-F303,0.039748478680849,0.039748478680849,75.460502624512,268.14999389648
21-APR-2026,11.162442219533,16314,P-HALF,0.90136367082596,86241,AP-N901-F303,0.047644056379795,0.047644056379795,78.291358947754,268.14999389648
21-APR-2026,11.162442219533,16314,P-HALF,0.90136367082596,86241,AP-N902-F303,0.039748478680849,0.039748478680849,75.460502624512,268.14999389648
21-APR-2026,11.171331188126,16314,P-HALF,0.89932352304459,86241,AP-N901-F303,0.047644056379795,0.047644056379795,78.291358947754,268.14999389648
21-APR-2026,11.171331188126,16314,P-HALF,0.89932352304459,86241,AP-N902-F303,0.039748478680849,0.039748478680849,75.460502624512,268.14999389648
21-APR-2026,11.180220156544,16314,P-HALF,0.89728337526321,86241,AP-N901-F303,0.047644056379795,0.047644056379795,78.291358947754,268.14999389648
21-APR-2026,11.180220156544,16314,P-HALF,0.89728337526321,86241,AP-N902-F303,0.039748478680849,0.039748478680849,75.460502624512,268.14999389648
21-APR-2026,11.189109123915,16314,P-HALF,0.89524328708649,86241,AP-N901-F303,0.047644056379795,0.047644056379795,78.291358947754,268.14999389648
21-APR-2026,11.189109123915,16314,P-HALF,0.89524328708649,86241,AP-N902-F303,0.039748478680849,0.039748478680849,75.460502624512,268.14999389648
21-APR-2026,11.197998094254,16314,P-HALF,0.8932032585144,86241,AP-N901-F303,0.047644056379795,0.047644056379795,78.291358947754,268.14999389648
21-APR-2026,11.197998094254,16314,P-HALF,0.8932032585144,86241,AP-N902-F303,0.039748478680849,0.039748478680849,75.460502624512,268.14999389648
21-APR-2026,11.417212895733,16319,VX-SGR,0.9181159734726,86241,AP-N901-F303,0.054511029273272,0.054511029273272,78.222999572754,268.25
21-APR-2026,11.417212895733,16319,VX-SGR,0.9181159734726,86241,AP-N902-F303,0.048524532467127,0.048524532467127,75.418754577637,268.25
21-APR-2026,11.436240841319,16323,1921-293,1.21448969841,86241,AP-N901-F303,0.054511029273272,0.054511029273272,78.222999572754,268.25
21-APR-2026,11.436240841319,16323,1921-293,1.21448969841,86241,AP-N902-F303,0.048524532467127,0.048524532467127,75.418754577637,268.25
21-APR-2026,11.445129810611,16323,1921-293,1.2125004529953,86241,AP-N901-F303,0.054511029273272,0.054511029273272,78.222999572754,268.25
21-APR-2026,11.445129810611,16323,1921-293,1.2125004529953,86241,AP-N902-F303,0.048524532467127,0.048524532467127,75.418754577637,268.25
21-APR-2026,11.454018777283,16323,1921-293,1.2105106115341,86241,AP-N901-F303,0.054511029273272,0.054511029273272,78.222999572754,268.25
21-APR-2026,11.454018777283,16323,1921-293,1.2105106115341,86241,AP-N902-F303,0.048524532467127,0.048524532467127,75.418754577637,268.25
21-APR-2026,11.516797114684,16330,P-HALF,0.82008856534958,86241,AP-N901-F303,0.050659961998463,0.050659961998463,79.681350708008,268.45001220703
21-APR-2026,11.516797114684,16330,P-HALF,0.82008856534958,86241,AP-N902-F303,0.045245841145515,0.045245841145515,76.801361083984,268.45001220703
21-APR-2026,11.525686083102,16330,P-HALF,0.81805175542831,86241,AP-N901-F303,0.050659961998463,0.050659961998463,79.681350708008,268.45001220703
21-APR-2026,11.525686083102,16330,P-HALF,0.81805175542831,86241,AP-N902-F303,0.045245841145515,0.045245841145515,76.801361083984,268.45001220703
21-APR-2026,11.534575050647,16330,P-HALF,0.81601512432098,86241,AP-N901-F303,0.050659961998463,0.050659961998463,79.681350708008,268.45001220703
21-APR-2026,11.534575050647,16330,P-HALF,0.81601512432098,86241,AP-N902-F303,0.045245841145515,0.045245841145515,76.801361083984,268.45001220703
21-APR-2026,11.543602909645,16330,P-HALF,0.81394684314728,86241,AP-N901-F303,0.050659961998463,0.050659961998463,79.681350708008,268.45001220703
21-APR-2026,11.543602909645,16330,P-HALF,0.81394684314728,86241,AP-N902-F303,0.045245841145515,0.045245841145515,76.801361083984,268.45001220703
21-APR-2026,11.55263076742,16330,P-HALF,0.81187862157822,86241,AP-N901-F303,0.050659961998463,0.050659961998463,79.681350708008,268.45001220703
21-APR-2026,11.55263076742,16330,P-HALF,0.81187862157822,86241,AP-N902-F303,0.045245841145515,0.045245841145515,76.801361083984,268.45001220703
21-APR-2026,11.56151973479,16330,P-HALF,0.80984234809875,86241,AP-N901-F303,0.050659961998463,0.050659961998463,79.681350708008,268.45001220703
21-APR-2026,11.56151973479,16330,P-HALF,0.80984234809875,86241,AP-N902-F303,0.045245841145515,0.045245841145515,76.801361083984,268.45001220703
21-APR-2026,11.643603810461,16335,P-HALF,0.79104554653168,86241,AP-N901-F303,0.055654119700193,0.055654119700193,80.222023010254,268.35000610352
21-APR-2026,11.643603810461,16335,P-HALF,0.79104554653168,86241,AP-N902-F303,0.052492137998343,0.052492137998343,77.456596374512,268.35000610352
21-APR-2026,11.67263184124,16339,P-HALF,0.78440099954605,86241,AP-N901-F303,0.055654119700193,0.055654119700193,80.222023010254,268.35000610352
21-APR-2026,11.67263184124,16339,P-HALF,0.78440099954605,86241,AP-N902-F303,0.052492137998343,0.052492137998343,77.456596374512,268.35000610352
21-APR-2026,11.681520809309,16339,P-HALF,0.78236669301987,86241,AP-N901-F303,0.055654119700193,0.055654119700193,80.222023010254,268.35000610352
21-APR-2026,11.681520809309,16339,P-HALF,0.78236669301987,86241,AP-N902-F303,0.052492137998343,0.052492137998343,77.456596374512,268.35000610352
21-APR-2026,11.690409779822,16339,P-HALF,0.78033250570297,86241,AP-N901-F303,0.055654119700193,0.055654119700193,80.222023010254,268.35000610352
21-APR-2026,11.690409779822,16339,P-HALF,0.78033250570297,86241,AP-N902-F303,0.052492137998343,0.052492137998343,77.456596374512,268.35000610352
21-APR-2026,11.699298748241,16339,P-HALF,0.77829855680466,86241,AP-N901-F303,0.055654119700193,0.055654119700193,80.222023010254,268.35000610352
21-APR-2026,11.699298748241,16339,P-HALF,0.77829855680466,86241,AP-N902-F303,0.052492137998343,0.052492137998343,77.456596374512,268.35000610352
21-APR-2026,11.708465495197,16339,P-HALF,0.7762011885643,86241,AP-N901-F303,0.055654119700193,0.055654119700193,80.222023010254,268.35000610352
21-APR-2026,11.708465495197,16339,P-HALF,0.7762011885643,86241,AP-N902-F303,0.052492137998343,0.052492137998343,77.456596374512,268.35000610352
21-APR-2026,11.717354465536,16339,P-HALF,0.77416747808456,86241,AP-N901-F303,0.055654119700193,0.055654119700193,80.222023010254,268.35000610352
21-APR-2026,11.717354465536,16339,P-HALF,0.77416747808456,86241,AP-N902-F303,0.052492137998343,0.052492137998343,77.456596374512,268.35000610352
21-APR-2026,11.799160753589,16344,P-HALF,0.75545930862427,86241,AP-N901-F303,0.054878052324057,0.054878052324057,80.976509094238,268.35000610352
21-APR-2026,11.799160753589,16344,P-HALF,0.75545930862427,86241,AP-N902-F303,0.051473919302225,0.051473919302225,78.159896850586,268.35000610352
21-APR-2026,11.836522200074,16348,P-HALF,0.74692004919052,86241,AP-N901-F303,0.054878052324057,0.054878052324057,80.976509094238,268.35000610352
21-APR-2026,11.836522200074,16348,P-HALF,0.74692004919052,86241,AP-N902-F303,0.051473919302225,0.051473919302225,78.159896850586,268.35000610352
21-APR-2026,11.845411169365,16348,P-HALF,0.74488884210587,86241,AP-N901-F303,0.054878052324057,0.054878052324057,80.976509094238,268.35000610352
21-APR-2026,11.845411169365,16348,P-HALF,0.74488884210587,86241,AP-N902-F303,0.051473919302225,0.051473919302225,78.159896850586,268.35000610352
21-APR-2026,11.854300139704,16348,P-HALF,0.74285787343979,86241,AP-N901-F303,0.054878052324057,0.054878052324057,80.976509094238,268.35000610352
21-APR-2026,11.854300139704,16348,P-HALF,0.74285787343979,86241,AP-N902-F303,0.051473919302225,0.051473919302225,78.159896850586,268.35000610352
21-APR-2026,11.863466886486,16348,P-HALF,0.74076366424561,86241,AP-N901-F303,0.054878052324057,0.054878052324057,80.976509094238,268.35000610352
21-APR-2026,11.863466886486,16348,P-HALF,0.74076366424561,86241,AP-N902-F303,0.051473919302225,0.051473919302225,78.159896850586,268.35000610352
21-APR-2026,11.872355856476,16348,P-HALF,0.7387330532074,86241,AP-N901-F303,0.054878052324057,0.054878052324057,80.976509094238,268.35000610352
21-APR-2026,11.872355856476,16348,P-HALF,0.7387330532074,86241,AP-N902-F303,0.051473919302225,0.051473919302225,78.159896850586,268.35000610352
21-APR-2026,11.881244823846,16348,P-HALF,0.73670268058777,86241,AP-N901-F303,0.054878052324057,0.054878052324057,80.976509094238,268.35000610352
21-APR-2026,11.881244823846,16348,P-HALF,0.73670268058777,86241,AP-N902-F303,0.051473919302225,0.051473919302225,78.159896850586,268.35000610352
21-APR-2026,11.963051112422,16353,P-HALF,0.71802592277527,86241,AP-N901-F303,0.038764115422964,0.038764115422964,81.637649536133,268.14999389648
21-APR-2026,11.963051112422,16353,P-HALF,0.71802592277527,86241,AP-N902-F303,0.030339168384671,0.030339168384671,78.436592102051,268.14999389648
21-APR-2026,11.991940257861,16357,P-HALF,0.71143472194672,86241,AP-N901-F303,0.038764115422964,0.038764115422964,81.637649536133,268.14999389648
21-APR-2026,11.991940257861,16357,P-HALF,0.71143472194672,86241,AP-N902-F303,0.030339168384671,0.030339168384671,78.436592102051,268.14999389648
21-APR-2026,12.000968118255,16357,P-HALF,0.70937526226044,86241,AP-N901-F303,0.038764115422964,0.038764115422964,81.637649536133,268.14999389648
21-APR-2026,12.000968118255,16357,P-HALF,0.70937526226044,86241,AP-N902-F303,0.030339168384671,0.030339168384671,78.436592102051,268.14999389648
21-APR-2026,12.009857086673,16357,P-HALF,0.70734786987305,86241,AP-N901-F303,0.038764115422964,0.038764115422964,81.637649536133,268.14999389648
21-APR-2026,12.009857086673,16357,P-HALF,0.70734786987305,86241,AP-N902-F303,0.030339168384671,0.030339168384671,78.436592102051,268.14999389648
21-APR-2026,12.018746056314,16357,P-HALF,0.70532065629959,86241,AP-N901-F303,0.038764115422964,0.038764115422964,81.637649536133,268.14999389648
21-APR-2026,12.018746056314,16357,P-HALF,0.70532065629959,86241,AP-N902-F303,0.030339168384671,0.030339168384671,78.436592102051,268.14999389648
21-APR-2026,12.027912803794,16357,P-HALF,0.70323026180267,86241,AP-N901-F303,0.038764115422964,0.038764115422964,81.637649536133,268.14999389648
21-APR-2026,12.027912803794,16357,P-HALF,0.70323026180267,86241,AP-N902-F303,0.030339168384671,0.030339168384671,78.436592102051,268.14999389648
21-APR-2026,12.036801774133,16357,P-HALF,0.70120352506638,86241,AP-N901-F303,0.038764115422964,0.038764115422964,81.637649536133,268.14999389648
21-APR-2026,12.036801774133,16357,P-HALF,0.70120352506638,86241,AP-N902-F303,0.030339168384671,0.030339168384671,78.436592102051,268.14999389648
21-APR-2026,12.118608061662,16362,P-HALF,0.68256145715714,86241,AP-N901-F303,0.040374841541052,0.040374841541052,82.385711669922,268.75
21-APR-2026,12.118608061662,16362,P-HALF,0.68256145715714,86241,AP-N902-F303,0.032748453319073,0.032748453319073,79.441581726074,268.75
21-APR-2026,12.155969513385,16366,P-HALF,0.67405408620834,86241,AP-N901-F303,0.040374841541052,0.040374841541052,82.385711669922,268.75
21-APR-2026,12.155969513385,16366,P-HALF,0.67405408620834,86241,AP-N902-F303,0.032748453319073,0.032748453319073,79.441581726074,268.75
21-APR-2026,12.164858482851,16366,P-HALF,0.67203062772751,86241,AP-N901-F303,0.040374841541052,0.040374841541052,82.385711669922,268.75
21-APR-2026,12.164858482851,16366,P-HALF,0.67203062772751,86241,AP-N902-F303,0.032748453319073,0.032748453319073,79.441581726074,268.75
21-APR-2026,12.173747450396,16366,P-HALF,0.67000740766525,86241,AP-N901-F303,0.040374841541052,0.040374841541052,82.385711669922,268.75
21-APR-2026,12.173747450396,16366,P-HALF,0.67000740766525,86241,AP-N902-F303,0.032748453319073,0.032748453319073,79.441581726074,268.75
21-APR-2026,12.182636419164,16366,P-HALF,0.66798448562622,86241,AP-N901-F303,0.040374841541052,0.040374841541052,82.385711669922,268.75
21-APR-2026,12.182636419164,16366,P-HALF,0.66798448562622,86241,AP-N902-F303,0.032748453319073,0.032748453319073,79.441581726074,268.75
21-APR-2026,12.191525389328,16366,P-HALF,0.66596180200577,86241,AP-N901-F303,0.040374841541052,0.040374841541052,82.385711669922,268.75
21-APR-2026,12.191525389328,16366,P-HALF,0.66596180200577,86241,AP-N902-F303,0.032748453319073,0.032748453319073,79.441581726074,268.75
21-APR-2026,12.200414357746,16366,P-HALF,0.66393935680389,86241,AP-N901-F303,0.040374841541052,0.040374841541052,82.385711669922,268.75
21-APR-2026,12.200414357746,16366,P-HALF,0.66393935680389,86241,AP-N902-F303,0.032748453319073,0.032748453319073,79.441581726074,268.75
21-APR-2026,12.282498433068,16371,P-HALF,0.64527523517609,86241,AP-N901-F303,0.053550340235233,0.053550340235233,83.467742919922,268.64999389648
21-APR-2026,12.282498433068,16371,P-HALF,0.64527523517609,86241,AP-N902-F303,0.051086124032736,0.051086124032736,80.536254882813,268.64999389648
21-APR-2026,12.3118042471,16375,P-HALF,0.63861733675003,86241,AP-N901-F303,0.053550340235233,0.053550340235233,83.467742919922,268.64999389648
21-APR-2026,12.3118042471,16375,P-HALF,0.63861733675003,86241,AP-N902-F303,0.051086124032736,0.051086124032736,80.536254882813,268.64999389648
21-APR-2026,12.320693216566,16375,P-HALF,0.63659828901291,86241,AP-N901-F303,0.053550340235233,0.053550340235233,83.467742919922,268.64999389648
21-APR-2026,12.320693216566,16375,P-HALF,0.63659828901291,86241,AP-N902-F303,0.051086124032736,0.051086124032736,80.536254882813,268.64999389648
21-APR-2026,12.329582186731,16375,P-HALF,0.63457959890366,86241,AP-N901-F303,0.053550340235233,0.053550340235233,83.467742919922,268.64999389648
21-APR-2026,12.329582186731,16375,P-HALF,0.63457959890366,86241,AP-N902-F303,0.051086124032736,0.051086124032736,80.536254882813,268.64999389648
21-APR-2026,12.338471153752,16375,P-HALF,0.63256126642227,86241,AP-N901-F303,0.053550340235233,0.053550340235233,83.467742919922,268.64999389648
21-APR-2026,12.338471153752,16375,P-HALF,0.63256126642227,86241,AP-N902-F303,0.051086124032736,0.051086124032736,80.536254882813,268.64999389648
21-APR-2026,12.347360123742,16375,P-HALF,0.63054311275482,86241,AP-N901-F303,0.053550340235233,0.053550340235233,83.467742919922,268.64999389648
21-APR-2026,12.347360123742,16375,P-HALF,0.63054311275482,86241,AP-N902-F303,0.051086124032736,0.051086124032736,80.536254882813,268.64999389648
21-APR-2026,12.35624909216,16375,P-HALF,0.62852531671524,86241,AP-N901-F303,0.053550340235233,0.053550340235233,83.467742919922,268.64999389648
21-APR-2026,12.35624909216,16375,P-HALF,0.62852531671524,86241,AP-N902-F303,0.051086124032736,0.051086124032736,80.536254882813,268.64999389648
21-APR-2026,12.461666719621,16380,1921-293,0.98136299848557,86241,AP-N901-F303,0.050834700465202,0.050834700465202,77.759017944336,269.35000610352
21-APR-2026,12.461666719621,16380,1921-293,0.98136299848557,86241,AP-N902-F303,0.044375889003277,0.044375889003277,74.818992614746,269.35000610352
21-APR-2026,12.477916859564,16384,1921-293,0.97764045000076,86241,AP-N901-F303,0.050834700465202,0.050834700465202,77.759017944336,269.35000610352
21-APR-2026,12.477916859564,16384,1921-293,0.97764045000076,86241,AP-N902-F303,0.044375889003277,0.044375889003277,74.818992614746,269.35000610352
21-APR-2026,12.486805831475,16384,1921-293,0.97560399770737,86241,AP-N901-F303,0.050834700465202,0.050834700465202,77.759017944336,269.35000610352
21-APR-2026,12.486805831475,16384,1921-293,0.97560399770737,86241,AP-N902-F303,0.044375889003277,0.044375889003277,74.818992614746,269.35000610352
21-APR-2026,12.495694797797,16384,1921-293,0.97356754541397,86241,AP-N901-F303,0.050834700465202,0.050834700465202,77.759017944336,269.35000610352
21-APR-2026,12.495694797797,16384,1921-293,0.97356754541397,86241,AP-N902-F303,0.044375889003277,0.044375889003277,74.818992614746,269.35000610352
21-APR-2026,12.651089259305,16391,3C454.3,0.85409146547318,86241,AP-N901-F303,0.052568428218365,0.052568428218365,79.752647399902,269.75
21-APR-2026,12.651089259305,16391,3C454.3,0.85409146547318,86241,AP-N902-F303,0.047587249428034,0.047587249428034,76.800361633301,269.75
21-APR-2026,12.667200514257,16395,3C454.3,0.85528248548508,86241,AP-N901-F303,0.052568428218365,0.052568428218365,79.752647399902,269.75
21-APR-2026,12.667200514257,16395,3C454.3,0.85528248548508,86241,AP-N902-F303,0.047587249428034,0.047587249428034,76.800361633301,269.75
21-APR-2026,12.676089484072,16395,3C454.3,0.85593050718307,86241,AP-N901-F303,0.052568428218365,0.052568428218365,79.752647399902,269.75
21-APR-2026,12.676089484072,16395,3C454.3,0.85593050718307,86241,AP-N902-F303,0.047587249428034,0.047587249428034,76.800361633301,269.75
21-APR-2026,12.685117344991,16395,3C454.3,0.8565816283226,86241,AP-N901-F303,0.052568428218365,0.052568428218365,79.752647399902,269.75
21-APR-2026,12.685117344991,16395,3C454.3,0.8565816283226,86241,AP-N902-F303,0.047587249428034,0.047587249428034,76.800361633301,269.75
21-APR-2026,12.694145202067,16395,3C454.3,0.85722595453262,86241,AP-N901-F303,0.052568428218365,0.052568428218365,79.752647399902,269.75
21-APR-2026,12.694145202067,16395,3C454.3,0.85722595453262,86241,AP-N902-F303,0.047587249428034,0.047587249428034,76.800361633301,269.75
21-APR-2026,12.70303417066,16395,3C454.3,0.85785347223282,86241,AP-N901-F303,0.052568428218365,0.052568428218365,79.752647399902,269.75
21-APR-2026,12.70303417066,16395,3C454.3,0.85785347223282,86241,AP-N902-F303,0.047587249428034,0.047587249428034,76.800361633301,269.75
21-APR-2026,12.712200920236,16395,3C454.3,0.85849362611771,86241,AP-N901-F303,0.052568428218365,0.052568428218365,79.752647399902,269.75
21-APR-2026,12.712200920236,16395,3C454.3,0.85849362611771,86241,AP-N902-F303,0.047587249428034,0.047587249428034,76.800361633301,269.75
21-APR-2026,12.793451655576,16400,P-HALF,0.52965170145035,86241,AP-N901-F303,0.051277782768011,0.051277782768011,87.511497497559,269.85000610352
21-APR-2026,12.793451655576,16400,P-HALF,0.52965170145035,86241,AP-N902-F303,0.049794502556324,0.049794502556324,84.547592163086,269.85000610352
21-APR-2026,12.808868453792,16404,P-HALF,0.52617967128754,86241,AP-N901-F303,0.051277782768011,0.051277782768011,87.511497497559,269.85000610352
21-APR-2026,12.808868453792,16404,P-HALF,0.52617967128754,86241,AP-N902-F303,0.049794502556324,0.049794502556324,84.547592163086,269.85000610352
21-APR-2026,12.817757422734,16404,P-HALF,0.52417826652527,86241,AP-N901-F303,0.051277782768011,0.051277782768011,87.511497497559,269.85000610352
21-APR-2026,12.817757422734,16404,P-HALF,0.52417826652527,86241,AP-N902-F303,0.049794502556324,0.049794502556324,84.547592163086,269.85000610352
21-APR-2026,12.826646390978,16404,P-HALF,0.52217727899551,86241,AP-N901-F303,0.051277782768011,0.051277782768011,87.511497497559,269.85000610352
21-APR-2026,12.826646390978,16404,P-HALF,0.52217727899551,86241,AP-N902-F303,0.049794502556324,0.049794502556324,84.547592163086,269.85000610352
21-APR-2026,12.835813140903,16404,P-HALF,0.52011406421661,86241,AP-N901-F303,0.051277782768011,0.051277782768011,87.511497497559,269.85000610352
21-APR-2026,12.835813140903,16404,P-HALF,0.52011406421661,86241,AP-N902-F303,0.049794502556324,0.049794502556324,84.547592163086,269.85000610352
21-APR-2026,12.844702111067,16404,P-HALF,0.51811385154724,86241,AP-N901-F303,0.051277782768011,0.051277782768011,87.511497497559,269.85000610352
21-APR-2026,12.844702111067,16404,P-HALF,0.51811385154724,86241,AP-N902-F303,0.049794502556324,0.049794502556324,84.547592163086,269.85000610352
21-APR-2026,12.85359107966,16404,P-HALF,0.51611393690109,86241,AP-N901-F303,0.051277782768011,0.051277782768011,87.511497497559,269.85000610352
21-APR-2026,12.85359107966,16404,P-HALF,0.51611393690109,86241,AP-N902-F303,0.049794502556324,0.049794502556324,84.547592163086,269.85000610352
21-APR-2026,12.935675159872,16409,P-HALF,0.49766355752945,86241,AP-N901-F303,0.043134018778801,0.043134018778801,88.96647644043,270.14999389648
21-APR-2026,12.935675159872,16409,P-HALF,0.49766355752945,86241,AP-N902-F303,0.038618475198746,0.038618475198746,85.838737487793,270.14999389648
21-APR-2026,12.964425415604,16413,P-HALF,0.49120897054672,86241,AP-N901-F303,0.043134018778801,0.043134018778801,88.96647644043,270.14999389648
21-APR-2026,12.964425415604,16413,P-HALF,0.49120897054672,86241,AP-N902-F303,0.038618475198746,0.038618475198746,85.838737487793,270.14999389648
21-APR-2026,12.97331438507,16413,P-HALF,0.48921409249306,86241,AP-N901-F303,0.043134018778801,0.043134018778801,88.96647644043,270.14999389648
21-APR-2026,12.97331438507,16413,P-HALF,0.48921409249306,86241,AP-N902-F303,0.038618475198746,0.038618475198746,85.838737487793,270.14999389648
21-APR-2026,12.982203354885,16413,P-HALF,0.48721969127655,86241,AP-N901-F303,0.043134018778801,0.043134018778801,88.96647644043,270.14999389648
21-APR-2026,12.982203354885,16413,P-HALF,0.48721969127655,86241,AP-N902-F303,0.038618475198746,0.038618475198746,85.838737487793,270.14999389648
21-APR-2026,12.991092326447,16413,P-HALF,0.48522564768791,86241,AP-N901-F303,0.043134018778801,0.043134018778801,88.96647644043,270.14999389648
21-APR-2026,12.991092326447,16413,P-HALF,0.48522564768791,86241,AP-N902-F303,0.038618475198746,0.038618475198746,85.838737487793,270.14999389648
21-APR-2026,12.999981294341,16413,P-HALF,0.48323199152946,86241,AP-N901-F303,0.043134018778801,0.043134018778801,88.96647644043,270.14999389648
21-APR-2026,12.999981294341,16413,P-HALF,0.48323199152946,86241,AP-N902-F303,0.038618475198746,0.038618475198746,85.838737487793,270.14999389648
21-APR-2026,13.009148041472,16413,P-HALF,0.48117643594742,86241,AP-N901-F303,0.043134018778801,0.043134018778801,88.96647644043,270.14999389648
21-APR-2026,13.009148041472,16413,P-HALF,0.48117643594742,86241,AP-N902-F303,0.038618475198746,0.038618475198746,85.838737487793,270.14999389648
21-APR-2026,13.090954336859,16418,P-HALF,0.46285110712051,86241,AP-N901-F303,0.043696500360966,0.043696500360966,90.698829650879,270.64999389648
21-APR-2026,13.090954336859,16418,P-HALF,0.46285110712051,86241,AP-N902-F303,0.040362887084484,0.040362887084484,87.539215087891,270.64999389648
21-APR-2026,13.128315781772,16422,P-HALF,0.45449337363243,86241,AP-N901-F303,0.043696500360966,0.043696500360966,90.698829650879,270.64999389648
21-APR-2026,13.128315781772,16422,P-HALF,0.45449337363243,86241,AP-N902-F303,0.040362887084484,0.040362887084484,87.539215087891,270.64999389648
21-APR-2026,13.137482532396,16422,P-HALF,0.45244377851486,86241,AP-N901-F303,0.043696500360966,0.043696500360966,90.698829650879,270.64999389648
21-APR-2026,13.137482532396,16422,P-HALF,0.45244377851486,86241,AP-N902-F303,0.040362887084484,0.040362887084484,87.539215087891,270.64999389648
21-APR-2026,13.146371500989,16422,P-HALF,0.45045679807663,86241,AP-N901-F303,0.043696500360966,0.043696500360966,90.698829650879,270.64999389648
21-APR-2026,13.146371500989,16422,P-HALF,0.45045679807663,86241,AP-N902-F303,0.040362887084484,0.040362887084484,87.539215087891,270.64999389648
21-APR-2026,13.155260470804,16422,P-HALF,0.44847029447556,86241,AP-N901-F303,0.043696500360966,0.043696500360966,90.698829650879,270.64999389648
21-APR-2026,13.155260470804,16422,P-HALF,0.44847029447556,86241,AP-N902-F303,0.040362887084484,0.040362887084484,87.539215087891,270.64999389648
21-APR-2026,13.164149439397,16422,P-HALF,0.44648417830467,86241,AP-N901-F303,0.043696500360966,0.043696500360966,90.698829650879,270.64999389648
21-APR-2026,13.164149439397,16422,P-HALF,0.44648417830467,86241,AP-N902-F303,0.040362887084484,0.040362887084484,87.539215087891,270.64999389648
21-APR-2026,13.173038408339,16422,P-HALF,0.4444984793663,86241,AP-N901-F303,0.043696500360966,0.043696500360966,90.698829650879,270.64999389648
21-APR-2026,13.173038408339,16422,P-HALF,0.4444984793663,86241,AP-N902-F303,0.040362887084484,0.040362887084484,87.539215087891,270.64999389648
21-APR-2026,13.254566934616,16427,P-HALF,0.42630612850189,86241,AP-N901-F303,0.047501668334007,0.047501668334007,92.507682800293,270.85000610352
21-APR-2026,13.254566934616,16427,P-HALF,0.42630612850189,86241,AP-N902-F303,0.046085000038147,0.046085000038147,89.408714294434,270.85000610352
21-APR-2026,13.284428310091,16431,P-HALF,0.41965222358704,86241,AP-N901-F303,0.047501668334007,0.047501668334007,92.507682800293,270.85000610352
21-APR-2026,13.284428310091,16431,P-HALF,0.41965222358704,86241,AP-N902-F303,0.046085000038147,0.046085000038147,89.408714294434,270.85000610352
21-APR-2026,13.293317279382,16431,P-HALF,0.41767245531082,86241,AP-N901-F303,0.047501668334007,0.047501668334007,92.507682800293,270.85000610352
21-APR-2026,13.293317279382,16431,P-HALF,0.41767245531082,86241,AP-N902-F303,0.046085000038147,0.046085000038147,89.408714294434,270.85000610352
21-APR-2026,13.302206247975,16431,P-HALF,0.41569319367409,86241,AP-N901-F303,0.047501668334007,0.047501668334007,92.507682800293,270.85000610352
21-APR-2026,13.302206247975,16431,P-HALF,0.41569319367409,86241,AP-N902-F303,0.046085000038147,0.046085000038147,89.408714294434,270.85000610352
21-APR-2026,13.311095217965,16431,P-HALF,0.41371431946754,86241,AP-N901-F303,0.047501668334007,0.047501668334007,92.507682800293,270.85000610352
21-APR-2026,13.311095217965,16431,P-HALF,0.41371431946754,86241,AP-N902-F303,0.046085000038147,0.046085000038147,89.408714294434,270.85000610352
21-APR-2026,13.319984187606,16431,P-HALF,0.41173592209816,86241,AP-N901-F303,0.047501668334007,0.047501668334007,92.507682800293,270.85000610352
21-APR-2026,13.319984187606,16431,P-HALF,0.41173592209816,86241,AP-N902-F303,0.046085000038147,0.046085000038147,89.408714294434,270.85000610352
21-APR-2026,13.328873157595,16431,P-HALF,0.40975800156593,86241,AP-N901-F303,0.047501668334007,0.047501668334007,92.507682800293,270.85000610352
21-APR-2026,13.328873157595,16431,P-HALF,0.40975800156593,86241,AP-N902-F303,0.046085000038147,0.046085000038147,89.408714294434,270.85000610352
21-APR-2026,13.410401677586,16436,P-HALF,0.39163842797279,86241,AP-N901-F303,0.046261817216873,0.046261817216873,94.961479187012,271.04998779297
21-APR-2026,13.410401677586,16436,P-HALF,0.39163842797279,86241,AP-N902-F303,0.04492774233222,0.04492774233222,91.858024597168,271.04998779297
21-APR-2026,13.448318681672,16440,P-HALF,0.3832249045372,86241,AP-N901-F303,0.046261817216873,0.046261817216873,94.961479187012,271.04998779297
21-APR-2026,13.448318681672,16440,P-HALF,0.3832249045372,86241,AP-N902-F303,0.04492774233222,0.04492774233222,91.858024597168,271.04998779297
21-APR-2026,13.457207650964,16440,P-HALF,0.3812538087368,86241,AP-N901-F303,0.046261817216873,0.046261817216873,94.961479187012,271.04998779297
21-APR-2026,13.457207650964,16440,P-HALF,0.3812538087368,86241,AP-N902-F303,0.04492774233222,0.04492774233222,91.858024597168,271.04998779297
21-APR-2026,13.466096620255,16440,P-HALF,0.37928313016891,86241,AP-N901-F303,0.046261817216873,0.046261817216873,94.961479187012,271.04998779297
21-APR-2026,13.466096620255,16440,P-HALF,0.37928313016891,86241,AP-N902-F303,0.04492774233222,0.04492774233222,91.858024597168,271.04998779297
21-APR-2026,13.47498559007,16440,P-HALF,0.37731298804283,86241,AP-N901-F303,0.046261817216873,0.046261817216873,94.961479187012,271.04998779297
21-APR-2026,13.47498559007,16440,P-HALF,0.37731298804283,86241,AP-N902-F303,0.04492774233222,0.04492774233222,91.858024597168,271.04998779297
21-APR-2026,13.483874559885,16440,P-HALF,0.37534335255623,86241,AP-N901-F303,0.046261817216873,0.046261817216873,94.961479187012,271.04998779297
21-APR-2026,13.483874559885,16440,P-HALF,0.37534335255623,86241,AP-N902-F303,0.04492774233222,0.04492774233222,91.858024597168,271.04998779297
21-APR-2026,13.492763528827,16440,P-HALF,0.37337419390678,86241,AP-N901-F303,0.046261817216873,0.046261817216873,94.961479187012,271.04998779297
21-APR-2026,13.492763528827,16440,P-HALF,0.37337419390678,86241,AP-N902-F303,0.04492774233222,0.04492774233222,91.858024597168,271.04998779297
21-APR-2026,13.647626041935,16445,1921-293,0.71003890037537,86241,AP-N901-F303,0.051555000245571,0.051555000245571,81.553916931152,271.35000610352
21-APR-2026,13.647626041935,16445,1921-293,0.71003890037537,86241,AP-N902-F303,0.047812588512897,0.047812588512897,78.699798583984,271.35000610352
21-APR-2026,13.664431756069,16449,1921-293,0.70621114969254,86241,AP-N901-F303,0.051555000245571,0.051555000245571,81.553916931152,271.35000610352
21-APR-2026,13.664431756069,16449,1921-293,0.70621114969254,86241,AP-N902-F303,0.047812588512897,0.047812588512897,78.699798583984,271.35000610352
21-APR-2026,13.67345961559,16449,1921-293,0.70415526628494,86241,AP-N901-F303,0.051555000245571,0.051555000245571,81.553916931152,271.35000610352
21-APR-2026,13.67345961559,16449,1921-293,0.70415526628494,86241,AP-N902-F303,0.047812588512897,0.047812588512897,78.699798583984,271.35000610352
21-APR-2026,13.682487474588,16449,1921-293,0.70209956169128,86241,AP-N901-F303,0.051555000245571,0.051555000245571,81.553916931152,271.35000610352
21-APR-2026,13.682487474588,16449,1921-293,0.70209956169128,86241,AP-N902-F303,0.047812588512897,0.047812588512897,78.699798583984,271.35000610352
21-APR-2026,13.691376442133,16449,1921-293,0.70007574558258,86241,AP-N901-F303,0.051555000245571,0.051555000245571,81.553916931152,271.35000610352
21-APR-2026,13.691376442133,16449,1921-293,0.70007574558258,86241,AP-N902-F303,0.047812588512897,0.047812588512897,78.699798583984,271.35000610352
21-APR-2026,13.700265410551,16449,1921-293,0.69805210828781,86241,AP-N901-F303,0.051555000245571,0.051555000245571,81.553916931152,271.35000610352
21-APR-2026,13.700265410551,16449,1921-293,0.69805210828781,86241,AP-N902-F303,0.047812588512897,0.047812588512897,78.699798583984,271.35000610352
21-APR-2026,13.843183373678,16454,3C454.3,0.87809675931931,86241,AP-N901-F303,0.05403671041131,0.05403671041131,79.405433654785,271.64999389648
21-APR-2026,13.843183373678,16454,3C454.3,0.87809675931931,86241,AP-N902-F303,0.049187425523996,0.049187425523996,76.569953918457,271.64999389648
21-APR-2026,13.858877957942,16458,3C454.3,0.87751603126526,86241,AP-N901-F303,0.05403671041131,0.05403671041131,79.405433654785,271.64999389648
21-APR-2026,13.858877957942,16458,3C454.3,0.87751603126526,86241,AP-N902-F303,0.049187425523996,0.049187425523996,76.569953918457,271.64999389648
21-APR-2026,13.867766928979,16458,3C454.3,0.87717711925507,86241,AP-N901-F303,0.05403671041131,0.05403671041131,79.405433654785,271.64999389648
21-APR-2026,13.867766928979,16458,3C454.3,0.87717711925507,86241,AP-N902-F303,0.049187425523996,0.049187425523996,76.569953918457,271.64999389648
21-APR-2026,13.87665589862,16458,3C454.3,0.87683087587357,86241,AP-N901-F303,0.05403671041131,0.05403671041131,79.405433654785,271.64999389648
21-APR-2026,13.87665589862,16458,3C454.3,0.87683087587357,86241,AP-N902-F303,0.049187425523996,0.049187425523996,76.569953918457,271.64999389648
21-APR-2026,13.885544865641,16458,3C454.3,0.87647730112076,86241,AP-N901-F303,0.05403671041131,0.05403671041131,79.405433654785,271.64999389648
21-APR-2026,13.885544865641,16458,3C454.3,0.87647730112076,86241,AP-N902-F303,0.049187425523996,0.049187425523996,76.569953918457,271.64999389648
21-APR-2026,13.894433834059,16458,3C454.3,0.87611645460129,86241,AP-N901-F303,0.05403671041131,0.05403671041131,79.405433654785,271.64999389648
21-APR-2026,13.894433834059,16458,3C454.3,0.87611645460129,86241,AP-N902-F303,0.049187425523996,0.049187425523996,76.569953918457,271.64999389648
21-APR-2026,13.968462283738,16463,P-HALF,0.26876589655876,86241,AP-N901-F303,0.043852265924215,0.043852265924215,109.19869232178,272.04998779297
21-APR-2026,13.968462283738,16463,P-HALF,0.26876589655876,86241,AP-N902-F303,0.043283108621836,0.043283108621836,106.3900680542,272.04998779297
21-APR-2026,13.981934622404,16467,P-HALF,0.26582732796669,86241,AP-N901-F303,0.043852265924215,0.043852265924215,109.19869232178,272.04998779297
21-APR-2026,13.981934622404,16467,P-HALF,0.26582732796669,86241,AP-N902-F303,0.043283108621836,0.043283108621836,106.3900680542,272.04998779297
21-APR-2026,15.244213994307,16501,BLLAC,0.26271459460258,86100,AP-N901-F303,0.041740454733372,0.041740454733372,109.72920227051,274.54998779297
21-APR-2026,15.244213994307,16501,BLLAC,0.26271459460258,86100,AP-N902-F303,0.041109066456556,0.041109066456556,107.00881958008,274.54998779297
21-APR-2026,15.261853038468,16505,BLLAC,0.26062884926796,86100,AP-N901-F303,0.041740454733372,0.041740454733372,109.72920227051,274.54998779297
21-APR-2026,15.261853038468,16505,BLLAC,0.26062884926796,86100,AP-N902-F303,0.041109066456556,0.041109066456556,107.00881958008,274.54998779297
21-APR-2026,15.270742007585,16505,BLLAC,0.25957378745079,86100,AP-N901-F303,0.041740454733372,0.041740454733372,109.72920227051,274.54998779297
21-APR-2026,15.270742007585,16505,BLLAC,0.25957378745079,86100,AP-N902-F303,0.041109066456556,0.041109066456556,107.00881958008,274.54998779297
21-APR-2026,15.279630978448,16505,BLLAC,0.2585161626339,86100,AP-N901-F303,0.041740454733372,0.041740454733372,109.72920227051,274.54998779297
21-APR-2026,15.279630978448,16505,BLLAC,0.2585161626339,86100,AP-N902-F303,0.041109066456556,0.041109066456556,107.00881958008,274.54998779297
21-APR-2026,15.288519948438,16505,BLLAC,0.25745594501495,86100,AP-N901-F303,0.041740454733372,0.041740454733372,109.72920227051,274.54998779297
21-APR-2026,15.288519948438,16505,BLLAC,0.25745594501495,86100,AP-N902-F303,0.041109066456556,0.041109066456556,107.00881958008,274.54998779297
21-APR-2026,15.297686699062,16505,BLLAC,0.25635975599289,86100,AP-N901-F303,0.041740454733372,0.041740454733372,109.72920227051,274.54998779297
21-APR-2026,15.297686699062,16505,BLLAC,0.25635975599289,86100,AP-N902-F303,0.041109066456556,0.041109066456556,107.00881958008,274.54998779297
21-APR-2026,15.306575668178,16505,BLLAC,0.25529429316521,86100,AP-N901-F303,0.041740454733372,0.041740454733372,109.72920227051,274.54998779297
21-APR-2026,15.306575668178,16505,BLLAC,0.25529429316521,86100,AP-N902-F303,0.041109066456556,0.041109066456556,107.00881958008,274.54998779297
21-APR-2026,15.315464639391,16505,BLLAC,0.25422611832619,86100,AP-N901-F303,0.041740454733372,0.041740454733372,109.72920227051,274.54998779297
21-APR-2026,15.315464639391,16505,BLLAC,0.25422611832619,86100,AP-N902-F303,0.041109066456556,0.041109066456556,107.00881958008,274.54998779297
21-APR-2026,15.577550363423,16510,3C84,0.310940772295,86100,AP-N901-F303,0.046751148998737,0.046751148998737,105.90087890625,273.95001220703
21-APR-2026,15.577550363423,16510,3C84,0.310940772295,86100,AP-N902-F303,0.046443559229374,0.046443559229374,103.09962463379,273.95001220703
21-APR-2026,15.59435607878,16514,3C84,0.3127535879612,86100,AP-N901-F303,0.046751148998737,0.046751148998737,105.90087890625,273.95001220703
21-APR-2026,15.59435607878,16514,3C84,0.3127535879612,86100,AP-N902-F303,0.046443559229374,0.046443559229374,103.09962463379,273.95001220703
21-APR-2026,15.603245049468,16514,3C84,0.3137081861496,86100,AP-N901-F303,0.046751148998737,0.046751148998737,105.90087890625,273.95001220703
21-APR-2026,15.603245049468,16514,3C84,0.3137081861496,86100,AP-N902-F303,0.046443559229374,0.046443559229374,103.09962463379,273.95001220703
21-APR-2026,15.612411797647,16514,3C84,0.31468957662582,86100,AP-N901-F303,0.046751148998737,0.046751148998737,105.90087890625,273.95001220703
21-APR-2026,15.612411797647,16514,3C84,0.31468957662582,86100,AP-N902-F303,0.046443559229374,0.046443559229374,103.09962463379,273.95001220703
21-APR-2026,15.621300768161,16514,3C84,0.31563812494278,86100,AP-N901-F303,0.046751148998737,0.046751148998737,105.90087890625,273.95001220703
21-APR-2026,15.621300768161,16514,3C84,0.31563812494278,86100,AP-N902-F303,0.046443559229374,0.046443559229374,103.09962463379,273.95001220703
21-APR-2026,15.630189739198,16514,3C84,0.31658366322517,86100,AP-N901-F303,0.046751148998737,0.046751148998737,105.90087890625,273.95001220703
21-APR-2026,15.630189739198,16514,3C84,0.31658366322517,86100,AP-N902-F303,0.046443559229374,0.046443559229374,103.09962463379,273.95001220703
21-APR-2026,15.6393564886,16514,3C84,0.31755572557449,86100,AP-N901-F303,0.046751148998737,0.046751148998737,105.90087890625,273.95001220703
21-APR-2026,15.6393564886,16514,3C84,0.31755572557449,86100,AP-N902-F303,0.046443559229374,0.046443559229374,103.09962463379,273.95001220703
21-APR-2026,15.648245458939,16514,3C84,0.31849530339241,86100,AP-N901-F303,0.046751148998737,0.046751148998737,105.90087890625,273.95001220703
21-APR-2026,15.648245458939,16514,3C84,0.31849530339241,86100,AP-N902-F303,0.046443559229374,0.046443559229374,103.09962463379,273.95001220703
21-APR-2026,15.737274049067,16519,3C84,0.32773903012276,86100,AP-N901-F303,0.041226305067539,0.041226305067539,102.85551452637,274.35000610352
21-APR-2026,15.737274049067,16519,3C84,0.32773903012276,86100,AP-N902-F303,0.038762807846069,0.038762807846069,99.582916259766,274.35000610352
21-APR-2026,15.760746486895,16523,3C84,0.33012524247169,86100,AP-N901-F303,0.041226305067539,0.041226305067539,102.85551452637,274.35000610352
21-APR-2026,15.760746486895,16523,3C84,0.33012524247169,86100,AP-N902-F303,0.038762807846069,0.038762807846069,99.582916259766,274.35000610352
21-APR-2026,15.769635457059,16523,3C84,0.33102330565453,86100,AP-N901-F303,0.041226305067539,0.041226305067539,102.85551452637,274.35000610352
21-APR-2026,15.769635457059,16523,3C84,0.33102330565453,86100,AP-N902-F303,0.038762807846069,0.038762807846069,99.582916259766,274.35000610352
21-APR-2026,15.778524425827,16523,3C84,0.33191826939583,86100,AP-N901-F303,0.041226305067539,0.041226305067539,102.85551452637,274.35000610352
21-APR-2026,15.778524425827,16523,3C84,0.33191826939583,86100,AP-N902-F303,0.038762807846069,0.038762807846069,99.582916259766,274.35000610352
21-APR-2026,15.787413394943,16523,3C84,0.3328101336956,86100,AP-N901-F303,0.041226305067539,0.041226305067539,102.85551452637,274.35000610352
21-APR-2026,15.787413394943,16523,3C84,0.3328101336956,86100,AP-N902-F303,0.038762807846069,0.038762807846069,99.582916259766,274.35000610352
21-APR-2026,15.796302365282,16523,3C84,0.33369886875153,86100,AP-N901-F303,0.041226305067539,0.041226305067539,102.85551452637,274.35000610352
21-APR-2026,15.796302365282,16523,3C84,0.33369886875153,86100,AP-N902-F303,0.038762807846069,0.038762807846069,99.582916259766,274.35000610352
21-APR-2026,15.805330226724,16523,3C84,0.33459836244583,86100,AP-N901-F303,0.041226305067539,0.041226305067539,102.85551452637,274.35000610352
21-APR-2026,15.805330226724,16523,3C84,0.33459836244583,86100,AP-N902-F303,0.038762807846069,0.038762807846069,99.582916259766,274.35000610352
21-APR-2026,15.814358085547,16523,3C84,0.335494607687,86100,AP-N901-F303,0.041226305067539,0.041226305067539,102.85551452637,274.35000610352
21-APR-2026,15.814358085547,16523,3C84,0.335494607687,86100,AP-N902-F303,0.038762807846069,0.038762807846069,99.582916259766,274.35000610352
21-APR-2026,16.245056463641,16538,3C84,0.3743776679039,86100,AP-N901-F303,0.047282766550779,0.047282766550779,98.683822631836,273.95001220703
21-APR-2026,16.245056463641,16538,3C84,0.3743776679039,86100,AP-N902-F303,0.046009000390768,0.046009000390768,95.58097076416,273.95001220703
21-APR-2026,16.260751049476,16542,3C84,0.3756454885006,86100,AP-N901-F303,0.047282766550779,0.047282766550779,98.683822631836,273.95001220703
21-APR-2026,16.260751049476,16542,3C84,0.3756454885006,86100,AP-N902-F303,0.046009000390768,0.046009000390768,95.58097076416,273.95001220703
21-APR-2026,16.269640020514,16542,3C84,0.37635904550552,86100,AP-N901-F303,0.047282766550779,0.047282766550779,98.683822631836,273.95001220703
21-APR-2026,16.269640020514,16542,3C84,0.37635904550552,86100,AP-N902-F303,0.046009000390768,0.046009000390768,95.58097076416,273.95001220703
21-APR-2026,16.2785289919,16542,3C84,0.3770692050457,86100,AP-N901-F303,0.047282766550779,0.047282766550779,98.683822631836,273.95001220703
21-APR-2026,16.2785289919,16542,3C84,0.3770692050457,86100,AP-N902-F303,0.046009000390768,0.046009000390768,95.58097076416,273.95001220703
21-APR-2026,16.287417963112,16542,3C84,0.37777587771416,86100,AP-N901-F303,0.047282766550779,0.047282766550779,98.683822631836,273.95001220703
21-APR-2026,16.287417963112,16542,3C84,0.37777587771416,86100,AP-N902-F303,0.046009000390768,0.046009000390768,95.58097076416,273.95001220703
21-APR-2026,16.296306931356,16542,3C84,0.37847894430161,86100,AP-N901-F303,0.047282766550779,0.047282766550779,98.683822631836,273.95001220703
21-APR-2026,16.296306931356,16542,3C84,0.37847894430161,86100,AP-N902-F303,0.046009000390768,0.046009000390768,95.58097076416,273.95001220703
21-APR-2026,16.305195902044,16542,3C84,0.3791786134243,86100,AP-N901-F303,0.047282766550779,0.047282766550779,98.683822631836,273.95001220703
21-APR-2026,16.305195902044,16542,3C84,0.3791786134243,86100,AP-N902-F303,0.046009000390768,0.046009000390768,95.58097076416,273.95001220703
21-APR-2026,16.314223759994,16542,3C84,0.3798856139183,86100,AP-N901-F303,0.047282766550779,0.047282766550779,98.683822631836,273.95001220703
21-APR-2026,16.314223759994,16542,3C84,0.3798856139183,86100,AP-N902-F303,0.046009000390768,0.046009000390768,95.58097076416,273.95001220703
21-APR-2026,17.994424002453,16560,3C84,0.44279128313065,86100,AP-N901-F303,0.051807027310133,0.051807027310133,95.227653503418,273.85000610352
21-APR-2026,17.994424002453,16560,3C84,0.44279128313065,86100,AP-N902-F303,0.050059616565704,0.050059616565704,92.078666687012,273.85000610352
21-APR-2026,18.010396367524,16564,3C84,0.44269505143166,86100,AP-N901-F303,0.051807027310133,0.051807027310133,95.227653503418,273.85000610352
21-APR-2026,18.010396367524,16564,3C84,0.44269505143166,86100,AP-N902-F303,0.050059616565704,0.050059616565704,92.078666687012,273.85000610352
21-APR-2026,18.01928533961,16564,3C84,0.44263592362404,86100,AP-N901-F303,0.051807027310133,0.051807027310133,95.227653503418,273.85000610352
21-APR-2026,18.01928533961,16564,3C84,0.44263592362404,86100,AP-N902-F303,0.050059616565704,0.050059616565704,92.078666687012,273.85000610352
21-APR-2026,18.028452089011,16564,3C84,0.44257056713104,86100,AP-N901-F303,0.051807027310133,0.051807027310133,95.227653503418,273.85000610352
21-APR-2026,18.028452089011,16564,3C84,0.44257056713104,86100,AP-N902-F303,0.050059616565704,0.050059616565704,92.078666687012,273.85000610352
21-APR-2026,18.03734105935,16564,3C84,0.44250309467316,86100,AP-N901-F303,0.051807027310133,0.051807027310133,95.227653503418,273.85000610352
21-APR-2026,18.03734105935,16564,3C84,0.44250309467316,86100,AP-N902-F303,0.050059616565704,0.050059616565704,92.078666687012,273.85000610352
21-APR-2026,18.046230030213,16564,3C84,0.44243147969246,86100,AP-N901-F303,0.051807027310133,0.051807027310133,95.227653503418,273.85000610352
21-APR-2026,18.046230030213,16564,3C84,0.44243147969246,86100,AP-N902-F303,0.050059616565704,0.050059616565704,92.078666687012,273.85000610352
21-APR-2026,18.126508537612,16571,3C84,0.44159686565399,86100,AP-N901-F303,0.051336951553822,0.051336951553822,94.952819824219,273.95001220703
21-APR-2026,18.126508537612,16571,3C84,0.44159686565399,86100,AP-N902-F303,0.049871973693371,0.049871973693371,91.7275390625,273.95001220703
21-APR-2026,18.135397507951,16571,3C84,0.4414835870266,86100,AP-N901-F303,0.051336951553822,0.051336951553822,94.952819824219,273.95001220703
21-APR-2026,18.135397507951,16571,3C84,0.4414835870266,86100,AP-N902-F303,0.049871973693371,0.049871973693371,91.7275390625,273.95001220703
21-APR-2026,18.144564256131,16571,3C84,0.4413625895977,86100,AP-N901-F303,0.051336951553822,0.051336951553822,94.952819824219,273.95001220703
21-APR-2026,18.144564256131,16571,3C84,0.4413625895977,86100,AP-N902-F303,0.049871973693371,0.049871973693371,91.7275390625,273.95001220703
21-APR-2026,18.15373100658,16571,3C84,0.44123721122742,86100,AP-N901-F303,0.051336951553822,0.051336951553822,94.952819824219,273.95001220703
21-APR-2026,18.15373100658,16571,3C84,0.44123721122742,86100,AP-N902-F303,0.049871973693371,0.049871973693371,91.7275390625,273.95001220703
21-APR-2026,18.162758864879,16571,3C84,0.44110935926437,86100,AP-N901-F303,0.051336951553822,0.051336951553822,94.952819824219,273.95001220703
21-APR-2026,18.162758864879,16571,3C84,0.44110935926437,86100,AP-N902-F303,0.049871973693371,0.049871973693371,91.7275390625,273.95001220703
21-APR-2026,18.266093139591,16576,0506+056,0.94812780618668,86100,AP-N901-F303,0.04663672670722,0.04663672670722,81.051795959473,274.35000610352
21-APR-2026,18.266093139591,16576,0506+056,0.94812780618668,86100,AP-N902-F303,0.036037743091583,0.036037743091583,78.045532226562,274.35000610352
21-APR-2026,18.282621070995,16580,0506+056,0.95063090324402,86100,AP-N901-F303,0.04663672670722,0.04663672670722,81.051795959473,274.35000610352
21-APR-2026,18.282621070995,16580,0506+056,0.95063090324402,86100,AP-N902-F303,0.036037743091583,0.036037743091583,78.045532226562,274.35000610352
21-APR-2026,18.291510040636,16580,0506+056,0.95196962356567,86100,AP-N901-F303,0.04663672670722,0.04663672670722,81.051795959473,274.35000610352
21-APR-2026,18.291510040636,16580,0506+056,0.95196962356567,86100,AP-N902-F303,0.036037743091583,0.036037743091583,78.045532226562,274.35000610352
21-APR-2026,18.300399010626,16580,0506+056,0.95330280065536,86100,AP-N901-F303,0.04663672670722,0.04663672670722,81.051795959473,274.35000610352
21-APR-2026,18.300399010626,16580,0506+056,0.95330280065536,86100,AP-N902-F303,0.036037743091583,0.036037743091583,78.045532226562,274.35000610352
21-APR-2026,18.309565759154,16580,0506+056,0.95467168092728,86100,AP-N901-F303,0.04663672670722,0.04663672670722,81.051795959473,274.35000610352
21-APR-2026,18.309565759154,16580,0506+056,0.95467168092728,86100,AP-N902-F303,0.036037743091583,0.036037743091583,78.045532226562,274.35000610352
21-APR-2026,18.31845472862,16580,0506+056,0.95599353313446,86100,AP-N901-F303,0.04663672670722,0.04663672670722,81.051795959473,274.35000610352
21-APR-2026,18.31845472862,16580,0506+056,0.95599353313446,86100,AP-N902-F303,0.036037743091583,0.036037743091583,78.045532226562,274.35000610352
21-APR-2026,18.327343700531,16580,0506+056,0.95730972290039,86100,AP-N901-F303,0.04663672670722,0.04663672670722,81.051795959473,274.35000610352
21-APR-2026,18.327343700531,16580,0506+056,0.95730972290039,86100,AP-N902-F303,0.036037743091583,0.036037743091583,78.045532226562,274.35000610352
21-APR-2026,18.493595215273,16585,0506+056,0.98084509372711,86100,AP-N901-F303,0.059088837355375,0.059088837355375,79.885246276855,273.95001220703
21-APR-2026,18.493595215273,16585,0506+056,0.98084509372711,86100,AP-N902-F303,0.053890850394964,0.053890850394964,76.841133117676,273.95001220703
21-APR-2026,18.50984535574,16589,0506+056,0.98302972316742,86100,AP-N901-F303,0.059088837355375,0.059088837355375,79.885246276855,273.95001220703
21-APR-2026,18.50984535574,16589,0506+056,0.98302972316742,86100,AP-N902-F303,0.053890850394964,0.053890850394964,76.841133117676,273.95001220703
21-APR-2026,18.518734326778,16589,0506+056,0.98421603441238,86100,AP-N901-F303,0.059088837355375,0.059088837355375,79.885246276855,273.95001220703
21-APR-2026,18.518734326778,16589,0506+056,0.98421603441238,86100,AP-N902-F303,0.053890850394964,0.053890850394964,76.841133117676,273.95001220703
21-APR-2026,18.527901075132,16589,0506+056,0.98543262481689,86100,AP-N901-F303,0.059088837355375,0.059088837355375,79.885246276855,273.95001220703
21-APR-2026,18.527901075132,16589,0506+056,0.98543262481689,86100,AP-N902-F303,0.053890850394964,0.053890850394964,76.841133117676,273.95001220703
21-APR-2026,18.536790044423,16589,0506+056,0.98660564422607,86100,AP-N901-F303,0.059088837355375,0.059088837355375,79.885246276855,273.95001220703
21-APR-2026,18.536790044423,16589,0506+056,0.98660564422607,86100,AP-N902-F303,0.053890850394964,0.053890850394964,76.841133117676,273.95001220703
21-APR-2026,18.545817904468,16589,0506+056,0.98779022693634,86100,AP-N901-F303,0.059088837355375,0.059088837355375,79.885246276855,273.95001220703
21-APR-2026,18.545817904468,16589,0506+056,0.98779022693634,86100,AP-N902-F303,0.053890850394964,0.053890850394964,76.841133117676,273.95001220703
21-APR-2026,18.769986604508,16594,3C84,0.42286077141762,86100,AP-N901-F303,0.050050389021635,0.050050389021635,95.697639465332,274.04998779297
21-APR-2026,18.769986604508,16594,3C84,0.42286077141762,86100,AP-N902-F303,0.049034547060728,0.049034547060728,92.527053833008,274.04998779297
21-APR-2026,18.785125629773,16598,3C84,0.42216688394547,86100,AP-N901-F303,0.050050389021635,0.050050389021635,95.697639465332,274.04998779297
21-APR-2026,18.785125629773,16598,3C84,0.42216688394547,86100,AP-N902-F303,0.049034547060728,0.049034547060728,92.527053833008,274.04998779297
21-APR-2026,18.794709048466,16598,3C84,0.42172154784203,86100,AP-N901-F303,0.050050389021635,0.050050389021635,95.697639465332,274.04998779297
21-APR-2026,18.794709048466,16598,3C84,0.42172154784203,86100,AP-N902-F303,0.049034547060728,0.049034547060728,92.527053833008,274.04998779297
21-APR-2026,18.803736907114,16598,3C84,0.42129811644554,86100,AP-N901-F303,0.050050389021635,0.050050389021635,95.697639465332,274.04998779297
21-APR-2026,18.803736907114,16598,3C84,0.42129811644554,86100,AP-N902-F303,0.049034547060728,0.049034547060728,92.527053833008,274.04998779297
21-APR-2026,18.907765633849,16603,0506+056,1.0292326211929,86100,AP-N901-F303,0.038000274449587,0.038000274449587,78.671798706055,273.75
21-APR-2026,18.907765633849,16603,0506+056,1.0292326211929,86100,AP-N902-F303,0.024561638012528,0.024561638012528,75.642051696777,273.75
21-APR-2026,18.924571340649,16607,0506+056,1.0308458805084,86100,AP-N901-F303,0.038000274449587,0.038000274449587,78.671798706055,273.75
21-APR-2026,18.924571340649,16607,0506+056,1.0308458805084,86100,AP-N902-F303,0.024561638012528,0.024561638012528,75.642051696777,273.75
21-APR-2026,18.933460310464,16607,0506+056,1.0316873788834,86100,AP-N901-F303,0.038000274449587,0.038000274449587,78.671798706055,273.75
21-APR-2026,18.933460310464,16607,0506+056,1.0316873788834,86100,AP-N902-F303,0.024561638012528,0.024561638012528,75.642051696777,273.75
21-APR-2026,18.942627061786,16607,0506+056,1.0325464010239,86100,AP-N901-F303,0.038000274449587,0.038000274449587,78.671798706055,273.75
21-APR-2026,18.942627061786,16607,0506+056,1.0325464010239,86100,AP-N902-F303,0.024561638012528,0.024561638012528,75.642051696777,273.75
21-APR-2026,18.951516031077,16607,0506+056,1.0333709716797,86100,AP-N901-F303,0.038000274449587,0.038000274449587,78.671798706055,273.75
21-APR-2026,18.951516031077,16607,0506+056,1.0333709716797,86100,AP-N902-F303,0.024561638012528,0.024561638012528,75.642051696777,273.75
21-APR-2026,18.960405000718,16607,0506+056,1.034187078476,86100,AP-N901-F303,0.038000274449587,0.038000274449587,78.671798706055,273.75
21-APR-2026,18.960405000718,16607,0506+056,1.034187078476,86100,AP-N902-F303,0.024561638012528,0.024561638012528,75.642051696777,273.75
21-APR-2026,19.021099992881,16612,0518+165,0.84242331981659,86100,AP-N901-F303,0,0,91.46981048584,273.95001220703
21-APR-2026,19.021099992881,16612,0518+165,0.84242331981659,86100,AP-N902-F303,0,0,88.334815979004,273.95001220703
21-APR-2026,19.034850118118,16616,0518+165,0.84351098537445,86100,AP-N901-F303,0,0,91.46981048584,273.95001220703
21-APR-2026,19.034850118118,16616,0518+165,0.84351098537445,86100,AP-N902-F303,0,0,88.334815979004,273.95001220703
21-APR-2026,19.043739086711,16616,0518+165,0.84420603513718,86100,AP-N901-F303,0,0,91.46981048584,273.95001220703
21-APR-2026,19.043739086711,16616,0518+165,0.84420603513718,86100,AP-N902-F303,0,0,88.334815979004,273.95001220703
21-APR-2026,19.052628055129,16616,0518+165,0.84489464759827,86100,AP-N901-F303,0,0,91.46981048584,273.95001220703
21-APR-2026,19.052628055129,16616,0518+165,0.84489464759827,86100,AP-N902-F303,0,0,88.334815979004,273.95001220703
21-APR-2026,19.095267324058,16621,0506+056,1.0455090999603,86100,AP-N901-F303,0,0,89.110565185547,273.35000610352
21-APR-2026,19.095267324058,16621,0506+056,1.0455090999603,86100,AP-N902-F303,0,0,86.088455200195,273.35000610352
21-APR-2026,19.10846189833,16625,0506+056,1.0465067625046,86100,AP-N901-F303,0,0,89.110565185547,273.35000610352
21-APR-2026,19.10846189833,16625,0506+056,1.0465067625046,86100,AP-N902-F303,0,0,86.088455200195,273.35000610352
21-APR-2026,19.117350867971,16625,0506+056,1.0471680164337,86100,AP-N901-F303,0,0,89.110565185547,273.35000610352
21-APR-2026,19.117350867971,16625,0506+056,1.0471680164337,86100,AP-N902-F303,0,0,86.088455200195,273.35000610352
21-APR-2026,19.12623983831,16625,0506+056,1.0478200912476,86100,AP-N901-F303,0,0,89.110565185547,273.35000610352
21-APR-2026,19.12623983831,16625,0506+056,1.0478200912476,86100,AP-N902-F303,0,0,86.088455200195,273.35000610352
21-APR-2026,19.135128806554,16625,0506+056,1.0484631061554,86100,AP-N901-F303,0,0,89.110565185547,273.35000610352
21-APR-2026,19.135128806554,16625,0506+056,1.0484631061554,86100,AP-N902-F303,0,0,86.088455200195,273.35000610352
21-APR-2026,19.14401777567,16625,0506+056,1.0490968227386,86100,AP-N901-F303,0,0,89.110565185547,273.35000610352
21-APR-2026,19.14401777567,16625,0506+056,1.0490968227386,86100,AP-N902-F303,0,0,86.088455200195,273.35000610352
21-APR-2026,19.152906745485,16625,0506+056,1.0497213602066,86100,AP-N901-F303,0,0,89.110565185547,273.35000610352
21-APR-2026,19.152906745485,16625,0506+056,1.0497213602066,86100,AP-N902-F303,0,0,86.088455200195,273.35000610352
21-APR-2026,19.327266817938,16632,0518+165,0.86286836862564,86100,AP-N901-F303,0.049889985471964,0.049889985471964,80.546028137207,273.64999389648
21-APR-2026,19.327266817938,16632,0518+165,0.86286836862564,86100,AP-N902-F303,0.042971100658178,0.042971100658178,77.440101623535,273.64999389648
21-APR-2026,19.343794737642,16636,0518+165,0.86374002695084,86100,AP-N901-F303,0.049889985471964,0.049889985471964,80.546028137207,273.64999389648
21-APR-2026,19.343794737642,16636,0518+165,0.86374002695084,86100,AP-N902-F303,0.042971100658178,0.042971100658178,77.440101623535,273.64999389648
21-APR-2026,19.352683708854,16636,0518+165,0.86419886350632,86100,AP-N901-F303,0.049889985471964,0.049889985471964,80.546028137207,273.64999389648
21-APR-2026,19.352683708854,16636,0518+165,0.86419886350632,86100,AP-N902-F303,0.042971100658178,0.042971100658178,77.440101623535,273.64999389648
21-APR-2026,19.361572677272,16636,0518+165,0.86465060710907,86100,AP-N901-F303,0.049889985471964,0.049889985471964,80.546028137207,273.64999389648
21-APR-2026,19.361572677272,16636,0518+165,0.86465060710907,86100,AP-N902-F303,0.042971100658178,0.042971100658178,77.440101623535,273.64999389648
21-APR-2026,19.406156411863,16641,0506+056,1.0635150671005,86100,AP-N901-F303,0,0,88.443023681641,273.54998779297
21-APR-2026,19.406156411863,16641,0506+056,1.0635150671005,86100,AP-N902-F303,0,0,85.433059692383,273.54998779297
21-APR-2026,19.419073199215,16645,0506+056,1.0640052556992,86100,AP-N901-F303,0,0,88.443023681641,273.54998779297
21-APR-2026,19.419073199215,16645,0506+056,1.0640052556992,86100,AP-N902-F303,0,0,85.433059692383,273.54998779297
21-APR-2026,19.427962168681,16645,0506+056,1.0643303394318,86100,AP-N901-F303,0,0,88.443023681641,273.54998779297
21-APR-2026,19.427962168681,16645,0506+056,1.0643303394318,86100,AP-N902-F303,0,0,85.433059692383,273.54998779297
21-APR-2026,19.436851138845,16645,0506+056,1.0646452903748,86100,AP-N901-F303,0,0,88.443023681641,273.54998779297
21-APR-2026,19.436851138845,16645,0506+056,1.0646452903748,86100,AP-N902-F303,0,0,85.433059692383,273.54998779297
21-APR-2026,19.445740107089,16645,0506+056,1.0649502277374,86100,AP-N901-F303,0,0,88.443023681641,273.54998779297
21-APR-2026,19.445740107089,16645,0506+056,1.0649502277374,86100,AP-N902-F303,0,0,85.433059692383,273.54998779297
21-APR-2026,19.45462907638,16645,0506+056,1.0652451515198,86100,AP-N901-F303,0,0,88.443023681641,273.54998779297
21-APR-2026,19.45462907638,16645,0506+056,1.0652451515198,86100,AP-N902-F303,0,0,85.433059692383,273.54998779297
21-APR-2026,19.46379582421,16645,0506+056,1.0655385255814,86100,AP-N901-F303,0,0,88.443023681641,273.54998779297
21-APR-2026,19.46379582421,16645,0506+056,1.0655385255814,86100,AP-N902-F303,0,0,85.433059692383,273.54998779297
21-APR-2026,19.529629752254,16651,0506+056,1.0673276185989,86100,AP-N901-F303,0,0,88.443023681641,273.54998779297
21-APR-2026,19.529629752254,16651,0506+056,1.0673276185989,86100,AP-N902-F303,0,0,85.433059692383,273.54998779297
21-APR-2026,19.538518719974,16651,0506+056,1.0675262212753,86100,AP-N901-F303,0,0,88.443023681641,273.54998779297
21-APR-2026,19.538518719974,16651,0506+056,1.0675262212753,86100,AP-N902-F303,0,0,85.433059692383,273.54998779297
21-APR-2026,19.547407688392,16651,0506+056,1.0677146911621,86100,AP-N901-F303,0,0,88.443023681641,273.54998779297
21-APR-2026,19.547407688392,16651,0506+056,1.0677146911621,86100,AP-N902-F303,0,0,85.433059692383,273.54998779297
21-APR-2026,19.556296658556,16651,0506+056,1.0678926706314,86100,AP-N901-F303,0,0,88.443023681641,273.54998779297
21-APR-2026,19.556296658556,16651,0506+056,1.0678926706314,86100,AP-N902-F303,0,0,85.433059692383,273.54998779297
21-APR-2026,19.565185628197,16651,0506+056,1.0680605173111,86100,AP-N901-F303,0,0,88.443023681641,273.54998779297
21-APR-2026,19.565185628197,16651,0506+056,1.0680605173111,86100,AP-N902-F303,0,0,85.433059692383,273.54998779297
21-APR-2026,19.743937236376,16656,0346-279,1.2319906949997,86100,AP-N901-F303,0.025278626009822,0.025278626009822,77.247825622559,273.25
21-APR-2026,19.743937236376,16656,0346-279,1.2319906949997,86100,AP-N902-F303,0.023897936567664,0.023897936567664,75.360084533691,273.25
21-APR-2026,19.759909604068,16660,0346-279,1.228328704834,86100,AP-N901-F303,0.025278626009822,0.025278626009822,77.247825622559,273.25
21-APR-2026,19.759909604068,16660,0346-279,1.228328704834,86100,AP-N902-F303,0.023897936567664,0.023897936567664,75.360084533691,273.25
21-APR-2026,19.768798573708,16660,0346-279,1.2262897491455,86100,AP-N901-F303,0.025278626009822,0.025278626009822,77.247825622559,273.25
21-APR-2026,19.768798573708,16660,0346-279,1.2262897491455,86100,AP-N902-F303,0.023897936567664,0.023897936567664,75.360084533691,273.25
21-APR-2026,19.777687542126,16660,0346-279,1.2242504358292,86100,AP-N901-F303,0.025278626009822,0.025278626009822,77.247825622559,273.25
21-APR-2026,19.777687542126,16660,0346-279,1.2242504358292,86100,AP-N902-F303,0.023897936567664,0.023897936567664,75.360084533691,273.25
21-APR-2026,19.786576513339,16660,0346-279,1.2222100496292,86100,AP-N901-F303,0.025278626009822,0.025278626009822,77.247825622559,273.25
21-APR-2026,19.786576513339,16660,0346-279,1.2222100496292,86100,AP-N902-F303,0.023897936567664,0.023897936567664,75.360084533691,273.25
21-APR-2026,19.795465481757,16660,0346-279,1.2201693058014,86100,AP-N901-F303,0.025278626009822,0.025278626009822,77.247825622559,273.25
21-APR-2026,19.795465481757,16660,0346-279,1.2201693058014,86100,AP-N902-F303,0.023897936567664,0.023897936567664,75.360084533691,273.25
21-APR-2026,19.804354450175,16660,0346-279,1.2181278467178,86100,AP-N901-F303,0.025278626009822,0.025278626009822,77.247825622559,273.25
21-APR-2026,19.804354450175,16660,0346-279,1.2181278467178,86100,AP-N902-F303,0.023897936567664,0.023897936567664,75.360084533691,273.25
21-APR-2026,19.813243417545,16660,0346-279,1.2160859107971,86100,AP-N901-F303,0.025278626009822,0.025278626009822,77.247825622559,273.25
21-APR-2026,19.813243417545,16660,0346-279,1.2160859107971,86100,AP-N902-F303,0.023897936567664,0.023897936567664,75.360084533691,273.25
21-APR-2026,19.994217261718,16665,0346-279,1.1743985414505,86100,AP-N901-F303,0.053106978535652,0.053106978535652,77.727348327637,273.64999389648
21-APR-2026,19.994217261718,16665,0346-279,1.1743985414505,86100,AP-N902-F303,0.044802542775869,0.044802542775869,74.798637390137,273.64999389648
21-APR-2026,20.010189627663,16669,0346-279,1.1707110404968,86100,AP-N901-F303,0.053106978535652,0.053106978535652,77.727348327637,273.64999389648
21-APR-2026,20.010189627663,16669,0346-279,1.1707110404968,86100,AP-N902-F303,0.044802542775869,0.044802542775869,74.798637390137,273.64999389648
21-APR-2026,20.019217487009,16669,0346-279,1.1686259508133,86100,AP-N901-F303,0.053106978535652,0.053106978535652,77.727348327637,273.64999389648
21-APR-2026,20.019217487009,16669,0346-279,1.1686259508133,86100,AP-N902-F303,0.044802542775869,0.044802542775869,74.798637390137,273.64999389648
21-APR-2026,20.028245347229,16669,0346-279,1.1665405035019,86100,AP-N901-F303,0.053106978535652,0.053106978535652,77.727348327637,273.64999389648
21-APR-2026,20.028245347229,16669,0346-279,1.1665405035019,86100,AP-N902-F303,0.044802542775869,0.044802542775869,74.798637390137,273.64999389648
21-APR-2026,20.037134314599,16669,0346-279,1.1644868850708,86100,AP-N901-F303,0.053106978535652,0.053106978535652,77.727348327637,273.64999389648
21-APR-2026,20.037134314599,16669,0346-279,1.1644868850708,86100,AP-N902-F303,0.044802542775869,0.044802542775869,74.798637390137,273.64999389648
21-APR-2026,20.046162175517,16669,0346-279,1.162400841713,86100,AP-N901-F303,0.053106978535652,0.053106978535652,77.727348327637,273.64999389648
21-APR-2026,20.046162175517,16669,0346-279,1.162400841713,86100,AP-N902-F303,0.044802542775869,0.044802542775869,74.798637390137,273.64999389648
21-APR-2026,20.055190033467,16669,0346-279,1.1603144407272,86100,AP-N901-F303,0.053106978535652,0.053106978535652,77.727348327637,273.64999389648
21-APR-2026,20.055190033467,16669,0346-279,1.1603144407272,86100,AP-N902-F303,0.044802542775869,0.044802542775869,74.798637390137,273.64999389648
21-APR-2026,20.064079000837,16669,0346-279,1.1582596302032,86100,AP-N901-F303,0.053106978535652,0.053106978535652,77.727348327637,273.64999389648
21-APR-2026,20.064079000837,16669,0346-279,1.1582596302032,86100,AP-N902-F303,0.044802542775869,0.044802542775869,74.798637390137,273.64999389648
21-APR-2026,20.243941731902,16674,0346-279,1.1166237592697,86100,AP-N901-F303,0.056286461651325,0.056286461651325,78.80647277832,272.54998779297
21-APR-2026,20.243941731902,16674,0346-279,1.1166237592697,86100,AP-N902-F303,0.048316832631826,0.048316832631826,75.842758178711,272.54998779297
21-APR-2026,20.260469651607,16678,0346-279,1.1127930879593,86100,AP-N901-F303,0.056286461651325,0.056286461651325,78.80647277832,272.54998779297
21-APR-2026,20.260469651607,16678,0346-279,1.1127930879593,86100,AP-N902-F303,0.048316832631826,0.048316832631826,75.842758178711,272.54998779297
21-APR-2026,20.269358620025,16678,0346-279,1.1107326745987,86100,AP-N901-F303,0.056286461651325,0.056286461651325,78.80647277832,272.54998779297
21-APR-2026,20.269358620025,16678,0346-279,1.1107326745987,86100,AP-N902-F303,0.048316832631826,0.048316832631826,75.842758178711,272.54998779297
21-APR-2026,20.278247588443,16678,0346-279,1.1086717844009,86100,AP-N901-F303,0.056286461651325,0.056286461651325,78.80647277832,272.54998779297
21-APR-2026,20.278247588443,16678,0346-279,1.1086717844009,86100,AP-N902-F303,0.048316832631826,0.048316832631826,75.842758178711,272.54998779297
21-APR-2026,20.287136558957,16678,0346-279,1.1066107749939,86100,AP-N901-F303,0.056286461651325,0.056286461651325,78.80647277832,272.54998779297
21-APR-2026,20.287136558957,16678,0346-279,1.1066107749939,86100,AP-N902-F303,0.048316832631826,0.048316832631826,75.842758178711,272.54998779297
21-APR-2026,20.296025527724,16678,0346-279,1.1045496463776,86100,AP-N901-F303,0.056286461651325,0.056286461651325,78.80647277832,272.54998779297
21-APR-2026,20.296025527724,16678,0346-279,1.1045496463776,86100,AP-N902-F303,0.048316832631826,0.048316832631826,75.842758178711,272.54998779297
21-APR-2026,20.494132762911,16685,0420-014,1.0218960046768,86100,AP-N901-F303,0.01906462572515,0.01906462572515,79.639762878418,272.95001220703
21-APR-2026,20.494132762911,16685,0420-014,1.0218960046768,86100,AP-N902-F303,0.025593964383006,0.025593964383006,78.869293212891,272.95001220703
21-APR-2026,20.510382911411,16689,0420-014,1.0188965797424,86100,AP-N901-F303,0.01906462572515,0.01906462572515,79.639762878418,272.95001220703
21-APR-2026,20.510382911411,16689,0420-014,1.0188965797424,86100,AP-N902-F303,0.025593964383006,0.025593964383006,78.869293212891,272.95001220703
21-APR-2026,20.519271879655,16689,0420-014,1.0172498226166,86100,AP-N901-F303,0.01906462572515,0.01906462572515,79.639762878418,272.95001220703
21-APR-2026,20.519271879655,16689,0420-014,1.0172498226166,86100,AP-N902-F303,0.025593964383006,0.025593964383006,78.869293212891,272.95001220703
21-APR-2026,20.528160848248,16689,0420-014,1.015598654747,86100,AP-N901-F303,0.01906462572515,0.01906462572515,79.639762878418,272.95001220703
21-APR-2026,20.528160848248,16689,0420-014,1.015598654747,86100,AP-N902-F303,0.025593964383006,0.025593964383006,78.869293212891,272.95001220703
21-APR-2026,20.537327598348,16689,0420-014,1.0138914585114,86100,AP-N901-F303,0.01906462572515,0.01906462572515,79.639762878418,272.95001220703
21-APR-2026,20.537327598348,16689,0420-014,1.0138914585114,86100,AP-N902-F303,0.025593964383006,0.025593964383006,78.869293212891,272.95001220703
21-APR-2026,20.546355458393,16689,0420-014,1.0122057199478,86100,AP-N901-F303,0.01906462572515,0.01906462572515,79.639762878418,272.95001220703
21-APR-2026,20.546355458393,16689,0420-014,1.0122057199478,86100,AP-N902-F303,0.025593964383006,0.025593964383006,78.869293212891,272.95001220703
21-APR-2026,20.555383314945,16689,0420-014,1.0105155706406,86100,AP-N901-F303,0.01906462572515,0.01906462572515,79.639762878418,272.95001220703
21-APR-2026,20.555383314945,16689,0420-014,1.0105155706406,86100,AP-N902-F303,0.025593964383006,0.025593964383006,78.869293212891,272.95001220703
21-APR-2026,20.564827846902,16689,0420-014,1.0087429285049,86100,AP-N901-F303,0.01906462572515,0.01906462572515,79.639762878418,272.95001220703
21-APR-2026,20.564827846902,16689,0420-014,1.0087429285049,86100,AP-N902-F303,0.025593964383006,0.025593964383006,78.869293212891,272.95001220703
21-APR-2026,20.743857227333,16694,0346-279,1.0005671977997,86100,AP-N901-F303,0.054100558161736,0.054100558161736,78.960327148438,272.75
21-APR-2026,20.743857227333,16694,0346-279,1.0005671977997,86100,AP-N902-F303,0.046881217509508,0.046881217509508,75.884239196777,272.75
21-APR-2026,20.760385158738,16698,0346-279,0.99672704935074,86100,AP-N901-F303,0.054100558161736,0.054100558161736,78.960327148438,272.75
21-APR-2026,20.760385158738,16698,0346-279,0.99672704935074,86100,AP-N902-F303,0.046881217509508,0.046881217509508,75.884239196777,272.75
21-APR-2026,20.769274126981,16698,0346-279,0.99466180801392,86100,AP-N901-F303,0.054100558161736,0.054100558161736,78.960327148438,272.75
21-APR-2026,20.769274126981,16698,0346-279,0.99466180801392,86100,AP-N902-F303,0.046881217509508,0.046881217509508,75.884239196777,272.75
21-APR-2026,20.778163095923,16698,0346-279,0.99259650707245,86100,AP-N901-F303,0.054100558161736,0.054100558161736,78.960327148438,272.75
21-APR-2026,20.778163095923,16698,0346-279,0.99259650707245,86100,AP-N902-F303,0.046881217509508,0.046881217509508,75.884239196777,272.75
21-APR-2026,20.78732984288,16698,0346-279,0.99046671390533,86100,AP-N901-F303,0.054100558161736,0.054100558161736,78.960327148438,272.75
21-APR-2026,20.78732984288,16698,0346-279,0.99046671390533,86100,AP-N902-F303,0.046881217509508,0.046881217509508,75.884239196777,272.75
21-APR-2026,20.796218812346,16698,0346-279,0.98840141296387,86100,AP-N901-F303,0.054100558161736,0.054100558161736,78.960327148438,272.75
21-APR-2026,20.796218812346,16698,0346-279,0.98840141296387,86100,AP-N902-F303,0.046881217509508,0.046881217509508,75.884239196777,272.75
21-APR-2026,20.805107781288,16698,0346-279,0.98633617162704,86100,AP-N901-F303,0.054100558161736,0.054100558161736,78.960327148438,272.75
21-APR-2026,20.805107781288,16698,0346-279,0.98633617162704,86100,AP-N902-F303,0.046881217509508,0.046881217509508,75.884239196777,272.75
21-APR-2026,20.814274531214,16698,0346-279,0.98420643806458,86100,AP-N901-F303,0.054100558161736,0.054100558161736,78.960327148438,272.75
21-APR-2026,20.814274531214,16698,0346-279,0.98420643806458,86100,AP-N902-F303,0.046881217509508,0.046881217509508,75.884239196777,272.75
21-APR-2026,20.994137251103,16703,0346-279,0.94242376089096,86100,AP-N901-F303,0.050209775567055,0.050209775567055,79.848220825195,272.25
21-APR-2026,20.994137251103,16703,0346-279,0.94242376089096,86100,AP-N902-F303,0.041949100792408,0.041949100792408,76.937438964844,272.25
21-APR-2026,21.01038740554,16707,0346-279,0.93864959478378,86100,AP-N901-F303,0.050209775567055,0.050209775567055,79.848220825195,272.25
21-APR-2026,21.01038740554,16707,0346-279,0.93864959478378,86100,AP-N902-F303,0.041949100792408,0.041949100792408,76.937438964844,272.25
21-APR-2026,21.019276375181,16707,0346-279,0.93658524751663,86100,AP-N901-F303,0.050209775567055,0.050209775567055,79.848220825195,272.25
21-APR-2026,21.019276375181,16707,0346-279,0.93658524751663,86100,AP-N902-F303,0.041949100792408,0.041949100792408,76.937438964844,272.25
21-APR-2026,21.028165341678,16707,0346-279,0.93452090024948,86100,AP-N901-F303,0.050209775567055,0.050209775567055,79.848220825195,272.25
21-APR-2026,21.028165341678,16707,0346-279,0.93452090024948,86100,AP-N902-F303,0.041949100792408,0.041949100792408,76.937438964844,272.25
21-APR-2026,21.037054312017,16707,0346-279,0.93245667219162,86100,AP-N901-F303,0.050209775567055,0.050209775567055,79.848220825195,272.25
21-APR-2026,21.037054312017,16707,0346-279,0.93245667219162,86100,AP-N902-F303,0.041949100792408,0.041949100792408,76.937438964844,272.25
21-APR-2026,21.045943280959,16707,0346-279,0.9303925037384,86100,AP-N901-F303,0.050209775567055,0.050209775567055,79.848220825195,272.25
21-APR-2026,21.045943280959,16707,0346-279,0.9303925037384,86100,AP-N902-F303,0.041949100792408,0.041949100792408,76.937438964844,272.25
21-APR-2026,21.054832249377,16707,0346-279,0.92832833528519,86100,AP-N901-F303,0.050209775567055,0.050209775567055,79.848220825195,272.25
21-APR-2026,21.054832249377,16707,0346-279,0.92832833528519,86100,AP-N902-F303,0.041949100792408,0.041949100792408,76.937438964844,272.25
21-APR-2026,21.26038965601,16715,0736+017,1.0799528360367,86100,AP-N901-F303,0.023920517414808,0.023920517414808,78.93822479248,272.25
21-APR-2026,21.26038965601,16715,0736+017,1.0799528360367,86100,AP-N902-F303,0.023699840530753,0.023699840530753,77.613227844238,272.25
21-APR-2026,21.276917582524,16719,0736+017,1.0819965600967,86100,AP-N901-F303,0.023920517414808,0.023920517414808,78.93822479248,272.25
21-APR-2026,21.276917582524,16719,0736+017,1.0819965600967,86100,AP-N902-F303,0.023699840530753,0.023699840530753,77.613227844238,272.25
21-APR-2026,21.285806551117,16719,0736+017,1.0830843448639,86100,AP-N901-F303,0.023920517414808,0.023920517414808,78.93822479248,272.25
21-APR-2026,21.285806551117,16719,0736+017,1.0830843448639,86100,AP-N902-F303,0.023699840530753,0.023699840530753,77.613227844238,272.25
21-APR-2026,21.294695518488,16719,0736+017,1.0841639041901,86100,AP-N901-F303,0.023920517414808,0.023920517414808,78.93822479248,272.25
21-APR-2026,21.294695518488,16719,0736+017,1.0841639041901,86100,AP-N902-F303,0.023699840530753,0.023699840530753,77.613227844238,272.25
21-APR-2026,21.303584488827,16719,0736+017,1.0852352380753,86100,AP-N901-F303,0.023920517414808,0.023920517414808,78.93822479248,272.25
21-APR-2026,21.303584488827,16719,0736+017,1.0852352380753,86100,AP-N902-F303,0.023699840530753,0.023699840530753,77.613227844238,272.25
21-APR-2026,21.312751237006,16719,0736+017,1.086331486702,86100,AP-N901-F303,0.023920517414808,0.023920517414808,78.93822479248,272.25
21-APR-2026,21.312751237006,16719,0736+017,1.086331486702,86100,AP-N902-F303,0.023699840530753,0.023699840530753,77.613227844238,272.25
21-APR-2026,21.321640204551,16719,0736+017,1.087385892868,86100,AP-N901-F303,0.023920517414808,0.023920517414808,78.93822479248,272.25
21-APR-2026,21.321640204551,16719,0736+017,1.087385892868,86100,AP-N902-F303,0.023699840530753,0.023699840530753,77.613227844238,272.25
21-APR-2026,21.330529174192,16719,0736+017,1.0884319543839,86100,AP-N901-F303,0.023920517414808,0.023920517414808,78.93822479248,272.25
21-APR-2026,21.330529174192,16719,0736+017,1.0884319543839,86100,AP-N902-F303,0.023699840530753,0.023699840530753,77.613227844238,272.25
21-APR-2026,21.493725082575,16724,0736+017,1.1060795783997,86100,AP-N901-F303,0.059316240251064,0.059316240251064,79.250923156738,271.75
21-APR-2026,21.493725082575,16724,0736+017,1.1060795783997,86100,AP-N902-F303,0.051361188292503,0.051361188292503,76.272453308105,271.75
21-APR-2026,21.510253013456,16728,0736+017,1.1076942682266,86100,AP-N901-F303,0.059316240251064,0.059316240251064,79.250923156738,271.75
21-APR-2026,21.510253013456,16728,0736+017,1.1076942682266,86100,AP-N902-F303,0.051361188292503,0.051361188292503,76.272453308105,271.75
21-APR-2026,21.519141983445,16728,0736+017,1.1085494756699,86100,AP-N901-F303,0.059316240251064,0.059316240251064,79.250923156738,271.75
21-APR-2026,21.519141983445,16728,0736+017,1.1085494756699,86100,AP-N902-F303,0.051361188292503,0.051361188292503,76.272453308105,271.75
21-APR-2026,21.52803095134,16728,0736+017,1.1093947887421,86100,AP-N901-F303,0.059316240251064,0.059316240251064,79.250923156738,271.75
21-APR-2026,21.52803095134,16728,0736+017,1.1093947887421,86100,AP-N902-F303,0.051361188292503,0.051361188292503,76.272453308105,271.75
21-APR-2026,21.536919918885,16728,0736+017,1.1102305650711,86100,AP-N901-F303,0.059316240251064,0.059316240251064,79.250923156738,271.75
21-APR-2026,21.536919918885,16728,0736+017,1.1102305650711,86100,AP-N902-F303,0.051361188292503,0.051361188292503,76.272453308105,271.75
21-APR-2026,21.545808889049,16728,0736+017,1.1110565662384,86100,AP-N901-F303,0.059316240251064,0.059316240251064,79.250923156738,271.75
21-APR-2026,21.545808889049,16728,0736+017,1.1110565662384,86100,AP-N902-F303,0.051361188292503,0.051361188292503,76.272453308105,271.75
21-APR-2026,21.554697858515,16728,0736+017,1.111872792244,86100,AP-N901-F303,0.059316240251064,0.059316240251064,79.250923156738,271.75
21-APR-2026,21.554697858515,16728,0736+017,1.111872792244,86100,AP-N902-F303,0.051361188292503,0.051361188292503,76.272453308105,271.75
21-APR-2026,21.563586827108,16728,0736+017,1.1126792430878,86100,AP-N901-F303,0.059316240251064,0.059316240251064,79.250923156738,271.75
21-APR-2026,21.563586827108,16728,0736+017,1.1126792430878,86100,AP-N902-F303,0.051361188292503,0.051361188292503,76.272453308105,271.75
21-APR-2026,21.760949717519,16733,OJ287,0.70398092269897,86100,AP-N901-F303,0.050792898982763,0.050792898982763,86.874122619629,271.35000610352
21-APR-2026,21.760949717519,16733,OJ287,0.70398092269897,86100,AP-N902-F303,0.043410789221525,0.043410789221525,83.676361083984,271.35000610352
21-APR-2026,21.777755419254,16737,OJ287,0.70612388849258,86100,AP-N901-F303,0.050792898982763,0.050792898982763,86.874122619629,271.35000610352
21-APR-2026,21.777755419254,16737,OJ287,0.70612388849258,86100,AP-N902-F303,0.043410789221525,0.043410789221525,83.676361083984,271.35000610352
21-APR-2026,21.78664438645,16737,OJ287,0.707250893116,86100,AP-N901-F303,0.050792898982763,0.050792898982763,86.874122619629,271.35000610352
21-APR-2026,21.78664438645,16737,OJ287,0.707250893116,86100,AP-N902-F303,0.043410789221525,0.043410789221525,83.676361083984,271.35000610352
21-APR-2026,21.795533356789,16737,OJ287,0.70837336778641,86100,AP-N901-F303,0.050792898982763,0.050792898982763,86.874122619629,271.35000610352
21-APR-2026,21.795533356789,16737,OJ287,0.70837336778641,86100,AP-N902-F303,0.043410789221525,0.043410789221525,83.676361083984,271.35000610352
21-APR-2026,21.804422327303,16737,OJ287,0.70949131250381,86100,AP-N901-F303,0.050792898982763,0.050792898982763,86.874122619629,271.35000610352
21-APR-2026,21.804422327303,16737,OJ287,0.70949131250381,86100,AP-N902-F303,0.043410789221525,0.043410789221525,83.676361083984,271.35000610352
21-APR-2026,21.813450187522,16737,OJ287,0.71062207221985,86100,AP-N901-F303,0.050792898982763,0.050792898982763,86.874122619629,271.35000610352
21-APR-2026,21.813450187522,16737,OJ287,0.71062207221985,86100,AP-N902-F303,0.043410789221525,0.043410789221525,83.676361083984,271.35000610352
21-APR-2026,21.822478047218,16737,OJ287,0.7117480635643,86100,AP-N901-F303,0.050792898982763,0.050792898982763,86.874122619629,271.35000610352
21-APR-2026,21.822478047218,16737,OJ287,0.7117480635643,86100,AP-N902-F303,0.043410789221525,0.043410789221525,83.676361083984,271.35000610352
21-APR-2026,21.831644796096,16737,OJ287,0.71288657188416,86100,AP-N901-F303,0.050792898982763,0.050792898982763,86.874122619629,271.35000610352
21-APR-2026,21.831644796096,16737,OJ287,0.71288657188416,86100,AP-N902-F303,0.043410789221525,0.043410789221525,83.676361083984,271.35000610352
21-APR-2026,21.994562938164,16742,OJ287,0.73228245973587,86100,AP-N901-F303,0.034490879625082,0.034490879625082,85.915191650391,271.04998779297
21-APR-2026,21.994562938164,16742,OJ287,0.73228245973587,86100,AP-N902-F303,0.022117780521512,0.022117780521512,82.587074279785,271.04998779297
21-APR-2026,22.011368639376,16746,OJ287,0.7341902256012,86100,AP-N901-F303,0.034490879625082,0.034490879625082,85.915191650391,271.04998779297
21-APR-2026,22.011368639376,16746,OJ287,0.7341902256012,86100,AP-N902-F303,0.022117780521512,0.022117780521512,82.587074279785,271.04998779297
21-APR-2026,22.020257607445,16746,OJ287,0.73519223928452,86100,AP-N901-F303,0.034490879625082,0.034490879625082,85.915191650391,271.04998779297
21-APR-2026,22.020257607445,16746,OJ287,0.73519223928452,86100,AP-N902-F303,0.022117780521512,0.022117780521512,82.587074279785,271.04998779297
21-APR-2026,22.029146576736,16746,OJ287,0.73618924617767,86100,AP-N901-F303,0.034490879625082,0.034490879625082,85.915191650391,271.04998779297
21-APR-2026,22.029146576736,16746,OJ287,0.73618924617767,86100,AP-N902-F303,0.022117780521512,0.022117780521512,82.587074279785,271.04998779297
21-APR-2026,22.038035548298,16746,OJ287,0.73718124628067,86100,AP-N901-F303,0.034490879625082,0.034490879625082,85.915191650391,271.04998779297
21-APR-2026,22.038035548298,16746,OJ287,0.73718124628067,86100,AP-N902-F303,0.022117780521512,0.022117780521512,82.587074279785,271.04998779297
21-APR-2026,22.046924516716,16746,OJ287,0.73816812038422,86100,AP-N901-F303,0.034490879625082,0.034490879625082,85.915191650391,271.04998779297
21-APR-2026,22.046924516716,16746,OJ287,0.73816812038422,86100,AP-N902-F303,0.022117780521512,0.022117780521512,82.587074279785,271.04998779297
21-APR-2026,22.055813486531,16746,OJ287,0.7391499876976,86100,AP-N901-F303,0.034490879625082,0.034490879625082,85.915191650391,271.04998779297
21-APR-2026,22.055813486531,16746,OJ287,0.7391499876976,86100,AP-N902-F303,0.022117780521512,0.022117780521512,82.587074279785,271.04998779297
21-APR-2026,22.064702454425,16746,OJ287,0.74012684822083,86100,AP-N901-F303,0.034490879625082,0.034490879625082,85.915191650391,271.04998779297
21-APR-2026,22.064702454425,16746,OJ287,0.74012684822083,86100,AP-N902-F303,0.022117780521512,0.022117780521512,82.587074279785,271.04998779297
21-APR-2026,22.496316266606,16764,3C273,0.33917853236198,86100,AP-N901-F303,0.051911849528551,0.051911849528551,107.53414154053,269.95001220703
21-APR-2026,22.496316266606,16764,3C273,0.33917853236198,86100,AP-N902-F303,0.051063653081656,0.051063653081656,104.58441925049,269.95001220703
21-APR-2026,22.510621952239,16768,3C273,0.34257298707962,86100,AP-N901-F303,0.051911849528551,0.051911849528551,107.53414154053,269.95001220703
21-APR-2026,22.510621952239,16768,3C273,0.34257298707962,86100,AP-N902-F303,0.051063653081656,0.051063653081656,104.58441925049,269.95001220703
21-APR-2026,22.519510920657,16768,3C273,0.34468165040016,86100,AP-N901-F303,0.051911849528551,0.051911849528551,107.53414154053,269.95001220703
21-APR-2026,22.519510920657,16768,3C273,0.34468165040016,86100,AP-N902-F303,0.051063653081656,0.051063653081656,104.58441925049,269.95001220703
21-APR-2026,22.528399890123,16768,3C273,0.34678983688354,86100,AP-N901-F303,0.051911849528551,0.051911849528551,107.53414154053,269.95001220703
21-APR-2026,22.528399890123,16768,3C273,0.34678983688354,86100,AP-N902-F303,0.051063653081656,0.051063653081656,104.58441925049,269.95001220703
21-APR-2026,22.574094743933,16773,M87,0.26919251680374,86100,AP-N901-F303,0,0,130.23110961914,270.04998779297
21-APR-2026,22.574094743933,16773,M87,0.26919251680374,86100,AP-N902-F303,0,0,126.93674468994,270.04998779297
21-APR-2026,22.587844872313,16777,M87,0.27229604125023,86100,AP-N901-F303,0,0,130.23110961914,270.04998779297
21-APR-2026,22.587844872313,16777,M87,0.27229604125023,86100,AP-N902-F303,0,0,126.93674468994,270.04998779297
21-APR-2026,22.596733843875,16777,M87,0.27430135011673,86100,AP-N901-F303,0,0,130.23110961914,270.04998779297
21-APR-2026,22.596733843875,16777,M87,0.27430135011673,86100,AP-N902-F303,0,0,126.93674468994,270.04998779297
21-APR-2026,22.605622812118,16777,M87,0.27630576491356,86100,AP-N901-F303,0,0,130.23110961914,270.04998779297
21-APR-2026,22.605622812118,16777,M87,0.27630576491356,86100,AP-N902-F303,0,0,126.93674468994,270.04998779297
21-APR-2026,22.614650670417,16777,M87,0.27834063768387,86100,AP-N901-F303,0,0,130.23110961914,270.04998779297
21-APR-2026,22.614650670417,16777,M87,0.27834063768387,86100,AP-N902-F303,0,0,126.93674468994,270.04998779297
21-APR-2026,22.623678530986,16777,M87,0.28037461638451,86100,AP-N901-F303,0,0,130.23110961914,270.04998779297
21-APR-2026,22.623678530986,16777,M87,0.28037461638451,86100,AP-N902-F303,0,0,126.93674468994,270.04998779297
21-APR-2026,22.760763097828,16782,3C273,0.40173572301865,86100,AP-N901-F303,0.051739685237408,0.051739685237408,101.10891723633,269.95001220703
21-APR-2026,22.760763097828,16782,3C273,0.40173572301865,86100,AP-N902-F303,0.049558434635401,0.049558434635401,97.690612792969,269.95001220703
21-APR-2026,22.776735473028,16786,3C273,0.4055001437664,86100,AP-N901-F303,0.051739685237408,0.051739685237408,101.10891723633,269.95001220703
21-APR-2026,22.776735473028,16786,3C273,0.4055001437664,86100,AP-N902-F303,0.049558434635401,0.049558434635401,97.690612792969,269.95001220703
21-APR-2026,22.785624441446,16786,3C273,0.40759441256523,86100,AP-N901-F303,0.051739685237408,0.051739685237408,101.10891723633,269.95001220703
21-APR-2026,22.785624441446,16786,3C273,0.40759441256523,86100,AP-N902-F303,0.049558434635401,0.049558434635401,97.690612792969,269.95001220703
21-APR-2026,22.794513410737,16786,3C273,0.40968808531761,86100,AP-N901-F303,0.051739685237408,0.051739685237408,101.10891723633,269.95001220703
21-APR-2026,22.794513410737,16786,3C273,0.40968808531761,86100,AP-N902-F303,0.049558434635401,0.049558434635401,97.690612792969,269.95001220703
21-APR-2026,22.839652708168,16791,M87,0.32875046133995,86100,AP-N901-F303,0,0,120.05242156982,269.45001220703
21-APR-2026,22.839652708168,16791,M87,0.32875046133995,86100,AP-N902-F303,0,0,116.50324249268,269.45001220703
21-APR-2026,22.854513955418,16795,M87,0.33205837011337,86100,AP-N901-F303,0,0,120.05242156982,269.45001220703
21-APR-2026,22.854513955418,16795,M87,0.33205837011337,86100,AP-N902-F303,0,0,116.50324249268,269.45001220703
21-APR-2026,22.863541812145,16795,M87,0.33406645059586,86100,AP-N901-F303,0,0,120.05242156982,269.45001220703
21-APR-2026,22.863541812145,16795,M87,0.33406645059586,86100,AP-N902-F303,0,0,116.50324249268,269.45001220703
21-APR-2026,22.872569673063,16795,M87,0.33607351779938,86100,AP-N901-F303,0,0,120.05242156982,269.45001220703
21-APR-2026,22.872569673063,16795,M87,0.33607351779938,86100,AP-N902-F303,0,0,116.50324249268,269.45001220703
21-APR-2026,22.881458641481,16795,M87,0.33804866671562,86100,AP-N901-F303,0,0,120.05242156982,269.45001220703
21-APR-2026,22.881458641481,16795,M87,0.33804866671562,86100,AP-N902-F303,0,0,116.50324249268,269.45001220703
21-APR-2026,22.89034761217,16795,M87,0.34002277255058,86100,AP-N901-F303,0,0,120.05242156982,269.45001220703
21-APR-2026,22.89034761217,16795,M87,0.34002277255058,86100,AP-N902-F303,0,0,116.50324249268,269.45001220703
21-APR-2026,23.060488039899,16800,3C273,0.47206962108612,86100,AP-N901-F303,0.046829991042614,0.046829991042614,96.221702575684,269.75
21-APR-2026,23.060488039899,16800,3C273,0.47206962108612,86100,AP-N902-F303,0.041692432016134,0.041692432016134,92.862548828125,269.75
21-APR-2026,23.076738184558,16804,3C273,0.47586297988892,86100,AP-N901-F303,0.046829991042614,0.046829991042614,96.221702575684,269.75
21-APR-2026,23.076738184558,16804,3C273,0.47586297988892,86100,AP-N902-F303,0.041692432016134,0.041692432016134,92.862548828125,269.75
21-APR-2026,23.085627154024,16804,3C273,0.47793704271317,86100,AP-N901-F303,0.046829991042614,0.046829991042614,96.221702575684,269.75
21-APR-2026,23.085627154024,16804,3C273,0.47793704271317,86100,AP-N902-F303,0.041692432016134,0.041692432016134,92.862548828125,269.75
21-APR-2026,23.094516123664,16804,3C273,0.48001039028168,86100,AP-N901-F303,0.046829991042614,0.046829991042614,96.221702575684,269.75
21-APR-2026,23.094516123664,16804,3C273,0.48001039028168,86100,AP-N902-F303,0.041692432016134,0.041692432016134,92.862548828125,269.75
21-APR-2026,23.140210983935,16809,M87,0.395073980093,86100,AP-N901-F303,0,0,112.46997070313,269.45001220703
21-APR-2026,23.140210983935,16809,M87,0.395073980093,86100,AP-N902-F303,0,0,109.20143890381,269.45001220703
21-APR-2026,23.153961108474,16813,M87,0.39807757735252,86100,AP-N901-F303,0,0,112.46997070313,269.45001220703
21-APR-2026,23.153961108474,16813,M87,0.39807757735252,86100,AP-N902-F303,0,0,109.20143890381,269.45001220703
21-APR-2026,23.163127858399,16813,M87,0.40007829666138,86100,AP-N901-F303,0,0,112.46997070313,269.45001220703
21-APR-2026,23.163127858399,16813,M87,0.40007829666138,86100,AP-N902-F303,0,0,109.20143890381,269.45001220703
21-APR-2026,23.172294608325,16813,M87,0.40207779407501,86100,AP-N901-F303,0,0,112.46997070313,269.45001220703
21-APR-2026,23.172294608325,16813,M87,0.40207779407501,86100,AP-N902-F303,0,0,109.20143890381,269.45001220703
21-APR-2026,23.181322466623,16813,M87,0.40404567122459,86100,AP-N901-F303,0,0,112.46997070313,269.45001220703
21-APR-2026,23.181322466623,16813,M87,0.40404567122459,86100,AP-N902-F303,0,0,109.20143890381,269.45001220703
21-APR-2026,23.190350327367,16813,M87,0.40601235628128,86100,AP-N901-F303,0,0,112.46997070313,269.45001220703
21-APR-2026,23.190350327367,16813,M87,0.40601235628128,86100,AP-N902-F303,0,0,109.20143890381,269.45001220703
21-APR-2026,23.260073176606,16820,M87,0.42115807533264,86100,AP-N901-F303,0,0,110.1127166748,269.35000610352
21-APR-2026,23.260073176606,16820,M87,0.42115807533264,86100,AP-N902-F303,0,0,106.57814788818,269.35000610352
21-APR-2026,23.268962146421,16820,M87,0.42308342456818,86100,AP-N901-F303,0,0,110.1127166748,269.35000610352
21-APR-2026,23.268962146421,16820,M87,0.42308342456818,86100,AP-N902-F303,0,0,106.57814788818,269.35000610352
21-APR-2026,23.27785111676,16820,M87,0.42500758171082,86100,AP-N901-F303,0,0,110.1127166748,269.35000610352
21-APR-2026,23.27785111676,16820,M87,0.42500758171082,86100,AP-N902-F303,0,0,106.57814788818,269.35000610352
21-APR-2026,23.2867400864,16820,M87,0.4269303381443,86100,AP-N901-F303,0,0,110.1127166748,269.35000610352
21-APR-2026,23.2867400864,16820,M87,0.4269303381443,86100,AP-N902-F303,0,0,106.57814788818,269.35000610352
21-APR-2026,23.295629053945,16820,M87,0.42885187268257,86100,AP-N901-F303,0,0,110.1127166748,269.35000610352
21-APR-2026,23.295629053945,16820,M87,0.42885187268257,86100,AP-N902-F303,0,0,106.57814788818,269.35000610352
21-APR-2026,23.304656912244,16820,M87,0.4308021068573,86100,AP-N901-F303,0,0,110.1127166748,269.35000610352
21-APR-2026,23.304656912244,16820,M87,0.4308021068573,86100,AP-N902-F303,0,0,106.57814788818,269.35000610352
21-APR-2026,23.313684775258,16820,M87,0.43275094032288,86100,AP-N901-F303,0,0,110.1127166748,269.35000610352
21-APR-2026,23.313684775258,16820,M87,0.43275094032288,86100,AP-N902-F303,0,0,106.57814788818,269.35000610352
21-APR-2026,23.493547507895,16825,1156+295,0.38259190320969,86100,AP-N901-F303,0.052506774663925,0.052506774663925,103.58867645264,269.54998779297
21-APR-2026,23.493547507895,16825,1156+295,0.38259190320969,86100,AP-N902-F303,0.050980858504772,0.050980858504772,100.2209854126,269.54998779297
21-APR-2026,23.510353220108,16829,1156+295,0.38531699776649,86100,AP-N901-F303,0.052506774663925,0.052506774663925,103.58867645264,269.54998779297
21-APR-2026,23.510353220108,16829,1156+295,0.38531699776649,86100,AP-N902-F303,0.050980858504772,0.050980858504772,100.2209854126,269.54998779297
21-APR-2026,23.519242189748,16829,1156+295,0.3867549598217,86100,AP-N901-F303,0.052506774663925,0.052506774663925,103.58867645264,269.54998779297
21-APR-2026,23.519242189748,16829,1156+295,0.3867549598217,86100,AP-N902-F303,0.050980858504772,0.050980858504772,100.2209854126,269.54998779297
21-APR-2026,23.528131157119,16829,1156+295,0.38819035887718,86100,AP-N901-F303,0.052506774663925,0.052506774663925,103.58867645264,269.54998779297
21-APR-2026,23.528131157119,16829,1156+295,0.38819035887718,86100,AP-N902-F303,0.050980858504772,0.050980858504772,100.2209854126,269.54998779297
21-APR-2026,23.537020125537,16829,1156+295,0.38962325453758,86100,AP-N901-F303,0.052506774663925,0.052506774663925,103.58867645264,269.54998779297
21-APR-2026,23.537020125537,16829,1156+295,0.38962325453758,86100,AP-N902-F303,0.050980858504772,0.050980858504772,100.2209854126,269.54998779297
21-APR-2026,23.545909094653,16829,1156+295,0.39105361700058,86100,AP-N901-F303,0.052506774663925,0.052506774663925,103.58867645264,269.54998779297
21-APR-2026,23.545909094653,16829,1156+295,0.39105361700058,86100,AP-N902-F303,0.050980858504772,0.050980858504772,100.2209854126,269.54998779297
21-APR-2026,23.554798065866,16829,1156+295,0.39248153567314,86100,AP-N901-F303,0.052506774663925,0.052506774663925,103.58867645264,269.54998779297
21-APR-2026,23.554798065866,16829,1156+295,0.39248153567314,86100,AP-N902-F303,0.050980858504772,0.050980858504772,100.2209854126,269.54998779297
21-APR-2026,23.563825924688,16829,1156+295,0.39392906427383,86100,AP-N901-F303,0.052506774663925,0.052506774663925,103.58867645264,269.54998779297
21-APR-2026,23.563825924688,16829,1156+295,0.39392906427383,86100,AP-N902-F303,0.050980858504772,0.050980858504772,100.2209854126,269.54998779297
21-APR-2026,23.744383118427,16834,3C273,0.62941807508469,86100,AP-N901-F303,0.054474838078022,0.054474838078022,88.318016052246,268.54998779297
21-APR-2026,23.744383118427,16834,3C273,0.62941807508469,86100,AP-N902-F303,0.049491856247187,0.049491856247187,84.87133026123,268.54998779297
21-APR-2026,23.760355477737,16838,3C273,0.63302600383759,86100,AP-N901-F303,0.054474838078022,0.054474838078022,88.318016052246,268.54998779297
21-APR-2026,23.760355477737,16838,3C273,0.63302600383759,86100,AP-N902-F303,0.049491856247187,0.049491856247187,84.87133026123,268.54998779297
21-APR-2026,23.769244448076,16838,3C273,0.63503241539001,86100,AP-N901-F303,0.054474838078022,0.054474838078022,88.318016052246,268.54998779297
21-APR-2026,23.769244448076,16838,3C273,0.63503241539001,86100,AP-N902-F303,0.049491856247187,0.049491856247187,84.87133026123,268.54998779297
21-APR-2026,23.778133415795,16838,3C273,0.63703763484955,86100,AP-N901-F303,0.054474838078022,0.054474838078022,88.318016052246,268.54998779297
21-APR-2026,23.778133415795,16838,3C273,0.63703763484955,86100,AP-N902-F303,0.049491856247187,0.049491856247187,84.87133026123,268.54998779297
21-APR-2026,23.82327271602,16843,M87,0.54032558202744,86100,AP-N901-F303,0,0,101.21174621582,268.64999389648
21-APR-2026,23.82327271602,16843,M87,0.54032558202744,86100,AP-N902-F303,0,0,97.882522583008,268.64999389648
21-APR-2026,23.837578394842,16847,M87,0.54326874017715,86100,AP-N901-F303,0,0,101.21174621582,268.64999389648
21-APR-2026,23.837578394842,16847,M87,0.54326874017715,86100,AP-N902-F303,0,0,97.882522583008,268.64999389648
21-APR-2026,23.84646736588,16847,M87,0.54509520530701,86100,AP-N901-F303,0,0,101.21174621582,268.64999389648
21-APR-2026,23.84646736588,16847,M87,0.54509520530701,86100,AP-N902-F303,0,0,97.882522583008,268.64999389648
21-APR-2026,23.855634114408,16847,M87,0.54697686433792,86100,AP-N901-F303,0,0,101.21174621582,268.64999389648
21-APR-2026,23.855634114408,16847,M87,0.54697686433792,86100,AP-N902-F303,0,0,97.882522583008,268.64999389648
21-APR-2026,23.86452308597,16847,M87,0.5487996339798,86100,AP-N901-F303,0,0,101.21174621582,268.64999389648
21-APR-2026,23.86452308597,16847,M87,0.5487996339798,86100,AP-N902-F303,0,0,97.882522583008,268.64999389648
21-APR-2026,23.873412054039,16847,M87,0.55062055587769,86100,AP-N901-F303,0,0,101.21174621582,268.64999389648
21-APR-2026,23.873412054039,16847,M87,0.55062055587769,86100,AP-N902-F303,0,0,97.882522583008,268.64999389648
21-APR-2026,23.882301022457,16847,M87,0.55243968963623,86100,AP-N901-F303,0,0,101.21174621582,268.64999389648
21-APR-2026,23.882301022457,16847,M87,0.55243968963623,86100,AP-N902-F303,0,0,97.882522583008,268.64999389648
21-APR-2026,23.891467775176,16847,M87,0.55431371927261,86100,AP-N901-F303,0,0,101.21174621582,268.64999389648
21-APR-2026,23.891467775176,16847,M87,0.55431371927261,86100,AP-N902-F303,0,0,97.882522583008,268.64999389648
21-APR-2026,23.981051920111,16852,M87,0.57252216339111,86100,AP-N901-F303,0.048800513148308,0.048800513148308,90.062217712402,268.35000610352
21-APR-2026,23.981051920111,16852,M87,0.57252216339111,86100,AP-N902-F303,0.042848162353039,0.042848162353039,86.575096130371,268.35000610352
21-APR-2026,6.9814190233343,16084,1749+096,0.88942044973373,86241,AP-N901-F303,0.056608267128468,0.056608267128468,79.672653198242,268.14999389648
21-APR-2026,6.9814190233343,16084,1749+096,0.88942044973373,86241,AP-N902-F303,0.05165871232748,0.05165871232748,76.946441650391,268.14999389648
21-APR-2026,7.00933594607,16088,1749+096,0.89332711696625,86241,AP-N901-F303,0.056608267128468,0.056608267128468,79.672653198242,268.14999389648
21-APR-2026,7.00933594607,16088,1749+096,0.89332711696625,86241,AP-N902-F303,0.05165871232748,0.05165871232748,76.946441650391,268.14999389648
21-APR-2026,7.0182249134405,16088,1749+096,0.89455986022949,86241,AP-N901-F303,0.056608267128468,0.056608267128468,79.672653198242,268.14999389648
21-APR-2026,7.0182249134405,16088,1749+096,0.89455986022949,86241,AP-N902-F303,0.05165871232748,0.05165871232748,76.946441650391,268.14999389648
21-APR-2026,7.0273916609212,16088,1749+096,0.89582532644272,86241,AP-N901-F303,0.056608267128468,0.056608267128468,79.672653198242,268.14999389648
21-APR-2026,7.0273916609212,16088,1749+096,0.89582532644272,86241,AP-N902-F303,0.05165871232748,0.05165871232748,76.946441650391,268.14999389648
21-APR-2026,7.0362806300379,16088,1749+096,0.89704692363739,86241,AP-N901-F303,0.056608267128468,0.056608267128468,79.672653198242,268.14999389648
21-APR-2026,7.0362806300379,16088,1749+096,0.89704692363739,86241,AP-N902-F303,0.05165871232748,0.05165871232748,76.946441650391,268.14999389648
21-APR-2026,7.0451695982815,16088,1749+096,0.8982629776001,86241,AP-N901-F303,0.056608267128468,0.056608267128468,79.672653198242,268.14999389648
21-APR-2026,7.0451695982815,16088,1749+096,0.8982629776001,86241,AP-N902-F303,0.05165871232748,0.05165871232748,76.946441650391,268.14999389648
21-APR-2026,7.1766985449318,16093,P-HALF,1.2762942314148,86241,AP-N901-F303,0.061617899686098,0.061617899686098,76.259033203125,268.14999389648
21-APR-2026,7.1766985449318,16093,P-HALF,1.2762942314148,86241,AP-N902-F303,0.055894646793604,0.055894646793604,73.21467590332,268.14999389648
21-APR-2026,7.1932264707481,16097,P-HALF,1.279923081398,86241,AP-N901-F303,0.061617899686098,0.061617899686098,76.259033203125,268.14999389648
21-APR-2026,7.1932264707481,16097,P-HALF,1.279923081398,86241,AP-N902-F303,0.055894646793604,0.055894646793604,73.21467590332,268.14999389648
21-APR-2026,7.2021154381186,16097,P-HALF,1.2818722724915,86241,AP-N901-F303,0.061617899686098,0.061617899686098,76.259033203125,268.14999389648
21-APR-2026,7.2021154381186,16097,P-HALF,1.2818722724915,86241,AP-N902-F303,0.055894646793604,0.055894646793604,73.21467590332,268.14999389648
21-APR-2026,7.2110044065367,16097,P-HALF,1.283819437027,86241,AP-N901-F303,0.061617899686098,0.061617899686098,76.259033203125,268.14999389648
21-APR-2026,7.2110044065367,16097,P-HALF,1.283819437027,86241,AP-N902-F303,0.055894646793604,0.055894646793604,73.21467590332,268.14999389648
21-APR-2026,7.2198933760027,16097,P-HALF,1.2857645750046,86241,AP-N901-F303,0.061617899686098,0.061617899686098,76.259033203125,268.14999389648
21-APR-2026,7.2198933760027,16097,P-HALF,1.2857645750046,86241,AP-N902-F303,0.055894646793604,0.055894646793604,73.21467590332,268.14999389648
21-APR-2026,7.2287823433731,16097,P-HALF,1.2877078056335,86241,AP-N901-F303,0.061617899686098,0.061617899686098,76.259033203125,268.14999389648
21-APR-2026,7.2287823433731,16097,P-HALF,1.2877078056335,86241,AP-N902-F303,0.055894646793604,0.055894646793604,73.21467590332,268.14999389648
21-APR-2026,7.2376713107436,16097,P-HALF,1.2896488904953,86241,AP-N901-F303,0.061617899686098,0.061617899686098,76.259033203125,268.14999389648
21-APR-2026,7.2376713107436,16097,P-HALF,1.2896488904953,86241,AP-N902-F303,0.055894646793604,0.055894646793604,73.21467590332,268.14999389648
21-APR-2026,7.3200331551746,16102,P-HALF,1.3075278997421,86241,AP-N901-F303,0.06006059423089,0.06006059423089,76.105949401855,268.14999389648
21-APR-2026,7.3200331551746,16102,P-HALF,1.3075278997421,86241,AP-N902-F303,0.05250845476985,0.05250845476985,73.12574005127,268.14999389648
21-APR-2026,7.3487834084622,16106,P-HALF,1.3137190341949,86241,AP-N901-F303,0.06006059423089,0.06006059423089,76.105949401855,268.14999389648
21-APR-2026,7.3487834084622,16106,P-HALF,1.3137190341949,86241,AP-N902-F303,0.05250845476985,0.05250845476985,73.12574005127,268.14999389648
21-APR-2026,7.3576723781028,16106,P-HALF,1.3156274557114,86241,AP-N901-F303,0.06006059423089,0.06006059423089,76.105949401855,268.14999389648
21-APR-2026,7.3576723781028,16106,P-HALF,1.3156274557114,86241,AP-N902-F303,0.05250845476985,0.05250845476985,73.12574005127,268.14999389648
21-APR-2026,7.366561346521,16106,P-HALF,1.3175330162048,86241,AP-N901-F303,0.06006059423089,0.06006059423089,76.105949401855,268.14999389648
21-APR-2026,7.366561346521,16106,P-HALF,1.3175330162048,86241,AP-N902-F303,0.05250845476985,0.05250845476985,73.12574005127,268.14999389648
21-APR-2026,7.3754503142407,16106,P-HALF,1.3194355964661,86241,AP-N901-F303,0.06006059423089,0.06006059423089,76.105949401855,268.14999389648
21-APR-2026,7.3754503142407,16106,P-HALF,1.3194355964661,86241,AP-N902-F303,0.05250845476985,0.05250845476985,73.12574005127,268.14999389648
21-APR-2026,7.3843392803888,16106,P-HALF,1.3213353157043,86241,AP-N901-F303,0.06006059423089,0.06006059423089,76.105949401855,268.14999389648
21-APR-2026,7.3843392803888,16106,P-HALF,1.3213353157043,86241,AP-N902-F303,0.05250845476985,0.05250845476985,73.12574005127,268.14999389648
21-APR-2026,7.3932282481085,16106,P-HALF,1.3232319355011,86241,AP-N901-F303,0.06006059423089,0.06006059423089,76.105949401855,268.14999389648
21-APR-2026,7.3932282481085,16106,P-HALF,1.3232319355011,86241,AP-N902-F303,0.05250845476985,0.05250845476985,73.12574005127,268.14999389648
21-APR-2026,7.475590096905,16111,P-HALF,1.340646147728,86241,AP-N901-F303,0.05547134578228,0.05547134578228,76.006072998047,268.35000610352
21-APR-2026,7.475590096905,16111,P-HALF,1.340646147728,86241,AP-N902-F303,0.046247724443674,0.046247724443674,72.907348632812,268.35000610352
21-APR-2026,7.5123959698981,16115,P-HALF,1.3483237028122,86241,AP-N901-F303,0.05547134578228,0.05547134578228,76.006072998047,268.35000610352
21-APR-2026,7.5123959698981,16115,P-HALF,1.3483237028122,86241,AP-N902-F303,0.046247724443674,0.046247724443674,72.907348632812,268.35000610352
21-APR-2026,7.5212849372686,16115,P-HALF,1.3501673936844,86241,AP-N901-F303,0.05547134578228,0.05547134578228,76.006072998047,268.35000610352
21-APR-2026,7.5212849372686,16115,P-HALF,1.3501673936844,86241,AP-N902-F303,0.046247724443674,0.046247724443674,72.907348632812,268.35000610352
21-APR-2026,7.5301739042898,16115,P-HALF,1.3520064353943,86241,AP-N901-F303,0.05547134578228,0.05547134578228,76.006072998047,268.35000610352
21-APR-2026,7.5301739042898,16115,P-HALF,1.3520064353943,86241,AP-N902-F303,0.046247724443674,0.046247724443674,72.907348632812,268.35000610352
21-APR-2026,7.5390628723587,16115,P-HALF,1.3538408279419,86241,AP-N901-F303,0.05547134578228,0.05547134578228,76.006072998047,268.35000610352
21-APR-2026,7.5390628723587,16115,P-HALF,1.3538408279419,86241,AP-N902-F303,0.046247724443674,0.046247724443674,72.907348632812,268.35000610352
21-APR-2026,7.5479518419993,16115,P-HALF,1.3556705713272,86241,AP-N901-F303,0.05547134578228,0.05547134578228,76.006072998047,268.35000610352
21-APR-2026,7.5479518419993,16115,P-HALF,1.3556705713272,86241,AP-N902-F303,0.046247724443674,0.046247724443674,72.907348632812,268.35000610352
21-APR-2026,7.556840809719,16115,P-HALF,1.3574955463409,86241,AP-N901-F303,0.05547134578228,0.05547134578228,76.006072998047,268.35000610352
21-APR-2026,7.556840809719,16115,P-HALF,1.3574955463409,86241,AP-N902-F303,0.046247724443674,0.046247724443674,72.907348632812,268.35000610352
21-APR-2026,7.6392026508321,16120,P-HALF,1.374152302742,86241,AP-N901-F303,0.054248288273811,0.054248288273811,75.757934570313,268.45001220703
21-APR-2026,7.6392026508321,16120,P-HALF,1.374152302742,86241,AP-N902-F303,0.044849306344986,0.044849306344986,72.783813476563,268.45001220703
21-APR-2026,7.6679529062153,16124,P-HALF,1.3798449039459,86241,AP-N901-F303,0.054248288273811,0.054248288273811,75.757934570313,268.45001220703
21-APR-2026,7.6679529062153,16124,P-HALF,1.3798449039459,86241,AP-N902-F303,0.044849306344986,0.044849306344986,72.783813476563,268.45001220703
21-APR-2026,7.6768418744588,16124,P-HALF,1.3815910816193,86241,AP-N901-F303,0.054248288273811,0.054248288273811,75.757934570313,268.45001220703
21-APR-2026,7.6768418744588,16124,P-HALF,1.3815910816193,86241,AP-N902-F303,0.044849306344986,0.044849306344986,72.783813476563,268.45001220703
21-APR-2026,7.6857308430516,16124,P-HALF,1.3833298683167,86241,AP-N901-F303,0.054248288273811,0.054248288273811,75.757934570313,268.45001220703
21-APR-2026,7.6857308430516,16124,P-HALF,1.3833298683167,86241,AP-N902-F303,0.044849306344986,0.044849306344986,72.783813476563,268.45001220703
21-APR-2026,7.6946198105967,16124,P-HALF,1.3850613832474,86241,AP-N901-F303,0.054248288273811,0.054248288273811,75.757934570313,268.45001220703
21-APR-2026,7.6946198105967,16124,P-HALF,1.3850613832474,86241,AP-N902-F303,0.044849306344986,0.044849306344986,72.783813476563,268.45001220703
21-APR-2026,7.7035087772687,16124,P-HALF,1.3867853879929,86241,AP-N901-F303,0.054248288273811,0.054248288273811,75.757934570313,268.45001220703
21-APR-2026,7.7035087772687,16124,P-HALF,1.3867853879929,86241,AP-N902-F303,0.044849306344986,0.044849306344986,72.783813476563,268.45001220703
21-APR-2026,7.7123977444645,16124,P-HALF,1.3885017633438,86241,AP-N901-F303,0.054248288273811,0.054248288273811,75.757934570313,268.45001220703
21-APR-2026,7.7123977444645,16124,P-HALF,1.3885017633438,86241,AP-N902-F303,0.044849306344986,0.044849306344986,72.783813476563,268.45001220703
21-APR-2026,7.9324588441725,16132,1741-038,1.2228226661682,86241,AP-N901-F303,0.060981780290604,0.060981780290604,76.223480224609,268.04998779297
21-APR-2026,7.9324588441725,16132,1741-038,1.2228226661682,86241,AP-N902-F303,0.055161256343126,0.055161256343126,73.199020385742,268.04998779297
21-APR-2026,7.9487089938949,16136,1741-038,1.2239420413971,86241,AP-N901-F303,0.060981780290604,0.060981780290604,76.223480224609,268.04998779297
21-APR-2026,7.9487089938949,16136,1741-038,1.2239420413971,86241,AP-N902-F303,0.055161256343126,0.055161256343126,73.199020385742,268.04998779297
21-APR-2026,7.9575979595191,16136,1741-038,1.2245358228683,86241,AP-N901-F303,0.060981780290604,0.060981780290604,76.223480224609,268.04998779297
21-APR-2026,7.9575979595191,16136,1741-038,1.2245358228683,86241,AP-N902-F303,0.055161256343126,0.055161256343126,73.199020385742,268.04998779297
21-APR-2026,7.9664869291597,16136,1741-038,1.225115776062,86241,AP-N901-F303,0.060981780290604,0.060981780290604,76.223480224609,268.04998779297
21-APR-2026,7.9664869291597,16136,1741-038,1.225115776062,86241,AP-N902-F303,0.055161256343126,0.055161256343126,73.199020385742,268.04998779297
21-APR-2026,8.0257930101189,16141,P-HALF,1.4416919946671,86241,AP-N901-F303,0.06067031621933,0.06067031621933,75.604095458984,268.35000610352
21-APR-2026,8.0257930101189,16141,P-HALF,1.4416919946671,86241,AP-N902-F303,0.05292883515358,0.05292883515358,72.651695251465,268.35000610352
21-APR-2026,8.0417653744922,16145,P-HALF,1.44384765625,86241,AP-N901-F303,0.06067031621933,0.06067031621933,75.604095458984,268.35000610352
21-APR-2026,8.0417653744922,16145,P-HALF,1.44384765625,86241,AP-N902-F303,0.05292883515358,0.05292883515358,72.651695251465,268.35000610352
21-APR-2026,8.0506543418627,16145,P-HALF,1.445014834404,86241,AP-N901-F303,0.06067031621933,0.06067031621933,75.604095458984,268.35000610352
21-APR-2026,8.0506543418627,16145,P-HALF,1.445014834404,86241,AP-N902-F303,0.05292883515358,0.05292883515358,72.651695251465,268.35000610352
21-APR-2026,8.0595433104555,16145,P-HALF,1.4461578130722,86241,AP-N901-F303,0.06067031621933,0.06067031621933,75.604095458984,268.35000610352
21-APR-2026,8.0595433104555,16145,P-HALF,1.4461578130722,86241,AP-N902-F303,0.05292883515358,0.05292883515358,72.651695251465,268.35000610352
21-APR-2026,8.0684322776513,16145,P-HALF,1.4472758769989,86241,AP-N901-F303,0.06067031621933,0.06067031621933,75.604095458984,268.35000610352
21-APR-2026,8.0684322776513,16145,P-HALF,1.4472758769989,86241,AP-N902-F303,0.05292883515358,0.05292883515358,72.651695251465,268.35000610352
21-APR-2026,8.0773212432756,16145,P-HALF,1.4483683109283,86241,AP-N901-F303,0.06067031621933,0.06067031621933,75.604095458984,268.35000610352
21-APR-2026,8.0773212432756,16145,P-HALF,1.4483683109283,86241,AP-N902-F303,0.05292883515358,0.05292883515358,72.651695251465,268.35000610352
21-APR-2026,8.0862102118684,16145,P-HALF,1.4494343996048,86241,AP-N901-F303,0.06067031621933,0.06067031621933,75.604095458984,268.35000610352
21-APR-2026,8.0862102118684,16145,P-HALF,1.4494343996048,86241,AP-N902-F303,0.05292883515358,0.05292883515358,72.651695251465,268.35000610352
21-APR-2026,8.1687109444336,16150,P-HALF,1.4579461812973,86241,AP-N901-F303,0.055939052253962,0.055939052253962,75.584693908691,268.45001220703
21-APR-2026,8.1687109444336,16150,P-HALF,1.4579461812973,86241,AP-N902-F303,0.046677492558956,0.046677492558956,72.586601257324,268.45001220703
21-APR-2026,8.1970445268574,16154,P-HALF,1.4602282047272,86241,AP-N901-F303,0.055939052253962,0.055939052253962,75.584693908691,268.45001220703
21-APR-2026,8.1970445268574,16154,P-HALF,1.4602282047272,86241,AP-N902-F303,0.046677492558956,0.046677492558956,72.586601257324,268.45001220703
21-APR-2026,8.2059334957994,16154,P-HALF,1.4608707427979,86241,AP-N901-F303,0.055939052253962,0.055939052253962,75.584693908691,268.45001220703
21-APR-2026,8.2059334957994,16154,P-HALF,1.4608707427979,86241,AP-N902-F303,0.046677492558956,0.046677492558956,72.586601257324,268.45001220703
21-APR-2026,8.2148224614237,16154,P-HALF,1.4614768028259,86241,AP-N901-F303,0.055939052253962,0.055939052253962,75.584693908691,268.45001220703
21-APR-2026,8.2148224614237,16154,P-HALF,1.4614768028259,86241,AP-N902-F303,0.046677492558956,0.046677492558956,72.586601257324,268.45001220703
21-APR-2026,8.2237114280956,16154,P-HALF,1.4620459079742,86241,AP-N901-F303,0.055939052253962,0.055939052253962,75.584693908691,268.45001220703
21-APR-2026,8.2237114280956,16154,P-HALF,1.4620459079742,86241,AP-N902-F303,0.046677492558956,0.046677492558956,72.586601257324,268.45001220703
21-APR-2026,8.2326003972123,16154,P-HALF,1.4625773429871,86241,AP-N901-F303,0.055939052253962,0.055939052253962,75.584693908691,268.45001220703
21-APR-2026,8.2326003972123,16154,P-HALF,1.4625773429871,86241,AP-N902-F303,0.046677492558956,0.046677492558956,72.586601257324,268.45001220703
21-APR-2026,8.2414893666783,16154,P-HALF,1.4630706310272,86241,AP-N901-F303,0.055939052253962,0.055939052253962,75.584693908691,268.45001220703
21-APR-2026,8.2414893666783,16154,P-HALF,1.4630706310272,86241,AP-N902-F303,0.046677492558956,0.046677492558956,72.586601257324,268.45001220703
21-APR-2026,8.3244067573599,16159,P-HALF,1.4657542705536,86241,AP-N901-F303,0.060247723013163,0.060247723013163,75.511199951172,268.45001220703
21-APR-2026,8.3244067573599,16159,P-HALF,1.4657542705536,86241,AP-N902-F303,0.052508350461721,0.052508350461721,72.684944152832,268.45001220703
21-APR-2026,8.3612126464184,16163,P-HALF,1.465793132782,86241,AP-N901-F303,0.060247723013163,0.060247723013163,75.511199951172,268.45001220703
21-APR-2026,8.3612126464184,16163,P-HALF,1.465793132782,86241,AP-N902-F303,0.052508350461721,0.052508350461721,72.684944152832,268.45001220703
21-APR-2026,8.3701016130903,16163,P-HALF,1.465695142746,86241,AP-N901-F303,0.060247723013163,0.060247723013163,75.511199951172,268.45001220703
21-APR-2026,8.3701016130903,16163,P-HALF,1.465695142746,86241,AP-N902-F303,0.052508350461721,0.052508350461721,72.684944152832,268.45001220703
21-APR-2026,8.3789905818578,16163,P-HALF,1.4655559062958,86241,AP-N901-F303,0.060247723013163,0.060247723013163,75.511199951172,268.45001220703
21-APR-2026,8.3789905818578,16163,P-HALF,1.4655559062958,86241,AP-N902-F303,0.052508350461721,0.052508350461721,72.684944152832,268.45001220703
21-APR-2026,8.3878795483551,16163,P-HALF,1.4653750658035,86241,AP-N901-F303,0.060247723013163,0.060247723013163,75.511199951172,268.45001220703
21-APR-2026,8.3878795483551,16163,P-HALF,1.4653750658035,86241,AP-N902-F303,0.052508350461721,0.052508350461721,72.684944152832,268.45001220703
21-APR-2026,8.3967685139793,16163,P-HALF,1.4651528596878,86241,AP-N901-F303,0.060247723013163,0.060247723013163,75.511199951172,268.45001220703
21-APR-2026,8.3967685139793,16163,P-HALF,1.4651528596878,86241,AP-N902-F303,0.052508350461721,0.052508350461721,72.684944152832,268.45001220703
21-APR-2026,8.405657483096,16163,P-HALF,1.4648898839951,86241,AP-N901-F303,0.060247723013163,0.060247723013163,75.511199951172,268.45001220703
21-APR-2026,8.405657483096,16163,P-HALF,1.4648898839951,86241,AP-N902-F303,0.052508350461721,0.052508350461721,72.684944152832,268.45001220703
21-APR-2026,8.4882971018747,16168,P-HALF,1.4605528116226,86241,AP-N901-F303,0.044501919299364,0.044501919299364,75.364349365234,268.35000610352
21-APR-2026,8.4882971018747,16168,P-HALF,1.4605528116226,86241,AP-N902-F303,0.031928740441799,0.031928740441799,72.388069152832,268.35000610352
21-APR-2026,8.5164917933702,16172,P-HALF,1.4583351612091,86241,AP-N901-F303,0.044501919299364,0.044501919299364,75.364349365234,268.35000610352
21-APR-2026,8.5164917933702,16172,P-HALF,1.4583351612091,86241,AP-N902-F303,0.031928740441799,0.031928740441799,72.388069152832,268.35000610352
21-APR-2026,8.5253807612645,16172,P-HALF,1.4575643539429,86241,AP-N901-F303,0.044501919299364,0.044501919299364,75.364349365234,268.35000610352
21-APR-2026,8.5253807612645,16172,P-HALF,1.4575643539429,86241,AP-N902-F303,0.031928740441799,0.031928740441799,72.388069152832,268.35000610352
21-APR-2026,8.5342697284604,16172,P-HALF,1.4567604064941,86241,AP-N901-F303,0.044501919299364,0.044501919299364,75.364349365234,268.35000610352
21-APR-2026,8.5342697284604,16172,P-HALF,1.4567604064941,86241,AP-N902-F303,0.031928740441799,0.031928740441799,72.388069152832,268.35000610352
21-APR-2026,8.5431586972278,16172,P-HALF,1.4559239149094,86241,AP-N901-F303,0.044501919299364,0.044501919299364,75.364349365234,268.35000610352
21-APR-2026,8.5431586972278,16172,P-HALF,1.4559239149094,86241,AP-N902-F303,0.031928740441799,0.031928740441799,72.388069152832,268.35000610352
21-APR-2026,8.5520476666937,16172,P-HALF,1.455055475235,86241,AP-N901-F303,0.044501919299364,0.044501919299364,75.364349365234,268.35000610352
21-APR-2026,8.5520476666937,16172,P-HALF,1.455055475235,86241,AP-N902-F303,0.031928740441799,0.031928740441799,72.388069152832,268.35000610352
21-APR-2026,8.5609366328418,16172,P-HALF,1.454155921936,86241,AP-N901-F303,0.044501919299364,0.044501919299364,75.364349365234,268.35000610352
21-APR-2026,8.5609366328418,16172,P-HALF,1.454155921936,86241,AP-N902-F303,0.031928740441799,0.031928740441799,72.388069152832,268.35000610352
21-APR-2026,8.6435762545891,16177,P-HALF,1.4444299936295,86241,AP-N901-F303,0.059327911585569,0.059327911585569,75.668937683105,268.35000610352
21-APR-2026,8.6435762545891,16177,P-HALF,1.4444299936295,86241,AP-N902-F303,0.051740977913141,0.051740977913141,72.731979370117,268.35000610352
21-APR-2026,8.6803821352656,16181,P-HALF,1.4393978118896,86241,AP-N901-F303,0.059327911585569,0.059327911585569,75.668937683105,268.35000610352
21-APR-2026,8.6803821352656,16181,P-HALF,1.4393978118896,86241,AP-N902-F303,0.051740977913141,0.051740977913141,72.731979370117,268.35000610352
21-APR-2026,8.6892711024615,16181,P-HALF,1.4381263256073,86241,AP-N901-F303,0.059327911585569,0.059327911585569,75.668937683105,268.35000610352
21-APR-2026,8.6892711024615,16181,P-HALF,1.4381263256073,86241,AP-N902-F303,0.051740977913141,0.051740977913141,72.731979370117,268.35000610352
21-APR-2026,8.6981600693081,16181,P-HALF,1.4368340969086,86241,AP-N901-F303,0.059327911585569,0.059327911585569,75.668937683105,268.35000610352
21-APR-2026,8.6981600693081,16181,P-HALF,1.4368340969086,86241,AP-N902-F303,0.051740977913141,0.051740977913141,72.731979370117,268.35000610352
21-APR-2026,8.7074657061454,16181,P-HALF,1.4354597330093,86241,AP-N901-F303,0.059327911585569,0.059327911585569,75.668937683105,268.35000610352
21-APR-2026,8.7074657061454,16181,P-HALF,1.4354597330093,86241,AP-N902-F303,0.051740977913141,0.051740977913141,72.731979370117,268.35000610352
21-APR-2026,8.7164935633964,16181,P-HALF,1.4341061115265,86241,AP-N901-F303,0.059327911585569,0.059327911585569,75.668937683105,268.35000610352
21-APR-2026,8.7164935633964,16181,P-HALF,1.4341061115265,86241,AP-N902-F303,0.051740977913141,0.051740977913141,72.731979370117,268.35000610352
21-APR-2026,8.7253825318146,16181,P-HALF,1.4327541589737,86241,AP-N901-F303,0.059327911585569,0.059327911585569,75.668937683105,268.35000610352
21-APR-2026,8.7253825318146,16181,P-HALF,1.4327541589737,86241,AP-N902-F303,0.051740977913141,0.051740977913141,72.731979370117,268.35000610352
21-APR-2026,8.8074665854833,16186,P-HALF,1.4194693565369,86241,AP-N901-F303,0.058011122047901,0.058011122047901,75.75057220459,268.35000610352
21-APR-2026,8.8074665854833,16186,P-HALF,1.4194693565369,86241,AP-N902-F303,0.050433207303286,0.050433207303286,72.726951599121,268.35000610352
21-APR-2026,8.835939059883,16190,P-HALF,1.4145650863647,86241,AP-N901-F303,0.058011122047901,0.058011122047901,75.75057220459,268.35000610352
21-APR-2026,8.835939059883,16190,P-HALF,1.4145650863647,86241,AP-N902-F303,0.050433207303286,0.050433207303286,72.726951599121,268.35000610352
21-APR-2026,8.8448280289997,16190,P-HALF,1.4130070209503,86241,AP-N901-F303,0.058011122047901,0.058011122047901,75.75057220459,268.35000610352
21-APR-2026,8.8448280289997,16190,P-HALF,1.4130070209503,86241,AP-N902-F303,0.050433207303286,0.050433207303286,72.726951599121,268.35000610352
21-APR-2026,8.8537169974179,16190,P-HALF,1.4114365577698,86241,AP-N901-F303,0.058011122047901,0.058011122047901,75.75057220459,268.35000610352
21-APR-2026,8.8537169974179,16190,P-HALF,1.4114365577698,86241,AP-N902-F303,0.050433207303286,0.050433207303286,72.726951599121,268.35000610352
21-APR-2026,8.8626059639153,16190,P-HALF,1.4098542928696,86241,AP-N901-F303,0.058011122047901,0.058011122047901,75.75057220459,268.35000610352
21-APR-2026,8.8626059639153,16190,P-HALF,1.4098542928696,86241,AP-N902-F303,0.050433207303286,0.050433207303286,72.726951599121,268.35000610352
21-APR-2026,8.8714949305872,16190,P-HALF,1.4082604646683,86241,AP-N901-F303,0.058011122047901,0.058011122047901,75.75057220459,268.35000610352
21-APR-2026,8.8714949305872,16190,P-HALF,1.4082604646683,86241,AP-N902-F303,0.050433207303286,0.050433207303286,72.726951599121,268.35000610352
21-APR-2026,8.8803838981323,16190,P-HALF,1.4066553115845,86241,AP-N901-F303,0.058011122047901,0.058011122047901,75.75057220459,268.35000610352
21-APR-2026,8.8803838981323,16190,P-HALF,1.4066553115845,86241,AP-N902-F303,0.050433207303286,0.050433207303286,72.726951599121,268.35000610352
21-APR-2026,9.1044136669057,16195,1741-038,1.1805776357651,86241,AP-N901-F303,0.043653875589371,0.043653875589371,76.096687316895,268.25
21-APR-2026,9.1044136669057,16195,1741-038,1.1805776357651,86241,AP-N902-F303,0.032098516821861,0.032098516821861,73.162010192871,268.25
21-APR-2026,9.117052662447,16199,1741-038,1.1789134740829,86241,AP-N901-F303,0.043653875589371,0.043653875589371,76.096687316895,268.25
21-APR-2026,9.117052662447,16199,1741-038,1.1789134740829,86241,AP-N902-F303,0.032098516821861,0.032098516821861,73.162010192871,268.25
21-APR-2026,9.1259416306906,16199,1741-038,1.1777318716049,86241,AP-N901-F303,0.043653875589371,0.043653875589371,76.096687316895,268.25
21-APR-2026,9.1259416306906,16199,1741-038,1.1777318716049,86241,AP-N902-F303,0.032098516821861,0.032098516821861,73.162010192871,268.25
21-APR-2026,9.134830598061,16199,1741-038,1.176540851593,86241,AP-N901-F303,0.043653875589371,0.043653875589371,76.096687316895,268.25
21-APR-2026,9.134830598061,16199,1741-038,1.176540851593,86241,AP-N902-F303,0.032098516821861,0.032098516821861,73.162010192871,268.25
21-APR-2026,9.1998311723285,16206,P-HALF,1.3436431884766,86241,AP-N901-F303,0.039428867399693,0.039428867399693,75.498168945312,267.75
21-APR-2026,9.1998311723285,16206,P-HALF,1.3436431884766,86241,AP-N902-F303,0.026328327134252,0.026328327134252,72.470397949219,267.75
21-APR-2026,9.2087201398736,16206,P-HALF,1.341784954071,86241,AP-N901-F303,0.039428867399693,0.039428867399693,75.498168945312,267.75
21-APR-2026,9.2087201398736,16206,P-HALF,1.341784954071,86241,AP-N902-F303,0.026328327134252,0.026328327134252,72.470397949219,267.75
21-APR-2026,9.2178868880528,16206,P-HALF,1.3398643732071,86241,AP-N901-F303,0.039428867399693,0.039428867399693,75.498168945312,267.75
21-APR-2026,9.2178868880528,16206,P-HALF,1.3398643732071,86241,AP-N902-F303,0.026328327134252,0.026328327134252,72.470397949219,267.75
21-APR-2026,9.2267758554233,16206,P-HALF,1.3379981517792,86241,AP-N901-F303,0.039428867399693,0.039428867399693,75.498168945312,267.75
21-APR-2026,9.2267758554233,16206,P-HALF,1.3379981517792,86241,AP-N902-F303,0.026328327134252,0.026328327134252,72.470397949219,267.75
21-APR-2026,9.2356648234922,16206,P-HALF,1.3361282348633,86241,AP-N901-F303,0.039428867399693,0.039428867399693,75.498168945312,267.75
21-APR-2026,9.2356648234922,16206,P-HALF,1.3361282348633,86241,AP-N902-F303,0.026328327134252,0.026328327134252,72.470397949219,267.75
21-APR-2026,9.2445537908627,16206,P-HALF,1.3342545032501,86241,AP-N901-F303,0.039428867399693,0.039428867399693,75.498168945312,267.75
21-APR-2026,9.2445537908627,16206,P-HALF,1.3342545032501,86241,AP-N902-F303,0.026328327134252,0.026328327134252,72.470397949219,267.75
21-APR-2026,9.3271934148801,16211,P-HALF,1.3166745901108,86241,AP-N901-F303,0.059357993304729,0.059357993304729,75.800628662109,268.25
21-APR-2026,9.3271934148801,16211,P-HALF,1.3166745901108,86241,AP-N902-F303,0.052316106855869,0.052316106855869,72.889038085937,268.25
21-APR-2026,9.3556658889306,16215,P-HALF,1.3105566501617,86241,AP-N901-F303,0.059357993304729,0.059357993304729,75.800628662109,268.25
21-APR-2026,9.3556658889306,16215,P-HALF,1.3105566501617,86241,AP-N902-F303,0.052316106855869,0.052316106855869,72.889038085937,268.25
21-APR-2026,9.3645548573488,16215,P-HALF,1.308641076088,86241,AP-N901-F303,0.059357993304729,0.059357993304729,75.800628662109,268.25
21-APR-2026,9.3645548573488,16215,P-HALF,1.308641076088,86241,AP-N902-F303,0.052316106855869,0.052316106855869,72.889038085937,268.25
21-APR-2026,9.373443825767,16215,P-HALF,1.3067228794098,86241,AP-N901-F303,0.059357993304729,0.059357993304729,75.800628662109,268.25
21-APR-2026,9.373443825767,16215,P-HALF,1.3067228794098,86241,AP-N902-F303,0.052316106855869,0.052316106855869,72.889038085937,268.25
21-APR-2026,9.3823327922643,16215,P-HALF,1.3048020601273,86241,AP-N901-F303,0.059357993304729,0.059357993304729,75.800628662109,268.25
21-APR-2026,9.3823327922643,16215,P-HALF,1.3048020601273,86241,AP-N902-F303,0.052316106855869,0.052316106855869,72.889038085937,268.25
21-APR-2026,9.3912217596347,16215,P-HALF,1.3028787374496,86241,AP-N901-F303,0.059357993304729,0.059357993304729,75.800628662109,268.25
21-APR-2026,9.3912217596347,16215,P-HALF,1.3028787374496,86241,AP-N902-F303,0.052316106855869,0.052316106855869,72.889038085937,268.25
21-APR-2026,9.4001107273545,16215,P-HALF,1.3009530305862,86241,AP-N901-F303,0.059357993304729,0.059357993304729,75.800628662109,268.25
21-APR-2026,9.4001107273545,16215,P-HALF,1.3009530305862,86241,AP-N902-F303,0.052316106855869,0.052316106855869,72.889038085937,268.25
21-APR-2026,9.4824725698646,16220,P-HALF,1.2830027341843,86241,AP-N901-F303,0.055485337972641,0.055485337972641,75.832550048828,267.75
21-APR-2026,9.4824725698646,16220,P-HALF,1.2830027341843,86241,AP-N902-F303,0.046467762440443,0.046467762440443,72.948303222656,267.75
21-APR-2026,9.519556229429,16224,P-HALF,1.2748637199402,86241,AP-N901-F303,0.055485337972641,0.055485337972641,75.832550048828,267.75
21-APR-2026,9.519556229429,16224,P-HALF,1.2748637199402,86241,AP-N902-F303,0.046467762440443,0.046467762440443,72.948303222656,267.75
21-APR-2026,9.5284451969741,16224,P-HALF,1.2729079723358,86241,AP-N901-F303,0.055485337972641,0.055485337972641,75.832550048828,267.75
21-APR-2026,9.5284451969741,16224,P-HALF,1.2729079723358,86241,AP-N902-F303,0.046467762440443,0.046467762440443,72.948303222656,267.75
21-APR-2026,9.5373341641699,16224,P-HALF,1.2709506750107,86241,AP-N901-F303,0.055485337972641,0.055485337972641,75.832550048828,267.75
21-APR-2026,9.5373341641699,16224,P-HALF,1.2709506750107,86241,AP-N902-F303,0.046467762440443,0.046467762440443,72.948303222656,267.75
21-APR-2026,9.546500912873,16224,P-HALF,1.2689303159714,86241,AP-N901-F303,0.055485337972641,0.055485337972641,75.832550048828,267.75
21-APR-2026,9.546500912873,16224,P-HALF,1.2689303159714,86241,AP-N902-F303,0.046467762440443,0.046467762440443,72.948303222656,267.75
21-APR-2026,9.5553898811166,16224,P-HALF,1.2669694423676,86241,AP-N901-F303,0.055485337972641,0.055485337972641,75.832550048828,267.75
21-APR-2026,9.5553898811166,16224,P-HALF,1.2669694423676,86241,AP-N902-F303,0.046467762440443,0.046467762440443,72.948303222656,267.75
21-APR-2026,9.5642788490109,16224,P-HALF,1.2650068998337,86241,AP-N901-F303,0.055485337972641,0.055485337972641,75.832550048828,267.75
21-APR-2026,9.5642788490109,16224,P-HALF,1.2650068998337,86241,AP-N902-F303,0.046467762440443,0.046467762440443,72.948303222656,267.75
21-APR-2026,9.6466406899494,16229,P-HALF,1.246750831604,86241,AP-N901-F303,0.058452613651752,0.058452613651752,75.975082397461,268.04998779297
21-APR-2026,9.6466406899494,16229,P-HALF,1.246750831604,86241,AP-N902-F303,0.052411738783121,0.052411738783121,72.432312011719,268.04998779297
21-APR-2026,9.6748353852866,16233,P-HALF,1.2404737472534,86241,AP-N901-F303,0.058452613651752,0.058452613651752,75.975082397461,268.04998779297
21-APR-2026,9.6748353852866,16233,P-HALF,1.2404737472534,86241,AP-N902-F303,0.052411738783121,0.052411738783121,72.432312011719,268.04998779297
21-APR-2026,9.6837243545779,16233,P-HALF,1.2384920120239,86241,AP-N901-F303,0.058452613651752,0.058452613651752,75.975082397461,268.04998779297
21-APR-2026,9.6837243545779,16233,P-HALF,1.2384920120239,86241,AP-N902-F303,0.052411738783121,0.052411738783121,72.432312011719,268.04998779297
21-APR-2026,9.6926133226469,16233,P-HALF,1.2365092039108,86241,AP-N901-F303,0.058452613651752,0.058452613651752,75.975082397461,268.04998779297
21-APR-2026,9.6926133226469,16233,P-HALF,1.2365092039108,86241,AP-N902-F303,0.052411738783121,0.052411738783121,72.432312011719,268.04998779297
21-APR-2026,9.7015022894935,16233,P-HALF,1.2345252037048,86241,AP-N901-F303,0.058452613651752,0.058452613651752,75.975082397461,268.04998779297
21-APR-2026,9.7015022894935,16233,P-HALF,1.2345252037048,86241,AP-N902-F303,0.052411738783121,0.052411738783121,72.432312011719,268.04998779297
21-APR-2026,9.7103912566893,16233,P-HALF,1.2325398921967,86241,AP-N901-F303,0.058452613651752,0.058452613651752,75.975082397461,268.04998779297
21-APR-2026,9.7103912566893,16233,P-HALF,1.2325398921967,86241,AP-N902-F303,0.052411738783121,0.052411738783121,72.432312011719,268.04998779297
21-APR-2026,9.7192802242344,16233,P-HALF,1.2305535078049,86241,AP-N901-F303,0.058452613651752,0.058452613651752,75.975082397461,268.04998779297
21-APR-2026,9.7192802242344,16233,P-HALF,1.2305535078049,86241,AP-N902-F303,0.052411738783121,0.052411738783121,72.432312011719,268.04998779297
21-APR-2026,9.8021976342992,16238,P-HALF,1.2119722366333,86241,AP-N901-F303,0.058714363723993,0.058714363723993,76.12476348877,267.64999389648
21-APR-2026,9.8021976342992,16238,P-HALF,1.2119722366333,86241,AP-N902-F303,0.052413068711758,0.052413068711758,73.155670166016,267.64999389648
21-APR-2026,9.8387257264836,16242,P-HALF,1.203759431839,86241,AP-N901-F303,0.058714363723993,0.058714363723993,76.12476348877,267.64999389648
21-APR-2026,9.8387257264836,16242,P-HALF,1.203759431839,86241,AP-N902-F303,0.052413068711758,0.052413068711758,73.155670166016,267.64999389648
21-APR-2026,9.847614693854,16242,P-HALF,1.2017586231232,86241,AP-N901-F303,0.058714363723993,0.058714363723993,76.12476348877,267.64999389648
21-APR-2026,9.847614693854,16242,P-HALF,1.2017586231232,86241,AP-N902-F303,0.052413068711758,0.052413068711758,73.155670166016,267.64999389648
21-APR-2026,9.8565036620976,16242,P-HALF,1.199756860733,86241,AP-N901-F303,0.058714363723993,0.058714363723993,76.12476348877,267.64999389648
21-APR-2026,9.8565036620976,16242,P-HALF,1.199756860733,86241,AP-N902-F303,0.052413068711758,0.052413068711758,73.155670166016,267.64999389648
21-APR-2026,9.8653926305158,16242,P-HALF,1.1977543830872,86241,AP-N901-F303,0.058714363723993,0.058714363723993,76.12476348877,267.64999389648
21-APR-2026,9.8653926305158,16242,P-HALF,1.1977543830872,86241,AP-N902-F303,0.052413068711758,0.052413068711758,73.155670166016,267.64999389648
21-APR-2026,9.8742815978862,16242,P-HALF,1.195750951767,86241,AP-N901-F303,0.058714363723993,0.058714363723993,76.12476348877,267.64999389648
21-APR-2026,9.8742815978862,16242,P-HALF,1.195750951767,86241,AP-N902-F303,0.052413068711758,0.052413068711758,73.155670166016,267.64999389648
21-APR-2026,9.8831705671776,16242,P-HALF,1.193746805191,86241,AP-N901-F303,0.058714363723993,0.058714363723993,76.12476348877,267.64999389648
21-APR-2026,9.8831705671776,16242,P-HALF,1.193746805191,86241,AP-N902-F303,0.052413068711758,0.052413068711758,73.155670166016,267.64999389648
21-APR-2026,9.9658101866547,16247,P-HALF,1.1750776767731,86241,AP-N901-F303,0.044944401830435,0.044944401830435,76.261840820312,268.25
21-APR-2026,9.9658101866547,16247,P-HALF,1.1750776767731,86241,AP-N902-F303,0.033139158040285,0.033139158040285,73.228507995605,268.25
21-APR-2026,9.9942826683886,16251,P-HALF,1.1686313152313,86241,AP-N901-F303,0.044944401830435,0.044944401830435,76.261840820312,268.25
21-APR-2026,9.9942826683886,16251,P-HALF,1.1686313152313,86241,AP-N902-F303,0.033139158040285,0.033139158040285,73.228507995605,268.25
