27-APR-2025,10.010087019261,15812,1749+096,0.8061830997467,86100,AP-N901-F303,0.017848564311862,0.017848564311862,104.97023773193,268.85000610352
27-APR-2025,10.010087019261,15812,1749+096,0.8061830997467,86100,AP-N902-F303,0.017848564311862,0.017848564311862,81.486129760742,268.85000610352
27-APR-2025,10.019392663258,15812,1749+096,0.80458730459213,86100,AP-N901-F303,0.017848564311862,0.017848564311862,104.97023773193,268.85000610352
27-APR-2025,10.019392663258,15812,1749+096,0.80458730459213,86100,AP-N902-F303,0.017848564311862,0.017848564311862,81.486129760742,268.85000610352
27-APR-2025,10.028281635692,15812,1749+096,0.80305916070938,86100,AP-N901-F303,0.017848564311862,0.017848564311862,104.97023773193,268.85000610352
27-APR-2025,10.028281635692,15812,1749+096,0.80305916070938,86100,AP-N902-F303,0.017848564311862,0.017848564311862,81.486129760742,268.85000610352
27-APR-2025,10.037448387538,15812,1749+096,0.80147927999496,86100,AP-N901-F303,0.017848564311862,0.017848564311862,104.97023773193,268.85000610352
27-APR-2025,10.037448387538,15812,1749+096,0.80147927999496,86100,AP-N902-F303,0.017848564311862,0.017848564311862,81.486129760742,268.85000610352
27-APR-2025,10.0466151441,15812,1749+096,0.79989546537399,86100,AP-N901-F303,0.017848564311862,0.017848564311862,104.97023773193,268.85000610352
27-APR-2025,10.0466151441,15812,1749+096,0.79989546537399,86100,AP-N902-F303,0.017848564311862,0.017848564311862,81.486129760742,268.85000610352
27-APR-2025,10.243978112916,15817,BLLAC,0.33506861329079,86100,AP-N901-F303,0.01767872646451,0.01767872646451,122.60001373291,269.14999389648
27-APR-2025,10.243978112916,15817,BLLAC,0.33506861329079,86100,AP-N902-F303,0.01767872646451,0.01767872646451,98.46216583252,269.14999389648
27-APR-2025,10.259950487592,15821,BLLAC,0.33654427528381,86100,AP-N901-F303,0.01767872646451,0.01767872646451,122.60001373291,269.14999389648
27-APR-2025,10.259950487592,15821,BLLAC,0.33654427528381,86100,AP-N902-F303,0.01767872646451,0.01767872646451,98.46216583252,269.14999389648
27-APR-2025,10.268839461598,15821,BLLAC,0.33736103773117,86100,AP-N901-F303,0.01767872646451,0.01767872646451,122.60001373291,269.14999389648
27-APR-2025,10.268839461598,15821,BLLAC,0.33736103773117,86100,AP-N902-F303,0.01767872646451,0.01767872646451,98.46216583252,269.14999389648
27-APR-2025,10.27772843316,15821,BLLAC,0.33817458152771,86100,AP-N901-F303,0.01767872646451,0.01767872646451,122.60001373291,269.14999389648
27-APR-2025,10.27772843316,15821,BLLAC,0.33817458152771,86100,AP-N902-F303,0.01767872646451,0.01767872646451,98.46216583252,269.14999389648
27-APR-2025,10.286617406467,15821,BLLAC,0.33898496627808,86100,AP-N901-F303,0.01767872646451,0.01767872646451,122.60001373291,269.14999389648
27-APR-2025,10.286617406467,15821,BLLAC,0.33898496627808,86100,AP-N902-F303,0.01767872646451,0.01767872646451,98.46216583252,269.14999389648
27-APR-2025,10.295506379426,15821,BLLAC,0.33979207277298,86100,AP-N901-F303,0.01767872646451,0.01767872646451,122.60001373291,269.14999389648
27-APR-2025,10.295506379426,15821,BLLAC,0.33979207277298,86100,AP-N902-F303,0.01767872646451,0.01767872646451,98.46216583252,269.14999389648
27-APR-2025,10.493980487717,15826,1921-293,1.3306552171707,86100,AP-N901-F303,0.01772184483707,0.01772184483707,99.945365905762,269.35000610352
27-APR-2025,10.493980487717,15826,1921-293,1.3306552171707,86100,AP-N902-F303,0.01772184483707,0.01772184483707,77.225357055664,269.35000610352
27-APR-2025,10.51050841755,15830,1921-293,1.3271762132645,86100,AP-N901-F303,0.01772184483707,0.01772184483707,99.945365905762,269.35000610352
27-APR-2025,10.51050841755,15830,1921-293,1.3271762132645,86100,AP-N902-F303,0.01772184483707,0.01772184483707,77.225357055664,269.35000610352
27-APR-2025,10.519397389984,15830,1921-293,1.3253003358841,86100,AP-N901-F303,0.01772184483707,0.01772184483707,99.945365905762,269.35000610352
27-APR-2025,10.519397389984,15830,1921-293,1.3253003358841,86100,AP-N902-F303,0.01772184483707,0.01772184483707,77.225357055664,269.35000610352
27-APR-2025,10.52828636207,15830,1921-293,1.323420882225,86100,AP-N901-F303,0.01772184483707,0.01772184483707,99.945365905762,269.35000610352
27-APR-2025,10.52828636207,15830,1921-293,1.323420882225,86100,AP-N902-F303,0.01772184483707,0.01772184483707,77.225357055664,269.35000610352
27-APR-2025,10.537453114091,15830,1921-293,1.3214793205261,86100,AP-N901-F303,0.01772184483707,0.01772184483707,99.945365905762,269.35000610352
27-APR-2025,10.537453114091,15830,1921-293,1.3214793205261,86100,AP-N902-F303,0.01772184483707,0.01772184483707,77.225357055664,269.35000610352
27-APR-2025,10.546342086176,15830,1921-293,1.3195933103561,86100,AP-N901-F303,0.01772184483707,0.01772184483707,99.945365905762,269.35000610352
27-APR-2025,10.546342086176,15830,1921-293,1.3195933103561,86100,AP-N902-F303,0.01772184483707,0.01772184483707,77.225357055664,269.35000610352
27-APR-2025,10.744260595655,15835,BLLAC,0.37622117996216,86100,AP-N901-F303,0.017483685165644,0.017483685165644,118.6603012085,269.54998779297
27-APR-2025,10.744260595655,15835,BLLAC,0.37622117996216,86100,AP-N902-F303,0.017483685165644,0.017483685165644,94.880439758301,269.54998779297
27-APR-2025,10.761344095487,15839,BLLAC,0.3774346113205,86100,AP-N901-F303,0.017483685165644,0.017483685165644,118.6603012085,269.54998779297
27-APR-2025,10.761344095487,15839,BLLAC,0.3774346113205,86100,AP-N902-F303,0.017483685165644,0.017483685165644,94.880439758301,269.54998779297
27-APR-2025,10.770233067747,15839,BLLAC,0.37806102633476,86100,AP-N901-F303,0.017483685165644,0.017483685165644,118.6603012085,269.54998779297
27-APR-2025,10.770233067747,15839,BLLAC,0.37806102633476,86100,AP-N902-F303,0.017483685165644,0.017483685165644,94.880439758301,269.54998779297
27-APR-2025,10.779399819768,15839,BLLAC,0.37870320677757,86100,AP-N901-F303,0.017483685165644,0.017483685165644,118.6603012085,269.54998779297
27-APR-2025,10.779399819768,15839,BLLAC,0.37870320677757,86100,AP-N902-F303,0.017483685165644,0.017483685165644,94.880439758301,269.54998779297
27-APR-2025,10.788288793076,15839,BLLAC,0.37932240962982,86100,AP-N901-F303,0.017483685165644,0.017483685165644,118.6603012085,269.54998779297
27-APR-2025,10.788288793076,15839,BLLAC,0.37932240962982,86100,AP-N902-F303,0.017483685165644,0.017483685165644,94.880439758301,269.54998779297
27-APR-2025,10.797177765685,15839,BLLAC,0.37993800640106,86100,AP-N901-F303,0.017483685165644,0.017483685165644,118.6603012085,269.54998779297
27-APR-2025,10.797177765685,15839,BLLAC,0.37993800640106,86100,AP-N902-F303,0.017483685165644,0.017483685165644,94.880439758301,269.54998779297
27-APR-2025,10.993985184758,15844,1749+096,0.61895102262497,86100,AP-N901-F303,0.017562571913004,0.017562571913004,107.83336639404,269.35000610352
27-APR-2025,10.993985184758,15844,1749+096,0.61895102262497,86100,AP-N902-F303,0.017562571913004,0.017562571913004,84.384796142578,269.35000610352
27-APR-2025,11.010790897669,15848,1749+096,0.61549335718155,86100,AP-N901-F303,0.017562571913004,0.017562571913004,107.83336639404,269.35000610352
27-APR-2025,11.010790897669,15848,1749+096,0.61549335718155,86100,AP-N902-F303,0.017562571913004,0.017562571913004,84.384796142578,269.35000610352
27-APR-2025,11.019957649865,15848,1749+096,0.61360442638397,86100,AP-N901-F303,0.017562571913004,0.017562571913004,107.83336639404,269.35000610352
27-APR-2025,11.019957649865,15848,1749+096,0.61360442638397,86100,AP-N902-F303,0.017562571913004,0.017562571913004,84.384796142578,269.35000610352
27-APR-2025,11.028846622823,15848,1749+096,0.61177086830139,86100,AP-N901-F303,0.017562571913004,0.017562571913004,107.83336639404,269.35000610352
27-APR-2025,11.028846622823,15848,1749+096,0.61177086830139,86100,AP-N902-F303,0.017562571913004,0.017562571913004,84.384796142578,269.35000610352
27-APR-2025,11.037735595782,15848,1749+096,0.60993540287018,86100,AP-N901-F303,0.017562571913004,0.017562571913004,107.83336639404,269.35000610352
27-APR-2025,11.037735595782,15848,1749+096,0.60993540287018,86100,AP-N902-F303,0.017562571913004,0.017562571913004,84.384796142578,269.35000610352
27-APR-2025,11.046624569788,15848,1749+096,0.60809808969498,86100,AP-N901-F303,0.017562571913004,0.017562571913004,107.83336639404,269.35000610352
27-APR-2025,11.046624569788,15848,1749+096,0.60809808969498,86100,AP-N902-F303,0.017562571913004,0.017562571913004,84.384796142578,269.35000610352
27-APR-2025,11.24426532535,15853,BLLAC,0.40618121623993,86100,AP-N901-F303,0.017518758773804,0.017518758773804,117.0860824585,269.45001220703
27-APR-2025,11.24426532535,15853,BLLAC,0.40618121623993,86100,AP-N902-F303,0.017518758773804,0.017518758773804,92.815620422363,269.45001220703
27-APR-2025,11.261348820642,15857,BLLAC,0.40699553489685,86100,AP-N901-F303,0.017518758773804,0.017518758773804,117.0860824585,269.45001220703
27-APR-2025,11.261348820642,15857,BLLAC,0.40699553489685,86100,AP-N902-F303,0.017518758773804,0.017518758773804,92.815620422363,269.45001220703
27-APR-2025,11.270237793601,15857,BLLAC,0.40741389989853,86100,AP-N901-F303,0.017518758773804,0.017518758773804,117.0860824585,269.45001220703
27-APR-2025,11.270237793601,15857,BLLAC,0.40741389989853,86100,AP-N902-F303,0.017518758773804,0.017518758773804,92.815620422363,269.45001220703
27-APR-2025,11.279126766908,15857,BLLAC,0.40782833099365,86100,AP-N901-F303,0.017518758773804,0.017518758773804,117.0860824585,269.45001220703
27-APR-2025,11.279126766908,15857,BLLAC,0.40782833099365,86100,AP-N902-F303,0.017518758773804,0.017518758773804,92.815620422363,269.45001220703
27-APR-2025,11.288015739692,15857,BLLAC,0.40823888778687,86100,AP-N901-F303,0.017518758773804,0.017518758773804,117.0860824585,269.45001220703
27-APR-2025,11.288015739692,15857,BLLAC,0.40823888778687,86100,AP-N902-F303,0.017518758773804,0.017518758773804,92.815620422363,269.45001220703
27-APR-2025,11.29690471265,15857,BLLAC,0.40864571928978,86100,AP-N901-F303,0.017518758773804,0.017518758773804,117.0860824585,269.45001220703
27-APR-2025,11.29690471265,15857,BLLAC,0.40864571928978,86100,AP-N902-F303,0.017518758773804,0.017518758773804,92.815620422363,269.45001220703
27-APR-2025,11.493980978297,15865,1921-293,1.108785867691,86100,AP-N901-F303,0.01761381700635,0.01761381700635,104.96063995361,269.25
27-APR-2025,11.493980978297,15865,1921-293,1.108785867691,86100,AP-N902-F303,0.01761381700635,0.01761381700635,81.705070495605,269.25
27-APR-2025,11.510786692955,15869,1921-293,1.1049603223801,86100,AP-N901-F303,0.01761381700635,0.01761381700635,104.96063995361,269.25
27-APR-2025,11.510786692955,15869,1921-293,1.1049603223801,86100,AP-N902-F303,0.01761381700635,0.01761381700635,81.705070495605,269.25
27-APR-2025,11.51995344515,15869,1921-293,1.1028732061386,86100,AP-N901-F303,0.01761381700635,0.01761381700635,104.96063995361,269.25
27-APR-2025,11.51995344515,15869,1921-293,1.1028732061386,86100,AP-N902-F303,0.01761381700635,0.01761381700635,81.705070495605,269.25
27-APR-2025,11.528842416362,15869,1921-293,1.1008489131927,86100,AP-N901-F303,0.01761381700635,0.01761381700635,104.96063995361,269.25
27-APR-2025,11.528842416362,15869,1921-293,1.1008489131927,86100,AP-N902-F303,0.01761381700635,0.01761381700635,81.705070495605,269.25
27-APR-2025,11.537731388622,15869,1921-293,1.098824262619,86100,AP-N901-F303,0.01761381700635,0.01761381700635,104.96063995361,269.25
27-APR-2025,11.537731388622,15869,1921-293,1.098824262619,86100,AP-N902-F303,0.01761381700635,0.01761381700635,81.705070495605,269.25
27-APR-2025,11.546620360358,15869,1921-293,1.0967992544174,86100,AP-N901-F303,0.01761381700635,0.01761381700635,104.96063995361,269.25
27-APR-2025,11.546620360358,15869,1921-293,1.0967992544174,86100,AP-N902-F303,0.01761381700635,0.01761381700635,81.705070495605,269.25
27-APR-2025,11.744816670728,15874,BLLAC,0.42407768964767,86100,AP-N901-F303,0.01744039542973,0.01744039542973,114.69378662109,269.45001220703
27-APR-2025,11.744816670728,15874,BLLAC,0.42407768964767,86100,AP-N902-F303,0.01744039542973,0.01744039542973,91.591003417969,269.45001220703
27-APR-2025,11.761344596544,15878,BLLAC,0.42445403337479,86100,AP-N901-F303,0.01744039542973,0.01744039542973,114.69378662109,269.45001220703
27-APR-2025,11.761344596544,15878,BLLAC,0.42445403337479,86100,AP-N902-F303,0.01744039542973,0.01744039542973,91.591003417969,269.45001220703
27-APR-2025,11.77051134839,15878,BLLAC,0.42465701699257,86100,AP-N901-F303,0.01744039542973,0.01744039542973,114.69378662109,269.45001220703
27-APR-2025,11.77051134839,15878,BLLAC,0.42465701699257,86100,AP-N902-F303,0.01744039542973,0.01744039542973,91.591003417969,269.45001220703
27-APR-2025,11.779400321698,15878,BLLAC,0.42484971880913,86100,AP-N901-F303,0.01744039542973,0.01744039542973,114.69378662109,269.45001220703
27-APR-2025,11.779400321698,15878,BLLAC,0.42484971880913,86100,AP-N902-F303,0.01744039542973,0.01744039542973,91.591003417969,269.45001220703
27-APR-2025,11.788428183838,15878,BLLAC,0.42504122853279,86100,AP-N901-F303,0.01744039542973,0.01744039542973,114.69378662109,269.45001220703
27-APR-2025,11.788428183838,15878,BLLAC,0.42504122853279,86100,AP-N902-F303,0.01744039542973,0.01744039542973,91.591003417969,269.45001220703
27-APR-2025,11.797456047201,15878,BLLAC,0.42522865533829,86100,AP-N901-F303,0.01744039542973,0.01744039542973,114.69378662109,269.45001220703
27-APR-2025,11.797456047201,15878,BLLAC,0.42522865533829,86100,AP-N902-F303,0.01744039542973,0.01744039542973,91.591003417969,269.45001220703
27-APR-2025,11.99454124621,15883,1749+096,0.40330138802528,86100,AP-N901-F303,0.017264816910028,0.017264816910028,114.53942108154,269.85000610352
27-APR-2025,11.99454124621,15883,1749+096,0.40330138802528,86100,AP-N902-F303,0.017264816910028,0.017264816910028,91.57788848877,269.85000610352
27-APR-2025,12.011346956153,15887,1749+096,0.39954164624214,86100,AP-N901-F303,0.017264816910028,0.017264816910028,114.53942108154,269.85000610352
27-APR-2025,12.011346956153,15887,1749+096,0.39954164624214,86100,AP-N902-F303,0.017264816910028,0.017264816910028,91.57788848877,269.85000610352
27-APR-2025,12.020235928413,15887,1749+096,0.39755147695541,86100,AP-N901-F303,0.017264816910028,0.017264816910028,114.53942108154,269.85000610352
27-APR-2025,12.020235928413,15887,1749+096,0.39755147695541,86100,AP-N902-F303,0.017264816910028,0.017264816910028,91.57788848877,269.85000610352
27-APR-2025,12.029402681656,15887,1749+096,0.3954980969429,86100,AP-N901-F303,0.017264816910028,0.017264816910028,114.53942108154,269.85000610352
27-APR-2025,12.029402681656,15887,1749+096,0.3954980969429,86100,AP-N902-F303,0.017264816910028,0.017264816910028,91.57788848877,269.85000610352
27-APR-2025,12.038569435598,15887,1749+096,0.39344367384911,86100,AP-N901-F303,0.017264816910028,0.017264816910028,114.53942108154,269.85000610352
27-APR-2025,12.038569435598,15887,1749+096,0.39344367384911,86100,AP-N902-F303,0.017264816910028,0.017264816910028,91.57788848877,269.85000610352
27-APR-2025,12.04745840908,15887,1749+096,0.39145046472549,86100,AP-N901-F303,0.017264816910028,0.017264816910028,114.53942108154,269.85000610352
27-APR-2025,12.04745840908,15887,1749+096,0.39145046472549,86100,AP-N902-F303,0.017264816910028,0.017264816910028,91.57788848877,269.85000610352
27-APR-2025,12.24509916604,15892,BLLAC,0.42928341031075,86100,AP-N901-F303,0.017404528334737,0.017404528334737,113.68830871582,269.64999389648
27-APR-2025,12.24509916604,15892,BLLAC,0.42928341031075,86100,AP-N902-F303,0.017404528334737,0.017404528334737,90.725311279297,269.64999389648
27-APR-2025,12.262460446331,15896,BLLAC,0.42923268675804,86100,AP-N901-F303,0.017404528334737,0.017404528334737,113.68830871582,269.64999389648
27-APR-2025,12.262460446331,15896,BLLAC,0.42923268675804,86100,AP-N902-F303,0.017404528334737,0.017404528334737,90.725311279297,269.64999389648
27-APR-2025,12.271627197304,15896,BLLAC,0.42919963598251,86100,AP-N901-F303,0.017404528334737,0.017404528334737,113.68830871582,269.64999389648
27-APR-2025,12.271627197304,15896,BLLAC,0.42919963598251,86100,AP-N902-F303,0.017404528334737,0.017404528334737,90.725311279297,269.64999389648
27-APR-2025,12.280516171311,15896,BLLAC,0.429163813591,86100,AP-N901-F303,0.017404528334737,0.017404528334737,113.68830871582,269.64999389648
27-APR-2025,12.280516171311,15896,BLLAC,0.429163813591,86100,AP-N902-F303,0.017404528334737,0.017404528334737,90.725311279297,269.64999389648
27-APR-2025,12.289405144618,15896,BLLAC,0.4291236102581,86100,AP-N901-F303,0.017404528334737,0.017404528334737,113.68830871582,269.64999389648
27-APR-2025,12.289405144618,15896,BLLAC,0.4291236102581,86100,AP-N902-F303,0.017404528334737,0.017404528334737,90.725311279297,269.64999389648
27-APR-2025,12.298294117402,15896,BLLAC,0.42907947301865,86100,AP-N901-F303,0.017404528334737,0.017404528334737,113.68830871582,269.64999389648
27-APR-2025,12.298294117402,15896,BLLAC,0.42907947301865,86100,AP-N902-F303,0.017404528334737,0.017404528334737,90.725311279297,269.64999389648
27-APR-2025,12.494268190906,15901,1921-293,0.87993049621582,86100,AP-N901-F303,0.017308719456196,0.017308719456196,98.77611541748,270.35000610352
27-APR-2025,12.494268190906,15901,1921-293,0.87993049621582,86100,AP-N902-F303,0.017308719456196,0.017308719456196,77.47486114502,270.35000610352
27-APR-2025,12.510796119691,15905,1921-293,0.87614440917969,86100,AP-N901-F303,0.017308719456196,0.017308719456196,98.77611541748,270.35000610352
27-APR-2025,12.510796119691,15905,1921-293,0.87614440917969,86100,AP-N902-F303,0.017308719456196,0.017308719456196,77.47486114502,270.35000610352
27-APR-2025,12.519685091776,15905,1921-293,0.87410813570023,86100,AP-N901-F303,0.017308719456196,0.017308719456196,98.77611541748,270.35000610352
27-APR-2025,12.519685091776,15905,1921-293,0.87410813570023,86100,AP-N902-F303,0.017308719456196,0.017308719456196,77.47486114502,270.35000610352
27-APR-2025,12.528574065083,15905,1921-293,0.87207192182541,86100,AP-N901-F303,0.017308719456196,0.017308719456196,98.77611541748,270.35000610352
27-APR-2025,12.528574065083,15905,1921-293,0.87207192182541,86100,AP-N902-F303,0.017308719456196,0.017308719456196,77.47486114502,270.35000610352
27-APR-2025,12.537463037169,15905,1921-293,0.87003582715988,86100,AP-N901-F303,0.017308719456196,0.017308719456196,98.77611541748,270.35000610352
27-APR-2025,12.537463037169,15905,1921-293,0.87003582715988,86100,AP-N902-F303,0.017308719456196,0.017308719456196,77.47486114502,270.35000610352
27-APR-2025,12.546629789364,15905,1921-293,0.86793619394302,86100,AP-N901-F303,0.017308719456196,0.017308719456196,98.77611541748,270.35000610352
27-APR-2025,12.546629789364,15905,1921-293,0.86793619394302,86100,AP-N902-F303,0.017308719456196,0.017308719456196,77.47486114502,270.35000610352
27-APR-2025,12.74482609467,15910,BLLAC,0.42164817452431,86100,AP-N901-F303,0.017165642231703,0.017165642231703,113.5157623291,270.64999389648
27-APR-2025,12.74482609467,15910,BLLAC,0.42164817452431,86100,AP-N902-F303,0.017165642231703,0.017165642231703,90.473617553711,270.64999389648
27-APR-2025,12.761076244916,15914,BLLAC,0.42118641734123,86100,AP-N901-F303,0.017165642231703,0.017165642231703,113.5157623291,270.64999389648
27-APR-2025,12.761076244916,15914,BLLAC,0.42118641734123,86100,AP-N902-F303,0.017165642231703,0.017165642231703,90.473617553711,270.64999389648
27-APR-2025,12.769965217176,15914,BLLAC,0.42092815041542,86100,AP-N901-F303,0.017165642231703,0.017165642231703,113.5157623291,270.64999389648
27-APR-2025,12.769965217176,15914,BLLAC,0.42092815041542,86100,AP-N902-F303,0.017165642231703,0.017165642231703,90.473617553711,270.64999389648
27-APR-2025,12.779131969372,15914,BLLAC,0.42065766453743,86100,AP-N901-F303,0.017165642231703,0.017165642231703,113.5157623291,270.64999389648
27-APR-2025,12.779131969372,15914,BLLAC,0.42065766453743,86100,AP-N902-F303,0.017165642231703,0.017165642231703,90.473617553711,270.64999389648
27-APR-2025,12.788298722615,15914,BLLAC,0.42038294672966,86100,AP-N901-F303,0.017165642231703,0.017165642231703,113.5157623291,270.64999389648
27-APR-2025,12.788298722615,15914,BLLAC,0.42038294672966,86100,AP-N902-F303,0.017165642231703,0.017165642231703,90.473617553711,270.64999389648
27-APR-2025,12.797465475683,15914,BLLAC,0.42010399699211,86100,AP-N901-F303,0.017165642231703,0.017165642231703,113.5157623291,270.64999389648
27-APR-2025,12.797465475683,15914,BLLAC,0.42010399699211,86100,AP-N902-F303,0.017165642231703,0.017165642231703,90.473617553711,270.64999389648
27-APR-2025,12.994272879914,15919,BLLAC,0.41310238838196,86100,AP-N901-F303,0.017168758437037,0.017168758437037,113.29174804688,270.25
27-APR-2025,12.994272879914,15919,BLLAC,0.41310238838196,86100,AP-N902-F303,0.017168758437037,0.017168758437037,90.28092956543,270.25
27-APR-2025,13.011078602953,15923,BLLAC,0.41241511702538,86100,AP-N901-F303,0.017168758437037,0.017168758437037,113.29174804688,270.25
27-APR-2025,13.011078602953,15923,BLLAC,0.41241511702538,86100,AP-N902-F303,0.017168758437037,0.017168758437037,90.28092956543,270.25
27-APR-2025,13.020523134735,15923,BLLAC,0.41202294826508,86100,AP-N901-F303,0.017168758437037,0.017168758437037,113.29174804688,270.25
27-APR-2025,13.020523134735,15923,BLLAC,0.41202294826508,86100,AP-N902-F303,0.017168758437037,0.017168758437037,90.28092956543,270.25
27-APR-2025,13.029689887629,15923,BLLAC,0.41163814067841,86100,AP-N901-F303,0.017168758437037,0.017168758437037,113.29174804688,270.25
27-APR-2025,13.029689887629,15923,BLLAC,0.41163814067841,86100,AP-N902-F303,0.017168758437037,0.017168758437037,90.28092956543,270.25
27-APR-2025,13.038578860937,15923,BLLAC,0.41126102209091,86100,AP-N901-F303,0.017168758437037,0.017168758437037,113.29174804688,270.25
27-APR-2025,13.038578860937,15923,BLLAC,0.41126102209091,86100,AP-N902-F303,0.017168758437037,0.017168758437037,90.28092956543,270.25
27-APR-2025,13.047745616101,15923,BLLAC,0.41086804866791,86100,AP-N901-F303,0.017168758437037,0.017168758437037,113.29174804688,270.25
27-APR-2025,13.047745616101,15923,BLLAC,0.41086804866791,86100,AP-N902-F303,0.017168758437037,0.017168758437037,90.28092956543,270.25
27-APR-2025,13.056773477892,15923,BLLAC,0.41047701239586,86100,AP-N901-F303,0.017168758437037,0.017168758437037,113.29174804688,270.25
27-APR-2025,13.056773477892,15923,BLLAC,0.41047701239586,86100,AP-N902-F303,0.017168758437037,0.017168758437037,90.28092956543,270.25
27-APR-2025,13.066079124159,15923,BLLAC,0.41006979346275,86100,AP-N901-F303,0.017168758437037,0.017168758437037,113.29174804688,270.25
27-APR-2025,13.066079124159,15923,BLLAC,0.41006979346275,86100,AP-N902-F303,0.017168758437037,0.017168758437037,90.28092956543,270.25
27-APR-2025,14.994261892589,15952,3C84,0.29172307252884,86100,AP-N901-F303,0.015542226843536,0.015542226843536,123.13958740234,272.45001220703
27-APR-2025,14.994261892589,15952,3C84,0.29172307252884,86100,AP-N902-F303,0.017302773892879,0.017302773892879,101.8377456665,272.45001220703
27-APR-2025,15.011067606897,15956,3C84,0.29364198446274,86100,AP-N901-F303,0.015542226843536,0.015542226843536,123.13958740234,272.45001220703
27-APR-2025,15.011067606897,15956,3C84,0.29364198446274,86100,AP-N902-F303,0.017302773892879,0.017302773892879,101.8377456665,272.45001220703
27-APR-2025,15.019956579681,15956,3C84,0.29465287923813,86100,AP-N901-F303,0.015542226843536,0.015542226843536,123.13958740234,272.45001220703
27-APR-2025,15.019956579681,15956,3C84,0.29465287923813,86100,AP-N902-F303,0.017302773892879,0.017302773892879,101.8377456665,272.45001220703
27-APR-2025,15.028845552465,15956,3C84,0.29566088318825,86100,AP-N901-F303,0.015542226843536,0.015542226843536,123.13958740234,272.45001220703
27-APR-2025,15.028845552465,15956,3C84,0.29566088318825,86100,AP-N902-F303,0.017302773892879,0.017302773892879,101.8377456665,272.45001220703
27-APR-2025,15.038012305533,15956,3C84,0.29669746756554,86100,AP-N901-F303,0.015542226843536,0.015542226843536,123.13958740234,272.45001220703
27-APR-2025,15.038012305533,15956,3C84,0.29669746756554,86100,AP-N902-F303,0.017302773892879,0.017302773892879,101.8377456665,272.45001220703
27-APR-2025,15.046901279539,15956,3C84,0.29769971966743,86100,AP-N901-F303,0.015542226843536,0.015542226843536,123.13958740234,272.45001220703
27-APR-2025,15.046901279539,15956,3C84,0.29769971966743,86100,AP-N902-F303,0.017302773892879,0.017302773892879,101.8377456665,272.45001220703
27-APR-2025,15.055790251799,15956,3C84,0.29869908094406,86100,AP-N901-F303,0.015542226843536,0.015542226843536,123.13958740234,272.45001220703
27-APR-2025,15.055790251799,15956,3C84,0.29869908094406,86100,AP-N902-F303,0.017302773892879,0.017302773892879,101.8377456665,272.45001220703
27-APR-2025,15.064957006614,15956,3C84,0.29972678422928,86100,AP-N901-F303,0.015542226843536,0.015542226843536,123.13958740234,272.45001220703
27-APR-2025,15.064957006614,15956,3C84,0.29972678422928,86100,AP-N902-F303,0.017302773892879,0.017302773892879,101.8377456665,272.45001220703
27-APR-2025,15.243986493391,15961,3C84,0.31917959451675,86100,AP-N901-F303,0.017297971993685,0.017297971993685,121.13690948486,272.64999389648
27-APR-2025,15.243986493391,15961,3C84,0.31917959451675,86100,AP-N902-F303,0.017297971993685,0.017297971993685,99.301277160645,272.64999389648
27-APR-2025,15.261069986064,15965,3C84,0.32097285985947,86100,AP-N901-F303,0.017297971993685,0.017297971993685,121.13690948486,272.64999389648
27-APR-2025,15.261069986064,15965,3C84,0.32097285985947,86100,AP-N902-F303,0.017297971993685,0.017297971993685,99.301277160645,272.64999389648
27-APR-2025,15.269958960419,15965,3C84,0.32190170884132,86100,AP-N901-F303,0.017297971993685,0.017297971993685,121.13690948486,272.64999389648
27-APR-2025,15.269958960419,15965,3C84,0.32190170884132,86100,AP-N902-F303,0.017297971993685,0.017297971993685,99.301277160645,272.64999389648
27-APR-2025,15.279125714012,15965,3C84,0.32285636663437,86100,AP-N901-F303,0.017297971993685,0.017297971993685,121.13690948486,272.64999389648
27-APR-2025,15.279125714012,15965,3C84,0.32285636663437,86100,AP-N902-F303,0.017297971993685,0.017297971993685,99.301277160645,272.64999389648
27-APR-2025,15.288292466033,15965,3C84,0.32380795478821,86100,AP-N901-F303,0.017297971993685,0.017297971993685,121.13690948486,272.64999389648
27-APR-2025,15.288292466033,15965,3C84,0.32380795478821,86100,AP-N902-F303,0.017297971993685,0.017297971993685,99.301277160645,272.64999389648
27-APR-2025,15.297459218927,15965,3C84,0.32475617527962,86100,AP-N901-F303,0.017297971993685,0.017297971993685,121.13690948486,272.64999389648
27-APR-2025,15.297459218927,15965,3C84,0.32475617527962,86100,AP-N902-F303,0.017297971993685,0.017297971993685,99.301277160645,272.64999389648
27-APR-2025,15.306348191885,15965,3C84,0.32567265629768,86100,AP-N901-F303,0.017297971993685,0.017297971993685,121.13690948486,272.64999389648
27-APR-2025,15.306348191885,15965,3C84,0.32567265629768,86100,AP-N902-F303,0.017297971993685,0.017297971993685,99.301277160645,272.64999389648
27-APR-2025,15.315237165891,15965,3C84,0.32658594846725,86100,AP-N901-F303,0.017297971993685,0.017297971993685,121.13690948486,272.64999389648
27-APR-2025,15.315237165891,15965,3C84,0.32658594846725,86100,AP-N902-F303,0.017297971993685,0.017297971993685,99.301277160645,272.64999389648
27-APR-2025,15.744269022755,15971,3C84,0.366908878088,86100,AP-N901-F303,0.017476443201303,0.017476443201303,117.29151153564,272.75
27-APR-2025,15.744269022755,15971,3C84,0.366908878088,86100,AP-N902-F303,0.017476443201303,0.017476443201303,95.703109741211,272.75
27-APR-2025,15.761074743699,15975,3C84,0.36833289265633,86100,AP-N901-F303,0.017476443201303,0.017476443201303,117.29151153564,272.75
27-APR-2025,15.761074743699,15975,3C84,0.36833289265633,86100,AP-N902-F303,0.017476443201303,0.017476443201303,95.703109741211,272.75
27-APR-2025,15.769963716832,15975,3C84,0.36908110976219,86100,AP-N901-F303,0.017476443201303,0.017476443201303,117.29151153564,272.75
27-APR-2025,15.769963716832,15975,3C84,0.36908110976219,86100,AP-N902-F303,0.017476443201303,0.017476443201303,95.703109741211,272.75
27-APR-2025,15.77885268979,15975,3C84,0.36982589960098,86100,AP-N901-F303,0.017476443201303,0.017476443201303,117.29151153564,272.75
27-APR-2025,15.77885268979,15975,3C84,0.36982589960098,86100,AP-N902-F303,0.017476443201303,0.017476443201303,95.703109741211,272.75
27-APR-2025,15.788019441636,15975,3C84,0.37059038877487,86100,AP-N901-F303,0.017476443201303,0.017476443201303,117.29151153564,272.75
27-APR-2025,15.788019441636,15975,3C84,0.37059038877487,86100,AP-N902-F303,0.017476443201303,0.017476443201303,95.703109741211,272.75
27-APR-2025,15.797186196801,15975,3C84,0.37135130167007,86100,AP-N901-F303,0.017476443201303,0.017476443201303,117.29151153564,272.75
27-APR-2025,15.797186196801,15975,3C84,0.37135130167007,86100,AP-N902-F303,0.017476443201303,0.017476443201303,95.703109741211,272.75
27-APR-2025,15.806075169759,15975,3C84,0.37208569049835,86100,AP-N901-F303,0.017476443201303,0.017476443201303,117.29151153564,272.75
27-APR-2025,15.806075169759,15975,3C84,0.37208569049835,86100,AP-N902-F303,0.017476443201303,0.017476443201303,95.703109741211,272.75
27-APR-2025,15.814964142717,15975,3C84,0.37281662225723,86100,AP-N901-F303,0.017476443201303,0.017476443201303,117.29151153564,272.75
27-APR-2025,15.814964142717,15975,3C84,0.37281662225723,86100,AP-N902-F303,0.017476443201303,0.017476443201303,95.703109741211,272.75
27-APR-2025,16.063022062509,15984,3C84,0.39180353283882,86100,AP-N901-F303,0.017476443201303,0.017476443201303,117.29151153564,272.75
27-APR-2025,16.063022062509,15984,3C84,0.39180353283882,86100,AP-N902-F303,0.017476443201303,0.017476443201303,95.703109741211,272.75
27-APR-2025,16.072188814879,15984,3C84,0.39245209097862,86100,AP-N901-F303,0.017476443201303,0.017476443201303,117.29151153564,272.75
27-APR-2025,16.072188814879,15984,3C84,0.39245209097862,86100,AP-N902-F303,0.017476443201303,0.017476443201303,95.703109741211,272.75
27-APR-2025,16.081355568821,15984,3C84,0.39309680461884,86100,AP-N901-F303,0.017476443201303,0.017476443201303,117.29151153564,272.75
27-APR-2025,16.081355568821,15984,3C84,0.39309680461884,86100,AP-N902-F303,0.017476443201303,0.017476443201303,95.703109741211,272.75
27-APR-2025,16.09052232154,15984,3C84,0.39373761415482,86100,AP-N901-F303,0.017476443201303,0.017476443201303,117.29151153564,272.75
27-APR-2025,16.09052232154,15984,3C84,0.39373761415482,86100,AP-N902-F303,0.017476443201303,0.017476443201303,95.703109741211,272.75
27-APR-2025,16.099689074958,15984,3C84,0.39437460899353,86100,AP-N901-F303,0.017476443201303,0.017476443201303,117.29151153564,272.75
27-APR-2025,16.099689074958,15984,3C84,0.39437460899353,86100,AP-N902-F303,0.017476443201303,0.017476443201303,95.703109741211,272.75
27-APR-2025,16.244273785803,15989,3C84,0.40390527248383,86100,AP-N901-F303,0.015773640945554,0.015773640945554,111.80990600586,273.04998779297
27-APR-2025,16.244273785803,15989,3C84,0.40390527248383,86100,AP-N902-F303,0.017214823514223,0.017214823514223,91.318153381348,273.04998779297
27-APR-2025,16.2605239357,15993,3C84,0.40491524338722,86100,AP-N901-F303,0.015773640945554,0.015773640945554,111.80990600586,273.04998779297
27-APR-2025,16.2605239357,15993,3C84,0.40491524338722,86100,AP-N902-F303,0.017214823514223,0.017214823514223,91.318153381348,273.04998779297
27-APR-2025,16.269412908658,15993,3C84,0.40546232461929,86100,AP-N901-F303,0.015773640945554,0.015773640945554,111.80990600586,273.04998779297
27-APR-2025,16.269412908658,15993,3C84,0.40546232461929,86100,AP-N902-F303,0.017214823514223,0.017214823514223,91.318153381348,273.04998779297
27-APR-2025,16.278440771846,15993,3C84,0.40601414442062,86100,AP-N901-F303,0.015773640945554,0.015773640945554,111.80990600586,273.04998779297
27-APR-2025,16.278440771846,15993,3C84,0.40601414442062,86100,AP-N902-F303,0.017214823514223,0.017214823514223,91.318153381348,273.04998779297
27-APR-2025,16.287746415494,15993,3C84,0.40657898783684,86100,AP-N901-F303,0.015773640945554,0.015773640945554,111.80990600586,273.04998779297
27-APR-2025,16.287746415494,15993,3C84,0.40657898783684,86100,AP-N902-F303,0.017214823514223,0.017214823514223,91.318153381348,273.04998779297
27-APR-2025,16.296913170484,15993,3C84,0.40713128447533,86100,AP-N901-F303,0.015773640945554,0.015773640945554,111.80990600586,273.04998779297
27-APR-2025,16.296913170484,15993,3C84,0.40713128447533,86100,AP-N902-F303,0.017214823514223,0.017214823514223,91.318153381348,273.04998779297
27-APR-2025,16.305802144664,15993,3C84,0.40766304731369,86100,AP-N901-F303,0.015773640945554,0.015773640945554,111.80990600586,273.04998779297
27-APR-2025,16.305802144664,15993,3C84,0.40766304731369,86100,AP-N902-F303,0.017214823514223,0.017214823514223,91.318153381348,273.04998779297
27-APR-2025,16.314691117972,15993,3C84,0.40819105505943,86100,AP-N901-F303,0.015773640945554,0.015773640945554,111.80990600586,273.04998779297
27-APR-2025,16.314691117972,15993,3C84,0.40819105505943,86100,AP-N902-F303,0.017214823514223,0.017214823514223,91.318153381348,273.04998779297
27-APR-2025,16.494553932507,15998,3C84,0.41805666685104,86100,AP-N901-F303,0.017528371885419,0.017528371885419,112.26689147949,273.04998779297
27-APR-2025,16.494553932507,15998,3C84,0.41805666685104,86100,AP-N902-F303,0.017528371885419,0.017528371885419,91.634323120117,273.04998779297
27-APR-2025,16.50997075063,16002,3C84,0.41882893443108,86100,AP-N901-F303,0.017528371885419,0.017528371885419,112.26689147949,273.04998779297
27-APR-2025,16.50997075063,16002,3C84,0.41882893443108,86100,AP-N902-F303,0.017528371885419,0.017528371885419,91.634323120117,273.04998779297
27-APR-2025,16.518859725334,16002,3C84,0.41926896572113,86100,AP-N901-F303,0.017528371885419,0.017528371885419,112.26689147949,273.04998779297
27-APR-2025,16.518859725334,16002,3C84,0.41926896572113,86100,AP-N902-F303,0.017528371885419,0.017528371885419,91.634323120117,273.04998779297
27-APR-2025,16.52774869742,16002,3C84,0.41970506310463,86100,AP-N901-F303,0.017528371885419,0.017528371885419,112.26689147949,273.04998779297
27-APR-2025,16.52774869742,16002,3C84,0.41970506310463,86100,AP-N902-F303,0.017528371885419,0.017528371885419,91.634323120117,273.04998779297
27-APR-2025,16.537193233916,16002,3C84,0.42016419768333,86100,AP-N901-F303,0.017528371885419,0.017528371885419,112.26689147949,273.04998779297
27-APR-2025,16.537193233916,16002,3C84,0.42016419768333,86100,AP-N902-F303,0.017528371885419,0.017528371885419,91.634323120117,273.04998779297
27-APR-2025,16.546359988382,16002,3C84,0.42060554027557,86100,AP-N901-F303,0.017528371885419,0.017528371885419,112.26689147949,273.04998779297
27-APR-2025,16.546359988382,16002,3C84,0.42060554027557,86100,AP-N902-F303,0.017528371885419,0.017528371885419,91.634323120117,273.04998779297
27-APR-2025,16.555248961515,16002,3C84,0.42102965712547,86100,AP-N901-F303,0.017528371885419,0.017528371885419,112.26689147949,273.04998779297
27-APR-2025,16.555248961515,16002,3C84,0.42102965712547,86100,AP-N902-F303,0.017528371885419,0.017528371885419,91.634323120117,273.04998779297
27-APR-2025,16.564415714409,16002,3C84,0.4214628636837,86100,AP-N901-F303,0.017528371885419,0.017528371885419,112.26689147949,273.04998779297
27-APR-2025,16.564415714409,16002,3C84,0.4214628636837,86100,AP-N902-F303,0.017528371885419,0.017528371885419,91.634323120117,273.04998779297
27-APR-2025,16.743722980598,16007,3C111,0.42439618706703,86100,AP-N901-F303,0.017736915498972,0.017736915498972,113.16399383545,273.14999389648
27-APR-2025,16.743722980598,16007,3C111,0.42439618706703,86100,AP-N902-F303,0.017736915498972,0.017736915498972,92.22469329834,273.14999389648
27-APR-2025,16.759973130146,16011,3C111,0.42586001753807,86100,AP-N901-F303,0.017736915498972,0.017736915498972,113.16399383545,273.14999389648
27-APR-2025,16.759973130146,16011,3C111,0.42586001753807,86100,AP-N902-F303,0.017736915498972,0.017736915498972,92.22469329834,273.14999389648
27-APR-2025,16.768862103279,16011,3C111,0.42665567994118,86100,AP-N901-F303,0.017736915498972,0.017736915498972,113.16399383545,273.14999389648
27-APR-2025,16.768862103279,16011,3C111,0.42665567994118,86100,AP-N902-F303,0.017736915498972,0.017736915498972,92.22469329834,273.14999389648
27-APR-2025,16.77775107711,16011,3C111,0.42744770646095,86100,AP-N901-F303,0.017736915498972,0.017736915498972,113.16399383545,273.14999389648
27-APR-2025,16.77775107711,16011,3C111,0.42744770646095,86100,AP-N902-F303,0.017736915498972,0.017736915498972,92.22469329834,273.14999389648
27-APR-2025,16.787195611337,16011,3C111,0.42828530073166,86100,AP-N901-F303,0.017736915498972,0.017736915498972,113.16399383545,273.14999389648
27-APR-2025,16.787195611337,16011,3C111,0.42828530073166,86100,AP-N902-F303,0.017736915498972,0.017736915498972,92.22469329834,273.14999389648
27-APR-2025,16.796084585343,16011,3C111,0.42906978726387,86100,AP-N901-F303,0.017736915498972,0.017736915498972,113.16399383545,273.14999389648
27-APR-2025,16.796084585343,16011,3C111,0.42906978726387,86100,AP-N902-F303,0.017736915498972,0.017736915498972,92.22469329834,273.14999389648
27-APR-2025,16.804973557428,16011,3C111,0.4298506975174,86100,AP-N901-F303,0.017736915498972,0.017736915498972,113.16399383545,273.14999389648
27-APR-2025,16.804973557428,16011,3C111,0.4298506975174,86100,AP-N902-F303,0.017736915498972,0.017736915498972,92.22469329834,273.14999389648
27-APR-2025,16.813862531434,16011,3C111,0.43062788248062,86100,AP-N901-F303,0.017736915498972,0.017736915498972,113.16399383545,273.14999389648
27-APR-2025,16.813862531434,16011,3C111,0.43062788248062,86100,AP-N902-F303,0.017736915498972,0.017736915498972,92.22469329834,273.14999389648
27-APR-2025,17.002614322595,16016,3C84,0.43724152445793,86100,AP-N901-F303,0.017550364136696,0.017550364136696,113.01289367676,273.04998779297
27-APR-2025,17.002614322595,16016,3C84,0.43724152445793,86100,AP-N902-F303,0.017550364136696,0.017550364136696,91.385383605957,273.04998779297
27-APR-2025,17.018864481747,16020,3C84,0.43763789534569,86100,AP-N901-F303,0.017550364136696,0.017550364136696,113.01289367676,273.04998779297
27-APR-2025,17.018864481747,16020,3C84,0.43763789534569,86100,AP-N902-F303,0.017550364136696,0.017550364136696,91.385383605957,273.04998779297
27-APR-2025,17.028031237086,16020,3C84,0.43785563111305,86100,AP-N901-F303,0.017550364136696,0.017550364136696,113.01289367676,273.04998779297
27-APR-2025,17.028031237086,16020,3C84,0.43785563111305,86100,AP-N902-F303,0.017550364136696,0.017550364136696,91.385383605957,273.04998779297
27-APR-2025,17.037197990154,16020,3C84,0.43806892633438,86100,AP-N901-F303,0.017550364136696,0.017550364136696,113.01289367676,273.04998779297
27-APR-2025,17.037197990154,16020,3C84,0.43806892633438,86100,AP-N902-F303,0.017550364136696,0.017550364136696,91.385383605957,273.04998779297
27-APR-2025,17.046086962938,16020,3C84,0.43827170133591,86100,AP-N901-F303,0.017550364136696,0.017550364136696,113.01289367676,273.04998779297
27-APR-2025,17.046086962938,16020,3C84,0.43827170133591,86100,AP-N902-F303,0.017550364136696,0.017550364136696,91.385383605957,273.04998779297
27-APR-2025,17.055253717054,16020,3C84,0.43847638368607,86100,AP-N901-F303,0.017550364136696,0.017550364136696,113.01289367676,273.04998779297
27-APR-2025,17.055253717054,16020,3C84,0.43847638368607,86100,AP-N902-F303,0.017550364136696,0.017550364136696,91.385383605957,273.04998779297
27-APR-2025,17.064142689838,16020,3C84,0.438670784235,86100,AP-N901-F303,0.017550364136696,0.017550364136696,113.01289367676,273.04998779297
27-APR-2025,17.064142689838,16020,3C84,0.438670784235,86100,AP-N902-F303,0.017550364136696,0.017550364136696,91.385383605957,273.04998779297
27-APR-2025,17.073031663844,16020,3C84,0.43886107206345,86100,AP-N901-F303,0.017550364136696,0.017550364136696,113.01289367676,273.04998779297
27-APR-2025,17.073031663844,16020,3C84,0.43886107206345,86100,AP-N902-F303,0.017550364136696,0.017550364136696,91.385383605957,273.04998779297
27-APR-2025,17.244283285357,16025,3C84,0.44172471761703,86100,AP-N901-F303,0.017480745911598,0.017480745911598,113.15717315674,273.04998779297
27-APR-2025,17.244283285357,16025,3C84,0.44172471761703,86100,AP-N902-F303,0.017480745911598,0.017480745911598,91.402153015137,273.04998779297
27-APR-2025,17.259977883939,16029,3C84,0.44191041588783,86100,AP-N901-F303,0.017480745911598,0.017480745911598,113.15717315674,273.04998779297
27-APR-2025,17.259977883939,16029,3C84,0.44191041588783,86100,AP-N902-F303,0.017480745911598,0.017480745911598,91.402153015137,273.04998779297
27-APR-2025,17.269283527063,16029,3C84,0.44201448559761,86100,AP-N901-F303,0.017480745911598,0.017480745911598,113.15717315674,273.04998779297
27-APR-2025,17.269283527063,16029,3C84,0.44201448559761,86100,AP-N902-F303,0.017480745911598,0.017480745911598,91.402153015137,273.04998779297
27-APR-2025,17.278311393219,16029,3C84,0.4421112537384,86100,AP-N901-F303,0.017480745911598,0.017480745911598,113.15717315674,273.04998779297
27-APR-2025,17.278311393219,16029,3C84,0.4421112537384,86100,AP-N902-F303,0.017480745911598,0.017480745911598,91.402153015137,273.04998779297
27-APR-2025,17.287200365305,16029,3C84,0.44220227003098,86100,AP-N901-F303,0.017480745911598,0.017480745911598,113.15717315674,273.04998779297
27-APR-2025,17.287200365305,16029,3C84,0.44220227003098,86100,AP-N902-F303,0.017480745911598,0.017480745911598,91.402153015137,273.04998779297
27-APR-2025,17.296367118723,16029,3C84,0.44229176640511,86100,AP-N901-F303,0.017480745911598,0.017480745911598,113.15717315674,273.04998779297
27-APR-2025,17.296367118723,16029,3C84,0.44229176640511,86100,AP-N902-F303,0.017480745911598,0.017480745911598,91.402153015137,273.04998779297
27-APR-2025,17.305533873887,16029,3C84,0.44237688183784,86100,AP-N901-F303,0.017480745911598,0.017480745911598,113.15717315674,273.04998779297
27-APR-2025,17.305533873887,16029,3C84,0.44237688183784,86100,AP-N902-F303,0.017480745911598,0.017480745911598,91.402153015137,273.04998779297
27-APR-2025,17.31442284702,16029,3C84,0.44245526194572,86100,AP-N901-F303,0.017480745911598,0.017480745911598,113.15717315674,273.04998779297
27-APR-2025,17.31442284702,16029,3C84,0.44245526194572,86100,AP-N902-F303,0.017480745911598,0.017480745911598,91.402153015137,273.04998779297
27-APR-2025,17.494285673778,16034,3C84,0.443150639534,86100,AP-N901-F303,0.017782688140869,0.017782688140869,114.28397369385,272.85000610352
27-APR-2025,17.494285673778,16034,3C84,0.443150639534,86100,AP-N902-F303,0.017782688140869,0.017782688140869,91.895233154297,272.85000610352
27-APR-2025,17.510813600642,16038,3C84,0.44312861561775,86100,AP-N901-F303,0.017782688140869,0.017782688140869,114.28397369385,272.85000610352
27-APR-2025,17.510813600642,16038,3C84,0.44312861561775,86100,AP-N902-F303,0.017782688140869,0.017782688140869,91.895233154297,272.85000610352
27-APR-2025,17.519980356156,16038,3C84,0.44311067461967,86100,AP-N901-F303,0.017782688140869,0.017782688140869,114.28397369385,272.85000610352
27-APR-2025,17.519980356156,16038,3C84,0.44311067461967,86100,AP-N902-F303,0.017782688140869,0.017782688140869,91.895233154297,272.85000610352
27-APR-2025,17.528869329289,16038,3C84,0.44308891892433,86100,AP-N901-F303,0.017782688140869,0.017782688140869,114.28397369385,272.85000610352
27-APR-2025,17.528869329289,16038,3C84,0.44308891892433,86100,AP-N902-F303,0.017782688140869,0.017782688140869,91.895233154297,272.85000610352
27-APR-2025,17.53775830312,16038,3C84,0.44306319952011,86100,AP-N901-F303,0.017782688140869,0.017782688140869,114.28397369385,272.85000610352
27-APR-2025,17.53775830312,16038,3C84,0.44306319952011,86100,AP-N902-F303,0.017782688140869,0.017782688140869,91.895233154297,272.85000610352
27-APR-2025,17.546925057411,16038,3C84,0.44303226470947,86100,AP-N901-F303,0.017782688140869,0.017782688140869,114.28397369385,272.85000610352
27-APR-2025,17.546925057411,16038,3C84,0.44303226470947,86100,AP-N902-F303,0.017782688140869,0.017782688140869,91.895233154297,272.85000610352
27-APR-2025,17.555814031592,16038,3C84,0.44299799203873,86100,AP-N901-F303,0.017782688140869,0.017782688140869,114.28397369385,272.85000610352
27-APR-2025,17.555814031592,16038,3C84,0.44299799203873,86100,AP-N902-F303,0.017782688140869,0.017782688140869,91.895233154297,272.85000610352
27-APR-2025,17.564703003328,16038,3C84,0.4429594874382,86100,AP-N901-F303,0.017782688140869,0.017782688140869,114.28397369385,272.85000610352
27-APR-2025,17.564703003328,16038,3C84,0.4429594874382,86100,AP-N902-F303,0.017782688140869,0.017782688140869,91.895233154297,272.85000610352
27-APR-2025,17.744010254849,16043,3C84,0.44130048155785,86100,AP-N901-F303,0.018006196245551,0.018006196245551,114.76457214355,272.75
27-APR-2025,17.744010254849,16043,3C84,0.44130048155785,86100,AP-N902-F303,0.018006196245551,0.018006196245551,92.095901489258,272.75
27-APR-2025,17.760538200397,16047,3C84,0.44106262922287,86100,AP-N901-F303,0.018006196245551,0.018006196245551,114.76457214355,272.75
27-APR-2025,17.760538200397,16047,3C84,0.44106262922287,86100,AP-N902-F303,0.018006196245551,0.018006196245551,92.095901489258,272.75
27-APR-2025,17.769704952768,16047,3C84,0.44092473387718,86100,AP-N901-F303,0.018006196245551,0.018006196245551,114.76457214355,272.75
27-APR-2025,17.769704952768,16047,3C84,0.44092473387718,86100,AP-N902-F303,0.018006196245551,0.018006196245551,92.095901489258,272.75
27-APR-2025,17.778871706535,16047,3C84,0.44078230857849,86100,AP-N901-F303,0.018006196245551,0.018006196245551,114.76457214355,272.75
27-APR-2025,17.778871706535,16047,3C84,0.44078230857849,86100,AP-N902-F303,0.018006196245551,0.018006196245551,92.095901489258,272.75
27-APR-2025,17.787760680541,16047,3C84,0.44064021110535,86100,AP-N901-F303,0.018006196245551,0.018006196245551,114.76457214355,272.75
27-APR-2025,17.787760680541,16047,3C84,0.44064021110535,86100,AP-N902-F303,0.018006196245551,0.018006196245551,92.095901489258,272.75
27-APR-2025,17.79692743361,16047,3C84,0.44048920273781,86100,AP-N901-F303,0.018006196245551,0.018006196245551,114.76457214355,272.75
27-APR-2025,17.79692743361,16047,3C84,0.44048920273781,86100,AP-N902-F303,0.018006196245551,0.018006196245551,92.095901489258,272.75
27-APR-2025,17.805816406917,16047,3C84,0.44033864140511,86100,AP-N901-F303,0.018006196245551,0.018006196245551,114.76457214355,272.75
27-APR-2025,17.805816406917,16047,3C84,0.44033864140511,86100,AP-N902-F303,0.018006196245551,0.018006196245551,92.095901489258,272.75
27-APR-2025,17.814983161034,16047,3C84,0.44017907977104,86100,AP-N901-F303,0.018006196245551,0.018006196245551,114.76457214355,272.75
27-APR-2025,17.814983161034,16047,3C84,0.44017907977104,86100,AP-N902-F303,0.018006196245551,0.018006196245551,92.095901489258,272.75
27-APR-2025,18.014290613323,16052,3C84,0.43563106656075,86100,AP-N901-F303,0.018457835540175,0.018457835540175,116.13507843018,272.64999389648
27-APR-2025,18.014290613323,16052,3C84,0.43563106656075,86100,AP-N902-F303,0.018457835540175,0.018457835540175,92.084075927734,272.64999389648
27-APR-2025,18.029568531786,16056,3C84,0.43519777059555,86100,AP-N901-F303,0.018457835540175,0.018457835540175,116.13507843018,272.64999389648
27-APR-2025,18.029568531786,16056,3C84,0.43519777059555,86100,AP-N902-F303,0.018457835540175,0.018457835540175,92.084075927734,272.64999389648
27-APR-2025,18.039151956766,16056,3C84,0.43491989374161,86100,AP-N901-F303,0.018457835540175,0.018457835540175,116.13507843018,272.64999389648
27-APR-2025,18.039151956766,16056,3C84,0.43491989374161,86100,AP-N902-F303,0.018457835540175,0.018457835540175,92.084075927734,272.64999389648
27-APR-2025,18.04804092955,16056,3C84,0.4346579015255,86100,AP-N901-F303,0.018457835540175,0.018457835540175,116.13507843018,272.64999389648
27-APR-2025,18.04804092955,16056,3C84,0.4346579015255,86100,AP-N902-F303,0.018457835540175,0.018457835540175,92.084075927734,272.64999389648
27-APR-2025,18.056929903556,16056,3C84,0.43439185619354,86100,AP-N901-F303,0.018457835540175,0.018457835540175,116.13507843018,272.64999389648
27-APR-2025,18.056929903556,16056,3C84,0.43439185619354,86100,AP-N902-F303,0.018457835540175,0.018457835540175,92.084075927734,272.64999389648
27-APR-2025,18.066096656974,16056,3C84,0.43411323428154,86100,AP-N901-F303,0.018457835540175,0.018457835540175,116.13507843018,272.64999389648
27-APR-2025,18.066096656974,16056,3C84,0.43411323428154,86100,AP-N902-F303,0.018457835540175,0.018457835540175,92.084075927734,272.64999389648
27-APR-2025,18.075263413012,16056,3C84,0.43383032083511,86100,AP-N901-F303,0.018457835540175,0.018457835540175,116.13507843018,272.64999389648
27-APR-2025,18.075263413012,16056,3C84,0.43383032083511,86100,AP-N902-F303,0.018457835540175,0.018457835540175,92.084075927734,272.64999389648
27-APR-2025,18.084152387367,16056,3C84,0.43355184793472,86100,AP-N901-F303,0.018457835540175,0.018457835540175,116.13507843018,272.64999389648
27-APR-2025,18.084152387367,16056,3C84,0.43355184793472,86100,AP-N902-F303,0.018457835540175,0.018457835540175,92.084075927734,272.64999389648
27-APR-2025,18.244015024183,16061,3C84,0.42785769701004,86100,AP-N901-F303,0.018058013170958,0.018058013170958,116.69387054443,272.35000610352
27-APR-2025,18.244015024183,16061,3C84,0.42785769701004,86100,AP-N902-F303,0.018058013170958,0.018058013170958,92.806114196777,272.35000610352
27-APR-2025,18.260265171286,16065,3C84,0.42720624804497,86100,AP-N901-F303,0.018058013170958,0.018058013170958,116.69387054443,272.35000610352
27-APR-2025,18.260265171286,16065,3C84,0.42720624804497,86100,AP-N902-F303,0.018058013170958,0.018058013170958,92.806114196777,272.35000610352
27-APR-2025,18.269154145642,16065,3C84,0.42684435844421,86100,AP-N901-F303,0.018058013170958,0.018058013170958,116.69387054443,272.35000610352
27-APR-2025,18.269154145642,16065,3C84,0.42684435844421,86100,AP-N902-F303,0.018058013170958,0.018058013170958,92.806114196777,272.35000610352
27-APR-2025,18.278598679519,16065,3C84,0.42645555734634,86100,AP-N901-F303,0.018058013170958,0.018058013170958,116.69387054443,272.35000610352
27-APR-2025,18.278598679519,16065,3C84,0.42645555734634,86100,AP-N902-F303,0.018058013170958,0.018058013170958,92.806114196777,272.35000610352
27-APR-2025,18.287487651255,16065,3C84,0.42608550190926,86100,AP-N901-F303,0.018058013170958,0.018058013170958,116.69387054443,272.35000610352
27-APR-2025,18.287487651255,16065,3C84,0.42608550190926,86100,AP-N902-F303,0.018058013170958,0.018058013170958,92.806114196777,272.35000610352
27-APR-2025,18.29665440607,16065,3C84,0.42569974064827,86100,AP-N901-F303,0.018058013170958,0.018058013170958,116.69387054443,272.35000610352
27-APR-2025,18.29665440607,16065,3C84,0.42569974064827,86100,AP-N902-F303,0.018058013170958,0.018058013170958,92.806114196777,272.35000610352
27-APR-2025,18.306098941868,16065,3C84,0.42529785633087,86100,AP-N901-F303,0.018058013170958,0.018058013170958,116.69387054443,272.35000610352
27-APR-2025,18.306098941868,16065,3C84,0.42529785633087,86100,AP-N902-F303,0.018058013170958,0.018058013170958,92.806114196777,272.35000610352
27-APR-2025,18.314987914827,16065,3C84,0.42491561174393,86100,AP-N901-F303,0.018058013170958,0.018058013170958,116.69387054443,272.35000610352
27-APR-2025,18.314987914827,16065,3C84,0.42491561174393,86100,AP-N902-F303,0.018058013170958,0.018058013170958,92.806114196777,272.35000610352
27-APR-2025,18.56072935827,16076,3C111,0.50415396690369,86100,AP-N901-F303,0.018281377851963,0.018281377851963,112.83340454102,272.14999389648
27-APR-2025,18.56072935827,16076,3C111,0.50415396690369,86100,AP-N902-F303,0.018281377851963,0.018281377851963,89.263496398926,272.14999389648
27-APR-2025,18.576701723342,16080,3C111,0.50404703617096,86100,AP-N901-F303,0.018281377851963,0.018281377851963,112.83340454102,272.14999389648
27-APR-2025,18.576701723342,16080,3C111,0.50404703617096,86100,AP-N902-F303,0.018281377851963,0.018281377851963,89.263496398926,272.14999389648
27-APR-2025,18.585590695253,16080,3C111,0.50398141145706,86100,AP-N901-F303,0.018281377851963,0.018281377851963,112.83340454102,272.14999389648
27-APR-2025,18.585590695253,16080,3C111,0.50398141145706,86100,AP-N902-F303,0.018281377851963,0.018281377851963,89.263496398926,272.14999389648
27-APR-2025,18.595035231051,16080,3C111,0.50390666723251,86100,AP-N901-F303,0.018281377851963,0.018281377851963,112.83340454102,272.14999389648
27-APR-2025,18.595035231051,16080,3C111,0.50390666723251,86100,AP-N902-F303,0.018281377851963,0.018281377851963,89.263496398926,272.14999389648
27-APR-2025,18.604201984469,16080,3C111,0.50382936000824,86100,AP-N901-F303,0.018281377851963,0.018281377851963,112.83340454102,272.14999389648
27-APR-2025,18.604201984469,16080,3C111,0.50382936000824,86100,AP-N902-F303,0.018281377851963,0.018281377851963,89.263496398926,272.14999389648
27-APR-2025,18.613646519219,16080,3C111,0.50374460220337,86100,AP-N901-F303,0.018281377851963,0.018281377851963,112.83340454102,272.14999389648
27-APR-2025,18.613646519219,16080,3C111,0.50374460220337,86100,AP-N902-F303,0.018281377851963,0.018281377851963,89.263496398926,272.14999389648
27-APR-2025,18.622813273685,16080,3C111,0.50365746021271,86100,AP-N901-F303,0.018281377851963,0.018281377851963,112.83340454102,272.14999389648
27-APR-2025,18.622813273685,16080,3C111,0.50365746021271,86100,AP-N902-F303,0.018281377851963,0.018281377851963,89.263496398926,272.14999389648
27-APR-2025,18.743786640057,16085,3C84,0.40187034010887,86100,AP-N901-F303,0.018537284806371,0.018537284806371,118.03281402588,272.25
27-APR-2025,18.743786640057,16085,3C84,0.40187034010887,86100,AP-N902-F303,0.018537284806371,0.018537284806371,94.088310241699,272.25
27-APR-2025,18.76059235908,16089,3C84,0.40078708529472,86100,AP-N901-F303,0.018537284806371,0.018537284806371,118.03281402588,272.25
27-APR-2025,18.76059235908,16089,3C84,0.40078708529472,86100,AP-N902-F303,0.018537284806371,0.018537284806371,94.088310241699,272.25
27-APR-2025,18.769481332912,16089,3C84,0.40020895004272,86100,AP-N901-F303,0.018537284806371,0.018537284806371,118.03281402588,272.25
27-APR-2025,18.769481332912,16089,3C84,0.40020895004272,86100,AP-N902-F303,0.018537284806371,0.018537284806371,94.088310241699,272.25
27-APR-2025,18.778648086155,16089,3C84,0.39960885047913,86100,AP-N901-F303,0.018537284806371,0.018537284806371,118.03281402588,272.25
27-APR-2025,18.778648086155,16089,3C84,0.39960885047913,86100,AP-N902-F303,0.018537284806371,0.018537284806371,94.088310241699,272.25
27-APR-2025,18.787537059986,16089,3C84,0.39902317523956,86100,AP-N901-F303,0.018537284806371,0.018537284806371,118.03281402588,272.25
27-APR-2025,18.787537059986,16089,3C84,0.39902317523956,86100,AP-N902-F303,0.018537284806371,0.018537284806371,94.088310241699,272.25
27-APR-2025,18.796981596134,16089,3C84,0.39839687943459,86100,AP-N901-F303,0.018537284806371,0.018537284806371,118.03281402588,272.25
27-APR-2025,18.796981596134,16089,3C84,0.39839687943459,86100,AP-N902-F303,0.018537284806371,0.018537284806371,94.088310241699,272.25
27-APR-2025,18.805870569965,16089,3C84,0.39780357480049,86100,AP-N901-F303,0.018537284806371,0.018537284806371,118.03281402588,272.25
27-APR-2025,18.805870569965,16089,3C84,0.39780357480049,86100,AP-N902-F303,0.018537284806371,0.018537284806371,94.088310241699,272.25
27-APR-2025,18.815037322336,16089,3C84,0.39718797802925,86100,AP-N901-F303,0.018537284806371,0.018537284806371,118.03281402588,272.25
27-APR-2025,18.815037322336,16089,3C84,0.39718797802925,86100,AP-N902-F303,0.018537284806371,0.018537284806371,94.088310241699,272.25
27-APR-2025,18.994622370905,16094,3C84,0.38434898853302,86100,AP-N901-F303,0.018213057890534,0.018213057890534,118.66166687012,272.04998779297
27-APR-2025,18.994622370905,16094,3C84,0.38434898853302,86100,AP-N902-F303,0.018213057890534,0.018213057890534,95.133140563965,272.04998779297
27-APR-2025,19.010039181519,16098,3C84,0.3831784427166,86100,AP-N901-F303,0.018213057890534,0.018213057890534,118.66166687012,272.04998779297
27-APR-2025,19.010039181519,16098,3C84,0.3831784427166,86100,AP-N902-F303,0.018213057890534,0.018213057890534,95.133140563965,272.04998779297
27-APR-2025,19.018928154477,16098,3C84,0.38249886035919,86100,AP-N901-F303,0.018213057890534,0.018213057890534,118.66166687012,272.04998779297
27-APR-2025,19.018928154477,16098,3C84,0.38249886035919,86100,AP-N902-F303,0.018213057890534,0.018213057890534,95.133140563965,272.04998779297
27-APR-2025,19.028372688529,16098,3C84,0.38177293539047,86100,AP-N901-F303,0.018213057890534,0.018213057890534,118.66166687012,272.04998779297
27-APR-2025,19.028372688529,16098,3C84,0.38177293539047,86100,AP-N902-F303,0.018213057890534,0.018213057890534,95.133140563965,272.04998779297
27-APR-2025,19.037261663932,16098,3C84,0.38108593225479,86100,AP-N901-F303,0.018213057890534,0.018213057890534,118.66166687012,272.04998779297
27-APR-2025,19.037261663932,16098,3C84,0.38108593225479,86100,AP-N902-F303,0.018213057890534,0.018213057890534,95.133140563965,272.04998779297
27-APR-2025,19.046428419446,16098,3C84,0.38037395477295,86100,AP-N901-F303,0.018213057890534,0.018213057890534,118.66166687012,272.04998779297
27-APR-2025,19.046428419446,16098,3C84,0.38037395477295,86100,AP-N902-F303,0.018213057890534,0.018213057890534,95.133140563965,272.04998779297
27-APR-2025,19.055595173038,16098,3C84,0.37965819239616,86100,AP-N901-F303,0.018213057890534,0.018213057890534,118.66166687012,272.04998779297
27-APR-2025,19.055595173038,16098,3C84,0.37965819239616,86100,AP-N902-F303,0.018213057890534,0.018213057890534,95.133140563965,272.04998779297
27-APR-2025,19.064761926107,16098,3C84,0.37893870472908,86100,AP-N901-F303,0.018213057890534,0.018213057890534,118.66166687012,272.04998779297
27-APR-2025,19.064761926107,16098,3C84,0.37893870472908,86100,AP-N902-F303,0.018213057890534,0.018213057890534,95.133140563965,272.04998779297
27-APR-2025,19.244069190724,16103,3C84,0.36412689089775,86100,AP-N901-F303,0.017996251583099,0.017996251583099,119.70623016357,271.85000610352
27-APR-2025,19.244069190724,16103,3C84,0.36412689089775,86100,AP-N902-F303,0.017996251583099,0.017996251583099,96.334106445312,271.85000610352
27-APR-2025,19.260041568194,16107,3C84,0.36273995041847,86100,AP-N901-F303,0.017996251583099,0.017996251583099,119.70623016357,271.85000610352
27-APR-2025,19.260041568194,16107,3C84,0.36273995041847,86100,AP-N902-F303,0.017996251583099,0.017996251583099,96.334106445312,271.85000610352
27-APR-2025,19.268930541677,16107,3C84,0.36196359992027,86100,AP-N901-F303,0.017996251583099,0.017996251583099,119.70623016357,271.85000610352
27-APR-2025,19.268930541677,16107,3C84,0.36196359992027,86100,AP-N902-F303,0.017996251583099,0.017996251583099,96.334106445312,271.85000610352
27-APR-2025,19.277819516381,16107,3C84,0.36118388175964,86100,AP-N901-F303,0.017996251583099,0.017996251583099,119.70623016357,271.85000610352
27-APR-2025,19.277819516381,16107,3C84,0.36118388175964,86100,AP-N902-F303,0.017996251583099,0.017996251583099,96.334106445312,271.85000610352
27-APR-2025,19.286986269624,16107,3C84,0.36037638783455,86100,AP-N901-F303,0.017996251583099,0.017996251583099,119.70623016357,271.85000610352
27-APR-2025,19.286986269624,16107,3C84,0.36037638783455,86100,AP-N902-F303,0.017996251583099,0.017996251583099,96.334106445312,271.85000610352
27-APR-2025,19.296153022519,16107,3C84,0.35956525802612,86100,AP-N901-F303,0.017996251583099,0.017996251583099,119.70623016357,271.85000610352
27-APR-2025,19.296153022519,16107,3C84,0.35956525802612,86100,AP-N902-F303,0.017996251583099,0.017996251583099,96.334106445312,271.85000610352
27-APR-2025,19.305041995652,16107,3C84,0.35877537727356,86100,AP-N901-F303,0.017996251583099,0.017996251583099,119.70623016357,271.85000610352
27-APR-2025,19.305041995652,16107,3C84,0.35877537727356,86100,AP-N902-F303,0.017996251583099,0.017996251583099,96.334106445312,271.85000610352
27-APR-2025,19.314208753086,16107,3C84,0.35795727372169,86100,AP-N901-F303,0.017996251583099,0.017996251583099,119.70623016357,271.85000610352
27-APR-2025,19.314208753086,16107,3C84,0.35795727372169,86100,AP-N902-F303,0.017996251583099,0.017996251583099,96.334106445312,271.85000610352
27-APR-2025,19.546849860517,16112,3C111,0.47082403302193,86100,AP-N901-F303,0.019374741241336,0.019374741241336,114.46490478516,271.85000610352
27-APR-2025,19.546849860517,16112,3C111,0.47082403302193,86100,AP-N902-F303,0.019374741241336,0.019374741241336,91.147766113281,271.85000610352
27-APR-2025,19.562266673227,16116,3C111,0.46988478302956,86100,AP-N901-F303,0.019374741241336,0.019374741241336,114.46490478516,271.85000610352
27-APR-2025,19.562266673227,16116,3C111,0.46988478302956,86100,AP-N902-F303,0.019374741241336,0.019374741241336,91.147766113281,271.85000610352
27-APR-2025,19.571155646185,16116,3C111,0.46933764219284,86100,AP-N901-F303,0.019374741241336,0.019374741241336,114.46490478516,271.85000610352
27-APR-2025,19.571155646185,16116,3C111,0.46933764219284,86100,AP-N902-F303,0.019374741241336,0.019374741241336,91.147766113281,271.85000610352
27-APR-2025,19.580322399428,16116,3C111,0.46876919269562,86100,AP-N901-F303,0.019374741241336,0.019374741241336,114.46490478516,271.85000610352
27-APR-2025,19.580322399428,16116,3C111,0.46876919269562,86100,AP-N902-F303,0.019374741241336,0.019374741241336,91.147766113281,271.85000610352
27-APR-2025,19.58921137326,16116,3C111,0.46821376681328,86100,AP-N901-F303,0.019374741241336,0.019374741241336,114.46490478516,271.85000610352
27-APR-2025,19.58921137326,16116,3C111,0.46821376681328,86100,AP-N902-F303,0.019374741241336,0.019374741241336,91.147766113281,271.85000610352
27-APR-2025,19.598100346568,16116,3C111,0.46765437722206,86100,AP-N901-F303,0.019374741241336,0.019374741241336,114.46490478516,271.85000610352
27-APR-2025,19.598100346568,16116,3C111,0.46765437722206,86100,AP-N902-F303,0.019374741241336,0.019374741241336,91.147766113281,271.85000610352
27-APR-2025,19.606989319351,16116,3C111,0.46709087491035,86100,AP-N901-F303,0.019374741241336,0.019374741241336,114.46490478516,271.85000610352
27-APR-2025,19.606989319351,16116,3C111,0.46709087491035,86100,AP-N902-F303,0.019374741241336,0.019374741241336,91.147766113281,271.85000610352
27-APR-2025,19.616156070325,16116,3C111,0.46650540828705,86100,AP-N901-F303,0.019374741241336,0.019374741241336,114.46490478516,271.85000610352
27-APR-2025,19.616156070325,16116,3C111,0.46650540828705,86100,AP-N902-F303,0.019374741241336,0.019374741241336,91.147766113281,271.85000610352
27-APR-2025,19.760740780645,16121,3C111,0.45670786499977,86100,AP-N901-F303,0.019312942400575,0.019312942400575,114.48363494873,271.54998779297
27-APR-2025,19.760740780645,16121,3C111,0.45670786499977,86100,AP-N902-F303,0.019312942400575,0.019312942400575,91.582740783691,271.54998779297
27-APR-2025,19.777546494954,16125,3C111,0.45550075173378,86100,AP-N901-F303,0.019312942400575,0.019312942400575,114.48363494873,271.54998779297
27-APR-2025,19.777546494954,16125,3C111,0.45550075173378,86100,AP-N902-F303,0.019312942400575,0.019312942400575,91.582740783691,271.54998779297
27-APR-2025,19.786435468261,16125,3C111,0.45485669374466,86100,AP-N901-F303,0.019312942400575,0.019312942400575,114.48363494873,271.54998779297
27-APR-2025,19.786435468261,16125,3C111,0.45485669374466,86100,AP-N902-F303,0.019312942400575,0.019312942400575,91.582740783691,271.54998779297
27-APR-2025,19.79615778417,16125,3C111,0.45414769649506,86100,AP-N901-F303,0.019312942400575,0.019312942400575,114.48363494873,271.54998779297
27-APR-2025,19.79615778417,16125,3C111,0.45414769649506,86100,AP-N902-F303,0.019312942400575,0.019312942400575,91.582740783691,271.54998779297
27-APR-2025,19.805046756604,16125,3C111,0.45349538326263,86100,AP-N901-F303,0.019312942400575,0.019312942400575,114.48363494873,271.54998779297
27-APR-2025,19.805046756604,16125,3C111,0.45349538326263,86100,AP-N902-F303,0.019312942400575,0.019312942400575,91.582740783691,271.54998779297
27-APR-2025,19.813935729213,16125,3C111,0.45283910632133,86100,AP-N901-F303,0.019312942400575,0.019312942400575,114.48363494873,271.54998779297
27-APR-2025,19.813935729213,16125,3C111,0.45283910632133,86100,AP-N902-F303,0.019312942400575,0.019312942400575,91.582740783691,271.54998779297
27-APR-2025,19.823102483504,16125,3C111,0.45215836167336,86100,AP-N901-F303,0.019312942400575,0.019312942400575,114.48363494873,271.54998779297
27-APR-2025,19.823102483504,16125,3C111,0.45215836167336,86100,AP-N902-F303,0.019312942400575,0.019312942400575,91.582740783691,271.54998779297
27-APR-2025,19.831991456288,16125,3C111,0.45149427652359,86100,AP-N901-F303,0.019312942400575,0.019312942400575,114.48363494873,271.54998779297
27-APR-2025,19.831991456288,16125,3C111,0.45149427652359,86100,AP-N902-F303,0.019312942400575,0.019312942400575,91.582740783691,271.54998779297
27-APR-2025,19.994354112002,16130,NRAO150,0.20930413901806,86100,AP-N901-F303,0.016273353248835,0.016273353248835,140.73663330078,271.45001220703
27-APR-2025,19.994354112002,16130,NRAO150,0.20930413901806,86100,AP-N902-F303,0.018026955425739,0.018026955425739,117.24127197266,271.45001220703
27-APR-2025,20.011993170483,16134,NRAO150,0.20801784098148,86100,AP-N901-F303,0.016273353248835,0.016273353248835,140.73663330078,271.45001220703
27-APR-2025,20.011993170483,16134,NRAO150,0.20801784098148,86100,AP-N902-F303,0.018026955425739,0.018026955425739,117.24127197266,271.45001220703
27-APR-2025,20.020882143266,16134,NRAO150,0.20736558735371,86100,AP-N901-F303,0.016273353248835,0.016273353248835,140.73663330078,271.45001220703
27-APR-2025,20.020882143266,16134,NRAO150,0.20736558735371,86100,AP-N902-F303,0.018026955425739,0.018026955425739,117.24127197266,271.45001220703
27-APR-2025,20.030048898955,16134,NRAO150,0.20668987929821,86100,AP-N901-F303,0.016273353248835,0.016273353248835,140.73663330078,271.45001220703
27-APR-2025,20.030048898955,16134,NRAO150,0.20668987929821,86100,AP-N902-F303,0.018026955425739,0.018026955425739,117.24127197266,271.45001220703
27-APR-2025,20.039493430213,16134,NRAO150,0.20599077641964,86100,AP-N901-F303,0.016273353248835,0.016273353248835,140.73663330078,271.45001220703
27-APR-2025,20.039493430213,16134,NRAO150,0.20599077641964,86100,AP-N902-F303,0.018026955425739,0.018026955425739,117.24127197266,271.45001220703
27-APR-2025,20.048382404219,16134,NRAO150,0.20532990992069,86100,AP-N901-F303,0.016273353248835,0.016273353248835,140.73663330078,271.45001220703
27-APR-2025,20.048382404219,16134,NRAO150,0.20532990992069,86100,AP-N902-F303,0.018026955425739,0.018026955425739,117.24127197266,271.45001220703
27-APR-2025,20.057271377177,16134,NRAO150,0.20466637611389,86100,AP-N901-F303,0.016273353248835,0.016273353248835,140.73663330078,271.45001220703
27-APR-2025,20.057271377177,16134,NRAO150,0.20466637611389,86100,AP-N902-F303,0.018026955425739,0.018026955425739,117.24127197266,271.45001220703
27-APR-2025,20.066438132865,16134,NRAO150,0.20397913455963,86100,AP-N901-F303,0.016273353248835,0.016273353248835,140.73663330078,271.45001220703
27-APR-2025,20.066438132865,16134,NRAO150,0.20397913455963,86100,AP-N902-F303,0.018026955425739,0.018026955425739,117.24127197266,271.45001220703
27-APR-2025,20.494358867716,16145,OJ287,0.57600116729736,86100,AP-N901-F303,0.01964545622468,0.01964545622468,109.17224121094,271.14999389648
27-APR-2025,20.494358867716,16145,OJ287,0.57600116729736,86100,AP-N902-F303,0.01964545622468,0.01964545622468,86.49974822998,271.14999389648
27-APR-2025,20.511025687254,16149,OJ287,0.57879453897476,86100,AP-N901-F303,0.01964545622468,0.01964545622468,109.17224121094,271.14999389648
27-APR-2025,20.511025687254,16149,OJ287,0.57879453897476,86100,AP-N902-F303,0.01964545622468,0.01964545622468,86.49974822998,271.14999389648
27-APR-2025,20.520053549919,16149,OJ287,0.58030325174332,86100,AP-N901-F303,0.01964545622468,0.01964545622468,109.17224121094,271.14999389648
27-APR-2025,20.520053549919,16149,OJ287,0.58030325174332,86100,AP-N902-F303,0.01964545622468,0.01964545622468,86.49974822998,271.14999389648
27-APR-2025,20.530053641747,16149,OJ287,0.58197087049484,86100,AP-N901-F303,0.01964545622468,0.01964545622468,109.17224121094,271.14999389648
27-APR-2025,20.530053641747,16149,OJ287,0.58197087049484,86100,AP-N902-F303,0.01964545622468,0.01964545622468,86.49974822998,271.14999389648
27-APR-2025,20.538942615403,16149,OJ287,0.58344995975494,86100,AP-N901-F303,0.01964545622468,0.01964545622468,109.17224121094,271.14999389648
27-APR-2025,20.538942615403,16149,OJ287,0.58344995975494,86100,AP-N902-F303,0.01964545622468,0.01964545622468,86.49974822998,271.14999389648
27-APR-2025,20.548109370917,16149,OJ287,0.58497214317322,86100,AP-N901-F303,0.01964545622468,0.01964545622468,109.17224121094,271.14999389648
27-APR-2025,20.548109370917,16149,OJ287,0.58497214317322,86100,AP-N902-F303,0.01964545622468,0.01964545622468,86.49974822998,271.14999389648
27-APR-2025,20.556998343002,16149,OJ287,0.58644515275955,86100,AP-N901-F303,0.01964545622468,0.01964545622468,109.17224121094,271.14999389648
27-APR-2025,20.556998343002,16149,OJ287,0.58644515275955,86100,AP-N902-F303,0.01964545622468,0.01964545622468,86.49974822998,271.14999389648
27-APR-2025,20.565887314913,16149,OJ287,0.58791500329971,86100,AP-N901-F303,0.01964545622468,0.01964545622468,109.17224121094,271.14999389648
27-APR-2025,20.565887314913,16149,OJ287,0.58791500329971,86100,AP-N902-F303,0.01964545622468,0.01964545622468,86.49974822998,271.14999389648
27-APR-2025,20.74463900534,16154,OJ287,0.61680382490158,86100,AP-N901-F303,0.019076880067587,0.019076880067587,106.94857788086,271.14999389648
27-APR-2025,20.74463900534,16154,OJ287,0.61680382490158,86100,AP-N902-F303,0.019076880067587,0.019076880067587,84.980964660645,271.14999389648
27-APR-2025,20.761722490678,16158,OJ287,0.61949545145035,86100,AP-N901-F303,0.019076880067587,0.019076880067587,106.94857788086,271.14999389648
27-APR-2025,20.761722490678,16158,OJ287,0.61949545145035,86100,AP-N902-F303,0.019076880067587,0.019076880067587,84.980964660645,271.14999389648
27-APR-2025,20.770889246017,16158,OJ287,0.62093460559845,86100,AP-N901-F303,0.019076880067587,0.019076880067587,106.94857788086,271.14999389648
27-APR-2025,20.770889246017,16158,OJ287,0.62093460559845,86100,AP-N902-F303,0.019076880067587,0.019076880067587,84.980964660645,271.14999389648
27-APR-2025,20.779778218102,16158,OJ287,0.62232679128647,86100,AP-N901-F303,0.019076880067587,0.019076880067587,106.94857788086,271.14999389648
27-APR-2025,20.779778218102,16158,OJ287,0.62232679128647,86100,AP-N902-F303,0.019076880067587,0.019076880067587,84.980964660645,271.14999389648
27-APR-2025,20.788667191235,16158,OJ287,0.62371546030045,86100,AP-N901-F303,0.019076880067587,0.019076880067587,106.94857788086,271.14999389648
27-APR-2025,20.788667191235,16158,OJ287,0.62371546030045,86100,AP-N902-F303,0.019076880067587,0.019076880067587,84.980964660645,271.14999389648
27-APR-2025,20.797833942907,16158,OJ287,0.62514394521713,86100,AP-N901-F303,0.019076880067587,0.019076880067587,106.94857788086,271.14999389648
27-APR-2025,20.797833942907,16158,OJ287,0.62514394521713,86100,AP-N902-F303,0.019076880067587,0.019076880067587,84.980964660645,271.14999389648
27-APR-2025,20.807000695451,16158,OJ287,0.62656891345978,86100,AP-N901-F303,0.019076880067587,0.019076880067587,106.94857788086,271.14999389648
27-APR-2025,20.807000695451,16158,OJ287,0.62656891345978,86100,AP-N902-F303,0.019076880067587,0.019076880067587,84.980964660645,271.14999389648
27-APR-2025,20.816167446425,16158,OJ287,0.62799000740051,86100,AP-N901-F303,0.019076880067587,0.019076880067587,106.94857788086,271.14999389648
27-APR-2025,20.816167446425,16158,OJ287,0.62799000740051,86100,AP-N902-F303,0.019076880067587,0.019076880067587,84.980964660645,271.14999389648
27-APR-2025,20.995196902817,16163,OJ287,0.65498328208923,86100,AP-N901-F303,0.018804892897606,0.018804892897606,104.9797744751,270.85000610352
27-APR-2025,20.995196902817,16163,OJ287,0.65498328208923,86100,AP-N902-F303,0.018804892897606,0.018804892897606,83.375099182129,270.85000610352
27-APR-2025,21.012280396188,16167,OJ287,0.65748065710068,86100,AP-N901-F303,0.018804892897606,0.018804892897606,104.9797744751,270.85000610352
27-APR-2025,21.012280396188,16167,OJ287,0.65748065710068,86100,AP-N902-F303,0.018804892897606,0.018804892897606,83.375099182129,270.85000610352
27-APR-2025,21.021169368623,16167,OJ287,0.65877449512482,86100,AP-N901-F303,0.018804892897606,0.018804892897606,104.9797744751,270.85000610352
27-APR-2025,21.021169368623,16167,OJ287,0.65877449512482,86100,AP-N902-F303,0.018804892897606,0.018804892897606,83.375099182129,270.85000610352
27-APR-2025,21.030336122914,16167,OJ287,0.66010475158691,86100,AP-N901-F303,0.018804892897606,0.018804892897606,104.9797744751,270.85000610352
27-APR-2025,21.030336122914,16167,OJ287,0.66010475158691,86100,AP-N902-F303,0.018804892897606,0.018804892897606,83.375099182129,270.85000610352
27-APR-2025,21.039363984705,16167,OJ287,0.66141086816788,86100,AP-N901-F303,0.018804892897606,0.018804892897606,104.9797744751,270.85000610352
27-APR-2025,21.039363984705,16167,OJ287,0.66141086816788,86100,AP-N902-F303,0.018804892897606,0.018804892897606,83.375099182129,270.85000610352
27-APR-2025,21.04866962713,16167,OJ287,0.66275292634964,86100,AP-N901-F303,0.018804892897606,0.018804892897606,104.9797744751,270.85000610352
27-APR-2025,21.04866962713,16167,OJ287,0.66275292634964,86100,AP-N902-F303,0.018804892897606,0.018804892897606,83.375099182129,270.85000610352
27-APR-2025,21.057558598168,16167,OJ287,0.66403096914291,86100,AP-N901-F303,0.018804892897606,0.018804892897606,104.9797744751,270.85000610352
27-APR-2025,21.057558598168,16167,OJ287,0.66403096914291,86100,AP-N902-F303,0.018804892897606,0.018804892897606,83.375099182129,270.85000610352
27-APR-2025,21.067558692441,16167,OJ287,0.66546392440796,86100,AP-N901-F303,0.018804892897606,0.018804892897606,104.9797744751,270.85000610352
27-APR-2025,21.067558692441,16167,OJ287,0.66546392440796,86100,AP-N902-F303,0.018804892897606,0.018804892897606,83.375099182129,270.85000610352
27-APR-2025,21.244088117014,16172,OJ287,0.68992096185684,86100,AP-N901-F303,0.01905264146626,0.01905264146626,104.05591583252,270.95001220703
27-APR-2025,21.244088117014,16172,OJ287,0.68992096185684,86100,AP-N902-F303,0.01905264146626,0.01905264146626,82.123901367187,270.95001220703
27-APR-2025,21.261449396433,16176,OJ287,0.69223743677139,86100,AP-N901-F303,0.01905264146626,0.01905264146626,104.05591583252,270.95001220703
27-APR-2025,21.261449396433,16176,OJ287,0.69223743677139,86100,AP-N902-F303,0.01905264146626,0.01905264146626,82.123901367187,270.95001220703
27-APR-2025,21.270616148628,16176,OJ287,0.6934540271759,86100,AP-N901-F303,0.01905264146626,0.01905264146626,104.05591583252,270.95001220703
27-APR-2025,21.270616148628,16176,OJ287,0.6934540271759,86100,AP-N902-F303,0.01905264146626,0.01905264146626,82.123901367187,270.95001220703
27-APR-2025,21.279505120713,16176,OJ287,0.69462931156158,86100,AP-N901-F303,0.01905264146626,0.01905264146626,104.05591583252,270.95001220703
27-APR-2025,21.279505120713,16176,OJ287,0.69462931156158,86100,AP-N902-F303,0.01905264146626,0.01905264146626,82.123901367187,270.95001220703
27-APR-2025,21.288671871687,16176,OJ287,0.6958367228508,86100,AP-N901-F303,0.01905264146626,0.01905264146626,104.05591583252,270.95001220703
27-APR-2025,21.288671871687,16176,OJ287,0.6958367228508,86100,AP-N902-F303,0.01905264146626,0.01905264146626,82.123901367187,270.95001220703
27-APR-2025,21.297699734176,16176,OJ287,0.69702130556107,86100,AP-N901-F303,0.01905264146626,0.01905264146626,104.05591583252,270.95001220703
27-APR-2025,21.297699734176,16176,OJ287,0.69702130556107,86100,AP-N902-F303,0.01905264146626,0.01905264146626,82.123901367187,270.95001220703
27-APR-2025,21.306727596142,16176,OJ287,0.69820147752762,86100,AP-N901-F303,0.01905264146626,0.01905264146626,104.05591583252,270.95001220703
27-APR-2025,21.306727596142,16176,OJ287,0.69820147752762,86100,AP-N902-F303,0.01905264146626,0.01905264146626,82.123901367187,270.95001220703
27-APR-2025,21.316449910479,16176,OJ287,0.69946730136871,86100,AP-N901-F303,0.01905264146626,0.01905264146626,104.05591583252,270.95001220703
27-APR-2025,21.316449910479,16176,OJ287,0.69946730136871,86100,AP-N902-F303,0.01905264146626,0.01905264146626,82.123901367187,270.95001220703
27-APR-2025,21.495595137368,16184,OJ287,0.72182369232178,86100,AP-N901-F303,0.019918030127883,0.019918030127883,102.63877868652,270.35000610352
27-APR-2025,21.495595137368,16184,OJ287,0.72182369232178,86100,AP-N902-F303,0.019918030127883,0.019918030127883,81.25513458252,270.35000610352
27-APR-2025,21.513511963037,16188,OJ287,0.72395497560501,86100,AP-N901-F303,0.019918030127883,0.019918030127883,102.63877868652,270.35000610352
27-APR-2025,21.513511963037,16188,OJ287,0.72395497560501,86100,AP-N902-F303,0.019918030127883,0.019918030127883,81.25513458252,270.35000610352
27-APR-2025,21.522400934773,16188,OJ287,0.72500532865524,86100,AP-N901-F303,0.019918030127883,0.019918030127883,102.63877868652,270.35000610352
27-APR-2025,21.522400934773,16188,OJ287,0.72500532865524,86100,AP-N902-F303,0.019918030127883,0.019918030127883,81.25513458252,270.35000610352
27-APR-2025,21.531289907033,16188,OJ287,0.72605085372925,86100,AP-N901-F303,0.019918030127883,0.019918030127883,102.63877868652,270.35000610352
27-APR-2025,21.531289907033,16188,OJ287,0.72605085372925,86100,AP-N902-F303,0.019918030127883,0.019918030127883,81.25513458252,270.35000610352
27-APR-2025,21.540178878071,16188,OJ287,0.72709155082703,86100,AP-N901-F303,0.019918030127883,0.019918030127883,102.63877868652,270.35000610352
27-APR-2025,21.540178878071,16188,OJ287,0.72709155082703,86100,AP-N902-F303,0.019918030127883,0.019918030127883,81.25513458252,270.35000610352
27-APR-2025,21.54906785068,16188,OJ287,0.72812736034393,86100,AP-N901-F303,0.019918030127883,0.019918030127883,102.63877868652,270.35000610352
27-APR-2025,21.54906785068,16188,OJ287,0.72812736034393,86100,AP-N902-F303,0.019918030127883,0.019918030127883,81.25513458252,270.35000610352
27-APR-2025,21.55795682259,16188,OJ287,0.72915834188461,86100,AP-N901-F303,0.019918030127883,0.019918030127883,102.63877868652,270.35000610352
27-APR-2025,21.55795682259,16188,OJ287,0.72915834188461,86100,AP-N902-F303,0.019918030127883,0.019918030127883,81.25513458252,270.35000610352
27-APR-2025,21.567123574611,16188,OJ287,0.73021638393402,86100,AP-N901-F303,0.019918030127883,0.019918030127883,102.63877868652,270.35000610352
27-APR-2025,21.567123574611,16188,OJ287,0.73021638393402,86100,AP-N902-F303,0.019918030127883,0.019918030127883,81.25513458252,270.35000610352
27-APR-2025,21.745041911087,16193,OJ287,0.7496931552887,86100,AP-N901-F303,0.015617871657014,0.015617871657014,100.20127105713,270.04998779297
27-APR-2025,21.745041911087,16193,OJ287,0.7496931552887,86100,AP-N902-F303,0.016687789931893,0.016687789931893,79.399360656738,270.04998779297
27-APR-2025,21.762680958043,16197,OJ287,0.7515110373497,86100,AP-N901-F303,0.015617871657014,0.015617871657014,100.20127105713,270.04998779297
27-APR-2025,21.762680958043,16197,OJ287,0.7515110373497,86100,AP-N902-F303,0.016687789931893,0.016687789931893,79.399360656738,270.04998779297
27-APR-2025,21.77198660204,16197,OJ287,0.75246179103851,86100,AP-N901-F303,0.015617871657014,0.015617871657014,100.20127105713,270.04998779297
27-APR-2025,21.77198660204,16197,OJ287,0.75246179103851,86100,AP-N902-F303,0.016687789931893,0.016687789931893,79.399360656738,270.04998779297
27-APR-2025,21.781292244814,16197,OJ287,0.75340676307678,86100,AP-N901-F303,0.015617871657014,0.015617871657014,100.20127105713,270.04998779297
27-APR-2025,21.781292244814,16197,OJ287,0.75340676307678,86100,AP-N902-F303,0.016687789931893,0.016687789931893,79.399360656738,270.04998779297
27-APR-2025,21.790458996137,16197,OJ287,0.7543318271637,86100,AP-N901-F303,0.015617871657014,0.015617871657014,100.20127105713,270.04998779297
27-APR-2025,21.790458996137,16197,OJ287,0.7543318271637,86100,AP-N902-F303,0.016687789931893,0.016687789931893,79.399360656738,270.04998779297
27-APR-2025,21.800181310648,16197,OJ287,0.75530678033829,86100,AP-N901-F303,0.015617871657014,0.015617871657014,100.20127105713,270.04998779297
27-APR-2025,21.800181310648,16197,OJ287,0.75530678033829,86100,AP-N902-F303,0.016687789931893,0.016687789931893,79.399360656738,270.04998779297
27-APR-2025,21.809070283083,16197,OJ287,0.75619250535965,86100,AP-N901-F303,0.015617871657014,0.015617871657014,100.20127105713,270.04998779297
27-APR-2025,21.809070283083,16197,OJ287,0.75619250535965,86100,AP-N902-F303,0.016687789931893,0.016687789931893,79.399360656738,270.04998779297
27-APR-2025,21.817959255168,16197,OJ287,0.75707274675369,86100,AP-N901-F303,0.015617871657014,0.015617871657014,100.20127105713,270.04998779297
27-APR-2025,21.817959255168,16197,OJ287,0.75707274675369,86100,AP-N902-F303,0.016687789931893,0.016687789931893,79.399360656738,270.04998779297
27-APR-2025,21.994210910283,16202,OJ287,0.77338653802872,86100,AP-N901-F303,0.015671471133828,0.015671471133828,99.474327087402,269.75
27-APR-2025,21.994210910283,16202,OJ287,0.77338653802872,86100,AP-N902-F303,0.016845399513841,0.016845399513841,78.859008789063,269.75
27-APR-2025,22.012127736476,16206,OJ287,0.77492010593414,86100,AP-N901-F303,0.015671471133828,0.015671471133828,99.474327087402,269.75
27-APR-2025,22.012127736476,16206,OJ287,0.77492010593414,86100,AP-N902-F303,0.016845399513841,0.016845399513841,78.859008789063,269.75
27-APR-2025,22.021294490942,16206,OJ287,0.77569574117661,86100,AP-N901-F303,0.015671471133828,0.015671471133828,99.474327087402,269.75
27-APR-2025,22.021294490942,16206,OJ287,0.77569574117661,86100,AP-N902-F303,0.016845399513841,0.016845399513841,78.859008789063,269.75
27-APR-2025,22.030183463027,16206,OJ287,0.77644193172455,86100,AP-N901-F303,0.015671471133828,0.015671471133828,99.474327087402,269.75
27-APR-2025,22.030183463027,16206,OJ287,0.77644193172455,86100,AP-N902-F303,0.016845399513841,0.016845399513841,78.859008789063,269.75
27-APR-2025,22.039350214175,16206,OJ287,0.77720534801483,86100,AP-N901-F303,0.015671471133828,0.015671471133828,99.474327087402,269.75
27-APR-2025,22.039350214175,16206,OJ287,0.77720534801483,86100,AP-N902-F303,0.016845399513841,0.016845399513841,78.859008789063,269.75
27-APR-2025,22.048239186435,16206,OJ287,0.77793973684311,86100,AP-N901-F303,0.015671471133828,0.015671471133828,99.474327087402,269.75
27-APR-2025,22.048239186435,16206,OJ287,0.77793973684311,86100,AP-N902-F303,0.016845399513841,0.016845399513841,78.859008789063,269.75
27-APR-2025,22.057405937408,16206,OJ287,0.77869087457657,86100,AP-N901-F303,0.015671471133828,0.015671471133828,99.474327087402,269.75
27-APR-2025,22.057405937408,16206,OJ287,0.77869087457657,86100,AP-N902-F303,0.016845399513841,0.016845399513841,78.859008789063,269.75
27-APR-2025,22.06629490862,16206,OJ287,0.77941340208054,86100,AP-N901-F303,0.015671471133828,0.015671471133828,99.474327087402,269.75
27-APR-2025,22.06629490862,16206,OJ287,0.77941340208054,86100,AP-N902-F303,0.016845399513841,0.016845399513841,78.859008789063,269.75
27-APR-2025,22.244491017348,16211,OJ287,0.79263204336166,86100,AP-N901-F303,0.016707038506866,0.016707038506866,99.096641540527,269.75
27-APR-2025,22.244491017348,16211,OJ287,0.79263204336166,86100,AP-N902-F303,0.0165009573102,0.0165009573102,78.536888122559,269.75
27-APR-2025,22.261852296417,16215,OJ287,0.79378855228424,86100,AP-N901-F303,0.016707038506866,0.016707038506866,99.096641540527,269.75
27-APR-2025,22.261852296417,16215,OJ287,0.79378855228424,86100,AP-N902-F303,0.0165009573102,0.0165009573102,78.536888122559,269.75
27-APR-2025,22.271296829596,16215,OJ287,0.79440778493881,86100,AP-N901-F303,0.016707038506866,0.016707038506866,99.096641540527,269.75
27-APR-2025,22.271296829596,16215,OJ287,0.79440778493881,86100,AP-N902-F303,0.0165009573102,0.0165009573102,78.536888122559,269.75
27-APR-2025,22.280185801856,16215,OJ287,0.79498416185379,86100,AP-N901-F303,0.016707038506866,0.016707038506866,99.096641540527,269.75
27-APR-2025,22.280185801856,16215,OJ287,0.79498416185379,86100,AP-N902-F303,0.0165009573102,0.0165009573102,78.536888122559,269.75
27-APR-2025,22.289352553702,16215,OJ287,0.79557198286057,86100,AP-N901-F303,0.016707038506866,0.016707038506866,99.096641540527,269.75
27-APR-2025,22.289352553702,16215,OJ287,0.79557198286057,86100,AP-N902-F303,0.0165009573102,0.0165009573102,78.536888122559,269.75
27-APR-2025,22.298241525788,16215,OJ287,0.79613560438156,86100,AP-N901-F303,0.016707038506866,0.016707038506866,99.096641540527,269.75
27-APR-2025,22.298241525788,16215,OJ287,0.79613560438156,86100,AP-N902-F303,0.0165009573102,0.0165009573102,78.536888122559,269.75
27-APR-2025,22.307269390722,16215,OJ287,0.79670161008835,86100,AP-N901-F303,0.016707038506866,0.016707038506866,99.096641540527,269.75
27-APR-2025,22.307269390722,16215,OJ287,0.79670161008835,86100,AP-N902-F303,0.0165009573102,0.0165009573102,78.536888122559,269.75
27-APR-2025,22.316297252339,16215,OJ287,0.79726111888885,86100,AP-N901-F303,0.016707038506866,0.016707038506866,99.096641540527,269.75
27-APR-2025,22.316297252339,16215,OJ287,0.79726111888885,86100,AP-N902-F303,0.0165009573102,0.0165009573102,78.536888122559,269.75
27-APR-2025,22.494771150082,16220,OJ287,0.80696892738342,86100,AP-N901-F303,0.015618887729943,0.015618887729943,99.184661865234,269.25
27-APR-2025,22.494771150082,16220,OJ287,0.80696892738342,86100,AP-N902-F303,0.016543712466955,0.016543712466955,78.275733947754,269.25
27-APR-2025,22.510187959648,16224,OJ287,0.8076845407486,86100,AP-N901-F303,0.015618887729943,0.015618887729943,99.184661865234,269.25
27-APR-2025,22.510187959648,16224,OJ287,0.8076845407486,86100,AP-N902-F303,0.016543712466955,0.016543712466955,78.275733947754,269.25
27-APR-2025,22.519632490033,16224,OJ287,0.80811339616776,86100,AP-N901-F303,0.015618887729943,0.015618887729943,99.184661865234,269.25
27-APR-2025,22.519632490033,16224,OJ287,0.80811339616776,86100,AP-N902-F303,0.016543712466955,0.016543712466955,78.275733947754,269.25
27-APR-2025,22.529077024435,16224,OJ287,0.80853474140167,86100,AP-N901-F303,0.015618887729943,0.015618887729943,99.184661865234,269.25
27-APR-2025,22.529077024435,16224,OJ287,0.80853474140167,86100,AP-N902-F303,0.016543712466955,0.016543712466955,78.275733947754,269.25
27-APR-2025,22.538243776805,16224,OJ287,0.80893659591675,86100,AP-N901-F303,0.015618887729943,0.015618887729943,99.184661865234,269.25
27-APR-2025,22.538243776805,16224,OJ287,0.80893659591675,86100,AP-N902-F303,0.016543712466955,0.016543712466955,78.275733947754,269.25
27-APR-2025,22.547132748716,16224,OJ287,0.80931955575943,86100,AP-N901-F303,0.015618887729943,0.015618887729943,99.184661865234,269.25
27-APR-2025,22.547132748716,16224,OJ287,0.80931955575943,86100,AP-N902-F303,0.016543712466955,0.016543712466955,78.275733947754,269.25
27-APR-2025,22.556299502832,16224,OJ287,0.80970752239227,86100,AP-N901-F303,0.015618887729943,0.015618887729943,99.184661865234,269.25
27-APR-2025,22.556299502832,16224,OJ287,0.80970752239227,86100,AP-N902-F303,0.016543712466955,0.016543712466955,78.275733947754,269.25
27-APR-2025,22.565188475441,16224,OJ287,0.81007701158524,86100,AP-N901-F303,0.015618887729943,0.015618887729943,99.184661865234,269.25
27-APR-2025,22.565188475441,16224,OJ287,0.81007701158524,86100,AP-N902-F303,0.016543712466955,0.016543712466955,78.275733947754,269.25
27-APR-2025,22.744217930961,16229,OJ287,0.8160947561264,86100,AP-N901-F303,0.015475945547223,0.015475945547223,99.077194213867,269.25
27-APR-2025,22.744217930961,16229,OJ287,0.8160947561264,86100,AP-N902-F303,0.015356284566224,0.015356284566224,78.444282531738,269.25
27-APR-2025,22.760190302494,16233,OJ287,0.81649816036224,86100,AP-N901-F303,0.015475945547223,0.015475945547223,99.077194213867,269.25
27-APR-2025,22.760190302494,16233,OJ287,0.81649816036224,86100,AP-N902-F303,0.015356284566224,0.015356284566224,78.444282531738,269.25
27-APR-2025,22.769357055038,16233,OJ287,0.81671994924545,86100,AP-N901-F303,0.015475945547223,0.015475945547223,99.077194213867,269.25
27-APR-2025,22.769357055038,16233,OJ287,0.81671994924545,86100,AP-N902-F303,0.015356284566224,0.015356284566224,78.444282531738,269.25
27-APR-2025,22.778523809155,16233,OJ287,0.81693452596664,86100,AP-N901-F303,0.015475945547223,0.015475945547223,99.077194213867,269.25
27-APR-2025,22.778523809155,16233,OJ287,0.81693452596664,86100,AP-N902-F303,0.015356284566224,0.015356284566224,78.444282531738,269.25
27-APR-2025,22.787412781415,16233,OJ287,0.81713569164276,86100,AP-N901-F303,0.015475945547223,0.015475945547223,99.077194213867,269.25
27-APR-2025,22.787412781415,16233,OJ287,0.81713569164276,86100,AP-N902-F303,0.015356284566224,0.015356284566224,78.444282531738,269.25
27-APR-2025,22.796301753849,16233,OJ287,0.81732994318008,86100,AP-N901-F303,0.015475945547223,0.015475945547223,99.077194213867,269.25
27-APR-2025,22.796301753849,16233,OJ287,0.81732994318008,86100,AP-N902-F303,0.015356284566224,0.015356284566224,78.444282531738,269.25
27-APR-2025,22.805468506918,16233,OJ287,0.8175231218338,86100,AP-N901-F303,0.015475945547223,0.015475945547223,99.077194213867,269.25
27-APR-2025,22.805468506918,16233,OJ287,0.8175231218338,86100,AP-N902-F303,0.015356284566224,0.015356284566224,78.444282531738,269.25
27-APR-2025,22.814635258764,16233,OJ287,0.8177090883255,86100,AP-N901-F303,0.015475945547223,0.015475945547223,99.077194213867,269.25
27-APR-2025,22.814635258764,16233,OJ287,0.8177090883255,86100,AP-N902-F303,0.015356284566224,0.015356284566224,78.444282531738,269.25
27-APR-2025,22.994220279045,16238,OJ287,0.81987911462784,86100,AP-N901-F303,0.020262062549591,0.020262062549591,99.682907104492,269.14999389648
27-APR-2025,22.994220279045,16238,OJ287,0.81987911462784,86100,AP-N902-F303,0.020262062549591,0.020262062549591,79.013191223145,269.14999389648
27-APR-2025,23.010748207655,16242,OJ287,0.81993764638901,86100,AP-N901-F303,0.020262062549591,0.020262062549591,99.682907104492,269.14999389648
27-APR-2025,23.010748207655,16242,OJ287,0.81993764638901,86100,AP-N902-F303,0.020262062549591,0.020262062549591,79.013191223145,269.14999389648
27-APR-2025,23.01991496212,16242,OJ287,0.81995981931686,86100,AP-N901-F303,0.020262062549591,0.020262062549591,99.682907104492,269.14999389648
27-APR-2025,23.01991496212,16242,OJ287,0.81995981931686,86100,AP-N902-F303,0.020262062549591,0.020262062549591,79.013191223145,269.14999389648
27-APR-2025,23.029081713967,16242,OJ287,0.81997442245483,86100,AP-N901-F303,0.020262062549591,0.020262062549591,99.682907104492,269.14999389648
27-APR-2025,23.029081713967,16242,OJ287,0.81997442245483,86100,AP-N902-F303,0.020262062549591,0.020262062549591,79.013191223145,269.14999389648
27-APR-2025,23.037970687624,16242,OJ287,0.81998187303543,86100,AP-N901-F303,0.020262062549591,0.020262062549591,99.682907104492,269.14999389648
27-APR-2025,23.037970687624,16242,OJ287,0.81998187303543,86100,AP-N902-F303,0.020262062549591,0.020262062549591,79.013191223145,269.14999389648
27-APR-2025,23.046859659709,16242,OJ287,0.81998246908188,86100,AP-N901-F303,0.020262062549591,0.020262062549591,99.682907104492,269.14999389648
27-APR-2025,23.046859659709,16242,OJ287,0.81998246908188,86100,AP-N902-F303,0.020262062549591,0.020262062549591,79.013191223145,269.14999389648
27-APR-2025,23.056026414175,16242,OJ287,0.8199754357338,86100,AP-N901-F303,0.020262062549591,0.020262062549591,99.682907104492,269.14999389648
27-APR-2025,23.056026414175,16242,OJ287,0.8199754357338,86100,AP-N902-F303,0.020262062549591,0.020262062549591,79.013191223145,269.14999389648
27-APR-2025,23.064915387133,16242,OJ287,0.81996208429337,86100,AP-N901-F303,0.020262062549591,0.020262062549591,99.682907104492,269.14999389648
27-APR-2025,23.064915387133,16242,OJ287,0.81996208429337,86100,AP-N902-F303,0.020262062549591,0.020262062549591,79.013191223145,269.14999389648
27-APR-2025,23.24450039973,16247,OJ287,0.81821113824844,86100,AP-N901-F303,0.019877821207047,0.019877821207047,99.84895324707,269.35000610352
27-APR-2025,23.24450039973,16247,OJ287,0.81821113824844,86100,AP-N902-F303,0.019877821207047,0.019877821207047,78.809226989746,269.35000610352
27-APR-2025,23.261028339167,16251,OJ287,0.81790870428085,86100,AP-N901-F303,0.019877821207047,0.019877821207047,99.84895324707,269.35000610352
27-APR-2025,23.261028339167,16251,OJ287,0.81790870428085,86100,AP-N902-F303,0.019877821207047,0.019877821207047,78.809226989746,269.35000610352
27-APR-2025,23.270195091537,16251,OJ287,0.81773090362549,86100,AP-N901-F303,0.019877821207047,0.019877821207047,99.84895324707,269.35000610352
27-APR-2025,23.270195091537,16251,OJ287,0.81773090362549,86100,AP-N902-F303,0.019877821207047,0.019877821207047,78.809226989746,269.35000610352
27-APR-2025,23.279361845304,16251,OJ287,0.81754583120346,86100,AP-N901-F303,0.019877821207047,0.019877821207047,99.84895324707,269.35000610352
27-APR-2025,23.279361845304,16251,OJ287,0.81754583120346,86100,AP-N902-F303,0.019877821207047,0.019877821207047,78.809226989746,269.35000610352
27-APR-2025,23.288528597849,16251,OJ287,0.81735348701477,86100,AP-N901-F303,0.019877821207047,0.019877821207047,99.84895324707,269.35000610352
27-APR-2025,23.288528597849,16251,OJ287,0.81735348701477,86100,AP-N902-F303,0.019877821207047,0.019877821207047,78.809226989746,269.35000610352
27-APR-2025,23.297417569934,16251,OJ287,0.81716006994247,86100,AP-N901-F303,0.019877821207047,0.019877821207047,99.84895324707,269.35000610352
27-APR-2025,23.297417569934,16251,OJ287,0.81716006994247,86100,AP-N902-F303,0.019877821207047,0.019877821207047,78.809226989746,269.35000610352
27-APR-2025,23.306584325098,16251,OJ287,0.81695342063904,86100,AP-N901-F303,0.019877821207047,0.019877821207047,99.84895324707,269.35000610352
27-APR-2025,23.306584325098,16251,OJ287,0.81695342063904,86100,AP-N902-F303,0.019877821207047,0.019877821207047,78.809226989746,269.35000610352
27-APR-2025,23.315473297882,16251,OJ287,0.81674611568451,86100,AP-N901-F303,0.019877821207047,0.019877821207047,99.84895324707,269.35000610352
27-APR-2025,23.315473297882,16251,OJ287,0.81674611568451,86100,AP-N902-F303,0.019877821207047,0.019877821207047,78.809226989746,269.35000610352
27-APR-2025,23.494224978355,16256,OJ287,0.81114012002945,86100,AP-N901-F303,0.01968745701015,0.01968745701015,100.08896636963,268.64999389648
27-APR-2025,23.494224978355,16256,OJ287,0.81114012002945,86100,AP-N902-F303,0.01968745701015,0.01968745701015,79.037414550781,268.64999389648
27-APR-2025,23.510197345872,16260,OJ287,0.81050682067871,86100,AP-N901-F303,0.01968745701015,0.01968745701015,100.08896636963,268.64999389648
27-APR-2025,23.510197345872,16260,OJ287,0.81050682067871,86100,AP-N902-F303,0.01968745701015,0.01968745701015,79.037414550781,268.64999389648
27-APR-2025,23.51908631918,16260,OJ287,0.81014513969421,86100,AP-N901-F303,0.01968745701015,0.01968745701015,100.08896636963,268.64999389648
27-APR-2025,23.51908631918,16260,OJ287,0.81014513969421,86100,AP-N902-F303,0.01968745701015,0.01968745701015,79.037414550781,268.64999389648
27-APR-2025,23.528253073645,16260,OJ287,0.80976527929306,86100,AP-N901-F303,0.01968745701015,0.01968745701015,100.08896636963,268.64999389648
27-APR-2025,23.528253073645,16260,OJ287,0.80976527929306,86100,AP-N902-F303,0.01968745701015,0.01968745701015,79.037414550781,268.64999389648
27-APR-2025,23.537142046604,16260,OJ287,0.80939012765884,86100,AP-N901-F303,0.01968745701015,0.01968745701015,100.08896636963,268.64999389648
27-APR-2025,23.537142046604,16260,OJ287,0.80939012765884,86100,AP-N902-F303,0.01968745701015,0.01968745701015,79.037414550781,268.64999389648
27-APR-2025,23.546586581005,16260,OJ287,0.80898439884186,86100,AP-N901-F303,0.01968745701015,0.01968745701015,100.08896636963,268.64999389648
27-APR-2025,23.546586581005,16260,OJ287,0.80898439884186,86100,AP-N902-F303,0.01968745701015,0.01968745701015,79.037414550781,268.64999389648
27-APR-2025,23.55547555309,16260,OJ287,0.80859559774399,86100,AP-N901-F303,0.01968745701015,0.01968745701015,100.08896636963,268.64999389648
27-APR-2025,23.55547555309,16260,OJ287,0.80859559774399,86100,AP-N902-F303,0.01968745701015,0.01968745701015,79.037414550781,268.64999389648
27-APR-2025,23.564642305286,16260,OJ287,0.80818778276443,86100,AP-N901-F303,0.01968745701015,0.01968745701015,100.08896636963,268.64999389648
27-APR-2025,23.564642305286,16260,OJ287,0.80818778276443,86100,AP-N902-F303,0.01968745701015,0.01968745701015,79.037414550781,268.64999389648
27-APR-2025,23.654226476763,16265,OJ287,0.8038358092308,86100,AP-N901-F303,0.019732754677534,0.019732754677534,100.03247070312,267.25
27-APR-2025,23.654226476763,16265,OJ287,0.8038358092308,86100,AP-N902-F303,0.019732754677534,0.019732754677534,79.197067260742,267.25
27-APR-2025,23.760477480876,16269,OJ287,0.79782193899155,86100,AP-N901-F303,0.019732754677534,0.019732754677534,100.03247070312,267.25
27-APR-2025,23.760477480876,16269,OJ287,0.79782193899155,86100,AP-N902-F303,0.019732754677534,0.019732754677534,79.197067260742,267.25
27-APR-2025,23.769366452962,16269,OJ287,0.79727756977081,86100,AP-N901-F303,0.019732754677534,0.019732754677534,100.03247070312,267.25
27-APR-2025,23.769366452962,16269,OJ287,0.79727756977081,86100,AP-N902-F303,0.019732754677534,0.019732754677534,79.197067260742,267.25
27-APR-2025,23.77825542592,16269,OJ287,0.79672694206238,86100,AP-N901-F303,0.019732754677534,0.019732754677534,100.03247070312,267.25
27-APR-2025,23.77825542592,16269,OJ287,0.79672694206238,86100,AP-N902-F303,0.019732754677534,0.019732754677534,79.197067260742,267.25
27-APR-2025,23.78742217829,16269,OJ287,0.79615241289139,86100,AP-N901-F303,0.019732754677534,0.019732754677534,100.03247070312,267.25
27-APR-2025,23.78742217829,16269,OJ287,0.79615241289139,86100,AP-N902-F303,0.019732754677534,0.019732754677534,79.197067260742,267.25
27-APR-2025,23.796311150026,16269,OJ287,0.79558902978897,86100,AP-N901-F303,0.019732754677534,0.019732754677534,100.03247070312,267.25
27-APR-2025,23.796311150026,16269,OJ287,0.79558902978897,86100,AP-N902-F303,0.019732754677534,0.019732754677534,79.197067260742,267.25
27-APR-2025,23.805200122286,16269,OJ287,0.79501926898956,86100,AP-N901-F303,0.019732754677534,0.019732754677534,100.03247070312,267.25
27-APR-2025,23.805200122286,16269,OJ287,0.79501926898956,86100,AP-N902-F303,0.019732754677534,0.019732754677534,79.197067260742,267.25
27-APR-2025,23.814089094371,16269,OJ287,0.7944433093071,86100,AP-N901-F303,0.019732754677534,0.019732754677534,100.03247070312,267.25
27-APR-2025,23.814089094371,16269,OJ287,0.7944433093071,86100,AP-N902-F303,0.019732754677534,0.019732754677534,79.197067260742,267.25
27-APR-2025,5.4988086156782,15633,M84,0.59924209117889,86100,AP-N901-F303,0.017398988828063,0.017398988828063,99.773666381836,270.25
27-APR-2025,5.4988086156782,15633,M84,0.59924209117889,86100,AP-N902-F303,0.017398988828063,0.017398988828063,78.35457611084,270.25
27-APR-2025,5.513392085612,15637,3C279,0.8960023522377,86100,AP-N901-F303,0.017398988828063,0.017398988828063,99.773666381836,270.25
27-APR-2025,5.513392085612,15637,3C279,0.8960023522377,86100,AP-N902-F303,0.017398988828063,0.017398988828063,78.35457611084,270.25
27-APR-2025,5.5225588379822,15637,3C279,0.89392757415771,86100,AP-N901-F303,0.017398988828063,0.017398988828063,99.773666381836,270.25
27-APR-2025,5.5225588379822,15637,3C279,0.89392757415771,86100,AP-N902-F303,0.017398988828063,0.017398988828063,78.35457611084,270.25
27-APR-2025,5.5315867041389,15637,3C279,0.89188277721405,86100,AP-N901-F303,0.017398988828063,0.017398988828063,99.773666381836,270.25
27-APR-2025,5.5315867041389,15637,3C279,0.89188277721405,86100,AP-N902-F303,0.017398988828063,0.017398988828063,78.35457611084,270.25
27-APR-2025,5.5408923460403,15637,3C279,0.88977360725403,86100,AP-N901-F303,0.017398988828063,0.017398988828063,99.773666381836,270.25
27-APR-2025,5.5408923460403,15637,3C279,0.88977360725403,86100,AP-N902-F303,0.017398988828063,0.017398988828063,78.35457611084,270.25
27-APR-2025,5.550059099109,15637,3C279,0.88769441843033,86100,AP-N901-F303,0.017398988828063,0.017398988828063,99.773666381836,270.25
27-APR-2025,5.550059099109,15637,3C279,0.88769441843033,86100,AP-N902-F303,0.017398988828063,0.017398988828063,78.35457611084,270.25
27-APR-2025,5.7445516158852,15645,3C279,0.84326457977295,86100,AP-N901-F303,0.017649557441473,0.017649557441473,97.88729095459,270.35000610352
27-APR-2025,5.7445516158852,15645,3C279,0.84326457977295,86100,AP-N902-F303,0.017649557441473,0.017649557441473,76.950958251953,270.35000610352
27-APR-2025,5.7606628811404,15649,3C279,0.83955895900726,86100,AP-N901-F303,0.017649557441473,0.017649557441473,97.88729095459,270.35000610352
27-APR-2025,5.7606628811404,15649,3C279,0.83955895900726,86100,AP-N902-F303,0.017649557441473,0.017649557441473,76.950958251953,270.35000610352
27-APR-2025,5.7696907439793,15649,3C279,0.8374810218811,86100,AP-N901-F303,0.017649557441473,0.017649557441473,97.88729095459,270.35000610352
27-APR-2025,5.7696907439793,15649,3C279,0.8374810218811,86100,AP-N902-F303,0.017649557441473,0.017649557441473,76.950958251953,270.35000610352
27-APR-2025,5.7785797167631,15649,3C279,0.83543395996094,86100,AP-N901-F303,0.017649557441473,0.017649557441473,97.88729095459,270.35000610352
27-APR-2025,5.7785797167631,15649,3C279,0.83543395996094,86100,AP-N902-F303,0.017649557441473,0.017649557441473,76.950958251953,270.35000610352
27-APR-2025,5.7874686886737,15649,3C279,0.83338594436646,86100,AP-N901-F303,0.017649557441473,0.017649557441473,97.88729095459,270.35000610352
27-APR-2025,5.7874686886737,15649,3C279,0.83338594436646,86100,AP-N902-F303,0.017649557441473,0.017649557441473,76.950958251953,270.35000610352
27-APR-2025,5.7966354422662,15649,3C279,0.83127278089523,86100,AP-N901-F303,0.017649557441473,0.017649557441473,97.88729095459,270.35000610352
27-APR-2025,5.7966354422662,15649,3C279,0.83127278089523,86100,AP-N902-F303,0.017649557441473,0.017649557441473,76.950958251953,270.35000610352
27-APR-2025,5.9942761946854,15654,3C279,0.78545928001404,86100,AP-N901-F303,0.017683142796159,0.017683142796159,98.431419372559,270.35000610352
27-APR-2025,5.9942761946854,15654,3C279,0.78545928001404,86100,AP-N902-F303,0.017683142796159,0.017683142796159,77.546890258789,270.35000610352
27-APR-2025,6.0102485648214,15658,3C279,0.78173738718033,86100,AP-N901-F303,0.017683142796159,0.017683142796159,98.431419372559,270.35000610352
27-APR-2025,6.0102485648214,15658,3C279,0.78173738718033,86100,AP-N902-F303,0.017683142796159,0.017683142796159,77.546890258789,270.35000610352
27-APR-2025,6.0194153171915,15658,3C279,0.77960014343262,86100,AP-N901-F303,0.017683142796159,0.017683142796159,98.431419372559,270.35000610352
27-APR-2025,6.0194153171915,15658,3C279,0.77960014343262,86100,AP-N902-F303,0.017683142796159,0.017683142796159,77.546890258789,270.35000610352
27-APR-2025,6.0283042911977,15658,3C279,0.77752679586411,86100,AP-N901-F303,0.017683142796159,0.017683142796159,98.431419372559,270.35000610352
27-APR-2025,6.0283042911977,15658,3C279,0.77752679586411,86100,AP-N902-F303,0.017683142796159,0.017683142796159,77.546890258789,270.35000610352
27-APR-2025,6.0371932641561,15658,3C279,0.77545261383057,86100,AP-N901-F303,0.017683142796159,0.017683142796159,98.431419372559,270.35000610352
27-APR-2025,6.0371932641561,15658,3C279,0.77545261383057,86100,AP-N902-F303,0.017683142796159,0.017683142796159,77.546890258789,270.35000610352
27-APR-2025,6.0460822372891,15658,3C279,0.77337765693665,86100,AP-N901-F303,0.017683142796159,0.017683142796159,98.431419372559,270.35000610352
27-APR-2025,6.0460822372891,15658,3C279,0.77337765693665,86100,AP-N902-F303,0.017683142796159,0.017683142796159,77.546890258789,270.35000610352
27-APR-2025,6.2445563319599,15663,3C279,0.72685080766678,86100,AP-N901-F303,0.01772396825254,0.01772396825254,99.658966064453,270.04998779297
27-APR-2025,6.2445563319599,15663,3C279,0.72685080766678,86100,AP-N902-F303,0.01772396825254,0.01772396825254,78.476219177246,270.04998779297
27-APR-2025,6.2602509216364,15667,3C279,0.72315680980682,86100,AP-N901-F303,0.01772396825254,0.01772396825254,99.658966064453,270.04998779297
27-APR-2025,6.2602509216364,15667,3C279,0.72315680980682,86100,AP-N902-F303,0.01772396825254,0.01772396825254,78.476219177246,270.04998779297
27-APR-2025,6.2691398944201,15667,3C279,0.72106367349625,86100,AP-N901-F303,0.01772396825254,0.01772396825254,99.658966064453,270.04998779297
27-APR-2025,6.2691398944201,15667,3C279,0.72106367349625,86100,AP-N902-F303,0.01772396825254,0.01772396825254,78.476219177246,270.04998779297
27-APR-2025,6.2780288677278,15667,3C279,0.71896994113922,86100,AP-N901-F303,0.01772396825254,0.01772396825254,99.658966064453,270.04998779297
27-APR-2025,6.2780288677278,15667,3C279,0.71896994113922,86100,AP-N902-F303,0.01772396825254,0.01772396825254,78.476219177246,270.04998779297
27-APR-2025,6.2869178408608,15667,3C279,0.7168755531311,86100,AP-N901-F303,0.01772396825254,0.01772396825254,99.658966064453,270.04998779297
27-APR-2025,6.2869178408608,15667,3C279,0.7168755531311,86100,AP-N902-F303,0.01772396825254,0.01772396825254,78.476219177246,270.04998779297
27-APR-2025,6.295806812946,15667,3C279,0.71478056907654,86100,AP-N901-F303,0.01772396825254,0.01772396825254,99.658966064453,270.04998779297
27-APR-2025,6.295806812946,15667,3C279,0.71478056907654,86100,AP-N902-F303,0.01772396825254,0.01772396825254,78.476219177246,270.04998779297
27-APR-2025,6.4945586906958,15672,3C279,0.66778409481049,86100,AP-N901-F303,0.015551109798253,0.015551109798253,100.44339752197,270.14999389648
27-APR-2025,6.4945586906958,15672,3C279,0.66778409481049,86100,AP-N902-F303,0.017663778737187,0.017663778737187,79.491630554199,270.14999389648
27-APR-2025,6.5099755002619,15676,3C279,0.66412740945816,86100,AP-N901-F303,0.015551109798253,0.015551109798253,100.44339752197,270.14999389648
27-APR-2025,6.5099755002619,15676,3C279,0.66412740945816,86100,AP-N902-F303,0.017663778737187,0.017663778737187,79.491630554199,270.14999389648
27-APR-2025,6.5188644733949,15676,3C279,0.66201829910278,86100,AP-N901-F303,0.015551109798253,0.015551109798253,100.44339752197,270.14999389648
27-APR-2025,6.5188644733949,15676,3C279,0.66201829910278,86100,AP-N902-F303,0.017663778737187,0.017663778737187,79.491630554199,270.14999389648
27-APR-2025,6.5277534454802,15676,3C279,0.65990871191025,86100,AP-N901-F303,0.015551109798253,0.015551109798253,100.44339752197,270.14999389648
27-APR-2025,6.5277534454802,15676,3C279,0.65990871191025,86100,AP-N902-F303,0.017663778737187,0.017663778737187,79.491630554199,270.14999389648
27-APR-2025,6.5366424198356,15676,3C279,0.65779864788055,86100,AP-N901-F303,0.015551109798253,0.015551109798253,100.44339752197,270.14999389648
27-APR-2025,6.5366424198356,15676,3C279,0.65779864788055,86100,AP-N902-F303,0.017663778737187,0.017663778737187,79.491630554199,270.14999389648
27-APR-2025,6.5458091744758,15676,3C279,0.65562212467194,86100,AP-N901-F303,0.015551109798253,0.015551109798253,100.44339752197,270.14999389648
27-APR-2025,6.5458091744758,15676,3C279,0.65562212467194,86100,AP-N902-F303,0.017663778737187,0.017663778737187,79.491630554199,270.14999389648
27-APR-2025,6.7445610496062,15681,3C279,0.60831207036972,86100,AP-N901-F303,0.016901204362512,0.016901204362512,101.81650543213,269.14999389648
27-APR-2025,6.7445610496062,15681,3C279,0.60831207036972,86100,AP-N902-F303,0.016098031774163,0.016098031774163,80.624626159668,269.14999389648
27-APR-2025,6.759977865808,15685,3C279,0.60463356971741,86100,AP-N901-F303,0.016901204362512,0.016901204362512,101.81650543213,269.14999389648
27-APR-2025,6.759977865808,15685,3C279,0.60463356971741,86100,AP-N902-F303,0.016098031774163,0.016098031774163,80.624626159668,269.14999389648
27-APR-2025,6.768866840338,15685,3C279,0.60251212120056,86100,AP-N901-F303,0.016901204362512,0.016901204362512,101.81650543213,269.14999389648
27-APR-2025,6.768866840338,15685,3C279,0.60251212120056,86100,AP-N902-F303,0.016098031774163,0.016098031774163,80.624626159668,269.14999389648
27-APR-2025,6.7780335928828,15685,3C279,0.60032397508621,86100,AP-N901-F303,0.016901204362512,0.016901204362512,101.81650543213,269.14999389648
27-APR-2025,6.7780335928828,15685,3C279,0.60032397508621,86100,AP-N902-F303,0.016098031774163,0.016098031774163,80.624626159668,269.14999389648
27-APR-2025,6.786922565492,15685,3C279,0.59820175170898,86100,AP-N901-F303,0.016901204362512,0.016901204362512,101.81650543213,269.14999389648
27-APR-2025,6.786922565492,15685,3C279,0.59820175170898,86100,AP-N902-F303,0.016098031774163,0.016098031774163,80.624626159668,269.14999389648
27-APR-2025,6.7960893185606,15685,3C279,0.59601277112961,86100,AP-N901-F303,0.016901204362512,0.016901204362512,101.81650543213,269.14999389648
27-APR-2025,6.7960893185606,15685,3C279,0.59601277112961,86100,AP-N902-F303,0.016098031774163,0.016098031774163,80.624626159668,269.14999389648
27-APR-2025,6.9943424362308,15693,1749+096,0.94238215684891,86100,AP-N901-F303,0.017770232632756,0.017770232632756,99.054321289063,270.14999389648
27-APR-2025,6.9943424362308,15693,1749+096,0.94238215684891,86100,AP-N902-F303,0.017770232632756,0.017770232632756,78.779525756836,270.14999389648
27-APR-2025,7.0100370222401,15697,1749+096,0.94407266378403,86100,AP-N901-F303,0.017770232632756,0.017770232632756,99.054321289063,270.14999389648
27-APR-2025,7.0100370222401,15697,1749+096,0.94407266378403,86100,AP-N902-F303,0.017770232632756,0.017770232632756,78.779525756836,270.14999389648
27-APR-2025,7.0192037761819,15697,1749+096,0.94505006074905,86100,AP-N901-F303,0.017770232632756,0.017770232632756,99.054321289063,270.14999389648
27-APR-2025,7.0192037761819,15697,1749+096,0.94505006074905,86100,AP-N902-F303,0.017770232632756,0.017770232632756,78.779525756836,270.14999389648
27-APR-2025,7.0282316384969,15697,1749+096,0.9460055232048,86100,AP-N901-F303,0.017770232632756,0.017770232632756,99.054321289063,270.14999389648
27-APR-2025,7.0282316384969,15697,1749+096,0.9460055232048,86100,AP-N902-F303,0.017770232632756,0.017770232632756,78.779525756836,270.14999389648
27-APR-2025,7.0375372814461,15697,1749+096,0.94698268175125,86100,AP-N901-F303,0.017770232632756,0.017770232632756,99.054321289063,270.14999389648
27-APR-2025,7.0375372814461,15697,1749+096,0.94698268175125,86100,AP-N902-F303,0.017770232632756,0.017770232632756,78.779525756836,270.14999389648
27-APR-2025,7.0464262542299,15697,1749+096,0.94790917634964,86100,AP-N901-F303,0.017770232632756,0.017770232632756,99.054321289063,270.14999389648
27-APR-2025,7.0464262542299,15697,1749+096,0.94790917634964,86100,AP-N902-F303,0.017770232632756,0.017770232632756,78.779525756836,270.14999389648
27-APR-2025,7.2446225738545,15702,3C279,0.48849457502365,86100,AP-N901-F303,0.014965703710914,0.014965703710914,106.27291870117,269.64999389648
27-APR-2025,7.2446225738545,15702,3C279,0.48849457502365,86100,AP-N902-F303,0.017791748046875,0.017791748046875,85.111938476562,269.64999389648
27-APR-2025,7.2603171572445,15706,3C279,0.48472037911415,86100,AP-N901-F303,0.014965703710914,0.014965703710914,106.27291870117,269.64999389648
27-APR-2025,7.2603171572445,15706,3C279,0.48472037911415,86100,AP-N902-F303,0.017791748046875,0.017791748046875,85.111938476562,269.64999389648
27-APR-2025,7.269206131076,15706,3C279,0.4825824201107,86100,AP-N901-F303,0.014965703710914,0.014965703710914,106.27291870117,269.64999389648
27-APR-2025,7.269206131076,15706,3C279,0.4825824201107,86100,AP-N902-F303,0.017791748046875,0.017791748046875,85.111938476562,269.64999389648
27-APR-2025,7.2780951035105,15706,3C279,0.48044428229332,86100,AP-N901-F303,0.014965703710914,0.014965703710914,106.27291870117,269.64999389648
27-APR-2025,7.2780951035105,15706,3C279,0.48044428229332,86100,AP-N902-F303,0.017791748046875,0.017791748046875,85.111938476562,269.64999389648
27-APR-2025,7.286984077342,15706,3C279,0.47830587625504,86100,AP-N901-F303,0.014965703710914,0.014965703710914,106.27291870117,269.64999389648
27-APR-2025,7.286984077342,15706,3C279,0.47830587625504,86100,AP-N902-F303,0.017791748046875,0.017791748046875,85.111938476562,269.64999389648
27-APR-2025,7.2958730511735,15706,3C279,0.47616735100746,86100,AP-N901-F303,0.014965703710914,0.014965703710914,106.27291870117,269.64999389648
27-APR-2025,7.2958730511735,15706,3C279,0.47616735100746,86100,AP-N902-F303,0.017791748046875,0.017791748046875,85.111938476562,269.64999389648
27-APR-2025,7.4943471521308,15711,1749+096,0.98487913608551,86100,AP-N901-F303,0.018021315336227,0.018021315336227,102.95693206787,269.64999389648
27-APR-2025,7.4943471521308,15711,1749+096,0.98487913608551,86100,AP-N902-F303,0.018021315336227,0.018021315336227,82.527359008789,269.64999389648
27-APR-2025,7.5100417475698,15715,1749+096,0.98580604791641,86100,AP-N901-F303,0.018021315336227,0.018021315336227,102.95693206787,269.64999389648
27-APR-2025,7.5100417475698,15715,1749+096,0.98580604791641,86100,AP-N902-F303,0.018021315336227,0.018021315336227,82.527359008789,269.64999389648
27-APR-2025,7.5192085016862,15715,1749+096,0.98633527755737,86100,AP-N901-F303,0.018021315336227,0.018021315336227,102.95693206787,269.64999389648
27-APR-2025,7.5192085016862,15715,1749+096,0.98633527755737,86100,AP-N902-F303,0.018021315336227,0.018021315336227,82.527359008789,269.64999389648
27-APR-2025,7.528236363652,15715,1749+096,0.98684763908386,86100,AP-N901-F303,0.018021315336227,0.018021315336227,102.95693206787,269.64999389648
27-APR-2025,7.528236363652,15715,1749+096,0.98684763908386,86100,AP-N902-F303,0.018021315336227,0.018021315336227,82.527359008789,269.64999389648
27-APR-2025,7.5375420088713,15715,1749+096,0.98736655712128,86100,AP-N901-F303,0.018021315336227,0.018021315336227,102.95693206787,269.64999389648
27-APR-2025,7.5375420088713,15715,1749+096,0.98736655712128,86100,AP-N902-F303,0.018021315336227,0.018021315336227,82.527359008789,269.64999389648
27-APR-2025,7.54670876421,15715,1749+096,0.98786866664886,86100,AP-N901-F303,0.018021315336227,0.018021315336227,102.95693206787,269.64999389648
27-APR-2025,7.54670876421,15715,1749+096,0.98786866664886,86100,AP-N902-F303,0.018021315336227,0.018021315336227,82.527359008789,269.64999389648
27-APR-2025,7.7449050675948,15720,3C279,0.36792489886284,86100,AP-N901-F303,0.01584723033011,0.01584723033011,113.55198669434,269.04998779297
27-APR-2025,7.7449050675948,15720,3C279,0.36792489886284,86100,AP-N902-F303,0.017860598862171,0.017860598862171,92.050926208496,269.04998779297
27-APR-2025,7.7605996661769,15724,3C279,0.36413612961769,86100,AP-N901-F303,0.01584723033011,0.01584723033011,113.55198669434,269.04998779297
27-APR-2025,7.7605996661769,15724,3C279,0.36413612961769,86100,AP-N902-F303,0.017860598862171,0.017860598862171,92.050926208496,269.04998779297
27-APR-2025,7.7694886407069,15724,3C279,0.36199003458023,86100,AP-N901-F303,0.01584723033011,0.01584723033011,113.55198669434,269.04998779297
27-APR-2025,7.7694886407069,15724,3C279,0.36199003458023,86100,AP-N902-F303,0.017860598862171,0.017860598862171,92.050926208496,269.04998779297
27-APR-2025,7.7783776126176,15724,3C279,0.3598438501358,86100,AP-N901-F303,0.01584723033011,0.01584723033011,113.55198669434,269.04998779297
27-APR-2025,7.7783776126176,15724,3C279,0.3598438501358,86100,AP-N902-F303,0.017860598862171,0.017860598862171,92.050926208496,269.04998779297
27-APR-2025,7.7872665850521,15724,3C279,0.35769760608673,86100,AP-N901-F303,0.01584723033011,0.01584723033011,113.55198669434,269.04998779297
27-APR-2025,7.7872665850521,15724,3C279,0.35769760608673,86100,AP-N902-F303,0.017860598862171,0.017860598862171,92.050926208496,269.04998779297
27-APR-2025,7.7964333388193,15724,3C279,0.355484187603,86100,AP-N901-F303,0.01584723033011,0.01584723033011,113.55198669434,269.04998779297
27-APR-2025,7.7964333388193,15724,3C279,0.355484187603,86100,AP-N902-F303,0.017860598862171,0.017860598862171,92.050926208496,269.04998779297
27-APR-2025,7.9946296734615,15729,1749+096,1.000960111618,86100,AP-N901-F303,0.01788617298007,0.01788617298007,109.51396179199,269.85000610352
27-APR-2025,7.9946296734615,15729,1749+096,1.000960111618,86100,AP-N902-F303,0.01788617298007,0.01788617298007,88.860816955566,269.85000610352
27-APR-2025,8.0104631500498,15733,1749+096,1.001002907753,86100,AP-N901-F303,0.01788617298007,0.01788617298007,109.51396179199,269.85000610352
27-APR-2025,8.0104631500498,15733,1749+096,1.001002907753,86100,AP-N902-F303,0.01788617298007,0.01788617298007,88.860816955566,269.85000610352
27-APR-2025,8.0194910128887,15733,1749+096,1.0010141134262,86100,AP-N901-F303,0.01788617298007,0.01788617298007,109.51396179199,269.85000610352
27-APR-2025,8.0194910128887,15733,1749+096,1.0010141134262,86100,AP-N902-F303,0.01788617298007,0.01788617298007,88.860816955566,269.85000610352
27-APR-2025,8.0283799858471,15733,1749+096,1.0010161399841,86100,AP-N901-F303,0.01788617298007,0.01788617298007,109.51396179199,269.85000610352
27-APR-2025,8.0283799858471,15733,1749+096,1.0010161399841,86100,AP-N902-F303,0.01788617298007,0.01788617298007,88.860816955566,269.85000610352
27-APR-2025,8.0375467389158,15733,1749+096,1.001008272171,86100,AP-N901-F303,0.01788617298007,0.01788617298007,109.51396179199,269.85000610352
27-APR-2025,8.0375467389158,15733,1749+096,1.001008272171,86100,AP-N902-F303,0.01788617298007,0.01788617298007,88.860816955566,269.85000610352
27-APR-2025,8.0464357118742,15733,1749+096,1.0009915828705,86100,AP-N901-F303,0.01788617298007,0.01788617298007,109.51396179199,269.85000610352
27-APR-2025,8.0464357118742,15733,1749+096,1.0009915828705,86100,AP-N902-F303,0.01788617298007,0.01788617298007,88.860816955566,269.85000610352
27-APR-2025,8.2447245574063,15741,3C279,0.24718129634857,86100,AP-N901-F303,0.017940521240234,0.017940521240234,128.32695007324,269.64999389648
27-APR-2025,8.2447245574063,15741,3C279,0.24718129634857,86100,AP-N902-F303,0.016213733702898,0.016213733702898,104.57340240479,269.64999389648
27-APR-2025,8.2601413666232,15745,3C279,0.24345627427101,86100,AP-N901-F303,0.017940521240234,0.017940521240234,128.32695007324,269.64999389648
27-APR-2025,8.2601413666232,15745,3C279,0.24345627427101,86100,AP-N902-F303,0.016213733702898,0.016213733702898,104.57340240479,269.64999389648
27-APR-2025,8.2690303408039,15745,3C279,0.24130849540234,86100,AP-N901-F303,0.017940521240234,0.017940521240234,128.32695007324,269.64999389648
27-APR-2025,8.2690303408039,15745,3C279,0.24130849540234,86100,AP-N902-F303,0.016213733702898,0.016213733702898,104.57340240479,269.64999389648
27-APR-2025,8.2781970928248,15745,3C279,0.23909355700016,86100,AP-N901-F303,0.017940521240234,0.017940521240234,128.32695007324,269.64999389648
27-APR-2025,8.2781970928248,15745,3C279,0.23909355700016,86100,AP-N902-F303,0.016213733702898,0.016213733702898,104.57340240479,269.64999389648
27-APR-2025,8.2870860659578,15745,3C279,0.23694579303265,86100,AP-N901-F303,0.017940521240234,0.017940521240234,128.32695007324,269.64999389648
27-APR-2025,8.2870860659578,15745,3C279,0.23694579303265,86100,AP-N902-F303,0.016213733702898,0.016213733702898,104.57340240479,269.64999389648
27-APR-2025,8.2959750406625,15745,3C279,0.23479810357094,86100,AP-N901-F303,0.017940521240234,0.017940521240234,128.32695007324,269.64999389648
27-APR-2025,8.2959750406625,15745,3C279,0.23479810357094,86100,AP-N902-F303,0.016213733702898,0.016213733702898,104.57340240479,269.64999389648
27-APR-2025,8.4947269411132,15750,1749+096,0.98840576410294,86100,AP-N901-F303,0.018325479701161,0.018325479701161,123.76932525635,269.14999389648
27-APR-2025,8.4947269411132,15750,1749+096,0.98840576410294,86100,AP-N902-F303,0.018325479701161,0.018325479701161,102.73801422119,269.14999389648
27-APR-2025,8.5097270796408,15754,1749+096,0.98759543895721,86100,AP-N901-F303,0.018325479701161,0.018325479701161,123.76932525635,269.14999389648
27-APR-2025,8.5097270796408,15754,1749+096,0.98759543895721,86100,AP-N902-F303,0.018325479701161,0.018325479701161,102.73801422119,269.14999389648
27-APR-2025,8.5187549430036,15754,1749+096,0.98709625005722,86100,AP-N901-F303,0.018325479701161,0.018325479701161,123.76932525635,269.14999389648
27-APR-2025,8.5187549430036,15754,1749+096,0.98709625005722,86100,AP-N902-F303,0.018325479701161,0.018325479701161,102.73801422119,269.14999389648
27-APR-2025,8.5279216986916,15754,1749+096,0.9865802526474,86100,AP-N901-F303,0.018325479701161,0.018325479701161,123.76932525635,269.14999389648
27-APR-2025,8.5279216986916,15754,1749+096,0.9865802526474,86100,AP-N902-F303,0.018325479701161,0.018325479701161,102.73801422119,269.14999389648
27-APR-2025,8.5370884510618,15754,1749+096,0.98605531454086,86100,AP-N901-F303,0.018325479701161,0.018325479701161,123.76932525635,269.14999389648
27-APR-2025,8.5370884510618,15754,1749+096,0.98605531454086,86100,AP-N902-F303,0.018325479701161,0.018325479701161,102.73801422119,269.14999389648
27-APR-2025,8.5459774238455,15754,1749+096,0.98553758859634,86100,AP-N901-F303,0.018325479701161,0.018325479701161,123.76932525635,269.14999389648
27-APR-2025,8.5459774238455,15754,1749+096,0.98553758859634,86100,AP-N902-F303,0.018325479701161,0.018325479701161,102.73801422119,269.14999389648
27-APR-2025,8.7444515083882,15759,1749+096,0.97182261943817,86100,AP-N901-F303,0.018278060480952,0.018278060480952,103.47933959961,269.04998779297
27-APR-2025,8.7444515083882,15759,1749+096,0.97182261943817,86100,AP-N902-F303,0.018278060480952,0.018278060480952,80.381744384766,269.04998779297
27-APR-2025,8.7601461074943,15763,1749+096,0.9705662727356,86100,AP-N901-F303,0.018278060480952,0.018278060480952,103.47933959961,269.04998779297
27-APR-2025,8.7601461074943,15763,1749+096,0.9705662727356,86100,AP-N902-F303,0.018278060480952,0.018278060480952,80.381744384766,269.04998779297
27-APR-2025,8.7693128603883,15763,1749+096,0.96982133388519,86100,AP-N901-F303,0.018278060480952,0.018278060480952,103.47933959961,269.04998779297
27-APR-2025,8.7693128603883,15763,1749+096,0.96982133388519,86100,AP-N902-F303,0.018278060480952,0.018278060480952,80.381744384766,269.04998779297
27-APR-2025,8.7782018326482,15763,1749+096,0.96909111738205,86100,AP-N901-F303,0.018278060480952,0.018278060480952,103.47933959961,269.04998779297
27-APR-2025,8.7782018326482,15763,1749+096,0.96909111738205,86100,AP-N902-F303,0.018278060480952,0.018278060480952,80.381744384766,269.04998779297
27-APR-2025,8.7870908047335,15763,1749+096,0.9683530330658,86100,AP-N901-F303,0.018278060480952,0.018278060480952,103.47933959961,269.04998779297
27-APR-2025,8.7870908047335,15763,1749+096,0.9683530330658,86100,AP-N902-F303,0.018278060480952,0.018278060480952,80.381744384766,269.04998779297
27-APR-2025,8.7959797769934,15763,1749+096,0.96760714054108,86100,AP-N901-F303,0.018278060480952,0.018278060480952,103.47933959961,269.04998779297
27-APR-2025,8.7959797769934,15763,1749+096,0.96760714054108,86100,AP-N902-F303,0.018278060480952,0.018278060480952,80.381744384766,269.04998779297
27-APR-2025,8.9944538631078,15768,1749+096,0.94899904727936,86100,AP-N901-F303,0.018041832372546,0.018041832372546,103.64612579346,269.45001220703
27-APR-2025,8.9944538631078,15768,1749+096,0.94899904727936,86100,AP-N902-F303,0.018041832372546,0.018041832372546,80.642890930176,269.45001220703
27-APR-2025,9.010148454705,15772,1749+096,0.94737350940704,86100,AP-N901-F303,0.018041832372546,0.018041832372546,103.64612579346,269.45001220703
27-APR-2025,9.010148454705,15772,1749+096,0.94737350940704,86100,AP-N902-F303,0.018041832372546,0.018041832372546,80.642890930176,269.45001220703
27-APR-2025,9.0190374266157,15772,1749+096,0.9464430809021,86100,AP-N901-F303,0.018041832372546,0.018041832372546,103.64612579346,269.45001220703
27-APR-2025,9.0190374266157,15772,1749+096,0.9464430809021,86100,AP-N902-F303,0.018041832372546,0.018041832372546,80.642890930176,269.45001220703
27-APR-2025,9.0283430697395,15772,1749+096,0.94546145200729,86100,AP-N901-F303,0.018041832372546,0.018041832372546,103.64612579346,269.45001220703
27-APR-2025,9.0283430697395,15772,1749+096,0.94546145200729,86100,AP-N902-F303,0.018041832372546,0.018041832372546,80.642890930176,269.45001220703
27-APR-2025,9.0373709320545,15772,1749+096,0.94450205564499,86100,AP-N901-F303,0.018041832372546,0.018041832372546,103.64612579346,269.45001220703
27-APR-2025,9.0373709320545,15772,1749+096,0.94450205564499,86100,AP-N902-F303,0.018041832372546,0.018041832372546,80.642890930176,269.45001220703
27-APR-2025,9.0462599041398,15772,1749+096,0.94355040788651,86100,AP-N901-F303,0.018041832372546,0.018041832372546,103.64612579346,269.45001220703
27-APR-2025,9.0462599041398,15772,1749+096,0.94355040788651,86100,AP-N902-F303,0.018041832372546,0.018041832372546,80.642890930176,269.45001220703
27-APR-2025,9.2447339989853,15777,BLLAC,0.22395174205303,86100,AP-N901-F303,0.020518211647868,0.020518211647868,141.6611328125,269.54998779297
27-APR-2025,9.2447339989853,15777,BLLAC,0.22395174205303,86100,AP-N902-F303,0.018998518586159,0.018998518586159,116.78070068359,269.54998779297
27-APR-2025,9.2604285935511,15781,BLLAC,0.2259578704834,86100,AP-N901-F303,0.020518211647868,0.020518211647868,141.6611328125,269.54998779297
27-APR-2025,9.2604285935511,15781,BLLAC,0.2259578704834,86100,AP-N902-F303,0.018998518586159,0.018998518586159,116.78070068359,269.54998779297
27-APR-2025,9.2695953473183,15781,BLLAC,0.22712627053261,86100,AP-N901-F303,0.020518211647868,0.020518211647868,141.6611328125,269.54998779297
27-APR-2025,9.2695953473183,15781,BLLAC,0.22712627053261,86100,AP-N902-F303,0.018998518586159,0.018998518586159,116.78070068359,269.54998779297
27-APR-2025,9.2784843213244,15781,BLLAC,0.22825671732426,86100,AP-N901-F303,0.020518211647868,0.020518211647868,141.6611328125,269.54998779297
27-APR-2025,9.2784843213244,15781,BLLAC,0.22825671732426,86100,AP-N902-F303,0.018998518586159,0.018998518586159,116.78070068359,269.54998779297
27-APR-2025,9.2873732955052,15781,BLLAC,0.22938480973244,86100,AP-N901-F303,0.020518211647868,0.020518211647868,141.6611328125,269.54998779297
27-APR-2025,9.2873732955052,15781,BLLAC,0.22938480973244,86100,AP-N902-F303,0.018998518586159,0.018998518586159,116.78070068359,269.54998779297
27-APR-2025,9.2965400527648,15781,BLLAC,0.23054555058479,86100,AP-N901-F303,0.020518211647868,0.020518211647868,141.6611328125,269.54998779297
27-APR-2025,9.2965400527648,15781,BLLAC,0.23054555058479,86100,AP-N902-F303,0.018998518586159,0.018998518586159,116.78070068359,269.54998779297
27-APR-2025,9.4945266077557,15790,1921-293,1.460838675499,86100,AP-N901-F303,0.017935933545232,0.017935933545232,100.90782928467,269.35000610352
27-APR-2025,9.4945266077557,15790,1921-293,1.460838675499,86100,AP-N902-F303,0.017935933545232,0.017935933545232,77.640327453613,269.35000610352
27-APR-2025,9.5096656337191,15794,1921-293,1.4614565372467,86100,AP-N901-F303,0.017935933545232,0.017935933545232,100.90782928467,269.35000610352
27-APR-2025,9.5096656337191,15794,1921-293,1.4614565372467,86100,AP-N902-F303,0.017935933545232,0.017935933545232,77.640327453613,269.35000610352
27-APR-2025,9.5185546061536,15794,1921-293,1.4617673158646,86100,AP-N901-F303,0.017935933545232,0.017935933545232,100.90782928467,269.35000610352
27-APR-2025,9.5185546061536,15794,1921-293,1.4617673158646,86100,AP-N902-F303,0.017935933545232,0.017935933545232,77.640327453613,269.35000610352
27-APR-2025,9.5274435784135,15794,1921-293,1.4620387554169,86100,AP-N901-F303,0.017935933545232,0.017935933545232,100.90782928467,269.35000610352
27-APR-2025,9.5274435784135,15794,1921-293,1.4620387554169,86100,AP-N902-F303,0.017935933545232,0.017935933545232,77.640327453613,269.35000610352
27-APR-2025,9.5366103295613,15794,1921-293,1.4622770547867,86100,AP-N901-F303,0.017935933545232,0.017935933545232,100.90782928467,269.35000610352
27-APR-2025,9.5366103295613,15794,1921-293,1.4622770547867,86100,AP-N902-F303,0.017935933545232,0.017935933545232,77.640327453613,269.35000610352
27-APR-2025,9.545499301472,15794,1921-293,1.4624675512314,86100,AP-N901-F303,0.017935933545232,0.017935933545232,100.90782928467,269.35000610352
27-APR-2025,9.545499301472,15794,1921-293,1.4624675512314,86100,AP-N902-F303,0.017935933545232,0.017935933545232,77.640327453613,269.35000610352
27-APR-2025,9.7450844991216,15799,BLLAC,0.28400930762291,86100,AP-N901-F303,0.017612205818295,0.017612205818295,127.23648071289,269.45001220703
27-APR-2025,9.7450844991216,15799,BLLAC,0.28400930762291,86100,AP-N902-F303,0.017612205818295,0.017612205818295,103.58235168457,269.45001220703
27-APR-2025,9.7602235367848,15803,BLLAC,0.28569424152374,86100,AP-N901-F303,0.017612205818295,0.017612205818295,127.23648071289,269.45001220703
27-APR-2025,9.7602235367848,15803,BLLAC,0.28569424152374,86100,AP-N902-F303,0.017612205818295,0.017612205818295,103.58235168457,269.45001220703
27-APR-2025,9.7693902895042,15803,BLLAC,0.2867106795311,86100,AP-N901-F303,0.017612205818295,0.017612205818295,127.23648071289,269.45001220703
27-APR-2025,9.7693902895042,15803,BLLAC,0.2867106795311,86100,AP-N902-F303,0.017612205818295,0.017612205818295,103.58235168457,269.45001220703
27-APR-2025,9.7782792624626,15803,BLLAC,0.28769335150719,86100,AP-N901-F303,0.017612205818295,0.017612205818295,127.23648071289,269.45001220703
27-APR-2025,9.7782792624626,15803,BLLAC,0.28769335150719,86100,AP-N902-F303,0.017612205818295,0.017612205818295,103.58235168457,269.45001220703
27-APR-2025,9.7871682350718,15803,BLLAC,0.28867325186729,86100,AP-N901-F303,0.017612205818295,0.017612205818295,127.23648071289,269.45001220703
27-APR-2025,9.7871682350718,15803,BLLAC,0.28867325186729,86100,AP-N902-F303,0.017612205818295,0.017612205818295,103.58235168457,269.45001220703
27-APR-2025,9.796057209951,15803,BLLAC,0.28965044021606,86100,AP-N901-F303,0.017612205818295,0.017612205818295,127.23648071289,269.45001220703
27-APR-2025,9.796057209951,15803,BLLAC,0.28965044021606,86100,AP-N902-F303,0.017612205818295,0.017612205818295,103.58235168457,269.45001220703
27-APR-2025,9.9942535402276,15808,1749+096,0.80888879299164,86100,AP-N901-F303,0.017848564311862,0.017848564311862,104.97023773193,268.85000610352
27-APR-2025,9.9942535402276,15808,1749+096,0.80888879299164,86100,AP-N902-F303,0.017848564311862,0.017848564311862,81.486129760742,268.85000610352
28-APR-2025,2.4679226997406,16296,1308+326,0.58534646034241,89540,AP-N901-F303,0.013737725093961,0.013737725093961,120.21560668945,270.25
28-APR-2025,2.4679226997406,16296,1308+326,0.58534646034241,89540,AP-N902-F303,0.013920165598392,0.013920165598392,109.70110321045,270.25
