25-APR-2025,22.314739852659,14395,1156+295,0.22515515983105,86100,AP-N901-F303,0.019391609355807,0.019391609355807,154.31118774414,269.25
25-APR-2025,22.314739852659,14395,1156+295,0.22515515983105,86100,AP-N902-F303,0.022943761199713,0.022943761199713,129.94023132324,269.25
25-APR-2025,22.34460124193,14399,1156+295,0.23069350421429,86100,AP-N901-F303,0.019391609355807,0.019391609355807,154.31118774414,269.25
25-APR-2025,22.34460124193,14399,1156+295,0.23069350421429,86100,AP-N902-F303,0.022943761199713,0.022943761199713,129.94023132324,269.25
25-APR-2025,22.353490215936,14399,1156+295,0.23233850300312,86100,AP-N901-F303,0.019391609355807,0.019391609355807,154.31118774414,269.25
25-APR-2025,22.353490215936,14399,1156+295,0.23233850300312,86100,AP-N902-F303,0.022943761199713,0.022943761199713,129.94023132324,269.25
25-APR-2025,22.362379189767,14399,1156+295,0.23398181796074,86100,AP-N901-F303,0.019391609355807,0.019391609355807,154.31118774414,269.25
25-APR-2025,22.362379189767,14399,1156+295,0.23398181796074,86100,AP-N902-F303,0.022943761199713,0.022943761199713,129.94023132324,269.25
25-APR-2025,22.420574182765,14404,M87,0.2973455786705,86100,AP-N901-F303,0.021324539557099,0.021324539557099,134.2039642334,269.25
25-APR-2025,22.420574182765,14404,M87,0.2973455786705,86100,AP-N902-F303,0.021324539557099,0.021324539557099,107.89588928223,269.25
25-APR-2025,22.438768803388,14408,M87,0.30142620205879,86100,AP-N901-F303,0.021324539557099,0.021324539557099,134.2039642334,269.25
25-APR-2025,22.438768803388,14408,M87,0.30142620205879,86100,AP-N902-F303,0.021324539557099,0.021324539557099,107.89588928223,269.25
25-APR-2025,22.447657777918,14408,M87,0.30341830849648,86100,AP-N901-F303,0.021324539557099,0.021324539557099,134.2039642334,269.25
25-APR-2025,22.447657777918,14408,M87,0.30341830849648,86100,AP-N902-F303,0.021324539557099,0.021324539557099,107.89588928223,269.25
25-APR-2025,22.456963423137,14408,M87,0.30550268292427,86100,AP-N901-F303,0.021324539557099,0.021324539557099,134.2039642334,269.25
25-APR-2025,22.456963423137,14408,M87,0.30550268292427,86100,AP-N902-F303,0.021324539557099,0.021324539557099,107.89588928223,269.25
25-APR-2025,22.46599128615,14408,M87,0.30752396583557,86100,AP-N901-F303,0.021324539557099,0.021324539557099,134.2039642334,269.25
25-APR-2025,22.46599128615,14408,M87,0.30752396583557,86100,AP-N902-F303,0.021324539557099,0.021324539557099,107.89588928223,269.25
25-APR-2025,22.474880259807,14408,M87,0.30951318144798,86100,AP-N901-F303,0.021324539557099,0.021324539557099,134.2039642334,269.25
25-APR-2025,22.474880259807,14408,M87,0.30951318144798,86100,AP-N902-F303,0.021324539557099,0.021324539557099,107.89588928223,269.25
25-APR-2025,22.4840470134,14408,M87,0.31156358122826,86100,AP-N901-F303,0.021324539557099,0.021324539557099,134.2039642334,269.25
25-APR-2025,22.4840470134,14408,M87,0.31156358122826,86100,AP-N902-F303,0.021324539557099,0.021324539557099,107.89588928223,269.25
25-APR-2025,22.493213765945,14408,M87,0.31361284852028,86100,AP-N901-F303,0.021324539557099,0.021324539557099,134.2039642334,269.25
25-APR-2025,22.493213765945,14408,M87,0.31361284852028,86100,AP-N902-F303,0.021324539557099,0.021324539557099,107.89588928223,269.25
25-APR-2025,22.660576458055,14413,3C279,0.3928339779377,86100,AP-N901-F303,0.021383862942457,0.021383862942457,123.29852294922,268.85000610352
25-APR-2025,22.660576458055,14413,3C279,0.3928339779377,86100,AP-N902-F303,0.021383862942457,0.021383862942457,98.60033416748,268.85000610352
25-APR-2025,22.676548836573,14417,3C279,0.39668789505959,86100,AP-N901-F303,0.021383862942457,0.021383862942457,123.29852294922,268.85000610352
25-APR-2025,22.676548836573,14417,3C279,0.39668789505959,86100,AP-N902-F303,0.021383862942457,0.021383862942457,98.60033416748,268.85000610352
25-APR-2025,22.685437808833,14417,3C279,0.39883232116699,86100,AP-N901-F303,0.021383862942457,0.021383862942457,123.29852294922,268.85000610352
25-APR-2025,22.685437808833,14417,3C279,0.39883232116699,86100,AP-N902-F303,0.021383862942457,0.021383862942457,98.60033416748,268.85000610352
25-APR-2025,22.694604561727,14417,3C279,0.40104365348816,86100,AP-N901-F303,0.021383862942457,0.021383862942457,123.29852294922,268.85000610352
25-APR-2025,22.694604561727,14417,3C279,0.40104365348816,86100,AP-N902-F303,0.021383862942457,0.021383862942457,98.60033416748,268.85000610352
25-APR-2025,22.762382978483,14424,M87,0.37331065535545,86100,AP-N901-F303,0.021720042452216,0.021720042452216,125.35946655273,269.14999389648
25-APR-2025,22.762382978483,14424,M87,0.37331065535545,86100,AP-N902-F303,0.021720042452216,0.021720042452216,100.09015655518,269.14999389648
25-APR-2025,22.771271951616,14424,M87,0.37526538968086,86100,AP-N901-F303,0.021720042452216,0.021720042452216,125.35946655273,269.14999389648
25-APR-2025,22.771271951616,14424,M87,0.37526538968086,86100,AP-N902-F303,0.021720042452216,0.021720042452216,100.09015655518,269.14999389648
25-APR-2025,22.780438706431,14424,M87,0.37728005647659,86100,AP-N901-F303,0.021720042452216,0.021720042452216,125.35946655273,269.14999389648
25-APR-2025,22.780438706431,14424,M87,0.37728005647659,86100,AP-N902-F303,0.021720042452216,0.021720042452216,100.09015655518,269.14999389648
25-APR-2025,22.789327679389,14424,M87,0.37923255562782,86100,AP-N901-F303,0.021720042452216,0.021720042452216,125.35946655273,269.14999389648
25-APR-2025,22.789327679389,14424,M87,0.37923255562782,86100,AP-N902-F303,0.021720042452216,0.021720042452216,100.09015655518,269.14999389648
25-APR-2025,22.798494431585,14424,M87,0.38124480843544,86100,AP-N901-F303,0.021720042452216,0.021720042452216,125.35946655273,269.14999389648
25-APR-2025,22.798494431585,14424,M87,0.38124480843544,86100,AP-N902-F303,0.021720042452216,0.021720042452216,100.09015655518,269.14999389648
25-APR-2025,22.807661182732,14424,M87,0.38325589895248,86100,AP-N901-F303,0.021720042452216,0.021720042452216,125.35946655273,269.14999389648
25-APR-2025,22.807661182732,14424,M87,0.38325589895248,86100,AP-N902-F303,0.021720042452216,0.021720042452216,100.09015655518,269.14999389648
25-APR-2025,22.816550155691,14424,M87,0.38520488142967,86100,AP-N901-F303,0.021720042452216,0.021720042452216,125.35946655273,269.14999389648
25-APR-2025,22.816550155691,14424,M87,0.38520488142967,86100,AP-N902-F303,0.021720042452216,0.021720042452216,100.09015655518,269.14999389648
25-APR-2025,22.825716908585,14424,M87,0.38721352815628,86100,AP-N901-F303,0.021720042452216,0.021720042452216,125.35946655273,269.14999389648
25-APR-2025,22.825716908585,14424,M87,0.38721352815628,86100,AP-N902-F303,0.021720042452216,0.021720042452216,100.09015655518,269.14999389648
25-APR-2025,22.994948734526,14428,RT-VIR,0.3669106066227,86100,AP-N901-F303,0.021720042452216,0.021720042452216,125.35946655273,269.14999389648
25-APR-2025,22.994948734526,14428,RT-VIR,0.3669106066227,86100,AP-N902-F303,0.021720042452216,0.021720042452216,100.09015655518,269.14999389648
25-APR-2025,23.01092111025,14432,3C273,0.52532160282135,86100,AP-N901-F303,0.021720042452216,0.021720042452216,125.35946655273,269.14999389648
25-APR-2025,23.01092111025,14432,3C273,0.52532160282135,86100,AP-N902-F303,0.021720042452216,0.021720042452216,100.09015655518,269.14999389648
25-APR-2025,23.019810082336,14432,3C273,0.52737808227539,86100,AP-N901-F303,0.021720042452216,0.021720042452216,125.35946655273,269.14999389648
25-APR-2025,23.019810082336,14432,3C273,0.52737808227539,86100,AP-N902-F303,0.021720042452216,0.021720042452216,100.09015655518,269.14999389648
25-APR-2025,23.028976835055,14432,3C273,0.52949804067612,86100,AP-N901-F303,0.021720042452216,0.021720042452216,125.35946655273,269.14999389648
25-APR-2025,23.028976835055,14432,3C273,0.52949804067612,86100,AP-N902-F303,0.021720042452216,0.021720042452216,100.09015655518,269.14999389648
25-APR-2025,23.093144104964,14439,M87,0.44524109363556,86100,AP-N901-F303,0.022321339696646,0.022321339696646,119.02193450928,268.85000610352
25-APR-2025,23.093144104964,14439,M87,0.44524109363556,86100,AP-N902-F303,0.022321339696646,0.022321339696646,95.141609191895,268.85000610352
25-APR-2025,23.102033076875,14439,M87,0.44714975357056,86100,AP-N901-F303,0.022321339696646,0.022321339696646,119.02193450928,268.85000610352
25-APR-2025,23.102033076875,14439,M87,0.44714975357056,86100,AP-N902-F303,0.022321339696646,0.022321339696646,95.141609191895,268.85000610352
25-APR-2025,23.110922049135,14439,M87,0.44905707240105,86100,AP-N901-F303,0.022321339696646,0.022321339696646,119.02193450928,268.85000610352
25-APR-2025,23.110922049135,14439,M87,0.44905707240105,86100,AP-N902-F303,0.022321339696646,0.022321339696646,95.141609191895,268.85000610352
25-APR-2025,23.119811021045,14439,M87,0.45096299052238,86100,AP-N901-F303,0.022321339696646,0.022321339696646,119.02193450928,268.85000610352
25-APR-2025,23.119811021045,14439,M87,0.45096299052238,86100,AP-N902-F303,0.022321339696646,0.022321339696646,95.141609191895,268.85000610352
25-APR-2025,23.128699992956,14439,M87,0.45286756753922,86100,AP-N901-F303,0.022321339696646,0.022321339696646,119.02193450928,268.85000610352
25-APR-2025,23.128699992956,14439,M87,0.45286756753922,86100,AP-N902-F303,0.022321339696646,0.022321339696646,95.141609191895,268.85000610352
25-APR-2025,23.137588964343,14439,M87,0.45477074384689,86100,AP-N901-F303,0.022321339696646,0.022321339696646,119.02193450928,268.85000610352
25-APR-2025,23.137588964343,14439,M87,0.45477074384689,86100,AP-N902-F303,0.022321339696646,0.022321339696646,95.141609191895,268.85000610352
25-APR-2025,23.146755716189,14439,M87,0.45673188567162,86100,AP-N901-F303,0.022321339696646,0.022321339696646,119.02193450928,268.85000610352
25-APR-2025,23.146755716189,14439,M87,0.45673188567162,86100,AP-N902-F303,0.022321339696646,0.022321339696646,95.141609191895,268.85000610352
25-APR-2025,23.327729633179,14444,3C273,0.59808951616287,86100,AP-N901-F303,0.021889191120863,0.021889191120863,110.6633605957,268.64999389648
25-APR-2025,23.327729633179,14444,3C273,0.59808951616287,86100,AP-N902-F303,0.021889191120863,0.021889191120863,87.888053894043,268.64999389648
25-APR-2025,23.343285330356,14448,3C273,0.60163193941116,86100,AP-N901-F303,0.021889191120863,0.021889191120863,110.6633605957,268.64999389648
25-APR-2025,23.343285330356,14448,3C273,0.60163193941116,86100,AP-N902-F303,0.021889191120863,0.021889191120863,87.888053894043,268.64999389648
25-APR-2025,23.352590975226,14448,3C273,0.60374969244003,86100,AP-N901-F303,0.021889191120863,0.021889191120863,110.6633605957,268.64999389648
25-APR-2025,23.352590975226,14448,3C273,0.60374969244003,86100,AP-N902-F303,0.021889191120863,0.021889191120863,87.888053894043,268.64999389648
25-APR-2025,23.361757729691,14448,3C273,0.60583478212357,86100,AP-N901-F303,0.021889191120863,0.021889191120863,110.6633605957,268.64999389648
25-APR-2025,23.361757729691,14448,3C273,0.60583478212357,86100,AP-N902-F303,0.021889191120863,0.021889191120863,87.888053894043,268.64999389648
25-APR-2025,23.426758335391,14455,M87,0.51587772369385,86100,AP-N901-F303,0.021735327318311,0.021735327318311,113.60642242432,268.75
25-APR-2025,23.426758335391,14455,M87,0.51587772369385,86100,AP-N902-F303,0.021735327318311,0.021735327318311,90.428314208984,268.75
25-APR-2025,23.435925087237,14455,M87,0.51778769493103,86100,AP-N901-F303,0.021735327318311,0.021735327318311,113.60642242432,268.75
25-APR-2025,23.435925087237,14455,M87,0.51778769493103,86100,AP-N902-F303,0.021735327318311,0.021735327318311,90.428314208984,268.75
25-APR-2025,23.444814059672,14455,M87,0.51963812112808,86100,AP-N901-F303,0.021735327318311,0.021735327318311,113.60642242432,268.75
25-APR-2025,23.444814059672,14455,M87,0.51963812112808,86100,AP-N902-F303,0.021735327318311,0.021735327318311,90.428314208984,268.75
25-APR-2025,23.453980811518,14455,M87,0.52154451608658,86100,AP-N901-F303,0.021735327318311,0.021735327318311,113.60642242432,268.75
25-APR-2025,23.453980811518,14455,M87,0.52154451608658,86100,AP-N902-F303,0.021735327318311,0.021735327318311,90.428314208984,268.75
25-APR-2025,23.462869783778,14455,M87,0.52339142560959,86100,AP-N901-F303,0.021735327318311,0.021735327318311,113.60642242432,268.75
25-APR-2025,23.462869783778,14455,M87,0.52339142560959,86100,AP-N902-F303,0.021735327318311,0.021735327318311,90.428314208984,268.75
25-APR-2025,23.471758755863,14455,M87,0.52523666620255,86100,AP-N901-F303,0.021735327318311,0.021735327318311,113.60642242432,268.75
25-APR-2025,23.471758755863,14455,M87,0.52523666620255,86100,AP-N902-F303,0.021735327318311,0.021735327318311,90.428314208984,268.75
25-APR-2025,23.480647728123,14455,M87,0.5270801782608,86100,AP-N901-F303,0.021735327318311,0.021735327318311,113.60642242432,268.75
25-APR-2025,23.480647728123,14455,M87,0.5270801782608,86100,AP-N902-F303,0.021735327318311,0.021735327318311,90.428314208984,268.75
25-APR-2025,23.489536699161,14455,M87,0.52892196178436,86100,AP-N901-F303,0.021735327318311,0.021735327318311,113.60642242432,268.75
25-APR-2025,23.489536699161,14455,M87,0.52892196178436,86100,AP-N902-F303,0.021735327318311,0.021735327318311,90.428314208984,268.75
25-APR-2025,23.661343865701,14460,3C279,0.6330069899559,86100,AP-N901-F303,0.021168317645788,0.021168317645788,108.18402099609,268.75
25-APR-2025,23.661343865701,14460,3C279,0.6330069899559,86100,AP-N902-F303,0.021168317645788,0.021168317645788,85.746208190918,268.75
25-APR-2025,23.676621779974,14464,3C279,0.63664281368256,86100,AP-N901-F303,0.021168317645788,0.021168317645788,108.18402099609,268.75
25-APR-2025,23.676621779974,14464,3C279,0.63664281368256,86100,AP-N902-F303,0.021168317645788,0.021168317645788,85.746208190918,268.75
25-APR-2025,23.685649641939,14464,3C279,0.63879060745239,86100,AP-N901-F303,0.021168317645788,0.021168317645788,108.18402099609,268.75
25-APR-2025,23.685649641939,14464,3C279,0.63879060745239,86100,AP-N902-F303,0.021168317645788,0.021168317645788,85.746208190918,268.75
25-APR-2025,23.694538614025,14464,3C279,0.64090490341187,86100,AP-N901-F303,0.021168317645788,0.021168317645788,108.18402099609,268.75
25-APR-2025,23.694538614025,14464,3C279,0.64090490341187,86100,AP-N902-F303,0.021168317645788,0.021168317645788,85.746208190918,268.75
25-APR-2025,23.76148368556,14471,M87,0.58439004421234,86100,AP-N901-F303,0.021469103172421,0.021469103172421,109.6272354126,266.64999389648
25-APR-2025,23.76148368556,14471,M87,0.58439004421234,86100,AP-N902-F303,0.021469103172421,0.021469103172421,86.88289642334,266.64999389648
25-APR-2025,23.770372657646,14471,M87,0.58617258071899,86100,AP-N901-F303,0.021469103172421,0.021469103172421,109.6272354126,266.64999389648
25-APR-2025,23.770372657646,14471,M87,0.58617258071899,86100,AP-N902-F303,0.021469103172421,0.021469103172421,86.88289642334,266.64999389648
25-APR-2025,23.779539411937,14471,M87,0.58800864219666,86100,AP-N901-F303,0.021469103172421,0.021469103172421,109.6272354126,266.64999389648
25-APR-2025,23.779539411937,14471,M87,0.58800864219666,86100,AP-N902-F303,0.021469103172421,0.021469103172421,86.88289642334,266.64999389648
25-APR-2025,23.788706164307,14471,M87,0.5898425579071,86100,AP-N901-F303,0.021469103172421,0.021469103172421,109.6272354126,266.64999389648
25-APR-2025,23.788706164307,14471,M87,0.5898425579071,86100,AP-N902-F303,0.021469103172421,0.021469103172421,86.88289642334,266.64999389648
25-APR-2025,23.797595136217,14471,M87,0.59161877632141,86100,AP-N901-F303,0.021469103172421,0.021469103172421,109.6272354126,266.64999389648
25-APR-2025,23.797595136217,14471,M87,0.59161877632141,86100,AP-N902-F303,0.021469103172421,0.021469103172421,86.88289642334,266.64999389648
25-APR-2025,23.806484108128,14471,M87,0.59339290857315,86100,AP-N901-F303,0.021469103172421,0.021469103172421,109.6272354126,266.64999389648
25-APR-2025,23.806484108128,14471,M87,0.59339290857315,86100,AP-N902-F303,0.021469103172421,0.021469103172421,86.88289642334,266.64999389648
25-APR-2025,23.815373080563,14471,M87,0.59516489505768,86100,AP-N901-F303,0.021469103172421,0.021469103172421,109.6272354126,266.64999389648
25-APR-2025,23.815373080563,14471,M87,0.59516489505768,86100,AP-N902-F303,0.021469103172421,0.021469103172421,86.88289642334,266.64999389648
25-APR-2025,23.994124753178,14476,3C273,0.74654394388199,86100,AP-N901-F303,0.020081648603082,0.020081648603082,103.57913970947,268.75
25-APR-2025,23.994124753178,14476,3C273,0.74654394388199,86100,AP-N902-F303,0.020081648603082,0.020081648603082,81.934524536133,268.75
26-APR-2025,0.018708528547112,14480,3C273,0.75186544656754,86100,AP-N901-F303,0.020081648603082,0.020081648603082,103.57913970947,268.75
26-APR-2025,0.018708528547112,14480,3C273,0.75186544656754,86100,AP-N902-F303,0.020081648603082,0.020081648603082,81.934524536133,268.75
26-APR-2025,0.027597500981634,14480,3C273,0.75378638505936,86100,AP-N901-F303,0.020081648603082,0.020081648603082,103.57913970947,268.75
26-APR-2025,0.027597500981634,14480,3C273,0.75378638505936,86100,AP-N902-F303,0.020081648603082,0.020081648603082,81.934524536133,268.75
26-APR-2025,0.074125721664704,14485,M87,0.64577317237854,86100,AP-N901-F303,0,0,114.07521820068,268.75
26-APR-2025,0.074125721664704,14485,M87,0.64577317237854,86100,AP-N902-F303,0,0,91.078651428223,268.75
26-APR-2025,0.09009808638733,14489,M87,0.64883160591125,86100,AP-N901-F303,0,0,114.07521820068,268.75
26-APR-2025,0.09009808638733,14489,M87,0.64883160591125,86100,AP-N902-F303,0,0,91.078651428223,268.75
26-APR-2025,0.099264838233633,14489,M87,0.65058320760727,86100,AP-N901-F303,0,0,114.07521820068,268.75
26-APR-2025,0.099264838233633,14489,M87,0.65058320760727,86100,AP-N902-F303,0,0,91.078651428223,268.75
26-APR-2025,0.10815381084278,14489,M87,0.65227925777435,86100,AP-N901-F303,0,0,114.07521820068,268.75
26-APR-2025,0.10815381084278,14489,M87,0.65227925777435,86100,AP-N902-F303,0,0,91.078651428223,268.75
26-APR-2025,0.11704278205494,14489,M87,0.65397268533707,86100,AP-N901-F303,0,0,114.07521820068,268.75
26-APR-2025,0.11704278205494,14489,M87,0.65397268533707,86100,AP-N902-F303,0,0,91.078651428223,268.75
26-APR-2025,0.12620953634596,14489,M87,0.65571641921997,86100,AP-N901-F303,0,0,114.07521820068,268.75
26-APR-2025,0.12620953634596,14489,M87,0.65571641921997,86100,AP-N902-F303,0,0,91.078651428223,268.75
26-APR-2025,0.13509850790737,14489,M87,0.65740472078323,86100,AP-N901-F303,0,0,114.07521820068,268.75
26-APR-2025,0.13509850790737,14489,M87,0.65740472078323,86100,AP-N902-F303,0,0,91.078651428223,268.75
26-APR-2025,0.14426525870594,14489,M87,0.65914309024811,86100,AP-N901-F303,0,0,114.07521820068,268.75
26-APR-2025,0.14426525870594,14489,M87,0.65914309024811,86100,AP-N902-F303,0,0,91.078651428223,268.75
26-APR-2025,0.15343201055224,14489,M87,0.66087865829468,86100,AP-N901-F303,0,0,114.07521820068,268.75
26-APR-2025,0.15343201055224,14489,M87,0.66087865829468,86100,AP-N902-F303,0,0,91.078651428223,268.75
26-APR-2025,0.32721110815523,14497,3C273,0.81742268800735,86100,AP-N901-F303,0.019608715549111,0.019608715549111,101.28261566162,266.64999389648
26-APR-2025,0.32721110815523,14497,3C273,0.81742268800735,86100,AP-N902-F303,0.019608715549111,0.019608715549111,79.821601867676,266.64999389648
26-APR-2025,0.34373903973408,14501,3C273,0.82086443901062,86100,AP-N901-F303,0.019608715549111,0.019608715549111,101.28261566162,266.64999389648
26-APR-2025,0.34373903973408,14501,3C273,0.82086443901062,86100,AP-N902-F303,0.019608715549111,0.019608715549111,79.821601867676,266.64999389648
26-APR-2025,0.35262801234322,14501,3C273,0.82271218299866,86100,AP-N901-F303,0.019608715549111,0.019608715549111,101.28261566162,266.64999389648
26-APR-2025,0.35262801234322,14501,3C273,0.82271218299866,86100,AP-N902-F303,0.019608715549111,0.019608715549111,79.821601867676,266.64999389648
26-APR-2025,0.36151698338076,14501,3C273,0.82455760240555,86100,AP-N901-F303,0.019608715549111,0.019608715549111,101.28261566162,266.64999389648
26-APR-2025,0.36151698338076,14501,3C273,0.82455760240555,86100,AP-N902-F303,0.019608715549111,0.019608715549111,79.821601867676,266.64999389648
26-APR-2025,0.40637851327406,14506,M87,0.70761829614639,86100,AP-N901-F303,0,0,111.07735443115,266.64999389648
26-APR-2025,0.40637851327406,14506,M87,0.70761829614639,86100,AP-N902-F303,0,0,88.167442321777,266.64999389648
26-APR-2025,0.42373978483448,14510,M87,0.71073973178864,86100,AP-N901-F303,0,0,111.07735443115,266.64999389648
26-APR-2025,0.42373978483448,14510,M87,0.71073973178864,86100,AP-N902-F303,0,0,88.167442321777,266.64999389648
26-APR-2025,0.43290653668078,14510,M87,0.71238315105438,86100,AP-N901-F303,0,0,111.07735443115,266.64999389648
26-APR-2025,0.43290653668078,14510,M87,0.71238315105438,86100,AP-N902-F303,0,0,88.167442321777,266.64999389648
26-APR-2025,0.44207328817784,14510,M87,0.71402329206467,86100,AP-N901-F303,0,0,111.07735443115,266.64999389648
26-APR-2025,0.44207328817784,14510,M87,0.71402329206467,86100,AP-N902-F303,0,0,88.167442321777,266.64999389648
26-APR-2025,0.45096225991387,14510,M87,0.71561056375504,86100,AP-N901-F303,0,0,111.07735443115,266.64999389648
26-APR-2025,0.45096225991387,14510,M87,0.71561056375504,86100,AP-N902-F303,0,0,88.167442321777,266.64999389648
26-APR-2025,0.45985123217377,14510,M87,0.71719461679459,86100,AP-N901-F303,0,0,111.07735443115,266.64999389648
26-APR-2025,0.45985123217377,14510,M87,0.71719461679459,86100,AP-N902-F303,0,0,88.167442321777,266.64999389648
26-APR-2025,0.46874020425904,14510,M87,0.71877551078796,86100,AP-N901-F303,0,0,111.07735443115,266.64999389648
26-APR-2025,0.46874020425904,14510,M87,0.71877551078796,86100,AP-N902-F303,0,0,88.167442321777,266.64999389648
26-APR-2025,0.47790695680384,14510,M87,0.72040247917175,86100,AP-N901-F303,0,0,111.07735443115,266.64999389648
26-APR-2025,0.47790695680384,14510,M87,0.72040247917175,86100,AP-N902-F303,0,0,88.167442321777,266.64999389648
26-APR-2025,0.48679592888911,14510,M87,0.72197693586349,86100,AP-N901-F303,0,0,111.07735443115,266.64999389648
26-APR-2025,0.48679592888911,14510,M87,0.72197693586349,86100,AP-N902-F303,0,0,88.167442321777,266.64999389648
26-APR-2025,0.6608253267077,14515,3C279,0.8668891787529,86100,AP-N901-F303,0.019063144922256,0.019063144922256,99.371078491211,266.95001220703
26-APR-2025,0.6608253267077,14515,3C279,0.8668891787529,86100,AP-N902-F303,0.019063144922256,0.019063144922256,78.062889099121,266.95001220703
26-APR-2025,0.67624214517962,14519,3C279,0.87040811777115,86100,AP-N901-F303,0.019063144922256,0.019063144922256,99.371078491211,266.95001220703
26-APR-2025,0.67624214517962,14519,3C279,0.87040811777115,86100,AP-N902-F303,0.019063144922256,0.019063144922256,78.062889099121,266.95001220703
26-APR-2025,0.6854088968513,14519,3C279,0.872498691082,86100,AP-N901-F303,0.019063144922256,0.019063144922256,99.371078491211,266.95001220703
26-APR-2025,0.6854088968513,14519,3C279,0.872498691082,86100,AP-N902-F303,0.019063144922256,0.019063144922256,78.062889099121,266.95001220703
26-APR-2025,0.69429786963507,14519,3C279,0.87452465295792,86100,AP-N901-F303,0.019063144922256,0.019063144922256,99.371078491211,266.95001220703
26-APR-2025,0.69429786963507,14519,3C279,0.87452465295792,86100,AP-N902-F303,0.019063144922256,0.019063144922256,78.062889099121,266.95001220703
26-APR-2025,0.74027052189031,14524,M87,0.76544636487961,86100,AP-N901-F303,0,0,109.55646514893,266.85000610352
26-APR-2025,0.74027052189031,14524,M87,0.76544636487961,86100,AP-N902-F303,0,0,86.842849731445,266.85000610352
26-APR-2025,0.75790957687884,14528,M87,0.76836252212524,86100,AP-N901-F303,0,0,109.55646514893,266.85000610352
26-APR-2025,0.75790957687884,14528,M87,0.76836252212524,86100,AP-N902-F303,0,0,86.842849731445,266.85000610352
26-APR-2025,0.76707632820128,14528,M87,0.76987200975418,86100,AP-N901-F303,0,0,109.55646514893,266.85000610352
26-APR-2025,0.76707632820128,14528,M87,0.76987200975418,86100,AP-N902-F303,0,0,86.842849731445,266.85000610352
26-APR-2025,0.7759653006358,14528,M87,0.77133202552795,86100,AP-N901-F303,0,0,109.55646514893,266.85000610352
26-APR-2025,0.7759653006358,14528,M87,0.77133202552795,86100,AP-N902-F303,0,0,86.842849731445,266.85000610352
26-APR-2025,0.78485427254645,14528,M87,0.77278810739517,86100,AP-N901-F303,0,0,109.55646514893,266.85000610352
26-APR-2025,0.78485427254645,14528,M87,0.77278810739517,86100,AP-N902-F303,0,0,86.842849731445,266.85000610352
26-APR-2025,0.79374324463173,14528,M87,0.77424031496048,86100,AP-N901-F303,0,0,109.55646514893,266.85000610352
26-APR-2025,0.79374324463173,14528,M87,0.77424031496048,86100,AP-N902-F303,0,0,86.842849731445,266.85000610352
26-APR-2025,0.802632216717,14528,M87,0.77568864822388,86100,AP-N901-F303,0,0,109.55646514893,266.85000610352
26-APR-2025,0.802632216717,14528,M87,0.77568864822388,86100,AP-N902-F303,0,0,86.842849731445,266.85000610352
26-APR-2025,0.8115211889769,14528,M87,0.77713304758072,86100,AP-N901-F303,0,0,109.55646514893,266.85000610352
26-APR-2025,0.8115211889769,14528,M87,0.77713304758072,86100,AP-N902-F303,0,0,86.842849731445,266.85000610352
26-APR-2025,0.99393717415195,14537,3C273,0.94867408275604,86100,AP-N901-F303,0.018947819247842,0.018947819247842,105.28469848633,266.85000610352
26-APR-2025,0.99393717415195,14537,3C273,0.94867408275604,86100,AP-N902-F303,0.018947819247842,0.018947819247842,81.703155517578,266.85000610352
26-APR-2025,1.0099095439386,14541,3C273,0.95158618688583,86100,AP-N901-F303,0.018947819247842,0.018947819247842,105.28469848633,266.85000610352
26-APR-2025,1.0099095439386,14541,3C273,0.95158618688583,86100,AP-N902-F303,0.018947819247842,0.018947819247842,81.703155517578,266.85000610352
26-APR-2025,1.0190762985789,14541,3C273,0.95325171947479,86100,AP-N901-F303,0.018947819247842,0.018947819247842,105.28469848633,266.85000610352
26-APR-2025,1.0190762985789,14541,3C273,0.95325171947479,86100,AP-N902-F303,0.018947819247842,0.018947819247842,81.703155517578,266.85000610352
26-APR-2025,1.0282430497267,14541,3C273,0.95491284132004,86100,AP-N901-F303,0.018947819247842,0.018947819247842,105.28469848633,266.85000610352
26-APR-2025,1.0282430497267,14541,3C273,0.95491284132004,86100,AP-N902-F303,0.018947819247842,0.018947819247842,81.703155517578,266.85000610352
26-APR-2025,1.0733823551901,14546,M87,0.81781983375549,86100,AP-N901-F303,0,0,108.25521087646,266.75
26-APR-2025,1.0733823551901,14546,M87,0.81781983375549,86100,AP-N902-F303,0,0,85.837135314941,266.75
26-APR-2025,1.0901880735149,14550,M87,0.82030034065247,86100,AP-N901-F303,0,0,108.25521087646,266.75
26-APR-2025,1.0901880735149,14550,M87,0.82030034065247,86100,AP-N902-F303,0,0,85.837135314941,266.75
26-APR-2025,1.0990770452509,14550,M87,0.82160568237305,86100,AP-N901-F303,0,0,108.25521087646,266.75
26-APR-2025,1.0990770452509,14550,M87,0.82160568237305,86100,AP-N902-F303,0,0,85.837135314941,266.75
26-APR-2025,1.1079660169869,14550,M87,0.82290637493134,86100,AP-N901-F303,0,0,108.25521087646,266.75
26-APR-2025,1.1079660169869,14550,M87,0.82290637493134,86100,AP-N902-F303,0,0,85.837135314941,266.75
26-APR-2025,1.1172716588884,14550,M87,0.82426291704178,86100,AP-N901-F303,0,0,108.25521087646,266.75
26-APR-2025,1.1172716588884,14550,M87,0.82426291704178,86100,AP-N902-F303,0,0,85.837135314941,266.75
26-APR-2025,1.1265772999167,14550,M87,0.82561427354813,86100,AP-N901-F303,0,0,108.25521087646,266.75
26-APR-2025,1.1265772999167,14550,M87,0.82561427354813,86100,AP-N902-F303,0,0,85.837135314941,266.75
26-APR-2025,1.1354662723512,14550,M87,0.8269003033638,86100,AP-N901-F303,0,0,108.25521087646,266.75
26-APR-2025,1.1354662723512,14550,M87,0.8269003033638,86100,AP-N902-F303,0,0,85.837135314941,266.75
26-APR-2025,1.1443552442619,14550,M87,0.82818156480789,86100,AP-N901-F303,0,0,108.25521087646,266.75
26-APR-2025,1.1443552442619,14550,M87,0.82818156480789,86100,AP-N902-F303,0,0,85.837135314941,266.75
26-APR-2025,1.1535219985529,14550,M87,0.82949769496918,86100,AP-N901-F303,0,0,108.25521087646,266.75
26-APR-2025,1.1535219985529,14550,M87,0.82949769496918,86100,AP-N902-F303,0,0,85.837135314941,266.75
26-APR-2025,1.3272736262147,14555,3C273,1.0064512491226,86100,AP-N901-F303,0.018504712730646,0.018504712730646,104.36078643799,267.85000610352
26-APR-2025,1.3272736262147,14555,3C273,1.0064512491226,86100,AP-N902-F303,0.018504712730646,0.018504712730646,80.029586791992,267.85000610352
26-APR-2025,1.3432459942552,14559,3C273,1.0090444087982,86100,AP-N901-F303,0.018504712730646,0.018504712730646,104.36078643799,267.85000610352
26-APR-2025,1.3432459942552,14559,3C273,1.0090444087982,86100,AP-N902-F303,0.018504712730646,0.018504712730646,80.029586791992,267.85000610352
26-APR-2025,1.3524127468,14559,3C273,1.0105249881744,86100,AP-N901-F303,0.018504712730646,0.018504712730646,104.36078643799,267.85000610352
26-APR-2025,1.3524127468,14559,3C273,1.0105249881744,86100,AP-N902-F303,0.018504712730646,0.018504712730646,80.029586791992,267.85000610352
26-APR-2025,1.3615795012656,14559,3C273,1.0119997262955,86100,AP-N901-F303,0.018504712730646,0.018504712730646,104.36078643799,267.85000610352
26-APR-2025,1.3615795012656,14559,3C273,1.0119997262955,86100,AP-N902-F303,0.018504712730646,0.018504712730646,80.029586791992,267.85000610352
26-APR-2025,1.406163253668,14564,M87,0.86364758014679,86100,AP-N901-F303,0,0,107.90552520752,268.64999389648
26-APR-2025,1.406163253668,14564,M87,0.86364758014679,86100,AP-N902-F303,0,0,85.055641174316,268.64999389648
26-APR-2025,1.4240800857982,14568,M87,0.8659051656723,86100,AP-N901-F303,0,0,107.90552520752,268.64999389648
26-APR-2025,1.4240800857982,14568,M87,0.8659051656723,86100,AP-N902-F303,0,0,85.055641174316,268.64999389648
26-APR-2025,14.244548705112,15028,3C120,0.31325235962868,86100,AP-N901-F303,0.016085116192698,0.016085116192698,125.86611938477,277.35000610352
26-APR-2025,14.244548705112,15028,3C120,0.31325235962868,86100,AP-N902-F303,0.016085116192698,0.016085116192698,100.61451721191,277.35000610352
26-APR-2025,14.259687735266,15032,3C120,0.31679800152779,86100,AP-N901-F303,0.016085116192698,0.016085116192698,125.86611938477,277.35000610352
26-APR-2025,14.259687735266,15032,3C120,0.31679800152779,86100,AP-N902-F303,0.016085116192698,0.016085116192698,100.61451721191,277.35000610352
26-APR-2025,14.268854491653,15032,3C120,0.31894415616989,86100,AP-N901-F303,0.016085116192698,0.016085116192698,125.86611938477,277.35000610352
26-APR-2025,14.268854491653,15032,3C120,0.31894415616989,86100,AP-N902-F303,0.016085116192698,0.016085116192698,100.61451721191,277.35000610352
26-APR-2025,14.277743467405,15032,3C120,0.32102459669113,86100,AP-N901-F303,0.016085116192698,0.016085116192698,125.86611938477,277.35000610352
26-APR-2025,14.277743467405,15032,3C120,0.32102459669113,86100,AP-N902-F303,0.016085116192698,0.016085116192698,100.61451721191,277.35000610352
26-APR-2025,14.286910220474,15032,3C120,0.32316955924034,86100,AP-N901-F303,0.016085116192698,0.016085116192698,125.86611938477,277.35000610352
26-APR-2025,14.286910220474,15032,3C120,0.32316955924034,86100,AP-N902-F303,0.016085116192698,0.016085116192698,100.61451721191,277.35000610352
26-APR-2025,14.29607697686,15032,3C120,0.32531386613846,86100,AP-N901-F303,0.016085116192698,0.016085116192698,125.86611938477,277.35000610352
26-APR-2025,14.29607697686,15032,3C120,0.32531386613846,86100,AP-N902-F303,0.016085116192698,0.016085116192698,100.61451721191,277.35000610352
26-APR-2025,14.305243730453,15032,3C120,0.32745748758316,86100,AP-N901-F303,0.016085116192698,0.016085116192698,125.86611938477,277.35000610352
26-APR-2025,14.305243730453,15032,3C120,0.32745748758316,86100,AP-N902-F303,0.016085116192698,0.016085116192698,100.61451721191,277.35000610352
26-APR-2025,14.314132704808,15032,3C120,0.32953557372093,86100,AP-N901-F303,0.016085116192698,0.016085116192698,125.86611938477,277.35000610352
26-APR-2025,14.314132704808,15032,3C120,0.32953557372093,86100,AP-N902-F303,0.016085116192698,0.016085116192698,100.61451721191,277.35000610352
26-APR-2025,14.323021677592,15032,3C120,0.3316131234169,86100,AP-N901-F303,0.016085116192698,0.016085116192698,125.86611938477,277.35000610352
26-APR-2025,14.323021677592,15032,3C120,0.3316131234169,86100,AP-N902-F303,0.016085116192698,0.016085116192698,100.61451721191,277.35000610352
26-APR-2025,1.4329690577089,14568,M87,0.86701679229736,86100,AP-N901-F303,0,0,107.90552520752,268.64999389648
26-APR-2025,1.4329690577089,14568,M87,0.86701679229736,86100,AP-N902-F303,0,0,85.055641174316,268.64999389648
26-APR-2025,1.4418580299688,14568,M87,0.86812269687653,86100,AP-N901-F303,0,0,107.90552520752,268.64999389648
26-APR-2025,1.4418580299688,14568,M87,0.86812269687653,86100,AP-N902-F303,0,0,85.055641174316,268.64999389648
26-APR-2025,14.494273311503,15037,0420-014,0.46226531267166,86100,AP-N901-F303,0.01624315418303,0.01624315418303,116.05684661865,276.35000610352
26-APR-2025,14.494273311503,15037,0420-014,0.46226531267166,86100,AP-N902-F303,0.01624315418303,0.01624315418303,90.593650817871,276.35000610352
26-APR-2025,1.451024784609,14568,M87,0.86925727128983,86100,AP-N901-F303,0,0,107.90552520752,268.64999389648
26-APR-2025,1.451024784609,14568,M87,0.86925727128983,86100,AP-N902-F303,0,0,85.055641174316,268.64999389648
26-APR-2025,14.510523472226,15041,0420-014,0.46612372994423,86100,AP-N901-F303,0.01624315418303,0.01624315418303,116.05684661865,276.35000610352
26-APR-2025,14.510523472226,15041,0420-014,0.46612372994423,86100,AP-N902-F303,0.01624315418303,0.01624315418303,90.593650817871,276.35000610352
26-APR-2025,14.519412446232,15041,0420-014,0.46823379397392,86100,AP-N901-F303,0.01624315418303,0.01624315418303,116.05684661865,276.35000610352
26-APR-2025,14.519412446232,15041,0420-014,0.46823379397392,86100,AP-N902-F303,0.01624315418303,0.01624315418303,90.593650817871,276.35000610352
26-APR-2025,14.528579200174,15041,0420-014,0.47040927410126,86100,AP-N901-F303,0.01624315418303,0.01624315418303,116.05684661865,276.35000610352
26-APR-2025,14.528579200174,15041,0420-014,0.47040927410126,86100,AP-N902-F303,0.01624315418303,0.01624315418303,90.593650817871,276.35000610352
26-APR-2025,14.537468173307,15041,0420-014,0.47251841425896,86100,AP-N901-F303,0.01624315418303,0.01624315418303,116.05684661865,276.35000610352
26-APR-2025,14.537468173307,15041,0420-014,0.47251841425896,86100,AP-N902-F303,0.01624315418303,0.01624315418303,90.593650817871,276.35000610352
26-APR-2025,14.546496037194,15041,0420-014,0.47466003894806,86100,AP-N901-F303,0.01624315418303,0.01624315418303,116.05684661865,276.35000610352
26-APR-2025,14.546496037194,15041,0420-014,0.47466003894806,86100,AP-N902-F303,0.01624315418303,0.01624315418303,90.593650817871,276.35000610352
26-APR-2025,14.555523901081,15041,0420-014,0.47680121660233,86100,AP-N901-F303,0.01624315418303,0.01624315418303,116.05684661865,276.35000610352
26-APR-2025,14.555523901081,15041,0420-014,0.47680121660233,86100,AP-N902-F303,0.01624315418303,0.01624315418303,90.593650817871,276.35000610352
26-APR-2025,14.564690654848,15041,0420-014,0.47897481918335,86100,AP-N901-F303,0.01624315418303,0.01624315418303,116.05684661865,276.35000610352
26-APR-2025,14.564690654848,15041,0420-014,0.47897481918335,86100,AP-N902-F303,0.01624315418303,0.01624315418303,90.593650817871,276.35000610352
26-APR-2025,14.573579628155,15041,0420-014,0.48108208179474,86100,AP-N901-F303,0.01624315418303,0.01624315418303,116.05684661865,276.35000610352
26-APR-2025,14.573579628155,15041,0420-014,0.48108208179474,86100,AP-N902-F303,0.01624315418303,0.01624315418303,90.593650817871,276.35000610352
26-APR-2025,1.4599137566943,14568,M87,0.8703516125679,86100,AP-N901-F303,0,0,107.90552520752,268.64999389648
26-APR-2025,1.4599137566943,14568,M87,0.8703516125679,86100,AP-N902-F303,0,0,85.055641174316,268.64999389648
26-APR-2025,1.4688027287796,14568,M87,0.87144023180008,86100,AP-N901-F303,0,0,107.90552520752,268.64999389648
26-APR-2025,1.4688027287796,14568,M87,0.87144023180008,86100,AP-N902-F303,0,0,85.055641174316,268.64999389648
26-APR-2025,1.4776917008649,14568,M87,0.87252306938171,86100,AP-N901-F303,0,0,107.90552520752,268.64999389648
26-APR-2025,1.4776917008649,14568,M87,0.87252306938171,86100,AP-N902-F303,0,0,85.055641174316,268.64999389648
26-APR-2025,14.995389224329,15047,3C120,0.48671886324883,86100,AP-N901-F303,0.016462532803416,0.016462532803416,114.42221069336,275.25
26-APR-2025,14.995389224329,15047,3C120,0.48671886324883,86100,AP-N902-F303,0.016462532803416,0.016462532803416,89.103294372559,275.25
26-APR-2025,15.010250471404,15051,3C120,0.49009400606155,86100,AP-N901-F303,0.016462532803416,0.016462532803416,114.42221069336,275.25
26-APR-2025,15.010250471404,15051,3C120,0.49009400606155,86100,AP-N902-F303,0.016462532803416,0.016462532803416,89.103294372559,275.25
26-APR-2025,15.019139444537,15051,3C120,0.49211147427559,86100,AP-N901-F303,0.016462532803416,0.016462532803416,114.42221069336,275.25
26-APR-2025,15.019139444537,15051,3C120,0.49211147427559,86100,AP-N902-F303,0.016462532803416,0.016462532803416,89.103294372559,275.25
26-APR-2025,15.028028419242,15051,3C120,0.49412798881531,86100,AP-N901-F303,0.016462532803416,0.016462532803416,114.42221069336,275.25
26-APR-2025,15.028028419242,15051,3C120,0.49412798881531,86100,AP-N902-F303,0.016462532803416,0.016462532803416,89.103294372559,275.25
26-APR-2025,15.036917393073,15051,3C120,0.49614351987839,86100,AP-N901-F303,0.016462532803416,0.016462532803416,114.42221069336,275.25
26-APR-2025,15.036917393073,15051,3C120,0.49614351987839,86100,AP-N902-F303,0.016462532803416,0.016462532803416,89.103294372559,275.25
26-APR-2025,15.045806367429,15051,3C120,0.49815809726715,86100,AP-N901-F303,0.016462532803416,0.016462532803416,114.42221069336,275.25
26-APR-2025,15.045806367429,15051,3C120,0.49815809726715,86100,AP-N902-F303,0.016462532803416,0.016462532803416,89.103294372559,275.25
26-APR-2025,15.054973120497,15051,3C120,0.50023460388184,86100,AP-N901-F303,0.016462532803416,0.016462532803416,114.42221069336,275.25
26-APR-2025,15.054973120497,15051,3C120,0.50023460388184,86100,AP-N902-F303,0.016462532803416,0.016462532803416,89.103294372559,275.25
26-APR-2025,15.06386209625,15051,3C120,0.50224709510803,86100,AP-N901-F303,0.016462532803416,0.016462532803416,114.42221069336,275.25
26-APR-2025,15.06386209625,15051,3C120,0.50224709510803,86100,AP-N902-F303,0.016462532803416,0.016462532803416,89.103294372559,275.25
26-APR-2025,15.244836055324,15056,3C120,0.54299610853195,86100,AP-N901-F303,0.016665467992425,0.016665467992425,111.67733001709,274.54998779297
26-APR-2025,15.244836055324,15056,3C120,0.54299610853195,86100,AP-N902-F303,0.016665467992425,0.016665467992425,87.446556091309,274.54998779297
26-APR-2025,15.259975086526,15060,3C120,0.54638439416885,86100,AP-N901-F303,0.016665467992425,0.016665467992425,111.67733001709,274.54998779297
26-APR-2025,15.259975086526,15060,3C120,0.54638439416885,86100,AP-N902-F303,0.016665467992425,0.016665467992425,87.446556091309,274.54998779297
26-APR-2025,15.26886405931,15060,3C120,0.5483723282814,86100,AP-N901-F303,0.016665467992425,0.016665467992425,111.67733001709,274.54998779297
26-APR-2025,15.26886405931,15060,3C120,0.5483723282814,86100,AP-N902-F303,0.016665467992425,0.016665467992425,87.446556091309,274.54998779297
26-APR-2025,15.277753033316,15060,3C120,0.5503591299057,86100,AP-N901-F303,0.016665467992425,0.016665467992425,111.67733001709,274.54998779297
26-APR-2025,15.277753033316,15060,3C120,0.5503591299057,86100,AP-N902-F303,0.016665467992425,0.016665467992425,87.446556091309,274.54998779297
26-APR-2025,15.286642007671,15060,3C120,0.5523447394371,86100,AP-N901-F303,0.016665467992425,0.016665467992425,111.67733001709,274.54998779297
26-APR-2025,15.286642007671,15060,3C120,0.5523447394371,86100,AP-N902-F303,0.016665467992425,0.016665467992425,87.446556091309,274.54998779297
26-APR-2025,15.295808761438,15060,3C120,0.55439126491547,86100,AP-N901-F303,0.016665467992425,0.016665467992425,111.67733001709,274.54998779297
26-APR-2025,15.295808761438,15060,3C120,0.55439126491547,86100,AP-N902-F303,0.016665467992425,0.016665467992425,87.446556091309,274.54998779297
26-APR-2025,15.304697735619,15060,3C120,0.55637449026108,86100,AP-N901-F303,0.016665467992425,0.016665467992425,111.67733001709,274.54998779297
26-APR-2025,15.304697735619,15060,3C120,0.55637449026108,86100,AP-N902-F303,0.016665467992425,0.016665467992425,87.446556091309,274.54998779297
26-APR-2025,15.313864489561,15060,3C120,0.55841857194901,86100,AP-N901-F303,0.016665467992425,0.016665467992425,111.67733001709,274.54998779297
26-APR-2025,15.313864489561,15060,3C120,0.55841857194901,86100,AP-N902-F303,0.016665467992425,0.016665467992425,87.446556091309,274.54998779297
26-APR-2025,15.3230312449,15060,3C120,0.5604612827301,86100,AP-N901-F303,0.016665467992425,0.016665467992425,111.67733001709,274.54998779297
26-APR-2025,15.3230312449,15060,3C120,0.5604612827301,86100,AP-N902-F303,0.016665467992425,0.016665467992425,87.446556091309,274.54998779297
26-APR-2025,15.494560664858,15065,0420-014,0.69604021310806,86100,AP-N901-F303,0.017340132966638,0.017340132966638,107.71417999268,274.64999389648
26-APR-2025,15.494560664858,15065,0420-014,0.69604021310806,86100,AP-N902-F303,0.017340132966638,0.017340132966638,83.901924133301,274.64999389648
26-APR-2025,15.510255260995,15069,0420-014,0.69962781667709,86100,AP-N901-F303,0.017340132966638,0.017340132966638,107.71417999268,274.64999389648
26-APR-2025,15.510255260995,15069,0420-014,0.69962781667709,86100,AP-N902-F303,0.017340132966638,0.017340132966638,83.901924133301,274.64999389648
26-APR-2025,15.519144233954,15069,0420-014,0.70165818929672,86100,AP-N901-F303,0.017340132966638,0.017340132966638,107.71417999268,274.64999389648
26-APR-2025,15.519144233954,15069,0420-014,0.70165818929672,86100,AP-N902-F303,0.017340132966638,0.017340132966638,83.901924133301,274.64999389648
26-APR-2025,15.52803320796,15069,0420-014,0.70368748903275,86100,AP-N901-F303,0.017340132966638,0.017340132966638,107.71417999268,274.64999389648
26-APR-2025,15.52803320796,15069,0420-014,0.70368748903275,86100,AP-N902-F303,0.017340132966638,0.017340132966638,83.901924133301,274.64999389648
26-APR-2025,15.537199962949,15069,0420-014,0.7057791352272,86100,AP-N901-F303,0.017340132966638,0.017340132966638,107.71417999268,274.64999389648
26-APR-2025,15.537199962949,15069,0420-014,0.7057791352272,86100,AP-N902-F303,0.017340132966638,0.017340132966638,83.901924133301,274.64999389648
26-APR-2025,15.546366716193,15069,0420-014,0.70786964893341,86100,AP-N901-F303,0.017340132966638,0.017340132966638,107.71417999268,274.64999389648
26-APR-2025,15.546366716193,15069,0420-014,0.70786964893341,86100,AP-N902-F303,0.017340132966638,0.017340132966638,83.901924133301,274.64999389648
26-APR-2025,15.555255689151,15069,0420-014,0.70989573001862,86100,AP-N901-F303,0.017340132966638,0.017340132966638,107.71417999268,274.64999389648
26-APR-2025,15.555255689151,15069,0420-014,0.70989573001862,86100,AP-N902-F303,0.017340132966638,0.017340132966638,83.901924133301,274.64999389648
26-APR-2025,15.564422440997,15069,0420-014,0.71198391914368,86100,AP-N901-F303,0.017340132966638,0.017340132966638,107.71417999268,274.64999389648
26-APR-2025,15.564422440997,15069,0420-014,0.71198391914368,86100,AP-N902-F303,0.017340132966638,0.017340132966638,83.901924133301,274.64999389648
26-APR-2025,15.573311416051,15069,0420-014,0.71400773525238,86100,AP-N901-F303,0.017340132966638,0.017340132966638,107.71417999268,274.64999389648
26-APR-2025,15.573311416051,15069,0420-014,0.71400773525238,86100,AP-N902-F303,0.017340132966638,0.017340132966638,83.901924133301,274.64999389648
26-APR-2025,15.744007494456,15074,3C120,0.65276229381561,86100,AP-N901-F303,0.017577944323421,0.017577944323421,108.40073394775,274.45001220703
26-APR-2025,15.744007494456,15074,3C120,0.65276229381561,86100,AP-N902-F303,0.017577944323421,0.017577944323421,84.680458068848,274.45001220703
26-APR-2025,15.760257642432,15078,3C120,0.65625911951065,86100,AP-N901-F303,0.017577944323421,0.017577944323421,108.40073394775,274.45001220703
26-APR-2025,15.760257642432,15078,3C120,0.65625911951065,86100,AP-N902-F303,0.017577944323421,0.017577944323421,84.680458068848,274.45001220703
26-APR-2025,15.769702179627,15078,3C120,0.65828907489777,86100,AP-N901-F303,0.017577944323421,0.017577944323421,108.40073394775,274.45001220703
26-APR-2025,15.769702179627,15078,3C120,0.65828907489777,86100,AP-N902-F303,0.017577944323421,0.017577944323421,84.680458068848,274.45001220703
26-APR-2025,15.778591152586,15078,3C120,0.66019785404205,86100,AP-N901-F303,0.017577944323421,0.017577944323421,108.40073394775,274.45001220703
26-APR-2025,15.778591152586,15078,3C120,0.66019785404205,86100,AP-N902-F303,0.017577944323421,0.017577944323421,84.680458068848,274.45001220703
26-APR-2025,15.787619017695,15078,3C120,0.66213482618332,86100,AP-N901-F303,0.017577944323421,0.017577944323421,108.40073394775,274.45001220703
26-APR-2025,15.787619017695,15078,3C120,0.66213482618332,86100,AP-N902-F303,0.017577944323421,0.017577944323421,84.680458068848,274.45001220703
26-APR-2025,15.796646883153,15078,3C120,0.66407001018524,86100,AP-N901-F303,0.017577944323421,0.017577944323421,108.40073394775,274.45001220703
26-APR-2025,15.796646883153,15078,3C120,0.66407001018524,86100,AP-N902-F303,0.017577944323421,0.017577944323421,84.680458068848,274.45001220703
26-APR-2025,15.805535855937,15078,3C120,0.66597378253937,86100,AP-N901-F303,0.017577944323421,0.017577944323421,108.40073394775,274.45001220703
26-APR-2025,15.805535855937,15078,3C120,0.66597378253937,86100,AP-N902-F303,0.017577944323421,0.017577944323421,84.680458068848,274.45001220703
26-APR-2025,15.814980388243,15078,3C120,0.66799467802048,86100,AP-N901-F303,0.017577944323421,0.017577944323421,108.40073394775,274.45001220703
26-APR-2025,15.814980388243,15078,3C120,0.66799467802048,86100,AP-N902-F303,0.017577944323421,0.017577944323421,84.680458068848,274.45001220703
26-APR-2025,15.823869363995,15078,3C120,0.66989487409592,86100,AP-N901-F303,0.017577944323421,0.017577944323421,108.40073394775,274.45001220703
26-APR-2025,15.823869363995,15078,3C120,0.66989487409592,86100,AP-N902-F303,0.017577944323421,0.017577944323421,84.680458068848,274.45001220703
26-APR-2025,15.994565436463,15083,3C120,0.70604020357132,86100,AP-N901-F303,0.01777870208025,0.01777870208025,106.69183349609,273.95001220703
26-APR-2025,15.994565436463,15083,3C120,0.70604020357132,86100,AP-N902-F303,0.01777870208025,0.01777870208025,83.252563476563,273.95001220703
26-APR-2025,16.010398920385,15087,3C120,0.70935809612274,86100,AP-N901-F303,0.01777870208025,0.01777870208025,106.69183349609,273.95001220703
26-APR-2025,16.010398920385,15087,3C120,0.70935809612274,86100,AP-N902-F303,0.01777870208025,0.01777870208025,83.252563476563,273.95001220703
26-APR-2025,16.019426783399,15087,3C120,0.71124708652496,86100,AP-N901-F303,0.01777870208025,0.01777870208025,106.69183349609,273.95001220703
26-APR-2025,16.019426783399,15087,3C120,0.71124708652496,86100,AP-N902-F303,0.01777870208025,0.01777870208025,83.252563476563,273.95001220703
26-APR-2025,16.028315758627,15087,3C120,0.71310502290726,86100,AP-N901-F303,0.01777870208025,0.01777870208025,106.69183349609,273.95001220703
26-APR-2025,16.028315758627,15087,3C120,0.71310502290726,86100,AP-N902-F303,0.01777870208025,0.01777870208025,83.252563476563,273.95001220703
26-APR-2025,16.037482510473,15087,3C120,0.71501880884171,86100,AP-N901-F303,0.01777870208025,0.01777870208025,106.69183349609,273.95001220703
26-APR-2025,16.037482510473,15087,3C120,0.71501880884171,86100,AP-N902-F303,0.01777870208025,0.01777870208025,83.252563476563,273.95001220703
26-APR-2025,16.046371484305,15087,3C120,0.71687263250351,86100,AP-N901-F303,0.01777870208025,0.01777870208025,106.69183349609,273.95001220703
26-APR-2025,16.046371484305,15087,3C120,0.71687263250351,86100,AP-N902-F303,0.01777870208025,0.01777870208025,83.252563476563,273.95001220703
26-APR-2025,16.055816021325,15087,3C120,0.71884018182755,86100,AP-N901-F303,0.01777870208025,0.01777870208025,106.69183349609,273.95001220703
26-APR-2025,16.055816021325,15087,3C120,0.71884018182755,86100,AP-N902-F303,0.01777870208025,0.01777870208025,83.252563476563,273.95001220703
26-APR-2025,16.064704993935,15087,3C120,0.72068983316422,86100,AP-N901-F303,0.01777870208025,0.01777870208025,106.69183349609,273.95001220703
26-APR-2025,16.064704993935,15087,3C120,0.72068983316422,86100,AP-N902-F303,0.01777870208025,0.01777870208025,83.252563476563,273.95001220703
26-APR-2025,16.073593967417,15087,3C120,0.72253745794296,86100,AP-N901-F303,0.01777870208025,0.01777870208025,106.69183349609,273.95001220703
26-APR-2025,16.073593967417,15087,3C120,0.72253745794296,86100,AP-N902-F303,0.01777870208025,0.01777870208025,83.252563476563,273.95001220703
26-APR-2025,16.244290046346,15092,3C120,0.75760072469711,86100,AP-N901-F303,0.018286541104317,0.018286541104317,105.43053436279,273.85000610352
26-APR-2025,16.244290046346,15092,3C120,0.75760072469711,86100,AP-N902-F303,0.018286541104317,0.018286541104317,82.536712646484,273.85000610352
26-APR-2025,16.260262415783,15096,3C120,0.76083892583847,86100,AP-N901-F303,0.018286541104317,0.018286541104317,105.43053436279,273.85000610352
26-APR-2025,16.260262415783,15096,3C120,0.76083892583847,86100,AP-N902-F303,0.018286541104317,0.018286541104317,82.536712646484,273.85000610352
26-APR-2025,16.269290282114,15096,3C120,0.76266586780548,86100,AP-N901-F303,0.018286541104317,0.018286541104317,105.43053436279,273.85000610352
26-APR-2025,16.269290282114,15096,3C120,0.76266586780548,86100,AP-N902-F303,0.018286541104317,0.018286541104317,82.536712646484,273.85000610352
26-APR-2025,16.27859592454,15096,3C120,0.76454651355743,86100,AP-N901-F303,0.018286541104317,0.018286541104317,105.43053436279,273.85000610352
26-APR-2025,16.27859592454,15096,3C120,0.76454651355743,86100,AP-N902-F303,0.018286541104317,0.018286541104317,82.536712646484,273.85000610352
26-APR-2025,16.287484898546,15096,3C120,0.76634043455124,86100,AP-N901-F303,0.018286541104317,0.018286541104317,105.43053436279,273.85000610352
26-APR-2025,16.287484898546,15096,3C120,0.76634043455124,86100,AP-N902-F303,0.018286541104317,0.018286541104317,82.536712646484,273.85000610352
26-APR-2025,16.296373871679,15096,3C120,0.76813185214996,86100,AP-N901-F303,0.018286541104317,0.018286541104317,105.43053436279,273.85000610352
26-APR-2025,16.296373871679,15096,3C120,0.76813185214996,86100,AP-N902-F303,0.018286541104317,0.018286541104317,82.536712646484,273.85000610352
26-APR-2025,16.305540626319,15096,3C120,0.76997685432434,86100,AP-N901-F303,0.018286541104317,0.018286541104317,105.43053436279,273.85000610352
26-APR-2025,16.305540626319,15096,3C120,0.76997685432434,86100,AP-N902-F303,0.018286541104317,0.018286541104317,82.536712646484,273.85000610352
26-APR-2025,16.314707379562,15096,3C120,0.77181911468506,86100,AP-N901-F303,0.018286541104317,0.018286541104317,105.43053436279,273.85000610352
26-APR-2025,16.314707379562,15096,3C120,0.77181911468506,86100,AP-N902-F303,0.018286541104317,0.018286541104317,82.536712646484,273.85000610352
26-APR-2025,16.323874132456,15096,3C120,0.77365881204605,86100,AP-N901-F303,0.018286541104317,0.018286541104317,105.43053436279,273.85000610352
26-APR-2025,16.323874132456,15096,3C120,0.77365881204605,86100,AP-N902-F303,0.018286541104317,0.018286541104317,82.536712646484,273.85000610352
26-APR-2025,16.494847988352,15101,0420-014,0.91577255725861,86100,AP-N901-F303,0.018370181322098,0.018370181322098,102.34007263184,273.54998779297
26-APR-2025,16.494847988352,15101,0420-014,0.91577255725861,86100,AP-N902-F303,0.018370181322098,0.018370181322098,79.895713806152,273.54998779297
26-APR-2025,16.510820358663,15105,0420-014,0.91908186674118,86100,AP-N901-F303,0.018370181322098,0.018370181322098,102.34007263184,273.54998779297
26-APR-2025,16.510820358663,15105,0420-014,0.91908186674118,86100,AP-N902-F303,0.018370181322098,0.018370181322098,79.895713806152,273.54998779297
26-APR-2025,16.51970933197,15105,0420-014,0.92091995477676,86100,AP-N901-F303,0.018370181322098,0.018370181322098,102.34007263184,273.54998779297
26-APR-2025,16.51970933197,15105,0420-014,0.92091995477676,86100,AP-N902-F303,0.018370181322098,0.018370181322098,79.895713806152,273.54998779297
26-APR-2025,16.528598304929,15105,0420-014,0.92275536060333,86100,AP-N901-F303,0.018370181322098,0.018370181322098,102.34007263184,273.54998779297
26-APR-2025,16.528598304929,15105,0420-014,0.92275536060333,86100,AP-N902-F303,0.018370181322098,0.018370181322098,79.895713806152,273.54998779297
26-APR-2025,16.537626168117,15105,0420-014,0.92461669445038,86100,AP-N901-F303,0.018370181322098,0.018370181322098,102.34007263184,273.54998779297
26-APR-2025,16.537626168117,15105,0420-014,0.92461669445038,86100,AP-N902-F303,0.018370181322098,0.018370181322098,79.895713806152,273.54998779297
26-APR-2025,16.546931812987,15105,0420-014,0.92653250694275,86100,AP-N901-F303,0.018370181322098,0.018370181322098,102.34007263184,273.54998779297
26-APR-2025,16.546931812987,15105,0420-014,0.92653250694275,86100,AP-N902-F303,0.018370181322098,0.018370181322098,79.895713806152,273.54998779297
26-APR-2025,16.55609856623,15105,0420-014,0.92841672897339,86100,AP-N901-F303,0.018370181322098,0.018370181322098,102.34007263184,273.54998779297
26-APR-2025,16.55609856623,15105,0420-014,0.92841672897339,86100,AP-N902-F303,0.018370181322098,0.018370181322098,79.895713806152,273.54998779297
26-APR-2025,16.565265318077,15105,0420-014,0.93029803037643,86100,AP-N901-F303,0.018370181322098,0.018370181322098,102.34007263184,273.54998779297
26-APR-2025,16.565265318077,15105,0420-014,0.93029803037643,86100,AP-N902-F303,0.018370181322098,0.018370181322098,79.895713806152,273.54998779297
26-APR-2025,16.574154291384,15105,0420-014,0.93211954832077,86100,AP-N901-F303,0.018370181322098,0.018370181322098,102.34007263184,273.54998779297
26-APR-2025,16.574154291384,15105,0420-014,0.93211954832077,86100,AP-N902-F303,0.018370181322098,0.018370181322098,79.895713806152,273.54998779297
26-APR-2025,1.669313811876,14577,3C279,1.0854008197784,86100,AP-N901-F303,0.017870292067528,0.017870292067528,102.23223876953,269.14999389648
26-APR-2025,1.669313811876,14577,3C279,1.0854008197784,86100,AP-N902-F303,0.017870292067528,0.017870292067528,78.948936462402,269.14999389648
26-APR-2025,1.685286177821,14581,3C279,1.0885803699493,86100,AP-N901-F303,0.017870292067528,0.017870292067528,102.23223876953,269.14999389648
26-APR-2025,1.685286177821,14581,3C279,1.0885803699493,86100,AP-N902-F303,0.017870292067528,0.017870292067528,78.948936462402,269.14999389648
26-APR-2025,1.6944529282703,14581,3C279,1.0903995037079,86100,AP-N901-F303,0.017870292067528,0.017870292067528,102.23223876953,269.14999389648
26-APR-2025,1.6944529282703,14581,3C279,1.0903995037079,86100,AP-N902-F303,0.017870292067528,0.017870292067528,78.948936462402,269.14999389648
26-APR-2025,16.994297178432,15119,3C120,0.89960151910782,86100,AP-N901-F303,0.0181606374681,0.0181606374681,101.65531158447,273.45001220703
26-APR-2025,16.994297178432,15119,3C120,0.89960151910782,86100,AP-N902-F303,0.0181606374681,0.0181606374681,79.723083496094,273.45001220703
26-APR-2025,17.010825119266,15123,3C120,0.9024493098259,86100,AP-N901-F303,0.0181606374681,0.0181606374681,101.65531158447,273.45001220703
26-APR-2025,17.010825119266,15123,3C120,0.9024493098259,86100,AP-N902-F303,0.0181606374681,0.0181606374681,79.723083496094,273.45001220703
26-APR-2025,17.01999187216,15123,3C120,0.90402239561081,86100,AP-N901-F303,0.0181606374681,0.0181606374681,101.65531158447,273.45001220703
26-APR-2025,17.01999187216,15123,3C120,0.90402239561081,86100,AP-N902-F303,0.0181606374681,0.0181606374681,79.723083496094,273.45001220703
26-APR-2025,17.02888084442,15123,3C120,0.90554350614548,86100,AP-N901-F303,0.0181606374681,0.0181606374681,101.65531158447,273.45001220703
26-APR-2025,17.02888084442,15123,3C120,0.90554350614548,86100,AP-N902-F303,0.0181606374681,0.0181606374681,79.723083496094,273.45001220703
26-APR-2025,1.703341900181,14581,3C279,1.0921593904495,86100,AP-N901-F303,0.017870292067528,0.017870292067528,102.23223876953,269.14999389648
26-APR-2025,1.703341900181,14581,3C279,1.0921593904495,86100,AP-N902-F303,0.017870292067528,0.017870292067528,78.948936462402,269.14999389648
26-APR-2025,17.037769817379,15123,3C120,0.90706038475037,86100,AP-N901-F303,0.0181606374681,0.0181606374681,101.65531158447,273.45001220703
26-APR-2025,17.037769817379,15123,3C120,0.90706038475037,86100,AP-N902-F303,0.0181606374681,0.0181606374681,79.723083496094,273.45001220703
26-APR-2025,17.046658792258,15123,3C120,0.9085727930069,86100,AP-N901-F303,0.0181606374681,0.0181606374681,101.65531158447,273.45001220703
26-APR-2025,17.046658792258,15123,3C120,0.9085727930069,86100,AP-N902-F303,0.0181606374681,0.0181606374681,79.723083496094,273.45001220703
26-APR-2025,17.055686655621,15123,3C120,0.9101043343544,86100,AP-N901-F303,0.0181606374681,0.0181606374681,101.65531158447,273.45001220703
26-APR-2025,17.055686655621,15123,3C120,0.9101043343544,86100,AP-N902-F303,0.0181606374681,0.0181606374681,79.723083496094,273.45001220703
26-APR-2025,17.064714519507,15123,3C120,0.91163140535355,86100,AP-N901-F303,0.0181606374681,0.0181606374681,101.65531158447,273.45001220703
26-APR-2025,17.064714519507,15123,3C120,0.91163140535355,86100,AP-N902-F303,0.0181606374681,0.0181606374681,79.723083496094,273.45001220703
26-APR-2025,17.0738812731,15123,3C120,0.91317719221115,86100,AP-N901-F303,0.0181606374681,0.0181606374681,101.65531158447,273.45001220703
26-APR-2025,17.0738812731,15123,3C120,0.91317719221115,86100,AP-N902-F303,0.0181606374681,0.0181606374681,79.723083496094,273.45001220703
26-APR-2025,17.244021786919,15128,3C120,0.94096750020981,86100,AP-N901-F303,0.01868730224669,0.01868730224669,101.00046539307,273.14999389648
26-APR-2025,17.244021786919,15128,3C120,0.94096750020981,86100,AP-N902-F303,0.01868730224669,0.01868730224669,78.725074768066,273.14999389648
26-APR-2025,17.261105280639,15132,3C120,0.94365799427032,86100,AP-N901-F303,0.01868730224669,0.01868730224669,101.00046539307,273.14999389648
26-APR-2025,17.261105280639,15132,3C120,0.94365799427032,86100,AP-N902-F303,0.01868730224669,0.01868730224669,78.725074768066,273.14999389648
26-APR-2025,17.270133145922,15132,3C120,0.9450723528862,86100,AP-N901-F303,0.01868730224669,0.01868730224669,101.00046539307,273.14999389648
26-APR-2025,17.270133145922,15132,3C120,0.9450723528862,86100,AP-N902-F303,0.01868730224669,0.01868730224669,78.725074768066,273.14999389648
26-APR-2025,17.279161008761,15132,3C120,0.94648134708405,86100,AP-N901-F303,0.01868730224669,0.01868730224669,101.00046539307,273.14999389648
26-APR-2025,17.279161008761,15132,3C120,0.94648134708405,86100,AP-N902-F303,0.01868730224669,0.01868730224669,78.725074768066,273.14999389648
26-APR-2025,17.288049981545,15132,3C120,0.94786339998245,86100,AP-N901-F303,0.01868730224669,0.01868730224669,101.00046539307,273.14999389648
26-APR-2025,17.288049981545,15132,3C120,0.94786339998245,86100,AP-N902-F303,0.01868730224669,0.01868730224669,78.725074768066,273.14999389648
26-APR-2025,17.296938954678,15132,3C120,0.94924008846283,86100,AP-N901-F303,0.01868730224669,0.01868730224669,101.00046539307,273.14999389648
26-APR-2025,17.296938954678,15132,3C120,0.94924008846283,86100,AP-N902-F303,0.01868730224669,0.01868730224669,78.725074768066,273.14999389648
26-APR-2025,17.305827928684,15132,3C120,0.95061153173447,86100,AP-N901-F303,0.01868730224669,0.01868730224669,101.00046539307,273.14999389648
26-APR-2025,17.305827928684,15132,3C120,0.95061153173447,86100,AP-N902-F303,0.01868730224669,0.01868730224669,78.725074768066,273.14999389648
26-APR-2025,17.314716901992,15132,3C120,0.95197767019272,86100,AP-N901-F303,0.01868730224669,0.01868730224669,101.00046539307,273.14999389648
26-APR-2025,17.314716901992,15132,3C120,0.95197767019272,86100,AP-N902-F303,0.01868730224669,0.01868730224669,78.725074768066,273.14999389648
26-APR-2025,17.323883655061,15132,3C120,0.95338082313538,86100,AP-N901-F303,0.01868730224669,0.01868730224669,101.00046539307,273.14999389648
26-APR-2025,17.323883655061,15132,3C120,0.95338082313538,86100,AP-N902-F303,0.01868730224669,0.01868730224669,78.725074768066,273.14999389648
26-APR-2025,17.493557461896,15140,0420-014,1.099555850029,86100,AP-N901-F303,0.018479468300939,0.018479468300939,98.729339599609,272.85000610352
26-APR-2025,17.493557461896,15140,0420-014,1.099555850029,86100,AP-N902-F303,0.018479468300939,0.018479468300939,76.717758178711,272.85000610352
26-APR-2025,17.510363178823,15144,0420-014,1.1020859479904,86100,AP-N901-F303,0.018479468300939,0.018479468300939,98.729339599609,272.85000610352
26-APR-2025,17.510363178823,15144,0420-014,1.1020859479904,86100,AP-N902-F303,0.018479468300939,0.018479468300939,76.717758178711,272.85000610352
26-APR-2025,17.519252150734,15144,0420-014,1.103413939476,86100,AP-N901-F303,0.018479468300939,0.018479468300939,98.729339599609,272.85000610352
26-APR-2025,17.519252150734,15144,0420-014,1.103413939476,86100,AP-N902-F303,0.018479468300939,0.018479468300939,76.717758178711,272.85000610352
26-APR-2025,17.528141124566,15144,0420-014,1.1047347784042,86100,AP-N901-F303,0.018479468300939,0.018479468300939,98.729339599609,272.85000610352
26-APR-2025,17.528141124566,15144,0420-014,1.1047347784042,86100,AP-N902-F303,0.018479468300939,0.018479468300939,76.717758178711,272.85000610352
26-APR-2025,17.53703009927,15144,0420-014,1.1060483455658,86100,AP-N901-F303,0.018479468300939,0.018479468300939,98.729339599609,272.85000610352
26-APR-2025,17.53703009927,15144,0420-014,1.1060483455658,86100,AP-N902-F303,0.018479468300939,0.018479468300939,76.717758178711,272.85000610352
26-APR-2025,17.545919069958,15144,0420-014,1.1073546409607,86100,AP-N901-F303,0.018479468300939,0.018479468300939,98.729339599609,272.85000610352
26-APR-2025,17.545919069958,15144,0420-014,1.1073546409607,86100,AP-N902-F303,0.018479468300939,0.018479468300939,76.717758178711,272.85000610352
26-APR-2025,17.554808044838,15144,0420-014,1.1086534261703,86100,AP-N901-F303,0.018479468300939,0.018479468300939,98.729339599609,272.85000610352
26-APR-2025,17.554808044838,15144,0420-014,1.1086534261703,86100,AP-N902-F303,0.018479468300939,0.018479468300939,76.717758178711,272.85000610352
26-APR-2025,17.563697018145,15144,0420-014,1.1099448204041,86100,AP-N901-F303,0.018479468300939,0.018479468300939,98.729339599609,272.85000610352
26-APR-2025,17.563697018145,15144,0420-014,1.1099448204041,86100,AP-N902-F303,0.018479468300939,0.018479468300939,76.717758178711,272.85000610352
26-APR-2025,17.572585991278,15144,0420-014,1.1112288236618,86100,AP-N901-F303,0.018479468300939,0.018479468300939,98.729339599609,272.85000610352
26-APR-2025,17.572585991278,15144,0420-014,1.1112288236618,86100,AP-N902-F303,0.018479468300939,0.018479468300939,76.717758178711,272.85000610352
26-APR-2025,1.7713980916338,14588,M87,0.9048770070076,86100,AP-N901-F303,0.017690740525723,0.017690740525723,103.84896087646,269.25
26-APR-2025,1.7713980916338,14588,M87,0.9048770070076,86100,AP-N902-F303,0.017690740525723,0.017690740525723,80.454368591309,269.25
26-APR-2025,17.744115393774,15149,3C120,1.0108525753021,86100,AP-N901-F303,0.018707446753979,0.018707446753979,98.929634094238,272.75
26-APR-2025,17.744115393774,15149,3C120,1.0108525753021,86100,AP-N902-F303,0.018707446753979,0.018707446753979,77.407646179199,272.75
26-APR-2025,17.760365551529,15153,3C120,1.0127754211426,86100,AP-N901-F303,0.018707446753979,0.018707446753979,98.929634094238,272.75
26-APR-2025,17.760365551529,15153,3C120,1.0127754211426,86100,AP-N902-F303,0.018707446753979,0.018707446753979,77.407646179199,272.75
26-APR-2025,17.769254524313,15153,3C120,1.013817191124,86100,AP-N901-F303,0.018707446753979,0.018707446753979,98.929634094238,272.75
26-APR-2025,17.769254524313,15153,3C120,1.013817191124,86100,AP-N902-F303,0.018707446753979,0.018707446753979,77.407646179199,272.75
26-APR-2025,17.778143498494,15153,3C120,1.0148515701294,86100,AP-N901-F303,0.018707446753979,0.018707446753979,98.929634094238,272.75
26-APR-2025,17.778143498494,15153,3C120,1.0148515701294,86100,AP-N902-F303,0.018707446753979,0.018707446753979,77.407646179199,272.75
26-APR-2025,17.787310252959,15153,3C120,1.0159105062485,86100,AP-N901-F303,0.018707446753979,0.018707446753979,98.929634094238,272.75
26-APR-2025,17.787310252959,15153,3C120,1.0159105062485,86100,AP-N902-F303,0.018707446753979,0.018707446753979,77.407646179199,272.75
26-APR-2025,17.796199226092,15153,3C120,1.0169297456741,86100,AP-N901-F303,0.018707446753979,0.018707446753979,98.929634094238,272.75
26-APR-2025,17.796199226092,15153,3C120,1.0169297456741,86100,AP-N902-F303,0.018707446753979,0.018707446753979,77.407646179199,272.75
26-APR-2025,1.7802870640684,14588,M87,0.90574717521667,86100,AP-N901-F303,0.017690740525723,0.017690740525723,103.84896087646,269.25
26-APR-2025,1.7802870640684,14588,M87,0.90574717521667,86100,AP-N902-F303,0.017690740525723,0.017690740525723,80.454368591309,269.25
26-APR-2025,17.805088199051,15153,3C120,1.0179413557053,86100,AP-N901-F303,0.018707446753979,0.018707446753979,98.929634094238,272.75
26-APR-2025,17.805088199051,15153,3C120,1.0179413557053,86100,AP-N902-F303,0.018707446753979,0.018707446753979,77.407646179199,272.75
26-APR-2025,17.813977172009,15153,3C120,1.0189455747604,86100,AP-N901-F303,0.018707446753979,0.018707446753979,98.929634094238,272.75
26-APR-2025,17.813977172009,15153,3C120,1.0189455747604,86100,AP-N902-F303,0.018707446753979,0.018707446753979,77.407646179199,272.75
26-APR-2025,17.822866146364,15153,3C120,1.0199421644211,86100,AP-N901-F303,0.018707446753979,0.018707446753979,98.929634094238,272.75
26-APR-2025,17.822866146364,15153,3C120,1.0199421644211,86100,AP-N902-F303,0.018707446753979,0.018707446753979,77.407646179199,272.75
26-APR-2025,1.7891760358044,14588,M87,0.90661054849625,86100,AP-N901-F303,0.017690740525723,0.017690740525723,103.84896087646,269.25
26-APR-2025,1.7891760358044,14588,M87,0.90661054849625,86100,AP-N902-F303,0.017690740525723,0.017690740525723,80.454368591309,269.25
26-APR-2025,1.7980650082389,14588,M87,0.90746730566025,86100,AP-N901-F303,0.017690740525723,0.017690740525723,103.84896087646,269.25
26-APR-2025,1.7980650082389,14588,M87,0.90746730566025,86100,AP-N902-F303,0.017690740525723,0.017690740525723,80.454368591309,269.25
26-APR-2025,17.993562213593,15158,3C120,1.0375479459763,86100,AP-N901-F303,0.018739497289062,0.018739497289062,98.244499206543,272.75
26-APR-2025,17.993562213593,15158,3C120,1.0375479459763,86100,AP-N902-F303,0.018739497289062,0.018739497289062,76.882453918457,272.75
26-APR-2025,18.010645708187,15162,3C120,1.0391434431076,86100,AP-N901-F303,0.018739497289062,0.018739497289062,98.244499206543,272.75
26-APR-2025,18.010645708187,15162,3C120,1.0391434431076,86100,AP-N902-F303,0.018739497289062,0.018739497289062,76.882453918457,272.75
26-APR-2025,18.019534679399,15162,3C120,1.0399612188339,86100,AP-N901-F303,0.018739497289062,0.018739497289062,98.244499206543,272.75
26-APR-2025,18.019534679399,15162,3C120,1.0399612188339,86100,AP-N902-F303,0.018739497289062,0.018739497289062,76.882453918457,272.75
26-APR-2025,18.028423655151,15162,3C120,1.0407705307007,86100,AP-N901-F303,0.018739497289062,0.018739497289062,98.244499206543,272.75
26-APR-2025,18.028423655151,15162,3C120,1.0407705307007,86100,AP-N902-F303,0.018739497289062,0.018739497289062,76.882453918457,272.75
26-APR-2025,18.037312626538,15162,3C120,1.0415712594986,86100,AP-N901-F303,0.018739497289062,0.018739497289062,98.244499206543,272.75
26-APR-2025,18.037312626538,15162,3C120,1.0415712594986,86100,AP-N902-F303,0.018739497289062,0.018739497289062,76.882453918457,272.75
26-APR-2025,18.046479382575,15162,3C120,1.0423879623413,86100,AP-N901-F303,0.018739497289062,0.018739497289062,98.244499206543,272.75
26-APR-2025,18.046479382575,15162,3C120,1.0423879623413,86100,AP-N902-F303,0.018739497289062,0.018739497289062,76.882453918457,272.75
26-APR-2025,18.055368356058,15162,3C120,1.0431711673737,86100,AP-N901-F303,0.018739497289062,0.018739497289062,98.244499206543,272.75
26-APR-2025,18.055368356058,15162,3C120,1.0431711673737,86100,AP-N902-F303,0.018739497289062,0.018739497289062,76.882453918457,272.75
26-APR-2025,18.064535109301,15162,3C120,1.0439696311951,86100,AP-N901-F303,0.018739497289062,0.018739497289062,98.244499206543,272.75
26-APR-2025,18.064535109301,15162,3C120,1.0439696311951,86100,AP-N902-F303,0.018739497289062,0.018739497289062,76.882453918457,272.75
26-APR-2025,1.8072317614822,14588,M87,0.90834367275238,86100,AP-N901-F303,0.017690740525723,0.017690740525723,103.84896087646,269.25
26-APR-2025,1.8072317614822,14588,M87,0.90834367275238,86100,AP-N902-F303,0.017690740525723,0.017690740525723,80.454368591309,269.25
26-APR-2025,18.07342408191,15162,3C120,1.0447350740433,86100,AP-N901-F303,0.018739497289062,0.018739497289062,98.244499206543,272.75
26-APR-2025,18.07342408191,15162,3C120,1.0447350740433,86100,AP-N902-F303,0.018739497289062,0.018739497289062,76.882453918457,272.75
26-APR-2025,1.8161207339167,14588,M87,0.90918660163879,86100,AP-N901-F303,0.017690740525723,0.017690740525723,103.84896087646,269.25
26-APR-2025,1.8161207339167,14588,M87,0.90918660163879,86100,AP-N902-F303,0.017690740525723,0.017690740525723,80.454368591309,269.25
26-APR-2025,18.24356458368,15167,3C120,1.0576510429382,86100,AP-N901-F303,0.018556345254183,0.018556345254183,97.432708740234,272.45001220703
26-APR-2025,18.24356458368,15167,3C120,1.0576510429382,86100,AP-N902-F303,0.018556345254183,0.018556345254183,76.102600097656,272.45001220703
26-APR-2025,1.8250097063512,14588,M87,0.9100227355957,86100,AP-N901-F303,0.017690740525723,0.017690740525723,103.84896087646,269.25
26-APR-2025,1.8250097063512,14588,M87,0.9100227355957,86100,AP-N902-F303,0.017690740525723,0.017690740525723,80.454368591309,269.25
26-APR-2025,18.26009252364,15171,3C120,1.0587244033813,86100,AP-N901-F303,0.018556345254183,0.018556345254183,97.432708740234,272.45001220703
26-APR-2025,18.26009252364,15171,3C120,1.0587244033813,86100,AP-N902-F303,0.018556345254183,0.018556345254183,76.102600097656,272.45001220703
26-APR-2025,18.268981496424,15171,3C120,1.0592882633209,86100,AP-N901-F303,0.018556345254183,0.018556345254183,97.432708740234,272.45001220703
26-APR-2025,18.268981496424,15171,3C120,1.0592882633209,86100,AP-N902-F303,0.018556345254183,0.018556345254183,76.102600097656,272.45001220703
26-APR-2025,18.27814825089,15171,3C120,1.059859752655,86100,AP-N901-F303,0.018556345254183,0.018556345254183,97.432708740234,272.45001220703
26-APR-2025,18.27814825089,15171,3C120,1.059859752655,86100,AP-N902-F303,0.018556345254183,0.018556345254183,76.102600097656,272.45001220703
26-APR-2025,18.287315003958,15171,3C120,1.0604211091995,86100,AP-N901-F303,0.018556345254183,0.018556345254183,97.432708740234,272.45001220703
26-APR-2025,18.287315003958,15171,3C120,1.0604211091995,86100,AP-N902-F303,0.018556345254183,0.018556345254183,76.102600097656,272.45001220703
26-APR-2025,18.296203978488,15171,3C120,1.0609556436539,86100,AP-N901-F303,0.018556345254183,0.018556345254183,97.432708740234,272.45001220703
26-APR-2025,18.296203978488,15171,3C120,1.0609556436539,86100,AP-N902-F303,0.018556345254183,0.018556345254183,76.102600097656,272.45001220703
26-APR-2025,18.305092950923,15171,3C120,1.0614805221558,86100,AP-N901-F303,0.018556345254183,0.018556345254183,97.432708740234,272.45001220703
26-APR-2025,18.305092950923,15171,3C120,1.0614805221558,86100,AP-N902-F303,0.018556345254183,0.018556345254183,76.102600097656,272.45001220703
26-APR-2025,18.314259705389,15171,3C120,1.06201171875,86100,AP-N901-F303,0.018556345254183,0.018556345254183,97.432708740234,272.45001220703
26-APR-2025,18.314259705389,15171,3C120,1.06201171875,86100,AP-N902-F303,0.018556345254183,0.018556345254183,76.102600097656,272.45001220703
26-APR-2025,18.323426459505,15171,3C120,1.062532544136,86100,AP-N901-F303,0.018556345254183,0.018556345254183,97.432708740234,272.45001220703
26-APR-2025,18.323426459505,15171,3C120,1.062532544136,86100,AP-N902-F303,0.018556345254183,0.018556345254183,76.102600097656,272.45001220703
26-APR-2025,1.8338986780873,14588,M87,0.91085201501846,86100,AP-N901-F303,0.017690740525723,0.017690740525723,103.84896087646,269.25
26-APR-2025,1.8338986780873,14588,M87,0.91085201501846,86100,AP-N902-F303,0.017690740525723,0.017690740525723,80.454368591309,269.25
26-APR-2025,18.494400303526,15176,3C120,1.070317864418,86100,AP-N901-F303,0.018448062241077,0.018448062241077,96.984748840332,272.75
26-APR-2025,18.494400303526,15176,3C120,1.070317864418,86100,AP-N902-F303,0.018448062241077,0.018448062241077,75.767585754395,272.75
26-APR-2025,18.510372680298,15180,3C120,1.0708545446396,86100,AP-N901-F303,0.018448062241077,0.018448062241077,96.984748840332,272.75
26-APR-2025,18.510372680298,15180,3C120,1.0708545446396,86100,AP-N902-F303,0.018448062241077,0.018448062241077,75.767585754395,272.75
26-APR-2025,18.519261652558,15180,3C120,1.0711390972137,86100,AP-N901-F303,0.018448062241077,0.018448062241077,96.984748840332,272.75
26-APR-2025,18.519261652558,15180,3C120,1.0711390972137,86100,AP-N902-F303,0.018448062241077,0.018448062241077,75.767585754395,272.75
26-APR-2025,18.52815062604,15180,3C120,1.0714132785797,86100,AP-N901-F303,0.018448062241077,0.018448062241077,96.984748840332,272.75
26-APR-2025,18.52815062604,15180,3C120,1.0714132785797,86100,AP-N902-F303,0.018448062241077,0.018448062241077,75.767585754395,272.75
26-APR-2025,18.537039599173,15180,3C120,1.0716773271561,86100,AP-N901-F303,0.018448062241077,0.018448062241077,96.984748840332,272.75
26-APR-2025,18.537039599173,15180,3C120,1.0716773271561,86100,AP-N902-F303,0.018448062241077,0.018448062241077,75.767585754395,272.75
26-APR-2025,18.545928574402,15180,3C120,1.0719310045242,86100,AP-N901-F303,0.018448062241077,0.018448062241077,96.984748840332,272.75
26-APR-2025,18.545928574402,15180,3C120,1.0719310045242,86100,AP-N902-F303,0.018448062241077,0.018448062241077,75.767585754395,272.75
26-APR-2025,18.55481754736,15180,3C120,1.0721743106842,86100,AP-N901-F303,0.018448062241077,0.018448062241077,96.984748840332,272.75
26-APR-2025,18.55481754736,15180,3C120,1.0721743106842,86100,AP-N902-F303,0.018448062241077,0.018448062241077,75.767585754395,272.75
26-APR-2025,18.563706520144,15180,3C120,1.0724074840546,86100,AP-N901-F303,0.018448062241077,0.018448062241077,96.984748840332,272.75
26-APR-2025,18.563706520144,15180,3C120,1.0724074840546,86100,AP-N902-F303,0.018448062241077,0.018448062241077,75.767585754395,272.75
26-APR-2025,18.572595492928,15180,3C120,1.0726301670074,86100,AP-N901-F303,0.018448062241077,0.018448062241077,96.984748840332,272.75
26-APR-2025,18.572595492928,15180,3C120,1.0726301670074,86100,AP-N902-F303,0.018448062241077,0.018448062241077,75.767585754395,272.75
26-APR-2025,18.670513089891,15185,3C120,1.0743973255157,86100,AP-N901-F303,0.018538126721978,0.018538126721978,96.724739074707,272.45001220703
26-APR-2025,18.670513089891,15185,3C120,1.0743973255157,86100,AP-N902-F303,0.018538126721978,0.018538126721978,75.597953796387,272.45001220703
26-APR-2025,18.760097277434,15189,3C120,1.0749027729034,86100,AP-N901-F303,0.018538126721978,0.018538126721978,96.724739074707,272.45001220703
26-APR-2025,18.760097277434,15189,3C120,1.0749027729034,86100,AP-N902-F303,0.018538126721978,0.018538126721978,75.597953796387,272.45001220703
26-APR-2025,18.769264033122,15189,3C120,1.0748944282532,86100,AP-N901-F303,0.018538126721978,0.018538126721978,96.724739074707,272.45001220703
26-APR-2025,18.769264033122,15189,3C120,1.0748944282532,86100,AP-N902-F303,0.018538126721978,0.018538126721978,75.597953796387,272.45001220703
26-APR-2025,18.778153007826,15189,3C120,1.0748757123947,86100,AP-N901-F303,0.018538126721978,0.018538126721978,96.724739074707,272.45001220703
26-APR-2025,18.778153007826,15189,3C120,1.0748757123947,86100,AP-N902-F303,0.018538126721978,0.018538126721978,75.597953796387,272.45001220703
26-APR-2025,18.787319760196,15189,3C120,1.0748454332352,86100,AP-N901-F303,0.018538126721978,0.018538126721978,96.724739074707,272.45001220703
26-APR-2025,18.787319760196,15189,3C120,1.0748454332352,86100,AP-N902-F303,0.018538126721978,0.018538126721978,75.597953796387,272.45001220703
26-APR-2025,18.796347623908,15189,3C120,1.0748047828674,86100,AP-N901-F303,0.018538126721978,0.018538126721978,96.724739074707,272.45001220703
26-APR-2025,18.796347623908,15189,3C120,1.0748047828674,86100,AP-N902-F303,0.018538126721978,0.018538126721978,75.597953796387,272.45001220703
26-APR-2025,18.805653267207,15189,3C120,1.074751496315,86100,AP-N901-F303,0.018538126721978,0.018538126721978,96.724739074707,272.45001220703
26-APR-2025,18.805653267207,15189,3C120,1.074751496315,86100,AP-N902-F303,0.018538126721978,0.018538126721978,75.597953796387,272.45001220703
26-APR-2025,18.814681130744,15189,3C120,1.0746887922287,86100,AP-N901-F303,0.018538126721978,0.018538126721978,96.724739074707,272.45001220703
26-APR-2025,18.814681130744,15189,3C120,1.0746887922287,86100,AP-N902-F303,0.018538126721978,0.018538126721978,75.597953796387,272.45001220703
26-APR-2025,18.823708993758,15189,3C120,1.0746153593063,86100,AP-N901-F303,0.018538126721978,0.018538126721978,96.724739074707,272.45001220703
26-APR-2025,18.823708993758,15189,3C120,1.0746153593063,86100,AP-N902-F303,0.018538126721978,0.018538126721978,75.597953796387,272.45001220703
26-APR-2025,1.9937612892342,14593,3C273,1.0965294837952,86100,AP-N901-F303,0.017501154914498,0.017501154914498,100.90962982178,269.75
26-APR-2025,1.9937612892342,14593,3C273,1.0965294837952,86100,AP-N902-F303,0.017501154914498,0.017501154914498,77.989990234375,269.75
26-APR-2025,2.009455874545,14597,3C273,1.098116517067,86100,AP-N901-F303,0.017501154914498,0.017501154914498,100.90962982178,269.75
26-APR-2025,2.009455874545,14597,3C273,1.098116517067,86100,AP-N902-F303,0.017501154914498,0.017501154914498,77.989990234375,269.75
26-APR-2025,2.0186226267406,14597,3C273,1.0990303754807,86100,AP-N901-F303,0.017501154914498,0.017501154914498,100.90962982178,269.75
26-APR-2025,2.0186226267406,14597,3C273,1.0990303754807,86100,AP-N902-F303,0.017501154914498,0.017501154914498,77.989990234375,269.75
26-APR-2025,2.0275115990005,14597,3C273,1.0999071598053,86100,AP-N901-F303,0.017501154914498,0.017501154914498,100.90962982178,269.75
26-APR-2025,2.0275115990005,14597,3C273,1.0999071598053,86100,AP-N902-F303,0.017501154914498,0.017501154914498,77.989990234375,269.75
26-APR-2025,2.072650914592,14602,M87,0.93047261238098,86100,AP-N901-F303,0,0,106.79621887207,269.35000610352
26-APR-2025,2.072650914592,14602,M87,0.93047261238098,86100,AP-N902-F303,0,0,84.00106048584,269.35000610352
26-APR-2025,2.0905677432297,14606,M87,0.93173116445541,86100,AP-N901-F303,0,0,106.79621887207,269.35000610352
26-APR-2025,2.0905677432297,14606,M87,0.93173116445541,86100,AP-N902-F303,0,0,84.00106048584,269.35000610352
26-APR-2025,2.099456715315,14606,M87,0.93234437704086,86100,AP-N901-F303,0,0,106.79621887207,269.35000610352
26-APR-2025,2.099456715315,14606,M87,0.93234437704086,86100,AP-N902-F303,0,0,84.00106048584,269.35000610352
26-APR-2025,2.108345687051,14606,M87,0.93294996023178,86100,AP-N901-F303,0,0,106.79621887207,269.35000610352
26-APR-2025,2.108345687051,14606,M87,0.93294996023178,86100,AP-N902-F303,0,0,84.00106048584,269.35000610352
26-APR-2025,2.1175124395958,14606,M87,0.93356651067734,86100,AP-N901-F303,0,0,106.79621887207,269.35000610352
26-APR-2025,2.1175124395958,14606,M87,0.93356651067734,86100,AP-N902-F303,0,0,84.00106048584,269.35000610352
26-APR-2025,2.1264014115065,14606,M87,0.93415659666061,86100,AP-N901-F303,0,0,106.79621887207,269.35000610352
26-APR-2025,2.1264014115065,14606,M87,0.93415659666061,86100,AP-N902-F303,0,0,84.00106048584,269.35000610352
26-APR-2025,2.1352903837664,14606,M87,0.93473905324936,86100,AP-N901-F303,0,0,106.79621887207,269.35000610352
26-APR-2025,2.1352903837664,14606,M87,0.93473905324936,86100,AP-N902-F303,0,0,84.00106048584,269.35000610352
26-APR-2025,2.1447349179931,14606,M87,0.9353494644165,86100,AP-N901-F303,0,0,106.79621887207,269.35000610352
26-APR-2025,2.1447349179931,14606,M87,0.9353494644165,86100,AP-N902-F303,0,0,84.00106048584,269.35000610352
26-APR-2025,2.327097673194,14615,3C273,1.1236654520035,86100,AP-N901-F303,0.017592612653971,0.017592612653971,99.384971618652,269.54998779297
26-APR-2025,2.327097673194,14615,3C273,1.1236654520035,86100,AP-N902-F303,0.017592612653971,0.017592612653971,77.290573120117,269.54998779297
26-APR-2025,2.3433478257103,14619,3C273,1.1246137619019,86100,AP-N901-F303,0.017592612653971,0.017592612653971,99.384971618652,269.54998779297
26-APR-2025,2.3433478257103,14619,3C273,1.1246137619019,86100,AP-N902-F303,0.017592612653971,0.017592612653971,77.290573120117,269.54998779297
26-APR-2025,2.352236797621,14619,3C273,1.125116944313,86100,AP-N901-F303,0.017592612653971,0.017592612653971,99.384971618652,269.54998779297
26-APR-2025,2.352236797621,14619,3C273,1.125116944313,86100,AP-N902-F303,0.017592612653971,0.017592612653971,77.290573120117,269.54998779297
26-APR-2025,2.361125769357,14619,3C273,1.1256091594696,86100,AP-N901-F303,0.017592612653971,0.017592612653971,99.384971618652,269.54998779297
26-APR-2025,2.361125769357,14619,3C273,1.1256091594696,86100,AP-N902-F303,0.017592612653971,0.017592612653971,77.290573120117,269.54998779297
26-APR-2025,2.4057095186162,14624,M87,0.94869661331177,86100,AP-N901-F303,0,0,106.64530181885,269.85000610352
26-APR-2025,2.4057095186162,14624,M87,0.94869661331177,86100,AP-N902-F303,0,0,83.56298828125,269.85000610352
26-APR-2025,2.4236263512702,14628,M87,0.94935756921768,86100,AP-N901-F303,0,0,106.64530181885,269.85000610352
26-APR-2025,2.4236263512702,14628,M87,0.94935756921768,86100,AP-N902-F303,0,0,83.56298828125,269.85000610352
26-APR-2025,2.4325153230063,14628,M87,0.94967311620712,86100,AP-N901-F303,0,0,106.64530181885,269.85000610352
26-APR-2025,2.4325153230063,14628,M87,0.94967311620712,86100,AP-N902-F303,0,0,83.56298828125,269.85000610352
26-APR-2025,2.4414042954408,14628,M87,0.94998055696487,86100,AP-N901-F303,0,0,106.64530181885,269.85000610352
26-APR-2025,2.4414042954408,14628,M87,0.94998055696487,86100,AP-N902-F303,0,0,83.56298828125,269.85000610352
26-APR-2025,2.4502932675261,14628,M87,0.95027959346771,86100,AP-N901-F303,0,0,106.64530181885,269.85000610352
26-APR-2025,2.4502932675261,14628,M87,0.95027959346771,86100,AP-N902-F303,0,0,83.56298828125,269.85000610352
26-APR-2025,2.4591822387382,14628,M87,0.95057040452957,86100,AP-N901-F303,0,0,106.64530181885,269.85000610352
26-APR-2025,2.4591822387382,14628,M87,0.95057040452957,86100,AP-N902-F303,0,0,83.56298828125,269.85000610352
26-APR-2025,2.468348991283,14628,M87,0.95086163282394,86100,AP-N901-F303,0,0,106.64530181885,269.85000610352
26-APR-2025,2.468348991283,14628,M87,0.95086163282394,86100,AP-N902-F303,0,0,83.56298828125,269.85000610352
26-APR-2025,2.4772379631937,14628,M87,0.95113557577133,86100,AP-N901-F303,0,0,106.64530181885,269.85000610352
26-APR-2025,2.4772379631937,14628,M87,0.95113557577133,86100,AP-N902-F303,0,0,83.56298828125,269.85000610352
26-APR-2025,2.486126935279,14628,M87,0.9514012336731,86100,AP-N901-F303,0,0,106.64530181885,269.85000610352
26-APR-2025,2.486126935279,14628,M87,0.9514012336731,86100,AP-N902-F303,0,0,83.56298828125,269.85000610352
26-APR-2025,2.6604341146048,14633,3C273,1.1355241537094,86100,AP-N901-F303,0.0174969304353,0.0174969304353,98.425773620605,269.75
26-APR-2025,2.6604341146048,14633,3C273,1.1355241537094,86100,AP-N902-F303,0.0174969304353,0.0174969304353,76.49129486084,269.75
26-APR-2025,2.6766842728837,14637,3C273,1.1356827020645,86100,AP-N901-F303,0.0174969304353,0.0174969304353,98.425773620605,269.75
26-APR-2025,2.6766842728837,14637,3C273,1.1356827020645,86100,AP-N902-F303,0.0174969304353,0.0174969304353,76.49129486084,269.75
26-APR-2025,2.685573244969,14637,3C273,1.1357529163361,86100,AP-N901-F303,0.0174969304353,0.0174969304353,98.425773620605,269.75
26-APR-2025,2.685573244969,14637,3C273,1.1357529163361,86100,AP-N902-F303,0.0174969304353,0.0174969304353,76.49129486084,269.75
26-APR-2025,2.6947399973391,14637,3C273,1.1358128786087,86100,AP-N901-F303,0.0174969304353,0.0174969304353,98.425773620605,269.75
26-APR-2025,2.6947399973391,14637,3C273,1.1358128786087,86100,AP-N902-F303,0.0174969304353,0.0174969304353,76.49129486084,269.75
26-APR-2025,2.738768191791,14642,M87,0.95544159412384,86100,AP-N901-F303,0,0,106.37841796875,269.95001220703
26-APR-2025,2.738768191791,14642,M87,0.95544159412384,86100,AP-N902-F303,0,0,83.535659790039,269.95001220703
26-APR-2025,2.7569628003644,14646,M87,0.95546942949295,86100,AP-N901-F303,0,0,106.37841796875,269.95001220703
26-APR-2025,2.7569628003644,14646,M87,0.95546942949295,86100,AP-N902-F303,0,0,83.535659790039,269.95001220703
26-APR-2025,2.765851772799,14646,M87,0.95547008514404,86100,AP-N901-F303,0,0,106.37841796875,269.95001220703
26-APR-2025,2.765851772799,14646,M87,0.95547008514404,86100,AP-N902-F303,0,0,83.535659790039,269.95001220703
26-APR-2025,2.7747407438365,14646,M87,0.95546185970306,86100,AP-N901-F303,0,0,106.37841796875,269.95001220703
26-APR-2025,2.7747407438365,14646,M87,0.95546185970306,86100,AP-N902-F303,0,0,83.535659790039,269.95001220703
26-APR-2025,2.7836297157472,14646,M87,0.95544534921646,86100,AP-N901-F303,0,0,106.37841796875,269.95001220703
26-APR-2025,2.7836297157472,14646,M87,0.95544534921646,86100,AP-N902-F303,0,0,83.535659790039,269.95001220703
26-APR-2025,2.7927964705621,14646,M87,0.95541942119598,86100,AP-N901-F303,0,0,106.37841796875,269.95001220703
26-APR-2025,2.7927964705621,14646,M87,0.95541942119598,86100,AP-N902-F303,0,0,83.535659790039,269.95001220703
26-APR-2025,2.8019632213606,14646,M87,0.95538449287415,86100,AP-N901-F303,0,0,106.37841796875,269.95001220703
26-APR-2025,2.8019632213606,14646,M87,0.95538449287415,86100,AP-N902-F303,0,0,83.535659790039,269.95001220703
26-APR-2025,2.8108521941444,14646,M87,0.95534199476242,86100,AP-N901-F303,0,0,106.37841796875,269.95001220703
26-APR-2025,2.8108521941444,14646,M87,0.95534199476242,86100,AP-N902-F303,0,0,83.535659790039,269.95001220703
26-APR-2025,3.0043262227324,14651,3C279,1.2693018913269,86100,AP-N901-F303,0.017541470006108,0.017541470006108,96.658653259277,269.04998779297
26-APR-2025,3.0043262227324,14651,3C279,1.2693018913269,86100,AP-N902-F303,0.017541470006108,0.017541470006108,75.11595916748,269.04998779297
26-APR-2025,3.0208541626931,14655,3C279,1.2699033021927,86100,AP-N901-F303,0.017541470006108,0.017541470006108,96.658653259277,269.04998779297
26-APR-2025,3.0208541626931,14655,3C279,1.2699033021927,86100,AP-N902-F303,0.017541470006108,0.017541470006108,75.11595916748,269.04998779297
26-APR-2025,3.0297431346038,14655,3C279,1.2702034711838,86100,AP-N901-F303,0.017541470006108,0.017541470006108,96.658653259277,269.04998779297
26-APR-2025,3.0297431346038,14655,3C279,1.2702034711838,86100,AP-N902-F303,0.017541470006108,0.017541470006108,75.11595916748,269.04998779297
26-APR-2025,3.0386321073875,14655,3C279,1.2704871892929,86100,AP-N901-F303,0.017541470006108,0.017541470006108,96.658653259277,269.04998779297
26-APR-2025,3.0386321073875,14655,3C279,1.2704871892929,86100,AP-N902-F303,0.017541470006108,0.017541470006108,75.11595916748,269.04998779297
26-APR-2025,3.1055771752561,14662,M87,0.94916009902954,86100,AP-N901-F303,0.017529670149088,0.017529670149088,98.905487060547,269.45001220703
26-APR-2025,3.1055771752561,14662,M87,0.94916009902954,86100,AP-N902-F303,0.017529670149088,0.017529670149088,77.18342590332,269.45001220703
26-APR-2025,3.1147439278009,14662,M87,0.94882082939148,86100,AP-N901-F303,0.017529670149088,0.017529670149088,98.905487060547,269.45001220703
26-APR-2025,3.1147439278009,14662,M87,0.94882082939148,86100,AP-N902-F303,0.017529670149088,0.017529670149088,77.18342590332,269.45001220703
26-APR-2025,3.123910681568,14662,M87,0.94847279787064,86100,AP-N901-F303,0.017529670149088,0.017529670149088,98.905487060547,269.45001220703
26-APR-2025,3.123910681568,14662,M87,0.94847279787064,86100,AP-N902-F303,0.017529670149088,0.017529670149088,77.18342590332,269.45001220703
26-APR-2025,3.1330774334143,14662,M87,0.94811606407166,86100,AP-N901-F303,0.017529670149088,0.017529670149088,98.905487060547,269.45001220703
26-APR-2025,3.1330774334143,14662,M87,0.94811606407166,86100,AP-N902-F303,0.017529670149088,0.017529670149088,77.18342590332,269.45001220703
26-APR-2025,3.1422441859591,14662,M87,0.94775062799454,86100,AP-N901-F303,0.017529670149088,0.017529670149088,98.905487060547,269.45001220703
26-APR-2025,3.1422441859591,14662,M87,0.94775062799454,86100,AP-N902-F303,0.017529670149088,0.017529670149088,77.18342590332,269.45001220703
26-APR-2025,3.1514109378054,14662,M87,0.94737643003464,86100,AP-N901-F303,0.017529670149088,0.017529670149088,98.905487060547,269.45001220703
26-APR-2025,3.1514109378054,14662,M87,0.94737643003464,86100,AP-N902-F303,0.017529670149088,0.017529670149088,77.18342590332,269.45001220703
26-APR-2025,3.1602999077952,14662,M87,0.94700545072556,86100,AP-N901-F303,0.017529670149088,0.017529670149088,98.905487060547,269.45001220703
26-APR-2025,3.1602999077952,14662,M87,0.94700545072556,86100,AP-N902-F303,0.017529670149088,0.017529670149088,77.18342590332,269.45001220703
26-APR-2025,3.1691888812775,14662,M87,0.9466261267662,86100,AP-N901-F303,0.017529670149088,0.017529670149088,98.905487060547,269.45001220703
26-APR-2025,3.1691888812775,14662,M87,0.9466261267662,86100,AP-N902-F303,0.017529670149088,0.017529670149088,77.18342590332,269.45001220703
26-APR-2025,3.3271070255407,14667,3C273,1.1101883649826,86100,AP-N901-F303,0.017540078610182,0.017540078610182,97.133186340332,269.35000610352
26-APR-2025,3.3271070255407,14667,3C273,1.1101883649826,86100,AP-N902-F303,0.017540078610182,0.017540078610182,75.52352142334,269.35000610352
26-APR-2025,3.3433571715959,14671,3C273,1.1088012456894,86100,AP-N901-F303,0.017540078610182,0.017540078610182,97.133186340332,269.35000610352
26-APR-2025,3.3433571715959,14671,3C273,1.1088012456894,86100,AP-N902-F303,0.017540078610182,0.017540078610182,75.52352142334,269.35000610352
26-APR-2025,3.3522461424589,14671,3C273,1.1080286502838,86100,AP-N901-F303,0.017540078610182,0.017540078610182,97.133186340332,269.35000610352
26-APR-2025,3.3522461424589,14671,3C273,1.1080286502838,86100,AP-N902-F303,0.017540078610182,0.017540078610182,75.52352142334,269.35000610352
26-APR-2025,3.3611351143695,14671,3C273,1.1072462797165,86100,AP-N901-F303,0.017540078610182,0.017540078610182,97.133186340332,269.35000610352
26-APR-2025,3.3611351143695,14671,3C273,1.1072462797165,86100,AP-N902-F303,0.017540078610182,0.017540078610182,75.52352142334,269.35000610352
26-APR-2025,3.4059966467075,14676,M87,0.93358325958252,86100,AP-N901-F303,0,0,106.59915924072,269.35000610352
26-APR-2025,3.4059966467075,14676,M87,0.93358325958252,86100,AP-N902-F303,0,0,83.56364440918,269.35000610352
26-APR-2025,3.423913480584,14680,M87,0.9323707818985,86100,AP-N901-F303,0,0,106.59915924072,269.35000610352
26-APR-2025,3.423913480584,14680,M87,0.9323707818985,86100,AP-N902-F303,0,0,83.56364440918,269.35000610352
26-APR-2025,3.4330802331288,14680,M87,0.93173867464066,86100,AP-N901-F303,0,0,106.59915924072,269.35000610352
26-APR-2025,3.4330802331288,14680,M87,0.93173867464066,86100,AP-N902-F303,0,0,83.56364440918,269.35000610352
26-APR-2025,3.4422469874198,14680,M87,0.93109846115112,86100,AP-N901-F303,0,0,106.59915924072,269.35000610352
26-APR-2025,3.4422469874198,14680,M87,0.93109846115112,86100,AP-N902-F303,0,0,83.56364440918,269.35000610352
26-APR-2025,3.4514137396153,14680,M87,0.93045026063919,86100,AP-N901-F303,0,0,106.59915924072,269.35000610352
26-APR-2025,3.4514137396153,14680,M87,0.93045026063919,86100,AP-N902-F303,0,0,83.56364440918,269.35000610352
26-APR-2025,3.4604416015811,14680,M87,0.92980402708054,86100,AP-N901-F303,0,0,106.59915924072,269.35000610352
26-APR-2025,3.4604416015811,14680,M87,0.92980402708054,86100,AP-N902-F303,0,0,83.56364440918,269.35000610352
26-APR-2025,3.469747243308,14680,M87,0.92912983894348,86100,AP-N901-F303,0,0,106.59915924072,269.35000610352
26-APR-2025,3.469747243308,14680,M87,0.92912983894348,86100,AP-N902-F303,0,0,83.56364440918,269.35000610352
26-APR-2025,3.4786362157425,14680,M87,0.92847818136215,86100,AP-N901-F303,0,0,106.59915924072,269.35000610352
26-APR-2025,3.4786362157425,14680,M87,0.92847818136215,86100,AP-N902-F303,0,0,83.56364440918,269.35000610352
26-APR-2025,3.6630829404597,14689,3C273,1.0751796960831,86100,AP-N901-F303,0.017592517659068,0.017592517659068,96.474571228027,269.45001220703
26-APR-2025,3.6630829404597,14689,3C273,1.0751796960831,86100,AP-N902-F303,0.017592517659068,0.017592517659068,75.141914367676,269.45001220703
26-APR-2025,3.6796108716893,14693,3C273,1.0731382369995,86100,AP-N901-F303,0.017592517659068,0.017592517659068,96.474571228027,269.45001220703
26-APR-2025,3.6796108716893,14693,3C273,1.0731382369995,86100,AP-N902-F303,0.017592517659068,0.017592517659068,75.141914367676,269.45001220703
26-APR-2025,3.6884998437746,14693,3C273,1.072028875351,86100,AP-N901-F303,0.017592517659068,0.017592517659068,96.474571228027,269.45001220703
26-APR-2025,3.6884998437746,14693,3C273,1.072028875351,86100,AP-N902-F303,0.017592517659068,0.017592517659068,75.141914367676,269.45001220703
26-APR-2025,3.6973888160345,14693,3C273,1.0709117650986,86100,AP-N901-F303,0.017592517659068,0.017592517659068,96.474571228027,269.45001220703
26-APR-2025,3.6973888160345,14693,3C273,1.0709117650986,86100,AP-N902-F303,0.017592517659068,0.017592517659068,75.141914367676,269.45001220703
26-APR-2025,3.7425281309275,14698,M87,0.90583890676498,86100,AP-N901-F303,0,0,106.75164794922,269.35000610352
26-APR-2025,3.7425281309275,14698,M87,0.90583890676498,86100,AP-N902-F303,0,0,84.002792358398,269.35000610352
26-APR-2025,3.7601671787565,14702,M87,0.9041069149971,86100,AP-N901-F303,0,0,106.75164794922,269.35000610352
26-APR-2025,3.7601671787565,14702,M87,0.9041069149971,86100,AP-N902-F303,0,0,84.002792358398,269.35000610352
26-APR-2025,3.7693339321744,14702,M87,0.9031965136528,86100,AP-N901-F303,0,0,106.75164794922,269.35000610352
26-APR-2025,3.7693339321744,14702,M87,0.9031965136528,86100,AP-N902-F303,0,0,84.002792358398,269.35000610352
26-APR-2025,3.7785006847192,14702,M87,0.90227907896042,86100,AP-N901-F303,0,0,106.75164794922,269.35000610352
26-APR-2025,3.7785006847192,14702,M87,0.90227907896042,86100,AP-N902-F303,0,0,84.002792358398,269.35000610352
26-APR-2025,3.7875285486058,14702,M87,0.90136861801147,86100,AP-N901-F303,0,0,106.75164794922,269.35000610352
26-APR-2025,3.7875285486058,14702,M87,0.90136861801147,86100,AP-N902-F303,0,0,84.002792358398,269.35000610352
26-APR-2025,3.7965564102224,14702,M87,0.90045136213303,86100,AP-N901-F303,0,0,106.75164794922,269.35000610352
26-APR-2025,3.7965564102224,14702,M87,0.90045136213303,86100,AP-N902-F303,0,0,84.002792358398,269.35000610352
26-APR-2025,3.8054453823076,14702,M87,0.89954161643982,86100,AP-N901-F303,0,0,106.75164794922,269.35000610352
26-APR-2025,3.8054453823076,14702,M87,0.89954161643982,86100,AP-N902-F303,0,0,84.002792358398,269.35000610352
26-APR-2025,3.8143343545675,14702,M87,0.89862537384033,86100,AP-N901-F303,0,0,106.75164794922,269.35000610352
26-APR-2025,3.8143343545675,14702,M87,0.89862537384033,86100,AP-N902-F303,0,0,84.002792358398,269.35000610352
26-APR-2025,3.9936415858318,14707,3C273,1.0295261144638,86100,AP-N901-F303,0.017591543495655,0.017591543495655,96.207099914551,269.35000610352
26-APR-2025,3.9936415858318,14707,3C273,1.0295261144638,86100,AP-N902-F303,0.017591543495655,0.017591543495655,75.084403991699,269.35000610352
26-APR-2025,4.0098917399197,14711,3C273,1.0270419120789,86100,AP-N901-F303,0.017591543495655,0.017591543495655,96.207099914551,269.35000610352
26-APR-2025,4.0098917399197,14711,3C273,1.0270419120789,86100,AP-N902-F303,0.017591543495655,0.017591543495655,75.084403991699,269.35000610352
26-APR-2025,4.0190584896706,14711,3C273,1.0256316661835,86100,AP-N901-F303,0.017591543495655,0.017591543495655,96.207099914551,269.35000610352
26-APR-2025,4.0190584896706,14711,3C273,1.0256316661835,86100,AP-N902-F303,0.017591543495655,0.017591543495655,75.084403991699,269.35000610352
26-APR-2025,4.0279474622797,14711,3C273,1.02425801754,86100,AP-N901-F303,0.017591543495655,0.017591543495655,96.207099914551,269.35000610352
26-APR-2025,4.0279474622797,14711,3C273,1.02425801754,86100,AP-N902-F303,0.017591543495655,0.017591543495655,75.084403991699,269.35000610352
26-APR-2025,4.0730867666953,14716,M87,0.86921370029449,86100,AP-N901-F303,0,0,107.21893310547,269.14999389648
26-APR-2025,4.0730867666953,14716,M87,0.86921370029449,86100,AP-N902-F303,0,0,84.499687194824,269.14999389648
26-APR-2025,4.0907258246525,14720,M87,0.86702436208725,86100,AP-N901-F303,0,0,107.21893310547,269.14999389648
26-APR-2025,4.0907258246525,14720,M87,0.86702436208725,86100,AP-N902-F303,0,0,84.499687194824,269.14999389648
26-APR-2025,4.0996147963885,14720,M87,0.86591279506683,86100,AP-N901-F303,0,0,107.21893310547,269.14999389648
26-APR-2025,4.0996147963885,14720,M87,0.86591279506683,86100,AP-N902-F303,0,0,84.499687194824,269.14999389648
26-APR-2025,4.1087815512034,14720,M87,0.86476057767868,86100,AP-N901-F303,0,0,107.21893310547,269.14999389648
26-APR-2025,4.1087815512034,14720,M87,0.86476057767868,86100,AP-N902-F303,0,0,84.499687194824,269.14999389648
26-APR-2025,4.1176705229394,14720,M87,0.86363762617111,86100,AP-N901-F303,0,0,107.21893310547,269.14999389648
26-APR-2025,4.1176705229394,14720,M87,0.86363762617111,86100,AP-N902-F303,0,0,84.499687194824,269.14999389648
26-APR-2025,4.1265594946754,14720,M87,0.86250901222229,86100,AP-N901-F303,0,0,107.21893310547,269.14999389648
26-APR-2025,4.1265594946754,14720,M87,0.86250901222229,86100,AP-N902-F303,0,0,84.499687194824,269.14999389648
26-APR-2025,4.1357262466964,14720,M87,0.86133939027786,86100,AP-N901-F303,0,0,107.21893310547,269.14999389648
26-APR-2025,4.1357262466964,14720,M87,0.86133939027786,86100,AP-N902-F303,0,0,84.499687194824,269.14999389648
26-APR-2025,4.1448930009874,14720,M87,0.86016380786896,86100,AP-N901-F303,0,0,107.21893310547,269.14999389648
26-APR-2025,4.1448930009874,14720,M87,0.86016380786896,86100,AP-N902-F303,0,0,84.499687194824,269.14999389648
26-APR-2025,4.3355892330128,14725,3C279,1.1539868116379,86100,AP-N901-F303,0.01763729378581,0.01763729378581,94.973487854004,268.75
26-APR-2025,4.3355892330128,14725,3C279,1.1539868116379,86100,AP-N902-F303,0.01763729378581,0.01763729378581,74.571434020996,268.75
26-APR-2025,4.3518393801158,14729,3C279,1.1511038541794,86100,AP-N901-F303,0.01763729378581,0.01763729378581,94.973487854004,268.75
26-APR-2025,4.3518393801158,14729,3C279,1.1511038541794,86100,AP-N902-F303,0.01763729378581,0.01763729378581,74.571434020996,268.75
26-APR-2025,4.3607283520265,14729,3C279,1.1495183706284,86100,AP-N901-F303,0.01763729378581,0.01763729378581,94.973487854004,268.75
26-APR-2025,4.3607283520265,14729,3C279,1.1495183706284,86100,AP-N902-F303,0.01763729378581,0.01763729378581,74.571434020996,268.75
26-APR-2025,4.3696173242864,14729,3C279,1.1479269266129,86100,AP-N901-F303,0.01763729378581,0.01763729378581,94.973487854004,268.75
26-APR-2025,4.3696173242864,14729,3C279,1.1479269266129,86100,AP-N902-F303,0.01763729378581,0.01763729378581,74.571434020996,268.75
26-APR-2025,4.4346179317323,14736,M87,0.82014566659927,86100,AP-N901-F303,0.017568876966834,0.017568876966834,98.25186920166,268.85000610352
26-APR-2025,4.4346179317323,14736,M87,0.82014566659927,86100,AP-N902-F303,0.017568876966834,0.017568876966834,77.116844177246,268.85000610352
26-APR-2025,4.4435069036429,14736,M87,0.8188351392746,86100,AP-N901-F303,0.017568876966834,0.017568876966834,98.25186920166,268.85000610352
26-APR-2025,4.4435069036429,14736,M87,0.8188351392746,86100,AP-N902-F303,0.017568876966834,0.017568876966834,77.116844177246,268.85000610352
26-APR-2025,4.45267365514,14736,M87,0.81747877597809,86100,AP-N901-F303,0.017568876966834,0.017568876966834,98.25186920166,268.85000610352
26-APR-2025,4.45267365514,14736,M87,0.81747877597809,86100,AP-N902-F303,0.017568876966834,0.017568876966834,77.116844177246,268.85000610352
26-APR-2025,4.4618404069863,14736,M87,0.81611740589142,86100,AP-N901-F303,0.017568876966834,0.017568876966834,98.25186920166,268.85000610352
26-APR-2025,4.4618404069863,14736,M87,0.81611740589142,86100,AP-N902-F303,0.017568876966834,0.017568876966834,77.116844177246,268.85000610352
26-APR-2025,4.4707293794208,14736,M87,0.81479269266129,86100,AP-N901-F303,0.017568876966834,0.017568876966834,98.25186920166,268.85000610352
26-APR-2025,4.4707293794208,14736,M87,0.81479269266129,86100,AP-N902-F303,0.017568876966834,0.017568876966834,77.116844177246,268.85000610352
26-APR-2025,4.4796183515061,14736,M87,0.81346344947815,86100,AP-N901-F303,0.017568876966834,0.017568876966834,98.25186920166,268.85000610352
26-APR-2025,4.4796183515061,14736,M87,0.81346344947815,86100,AP-N902-F303,0.017568876966834,0.017568876966834,77.116844177246,268.85000610352
26-APR-2025,4.4887851031778,14736,M87,0.81208777427673,86100,AP-N901-F303,0.017568876966834,0.017568876966834,98.25186920166,268.85000610352
26-APR-2025,4.4887851031778,14736,M87,0.81208777427673,86100,AP-N902-F303,0.017568876966834,0.017568876966834,77.116844177246,268.85000610352
26-APR-2025,4.4976740756123,14736,M87,0.81074929237366,86100,AP-N901-F303,0.017568876966834,0.017568876966834,98.25186920166,268.85000610352
26-APR-2025,4.4976740756123,14736,M87,0.81074929237366,86100,AP-N902-F303,0.017568876966834,0.017568876966834,77.116844177246,268.85000610352
26-APR-2025,4.6611478297644,14741,3C273,0.91349273920059,86100,AP-N901-F303,0.017447555437684,0.017447555437684,96.922691345215,268.95001220703
26-APR-2025,4.6611478297644,14741,3C273,0.91349273920059,86100,AP-N902-F303,0.017447555437684,0.017447555437684,76.200874328613,268.95001220703
26-APR-2025,4.6762868607918,14745,3C273,0.91058731079102,86100,AP-N901-F303,0.017447555437684,0.017447555437684,96.922691345215,268.95001220703
26-APR-2025,4.6762868607918,14745,3C273,0.91058731079102,86100,AP-N902-F303,0.017447555437684,0.017447555437684,76.200874328613,268.95001220703
26-APR-2025,4.6857313948439,14745,3C273,0.90876984596252,86100,AP-N901-F303,0.017447555437684,0.017447555437684,96.922691345215,268.95001220703
26-APR-2025,4.6857313948439,14745,3C273,0.90876984596252,86100,AP-N902-F303,0.017447555437684,0.017447555437684,76.200874328613,268.95001220703
26-APR-2025,4.6948981470394,14745,3C273,0.90700227022171,86100,AP-N901-F303,0.017447555437684,0.017447555437684,96.922691345215,268.95001220703
26-APR-2025,4.6948981470394,14745,3C273,0.90700227022171,86100,AP-N902-F303,0.017447555437684,0.017447555437684,76.200874328613,268.95001220703
26-APR-2025,4.7397596774566,14750,M87,0.77264767885208,86100,AP-N901-F303,0,0,108.67575073242,268.95001220703
26-APR-2025,4.7397596774566,14750,M87,0.77264767885208,86100,AP-N902-F303,0,0,85.650932312012,268.95001220703
26-APR-2025,4.7579542930149,14754,M87,0.76966220140457,86100,AP-N901-F303,0,0,108.67575073242,268.95001220703
26-APR-2025,4.7579542930149,14754,M87,0.76966220140457,86100,AP-N902-F303,0,0,85.650932312012,268.95001220703
26-APR-2025,4.7668432649256,14754,M87,0.76819789409637,86100,AP-N901-F303,0,0,108.67575073242,268.95001220703
26-APR-2025,4.7668432649256,14754,M87,0.76819789409637,86100,AP-N902-F303,0,0,85.650932312012,268.95001220703
26-APR-2025,4.7760100192166,14754,M87,0.76668375730515,86100,AP-N901-F303,0,0,108.67575073242,268.95001220703
26-APR-2025,4.7760100192166,14754,M87,0.76668375730515,86100,AP-N902-F303,0,0,85.650932312012,268.95001220703
26-APR-2025,4.7848989913019,14754,M87,0.76521170139313,86100,AP-N901-F303,0,0,108.67575073242,268.95001220703
26-APR-2025,4.7848989913019,14754,M87,0.76521170139313,86100,AP-N902-F303,0,0,85.650932312012,268.95001220703
26-APR-2025,4.7937879633872,14754,M87,0.76373594999313,86100,AP-N901-F303,0,0,108.67575073242,268.95001220703
26-APR-2025,4.7937879633872,14754,M87,0.76373594999313,86100,AP-N902-F303,0,0,85.650932312012,268.95001220703
26-APR-2025,4.8029547157573,14754,M87,0.76221007108688,86100,AP-N901-F303,0,0,108.67575073242,268.95001220703
26-APR-2025,4.8029547157573,14754,M87,0.76221007108688,86100,AP-N902-F303,0,0,85.650932312012,268.95001220703
26-APR-2025,4.811843687668,14754,M87,0.76072657108307,86100,AP-N901-F303,0,0,108.67575073242,268.95001220703
26-APR-2025,4.811843687668,14754,M87,0.76072657108307,86100,AP-N902-F303,0,0,85.650932312012,268.95001220703
26-APR-2025,4.9943407892341,14763,3C273,0.84747952222824,86100,AP-N901-F303,0.017255237326026,0.017255237326026,98.832534790039,269.25
26-APR-2025,4.9943407892341,14763,3C273,0.84747952222824,86100,AP-N902-F303,0.017255237326026,0.017255237326026,77.807731628418,269.25
26-APR-2025,5.0094798207854,14767,3C273,0.84438651800156,86100,AP-N901-F303,0.017255237326026,0.017255237326026,98.832534790039,269.25
26-APR-2025,5.0094798207854,14767,3C273,0.84438651800156,86100,AP-N902-F303,0.017255237326026,0.017255237326026,77.807731628418,269.25
26-APR-2025,5.0183687933946,14767,3C273,0.84256714582443,86100,AP-N901-F303,0.017255237326026,0.017255237326026,98.832534790039,269.25
26-APR-2025,5.0183687933946,14767,3C273,0.84256714582443,86100,AP-N902-F303,0.017255237326026,0.017255237326026,77.807731628418,269.25
26-APR-2025,5.0275355448916,14767,3C273,0.84068822860718,86100,AP-N901-F303,0.017255237326026,0.017255237326026,98.832534790039,269.25
26-APR-2025,5.0275355448916,14767,3C273,0.84068822860718,86100,AP-N902-F303,0.017255237326026,0.017255237326026,77.807731628418,269.25
26-APR-2025,5.093369495637,14774,M87,0.71193134784698,86100,AP-N901-F303,0.017217148095369,0.017217148095369,101.78095245361,269.14999389648
26-APR-2025,5.093369495637,14774,M87,0.71193134784698,86100,AP-N902-F303,0.017217148095369,0.017217148095369,80.758697509766,269.14999389648
26-APR-2025,5.1025362480071,14774,M87,0.71028709411621,86100,AP-N901-F303,0.017217148095369,0.017217148095369,101.78095245361,269.14999389648
26-APR-2025,5.1025362480071,14774,M87,0.71028709411621,86100,AP-N902-F303,0.017217148095369,0.017217148095369,80.758697509766,269.14999389648
26-APR-2025,5.1114252199178,14774,M87,0.70868945121765,86100,AP-N901-F303,0.017217148095369,0.017217148095369,101.78095245361,269.14999389648
26-APR-2025,5.1114252199178,14774,M87,0.70868945121765,86100,AP-N902-F303,0.017217148095369,0.017217148095369,80.758697509766,269.14999389648
26-APR-2025,5.1203141925269,14774,M87,0.70708876848221,86100,AP-N901-F303,0.017217148095369,0.017217148095369,101.78095245361,269.14999389648
26-APR-2025,5.1203141925269,14774,M87,0.70708876848221,86100,AP-N902-F303,0.017217148095369,0.017217148095369,80.758697509766,269.14999389648
26-APR-2025,5.1294809475164,14774,M87,0.70543485879898,86100,AP-N901-F303,0.017217148095369,0.017217148095369,101.78095245361,269.14999389648
26-APR-2025,5.1294809475164,14774,M87,0.70543485879898,86100,AP-N902-F303,0.017217148095369,0.017217148095369,80.758697509766,269.14999389648
26-APR-2025,5.1383699197763,14774,M87,0.70382791757584,86100,AP-N901-F303,0.017217148095369,0.017217148095369,101.78095245361,269.14999389648
26-APR-2025,5.1383699197763,14774,M87,0.70382791757584,86100,AP-N902-F303,0.017217148095369,0.017217148095369,80.758697509766,269.14999389648
26-APR-2025,5.1475366716226,14774,M87,0.70216768980026,86100,AP-N901-F303,0.017217148095369,0.017217148095369,101.78095245361,269.14999389648
26-APR-2025,5.1475366716226,14774,M87,0.70216768980026,86100,AP-N902-F303,0.017217148095369,0.017217148095369,80.758697509766,269.14999389648
26-APR-2025,5.1571200932851,14774,M87,0.70042854547501,86100,AP-N901-F303,0.017217148095369,0.017217148095369,101.78095245361,269.14999389648
26-APR-2025,5.1571200932851,14774,M87,0.70042854547501,86100,AP-N902-F303,0.017217148095369,0.017217148095369,80.758697509766,269.14999389648
26-APR-2025,5.327399479522,14779,3C273,0.77788710594177,86100,AP-N901-F303,0.017185356467962,0.017185356467962,102.46697235107,269.35000610352
26-APR-2025,5.327399479522,14779,3C273,0.77788710594177,86100,AP-N902-F303,0.017185356467962,0.017185356467962,81.693153381348,269.35000610352
26-APR-2025,5.3432329526179,14783,3C273,0.77450525760651,86100,AP-N901-F303,0.017185356467962,0.017185356467962,102.46697235107,269.35000610352
26-APR-2025,5.3432329526179,14783,3C273,0.77450525760651,86100,AP-N902-F303,0.017185356467962,0.017185356467962,81.693153381348,269.35000610352
26-APR-2025,5.352538594694,14783,3C273,0.77251482009888,86100,AP-N901-F303,0.017185356467962,0.017185356467962,102.46697235107,269.35000610352
26-APR-2025,5.352538594694,14783,3C273,0.77251482009888,86100,AP-N902-F303,0.017185356467962,0.017185356467962,81.693153381348,269.35000610352
26-APR-2025,5.3614275667792,14783,3C273,0.77061158418655,86100,AP-N901-F303,0.017185356467962,0.017185356467962,102.46697235107,269.35000610352
26-APR-2025,5.3614275667792,14783,3C273,0.77061158418655,86100,AP-N902-F303,0.017185356467962,0.017185356467962,81.693153381348,269.35000610352
26-APR-2025,5.426983739859,14790,M87,0.65010678768158,86100,AP-N901-F303,0.017121121287346,0.017121121287346,106.44059753418,269.54998779297
26-APR-2025,5.426983739859,14790,M87,0.65010678768158,86100,AP-N902-F303,0.017121121287346,0.017121121287346,85.130920410156,269.54998779297
26-APR-2025,5.4361504932769,14790,M87,0.64835441112518,86100,AP-N901-F303,0.017121121287346,0.017121121287346,106.44059753418,269.54998779297
26-APR-2025,5.4361504932769,14790,M87,0.64835441112518,86100,AP-N902-F303,0.017121121287346,0.017121121287346,85.130920410156,269.54998779297
26-APR-2025,5.4450394650129,14790,M87,0.64665251970291,86100,AP-N901-F303,0.017121121287346,0.017121121287346,106.44059753418,269.54998779297
26-APR-2025,5.4450394650129,14790,M87,0.64665251970291,86100,AP-N902-F303,0.017121121287346,0.017121121287346,85.130920410156,269.54998779297
26-APR-2025,5.4539284379713,14790,M87,0.64494830369949,86100,AP-N901-F303,0.017121121287346,0.017121121287346,106.44059753418,269.54998779297
26-APR-2025,5.4539284379713,14790,M87,0.64494830369949,86100,AP-N902-F303,0.017121121287346,0.017121121287346,85.130920410156,269.54998779297
26-APR-2025,5.4628174100566,14790,M87,0.64324146509171,86100,AP-N901-F303,0.017121121287346,0.017121121287346,106.44059753418,269.54998779297
26-APR-2025,5.4628174100566,14790,M87,0.64324146509171,86100,AP-N902-F303,0.017121121287346,0.017121121287346,85.130920410156,269.54998779297
26-APR-2025,5.4719841622522,14790,M87,0.64147877693176,86100,AP-N901-F303,0.017121121287346,0.017121121287346,106.44059753418,269.54998779297
26-APR-2025,5.4719841622522,14790,M87,0.64147877693176,86100,AP-N902-F303,0.017121121287346,0.017121121287346,85.130920410156,269.54998779297
26-APR-2025,5.4811509153208,14790,M87,0.63971352577209,86100,AP-N901-F303,0.017121121287346,0.017121121287346,106.44059753418,269.54998779297
26-APR-2025,5.4811509153208,14790,M87,0.63971352577209,86100,AP-N902-F303,0.017121121287346,0.017121121287346,85.130920410156,269.54998779297
26-APR-2025,5.6660137650305,14795,3C279,0.87623244524002,86100,AP-N901-F303,0.017191687598825,0.017191687598825,106.22666168213,269.35000610352
26-APR-2025,5.6660137650305,14795,3C279,0.87623244524002,86100,AP-N902-F303,0.017191687598825,0.017191687598825,85.346115112305,269.35000610352
26-APR-2025,5.681986138135,14799,3C279,0.8725928068161,86100,AP-N901-F303,0.017191687598825,0.017191687598825,106.22666168213,269.35000610352
26-APR-2025,5.681986138135,14799,3C279,0.8725928068161,86100,AP-N902-F303,0.017191687598825,0.017191687598825,85.346115112305,269.35000610352
26-APR-2025,5.6908751110934,14799,3C279,0.87056559324265,86100,AP-N901-F303,0.017191687598825,0.017191687598825,106.22666168213,269.35000610352
26-APR-2025,5.6908751110934,14799,3C279,0.87056559324265,86100,AP-N902-F303,0.017191687598825,0.017191687598825,85.346115112305,269.35000610352
26-APR-2025,5.6997640833533,14799,3C279,0.86853718757629,86100,AP-N901-F303,0.017191687598825,0.017191687598825,106.22666168213,269.35000610352
26-APR-2025,5.6997640833533,14799,3C279,0.86853718757629,86100,AP-N902-F303,0.017191687598825,0.017191687598825,85.346115112305,269.35000610352
26-APR-2025,5.7655980349717,14806,M87,0.5837219953537,86100,AP-N901-F303,0.017207715660334,0.017207715660334,113.26998901367,269.25
26-APR-2025,5.7655980349717,14806,M87,0.5837219953537,86100,AP-N902-F303,0.017207715660334,0.017207715660334,91.971252441406,269.25
26-APR-2025,5.7747647869927,14806,M87,0.58188080787659,86100,AP-N901-F303,0.017207715660334,0.017207715660334,113.26998901367,269.25
26-APR-2025,5.7747647869927,14806,M87,0.58188080787659,86100,AP-N902-F303,0.017207715660334,0.017207715660334,91.971252441406,269.25
26-APR-2025,5.7839315391882,14806,M87,0.58003753423691,86100,AP-N901-F303,0.017207715660334,0.017207715660334,113.26998901367,269.25
26-APR-2025,5.7839315391882,14806,M87,0.58003753423691,86100,AP-N902-F303,0.017207715660334,0.017207715660334,91.971252441406,269.25
26-APR-2025,5.7928205114481,14806,M87,0.57824814319611,86100,AP-N901-F303,0.017207715660334,0.017207715660334,113.26998901367,269.25
26-APR-2025,5.7928205114481,14806,M87,0.57824814319611,86100,AP-N902-F303,0.017207715660334,0.017207715660334,91.971252441406,269.25
26-APR-2025,5.8017094844065,14806,M87,0.57645660638809,86100,AP-N901-F303,0.017207715660334,0.017207715660334,113.26998901367,269.25
26-APR-2025,5.8017094844065,14806,M87,0.57645660638809,86100,AP-N902-F303,0.017207715660334,0.017207715660334,91.971252441406,269.25
26-APR-2025,5.8105984575395,14806,M87,0.5746631026268,86100,AP-N901-F303,0.017207715660334,0.017207715660334,113.26998901367,269.25
26-APR-2025,5.8105984575395,14806,M87,0.5746631026268,86100,AP-N902-F303,0.017207715660334,0.017207715660334,91.971252441406,269.25
26-APR-2025,5.8194874294502,14806,M87,0.57286763191223,86100,AP-N901-F303,0.017207715660334,0.017207715660334,113.26998901367,269.25
26-APR-2025,5.8194874294502,14806,M87,0.57286763191223,86100,AP-N902-F303,0.017207715660334,0.017207715660334,91.971252441406,269.25
26-APR-2025,5.8286541818203,14806,M87,0.57101398706436,86100,AP-N901-F303,0.017207715660334,0.017207715660334,113.26998901367,269.25
26-APR-2025,5.8286541818203,14806,M87,0.57101398706436,86100,AP-N902-F303,0.017207715660334,0.017207715660334,91.971252441406,269.25
26-APR-2025,5.9949057506957,14811,3C273,0.63089722394943,86100,AP-N901-F303,0.017284529283643,0.017284529283643,115.77721405029,268.85000610352
26-APR-2025,5.9949057506957,14811,3C273,0.63089722394943,86100,AP-N902-F303,0.017284529283643,0.017284529283643,94.540641784668,268.85000610352
26-APR-2025,6.0100447818979,14815,3C273,0.62747573852539,86100,AP-N901-F303,0.017284529283643,0.017284529283643,115.77721405029,268.85000610352
26-APR-2025,6.0100447818979,14815,3C273,0.62747573852539,86100,AP-N902-F303,0.017284529283643,0.017284529283643,94.540641784668,268.85000610352
26-APR-2025,6.0192115347919,14815,3C273,0.62540245056152,86100,AP-N901-F303,0.017284529283643,0.017284529283643,115.77721405029,268.85000610352
26-APR-2025,6.0192115347919,14815,3C273,0.62540245056152,86100,AP-N902-F303,0.017284529283643,0.017284529283643,94.540641784668,268.85000610352
26-APR-2025,6.0281005070518,14815,3C273,0.62339091300964,86100,AP-N901-F303,0.017284529283643,0.017284529283643,115.77721405029,268.85000610352
26-APR-2025,6.0281005070518,14815,3C273,0.62339091300964,86100,AP-N902-F303,0.017284529283643,0.017284529283643,94.540641784668,268.85000610352
26-APR-2025,6.093378903863,14822,M87,0.51663112640381,86100,AP-N901-F303,0.017263390123844,0.017263390123844,112.14779663086,269.14999389648
26-APR-2025,6.093378903863,14822,M87,0.51663112640381,86100,AP-N902-F303,0.017263390123844,0.017263390123844,90.655052185059,269.14999389648
26-APR-2025,6.1022678768214,14822,M87,0.51477807760239,86100,AP-N901-F303,0.017263390123844,0.017263390123844,112.14779663086,269.14999389648
26-APR-2025,6.1022678768214,14822,M87,0.51477807760239,86100,AP-N902-F303,0.017263390123844,0.017263390123844,90.655052185059,269.14999389648
26-APR-2025,6.1114346302393,14822,M87,0.51286536455154,86100,AP-N901-F303,0.017263390123844,0.017263390123844,112.14779663086,269.14999389648
26-APR-2025,6.1114346302393,14822,M87,0.51286536455154,86100,AP-N902-F303,0.017263390123844,0.017263390123844,90.655052185059,269.14999389648
26-APR-2025,6.120323603023,14822,M87,0.51100891828537,86100,AP-N901-F303,0.017263390123844,0.017263390123844,112.14779663086,269.14999389648
26-APR-2025,6.120323603023,14822,M87,0.51100891828537,86100,AP-N902-F303,0.017263390123844,0.017263390123844,90.655052185059,269.14999389648
26-APR-2025,6.1294903552186,14822,M87,0.50909274816513,86100,AP-N901-F303,0.017263390123844,0.017263390123844,112.14779663086,269.14999389648
26-APR-2025,6.1294903552186,14822,M87,0.50909274816513,86100,AP-N902-F303,0.017263390123844,0.017263390123844,90.655052185059,269.14999389648
26-APR-2025,6.1387959978185,14822,M87,0.50714582204819,86100,AP-N901-F303,0.017263390123844,0.017263390123844,112.14779663086,269.14999389648
26-APR-2025,6.1387959978185,14822,M87,0.50714582204819,86100,AP-N902-F303,0.017263390123844,0.017263390123844,90.655052185059,269.14999389648
26-APR-2025,6.1481016390215,14822,M87,0.50519704818726,86100,AP-N901-F303,0.017263390123844,0.017263390123844,112.14779663086,269.14999389648
26-APR-2025,6.1481016390215,14822,M87,0.50519704818726,86100,AP-N902-F303,0.017263390123844,0.017263390123844,90.655052185059,269.14999389648
26-APR-2025,6.327871721594,14831,3C273,0.55495858192444,86100,AP-N901-F303,0.017328517511487,0.017328517511487,136.24263000488,268.95001220703
26-APR-2025,6.327871721594,14831,3C273,0.55495858192444,86100,AP-N902-F303,0.017328517511487,0.017328517511487,115.03615570068,268.95001220703
26-APR-2025,6.3432885271438,14835,3C273,0.55141061544418,86100,AP-N901-F303,0.017328517511487,0.017328517511487,136.24263000488,268.95001220703
26-APR-2025,6.3432885271438,14835,3C273,0.55141061544418,86100,AP-N902-F303,0.017328517511487,0.017328517511487,115.03615570068,268.95001220703
26-APR-2025,6.3521774999276,14835,3C273,0.54936367273331,86100,AP-N901-F303,0.017328517511487,0.017328517511487,136.24263000488,268.95001220703
26-APR-2025,6.3521774999276,14835,3C273,0.54936367273331,86100,AP-N902-F303,0.017328517511487,0.017328517511487,115.03615570068,268.95001220703
26-APR-2025,6.3610664718382,14835,3C273,0.54731583595276,86100,AP-N901-F303,0.017328517511487,0.017328517511487,136.24263000488,268.95001220703
26-APR-2025,6.3610664718382,14835,3C273,0.54731583595276,86100,AP-N902-F303,0.017328517511487,0.017328517511487,115.03615570068,268.95001220703
26-APR-2025,6.4263448656808,14842,M87,0.44615644216537,86100,AP-N901-F303,0.01730721630156,0.01730721630156,137.9935760498,268.85000610352
26-APR-2025,6.4263448656808,14842,M87,0.44615644216537,86100,AP-N902-F303,0.01730721630156,0.01730721630156,116.12659454346,268.85000610352
26-APR-2025,6.4355116184003,14842,M87,0.44418734312057,86100,AP-N901-F303,0.01730721630156,0.01730721630156,137.9935760498,268.85000610352
26-APR-2025,6.4355116184003,14842,M87,0.44418734312057,86100,AP-N902-F303,0.01730721630156,0.01730721630156,116.12659454346,268.85000610352
26-APR-2025,6.4444005908348,14842,M87,0.44227653741837,86100,AP-N901-F303,0.01730721630156,0.01730721630156,137.9935760498,268.85000610352
26-APR-2025,6.4444005908348,14842,M87,0.44227653741837,86100,AP-N902-F303,0.01730721630156,0.01730721630156,116.12659454346,268.85000610352
26-APR-2025,6.4532895650155,14842,M87,0.44036448001862,86100,AP-N901-F303,0.01730721630156,0.01730721630156,137.9935760498,268.85000610352
26-APR-2025,6.4532895650155,14842,M87,0.44036448001862,86100,AP-N902-F303,0.01730721630156,0.01730721630156,116.12659454346,268.85000610352
26-APR-2025,6.4621785377993,14842,M87,0.43845096230507,86100,AP-N901-F303,0.01730721630156,0.01730721630156,137.9935760498,268.85000610352
26-APR-2025,6.4621785377993,14842,M87,0.43845096230507,86100,AP-N902-F303,0.01730721630156,0.01730721630156,116.12659454346,268.85000610352
26-APR-2025,6.4713452941858,14842,M87,0.43647632002831,86100,AP-N901-F303,0.01730721630156,0.01730721630156,137.9935760498,268.85000610352
26-APR-2025,6.4713452941858,14842,M87,0.43647632002831,86100,AP-N902-F303,0.01730721630156,0.01730721630156,116.12659454346,268.85000610352
26-APR-2025,6.4802342673188,14842,M87,0.43456014990807,86100,AP-N901-F303,0.01730721630156,0.01730721630156,137.9935760498,268.85000610352
26-APR-2025,6.4802342673188,14842,M87,0.43456014990807,86100,AP-N902-F303,0.01730721630156,0.01730721630156,116.12659454346,268.85000610352
26-APR-2025,6.4891232397533,14842,M87,0.432642608881,86100,AP-N901-F303,0.01730721630156,0.01730721630156,137.9935760498,268.85000610352
26-APR-2025,6.4891232397533,14842,M87,0.432642608881,86100,AP-N902-F303,0.01730721630156,0.01730721630156,116.12659454346,268.85000610352
26-APR-2025,6.6614859932319,14847,3C279,0.64370626211166,86100,AP-N901-F303,0.017309425398707,0.017309425398707,153.94055175781,268.85000610352
26-APR-2025,6.6614859932319,14847,3C279,0.64370626211166,86100,AP-N902-F303,0.017309425398707,0.017309425398707,132.18885803223,268.85000610352
26-APR-2025,6.6769027989563,14851,3C279,0.64004004001617,86100,AP-N901-F303,0.017309425398707,0.017309425398707,153.94055175781,268.85000610352
26-APR-2025,6.6769027989563,14851,3C279,0.64004004001617,86100,AP-N902-F303,0.017309425398707,0.017309425398707,132.18885803223,268.85000610352
26-APR-2025,6.6860695501041,14851,3C279,0.63785952329636,86100,AP-N901-F303,0.017309425398707,0.017309425398707,153.94055175781,268.85000610352
26-APR-2025,6.6860695501041,14851,3C279,0.63785952329636,86100,AP-N902-F303,0.017309425398707,0.017309425398707,132.18885803223,268.85000610352
26-APR-2025,6.6952363031728,14851,3C279,0.63567841053009,86100,AP-N901-F303,0.017309425398707,0.017309425398707,153.94055175781,268.85000610352
26-APR-2025,6.6952363031728,14851,3C279,0.63567841053009,86100,AP-N902-F303,0.017309425398707,0.017309425398707,132.18885803223,268.85000610352
26-APR-2025,6.761348042061,14858,M87,0.37331491708755,86100,AP-N901-F303,0.017424589022994,0.017424589022994,155.22700500488,267.95001220703
26-APR-2025,6.761348042061,14858,M87,0.37331491708755,86100,AP-N902-F303,0.017424589022994,0.017424589022994,133.92181396484,267.95001220703
26-APR-2025,6.7702370176387,14858,M87,0.37135899066925,86100,AP-N901-F303,0.017424589022994,0.017424589022994,155.22700500488,267.95001220703
26-APR-2025,6.7702370176387,14858,M87,0.37135899066925,86100,AP-N902-F303,0.017424589022994,0.017424589022994,133.92181396484,267.95001220703
26-APR-2025,6.7791259893748,14858,M87,0.36940202116966,86100,AP-N901-F303,0.017424589022994,0.017424589022994,155.22700500488,267.95001220703
26-APR-2025,6.7791259893748,14858,M87,0.36940202116966,86100,AP-N902-F303,0.017424589022994,0.017424589022994,133.92181396484,267.95001220703
26-APR-2025,6.788014962857,14858,M87,0.3674438893795,86100,AP-N901-F303,0.017424589022994,0.017424589022994,155.22700500488,267.95001220703
26-APR-2025,6.788014962857,14858,M87,0.3674438893795,86100,AP-N902-F303,0.017424589022994,0.017424589022994,133.92181396484,267.95001220703
26-APR-2025,6.7969039356408,14858,M87,0.36548468470573,86100,AP-N901-F303,0.017424589022994,0.017424589022994,155.22700500488,267.95001220703
26-APR-2025,6.7969039356408,14858,M87,0.36548468470573,86100,AP-N902-F303,0.017424589022994,0.017424589022994,133.92181396484,267.95001220703
26-APR-2025,6.8060706878364,14858,M87,0.36346310377121,86100,AP-N901-F303,0.017424589022994,0.017424589022994,155.22700500488,267.95001220703
26-APR-2025,6.8060706878364,14858,M87,0.36346310377121,86100,AP-N902-F303,0.017424589022994,0.017424589022994,133.92181396484,267.95001220703
26-APR-2025,6.8149596607947,14858,M87,0.36150166392326,86100,AP-N901-F303,0.017424589022994,0.017424589022994,155.22700500488,267.95001220703
26-APR-2025,6.8149596607947,14858,M87,0.36150166392326,86100,AP-N902-F303,0.017424589022994,0.017424589022994,133.92181396484,267.95001220703
26-APR-2025,7.0023225529755,14863,3C273,0.39767768979073,86100,AP-N901-F303,0.017300521954894,0.017300521954894,157.58003234863,268.95001220703
26-APR-2025,7.0023225529755,14863,3C273,0.39767768979073,86100,AP-N902-F303,0.017300521954894,0.017300521954894,136.31097412109,268.95001220703
26-APR-2025,7.0182949334142,14867,3C273,0.39390969276428,86100,AP-N901-F303,0.017300521954894,0.017300521954894,157.58003234863,268.95001220703
26-APR-2025,7.0182949334142,14867,3C273,0.39390969276428,86100,AP-N902-F303,0.017300521954894,0.017300521954894,136.31097412109,268.95001220703
26-APR-2025,7.0274616864829,14867,3C273,0.39174655079842,86100,AP-N901-F303,0.017300521954894,0.017300521954894,157.58003234863,268.95001220703
26-APR-2025,7.0274616864829,14867,3C273,0.39174655079842,86100,AP-N902-F303,0.017300521954894,0.017300521954894,136.31097412109,268.95001220703
26-APR-2025,7.0363506585682,14867,3C273,0.38964840769768,86100,AP-N901-F303,0.017300521954894,0.017300521954894,157.58003234863,268.95001220703
26-APR-2025,7.0363506585682,14867,3C273,0.38964840769768,86100,AP-N902-F303,0.017300521954894,0.017300521954894,136.31097412109,268.95001220703
26-APR-2025,7.0814899797476,14872,M87,0.30220866203308,86100,AP-N901-F303,0,0,131.75022888184,268.54998779297
26-APR-2025,7.0814899797476,14872,M87,0.30220866203308,86100,AP-N902-F303,0,0,107.03894805908,268.54998779297
26-APR-2025,7.0946845475584,14876,M87,0.29925042390823,86100,AP-N901-F303,0,0,131.75022888184,268.54998779297
26-APR-2025,7.0946845475584,14876,M87,0.29925042390823,86100,AP-N902-F303,0,0,107.03894805908,268.54998779297
26-APR-2025,7.1035735208661,14876,M87,0.29725643992424,86100,AP-N901-F303,0,0,131.75022888184,268.54998779297
26-APR-2025,7.1035735208661,14876,M87,0.29725643992424,86100,AP-N902-F303,0,0,107.03894805908,268.54998779297
26-APR-2025,7.1131569441001,14876,M87,0.29510554671288,86100,AP-N901-F303,0,0,131.75022888184,268.54998779297
26-APR-2025,7.1131569441001,14876,M87,0.29510554671288,86100,AP-N902-F303,0,0,107.03894805908,268.54998779297
26-APR-2025,7.1221848093838,14876,M87,0.29307842254639,86100,AP-N901-F303,0,0,131.75022888184,268.54998779297
26-APR-2025,7.1221848093838,14876,M87,0.29307842254639,86100,AP-N902-F303,0,0,107.03894805908,268.54998779297
26-APR-2025,7.1310737840884,14876,M87,0.29108154773712,86100,AP-N901-F303,0,0,131.75022888184,268.54998779297
26-APR-2025,7.1310737840884,14876,M87,0.29108154773712,86100,AP-N902-F303,0,0,107.03894805908,268.54998779297
26-APR-2025,7.1402405375063,14876,M87,0.28902134299278,86100,AP-N901-F303,0,0,131.75022888184,268.54998779297
26-APR-2025,7.1402405375063,14876,M87,0.28902134299278,86100,AP-N902-F303,0,0,107.03894805908,268.54998779297
26-APR-2025,7.1494072926704,14876,M87,0.28696012496948,86100,AP-N901-F303,0,0,131.75022888184,268.54998779297
26-APR-2025,7.1494072926704,14876,M87,0.28696012496948,86100,AP-N902-F303,0,0,107.03894805908,268.54998779297
26-APR-2025,7.1582962666766,14876,M87,0.28496050834656,86100,AP-N901-F303,0,0,131.75022888184,268.54998779297
26-APR-2025,7.1582962666766,14876,M87,0.28496050834656,86100,AP-N902-F303,0,0,107.03894805908,268.54998779297
26-APR-2025,7.3276034333542,14881,3C273,0.32064220309258,86100,AP-N901-F303,0.0173075851053,0.0173075851053,172.66273498535,269.04998779297
26-APR-2025,7.3276034333542,14881,3C273,0.32064220309258,86100,AP-N902-F303,0.0173075851053,0.0173075851053,152.09259033203,269.04998779297
26-APR-2025,7.3432980291424,14885,3C273,0.31691062450409,86100,AP-N901-F303,0.0173075851053,0.0173075851053,172.66273498535,269.04998779297
26-APR-2025,7.3432980291424,14885,3C273,0.31691062450409,86100,AP-N902-F303,0.0173075851053,0.0173075851053,152.09259033203,269.04998779297
26-APR-2025,7.3521870043709,14885,3C273,0.31479659676552,86100,AP-N901-F303,0.0173075851053,0.0173075851053,172.66273498535,269.04998779297
26-APR-2025,7.3521870043709,14885,3C273,0.31479659676552,86100,AP-N902-F303,0.0173075851053,0.0173075851053,152.09259033203,269.04998779297
26-APR-2025,7.3610759775039,14885,3C273,0.31268215179443,86100,AP-N901-F303,0.0173075851053,0.0173075851053,172.66273498535,269.04998779297
26-APR-2025,7.3610759775039,14885,3C273,0.31268215179443,86100,AP-N902-F303,0.0173075851053,0.0173075851053,152.09259033203,269.04998779297
26-APR-2025,7.406770849125,14890,M87,0.22871850430965,86100,AP-N901-F303,0,0,144.87245178223,269.04998779297
26-APR-2025,7.406770849125,14890,M87,0.22871850430965,86100,AP-N902-F303,0,0,118.73863983154,269.04998779297
26-APR-2025,7.4194098663195,14894,M87,0.22584061324596,86100,AP-N901-F303,0,0,144.87245178223,269.04998779297
26-APR-2025,7.4194098663195,14894,M87,0.22584061324596,86100,AP-N902-F303,0,0,118.73863983154,269.04998779297
26-APR-2025,7.4282988396272,14894,M87,0.22381573915482,86100,AP-N901-F303,0,0,144.87245178223,269.04998779297
26-APR-2025,7.4282988396272,14894,M87,0.22381573915482,86100,AP-N902-F303,0,0,118.73863983154,269.04998779297
26-APR-2025,7.437465593569,14894,M87,0.22172676026821,86100,AP-N901-F303,0,0,144.87245178223,269.04998779297
26-APR-2025,7.437465593569,14894,M87,0.22172676026821,86100,AP-N902-F303,0,0,118.73863983154,269.04998779297
26-APR-2025,7.4463545675751,14894,M87,0.21970032155514,86100,AP-N901-F303,0,0,144.87245178223,269.04998779297
26-APR-2025,7.4463545675751,14894,M87,0.21970032155514,86100,AP-N902-F303,0,0,118.73863983154,269.04998779297
26-APR-2025,7.4555213213422,14894,M87,0.21760971844196,86100,AP-N901-F303,0,0,144.87245178223,269.04998779297
26-APR-2025,7.4555213213422,14894,M87,0.21760971844196,86100,AP-N902-F303,0,0,118.73863983154,269.04998779297
26-APR-2025,7.4644102946499,14894,M87,0.21558171510696,86100,AP-N901-F303,0,0,144.87245178223,269.04998779297
26-APR-2025,7.4644102946499,14894,M87,0.21558171510696,86100,AP-N902-F303,0,0,118.73863983154,269.04998779297
26-APR-2025,7.4732992674337,14894,M87,0.21355298161507,86100,AP-N901-F303,0,0,144.87245178223,269.04998779297
26-APR-2025,7.4732992674337,14894,M87,0.21355298161507,86100,AP-N902-F303,0,0,118.73863983154,269.04998779297
26-APR-2025,7.6606621784737,14899,3C279,0.40406778454781,86100,AP-N901-F303,0.017340142279863,0.017340142279863,235.40550231934,269.04998779297
26-APR-2025,7.6606621784737,14899,3C279,0.40406778454781,86100,AP-N902-F303,0.017340142279863,0.017340142279863,219.87092590332,269.04998779297
26-APR-2025,7.6763567695471,14903,3C279,0.40028169751167,86100,AP-N901-F303,0.017340142279863,0.017340142279863,235.40550231934,269.04998779297
26-APR-2025,7.6763567695471,14903,3C279,0.40028169751167,86100,AP-N902-F303,0.017340142279863,0.017340142279863,219.87092590332,269.04998779297
26-APR-2025,7.6852457428547,14903,3C279,0.39813730120659,86100,AP-N901-F303,0.017340142279863,0.017340142279863,235.40550231934,269.04998779297
26-APR-2025,7.6852457428547,14903,3C279,0.39813730120659,86100,AP-N902-F303,0.017340142279863,0.017340142279863,219.87092590332,269.04998779297
26-APR-2025,7.6941347161624,14903,3C279,0.39599278569221,86100,AP-N901-F303,0.017340142279863,0.017340142279863,235.40550231934,269.04998779297
26-APR-2025,7.6941347161624,14903,3C279,0.39599278569221,86100,AP-N902-F303,0.017340142279863,0.017340142279863,219.87092590332,269.04998779297
26-APR-2025,7.7395518202461,14908,M87,0.15245379507542,86100,AP-N901-F303,0,0,168.77516174316,268.85000610352
26-APR-2025,7.7395518202461,14908,M87,0.15245379507542,86100,AP-N902-F303,0,0,141.87767028809,268.85000610352
26-APR-2025,7.7521908245185,14912,M87,0.14953824877739,86100,AP-N901-F303,0,0,168.77516174316,268.85000610352
26-APR-2025,7.7521908245185,14912,M87,0.14953824877739,86100,AP-N902-F303,0,0,141.87767028809,268.85000610352
26-APR-2025,7.7612186877067,14912,M87,0.1474549472332,86100,AP-N901-F303,0,0,168.77516174316,268.85000610352
26-APR-2025,7.7612186877067,14912,M87,0.1474549472332,86100,AP-N902-F303,0,0,141.87767028809,268.85000610352
26-APR-2025,7.7702465517679,14912,M87,0.1453709602356,86100,AP-N901-F303,0,0,168.77516174316,268.85000610352
26-APR-2025,7.7702465517679,14912,M87,0.1453709602356,86100,AP-N902-F303,0,0,141.87767028809,268.85000610352
26-APR-2025,7.7791355250756,14912,M87,0.14331838488579,86100,AP-N901-F303,0,0,168.77516174316,268.85000610352
26-APR-2025,7.7791355250756,14912,M87,0.14331838488579,86100,AP-N902-F303,0,0,141.87767028809,268.85000610352
26-APR-2025,7.7883022795412,14912,M87,0.14120101928711,86100,AP-N901-F303,0,0,168.77516174316,268.85000610352
26-APR-2025,7.7883022795412,14912,M87,0.14120101928711,86100,AP-N902-F303,0,0,141.87767028809,268.85000610352
26-APR-2025,7.7974690347054,14912,M87,0.13908299803734,86100,AP-N901-F303,0,0,168.77516174316,268.85000610352
26-APR-2025,7.7974690347054,14912,M87,0.13908299803734,86100,AP-N902-F303,0,0,141.87767028809,268.85000610352
26-APR-2025,7.8063580087115,14912,M87,0.13702850043774,86100,AP-N901-F303,0,0,168.77516174316,268.85000610352
26-APR-2025,7.8063580087115,14912,M87,0.13702850043774,86100,AP-N902-F303,0,0,141.87767028809,268.85000610352
26-APR-2025,7.8156636534069,14912,M87,0.13487702608109,86100,AP-N901-F303,0,0,168.77516174316,268.85000610352
26-APR-2025,7.8156636534069,14912,M87,0.13487702608109,86100,AP-N902-F303,0,0,141.87767028809,268.85000610352
26-APR-2025,9.8195569857053E-03,14480,3C273,0.74994283914566,86100,AP-N901-F303,0.020081648603082,0.020081648603082,103.57913970947,268.75
26-APR-2025,9.8195569857053E-03,14480,3C273,0.74994283914566,86100,AP-N902-F303,0.020081648603082,0.020081648603082,81.934524536133,268.75
