26-SEP-2025,17.982655391587,52193,3C345,0.26912757754326,86100,AP-N901-F303,0.053411278873682,0.053411278873682,139.39329528809,272.95001220703
26-SEP-2025,17.982655391587,52193,3C345,0.26912757754326,86100,AP-N902-F303,0.054199300706387,0.054199300706387,137.50587463379,272.95001220703
26-SEP-2025,18.011683487849,52197,3C345,0.27294179797173,86100,AP-N901-F303,0.053411278873682,0.053411278873682,139.39329528809,272.95001220703
26-SEP-2025,18.011683487849,52197,3C345,0.27294179797173,86100,AP-N902-F303,0.054199300706387,0.054199300706387,137.50587463379,272.95001220703
26-SEP-2025,18.020572475825,52197,3C345,0.27410432696342,86100,AP-N901-F303,0.053411278873682,0.053411278873682,139.39329528809,272.95001220703
26-SEP-2025,18.020572475825,52197,3C345,0.27410432696342,86100,AP-N902-F303,0.054199300706387,0.054199300706387,137.50587463379,272.95001220703
26-SEP-2025,18.029461462578,52197,3C345,0.27526432275772,86100,AP-N901-F303,0.053411278873682,0.053411278873682,139.39329528809,272.95001220703
26-SEP-2025,18.029461462578,52197,3C345,0.27526432275772,86100,AP-N902-F303,0.054199300706387,0.054199300706387,137.50587463379,272.95001220703
26-SEP-2025,18.038350451777,52197,3C345,0.276421636343,86100,AP-N901-F303,0.053411278873682,0.053411278873682,139.39329528809,272.95001220703
26-SEP-2025,18.038350451777,52197,3C345,0.276421636343,86100,AP-N902-F303,0.054199300706387,0.054199300706387,137.50587463379,272.95001220703
26-SEP-2025,18.047517215148,52197,3C345,0.27761262655258,86100,AP-N901-F303,0.053411278873682,0.053411278873682,139.39329528809,272.95001220703
26-SEP-2025,18.047517215148,52197,3C345,0.27761262655258,86100,AP-N902-F303,0.054199300706387,0.054199300706387,137.50587463379,272.95001220703
26-SEP-2025,18.056683985854,52197,3C345,0.27880069613457,86100,AP-N901-F303,0.053411278873682,0.053411278873682,139.39329528809,272.95001220703
26-SEP-2025,18.056683985854,52197,3C345,0.27880069613457,86100,AP-N902-F303,0.054199300706387,0.054199300706387,137.50587463379,272.95001220703
26-SEP-2025,18.244602722367,52202,3C345,0.30253753066063,86100,AP-N901-F303,0.052117988467216,0.052117988467216,129.42462158203,272.54998779297
26-SEP-2025,18.244602722367,52202,3C345,0.30253753066063,86100,AP-N902-F303,0.052857156842947,0.052857156842947,127.79000854492,272.54998779297
26-SEP-2025,18.261130685028,52206,3C345,0.30456683039665,86100,AP-N901-F303,0.052117988467216,0.052117988467216,129.42462158203,272.54998779297
26-SEP-2025,18.261130685028,52206,3C345,0.30456683039665,86100,AP-N902-F303,0.052857156842947,0.052857156842947,127.79000854492,272.54998779297
26-SEP-2025,18.271130792747,52206,3C345,0.30579045414925,86100,AP-N901-F303,0.052117988467216,0.052117988467216,129.42462158203,272.54998779297
26-SEP-2025,18.271130792747,52206,3C345,0.30579045414925,86100,AP-N902-F303,0.052857156842947,0.052857156842947,127.79000854492,272.54998779297
26-SEP-2025,18.280019778453,52206,3C345,0.30687502026558,86100,AP-N901-F303,0.052117988467216,0.052117988467216,129.42462158203,272.54998779297
26-SEP-2025,18.280019778453,52206,3C345,0.30687502026558,86100,AP-N902-F303,0.052857156842947,0.052857156842947,127.79000854492,272.54998779297
26-SEP-2025,18.289186547063,52206,3C345,0.30799070000648,86100,AP-N901-F303,0.052117988467216,0.052117988467216,129.42462158203,272.54998779297
26-SEP-2025,18.289186547063,52206,3C345,0.30799070000648,86100,AP-N902-F303,0.052857156842947,0.052857156842947,127.79000854492,272.54998779297
26-SEP-2025,18.298075535912,52206,3C345,0.30906957387924,86100,AP-N901-F303,0.052117988467216,0.052117988467216,129.42462158203,272.54998779297
26-SEP-2025,18.298075535912,52206,3C345,0.30906957387924,86100,AP-N902-F303,0.052857156842947,0.052857156842947,127.79000854492,272.54998779297
26-SEP-2025,18.306964521967,52206,3C345,0.31014582514763,86100,AP-N901-F303,0.052117988467216,0.052117988467216,129.42462158203,272.54998779297
26-SEP-2025,18.306964521967,52206,3C345,0.31014582514763,86100,AP-N902-F303,0.052857156842947,0.052857156842947,127.79000854492,272.54998779297
26-SEP-2025,18.493772136642,52211,3C345,0.33210197091103,86100,AP-N901-F303,0.051953267306089,0.051953267306089,122.25938415527,272.35000610352
26-SEP-2025,18.493772136642,52211,3C345,0.33210197091103,86100,AP-N902-F303,0.052177272737026,0.052177272737026,120.32787322998,272.35000610352
26-SEP-2025,18.511411219919,52215,3C345,0.33410820364952,86100,AP-N901-F303,0.051953267306089,0.051953267306089,122.25938415527,272.35000610352
26-SEP-2025,18.511411219919,52215,3C345,0.33410820364952,86100,AP-N902-F303,0.052177272737026,0.052177272737026,120.32787322998,272.35000610352
26-SEP-2025,18.520300207022,52215,3C345,0.33511507511139,86100,AP-N901-F303,0.051953267306089,0.051953267306089,122.25938415527,272.35000610352
26-SEP-2025,18.520300207022,52215,3C345,0.33511507511139,86100,AP-N902-F303,0.052177272737026,0.052177272737026,120.32787322998,272.35000610352
26-SEP-2025,18.529744758013,52215,3C345,0.33618149161339,86100,AP-N901-F303,0.051953267306089,0.051953267306089,122.25938415527,272.35000610352
26-SEP-2025,18.529744758013,52215,3C345,0.33618149161339,86100,AP-N902-F303,0.052177272737026,0.052177272737026,120.32787322998,272.35000610352
26-SEP-2025,18.538633743369,52215,3C345,0.33718207478523,86100,AP-N901-F303,0.051953267306089,0.051953267306089,122.25938415527,272.35000610352
26-SEP-2025,18.538633743369,52215,3C345,0.33718207478523,86100,AP-N902-F303,0.052177272737026,0.052177272737026,120.32787322998,272.35000610352
26-SEP-2025,18.548078290867,52215,3C345,0.33824190497398,86100,AP-N901-F303,0.051953267306089,0.051953267306089,122.25938415527,272.35000610352
26-SEP-2025,18.548078290867,52215,3C345,0.33824190497398,86100,AP-N902-F303,0.052177272737026,0.052177272737026,120.32787322998,272.35000610352
26-SEP-2025,19.246402914934,52235,3C345,0.40658387541771,86100,AP-N901-F303,0.048353135585785,0.048353135585785,108.45027160645,272.45001220703
26-SEP-2025,19.246402914934,52235,3C345,0.40658387541771,86100,AP-N902-F303,0.049701582640409,0.049701582640409,107.25052642822,272.45001220703
26-SEP-2025,19.262097533772,52239,3C345,0.40787822008133,86100,AP-N901-F303,0.048353135585785,0.048353135585785,108.45027160645,272.45001220703
26-SEP-2025,19.262097533772,52239,3C345,0.40787822008133,86100,AP-N902-F303,0.049701582640409,0.049701582640409,107.25052642822,272.45001220703
26-SEP-2025,19.271403193485,52239,3C345,0.40864041447639,86100,AP-N901-F303,0.048353135585785,0.048353135585785,108.45027160645,272.45001220703
26-SEP-2025,19.271403193485,52239,3C345,0.40864041447639,86100,AP-N902-F303,0.049701582640409,0.049701582640409,107.25052642822,272.45001220703
26-SEP-2025,19.280431067849,52239,3C345,0.40937602519989,86100,AP-N901-F303,0.048353135585785,0.048353135585785,108.45027160645,272.45001220703
26-SEP-2025,19.280431067849,52239,3C345,0.40937602519989,86100,AP-N902-F303,0.049701582640409,0.049701582640409,107.25052642822,272.45001220703
26-SEP-2025,19.289597836459,52239,3C345,0.41011917591095,86100,AP-N901-F303,0.048353135585785,0.048353135585785,108.45027160645,272.45001220703
26-SEP-2025,19.289597836459,52239,3C345,0.41011917591095,86100,AP-N902-F303,0.049701582640409,0.049701582640409,107.25052642822,272.45001220703
26-SEP-2025,19.298764603149,52239,3C345,0.4108584523201,86100,AP-N901-F303,0.048353135585785,0.048353135585785,108.45027160645,272.45001220703
26-SEP-2025,19.298764603149,52239,3C345,0.4108584523201,86100,AP-N902-F303,0.049701582640409,0.049701582640409,107.25052642822,272.45001220703
26-SEP-2025,19.307653588505,52239,3C345,0.41157159209251,86100,AP-N901-F303,0.048353135585785,0.048353135585785,108.45027160645,272.45001220703
26-SEP-2025,19.307653588505,52239,3C345,0.41157159209251,86100,AP-N902-F303,0.049701582640409,0.049701582640409,107.25052642822,272.45001220703
26-SEP-2025,19.493905639293,52244,3C345,0.425666898489,86100,AP-N901-F303,0.050494614988565,0.050494614988565,107.82899475098,272.25
26-SEP-2025,19.493905639293,52244,3C345,0.425666898489,86100,AP-N902-F303,0.051273882389069,0.051273882389069,106.2653503418,272.25
26-SEP-2025,19.510711378397,52248,3C345,0.42685779929161,86100,AP-N901-F303,0.050494614988565,0.050494614988565,107.82899475098,272.25
26-SEP-2025,19.510711378397,52248,3C345,0.42685779929161,86100,AP-N902-F303,0.051273882389069,0.051273882389069,106.2653503418,272.25
26-SEP-2025,19.520017036888,52248,3C345,0.42751145362854,86100,AP-N901-F303,0.050494614988565,0.050494614988565,107.82899475098,272.25
26-SEP-2025,19.520017036888,52248,3C345,0.42751145362854,86100,AP-N902-F303,0.051273882389069,0.051273882389069,106.2653503418,272.25
26-SEP-2025,19.529600477934,52248,3C345,0.42818030714989,86100,AP-N901-F303,0.050494614988565,0.050494614988565,107.82899475098,272.25
26-SEP-2025,19.529600477934,52248,3C345,0.42818030714989,86100,AP-N902-F303,0.051273882389069,0.051273882389069,106.2653503418,272.25
26-SEP-2025,19.53848946329,52248,3C345,0.42879676818848,86100,AP-N901-F303,0.050494614988565,0.050494614988565,107.82899475098,272.25
26-SEP-2025,19.53848946329,52248,3C345,0.42879676818848,86100,AP-N902-F303,0.051273882389069,0.051273882389069,106.2653503418,272.25
26-SEP-2025,19.547656230154,52248,3C345,0.42942842841148,86100,AP-N901-F303,0.050494614988565,0.050494614988565,107.82899475098,272.25
26-SEP-2025,19.547656230154,52248,3C345,0.42942842841148,86100,AP-N902-F303,0.051273882389069,0.051273882389069,106.2653503418,272.25
26-SEP-2025,19.55737856143,52248,3C345,0.43009400367737,86100,AP-N901-F303,0.050494614988565,0.050494614988565,107.82899475098,272.25
26-SEP-2025,19.55737856143,52248,3C345,0.43009400367737,86100,AP-N902-F303,0.051273882389069,0.051273882389069,106.2653503418,272.25
26-SEP-2025,20.244256316949,52267,3C345,0.46509024500847,86100,AP-N901-F303,0.047713901847601,0.047713901847601,102.17142486572,271.45001220703
26-SEP-2025,20.244256316949,52267,3C345,0.46509024500847,86100,AP-N902-F303,0.049244742840528,0.049244742840528,99.97730255127,271.45001220703
26-SEP-2025,20.261339833021,52271,3C345,0.46564802527428,86100,AP-N901-F303,0.047713901847601,0.047713901847601,102.17142486572,271.45001220703
26-SEP-2025,20.261339833021,52271,3C345,0.46564802527428,86100,AP-N902-F303,0.049244742840528,0.049244742840528,99.97730255127,271.45001220703
26-SEP-2025,20.270784380868,52271,3C345,0.4659498333931,86100,AP-N901-F303,0.047713901847601,0.047713901847601,102.17142486572,271.45001220703
26-SEP-2025,20.270784380868,52271,3C345,0.4659498333931,86100,AP-N902-F303,0.049244742840528,0.049244742840528,99.97730255127,271.45001220703
26-SEP-2025,20.280090039708,52271,3C345,0.46624249219894,86100,AP-N901-F303,0.047713901847601,0.047713901847601,102.17142486572,271.45001220703
26-SEP-2025,20.280090039708,52271,3C345,0.46624249219894,86100,AP-N902-F303,0.049244742840528,0.049244742840528,99.97730255127,271.45001220703
26-SEP-2025,20.289117913548,52271,3C345,0.46652209758759,86100,AP-N901-F303,0.047713901847601,0.047713901847601,102.17142486572,271.45001220703
26-SEP-2025,20.289117913548,52271,3C345,0.46652209758759,86100,AP-N902-F303,0.049244742840528,0.049244742840528,99.97730255127,271.45001220703
26-SEP-2025,20.298006902223,52271,3C345,0.46679309010506,86100,AP-N901-F303,0.047713901847601,0.047713901847601,102.17142486572,271.45001220703
26-SEP-2025,20.298006902223,52271,3C345,0.46679309010506,86100,AP-N902-F303,0.049244742840528,0.049244742840528,99.97730255127,271.45001220703
26-SEP-2025,20.306895888278,52271,3C345,0.46705976128578,86100,AP-N901-F303,0.047713901847601,0.047713901847601,102.17142486572,271.45001220703
26-SEP-2025,20.306895888278,52271,3C345,0.46705976128578,86100,AP-N902-F303,0.049244742840528,0.049244742840528,99.97730255127,271.45001220703
26-SEP-2025,20.743984033653,52288,3C345,0.4749022424221,86100,AP-N901-F303,0.046568751335144,0.046568751335144,100.73838806152,271.75
26-SEP-2025,20.743984033653,52288,3C345,0.4749022424221,86100,AP-N902-F303,0.047999892383814,0.047999892383814,98.994354248047,271.75
26-SEP-2025,20.760789766297,52292,3C345,0.47499585151672,86100,AP-N901-F303,0.046568751335144,0.046568751335144,100.73838806152,271.75
26-SEP-2025,20.760789766297,52292,3C345,0.47499585151672,86100,AP-N902-F303,0.047999892383814,0.047999892383814,98.994354248047,271.75
26-SEP-2025,20.769956537701,52292,3C345,0.47504037618637,86100,AP-N901-F303,0.046568751335144,0.046568751335144,100.73838806152,271.75
26-SEP-2025,20.769956537701,52292,3C345,0.47504037618637,86100,AP-N902-F303,0.047999892383814,0.047999892383814,98.994354248047,271.75
26-SEP-2025,20.77884552201,52292,3C345,0.47507911920547,86100,AP-N901-F303,0.046568751335144,0.046568751335144,100.73838806152,271.75
26-SEP-2025,20.77884552201,52292,3C345,0.47507911920547,86100,AP-N902-F303,0.047999892383814,0.047999892383814,98.994354248047,271.75
26-SEP-2025,20.788290072651,52292,3C345,0.47511556744576,86100,AP-N901-F303,0.046568751335144,0.046568751335144,100.73838806152,271.75
26-SEP-2025,20.788290072651,52292,3C345,0.47511556744576,86100,AP-N902-F303,0.047999892383814,0.047999892383814,98.994354248047,271.75
26-SEP-2025,20.79829018264,52292,3C345,0.47514876723289,86100,AP-N901-F303,0.046568751335144,0.046568751335144,100.73838806152,271.75
26-SEP-2025,20.79829018264,52292,3C345,0.47514876723289,86100,AP-N902-F303,0.047999892383814,0.047999892383814,98.994354248047,271.75
26-SEP-2025,20.807179166948,52292,3C345,0.47517377138138,86100,AP-N901-F303,0.046568751335144,0.046568751335144,100.73838806152,271.75
26-SEP-2025,20.807179166948,52292,3C345,0.47517377138138,86100,AP-N902-F303,0.047999892383814,0.047999892383814,98.994354248047,271.75
26-SEP-2025,20.995514576595,52297,3C345,0.47468417882919,86100,AP-N901-F303,0.046057090163231,0.046057090163231,100.02261352539,271.25
26-SEP-2025,20.995514576595,52297,3C345,0.47468417882919,86100,AP-N902-F303,0.047446101903915,0.047446101903915,98.138984680176,271.25
26-SEP-2025,21.011625861408,52301,3C345,0.47455221414566,86100,AP-N901-F303,0.046057090163231,0.046057090163231,100.02261352539,271.25
26-SEP-2025,21.011625861408,52301,3C345,0.47455221414566,86100,AP-N902-F303,0.047446101903915,0.047446101903915,98.138984680176,271.25
26-SEP-2025,21.021070409605,52301,3C345,0.4744681417942,86100,AP-N901-F303,0.046057090163231,0.046057090163231,100.02261352539,271.25
26-SEP-2025,21.021070409605,52301,3C345,0.4744681417942,86100,AP-N902-F303,0.047446101903915,0.047446101903915,98.138984680176,271.25
26-SEP-2025,21.029959398454,52301,3C345,0.47438445687294,86100,AP-N901-F303,0.046057090163231,0.046057090163231,100.02261352539,271.25
26-SEP-2025,21.029959398454,52301,3C345,0.47438445687294,86100,AP-N902-F303,0.047446101903915,0.047446101903915,98.138984680176,271.25
26-SEP-2025,21.039403944555,52301,3C345,0.47429111599922,86100,AP-N901-F303,0.046057090163231,0.046057090163231,100.02261352539,271.25
26-SEP-2025,21.039403944555,52301,3C345,0.47429111599922,86100,AP-N902-F303,0.047446101903915,0.047446101903915,98.138984680176,271.25
26-SEP-2025,21.049126273211,52301,3C345,0.47418963909149,86100,AP-N901-F303,0.046057090163231,0.046057090163231,100.02261352539,271.25
26-SEP-2025,21.049126273211,52301,3C345,0.47418963909149,86100,AP-N902-F303,0.047446101903915,0.047446101903915,98.138984680176,271.25
26-SEP-2025,21.058848604836,52301,3C345,0.47408318519592,86100,AP-N901-F303,0.046057090163231,0.046057090163231,100.02261352539,271.25
26-SEP-2025,21.058848604836,52301,3C345,0.47408318519592,86100,AP-N902-F303,0.047446101903915,0.047446101903915,98.138984680176,271.25
26-SEP-2025,21.244545095053,52306,3C345,0.47105926275253,86100,AP-N901-F303,0.046022277325392,0.046022277325392,100.250831604,271.35000610352
26-SEP-2025,21.244545095053,52306,3C345,0.47105926275253,86100,AP-N902-F303,0.047761924564838,0.047761924564838,98.581649780273,271.35000610352
26-SEP-2025,21.261628615491,52310,3C345,0.47068631649017,86100,AP-N901-F303,0.046022277325392,0.046022277325392,100.250831604,271.35000610352
26-SEP-2025,21.261628615491,52310,3C345,0.47068631649017,86100,AP-N902-F303,0.047761924564838,0.047761924564838,98.581649780273,271.35000610352
26-SEP-2025,21.270517601546,52310,3C345,0.47048619389534,86100,AP-N901-F303,0.046022277325392,0.046022277325392,100.250831604,271.35000610352
26-SEP-2025,21.270517601546,52310,3C345,0.47048619389534,86100,AP-N902-F303,0.047761924564838,0.047761924564838,98.581649780273,271.35000610352
26-SEP-2025,21.279684369632,52310,3C345,0.47027549147606,86100,AP-N901-F303,0.046022277325392,0.046022277325392,100.250831604,271.35000610352
26-SEP-2025,21.279684369632,52310,3C345,0.47027549147606,86100,AP-N902-F303,0.047761924564838,0.047761924564838,98.581649780273,271.35000610352
26-SEP-2025,21.288573354639,52310,3C345,0.47006675601006,86100,AP-N901-F303,0.046022277325392,0.046022277325392,100.250831604,271.35000610352
26-SEP-2025,21.288573354639,52310,3C345,0.47006675601006,86100,AP-N902-F303,0.047761924564838,0.047761924564838,98.581649780273,271.35000610352
26-SEP-2025,21.297462341742,52310,3C345,0.4698538184166,86100,AP-N901-F303,0.046022277325392,0.046022277325392,100.250831604,271.35000610352
26-SEP-2025,21.297462341742,52310,3C345,0.4698538184166,86100,AP-N902-F303,0.047761924564838,0.047761924564838,98.581649780273,271.35000610352
26-SEP-2025,21.306351329544,52310,3C345,0.46963655948639,86100,AP-N901-F303,0.046022277325392,0.046022277325392,100.250831604,271.35000610352
26-SEP-2025,21.306351329544,52310,3C345,0.46963655948639,86100,AP-N902-F303,0.047761924564838,0.047761924564838,98.581649780273,271.35000610352
26-SEP-2025,21.495103413198,52315,3C345,0.46402150392532,86100,AP-N901-F303,0.045080430805683,0.045080430805683,100.27375793457,271.45001220703
26-SEP-2025,21.495103413198,52315,3C345,0.46402150392532,86100,AP-N902-F303,0.046763718128204,0.046763718128204,98.328712463379,271.45001220703
26-SEP-2025,21.512186931365,52319,3C345,0.46341899037361,86100,AP-N901-F303,0.045080430805683,0.045080430805683,100.27375793457,271.45001220703
26-SEP-2025,21.512186931365,52319,3C345,0.46341899037361,86100,AP-N902-F303,0.046763718128204,0.046763718128204,98.328712463379,271.45001220703
26-SEP-2025,21.521631479387,52319,3C345,0.46307939291,86100,AP-N901-F303,0.045080430805683,0.045080430805683,100.27375793457,271.45001220703
26-SEP-2025,21.521631479387,52319,3C345,0.46307939291,86100,AP-N902-F303,0.046763718128204,0.046763718128204,98.328712463379,271.45001220703
26-SEP-2025,21.531076027933,52319,3C345,0.4627351462841,86100,AP-N901-F303,0.045080430805683,0.045080430805683,100.27375793457,271.45001220703
26-SEP-2025,21.531076027933,52319,3C345,0.4627351462841,86100,AP-N902-F303,0.046763718128204,0.046763718128204,98.328712463379,271.45001220703
26-SEP-2025,21.540242797416,52319,3C345,0.46239644289017,86100,AP-N901-F303,0.045080430805683,0.045080430805683,100.27375793457,271.45001220703
26-SEP-2025,21.540242797416,52319,3C345,0.46239644289017,86100,AP-N902-F303,0.046763718128204,0.046763718128204,98.328712463379,271.45001220703
26-SEP-2025,21.549409566375,52319,3C345,0.4620532989502,86100,AP-N901-F303,0.045080430805683,0.045080430805683,100.27375793457,271.45001220703
26-SEP-2025,21.549409566375,52319,3C345,0.4620532989502,86100,AP-N902-F303,0.046763718128204,0.046763718128204,98.328712463379,271.45001220703
26-SEP-2025,21.558576333588,52319,3C345,0.46170574426651,86100,AP-N901-F303,0.045080430805683,0.045080430805683,100.27375793457,271.45001220703
26-SEP-2025,21.558576333588,52319,3C345,0.46170574426651,86100,AP-N902-F303,0.046763718128204,0.046763718128204,98.328712463379,271.45001220703
26-SEP-2025,21.745106162565,52324,3C345,0.45367613434792,86100,AP-N901-F303,0.045412007719278,0.045412007719278,101.48154449463,271.25
26-SEP-2025,21.745106162565,52324,3C345,0.45367613434792,86100,AP-N902-F303,0.047050260007381,0.047050260007381,99.671348571777,271.25
26-SEP-2025,21.76135634337,52328,3C345,0.45289078354836,86100,AP-N901-F303,0.045412007719278,0.045412007719278,101.48154449463,271.25
26-SEP-2025,21.76135634337,52328,3C345,0.45289078354836,86100,AP-N902-F303,0.047050260007381,0.047050260007381,99.671348571777,271.25
26-SEP-2025,21.770800893837,52328,3C345,0.45242816209793,86100,AP-N901-F303,0.045412007719278,0.045412007719278,101.48154449463,271.25
26-SEP-2025,21.770800893837,52328,3C345,0.45242816209793,86100,AP-N902-F303,0.047050260007381,0.047050260007381,99.671348571777,271.25
26-SEP-2025,21.779689879019,52328,3C345,0.45198839902878,86100,AP-N901-F303,0.045412007719278,0.045412007719278,101.48154449463,271.25
26-SEP-2025,21.779689879019,52328,3C345,0.45198839902878,86100,AP-N902-F303,0.047050260007381,0.047050260007381,99.671348571777,271.25
26-SEP-2025,21.78885664693,52328,3C345,0.4515309035778,86100,AP-N901-F303,0.045412007719278,0.045412007719278,101.48154449463,271.25
26-SEP-2025,21.78885664693,52328,3C345,0.4515309035778,86100,AP-N902-F303,0.047050260007381,0.047050260007381,99.671348571777,271.25
26-SEP-2025,21.797884525835,52328,3C345,0.45107597112656,86100,AP-N901-F303,0.045412007719278,0.045412007719278,101.48154449463,271.25
26-SEP-2025,21.797884525835,52328,3C345,0.45107597112656,86100,AP-N902-F303,0.047050260007381,0.047050260007381,99.671348571777,271.25
26-SEP-2025,21.808301306687,52328,3C345,0.45054593682289,86100,AP-N901-F303,0.045412007719278,0.045412007719278,101.48154449463,271.25
26-SEP-2025,21.808301306687,52328,3C345,0.45054593682289,86100,AP-N902-F303,0.047050260007381,0.047050260007381,99.671348571777,271.25
26-SEP-2025,22.994128762283,52341,2013+370,0.46387356519699,86100,AP-N901-F303,0.046546112746,0.046546112746,101.55659484863,269.85000610352
26-SEP-2025,22.994128762283,52341,2013+370,0.46387356519699,86100,AP-N902-F303,0.047982942312956,0.047982942312956,99.714653015137,269.85000610352
26-SEP-2025,23.010101158263,52345,2013+370,0.46509557962418,86100,AP-N901-F303,0.046546112746,0.046546112746,101.55659484863,269.85000610352
26-SEP-2025,23.010101158263,52345,2013+370,0.46509557962418,86100,AP-N902-F303,0.047982942312956,0.047982942312956,99.714653015137,269.85000610352
26-SEP-2025,23.018990145192,52345,2013+370,0.46577033400536,86100,AP-N901-F303,0.046546112746,0.046546112746,101.55659484863,269.85000610352
26-SEP-2025,23.018990145192,52345,2013+370,0.46577033400536,86100,AP-N902-F303,0.047982942312956,0.047982942312956,99.714653015137,269.85000610352
26-SEP-2025,23.027879131072,52345,2013+370,0.46644103527069,86100,AP-N901-F303,0.046546112746,0.046546112746,101.55659484863,269.85000610352
26-SEP-2025,23.027879131072,52345,2013+370,0.46644103527069,86100,AP-N902-F303,0.047982942312956,0.047982942312956,99.714653015137,269.85000610352
26-SEP-2025,23.037601461474,52345,2013+370,0.46717017889023,86100,AP-N901-F303,0.046546112746,0.046546112746,101.55659484863,269.85000610352
26-SEP-2025,23.037601461474,52345,2013+370,0.46717017889023,86100,AP-N902-F303,0.047982942312956,0.047982942312956,99.714653015137,269.85000610352
26-SEP-2025,23.04649044753,52345,2013+370,0.46783259510994,86100,AP-N901-F303,0.046546112746,0.046546112746,101.55659484863,269.85000610352
26-SEP-2025,23.04649044753,52345,2013+370,0.46783259510994,86100,AP-N902-F303,0.047982942312956,0.047982942312956,99.714653015137,269.85000610352
26-SEP-2025,23.055379433235,52345,2013+370,0.46849104762077,86100,AP-N901-F303,0.046546112746,0.046546112746,101.55659484863,269.85000610352
26-SEP-2025,23.055379433235,52345,2013+370,0.46849104762077,86100,AP-N902-F303,0.047982942312956,0.047982942312956,99.714653015137,269.85000610352
26-SEP-2025,23.064546200623,52345,2013+370,0.46916589140892,86100,AP-N901-F303,0.046546112746,0.046546112746,101.55659484863,269.85000610352
26-SEP-2025,23.064546200623,52345,2013+370,0.46916589140892,86100,AP-N902-F303,0.047982942312956,0.047982942312956,99.714653015137,269.85000610352
26-SEP-2025,23.073712969757,52345,2013+370,0.46983653306961,86100,AP-N901-F303,0.046546112746,0.046546112746,101.55659484863,269.85000610352
26-SEP-2025,23.073712969757,52345,2013+370,0.46983653306961,86100,AP-N902-F303,0.047982942312956,0.047982942312956,99.714653015137,269.85000610352
26-SEP-2025,23.244409289666,52350,BLLAC,0.22700394690037,86100,AP-N901-F303,0.05188313126564,0.05188313126564,151.07273864746,269.04998779297
26-SEP-2025,23.244409289666,52350,BLLAC,0.22700394690037,86100,AP-N902-F303,0.05233546718955,0.05233546718955,149.49157714844,269.04998779297
26-SEP-2025,23.260103900646,52354,BLLAC,0.22899767756462,86100,AP-N901-F303,0.05188313126564,0.05188313126564,151.07273864746,269.04998779297
26-SEP-2025,23.260103900646,52354,BLLAC,0.22899767756462,86100,AP-N902-F303,0.05233546718955,0.05233546718955,149.49157714844,269.04998779297
26-SEP-2025,23.268992886526,52354,BLLAC,0.23012360930443,86100,AP-N901-F303,0.05188313126564,0.05188313126564,151.07273864746,269.04998779297
26-SEP-2025,23.268992886526,52354,BLLAC,0.23012360930443,86100,AP-N902-F303,0.05233546718955,0.05233546718955,149.49157714844,269.04998779297
26-SEP-2025,23.277881875899,52354,BLLAC,0.23124702274799,86100,AP-N901-F303,0.05188313126564,0.05188313126564,151.07273864746,269.04998779297
26-SEP-2025,23.277881875899,52354,BLLAC,0.23124702274799,86100,AP-N902-F303,0.05233546718955,0.05233546718955,149.49157714844,269.04998779297
26-SEP-2025,23.287048641716,52354,BLLAC,0.23240302503109,86100,AP-N901-F303,0.05188313126564,0.05188313126564,151.07273864746,269.04998779297
26-SEP-2025,23.287048641716,52354,BLLAC,0.23240302503109,86100,AP-N902-F303,0.05233546718955,0.05233546718955,149.49157714844,269.04998779297
26-SEP-2025,23.296215409802,52354,BLLAC,0.23355643451214,86100,AP-N901-F303,0.05188313126564,0.05188313126564,151.07273864746,269.04998779297
26-SEP-2025,23.296215409802,52354,BLLAC,0.23355643451214,86100,AP-N902-F303,0.05233546718955,0.05233546718955,149.49157714844,269.04998779297
26-SEP-2025,23.305104396555,52354,BLLAC,0.23467233777046,86100,AP-N901-F303,0.05188313126564,0.05188313126564,151.07273864746,269.04998779297
26-SEP-2025,23.305104396555,52354,BLLAC,0.23467233777046,86100,AP-N902-F303,0.05233546718955,0.05233546718955,149.49157714844,269.04998779297
26-SEP-2025,23.313993381737,52354,BLLAC,0.23578575253487,86100,AP-N901-F303,0.05188313126564,0.05188313126564,151.07273864746,269.04998779297
26-SEP-2025,23.313993381737,52354,BLLAC,0.23578575253487,86100,AP-N902-F303,0.05233546718955,0.05233546718955,149.49157714844,269.04998779297
26-SEP-2025,23.322882369713,52354,BLLAC,0.23689670860767,86100,AP-N901-F303,0.05188313126564,0.05188313126564,151.07273864746,269.04998779297
26-SEP-2025,23.322882369713,52354,BLLAC,0.23689670860767,86100,AP-N902-F303,0.05233546718955,0.05233546718955,149.49157714844,269.04998779297
26-SEP-2025,23.494412022793,52359,BLLAC,0.25783833861351,86100,AP-N901-F303,0.048949293792248,0.048949293792248,135.28128051758,268.64999389648
26-SEP-2025,23.494412022793,52359,BLLAC,0.25783833861351,86100,AP-N902-F303,0.049510467797518,0.049510467797518,133.19305419922,268.64999389648
26-SEP-2025,23.509828859775,52363,BLLAC,0.25967299938202,86100,AP-N901-F303,0.048949293792248,0.048949293792248,135.28128051758,268.64999389648
26-SEP-2025,23.509828859775,52363,BLLAC,0.25967299938202,86100,AP-N902-F303,0.049510467797518,0.049510467797518,133.19305419922,268.64999389648
26-SEP-2025,23.518717846529,52363,BLLAC,0.26072749495506,86100,AP-N901-F303,0.048949293792248,0.048949293792248,135.28128051758,268.64999389648
26-SEP-2025,23.518717846529,52363,BLLAC,0.26072749495506,86100,AP-N902-F303,0.049510467797518,0.049510467797518,133.19305419922,268.64999389648
26-SEP-2025,23.52760683206,52363,BLLAC,0.26177927851677,86100,AP-N901-F303,0.048949293792248,0.048949293792248,135.28128051758,268.64999389648
26-SEP-2025,23.52760683206,52363,BLLAC,0.26177927851677,86100,AP-N902-F303,0.049510467797518,0.049510467797518,133.19305419922,268.64999389648
26-SEP-2025,23.536773598924,52363,BLLAC,0.26286119222641,86100,AP-N901-F303,0.048949293792248,0.048949293792248,135.28128051758,268.64999389648
26-SEP-2025,23.536773598924,52363,BLLAC,0.26286119222641,86100,AP-N902-F303,0.049510467797518,0.049510467797518,133.19305419922,268.64999389648
26-SEP-2025,23.545662583407,52363,BLLAC,0.26390761137009,86100,AP-N901-F303,0.048949293792248,0.048949293792248,135.28128051758,268.64999389648
26-SEP-2025,23.545662583407,52363,BLLAC,0.26390761137009,86100,AP-N902-F303,0.049510467797518,0.049510467797518,133.19305419922,268.64999389648
26-SEP-2025,23.554829350795,52363,BLLAC,0.26498395204544,86100,AP-N901-F303,0.048949293792248,0.048949293792248,135.28128051758,268.64999389648
26-SEP-2025,23.554829350795,52363,BLLAC,0.26498395204544,86100,AP-N902-F303,0.049510467797518,0.049510467797518,133.19305419922,268.64999389648
26-SEP-2025,23.563996121151,52363,BLLAC,0.26605743169785,86100,AP-N901-F303,0.048949293792248,0.048949293792248,135.28128051758,268.64999389648
26-SEP-2025,23.563996121151,52363,BLLAC,0.26605743169785,86100,AP-N902-F303,0.049510467797518,0.049510467797518,133.19305419922,268.64999389648
26-SEP-2025,23.573162886094,52363,BLLAC,0.2671280503273,86100,AP-N901-F303,0.048949293792248,0.048949293792248,135.28128051758,268.64999389648
26-SEP-2025,23.573162886094,52363,BLLAC,0.2671280503273,86100,AP-N902-F303,0.049510467797518,0.049510467797518,133.19305419922,268.64999389648
26-SEP-2025,23.744970320332,52368,BLLAC,0.28665825724602,86100,AP-N901-F303,0.048993028700352,0.048993028700352,127.84953308105,268.04998779297
26-SEP-2025,23.744970320332,52368,BLLAC,0.28665825724602,86100,AP-N902-F303,0.049978516995907,0.049978516995907,125.96067810059,268.04998779297
26-SEP-2025,23.759831596046,52372,BLLAC,0.28829878568649,86100,AP-N901-F303,0.048993028700352,0.048993028700352,127.84953308105,268.04998779297
26-SEP-2025,23.759831596046,52372,BLLAC,0.28829878568649,86100,AP-N902-F303,0.049978516995907,0.049978516995907,125.96067810059,268.04998779297
26-SEP-2025,23.76872058245,52372,BLLAC,0.28927636146545,86100,AP-N901-F303,0.048993028700352,0.048993028700352,127.84953308105,268.04998779297
26-SEP-2025,23.76872058245,52372,BLLAC,0.28927636146545,86100,AP-N902-F303,0.049978516995907,0.049978516995907,125.96067810059,268.04998779297
26-SEP-2025,23.777609568331,52372,BLLAC,0.29025101661682,86100,AP-N901-F303,0.048993028700352,0.048993028700352,127.84953308105,268.04998779297
26-SEP-2025,23.777609568331,52372,BLLAC,0.29025101661682,86100,AP-N902-F303,0.049978516995907,0.049978516995907,125.96067810059,268.04998779297
26-SEP-2025,23.786776337814,52372,BLLAC,0.29125314950943,86100,AP-N901-F303,0.048993028700352,0.048993028700352,127.84953308105,268.04998779297
26-SEP-2025,23.786776337814,52372,BLLAC,0.29125314950943,86100,AP-N902-F303,0.049978516995907,0.049978516995907,125.96067810059,268.04998779297
26-SEP-2025,23.795943102757,52372,BLLAC,0.29225236177444,86100,AP-N901-F303,0.048993028700352,0.048993028700352,127.84953308105,268.04998779297
26-SEP-2025,23.795943102757,52372,BLLAC,0.29225236177444,86100,AP-N902-F303,0.049978516995907,0.049978516995907,125.96067810059,268.04998779297
26-SEP-2025,23.805109871542,52372,BLLAC,0.29324847459793,86100,AP-N901-F303,0.048993028700352,0.048993028700352,127.84953308105,268.04998779297
26-SEP-2025,23.805109871542,52372,BLLAC,0.29324847459793,86100,AP-N902-F303,0.049978516995907,0.049978516995907,125.96067810059,268.04998779297
26-SEP-2025,23.813998855676,52372,BLLAC,0.2942114174366,86100,AP-N901-F303,0.048993028700352,0.048993028700352,127.84953308105,268.04998779297
26-SEP-2025,23.813998855676,52372,BLLAC,0.2942114174366,86100,AP-N902-F303,0.049978516995907,0.049978516995907,125.96067810059,268.04998779297
26-SEP-2025,23.823165623238,52372,BLLAC,0.29520159959793,86100,AP-N901-F303,0.048993028700352,0.048993028700352,127.84953308105,268.04998779297
26-SEP-2025,23.823165623238,52372,BLLAC,0.29520159959793,86100,AP-N902-F303,0.049978516995907,0.049978516995907,125.96067810059,268.04998779297
26-SEP-2025,23.993940032798,52379,BLLAC,0.3130798637867,86100,AP-N901-F303,0.048235695809126,0.048235695809126,120.90128326416,268.14999389648
26-SEP-2025,23.993940032798,52379,BLLAC,0.3130798637867,86100,AP-N902-F303,0.049115546047688,0.049115546047688,119.57666015625,268.14999389648
27-SEP-2025,0.018801625122427,52383,BLLAC,0.31559091806412,86100,AP-N901-F303,0.048235695809126,0.048235695809126,120.90128326416,268.14999389648
27-SEP-2025,0.018801625122427,52383,BLLAC,0.31559091806412,86100,AP-N902-F303,0.049115546047688,0.049115546047688,119.57666015625,268.14999389648
27-SEP-2025,0.02796839565339,52383,BLLAC,0.31651085615158,86100,AP-N901-F303,0.048235695809126,0.048235695809126,120.90128326416,268.14999389648
27-SEP-2025,0.02796839565339,52383,BLLAC,0.31651085615158,86100,AP-N902-F303,0.049115546047688,0.049115546047688,119.57666015625,268.14999389648
27-SEP-2025,0.036857380835389,52383,BLLAC,0.31739991903305,86100,AP-N901-F303,0.048235695809126,0.048235695809126,120.90128326416,268.14999389648
27-SEP-2025,0.036857380835389,52383,BLLAC,0.31739991903305,86100,AP-N902-F303,0.049115546047688,0.049115546047688,119.57666015625,268.14999389648
27-SEP-2025,0.046024147699268,52383,BLLAC,0.31831350922585,86100,AP-N901-F303,0.048235695809126,0.048235695809126,120.90128326416,268.14999389648
27-SEP-2025,0.046024147699268,52383,BLLAC,0.31831350922585,86100,AP-N902-F303,0.049115546047688,0.049115546047688,119.57666015625,268.14999389648
27-SEP-2025,0.05519091351541,52383,BLLAC,0.31922388076782,86100,AP-N901-F303,0.048235695809126,0.048235695809126,120.90128326416,268.14999389648
27-SEP-2025,0.05519091351541,52383,BLLAC,0.31922388076782,86100,AP-N902-F303,0.049115546047688,0.049115546047688,119.57666015625,268.14999389648
27-SEP-2025,0.064079899570524,52383,BLLAC,0.32010355591774,86100,AP-N901-F303,0.048235695809126,0.048235695809126,120.90128326416,268.14999389648
27-SEP-2025,0.064079899570524,52383,BLLAC,0.32010355591774,86100,AP-N902-F303,0.049115546047688,0.049115546047688,119.57666015625,268.14999389648
27-SEP-2025,0.073246666434404,52383,BLLAC,0.32100754976273,86100,AP-N901-F303,0.048235695809126,0.048235695809126,120.90128326416,268.14999389648
27-SEP-2025,0.073246666434404,52383,BLLAC,0.32100754976273,86100,AP-N902-F303,0.049115546047688,0.049115546047688,119.57666015625,268.14999389648
27-SEP-2025,0.24449854778572,52388,BLLAC,0.33728757500648,86100,AP-N901-F303,0.047565307468176,0.047565307468176,116.00337219238,267.04998779297
27-SEP-2025,0.24449854778572,52388,BLLAC,0.33728757500648,86100,AP-N902-F303,0.048928398638964,0.048928398638964,114.7599105835,267.04998779297
27-SEP-2025,0.25963759749786,52392,BLLAC,0.33867010474205,86100,AP-N901-F303,0.047565307468176,0.047565307468176,116.00337219238,267.04998779297
27-SEP-2025,0.25963759749786,52392,BLLAC,0.33867010474205,86100,AP-N902-F303,0.048928398638964,0.048928398638964,114.7599105835,267.04998779297
27-SEP-2025,0.26852658669619,52392,BLLAC,0.33947768807411,86100,AP-N901-F303,0.047565307468176,0.047565307468176,116.00337219238,267.04998779297
27-SEP-2025,0.26852658669619,52392,BLLAC,0.33947768807411,86100,AP-N902-F303,0.048928398638964,0.048928398638964,114.7599105835,267.04998779297
27-SEP-2025,0.27741557257668,52392,BLLAC,0.34028202295303,86100,AP-N901-F303,0.047565307468176,0.047565307468176,116.00337219238,267.04998779297
27-SEP-2025,0.27741557257668,52392,BLLAC,0.34028202295303,86100,AP-N902-F303,0.048928398638964,0.048928398638964,114.7599105835,267.04998779297
27-SEP-2025,0.28630455828255,52392,BLLAC,0.34108313918114,86100,AP-N901-F303,0.047565307468176,0.047565307468176,116.00337219238,267.04998779297
27-SEP-2025,0.28630455828255,52392,BLLAC,0.34108313918114,86100,AP-N902-F303,0.048928398638964,0.048928398638964,114.7599105835,267.04998779297
27-SEP-2025,0.29547132479718,52392,BLLAC,0.34190595149994,86100,AP-N901-F303,0.047565307468176,0.047565307468176,116.00337219238,267.04998779297
27-SEP-2025,0.29547132479718,52392,BLLAC,0.34190595149994,86100,AP-N902-F303,0.048928398638964,0.048928398638964,114.7599105835,267.04998779297
27-SEP-2025,0.30436031172541,52392,BLLAC,0.34270051121712,86100,AP-N901-F303,0.047565307468176,0.047565307468176,116.00337219238,267.04998779297
27-SEP-2025,0.30436031172541,52392,BLLAC,0.34270051121712,86100,AP-N902-F303,0.048928398638964,0.048928398638964,114.7599105835,267.04998779297
27-SEP-2025,0.31324929673279,52392,BLLAC,0.34349182248116,86100,AP-N901-F303,0.047565307468176,0.047565307468176,116.00337219238,267.04998779297
27-SEP-2025,0.31324929673279,52392,BLLAC,0.34349182248116,86100,AP-N902-F303,0.048928398638964,0.048928398638964,114.7599105835,267.04998779297
27-SEP-2025,0.32241606796224,52392,BLLAC,0.34430447220802,86100,AP-N901-F303,0.047565307468176,0.047565307468176,116.00337219238,267.04998779297
27-SEP-2025,0.32241606796224,52392,BLLAC,0.34430447220802,86100,AP-N902-F303,0.048928398638964,0.048928398638964,114.7599105835,267.04998779297
27-SEP-2025,0.49477906608757,52397,2013+370,0.51852631568909,86100,AP-N901-F303,0.047627627849579,0.047627627849579,98.075912475586,267.45001220703
27-SEP-2025,0.49477906608757,52397,2013+370,0.51852631568909,86100,AP-N902-F303,0.050055027008057,0.050055027008057,96.386665344238,267.45001220703
27-SEP-2025,0.5099181248801,52401,2013+370,0.51842522621155,86100,AP-N901-F303,0.047627627849579,0.047627627849579,98.075912475586,267.45001220703
27-SEP-2025,0.5099181248801,52401,2013+370,0.51842522621155,86100,AP-N902-F303,0.050055027008057,0.050055027008057,96.386665344238,267.45001220703
27-SEP-2025,0.51880711180833,52401,2013+370,0.51835978031158,86100,AP-N901-F303,0.047627627849579,0.047627627849579,98.075912475586,267.45001220703
27-SEP-2025,0.51880711180833,52401,2013+370,0.51835978031158,86100,AP-N902-F303,0.050055027008057,0.050055027008057,96.386665344238,267.45001220703
27-SEP-2025,0.52769609786344,52401,2013+370,0.51828974485397,86100,AP-N901-F303,0.047627627849579,0.047627627849579,98.075912475586,267.45001220703
27-SEP-2025,0.52769609786344,52401,2013+370,0.51828974485397,86100,AP-N902-F303,0.050055027008057,0.050055027008057,96.386665344238,267.45001220703
27-SEP-2025,0.5365850849663,52401,2013+370,0.51821517944336,86100,AP-N901-F303,0.047627627849579,0.047627627849579,98.075912475586,267.45001220703
27-SEP-2025,0.5365850849663,52401,2013+370,0.51821517944336,86100,AP-N902-F303,0.050055027008057,0.050055027008057,96.386665344238,267.45001220703
27-SEP-2025,0.54547406997367,52401,2013+370,0.51813596487045,86100,AP-N901-F303,0.047627627849579,0.047627627849579,98.075912475586,267.45001220703
27-SEP-2025,0.54547406997367,52401,2013+370,0.51813596487045,86100,AP-N902-F303,0.050055027008057,0.050055027008057,96.386665344238,267.45001220703
27-SEP-2025,0.55436305777502,52401,2013+370,0.51805222034454,86100,AP-N901-F303,0.047627627849579,0.047627627849579,98.075912475586,267.45001220703
27-SEP-2025,0.55436305777502,52401,2013+370,0.51805222034454,86100,AP-N902-F303,0.050055027008057,0.050055027008057,96.386665344238,267.45001220703
27-SEP-2025,0.5632520420839,52401,2013+370,0.51796382665634,86100,AP-N901-F303,0.047627627849579,0.047627627849579,98.075912475586,267.45001220703
27-SEP-2025,0.5632520420839,52401,2013+370,0.51796382665634,86100,AP-N902-F303,0.050055027008057,0.050055027008057,96.386665344238,267.45001220703
27-SEP-2025,0.74450402189877,52406,3C454.3,0.66869157552719,86100,AP-N901-F303,0.049462847411633,0.049462847411633,91.381683349609,267.04998779297
27-SEP-2025,0.74450402189877,52406,3C454.3,0.66869157552719,86100,AP-N902-F303,0.052091602236032,0.052091602236032,89.692367553711,267.04998779297
27-SEP-2025,0.76019863741939,52410,3C454.3,0.67130309343338,86100,AP-N901-F303,0.049462847411633,0.049462847411633,91.381683349609,267.04998779297
27-SEP-2025,0.76019863741939,52410,3C454.3,0.67130309343338,86100,AP-N902-F303,0.052091602236032,0.052091602236032,89.692367553711,267.04998779297
27-SEP-2025,0.76922651160879,52410,3C454.3,0.67280048131943,86100,AP-N901-F303,0.049462847411633,0.049462847411633,91.381683349609,267.04998779297
27-SEP-2025,0.76922651160879,52410,3C454.3,0.67280048131943,86100,AP-N902-F303,0.052091602236032,0.052091602236032,89.692367553711,267.04998779297
27-SEP-2025,0.77825438963989,52410,3C454.3,0.67429453134537,86100,AP-N901-F303,0.049462847411633,0.049462847411633,91.381683349609,267.04998779297
27-SEP-2025,0.77825438963989,52410,3C454.3,0.67429453134537,86100,AP-N902-F303,0.052091602236032,0.052091602236032,89.692367553711,267.04998779297
27-SEP-2025,0.78714337272641,52410,3C454.3,0.67576211690903,86100,AP-N901-F303,0.049462847411633,0.049462847411633,91.381683349609,267.04998779297
27-SEP-2025,0.78714337272641,52410,3C454.3,0.67576211690903,86100,AP-N902-F303,0.052091602236032,0.052091602236032,89.692367553711,267.04998779297
27-SEP-2025,0.79603236175012,52410,3C454.3,0.67722630500793,86100,AP-N901-F303,0.049462847411633,0.049462847411633,91.381683349609,267.04998779297
27-SEP-2025,0.79603236175012,52410,3C454.3,0.67722630500793,86100,AP-N902-F303,0.052091602236032,0.052091602236032,89.692367553711,267.04998779297
27-SEP-2025,0.80492134501127,52410,3C454.3,0.67868703603745,86100,AP-N901-F303,0.049462847411633,0.049462847411633,91.381683349609,267.04998779297
27-SEP-2025,0.80492134501127,52410,3C454.3,0.67868703603745,86100,AP-N902-F303,0.052091602236032,0.052091602236032,89.692367553711,267.04998779297
27-SEP-2025,0.81381033386035,52410,3C454.3,0.6801443696022,86100,AP-N901-F303,0.049462847411633,0.049462847411633,91.381683349609,267.04998779297
27-SEP-2025,0.81381033386035,52410,3C454.3,0.6801443696022,86100,AP-N902-F303,0.052091602236032,0.052091602236032,89.692367553711,267.04998779297
27-SEP-2025,0.99452679842667,52418,BLLAC,0.39400252699852,86100,AP-N901-F303,0.046703778207302,0.046703778207302,107.96653747559,266.35000610352
27-SEP-2025,0.99452679842667,52418,BLLAC,0.39400252699852,86100,AP-N902-F303,0.048633467406034,0.048633467406034,106.54254150391,266.35000610352
27-SEP-2025,1.0102214088832,52422,BLLAC,0.39491924643517,86100,AP-N901-F303,0.046703778207302,0.046703778207302,107.96653747559,266.35000610352
27-SEP-2025,1.0102214088832,52422,BLLAC,0.39491924643517,86100,AP-N902-F303,0.048633467406034,0.048633467406034,106.54254150391,266.35000610352
27-SEP-2025,1.019110393716,52422,BLLAC,0.39543333649635,86100,AP-N901-F303,0.046703778207302,0.046703778207302,107.96653747559,266.35000610352
27-SEP-2025,1.019110393716,52422,BLLAC,0.39543333649635,86100,AP-N902-F303,0.048633467406034,0.048633467406034,106.54254150391,266.35000610352
27-SEP-2025,1.0282771651201,52422,BLLAC,0.39595964550972,86100,AP-N901-F303,0.046703778207302,0.046703778207302,107.96653747559,266.35000610352
27-SEP-2025,1.0282771651201,52422,BLLAC,0.39595964550972,86100,AP-N902-F303,0.048633467406034,0.048633467406034,106.54254150391,266.35000610352
27-SEP-2025,1.0371661485558,52422,BLLAC,0.39646622538567,86100,AP-N901-F303,0.046703778207302,0.046703778207302,107.96653747559,266.35000610352
27-SEP-2025,1.0371661485558,52422,BLLAC,0.39646622538567,86100,AP-N902-F303,0.048633467406034,0.048633467406034,106.54254150391,266.35000610352
27-SEP-2025,1.0463329173406,52422,BLLAC,0.39698472619057,86100,AP-N901-F303,0.046703778207302,0.046703778207302,107.96653747559,266.35000610352
27-SEP-2025,1.0463329173406,52422,BLLAC,0.39698472619057,86100,AP-N902-F303,0.048633467406034,0.048633467406034,106.54254150391,266.35000610352
27-SEP-2025,1.05536079153,52422,BLLAC,0.39749145507813,86100,AP-N901-F303,0.046703778207302,0.046703778207302,107.96653747559,266.35000610352
27-SEP-2025,1.05536079153,52422,BLLAC,0.39749145507813,86100,AP-N902-F303,0.048633467406034,0.048633467406034,106.54254150391,266.35000610352
27-SEP-2025,1.0643886699103,52422,BLLAC,0.39799436926842,86100,AP-N901-F303,0.046703778207302,0.046703778207302,107.96653747559,266.35000610352
27-SEP-2025,1.0643886699103,52422,BLLAC,0.39799436926842,86100,AP-N902-F303,0.048633467406034,0.048633467406034,106.54254150391,266.35000610352
27-SEP-2025,1.0735554348533,52422,BLLAC,0.39850103855133,86100,AP-N901-F303,0.046703778207302,0.046703778207302,107.96653747559,266.35000610352
27-SEP-2025,1.0735554348533,52422,BLLAC,0.39850103855133,86100,AP-N902-F303,0.048633467406034,0.048633467406034,106.54254150391,266.35000610352
27-SEP-2025,10.994550843949,52706,OJ287,0.65870642662048,86100,AP-N901-F303,0.032488603144884,0.032488603144884,81.814163208008,267.35000610352
27-SEP-2025,10.994550843949,52706,OJ287,0.65870642662048,86100,AP-N902-F303,0.035893980413675,0.035893980413675,79.921211242676,267.35000610352
27-SEP-2025,11.011356591087,52710,OJ287,0.66114240884781,86100,AP-N901-F303,0.032488603144884,0.032488603144884,81.814163208008,267.35000610352
27-SEP-2025,11.011356591087,52710,OJ287,0.66114240884781,86100,AP-N902-F303,0.035893980413675,0.035893980413675,79.921211242676,267.35000610352
27-SEP-2025,11.020523359173,52710,OJ287,0.66246545314789,86100,AP-N901-F303,0.032488603144884,0.032488603144884,81.814163208008,267.35000610352
27-SEP-2025,11.020523359173,52710,OJ287,0.66246545314789,86100,AP-N902-F303,0.035893980413675,0.035893980413675,79.921211242676,267.35000610352
27-SEP-2025,11.029412343482,52710,OJ287,0.66374439001083,86100,AP-N901-F303,0.032488603144884,0.032488603144884,81.814163208008,267.35000610352
27-SEP-2025,11.029412343482,52710,OJ287,0.66374439001083,86100,AP-N902-F303,0.035893980413675,0.035893980413675,79.921211242676,267.35000610352
27-SEP-2025,11.03830133041,52710,OJ287,0.66501945257187,86100,AP-N901-F303,0.032488603144884,0.032488603144884,81.814163208008,267.35000610352
27-SEP-2025,11.03830133041,52710,OJ287,0.66501945257187,86100,AP-N902-F303,0.035893980413675,0.035893980413675,79.921211242676,267.35000610352
27-SEP-2025,11.047190315243,52710,OJ287,0.66629058122635,86100,AP-N901-F303,0.032488603144884,0.032488603144884,81.814163208008,267.35000610352
27-SEP-2025,11.047190315243,52710,OJ287,0.66629058122635,86100,AP-N902-F303,0.035893980413675,0.035893980413675,79.921211242676,267.35000610352
27-SEP-2025,11.0560793006,52710,OJ287,0.66755777597427,86100,AP-N901-F303,0.032488603144884,0.032488603144884,81.814163208008,267.35000610352
27-SEP-2025,11.0560793006,52710,OJ287,0.66755777597427,86100,AP-N902-F303,0.035893980413675,0.035893980413675,79.921211242676,267.35000610352
27-SEP-2025,11.065246067289,52710,OJ287,0.66886043548584,86100,AP-N901-F303,0.032488603144884,0.032488603144884,81.814163208008,267.35000610352
27-SEP-2025,11.065246067289,52710,OJ287,0.66886043548584,86100,AP-N902-F303,0.035893980413675,0.035893980413675,79.921211242676,267.35000610352
27-SEP-2025,11.994422816555,52730,OJ287,0.77564561367035,86100,AP-N901-F303,0.033691436052322,0.033691436052322,79.433250427246,269.35000610352
27-SEP-2025,11.994422816555,52730,OJ287,0.77564561367035,86100,AP-N902-F303,0.036793045699596,0.036793045699596,77.398284912109,269.35000610352
27-SEP-2025,12.010811884621,52734,OJ287,0.77701753377914,86100,AP-N901-F303,0.033691436052322,0.033691436052322,79.433250427246,269.35000610352
27-SEP-2025,12.010811884621,52734,OJ287,0.77701753377914,86100,AP-N902-F303,0.036793045699596,0.036793045699596,77.398284912109,269.35000610352
27-SEP-2025,12.019839761779,52734,OJ287,0.77776509523392,86100,AP-N901-F303,0.033691436052322,0.033691436052322,79.433250427246,269.35000610352
27-SEP-2025,12.019839761779,52734,OJ287,0.77776509523392,86100,AP-N902-F303,0.036793045699596,0.036793045699596,77.398284912109,269.35000610352
27-SEP-2025,12.029006529342,52734,OJ287,0.77851790189743,86100,AP-N901-F303,0.033691436052322,0.033691436052322,79.433250427246,269.35000610352
27-SEP-2025,12.029006529342,52734,OJ287,0.77851790189743,86100,AP-N902-F303,0.036793045699596,0.036793045699596,77.398284912109,269.35000610352
27-SEP-2025,12.037895515397,52734,OJ287,0.77924191951752,86100,AP-N901-F303,0.033691436052322,0.033691436052322,79.433250427246,269.35000610352
27-SEP-2025,12.037895515397,52734,OJ287,0.77924191951752,86100,AP-N902-F303,0.036793045699596,0.036793045699596,77.398284912109,269.35000610352
27-SEP-2025,12.046784500754,52734,OJ287,0.77996009588242,86100,AP-N901-F303,0.033691436052322,0.033691436052322,79.433250427246,269.35000610352
27-SEP-2025,12.046784500754,52734,OJ287,0.77996009588242,86100,AP-N902-F303,0.036793045699596,0.036793045699596,77.398284912109,269.35000610352
27-SEP-2025,12.055951266395,52734,OJ287,0.78069448471069,86100,AP-N901-F303,0.033691436052322,0.033691436052322,79.433250427246,269.35000610352
27-SEP-2025,12.055951266395,52734,OJ287,0.78069448471069,86100,AP-N902-F303,0.036793045699596,0.036793045699596,77.398284912109,269.35000610352
27-SEP-2025,12.064840253673,52734,OJ287,0.78140062093735,86100,AP-N901-F303,0.033691436052322,0.033691436052322,79.433250427246,269.35000610352
27-SEP-2025,12.064840253673,52734,OJ287,0.78140062093735,86100,AP-N902-F303,0.036793045699596,0.036793045699596,77.398284912109,269.35000610352
27-SEP-2025,1.2449462036404,52427,BLLAC,0.40723502635956,86100,AP-N901-F303,0.047617625445127,0.047617625445127,106.48416137695,266.95001220703
27-SEP-2025,1.2449462036404,52427,BLLAC,0.40723502635956,86100,AP-N902-F303,0.048564366996288,0.048564366996288,104.82495880127,266.95001220703
27-SEP-2025,1.259946367663,52431,BLLAC,0.40793174505234,86100,AP-N901-F303,0.047617625445127,0.047617625445127,106.48416137695,266.95001220703
27-SEP-2025,1.259946367663,52431,BLLAC,0.40793174505234,86100,AP-N902-F303,0.048564366996288,0.048564366996288,104.82495880127,266.95001220703
27-SEP-2025,1.2688353535435,52431,BLLAC,0.40833958983421,86100,AP-N901-F303,0.047617625445127,0.047617625445127,106.48416137695,266.95001220703
27-SEP-2025,1.2688353535435,52431,BLLAC,0.40833958983421,86100,AP-N902-F303,0.048564366996288,0.048564366996288,104.82495880127,266.95001220703
27-SEP-2025,1.2777243397732,52431,BLLAC,0.4087435901165,86100,AP-N901-F303,0.047617625445127,0.047617625445127,106.48416137695,266.95001220703
27-SEP-2025,1.2777243397732,52431,BLLAC,0.4087435901165,86100,AP-N902-F303,0.048564366996288,0.048564366996288,104.82495880127,266.95001220703
27-SEP-2025,1.286891108558,52431,BLLAC,0.40915620326996,86100,AP-N901-F303,0.047617625445127,0.047617625445127,106.48416137695,266.95001220703
27-SEP-2025,1.286891108558,52431,BLLAC,0.40915620326996,86100,AP-N902-F303,0.048564366996288,0.048564366996288,104.82495880127,266.95001220703
27-SEP-2025,1.2957800919937,52431,BLLAC,0.40955233573914,86100,AP-N901-F303,0.047617625445127,0.047617625445127,106.48416137695,266.95001220703
27-SEP-2025,1.2957800919937,52431,BLLAC,0.40955233573914,86100,AP-N902-F303,0.048564366996288,0.048564366996288,104.82495880127,266.95001220703
27-SEP-2025,12.99522069888,52763,OJ287,0.81998491287231,86100,AP-N901-F303,0.031584199517965,0.031584199517965,78.391387939453,270.95001220703
27-SEP-2025,12.99522069888,52763,OJ287,0.81998491287231,86100,AP-N902-F303,0.034522119909525,0.034522119909525,76.811279296875,270.95001220703
27-SEP-2025,13.010915313353,52767,OJ287,0.82000356912613,86100,AP-N901-F303,0.031584199517965,0.031584199517965,78.391387939453,270.95001220703
27-SEP-2025,13.010915313353,52767,OJ287,0.82000356912613,86100,AP-N902-F303,0.034522119909525,0.034522119909525,76.811279296875,270.95001220703
27-SEP-2025,13.019804299408,52767,OJ287,0.8200049996376,86100,AP-N901-F303,0.031584199517965,0.031584199517965,78.391387939453,270.95001220703
27-SEP-2025,13.019804299408,52767,OJ287,0.8200049996376,86100,AP-N902-F303,0.034522119909525,0.034522119909525,76.811279296875,270.95001220703
27-SEP-2025,13.028693285289,52767,OJ287,0.81999921798706,86100,AP-N901-F303,0.031584199517965,0.031584199517965,78.391387939453,270.95001220703
27-SEP-2025,13.028693285289,52767,OJ287,0.81999921798706,86100,AP-N902-F303,0.034522119909525,0.034522119909525,76.811279296875,270.95001220703
27-SEP-2025,13.037860051279,52767,OJ287,0.81998604536057,86100,AP-N901-F303,0.031584199517965,0.031584199517965,78.391387939453,270.95001220703
27-SEP-2025,13.037860051279,52767,OJ287,0.81998604536057,86100,AP-N902-F303,0.034522119909525,0.034522119909525,76.811279296875,270.95001220703
27-SEP-2025,1.3046690817159,52431,BLLAC,0.40994465351105,86100,AP-N901-F303,0.047617625445127,0.047617625445127,106.48416137695,266.95001220703
27-SEP-2025,1.3046690817159,52431,BLLAC,0.40994465351105,86100,AP-N902-F303,0.048564366996288,0.048564366996288,104.82495880127,266.95001220703
27-SEP-2025,13.046749036811,52767,OJ287,0.81996637582779,86100,AP-N901-F303,0.031584199517965,0.031584199517965,78.391387939453,270.95001220703
27-SEP-2025,13.046749036811,52767,OJ287,0.81996637582779,86100,AP-N902-F303,0.034522119909525,0.034522119909525,76.811279296875,270.95001220703
27-SEP-2025,13.055638023739,52767,OJ287,0.81993979215622,86100,AP-N901-F303,0.031584199517965,0.031584199517965,78.391387939453,270.95001220703
27-SEP-2025,13.055638023739,52767,OJ287,0.81993979215622,86100,AP-N902-F303,0.034522119909525,0.034522119909525,76.811279296875,270.95001220703
27-SEP-2025,13.064527008397,52767,OJ287,0.81990629434586,86100,AP-N901-F303,0.031584199517965,0.031584199517965,78.391387939453,270.95001220703
27-SEP-2025,13.064527008397,52767,OJ287,0.81990629434586,86100,AP-N902-F303,0.034522119909525,0.034522119909525,76.811279296875,270.95001220703
27-SEP-2025,1.3138358450874,52431,BLLAC,0.41034516692162,86100,AP-N901-F303,0.047617625445127,0.047617625445127,106.48416137695,266.95001220703
27-SEP-2025,1.3138358450874,52431,BLLAC,0.41034516692162,86100,AP-N902-F303,0.048564366996288,0.048564366996288,104.82495880127,266.95001220703
27-SEP-2025,1.3230026138721,52431,BLLAC,0.41074159741402,86100,AP-N901-F303,0.047617625445127,0.047617625445127,106.48416137695,266.95001220703
27-SEP-2025,1.3230026138721,52431,BLLAC,0.41074159741402,86100,AP-N902-F303,0.048564366996288,0.048564366996288,104.82495880127,266.95001220703
27-SEP-2025,13.994395763042,52796,OJ287,0.77937114238739,86100,AP-N901-F303,0.032666653394699,0.032666653394699,79.714218139648,271.75
27-SEP-2025,13.994395763042,52796,OJ287,0.77937114238739,86100,AP-N902-F303,0.036382045596838,0.036382045596838,77.658889770508,271.75
27-SEP-2025,14.010368165309,52800,OJ287,0.77806752920151,86100,AP-N901-F303,0.032666653394699,0.032666653394699,79.714218139648,271.75
27-SEP-2025,14.010368165309,52800,OJ287,0.77806752920151,86100,AP-N902-F303,0.036382045596838,0.036382045596838,77.658889770508,271.75
27-SEP-2025,14.019257151539,52800,OJ287,0.77733397483826,86100,AP-N901-F303,0.032666653394699,0.032666653394699,79.714218139648,271.75
27-SEP-2025,14.019257151539,52800,OJ287,0.77733397483826,86100,AP-N902-F303,0.036382045596838,0.036382045596838,77.658889770508,271.75
27-SEP-2025,14.028146137419,52800,OJ287,0.77659457921982,86100,AP-N901-F303,0.032666653394699,0.032666653394699,79.714218139648,271.75
27-SEP-2025,14.028146137419,52800,OJ287,0.77659457921982,86100,AP-N902-F303,0.036382045596838,0.036382045596838,77.658889770508,271.75
27-SEP-2025,14.037312904283,52800,OJ287,0.77582603693008,86100,AP-N901-F303,0.032666653394699,0.032666653394699,79.714218139648,271.75
27-SEP-2025,14.037312904283,52800,OJ287,0.77582603693008,86100,AP-N902-F303,0.036382045596838,0.036382045596838,77.658889770508,271.75
27-SEP-2025,14.046201889814,52800,OJ287,0.77507483959198,86100,AP-N901-F303,0.032666653394699,0.032666653394699,79.714218139648,271.75
27-SEP-2025,14.046201889814,52800,OJ287,0.77507483959198,86100,AP-N902-F303,0.036382045596838,0.036382045596838,77.658889770508,271.75
27-SEP-2025,14.055090876393,52800,OJ287,0.77431780099869,86100,AP-N901-F303,0.032666653394699,0.032666653394699,79.714218139648,271.75
27-SEP-2025,14.055090876393,52800,OJ287,0.77431780099869,86100,AP-N902-F303,0.036382045596838,0.036382045596838,77.658889770508,271.75
27-SEP-2025,14.063979860353,52800,OJ287,0.7735550403595,86100,AP-N901-F303,0.032666653394699,0.032666653394699,79.714218139648,271.75
27-SEP-2025,14.063979860353,52800,OJ287,0.7735550403595,86100,AP-N902-F303,0.036382045596838,0.036382045596838,77.658889770508,271.75
27-SEP-2025,14.744250171092,52812,1308+326,0.41860818862915,86100,AP-N901-F303,0.031875401735306,0.031875401735306,91.632499694824,272.35000610352
27-SEP-2025,14.744250171092,52812,1308+326,0.41860818862915,86100,AP-N902-F303,0.034025128930807,0.034025128930807,90.419097900391,272.35000610352
27-SEP-2025,14.760778137072,52816,1308+326,0.4208732843399,86100,AP-N901-F303,0.031875401735306,0.031875401735306,91.632499694824,272.35000610352
27-SEP-2025,14.760778137072,52816,1308+326,0.4208732843399,86100,AP-N902-F303,0.034025128930807,0.034025128930807,90.419097900391,272.35000610352
27-SEP-2025,14.769806014055,52816,1308+326,0.42210608720779,86100,AP-N901-F303,0.031875401735306,0.031875401735306,91.632499694824,272.35000610352
27-SEP-2025,14.769806014055,52816,1308+326,0.42210608720779,86100,AP-N902-F303,0.034025128930807,0.034025128930807,90.419097900391,272.35000610352
27-SEP-2025,14.778833890166,52816,1308+326,0.42333576083183,86100,AP-N901-F303,0.031875401735306,0.031875401735306,91.632499694824,272.35000610352
27-SEP-2025,14.778833890166,52816,1308+326,0.42333576083183,86100,AP-N902-F303,0.034025128930807,0.034025128930807,90.419097900391,272.35000610352
27-SEP-2025,14.787722877967,52816,1308+326,0.42454349994659,86100,AP-N901-F303,0.031875401735306,0.031875401735306,91.632499694824,272.35000610352
27-SEP-2025,14.787722877967,52816,1308+326,0.42454349994659,86100,AP-N902-F303,0.034025128930807,0.034025128930807,90.419097900391,272.35000610352
27-SEP-2025,14.796611862276,52816,1308+326,0.42574819922447,86100,AP-N901-F303,0.031875401735306,0.031875401735306,91.632499694824,272.35000610352
27-SEP-2025,14.796611862276,52816,1308+326,0.42574819922447,86100,AP-N902-F303,0.034025128930807,0.034025128930807,90.419097900391,272.35000610352
27-SEP-2025,14.805778633331,52816,1308+326,0.42698729038239,86100,AP-N901-F303,0.031875401735306,0.031875401735306,91.632499694824,272.35000610352
27-SEP-2025,14.805778633331,52816,1308+326,0.42698729038239,86100,AP-N902-F303,0.034025128930807,0.034025128930807,90.419097900391,272.35000610352
27-SEP-2025,14.814667618513,52816,1308+326,0.42818573117256,86100,AP-N901-F303,0.031875401735306,0.031875401735306,91.632499694824,272.35000610352
27-SEP-2025,14.814667618513,52816,1308+326,0.42818573117256,86100,AP-N902-F303,0.034025128930807,0.034025128930807,90.419097900391,272.35000610352
27-SEP-2025,1.4942544870161,52436,BLLAC,0.41738569736481,86100,AP-N901-F303,0.047050911933184,0.047050911933184,105.05461120605,267.25
27-SEP-2025,1.4942544870161,52436,BLLAC,0.41738569736481,86100,AP-N902-F303,0.048009660094976,0.048009660094976,103.74565124512,267.25
27-SEP-2025,1.5096713271413,52440,BLLAC,0.41791197657585,86100,AP-N901-F303,0.047050911933184,0.047050911933184,105.05461120605,267.25
27-SEP-2025,1.5096713271413,52440,BLLAC,0.41791197657585,86100,AP-N902-F303,0.048009660094976,0.048009660094976,103.74565124512,267.25
27-SEP-2025,1.5188380910366,52440,BLLAC,0.41821953654289,86100,AP-N901-F303,0.047050911933184,0.047050911933184,105.05461120605,267.25
27-SEP-2025,1.5188380910366,52440,BLLAC,0.41821953654289,86100,AP-N902-F303,0.048009660094976,0.048009660094976,103.74565124512,267.25
27-SEP-2025,1.5280048603452,52440,BLLAC,0.41852280497551,86100,AP-N901-F303,0.047050911933184,0.047050911933184,105.05461120605,267.25
27-SEP-2025,1.5280048603452,52440,BLLAC,0.41852280497551,86100,AP-N902-F303,0.048009660094976,0.048009660094976,103.74565124512,267.25
27-SEP-2025,1.5368938451779,52440,BLLAC,0.41881296038628,86100,AP-N901-F303,0.047050911933184,0.047050911933184,105.05461120605,267.25
27-SEP-2025,1.5368938451779,52440,BLLAC,0.41881296038628,86100,AP-N902-F303,0.048009660094976,0.048009660094976,103.74565124512,267.25
27-SEP-2025,1.5460606123911,52440,BLLAC,0.41910797357559,86100,AP-N901-F303,0.047050911933184,0.047050911933184,105.05461120605,267.25
27-SEP-2025,1.5460606123911,52440,BLLAC,0.41910797357559,86100,AP-N902-F303,0.048009660094976,0.048009660094976,103.74565124512,267.25
27-SEP-2025,1.554949600367,52440,BLLAC,0.41939005255699,86100,AP-N901-F303,0.047050911933184,0.047050911933184,105.05461120605,267.25
27-SEP-2025,1.554949600367,52440,BLLAC,0.41939005255699,86100,AP-N902-F303,0.048009660094976,0.048009660094976,103.74565124512,267.25
27-SEP-2025,1.5641163646116,52440,BLLAC,0.41967675089836,86100,AP-N901-F303,0.047050911933184,0.047050911933184,105.05461120605,267.25
27-SEP-2025,1.5641163646116,52440,BLLAC,0.41967675089836,86100,AP-N902-F303,0.048009660094976,0.048009660094976,103.74565124512,267.25
27-SEP-2025,1.573005353286,52440,BLLAC,0.41995081305504,86100,AP-N901-F303,0.047050911933184,0.047050911933184,105.05461120605,267.25
27-SEP-2025,1.573005353286,52440,BLLAC,0.41995081305504,86100,AP-N902-F303,0.048009660094976,0.048009660094976,103.74565124512,267.25
27-SEP-2025,1.7439794547017,52445,BLLAC,0.42444556951523,86100,AP-N901-F303,0.046258840709925,0.046258840709925,104.17344665527,267.25
27-SEP-2025,1.7439794547017,52445,BLLAC,0.42444556951523,86100,AP-N902-F303,0.048031020909548,0.048031020909548,102.54661560059,267.25
27-SEP-2025,1.7599518485864,52449,BLLAC,0.42478972673416,86100,AP-N901-F303,0.046258840709925,0.046258840709925,104.17344665527,267.25
27-SEP-2025,1.7599518485864,52449,BLLAC,0.42478972673416,86100,AP-N902-F303,0.048031020909548,0.048031020909548,102.54661560059,267.25
27-SEP-2025,1.7688408346415,52449,BLLAC,0.42497566342354,86100,AP-N901-F303,0.046258840709925,0.046258840709925,104.17344665527,267.25
27-SEP-2025,1.7688408346415,52449,BLLAC,0.42497566342354,86100,AP-N902-F303,0.048031020909548,0.048031020909548,102.54661560059,267.25
27-SEP-2025,1.7780076046486,52449,BLLAC,0.425163179636,86100,AP-N901-F303,0.046258840709925,0.046258840709925,104.17344665527,267.25
27-SEP-2025,1.7780076046486,52449,BLLAC,0.425163179636,86100,AP-N902-F303,0.048031020909548,0.048031020909548,102.54661560059,267.25
27-SEP-2025,1.7868965891321,52449,BLLAC,0.42534098029137,86100,AP-N901-F303,0.046258840709925,0.046258840709925,104.17344665527,267.25
27-SEP-2025,1.7868965891321,52449,BLLAC,0.42534098029137,86100,AP-N902-F303,0.048031020909548,0.048031020909548,102.54661560059,267.25
27-SEP-2025,1.7957855779812,52449,BLLAC,0.42551472783089,86100,AP-N901-F303,0.046258840709925,0.046258840709925,104.17344665527,267.25
27-SEP-2025,1.7957855779812,52449,BLLAC,0.42551472783089,86100,AP-N902-F303,0.048031020909548,0.048031020909548,102.54661560059,267.25
27-SEP-2025,17.994592030098,52830,1308+326,0.58971220254898,86100,AP-N901-F303,0.033579159528017,0.033579159528017,84.650497436523,273.85000610352
27-SEP-2025,17.994592030098,52830,1308+326,0.58971220254898,86100,AP-N902-F303,0.035717628896236,0.035717628896236,82.738082885742,273.85000610352
27-SEP-2025,18.009731075794,52834,1308+326,0.58899289369583,86100,AP-N901-F303,0.033579159528017,0.033579159528017,84.650497436523,273.85000610352
27-SEP-2025,18.009731075794,52834,1308+326,0.58899289369583,86100,AP-N902-F303,0.035717628896236,0.035717628896236,82.738082885742,273.85000610352
27-SEP-2025,18.01889784615,52834,1308+326,0.58855068683624,86100,AP-N901-F303,0.033579159528017,0.033579159528017,84.650497436523,273.85000610352
27-SEP-2025,18.01889784615,52834,1308+326,0.58855068683624,86100,AP-N902-F303,0.035717628896236,0.035717628896236,82.738082885742,273.85000610352
27-SEP-2025,18.027786833952,52834,1308+326,0.58811694383621,86100,AP-N901-F303,0.033579159528017,0.033579159528017,84.650497436523,273.85000610352
27-SEP-2025,18.027786833952,52834,1308+326,0.58811694383621,86100,AP-N902-F303,0.035717628896236,0.035717628896236,82.738082885742,273.85000610352
27-SEP-2025,18.03695360099,52834,1308+326,0.58766442537308,86100,AP-N901-F303,0.033579159528017,0.033579159528017,84.650497436523,273.85000610352
27-SEP-2025,18.03695360099,52834,1308+326,0.58766442537308,86100,AP-N902-F303,0.035717628896236,0.035717628896236,82.738082885742,273.85000610352
27-SEP-2025,18.045981480069,52834,1308+326,0.58721375465393,86100,AP-N901-F303,0.033579159528017,0.033579159528017,84.650497436523,273.85000610352
27-SEP-2025,18.045981480069,52834,1308+326,0.58721375465393,86100,AP-N902-F303,0.035717628896236,0.035717628896236,82.738082885742,273.85000610352
27-SEP-2025,1.8046745629885,52449,BLLAC,0.42568439245224,86100,AP-N901-F303,0.046258840709925,0.046258840709925,104.17344665527,267.25
27-SEP-2025,1.8046745629885,52449,BLLAC,0.42568439245224,86100,AP-N902-F303,0.048031020909548,0.048031020909548,102.54661560059,267.25
27-SEP-2025,18.055287136464,52834,1308+326,0.5867440700531,86100,AP-N901-F303,0.033579159528017,0.033579159528017,84.650497436523,273.85000610352
27-SEP-2025,18.055287136464,52834,1308+326,0.5867440700531,86100,AP-N902-F303,0.035717628896236,0.035717628896236,82.738082885742,273.85000610352
27-SEP-2025,1.8135635499168,52449,BLLAC,0.42585012316704,86100,AP-N901-F303,0.046258840709925,0.046258840709925,104.17344665527,267.25
27-SEP-2025,1.8135635499168,52449,BLLAC,0.42585012316704,86100,AP-N902-F303,0.048031020909548,0.048031020909548,102.54661560059,267.25
27-SEP-2025,18.1373713789,52839,1308+326,0.58237141370773,86100,AP-N901-F303,0.032535407692194,0.032535407692194,84.518058776855,274.25
27-SEP-2025,18.1373713789,52839,1308+326,0.58237141370773,86100,AP-N902-F303,0.034819461405277,0.034819461405277,82.876358032227,274.25
27-SEP-2025,1.822452536845,52449,BLLAC,0.42601174116135,86100,AP-N901-F303,0.046258840709925,0.046258840709925,104.17344665527,267.25
27-SEP-2025,1.822452536845,52449,BLLAC,0.42601174116135,86100,AP-N902-F303,0.048031020909548,0.048031020909548,102.54661560059,267.25
27-SEP-2025,1.9939822040691,52454,2013+370,0.44640100002289,86100,AP-N901-F303,0.045821636915207,0.045821636915207,101.44240570068,265.85000610352
27-SEP-2025,1.9939822040691,52454,2013+370,0.44640100002289,86100,AP-N902-F303,0.046885915100574,0.046885915100574,99.517456054687,265.85000610352
27-SEP-2025,20.011378488858,52889,1308+326,0.38576889038086,86100,AP-N901-F303,0,0,0,0
27-SEP-2025,20.011378488858,52889,1308+326,0.38576889038086,86100,AP-N902-F303,0,0,0,0
27-SEP-2025,20.020267473691,52889,1308+326,0.38447147607803,86100,AP-N901-F303,0,0,0,0
27-SEP-2025,20.020267473691,52889,1308+326,0.38447147607803,86100,AP-N902-F303,0,0,0,0
27-SEP-2025,20.029295354341,52889,1308+326,0.38315102458,86100,AP-N901-F303,0,0,0,0
27-SEP-2025,20.029295354341,52889,1308+326,0.38315102458,86100,AP-N902-F303,0,0,0,0
27-SEP-2025,20.038323229404,52889,1308+326,0.38182777166367,86100,AP-N901-F303,0,0,0,0
27-SEP-2025,20.038323229404,52889,1308+326,0.38182777166367,86100,AP-N902-F303,0,0,0,0
27-SEP-2025,20.04721221738,52889,1308+326,0.38052204251289,86100,AP-N901-F303,0,0,0,0
27-SEP-2025,20.04721221738,52889,1308+326,0.38052204251289,86100,AP-N902-F303,0,0,0,0
27-SEP-2025,2.0093990349393,52458,2013+370,0.44504997134209,86100,AP-N901-F303,0.045821636915207,0.045821636915207,101.44240570068,265.85000610352
27-SEP-2025,2.0093990349393,52458,2013+370,0.44504997134209,86100,AP-N902-F303,0.046885915100574,0.046885915100574,99.517456054687,265.85000610352
27-SEP-2025,2.0182880199467,52458,2013+370,0.44426599144936,86100,AP-N901-F303,0.045821636915207,0.045821636915207,101.44240570068,265.85000610352
27-SEP-2025,2.0182880199467,52458,2013+370,0.44426599144936,86100,AP-N902-F303,0.046885915100574,0.046885915100574,99.517456054687,265.85000610352
27-SEP-2025,2.027454790303,52458,2013+370,0.44345358014107,86100,AP-N901-F303,0.045821636915207,0.045821636915207,101.44240570068,265.85000610352
27-SEP-2025,2.027454790303,52458,2013+370,0.44345358014107,86100,AP-N902-F303,0.046885915100574,0.046885915100574,99.517456054687,265.85000610352
27-SEP-2025,2.0363437772312,52458,2013+370,0.44266203045845,86100,AP-N901-F303,0.045821636915207,0.045821636915207,101.44240570068,265.85000610352
27-SEP-2025,2.0363437772312,52458,2013+370,0.44266203045845,86100,AP-N902-F303,0.046885915100574,0.046885915100574,99.517456054687,265.85000610352
27-SEP-2025,2.045510543222,52458,2013+370,0.44184187054634,86100,AP-N901-F303,0.045821636915207,0.045821636915207,101.44240570068,265.85000610352
27-SEP-2025,2.045510543222,52458,2013+370,0.44184187054634,86100,AP-N902-F303,0.046885915100574,0.046885915100574,99.517456054687,265.85000610352
27-SEP-2025,2.0546773099113,52458,2013+370,0.44101774692535,86100,AP-N901-F303,0.045821636915207,0.045821636915207,101.44240570068,265.85000610352
27-SEP-2025,2.0546773099113,52458,2013+370,0.44101774692535,86100,AP-N902-F303,0.046885915100574,0.046885915100574,99.517456054687,265.85000610352
27-SEP-2025,2.0635662984111,52458,2013+370,0.44021484255791,86100,AP-N901-F303,0.045821636915207,0.045821636915207,101.44240570068,265.85000610352
27-SEP-2025,2.0635662984111,52458,2013+370,0.44021484255791,86100,AP-N902-F303,0.046885915100574,0.046885915100574,99.517456054687,265.85000610352
27-SEP-2025,2.2437071630236,52463,3C454.3,0.85608923435211,86100,AP-N901-F303,0.047377817332745,0.047377817332745,85.155410766602,266.45001220703
27-SEP-2025,2.2437071630236,52463,3C454.3,0.85608923435211,86100,AP-N902-F303,0.050369467586279,0.050369467586279,82.971435546875,266.45001220703
27-SEP-2025,2.2596795586545,52467,3C454.3,0.85723263025284,86100,AP-N901-F303,0.047377817332745,0.047377817332745,85.155410766602,266.45001220703
27-SEP-2025,2.2596795586545,52467,3C454.3,0.85723263025284,86100,AP-N902-F303,0.050369467586279,0.050369467586279,82.971435546875,266.45001220703
27-SEP-2025,2.2685685464558,52467,3C454.3,0.85785967111588,86100,AP-N901-F303,0.047377817332745,0.047377817332745,85.155410766602,266.45001220703
27-SEP-2025,2.2685685464558,52467,3C454.3,0.85785967111588,86100,AP-N902-F303,0.050369467586279,0.050369467586279,82.971435546875,266.45001220703
27-SEP-2025,2.2774575326855,52467,3C454.3,0.85847997665405,86100,AP-N901-F303,0.047377817332745,0.047377817332745,85.155410766602,266.45001220703
27-SEP-2025,2.2774575326855,52467,3C454.3,0.85847997665405,86100,AP-N902-F303,0.050369467586279,0.050369467586279,82.971435546875,266.45001220703
27-SEP-2025,2.286346518566,52467,3C454.3,0.85909342765808,86100,AP-N901-F303,0.047377817332745,0.047377817332745,85.155410766602,266.45001220703
27-SEP-2025,2.286346518566,52467,3C454.3,0.85909342765808,86100,AP-N902-F303,0.050369467586279,0.050369467586279,82.971435546875,266.45001220703
27-SEP-2025,2.2956521763582,52467,3C454.3,0.85972845554352,86100,AP-N901-F303,0.047377817332745,0.047377817332745,85.155410766602,266.45001220703
27-SEP-2025,2.2956521763582,52467,3C454.3,0.85972845554352,86100,AP-N902-F303,0.050369467586279,0.050369467586279,82.971435546875,266.45001220703
27-SEP-2025,2.3046800517699,52467,3C454.3,0.8603373169899,86100,AP-N901-F303,0.047377817332745,0.047377817332745,85.155410766602,266.45001220703
27-SEP-2025,2.3046800517699,52467,3C454.3,0.8603373169899,86100,AP-N902-F303,0.050369467586279,0.050369467586279,82.971435546875,266.45001220703
27-SEP-2025,2.3138468186338,52467,3C454.3,0.86094838380814,86100,AP-N901-F303,0.047377817332745,0.047377817332745,85.155410766602,266.45001220703
27-SEP-2025,2.3138468186338,52467,3C454.3,0.86094838380814,86100,AP-N902-F303,0.050369467586279,0.050369467586279,82.971435546875,266.45001220703
27-SEP-2025,2.4948210275934,52472,BLLAC,0.42647576332092,86100,AP-N901-F303,0.045431204140186,0.045431204140186,102.22043609619,266.45001220703
27-SEP-2025,2.4948210275934,52472,BLLAC,0.42647576332092,86100,AP-N902-F303,0.046498339623213,0.046498339623213,100.75316619873,266.45001220703
27-SEP-2025,2.5099600760832,52476,BLLAC,0.42621877789497,86100,AP-N901-F303,0.045431204140186,0.045431204140186,102.22043609619,266.45001220703
27-SEP-2025,2.5099600760832,52476,BLLAC,0.42621877789497,86100,AP-N902-F303,0.046498339623213,0.046498339623213,100.75316619873,266.45001220703
27-SEP-2025,2.5191268432963,52476,BLLAC,0.42605751752853,86100,AP-N901-F303,0.045431204140186,0.045431204140186,102.22043609619,266.45001220703
27-SEP-2025,2.5191268432963,52476,BLLAC,0.42605751752853,86100,AP-N902-F303,0.046498339623213,0.046498339623213,100.75316619873,266.45001220703
27-SEP-2025,2.5282936126049,52476,BLLAC,0.42589193582535,86100,AP-N901-F303,0.045431204140186,0.045431204140186,102.22043609619,266.45001220703
27-SEP-2025,2.5282936126049,52476,BLLAC,0.42589193582535,86100,AP-N902-F303,0.046498339623213,0.046498339623213,100.75316619873,266.45001220703
27-SEP-2025,2.5374603791195,52476,BLLAC,0.42572209239006,86100,AP-N901-F303,0.045431204140186,0.045431204140186,102.22043609619,266.45001220703
27-SEP-2025,2.5374603791195,52476,BLLAC,0.42572209239006,86100,AP-N902-F303,0.046498339623213,0.046498339623213,100.75316619873,266.45001220703
27-SEP-2025,2.5463493662224,52476,BLLAC,0.42555329203606,86100,AP-N901-F303,0.045431204140186,0.045431204140186,102.22043609619,266.45001220703
27-SEP-2025,2.5463493662224,52476,BLLAC,0.42555329203606,86100,AP-N902-F303,0.046498339623213,0.046498339623213,100.75316619873,266.45001220703
27-SEP-2025,2.5552383540237,52476,BLLAC,0.42538046836853,86100,AP-N901-F303,0.045431204140186,0.045431204140186,102.22043609619,266.45001220703
27-SEP-2025,2.5552383540237,52476,BLLAC,0.42538046836853,86100,AP-N902-F303,0.046498339623213,0.046498339623213,100.75316619873,266.45001220703
27-SEP-2025,2.5641273388565,52476,BLLAC,0.42520359158516,86100,AP-N901-F303,0.045431204140186,0.045431204140186,102.22043609619,266.45001220703
27-SEP-2025,2.5641273388565,52476,BLLAC,0.42520359158516,86100,AP-N902-F303,0.046498339623213,0.046498339623213,100.75316619873,266.45001220703
27-SEP-2025,2.5730163259593,52476,BLLAC,0.42502272129059,86100,AP-N901-F303,0.045431204140186,0.045431204140186,102.22043609619,266.45001220703
27-SEP-2025,2.5730163259593,52476,BLLAC,0.42502272129059,86100,AP-N902-F303,0.046498339623213,0.046498339623213,100.75316619873,266.45001220703
27-SEP-2025,2.7442682027705,52481,BLLAC,0.42075496912003,86100,AP-N901-F303,0.045378368347883,0.045378368347883,103.19082641602,266.95001220703
27-SEP-2025,2.7442682027705,52481,BLLAC,0.42075496912003,86100,AP-N902-F303,0.046833835542202,0.046833835542202,101.73154449463,266.95001220703
27-SEP-2025,2.7596850409748,52485,BLLAC,0.42029777169228,86100,AP-N901-F303,0.045378368347883,0.045378368347883,103.19082641602,266.95001220703
27-SEP-2025,2.7596850409748,52485,BLLAC,0.42029777169228,86100,AP-N902-F303,0.046833835542202,0.046833835542202,101.73154449463,266.95001220703
27-SEP-2025,2.7685740268553,52485,BLLAC,0.42002889513969,86100,AP-N901-F303,0.045378368347883,0.045378368347883,103.19082641602,266.95001220703
27-SEP-2025,2.7685740268553,52485,BLLAC,0.42002889513969,86100,AP-N902-F303,0.046833835542202,0.046833835542202,101.73154449463,266.95001220703
27-SEP-2025,2.7777407973862,52485,BLLAC,0.41974741220474,86100,AP-N901-F303,0.045378368347883,0.045378368347883,103.19082641602,266.95001220703
27-SEP-2025,2.7777407973862,52485,BLLAC,0.41974741220474,86100,AP-N902-F303,0.046833835542202,0.046833835542202,101.73154449463,266.95001220703
27-SEP-2025,2.7866297829175,52485,BLLAC,0.41947045922279,86100,AP-N901-F303,0.045378368347883,0.045378368347883,103.19082641602,266.95001220703
27-SEP-2025,2.7866297829175,52485,BLLAC,0.41947045922279,86100,AP-N902-F303,0.046833835542202,0.046833835542202,101.73154449463,266.95001220703
27-SEP-2025,2.7957965496067,52485,BLLAC,0.41918069124222,86100,AP-N901-F303,0.045378368347883,0.045378368347883,103.19082641602,266.95001220703
27-SEP-2025,2.7957965496067,52485,BLLAC,0.41918069124222,86100,AP-N902-F303,0.046833835542202,0.046833835542202,101.73154449463,266.95001220703
27-SEP-2025,2.8046855374081,52485,BLLAC,0.41889569163322,86100,AP-N901-F303,0.045378368347883,0.045378368347883,103.19082641602,266.95001220703
27-SEP-2025,2.8046855374081,52485,BLLAC,0.41889569163322,86100,AP-N902-F303,0.046833835542202,0.046833835542202,101.73154449463,266.95001220703
27-SEP-2025,2.813852301478,52485,BLLAC,0.41859757900238,86100,AP-N901-F303,0.045378368347883,0.045378368347883,103.19082641602,266.95001220703
27-SEP-2025,2.813852301478,52485,BLLAC,0.41859757900238,86100,AP-N902-F303,0.046833835542202,0.046833835542202,101.73154449463,266.95001220703
27-SEP-2025,2.8227412903271,52485,BLLAC,0.41830456256866,86100,AP-N901-F303,0.045378368347883,0.045378368347883,103.19082641602,266.95001220703
27-SEP-2025,2.8227412903271,52485,BLLAC,0.41830456256866,86100,AP-N902-F303,0.046833835542202,0.046833835542202,101.73154449463,266.95001220703
27-SEP-2025,2.9939052673428,52493,BLLAC,0.41189500689507,86100,AP-N901-F303,0.045488890260458,0.045488890260458,104.51656341553,266.95001220703
27-SEP-2025,2.9939052673428,52493,BLLAC,0.41189500689507,86100,AP-N902-F303,0.047405604273081,0.047405604273081,103.0940246582,266.95001220703
27-SEP-2025,3.0095998833873,52497,BLLAC,0.41123452782631,86100,AP-N901-F303,0.045488890260458,0.045488890260458,104.51656341553,266.95001220703
27-SEP-2025,3.0095998833873,52497,BLLAC,0.41123452782631,86100,AP-N902-F303,0.047405604273081,0.047405604273081,103.0940246582,266.95001220703
27-SEP-2025,3.0187666516481,52497,BLLAC,0.41084325313568,86100,AP-N901-F303,0.045488890260458,0.045488890260458,104.51656341553,266.95001220703
27-SEP-2025,3.0187666516481,52497,BLLAC,0.41084325313568,86100,AP-N902-F303,0.047405604273081,0.047405604273081,103.0940246582,266.95001220703
27-SEP-2025,3.0276556380525,52497,BLLAC,0.41045999526978,86100,AP-N901-F303,0.045488890260458,0.045488890260458,104.51656341553,266.95001220703
27-SEP-2025,3.0276556380525,52497,BLLAC,0.41045999526978,86100,AP-N902-F303,0.047405604273081,0.047405604273081,103.0940246582,266.95001220703
27-SEP-2025,3.0365446237584,52497,BLLAC,0.41007280349731,86100,AP-N901-F303,0.045488890260458,0.045488890260458,104.51656341553,266.95001220703
27-SEP-2025,3.0365446237584,52497,BLLAC,0.41007280349731,86100,AP-N902-F303,0.047405604273081,0.047405604273081,103.0940246582,266.95001220703
27-SEP-2025,3.0454336096389,52497,BLLAC,0.40968179702759,86100,AP-N901-F303,0.045488890260458,0.045488890260458,104.51656341553,266.95001220703
27-SEP-2025,3.0454336096389,52497,BLLAC,0.40968179702759,86100,AP-N902-F303,0.047405604273081,0.047405604273081,103.0940246582,266.95001220703
27-SEP-2025,3.0543225977895,52497,BLLAC,0.40928688645363,86100,AP-N901-F303,0.045488890260458,0.045488890260458,104.51656341553,266.95001220703
27-SEP-2025,3.0543225977895,52497,BLLAC,0.40928688645363,86100,AP-N902-F303,0.047405604273081,0.047405604273081,103.0940246582,266.95001220703
27-SEP-2025,3.0632115815745,52497,BLLAC,0.40888813138008,86100,AP-N901-F303,0.045488890260458,0.045488890260458,104.51656341553,266.95001220703
27-SEP-2025,3.0632115815745,52497,BLLAC,0.40888813138008,86100,AP-N902-F303,0.047405604273081,0.047405604273081,103.0940246582,266.95001220703
27-SEP-2025,3.0721005697251,52497,BLLAC,0.40848550200462,86100,AP-N901-F303,0.045488890260458,0.045488890260458,104.51656341553,266.95001220703
27-SEP-2025,3.0721005697251,52497,BLLAC,0.40848550200462,86100,AP-N902-F303,0.047405604273081,0.047405604273081,103.0940246582,266.95001220703
27-SEP-2025,3.2441857852954,52502,BLLAC,0.39993798732758,86100,AP-N901-F303,0.045325811952353,0.045325811952353,105.48043060303,266.75
27-SEP-2025,3.2441857852954,52502,BLLAC,0.39993798732758,86100,AP-N902-F303,0.046914823353291,0.046914823353291,103.97657012939,266.75
27-SEP-2025,3.259880405007,52506,BLLAC,0.39908748865128,86100,AP-N901-F303,0.045325811952353,0.045325811952353,105.48043060303,266.75
27-SEP-2025,3.259880405007,52506,BLLAC,0.39908748865128,86100,AP-N902-F303,0.046914823353291,0.046914823353291,103.97657012939,266.75
27-SEP-2025,3.2690471725693,52506,BLLAC,0.39858546853065,86100,AP-N901-F303,0.045325811952353,0.045325811952353,105.48043060303,266.75
27-SEP-2025,3.2690471725693,52506,BLLAC,0.39858546853065,86100,AP-N902-F303,0.046914823353291,0.046914823353291,103.97657012939,266.75
27-SEP-2025,3.2779361567036,52506,BLLAC,0.39809480309486,86100,AP-N901-F303,0.045325811952353,0.045325811952353,105.48043060303,266.75
27-SEP-2025,3.2779361567036,52506,BLLAC,0.39809480309486,86100,AP-N902-F303,0.046914823353291,0.046914823353291,103.97657012939,266.75
27-SEP-2025,3.2868251459019,52506,BLLAC,0.39760047197342,86100,AP-N901-F303,0.045325811952353,0.045325811952353,105.48043060303,266.75
27-SEP-2025,3.2868251459019,52506,BLLAC,0.39760047197342,86100,AP-N902-F303,0.046914823353291,0.046914823353291,103.97657012939,266.75
27-SEP-2025,3.2957141288138,52506,BLLAC,0.39710235595703,86100,AP-N901-F303,0.045325811952353,0.045325811952353,105.48043060303,266.75
27-SEP-2025,3.2957141288138,52506,BLLAC,0.39710235595703,86100,AP-N902-F303,0.046914823353291,0.046914823353291,103.97657012939,266.75
27-SEP-2025,3.3048808981224,52506,BLLAC,0.39658477902412,86100,AP-N901-F303,0.045325811952353,0.045325811952353,105.48043060303,266.75
27-SEP-2025,3.3048808981224,52506,BLLAC,0.39658477902412,86100,AP-N902-F303,0.046914823353291,0.046914823353291,103.97657012939,266.75
27-SEP-2025,3.3137698810343,52506,BLLAC,0.39607906341553,86100,AP-N901-F303,0.045325811952353,0.045325811952353,105.48043060303,266.75
27-SEP-2025,3.3137698810343,52506,BLLAC,0.39607906341553,86100,AP-N902-F303,0.046914823353291,0.046914823353291,103.97657012939,266.75
27-SEP-2025,3.495577434865,52511,2013+370,0.26852697134018,86100,AP-N901-F303,0.044985417276621,0.044985417276621,125.10048675537,266.75
27-SEP-2025,3.495577434865,52511,2013+370,0.26852697134018,86100,AP-N902-F303,0.046274565160275,0.046274565160275,123.64437103271,266.75
27-SEP-2025,3.5096053644853,52515,2013+370,0.26648619771004,86100,AP-N901-F303,0.044985417276621,0.044985417276621,125.10048675537,266.75
27-SEP-2025,3.5096053644853,52515,2013+370,0.26648619771004,86100,AP-N902-F303,0.046274565160275,0.046274565160275,123.64437103271,266.75
27-SEP-2025,3.5184943491434,52515,2013+370,0.26519003510475,86100,AP-N901-F303,0.044985417276621,0.044985417276621,125.10048675537,266.75
27-SEP-2025,3.5184943491434,52515,2013+370,0.26519003510475,86100,AP-N902-F303,0.046274565160275,0.046274565160275,123.64437103271,266.75
27-SEP-2025,3.5273833367701,52515,2013+370,0.26389145851135,86100,AP-N901-F303,0.044985417276621,0.044985417276621,125.10048675537,266.75
27-SEP-2025,3.5273833367701,52515,2013+370,0.26389145851135,86100,AP-N902-F303,0.046274565160275,0.046274565160275,123.64437103271,266.75
27-SEP-2025,3.5362723228252,52515,2013+370,0.26259055733681,86100,AP-N901-F303,0.044985417276621,0.044985417276621,125.10048675537,266.75
27-SEP-2025,3.5362723228252,52515,2013+370,0.26259055733681,86100,AP-N902-F303,0.046274565160275,0.046274565160275,123.64437103271,266.75
27-SEP-2025,3.5451613116743,52515,2013+370,0.26128733158112,86100,AP-N901-F303,0.044985417276621,0.044985417276621,125.10048675537,266.75
27-SEP-2025,3.5451613116743,52515,2013+370,0.26128733158112,86100,AP-N902-F303,0.046274565160275,0.046274565160275,123.64437103271,266.75
27-SEP-2025,3.5540502958086,52515,2013+370,0.25998178124428,86100,AP-N901-F303,0.044985417276621,0.044985417276621,125.10048675537,266.75
27-SEP-2025,3.5540502958086,52515,2013+370,0.25998178124428,86100,AP-N902-F303,0.046274565160275,0.046274565160275,123.64437103271,266.75
27-SEP-2025,3.5632170638948,52515,2013+370,0.25863298773766,86100,AP-N901-F303,0.044985417276621,0.044985417276621,125.10048675537,266.75
27-SEP-2025,3.5632170638948,52515,2013+370,0.25863298773766,86100,AP-N902-F303,0.046274565160275,0.046274565160275,123.64437103271,266.75
27-SEP-2025,3.5721060516961,52515,2013+370,0.25732269883156,86100,AP-N901-F303,0.044985417276621,0.044985417276621,125.10048675537,266.75
27-SEP-2025,3.5721060516961,52515,2013+370,0.25732269883156,86100,AP-N902-F303,0.046274565160275,0.046274565160275,123.64437103271,266.75
27-SEP-2025,3.7439134936173,52520,BLLAC,0.36725750565529,86100,AP-N901-F303,0.045614916831255,0.045614916831255,108.92794799805,266.35000610352
27-SEP-2025,3.7439134936173,52520,BLLAC,0.36725750565529,86100,AP-N902-F303,0.04701679572463,0.04701679572463,107.78626251221,266.35000610352
27-SEP-2025,3.7598858962331,52524,BLLAC,0.36602720618248,86100,AP-N901-F303,0.045614916831255,0.045614916831255,108.92794799805,266.35000610352
27-SEP-2025,3.7598858962331,52524,BLLAC,0.36602720618248,86100,AP-N902-F303,0.04701679572463,0.04701679572463,107.78626251221,266.35000610352
27-SEP-2025,3.7687748850821,52524,BLLAC,0.36533784866333,86100,AP-N901-F303,0.045614916831255,0.045614916831255,108.92794799805,266.35000610352
27-SEP-2025,3.7687748850821,52524,BLLAC,0.36533784866333,86100,AP-N902-F303,0.04701679572463,0.04701679572463,107.78626251221,266.35000610352
27-SEP-2025,3.7778027608432,52524,BLLAC,0.36463415622711,86100,AP-N901-F303,0.045614916831255,0.045614916831255,108.92794799805,266.35000610352
27-SEP-2025,3.7778027608432,52524,BLLAC,0.36463415622711,86100,AP-N902-F303,0.04701679572463,0.04701679572463,107.78626251221,266.35000610352
27-SEP-2025,3.7868306381758,52524,BLLAC,0.36392694711685,86100,AP-N901-F303,0.045614916831255,0.045614916831255,108.92794799805,266.35000610352
27-SEP-2025,3.7868306381758,52524,BLLAC,0.36392694711685,86100,AP-N902-F303,0.04701679572463,0.04701679572463,107.78626251221,266.35000610352
27-SEP-2025,3.7957196233578,52524,BLLAC,0.36322718858719,86100,AP-N901-F303,0.045614916831255,0.045614916831255,108.92794799805,266.35000610352
27-SEP-2025,3.7957196233578,52524,BLLAC,0.36322718858719,86100,AP-N902-F303,0.04701679572463,0.04701679572463,107.78626251221,266.35000610352
27-SEP-2025,3.8046086120322,52524,BLLAC,0.36252397298813,86100,AP-N901-F303,0.045614916831255,0.045614916831255,108.92794799805,266.35000610352
27-SEP-2025,3.8046086120322,52524,BLLAC,0.36252397298813,86100,AP-N902-F303,0.04701679572463,0.04701679572463,107.78626251221,266.35000610352
27-SEP-2025,3.8134975972142,52524,BLLAC,0.36181738972664,86100,AP-N901-F303,0.045614916831255,0.045614916831255,108.92794799805,266.35000610352
27-SEP-2025,3.8134975972142,52524,BLLAC,0.36181738972664,86100,AP-N902-F303,0.04701679572463,0.04701679572463,107.78626251221,266.35000610352
27-SEP-2025,3.8223865837932,52524,BLLAC,0.36110734939575,86100,AP-N901-F303,0.045614916831255,0.045614916831255,108.92794799805,266.35000610352
27-SEP-2025,3.8223865837932,52524,BLLAC,0.36110734939575,86100,AP-N902-F303,0.04701679572463,0.04701679572463,107.78626251221,266.35000610352
27-SEP-2025,3.9941940248412,52529,BLLAC,0.34672397375107,86100,AP-N901-F303,0.044708400964737,0.044708400964737,110.86682128906,266.64999389648
27-SEP-2025,3.9941940248412,52529,BLLAC,0.34672397375107,86100,AP-N902-F303,0.046219423413277,0.046219423413277,109.74471282959,266.64999389648
27-SEP-2025,4.0098886454259,52533,BLLAC,0.34534823894501,86100,AP-N901-F303,0.044708400964737,0.044708400964737,110.86682128906,266.64999389648
27-SEP-2025,4.0098886454259,52533,BLLAC,0.34534823894501,86100,AP-N902-F303,0.046219423413277,0.046219423413277,109.74471282959,266.64999389648
27-SEP-2025,4.0190554129883,52533,BLLAC,0.3445400595665,86100,AP-N901-F303,0.044708400964737,0.044708400964737,110.86682128906,266.64999389648
27-SEP-2025,4.0190554129883,52533,BLLAC,0.3445400595665,86100,AP-N902-F303,0.046219423413277,0.046219423413277,109.74471282959,266.64999389648
27-SEP-2025,4.0280832880508,52533,BLLAC,0.34374070167542,86100,AP-N901-F303,0.044708400964737,0.044708400964737,110.86682128906,266.64999389648
27-SEP-2025,4.0280832880508,52533,BLLAC,0.34374070167542,86100,AP-N902-F303,0.046219423413277,0.046219423413277,109.74471282959,266.64999389648
27-SEP-2025,4.0373889463668,52533,BLLAC,0.34291329979897,86100,AP-N901-F303,0.044708400964737,0.044708400964737,110.86682128906,266.64999389648
27-SEP-2025,4.0373889463668,52533,BLLAC,0.34291329979897,86100,AP-N902-F303,0.046219423413277,0.046219423413277,109.74471282959,266.64999389648
27-SEP-2025,4.0464168230009,52533,BLLAC,0.3421071767807,86100,AP-N901-F303,0.044708400964737,0.044708400964737,110.86682128906,266.64999389648
27-SEP-2025,4.0464168230009,52533,BLLAC,0.3421071767807,86100,AP-N902-F303,0.046219423413277,0.046219423413277,109.74471282959,266.64999389648
27-SEP-2025,4.0554447003335,52533,BLLAC,0.34129771590233,86100,AP-N901-F303,0.044708400964737,0.044708400964737,110.86682128906,266.64999389648
27-SEP-2025,4.0554447003335,52533,BLLAC,0.34129771590233,86100,AP-N902-F303,0.046219423413277,0.046219423413277,109.74471282959,266.64999389648
27-SEP-2025,4.0646114664989,52533,BLLAC,0.34047240018845,86100,AP-N901-F303,0.044708400964737,0.044708400964737,110.86682128906,266.64999389648
27-SEP-2025,4.0646114664989,52533,BLLAC,0.34047240018845,86100,AP-N902-F303,0.046219423413277,0.046219423413277,109.74471282959,266.64999389648
27-SEP-2025,4.0737782335374,52533,BLLAC,0.33964362740517,86100,AP-N901-F303,0.044708400964737,0.044708400964737,110.86682128906,266.64999389648
27-SEP-2025,4.0737782335374,52533,BLLAC,0.33964362740517,86100,AP-N902-F303,0.046219423413277,0.046219423413277,109.74471282959,266.64999389648
27-SEP-2025,4.2444745613038,52538,BLLAC,0.32359421253204,86100,AP-N901-F303,0.045499574393034,0.045499574393034,114.70217132568,266.64999389648
27-SEP-2025,4.2444745613038,52538,BLLAC,0.32359421253204,86100,AP-N902-F303,0.046602316200733,0.046602316200733,113.06009674072,266.64999389648
27-SEP-2025,4.2601691738559,52542,BLLAC,0.32206049561501,86100,AP-N901-F303,0.045499574393034,0.045499574393034,114.70217132568,266.64999389648
27-SEP-2025,4.2601691738559,52542,BLLAC,0.32206049561501,86100,AP-N902-F303,0.046602316200733,0.046602316200733,113.06009674072,266.64999389648
27-SEP-2025,4.2690581620065,52542,BLLAC,0.32118770480156,86100,AP-N901-F303,0.045499574393034,0.045499574393034,114.70217132568,266.64999389648
27-SEP-2025,4.2690581620065,52542,BLLAC,0.32118770480156,86100,AP-N902-F303,0.046602316200733,0.046602316200733,113.06009674072,266.64999389648
27-SEP-2025,4.2779471480616,52542,BLLAC,0.32031181454659,86100,AP-N901-F303,0.045499574393034,0.045499574393034,114.70217132568,266.64999389648
27-SEP-2025,4.2779471480616,52542,BLLAC,0.32031181454659,86100,AP-N902-F303,0.046602316200733,0.046602316200733,113.06009674072,266.64999389648
27-SEP-2025,4.2868361360375,52542,BLLAC,0.31943282485008,86100,AP-N901-F303,0.045499574393034,0.045499574393034,114.70217132568,266.64999389648
27-SEP-2025,4.2868361360375,52542,BLLAC,0.31943282485008,86100,AP-N902-F303,0.046602316200733,0.046602316200733,113.06009674072,266.64999389648
27-SEP-2025,4.2961417915596,52542,BLLAC,0.3185093998909,86100,AP-N901-F303,0.045499574393034,0.045499574393034,114.70217132568,266.64999389648
27-SEP-2025,4.2961417915596,52542,BLLAC,0.3185093998909,86100,AP-N902-F303,0.046602316200733,0.046602316200733,113.06009674072,266.64999389648
27-SEP-2025,4.3057252319067,52542,BLLAC,0.31755495071411,86100,AP-N901-F303,0.045499574393034,0.045499574393034,114.70217132568,266.64999389648
27-SEP-2025,4.3057252319067,52542,BLLAC,0.31755495071411,86100,AP-N902-F303,0.046602316200733,0.046602316200733,113.06009674072,266.64999389648
27-SEP-2025,4.3147531097632,52542,BLLAC,0.31665250658989,86100,AP-N901-F303,0.045499574393034,0.045499574393034,114.70217132568,266.64999389648
27-SEP-2025,4.3147531097632,52542,BLLAC,0.31665250658989,86100,AP-N902-F303,0.046602316200733,0.046602316200733,113.06009674072,266.64999389648
27-SEP-2025,4.3237809850003,52542,BLLAC,0.31574699282646,86100,AP-N901-F303,0.045499574393034,0.045499574393034,114.70217132568,266.64999389648
27-SEP-2025,4.3237809850003,52542,BLLAC,0.31574699282646,86100,AP-N902-F303,0.046602316200733,0.046602316200733,113.06009674072,266.64999389648
27-SEP-2025,4.4944773090997,52547,BLLAC,0.29804581403732,86100,AP-N901-F303,0.04545346647501,0.04545346647501,119.44835662842,265.64999389648
27-SEP-2025,4.4944773090997,52547,BLLAC,0.29804581403732,86100,AP-N902-F303,0.046633500605822,0.046633500605822,117.65665435791,265.64999389648
27-SEP-2025,4.5096163600342,52551,BLLAC,0.29642364382744,86100,AP-N901-F303,0.04545346647501,0.04545346647501,119.44835662842,265.64999389648
27-SEP-2025,4.5096163600342,52551,BLLAC,0.29642364382744,86100,AP-N902-F303,0.046633500605822,0.046633500605822,117.65665435791,265.64999389648
27-SEP-2025,4.5187831277712,52551,BLLAC,0.29543736577034,86100,AP-N901-F303,0.04545346647501,0.04545346647501,119.44835662842,265.64999389648
27-SEP-2025,4.5187831277712,52551,BLLAC,0.29543736577034,86100,AP-N902-F303,0.046633500605822,0.046633500605822,117.65665435791,265.64999389648
27-SEP-2025,4.5276721136517,52551,BLLAC,0.29447793960571,86100,AP-N901-F303,0.04545346647501,0.04545346647501,119.44835662842,265.64999389648
27-SEP-2025,4.5276721136517,52551,BLLAC,0.29447793960571,86100,AP-N902-F303,0.046633500605822,0.046633500605822,117.65665435791,265.64999389648
27-SEP-2025,4.5365611007545,52551,BLLAC,0.29351571202278,86100,AP-N901-F303,0.04545346647501,0.04545346647501,119.44835662842,265.64999389648
27-SEP-2025,4.5365611007545,52551,BLLAC,0.29351571202278,86100,AP-N902-F303,0.046633500605822,0.046633500605822,117.65665435791,265.64999389648
27-SEP-2025,4.5454500859365,52551,BLLAC,0.29255068302155,86100,AP-N901-F303,0.04545346647501,0.04545346647501,119.44835662842,265.64999389648
27-SEP-2025,4.5454500859365,52551,BLLAC,0.29255068302155,86100,AP-N902-F303,0.046633500605822,0.046633500605822,117.65665435791,265.64999389648
27-SEP-2025,4.554339074611,52551,BLLAC,0.29158261418343,86100,AP-N901-F303,0.04545346647501,0.04545346647501,119.44835662842,265.64999389648
27-SEP-2025,4.554339074611,52551,BLLAC,0.29158261418343,86100,AP-N902-F303,0.046633500605822,0.046633500605822,117.65665435791,265.64999389648
27-SEP-2025,4.5635058432211,52551,BLLAC,0.29058146476746,86100,AP-N901-F303,0.04545346647501,0.04545346647501,119.44835662842,265.64999389648
27-SEP-2025,4.5635058432211,52551,BLLAC,0.29058146476746,86100,AP-N902-F303,0.046633500605822,0.046633500605822,117.65665435791,265.64999389648
27-SEP-2025,4.5723948289269,52551,BLLAC,0.28960782289505,86100,AP-N901-F303,0.04545346647501,0.04545346647501,119.44835662842,265.64999389648
27-SEP-2025,4.5723948289269,52551,BLLAC,0.28960782289505,86100,AP-N902-F303,0.046633500605822,0.046633500605822,117.65665435791,265.64999389648
27-SEP-2025,4.7442022788807,52556,BLLAC,0.27023828029633,86100,AP-N901-F303,0.045622792094946,0.045622792094946,125.66603088379,265.95001220703
27-SEP-2025,4.7442022788807,52556,BLLAC,0.27023828029633,86100,AP-N902-F303,0.046563819050789,0.046563819050789,123.96548461914,265.95001220703
27-SEP-2025,4.7596191134179,52560,BLLAC,0.26845008134842,86100,AP-N901-F303,0.045622792094946,0.045622792094946,125.66603088379,265.95001220703
27-SEP-2025,4.7596191134179,52560,BLLAC,0.26845008134842,86100,AP-N902-F303,0.046563819050789,0.046563819050789,123.96548461914,265.95001220703
27-SEP-2025,4.7685081012193,52560,BLLAC,0.26741534471512,86100,AP-N901-F303,0.045622792094946,0.045622792094946,125.66603088379,265.95001220703
27-SEP-2025,4.7685081012193,52560,BLLAC,0.26741534471512,86100,AP-N902-F303,0.046563819050789,0.046563819050789,123.96548461914,265.95001220703
27-SEP-2025,4.7773970881475,52560,BLLAC,0.2663779258728,86100,AP-N901-F303,0.045622792094946,0.045622792094946,125.66603088379,265.95001220703
27-SEP-2025,4.7773970881475,52560,BLLAC,0.2663779258728,86100,AP-N902-F303,0.046563819050789,0.046563819050789,123.96548461914,265.95001220703
27-SEP-2025,4.7865638564084,52560,BLLAC,0.26530528068542,86100,AP-N901-F303,0.045622792094946,0.045622792094946,125.66603088379,265.95001220703
27-SEP-2025,4.7865638564084,52560,BLLAC,0.26530528068542,86100,AP-N902-F303,0.046563819050789,0.046563819050789,123.96548461914,265.95001220703
27-SEP-2025,4.795730621526,52560,BLLAC,0.26422983407974,86100,AP-N901-F303,0.045622792094946,0.045622792094946,125.66603088379,265.95001220703
27-SEP-2025,4.795730621526,52560,BLLAC,0.26422983407974,86100,AP-N902-F303,0.046563819050789,0.046563819050789,123.96548461914,265.95001220703
27-SEP-2025,4.8046196093274,52560,BLLAC,0.26318421959877,86100,AP-N901-F303,0.045622792094946,0.045622792094946,125.66603088379,265.95001220703
27-SEP-2025,4.8046196093274,52560,BLLAC,0.26318421959877,86100,AP-N902-F303,0.046563819050789,0.046563819050789,123.96548461914,265.95001220703
27-SEP-2025,4.813786377239,52560,BLLAC,0.2621031999588,86100,AP-N901-F303,0.045622792094946,0.045622792094946,125.66603088379,265.95001220703
27-SEP-2025,4.813786377239,52560,BLLAC,0.2621031999588,86100,AP-N902-F303,0.046563819050789,0.046563819050789,123.96548461914,265.95001220703
27-SEP-2025,4.9943174543651,52568,BLLAC,0.24024821817875,86100,AP-N901-F303,0.044875055551529,0.044875055551529,131.66007995605,265.85000610352
27-SEP-2025,4.9943174543651,52568,BLLAC,0.24024821817875,86100,AP-N902-F303,0.045502487570047,0.045502487570047,130.25244140625,265.85000610352
27-SEP-2025,5.0102898468528,52572,BLLAC,0.23826339840889,86100,AP-N901-F303,0.044875055551529,0.044875055551529,131.66007995605,265.85000610352
27-SEP-2025,5.0102898468528,52572,BLLAC,0.23826339840889,86100,AP-N902-F303,0.045502487570047,0.045502487570047,130.25244140625,265.85000610352
27-SEP-2025,5.0194566138913,52572,BLLAC,0.23712080717087,86100,AP-N901-F303,0.044875055551529,0.044875055551529,131.66007995605,265.85000610352
27-SEP-2025,5.0194566138913,52572,BLLAC,0.23712080717087,86100,AP-N902-F303,0.045502487570047,0.045502487570047,130.25244140625,265.85000610352
27-SEP-2025,5.0283456018673,52572,BLLAC,0.2360103726387,86100,AP-N901-F303,0.044875055551529,0.044875055551529,131.66007995605,265.85000610352
27-SEP-2025,5.0283456018673,52572,BLLAC,0.2360103726387,86100,AP-N902-F303,0.045502487570047,0.045502487570047,130.25244140625,265.85000610352
27-SEP-2025,5.0375123694296,52572,BLLAC,0.23486265540123,86100,AP-N901-F303,0.044875055551529,0.044875055551529,131.66007995605,265.85000610352
27-SEP-2025,5.0375123694296,52572,BLLAC,0.23486265540123,86100,AP-N902-F303,0.045502487570047,0.045502487570047,130.25244140625,265.85000610352
27-SEP-2025,5.0464013563579,52572,BLLAC,0.23374715447426,86100,AP-N901-F303,0.044875055551529,0.044875055551529,131.66007995605,265.85000610352
27-SEP-2025,5.0464013563579,52572,BLLAC,0.23374715447426,86100,AP-N902-F303,0.045502487570047,0.045502487570047,130.25244140625,265.85000610352
27-SEP-2025,5.0552903441592,52572,BLLAC,0.23262917995453,86100,AP-N901-F303,0.044875055551529,0.044875055551529,131.66007995605,265.85000610352
27-SEP-2025,5.0552903441592,52572,BLLAC,0.23262917995453,86100,AP-N902-F303,0.045502487570047,0.045502487570047,130.25244140625,265.85000610352
27-SEP-2025,5.0644571111977,52572,BLLAC,0.23147371411324,86100,AP-N901-F303,0.044875055551529,0.044875055551529,131.66007995605,265.85000610352
27-SEP-2025,5.0644571111977,52572,BLLAC,0.23147371411324,86100,AP-N902-F303,0.045502487570047,0.045502487570047,130.25244140625,265.85000610352
27-SEP-2025,5.0736238798078,52572,BLLAC,0.23031561076641,86100,AP-N901-F303,0.044875055551529,0.044875055551529,131.66007995605,265.85000610352
27-SEP-2025,5.0736238798078,52572,BLLAC,0.23031561076641,86100,AP-N902-F303,0.045502487570047,0.045502487570047,130.25244140625,265.85000610352
27-SEP-2025,5.2448757632546,52577,BLLAC,0.20820809900761,86100,AP-N901-F303,0.044061932712793,0.044061932712793,141.83190917969,265.25
27-SEP-2025,5.2448757632546,52577,BLLAC,0.20820809900761,86100,AP-N902-F303,0.044937577098608,0.044937577098608,140.17367553711,265.25
27-SEP-2025,5.2597370447309,52581,BLLAC,0.20624825358391,86100,AP-N901-F303,0.044061932712793,0.044061932712793,141.83190917969,265.25
27-SEP-2025,5.2597370447309,52581,BLLAC,0.20624825358391,86100,AP-N902-F303,0.044937577098608,0.044937577098608,140.17367553711,265.25
27-SEP-2025,5.2686260292144,52581,BLLAC,0.2050728648901,86100,AP-N901-F303,0.044061932712793,0.044061932712793,141.83190917969,265.25
27-SEP-2025,5.2686260292144,52581,BLLAC,0.2050728648901,86100,AP-N902-F303,0.044937577098608,0.044937577098608,140.17367553711,265.25
27-SEP-2025,5.2775150182381,52581,BLLAC,0.20389519631863,86100,AP-N901-F303,0.044061932712793,0.044061932712793,141.83190917969,265.25
27-SEP-2025,5.2775150182381,52581,BLLAC,0.20389519631863,86100,AP-N902-F303,0.044937577098608,0.044937577098608,140.17367553711,265.25
27-SEP-2025,5.2864040032454,52581,BLLAC,0.20271517336369,86100,AP-N901-F303,0.044061932712793,0.044061932712793,141.83190917969,265.25
27-SEP-2025,5.2864040032454,52581,BLLAC,0.20271517336369,86100,AP-N902-F303,0.044937577098608,0.044937577098608,140.17367553711,265.25
27-SEP-2025,5.2955707701093,52581,BLLAC,0.2014959603548,86100,AP-N901-F303,0.044061932712793,0.044061932712793,141.83190917969,265.25
27-SEP-2025,5.2955707701093,52581,BLLAC,0.2014959603548,86100,AP-N902-F303,0.044937577098608,0.044937577098608,140.17367553711,265.25
27-SEP-2025,5.3045986491882,52581,BLLAC,0.20029278099537,86100,AP-N901-F303,0.044061932712793,0.044061932712793,141.83190917969,265.25
27-SEP-2025,5.3045986491882,52581,BLLAC,0.20029278099537,86100,AP-N902-F303,0.044937577098608,0.044937577098608,140.17367553711,265.25
27-SEP-2025,5.3139043050594,52581,BLLAC,0.19905003905296,86100,AP-N901-F303,0.044061932712793,0.044061932712793,141.83190917969,265.25
27-SEP-2025,5.3139043050594,52581,BLLAC,0.19905003905296,86100,AP-N902-F303,0.044937577098608,0.044937577098608,140.17367553711,265.25
27-SEP-2025,5.3227932921623,52581,BLLAC,0.19786074757576,86100,AP-N901-F303,0.044061932712793,0.044061932712793,141.83190917969,265.25
27-SEP-2025,5.3227932921623,52581,BLLAC,0.19786074757576,86100,AP-N902-F303,0.044937577098608,0.044937577098608,140.17367553711,265.25
27-SEP-2025,5.4946007450846,52586,BLLAC,0.17443436384201,86100,AP-N901-F303,0.042272225022316,0.042272225022316,152.78427124023,265.85000610352
27-SEP-2025,5.4946007450846,52586,BLLAC,0.17443436384201,86100,AP-N902-F303,0.042878251522779,0.042878251522779,151.27729797363,265.85000610352
27-SEP-2025,5.5097397995116,52590,BLLAC,0.17233075201511,86100,AP-N901-F303,0.042272225022316,0.042272225022316,152.78427124023,265.85000610352
27-SEP-2025,5.5097397995116,52590,BLLAC,0.17233075201511,86100,AP-N902-F303,0.042878251522779,0.042878251522779,151.27729797363,265.85000610352
27-SEP-2025,5.518906568471,52590,BLLAC,0.17105409502983,86100,AP-N901-F303,0.042272225022316,0.042272225022316,152.78427124023,265.85000610352
27-SEP-2025,5.518906568471,52590,BLLAC,0.17105409502983,86100,AP-N902-F303,0.042878251522779,0.042878251522779,151.27729797363,265.85000610352
27-SEP-2025,5.5277955553992,52590,BLLAC,0.16981396079063,86100,AP-N901-F303,0.042272225022316,0.042272225022316,152.78427124023,265.85000610352
27-SEP-2025,5.5277955553992,52590,BLLAC,0.16981396079063,86100,AP-N902-F303,0.042878251522779,0.042878251522779,151.27729797363,265.85000610352
27-SEP-2025,5.5369623245332,52590,BLLAC,0.1685329079628,86100,AP-N901-F303,0.042272225022316,0.042272225022316,152.78427124023,265.85000610352
27-SEP-2025,5.5369623245332,52590,BLLAC,0.1685329079628,86100,AP-N902-F303,0.042878251522779,0.042878251522779,151.27729797363,265.85000610352
27-SEP-2025,5.5461290910478,52590,BLLAC,0.16724951565266,86100,AP-N901-F303,0.042272225022316,0.042272225022316,152.78427124023,265.85000610352
27-SEP-2025,5.5461290910478,52590,BLLAC,0.16724951565266,86100,AP-N902-F303,0.042878251522779,0.042878251522779,151.27729797363,265.85000610352
27-SEP-2025,5.5550180783253,52590,BLLAC,0.16600292921066,86100,AP-N901-F303,0.042272225022316,0.042272225022316,152.78427124023,265.85000610352
27-SEP-2025,5.5550180783253,52590,BLLAC,0.16600292921066,86100,AP-N902-F303,0.042878251522779,0.042878251522779,151.27729797363,265.85000610352
27-SEP-2025,5.563907065952,52590,BLLAC,0.16475416719913,86100,AP-N901-F303,0.042272225022316,0.042272225022316,152.78427124023,265.85000610352
27-SEP-2025,5.563907065952,52590,BLLAC,0.16475416719913,86100,AP-N902-F303,0.042878251522779,0.042878251522779,151.27729797363,265.85000610352
27-SEP-2025,5.5730738312443,52590,BLLAC,0.16346421837807,86100,AP-N901-F303,0.042272225022316,0.042272225022316,152.78427124023,265.85000610352
27-SEP-2025,5.5730738312443,52590,BLLAC,0.16346421837807,86100,AP-N902-F303,0.042878251522779,0.042878251522779,151.27729797363,265.85000610352
27-SEP-2025,5.9947068565172,52604,3C454.3,0.54581439495087,86100,AP-N901-F303,0.035476174205542,0.035476174205542,88.399925231934,267.04998779297
27-SEP-2025,5.9947068565172,52604,3C454.3,0.54581439495087,86100,AP-N902-F303,0.0376902744174,0.0376902744174,86.36400604248,267.04998779297
27-SEP-2025,6.0108181406316,52608,3C454.3,0.54273891448975,86100,AP-N901-F303,0.035476174205542,0.035476174205542,88.399925231934,267.04998779297
27-SEP-2025,6.0108181406316,52608,3C454.3,0.54273891448975,86100,AP-N902-F303,0.0376902744174,0.0376902744174,86.36400604248,267.04998779297
27-SEP-2025,6.0204015759147,52608,3C454.3,0.5409060716629,86100,AP-N901-F303,0.035476174205542,0.035476174205542,88.399925231934,267.04998779297
27-SEP-2025,6.0204015759147,52608,3C454.3,0.5409060716629,86100,AP-N902-F303,0.0376902744174,0.0376902744174,86.36400604248,267.04998779297
27-SEP-2025,6.0292905630175,52608,3C454.3,0.53920382261276,86100,AP-N901-F303,0.035476174205542,0.035476174205542,88.399925231934,267.04998779297
27-SEP-2025,6.0292905630175,52608,3C454.3,0.53920382261276,86100,AP-N902-F303,0.0376902744174,0.0376902744174,86.36400604248,267.04998779297
27-SEP-2025,6.0381795480249,52608,3C454.3,0.53749924898148,86100,AP-N901-F303,0.035476174205542,0.035476174205542,88.399925231934,267.04998779297
27-SEP-2025,6.0381795480249,52608,3C454.3,0.53749924898148,86100,AP-N902-F303,0.0376902744174,0.0376902744174,86.36400604248,267.04998779297
27-SEP-2025,6.0470685349531,52608,3C454.3,0.53579246997833,86100,AP-N901-F303,0.035476174205542,0.035476174205542,88.399925231934,267.04998779297
27-SEP-2025,6.0470685349531,52608,3C454.3,0.53579246997833,86100,AP-N902-F303,0.0376902744174,0.0376902744174,86.36400604248,267.04998779297
27-SEP-2025,6.0559575203098,52608,3C454.3,0.53408348560333,86100,AP-N901-F303,0.035476174205542,0.035476174205542,88.399925231934,267.04998779297
27-SEP-2025,6.0559575203098,52608,3C454.3,0.53408348560333,86100,AP-N902-F303,0.0376902744174,0.0376902744174,86.36400604248,267.04998779297
27-SEP-2025,6.0648465074126,52608,3C454.3,0.53237235546112,86100,AP-N901-F303,0.035476174205542,0.035476174205542,88.399925231934,267.04998779297
27-SEP-2025,6.0648465074126,52608,3C454.3,0.53237235546112,86100,AP-N902-F303,0.0376902744174,0.0376902744174,86.36400604248,267.04998779297
27-SEP-2025,6.0737354922454,52608,3C454.3,0.5306590795517,86100,AP-N901-F303,0.035476174205542,0.035476174205542,88.399925231934,267.04998779297
27-SEP-2025,6.0737354922454,52608,3C454.3,0.5306590795517,86100,AP-N902-F303,0.0376902744174,0.0376902744174,86.36400604248,267.04998779297
27-SEP-2025,7.2448889552751,52619,3C454.3,0.28949937224388,86100,AP-N901-F303,0.032481979578733,0.032481979578733,103.4220199585,266.75
27-SEP-2025,7.2448889552751,52619,3C454.3,0.28949937224388,86100,AP-N902-F303,0.033457089215517,0.033457089215517,102.29798126221,266.75
27-SEP-2025,7.2597502266232,52623,3C454.3,0.28628072142601,86100,AP-N901-F303,0.032481979578733,0.032481979578733,103.4220199585,266.75
27-SEP-2025,7.2597502266232,52623,3C454.3,0.28628072142601,86100,AP-N902-F303,0.033457089215517,0.033457089215517,102.29798126221,266.75
27-SEP-2025,7.2689169915662,52623,3C454.3,0.28429388999939,86100,AP-N901-F303,0.032481979578733,0.032481979578733,103.4220199585,266.75
27-SEP-2025,7.2689169915662,52623,3C454.3,0.28429388999939,86100,AP-N902-F303,0.033457089215517,0.033457089215517,102.29798126221,266.75
27-SEP-2025,7.2780837607002,52623,3C454.3,0.28230583667755,86100,AP-N901-F303,0.032481979578733,0.032481979578733,103.4220199585,266.75
27-SEP-2025,7.2780837607002,52623,3C454.3,0.28230583667755,86100,AP-N902-F303,0.033457089215517,0.033457089215517,102.29798126221,266.75
27-SEP-2025,7.2869727471045,52623,3C454.3,0.28037688136101,86100,AP-N901-F303,0.032481979578733,0.032481979578733,103.4220199585,266.75
27-SEP-2025,7.2869727471045,52623,3C454.3,0.28037688136101,86100,AP-N902-F303,0.033457089215517,0.033457089215517,102.29798126221,266.75
27-SEP-2025,7.2961395127461,52623,3C454.3,0.2783864736557,86100,AP-N901-F303,0.032481979578733,0.032481979578733,103.4220199585,266.75
27-SEP-2025,7.2961395127461,52623,3C454.3,0.2783864736557,86100,AP-N902-F303,0.033457089215517,0.033457089215517,102.29798126221,266.75
27-SEP-2025,7.3050285008966,52623,3C454.3,0.2764553129673,86100,AP-N901-F303,0.032481979578733,0.032481979578733,103.4220199585,266.75
27-SEP-2025,7.3050285008966,52623,3C454.3,0.2764553129673,86100,AP-N902-F303,0.033457089215517,0.033457089215517,102.29798126221,266.75
27-SEP-2025,7.3139174846817,52623,3C454.3,0.274522960186,86100,AP-N901-F303,0.032481979578733,0.032481979578733,103.4220199585,266.75
27-SEP-2025,7.3139174846817,52623,3C454.3,0.274522960186,86100,AP-N902-F303,0.033457089215517,0.033457089215517,102.29798126221,266.75
27-SEP-2025,9.9126402896739E-03,52383,BLLAC,0.31469574570656,86100,AP-N901-F303,0.048235695809126,0.048235695809126,120.90128326416,268.14999389648
27-SEP-2025,9.9126402896739E-03,52383,BLLAC,0.31469574570656,86100,AP-N902-F303,0.049115546047688,0.049115546047688,119.57666015625,268.14999389648
