25-SEP-2025,18.993397159841,51574,1510-089,1.3059631586075,86100,AP-N901-F303,0.040246400982141,0.040246400982141,78.096450805664,278.25
25-SEP-2025,18.993397159841,51574,1510-089,1.3059631586075,86100,AP-N902-F303,0.045164160430431,0.045164160430431,75.840690612793,278.25
25-SEP-2025,19.010202893881,51578,1510-089,1.3076854944229,86100,AP-N901-F303,0.040246400982141,0.040246400982141,78.096450805664,278.25
25-SEP-2025,19.010202893881,51578,1510-089,1.3076854944229,86100,AP-N902-F303,0.045164160430431,0.045164160430431,75.840690612793,278.25
25-SEP-2025,19.019369660571,51578,1510-089,1.3086012601852,86100,AP-N901-F303,0.040246400982141,0.040246400982141,78.096450805664,278.25
25-SEP-2025,19.019369660571,51578,1510-089,1.3086012601852,86100,AP-N902-F303,0.045164160430431,0.045164160430431,75.840690612793,278.25
25-SEP-2025,19.028258645753,51578,1510-089,1.3094727993011,86100,AP-N901-F303,0.040246400982141,0.040246400982141,78.096450805664,278.25
25-SEP-2025,19.028258645753,51578,1510-089,1.3094727993011,86100,AP-N902-F303,0.045164160430431,0.045164160430431,75.840690612793,278.25
25-SEP-2025,19.037147631808,51578,1510-089,1.3103281259537,86100,AP-N901-F303,0.040246400982141,0.040246400982141,78.096450805664,278.25
25-SEP-2025,19.037147631808,51578,1510-089,1.3103281259537,86100,AP-N902-F303,0.045164160430431,0.045164160430431,75.840690612793,278.25
25-SEP-2025,19.046036617688,51578,1510-089,1.3111671209335,86100,AP-N901-F303,0.040246400982141,0.040246400982141,78.096450805664,278.25
25-SEP-2025,19.046036617688,51578,1510-089,1.3111671209335,86100,AP-N902-F303,0.045164160430431,0.045164160430431,75.840690612793,278.25
25-SEP-2025,19.055203386124,51578,1510-089,1.3120148181915,86100,AP-N901-F303,0.040246400982141,0.040246400982141,78.096450805664,278.25
25-SEP-2025,19.055203386124,51578,1510-089,1.3120148181915,86100,AP-N902-F303,0.045164160430431,0.045164160430431,75.840690612793,278.25
25-SEP-2025,19.064092372004,51578,1510-089,1.3128199577332,86100,AP-N901-F303,0.040246400982141,0.040246400982141,78.096450805664,278.25
25-SEP-2025,19.064092372004,51578,1510-089,1.3128199577332,86100,AP-N902-F303,0.045164160430431,0.045164160430431,75.840690612793,278.25
25-SEP-2025,19.211455085466,51583,1749+096,0.64228218793869,86100,AP-N901-F303,0.038380011916161,0.038380011916161,87.684303283691,277.14999389648
25-SEP-2025,19.211455085466,51583,1749+096,0.64228218793869,86100,AP-N902-F303,0.03964164853096,0.03964164853096,85.632194519043,277.14999389648
25-SEP-2025,19.227705267843,51587,1749+096,0.64557081460953,86100,AP-N901-F303,0.038380011916161,0.038380011916161,87.684303283691,277.14999389648
25-SEP-2025,19.227705267843,51587,1749+096,0.64557081460953,86100,AP-N902-F303,0.03964164853096,0.03964164853096,85.632194519043,277.14999389648
25-SEP-2025,19.236594254597,51587,1749+096,0.64736694097519,86100,AP-N901-F303,0.038380011916161,0.038380011916161,87.684303283691,277.14999389648
25-SEP-2025,19.236594254597,51587,1749+096,0.64736694097519,86100,AP-N902-F303,0.03964164853096,0.03964164853096,85.632194519043,277.14999389648
25-SEP-2025,19.245761019365,51587,1749+096,0.64921683073044,86100,AP-N901-F303,0.038380011916161,0.038380011916161,87.684303283691,277.14999389648
25-SEP-2025,19.245761019365,51587,1749+096,0.64921683073044,86100,AP-N902-F303,0.03964164853096,0.03964164853096,85.632194519043,277.14999389648
25-SEP-2025,19.254650006817,51587,1749+096,0.65100848674774,86100,AP-N901-F303,0.038380011916161,0.038380011916161,87.684303283691,277.14999389648
25-SEP-2025,19.254650006817,51587,1749+096,0.65100848674774,86100,AP-N902-F303,0.03964164853096,0.03964164853096,85.632194519043,277.14999389648
25-SEP-2025,19.263816772633,51587,1749+096,0.65285384654999,86100,AP-N901-F303,0.038380011916161,0.038380011916161,87.684303283691,277.14999389648
25-SEP-2025,19.263816772633,51587,1749+096,0.65285384654999,86100,AP-N902-F303,0.03964164853096,0.03964164853096,85.632194519043,277.14999389648
25-SEP-2025,20.244038343813,51619,1749+096,0.83341443538666,86100,AP-N901-F303,0.039209302514791,0.039209302514791,83.716110229492,277.64999389648
25-SEP-2025,20.244038343813,51619,1749+096,0.83341443538666,86100,AP-N902-F303,0.042357258498669,0.042357258498669,81.812286376953,277.64999389648
25-SEP-2025,20.261121859536,51623,1749+096,0.83619129657745,86100,AP-N901-F303,0.039209302514791,0.039209302514791,83.716110229492,277.64999389648
25-SEP-2025,20.261121859536,51623,1749+096,0.83619129657745,86100,AP-N902-F303,0.042357258498669,0.042357258498669,81.812286376953,277.64999389648
25-SEP-2025,20.270010847512,51623,1749+096,0.83763009309769,86100,AP-N901-F303,0.039209302514791,0.039209302514791,83.716110229492,277.64999389648
25-SEP-2025,20.270010847512,51623,1749+096,0.83763009309769,86100,AP-N902-F303,0.042357258498669,0.042357258498669,81.812286376953,277.64999389648
25-SEP-2025,20.278899831995,51623,1749+096,0.83906435966492,86100,AP-N901-F303,0.039209302514791,0.039209302514791,83.716110229492,277.64999389648
25-SEP-2025,20.278899831995,51623,1749+096,0.83906435966492,86100,AP-N902-F303,0.042357258498669,0.042357258498669,81.812286376953,277.64999389648
25-SEP-2025,20.288066598684,51623,1749+096,0.84053915739059,86100,AP-N901-F303,0.039209302514791,0.039209302514791,83.716110229492,277.64999389648
25-SEP-2025,20.288066598684,51623,1749+096,0.84053915739059,86100,AP-N902-F303,0.042357258498669,0.042357258498669,81.812286376953,277.64999389648
25-SEP-2025,20.296955583692,51623,1749+096,0.84196466207504,86100,AP-N901-F303,0.039209302514791,0.039209302514791,83.716110229492,277.64999389648
25-SEP-2025,20.296955583692,51623,1749+096,0.84196466207504,86100,AP-N902-F303,0.042357258498669,0.042357258498669,81.812286376953,277.64999389648
25-SEP-2025,20.306122353175,51623,1749+096,0.84343022108078,86100,AP-N901-F303,0.039209302514791,0.039209302514791,83.716110229492,277.64999389648
25-SEP-2025,20.306122353175,51623,1749+096,0.84343022108078,86100,AP-N902-F303,0.042357258498669,0.042357258498669,81.812286376953,277.64999389648
25-SEP-2025,20.315011336436,51623,1749+096,0.84484696388245,86100,AP-N901-F303,0.039209302514791,0.039209302514791,83.716110229492,277.64999389648
25-SEP-2025,20.315011336436,51623,1749+096,0.84484696388245,86100,AP-N902-F303,0.042357258498669,0.042357258498669,81.812286376953,277.64999389648
25-SEP-2025,20.494041062971,51628,1308+326,0.3324428498745,86100,AP-N901-F303,0.03981975466013,0.03981975466013,107.79011535645,276.95001220703
25-SEP-2025,20.494041062971,51628,1308+326,0.3324428498745,86100,AP-N902-F303,0.040400244295597,0.040400244295597,106.45277404785,276.95001220703
25-SEP-2025,20.51112458236,51632,1308+326,0.32975187897682,86100,AP-N901-F303,0.03981975466013,0.03981975466013,107.79011535645,276.95001220703
25-SEP-2025,20.51112458236,51632,1308+326,0.32975187897682,86100,AP-N902-F303,0.040400244295597,0.040400244295597,106.45277404785,276.95001220703
25-SEP-2025,20.52029135132,51632,1308+326,0.32830420136452,86100,AP-N901-F303,0.03981975466013,0.03981975466013,107.79011535645,276.95001220703
25-SEP-2025,20.52029135132,51632,1308+326,0.32830420136452,86100,AP-N902-F303,0.040400244295597,0.040400244295597,106.45277404785,276.95001220703
25-SEP-2025,20.529180335454,51632,1308+326,0.32689809799194,86100,AP-N901-F303,0.03981975466013,0.03981975466013,107.79011535645,276.95001220703
25-SEP-2025,20.529180335454,51632,1308+326,0.32689809799194,86100,AP-N902-F303,0.040400244295597,0.040400244295597,106.45277404785,276.95001220703
25-SEP-2025,20.538347105461,51632,1308+326,0.32544550299644,86100,AP-N901-F303,0.03981975466013,0.03981975466013,107.79011535645,276.95001220703
25-SEP-2025,20.538347105461,51632,1308+326,0.32544550299644,86100,AP-N902-F303,0.040400244295597,0.040400244295597,106.45277404785,276.95001220703
25-SEP-2025,20.547513872325,51632,1308+326,0.32399034500122,86100,AP-N901-F303,0.03981975466013,0.03981975466013,107.79011535645,276.95001220703
25-SEP-2025,20.547513872325,51632,1308+326,0.32399034500122,86100,AP-N902-F303,0.040400244295597,0.040400244295597,106.45277404785,276.95001220703
25-SEP-2025,20.556402857682,51632,1308+326,0.32257691025734,86100,AP-N901-F303,0.03981975466013,0.03981975466013,107.79011535645,276.95001220703
25-SEP-2025,20.556402857682,51632,1308+326,0.32257691025734,86100,AP-N902-F303,0.040400244295597,0.040400244295597,106.45277404785,276.95001220703
25-SEP-2025,20.565569627514,51632,1308+326,0.32111692428589,86100,AP-N901-F303,0.03981975466013,0.03981975466013,107.79011535645,276.95001220703
25-SEP-2025,20.565569627514,51632,1308+326,0.32111692428589,86100,AP-N902-F303,0.040400244295597,0.040400244295597,106.45277404785,276.95001220703
25-SEP-2025,20.744043809893,51641,1510-089,1.1618716716766,86100,AP-N901-F303,0.039605543017387,0.039605543017387,79.435455322266,276.75
25-SEP-2025,20.744043809893,51641,1510-089,1.1618716716766,86100,AP-N902-F303,0.043193340301514,0.043193340301514,77.325927734375,276.75
25-SEP-2025,20.76015509069,51645,1510-089,1.1585959196091,86100,AP-N901-F303,0.039605543017387,0.039605543017387,79.435455322266,276.75
25-SEP-2025,20.76015509069,51645,1510-089,1.1585959196091,86100,AP-N902-F303,0.043193340301514,0.043193340301514,77.325927734375,276.75
25-SEP-2025,20.769182966276,51645,1510-089,1.1567546129227,86100,AP-N901-F303,0.039605543017387,0.039605543017387,79.435455322266,276.75
25-SEP-2025,20.769182966276,51645,1510-089,1.1567546129227,86100,AP-N902-F303,0.043193340301514,0.043193340301514,77.325927734375,276.75
25-SEP-2025,20.778071952157,51645,1510-089,1.1549373865128,86100,AP-N901-F303,0.039605543017387,0.039605543017387,79.435455322266,276.75
25-SEP-2025,20.778071952157,51645,1510-089,1.1549373865128,86100,AP-N902-F303,0.043193340301514,0.043193340301514,77.325927734375,276.75
25-SEP-2025,20.786960938212,51645,1510-089,1.1531162261963,86100,AP-N901-F303,0.039605543017387,0.039605543017387,79.435455322266,276.75
25-SEP-2025,20.786960938212,51645,1510-089,1.1531162261963,86100,AP-N902-F303,0.043193340301514,0.043193340301514,77.325927734375,276.75
25-SEP-2025,20.796127705949,51645,1510-089,1.1512341499329,86100,AP-N901-F303,0.039605543017387,0.039605543017387,79.435455322266,276.75
25-SEP-2025,20.796127705949,51645,1510-089,1.1512341499329,86100,AP-N902-F303,0.043193340301514,0.043193340301514,77.325927734375,276.75
25-SEP-2025,20.805016693052,51645,1510-089,1.149405002594,86100,AP-N901-F303,0.039605543017387,0.039605543017387,79.435455322266,276.75
25-SEP-2025,20.805016693052,51645,1510-089,1.149405002594,86100,AP-N902-F303,0.043193340301514,0.043193340301514,77.325927734375,276.75
25-SEP-2025,20.814183458169,51645,1510-089,1.1475147008896,86100,AP-N901-F303,0.039605543017387,0.039605543017387,79.435455322266,276.75
25-SEP-2025,20.814183458169,51645,1510-089,1.1475147008896,86100,AP-N902-F303,0.043193340301514,0.043193340301514,77.325927734375,276.75
25-SEP-2025,20.993490969529,51650,APLIB,1.2143933773041,86100,AP-N901-F303,0.04228276386857,0.04228276386857,79.665679931641,276.75
25-SEP-2025,20.993490969529,51650,APLIB,1.2143933773041,86100,AP-N902-F303,0.046436671167612,0.046436671167612,77.529197692871,276.75
25-SEP-2025,21.010296707411,51654,APLIB,1.2103780508041,86100,AP-N901-F303,0.04228276386857,0.04228276386857,79.665679931641,276.75
25-SEP-2025,21.010296707411,51654,APLIB,1.2103780508041,86100,AP-N902-F303,0.046436671167612,0.046436671167612,77.529197692871,276.75
25-SEP-2025,21.019185691546,51654,APLIB,1.2082542181015,86100,AP-N901-F303,0.04228276386857,0.04228276386857,79.665679931641,276.75
25-SEP-2025,21.019185691546,51654,APLIB,1.2082542181015,86100,AP-N902-F303,0.046436671167612,0.046436671167612,77.529197692871,276.75
25-SEP-2025,21.028074679522,51654,APLIB,1.2061305046082,86100,AP-N901-F303,0.04228276386857,0.04228276386857,79.665679931641,276.75
25-SEP-2025,21.028074679522,51654,APLIB,1.2061305046082,86100,AP-N902-F303,0.046436671167612,0.046436671167612,77.529197692871,276.75
25-SEP-2025,21.037241442718,51654,APLIB,1.2039402723312,86100,AP-N901-F303,0.04228276386857,0.04228276386857,79.665679931641,276.75
25-SEP-2025,21.037241442718,51654,APLIB,1.2039402723312,86100,AP-N902-F303,0.046436671167612,0.046436671167612,77.529197692871,276.75
25-SEP-2025,21.046130429472,51654,APLIB,1.2018164396286,86100,AP-N901-F303,0.04228276386857,0.04228276386857,79.665679931641,276.75
25-SEP-2025,21.046130429472,51654,APLIB,1.2018164396286,86100,AP-N902-F303,0.046436671167612,0.046436671167612,77.529197692871,276.75
25-SEP-2025,21.055019414479,51654,APLIB,1.1996927261353,86100,AP-N901-F303,0.04228276386857,0.04228276386857,79.665679931641,276.75
25-SEP-2025,21.055019414479,51654,APLIB,1.1996927261353,86100,AP-N902-F303,0.046436671167612,0.046436671167612,77.529197692871,276.75
25-SEP-2025,21.06390840036,51654,APLIB,1.1975690126419,86100,AP-N901-F303,0.04228276386857,0.04228276386857,79.665679931641,276.75
25-SEP-2025,21.06390840036,51654,APLIB,1.1975690126419,86100,AP-N902-F303,0.046436671167612,0.046436671167612,77.529197692871,276.75
25-SEP-2025,21.493742893595,51666,1749+096,0.98230564594269,86100,AP-N901-F303,0.039387878030539,0.039387878030539,81.85604095459,276.45001220703
25-SEP-2025,21.493742893595,51666,1749+096,0.98230564594269,86100,AP-N902-F303,0.043461859226227,0.043461859226227,79.461967468262,276.45001220703
25-SEP-2025,21.510826414033,51670,1749+096,0.98338556289673,86100,AP-N901-F303,0.039387878030539,0.039387878030539,81.85604095459,276.45001220703
25-SEP-2025,21.510826414033,51670,1749+096,0.98338556289673,86100,AP-N902-F303,0.043461859226227,0.043461859226227,79.461967468262,276.45001220703
25-SEP-2025,21.51971540166,51670,1749+096,0.98393535614014,86100,AP-N901-F303,0.039387878030539,0.039387878030539,81.85604095459,276.45001220703
25-SEP-2025,21.51971540166,51670,1749+096,0.98393535614014,86100,AP-N902-F303,0.043461859226227,0.043461859226227,79.461967468262,276.45001220703
25-SEP-2025,21.52860438527,51670,1749+096,0.98447680473328,86100,AP-N901-F303,0.039387878030539,0.039387878030539,81.85604095459,276.45001220703
25-SEP-2025,21.52860438527,51670,1749+096,0.98447680473328,86100,AP-N902-F303,0.043461859226227,0.043461859226227,79.461967468262,276.45001220703
25-SEP-2025,21.537910043062,51670,1749+096,0.98503464460373,86100,AP-N901-F303,0.039387878030539,0.039387878030539,81.85604095459,276.45001220703
25-SEP-2025,21.537910043062,51670,1749+096,0.98503464460373,86100,AP-N902-F303,0.043461859226227,0.043461859226227,79.461967468262,276.45001220703
25-SEP-2025,21.547215699457,51670,1749+096,0.98558324575424,86100,AP-N901-F303,0.039387878030539,0.039387878030539,81.85604095459,276.45001220703
25-SEP-2025,21.547215699457,51670,1749+096,0.98558324575424,86100,AP-N902-F303,0.043461859226227,0.043461859226227,79.461967468262,276.45001220703
25-SEP-2025,21.5563824644,51670,1749+096,0.98611456155777,86100,AP-N901-F303,0.039387878030539,0.039387878030539,81.85604095459,276.45001220703
25-SEP-2025,21.5563824644,51670,1749+096,0.98611456155777,86100,AP-N902-F303,0.043461859226227,0.043461859226227,79.461967468262,276.45001220703
25-SEP-2025,21.565827012772,51670,1749+096,0.98665255308151,86100,AP-N901-F303,0.039387878030539,0.039387878030539,81.85604095459,276.45001220703
25-SEP-2025,21.565827012772,51670,1749+096,0.98665255308151,86100,AP-N902-F303,0.043461859226227,0.043461859226227,79.461967468262,276.45001220703
25-SEP-2025,23.244283848898,51692,APLIB,0.68001222610474,86100,AP-N901-F303,0.041024513542652,0.041024513542652,88.064445495605,273.75
25-SEP-2025,23.244283848898,51692,APLIB,0.68001222610474,86100,AP-N902-F303,0.043892726302147,0.043892726302147,86.198120117188,273.75
25-SEP-2025,23.260256246275,51696,APLIB,0.67626136541367,86100,AP-N901-F303,0.041024513542652,0.041024513542652,88.064445495605,273.75
25-SEP-2025,23.260256246275,51696,APLIB,0.67626136541367,86100,AP-N902-F303,0.043892726302147,0.043892726302147,86.198120117188,273.75
25-SEP-2025,23.269145233378,51696,APLIB,0.6741743683815,86100,AP-N901-F303,0.041024513542652,0.041024513542652,88.064445495605,273.75
25-SEP-2025,23.269145233378,51696,APLIB,0.6741743683815,86100,AP-N902-F303,0.043892726302147,0.043892726302147,86.198120117188,273.75
25-SEP-2025,23.278034217337,51696,APLIB,0.67208760976791,86100,AP-N901-F303,0.041024513542652,0.041024513542652,88.064445495605,273.75
25-SEP-2025,23.278034217337,51696,APLIB,0.67208760976791,86100,AP-N902-F303,0.043892726302147,0.043892726302147,86.198120117188,273.75
25-SEP-2025,23.28692320444,51696,APLIB,0.67000108957291,86100,AP-N901-F303,0.041024513542652,0.041024513542652,88.064445495605,273.75
25-SEP-2025,23.28692320444,51696,APLIB,0.67000108957291,86100,AP-N902-F303,0.043892726302147,0.043892726302147,86.198120117188,273.75
25-SEP-2025,23.295812189448,51696,APLIB,0.66791486740112,86100,AP-N901-F303,0.041024513542652,0.041024513542652,88.064445495605,273.75
25-SEP-2025,23.295812189448,51696,APLIB,0.66791486740112,86100,AP-N902-F303,0.043892726302147,0.043892726302147,86.198120117188,273.75
25-SEP-2025,23.304701175852,51696,APLIB,0.66582888364792,86100,AP-N901-F303,0.041024513542652,0.041024513542652,88.064445495605,273.75
25-SEP-2025,23.304701175852,51696,APLIB,0.66582888364792,86100,AP-N902-F303,0.043892726302147,0.043892726302147,86.198120117188,273.75
25-SEP-2025,23.313590161558,51696,APLIB,0.66374319791794,86100,AP-N901-F303,0.041024513542652,0.041024513542652,88.064445495605,273.75
25-SEP-2025,23.313590161558,51696,APLIB,0.66374319791794,86100,AP-N902-F303,0.043892726302147,0.043892726302147,86.198120117188,273.75
25-SEP-2025,23.4940087855,51701,APLIB,0.62146747112274,86100,AP-N901-F303,0.042037833482027,0.042037833482027,90.321395874023,273.45001220703
25-SEP-2025,23.4940087855,51701,APLIB,0.62146747112274,86100,AP-N902-F303,0.04368007555604,0.04368007555604,88.14289855957,273.45001220703
25-SEP-2025,23.509425623879,51705,APLIB,0.61786043643951,86100,AP-N901-F303,0.042037833482027,0.042037833482027,90.321395874023,273.45001220703
25-SEP-2025,23.509425623879,51705,APLIB,0.61786043643951,86100,AP-N902-F303,0.04368007555604,0.04368007555604,88.14289855957,273.45001220703
25-SEP-2025,23.518314609236,51705,APLIB,0.61578100919724,86100,AP-N901-F303,0.042037833482027,0.042037833482027,90.321395874023,273.45001220703
25-SEP-2025,23.518314609236,51705,APLIB,0.61578100919724,86100,AP-N902-F303,0.04368007555604,0.04368007555604,88.14289855957,273.45001220703
25-SEP-2025,23.527203594942,51705,APLIB,0.61370187997818,86100,AP-N901-F303,0.042037833482027,0.042037833482027,90.321395874023,273.45001220703
25-SEP-2025,23.527203594942,51705,APLIB,0.61370187997818,86100,AP-N902-F303,0.04368007555604,0.04368007555604,88.14289855957,273.45001220703
25-SEP-2025,23.536092580997,51705,APLIB,0.61162304878235,86100,AP-N901-F303,0.042037833482027,0.042037833482027,90.321395874023,273.45001220703
25-SEP-2025,23.536092580997,51705,APLIB,0.61162304878235,86100,AP-N902-F303,0.04368007555604,0.04368007555604,88.14289855957,273.45001220703
25-SEP-2025,23.544981567401,51705,APLIB,0.6095444560051,86100,AP-N901-F303,0.042037833482027,0.042037833482027,90.321395874023,273.45001220703
25-SEP-2025,23.544981567401,51705,APLIB,0.6095444560051,86100,AP-N902-F303,0.04368007555604,0.04368007555604,88.14289855957,273.45001220703
25-SEP-2025,23.554148331297,51705,APLIB,0.60740125179291,86100,AP-N901-F303,0.042037833482027,0.042037833482027,90.321395874023,273.45001220703
25-SEP-2025,23.554148331297,51705,APLIB,0.60740125179291,86100,AP-N902-F303,0.04368007555604,0.04368007555604,88.14289855957,273.45001220703
25-SEP-2025,23.563315099383,51705,APLIB,0.60525834560394,86100,AP-N901-F303,0.042037833482027,0.042037833482027,90.321395874023,273.45001220703
25-SEP-2025,23.563315099383,51705,APLIB,0.60525834560394,86100,AP-N902-F303,0.04368007555604,0.04368007555604,88.14289855957,273.45001220703
25-SEP-2025,23.744289299786,51710,1510-089,0.46450245380402,86100,AP-N901-F303,0.042321190237999,0.042321190237999,98.166488647461,273.45001220703
25-SEP-2025,23.744289299786,51710,1510-089,0.46450245380402,86100,AP-N902-F303,0.04362416639924,0.04362416639924,96.268165588379,273.45001220703
25-SEP-2025,23.759983912163,51714,1510-089,0.4607107937336,86100,AP-N901-F303,0.042321190237999,0.042321190237999,98.166488647461,273.45001220703
25-SEP-2025,23.759983912163,51714,1510-089,0.4607107937336,86100,AP-N902-F303,0.04362416639924,0.04362416639924,96.268165588379,273.45001220703
25-SEP-2025,23.769150679551,51714,1510-089,0.45849603414536,86100,AP-N901-F303,0.042321190237999,0.042321190237999,98.166488647461,273.45001220703
25-SEP-2025,23.769150679551,51714,1510-089,0.45849603414536,86100,AP-N902-F303,0.04362416639924,0.04362416639924,96.268165588379,273.45001220703
25-SEP-2025,23.77803966386,51714,1510-089,0.45634838938713,86100,AP-N901-F303,0.042321190237999,0.042321190237999,98.166488647461,273.45001220703
25-SEP-2025,23.77803966386,51714,1510-089,0.45634838938713,86100,AP-N902-F303,0.04362416639924,0.04362416639924,96.268165588379,273.45001220703
25-SEP-2025,23.787206431597,51714,1510-089,0.45413354039192,86100,AP-N901-F303,0.042321190237999,0.042321190237999,98.166488647461,273.45001220703
25-SEP-2025,23.787206431597,51714,1510-089,0.45413354039192,86100,AP-N902-F303,0.04362416639924,0.04362416639924,96.268165588379,273.45001220703
25-SEP-2025,23.796095415731,51714,1510-089,0.45198586583138,86100,AP-N901-F303,0.042321190237999,0.042321190237999,98.166488647461,273.45001220703
25-SEP-2025,23.796095415731,51714,1510-089,0.45198586583138,86100,AP-N902-F303,0.04362416639924,0.04362416639924,96.268165588379,273.45001220703
25-SEP-2025,23.804984402834,51714,1510-089,0.44983810186386,86100,AP-N901-F303,0.042321190237999,0.042321190237999,98.166488647461,273.45001220703
25-SEP-2025,23.804984402834,51714,1510-089,0.44983810186386,86100,AP-N902-F303,0.04362416639924,0.04362416639924,96.268165588379,273.45001220703
25-SEP-2025,23.814151168825,51714,1510-089,0.44762322306633,86100,AP-N901-F303,0.042321190237999,0.042321190237999,98.166488647461,273.45001220703
25-SEP-2025,23.814151168825,51714,1510-089,0.44762322306633,86100,AP-N902-F303,0.04362416639924,0.04362416639924,96.268165588379,273.45001220703
25-SEP-2025,23.993736473915,51720,BLLAC,0.30632787942886,86100,AP-N901-F303,0.043500140309334,0.043500140309334,115.6138458252,272.04998779297
25-SEP-2025,23.993736473915,51720,BLLAC,0.30632787942886,86100,AP-N902-F303,0.044008616358042,0.044008616358042,114.87102508545,272.04998779297
26-SEP-2025,0.019153629953198,51724,BLLAC,0.30895808339119,86100,AP-N901-F303,0.043500140309334,0.043500140309334,115.6138458252,272.04998779297
26-SEP-2025,0.019153629953198,51724,BLLAC,0.30895808339119,86100,AP-N902-F303,0.044008616358042,0.044008616358042,114.87102508545,272.04998779297
26-SEP-2025,0.028042618802279,51724,BLLAC,0.30987226963043,86100,AP-N901-F303,0.043500140309334,0.043500140309334,115.6138458252,272.04998779297
26-SEP-2025,0.028042618802279,51724,BLLAC,0.30987226963043,86100,AP-N902-F303,0.044008616358042,0.044008616358042,114.87102508545,272.04998779297
26-SEP-2025,0.036931603984279,51724,BLLAC,0.31078344583511,86100,AP-N901-F303,0.043500140309334,0.043500140309334,115.6138458252,272.04998779297
26-SEP-2025,0.036931603984279,51724,BLLAC,0.31078344583511,86100,AP-N902-F303,0.044008616358042,0.044008616358042,114.87102508545,272.04998779297
26-SEP-2025,0.045820590737885,51724,BLLAC,0.31169167160988,86100,AP-N901-F303,0.043500140309334,0.043500140309334,115.6138458252,272.04998779297
26-SEP-2025,0.045820590737885,51724,BLLAC,0.31169167160988,86100,AP-N902-F303,0.044008616358042,0.044008616358042,114.87102508545,272.04998779297
26-SEP-2025,0.054987360221109,51724,BLLAC,0.31262508034706,86100,AP-N901-F303,0.043500140309334,0.043500140309334,115.6138458252,272.04998779297
26-SEP-2025,0.054987360221109,51724,BLLAC,0.31262508034706,86100,AP-N902-F303,0.044008616358042,0.044008616358042,114.87102508545,272.04998779297
26-SEP-2025,0.064154125338759,51724,BLLAC,0.31355535984039,86100,AP-N901-F303,0.043500140309334,0.043500140309334,115.6138458252,272.04998779297
26-SEP-2025,0.064154125338759,51724,BLLAC,0.31355535984039,86100,AP-N902-F303,0.044008616358042,0.044008616358042,114.87102508545,272.04998779297
26-SEP-2025,0.74422771560646,51738,1510-089,0.22310577332973,86100,AP-N901-F303,0.043430276215076,0.043430276215076,134.47077941895,274.54998779297
26-SEP-2025,0.74422771560646,51738,1510-089,0.22310577332973,86100,AP-N902-F303,0.04367383569479,0.04367383569479,132.72497558594,274.54998779297
26-SEP-2025,0.75936676619171,51742,1510-089,0.2194599956274,86100,AP-N901-F303,0.043430276215076,0.043430276215076,134.47077941895,274.54998779297
26-SEP-2025,0.75936676619171,51742,1510-089,0.2194599956274,86100,AP-N902-F303,0.04367383569479,0.04367383569479,132.72497558594,274.54998779297
26-SEP-2025,0.76825575451692,51742,1510-089,0.21731960773468,86100,AP-N901-F303,0.043430276215076,0.043430276215076,134.47077941895,274.54998779297
26-SEP-2025,0.76825575451692,51742,1510-089,0.21731960773468,86100,AP-N902-F303,0.04367383569479,0.04367383569479,132.72497558594,274.54998779297
26-SEP-2025,0.77742252103156,51742,1510-089,0.21511243283749,86100,AP-N901-F303,0.043430276215076,0.043430276215076,134.47077941895,274.54998779297
26-SEP-2025,0.77742252103156,51742,1510-089,0.21511243283749,86100,AP-N902-F303,0.04367383569479,0.04367383569479,132.72497558594,274.54998779297
26-SEP-2025,0.78631150638818,51742,1510-089,0.21297237277031,86100,AP-N901-F303,0.043430276215076,0.043430276215076,134.47077941895,274.54998779297
26-SEP-2025,0.78631150638818,51742,1510-089,0.21297237277031,86100,AP-N902-F303,0.04367383569479,0.04367383569479,132.72497558594,274.54998779297
26-SEP-2025,0.79547827761763,51742,1510-089,0.21076567471027,86100,AP-N901-F303,0.043430276215076,0.043430276215076,134.47077941895,274.54998779297
26-SEP-2025,0.79547827761763,51742,1510-089,0.21076567471027,86100,AP-N902-F303,0.04367383569479,0.04367383569479,132.72497558594,274.54998779297
26-SEP-2025,0.80436726070416,51742,1510-089,0.20862591266632,86100,AP-N901-F303,0.043430276215076,0.043430276215076,134.47077941895,274.54998779297
26-SEP-2025,0.80436726070416,51742,1510-089,0.20862591266632,86100,AP-N902-F303,0.04367383569479,0.04367383569479,132.72497558594,274.54998779297
26-SEP-2025,0.81325624955324,51742,1510-089,0.20648631453514,86100,AP-N901-F303,0.043430276215076,0.043430276215076,134.47077941895,274.54998779297
26-SEP-2025,0.81325624955324,51742,1510-089,0.20648631453514,86100,AP-N902-F303,0.04367383569479,0.04367383569479,132.72497558594,274.54998779297
26-SEP-2025,10.493613877246,52040,OJ287,0.56922924518585,86100,AP-N901-F303,0.052300952374935,0.052300952374935,98.802520751953,270.14999389648
26-SEP-2025,10.493613877246,52040,OJ287,0.56922924518585,86100,AP-N902-F303,0.054204728454351,0.054204728454351,96.466285705566,270.14999389648
26-SEP-2025,10.510141837113,52044,OJ287,0.57202422618866,86100,AP-N901-F303,0.052300952374935,0.052300952374935,98.802520751953,270.14999389648
26-SEP-2025,10.510141837113,52044,OJ287,0.57202422618866,86100,AP-N902-F303,0.054204728454351,0.054204728454351,96.466285705566,270.14999389648
26-SEP-2025,10.519586385659,52044,OJ287,0.5736169219017,86100,AP-N901-F303,0.052300952374935,0.052300952374935,98.802520751953,270.14999389648
26-SEP-2025,10.519586385659,52044,OJ287,0.5736169219017,86100,AP-N902-F303,0.054204728454351,0.054204728454351,96.466285705566,270.14999389648
26-SEP-2025,10.528475372587,52044,OJ287,0.57511276006699,86100,AP-N901-F303,0.052300952374935,0.052300952374935,98.802520751953,270.14999389648
26-SEP-2025,10.528475372587,52044,OJ287,0.57511276006699,86100,AP-N902-F303,0.054204728454351,0.054204728454351,96.466285705566,270.14999389648
26-SEP-2025,10.537642138404,52044,OJ287,0.57665228843689,86100,AP-N901-F303,0.052300952374935,0.052300952374935,98.802520751953,270.14999389648
26-SEP-2025,10.537642138404,52044,OJ287,0.57665228843689,86100,AP-N902-F303,0.054204728454351,0.054204728454351,96.466285705566,270.14999389648
26-SEP-2025,10.54680890876,52044,OJ287,0.57818871736526,86100,AP-N901-F303,0.052300952374935,0.052300952374935,98.802520751953,270.14999389648
26-SEP-2025,10.54680890876,52044,OJ287,0.57818871736526,86100,AP-N902-F303,0.054204728454351,0.054204728454351,96.466285705566,270.14999389648
26-SEP-2025,10.555697894117,52044,OJ287,0.57967561483383,86100,AP-N901-F303,0.052300952374935,0.052300952374935,98.802520751953,270.14999389648
26-SEP-2025,10.555697894117,52044,OJ287,0.57967561483383,86100,AP-N902-F303,0.054204728454351,0.054204728454351,96.466285705566,270.14999389648
26-SEP-2025,10.56458688087,52044,OJ287,0.58115935325623,86100,AP-N901-F303,0.052300952374935,0.052300952374935,98.802520751953,270.14999389648
26-SEP-2025,10.56458688087,52044,OJ287,0.58115935325623,86100,AP-N902-F303,0.054204728454351,0.054204728454351,96.466285705566,270.14999389648
26-SEP-2025,10.763616837161,52049,0736+017,1.0633281469345,86100,AP-N901-F303,0.045285977423191,0.045285977423191,82.740425109863,268.95001220703
26-SEP-2025,10.763616837161,52049,0736+017,1.0633281469345,86100,AP-N902-F303,0.048228070139885,0.048228070139885,80.775863647461,268.95001220703
26-SEP-2025,10.77931144884,52053,0736+017,1.0654624700546,86100,AP-N901-F303,0.045285977423191,0.045285977423191,82.740425109863,268.95001220703
26-SEP-2025,10.77931144884,52053,0736+017,1.0654624700546,86100,AP-N902-F303,0.048228070139885,0.048228070139885,80.775863647461,268.95001220703
26-SEP-2025,10.78820043699,52053,0736+017,1.0666612386703,86100,AP-N901-F303,0.045285977423191,0.045285977423191,82.740425109863,268.95001220703
26-SEP-2025,10.78820043699,52053,0736+017,1.0666612386703,86100,AP-N902-F303,0.048228070139885,0.048228070139885,80.775863647461,268.95001220703
26-SEP-2025,10.797367203854,52053,0736+017,1.0678896903992,86100,AP-N901-F303,0.045285977423191,0.045285977423191,82.740425109863,268.95001220703
26-SEP-2025,10.797367203854,52053,0736+017,1.0678896903992,86100,AP-N902-F303,0.048228070139885,0.048228070139885,80.775863647461,268.95001220703
26-SEP-2025,10.806256190957,52053,0736+017,1.0690733194351,86100,AP-N901-F303,0.045285977423191,0.045285977423191,82.740425109863,268.95001220703
26-SEP-2025,10.806256190957,52053,0736+017,1.0690733194351,86100,AP-N902-F303,0.048228070139885,0.048228070139885,80.775863647461,268.95001220703
26-SEP-2025,10.815422957122,52053,0736+017,1.070286154747,86100,AP-N901-F303,0.045285977423191,0.045285977423191,82.740425109863,268.95001220703
26-SEP-2025,10.815422957122,52053,0736+017,1.070286154747,86100,AP-N902-F303,0.048228070139885,0.048228070139885,80.775863647461,268.95001220703
26-SEP-2025,10.824589723113,52053,0736+017,1.0714908838272,86100,AP-N901-F303,0.045285977423191,0.045285977423191,82.740425109863,268.95001220703
26-SEP-2025,10.824589723113,52053,0736+017,1.0714908838272,86100,AP-N902-F303,0.048228070139885,0.048228070139885,80.775863647461,268.95001220703
26-SEP-2025,10.994174899705,52058,0346-279,0.85667061805725,86100,AP-N901-F303,0.04726118594408,0.04726118594408,86.221252441406,270.35000610352
26-SEP-2025,10.994174899705,52058,0346-279,0.85667061805725,86100,AP-N902-F303,0.049032423645258,0.049032423645258,84.022407531738,270.35000610352
26-SEP-2025,11.010563974232,52062,0346-279,0.85287153720856,86100,AP-N901-F303,0.04726118594408,0.04726118594408,86.221252441406,270.35000610352
26-SEP-2025,11.010563974232,52062,0346-279,0.85287153720856,86100,AP-N902-F303,0.049032423645258,0.049032423645258,84.022407531738,270.35000610352
26-SEP-2025,11.019591850692,52062,0346-279,0.85077893733978,86100,AP-N901-F303,0.04726118594408,0.04726118594408,86.221252441406,270.35000610352
26-SEP-2025,11.019591850692,52062,0346-279,0.85077893733978,86100,AP-N902-F303,0.049032423645258,0.049032423645258,84.022407531738,270.35000610352
26-SEP-2025,11.028480836398,52062,0346-279,0.84871876239777,86100,AP-N901-F303,0.04726118594408,0.04726118594408,86.221252441406,270.35000610352
26-SEP-2025,11.028480836398,52062,0346-279,0.84871876239777,86100,AP-N902-F303,0.049032423645258,0.049032423645258,84.022407531738,270.35000610352
26-SEP-2025,11.037369821929,52062,0346-279,0.84665864706039,86100,AP-N901-F303,0.04726118594408,0.04726118594408,86.221252441406,270.35000610352
26-SEP-2025,11.037369821929,52062,0346-279,0.84665864706039,86100,AP-N902-F303,0.049032423645258,0.049032423645258,84.022407531738,270.35000610352
26-SEP-2025,11.046258807984,52062,0346-279,0.84459871053696,86100,AP-N901-F303,0.04726118594408,0.04726118594408,86.221252441406,270.35000610352
26-SEP-2025,11.046258807984,52062,0346-279,0.84459871053696,86100,AP-N902-F303,0.049032423645258,0.049032423645258,84.022407531738,270.35000610352
26-SEP-2025,11.055147794039,52062,0346-279,0.84253889322281,86100,AP-N901-F303,0.04726118594408,0.04726118594408,86.221252441406,270.35000610352
26-SEP-2025,11.055147794039,52062,0346-279,0.84253889322281,86100,AP-N902-F303,0.049032423645258,0.049032423645258,84.022407531738,270.35000610352
26-SEP-2025,11.064036780444,52062,0346-279,0.8404792547226,86100,AP-N901-F303,0.04726118594408,0.04726118594408,86.221252441406,270.35000610352
26-SEP-2025,11.064036780444,52062,0346-279,0.8404792547226,86100,AP-N902-F303,0.049032423645258,0.049032423645258,84.022407531738,270.35000610352
26-SEP-2025,11.243622071215,52067,0736+017,1.1169617176056,86100,AP-N901-F303,0.044951282441616,0.044951282441616,82.269950866699,270.04998779297
26-SEP-2025,11.243622071215,52067,0736+017,1.1169617176056,86100,AP-N902-F303,0.048839811235666,0.048839811235666,80.307182312012,270.04998779297
26-SEP-2025,11.260150030908,52071,0736+017,1.1183282136917,86100,AP-N901-F303,0.044951282441616,0.044951282441616,82.269950866699,270.04998779297
26-SEP-2025,11.260150030908,52071,0736+017,1.1183282136917,86100,AP-N902-F303,0.048839811235666,0.048839811235666,80.307182312012,270.04998779297
26-SEP-2025,11.269316796026,52071,0736+017,1.1190712451935,86100,AP-N901-F303,0.044951282441616,0.044951282441616,82.269950866699,270.04998779297
26-SEP-2025,11.269316796026,52071,0736+017,1.1190712451935,86100,AP-N902-F303,0.048839811235666,0.048839811235666,80.307182312012,270.04998779297
26-SEP-2025,11.278205782954,52071,0736+017,1.1197811365128,86100,AP-N901-F303,0.044951282441616,0.044951282441616,82.269950866699,270.04998779297
26-SEP-2025,11.278205782954,52071,0736+017,1.1197811365128,86100,AP-N902-F303,0.048839811235666,0.048839811235666,80.307182312012,270.04998779297
26-SEP-2025,11.287094767787,52071,0736+017,1.1204808950424,86100,AP-N901-F303,0.044951282441616,0.044951282441616,82.269950866699,270.04998779297
26-SEP-2025,11.287094767787,52071,0736+017,1.1204808950424,86100,AP-N902-F303,0.048839811235666,0.048839811235666,80.307182312012,270.04998779297
26-SEP-2025,11.295983754191,52071,0736+017,1.1211701631546,86100,AP-N901-F303,0.044951282441616,0.044951282441616,82.269950866699,270.04998779297
26-SEP-2025,11.295983754191,52071,0736+017,1.1211701631546,86100,AP-N902-F303,0.048839811235666,0.048839811235666,80.307182312012,270.04998779297
26-SEP-2025,11.305150520007,52071,0736+017,1.1218699216843,86100,AP-N901-F303,0.044951282441616,0.044951282441616,82.269950866699,270.04998779297
26-SEP-2025,11.305150520007,52071,0736+017,1.1218699216843,86100,AP-N902-F303,0.048839811235666,0.048839811235666,80.307182312012,270.04998779297
26-SEP-2025,11.314039506237,52071,0736+017,1.1225378513336,86100,AP-N901-F303,0.044951282441616,0.044951282441616,82.269950866699,270.04998779297
26-SEP-2025,11.314039506237,52071,0736+017,1.1225378513336,86100,AP-N902-F303,0.048839811235666,0.048839811235666,80.307182312012,270.04998779297
26-SEP-2025,11.493902578341,52076,OJ287,0.71686816215515,86100,AP-N901-F303,0.048550620675087,0.048550620675087,91.034645080566,270.95001220703
26-SEP-2025,11.493902578341,52076,OJ287,0.71686816215515,86100,AP-N902-F303,0.050865136086941,0.050865136086941,88.26286315918,270.95001220703
26-SEP-2025,11.51070831797,52080,OJ287,0.71890956163406,86100,AP-N901-F303,0.048550620675087,0.048550620675087,91.034645080566,270.95001220703
26-SEP-2025,11.51070831797,52080,OJ287,0.71890956163406,86100,AP-N902-F303,0.050865136086941,0.050865136086941,88.26286315918,270.95001220703
26-SEP-2025,11.519597304025,52080,OJ287,0.7199826836586,86100,AP-N901-F303,0.048550620675087,0.048550620675087,91.034645080566,270.95001220703
26-SEP-2025,11.519597304025,52080,OJ287,0.7199826836586,86100,AP-N902-F303,0.050865136086941,0.050865136086941,88.26286315918,270.95001220703
26-SEP-2025,11.528486289905,52080,OJ287,0.7210510969162,86100,AP-N901-F303,0.048550620675087,0.048550620675087,91.034645080566,270.95001220703
26-SEP-2025,11.528486289905,52080,OJ287,0.7210510969162,86100,AP-N902-F303,0.050865136086941,0.050865136086941,88.26286315918,270.95001220703
26-SEP-2025,11.537375275087,52080,OJ287,0.72211468219757,86100,AP-N901-F303,0.048550620675087,0.048550620675087,91.034645080566,270.95001220703
26-SEP-2025,11.537375275087,52080,OJ287,0.72211468219757,86100,AP-N902-F303,0.050865136086941,0.050865136086941,88.26286315918,270.95001220703
26-SEP-2025,11.546542041602,52080,OJ287,0.72320652008057,86100,AP-N901-F303,0.048550620675087,0.048550620675087,91.034645080566,270.95001220703
26-SEP-2025,11.546542041602,52080,OJ287,0.72320652008057,86100,AP-N902-F303,0.050865136086941,0.050865136086941,88.26286315918,270.95001220703
26-SEP-2025,11.555708806021,52080,OJ287,0.72429329156876,86100,AP-N901-F303,0.048550620675087,0.048550620675087,91.034645080566,270.95001220703
26-SEP-2025,11.555708806021,52080,OJ287,0.72429329156876,86100,AP-N902-F303,0.050865136086941,0.050865136086941,88.26286315918,270.95001220703
26-SEP-2025,11.564597793822,52080,OJ287,0.72534221410751,86100,AP-N901-F303,0.048550620675087,0.048550620675087,91.034645080566,270.95001220703
26-SEP-2025,11.564597793822,52080,OJ287,0.72534221410751,86100,AP-N902-F303,0.050865136086941,0.050865136086941,88.26286315918,270.95001220703
26-SEP-2025,11.743905308674,52085,OJ287,0.74544531106949,86100,AP-N901-F303,0.048587869852781,0.048587869852781,90.180107116699,271.75
26-SEP-2025,11.743905308674,52085,OJ287,0.74544531106949,86100,AP-N902-F303,0.050669334828854,0.050669334828854,88.272735595703,271.75
26-SEP-2025,11.760155481971,52089,OJ287,0.74716472625732,86100,AP-N901-F303,0.048587869852781,0.048587869852781,90.180107116699,271.75
26-SEP-2025,11.760155481971,52089,OJ287,0.74716472625732,86100,AP-N902-F303,0.050669334828854,0.050669334828854,88.272735595703,271.75
26-SEP-2025,11.76932224866,52089,OJ287,0.74812704324722,86100,AP-N901-F303,0.048587869852781,0.048587869852781,90.180107116699,271.75
26-SEP-2025,11.76932224866,52089,OJ287,0.74812704324722,86100,AP-N902-F303,0.050669334828854,0.050669334828854,88.272735595703,271.75
26-SEP-2025,11.778211236461,52089,OJ287,0.74905496835709,86100,AP-N901-F303,0.048587869852781,0.048587869852781,90.180107116699,271.75
26-SEP-2025,11.778211236461,52089,OJ287,0.74905496835709,86100,AP-N902-F303,0.050669334828854,0.050669334828854,88.272735595703,271.75
26-SEP-2025,11.787100220421,52089,OJ287,0.74997758865356,86100,AP-N901-F303,0.048587869852781,0.048587869852781,90.180107116699,271.75
26-SEP-2025,11.787100220421,52089,OJ287,0.74997758865356,86100,AP-N902-F303,0.050669334828854,0.050669334828854,88.272735595703,271.75
26-SEP-2025,11.795989207873,52089,OJ287,0.7508949637413,86100,AP-N901-F303,0.048587869852781,0.048587869852781,90.180107116699,271.75
26-SEP-2025,11.795989207873,52089,OJ287,0.7508949637413,86100,AP-N902-F303,0.050669334828854,0.050669334828854,88.272735595703,271.75
26-SEP-2025,11.804878192706,52089,OJ287,0.75180691480637,86100,AP-N901-F303,0.048587869852781,0.048587869852781,90.180107116699,271.75
26-SEP-2025,11.804878192706,52089,OJ287,0.75180691480637,86100,AP-N902-F303,0.050669334828854,0.050669334828854,88.272735595703,271.75
26-SEP-2025,11.813767179809,52089,OJ287,0.75271373987198,86100,AP-N901-F303,0.048587869852781,0.048587869852781,90.180107116699,271.75
26-SEP-2025,11.813767179809,52089,OJ287,0.75271373987198,86100,AP-N902-F303,0.050669334828854,0.050669334828854,88.272735595703,271.75
26-SEP-2025,12.244443277058,52101,0346-279,0.56876826286316,86100,AP-N901-F303,0.048362269997597,0.048362269997597,95.708023071289,269.54998779297
26-SEP-2025,12.244443277058,52101,0346-279,0.56876826286316,86100,AP-N902-F303,0.049375254660845,0.049375254660845,94.003776550293,269.54998779297
26-SEP-2025,12.260415674785,52105,0346-279,0.5651239156723,86100,AP-N901-F303,0.048362269997597,0.048362269997597,95.708023071289,269.54998779297
26-SEP-2025,12.260415674785,52105,0346-279,0.5651239156723,86100,AP-N902-F303,0.049375254660845,0.049375254660845,94.003776550293,269.54998779297
26-SEP-2025,12.269304659967,52105,0346-279,0.5630961060524,86100,AP-N901-F303,0.048362269997597,0.048362269997597,95.708023071289,269.54998779297
26-SEP-2025,12.269304659967,52105,0346-279,0.5630961060524,86100,AP-N902-F303,0.049375254660845,0.049375254660845,94.003776550293,269.54998779297
26-SEP-2025,12.278193647943,52105,0346-279,0.56106865406036,86100,AP-N901-F303,0.048362269997597,0.048362269997597,95.708023071289,269.54998779297
26-SEP-2025,12.278193647943,52105,0346-279,0.56106865406036,86100,AP-N902-F303,0.049375254660845,0.049375254660845,94.003776550293,269.54998779297
26-SEP-2025,12.287082631902,52105,0346-279,0.55904144048691,86100,AP-N901-F303,0.048362269997597,0.048362269997597,95.708023071289,269.54998779297
26-SEP-2025,12.287082631902,52105,0346-279,0.55904144048691,86100,AP-N902-F303,0.049375254660845,0.049375254660845,94.003776550293,269.54998779297
26-SEP-2025,12.295971620751,52105,0346-279,0.55701458454132,86100,AP-N901-F303,0.048362269997597,0.048362269997597,95.708023071289,269.54998779297
26-SEP-2025,12.295971620751,52105,0346-279,0.55701458454132,86100,AP-N902-F303,0.049375254660845,0.049375254660845,94.003776550293,269.54998779297
26-SEP-2025,12.304860604187,52105,0346-279,0.55498814582825,86100,AP-N901-F303,0.048362269997597,0.048362269997597,95.708023071289,269.54998779297
26-SEP-2025,12.304860604187,52105,0346-279,0.55498814582825,86100,AP-N902-F303,0.049375254660845,0.049375254660845,94.003776550293,269.54998779297
26-SEP-2025,12.313749592687,52105,0346-279,0.55296194553375,86100,AP-N901-F303,0.048362269997597,0.048362269997597,95.708023071289,269.54998779297
26-SEP-2025,12.313749592687,52105,0346-279,0.55296194553375,86100,AP-N902-F303,0.049375254660845,0.049375254660845,94.003776550293,269.54998779297
26-SEP-2025,1.2442332118966,51747,APLIB,0.2189899533987,86100,AP-N901-F303,0.043736279010773,0.043736279010773,137.42323303223,275.54998779297
26-SEP-2025,1.2442332118966,51747,APLIB,0.2189899533987,86100,AP-N902-F303,0.044013865292072,0.044013865292072,135.7752532959,275.54998779297
26-SEP-2025,12.493890458522,52110,0346-279,0.51197510957718,86100,AP-N901-F303,0.050822261720896,0.050822261720896,100.45364379883,272.45001220703
26-SEP-2025,12.493890458522,52110,0346-279,0.51197510957718,86100,AP-N902-F303,0.051809642463923,0.051809642463923,98.861221313477,272.45001220703
26-SEP-2025,12.5106961985,52114,0346-279,0.50815880298615,86100,AP-N901-F303,0.050822261720896,0.050822261720896,100.45364379883,272.45001220703
26-SEP-2025,12.5106961985,52114,0346-279,0.50815880298615,86100,AP-N902-F303,0.051809642463923,0.051809642463923,98.861221313477,272.45001220703
26-SEP-2025,12.519585182983,52114,0346-279,0.50614088773727,86100,AP-N901-F303,0.050822261720896,0.050822261720896,100.45364379883,272.45001220703
26-SEP-2025,12.519585182983,52114,0346-279,0.50614088773727,86100,AP-N902-F303,0.051809642463923,0.051809642463923,98.861221313477,272.45001220703
26-SEP-2025,12.52847417061,52114,0346-279,0.50412321090698,86100,AP-N901-F303,0.050822261720896,0.050822261720896,100.45364379883,272.45001220703
26-SEP-2025,12.52847417061,52114,0346-279,0.50412321090698,86100,AP-N902-F303,0.051809642463923,0.051809642463923,98.861221313477,272.45001220703
26-SEP-2025,12.537363157014,52114,0346-279,0.5021059513092,86100,AP-N901-F303,0.050822261720896,0.050822261720896,100.45364379883,272.45001220703
26-SEP-2025,12.537363157014,52114,0346-279,0.5021059513092,86100,AP-N902-F303,0.051809642463923,0.051809642463923,98.861221313477,272.45001220703
26-SEP-2025,12.54625214307,52114,0346-279,0.50008916854858,86100,AP-N901-F303,0.050822261720896,0.050822261720896,100.45364379883,272.45001220703
26-SEP-2025,12.54625214307,52114,0346-279,0.50008916854858,86100,AP-N902-F303,0.051809642463923,0.051809642463923,98.861221313477,272.45001220703
26-SEP-2025,12.55514112895,52114,0346-279,0.49807262420654,86100,AP-N901-F303,0.050822261720896,0.050822261720896,100.45364379883,272.45001220703
26-SEP-2025,12.55514112895,52114,0346-279,0.49807262420654,86100,AP-N902-F303,0.051809642463923,0.051809642463923,98.861221313477,272.45001220703
26-SEP-2025,12.564030114831,52114,0346-279,0.49605649709702,86100,AP-N901-F303,0.050822261720896,0.050822261720896,100.45364379883,272.45001220703
26-SEP-2025,12.564030114831,52114,0346-279,0.49605649709702,86100,AP-N902-F303,0.051809642463923,0.051809642463923,98.861221313477,272.45001220703
26-SEP-2025,1.2593722701653,51751,APLIB,0.21558703482151,86100,AP-N901-F303,0.043736279010773,0.043736279010773,137.42323303223,275.54998779297
26-SEP-2025,1.2593722701653,51751,APLIB,0.21558703482151,86100,AP-N902-F303,0.044013865292072,0.044013865292072,135.7752532959,275.54998779297
26-SEP-2025,1.2682612551727,51751,APLIB,0.21358981728554,86100,AP-N901-F303,0.043736279010773,0.043736279010773,137.42323303223,275.54998779297
26-SEP-2025,1.2682612551727,51751,APLIB,0.21358981728554,86100,AP-N902-F303,0.044013865292072,0.044013865292072,135.7752532959,275.54998779297
26-SEP-2025,1.2771502441964,51751,APLIB,0.21159322559834,86100,AP-N901-F303,0.043736279010773,0.043736279010773,137.42323303223,275.54998779297
26-SEP-2025,1.2771502441964,51751,APLIB,0.21159322559834,86100,AP-N902-F303,0.044013865292072,0.044013865292072,135.7752532959,275.54998779297
26-SEP-2025,1.2860392302515,51751,APLIB,0.20959717035294,86100,AP-N901-F303,0.043736279010773,0.043736279010773,137.42323303223,275.54998779297
26-SEP-2025,1.2860392302515,51751,APLIB,0.20959717035294,86100,AP-N902-F303,0.044013865292072,0.044013865292072,135.7752532959,275.54998779297
26-SEP-2025,1.2949282170051,51751,APLIB,0.20760174095631,86100,AP-N901-F303,0.043736279010773,0.043736279010773,137.42323303223,275.54998779297
26-SEP-2025,1.2949282170051,51751,APLIB,0.20760174095631,86100,AP-N902-F303,0.044013865292072,0.044013865292072,135.7752532959,275.54998779297
26-SEP-2025,1.3038172028856,51751,APLIB,0.20560690760612,86100,AP-N901-F303,0.043736279010773,0.043736279010773,137.42323303223,275.54998779297
26-SEP-2025,1.3038172028856,51751,APLIB,0.20560690760612,86100,AP-N902-F303,0.044013865292072,0.044013865292072,135.7752532959,275.54998779297
26-SEP-2025,1.3127061919093,51751,APLIB,0.20361262559891,86100,AP-N901-F303,0.043736279010773,0.043736279010773,137.42323303223,275.54998779297
26-SEP-2025,1.3127061919093,51751,APLIB,0.20361262559891,86100,AP-N902-F303,0.044013865292072,0.044013865292072,135.7752532959,275.54998779297
26-SEP-2025,13.561812081727,52130,OJ287,0.81003350019455,86100,AP-N901-F303,0.053197428584099,0.053197428584099,89.975692749023,274.85000610352
26-SEP-2025,13.561812081727,52130,OJ287,0.81003350019455,86100,AP-N902-F303,0.056928068399429,0.056928068399429,88.518104553223,274.85000610352
26-SEP-2025,13.577228918011,52134,OJ287,0.80938625335693,86100,AP-N901-F303,0.053197428584099,0.053197428584099,89.975692749023,274.85000610352
26-SEP-2025,13.577228918011,52134,OJ287,0.80938625335693,86100,AP-N902-F303,0.056928068399429,0.056928068399429,88.518104553223,274.85000610352
26-SEP-2025,13.586395688367,52134,OJ287,0.80899202823639,86100,AP-N901-F303,0.053197428584099,0.053197428584099,89.975692749023,274.85000610352
26-SEP-2025,13.586395688367,52134,OJ287,0.80899202823639,86100,AP-N902-F303,0.056928068399429,0.056928068399429,88.518104553223,274.85000610352
26-SEP-2025,13.595284672676,52134,OJ287,0.8086029291153,86100,AP-N901-F303,0.053197428584099,0.053197428584099,89.975692749023,274.85000610352
26-SEP-2025,13.595284672676,52134,OJ287,0.8086029291153,86100,AP-N902-F303,0.056928068399429,0.056928068399429,88.518104553223,274.85000610352
26-SEP-2025,13.604173660128,52134,OJ287,0.80820745229721,86100,AP-N901-F303,0.053197428584099,0.053197428584099,89.975692749023,274.85000610352
26-SEP-2025,13.604173660128,52134,OJ287,0.80820745229721,86100,AP-N902-F303,0.056928068399429,0.056928068399429,88.518104553223,274.85000610352
26-SEP-2025,13.613340424024,52134,OJ287,0.80779254436493,86100,AP-N901-F303,0.053197428584099,0.053197428584099,89.975692749023,274.85000610352
26-SEP-2025,13.613340424024,52134,OJ287,0.80779254436493,86100,AP-N902-F303,0.056928068399429,0.056928068399429,88.518104553223,274.85000610352
26-SEP-2025,13.622229412873,52134,OJ287,0.80738365650177,86100,AP-N901-F303,0.053197428584099,0.053197428584099,89.975692749023,274.85000610352
26-SEP-2025,13.622229412873,52134,OJ287,0.80738365650177,86100,AP-N902-F303,0.056928068399429,0.056928068399429,88.518104553223,274.85000610352
26-SEP-2025,13.631118395959,52134,OJ287,0.80696803331375,86100,AP-N901-F303,0.053197428584099,0.053197428584099,89.975692749023,274.85000610352
26-SEP-2025,13.631118395959,52134,OJ287,0.80696803331375,86100,AP-N902-F303,0.056928068399429,0.056928068399429,88.518104553223,274.85000610352
26-SEP-2025,13.744314074658,52139,0346-279,0.23238028585911,86100,AP-N901-F303,0.05206597968936,0.05206597968936,148.02444458008,274.64999389648
26-SEP-2025,13.744314074658,52139,0346-279,0.23238028585911,86100,AP-N902-F303,0.052471447736025,0.052471447736025,146.54483032227,274.64999389648
26-SEP-2025,13.760842035573,52143,0346-279,0.22875514626503,86100,AP-N901-F303,0.05206597968936,0.05206597968936,148.02444458008,274.64999389648
26-SEP-2025,13.760842035573,52143,0346-279,0.22875514626503,86100,AP-N902-F303,0.052471447736025,0.052471447736025,146.54483032227,274.64999389648
26-SEP-2025,13.769731023549,52143,0346-279,0.2268064469099,86100,AP-N901-F303,0.05206597968936,0.05206597968936,148.02444458008,274.64999389648
26-SEP-2025,13.769731023549,52143,0346-279,0.2268064469099,86100,AP-N902-F303,0.052471447736025,0.052471447736025,146.54483032227,274.64999389648
26-SEP-2025,13.778620007684,52143,0346-279,0.22485849261284,86100,AP-N901-F303,0.05206597968936,0.05206597968936,148.02444458008,274.64999389648
26-SEP-2025,13.778620007684,52143,0346-279,0.22485849261284,86100,AP-N902-F303,0.052471447736025,0.052471447736025,146.54483032227,274.64999389648
26-SEP-2025,13.787508996533,52143,0346-279,0.22291095554829,86100,AP-N901-F303,0.05206597968936,0.05206597968936,148.02444458008,274.64999389648
26-SEP-2025,13.787508996533,52143,0346-279,0.22291095554829,86100,AP-N902-F303,0.052471447736025,0.052471447736025,146.54483032227,274.64999389648
26-SEP-2025,13.796397982413,52143,0346-279,0.2209642380476,86100,AP-N901-F303,0.05206597968936,0.05206597968936,148.02444458008,274.64999389648
26-SEP-2025,13.796397982413,52143,0346-279,0.2209642380476,86100,AP-N902-F303,0.052471447736025,0.052471447736025,146.54483032227,274.64999389648
26-SEP-2025,13.805564750674,52143,0346-279,0.21895729005337,86100,AP-N901-F303,0.05206597968936,0.05206597968936,148.02444458008,274.64999389648
26-SEP-2025,13.805564750674,52143,0346-279,0.21895729005337,86100,AP-N902-F303,0.052471447736025,0.052471447736025,146.54483032227,274.64999389648
26-SEP-2025,13.814453737952,52143,0346-279,0.21701191365719,86100,AP-N901-F303,0.05206597968936,0.05206597968936,148.02444458008,274.64999389648
26-SEP-2025,13.814453737952,52143,0346-279,0.21701191365719,86100,AP-N902-F303,0.052471447736025,0.052471447736025,146.54483032227,274.64999389648
26-SEP-2025,14.497581032759,52155,1308+326,0.37394174933434,86100,AP-N901-F303,0.05330915376544,0.05330915376544,116.68681335449,274.25
26-SEP-2025,14.497581032759,52155,1308+326,0.37394174933434,86100,AP-N902-F303,0.054051548242569,0.054051548242569,115.09508514404,274.25
26-SEP-2025,14.512720095568,52159,1308+326,0.37618696689606,86100,AP-N901-F303,0.05330915376544,0.05330915376544,116.68681335449,274.25
26-SEP-2025,14.512720095568,52159,1308+326,0.37618696689606,86100,AP-N902-F303,0.054051548242569,0.054051548242569,115.09508514404,274.25
26-SEP-2025,14.521886859463,52159,1308+326,0.37754264473915,86100,AP-N901-F303,0.05330915376544,0.05330915376544,116.68681335449,274.25
26-SEP-2025,14.521886859463,52159,1308+326,0.37754264473915,86100,AP-N902-F303,0.054051548242569,0.054051548242569,115.09508514404,274.25
26-SEP-2025,14.530775847439,52159,1308+326,0.37885448336601,86100,AP-N901-F303,0.05330915376544,0.05330915376544,116.68681335449,274.25
26-SEP-2025,14.530775847439,52159,1308+326,0.37885448336601,86100,AP-N902-F303,0.054051548242569,0.054051548242569,115.09508514404,274.25
26-SEP-2025,14.540081503834,52159,1308+326,0.38022488355637,86100,AP-N901-F303,0.05330915376544,0.05330915376544,116.68681335449,274.25
26-SEP-2025,14.540081503834,52159,1308+326,0.38022488355637,86100,AP-N902-F303,0.054051548242569,0.054051548242569,115.09508514404,274.25
26-SEP-2025,14.549109379246,52159,1308+326,0.38155153393745,86100,AP-N901-F303,0.05330915376544,0.05330915376544,116.68681335449,274.25
26-SEP-2025,14.549109379246,52159,1308+326,0.38155153393745,86100,AP-N902-F303,0.054051548242569,0.054051548242569,115.09508514404,274.25
26-SEP-2025,14.558415040531,52159,1308+326,0.38291609287262,86100,AP-N901-F303,0.05330915376544,0.05330915376544,116.68681335449,274.25
26-SEP-2025,14.558415040531,52159,1308+326,0.38291609287262,86100,AP-N902-F303,0.054051548242569,0.054051548242569,115.09508514404,274.25
26-SEP-2025,14.567442914895,52159,1308+326,0.38423708081245,86100,AP-N901-F303,0.05330915376544,0.05330915376544,116.68681335449,274.25
26-SEP-2025,14.567442914895,52159,1308+326,0.38423708081245,86100,AP-N902-F303,0.054051548242569,0.054051548242569,115.09508514404,274.25
26-SEP-2025,14.760176419981,52165,1510-089,0.39452597498894,86100,AP-N901-F303,0.051545973867178,0.051545973867178,113.62018585205,274.35000610352
26-SEP-2025,14.760176419981,52165,1510-089,0.39452597498894,86100,AP-N902-F303,0.052758887410164,0.052758887410164,111.84789276123,274.35000610352
26-SEP-2025,14.777537731705,52169,1510-089,0.39872056245804,86100,AP-N901-F303,0.051545973867178,0.051545973867178,113.62018585205,274.35000610352
26-SEP-2025,14.777537731705,52169,1510-089,0.39872056245804,86100,AP-N902-F303,0.052758887410164,0.052758887410164,111.84789276123,274.35000610352
26-SEP-2025,14.786426717585,52169,1510-089,0.40086826682091,86100,AP-N901-F303,0.051545973867178,0.051545973867178,113.62018585205,274.35000610352
26-SEP-2025,14.786426717585,52169,1510-089,0.40086826682091,86100,AP-N902-F303,0.052758887410164,0.052758887410164,111.84789276123,274.35000610352
26-SEP-2025,14.795315705911,52169,1510-089,0.40301612019539,86100,AP-N901-F303,0.051545973867178,0.051545973867178,113.62018585205,274.35000610352
26-SEP-2025,14.795315705911,52169,1510-089,0.40301612019539,86100,AP-N902-F303,0.052758887410164,0.052758887410164,111.84789276123,274.35000610352
26-SEP-2025,14.804482469806,52169,1510-089,0.40523114800453,86100,AP-N901-F303,0.051545973867178,0.051545973867178,113.62018585205,274.35000610352
26-SEP-2025,14.804482469806,52169,1510-089,0.40523114800453,86100,AP-N902-F303,0.052758887410164,0.052758887410164,111.84789276123,274.35000610352
26-SEP-2025,14.813371457782,52169,1510-089,0.40737903118134,86100,AP-N901-F303,0.051545973867178,0.051545973867178,113.62018585205,274.35000610352
26-SEP-2025,14.813371457782,52169,1510-089,0.40737903118134,86100,AP-N902-F303,0.052758887410164,0.052758887410164,111.84789276123,274.35000610352
26-SEP-2025,14.822260443488,52169,1510-089,0.40952685475349,86100,AP-N901-F303,0.051545973867178,0.051545973867178,113.62018585205,274.35000610352
26-SEP-2025,14.822260443488,52169,1510-089,0.40952685475349,86100,AP-N902-F303,0.052758887410164,0.052758887410164,111.84789276123,274.35000610352
26-SEP-2025,14.831427210002,52169,1510-089,0.41174188256264,86100,AP-N901-F303,0.051545973867178,0.051545973867178,113.62018585205,274.35000610352
26-SEP-2025,14.831427210002,52169,1510-089,0.41174188256264,86100,AP-N902-F303,0.052758887410164,0.052758887410164,111.84789276123,274.35000610352
26-SEP-2025,14.91962261469,52174,APLIB,0.49427086114883,86100,AP-N901-F303,0.054022207856178,0.054022207856178,106.58101654053,274.35000610352
26-SEP-2025,14.91962261469,52174,APLIB,0.49427086114883,86100,AP-N902-F303,0.055776849389076,0.055776849389076,104.40267944336,274.35000610352
26-SEP-2025,1.4936804022659,51756,1749+096,0.52193719148636,86100,AP-N901-F303,0.044392563402653,0.044392563402653,96.028961181641,275.45001220703
26-SEP-2025,1.4936804022659,51756,1749+096,0.52193719148636,86100,AP-N902-F303,0.045619789510965,0.045619789510965,94.126121520996,275.45001220703
26-SEP-2025,1.509791690222,51760,1749+096,0.51846647262573,86100,AP-N901-F303,0.044392563402653,0.044392563402653,96.028961181641,275.45001220703
26-SEP-2025,1.509791690222,51760,1749+096,0.51846647262573,86100,AP-N902-F303,0.045619789510965,0.045619789510965,94.126121520996,275.45001220703
26-SEP-2025,1.5188195661576,51760,1749+096,0.51651960611343,86100,AP-N901-F303,0.044392563402653,0.044392563402653,96.028961181641,275.45001220703
26-SEP-2025,1.5188195661576,51760,1749+096,0.51651960611343,86100,AP-N902-F303,0.045619789510965,0.045619789510965,94.126121520996,275.45001220703
26-SEP-2025,1.5277085522128,51760,1749+096,0.51460129022598,86100,AP-N901-F303,0.044392563402653,0.044392563402653,96.028961181641,275.45001220703
26-SEP-2025,1.5277085522128,51760,1749+096,0.51460129022598,86100,AP-N902-F303,0.045619789510965,0.045619789510965,94.126121520996,275.45001220703
26-SEP-2025,1.5368753223945,51760,1749+096,0.51262158155441,86100,AP-N901-F303,0.044392563402653,0.044392563402653,96.028961181641,275.45001220703
26-SEP-2025,1.5368753223945,51760,1749+096,0.51262158155441,86100,AP-N902-F303,0.045619789510965,0.045619789510965,94.126121520996,275.45001220703
26-SEP-2025,1.5468754316846,51760,1749+096,0.51046013832092,86100,AP-N901-F303,0.044392563402653,0.044392563402653,96.028961181641,275.45001220703
26-SEP-2025,1.5468754316846,51760,1749+096,0.51046013832092,86100,AP-N902-F303,0.045619789510965,0.045619789510965,94.126121520996,275.45001220703
26-SEP-2025,1.5560421973262,51760,1749+096,0.50847733020782,86100,AP-N901-F303,0.044392563402653,0.044392563402653,96.028961181641,275.45001220703
26-SEP-2025,1.5560421973262,51760,1749+096,0.50847733020782,86100,AP-N902-F303,0.045619789510965,0.045619789510965,94.126121520996,275.45001220703
26-SEP-2025,1.5652089668094,51760,1749+096,0.50649303197861,86100,AP-N901-F303,0.044392563402653,0.044392563402653,96.028961181641,275.45001220703
26-SEP-2025,1.5652089668094,51760,1749+096,0.50649303197861,86100,AP-N902-F303,0.045619789510965,0.045619789510965,94.126121520996,275.45001220703
26-SEP-2025,1.7442253713566,51767,BLLAC,0.42290511727333,86100,AP-N901-F303,0.044442962855101,0.044442962855101,102.79052734375,275.54998779297
26-SEP-2025,1.7442253713566,51767,BLLAC,0.42290511727333,86100,AP-N902-F303,0.045423284173012,0.045423284173012,100.62559509277,275.54998779297
26-SEP-2025,1.7599199887981,51771,BLLAC,0.423295378685,86100,AP-N901-F303,0.044442962855101,0.044442962855101,102.79052734375,275.54998779297
26-SEP-2025,1.7599199887981,51771,BLLAC,0.423295378685,86100,AP-N902-F303,0.045423284173012,0.045423284173012,100.62559509277,275.54998779297
26-SEP-2025,1.7690867532172,51771,BLLAC,0.42351761460304,86100,AP-N901-F303,0.044442962855101,0.044442962855101,102.79052734375,275.54998779297
26-SEP-2025,1.7690867532172,51771,BLLAC,0.42351761460304,86100,AP-N902-F303,0.045423284173012,0.045423284173012,100.62559509277,275.54998779297
26-SEP-2025,1.777975740844,51771,BLLAC,0.42372903227806,86100,AP-N901-F303,0.044442962855101,0.044442962855101,102.79052734375,275.54998779297
26-SEP-2025,1.777975740844,51771,BLLAC,0.42372903227806,86100,AP-N902-F303,0.045423284173012,0.045423284173012,100.62559509277,275.54998779297
26-SEP-2025,1.7871425073586,51771,BLLAC,0.42394283413887,86100,AP-N901-F303,0.044442962855101,0.044442962855101,102.79052734375,275.54998779297
26-SEP-2025,1.7871425073586,51771,BLLAC,0.42394283413887,86100,AP-N902-F303,0.045423284173012,0.045423284173012,100.62559509277,275.54998779297
26-SEP-2025,1.7960314949853,51771,BLLAC,0.42414611577988,86100,AP-N901-F303,0.044442962855101,0.044442962855101,102.79052734375,275.54998779297
26-SEP-2025,1.7960314949853,51771,BLLAC,0.42414611577988,86100,AP-N902-F303,0.045423284173012,0.045423284173012,100.62559509277,275.54998779297
26-SEP-2025,1.8049204791196,51771,BLLAC,0.42434540390968,86100,AP-N901-F303,0.044442962855101,0.044442962855101,102.79052734375,275.54998779297
26-SEP-2025,1.8049204791196,51771,BLLAC,0.42434540390968,86100,AP-N902-F303,0.045423284173012,0.045423284173012,100.62559509277,275.54998779297
26-SEP-2025,1.8138094672702,51771,BLLAC,0.42454066872597,86100,AP-N901-F303,0.044442962855101,0.044442962855101,102.79052734375,275.54998779297
26-SEP-2025,1.8138094672702,51771,BLLAC,0.42454066872597,86100,AP-N902-F303,0.045423284173012,0.045423284173012,100.62559509277,275.54998779297
26-SEP-2025,2.4947446719487,51791,0109+224,0.48087933659554,86100,AP-N901-F303,0.042444627732038,0.042444627732038,97.937438964844,275.35000610352
26-SEP-2025,2.4947446719487,51791,0109+224,0.48087933659554,86100,AP-N902-F303,0.044477123767138,0.044477123767138,95.970237731934,275.35000610352
26-SEP-2025,2.5096059425983,51795,0109+224,0.48344710469246,86100,AP-N901-F303,0.042444627732038,0.042444627732038,97.937438964844,275.35000610352
26-SEP-2025,2.5096059425983,51795,0109+224,0.48344710469246,86100,AP-N902-F303,0.044477123767138,0.044477123767138,95.970237731934,275.35000610352
26-SEP-2025,2.518772708589,51795,0109+224,0.48502749204636,86100,AP-N901-F303,0.042444627732038,0.042444627732038,97.937438964844,275.35000610352
26-SEP-2025,2.518772708589,51795,0109+224,0.48502749204636,86100,AP-N902-F303,0.044477123767138,0.044477123767138,95.970237731934,275.35000610352
26-SEP-2025,2.5276616944695,51795,0109+224,0.48655742406845,86100,AP-N901-F303,0.042444627732038,0.042444627732038,97.937438964844,275.35000610352
26-SEP-2025,2.5276616944695,51795,0109+224,0.48655742406845,86100,AP-N902-F303,0.044477123767138,0.044477123767138,95.970237731934,275.35000610352
26-SEP-2025,2.5365506805246,51795,0109+224,0.4880847632885,86100,AP-N901-F303,0.042444627732038,0.042444627732038,97.937438964844,275.35000610352
26-SEP-2025,2.5365506805246,51795,0109+224,0.4880847632885,86100,AP-N902-F303,0.044477123767138,0.044477123767138,95.970237731934,275.35000610352
26-SEP-2025,2.5457174479124,51795,0109+224,0.48965707421303,86100,AP-N901-F303,0.042444627732038,0.042444627732038,97.937438964844,275.35000610352
26-SEP-2025,2.5457174479124,51795,0109+224,0.48965707421303,86100,AP-N902-F303,0.044477123767138,0.044477123767138,95.970237731934,275.35000610352
26-SEP-2025,2.555023105006,51795,0109+224,0.49125039577484,86100,AP-N901-F303,0.042444627732038,0.042444627732038,97.937438964844,275.35000610352
26-SEP-2025,2.555023105006,51795,0109+224,0.49125039577484,86100,AP-N902-F303,0.044477123767138,0.044477123767138,95.970237731934,275.35000610352
26-SEP-2025,2.5640509840849,51795,0109+224,0.49279344081879,86100,AP-N901-F303,0.042444627732038,0.042444627732038,97.937438964844,275.35000610352
26-SEP-2025,2.5640509840849,51795,0109+224,0.49279344081879,86100,AP-N902-F303,0.044477123767138,0.044477123767138,95.970237731934,275.35000610352
26-SEP-2025,2.7439140602052,51800,0346-279,0.34611475467682,86100,AP-N901-F303,0.043212428689003,0.043212428689003,110.53002929688,275.04998779297
26-SEP-2025,2.7439140602052,51800,0346-279,0.34611475467682,86100,AP-N902-F303,0.043813526630402,0.043813526630402,109.17555236816,275.04998779297
26-SEP-2025,2.7596086765989,51804,0346-279,0.34961667656898,86100,AP-N901-F303,0.043212428689003,0.043212428689003,110.53002929688,275.04998779297
26-SEP-2025,2.7596086765989,51804,0346-279,0.34961667656898,86100,AP-N902-F303,0.043813526630402,0.043813526630402,109.17555236816,275.04998779297
26-SEP-2025,2.7684976619555,51804,0346-279,0.3516007065773,86100,AP-N901-F303,0.043212428689003,0.043212428689003,110.53002929688,275.04998779297
26-SEP-2025,2.7684976619555,51804,0346-279,0.3516007065773,86100,AP-N902-F303,0.043813526630402,0.043813526630402,109.17555236816,275.04998779297
26-SEP-2025,2.7773866490584,51804,0346-279,0.35358527302742,86100,AP-N901-F303,0.043212428689003,0.043212428689003,110.53002929688,275.04998779297
26-SEP-2025,2.7773866490584,51804,0346-279,0.35358527302742,86100,AP-N902-F303,0.043813526630402,0.043813526630402,109.17555236816,275.04998779297
26-SEP-2025,2.7862756338911,51804,0346-279,0.35557028651237,86100,AP-N901-F303,0.043212428689003,0.043212428689003,110.53002929688,275.04998779297
26-SEP-2025,2.7862756338911,51804,0346-279,0.35557028651237,86100,AP-N902-F303,0.043813526630402,0.043813526630402,109.17555236816,275.04998779297
26-SEP-2025,2.7951646208194,51804,0346-279,0.35755583643913,86100,AP-N901-F303,0.043212428689003,0.043212428689003,110.53002929688,275.04998779297
26-SEP-2025,2.7951646208194,51804,0346-279,0.35755583643913,86100,AP-N902-F303,0.043813526630402,0.043813526630402,109.17555236816,275.04998779297
26-SEP-2025,2.8040536056521,51804,0346-279,0.35954189300537,86100,AP-N901-F303,0.043212428689003,0.043212428689003,110.53002929688,275.04998779297
26-SEP-2025,2.8040536056521,51804,0346-279,0.35954189300537,86100,AP-N902-F303,0.043813526630402,0.043813526630402,109.17555236816,275.04998779297
26-SEP-2025,2.8129425938027,51804,0346-279,0.36152839660645,86100,AP-N901-F303,0.043212428689003,0.043212428689003,110.53002929688,275.04998779297
26-SEP-2025,2.8129425938027,51804,0346-279,0.36152839660645,86100,AP-N902-F303,0.043813526630402,0.043813526630402,109.17555236816,275.04998779297
26-SEP-2025,2.9769721683636,51809,0346-279,0.39827263355255,86100,AP-N901-F303,0.043005056679249,0.043005056679249,104.7788848877,275.04998779297
26-SEP-2025,2.9769721683636,51809,0346-279,0.39827263355255,86100,AP-N902-F303,0.044213317334652,0.044213317334652,103.2614364624,275.04998779297
26-SEP-2025,2.9929445603274,51813,0346-279,0.40185910463333,86100,AP-N901-F303,0.043005056679249,0.043005056679249,104.7788848877,275.04998779297
26-SEP-2025,2.9929445603274,51813,0346-279,0.40185910463333,86100,AP-N902-F303,0.044213317334652,0.044213317334652,103.2614364624,275.04998779297
26-SEP-2025,3.0021113270166,51813,0346-279,0.40391808748245,86100,AP-N901-F303,0.043005056679249,0.043005056679249,104.7788848877,275.04998779297
26-SEP-2025,3.0021113270166,51813,0346-279,0.40391808748245,86100,AP-N902-F303,0.044213317334652,0.044213317334652,103.2614364624,275.04998779297
26-SEP-2025,3.0110003128971,51813,0346-279,0.40591517090797,86100,AP-N901-F303,0.043005056679249,0.043005056679249,104.7788848877,275.04998779297
26-SEP-2025,3.0110003128971,51813,0346-279,0.40591517090797,86100,AP-N902-F303,0.044213317334652,0.044213317334652,103.2614364624,275.04998779297
26-SEP-2025,3.0198892989522,51813,0346-279,0.40791270136833,86100,AP-N901-F303,0.043005056679249,0.043005056679249,104.7788848877,275.04998779297
26-SEP-2025,3.0198892989522,51813,0346-279,0.40791270136833,86100,AP-N902-F303,0.044213317334652,0.044213317334652,103.2614364624,275.04998779297
26-SEP-2025,3.0287782858805,51813,0346-279,0.4099106490612,86100,AP-N901-F303,0.043005056679249,0.043005056679249,104.7788848877,275.04998779297
26-SEP-2025,3.0287782858805,51813,0346-279,0.4099106490612,86100,AP-N902-F303,0.044213317334652,0.044213317334652,103.2614364624,275.04998779297
26-SEP-2025,3.0376672710625,51813,0346-279,0.41190907359123,86100,AP-N901-F303,0.043005056679249,0.043005056679249,104.7788848877,275.04998779297
26-SEP-2025,3.0376672710625,51813,0346-279,0.41190907359123,86100,AP-N902-F303,0.044213317334652,0.044213317334652,103.2614364624,275.04998779297
26-SEP-2025,3.0465562579907,51813,0346-279,0.4139079451561,86100,AP-N901-F303,0.043005056679249,0.043005056679249,104.7788848877,275.04998779297
26-SEP-2025,3.0465562579907,51813,0346-279,0.4139079451561,86100,AP-N902-F303,0.044213317334652,0.044213317334652,103.2614364624,275.04998779297
26-SEP-2025,3.244197303078,51818,0109+224,0.60035645961761,86100,AP-N901-F303,0.042631883174181,0.042631883174181,91.347900390625,275.04998779297
26-SEP-2025,3.244197303078,51818,0109+224,0.60035645961761,86100,AP-N902-F303,0.044440902769566,0.044440902769566,89.38703918457,275.04998779297
26-SEP-2025,3.2601697055192,51822,0109+224,0.60265225172043,86100,AP-N901-F303,0.042631883174181,0.042631883174181,91.347900390625,275.04998779297
26-SEP-2025,3.2601697055192,51822,0109+224,0.60265225172043,86100,AP-N902-F303,0.044440902769566,0.044440902769566,89.38703918457,275.04998779297
26-SEP-2025,3.2690586915743,51822,0109+224,0.60392493009567,86100,AP-N901-F303,0.042631883174181,0.042631883174181,91.347900390625,275.04998779297
26-SEP-2025,3.2690586915743,51822,0109+224,0.60392493009567,86100,AP-N902-F303,0.044440902769566,0.044440902769566,89.38703918457,275.04998779297
26-SEP-2025,3.2779476776294,51822,0109+224,0.60519403219223,86100,AP-N901-F303,0.042631883174181,0.042631883174181,91.347900390625,275.04998779297
26-SEP-2025,3.2779476776294,51822,0109+224,0.60519403219223,86100,AP-N902-F303,0.044440902769566,0.044440902769566,89.38703918457,275.04998779297
26-SEP-2025,3.2868366635099,51822,0109+224,0.60645943880081,86100,AP-N901-F303,0.042631883174181,0.042631883174181,91.347900390625,275.04998779297
26-SEP-2025,3.2868366635099,51822,0109+224,0.60645943880081,86100,AP-N902-F303,0.044440902769566,0.044440902769566,89.38703918457,275.04998779297
26-SEP-2025,3.2960034298499,51822,0109+224,0.60776054859161,86100,AP-N901-F303,0.042631883174181,0.042631883174181,91.347900390625,275.04998779297
26-SEP-2025,3.2960034298499,51822,0109+224,0.60776054859161,86100,AP-N902-F303,0.044440902769566,0.044440902769566,89.38703918457,275.04998779297
26-SEP-2025,3.3048924164289,51822,0109+224,0.6090185046196,86100,AP-N901-F303,0.042631883174181,0.042631883174181,91.347900390625,275.04998779297
26-SEP-2025,3.3048924164289,51822,0109+224,0.6090185046196,86100,AP-N902-F303,0.044440902769566,0.044440902769566,89.38703918457,275.04998779297
26-SEP-2025,3.3140591827689,51822,0109+224,0.61031180620193,86100,AP-N901-F303,0.042631883174181,0.042631883174181,91.347900390625,275.04998779297
26-SEP-2025,3.3140591827689,51822,0109+224,0.61031180620193,86100,AP-N902-F303,0.044440902769566,0.044440902769566,89.38703918457,275.04998779297
26-SEP-2025,3.9942141747616,51841,0109+224,0.69410592317581,86100,AP-N901-F303,0.042654696851969,0.042654696851969,87.952789306641,274.64999389648
26-SEP-2025,3.9942141747616,51841,0109+224,0.69410592317581,86100,AP-N902-F303,0.044986270368099,0.044986270368099,85.561264038086,274.64999389648
26-SEP-2025,4.0097698983062,51845,0109+224,0.6957134604454,86100,AP-N901-F303,0.042654696851969,0.042654696851969,87.952789306641,274.64999389648
26-SEP-2025,4.0097698983062,51845,0109+224,0.6957134604454,86100,AP-N902-F303,0.044986270368099,0.044986270368099,85.561264038086,274.64999389648
26-SEP-2025,4.0187977759881,51845,0109+224,0.69663947820663,86100,AP-N901-F303,0.042654696851969,0.042654696851969,87.952789306641,274.64999389648
26-SEP-2025,4.0187977759881,51845,0109+224,0.69663947820663,86100,AP-N902-F303,0.044986270368099,0.044986270368099,85.561264038086,274.64999389648
26-SEP-2025,4.0276867620432,51845,0109+224,0.69754630327225,86100,AP-N901-F303,0.042654696851969,0.042654696851969,87.952789306641,274.64999389648
26-SEP-2025,4.0276867620432,51845,0109+224,0.69754630327225,86100,AP-N902-F303,0.044986270368099,0.044986270368099,85.561264038086,274.64999389648
26-SEP-2025,4.0368535278594,51845,0109+224,0.69847619533539,86100,AP-N901-F303,0.042654696851969,0.042654696851969,87.952789306641,274.64999389648
26-SEP-2025,4.0368535278594,51845,0109+224,0.69847619533539,86100,AP-N902-F303,0.044986270368099,0.044986270368099,85.561264038086,274.64999389648
26-SEP-2025,4.0457425140891,51845,0109+224,0.69937294721603,86100,AP-N901-F303,0.042654696851969,0.042654696851969,87.952789306641,274.64999389648
26-SEP-2025,4.0457425140891,51845,0109+224,0.69937294721603,86100,AP-N902-F303,0.044986270368099,0.044986270368099,85.561264038086,274.64999389648
26-SEP-2025,4.055187062111,51845,0109+224,0.70032024383545,86100,AP-N901-F303,0.042654696851969,0.042654696851969,87.952789306641,274.64999389648
26-SEP-2025,4.055187062111,51845,0109+224,0.70032024383545,86100,AP-N902-F303,0.044986270368099,0.044986270368099,85.561264038086,274.64999389648
26-SEP-2025,4.064214939269,51845,0109+224,0.70122045278549,86100,AP-N901-F303,0.042654696851969,0.042654696851969,87.952789306641,274.64999389648
26-SEP-2025,4.064214939269,51845,0109+224,0.70122045278549,86100,AP-N902-F303,0.044986270368099,0.044986270368099,85.561264038086,274.64999389648
26-SEP-2025,4.4935364481607,51853,BLLAC,0.30506998300552,86100,AP-N901-F303,0.041477248072624,0.041477248072624,113.60521697998,273.85000610352
26-SEP-2025,4.4935364481607,51853,BLLAC,0.30506998300552,86100,AP-N902-F303,0.041927691549063,0.041927691549063,111.55983734131,273.85000610352
26-SEP-2025,4.5097866232033,51857,BLLAC,0.30336812138557,86100,AP-N901-F303,0.041477248072624,0.041477248072624,113.60521697998,273.85000610352
26-SEP-2025,4.5097866232033,51857,BLLAC,0.30336812138557,86100,AP-N902-F303,0.041927691549063,0.041927691549063,111.55983734131,273.85000610352
26-SEP-2025,4.5186756111793,51857,BLLAC,0.30243310332298,86100,AP-N901-F303,0.041477248072624,0.041477248072624,113.60521697998,273.85000610352
26-SEP-2025,4.5186756111793,51857,BLLAC,0.30243310332298,86100,AP-N902-F303,0.041927691549063,0.041927691549063,111.55983734131,273.85000610352
26-SEP-2025,4.5275645970598,51857,BLLAC,0.30149519443512,86100,AP-N901-F303,0.041477248072624,0.041477248072624,113.60521697998,273.85000610352
26-SEP-2025,4.5275645970598,51857,BLLAC,0.30149519443512,86100,AP-N902-F303,0.041927691549063,0.041927691549063,111.55983734131,273.85000610352
26-SEP-2025,4.5364535827657,51857,BLLAC,0.30055433511734,86100,AP-N901-F303,0.041477248072624,0.041477248072624,113.60521697998,273.85000610352
26-SEP-2025,4.5364535827657,51857,BLLAC,0.30055433511734,86100,AP-N902-F303,0.041927691549063,0.041927691549063,111.55983734131,273.85000610352
26-SEP-2025,4.5456203506773,51857,BLLAC,0.29958102107048,86100,AP-N901-F303,0.041477248072624,0.041477248072624,113.60521697998,273.85000610352
26-SEP-2025,4.5456203506773,51857,BLLAC,0.29958102107048,86100,AP-N902-F303,0.041927691549063,0.041927691549063,111.55983734131,273.85000610352
26-SEP-2025,4.76085414004,51864,0506+056,0.29650312662125,86100,AP-N901-F303,0.041463304311037,0.041463304311037,116.01301574707,273.35000610352
26-SEP-2025,4.76085414004,51864,0506+056,0.29650312662125,86100,AP-N902-F303,0.04202476143837,0.04202476143837,114.39645385742,273.35000610352
26-SEP-2025,4.7762709726564,51868,0506+056,0.30011591315269,86100,AP-N901-F303,0.041463304311037,0.041463304311037,116.01301574707,273.35000610352
26-SEP-2025,4.7762709726564,51868,0506+056,0.30011591315269,86100,AP-N902-F303,0.04202476143837,0.04202476143837,114.39645385742,273.35000610352
26-SEP-2025,4.7851599615055,51868,0506+056,0.3021981716156,86100,AP-N901-F303,0.041463304311037,0.041463304311037,116.01301574707,273.35000610352
26-SEP-2025,4.7851599615055,51868,0506+056,0.3021981716156,86100,AP-N902-F303,0.04202476143837,0.04202476143837,114.39645385742,273.35000610352
26-SEP-2025,4.794048945989,51868,0506+056,0.30427977442741,86100,AP-N901-F303,0.041463304311037,0.041463304311037,116.01301574707,273.35000610352
26-SEP-2025,4.794048945989,51868,0506+056,0.30427977442741,86100,AP-N902-F303,0.04202476143837,0.04202476143837,114.39645385742,273.35000610352
26-SEP-2025,4.8029379336157,51868,0506+056,0.30636087059975,86100,AP-N901-F303,0.041463304311037,0.041463304311037,116.01301574707,273.35000610352
26-SEP-2025,4.8029379336157,51868,0506+056,0.30636087059975,86100,AP-N902-F303,0.04202476143837,0.04202476143837,114.39645385742,273.35000610352
26-SEP-2025,4.8121047001304,51868,0506+056,0.30850633978844,86100,AP-N901-F303,0.041463304311037,0.041463304311037,116.01301574707,273.35000610352
26-SEP-2025,4.8121047001304,51868,0506+056,0.30850633978844,86100,AP-N902-F303,0.04202476143837,0.04202476143837,114.39645385742,273.35000610352
26-SEP-2025,4.8209936856616,51868,0506+056,0.31058624386787,86100,AP-N901-F303,0.041463304311037,0.041463304311037,116.01301574707,273.35000610352
26-SEP-2025,4.8209936856616,51868,0506+056,0.31058624386787,86100,AP-N902-F303,0.04202476143837,0.04202476143837,114.39645385742,273.35000610352
26-SEP-2025,4.8298826725898,51868,0506+056,0.31266555190086,86100,AP-N901-F303,0.041463304311037,0.041463304311037,116.01301574707,273.35000610352
26-SEP-2025,4.8298826725898,51868,0506+056,0.31266555190086,86100,AP-N902-F303,0.04202476143837,0.04202476143837,114.39645385742,273.35000610352
26-SEP-2025,5.0269681763159,51873,3C84,0.29079332947731,86100,AP-N901-F303,0.041439920663834,0.041439920663834,116.32479858398,273.14999389648
26-SEP-2025,5.0269681763159,51873,3C84,0.29079332947731,86100,AP-N902-F303,0.041811767965555,0.041811767965555,114.90177154541,273.14999389648
26-SEP-2025,5.0429405684543,51877,3C84,0.29262143373489,86100,AP-N901-F303,0.041439920663834,0.041439920663834,116.32479858398,273.14999389648
26-SEP-2025,5.0429405684543,51877,3C84,0.29262143373489,86100,AP-N902-F303,0.041811767965555,0.041811767965555,114.90177154541,273.14999389648
26-SEP-2025,5.0518295532871,51877,3C84,0.29363504052162,86100,AP-N901-F303,0.041439920663834,0.041439920663834,116.32479858398,273.14999389648
26-SEP-2025,5.0518295532871,51877,3C84,0.29363504052162,86100,AP-N902-F303,0.041811767965555,0.041811767965555,114.90177154541,273.14999389648
26-SEP-2025,5.0607185419615,51877,3C84,0.29464584589005,86100,AP-N901-F303,0.041439920663834,0.041439920663834,116.32479858398,273.14999389648
26-SEP-2025,5.0607185419615,51877,3C84,0.29464584589005,86100,AP-N902-F303,0.041811767965555,0.041811767965555,114.90177154541,273.14999389648
26-SEP-2025,5.0701630856178,51877,3C84,0.29571667313576,86100,AP-N901-F303,0.041439920663834,0.041439920663834,116.32479858398,273.14999389648
26-SEP-2025,5.0701630856178,51877,3C84,0.29571667313576,86100,AP-N902-F303,0.041811767965555,0.041811767965555,114.90177154541,273.14999389648
26-SEP-2025,5.0790520742923,51877,3C84,0.29672163724899,86100,AP-N901-F303,0.041439920663834,0.041439920663834,116.32479858398,273.14999389648
26-SEP-2025,5.0790520742923,51877,3C84,0.29672163724899,86100,AP-N902-F303,0.041811767965555,0.041811767965555,114.90177154541,273.14999389648
26-SEP-2025,5.2440721689009,51884,0109+224,0.76901352405548,86100,AP-N901-F303,0.040871504694223,0.040871504694223,85.64860534668,272.75
26-SEP-2025,5.2440721689009,51884,0109+224,0.76901352405548,86100,AP-N902-F303,0.042725935578346,0.042725935578346,83.364624023438,272.75
26-SEP-2025,5.2603223455152,51888,0109+224,0.7691964507103,86100,AP-N901-F303,0.040871504694223,0.040871504694223,85.64860534668,272.75
26-SEP-2025,5.2603223455152,51888,0109+224,0.7691964507103,86100,AP-N902-F303,0.042725935578346,0.042725935578346,83.364624023438,272.75
26-SEP-2025,5.2692113315703,51888,0109+224,0.76928758621216,86100,AP-N901-F303,0.040871504694223,0.040871504694223,85.64860534668,272.75
26-SEP-2025,5.2692113315703,51888,0109+224,0.76928758621216,86100,AP-N902-F303,0.042725935578346,0.042725935578346,83.364624023438,272.75
26-SEP-2025,5.2781003171015,51888,0109+224,0.76937228441238,86100,AP-N901-F303,0.040871504694223,0.040871504694223,85.64860534668,272.75
26-SEP-2025,5.2781003171015,51888,0109+224,0.76937228441238,86100,AP-N902-F303,0.042725935578346,0.042725935578346,83.364624023438,272.75
26-SEP-2025,5.2872670822192,51888,0109+224,0.76945286989212,86100,AP-N901-F303,0.040871504694223,0.040871504694223,85.64860534668,272.75
26-SEP-2025,5.2872670822192,51888,0109+224,0.76945286989212,86100,AP-N902-F303,0.042725935578346,0.042725935578346,83.364624023438,272.75
26-SEP-2025,5.2961560691474,51888,0109+224,0.76952451467514,86100,AP-N901-F303,0.040871504694223,0.040871504694223,85.64860534668,272.75
26-SEP-2025,5.2961560691474,51888,0109+224,0.76952451467514,86100,AP-N902-F303,0.042725935578346,0.042725935578346,83.364624023438,272.75
26-SEP-2025,5.3050450543294,51888,0109+224,0.76958972215652,86100,AP-N901-F303,0.040871504694223,0.040871504694223,85.64860534668,272.75
26-SEP-2025,5.3050450543294,51888,0109+224,0.76958972215652,86100,AP-N902-F303,0.042725935578346,0.042725935578346,83.364624023438,272.75
26-SEP-2025,5.3139340403845,51888,0109+224,0.76964855194092,86100,AP-N901-F303,0.040871504694223,0.040871504694223,85.64860534668,272.75
26-SEP-2025,5.3139340403845,51888,0109+224,0.76964855194092,86100,AP-N902-F303,0.042725935578346,0.042725935578346,83.364624023438,272.75
26-SEP-2025,5.4943526702643,51893,3C84,0.34039378166199,86100,AP-N901-F303,0.040589619427919,0.040589619427919,108.12896728516,273.64999389648
26-SEP-2025,5.4943526702643,51893,3C84,0.34039378166199,86100,AP-N902-F303,0.041608475148678,0.041608475148678,106.50317382812,273.64999389648
26-SEP-2025,5.5100472932937,51897,3C84,0.34191307425499,86100,AP-N901-F303,0.040589619427919,0.040589619427919,108.12896728516,273.64999389648
26-SEP-2025,5.5100472932937,51897,3C84,0.34191307425499,86100,AP-N902-F303,0.041608475148678,0.041608475148678,106.50317382812,273.64999389648
26-SEP-2025,5.5189362753325,51897,3C84,0.34276926517487,86100,AP-N901-F303,0.040589619427919,0.040589619427919,108.12896728516,273.64999389648
26-SEP-2025,5.5189362753325,51897,3C84,0.34276926517487,86100,AP-N902-F303,0.041608475148678,0.041608475148678,106.50317382812,273.64999389648
26-SEP-2025,5.527825265404,51897,3C84,0.34362229704857,86100,AP-N901-F303,0.040589619427919,0.040589619427919,108.12896728516,273.64999389648
26-SEP-2025,5.527825265404,51897,3C84,0.34362229704857,86100,AP-N902-F303,0.041608475148678,0.041608475148678,106.50317382812,273.64999389648
26-SEP-2025,5.5367142493636,51897,3C84,0.34447214007378,86100,AP-N901-F303,0.040589619427919,0.040589619427919,108.12896728516,273.64999389648
26-SEP-2025,5.5367142493636,51897,3C84,0.34447214007378,86100,AP-N902-F303,0.041608475148678,0.041608475148678,106.50317382812,273.64999389648
26-SEP-2025,5.5458810172752,51897,3C84,0.3453451693058,86100,AP-N901-F303,0.040589619427919,0.040589619427919,108.12896728516,273.64999389648
26-SEP-2025,5.5458810172752,51897,3C84,0.3453451693058,86100,AP-N902-F303,0.041608475148678,0.041608475148678,106.50317382812,273.64999389648
26-SEP-2025,5.5547700033303,51897,3C84,0.34618851542473,86100,AP-N901-F303,0.040589619427919,0.040589619427919,108.12896728516,273.64999389648
26-SEP-2025,5.5547700033303,51897,3C84,0.34618851542473,86100,AP-N902-F303,0.041608475148678,0.041608475148678,106.50317382812,273.64999389648
26-SEP-2025,5.5636589895601,51897,3C84,0.34702861309052,86100,AP-N901-F303,0.040589619427919,0.040589619427919,108.12896728516,273.64999389648
26-SEP-2025,5.5636589895601,51897,3C84,0.34702861309052,86100,AP-N902-F303,0.041608475148678,0.041608475148678,106.50317382812,273.64999389648
26-SEP-2025,5.7607159649551,51904,0506+056,0.52637112140656,86100,AP-N901-F303,0.039794307202101,0.039794307202101,92.566543579102,273.25
26-SEP-2025,5.7607159649551,51904,0506+056,0.52637112140656,86100,AP-N902-F303,0.041231539100409,0.041231539100409,91.11888885498,273.25
26-SEP-2025,5.7766883604113,51908,0506+056,0.5299516916275,86100,AP-N901-F303,0.039794307202101,0.039794307202101,92.566543579102,273.25
26-SEP-2025,5.7766883604113,51908,0506+056,0.5299516916275,86100,AP-N902-F303,0.041231539100409,0.041231539100409,91.11888885498,273.25
26-SEP-2025,5.7855773490858,51908,0506+056,0.53194278478622,86100,AP-N901-F303,0.039794307202101,0.039794307202101,92.566543579102,273.25
26-SEP-2025,5.7855773490858,51908,0506+056,0.53194278478622,86100,AP-N902-F303,0.041231539100409,0.041231539100409,91.11888885498,273.25
26-SEP-2025,5.7944663316484,51908,0506+056,0.53393280506134,86100,AP-N901-F303,0.039794307202101,0.039794307202101,92.566543579102,273.25
26-SEP-2025,5.7944663316484,51908,0506+056,0.53393280506134,86100,AP-N902-F303,0.041231539100409,0.041231539100409,91.11888885498,273.25
26-SEP-2025,5.8033553213706,51908,0506+056,0.53592163324356,86100,AP-N901-F303,0.039794307202101,0.039794307202101,92.566543579102,273.25
26-SEP-2025,5.8033553213706,51908,0506+056,0.53592163324356,86100,AP-N902-F303,0.041231539100409,0.041231539100409,91.11888885498,273.25
26-SEP-2025,5.8122443055049,51908,0506+056,0.53790932893753,86100,AP-N901-F303,0.039794307202101,0.039794307202101,92.566543579102,273.25
26-SEP-2025,5.8122443055049,51908,0506+056,0.53790932893753,86100,AP-N902-F303,0.041231539100409,0.041231539100409,91.11888885498,273.25
26-SEP-2025,5.821411074115,51908,0506+056,0.53995800018311,86100,AP-N901-F303,0.039794307202101,0.039794307202101,92.566543579102,273.25
26-SEP-2025,5.821411074115,51908,0506+056,0.53995800018311,86100,AP-N902-F303,0.041231539100409,0.041231539100409,91.11888885498,273.25
26-SEP-2025,6.7443634645762,51919,0109+224,0.69851231575012,86100,AP-N901-F303,0.038565196096897,0.038565196096897,85.988182067871,273.35000610352
26-SEP-2025,6.7443634645762,51919,0109+224,0.69851231575012,86100,AP-N902-F303,0.040622066706419,0.040622066706419,84.271354675293,273.35000610352
26-SEP-2025,6.7603358507774,51923,0109+224,0.69688874483109,86100,AP-N901-F303,0.038565196096897,0.038565196096897,85.988182067871,273.35000610352
26-SEP-2025,6.7603358507774,51923,0109+224,0.69688874483109,86100,AP-N902-F303,0.040622066706419,0.040622066706419,84.271354675293,273.35000610352
26-SEP-2025,6.7695026179906,51923,0109+224,0.69594979286194,86100,AP-N901-F303,0.038565196096897,0.038565196096897,85.988182067871,273.35000610352
26-SEP-2025,6.7695026179906,51923,0109+224,0.69594979286194,86100,AP-N902-F303,0.040622066706419,0.040622066706419,84.271354675293,273.35000610352
26-SEP-2025,6.7786693869499,51923,0109+224,0.6950056552887,86100,AP-N901-F303,0.038565196096897,0.038565196096897,85.988182067871,273.35000610352
26-SEP-2025,6.7786693869499,51923,0109+224,0.6950056552887,86100,AP-N902-F303,0.040622066706419,0.040622066706419,84.271354675293,273.35000610352
26-SEP-2025,6.7875583703857,51923,0109+224,0.69408506155014,86100,AP-N901-F303,0.038565196096897,0.038565196096897,85.988182067871,273.35000610352
26-SEP-2025,6.7875583703857,51923,0109+224,0.69408506155014,86100,AP-N902-F303,0.040622066706419,0.040622066706419,84.271354675293,273.35000610352
26-SEP-2025,6.7964473590601,51923,0109+224,0.69315969944,86100,AP-N901-F303,0.038565196096897,0.038565196096897,85.988182067871,273.35000610352
26-SEP-2025,6.7964473590601,51923,0109+224,0.69315969944,86100,AP-N902-F303,0.040622066706419,0.040622066706419,84.271354675293,273.35000610352
26-SEP-2025,6.8053363421467,51923,0109+224,0.6922293305397,86100,AP-N901-F303,0.038565196096897,0.038565196096897,85.988182067871,273.35000610352
26-SEP-2025,6.8053363421467,51923,0109+224,0.6922293305397,86100,AP-N902-F303,0.040622066706419,0.040622066706419,84.271354675293,273.35000610352
26-SEP-2025,6.8142253311704,51923,0109+224,0.69129413366318,86100,AP-N901-F303,0.038565196096897,0.038565196096897,85.988182067871,273.35000610352
26-SEP-2025,6.8142253311704,51923,0109+224,0.69129413366318,86100,AP-N902-F303,0.040622066706419,0.040622066706419,84.271354675293,273.35000610352
26-SEP-2025,7.5444895977401,51943,3C84,0.44311252236366,86100,AP-N901-F303,0.040531929582357,0.040531929582357,97.576873779297,273.04998779297
26-SEP-2025,7.5444895977401,51943,3C84,0.44311252236366,86100,AP-N902-F303,0.041624695062637,0.041624695062637,95.500038146973,273.04998779297
26-SEP-2025,7.5601842155308,51947,3C84,0.44308370351791,86100,AP-N901-F303,0.040531929582357,0.040531929582357,97.576873779297,273.04998779297
26-SEP-2025,7.5601842155308,51947,3C84,0.44308370351791,86100,AP-N902-F303,0.041624695062637,0.041624695062637,95.500038146973,273.04998779297
26-SEP-2025,7.569350985014,51947,3C84,0.44306147098541,86100,AP-N901-F303,0.040531929582357,0.040531929582357,97.576873779297,273.04998779297
26-SEP-2025,7.569350985014,51947,3C84,0.44306147098541,86100,AP-N902-F303,0.041624695062637,0.041624695062637,95.500038146973,273.04998779297
26-SEP-2025,7.5782399694975,51947,3C84,0.44303572177887,86100,AP-N901-F303,0.040531929582357,0.040531929582357,97.576873779297,273.04998779297
26-SEP-2025,7.5782399694975,51947,3C84,0.44303572177887,86100,AP-N902-F303,0.041624695062637,0.041624695062637,95.500038146973,273.04998779297
26-SEP-2025,7.5871289571242,51947,3C84,0.44300583004951,86100,AP-N901-F303,0.040531929582357,0.040531929582357,97.576873779297,273.04998779297
26-SEP-2025,7.5871289571242,51947,3C84,0.44300583004951,86100,AP-N902-F303,0.041624695062637,0.041624695062637,95.500038146973,273.04998779297
26-SEP-2025,7.7744921224153,51952,0506+056,0.92908465862274,86100,AP-N901-F303,0.041373379528522,0.041373379528522,83.101547241211,273.25
26-SEP-2025,7.7744921224153,51952,0506+056,0.92908465862274,86100,AP-N902-F303,0.044734336435795,0.044734336435795,80.932754516602,273.25
26-SEP-2025,7.7904645166493,51956,0506+056,0.93163180351257,86100,AP-N901-F303,0.041373379528522,0.041373379528522,83.101547241211,273.25
26-SEP-2025,7.7904645166493,51956,0506+056,0.93163180351257,86100,AP-N902-F303,0.044734336435795,0.044734336435795,80.932754516602,273.25
26-SEP-2025,7.7993535009581,51956,0506+056,0.93304258584976,86100,AP-N901-F303,0.041373379528522,0.041373379528522,83.101547241211,273.25
26-SEP-2025,7.7993535009581,51956,0506+056,0.93304258584976,86100,AP-N902-F303,0.044734336435795,0.044734336435795,80.932754516602,273.25
26-SEP-2025,7.8087980509009,51956,0506+056,0.93453598022461,86100,AP-N901-F303,0.041373379528522,0.041373379528522,83.101547241211,273.25
26-SEP-2025,7.8087980509009,51956,0506+056,0.93453598022461,86100,AP-N902-F303,0.044734336435795,0.044734336435795,80.932754516602,273.25
26-SEP-2025,7.8182426008436,51956,0506+056,0.93602365255356,86100,AP-N901-F303,0.041373379528522,0.041373379528522,83.101547241211,273.25
26-SEP-2025,7.8182426008436,51956,0506+056,0.93602365255356,86100,AP-N902-F303,0.044734336435795,0.044734336435795,80.932754516602,273.25
26-SEP-2025,7.8271315879465,51956,0506+056,0.93741858005524,86100,AP-N901-F303,0.041373379528522,0.041373379528522,83.101547241211,273.25
26-SEP-2025,7.8271315879465,51956,0506+056,0.93741858005524,86100,AP-N902-F303,0.044734336435795,0.044734336435795,80.932754516602,273.25
26-SEP-2025,7.8362983534134,51956,0506+056,0.93885171413422,86100,AP-N901-F303,0.041373379528522,0.041373379528522,83.101547241211,273.25
26-SEP-2025,7.8362983534134,51956,0506+056,0.93885171413422,86100,AP-N902-F303,0.044734336435795,0.044734336435795,80.932754516602,273.25
26-SEP-2025,7.9939389602922,51961,0506+056,0.96260470151901,86100,AP-N901-F303,0.041589438915253,0.041589438915253,83.097717285156,273.45001220703
26-SEP-2025,7.9939389602922,51961,0506+056,0.96260470151901,86100,AP-N902-F303,0.044882729649544,0.044882729649544,81.033912658691,273.45001220703
26-SEP-2025,8.0101891433676,51965,0506+056,0.96495270729065,86100,AP-N901-F303,0.041589438915253,0.041589438915253,83.097717285156,273.45001220703
26-SEP-2025,8.0101891433676,51965,0506+056,0.96495270729065,86100,AP-N902-F303,0.044882729649544,0.044882729649544,81.033912658691,273.45001220703
26-SEP-2025,8.0190781283749,51965,0506+056,0.96622890233994,86100,AP-N901-F303,0.041589438915253,0.041589438915253,83.097717285156,273.45001220703
26-SEP-2025,8.0190781283749,51965,0506+056,0.96622890233994,86100,AP-N902-F303,0.044882729649544,0.044882729649544,81.033912658691,273.45001220703
26-SEP-2025,8.0279671151286,51965,0506+056,0.96749925613403,86100,AP-N901-F303,0.041589438915253,0.041589438915253,83.097717285156,273.45001220703
26-SEP-2025,8.0279671151286,51965,0506+056,0.96749925613403,86100,AP-N902-F303,0.044882729649544,0.044882729649544,81.033912658691,273.45001220703
26-SEP-2025,8.0371338811193,51965,0506+056,0.96880298852921,86100,AP-N901-F303,0.041589438915253,0.041589438915253,83.097717285156,273.45001220703
26-SEP-2025,8.0371338811193,51965,0506+056,0.96880298852921,86100,AP-N902-F303,0.044882729649544,0.044882729649544,81.033912658691,273.45001220703
26-SEP-2025,8.0460228666506,51965,0506+056,0.97006124258041,86100,AP-N901-F303,0.041589438915253,0.041589438915253,83.097717285156,273.45001220703
26-SEP-2025,8.0460228666506,51965,0506+056,0.97006124258041,86100,AP-N902-F303,0.044882729649544,0.044882729649544,81.033912658691,273.45001220703
26-SEP-2025,8.0549118525311,51965,0506+056,0.97131335735321,86100,AP-N901-F303,0.041589438915253,0.041589438915253,83.097717285156,273.45001220703
26-SEP-2025,8.0549118525311,51965,0506+056,0.97131335735321,86100,AP-N902-F303,0.044882729649544,0.044882729649544,81.033912658691,273.45001220703
26-SEP-2025,8.0638008384115,51965,0506+056,0.97255939245224,86100,AP-N901-F303,0.041589438915253,0.041589438915253,83.097717285156,273.45001220703
26-SEP-2025,8.0638008384115,51965,0506+056,0.97255939245224,86100,AP-N902-F303,0.044882729649544,0.044882729649544,81.033912658691,273.45001220703
26-SEP-2025,8.2442194803403,51971,0346-279,1.468167424202,86100,AP-N901-F303,0.042253997176886,0.042253997176886,79.523262023926,273.14999389648
26-SEP-2025,8.2442194803403,51971,0346-279,1.468167424202,86100,AP-N902-F303,0.046167582273483,0.046167582273483,77.580879211426,273.14999389648
26-SEP-2025,8.2601918709071,51975,0346-279,1.465873837471,86100,AP-N901-F303,0.042253997176886,0.042253997176886,79.523262023926,273.14999389648
26-SEP-2025,8.2601918709071,51975,0346-279,1.465873837471,86100,AP-N902-F303,0.046167582273483,0.046167582273483,77.580879211426,273.14999389648
26-SEP-2025,8.2690808557399,51975,0346-279,1.4645608663559,86100,AP-N901-F303,0.042253997176886,0.042253997176886,79.523262023926,273.14999389648
26-SEP-2025,8.2690808557399,51975,0346-279,1.4645608663559,86100,AP-N902-F303,0.046167582273483,0.046167582273483,77.580879211426,273.14999389648
26-SEP-2025,8.2779698433666,51975,0346-279,1.4632226228714,86100,AP-N901-F303,0.042253997176886,0.042253997176886,79.523262023926,273.14999389648
26-SEP-2025,8.2779698433666,51975,0346-279,1.4632226228714,86100,AP-N902-F303,0.046167582273483,0.046167582273483,77.580879211426,273.14999389648
26-SEP-2025,8.2868588276755,51975,0346-279,1.4618601799011,86100,AP-N901-F303,0.042253997176886,0.042253997176886,79.523262023926,273.14999389648
26-SEP-2025,8.2868588276755,51975,0346-279,1.4618601799011,86100,AP-N902-F303,0.046167582273483,0.046167582273483,77.580879211426,273.14999389648
26-SEP-2025,8.2957478154768,51975,0346-279,1.4604742527008,86100,AP-N901-F303,0.042253997176886,0.042253997176886,79.523262023926,273.14999389648
26-SEP-2025,8.2957478154768,51975,0346-279,1.4604742527008,86100,AP-N902-F303,0.046167582273483,0.046167582273483,77.580879211426,273.14999389648
26-SEP-2025,8.3046367983887,51975,0346-279,1.4590657949448,86100,AP-N901-F303,0.042253997176886,0.042253997176886,79.523262023926,273.14999389648
26-SEP-2025,8.3046367983887,51975,0346-279,1.4590657949448,86100,AP-N902-F303,0.046167582273483,0.046167582273483,77.580879211426,273.14999389648
26-SEP-2025,8.3135257858408,51975,0346-279,1.457635641098,86100,AP-N901-F303,0.042253997176886,0.042253997176886,79.523262023926,273.14999389648
26-SEP-2025,8.3135257858408,51975,0346-279,1.457635641098,86100,AP-N902-F303,0.046167582273483,0.046167582273483,77.580879211426,273.14999389648
26-SEP-2025,8.8574688629718,51986,0506+056,1.054535984993,86100,AP-N901-F303,0.044194646179676,0.044194646179676,82.439064025879,272.64999389648
26-SEP-2025,8.8574688629718,51986,0506+056,1.054535984993,86100,AP-N902-F303,0.046815369278193,0.046815369278193,80.053916931152,272.64999389648
26-SEP-2025,8.8734412633175,51990,0506+056,1.0554931163788,86100,AP-N901-F303,0.044194646179676,0.044194646179676,82.439064025879,272.64999389648
26-SEP-2025,8.8734412633175,51990,0506+056,1.0554931163788,86100,AP-N902-F303,0.046815369278193,0.046815369278193,80.053916931152,272.64999389648
26-SEP-2025,8.8826080294829,51990,0506+056,1.0560286045074,86100,AP-N901-F303,0.044194646179676,0.044194646179676,82.439064025879,272.64999389648
26-SEP-2025,8.8826080294829,51990,0506+056,1.0560286045074,86100,AP-N902-F303,0.046815369278193,0.046815369278193,80.053916931152,272.64999389648
26-SEP-2025,8.8917747944259,51990,0506+056,1.0565539598465,86100,AP-N901-F303,0.044194646179676,0.044194646179676,82.439064025879,272.64999389648
26-SEP-2025,8.8917747944259,51990,0506+056,1.0565539598465,86100,AP-N902-F303,0.046815369278193,0.046815369278193,80.053916931152,272.64999389648
26-SEP-2025,8.9006637801318,51990,0506+056,1.0570536851883,86100,AP-N901-F303,0.044194646179676,0.044194646179676,82.439064025879,272.64999389648
26-SEP-2025,8.9006637801318,51990,0506+056,1.0570536851883,86100,AP-N902-F303,0.046815369278193,0.046815369278193,80.053916931152,272.64999389648
26-SEP-2025,8.9095527663615,51990,0506+056,1.0575436353683,86100,AP-N901-F303,0.044194646179676,0.044194646179676,82.439064025879,272.64999389648
26-SEP-2025,8.9095527663615,51990,0506+056,1.0575436353683,86100,AP-N902-F303,0.046815369278193,0.046815369278193,80.053916931152,272.64999389648
26-SEP-2025,8.9844146957208,51995,3C84,0.38810658454895,86100,AP-N901-F303,0.047105450183153,0.047105450183153,108.75581359863,272.64999389648
26-SEP-2025,8.9844146957208,51995,3C84,0.38810658454895,86100,AP-N902-F303,0.047796696424484,0.047796696424484,107.40505218506,272.64999389648
26-SEP-2025,9.0098316357065,51999,3C84,0.38622906804085,86100,AP-N901-F303,0.047105450183153,0.047105450183153,108.75581359863,272.64999389648
26-SEP-2025,9.0098316357065,51999,3C84,0.38622906804085,86100,AP-N902-F303,0.047796696424484,0.047796696424484,107.40505218506,272.64999389648
26-SEP-2025,9.0189984015226,51999,3C84,0.38554501533508,86100,AP-N901-F303,0.047105450183153,0.047105450183153,108.75581359863,272.64999389648
26-SEP-2025,9.0189984015226,51999,3C84,0.38554501533508,86100,AP-N902-F303,0.047796696424484,0.047796696424484,107.40505218506,272.64999389648
26-SEP-2025,9.0278873872285,51999,3C84,0.3848779797554,86100,AP-N901-F303,0.047105450183153,0.047105450183153,108.75581359863,272.64999389648
26-SEP-2025,9.0278873872285,51999,3C84,0.3848779797554,86100,AP-N902-F303,0.047796696424484,0.047796696424484,107.40505218506,272.64999389648
26-SEP-2025,9.0367763713627,51999,3C84,0.38420751690865,86100,AP-N901-F303,0.047105450183153,0.047105450183153,108.75581359863,272.64999389648
26-SEP-2025,9.0367763713627,51999,3C84,0.38420751690865,86100,AP-N902-F303,0.047796696424484,0.047796696424484,107.40505218506,272.64999389648
26-SEP-2025,9.0459431403221,51999,3C84,0.38351222872734,86100,AP-N901-F303,0.047105450183153,0.047105450183153,108.75581359863,272.64999389648
26-SEP-2025,9.0459431403221,51999,3C84,0.38351222872734,86100,AP-N902-F303,0.047796696424484,0.047796696424484,107.40505218506,272.64999389648
26-SEP-2025,9.0548321244564,51999,3C84,0.38283458352089,86100,AP-N901-F303,0.047105450183153,0.047105450183153,108.75581359863,272.64999389648
26-SEP-2025,9.0548321244564,51999,3C84,0.38283458352089,86100,AP-N902-F303,0.047796696424484,0.047796696424484,107.40505218506,272.64999389648
26-SEP-2025,9.0637211122577,51999,3C84,0.38215324282646,86100,AP-N901-F303,0.047105450183153,0.047105450183153,108.75581359863,272.64999389648
26-SEP-2025,9.0637211122577,51999,3C84,0.38215324282646,86100,AP-N902-F303,0.047796696424484,0.047796696424484,107.40505218506,272.64999389648
26-SEP-2025,9.2574732319595,52004,0506+056,1.068896651268,86100,AP-N901-F303,0.04436019808054,0.04436019808054,82.212867736816,271.25
26-SEP-2025,9.2574732319595,52004,0506+056,1.068896651268,86100,AP-N902-F303,0.047163922339678,0.047163922339678,80.084815979004,271.25
26-SEP-2025,9.2737234094469,52008,0506+056,1.0690443515778,86100,AP-N901-F303,0.04436019808054,0.04436019808054,82.212867736816,271.25
26-SEP-2025,9.2737234094469,52008,0506+056,1.0690443515778,86100,AP-N902-F303,0.047163922339678,0.047163922339678,80.084815979004,271.25
26-SEP-2025,9.282612396899,52008,0506+056,1.069110751152,86100,AP-N901-F303,0.04436019808054,0.04436019808054,82.212867736816,271.25
26-SEP-2025,9.282612396899,52008,0506+056,1.069110751152,86100,AP-N902-F303,0.047163922339678,0.047163922339678,80.084815979004,271.25
26-SEP-2025,9.2916402723107,52008,0506+056,1.0691674947739,86100,AP-N901-F303,0.04436019808054,0.04436019808054,82.212867736816,271.25
26-SEP-2025,9.2916402723107,52008,0506+056,1.0691674947739,86100,AP-N902-F303,0.047163922339678,0.047163922339678,80.084815979004,271.25
26-SEP-2025,9.3006681491195,52008,0506+056,1.0692136287689,86100,AP-N901-F303,0.04436019808054,0.04436019808054,82.212867736816,271.25
26-SEP-2025,9.3006681491195,52008,0506+056,1.0692136287689,86100,AP-N902-F303,0.047163922339678,0.047163922339678,80.084815979004,271.25
26-SEP-2025,9.3095571339522,52008,0506+056,1.0692485570908,86100,AP-N901-F303,0.04436019808054,0.04436019808054,82.212867736816,271.25
26-SEP-2025,9.3095571339522,52008,0506+056,1.0692485570908,86100,AP-N902-F303,0.047163922339678,0.047163922339678,80.084815979004,271.25
26-SEP-2025,9.3184461203566,52008,0506+056,1.0692731142044,86100,AP-N901-F303,0.04436019808054,0.04436019808054,82.212867736816,271.25
26-SEP-2025,9.3184461203566,52008,0506+056,1.0692731142044,86100,AP-N902-F303,0.047163922339678,0.047163922339678,80.084815979004,271.25
26-SEP-2025,9.4938646958532,52013,0346-279,1.2045812606812,86100,AP-N901-F303,0.047772701829672,0.047772701829672,81.669708251953,272.14999389648
26-SEP-2025,9.4938646958532,52013,0346-279,1.2045812606812,86100,AP-N902-F303,0.051716428250074,0.051716428250074,79.309295654297,272.14999389648
26-SEP-2025,9.5098370944527,52017,0346-279,1.2009046077728,86100,AP-N901-F303,0.047772701829672,0.047772701829672,81.669708251953,272.14999389648
26-SEP-2025,9.5098370944527,52017,0346-279,1.2009046077728,86100,AP-N902-F303,0.051716428250074,0.051716428250074,79.309295654297,272.14999389648
26-SEP-2025,9.5187260805078,52017,0346-279,1.1988577842712,86100,AP-N901-F303,0.047772701829672,0.047772701829672,81.669708251953,272.14999389648
26-SEP-2025,9.5187260805078,52017,0346-279,1.1988577842712,86100,AP-N902-F303,0.051716428250074,0.051716428250074,79.309295654297,272.14999389648
26-SEP-2025,9.5278928447523,52017,0346-279,1.1967465877533,86100,AP-N901-F303,0.047772701829672,0.047772701829672,81.669708251953,272.14999389648
26-SEP-2025,9.5278928447523,52017,0346-279,1.1967465877533,86100,AP-N902-F303,0.051716428250074,0.051716428250074,79.309295654297,272.14999389648
26-SEP-2025,9.5367818348238,52017,0346-279,1.1946986913681,86100,AP-N901-F303,0.047772701829672,0.047772701829672,81.669708251953,272.14999389648
26-SEP-2025,9.5367818348238,52017,0346-279,1.1946986913681,86100,AP-N902-F303,0.051716428250074,0.051716428250074,79.309295654297,272.14999389648
26-SEP-2025,9.5456708168626,52017,0346-279,1.1926505565643,86100,AP-N901-F303,0.047772701829672,0.047772701829672,81.669708251953,272.14999389648
26-SEP-2025,9.5456708168626,52017,0346-279,1.1926505565643,86100,AP-N902-F303,0.051716428250074,0.051716428250074,79.309295654297,272.14999389648
26-SEP-2025,9.5548375851234,52017,0346-279,1.1905378103256,86100,AP-N901-F303,0.047772701829672,0.047772701829672,81.669708251953,272.14999389648
26-SEP-2025,9.5548375851234,52017,0346-279,1.1905378103256,86100,AP-N902-F303,0.051716428250074,0.051716428250074,79.309295654297,272.14999389648
26-SEP-2025,9.5637265711785,52017,0346-279,1.1884886026382,86100,AP-N901-F303,0.047772701829672,0.047772701829672,81.669708251953,272.14999389648
26-SEP-2025,9.5637265711785,52017,0346-279,1.1884886026382,86100,AP-N902-F303,0.051716428250074,0.051716428250074,79.309295654297,272.14999389648
26-SEP-2025,9.7635898552272,52022,0736+017,0.89145177602768,86100,AP-N901-F303,0.046842198818922,0.046842198818922,85.858489990234,271.35000610352
26-SEP-2025,9.7635898552272,52022,0736+017,0.89145177602768,86100,AP-N902-F303,0.050249740481377,0.050249740481377,83.997482299805,271.35000610352
26-SEP-2025,9.7795622569699,52026,0736+017,0.89461022615433,86100,AP-N901-F303,0.046842198818922,0.046842198818922,85.858489990234,271.35000610352
26-SEP-2025,9.7795622569699,52026,0736+017,0.89461022615433,86100,AP-N902-F303,0.050249740481377,0.050249740481377,83.997482299805,271.35000610352
26-SEP-2025,9.7887290233099,52026,0736+017,0.89641845226288,86100,AP-N901-F303,0.046842198818922,0.046842198818922,85.858489990234,271.35000610352
26-SEP-2025,9.7887290233099,52026,0736+017,0.89641845226288,86100,AP-N902-F303,0.050249740481377,0.050249740481377,83.997482299805,271.35000610352
26-SEP-2025,9.7976180098889,52026,0736+017,0.89816892147064,86100,AP-N901-F303,0.046842198818922,0.046842198818922,85.858489990234,271.35000610352
26-SEP-2025,9.7976180098889,52026,0736+017,0.89816892147064,86100,AP-N902-F303,0.050249740481377,0.050249740481377,83.997482299805,271.35000610352
26-SEP-2025,9.8067847764035,52026,0736+017,0.8999707698822,86100,AP-N901-F303,0.046842198818922,0.046842198818922,85.858489990234,271.35000610352
26-SEP-2025,9.8067847764035,52026,0736+017,0.8999707698822,86100,AP-N902-F303,0.050249740481377,0.050249740481377,83.997482299805,271.35000610352
26-SEP-2025,9.8158126511168,52026,0736+017,0.90174210071564,86100,AP-N901-F303,0.046842198818922,0.046842198818922,85.858489990234,271.35000610352
26-SEP-2025,9.8158126511168,52026,0736+017,0.90174210071564,86100,AP-N902-F303,0.050249740481377,0.050249740481377,83.997482299805,271.35000610352
26-SEP-2025,9.8248405268778,52026,0736+017,0.90351015329361,86100,AP-N901-F303,0.046842198818922,0.046842198818922,85.858489990234,271.35000610352
26-SEP-2025,9.8248405268778,52026,0736+017,0.90351015329361,86100,AP-N902-F303,0.050249740481377,0.050249740481377,83.997482299805,271.35000610352
26-SEP-2025,9.9868667564005E-03,51724,BLLAC,0.30801221728325,86100,AP-N901-F303,0.043500140309334,0.043500140309334,115.6138458252,272.04998779297
26-SEP-2025,9.9868667564005E-03,51724,BLLAC,0.30801221728325,86100,AP-N902-F303,0.044008616358042,0.044008616358042,114.87102508545,272.04998779297
