05-APR-2025,22.715282681388,7155,3C273,0.14480900764465,215103,AP-N201-F101,0.10405788570642,0.10405788570642,438.47085571289,272.45001220703
05-APR-2025,22.715282681388,7155,3C273,0.14480900764465,215103,AP-N202-F101,0.10196574032307,0.10196574032307,427.03363037109,272.45001220703
05-APR-2025,22.715282681388,7155,3C273,0.14480900764465,227103,AP-N203-F102,0.10967494547367,0.10967494547367,475.10995483398,272.45001220703
05-APR-2025,22.715282681388,7155,3C273,0.14480900764465,227103,AP-N204-F102,0.10743730515242,0.10743730515242,456.53680419922,272.45001220703
05-APR-2025,22.745421569451,7159,3C273,0.15205515921116,215103,AP-N201-F101,0.10405788570642,0.10405788570642,438.47085571289,272.45001220703
05-APR-2025,22.745421569451,7159,3C273,0.15205515921116,215103,AP-N202-F101,0.10196574032307,0.10196574032307,427.03363037109,272.45001220703
05-APR-2025,22.745421569451,7159,3C273,0.15205515921116,227103,AP-N203-F102,0.10967494547367,0.10967494547367,475.10995483398,272.45001220703
05-APR-2025,22.745421569451,7159,3C273,0.15205515921116,227103,AP-N204-F102,0.10743730515242,0.10743730515242,456.53680419922,272.45001220703
05-APR-2025,22.754310457892,7159,3C273,0.15419182181358,215103,AP-N201-F101,0.10405788570642,0.10405788570642,438.47085571289,272.45001220703
05-APR-2025,22.754310457892,7159,3C273,0.15419182181358,215103,AP-N202-F101,0.10196574032307,0.10196574032307,427.03363037109,272.45001220703
05-APR-2025,22.754310457892,7159,3C273,0.15419182181358,227103,AP-N203-F102,0.10967494547367,0.10967494547367,475.10995483398,272.45001220703
05-APR-2025,22.754310457892,7159,3C273,0.15419182181358,227103,AP-N204-F102,0.10743730515242,0.10743730515242,456.53680419922,272.45001220703
05-APR-2025,22.763199347031,7159,3C273,0.15632821619511,215103,AP-N201-F101,0.10405788570642,0.10405788570642,438.47085571289,272.45001220703
05-APR-2025,22.763199347031,7159,3C273,0.15632821619511,215103,AP-N202-F101,0.10196574032307,0.10196574032307,427.03363037109,272.45001220703
05-APR-2025,22.763199347031,7159,3C273,0.15632821619511,227103,AP-N203-F102,0.10967494547367,0.10967494547367,475.10995483398,272.45001220703
05-APR-2025,22.763199347031,7159,3C273,0.15632821619511,227103,AP-N204-F102,0.10743730515242,0.10743730515242,456.53680419922,272.45001220703
05-APR-2025,22.944962375494,7164,3C279,0.14498248696327,215103,AP-N201-F101,0,0,0,0
05-APR-2025,22.944962375494,7164,3C279,0.14498248696327,215103,AP-N202-F101,0,0,0,0
05-APR-2025,22.944962375494,7164,3C279,0.14498248696327,227103,AP-N203-F102,0,0,0,0
05-APR-2025,22.944962375494,7164,3C279,0.14498248696327,227103,AP-N204-F102,0,0,0,0
05-APR-2025,22.961212375215,7168,3C279,0.14890415966511,215103,AP-N201-F101,0,0,0,0
05-APR-2025,22.961212375215,7168,3C279,0.14890415966511,215103,AP-N202-F101,0,0,0,0
05-APR-2025,22.961212375215,7168,3C279,0.14890415966511,227103,AP-N203-F102,0,0,0,0
05-APR-2025,22.961212375215,7168,3C279,0.14890415966511,227103,AP-N204-F102,0,0,0,0
05-APR-2025,22.970101263831,7168,3C279,0.1510494351387,215103,AP-N201-F101,0,0,0,0
05-APR-2025,22.970101263831,7168,3C279,0.1510494351387,215103,AP-N202-F101,0,0,0,0
05-APR-2025,22.970101263831,7168,3C279,0.1510494351387,227103,AP-N203-F102,0,0,0,0
05-APR-2025,22.970101263831,7168,3C279,0.1510494351387,227103,AP-N204-F102,0,0,0,0
05-APR-2025,22.979267929763,7168,3C279,0.15326184034348,215103,AP-N201-F101,0,0,0,0
05-APR-2025,22.979267929763,7168,3C279,0.15326184034348,215103,AP-N202-F101,0,0,0,0
05-APR-2025,22.979267929763,7168,3C279,0.15326184034348,227103,AP-N203-F102,0,0,0,0
05-APR-2025,22.979267929763,7168,3C279,0.15326184034348,227103,AP-N204-F102,0,0,0,0
05-APR-2025,23.03690681597,7173,M87,0.13909395039082,215103,AP-N201-F101,0.11829330772161,0.11829330772161,534.74188232422,271.54998779297
05-APR-2025,23.03690681597,7173,M87,0.13909395039082,215103,AP-N202-F101,0.11624048650265,0.11624048650265,521.52795410156,271.54998779297
05-APR-2025,23.03690681597,7173,M87,0.13909395039082,227103,AP-N203-F102,0.12504544854164,0.12504544854164,583.77349853516,271.54998779297
05-APR-2025,23.03690681597,7173,M87,0.13909395039082,227103,AP-N204-F102,0.12286189943552,0.12286189943552,562.85107421875,271.54998779297
05-APR-2025,23.060934596788,7177,M87,0.14464426040649,215103,AP-N201-F101,0.11829330772161,0.11829330772161,534.74188232422,271.54998779297
05-APR-2025,23.060934596788,7177,M87,0.14464426040649,215103,AP-N202-F101,0.11624048650265,0.11624048650265,521.52795410156,271.54998779297
05-APR-2025,23.060934596788,7177,M87,0.14464426040649,227103,AP-N203-F102,0.12504544854164,0.12504544854164,583.77349853516,271.54998779297
05-APR-2025,23.060934596788,7177,M87,0.14464426040649,227103,AP-N204-F102,0.12286189943552,0.12286189943552,562.85107421875,271.54998779297
05-APR-2025,23.069823485403,7177,M87,0.1466963738203,215103,AP-N201-F101,0.11829330772161,0.11829330772161,534.74188232422,271.54998779297
05-APR-2025,23.069823485403,7177,M87,0.1466963738203,215103,AP-N202-F101,0.11624048650265,0.11624048650265,521.52795410156,271.54998779297
05-APR-2025,23.069823485403,7177,M87,0.1466963738203,227103,AP-N203-F102,0.12504544854164,0.12504544854164,583.77349853516,271.54998779297
05-APR-2025,23.069823485403,7177,M87,0.1466963738203,227103,AP-N204-F102,0.12286189943552,0.12286189943552,562.85107421875,271.54998779297
05-APR-2025,23.078712374717,7177,M87,0.1487478017807,215103,AP-N201-F101,0.11829330772161,0.11829330772161,534.74188232422,271.54998779297
05-APR-2025,23.078712374717,7177,M87,0.1487478017807,215103,AP-N202-F101,0.11624048650265,0.11624048650265,521.52795410156,271.54998779297
05-APR-2025,23.078712374717,7177,M87,0.1487478017807,227103,AP-N203-F102,0.12504544854164,0.12504544854164,583.77349853516,271.54998779297
05-APR-2025,23.078712374717,7177,M87,0.1487478017807,227103,AP-N204-F102,0.12286189943552,0.12286189943552,562.85107421875,271.54998779297
05-APR-2025,23.087601263333,7177,M87,0.15079866349697,215103,AP-N201-F101,0.11829330772161,0.11829330772161,534.74188232422,271.54998779297
05-APR-2025,23.087601263333,7177,M87,0.15079866349697,215103,AP-N202-F101,0.11624048650265,0.11624048650265,521.52795410156,271.54998779297
05-APR-2025,23.087601263333,7177,M87,0.15079866349697,227103,AP-N203-F102,0.12504544854164,0.12504544854164,583.77349853516,271.54998779297
05-APR-2025,23.087601263333,7177,M87,0.15079866349697,227103,AP-N204-F102,0.12286189943552,0.12286189943552,562.85107421875,271.54998779297
05-APR-2025,23.244684593273,7182,OJ287,0.75558763742447,215103,AP-N201-F101,0.15256449580193,0.15256449580193,164.3419342041,271.25
05-APR-2025,23.244684593273,7182,OJ287,0.75558763742447,215103,AP-N202-F101,0.13991007208824,0.13991007208824,155.52549743652,271.25
05-APR-2025,23.244684593273,7182,OJ287,0.75558763742447,227103,AP-N203-F102,0.15215489268303,0.15215489268303,169.87919616699,271.25
05-APR-2025,23.244684593273,7182,OJ287,0.75558763742447,227103,AP-N204-F102,0.14398740231991,0.14398740231991,160.83312988281,271.25
05-APR-2025,23.261212370136,7186,OJ287,0.7572266459465,215103,AP-N201-F101,0.15256449580193,0.15256449580193,164.3419342041,271.25
05-APR-2025,23.261212370136,7186,OJ287,0.7572266459465,215103,AP-N202-F101,0.13991007208824,0.13991007208824,155.52549743652,271.25
05-APR-2025,23.261212370136,7186,OJ287,0.7572266459465,227103,AP-N203-F102,0.15215489268303,0.15215489268303,169.87919616699,271.25
05-APR-2025,23.261212370136,7186,OJ287,0.7572266459465,227103,AP-N204-F102,0.14398740231991,0.14398740231991,160.83312988281,271.25
05-APR-2025,23.270379038163,7186,OJ287,0.75812786817551,215103,AP-N201-F101,0.15256449580193,0.15256449580193,164.3419342041,271.25
05-APR-2025,23.270379038163,7186,OJ287,0.75812786817551,215103,AP-N202-F101,0.13991007208824,0.13991007208824,155.52549743652,271.25
05-APR-2025,23.270379038163,7186,OJ287,0.75812786817551,227103,AP-N203-F102,0.15215489268303,0.15215489268303,169.87919616699,271.25
05-APR-2025,23.270379038163,7186,OJ287,0.75812786817551,227103,AP-N204-F102,0.14398740231991,0.14398740231991,160.83312988281,271.25
05-APR-2025,23.279267927128,7186,OJ287,0.75899624824524,215103,AP-N201-F101,0.15256449580193,0.15256449580193,164.3419342041,271.25
05-APR-2025,23.279267927128,7186,OJ287,0.75899624824524,215103,AP-N202-F101,0.13991007208824,0.13991007208824,155.52549743652,271.25
05-APR-2025,23.279267927128,7186,OJ287,0.75899624824524,227103,AP-N203-F102,0.15215489268303,0.15215489268303,169.87919616699,271.25
05-APR-2025,23.279267927128,7186,OJ287,0.75899624824524,227103,AP-N204-F102,0.14398740231991,0.14398740231991,160.83312988281,271.25
05-APR-2025,23.494314203888,7194,3C279,0.2776717543602,215103,AP-N201-F101,0.11487299948931,0.11487299948931,256.52163696289,270.64999389648
05-APR-2025,23.494314203888,7194,3C279,0.2776717543602,215103,AP-N202-F101,0.110536262393,0.110536262393,246.95809936523,270.64999389648
05-APR-2025,23.494314203888,7194,3C279,0.2776717543602,227103,AP-N203-F102,0.11955484002829,0.11955484002829,272.28341674805,270.64999389648
05-APR-2025,23.494314203888,7194,3C279,0.2776717543602,227103,AP-N204-F102,0.11525470018387,0.11525470018387,258.72232055664,270.64999389648
05-APR-2025,23.511119756845,7198,3C279,0.28173276782036,215103,AP-N201-F101,0.11487299948931,0.11487299948931,256.52163696289,270.64999389648
05-APR-2025,23.511119756845,7198,3C279,0.28173276782036,215103,AP-N202-F101,0.110536262393,0.110536262393,246.95809936523,270.64999389648
05-APR-2025,23.511119756845,7198,3C279,0.28173276782036,227103,AP-N203-F102,0.11955484002829,0.11955484002829,272.28341674805,270.64999389648
05-APR-2025,23.511119756845,7198,3C279,0.28173276782036,227103,AP-N204-F102,0.11525470018387,0.11525470018387,258.72232055664,270.64999389648
05-APR-2025,23.520008645286,7198,3C279,0.28388059139252,215103,AP-N201-F101,0.11487299948931,0.11487299948931,256.52163696289,270.64999389648
05-APR-2025,23.520008645286,7198,3C279,0.28388059139252,215103,AP-N202-F101,0.110536262393,0.110536262393,246.95809936523,270.64999389648
05-APR-2025,23.520008645286,7198,3C279,0.28388059139252,227103,AP-N203-F102,0.11955484002829,0.11955484002829,272.28341674805,270.64999389648
05-APR-2025,23.520008645286,7198,3C279,0.28388059139252,227103,AP-N204-F102,0.11525470018387,0.11525470018387,258.72232055664,270.64999389648
05-APR-2025,23.528897534076,7198,3C279,0.28602838516235,215103,AP-N201-F101,0.11487299948931,0.11487299948931,256.52163696289,270.64999389648
05-APR-2025,23.528897534076,7198,3C279,0.28602838516235,215103,AP-N202-F101,0.110536262393,0.110536262393,246.95809936523,270.64999389648
05-APR-2025,23.528897534076,7198,3C279,0.28602838516235,227103,AP-N203-F102,0.11955484002829,0.11955484002829,272.28341674805,270.64999389648
05-APR-2025,23.528897534076,7198,3C279,0.28602838516235,227103,AP-N204-F102,0.11525470018387,0.11525470018387,258.72232055664,270.64999389648
05-APR-2025,23.587369756948,7203,M87,0.26496705412865,215103,AP-N201-F101,0.11600021272898,0.11600021272898,268.59866333008,270.45001220703
05-APR-2025,23.587369756948,7203,M87,0.26496705412865,215103,AP-N202-F101,0.11202073842287,0.11202073842287,259.00140380859,270.45001220703
05-APR-2025,23.587369756948,7203,M87,0.26496705412865,227103,AP-N203-F102,0.12109223753214,0.12109223753214,285.68923950195,270.45001220703
05-APR-2025,23.587369756948,7203,M87,0.26496705412865,227103,AP-N204-F102,0.11708571761847,0.11708571761847,272.15234375,270.45001220703
05-APR-2025,23.611675314558,7207,M87,0.27045658230782,215103,AP-N201-F101,0.11600021272898,0.11600021272898,268.59866333008,270.45001220703
05-APR-2025,23.611675314558,7207,M87,0.27045658230782,215103,AP-N202-F101,0.11202073842287,0.11202073842287,259.00140380859,270.45001220703
05-APR-2025,23.611675314558,7207,M87,0.27045658230782,227103,AP-N203-F102,0.12109223753214,0.12109223753214,285.68923950195,270.45001220703
05-APR-2025,23.611675314558,7207,M87,0.27045658230782,227103,AP-N204-F102,0.11708571761847,0.11708571761847,272.15234375,270.45001220703
05-APR-2025,23.620564203522,7207,M87,0.27246257662773,215103,AP-N201-F101,0.11600021272898,0.11600021272898,268.59866333008,270.45001220703
05-APR-2025,23.620564203522,7207,M87,0.27246257662773,215103,AP-N202-F101,0.11202073842287,0.11202073842287,259.00140380859,270.45001220703
05-APR-2025,23.620564203522,7207,M87,0.27246257662773,227103,AP-N203-F102,0.12109223753214,0.12109223753214,285.68923950195,270.45001220703
05-APR-2025,23.620564203522,7207,M87,0.27246257662773,227103,AP-N204-F102,0.11708571761847,0.11708571761847,272.15234375,270.45001220703
05-APR-2025,23.629453092312,7207,M87,0.2744677066803,215103,AP-N201-F101,0.11600021272898,0.11600021272898,268.59866333008,270.45001220703
05-APR-2025,23.629453092312,7207,M87,0.2744677066803,215103,AP-N202-F101,0.11202073842287,0.11202073842287,259.00140380859,270.45001220703
05-APR-2025,23.629453092312,7207,M87,0.2744677066803,227103,AP-N203-F102,0.12109223753214,0.12109223753214,285.68923950195,270.45001220703
05-APR-2025,23.629453092312,7207,M87,0.2744677066803,227103,AP-N204-F102,0.11708571761847,0.11708571761847,272.15234375,270.45001220703
05-APR-2025,23.638897535386,7207,M87,0.27659720182419,215103,AP-N201-F101,0.11600021272898,0.11600021272898,268.59866333008,270.45001220703
05-APR-2025,23.638897535386,7207,M87,0.27659720182419,215103,AP-N202-F101,0.11202073842287,0.11202073842287,259.00140380859,270.45001220703
05-APR-2025,23.638897535386,7207,M87,0.27659720182419,227103,AP-N203-F102,0.12109223753214,0.12109223753214,285.68923950195,270.45001220703
05-APR-2025,23.638897535386,7207,M87,0.27659720182419,227103,AP-N204-F102,0.11708571761847,0.11708571761847,272.15234375,270.45001220703
05-APR-2025,23.704314201118,7212,3C273,0.38087180256844,215103,AP-N201-F101,0.12651219964027,0.12651219964027,217.2543182373,270.35000610352
05-APR-2025,23.704314201118,7212,3C273,0.38087180256844,215103,AP-N202-F101,0.12026833742857,0.12026833742857,208.29319763184,270.35000610352
05-APR-2025,23.704314201118,7212,3C273,0.38087180256844,227103,AP-N203-F102,0.13063655793667,0.13063655793667,229.12925720215,270.35000610352
05-APR-2025,23.704314201118,7212,3C273,0.38087180256844,227103,AP-N204-F102,0.12501668930054,0.12501668930054,217.02163696289,270.35000610352
05-APR-2025,23.728064200603,7216,3C273,0.38648197054863,215103,AP-N201-F101,0.12651219964027,0.12651219964027,217.2543182373,270.35000610352
05-APR-2025,23.728064200603,7216,3C273,0.38648197054863,215103,AP-N202-F101,0.12026833742857,0.12026833742857,208.29319763184,270.35000610352
05-APR-2025,23.728064200603,7216,3C273,0.38648197054863,227103,AP-N203-F102,0.13063655793667,0.13063655793667,229.12925720215,270.35000610352
05-APR-2025,23.728064200603,7216,3C273,0.38648197054863,227103,AP-N204-F102,0.12501668930054,0.12501668930054,217.02163696289,270.35000610352
05-APR-2025,23.73723086671,7216,3C273,0.38864651322365,215103,AP-N201-F101,0.12651219964027,0.12651219964027,217.2543182373,270.35000610352
05-APR-2025,23.73723086671,7216,3C273,0.38864651322365,215103,AP-N202-F101,0.12026833742857,0.12026833742857,208.29319763184,270.35000610352
05-APR-2025,23.73723086671,7216,3C273,0.38864651322365,227103,AP-N203-F102,0.13063655793667,0.13063655793667,229.12925720215,270.35000610352
05-APR-2025,23.73723086671,7216,3C273,0.38864651322365,227103,AP-N204-F102,0.12501668930054,0.12501668930054,217.02163696289,270.35000610352
05-APR-2025,23.746119755325,7216,3C273,0.39074483513832,215103,AP-N201-F101,0.12651219964027,0.12651219964027,217.2543182373,270.35000610352
05-APR-2025,23.746119755325,7216,3C273,0.39074483513832,215103,AP-N202-F101,0.12026833742857,0.12026833742857,208.29319763184,270.35000610352
05-APR-2025,23.746119755325,7216,3C273,0.39074483513832,227103,AP-N203-F102,0.13063655793667,0.13063655793667,229.12925720215,270.35000610352
05-APR-2025,23.746119755325,7216,3C273,0.39074483513832,227103,AP-N204-F102,0.12501668930054,0.12501668930054,217.02163696289,270.35000610352
05-APR-2025,23.844869755418,7221,OJ287,0.80231416225433,215103,AP-N201-F101,0.13898158073425,0.13898158073425,151.64518737793,269.85000610352
05-APR-2025,23.844869755418,7221,OJ287,0.80231416225433,215103,AP-N202-F101,0.125662997365,0.125662997365,143.05763244629,269.85000610352
05-APR-2025,23.844869755418,7221,OJ287,0.80231416225433,227103,AP-N203-F102,0.13704481720924,0.13704481720924,156.20986938477,269.85000610352
05-APR-2025,23.844869755418,7221,OJ287,0.80231416225433,227103,AP-N204-F102,0.12830847501755,0.12830847501755,147.59819030762,269.85000610352
05-APR-2025,23.861675309946,7225,OJ287,0.80322003364563,215103,AP-N201-F101,0.13898158073425,0.13898158073425,151.64518737793,269.85000610352
05-APR-2025,23.861675309946,7225,OJ287,0.80322003364563,215103,AP-N202-F101,0.125662997365,0.125662997365,143.05763244629,269.85000610352
05-APR-2025,23.861675309946,7225,OJ287,0.80322003364563,227103,AP-N203-F102,0.13704481720924,0.13704481720924,156.20986938477,269.85000610352
05-APR-2025,23.861675309946,7225,OJ287,0.80322003364563,227103,AP-N204-F102,0.12830847501755,0.12830847501755,147.59819030762,269.85000610352
05-APR-2025,23.870564198911,7225,OJ287,0.80369007587433,215103,AP-N201-F101,0.13898158073425,0.13898158073425,151.64518737793,269.85000610352
05-APR-2025,23.870564198911,7225,OJ287,0.80369007587433,215103,AP-N202-F101,0.125662997365,0.125662997365,143.05763244629,269.85000610352
05-APR-2025,23.870564198911,7225,OJ287,0.80369007587433,227103,AP-N203-F102,0.13704481720924,0.13704481720924,156.20986938477,269.85000610352
05-APR-2025,23.870564198911,7225,OJ287,0.80369007587433,227103,AP-N204-F102,0.12830847501755,0.12830847501755,147.59819030762,269.85000610352
05-APR-2025,23.879453087876,7225,OJ287,0.8041535615921,215103,AP-N201-F101,0.13898158073425,0.13898158073425,151.64518737793,269.85000610352
05-APR-2025,23.879453087876,7225,OJ287,0.8041535615921,215103,AP-N202-F101,0.125662997365,0.125662997365,143.05763244629,269.85000610352
05-APR-2025,23.879453087876,7225,OJ287,0.8041535615921,227103,AP-N203-F102,0.13704481720924,0.13704481720924,156.20986938477,269.85000610352
05-APR-2025,23.879453087876,7225,OJ287,0.8041535615921,227103,AP-N204-F102,0.12830847501755,0.12830847501755,147.59819030762,269.85000610352
06-APR-2025,0.060981082755123,7230,3C279,0.41450014710426,215103,AP-N201-F101,0.1223114952445,0.1223114952445,199.50979614258,269.54998779297
06-APR-2025,0.060981082755123,7230,3C279,0.41450014710426,215103,AP-N202-F101,0.11577958613634,0.11577958613634,190.61911010742,269.54998779297
06-APR-2025,0.060981082755123,7230,3C279,0.41450014710426,227103,AP-N203-F102,0.12571656703949,0.12571656703949,209.63302612305,269.54998779297
06-APR-2025,0.060981082755123,7230,3C279,0.41450014710426,227103,AP-N204-F102,0.11954599618912,0.11954599618912,197.99006652832,269.54998779297
06-APR-2025,0.078619970978706,7234,3C279,0.41875311732292,215103,AP-N201-F101,0.1223114952445,0.1223114952445,199.50979614258,269.54998779297
06-APR-2025,0.078619970978706,7234,3C279,0.41875311732292,215103,AP-N202-F101,0.11577958613634,0.11577958613634,190.61911010742,269.54998779297
06-APR-2025,0.078619970978706,7234,3C279,0.41875311732292,227103,AP-N203-F102,0.12571656703949,0.12571656703949,209.63302612305,269.54998779297
06-APR-2025,0.078619970978706,7234,3C279,0.41875311732292,227103,AP-N204-F102,0.11954599618912,0.11954599618912,197.99006652832,269.54998779297
06-APR-2025,0.087508860118065,7234,3C279,0.42089620232582,215103,AP-N201-F101,0.1223114952445,0.1223114952445,199.50979614258,269.54998779297
06-APR-2025,0.087508860118065,7234,3C279,0.42089620232582,215103,AP-N202-F101,0.11577958613634,0.11577958613634,190.61911010742,269.54998779297
06-APR-2025,0.087508860118065,7234,3C279,0.42089620232582,227103,AP-N203-F102,0.12571656703949,0.12571656703949,209.63302612305,269.54998779297
06-APR-2025,0.087508860118065,7234,3C279,0.42089620232582,227103,AP-N204-F102,0.11954599618912,0.11954599618912,197.99006652832,269.54998779297
06-APR-2025,0.096397748908179,7234,3C279,0.42303916811943,215103,AP-N201-F101,0.1223114952445,0.1223114952445,199.50979614258,269.54998779297
06-APR-2025,0.096397748908179,7234,3C279,0.42303916811943,215103,AP-N202-F101,0.11577958613634,0.11577958613634,190.61911010742,269.54998779297
06-APR-2025,0.096397748908179,7234,3C279,0.42303916811943,227103,AP-N203-F102,0.12571656703949,0.12571656703949,209.63302612305,269.54998779297
06-APR-2025,0.096397748908179,7234,3C279,0.42303916811943,227103,AP-N204-F102,0.11954599618912,0.11954599618912,197.99006652832,269.54998779297
06-APR-2025,0.15431441557519,7239,M87,0.39115846157074,215103,AP-N201-F101,0.12185994535685,0.12185994535685,206.95941162109,269.45001220703
06-APR-2025,0.15431441557519,7239,M87,0.39115846157074,215103,AP-N202-F101,0.11572557687759,0.11572557687759,198.29893493652,269.45001220703
06-APR-2025,0.15431441557519,7239,M87,0.39115846157074,227103,AP-N203-F102,0.12576434016228,0.12576434016228,218.13426208496,269.45001220703
06-APR-2025,0.15431441557519,7239,M87,0.39115846157074,227103,AP-N204-F102,0.11996202915907,0.11996202915907,206.18803405762,269.45001220703
06-APR-2025,0.17834219307505,7243,M87,0.39641138911247,215103,AP-N201-F101,0.12185994535685,0.12185994535685,206.95941162109,269.45001220703
06-APR-2025,0.17834219307505,7243,M87,0.39641138911247,215103,AP-N202-F101,0.11572557687759,0.11572557687759,198.29893493652,269.45001220703
06-APR-2025,0.17834219307505,7243,M87,0.39641138911247,227103,AP-N203-F102,0.12576434016228,0.12576434016228,218.13426208496,269.45001220703
06-APR-2025,0.17834219307505,7243,M87,0.39641138911247,227103,AP-N204-F102,0.11996202915907,0.11996202915907,206.18803405762,269.45001220703
06-APR-2025,0.18750885883222,7243,M87,0.398413002491,215103,AP-N201-F101,0.12185994535685,0.12185994535685,206.95941162109,269.45001220703
06-APR-2025,0.18750885883222,7243,M87,0.398413002491,215103,AP-N202-F101,0.11572557687759,0.11572557687759,198.29893493652,269.45001220703
06-APR-2025,0.18750885883222,7243,M87,0.398413002491,227103,AP-N203-F102,0.12576434016228,0.12576434016228,218.13426208496,269.45001220703
06-APR-2025,0.18750885883222,7243,M87,0.398413002491,227103,AP-N204-F102,0.11996202915907,0.11996202915907,206.18803405762,269.45001220703
06-APR-2025,0.19639774762234,7243,M87,0.40035283565521,215103,AP-N201-F101,0.12185994535685,0.12185994535685,206.95941162109,269.45001220703
06-APR-2025,0.19639774762234,7243,M87,0.40035283565521,215103,AP-N202-F101,0.11572557687759,0.11572557687759,198.29893493652,269.45001220703
06-APR-2025,0.19639774762234,7243,M87,0.40035283565521,227103,AP-N203-F102,0.12576434016228,0.12576434016228,218.13426208496,269.45001220703
06-APR-2025,0.19639774762234,7243,M87,0.40035283565521,227103,AP-N204-F102,0.11996202915907,0.11996202915907,206.18803405762,269.45001220703
06-APR-2025,0.20556441599885,7243,M87,0.40235197544098,215103,AP-N201-F101,0.12185994535685,0.12185994535685,206.95941162109,269.45001220703
06-APR-2025,0.20556441599885,7243,M87,0.40235197544098,215103,AP-N202-F101,0.11572557687759,0.11572557687759,198.29893493652,269.45001220703
06-APR-2025,0.20556441599885,7243,M87,0.40235197544098,227103,AP-N203-F102,0.12576434016228,0.12576434016228,218.13426208496,269.45001220703
06-APR-2025,0.20556441599885,7243,M87,0.40235197544098,227103,AP-N204-F102,0.11996202915907,0.11996202915907,206.18803405762,269.45001220703
06-APR-2025,0.26403663834621,7246,M87,0.41507333517075,215103,AP-N201-F101,0.12055079638958,0.12055079638958,197.28768920898,269.45001220703
06-APR-2025,0.26403663834621,7246,M87,0.41507333517075,215103,AP-N202-F101,0.11380172520876,0.11380172520876,188.96061706543,269.45001220703
06-APR-2025,0.26403663834621,7246,M87,0.41507333517075,227103,AP-N203-F102,0.12379827350378,0.12379827350378,207.2947845459,269.45001220703
06-APR-2025,0.26403663834621,7246,M87,0.41507333517075,227103,AP-N204-F102,0.11773721128702,0.11773721128702,195.98904418945,269.45001220703
06-APR-2025,0.29528663567429,7250,M87,0.42185038328171,215103,AP-N201-F101,0.12055079638958,0.12055079638958,197.28768920898,269.45001220703
06-APR-2025,0.29528663567429,7250,M87,0.42185038328171,215103,AP-N202-F101,0.11380172520876,0.11380172520876,188.96061706543,269.45001220703
06-APR-2025,0.29528663567429,7250,M87,0.42185038328171,227103,AP-N203-F102,0.12379827350378,0.12379827350378,207.2947845459,269.45001220703
06-APR-2025,0.29528663567429,7250,M87,0.42185038328171,227103,AP-N204-F102,0.11773721128702,0.11773721128702,195.98904418945,269.45001220703
06-APR-2025,0.30417552463902,7250,M87,0.42377513647079,215103,AP-N201-F101,0.12055079638958,0.12055079638958,197.28768920898,269.45001220703
06-APR-2025,0.30417552463902,7250,M87,0.42377513647079,215103,AP-N202-F101,0.11380172520876,0.11380172520876,188.96061706543,269.45001220703
06-APR-2025,0.30417552463902,7250,M87,0.42377513647079,227103,AP-N203-F102,0.12379827350378,0.12379827350378,207.2947845459,269.45001220703
06-APR-2025,0.30417552463902,7250,M87,0.42377513647079,227103,AP-N204-F102,0.11773721128702,0.11773721128702,195.98904418945,269.45001220703
06-APR-2025,0.31334219301554,7250,M87,0.42575871944427,215103,AP-N201-F101,0.12055079638958,0.12055079638958,197.28768920898,269.45001220703
06-APR-2025,0.31334219301554,7250,M87,0.42575871944427,215103,AP-N202-F101,0.11380172520876,0.11380172520876,188.96061706543,269.45001220703
06-APR-2025,0.31334219301554,7250,M87,0.42575871944427,227103,AP-N203-F102,0.12379827350378,0.12379827350378,207.2947845459,269.45001220703
06-APR-2025,0.31334219301554,7250,M87,0.42575871944427,227103,AP-N204-F102,0.11773721128702,0.11773721128702,195.98904418945,269.45001220703
06-APR-2025,0.32223108180565,7250,M87,0.42768090963364,215103,AP-N201-F101,0.12055079638958,0.12055079638958,197.28768920898,269.45001220703
06-APR-2025,0.32223108180565,7250,M87,0.42768090963364,215103,AP-N202-F101,0.11380172520876,0.11380172520876,188.96061706543,269.45001220703
06-APR-2025,0.32223108180565,7250,M87,0.42768090963364,227103,AP-N203-F102,0.12379827350378,0.12379827350378,207.2947845459,269.45001220703
06-APR-2025,0.32223108180565,7250,M87,0.42768090963364,227103,AP-N204-F102,0.11773721128702,0.11773721128702,195.98904418945,269.45001220703
06-APR-2025,0.4616733552283,7258,3C273,0.55765378475189,215103,AP-N201-F101,0.12444097548723,0.12444097548723,169.28588867188,269.04998779297
06-APR-2025,0.4616733552283,7258,3C273,0.55765378475189,215103,AP-N202-F101,0.11530367285013,0.11530367285013,160.9398651123,269.04998779297
06-APR-2025,0.4616733552283,7258,3C273,0.55765378475189,227103,AP-N203-F102,0.12585596740246,0.12585596740246,176.19357299805,269.04998779297
06-APR-2025,0.4616733552283,7258,3C273,0.55765378475189,227103,AP-N204-F102,0.11846056580544,0.11846056580544,166.31864929199,269.04998779297
06-APR-2025,0.47820113418666,7262,3C273,0.56145244836807,215103,AP-N201-F101,0.12444097548723,0.12444097548723,169.28588867188,269.04998779297
06-APR-2025,0.47820113418666,7262,3C273,0.56145244836807,215103,AP-N202-F101,0.11530367285013,0.11530367285013,160.9398651123,269.04998779297
06-APR-2025,0.47820113418666,7262,3C273,0.56145244836807,227103,AP-N203-F102,0.12585596740246,0.12585596740246,176.19357299805,269.04998779297
06-APR-2025,0.47820113418666,7262,3C273,0.56145244836807,227103,AP-N204-F102,0.11846056580544,0.11846056580544,166.31864929199,269.04998779297
06-APR-2025,0.48764557970486,7262,3C273,0.56362181901932,215103,AP-N201-F101,0.12444097548723,0.12444097548723,169.28588867188,269.04998779297
06-APR-2025,0.48764557970486,7262,3C273,0.56362181901932,215103,AP-N202-F101,0.11530367285013,0.11530367285013,160.9398651123,269.04998779297
06-APR-2025,0.48764557970486,7262,3C273,0.56362181901932,227103,AP-N203-F102,0.12585596740246,0.12585596740246,176.19357299805,269.04998779297
06-APR-2025,0.48764557970486,7262,3C273,0.56362181901932,227103,AP-N204-F102,0.11846056580544,0.11846056580544,166.31864929199,269.04998779297
06-APR-2025,0.49681224546204,7262,3C273,0.56572639942169,215103,AP-N201-F101,0.12444097548723,0.12444097548723,169.28588867188,269.04998779297
06-APR-2025,0.49681224546204,7262,3C273,0.56572639942169,215103,AP-N202-F101,0.11530367285013,0.11530367285013,160.9398651123,269.04998779297
06-APR-2025,0.49681224546204,7262,3C273,0.56572639942169,227103,AP-N203-F102,0.12585596740246,0.12585596740246,176.19357299805,269.04998779297
06-APR-2025,0.49681224546204,7262,3C273,0.56572639942169,227103,AP-N204-F102,0.11846056580544,0.11846056580544,166.31864929199,269.04998779297
06-APR-2025,0.554451133765,7267,M87,0.47741714119911,215103,AP-N201-F101,0.11902375519276,0.11902375519276,179.39897155762,269.35000610352
06-APR-2025,0.554451133765,7267,M87,0.47741714119911,215103,AP-N202-F101,0.11126548051834,0.11126548051834,171.12185668945,269.35000610352
06-APR-2025,0.554451133765,7267,M87,0.47741714119911,227103,AP-N203-F102,0.12136068195105,0.12136068195105,187.80299377441,269.35000610352
06-APR-2025,0.554451133765,7267,M87,0.47741714119911,227103,AP-N204-F102,0.11458577215672,0.11458577215672,177.04988098145,269.35000610352
06-APR-2025,0.5776455789667,7271,M87,0.48233130574226,215103,AP-N201-F101,0.11902375519276,0.11902375519276,179.39897155762,269.35000610352
06-APR-2025,0.5776455789667,7271,M87,0.48233130574226,215103,AP-N202-F101,0.11126548051834,0.11126548051834,171.12185668945,269.35000610352
06-APR-2025,0.5776455789667,7271,M87,0.48233130574226,227103,AP-N203-F102,0.12136068195105,0.12136068195105,187.80299377441,269.35000610352
06-APR-2025,0.5776455789667,7271,M87,0.48233130574226,227103,AP-N204-F102,0.11458577215672,0.11458577215672,177.04988098145,269.35000610352
06-APR-2025,0.58653446775681,7271,M87,0.48421183228493,215103,AP-N201-F101,0.11902375519276,0.11902375519276,179.39897155762,269.35000610352
06-APR-2025,0.58653446775681,7271,M87,0.48421183228493,215103,AP-N202-F101,0.11126548051834,0.11126548051834,171.12185668945,269.35000610352
06-APR-2025,0.58653446775681,7271,M87,0.48421183228493,227103,AP-N203-F102,0.12136068195105,0.12136068195105,187.80299377441,269.35000610352
06-APR-2025,0.58653446775681,7271,M87,0.48421183228493,227103,AP-N204-F102,0.11458577215672,0.11458577215672,177.04988098145,269.35000610352
06-APR-2025,0.5954233563723,7271,M87,0.48609089851379,215103,AP-N201-F101,0.11902375519276,0.11902375519276,179.39897155762,269.35000610352
06-APR-2025,0.5954233563723,7271,M87,0.48609089851379,215103,AP-N202-F101,0.11126548051834,0.11126548051834,171.12185668945,269.35000610352
06-APR-2025,0.5954233563723,7271,M87,0.48609089851379,227103,AP-N203-F102,0.12136068195105,0.12136068195105,187.80299377441,269.35000610352
06-APR-2025,0.5954233563723,7271,M87,0.48609089851379,227103,AP-N204-F102,0.11458577215672,0.11458577215672,177.04988098145,269.35000610352
06-APR-2025,0.60431224551166,7271,M87,0.48796844482422,215103,AP-N201-F101,0.11902375519276,0.11902375519276,179.39897155762,269.35000610352
06-APR-2025,0.60431224551166,7271,M87,0.48796844482422,215103,AP-N202-F101,0.11126548051834,0.11126548051834,171.12185668945,269.35000610352
06-APR-2025,0.60431224551166,7271,M87,0.48796844482422,227103,AP-N203-F102,0.12136068195105,0.12136068195105,187.80299377441,269.35000610352
06-APR-2025,0.60431224551166,7271,M87,0.48796844482422,227103,AP-N204-F102,0.11458577215672,0.11458577215672,177.04988098145,269.35000610352
06-APR-2025,0.66445113280459,7274,M87,0.50063049793243,215103,AP-N201-F101,0.1189711689949,0.1189711689949,174.45301818848,268.64999389648
06-APR-2025,0.66445113280459,7274,M87,0.50063049793243,215103,AP-N202-F101,0.11057133227587,0.11057133227587,166.11201477051,268.64999389648
06-APR-2025,0.66445113280459,7274,M87,0.50063049793243,227103,AP-N203-F102,0.12096014618874,0.12096014618874,182.29138183594,268.64999389648
06-APR-2025,0.66445113280459,7274,M87,0.50063049793243,227103,AP-N204-F102,0.11389026045799,0.11389026045799,171.82524108887,268.64999389648
06-APR-2025,0.69459002191518,7278,M87,0.50694906711578,215103,AP-N201-F101,0.1189711689949,0.1189711689949,174.45301818848,268.64999389648
06-APR-2025,0.69459002191518,7278,M87,0.50694906711578,215103,AP-N202-F101,0.11057133227587,0.11057133227587,166.11201477051,268.64999389648
06-APR-2025,0.69459002191518,7278,M87,0.50694906711578,227103,AP-N203-F102,0.12096014618874,0.12096014618874,182.29138183594,268.64999389648
06-APR-2025,0.69459002191518,7278,M87,0.50694906711578,227103,AP-N204-F102,0.11389026045799,0.11389026045799,171.82524108887,268.64999389648
06-APR-2025,0.70347891035605,7278,M87,0.508809030056,215103,AP-N201-F101,0.1189711689949,0.1189711689949,174.45301818848,268.64999389648
06-APR-2025,0.70347891035605,7278,M87,0.508809030056,215103,AP-N202-F101,0.11057133227587,0.11057133227587,166.11201477051,268.64999389648
06-APR-2025,0.70347891035605,7278,M87,0.508809030056,227103,AP-N203-F102,0.12096014618874,0.12096014618874,182.29138183594,268.64999389648
06-APR-2025,0.70347891035605,7278,M87,0.508809030056,227103,AP-N204-F102,0.11389026045799,0.11389026045799,171.82524108887,268.64999389648
06-APR-2025,0.71264557628785,7278,M87,0.51072543859482,215103,AP-N201-F101,0.1189711689949,0.1189711689949,174.45301818848,268.64999389648
06-APR-2025,0.71264557628785,7278,M87,0.51072543859482,215103,AP-N202-F101,0.11057133227587,0.11057133227587,166.11201477051,268.64999389648
06-APR-2025,0.71264557628785,7278,M87,0.51072543859482,227103,AP-N203-F102,0.12096014618874,0.12096014618874,182.29138183594,268.64999389648
06-APR-2025,0.71264557628785,7278,M87,0.51072543859482,227103,AP-N204-F102,0.11389026045799,0.11389026045799,171.82524108887,268.64999389648
06-APR-2025,0.72153446507796,7278,M87,0.51258206367493,215103,AP-N201-F101,0.1189711689949,0.1189711689949,174.45301818848,268.64999389648
06-APR-2025,0.72153446507796,7278,M87,0.51258206367493,215103,AP-N202-F101,0.11057133227587,0.11057133227587,166.11201477051,268.64999389648
06-APR-2025,0.72153446507796,7278,M87,0.51258206367493,227103,AP-N203-F102,0.12096014618874,0.12096014618874,182.29138183594,268.64999389648
06-APR-2025,0.72153446507796,7278,M87,0.51258206367493,227103,AP-N204-F102,0.11389026045799,0.11389026045799,171.82524108887,268.64999389648
06-APR-2025,0.82750668639545,7283,OJ287,0.81487423181534,215103,AP-N201-F101,0.1287013143301,0.1287013143301,144.62648010254,269.14999389648
06-APR-2025,0.82750668639545,7283,OJ287,0.81487423181534,215103,AP-N202-F101,0.11456995457411,0.11456995457411,136.10328674316,269.14999389648
06-APR-2025,0.82750668639545,7283,OJ287,0.81487423181534,227103,AP-N203-F102,0.12547391653061,0.12547391653061,148.51127624512,269.14999389648
06-APR-2025,0.82750668639545,7283,OJ287,0.81487423181534,227103,AP-N204-F102,0.11633511632681,0.11633511632681,140.00721740723,269.14999389648
06-APR-2025,0.84417335471045,7287,OJ287,0.81436628103256,215103,AP-N201-F101,0.1287013143301,0.1287013143301,144.62648010254,269.14999389648
06-APR-2025,0.84417335471045,7287,OJ287,0.81436628103256,215103,AP-N202-F101,0.11456995457411,0.11456995457411,136.10328674316,269.14999389648
06-APR-2025,0.84417335471045,7287,OJ287,0.81436628103256,227103,AP-N203-F102,0.12547391653061,0.12547391653061,148.51127624512,269.14999389648
06-APR-2025,0.84417335471045,7287,OJ287,0.81436628103256,227103,AP-N204-F102,0.11633511632681,0.11633511632681,140.00721740723,269.14999389648
06-APR-2025,3.0211048613983,7372,M87,0.89874601364136,215103,AP-N201-F101,0.1584786772728,0.1584786772728,155.32060241699,269.04998779297
06-APR-2025,3.0211048613983,7372,M87,0.89874601364136,215103,AP-N202-F101,0.14334855973721,0.14334855973721,146.4419708252,269.04998779297
06-APR-2025,3.0211048613983,7372,M87,0.89874601364136,227103,AP-N203-F102,0.15535263717175,0.15535263717175,159.38566589355,269.04998779297
06-APR-2025,3.0211048613983,7372,M87,0.89874601364136,227103,AP-N204-F102,0.14641450345516,0.14641450345516,151.13204956055,269.04998779297
06-APR-2025,3.0445770832179,7376,M87,0.90114879608154,215103,AP-N201-F101,0.1584786772728,0.1584786772728,155.32060241699,269.04998779297
06-APR-2025,3.0445770832179,7376,M87,0.90114879608154,215103,AP-N202-F101,0.14334855973721,0.14334855973721,146.4419708252,269.04998779297
06-APR-2025,3.0445770832179,7376,M87,0.90114879608154,227103,AP-N203-F102,0.15535263717175,0.15535263717175,159.38566589355,269.04998779297
06-APR-2025,3.0445770832179,7376,M87,0.90114879608154,227103,AP-N204-F102,0.14641450345516,0.14641450345516,151.13204956055,269.04998779297
06-APR-2025,3.0536048603169,7376,M87,0.9020608663559,215103,AP-N201-F101,0.1584786772728,0.1584786772728,155.32060241699,269.04998779297
06-APR-2025,3.0536048603169,7376,M87,0.9020608663559,215103,AP-N202-F101,0.14334855973721,0.14334855973721,146.4419708252,269.04998779297
06-APR-2025,3.0536048603169,7376,M87,0.9020608663559,227103,AP-N203-F102,0.15535263717175,0.15535263717175,159.38566589355,269.04998779297
06-APR-2025,3.0536048603169,7376,M87,0.9020608663559,227103,AP-N204-F102,0.14641450345516,0.14641450345516,151.13204956055,269.04998779297
06-APR-2025,3.0626326400352,7376,M87,0.90296620130539,215103,AP-N201-F101,0.1584786772728,0.1584786772728,155.32060241699,269.04998779297
06-APR-2025,3.0626326400352,7376,M87,0.90296620130539,215103,AP-N202-F101,0.14334855973721,0.14334855973721,146.4419708252,269.04998779297
06-APR-2025,3.0626326400352,7376,M87,0.90296620130539,227103,AP-N203-F102,0.15535263717175,0.15535263717175,159.38566589355,269.04998779297
06-APR-2025,3.0626326400352,7376,M87,0.90296620130539,227103,AP-N204-F102,0.14641450345516,0.14641450345516,151.13204956055,269.04998779297
06-APR-2025,3.0717993042208,7376,M87,0.90387850999832,215103,AP-N201-F101,0.1584786772728,0.1584786772728,155.32060241699,269.04998779297
06-APR-2025,3.0717993042208,7376,M87,0.90387850999832,215103,AP-N202-F101,0.14334855973721,0.14334855973721,146.4419708252,269.04998779297
06-APR-2025,3.0717993042208,7376,M87,0.90387850999832,227103,AP-N203-F102,0.15535263717175,0.15535263717175,159.38566589355,269.04998779297
06-APR-2025,3.0717993042208,7376,M87,0.90387850999832,227103,AP-N204-F102,0.14641450345516,0.14641450345516,151.13204956055,269.04998779297
06-APR-2025,3.1302715279651,7379,M87,0.90953004360199,215103,AP-N201-F101,0.16260778903961,0.16260778903961,156.7342376709,268.85000610352
06-APR-2025,3.1302715279651,7379,M87,0.90953004360199,215103,AP-N202-F101,0.14752128720284,0.14752128720284,147.92457580566,268.85000610352
06-APR-2025,3.1302715279651,7379,M87,0.90953004360199,227103,AP-N203-F102,0.15992836654186,0.15992836654186,161.01693725586,268.85000610352
06-APR-2025,3.1302715279651,7379,M87,0.90953004360199,227103,AP-N204-F102,0.15109764039516,0.15109764039516,152.83032226563,268.85000610352
06-APR-2025,3.161521526341,7383,M87,0.91242909431458,215103,AP-N201-F101,0.16260778903961,0.16260778903961,156.7342376709,268.85000610352
06-APR-2025,3.161521526341,7383,M87,0.91242909431458,215103,AP-N202-F101,0.14752128720284,0.14752128720284,147.92457580566,268.85000610352
06-APR-2025,3.161521526341,7383,M87,0.91242909431458,227103,AP-N203-F102,0.15992836654186,0.15992836654186,161.01693725586,268.85000610352
06-APR-2025,3.161521526341,7383,M87,0.91242909431458,227103,AP-N204-F102,0.15109764039516,0.15109764039516,152.83032226563,268.85000610352
06-APR-2025,3.170688194019,7383,M87,0.91326344013214,215103,AP-N201-F101,0.16260778903961,0.16260778903961,156.7342376709,268.85000610352
06-APR-2025,3.170688194019,7383,M87,0.91326344013214,215103,AP-N202-F101,0.14752128720284,0.14752128720284,147.92457580566,268.85000610352
06-APR-2025,3.170688194019,7383,M87,0.91326344013214,227103,AP-N203-F102,0.15992836654186,0.15992836654186,161.01693725586,268.85000610352
06-APR-2025,3.170688194019,7383,M87,0.91326344013214,227103,AP-N204-F102,0.15109764039516,0.15109764039516,152.83032226563,268.85000610352
06-APR-2025,3.1795770812375,7383,M87,0.91406542062759,215103,AP-N201-F101,0.16260778903961,0.16260778903961,156.7342376709,268.85000610352
06-APR-2025,3.1795770812375,7383,M87,0.91406542062759,215103,AP-N202-F101,0.14752128720284,0.14752128720284,147.92457580566,268.85000610352
06-APR-2025,3.1795770812375,7383,M87,0.91406542062759,227103,AP-N203-F102,0.15992836654186,0.15992836654186,161.01693725586,268.85000610352
06-APR-2025,3.1795770812375,7383,M87,0.91406542062759,227103,AP-N204-F102,0.15109764039516,0.15109764039516,152.83032226563,268.85000610352
06-APR-2025,3.1887437499633,7383,M87,0.91488516330719,215103,AP-N201-F101,0.16260778903961,0.16260778903961,156.7342376709,268.85000610352
06-APR-2025,3.1887437499633,7383,M87,0.91488516330719,215103,AP-N202-F101,0.14752128720284,0.14752128720284,147.92457580566,268.85000610352
06-APR-2025,3.1887437499633,7383,M87,0.91488516330719,227103,AP-N203-F102,0.15992836654186,0.15992836654186,161.01693725586,268.85000610352
06-APR-2025,3.1887437499633,7383,M87,0.91488516330719,227103,AP-N204-F102,0.15109764039516,0.15109764039516,152.83032226563,268.85000610352
06-APR-2025,3.3274937475156,7388,3C273,1.098862528801,215103,AP-N201-F101,0.16815835237503,0.16815835237503,149.54640197754,269.14999389648
06-APR-2025,3.3274937475156,7388,3C273,1.098862528801,215103,AP-N202-F101,0.14963555335999,0.14963555335999,140.09359741211,269.14999389648
06-APR-2025,3.3274937475156,7388,3C273,1.098862528801,227103,AP-N203-F102,0.16155929863453,0.16155929863453,152.37957763672,269.14999389648
06-APR-2025,3.3274937475156,7388,3C273,1.098862528801,227103,AP-N204-F102,0.1524533033371,0.1524533033371,144.7116394043,269.14999389648
06-APR-2025,3.3442993018694,7392,3C273,1.100515127182,215103,AP-N201-F101,0.16815835237503,0.16815835237503,149.54640197754,269.14999389648
06-APR-2025,3.3442993018694,7392,3C273,1.100515127182,215103,AP-N202-F101,0.14963555335999,0.14963555335999,140.09359741211,269.14999389648
06-APR-2025,3.3442993018694,7392,3C273,1.100515127182,227103,AP-N203-F102,0.16155929863453,0.16155929863453,152.37957763672,269.14999389648
06-APR-2025,3.3442993018694,7392,3C273,1.100515127182,227103,AP-N204-F102,0.1524533033371,0.1524533033371,144.7116394043,269.14999389648
06-APR-2025,3.3531881906595,7392,3C273,1.1013759374619,215103,AP-N201-F101,0.16815835237503,0.16815835237503,149.54640197754,269.14999389648
06-APR-2025,3.3531881906595,7392,3C273,1.1013759374619,215103,AP-N202-F101,0.14963555335999,0.14963555335999,140.09359741211,269.14999389648
06-APR-2025,3.3531881906595,7392,3C273,1.1013759374619,227103,AP-N203-F102,0.16155929863453,0.16155929863453,152.37957763672,269.14999389648
06-APR-2025,3.3531881906595,7392,3C273,1.1013759374619,227103,AP-N204-F102,0.1524533033371,0.1524533033371,144.7116394043,269.14999389648
06-APR-2025,3.3620770796242,7392,3C273,1.1022273302078,215103,AP-N201-F101,0.16815835237503,0.16815835237503,149.54640197754,269.14999389648
06-APR-2025,3.3620770796242,7392,3C273,1.1022273302078,215103,AP-N202-F101,0.14963555335999,0.14963555335999,140.09359741211,269.14999389648
06-APR-2025,3.3620770796242,7392,3C273,1.1022273302078,227103,AP-N203-F102,0.16155929863453,0.16155929863453,152.37957763672,269.14999389648
06-APR-2025,3.3620770796242,7392,3C273,1.1022273302078,227103,AP-N204-F102,0.1524533033371,0.1524533033371,144.7116394043,269.14999389648
06-APR-2025,3.4205493014477,7397,M87,0.93306714296341,215103,AP-N201-F101,0.16660830378532,0.16660830378532,157.2862701416,268.85000610352
06-APR-2025,3.4205493014477,7397,M87,0.93306714296341,215103,AP-N202-F101,0.15086017549038,0.15086017549038,148.21090698242,268.85000610352
06-APR-2025,3.4205493014477,7397,M87,0.93306714296341,227103,AP-N203-F102,0.1637971252203,0.1637971252203,161.52774047852,268.85000610352
06-APR-2025,3.4205493014477,7397,M87,0.93306714296341,227103,AP-N204-F102,0.1549122184515,0.1549122184515,153.3455657959,268.85000610352
06-APR-2025,3.4448548567878,7401,M87,0.93468004465103,215103,AP-N201-F101,0.16660830378532,0.16660830378532,157.2862701416,268.85000610352
06-APR-2025,3.4448548567878,7401,M87,0.93468004465103,215103,AP-N202-F101,0.15086017549038,0.15086017549038,148.21090698242,268.85000610352
06-APR-2025,3.4448548567878,7401,M87,0.93468004465103,227103,AP-N203-F102,0.1637971252203,0.1637971252203,161.52774047852,268.85000610352
06-APR-2025,3.4448548567878,7401,M87,0.93468004465103,227103,AP-N204-F102,0.1549122184515,0.1549122184515,153.3455657959,268.85000610352
06-APR-2025,3.4540215225449,7401,M87,0.93527352809906,215103,AP-N201-F101,0.16660830378532,0.16660830378532,157.2862701416,268.85000610352
06-APR-2025,3.4540215225449,7401,M87,0.93527352809906,215103,AP-N202-F101,0.15086017549038,0.15086017549038,148.21090698242,268.85000610352
06-APR-2025,3.4540215225449,7401,M87,0.93527352809906,227103,AP-N203-F102,0.1637971252203,0.1637971252203,161.52774047852,268.85000610352
06-APR-2025,3.4540215225449,7401,M87,0.93527352809906,227103,AP-N204-F102,0.1549122184515,0.1549122184515,153.3455657959,268.85000610352
06-APR-2025,3.4631881910961,7401,M87,0.9358589053154,215103,AP-N201-F101,0.16660830378532,0.16660830378532,157.2862701416,268.85000610352
06-APR-2025,3.4631881910961,7401,M87,0.9358589053154,215103,AP-N202-F101,0.15086017549038,0.15086017549038,148.21090698242,268.85000610352
06-APR-2025,3.4631881910961,7401,M87,0.9358589053154,227103,AP-N203-F102,0.1637971252203,0.1637971252203,161.52774047852,268.85000610352
06-APR-2025,3.4631881910961,7401,M87,0.9358589053154,227103,AP-N204-F102,0.1549122184515,0.1549122184515,153.3455657959,268.85000610352
06-APR-2025,3.4723548549324,7401,M87,0.93643599748611,215103,AP-N201-F101,0.16660830378532,0.16660830378532,157.2862701416,268.85000610352
06-APR-2025,3.4723548549324,7401,M87,0.93643599748611,215103,AP-N202-F101,0.15086017549038,0.15086017549038,148.21090698242,268.85000610352
06-APR-2025,3.4723548549324,7401,M87,0.93643599748611,227103,AP-N203-F102,0.1637971252203,0.1637971252203,161.52774047852,268.85000610352
06-APR-2025,3.4723548549324,7401,M87,0.93643599748611,227103,AP-N204-F102,0.1549122184515,0.1549122184515,153.3455657959,268.85000610352
06-APR-2025,3.5302715243934,7404,M87,0.93989139795303,215103,AP-N201-F101,0.17137764394283,0.17137764394283,158.85795593262,267.25
06-APR-2025,3.5302715243934,7404,M87,0.93989139795303,215103,AP-N202-F101,0.15513813495636,0.15513813495636,149.7042388916,267.25
06-APR-2025,3.5302715243934,7404,M87,0.93989139795303,227103,AP-N203-F102,0.16817606985569,0.16817606985569,162.94569396973,267.25
06-APR-2025,3.5302715243934,7404,M87,0.93989139795303,227103,AP-N204-F102,0.1593386977911,0.1593386977911,154.95195007324,267.25
06-APR-2025,3.5609659656919,7408,M87,0.94158715009689,215103,AP-N201-F101,0.17137764394283,0.17137764394283,158.85795593262,267.25
06-APR-2025,3.5609659656919,7408,M87,0.94158715009689,215103,AP-N202-F101,0.15513813495636,0.15513813495636,149.7042388916,267.25
06-APR-2025,3.5609659656919,7408,M87,0.94158715009689,227103,AP-N203-F102,0.16817606985569,0.16817606985569,162.94569396973,267.25
06-APR-2025,3.5609659656919,7408,M87,0.94158715009689,227103,AP-N204-F102,0.1593386977911,0.1593386977911,154.95195007324,267.25
06-APR-2025,3.5698548546566,7408,M87,0.94206058979034,215103,AP-N201-F101,0.17137764394283,0.17137764394283,158.85795593262,267.25
06-APR-2025,3.5698548546566,7408,M87,0.94206058979034,215103,AP-N202-F101,0.15513813495636,0.15513813495636,149.7042388916,267.25
06-APR-2025,3.5698548546566,7408,M87,0.94206058979034,227103,AP-N203-F102,0.16817606985569,0.16817606985569,162.94569396973,267.25
06-APR-2025,3.5698548546566,7408,M87,0.94206058979034,227103,AP-N204-F102,0.1593386977911,0.1593386977911,154.95195007324,267.25
06-APR-2025,3.5787437432721,7408,M87,0.94252622127533,215103,AP-N201-F101,0.17137764394283,0.17137764394283,158.85795593262,267.25
06-APR-2025,3.5787437432721,7408,M87,0.94252622127533,215103,AP-N202-F101,0.15513813495636,0.15513813495636,149.7042388916,267.25
06-APR-2025,3.5787437432721,7408,M87,0.94252622127533,227103,AP-N203-F102,0.16817606985569,0.16817606985569,162.94569396973,267.25
06-APR-2025,3.5787437432721,7408,M87,0.94252622127533,227103,AP-N204-F102,0.1593386977911,0.1593386977911,154.95195007324,267.25
06-APR-2025,3.5879104092039,7408,M87,0.94299799203873,215103,AP-N201-F101,0.17137764394283,0.17137764394283,158.85795593262,267.25
06-APR-2025,3.5879104092039,7408,M87,0.94299799203873,215103,AP-N202-F101,0.15513813495636,0.15513813495636,149.7042388916,267.25
06-APR-2025,3.5879104092039,7408,M87,0.94299799203873,227103,AP-N203-F102,0.16817606985569,0.16817606985569,162.94569396973,267.25
06-APR-2025,3.5879104092039,7408,M87,0.94299799203873,227103,AP-N204-F102,0.1593386977911,0.1593386977911,154.95195007324,267.25
06-APR-2025,3.710827077375,7413,OJ287,0.45456314086914,215103,AP-N201-F101,0.15468397736549,0.15468397736549,220.78007507324,269.25
06-APR-2025,3.710827077375,7413,OJ287,0.45456314086914,215103,AP-N202-F101,0.14729744195938,0.14729744195938,211.6907043457,269.25
06-APR-2025,3.710827077375,7413,OJ287,0.45456314086914,227103,AP-N203-F102,0.15963569283485,0.15963569283485,232.55967712402,269.25
06-APR-2025,3.710827077375,7413,OJ287,0.45456314086914,227103,AP-N204-F102,0.15311440825462,0.15311440825462,220.79312133789,269.25
06-APR-2025,3.7281881893301,7417,OJ287,0.4512719810009,215103,AP-N201-F101,0.15468397736549,0.15468397736549,220.78007507324,269.25
06-APR-2025,3.7281881893301,7417,OJ287,0.4512719810009,215103,AP-N202-F101,0.14729744195938,0.14729744195938,211.6907043457,269.25
06-APR-2025,3.7281881893301,7417,OJ287,0.4512719810009,227103,AP-N203-F102,0.15963569283485,0.15963569283485,232.55967712402,269.25
06-APR-2025,3.7281881893301,7417,OJ287,0.4512719810009,227103,AP-N204-F102,0.15311440825462,0.15311440825462,220.79312133789,269.25
06-APR-2025,3.7370770781202,7417,OJ287,0.44958388805389,215103,AP-N201-F101,0.15468397736549,0.15468397736549,220.78007507324,269.25
06-APR-2025,3.7370770781202,7417,OJ287,0.44958388805389,215103,AP-N202-F101,0.14729744195938,0.14729744195938,211.6907043457,269.25
06-APR-2025,3.7370770781202,7417,OJ287,0.44958388805389,227103,AP-N203-F102,0.15963569283485,0.15963569283485,232.55967712402,269.25
06-APR-2025,3.7370770781202,7417,OJ287,0.44958388805389,227103,AP-N204-F102,0.15311440825462,0.15311440825462,220.79312133789,269.25
06-APR-2025,3.7459659669103,7417,OJ287,0.44789370894432,215103,AP-N201-F101,0.15468397736549,0.15468397736549,220.78007507324,269.25
06-APR-2025,3.7459659669103,7417,OJ287,0.44789370894432,215103,AP-N202-F101,0.14729744195938,0.14729744195938,211.6907043457,269.25
06-APR-2025,3.7459659669103,7417,OJ287,0.44789370894432,227103,AP-N203-F102,0.15963569283485,0.15963569283485,232.55967712402,269.25
06-APR-2025,3.7459659669103,7417,OJ287,0.44789370894432,227103,AP-N204-F102,0.15311440825462,0.15311440825462,220.79312133789,269.25
06-APR-2025,3.9106418515088,7425,3C279,1.238138794899,215103,AP-N201-F101,0.17852848768234,0.17852848768234,149.70114135742,269.35000610352
06-APR-2025,3.9106418515088,7425,3C279,1.238138794899,215103,AP-N202-F101,0.1577959805727,0.1577959805727,139.92652893066,269.35000610352
06-APR-2025,3.9106418515088,7425,3C279,1.238138794899,227103,AP-N203-F102,0.17020131647587,0.17020131647587,151.78848266602,269.35000610352
06-APR-2025,3.9106418515088,7425,3C279,1.238138794899,227103,AP-N204-F102,0.16142696142197,0.16142696142197,144.56718444824,269.35000610352
06-APR-2025,3.92828073851,7429,3C279,1.2400965690613,215103,AP-N201-F101,0.17852848768234,0.17852848768234,149.70114135742,269.35000610352
06-APR-2025,3.92828073851,7429,3C279,1.2400965690613,215103,AP-N202-F101,0.1577959805727,0.1577959805727,139.92652893066,269.35000610352
06-APR-2025,3.92828073851,7429,3C279,1.2400965690613,227103,AP-N203-F102,0.17020131647587,0.17020131647587,151.78848266602,269.35000610352
06-APR-2025,3.92828073851,7429,3C279,1.2400965690613,227103,AP-N204-F102,0.16142696142197,0.16142696142197,144.56718444824,269.35000610352
06-APR-2025,3.9374474067119,7429,3C279,1.241094827652,215103,AP-N201-F101,0.17852848768234,0.17852848768234,149.70114135742,269.35000610352
06-APR-2025,3.9374474067119,7429,3C279,1.241094827652,215103,AP-N202-F101,0.1577959805727,0.1577959805727,139.92652893066,269.35000610352
06-APR-2025,3.9374474067119,7429,3C279,1.241094827652,227103,AP-N203-F102,0.17020131647587,0.17020131647587,151.78848266602,269.35000610352
06-APR-2025,3.9374474067119,7429,3C279,1.241094827652,227103,AP-N204-F102,0.16142696142197,0.16142696142197,144.56718444824,269.35000610352
06-APR-2025,3.9466140731675,7429,3C279,1.242079615593,215103,AP-N201-F101,0.17852848768234,0.17852848768234,149.70114135742,269.35000610352
06-APR-2025,3.9466140731675,7429,3C279,1.242079615593,215103,AP-N202-F101,0.1577959805727,0.1577959805727,139.92652893066,269.35000610352
06-APR-2025,3.9466140731675,7429,3C279,1.242079615593,227103,AP-N203-F102,0.17020131647587,0.17020131647587,151.78848266602,269.35000610352
06-APR-2025,3.9466140731675,7429,3C279,1.242079615593,227103,AP-N204-F102,0.16142696142197,0.16142696142197,144.56718444824,269.35000610352
06-APR-2025,4.0039751865989,7434,M87,0.95522773265839,215103,AP-N201-F101,0.17239685356617,0.17239685356617,159.02333068848,269.35000610352
06-APR-2025,4.0039751865989,7434,M87,0.95522773265839,215103,AP-N202-F101,0.15675789117813,0.15675789117813,150.03521728516,269.35000610352
06-APR-2025,4.0039751865989,7434,M87,0.95522773265839,227103,AP-N203-F102,0.16947200894356,0.16947200894356,163.15507507324,269.35000610352
06-APR-2025,4.0039751865989,7434,M87,0.95522773265839,227103,AP-N204-F102,0.16037414968014,0.16037414968014,155.10821533203,269.35000610352
06-APR-2025,4.0280029628764,7438,M87,0.95537310838699,215103,AP-N201-F101,0.17239685356617,0.17239685356617,159.02333068848,269.35000610352
06-APR-2025,4.0280029628764,7438,M87,0.95537310838699,215103,AP-N202-F101,0.15675789117813,0.15675789117813,150.03521728516,269.35000610352
06-APR-2025,4.0280029628764,7438,M87,0.95537310838699,227103,AP-N203-F102,0.16947200894356,0.16947200894356,163.15507507324,269.35000610352
06-APR-2025,4.0280029628764,7438,M87,0.95537310838699,227103,AP-N204-F102,0.16037414968014,0.16037414968014,155.10821533203,269.35000610352
06-APR-2025,4.0371696291575,7438,M87,0.95541232824326,215103,AP-N201-F101,0.17239685356617,0.17239685356617,159.02333068848,269.35000610352
06-APR-2025,4.0371696291575,7438,M87,0.95541232824326,215103,AP-N202-F101,0.15675789117813,0.15675789117813,150.03521728516,269.35000610352
06-APR-2025,4.0371696291575,7438,M87,0.95541232824326,227103,AP-N203-F102,0.16947200894356,0.16947200894356,163.15507507324,269.35000610352
06-APR-2025,4.0371696291575,7438,M87,0.95541232824326,227103,AP-N204-F102,0.16037414968014,0.16037414968014,155.10821533203,269.35000610352
06-APR-2025,4.0463362970101,7438,M87,0.9554426074028,215103,AP-N201-F101,0.17239685356617,0.17239685356617,159.02333068848,269.35000610352
06-APR-2025,4.0463362970101,7438,M87,0.9554426074028,215103,AP-N202-F101,0.15675789117813,0.15675789117813,150.03521728516,269.35000610352
06-APR-2025,4.0463362970101,7438,M87,0.9554426074028,227103,AP-N203-F102,0.16947200894356,0.16947200894356,163.15507507324,269.35000610352
06-APR-2025,4.0463362970101,7438,M87,0.9554426074028,227103,AP-N204-F102,0.16037414968014,0.16037414968014,155.10821533203,269.35000610352
06-APR-2025,4.0555029631165,7438,M87,0.95546382665634,215103,AP-N201-F101,0.17239685356617,0.17239685356617,159.02333068848,269.35000610352
06-APR-2025,4.0555029631165,7438,M87,0.95546382665634,215103,AP-N202-F101,0.15675789117813,0.15675789117813,150.03521728516,269.35000610352
06-APR-2025,4.0555029631165,7438,M87,0.95546382665634,227103,AP-N203-F102,0.16947200894356,0.16947200894356,163.15507507324,269.35000610352
06-APR-2025,4.0555029631165,7438,M87,0.95546382665634,227103,AP-N204-F102,0.16037414968014,0.16037414968014,155.10821533203,269.35000610352
06-APR-2025,4.1134196292597,7441,M87,0.95538973808289,215103,AP-N201-F101,0.1742794662714,0.1742794662714,159.92721557617,269.45001220703
06-APR-2025,4.1134196292597,7441,M87,0.95538973808289,215103,AP-N202-F101,0.15816640853882,0.15816640853882,150.87588500977,269.45001220703
06-APR-2025,4.1134196292597,7441,M87,0.95538973808289,227103,AP-N203-F102,0.17144598066807,0.17144598066807,164.13336181641,269.45001220703
06-APR-2025,4.1134196292597,7441,M87,0.95538973808289,227103,AP-N204-F102,0.16246572136879,0.16246572136879,156.10237121582,269.45001220703
06-APR-2025,4.1446696281594,7445,M87,0.95519948005676,215103,AP-N201-F101,0.1742794662714,0.1742794662714,159.92721557617,269.45001220703
06-APR-2025,4.1446696281594,7445,M87,0.95519948005676,215103,AP-N202-F101,0.15816640853882,0.15816640853882,150.87588500977,269.45001220703
06-APR-2025,4.1446696281594,7445,M87,0.95519948005676,227103,AP-N203-F102,0.17144598066807,0.17144598066807,164.13336181641,269.45001220703
06-APR-2025,4.1446696281594,7445,M87,0.95519948005676,227103,AP-N204-F102,0.16246572136879,0.16246572136879,156.10237121582,269.45001220703
06-APR-2025,4.1536974057823,7445,M87,0.95512515306473,215103,AP-N201-F101,0.1742794662714,0.1742794662714,159.92721557617,269.45001220703
06-APR-2025,4.1536974057823,7445,M87,0.95512515306473,215103,AP-N202-F101,0.15816640853882,0.15816640853882,150.87588500977,269.45001220703
06-APR-2025,4.1536974057823,7445,M87,0.95512515306473,227103,AP-N203-F102,0.17144598066807,0.17144598066807,164.13336181641,269.45001220703
06-APR-2025,4.1536974057823,7445,M87,0.95512515306473,227103,AP-N204-F102,0.16246572136879,0.16246572136879,156.10237121582,269.45001220703
06-APR-2025,4.1627251832305,7445,M87,0.95504212379456,215103,AP-N201-F101,0.1742794662714,0.1742794662714,159.92721557617,269.45001220703
06-APR-2025,4.1627251832305,7445,M87,0.95504212379456,215103,AP-N202-F101,0.15816640853882,0.15816640853882,150.87588500977,269.45001220703
06-APR-2025,4.1627251832305,7445,M87,0.95504212379456,227103,AP-N203-F102,0.17144598066807,0.17144598066807,164.13336181641,269.45001220703
06-APR-2025,4.1627251832305,7445,M87,0.95504212379456,227103,AP-N204-F102,0.16246572136879,0.16246572136879,156.10237121582,269.45001220703
06-APR-2025,4.1718918491623,7445,M87,0.95494884252548,215103,AP-N201-F101,0.1742794662714,0.1742794662714,159.92721557617,269.45001220703
06-APR-2025,4.1718918491623,7445,M87,0.95494884252548,215103,AP-N202-F101,0.15816640853882,0.15816640853882,150.87588500977,269.45001220703
06-APR-2025,4.1718918491623,7445,M87,0.95494884252548,227103,AP-N203-F102,0.17144598066807,0.17144598066807,164.13336181641,269.45001220703
06-APR-2025,4.1718918491623,7445,M87,0.95494884252548,227103,AP-N204-F102,0.16246572136879,0.16246572136879,156.10237121582,269.45001220703
06-APR-2025,4.3103640711446,7450,3C273,1.1306327581406,215103,AP-N201-F101,0.17409294843674,0.17409294843674,151.06265258789,269.54998779297
06-APR-2025,4.3103640711446,7450,3C273,1.1306327581406,215103,AP-N202-F101,0.15535774827003,0.15535774827003,141.63499450684,269.54998779297
06-APR-2025,4.3103640711446,7450,3C273,1.1306327581406,227103,AP-N203-F102,0.16791900992393,0.16791900992393,153.87605285645,269.54998779297
06-APR-2025,4.3103640711446,7450,3C273,1.1306327581406,227103,AP-N204-F102,0.15899823606014,0.15899823606014,146.45086669922,269.54998779297
06-APR-2025,4.3274474033386,7454,3C273,1.1299350261688,215103,AP-N201-F101,0.17409294843674,0.17409294843674,151.06265258789,269.54998779297
06-APR-2025,4.3274474033386,7454,3C273,1.1299350261688,215103,AP-N202-F101,0.15535774827003,0.15535774827003,141.63499450684,269.54998779297
06-APR-2025,4.3274474033386,7454,3C273,1.1299350261688,227103,AP-N203-F102,0.16791900992393,0.16791900992393,153.87605285645,269.54998779297
06-APR-2025,4.3274474033386,7454,3C273,1.1299350261688,227103,AP-N204-F102,0.15899823606014,0.15899823606014,146.45086669922,269.54998779297
06-APR-2025,4.336336291954,7454,3C273,1.1295557022095,215103,AP-N201-F101,0.17409294843674,0.17409294843674,151.06265258789,269.54998779297
06-APR-2025,4.336336291954,7454,3C273,1.1295557022095,215103,AP-N202-F101,0.15535774827003,0.15535774827003,141.63499450684,269.54998779297
06-APR-2025,4.336336291954,7454,3C273,1.1295557022095,227103,AP-N203-F102,0.16791900992393,0.16791900992393,153.87605285645,269.54998779297
06-APR-2025,4.336336291954,7454,3C273,1.1295557022095,227103,AP-N204-F102,0.15899823606014,0.15899823606014,146.45086669922,269.54998779297
06-APR-2025,4.3452251807442,7454,3C273,1.1291649341583,215103,AP-N201-F101,0.17409294843674,0.17409294843674,151.06265258789,269.54998779297
06-APR-2025,4.3452251807442,7454,3C273,1.1291649341583,215103,AP-N202-F101,0.15535774827003,0.15535774827003,141.63499450684,269.54998779297
06-APR-2025,4.3452251807442,7454,3C273,1.1291649341583,227103,AP-N203-F102,0.16791900992393,0.16791900992393,153.87605285645,269.54998779297
06-APR-2025,4.3452251807442,7454,3C273,1.1291649341583,227103,AP-N204-F102,0.15899823606014,0.15899823606014,146.45086669922,269.54998779297
06-APR-2025,4.4042529598196,7459,M87,0.94959688186646,215103,AP-N201-F101,0.16633638739586,0.16633638739586,156.08070373535,269.45001220703
06-APR-2025,4.4042529598196,7459,M87,0.94959688186646,215103,AP-N202-F101,0.15054459869862,0.15054459869862,147.31307983398,269.45001220703
06-APR-2025,4.4042529598196,7459,M87,0.94959688186646,227103,AP-N203-F102,0.16286890208721,0.16286890208721,160.17538452148,269.45001220703
06-APR-2025,4.4042529598196,7459,M87,0.94959688186646,227103,AP-N204-F102,0.15421277284622,0.15421277284622,152.29824829102,269.45001220703
06-APR-2025,4.4280029593047,7463,M87,0.94872915744781,215103,AP-N201-F101,0.16633638739586,0.16633638739586,156.08070373535,269.45001220703
06-APR-2025,4.4280029593047,7463,M87,0.94872915744781,215103,AP-N202-F101,0.15054459869862,0.15054459869862,147.31307983398,269.45001220703
06-APR-2025,4.4280029593047,7463,M87,0.94872915744781,227103,AP-N203-F102,0.16286890208721,0.16286890208721,160.17538452148,269.45001220703
06-APR-2025,4.4280029593047,7463,M87,0.94872915744781,227103,AP-N204-F102,0.15421277284622,0.15421277284622,152.29824829102,269.45001220703
06-APR-2025,4.4368918482694,7463,M87,0.94838935136795,215103,AP-N201-F101,0.16633638739586,0.16633638739586,156.08070373535,269.45001220703
06-APR-2025,4.4368918482694,7463,M87,0.94838935136795,215103,AP-N202-F101,0.15054459869862,0.15054459869862,147.31307983398,269.45001220703
06-APR-2025,4.4368918482694,7463,M87,0.94838935136795,227103,AP-N203-F102,0.16286890208721,0.16286890208721,160.17538452148,269.45001220703
06-APR-2025,4.4368918482694,7463,M87,0.94838935136795,227103,AP-N204-F102,0.15421277284622,0.15421277284622,152.29824829102,269.45001220703
06-APR-2025,4.4457807370595,7463,M87,0.94804137945175,215103,AP-N201-F101,0.16633638739586,0.16633638739586,156.08070373535,269.45001220703
06-APR-2025,4.4457807370595,7463,M87,0.94804137945175,215103,AP-N202-F101,0.15054459869862,0.15054459869862,147.31307983398,269.45001220703
06-APR-2025,4.4457807370595,7463,M87,0.94804137945175,227103,AP-N203-F102,0.16286890208721,0.16286890208721,160.17538452148,269.45001220703
06-APR-2025,4.4457807370595,7463,M87,0.94804137945175,227103,AP-N204-F102,0.15421277284622,0.15421277284622,152.29824829102,269.45001220703
06-APR-2025,4.4546696258496,7463,M87,0.94768518209457,215103,AP-N201-F101,0.16633638739586,0.16633638739586,156.08070373535,269.45001220703
06-APR-2025,4.4546696258496,7463,M87,0.94768518209457,215103,AP-N202-F101,0.15054459869862,0.15054459869862,147.31307983398,269.45001220703
06-APR-2025,4.4546696258496,7463,M87,0.94768518209457,227103,AP-N203-F102,0.16286890208721,0.16286890208721,160.17538452148,269.45001220703
06-APR-2025,4.4546696258496,7463,M87,0.94768518209457,227103,AP-N204-F102,0.15421277284622,0.15421277284622,152.29824829102,269.45001220703
06-APR-2025,4.6267789308348,7471,3C279,1.270870923996,215103,AP-N201-F101,0.17435055971146,0.17435055971146,146.90481567383,269.25
06-APR-2025,4.6267789308348,7471,3C279,1.270870923996,215103,AP-N202-F101,0.15360693633556,0.15360693633556,137.1856842041,269.25
06-APR-2025,4.6267789308348,7471,3C279,1.270870923996,227103,AP-N203-F102,0.16525463759899,0.16525463759899,148.46617126465,269.25
06-APR-2025,4.6267789308348,7471,3C279,1.270870923996,227103,AP-N204-F102,0.15629777312279,0.15629777312279,141.62928771973,269.25
06-APR-2025,4.6444178202808,7475,3C279,1.2703393697739,215103,AP-N201-F101,0.17435055971146,0.17435055971146,146.90481567383,269.25
06-APR-2025,4.6444178202808,7475,3C279,1.2703393697739,215103,AP-N202-F101,0.15360693633556,0.15360693633556,137.1856842041,269.25
06-APR-2025,4.6444178202808,7475,3C279,1.2703393697739,227103,AP-N203-F102,0.16525463759899,0.16525463759899,148.46617126465,269.25
06-APR-2025,4.6444178202808,7475,3C279,1.2703393697739,227103,AP-N204-F102,0.15629777312279,0.15629777312279,141.62928771973,269.25
06-APR-2025,4.6535844862126,7475,3C279,1.270037651062,215103,AP-N201-F101,0.17435055971146,0.17435055971146,146.90481567383,269.25
06-APR-2025,4.6535844862126,7475,3C279,1.270037651062,215103,AP-N202-F101,0.15360693633556,0.15360693633556,137.1856842041,269.25
06-APR-2025,4.6535844862126,7475,3C279,1.270037651062,227103,AP-N203-F102,0.16525463759899,0.16525463759899,148.46617126465,269.25
06-APR-2025,4.6535844862126,7475,3C279,1.270037651062,227103,AP-N204-F102,0.15629777312279,0.15629777312279,141.62928771973,269.25
06-APR-2025,4.6624733750027,7475,3C279,1.2697283029556,215103,AP-N201-F101,0.17435055971146,0.17435055971146,146.90481567383,269.25
06-APR-2025,4.6624733750027,7475,3C279,1.2697283029556,215103,AP-N202-F101,0.15360693633556,0.15360693633556,137.1856842041,269.25
06-APR-2025,4.6624733750027,7475,3C279,1.2697283029556,227103,AP-N203-F102,0.16525463759899,0.16525463759899,148.46617126465,269.25
06-APR-2025,4.6624733750027,7475,3C279,1.2697283029556,227103,AP-N204-F102,0.15629777312279,0.15629777312279,141.62928771973,269.25
06-APR-2025,4.7209455959531,7480,M87,0.9332999587059,215103,AP-N201-F101,0.16422158479691,0.16422158479691,156.00390625,269.14999389648
06-APR-2025,4.7209455959531,7480,M87,0.9332999587059,215103,AP-N202-F101,0.14872643351555,0.14872643351555,147.19602966309,269.14999389648
06-APR-2025,4.7209455959531,7480,M87,0.9332999587059,227103,AP-N203-F102,0.16100560128689,0.16100560128689,160.09188842773,269.14999389648
06-APR-2025,4.7209455959531,7480,M87,0.9332999587059,227103,AP-N204-F102,0.15213859081268,0.15213859081268,151.8779296875,269.14999389648
06-APR-2025,4.7441400381862,7484,M87,0.93171483278275,215103,AP-N201-F101,0.16422158479691,0.16422158479691,156.00390625,269.14999389648
06-APR-2025,4.7441400381862,7484,M87,0.93171483278275,215103,AP-N202-F101,0.14872643351555,0.14872643351555,147.19602966309,269.14999389648
06-APR-2025,4.7441400381862,7484,M87,0.93171483278275,227103,AP-N203-F102,0.16100560128689,0.16100560128689,160.09188842773,269.14999389648
06-APR-2025,4.7441400381862,7484,M87,0.93171483278275,227103,AP-N204-F102,0.15213859081268,0.15213859081268,151.8779296875,269.14999389648
06-APR-2025,4.753028926627,7484,M87,0.93109375238419,215103,AP-N201-F101,0.16422158479691,0.16422158479691,156.00390625,269.14999389648
06-APR-2025,4.753028926627,7484,M87,0.93109375238419,215103,AP-N202-F101,0.14872643351555,0.14872643351555,147.19602966309,269.14999389648
06-APR-2025,4.753028926627,7484,M87,0.93109375238419,227103,AP-N203-F102,0.16100560128689,0.16100560128689,160.09188842773,269.14999389648
06-APR-2025,4.753028926627,7484,M87,0.93109375238419,227103,AP-N204-F102,0.15213859081268,0.15213859081268,151.8779296875,269.14999389648
06-APR-2025,4.7621955930827,7484,M87,0.93044537305832,215103,AP-N201-F101,0.16422158479691,0.16422158479691,156.00390625,269.14999389648
06-APR-2025,4.7621955930827,7484,M87,0.93044537305832,215103,AP-N202-F101,0.14872643351555,0.14872643351555,147.19602966309,269.14999389648
06-APR-2025,4.7621955930827,7484,M87,0.93044537305832,227103,AP-N203-F102,0.16100560128689,0.16100560128689,160.09188842773,269.14999389648
06-APR-2025,4.7621955930827,7484,M87,0.93044537305832,227103,AP-N204-F102,0.15213859081268,0.15213859081268,151.8779296875,269.14999389648
06-APR-2025,4.7713622590145,7484,M87,0.92978900671005,215103,AP-N201-F101,0.16422158479691,0.16422158479691,156.00390625,269.14999389648
06-APR-2025,4.7713622590145,7484,M87,0.92978900671005,215103,AP-N202-F101,0.14872643351555,0.14872643351555,147.19602966309,269.14999389648
06-APR-2025,4.7713622590145,7484,M87,0.92978900671005,227103,AP-N203-F102,0.16100560128689,0.16100560128689,160.09188842773,269.14999389648
06-APR-2025,4.7713622590145,7484,M87,0.92978900671005,227103,AP-N204-F102,0.15213859081268,0.15213859081268,151.8779296875,269.14999389648
06-APR-2025,4.8301122607736,7487,M87,0.92539411783218,215103,AP-N201-F101,0.16334557533264,0.16334557533264,155.91934204102,268.75
06-APR-2025,4.8301122607736,7487,M87,0.92539411783218,215103,AP-N202-F101,0.14807783067226,0.14807783067226,147.16249084473,268.75
06-APR-2025,4.8301122607736,7487,M87,0.92539411783218,227103,AP-N203-F102,0.16014850139618,0.16014850139618,159.93774414063,268.75
06-APR-2025,4.8301122607736,7487,M87,0.92539411783218,227103,AP-N204-F102,0.15112026035786,0.15112026035786,151.98883056641,268.75
06-APR-2025,4.8610844820078,7491,M87,0.92294704914093,215103,AP-N201-F101,0.16334557533264,0.16334557533264,155.91934204102,268.75
06-APR-2025,4.8610844820078,7491,M87,0.92294704914093,215103,AP-N202-F101,0.14807783067226,0.14807783067226,147.16249084473,268.75
06-APR-2025,4.8610844820078,7491,M87,0.92294704914093,227103,AP-N203-F102,0.16014850139618,0.16014850139618,159.93774414063,268.75
06-APR-2025,4.8610844820078,7491,M87,0.92294704914093,227103,AP-N204-F102,0.15112026035786,0.15112026035786,151.98883056641,268.75
06-APR-2025,4.8705289278752,7491,M87,0.92218333482742,215103,AP-N201-F101,0.16334557533264,0.16334557533264,155.91934204102,268.75
06-APR-2025,4.8705289278752,7491,M87,0.92218333482742,215103,AP-N202-F101,0.14807783067226,0.14807783067226,147.16249084473,268.75
06-APR-2025,4.8705289278752,7491,M87,0.92218333482742,227103,AP-N203-F102,0.16014850139618,0.16014850139618,159.93774414063,268.75
06-APR-2025,4.8705289278752,7491,M87,0.92218333482742,227103,AP-N204-F102,0.15112026035786,0.15112026035786,151.98883056641,268.75
06-APR-2025,4.8794178166653,7491,M87,0.92145705223083,215103,AP-N201-F101,0.16334557533264,0.16334557533264,155.91934204102,268.75
06-APR-2025,4.8794178166653,7491,M87,0.92145705223083,215103,AP-N202-F101,0.14807783067226,0.14807783067226,147.16249084473,268.75
06-APR-2025,4.8794178166653,7491,M87,0.92145705223083,227103,AP-N203-F102,0.16014850139618,0.16014850139618,159.93774414063,268.75
06-APR-2025,4.8794178166653,7491,M87,0.92145705223083,227103,AP-N204-F102,0.15112026035786,0.15112026035786,151.98883056641,268.75
06-APR-2025,4.8883067054554,7491,M87,0.92072355747223,215103,AP-N201-F101,0.16334557533264,0.16334557533264,155.91934204102,268.75
06-APR-2025,4.8883067054554,7491,M87,0.92072355747223,215103,AP-N202-F101,0.14807783067226,0.14807783067226,147.16249084473,268.75
06-APR-2025,4.8883067054554,7491,M87,0.92072355747223,227103,AP-N203-F102,0.16014850139618,0.16014850139618,159.93774414063,268.75
06-APR-2025,4.8883067054554,7491,M87,0.92072355747223,227103,AP-N204-F102,0.15112026035786,0.15112026035786,151.98883056641,268.75
06-APR-2025,4.9470567051191,7494,M87,0.91569644212723,215103,AP-N201-F101,0.15888372063637,0.15888372063637,154.27690124512,269.04998779297
06-APR-2025,4.9470567051191,7494,M87,0.91569644212723,215103,AP-N202-F101,0.1437630802393,0.1437630802393,145.50350952148,269.04998779297
06-APR-2025,4.9470567051191,7494,M87,0.91569644212723,227103,AP-N203-F102,0.15586638450623,0.15586638450623,158.29002380371,269.04998779297
06-APR-2025,4.9470567051191,7494,M87,0.91569644212723,227103,AP-N204-F102,0.14709620177746,0.14709620177746,150.16882324219,269.04998779297
06-APR-2025,4.9777511479892,7498,M87,0.91294682025909,215103,AP-N201-F101,0.15888372063637,0.15888372063637,154.27690124512,269.04998779297
06-APR-2025,4.9777511479892,7498,M87,0.91294682025909,215103,AP-N202-F101,0.1437630802393,0.1437630802393,145.50350952148,269.04998779297
06-APR-2025,4.9777511479892,7498,M87,0.91294682025909,227103,AP-N203-F102,0.15586638450623,0.15586638450623,158.29002380371,269.04998779297
06-APR-2025,4.9777511479892,7498,M87,0.91294682025909,227103,AP-N204-F102,0.14709620177746,0.14709620177746,150.16882324219,269.04998779297
06-APR-2025,4.9866400367793,7498,M87,0.91213518381119,215103,AP-N201-F101,0.15888372063637,0.15888372063637,154.27690124512,269.04998779297
06-APR-2025,4.9866400367793,7498,M87,0.91213518381119,215103,AP-N202-F101,0.1437630802393,0.1437630802393,145.50350952148,269.04998779297
06-APR-2025,4.9866400367793,7498,M87,0.91213518381119,227103,AP-N203-F102,0.15586638450623,0.15586638450623,158.29002380371,269.04998779297
06-APR-2025,4.9866400367793,7498,M87,0.91213518381119,227103,AP-N204-F102,0.14709620177746,0.14709620177746,150.16882324219,269.04998779297
06-APR-2025,4.995528925744,7498,M87,0.91131657361984,215103,AP-N201-F101,0.15888372063637,0.15888372063637,154.27690124512,269.04998779297
06-APR-2025,4.995528925744,7498,M87,0.91131657361984,215103,AP-N202-F101,0.1437630802393,0.1437630802393,145.50350952148,269.04998779297
06-APR-2025,4.995528925744,7498,M87,0.91131657361984,227103,AP-N203-F102,0.15586638450623,0.15586638450623,158.29002380371,269.04998779297
06-APR-2025,4.995528925744,7498,M87,0.91131657361984,227103,AP-N204-F102,0.14709620177746,0.14709620177746,150.16882324219,269.04998779297
06-APR-2025,5.0044178145342,7498,M87,0.91049110889435,215103,AP-N201-F101,0.15888372063637,0.15888372063637,154.27690124512,269.04998779297
06-APR-2025,5.0044178145342,7498,M87,0.91049110889435,215103,AP-N202-F101,0.1437630802393,0.1437630802393,145.50350952148,269.04998779297
06-APR-2025,5.0044178145342,7498,M87,0.91049110889435,227103,AP-N203-F102,0.15586638450623,0.15586638450623,158.29002380371,269.04998779297
06-APR-2025,5.0044178145342,7498,M87,0.91049110889435,227103,AP-N204-F102,0.14709620177746,0.14709620177746,150.16882324219,269.04998779297
06-APR-2025,5.1106678147396,7503,3C273,1.057456612587,215103,AP-N201-F101,0.1649376899004,0.1649376899004,149.64616394043,268.95001220703
06-APR-2025,5.1106678147396,7503,3C273,1.057456612587,215103,AP-N202-F101,0.14685809612274,0.14685809612274,140.35499572754,268.95001220703
06-APR-2025,5.1106678147396,7503,3C273,1.057456612587,227103,AP-N203-F102,0.15900450944901,0.15900450944901,152.60427856445,268.95001220703
06-APR-2025,5.1106678147396,7503,3C273,1.057456612587,227103,AP-N204-F102,0.14979650080204,0.14979650080204,144.93272399902,268.95001220703
06-APR-2025,5.1277511460604,7507,3C273,1.0551215410233,215103,AP-N201-F101,0.1649376899004,0.1649376899004,149.64616394043,268.95001220703
06-APR-2025,5.1277511460604,7507,3C273,1.0551215410233,215103,AP-N202-F101,0.14685809612274,0.14685809612274,140.35499572754,268.95001220703
06-APR-2025,5.1277511460604,7507,3C273,1.0551215410233,227103,AP-N203-F102,0.15900450944901,0.15900450944901,152.60427856445,268.95001220703
06-APR-2025,5.1277511460604,7507,3C273,1.0551215410233,227103,AP-N204-F102,0.14979650080204,0.14979650080204,144.93272399902,268.95001220703
06-APR-2025,5.1366400350252,7507,3C273,1.0538964271545,215103,AP-N201-F101,0.1649376899004,0.1649376899004,149.64616394043,268.95001220703
06-APR-2025,5.1366400350252,7507,3C273,1.0538964271545,215103,AP-N202-F101,0.14685809612274,0.14685809612274,140.35499572754,268.95001220703
06-APR-2025,5.1366400350252,7507,3C273,1.0538964271545,227103,AP-N203-F102,0.15900450944901,0.15900450944901,152.60427856445,268.95001220703
06-APR-2025,5.1366400350252,7507,3C273,1.0538964271545,227103,AP-N204-F102,0.14979650080204,0.14979650080204,144.93272399902,268.95001220703
06-APR-2025,5.1455289236407,7507,3C273,1.0526641607285,215103,AP-N201-F101,0.1649376899004,0.1649376899004,149.64616394043,268.95001220703
06-APR-2025,5.1455289236407,7507,3C273,1.0526641607285,215103,AP-N202-F101,0.14685809612274,0.14685809612274,140.35499572754,268.95001220703
06-APR-2025,5.1455289236407,7507,3C273,1.0526641607285,227103,AP-N203-F102,0.15900450944901,0.15900450944901,152.60427856445,268.95001220703
06-APR-2025,5.1455289236407,7507,3C273,1.0526641607285,227103,AP-N204-F102,0.14979650080204,0.14979650080204,144.93272399902,268.95001220703
06-APR-2025,5.2040011470357,7512,M87,0.89019989967346,215103,AP-N201-F101,0.1572929918766,0.1572929918766,154.73849487305,268.75
06-APR-2025,5.2040011470357,7512,M87,0.89019989967346,215103,AP-N202-F101,0.14249807596207,0.14249807596207,145.86506652832,268.75
06-APR-2025,5.2040011470357,7512,M87,0.89019989967346,227103,AP-N203-F102,0.15445482730865,0.15445482730865,158.98747253418,268.75
06-APR-2025,5.2040011470357,7512,M87,0.89019989967346,227103,AP-N204-F102,0.14558079838753,0.14558079838753,150.76161193848,268.75
06-APR-2025,5.2283067030743,7516,M87,0.88750654459,215103,AP-N201-F101,0.1572929918766,0.1572929918766,154.73849487305,268.75
06-APR-2025,5.2283067030743,7516,M87,0.88750654459,215103,AP-N202-F101,0.14249807596207,0.14249807596207,145.86506652832,268.75
06-APR-2025,5.2283067030743,7516,M87,0.88750654459,227103,AP-N203-F102,0.15445482730865,0.15445482730865,158.98747253418,268.75
06-APR-2025,5.2283067030743,7516,M87,0.88750654459,227103,AP-N204-F102,0.14558079838753,0.14558079838753,150.76161193848,268.75
06-APR-2025,5.237195592039,7516,M87,0.88651007413864,215103,AP-N201-F101,0.1572929918766,0.1572929918766,154.73849487305,268.75
06-APR-2025,5.237195592039,7516,M87,0.88651007413864,215103,AP-N202-F101,0.14249807596207,0.14249807596207,145.86506652832,268.75
06-APR-2025,5.237195592039,7516,M87,0.88651007413864,227103,AP-N203-F102,0.15445482730865,0.15445482730865,158.98747253418,268.75
06-APR-2025,5.237195592039,7516,M87,0.88651007413864,227103,AP-N204-F102,0.14558079838753,0.14558079838753,150.76161193848,268.75
06-APR-2025,5.2463622583201,7516,M87,0.88547605276108,215103,AP-N201-F101,0.1572929918766,0.1572929918766,154.73849487305,268.75
06-APR-2025,5.2463622583201,7516,M87,0.88547605276108,215103,AP-N202-F101,0.14249807596207,0.14249807596207,145.86506652832,268.75
06-APR-2025,5.2463622583201,7516,M87,0.88547605276108,227103,AP-N203-F102,0.15445482730865,0.15445482730865,158.98747253418,268.75
06-APR-2025,5.2463622583201,7516,M87,0.88547605276108,227103,AP-N204-F102,0.14558079838753,0.14558079838753,150.76161193848,268.75
06-APR-2025,5.2555289247757,7516,M87,0.88443547487259,215103,AP-N201-F101,0.1572929918766,0.1572929918766,154.73849487305,268.75
06-APR-2025,5.2555289247757,7516,M87,0.88443547487259,215103,AP-N202-F101,0.14249807596207,0.14249807596207,145.86506652832,268.75
06-APR-2025,5.2555289247757,7516,M87,0.88443547487259,227103,AP-N203-F102,0.15445482730865,0.15445482730865,158.98747253418,268.75
06-APR-2025,5.2555289247757,7516,M87,0.88443547487259,227103,AP-N204-F102,0.14558079838753,0.14558079838753,150.76161193848,268.75
06-APR-2025,5.3137233682352,7519,M87,0.87767899036407,215103,AP-N201-F101,0.1560068577528,0.1560068577528,155.02958679199,268.75
06-APR-2025,5.3137233682352,7519,M87,0.87767899036407,215103,AP-N202-F101,0.14151960611343,0.14151960611343,146.26170349121,268.75
06-APR-2025,5.3137233682352,7519,M87,0.87767899036407,227103,AP-N203-F102,0.15327037870884,0.15327037870884,159.25486755371,268.75
06-APR-2025,5.3137233682352,7519,M87,0.87767899036407,227103,AP-N204-F102,0.14460162818432,0.14460162818432,151.08106994629,268.75
06-APR-2025,5.3444178126769,7523,M87,0.8740126490593,215103,AP-N201-F101,0.1560068577528,0.1560068577528,155.02958679199,268.75
06-APR-2025,5.3444178126769,7523,M87,0.8740126490593,215103,AP-N202-F101,0.14151960611343,0.14151960611343,146.26170349121,268.75
06-APR-2025,5.3444178126769,7523,M87,0.8740126490593,227103,AP-N203-F102,0.15327037870884,0.15327037870884,159.25486755371,268.75
06-APR-2025,5.3444178126769,7523,M87,0.8740126490593,227103,AP-N204-F102,0.14460162818432,0.14460162818432,151.08106994629,268.75
06-APR-2025,5.3533067012923,7523,M87,0.87293779850006,215103,AP-N201-F101,0.1560068577528,0.1560068577528,155.02958679199,268.75
06-APR-2025,5.3533067012923,7523,M87,0.87293779850006,215103,AP-N202-F101,0.14151960611343,0.14151960611343,146.26170349121,268.75
06-APR-2025,5.3533067012923,7523,M87,0.87293779850006,227103,AP-N203-F102,0.15327037870884,0.15327037870884,159.25486755371,268.75
06-APR-2025,5.3533067012923,7523,M87,0.87293779850006,227103,AP-N204-F102,0.14460162818432,0.14460162818432,151.08106994629,268.75
06-APR-2025,5.3621955900825,7523,M87,0.87185716629028,215103,AP-N201-F101,0.1560068577528,0.1560068577528,155.02958679199,268.75
06-APR-2025,5.3621955900825,7523,M87,0.87185716629028,215103,AP-N202-F101,0.14151960611343,0.14151960611343,146.26170349121,268.75
06-APR-2025,5.3621955900825,7523,M87,0.87185716629028,227103,AP-N203-F102,0.15327037870884,0.15327037870884,159.25486755371,268.75
06-APR-2025,5.3621955900825,7523,M87,0.87185716629028,227103,AP-N204-F102,0.14460162818432,0.14460162818432,151.08106994629,268.75
06-APR-2025,5.3713622563635,7523,M87,0.8707367181778,215103,AP-N201-F101,0.1560068577528,0.1560068577528,155.02958679199,268.75
06-APR-2025,5.3713622563635,7523,M87,0.8707367181778,215103,AP-N202-F101,0.14151960611343,0.14151960611343,146.26170349121,268.75
06-APR-2025,5.3713622563635,7523,M87,0.8707367181778,227103,AP-N203-F102,0.15327037870884,0.15327037870884,159.25486755371,268.75
06-APR-2025,5.3713622563635,7523,M87,0.8707367181778,227103,AP-N204-F102,0.14460162818432,0.14460162818432,151.08106994629,268.75
06-APR-2025,5.4301122575988,7526,M87,0.86341166496277,215103,AP-N201-F101,0.15443639457226,0.15443639457226,155.07835388184,268.35000610352
06-APR-2025,5.4301122575988,7526,M87,0.86341166496277,215103,AP-N202-F101,0.13983523845673,0.13983523845673,146.32731628418,268.35000610352
06-APR-2025,5.4301122575988,7526,M87,0.86341166496277,227103,AP-N203-F102,0.15195550024509,0.15195550024509,159.61724853516,268.35000610352
06-APR-2025,5.4301122575988,7526,M87,0.86341166496277,227103,AP-N204-F102,0.14314828813076,0.14314828813076,151.20166015625,268.35000610352
06-APR-2025,5.4610844762136,7530,M87,0.85945099592209,215103,AP-N201-F101,0.15443639457226,0.15443639457226,155.07835388184,268.35000610352
06-APR-2025,5.4610844762136,7530,M87,0.85945099592209,215103,AP-N202-F101,0.13983523845673,0.13983523845673,146.32731628418,268.35000610352
06-APR-2025,5.4610844762136,7530,M87,0.85945099592209,227103,AP-N203-F102,0.15195550024509,0.15195550024509,159.61724853516,268.35000610352
06-APR-2025,5.4610844762136,7530,M87,0.85945099592209,227103,AP-N204-F102,0.14314828813076,0.14314828813076,151.20166015625,268.35000610352
06-APR-2025,5.4699733650037,7530,M87,0.8583020567894,215103,AP-N201-F101,0.15443639457226,0.15443639457226,155.07835388184,268.35000610352
06-APR-2025,5.4699733650037,7530,M87,0.8583020567894,215103,AP-N202-F101,0.13983523845673,0.13983523845673,146.32731628418,268.35000610352
06-APR-2025,5.4699733650037,7530,M87,0.8583020567894,227103,AP-N203-F102,0.15195550024509,0.15195550024509,159.61724853516,268.35000610352
06-APR-2025,5.4699733650037,7530,M87,0.8583020567894,227103,AP-N204-F102,0.14314828813076,0.14314828813076,151.20166015625,268.35000610352
06-APR-2025,5.4791400311101,7530,M87,0.85711145401001,215103,AP-N201-F101,0.15443639457226,0.15443639457226,155.07835388184,268.35000610352
06-APR-2025,5.4791400311101,7530,M87,0.85711145401001,215103,AP-N202-F101,0.13983523845673,0.13983523845673,146.32731628418,268.35000610352
06-APR-2025,5.4791400311101,7530,M87,0.85711145401001,227103,AP-N203-F102,0.15195550024509,0.15195550024509,159.61724853516,268.35000610352
06-APR-2025,5.4791400311101,7530,M87,0.85711145401001,227103,AP-N204-F102,0.14314828813076,0.14314828813076,151.20166015625,268.35000610352
06-APR-2025,5.4880289199002,7530,M87,0.85595142841339,215103,AP-N201-F101,0.15443639457226,0.15443639457226,155.07835388184,268.35000610352
06-APR-2025,5.4880289199002,7530,M87,0.85595142841339,215103,AP-N202-F101,0.13983523845673,0.13983523845673,146.32731628418,268.35000610352
06-APR-2025,5.4880289199002,7530,M87,0.85595142841339,227103,AP-N203-F102,0.15195550024509,0.15195550024509,159.61724853516,268.35000610352
06-APR-2025,5.4880289199002,7530,M87,0.85595142841339,227103,AP-N204-F102,0.14314828813076,0.14314828813076,151.20166015625,268.35000610352
06-APR-2025,5.5540011437577,7535,3C279,1.1699326038361,215103,AP-N201-F101,0.16720634698868,0.16720634698868,146.37767028809,268.14999389648
06-APR-2025,5.5540011437577,7535,3C279,1.1699326038361,215103,AP-N202-F101,0.14753973484039,0.14753973484039,136.76499938965,268.14999389648
06-APR-2025,5.5540011437577,7535,3C279,1.1699326038361,227103,AP-N203-F102,0.15913325548172,0.15913325548172,148.49411010742,268.14999389648
06-APR-2025,5.5540011437577,7535,3C279,1.1699326038361,227103,AP-N204-F102,0.15033121407032,0.15033121407032,141.16821289063,268.14999389648
06-APR-2025,5.5783066996216,7539,3C279,1.1657962799072,215103,AP-N201-F101,0.16720634698868,0.16720634698868,146.37767028809,268.14999389648
06-APR-2025,5.5783066996216,7539,3C279,1.1657962799072,215103,AP-N202-F101,0.14753973484039,0.14753973484039,136.76499938965,268.14999389648
06-APR-2025,5.5783066996216,7539,3C279,1.1657962799072,227103,AP-N203-F102,0.15913325548172,0.15913325548172,148.49411010742,268.14999389648
06-APR-2025,5.5783066996216,7539,3C279,1.1657962799072,227103,AP-N204-F102,0.15033121407032,0.15033121407032,141.16821289063,268.14999389648
06-APR-2025,5.5871955885863,7539,3C279,1.1642709970474,215103,AP-N201-F101,0.16720634698868,0.16720634698868,146.37767028809,268.14999389648
06-APR-2025,5.5871955885863,7539,3C279,1.1642709970474,215103,AP-N202-F101,0.14753973484039,0.14753973484039,136.76499938965,268.14999389648
06-APR-2025,5.5871955885863,7539,3C279,1.1642709970474,227103,AP-N203-F102,0.15913325548172,0.15913325548172,148.49411010742,268.14999389648
06-APR-2025,5.5871955885863,7539,3C279,1.1642709970474,227103,AP-N204-F102,0.15033121407032,0.15033121407032,141.16821289063,268.14999389648
06-APR-2025,5.5963622546927,7539,3C279,1.1626909971237,215103,AP-N201-F101,0.16720634698868,0.16720634698868,146.37767028809,268.14999389648
06-APR-2025,5.5963622546927,7539,3C279,1.1626909971237,215103,AP-N202-F101,0.14753973484039,0.14753973484039,136.76499938965,268.14999389648
06-APR-2025,5.5963622546927,7539,3C279,1.1626909971237,227103,AP-N203-F102,0.15913325548172,0.15913325548172,148.49411010742,268.14999389648
06-APR-2025,5.5963622546927,7539,3C279,1.1626909971237,227103,AP-N204-F102,0.15033121407032,0.15033121407032,141.16821289063,268.14999389648
06-APR-2025,5.7614810872467,7544,3C273,0.95276021957397,215103,AP-N201-F101,0,0,0,0
06-APR-2025,5.7614810872467,7544,3C273,0.95276021957397,215103,AP-N202-F101,0,0,0,0
06-APR-2025,5.7614810872467,7544,3C273,0.95276021957397,227103,AP-N203-F102,0,0,0,0
06-APR-2025,5.7614810872467,7544,3C273,0.95276021957397,227103,AP-N204-F102,0,0,0,0
06-APR-2025,5.7774533086038,7548,3C273,0.9498530626297,215103,AP-N201-F101,0,0,0,0
06-APR-2025,5.7774533086038,7548,3C273,0.9498530626297,215103,AP-N202-F101,0,0,0,0
06-APR-2025,5.7774533086038,7548,3C273,0.9498530626297,227103,AP-N203-F102,0,0,0,0
06-APR-2025,5.7774533086038,7548,3C273,0.9498530626297,227103,AP-N204-F102,0,0,0,0
06-APR-2025,5.7863421972193,7548,3C273,0.94822949171066,215103,AP-N201-F101,0,0,0,0
06-APR-2025,5.7863421972193,7548,3C273,0.94822949171066,215103,AP-N202-F101,0,0,0,0
06-APR-2025,5.7863421972193,7548,3C273,0.94822949171066,227103,AP-N203-F102,0,0,0,0
06-APR-2025,5.7863421972193,7548,3C273,0.94822949171066,227103,AP-N204-F102,0,0,0,0
06-APR-2025,5.7952310861841,7548,3C273,0.94660198688507,215103,AP-N201-F101,0,0,0,0
06-APR-2025,5.7952310861841,7548,3C273,0.94660198688507,215103,AP-N202-F101,0,0,0,0
06-APR-2025,5.7952310861841,7548,3C273,0.94660198688507,227103,AP-N203-F102,0,0,0,0
06-APR-2025,5.7952310861841,7548,3C273,0.94660198688507,227103,AP-N204-F102,0,0,0,0
06-APR-2025,5.8539810865462,7553,M87,0.80380338430405,215103,AP-N201-F101,0.15130442380905,0.15130442380905,157.7222442627,268.04998779297
06-APR-2025,5.8539810865462,7553,M87,0.80380338430405,215103,AP-N202-F101,0.13785609602928,0.13785609602928,149.12640380859,268.04998779297
06-APR-2025,5.8539810865462,7553,M87,0.80380338430405,227103,AP-N203-F102,0.149808421731,0.149808421731,162.68272399902,268.04998779297
06-APR-2025,5.8539810865462,7553,M87,0.80380338430405,227103,AP-N204-F102,0.14082406461239,0.14082406461239,154.0616607666,268.04998779297
06-APR-2025,5.8774533076672,7557,M87,0.80018728971481,215103,AP-N201-F101,0.15130442380905,0.15130442380905,157.7222442627,268.04998779297
06-APR-2025,5.8774533076672,7557,M87,0.80018728971481,215103,AP-N202-F101,0.13785609602928,0.13785609602928,149.12640380859,268.04998779297
06-APR-2025,5.8774533076672,7557,M87,0.80018728971481,227103,AP-N203-F102,0.149808421731,0.149808421731,162.68272399902,268.04998779297
06-APR-2025,5.8774533076672,7557,M87,0.80018728971481,227103,AP-N204-F102,0.14082406461239,0.14082406461239,154.0616607666,268.04998779297
06-APR-2025,5.8866199737737,7557,M87,0.79876708984375,215103,AP-N201-F101,0.15130442380905,0.15130442380905,157.7222442627,268.04998779297
06-APR-2025,5.8866199737737,7557,M87,0.79876708984375,215103,AP-N202-F101,0.13785609602928,0.13785609602928,149.12640380859,268.04998779297
06-APR-2025,5.8866199737737,7557,M87,0.79876708984375,227103,AP-N203-F102,0.149808421731,0.149808421731,162.68272399902,268.04998779297
06-APR-2025,5.8866199737737,7557,M87,0.79876708984375,227103,AP-N204-F102,0.14082406461239,0.14082406461239,154.0616607666,268.04998779297
06-APR-2025,5.8955088623892,7557,M87,0.7973855137825,215103,AP-N201-F101,0.15130442380905,0.15130442380905,157.7222442627,268.04998779297
06-APR-2025,5.8955088623892,7557,M87,0.7973855137825,215103,AP-N202-F101,0.13785609602928,0.13785609602928,149.12640380859,268.04998779297
06-APR-2025,5.8955088623892,7557,M87,0.7973855137825,227103,AP-N203-F102,0.149808421731,0.149808421731,162.68272399902,268.04998779297
06-APR-2025,5.8955088623892,7557,M87,0.7973855137825,227103,AP-N204-F102,0.14082406461239,0.14082406461239,154.0616607666,268.04998779297
06-APR-2025,5.9043977513539,7557,M87,0.79599970579147,215103,AP-N201-F101,0.15130442380905,0.15130442380905,157.7222442627,268.04998779297
06-APR-2025,5.9043977513539,7557,M87,0.79599970579147,215103,AP-N202-F101,0.13785609602928,0.13785609602928,149.12640380859,268.04998779297
06-APR-2025,5.9043977513539,7557,M87,0.79599970579147,227103,AP-N203-F102,0.149808421731,0.149808421731,162.68272399902,268.04998779297
06-APR-2025,5.9043977513539,7557,M87,0.79599970579147,227103,AP-N204-F102,0.14082406461239,0.14082406461239,154.0616607666,268.04998779297
06-APR-2025,5.9639810843634,7560,M87,0.78660202026367,215103,AP-N201-F101,0.15309841930866,0.15309841930866,160.17828369141,268.04998779297
06-APR-2025,5.9639810843634,7560,M87,0.78660202026367,215103,AP-N202-F101,0.13952702283859,0.13952702283859,151.30508422852,268.04998779297
06-APR-2025,5.9639810843634,7560,M87,0.78660202026367,227103,AP-N203-F102,0.15187536180019,0.15187536180019,165.36671447754,268.04998779297
06-APR-2025,5.9639810843634,7560,M87,0.78660202026367,227103,AP-N204-F102,0.14290446043015,0.14290446043015,156.40536499023,268.04998779297
06-APR-2025,5.9949533069946,7564,M87,0.78164404630661,215103,AP-N201-F101,0.15309841930866,0.15309841930866,160.17828369141,268.04998779297
06-APR-2025,5.9949533069946,7564,M87,0.78164404630661,215103,AP-N202-F101,0.13952702283859,0.13952702283859,151.30508422852,268.04998779297
06-APR-2025,5.9949533069946,7564,M87,0.78164404630661,227103,AP-N203-F102,0.15187536180019,0.15187536180019,165.36671447754,268.04998779297
06-APR-2025,5.9949533069946,7564,M87,0.78164404630661,227103,AP-N204-F102,0.14290446043015,0.14290446043015,156.40536499023,268.04998779297
06-APR-2025,6.0038421961339,7564,M87,0.78021210432053,215103,AP-N201-F101,0.15309841930866,0.15309841930866,160.17828369141,268.04998779297
06-APR-2025,6.0038421961339,7564,M87,0.78021210432053,215103,AP-N202-F101,0.13952702283859,0.13952702283859,151.30508422852,268.04998779297
06-APR-2025,6.0038421961339,7564,M87,0.78021210432053,227103,AP-N203-F102,0.15187536180019,0.15187536180019,165.36671447754,268.04998779297
06-APR-2025,6.0038421961339,7564,M87,0.78021210432053,227103,AP-N204-F102,0.14290446043015,0.14290446043015,156.40536499023,268.04998779297
06-APR-2025,6.0130088620657,7564,M87,0.77873122692108,215103,AP-N201-F101,0.15309841930866,0.15309841930866,160.17828369141,268.04998779297
06-APR-2025,6.0130088620657,7564,M87,0.77873122692108,215103,AP-N202-F101,0.13952702283859,0.13952702283859,151.30508422852,268.04998779297
06-APR-2025,6.0130088620657,7564,M87,0.77873122692108,227103,AP-N203-F102,0.15187536180019,0.15187536180019,165.36671447754,268.04998779297
06-APR-2025,6.0130088620657,7564,M87,0.77873122692108,227103,AP-N204-F102,0.14290446043015,0.14290446043015,156.40536499023,268.04998779297
06-APR-2025,6.0218977510305,7564,M87,0.77729117870331,215103,AP-N201-F101,0.15309841930866,0.15309841930866,160.17828369141,268.04998779297
06-APR-2025,6.0218977510305,7564,M87,0.77729117870331,215103,AP-N202-F101,0.13952702283859,0.13952702283859,151.30508422852,268.04998779297
06-APR-2025,6.0218977510305,7564,M87,0.77729117870331,227103,AP-N203-F102,0.15187536180019,0.15187536180019,165.36671447754,268.04998779297
06-APR-2025,6.0218977510305,7564,M87,0.77729117870331,227103,AP-N204-F102,0.14290446043015,0.14290446043015,156.40536499023,268.04998779297
06-APR-2025,6.110647748178,7569,3C279,1.06489610672,215103,AP-N201-F101,0.16064512729645,0.16064512729645,147.03257751465,268.14999389648
06-APR-2025,6.110647748178,7569,3C279,1.06489610672,215103,AP-N202-F101,0.14300088584423,0.14300088584423,137.90254211426,268.14999389648
06-APR-2025,6.110647748178,7569,3C279,1.06489610672,227103,AP-N203-F102,0.15434503555298,0.15434503555298,149.77926635742,268.14999389648
06-APR-2025,6.110647748178,7569,3C279,1.06489610672,227103,AP-N204-F102,0.14544555544853,0.14544555544853,142.31750488281,268.14999389648
06-APR-2025,6.1277310850868,7573,3C279,1.0614018440247,215103,AP-N201-F101,0.16064512729645,0.16064512729645,147.03257751465,268.14999389648
06-APR-2025,6.1277310850868,7573,3C279,1.0614018440247,215103,AP-N202-F101,0.14300088584423,0.14300088584423,137.90254211426,268.14999389648
06-APR-2025,6.1277310850868,7573,3C279,1.0614018440247,227103,AP-N203-F102,0.15434503555298,0.15434503555298,149.77926635742,268.14999389648
06-APR-2025,6.1277310850868,7573,3C279,1.0614018440247,227103,AP-N204-F102,0.14544555544853,0.14544555544853,142.31750488281,268.14999389648
06-APR-2025,6.1366199737023,7573,3C279,1.0595788955688,215103,AP-N201-F101,0.16064512729645,0.16064512729645,147.03257751465,268.14999389648
06-APR-2025,6.1366199737023,7573,3C279,1.0595788955688,215103,AP-N202-F101,0.14300088584423,0.14300088584423,137.90254211426,268.14999389648
06-APR-2025,6.1366199737023,7573,3C279,1.0595788955688,227103,AP-N203-F102,0.15434503555298,0.15434503555298,149.77926635742,268.14999389648
06-APR-2025,6.1366199737023,7573,3C279,1.0595788955688,227103,AP-N204-F102,0.14544555544853,0.14544555544853,142.31750488281,268.14999389648
06-APR-2025,6.1457866392848,7573,3C279,1.0576953887939,215103,AP-N201-F101,0.16064512729645,0.16064512729645,147.03257751465,268.14999389648
06-APR-2025,6.1457866392848,7573,3C279,1.0576953887939,215103,AP-N202-F101,0.14300088584423,0.14300088584423,137.90254211426,268.14999389648
06-APR-2025,6.1457866392848,7573,3C279,1.0576953887939,227103,AP-N203-F102,0.15434503555298,0.15434503555298,149.77926635742,268.14999389648
06-APR-2025,6.1457866392848,7573,3C279,1.0576953887939,227103,AP-N204-F102,0.14544555544853,0.14544555544853,142.31750488281,268.14999389648
06-APR-2025,6.2275921932219,7578,M87,0.74290949106216,215103,AP-N201-F101,0.14995342493057,0.14995342493057,162.50102233887,267.75
06-APR-2025,6.2275921932219,7578,M87,0.74290949106216,215103,AP-N202-F101,0.13777032494545,0.13777032494545,153.91163635254,267.75
06-APR-2025,6.2275921932219,7578,M87,0.74290949106216,227103,AP-N203-F102,0.1498419046402,0.1498419046402,168.00311279297,267.75
06-APR-2025,6.2275921932219,7578,M87,0.74290949106216,227103,AP-N204-F102,0.14098937809467,0.14098937809467,159.03720092773,267.75
06-APR-2025,6.2438421939909,7582,M87,0.74011075496674,215103,AP-N201-F101,0.14995342493057,0.14995342493057,162.50102233887,267.75
06-APR-2025,6.2438421939909,7582,M87,0.74011075496674,215103,AP-N202-F101,0.13777032494545,0.13777032494545,153.91163635254,267.75
06-APR-2025,6.2438421939909,7582,M87,0.74011075496674,227103,AP-N203-F102,0.1498419046402,0.1498419046402,168.00311279297,267.75
06-APR-2025,6.2438421939909,7582,M87,0.74011075496674,227103,AP-N204-F102,0.14098937809467,0.14098937809467,159.03720092773,267.75
06-APR-2025,6.2527310829556,7582,M87,0.73857498168945,215103,AP-N201-F101,0.14995342493057,0.14995342493057,162.50102233887,267.75
06-APR-2025,6.2527310829556,7582,M87,0.73857498168945,215103,AP-N202-F101,0.13777032494545,0.13777032494545,153.91163635254,267.75
06-APR-2025,6.2527310829556,7582,M87,0.73857498168945,227103,AP-N203-F102,0.1498419046402,0.1498419046402,168.00311279297,267.75
06-APR-2025,6.2527310829556,7582,M87,0.73857498168945,227103,AP-N204-F102,0.14098937809467,0.14098937809467,159.03720092773,267.75
06-APR-2025,6.2616199713965,7582,M87,0.73703581094742,215103,AP-N201-F101,0.14995342493057,0.14995342493057,162.50102233887,267.75
06-APR-2025,6.2616199713965,7582,M87,0.73703581094742,215103,AP-N202-F101,0.13777032494545,0.13777032494545,153.91163635254,267.75
06-APR-2025,6.2616199713965,7582,M87,0.73703581094742,227103,AP-N203-F102,0.1498419046402,0.1498419046402,168.00311279297,267.75
06-APR-2025,6.2616199713965,7582,M87,0.73703581094742,227103,AP-N204-F102,0.14098937809467,0.14098937809467,159.03720092773,267.75
06-APR-2025,6.270508860012,7582,M87,0.73549324274063,215103,AP-N201-F101,0.14995342493057,0.14995342493057,162.50102233887,267.75
06-APR-2025,6.270508860012,7582,M87,0.73549324274063,215103,AP-N202-F101,0.13777032494545,0.13777032494545,153.91163635254,267.75
06-APR-2025,6.270508860012,7582,M87,0.73549324274063,227103,AP-N203-F102,0.1498419046402,0.1498419046402,168.00311279297,267.75
06-APR-2025,6.270508860012,7582,M87,0.73549324274063,227103,AP-N204-F102,0.14098937809467,0.14098937809467,159.03720092773,267.75
06-APR-2025,6.3303699708617,7585,M87,0.72501826286316,215103,AP-N201-F101,0.14983460307121,0.14983460307121,164.08569335938,267.85000610352
06-APR-2025,6.3303699708617,7585,M87,0.72501826286316,215103,AP-N202-F101,0.13752456009388,0.13752456009388,155.42321777344,267.85000610352
06-APR-2025,6.3303699708617,7585,M87,0.72501826286316,227103,AP-N203-F102,0.14968529343605,0.14968529343605,169.87538146973,267.85000610352
06-APR-2025,6.3303699708617,7585,M87,0.72501826286316,227103,AP-N204-F102,0.14071114361286,0.14071114361286,160.69157409668,267.85000610352
06-APR-2025,6.3627310793759,7589,M87,0.71929335594177,215103,AP-N201-F101,0.14983460307121,0.14983460307121,164.08569335938,267.85000610352
06-APR-2025,6.3627310793759,7589,M87,0.71929335594177,215103,AP-N202-F101,0.13752456009388,0.13752456009388,155.42321777344,267.85000610352
06-APR-2025,6.3627310793759,7589,M87,0.71929335594177,227103,AP-N203-F102,0.14968529343605,0.14968529343605,169.87538146973,267.85000610352
06-APR-2025,6.3627310793759,7589,M87,0.71929335594177,227103,AP-N204-F102,0.14071114361286,0.14071114361286,160.69157409668,267.85000610352
06-APR-2025,6.3718977449584,7589,M87,0.71766400337219,215103,AP-N201-F101,0.14983460307121,0.14983460307121,164.08569335938,267.85000610352
06-APR-2025,6.3718977449584,7589,M87,0.71766400337219,215103,AP-N202-F101,0.13752456009388,0.13752456009388,155.42321777344,267.85000610352
06-APR-2025,6.3718977449584,7589,M87,0.71766400337219,227103,AP-N203-F102,0.14968529343605,0.14968529343605,169.87538146973,267.85000610352
06-APR-2025,6.3718977449584,7589,M87,0.71766400337219,227103,AP-N204-F102,0.14071114361286,0.14071114361286,160.69157409668,267.85000610352
06-APR-2025,6.3807866339231,7589,M87,0.71608084440231,215103,AP-N201-F101,0.14983460307121,0.14983460307121,164.08569335938,267.85000610352
06-APR-2025,6.3807866339231,7589,M87,0.71608084440231,215103,AP-N202-F101,0.13752456009388,0.13752456009388,155.42321777344,267.85000610352
06-APR-2025,6.3807866339231,7589,M87,0.71608084440231,227103,AP-N203-F102,0.14968529343605,0.14968529343605,169.87538146973,267.85000610352
06-APR-2025,6.3807866339231,7589,M87,0.71608084440231,227103,AP-N204-F102,0.14071114361286,0.14071114361286,160.69157409668,267.85000610352
06-APR-2025,6.3899533024743,7589,M87,0.71444499492645,215103,AP-N201-F101,0.14983460307121,0.14983460307121,164.08569335938,267.85000610352
06-APR-2025,6.3899533024743,7589,M87,0.71444499492645,215103,AP-N202-F101,0.13752456009388,0.13752456009388,155.42321777344,267.85000610352
06-APR-2025,6.3899533024743,7589,M87,0.71444499492645,227103,AP-N203-F102,0.14968529343605,0.14968529343605,169.87538146973,267.85000610352
06-APR-2025,6.3899533024743,7589,M87,0.71444499492645,227103,AP-N204-F102,0.14071114361286,0.14071114361286,160.69157409668,267.85000610352
06-APR-2025,6.4942588574492,7594,3C273,0.80830138921738,215103,AP-N201-F101,0.15168930590153,0.15168930590153,157.55265808105,268.14999389648
06-APR-2025,6.4942588574492,7594,3C273,0.80830138921738,215103,AP-N202-F101,0.13811698555946,0.13811698555946,148.96366882324,268.14999389648
06-APR-2025,6.4942588574492,7594,3C273,0.80830138921738,227103,AP-N203-F102,0.1504684984684,0.1504684984684,162.42420959473,268.14999389648
06-APR-2025,6.4942588574492,7594,3C273,0.80830138921738,227103,AP-N204-F102,0.14161375164986,0.14161375164986,153.9907989502,268.14999389648
06-APR-2025,6.5110644125015,7598,3C273,0.80477356910706,215103,AP-N201-F101,0.15168930590153,0.15168930590153,157.55265808105,268.14999389648
06-APR-2025,6.5110644125015,7598,3C273,0.80477356910706,215103,AP-N202-F101,0.13811698555946,0.13811698555946,148.96366882324,268.14999389648
06-APR-2025,6.5110644125015,7598,3C273,0.80477356910706,227103,AP-N203-F102,0.1504684984684,0.1504684984684,162.42420959473,268.14999389648
06-APR-2025,6.5110644125015,7598,3C273,0.80477356910706,227103,AP-N204-F102,0.14161375164986,0.14161375164986,153.9907989502,268.14999389648
06-APR-2025,6.5199533009424,7598,3C273,0.80290448665619,215103,AP-N201-F101,0.15168930590153,0.15168930590153,157.55265808105,268.14999389648
06-APR-2025,6.5199533009424,7598,3C273,0.80290448665619,215103,AP-N202-F101,0.13811698555946,0.13811698555946,148.96366882324,268.14999389648
06-APR-2025,6.5199533009424,7598,3C273,0.80290448665619,227103,AP-N203-F102,0.1504684984684,0.1504684984684,162.42420959473,268.14999389648
06-APR-2025,6.5199533009424,7598,3C273,0.80290448665619,227103,AP-N204-F102,0.14161375164986,0.14161375164986,153.9907989502,268.14999389648
06-APR-2025,6.5291199670488,7598,3C273,0.80097484588623,215103,AP-N201-F101,0.15168930590153,0.15168930590153,157.55265808105,268.14999389648
06-APR-2025,6.5291199670488,7598,3C273,0.80097484588623,215103,AP-N202-F101,0.13811698555946,0.13811698555946,148.96366882324,268.14999389648
06-APR-2025,6.5291199670488,7598,3C273,0.80097484588623,227103,AP-N203-F102,0.1504684984684,0.1504684984684,162.42420959473,268.14999389648
06-APR-2025,6.5291199670488,7598,3C273,0.80097484588623,227103,AP-N204-F102,0.14161375164986,0.14161375164986,153.9907989502,268.14999389648
06-APR-2025,6.5870366344143,7603,M87,0.6784975528717,215103,AP-N201-F101,0.14971967041492,0.14971967041492,169.52033996582,268.25
06-APR-2025,6.5870366344143,7603,M87,0.6784975528717,215103,AP-N202-F101,0.13801203668118,0.13801203668118,160.72520446777,268.25
06-APR-2025,6.5870366344143,7603,M87,0.6784975528717,227103,AP-N203-F102,0.15057083964348,0.15057083964348,175.92546081543,268.25
06-APR-2025,6.5870366344143,7603,M87,0.6784975528717,227103,AP-N204-F102,0.14239773154259,0.14239773154259,166.48159790039,268.25
06-APR-2025,6.6110644113903,7607,M87,0.67401844263077,215103,AP-N201-F101,0.14971967041492,0.14971967041492,169.52033996582,268.25
06-APR-2025,6.6110644113903,7607,M87,0.67401844263077,215103,AP-N202-F101,0.13801203668118,0.13801203668118,160.72520446777,268.25
06-APR-2025,6.6110644113903,7607,M87,0.67401844263077,227103,AP-N203-F102,0.15057083964348,0.15057083964348,175.92546081543,268.25
06-APR-2025,6.6110644113903,7607,M87,0.67401844263077,227103,AP-N204-F102,0.14239773154259,0.14239773154259,166.48159790039,268.25
06-APR-2025,6.6200921884893,7607,M87,0.67233037948608,215103,AP-N201-F101,0.14971967041492,0.14971967041492,169.52033996582,268.25
06-APR-2025,6.6200921884893,7607,M87,0.67233037948608,215103,AP-N202-F101,0.13801203668118,0.13801203668118,160.72520446777,268.25
06-APR-2025,6.6200921884893,7607,M87,0.67233037948608,227103,AP-N203-F102,0.15057083964348,0.15057083964348,175.92546081543,268.25
06-APR-2025,6.6200921884893,7607,M87,0.67233037948608,227103,AP-N204-F102,0.14239773154259,0.14239773154259,166.48159790039,268.25
06-APR-2025,6.6291199661122,7607,M87,0.6706395149231,215103,AP-N201-F101,0.14971967041492,0.14971967041492,169.52033996582,268.25
06-APR-2025,6.6291199661122,7607,M87,0.6706395149231,215103,AP-N202-F101,0.13801203668118,0.13801203668118,160.72520446777,268.25
06-APR-2025,6.6291199661122,7607,M87,0.6706395149231,227103,AP-N203-F102,0.15057083964348,0.15057083964348,175.92546081543,268.25
06-APR-2025,6.6291199661122,7607,M87,0.6706395149231,227103,AP-N204-F102,0.14239773154259,0.14239773154259,166.48159790039,268.25
06-APR-2025,6.6382866322186,7607,M87,0.66891980171204,215103,AP-N201-F101,0.14971967041492,0.14971967041492,169.52033996582,268.25
06-APR-2025,6.6382866322186,7607,M87,0.66891980171204,215103,AP-N202-F101,0.13801203668118,0.13801203668118,160.72520446777,268.25
06-APR-2025,6.6382866322186,7607,M87,0.66891980171204,227103,AP-N203-F102,0.15057083964348,0.15057083964348,175.92546081543,268.25
06-APR-2025,6.6382866322186,7607,M87,0.66891980171204,227103,AP-N204-F102,0.14239773154259,0.14239773154259,166.48159790039,268.25
06-APR-2025,6.6970366324062,7610,M87,0.65783125162125,215103,AP-N201-F101,0.14537820219994,0.14537820219994,169.27964782715,268.54998779297
06-APR-2025,6.6970366324062,7610,M87,0.65783125162125,215103,AP-N202-F101,0.13422687351704,0.13422687351704,160.54217529297,268.54998779297
06-APR-2025,6.6970366324062,7610,M87,0.65783125162125,227103,AP-N203-F102,0.14647094905376,0.14647094905376,175.83352661133,268.54998779297
06-APR-2025,6.6970366324062,7610,M87,0.65783125162125,227103,AP-N204-F102,0.13802286982536,0.13802286982536,166.26565551758,268.54998779297
06-APR-2025,6.7280088548626,7614,M87,0.65193963050842,215103,AP-N201-F101,0.14537820219994,0.14537820219994,169.27964782715,268.54998779297
06-APR-2025,6.7280088548626,7614,M87,0.65193963050842,215103,AP-N202-F101,0.13422687351704,0.13422687351704,160.54217529297,268.54998779297
06-APR-2025,6.7280088548626,7614,M87,0.65193963050842,227103,AP-N203-F102,0.14647094905376,0.14647094905376,175.83352661133,268.54998779297
06-APR-2025,6.7280088548626,7614,M87,0.65193963050842,227103,AP-N204-F102,0.13802286982536,0.13802286982536,166.26565551758,268.54998779297
06-APR-2025,6.7368977436528,7614,M87,0.65024310350418,215103,AP-N201-F101,0.14537820219994,0.14537820219994,169.27964782715,268.54998779297
06-APR-2025,6.7368977436528,7614,M87,0.65024310350418,215103,AP-N202-F101,0.13422687351704,0.13422687351704,160.54217529297,268.54998779297
06-APR-2025,6.7368977436528,7614,M87,0.65024310350418,227103,AP-N203-F102,0.14647094905376,0.14647094905376,175.83352661133,268.54998779297
06-APR-2025,6.7368977436528,7614,M87,0.65024310350418,227103,AP-N204-F102,0.13802286982536,0.13802286982536,166.26565551758,268.54998779297
06-APR-2025,6.7457866322682,7614,M87,0.64854407310486,215103,AP-N201-F101,0.14537820219994,0.14537820219994,169.27964782715,268.54998779297
06-APR-2025,6.7457866322682,7614,M87,0.64854407310486,215103,AP-N202-F101,0.13422687351704,0.13422687351704,160.54217529297,268.54998779297
06-APR-2025,6.7457866322682,7614,M87,0.64854407310486,227103,AP-N203-F102,0.14647094905376,0.14647094905376,175.83352661133,268.54998779297
06-APR-2025,6.7457866322682,7614,M87,0.64854407310486,227103,AP-N204-F102,0.13802286982536,0.13802286982536,166.26565551758,268.54998779297
06-APR-2025,6.7549532999463,7614,M87,0.64678931236267,215103,AP-N201-F101,0.14537820219994,0.14537820219994,169.27964782715,268.54998779297
06-APR-2025,6.7549532999463,7614,M87,0.64678931236267,215103,AP-N202-F101,0.13422687351704,0.13422687351704,160.54217529297,268.54998779297
06-APR-2025,6.7549532999463,7614,M87,0.64678931236267,227103,AP-N203-F102,0.14647094905376,0.14647094905376,175.83352661133,268.54998779297
06-APR-2025,6.7549532999463,7614,M87,0.64678931236267,227103,AP-N204-F102,0.13802286982536,0.13802286982536,166.26565551758,268.54998779297
06-APR-2025,6.8450921876916,7619,3C279,0.90603274106979,215103,AP-N201-F101,0.1511372923851,0.1511372923851,150.51141357422,268.25
06-APR-2025,6.8450921876916,7619,3C279,0.90603274106979,215103,AP-N202-F101,0.13594704866409,0.13594704866409,141.71379089355,268.25
06-APR-2025,6.8450921876916,7619,3C279,0.90603274106979,227103,AP-N203-F102,0.14768208563328,0.14768208563328,154.37557983398,268.25
06-APR-2025,6.8450921876916,7619,3C279,0.90603274106979,227103,AP-N204-F102,0.13876448571682,0.13876448571682,146.31771850586,268.25
06-APR-2025,6.8613421863651,7623,3C279,0.9023665189743,215103,AP-N201-F101,0.1511372923851,0.1511372923851,150.51141357422,268.25
06-APR-2025,6.8613421863651,7623,3C279,0.9023665189743,215103,AP-N202-F101,0.13594704866409,0.13594704866409,141.71379089355,268.25
06-APR-2025,6.8613421863651,7623,3C279,0.9023665189743,227103,AP-N203-F102,0.14768208563328,0.14768208563328,154.37557983398,268.25
06-APR-2025,6.8613421863651,7623,3C279,0.9023665189743,227103,AP-N204-F102,0.13876448571682,0.13876448571682,146.31771850586,268.25
06-APR-2025,6.8702310753298,7623,3C279,0.90035915374756,215103,AP-N201-F101,0.1511372923851,0.1511372923851,150.51141357422,268.25
06-APR-2025,6.8702310753298,7623,3C279,0.90035915374756,215103,AP-N202-F101,0.13594704866409,0.13594704866409,141.71379089355,268.25
06-APR-2025,6.8702310753298,7623,3C279,0.90035915374756,227103,AP-N203-F102,0.14768208563328,0.14768208563328,154.37557983398,268.25
06-APR-2025,6.8702310753298,7623,3C279,0.90035915374756,227103,AP-N204-F102,0.13876448571682,0.13876448571682,146.31771850586,268.25
06-APR-2025,6.8793977435317,7623,3C279,0.89828753471375,215103,AP-N201-F101,0.1511372923851,0.1511372923851,150.51141357422,268.25
06-APR-2025,6.8793977435317,7623,3C279,0.89828753471375,215103,AP-N202-F101,0.13594704866409,0.13594704866409,141.71379089355,268.25
06-APR-2025,6.8793977435317,7623,3C279,0.89828753471375,227103,AP-N203-F102,0.14768208563328,0.14768208563328,154.37557983398,268.25
06-APR-2025,6.8793977435317,7623,3C279,0.89828753471375,227103,AP-N204-F102,0.13876448571682,0.13876448571682,146.31771850586,268.25
06-APR-2025,7.0452665515799,7628,3C273,0.68917113542557,215103,AP-N201-F101,0,0,0,0
06-APR-2025,7.0452665515799,7628,3C273,0.68917113542557,215103,AP-N202-F101,0,0,0,0
06-APR-2025,7.0452665515799,7628,3C273,0.68917113542557,227103,AP-N203-F102,0,0,0,0
06-APR-2025,7.0452665515799,7628,3C273,0.68917113542557,227103,AP-N204-F102,0,0,0,0
06-APR-2025,7.0617943263473,7632,3C273,0.68550282716751,215103,AP-N201-F101,0,0,0,0
06-APR-2025,7.0617943263473,7632,3C273,0.68550282716751,215103,AP-N202-F101,0,0,0,0
06-APR-2025,7.0617943263473,7632,3C273,0.68550282716751,227103,AP-N203-F102,0,0,0,0
06-APR-2025,7.0617943263473,7632,3C273,0.68550282716751,227103,AP-N204-F102,0,0,0,0
06-APR-2025,7.0706832151375,7632,3C273,0.68352806568146,215103,AP-N201-F101,0,0,0,0
06-APR-2025,7.0706832151375,7632,3C273,0.68352806568146,215103,AP-N202-F101,0,0,0,0
06-APR-2025,7.0706832151375,7632,3C273,0.68352806568146,227103,AP-N203-F102,0,0,0,0
06-APR-2025,7.0706832151375,7632,3C273,0.68352806568146,227103,AP-N204-F102,0,0,0,0
06-APR-2025,7.0795721051499,7632,3C273,0.68155187368393,215103,AP-N201-F101,0,0,0,0
06-APR-2025,7.0795721051499,7632,3C273,0.68155187368393,215103,AP-N202-F101,0,0,0,0
06-APR-2025,7.0795721051499,7632,3C273,0.68155187368393,227103,AP-N203-F102,0,0,0,0
06-APR-2025,7.0795721051499,7632,3C273,0.68155187368393,227103,AP-N204-F102,0,0,0,0
06-APR-2025,7.1377665454662,7637,M87,0.57131999731064,215103,AP-N201-F101,0.14235328137875,0.14235328137875,179.82545471191,268.54998779297
06-APR-2025,7.1377665454662,7637,M87,0.57131999731064,215103,AP-N202-F101,0.13261391222477,0.13261391222477,171.03004455566,268.54998779297
06-APR-2025,7.1377665454662,7637,M87,0.57131999731064,227103,AP-N203-F102,0.1443257778883,0.1443257778883,187.55662536621,268.54998779297
06-APR-2025,7.1377665454662,7637,M87,0.57131999731064,227103,AP-N204-F102,0.13688039779663,0.13688039779663,177.50776672363,268.54998779297
06-APR-2025,7.1612387723497,7641,M87,0.56656485795975,215103,AP-N201-F101,0.14235328137875,0.14235328137875,179.82545471191,268.54998779297
06-APR-2025,7.1612387723497,7641,M87,0.56656485795975,215103,AP-N202-F101,0.13261391222477,0.13261391222477,171.03004455566,268.54998779297
06-APR-2025,7.1612387723497,7641,M87,0.56656485795975,227103,AP-N203-F102,0.1443257778883,0.1443257778883,187.55662536621,268.54998779297
06-APR-2025,7.1612387723497,7641,M87,0.56656485795975,227103,AP-N204-F102,0.13688039779663,0.13688039779663,177.50776672363,268.54998779297
06-APR-2025,7.1702665468294,7641,M87,0.56473243236542,215103,AP-N201-F101,0.14235328137875,0.14235328137875,179.82545471191,268.54998779297
06-APR-2025,7.1702665468294,7641,M87,0.56473243236542,215103,AP-N202-F101,0.13261391222477,0.13261391222477,171.03004455566,268.54998779297
06-APR-2025,7.1702665468294,7641,M87,0.56473243236542,227103,AP-N203-F102,0.1443257778883,0.1443257778883,187.55662536621,268.54998779297
06-APR-2025,7.1702665468294,7641,M87,0.56473243236542,227103,AP-N204-F102,0.13688039779663,0.13688039779663,177.50776672363,268.54998779297
06-APR-2025,7.1795721063088,7641,M87,0.56284153461456,215103,AP-N201-F101,0.14235328137875,0.14235328137875,179.82545471191,268.54998779297
06-APR-2025,7.1795721063088,7641,M87,0.56284153461456,215103,AP-N202-F101,0.13261391222477,0.13261391222477,171.03004455566,268.54998779297
06-APR-2025,7.1795721063088,7641,M87,0.56284153461456,227103,AP-N203-F102,0.1443257778883,0.1443257778883,187.55662536621,268.54998779297
06-APR-2025,7.1795721063088,7641,M87,0.56284153461456,227103,AP-N204-F102,0.13688039779663,0.13688039779663,177.50776672363,268.54998779297
06-APR-2025,7.1884609945751,7641,M87,0.56103336811066,215103,AP-N201-F101,0.14235328137875,0.14235328137875,179.82545471191,268.54998779297
06-APR-2025,7.1884609945751,7641,M87,0.56103336811066,215103,AP-N202-F101,0.13261391222477,0.13261391222477,171.03004455566,268.54998779297
06-APR-2025,7.1884609945751,7641,M87,0.56103336811066,227103,AP-N203-F102,0.1443257778883,0.1443257778883,187.55662536621,268.54998779297
06-APR-2025,7.1884609945751,7641,M87,0.56103336811066,227103,AP-N204-F102,0.13688039779663,0.13688039779663,177.50776672363,268.54998779297
06-APR-2025,7.2472109895239,7644,M87,0.54903531074524,215103,AP-N201-F101,0.13531996309757,0.13531996309757,178.39996337891,268.75
06-APR-2025,7.2472109895239,7644,M87,0.54903531074524,215103,AP-N202-F101,0.12676328420639,0.12676328420639,170.11625671387,268.75
06-APR-2025,7.2472109895239,7644,M87,0.54903531074524,227103,AP-N203-F102,0.13773223757744,0.13773223757744,186.26954650879,268.75
06-APR-2025,7.2472109895239,7644,M87,0.54903531074524,227103,AP-N204-F102,0.13047789037228,0.13047789037228,176.35194396973,268.75
06-APR-2025,7.2781832156475,7648,M87,0.54267758131027,215103,AP-N201-F101,0.13531996309757,0.13531996309757,178.39996337891,268.75
06-APR-2025,7.2781832156475,7648,M87,0.54267758131027,215103,AP-N202-F101,0.12676328420639,0.12676328420639,170.11625671387,268.75
06-APR-2025,7.2781832156475,7648,M87,0.54267758131027,227103,AP-N203-F102,0.13773223757744,0.13773223757744,186.26954650879,268.75
06-APR-2025,7.2781832156475,7648,M87,0.54267758131027,227103,AP-N204-F102,0.13047789037228,0.13047789037228,176.35194396973,268.75
06-APR-2025,7.2870721044376,7648,M87,0.54084891080856,215103,AP-N201-F101,0.13531996309757,0.13531996309757,178.39996337891,268.75
06-APR-2025,7.2870721044376,7648,M87,0.54084891080856,215103,AP-N202-F101,0.12676328420639,0.12676328420639,170.11625671387,268.75
06-APR-2025,7.2870721044376,7648,M87,0.54084891080856,227103,AP-N203-F102,0.13773223757744,0.13773223757744,186.26954650879,268.75
06-APR-2025,7.2870721044376,7648,M87,0.54084891080856,227103,AP-N204-F102,0.13047789037228,0.13047789037228,176.35194396973,268.75
06-APR-2025,7.2959609918307,7648,M87,0.53901851177216,215103,AP-N201-F101,0.13531996309757,0.13531996309757,178.39996337891,268.75
06-APR-2025,7.2959609918307,7648,M87,0.53901851177216,215103,AP-N202-F101,0.12676328420639,0.12676328420639,170.11625671387,268.75
06-APR-2025,7.2959609918307,7648,M87,0.53901851177216,227103,AP-N203-F102,0.13773223757744,0.13773223757744,186.26954650879,268.75
06-APR-2025,7.2959609918307,7648,M87,0.53901851177216,227103,AP-N204-F102,0.13047789037228,0.13047789037228,176.35194396973,268.75
06-APR-2025,7.3051276591595,7648,M87,0.53712892532349,215103,AP-N201-F101,0.13531996309757,0.13531996309757,178.39996337891,268.75
06-APR-2025,7.3051276591595,7648,M87,0.53712892532349,215103,AP-N202-F101,0.12676328420639,0.12676328420639,170.11625671387,268.75
06-APR-2025,7.3051276591595,7648,M87,0.53712892532349,227103,AP-N203-F102,0.13773223757744,0.13773223757744,186.26954650879,268.75
06-APR-2025,7.3051276591595,7648,M87,0.53712892532349,227103,AP-N204-F102,0.13047789037228,0.13047789037228,176.35194396973,268.75
06-APR-2025,7.3944332102411,7653,3C279,0.77985501289368,215103,AP-N201-F101,0.13872644305229,0.13872644305229,152.31120300293,268.54998779297
06-APR-2025,7.3944332102411,7653,3C279,0.77985501289368,215103,AP-N202-F101,0.12578327953815,0.12578327953815,143.69805908203,268.54998779297
06-APR-2025,7.3944332102411,7653,3C279,0.77985501289368,227103,AP-N203-F102,0.13681995868683,0.13681995868683,157.16966247559,268.54998779297
06-APR-2025,7.3944332102411,7653,3C279,0.77985501289368,227103,AP-N204-F102,0.12799306213856,0.12799306213856,148.42327880859,268.54998779297
06-APR-2025,7.4106832164234,7657,3C279,0.77606403827667,215103,AP-N201-F101,0.13872644305229,0.13872644305229,152.31120300293,268.54998779297
06-APR-2025,7.4106832164234,7657,3C279,0.77606403827667,215103,AP-N202-F101,0.12578327953815,0.12578327953815,143.69805908203,268.54998779297
06-APR-2025,7.4106832164234,7657,3C279,0.77606403827667,227103,AP-N203-F102,0.13681995868683,0.13681995868683,157.16966247559,268.54998779297
06-APR-2025,7.4106832164234,7657,3C279,0.77606403827667,227103,AP-N204-F102,0.12799306213856,0.12799306213856,148.42327880859,268.54998779297
06-APR-2025,7.4195721032926,7657,3C279,0.77398931980133,215103,AP-N201-F101,0.13872644305229,0.13872644305229,152.31120300293,268.54998779297
06-APR-2025,7.4195721032926,7657,3C279,0.77398931980133,215103,AP-N202-F101,0.12578327953815,0.12578327953815,143.69805908203,268.54998779297
06-APR-2025,7.4195721032926,7657,3C279,0.77398931980133,227103,AP-N203-F102,0.13681995868683,0.13681995868683,157.16966247559,268.54998779297
06-APR-2025,7.4195721032926,7657,3C279,0.77398931980133,227103,AP-N204-F102,0.12799306213856,0.12799306213856,148.42327880859,268.54998779297
06-APR-2025,7.4284609933051,7657,3C279,0.77191382646561,215103,AP-N201-F101,0.13872644305229,0.13872644305229,152.31120300293,268.54998779297
06-APR-2025,7.4284609933051,7657,3C279,0.77191382646561,215103,AP-N202-F101,0.12578327953815,0.12578327953815,143.69805908203,268.54998779297
06-APR-2025,7.4284609933051,7657,3C279,0.77191382646561,227103,AP-N203-F102,0.13681995868683,0.13681995868683,157.16966247559,268.54998779297
06-APR-2025,7.4284609933051,7657,3C279,0.77191382646561,227103,AP-N204-F102,0.12799306213856,0.12799306213856,148.42327880859,268.54998779297
06-APR-2025,7.5110998809374,7662,M87,0.49419605731964,215103,AP-N201-F101,0.12919953465462,0.12919953465462,183.60162353516,268.25
06-APR-2025,7.5110998809374,7662,M87,0.49419605731964,215103,AP-N202-F101,0.12121230363846,0.12121230363846,174.81121826172,268.25
06-APR-2025,7.5110998809374,7662,M87,0.49419605731964,227103,AP-N203-F102,0.13172002136707,0.13172002136707,191.94253540039,268.25
06-APR-2025,7.5110998809374,7662,M87,0.49419605731964,227103,AP-N204-F102,0.12475414574146,0.12475414574146,181.31321716309,268.25
06-APR-2025,7.528044319933,7666,M87,0.49062532186508,215103,AP-N201-F101,0.12919953465462,0.12919953465462,183.60162353516,268.25
06-APR-2025,7.528044319933,7666,M87,0.49062532186508,215103,AP-N202-F101,0.12121230363846,0.12121230363846,174.81121826172,268.25
06-APR-2025,7.528044319933,7666,M87,0.49062532186508,227103,AP-N203-F102,0.13172002136707,0.13172002136707,191.94253540039,268.25
06-APR-2025,7.528044319933,7666,M87,0.49062532186508,227103,AP-N204-F102,0.12475414574146,0.12475414574146,181.31321716309,268.25
06-APR-2025,7.5370721000006,7666,M87,0.48872062563896,215103,AP-N201-F101,0.12919953465462,0.12919953465462,183.60162353516,268.25
06-APR-2025,7.5370721000006,7666,M87,0.48872062563896,215103,AP-N202-F101,0.12121230363846,0.12121230363846,174.81121826172,268.25
06-APR-2025,7.5370721000006,7666,M87,0.48872062563896,227103,AP-N203-F102,0.13172002136707,0.13172002136707,191.94253540039,268.25
06-APR-2025,7.5370721000006,7666,M87,0.48872062563896,227103,AP-N204-F102,0.12475414574146,0.12475414574146,181.31321716309,268.25
06-APR-2025,7.5467943195173,7666,M87,0.48666763305664,215103,AP-N201-F101,0.12919953465462,0.12919953465462,183.60162353516,268.25
06-APR-2025,7.5467943195173,7666,M87,0.48666763305664,215103,AP-N202-F101,0.12121230363846,0.12121230363846,174.81121826172,268.25
06-APR-2025,7.5467943195173,7666,M87,0.48666763305664,227103,AP-N203-F102,0.13172002136707,0.13172002136707,191.94253540039,268.25
06-APR-2025,7.5467943195173,7666,M87,0.48666763305664,227103,AP-N204-F102,0.12475414574146,0.12475414574146,181.31321716309,268.25
06-APR-2025,7.5556832090059,7666,M87,0.48478907346725,215103,AP-N201-F101,0.12919953465462,0.12919953465462,183.60162353516,268.25
06-APR-2025,7.5556832090059,7666,M87,0.48478907346725,215103,AP-N202-F101,0.12121230363846,0.12121230363846,174.81121826172,268.25
06-APR-2025,7.5556832090059,7666,M87,0.48478907346725,227103,AP-N203-F102,0.13172002136707,0.13172002136707,191.94253540039,268.25
06-APR-2025,7.5556832090059,7666,M87,0.48478907346725,227103,AP-N204-F102,0.12475414574146,0.12475414574146,181.31321716309,268.25
06-APR-2025,7.6147109861605,7669,M87,0.47227603197098,215103,AP-N201-F101,0.12886242568493,0.12886242568493,188.36839294434,268.14999389648
06-APR-2025,7.6147109861605,7669,M87,0.47227603197098,215103,AP-N202-F101,0.12100782990456,0.12100782990456,179.54972839355,268.14999389648
06-APR-2025,7.6147109861605,7669,M87,0.47227603197098,227103,AP-N203-F102,0.13172110915184,0.13172110915184,197.23316955566,268.14999389648
06-APR-2025,7.6147109861605,7669,M87,0.47227603197098,227103,AP-N204-F102,0.12471602112055,0.12471602112055,185.95826721191,268.14999389648
06-APR-2025,7.6440165427983,7673,M87,0.46603921055794,215103,AP-N201-F101,0.12886242568493,0.12886242568493,188.36839294434,268.14999389648
06-APR-2025,7.6440165427983,7673,M87,0.46603921055794,215103,AP-N202-F101,0.12100782990456,0.12100782990456,179.54972839355,268.14999389648
06-APR-2025,7.6440165427983,7673,M87,0.46603921055794,227103,AP-N203-F102,0.13172110915184,0.13172110915184,197.23316955566,268.14999389648
06-APR-2025,7.6440165427983,7673,M87,0.46603921055794,227103,AP-N204-F102,0.12471602112055,0.12471602112055,185.95826721191,268.14999389648
06-APR-2025,7.6529054287944,7673,M87,0.46414443850517,215103,AP-N201-F101,0.12886242568493,0.12886242568493,188.36839294434,268.14999389648
06-APR-2025,7.6529054287944,7673,M87,0.46414443850517,215103,AP-N202-F101,0.12100782990456,0.12100782990456,179.54972839355,268.14999389648
06-APR-2025,7.6529054287944,7673,M87,0.46414443850517,227103,AP-N203-F102,0.13172110915184,0.13172110915184,197.23316955566,268.14999389648
06-APR-2025,7.6529054287944,7673,M87,0.46414443850517,227103,AP-N204-F102,0.12471602112055,0.12471602112055,185.95826721191,268.14999389648
06-APR-2025,7.6617943205531,7673,M87,0.46224826574326,215103,AP-N201-F101,0.12886242568493,0.12886242568493,188.36839294434,268.14999389648
06-APR-2025,7.6617943205531,7673,M87,0.46224826574326,215103,AP-N202-F101,0.12100782990456,0.12100782990456,179.54972839355,268.14999389648
06-APR-2025,7.6617943205531,7673,M87,0.46224826574326,227103,AP-N203-F102,0.13172110915184,0.13172110915184,197.23316955566,268.14999389648
06-APR-2025,7.6617943205531,7673,M87,0.46224826574326,227103,AP-N204-F102,0.12471602112055,0.12471602112055,185.95826721191,268.14999389648
06-APR-2025,7.6706832074224,7673,M87,0.46035063266754,215103,AP-N201-F101,0.12886242568493,0.12886242568493,188.36839294434,268.14999389648
06-APR-2025,7.6706832074224,7673,M87,0.46035063266754,215103,AP-N202-F101,0.12100782990456,0.12100782990456,179.54972839355,268.14999389648
06-APR-2025,7.6706832074224,7673,M87,0.46035063266754,227103,AP-N203-F102,0.13172110915184,0.13172110915184,197.23316955566,268.14999389648
06-APR-2025,7.6706832074224,7673,M87,0.46035063266754,227103,AP-N204-F102,0.12471602112055,0.12471602112055,185.95826721191,268.14999389648
06-APR-2025,7.7783220956063,7678,3C273,0.52268195152283,215103,AP-N201-F101,0.13360024988651,0.13360024988651,181.41416931152,267.95001220703
06-APR-2025,7.7783220956063,7678,3C273,0.52268195152283,215103,AP-N202-F101,0.12468192726374,0.12468192726374,172.6118927002,267.95001220703
06-APR-2025,7.7783220956063,7678,3C273,0.52268195152283,227103,AP-N203-F102,0.13601183891296,0.13601183891296,189.50396728516,267.95001220703
06-APR-2025,7.7783220956063,7678,3C273,0.52268195152283,227103,AP-N204-F102,0.12839129567146,0.12839129567146,179.08152770996,267.95001220703
06-APR-2025,7.7948498726438,7682,3C273,0.51885426044464,215103,AP-N201-F101,0.13360024988651,0.13360024988651,181.41416931152,267.95001220703
06-APR-2025,7.7948498726438,7682,3C273,0.51885426044464,215103,AP-N202-F101,0.12468192726374,0.12468192726374,172.6118927002,267.95001220703
06-APR-2025,7.7948498726438,7682,3C273,0.51885426044464,227103,AP-N203-F102,0.13601183891296,0.13601183891296,189.50396728516,267.95001220703
06-APR-2025,7.7948498726438,7682,3C273,0.51885426044464,227103,AP-N204-F102,0.12839129567146,0.12839129567146,179.08152770996,267.95001220703
06-APR-2025,7.804016541195,7682,3C273,0.51673018932343,215103,AP-N201-F101,0.13360024988651,0.13360024988651,181.41416931152,267.95001220703
06-APR-2025,7.804016541195,7682,3C273,0.51673018932343,215103,AP-N202-F101,0.12468192726374,0.12468192726374,172.6118927002,267.95001220703
06-APR-2025,7.804016541195,7682,3C273,0.51673018932343,227103,AP-N203-F102,0.13601183891296,0.13601183891296,189.50396728516,267.95001220703
06-APR-2025,7.804016541195,7682,3C273,0.51673018932343,227103,AP-N204-F102,0.12839129567146,0.12839129567146,179.08152770996,267.95001220703
06-APR-2025,7.8129054271911,7682,3C273,0.51466965675354,215103,AP-N201-F101,0.13360024988651,0.13360024988651,181.41416931152,267.95001220703
06-APR-2025,7.8129054271911,7682,3C273,0.51466965675354,215103,AP-N202-F101,0.12468192726374,0.12468192726374,172.6118927002,267.95001220703
06-APR-2025,7.8129054271911,7682,3C273,0.51466965675354,227103,AP-N203-F102,0.13601183891296,0.13601183891296,189.50396728516,267.95001220703
06-APR-2025,7.8129054271911,7682,3C273,0.51466965675354,227103,AP-N204-F102,0.12839129567146,0.12839129567146,179.08152770996,267.95001220703
06-APR-2025,7.8722109874246,7687,M87,0.41696152091026,215103,AP-N201-F101,0.12909816205502,0.12909816205502,203.89971923828,268.04998779297
06-APR-2025,7.8722109874246,7687,M87,0.41696152091026,215103,AP-N202-F101,0.12233974039555,0.12233974039555,194.62561035156,268.04998779297
06-APR-2025,7.8722109874246,7687,M87,0.41696152091026,227103,AP-N203-F102,0.1330111771822,0.1330111771822,214.53065490723,268.04998779297
06-APR-2025,7.8722109874246,7687,M87,0.41696152091026,227103,AP-N204-F102,0.12661558389664,0.12661558389664,202.60369873047,268.04998779297
06-APR-2025,7.8945720964864,7691,M87,0.41210588812828,215103,AP-N201-F101,0.12909816205502,0.12909816205502,203.89971923828,268.04998779297
06-APR-2025,7.8945720964864,7691,M87,0.41210588812828,215103,AP-N202-F101,0.12233974039555,0.12233974039555,194.62561035156,268.04998779297
06-APR-2025,7.8945720964864,7691,M87,0.41210588812828,227103,AP-N203-F102,0.1330111771822,0.1330111771822,214.53065490723,268.04998779297
06-APR-2025,7.8945720964864,7691,M87,0.41210588812828,227103,AP-N204-F102,0.12661558389664,0.12661558389664,202.60369873047,268.04998779297
06-APR-2025,7.9035998728869,7691,M87,0.41014331579208,215103,AP-N201-F101,0.12909816205502,0.12909816205502,203.89971923828,268.04998779297
06-APR-2025,7.9035998728869,7691,M87,0.41014331579208,215103,AP-N202-F101,0.12233974039555,0.12233974039555,194.62561035156,268.04998779297
06-APR-2025,7.9035998728869,7691,M87,0.41014331579208,227103,AP-N203-F102,0.1330111771822,0.1330111771822,214.53065490723,268.04998779297
06-APR-2025,7.9035998728869,7691,M87,0.41014331579208,227103,AP-N204-F102,0.12661558389664,0.12661558389664,202.60369873047,268.04998779297
06-APR-2025,7.9129054290485,7691,M87,0.40811893343925,215103,AP-N201-F101,0.12909816205502,0.12909816205502,203.89971923828,268.04998779297
06-APR-2025,7.9129054290485,7691,M87,0.40811893343925,215103,AP-N202-F101,0.12233974039555,0.12233974039555,194.62561035156,268.04998779297
06-APR-2025,7.9129054290485,7691,M87,0.40811893343925,227103,AP-N203-F102,0.1330111771822,0.1330111771822,214.53065490723,268.04998779297
06-APR-2025,7.9129054290485,7691,M87,0.40811893343925,227103,AP-N204-F102,0.12661558389664,0.12661558389664,202.60369873047,268.04998779297
06-APR-2025,7.9217943160924,7691,M87,0.40618404746056,215103,AP-N201-F101,0.12909816205502,0.12909816205502,203.89971923828,268.04998779297
06-APR-2025,7.9217943160924,7691,M87,0.40618404746056,215103,AP-N202-F101,0.12233974039555,0.12233974039555,194.62561035156,268.04998779297
06-APR-2025,7.9217943160924,7691,M87,0.40618404746056,227103,AP-N203-F102,0.1330111771822,0.1330111771822,214.53065490723,268.04998779297
06-APR-2025,7.9217943160924,7691,M87,0.40618404746056,227103,AP-N204-F102,0.12661558389664,0.12661558389664,202.60369873047,268.04998779297
06-APR-2025,7.9810998717856,7694,M87,0.39324340224266,215103,AP-N201-F101,0.1245286911726,0.1245286911726,206.5238494873,268.04998779297
06-APR-2025,7.9810998717856,7694,M87,0.39324340224266,215103,AP-N202-F101,0.11811552196741,0.11811552196741,197.42172241211,268.04998779297
06-APR-2025,7.9810998717856,7694,M87,0.39324340224266,227103,AP-N203-F102,0.1283528059721,0.1283528059721,217.25462341309,268.04998779297
06-APR-2025,7.9810998717856,7694,M87,0.39324340224266,227103,AP-N204-F102,0.12214459478855,0.12214459478855,205.46408081055,268.04998779297
06-APR-2025,8.0112387610708,7698,M87,0.38664683699608,215103,AP-N201-F101,0.1245286911726,0.1245286911726,206.5238494873,268.04998779297
06-APR-2025,8.0112387610708,7698,M87,0.38664683699608,215103,AP-N202-F101,0.11811552196741,0.11811552196741,197.42172241211,268.04998779297
06-APR-2025,8.0112387610708,7698,M87,0.38664683699608,227103,AP-N203-F102,0.1283528059721,0.1283528059721,217.25462341309,268.04998779297
06-APR-2025,8.0112387610708,7698,M87,0.38664683699608,227103,AP-N204-F102,0.12214459478855,0.12214459478855,205.46408081055,268.04998779297
06-APR-2025,8.0201276498609,7698,M87,0.38469871878624,215103,AP-N201-F101,0.1245286911726,0.1245286911726,206.5238494873,268.04998779297
06-APR-2025,8.0201276498609,7698,M87,0.38469871878624,215103,AP-N202-F101,0.11811552196741,0.11811552196741,197.42172241211,268.04998779297
06-APR-2025,8.0201276498609,7698,M87,0.38469871878624,227103,AP-N203-F102,0.1283528059721,0.1283528059721,217.25462341309,268.04998779297
06-APR-2025,8.0201276498609,7698,M87,0.38469871878624,227103,AP-N204-F102,0.12214459478855,0.12214459478855,205.46408081055,268.04998779297
06-APR-2025,8.0292943192852,7698,M87,0.38268852233887,215103,AP-N201-F101,0.1245286911726,0.1245286911726,206.5238494873,268.04998779297
06-APR-2025,8.0292943192852,7698,M87,0.38268852233887,215103,AP-N202-F101,0.11811552196741,0.11811552196741,197.42172241211,268.04998779297
06-APR-2025,8.0292943192852,7698,M87,0.38268852233887,227103,AP-N203-F102,0.1283528059721,0.1283528059721,217.25462341309,268.04998779297
06-APR-2025,8.0292943192852,7698,M87,0.38268852233887,227103,AP-N204-F102,0.12214459478855,0.12214459478855,205.46408081055,268.04998779297
06-APR-2025,8.038460985217,7698,M87,0.3806771337986,215103,AP-N201-F101,0.1245286911726,0.1245286911726,206.5238494873,268.04998779297
06-APR-2025,8.038460985217,7698,M87,0.3806771337986,215103,AP-N202-F101,0.11811552196741,0.11811552196741,197.42172241211,268.04998779297
06-APR-2025,8.038460985217,7698,M87,0.3806771337986,227103,AP-N203-F102,0.1283528059721,0.1283528059721,217.25462341309,268.04998779297
06-APR-2025,8.038460985217,7698,M87,0.3806771337986,227103,AP-N204-F102,0.12214459478855,0.12214459478855,205.46408081055,268.04998779297
06-APR-2025,8.1280443146627,7703,3C279,0.60655307769775,215103,AP-N201-F101,0.13325425982475,0.13325425982475,167.20596313477,267.95001220703
06-APR-2025,8.1280443146627,7703,3C279,0.60655307769775,215103,AP-N202-F101,0.12300110608339,0.12300110608339,158.6170501709,267.95001220703
06-APR-2025,8.1280443146627,7703,3C279,0.60655307769775,227103,AP-N203-F102,0.13411289453506,0.13411289453506,173.88114929199,267.95001220703
06-APR-2025,8.1280443146627,7703,3C279,0.60655307769775,227103,AP-N204-F102,0.12619777023792,0.12619777023792,163.97909545898,267.95001220703
06-APR-2025,8.1440165382899,7707,3C279,0.60274136066437,215103,AP-N201-F101,0.13325425982475,0.13325425982475,167.20596313477,267.95001220703
06-APR-2025,8.1440165382899,7707,3C279,0.60274136066437,215103,AP-N202-F101,0.12300110608339,0.12300110608339,158.6170501709,267.95001220703
06-APR-2025,8.1440165382899,7707,3C279,0.60274136066437,227103,AP-N203-F102,0.13411289453506,0.13411289453506,173.88114929199,267.95001220703
06-APR-2025,8.1440165382899,7707,3C279,0.60274136066437,227103,AP-N204-F102,0.12619777023792,0.12619777023792,163.97909545898,267.95001220703
06-APR-2025,8.1529054251592,7707,3C279,0.60061955451965,215103,AP-N201-F101,0.13325425982475,0.13325425982475,167.20596313477,267.95001220703
06-APR-2025,8.1529054251592,7707,3C279,0.60061955451965,215103,AP-N202-F101,0.12300110608339,0.12300110608339,158.6170501709,267.95001220703
06-APR-2025,8.1529054251592,7707,3C279,0.60061955451965,227103,AP-N203-F102,0.13411289453506,0.13411289453506,173.88114929199,267.95001220703
06-APR-2025,8.1529054251592,7707,3C279,0.60061955451965,227103,AP-N204-F102,0.12619777023792,0.12619777023792,163.97909545898,267.95001220703
06-APR-2025,8.162072093885,7707,3C279,0.59843111038208,215103,AP-N201-F101,0.13325425982475,0.13325425982475,167.20596313477,267.95001220703
06-APR-2025,8.162072093885,7707,3C279,0.59843111038208,215103,AP-N202-F101,0.12300110608339,0.12300110608339,158.6170501709,267.95001220703
06-APR-2025,8.162072093885,7707,3C279,0.59843111038208,227103,AP-N203-F102,0.13411289453506,0.13411289453506,173.88114929199,267.95001220703
06-APR-2025,8.162072093885,7707,3C279,0.59843111038208,227103,AP-N204-F102,0.12619777023792,0.12619777023792,163.97909545898,267.95001220703
06-APR-2025,8.3443841174428,7715,3C273,0.39025488495827,215103,AP-N201-F101,0.11999367177486,0.11999367177486,202.36627197266,268.25
06-APR-2025,8.3443841174428,7715,3C273,0.39025488495827,215103,AP-N202-F101,0.1136632040143,0.1136632040143,193.62176513672,268.25
06-APR-2025,8.3443841174428,7715,3C273,0.39025488495827,227103,AP-N203-F102,0.12350698560476,0.12350698560476,212.84744262695,268.25
06-APR-2025,8.3443841174428,7715,3C273,0.39025488495827,227103,AP-N204-F102,0.11779513210058,0.11779513210058,201.30308532715,268.25
06-APR-2025,8.3611896745906,7719,3C273,0.38628709316254,215103,AP-N201-F101,0.11999367177486,0.11999367177486,202.36627197266,268.25
06-APR-2025,8.3611896745906,7719,3C273,0.38628709316254,215103,AP-N202-F101,0.1136632040143,0.1136632040143,193.62176513672,268.25
06-APR-2025,8.3611896745906,7719,3C273,0.38628709316254,227103,AP-N203-F102,0.12350698560476,0.12350698560476,212.84744262695,268.25
06-APR-2025,8.3611896745906,7719,3C273,0.38628709316254,227103,AP-N204-F102,0.11779513210058,0.11779513210058,201.30308532715,268.25
06-APR-2025,8.3700785630314,7719,3C273,0.38418766856194,215103,AP-N201-F101,0.11999367177486,0.11999367177486,202.36627197266,268.25
06-APR-2025,8.3700785630314,7719,3C273,0.38418766856194,215103,AP-N202-F101,0.1136632040143,0.1136632040143,193.62176513672,268.25
06-APR-2025,8.3700785630314,7719,3C273,0.38418766856194,227103,AP-N203-F102,0.12350698560476,0.12350698560476,212.84744262695,268.25
06-APR-2025,8.3700785630314,7719,3C273,0.38418766856194,227103,AP-N204-F102,0.11779513210058,0.11779513210058,201.30308532715,268.25
06-APR-2025,8.3789674521708,7719,3C273,0.38208776712418,215103,AP-N201-F101,0.11999367177486,0.11999367177486,202.36627197266,268.25
06-APR-2025,8.3789674521708,7719,3C273,0.38208776712418,215103,AP-N202-F101,0.1136632040143,0.1136632040143,193.62176513672,268.25
06-APR-2025,8.3789674521708,7719,3C273,0.38208776712418,227103,AP-N203-F102,0.12350698560476,0.12350698560476,212.84744262695,268.25
06-APR-2025,8.3789674521708,7719,3C273,0.38208776712418,227103,AP-N204-F102,0.11779513210058,0.11779513210058,201.30308532715,268.25
06-APR-2025,8.4379952286269,7724,M87,0.29191169142723,215103,AP-N201-F101,0.11355321854353,0.11355321854353,238.58451843262,268.64999389648
06-APR-2025,8.4379952286269,7724,M87,0.29191169142723,215103,AP-N202-F101,0.1089920848608,0.1089920848608,229.46148681641,268.64999389648
06-APR-2025,8.4379952286269,7724,M87,0.29191169142723,227103,AP-N203-F102,0.11799306422472,0.11799306422472,252.84555053711,268.64999389648
06-APR-2025,8.4379952286269,7724,M87,0.29191169142723,227103,AP-N204-F102,0.11349754035473,0.11349754035473,239.99494934082,268.64999389648
06-APR-2025,8.4598007853262,7728,M87,0.28701031208038,215103,AP-N201-F101,0.11355321854353,0.11355321854353,238.58451843262,268.64999389648
06-APR-2025,8.4598007853262,7728,M87,0.28701031208038,215103,AP-N202-F101,0.1089920848608,0.1089920848608,229.46148681641,268.64999389648
06-APR-2025,8.4598007853262,7728,M87,0.28701031208038,227103,AP-N203-F102,0.11799306422472,0.11799306422472,252.84555053711,268.64999389648
06-APR-2025,8.4598007853262,7728,M87,0.28701031208038,227103,AP-N204-F102,0.11349754035473,0.11349754035473,239.99494934082,268.64999389648
06-APR-2025,8.4686896744656,7728,M87,0.28501069545746,215103,AP-N201-F101,0.11355321854353,0.11355321854353,238.58451843262,268.64999389648
06-APR-2025,8.4686896744656,7728,M87,0.28501069545746,215103,AP-N202-F101,0.1089920848608,0.1089920848608,229.46148681641,268.64999389648
06-APR-2025,8.4686896744656,7728,M87,0.28501069545746,227103,AP-N203-F102,0.11799306422472,0.11799306422472,252.84555053711,268.64999389648
06-APR-2025,8.4686896744656,7728,M87,0.28501069545746,227103,AP-N204-F102,0.11349754035473,0.11349754035473,239.99494934082,268.64999389648
06-APR-2025,8.4775785629065,7728,M87,0.28301024436951,215103,AP-N201-F101,0.11355321854353,0.11355321854353,238.58451843262,268.64999389648
06-APR-2025,8.4775785629065,7728,M87,0.28301024436951,215103,AP-N202-F101,0.1089920848608,0.1089920848608,229.46148681641,268.64999389648
06-APR-2025,8.4775785629065,7728,M87,0.28301024436951,227103,AP-N203-F102,0.11799306422472,0.11799306422472,252.84555053711,268.64999389648
06-APR-2025,8.4775785629065,7728,M87,0.28301024436951,227103,AP-N204-F102,0.11349754035473,0.11349754035473,239.99494934082,268.64999389648
06-APR-2025,8.4864674511727,7728,M87,0.28100878000259,215103,AP-N201-F101,0.11355321854353,0.11355321854353,238.58451843262,268.64999389648
06-APR-2025,8.4864674511727,7728,M87,0.28100878000259,215103,AP-N202-F101,0.1089920848608,0.1089920848608,229.46148681641,268.64999389648
06-APR-2025,8.4864674511727,7728,M87,0.28100878000259,227103,AP-N203-F102,0.11799306422472,0.11799306422472,252.84555053711,268.64999389648
06-APR-2025,8.4864674511727,7728,M87,0.28100878000259,227103,AP-N204-F102,0.11349754035473,0.11349754035473,239.99494934082,268.64999389648
06-APR-2025,8.5774396710416,7733,3C279,0.49890238046646,215103,AP-N201-F101,0.11969726532698,0.11969726532698,174.04899597168,268.35000610352
06-APR-2025,8.5774396710416,7733,3C279,0.49890238046646,215103,AP-N202-F101,0.11160380393267,0.11160380393267,165.35517883301,268.35000610352
06-APR-2025,8.5774396710416,7733,3C279,0.49890238046646,227103,AP-N203-F102,0.12154611945152,0.12154611945152,181.68988037109,268.35000610352
06-APR-2025,8.5774396710416,7733,3C279,0.49890238046646,227103,AP-N204-F102,0.11440767347813,0.11440767347813,170.94555664063,268.35000610352
06-APR-2025,8.5948007807265,7737,3C279,0.49472934007645,215103,AP-N201-F101,0.11969726532698,0.11969726532698,174.04899597168,268.35000610352
06-APR-2025,8.5948007807265,7737,3C279,0.49472934007645,215103,AP-N202-F101,0.11160380393267,0.11160380393267,165.35517883301,268.35000610352
06-APR-2025,8.5948007807265,7737,3C279,0.49472934007645,227103,AP-N203-F102,0.12154611945152,0.12154611945152,181.68988037109,268.35000610352
06-APR-2025,8.5948007807265,7737,3C279,0.49472934007645,227103,AP-N204-F102,0.11440767347813,0.11440767347813,170.94555664063,268.35000610352
06-APR-2025,8.6036896691674,7737,3C279,0.4925924539566,215103,AP-N201-F101,0.11969726532698,0.11969726532698,174.04899597168,268.35000610352
06-APR-2025,8.6036896691674,7737,3C279,0.4925924539566,215103,AP-N202-F101,0.11160380393267,0.11160380393267,165.35517883301,268.35000610352
06-APR-2025,8.6036896691674,7737,3C279,0.4925924539566,227103,AP-N203-F102,0.12154611945152,0.12154611945152,181.68988037109,268.35000610352
06-APR-2025,8.6036896691674,7737,3C279,0.4925924539566,227103,AP-N204-F102,0.11440767347813,0.11440767347813,170.94555664063,268.35000610352
06-APR-2025,8.6128563352738,7737,3C279,0.49038851261139,215103,AP-N201-F101,0.11969726532698,0.11969726532698,174.04899597168,268.35000610352
06-APR-2025,8.6128563352738,7737,3C279,0.49038851261139,215103,AP-N202-F101,0.11160380393267,0.11160380393267,165.35517883301,268.35000610352
06-APR-2025,8.6128563352738,7737,3C279,0.49038851261139,227103,AP-N203-F102,0.12154611945152,0.12154611945152,181.68988037109,268.35000610352
06-APR-2025,8.6128563352738,7737,3C279,0.49038851261139,227103,AP-N204-F102,0.11440767347813,0.11440767347813,170.94555664063,268.35000610352
06-APR-2025,8.693828561453,7742,M87,0.23407836258411,215103,AP-N201-F101,0.10454551875591,0.10454551875591,264.31329345703,267.85000610352
06-APR-2025,8.693828561453,7742,M87,0.23407836258411,215103,AP-N202-F101,0.10102921724319,0.10102921724319,254.92701721191,267.85000610352
06-APR-2025,8.693828561453,7742,M87,0.23407836258411,227103,AP-N203-F102,0.10924600064754,0.10924600064754,281.72381591797,267.85000610352
06-APR-2025,8.693828561453,7742,M87,0.23407836258411,227103,AP-N204-F102,0.1053249463439,0.1053249463439,267.55084228516,267.85000610352
06-APR-2025,8.7106341123143,7746,M87,0.23025526106358,215103,AP-N201-F101,0.10454551875591,0.10454551875591,264.31329345703,267.85000610352
06-APR-2025,8.7106341123143,7746,M87,0.23025526106358,215103,AP-N202-F101,0.10102921724319,0.10102921724319,254.92701721191,267.85000610352
06-APR-2025,8.7106341123143,7746,M87,0.23025526106358,227103,AP-N203-F102,0.10924600064754,0.10924600064754,281.72381591797,267.85000610352
06-APR-2025,8.7106341123143,7746,M87,0.23025526106358,227103,AP-N204-F102,0.1053249463439,0.1053249463439,267.55084228516,267.85000610352
06-APR-2025,8.7195230009298,7746,M87,0.22823207080364,215103,AP-N201-F101,0.10454551875591,0.10454551875591,264.31329345703,267.85000610352
06-APR-2025,8.7195230009298,7746,M87,0.22823207080364,215103,AP-N202-F101,0.10102921724319,0.10102921724319,254.92701721191,267.85000610352
06-APR-2025,8.7195230009298,7746,M87,0.22823207080364,227103,AP-N203-F102,0.10924600064754,0.10924600064754,281.72381591797,267.85000610352
06-APR-2025,8.7195230009298,7746,M87,0.22823207080364,227103,AP-N204-F102,0.1053249463439,0.1053249463439,267.55084228516,267.85000610352
06-APR-2025,8.7284118895453,7746,M87,0.22620810568333,215103,AP-N201-F101,0.10454551875591,0.10454551875591,264.31329345703,267.85000610352
06-APR-2025,8.7284118895453,7746,M87,0.22620810568333,215103,AP-N202-F101,0.10102921724319,0.10102921724319,254.92701721191,267.85000610352
06-APR-2025,8.7284118895453,7746,M87,0.22620810568333,227103,AP-N203-F102,0.10924600064754,0.10924600064754,281.72381591797,267.85000610352
06-APR-2025,8.7284118895453,7746,M87,0.22620810568333,227103,AP-N204-F102,0.1053249463439,0.1053249463439,267.55084228516,267.85000610352
06-APR-2025,8.7374396668189,7746,M87,0.22415173053741,215103,AP-N201-F101,0.10454551875591,0.10454551875591,264.31329345703,267.85000610352
06-APR-2025,8.7374396668189,7746,M87,0.22415173053741,215103,AP-N202-F101,0.10102921724319,0.10102921724319,254.92701721191,267.85000610352
06-APR-2025,8.7374396668189,7746,M87,0.22415173053741,227103,AP-N203-F102,0.10924600064754,0.10924600064754,281.72381591797,267.85000610352
06-APR-2025,8.7374396668189,7746,M87,0.22415173053741,227103,AP-N204-F102,0.1053249463439,0.1053249463439,267.55084228516,267.85000610352
06-APR-2025,8.9277174464768,7751,3C273,0.25162136554718,215103,AP-N201-F101,0.11022984981537,0.11022984981537,260.54110717773,267.85000610352
06-APR-2025,8.9277174464768,7751,3C273,0.25162136554718,215103,AP-N202-F101,0.10631866753101,0.10631866753101,251.14993286133,267.85000610352
06-APR-2025,8.9277174464768,7751,3C273,0.25162136554718,227103,AP-N203-F102,0.11485717445612,0.11485717445612,277.09875488281,267.85000610352
06-APR-2025,8.9277174464768,7751,3C273,0.25162136554718,227103,AP-N204-F102,0.11078303307295,0.11078303307295,263.37814331055,267.85000610352
06-APR-2025,8.945078556511,7755,3C273,0.24747098982334,215103,AP-N201-F101,0.11022984981537,0.11022984981537,260.54110717773,267.85000610352
06-APR-2025,8.945078556511,7755,3C273,0.24747098982334,215103,AP-N202-F101,0.10631866753101,0.10631866753101,251.14993286133,267.85000610352
06-APR-2025,8.945078556511,7755,3C273,0.24747098982334,227103,AP-N203-F102,0.11485717445612,0.11485717445612,277.09875488281,267.85000610352
06-APR-2025,8.945078556511,7755,3C273,0.24747098982334,227103,AP-N204-F102,0.11078303307295,0.11078303307295,263.37814331055,267.85000610352
06-APR-2025,8.9539674458249,7755,3C273,0.24534550309181,215103,AP-N201-F101,0.11022984981537,0.11022984981537,260.54110717773,267.85000610352
06-APR-2025,8.9539674458249,7755,3C273,0.24534550309181,215103,AP-N202-F101,0.10631866753101,0.10631866753101,251.14993286133,267.85000610352
06-APR-2025,8.9539674458249,7755,3C273,0.24534550309181,227103,AP-N203-F102,0.11485717445612,0.11485717445612,277.09875488281,267.85000610352
06-APR-2025,8.9539674458249,7755,3C273,0.24534550309181,227103,AP-N204-F102,0.11078303307295,0.11078303307295,263.37814331055,267.85000610352
06-APR-2025,8.9631341119314,7755,3C273,0.2431533485651,215103,AP-N201-F101,0.11022984981537,0.11022984981537,260.54110717773,267.85000610352
06-APR-2025,8.9631341119314,7755,3C273,0.2431533485651,215103,AP-N202-F101,0.10631866753101,0.10631866753101,251.14993286133,267.85000610352
06-APR-2025,8.9631341119314,7755,3C273,0.2431533485651,227103,AP-N203-F102,0.11485717445612,0.11485717445612,277.09875488281,267.85000610352
06-APR-2025,8.9631341119314,7755,3C273,0.2431533485651,227103,AP-N204-F102,0.11078303307295,0.11078303307295,263.37814331055,267.85000610352
06-APR-2025,9.0204952232673,7760,M87,0.15929287672043,215103,AP-N201-F101,0.10179933905602,0.10179933905602,363.45797729492,267.45001220703
06-APR-2025,9.0204952232673,7760,M87,0.15929287672043,215103,AP-N202-F101,0.099281385540962,0.099281385540962,352.81951904297,267.45001220703
06-APR-2025,9.0204952232673,7760,M87,0.15929287672043,227103,AP-N203-F102,0.10717133432627,0.10717133432627,392.2981262207,267.45001220703
06-APR-2025,9.0204952232673,7760,M87,0.15929287672043,227103,AP-N204-F102,0.10438921302557,0.10438921302557,375.21231079102,267.45001220703
06-APR-2025,9.0445230014656,7764,M87,0.15375508368015,215103,AP-N201-F101,0.10179933905602,0.10179933905602,363.45797729492,267.45001220703
06-APR-2025,9.0445230014656,7764,M87,0.15375508368015,215103,AP-N202-F101,0.099281385540962,0.099281385540962,352.81951904297,267.45001220703
06-APR-2025,9.0445230014656,7764,M87,0.15375508368015,227103,AP-N203-F102,0.10717133432627,0.10717133432627,392.2981262207,267.45001220703
06-APR-2025,9.0445230014656,7764,M87,0.15375508368015,227103,AP-N204-F102,0.10438921302557,0.10438921302557,375.21231079102,267.45001220703
06-APR-2025,9.0534118900811,7764,M87,0.1517051756382,215103,AP-N201-F101,0.10179933905602,0.10179933905602,363.45797729492,267.45001220703
06-APR-2025,9.0534118900811,7764,M87,0.1517051756382,215103,AP-N202-F101,0.099281385540962,0.099281385540962,352.81951904297,267.45001220703
06-APR-2025,9.0534118900811,7764,M87,0.1517051756382,227103,AP-N203-F102,0.10717133432627,0.10717133432627,392.2981262207,267.45001220703
06-APR-2025,9.0534118900811,7764,M87,0.1517051756382,227103,AP-N204-F102,0.10438921302557,0.10438921302557,375.21231079102,267.45001220703
06-APR-2025,9.0627174448457,7764,M87,0.14955845475197,215103,AP-N201-F101,0.10179933905602,0.10179933905602,363.45797729492,267.45001220703
06-APR-2025,9.0627174448457,7764,M87,0.14955845475197,215103,AP-N202-F101,0.099281385540962,0.099281385540962,352.81951904297,267.45001220703
06-APR-2025,9.0627174448457,7764,M87,0.14955845475197,227103,AP-N203-F102,0.10717133432627,0.10717133432627,392.2981262207,267.45001220703
06-APR-2025,9.0627174448457,7764,M87,0.14955845475197,227103,AP-N204-F102,0.10438921302557,0.10438921302557,375.21231079102,267.45001220703
06-APR-2025,9.0717452224686,7764,M87,0.1474751830101,215103,AP-N201-F101,0.10179933905602,0.10179933905602,363.45797729492,267.45001220703
06-APR-2025,9.0717452224686,7764,M87,0.1474751830101,215103,AP-N202-F101,0.099281385540962,0.099281385540962,352.81951904297,267.45001220703
06-APR-2025,9.0717452224686,7764,M87,0.1474751830101,227103,AP-N203-F102,0.10717133432627,0.10717133432627,392.2981262207,267.45001220703
06-APR-2025,9.0717452224686,7764,M87,0.1474751830101,227103,AP-N204-F102,0.10438921302557,0.10438921302557,375.21231079102,267.45001220703
06-APR-2025,9.1374396660411,7769,3C279,0.36395993828773,215103,AP-N201-F101,0.11319573223591,0.11319573223591,202.60272216797,267.45001220703
06-APR-2025,9.1374396660411,7769,3C279,0.36395993828773,215103,AP-N202-F101,0.10732352733612,0.10732352733612,193.75486755371,267.45001220703
06-APR-2025,9.1374396660411,7769,3C279,0.36395993828773,227103,AP-N203-F102,0.11661881953478,0.11661881953478,213.59619140625,267.45001220703
06-APR-2025,9.1374396660411,7769,3C279,0.36395993828773,227103,AP-N204-F102,0.11104069650173,0.11104069650173,201.49272155762,267.45001220703
06-APR-2025,9.1773007765892,7773,3C279,0.35433554649353,215103,AP-N201-F101,0.11319573223591,0.11319573223591,202.60272216797,267.45001220703
06-APR-2025,9.1773007765892,7773,3C279,0.35433554649353,215103,AP-N202-F101,0.10732352733612,0.10732352733612,193.75486755371,267.45001220703
06-APR-2025,9.1773007765892,7773,3C279,0.35433554649353,227103,AP-N203-F102,0.11661881953478,0.11661881953478,213.59619140625,267.45001220703
06-APR-2025,9.1773007765892,7773,3C279,0.35433554649353,227103,AP-N204-F102,0.11104069650173,0.11104069650173,201.49272155762,267.45001220703
06-APR-2025,9.186189665554,7773,3C279,0.35218915343285,215103,AP-N201-F101,0.11319573223591,0.11319573223591,202.60272216797,267.45001220703
06-APR-2025,9.186189665554,7773,3C279,0.35218915343285,215103,AP-N202-F101,0.10732352733612,0.10732352733612,193.75486755371,267.45001220703
06-APR-2025,9.186189665554,7773,3C279,0.35218915343285,227103,AP-N203-F102,0.11661881953478,0.11661881953478,213.59619140625,267.45001220703
06-APR-2025,9.186189665554,7773,3C279,0.35218915343285,227103,AP-N204-F102,0.11104069650173,0.11104069650173,201.49272155762,267.45001220703
06-APR-2025,9.195078554868,7773,3C279,0.35004258155823,215103,AP-N201-F101,0.11319573223591,0.11319573223591,202.60272216797,267.45001220703
06-APR-2025,9.195078554868,7773,3C279,0.35004258155823,215103,AP-N202-F101,0.10732352733612,0.10732352733612,193.75486755371,267.45001220703
06-APR-2025,9.195078554868,7773,3C279,0.35004258155823,227103,AP-N203-F102,0.11661881953478,0.11661881953478,213.59619140625,267.45001220703
06-APR-2025,9.195078554868,7773,3C279,0.35004258155823,227103,AP-N204-F102,0.11104069650173,0.11104069650173,201.49272155762,267.45001220703
