04-APR-2025,10.001670379464,6175,SGRA,1.402193069458,215103,AP-N201-F101,0.15411382913589,0.15411382913589,138.77294921875,271.64999389648
04-APR-2025,10.001670379464,6175,SGRA,1.402193069458,215103,AP-N202-F101,0.13282258808613,0.13282258808613,127.63670349121,271.64999389648
04-APR-2025,10.001670379464,6175,SGRA,1.402193069458,227103,AP-N203-F102,0.14168277382851,0.14168277382851,139.27522277832,271.64999389648
04-APR-2025,10.001670379464,6175,SGRA,1.402193069458,227103,AP-N204-F102,0.13452450931072,0.13452450931072,131.44641113281,271.64999389648
04-APR-2025,10.010698156912,6175,SGRA,1.4005230665207,215103,AP-N201-F101,0.15411382913589,0.15411382913589,138.77294921875,271.64999389648
04-APR-2025,10.010698156912,6175,SGRA,1.4005230665207,215103,AP-N202-F101,0.13282258808613,0.13282258808613,127.63670349121,271.64999389648
04-APR-2025,10.010698156912,6175,SGRA,1.4005230665207,227103,AP-N203-F102,0.14168277382851,0.14168277382851,139.27522277832,271.64999389648
04-APR-2025,10.010698156912,6175,SGRA,1.4005230665207,227103,AP-N204-F102,0.13452450931072,0.13452450931072,131.44641113281,271.64999389648
04-APR-2025,10.01972593436,6175,SGRA,1.3988430500031,215103,AP-N201-F101,0.15411382913589,0.15411382913589,138.77294921875,271.64999389648
04-APR-2025,10.01972593436,6175,SGRA,1.3988430500031,215103,AP-N202-F101,0.13282258808613,0.13282258808613,127.63670349121,271.64999389648
04-APR-2025,10.01972593436,6175,SGRA,1.3988430500031,227103,AP-N203-F102,0.14168277382851,0.14168277382851,139.27522277832,271.64999389648
04-APR-2025,10.01972593436,6175,SGRA,1.3988430500031,227103,AP-N204-F102,0.13452450931072,0.13452450931072,131.44641113281,271.64999389648
04-APR-2025,10.163198157291,6178,SGRA,1.3710018396378,215103,AP-N201-F101,0.16090260446072,0.16090260446072,142.34687805176,272.54998779297
04-APR-2025,10.163198157291,6178,SGRA,1.3710018396378,215103,AP-N202-F101,0.14087662100792,0.14087662100792,131.01261901855,272.54998779297
04-APR-2025,10.163198157291,6178,SGRA,1.3710018396378,227103,AP-N203-F102,0.150360673666,0.150360673666,143.30776977539,272.54998779297
04-APR-2025,10.163198157291,6178,SGRA,1.3710018396378,227103,AP-N204-F102,0.14284862577915,0.14284862577915,135.18354797363,272.54998779297
04-APR-2025,10.19444815654,6182,SGRA,1.3647022247314,215103,AP-N201-F101,0.16090260446072,0.16090260446072,142.34687805176,272.54998779297
04-APR-2025,10.19444815654,6182,SGRA,1.3647022247314,215103,AP-N202-F101,0.14087662100792,0.14087662100792,131.01261901855,272.54998779297
04-APR-2025,10.19444815654,6182,SGRA,1.3647022247314,227103,AP-N203-F102,0.150360673666,0.150360673666,143.30776977539,272.54998779297
04-APR-2025,10.19444815654,6182,SGRA,1.3647022247314,227103,AP-N204-F102,0.14284862577915,0.14284862577915,135.18354797363,272.54998779297
04-APR-2025,10.203337045156,6182,SGRA,1.3628977537155,215103,AP-N201-F101,0.16090260446072,0.16090260446072,142.34687805176,272.54998779297
04-APR-2025,10.203337045156,6182,SGRA,1.3628977537155,215103,AP-N202-F101,0.14087662100792,0.14087662100792,131.01261901855,272.54998779297
04-APR-2025,10.203337045156,6182,SGRA,1.3628977537155,227103,AP-N203-F102,0.150360673666,0.150360673666,143.30776977539,272.54998779297
04-APR-2025,10.203337045156,6182,SGRA,1.3628977537155,227103,AP-N204-F102,0.14284862577915,0.14284862577915,135.18354797363,272.54998779297
04-APR-2025,10.212503711262,6182,SGRA,1.361031293869,215103,AP-N201-F101,0.16090260446072,0.16090260446072,142.34687805176,272.54998779297
04-APR-2025,10.212503711262,6182,SGRA,1.361031293869,215103,AP-N202-F101,0.14087662100792,0.14087662100792,131.01261901855,272.54998779297
04-APR-2025,10.212503711262,6182,SGRA,1.361031293869,227103,AP-N203-F102,0.150360673666,0.150360673666,143.30776977539,272.54998779297
04-APR-2025,10.212503711262,6182,SGRA,1.361031293869,227103,AP-N204-F102,0.14284862577915,0.14284862577915,135.18354797363,272.54998779297
04-APR-2025,10.221392600052,6182,SGRA,1.3592162132263,215103,AP-N201-F101,0.16090260446072,0.16090260446072,142.34687805176,272.54998779297
04-APR-2025,10.221392600052,6182,SGRA,1.3592162132263,215103,AP-N202-F101,0.14087662100792,0.14087662100792,131.01261901855,272.54998779297
04-APR-2025,10.221392600052,6182,SGRA,1.3592162132263,227103,AP-N203-F102,0.150360673666,0.150360673666,143.30776977539,272.54998779297
04-APR-2025,10.221392600052,6182,SGRA,1.3592162132263,227103,AP-N204-F102,0.14284862577915,0.14284862577915,135.18354797363,272.54998779297
04-APR-2025,10.230559266333,6182,SGRA,1.3573390245438,215103,AP-N201-F101,0.16090260446072,0.16090260446072,142.34687805176,272.54998779297
04-APR-2025,10.230559266333,6182,SGRA,1.3573390245438,215103,AP-N202-F101,0.14087662100792,0.14087662100792,131.01261901855,272.54998779297
04-APR-2025,10.230559266333,6182,SGRA,1.3573390245438,227103,AP-N203-F102,0.150360673666,0.150360673666,143.30776977539,272.54998779297
04-APR-2025,10.230559266333,6182,SGRA,1.3573390245438,227103,AP-N204-F102,0.14284862577915,0.14284862577915,135.18354797363,272.54998779297
04-APR-2025,10.239448154949,6182,SGRA,1.3555138111115,215103,AP-N201-F101,0.16090260446072,0.16090260446072,142.34687805176,272.54998779297
04-APR-2025,10.239448154949,6182,SGRA,1.3555138111115,215103,AP-N202-F101,0.14087662100792,0.14087662100792,131.01261901855,272.54998779297
04-APR-2025,10.239448154949,6182,SGRA,1.3555138111115,227103,AP-N203-F102,0.150360673666,0.150360673666,143.30776977539,272.54998779297
04-APR-2025,10.239448154949,6182,SGRA,1.3555138111115,227103,AP-N204-F102,0.14284862577915,0.14284862577915,135.18354797363,272.54998779297
04-APR-2025,10.248337043913,6182,SGRA,1.3536837100983,215103,AP-N201-F101,0.16090260446072,0.16090260446072,142.34687805176,272.54998779297
04-APR-2025,10.248337043913,6182,SGRA,1.3536837100983,215103,AP-N202-F101,0.14087662100792,0.14087662100792,131.01261901855,272.54998779297
04-APR-2025,10.248337043913,6182,SGRA,1.3536837100983,227103,AP-N203-F102,0.150360673666,0.150360673666,143.30776977539,272.54998779297
04-APR-2025,10.248337043913,6182,SGRA,1.3536837100983,227103,AP-N204-F102,0.14284862577915,0.14284862577915,135.18354797363,272.54998779297
04-APR-2025,10.257503709845,6182,SGRA,1.3517915010452,215103,AP-N201-F101,0.16090260446072,0.16090260446072,142.34687805176,272.54998779297
04-APR-2025,10.257503709845,6182,SGRA,1.3517915010452,215103,AP-N202-F101,0.14087662100792,0.14087662100792,131.01261901855,272.54998779297
04-APR-2025,10.257503709845,6182,SGRA,1.3517915010452,227103,AP-N203-F102,0.150360673666,0.150360673666,143.30776977539,272.54998779297
04-APR-2025,10.257503709845,6182,SGRA,1.3517915010452,227103,AP-N204-F102,0.14284862577915,0.14284862577915,135.18354797363,272.54998779297
04-APR-2025,10.266392598461,6182,SGRA,1.3499521017075,215103,AP-N201-F101,0.16090260446072,0.16090260446072,142.34687805176,272.54998779297
04-APR-2025,10.266392598461,6182,SGRA,1.3499521017075,215103,AP-N202-F101,0.14087662100792,0.14087662100792,131.01261901855,272.54998779297
04-APR-2025,10.266392598461,6182,SGRA,1.3499521017075,227103,AP-N203-F102,0.150360673666,0.150360673666,143.30776977539,272.54998779297
04-APR-2025,10.266392598461,6182,SGRA,1.3499521017075,227103,AP-N204-F102,0.14284862577915,0.14284862577915,135.18354797363,272.54998779297
04-APR-2025,10.275281487425,6182,SGRA,1.3481081724167,215103,AP-N201-F101,0.16090260446072,0.16090260446072,142.34687805176,272.54998779297
04-APR-2025,10.275281487425,6182,SGRA,1.3481081724167,215103,AP-N202-F101,0.14087662100792,0.14087662100792,131.01261901855,272.54998779297
04-APR-2025,10.275281487425,6182,SGRA,1.3481081724167,227103,AP-N203-F102,0.150360673666,0.150360673666,143.30776977539,272.54998779297
04-APR-2025,10.275281487425,6182,SGRA,1.3481081724167,227103,AP-N204-F102,0.14284862577915,0.14284862577915,135.18354797363,272.54998779297
04-APR-2025,10.467683849714,6188,J1751+0939,0.95243352651596,215103,AP-N201-F101,0.16129311919212,0.16129311919212,155.98866271973,272.35000610352
04-APR-2025,10.467683849714,6188,J1751+0939,0.95243352651596,215103,AP-N202-F101,0.14596204459667,0.14596204459667,145.2728729248,272.35000610352
04-APR-2025,10.467683849714,6188,J1751+0939,0.95243352651596,227103,AP-N203-F102,0.15746773779392,0.15746773779392,159.892578125,272.35000610352
04-APR-2025,10.467683849714,6188,J1751+0939,0.95243352651596,227103,AP-N204-F102,0.14952391386032,0.14952391386032,150.12240600586,272.35000610352
04-APR-2025,10.482683846273,6192,J1751+0939,0.95092540979385,215103,AP-N201-F101,0.16129311919212,0.16129311919212,155.98866271973,272.35000610352
04-APR-2025,10.482683846273,6192,J1751+0939,0.95092540979385,215103,AP-N202-F101,0.14596204459667,0.14596204459667,145.2728729248,272.35000610352
04-APR-2025,10.482683846273,6192,J1751+0939,0.95092540979385,227103,AP-N203-F102,0.15746773779392,0.15746773779392,159.892578125,272.35000610352
04-APR-2025,10.482683846273,6192,J1751+0939,0.95092540979385,227103,AP-N204-F102,0.14952391386032,0.14952391386032,150.12240600586,272.35000610352
04-APR-2025,10.491711625817,6192,J1751+0939,0.95000809431076,215103,AP-N201-F101,0.16129311919212,0.16129311919212,155.98866271973,272.35000610352
04-APR-2025,10.491711625817,6192,J1751+0939,0.95000809431076,215103,AP-N202-F101,0.14596204459667,0.14596204459667,145.2728729248,272.35000610352
04-APR-2025,10.491711625817,6192,J1751+0939,0.95000809431076,227103,AP-N203-F102,0.15746773779392,0.15746773779392,159.892578125,272.35000610352
04-APR-2025,10.491711625817,6192,J1751+0939,0.95000809431076,227103,AP-N204-F102,0.14952391386032,0.14952391386032,150.12240600586,272.35000610352
04-APR-2025,10.500878292098,6192,J1751+0939,0.94906920194626,215103,AP-N201-F101,0.16129311919212,0.16129311919212,155.98866271973,272.35000610352
04-APR-2025,10.500878292098,6192,J1751+0939,0.94906920194626,215103,AP-N202-F101,0.14596204459667,0.14596204459667,145.2728729248,272.35000610352
04-APR-2025,10.500878292098,6192,J1751+0939,0.94906920194626,227103,AP-N203-F102,0.15746773779392,0.15746773779392,159.892578125,272.35000610352
04-APR-2025,10.500878292098,6192,J1751+0939,0.94906920194626,227103,AP-N204-F102,0.14952391386032,0.14952391386032,150.12240600586,272.35000610352
04-APR-2025,10.554072737054,6197,SGRA,1.2885353565216,215103,AP-N201-F101,0.17229020595551,0.17229020595551,148.36282348633,272.45001220703
04-APR-2025,10.554072737054,6197,SGRA,1.2885353565216,215103,AP-N202-F101,0.15238958597183,0.15238958597183,137.17224121094,272.45001220703
04-APR-2025,10.554072737054,6197,SGRA,1.2885353565216,227103,AP-N203-F102,0.16365849971771,0.16365849971771,150.23368835449,272.45001220703
04-APR-2025,10.554072737054,6197,SGRA,1.2885353565216,227103,AP-N204-F102,0.15575833618641,0.15575833618641,141.70323181152,272.45001220703
04-APR-2025,10.577267180858,6201,SGRA,1.2834632396698,215103,AP-N201-F101,0.17229020595551,0.17229020595551,148.36282348633,272.45001220703
04-APR-2025,10.577267180858,6201,SGRA,1.2834632396698,215103,AP-N202-F101,0.15238958597183,0.15238958597183,137.17224121094,272.45001220703
04-APR-2025,10.577267180858,6201,SGRA,1.2834632396698,227103,AP-N203-F102,0.16365849971771,0.16365849971771,150.23368835449,272.45001220703
04-APR-2025,10.577267180858,6201,SGRA,1.2834632396698,227103,AP-N204-F102,0.15575833618641,0.15575833618641,141.70323181152,272.45001220703
04-APR-2025,10.586156069823,6201,SGRA,1.2815157175064,215103,AP-N201-F101,0.17229020595551,0.17229020595551,148.36282348633,272.45001220703
04-APR-2025,10.586156069823,6201,SGRA,1.2815157175064,215103,AP-N202-F101,0.15238958597183,0.15238958597183,137.17224121094,272.45001220703
04-APR-2025,10.586156069823,6201,SGRA,1.2815157175064,227103,AP-N203-F102,0.16365849971771,0.16365849971771,150.23368835449,272.45001220703
04-APR-2025,10.586156069823,6201,SGRA,1.2815157175064,227103,AP-N204-F102,0.15575833618641,0.15575833618641,141.70323181152,272.45001220703
04-APR-2025,10.595044958613,6201,SGRA,1.2795664072037,215103,AP-N201-F101,0.17229020595551,0.17229020595551,148.36282348633,272.45001220703
04-APR-2025,10.595044958613,6201,SGRA,1.2795664072037,215103,AP-N202-F101,0.15238958597183,0.15238958597183,137.17224121094,272.45001220703
04-APR-2025,10.595044958613,6201,SGRA,1.2795664072037,227103,AP-N203-F102,0.16365849971771,0.16365849971771,150.23368835449,272.45001220703
04-APR-2025,10.595044958613,6201,SGRA,1.2795664072037,227103,AP-N204-F102,0.15575833618641,0.15575833618641,141.70323181152,272.45001220703
04-APR-2025,10.603933847229,6201,SGRA,1.2776151895523,215103,AP-N201-F101,0.17229020595551,0.17229020595551,148.36282348633,272.45001220703
04-APR-2025,10.603933847229,6201,SGRA,1.2776151895523,215103,AP-N202-F101,0.15238958597183,0.15238958597183,137.17224121094,272.45001220703
04-APR-2025,10.603933847229,6201,SGRA,1.2776151895523,227103,AP-N203-F102,0.16365849971771,0.16365849971771,150.23368835449,272.45001220703
04-APR-2025,10.603933847229,6201,SGRA,1.2776151895523,227103,AP-N204-F102,0.15575833618641,0.15575833618641,141.70323181152,272.45001220703
04-APR-2025,10.612822736019,6201,SGRA,1.2756620645523,215103,AP-N201-F101,0.17229020595551,0.17229020595551,148.36282348633,272.45001220703
04-APR-2025,10.612822736019,6201,SGRA,1.2756620645523,215103,AP-N202-F101,0.15238958597183,0.15238958597183,137.17224121094,272.45001220703
04-APR-2025,10.612822736019,6201,SGRA,1.2756620645523,227103,AP-N203-F102,0.16365849971771,0.16365849971771,150.23368835449,272.45001220703
04-APR-2025,10.612822736019,6201,SGRA,1.2756620645523,227103,AP-N204-F102,0.15575833618641,0.15575833618641,141.70323181152,272.45001220703
04-APR-2025,10.621711624634,6201,SGRA,1.273707151413,215103,AP-N201-F101,0.17229020595551,0.17229020595551,148.36282348633,272.45001220703
04-APR-2025,10.621711624634,6201,SGRA,1.273707151413,215103,AP-N202-F101,0.15238958597183,0.15238958597183,137.17224121094,272.45001220703
04-APR-2025,10.621711624634,6201,SGRA,1.273707151413,227103,AP-N203-F102,0.16365849971771,0.16365849971771,150.23368835449,272.45001220703
04-APR-2025,10.621711624634,6201,SGRA,1.273707151413,227103,AP-N204-F102,0.15575833618641,0.15575833618641,141.70323181152,272.45001220703
04-APR-2025,10.630600513774,6201,SGRA,1.2717505693436,215103,AP-N201-F101,0.17229020595551,0.17229020595551,148.36282348633,272.45001220703
04-APR-2025,10.630600513774,6201,SGRA,1.2717505693436,215103,AP-N202-F101,0.15238958597183,0.15238958597183,137.17224121094,272.45001220703
04-APR-2025,10.630600513774,6201,SGRA,1.2717505693436,227103,AP-N203-F102,0.16365849971771,0.16365849971771,150.23368835449,272.45001220703
04-APR-2025,10.630600513774,6201,SGRA,1.2717505693436,227103,AP-N204-F102,0.15575833618641,0.15575833618641,141.70323181152,272.45001220703
04-APR-2025,10.639489402564,6201,SGRA,1.2697921991348,215103,AP-N201-F101,0.17229020595551,0.17229020595551,148.36282348633,272.45001220703
04-APR-2025,10.639489402564,6201,SGRA,1.2697921991348,215103,AP-N202-F101,0.15238958597183,0.15238958597183,137.17224121094,272.45001220703
04-APR-2025,10.639489402564,6201,SGRA,1.2697921991348,227103,AP-N203-F102,0.16365849971771,0.16365849971771,150.23368835449,272.45001220703
04-APR-2025,10.639489402564,6201,SGRA,1.2697921991348,227103,AP-N204-F102,0.15575833618641,0.15575833618641,141.70323181152,272.45001220703
04-APR-2025,10.648378291005,6201,SGRA,1.267832159996,215103,AP-N201-F101,0.17229020595551,0.17229020595551,148.36282348633,272.45001220703
04-APR-2025,10.648378291005,6201,SGRA,1.267832159996,215103,AP-N202-F101,0.15238958597183,0.15238958597183,137.17224121094,272.45001220703
04-APR-2025,10.648378291005,6201,SGRA,1.267832159996,227103,AP-N203-F102,0.16365849971771,0.16365849971771,150.23368835449,272.45001220703
04-APR-2025,10.648378291005,6201,SGRA,1.267832159996,227103,AP-N204-F102,0.15575833618641,0.15575833618641,141.70323181152,272.45001220703
04-APR-2025,10.657267180144,6201,SGRA,1.2658703327179,215103,AP-N201-F101,0.17229020595551,0.17229020595551,148.36282348633,272.45001220703
04-APR-2025,10.657267180144,6201,SGRA,1.2658703327179,215103,AP-N202-F101,0.15238958597183,0.15238958597183,137.17224121094,272.45001220703
04-APR-2025,10.657267180144,6201,SGRA,1.2658703327179,227103,AP-N203-F102,0.16365849971771,0.16365849971771,150.23368835449,272.45001220703
04-APR-2025,10.657267180144,6201,SGRA,1.2658703327179,227103,AP-N204-F102,0.15575833618641,0.15575833618641,141.70323181152,272.45001220703
04-APR-2025,10.666156068585,6201,SGRA,1.2639070749283,215103,AP-N201-F101,0.17229020595551,0.17229020595551,148.36282348633,272.45001220703
04-APR-2025,10.666156068585,6201,SGRA,1.2639070749283,215103,AP-N202-F101,0.15238958597183,0.15238958597183,137.17224121094,272.45001220703
04-APR-2025,10.666156068585,6201,SGRA,1.2639070749283,227103,AP-N203-F102,0.16365849971771,0.16365849971771,150.23368835449,272.45001220703
04-APR-2025,10.666156068585,6201,SGRA,1.2639070749283,227103,AP-N204-F102,0.15575833618641,0.15575833618641,141.70323181152,272.45001220703
04-APR-2025,10.675044957899,6201,SGRA,1.2619420289993,215103,AP-N201-F101,0.17229020595551,0.17229020595551,148.36282348633,272.45001220703
04-APR-2025,10.675044957899,6201,SGRA,1.2619420289993,215103,AP-N202-F101,0.15238958597183,0.15238958597183,137.17224121094,272.45001220703
04-APR-2025,10.675044957899,6201,SGRA,1.2619420289993,227103,AP-N203-F102,0.16365849971771,0.16365849971771,150.23368835449,272.45001220703
04-APR-2025,10.675044957899,6201,SGRA,1.2619420289993,227103,AP-N204-F102,0.15575833618641,0.15575833618641,141.70323181152,272.45001220703
04-APR-2025,10.68393384634,6201,SGRA,1.2599755525589,215103,AP-N201-F101,0.17229020595551,0.17229020595551,148.36282348633,272.45001220703
04-APR-2025,10.68393384634,6201,SGRA,1.2599755525589,215103,AP-N202-F101,0.15238958597183,0.15238958597183,137.17224121094,272.45001220703
04-APR-2025,10.68393384634,6201,SGRA,1.2599755525589,227103,AP-N203-F102,0.16365849971771,0.16365849971771,150.23368835449,272.45001220703
04-APR-2025,10.68393384634,6201,SGRA,1.2599755525589,227103,AP-N204-F102,0.15575833618641,0.15575833618641,141.70323181152,272.45001220703
04-APR-2025,10.694489400774,6201,SGRA,1.257638335228,215103,AP-N201-F101,0.17229020595551,0.17229020595551,148.36282348633,272.45001220703
04-APR-2025,10.694489400774,6201,SGRA,1.257638335228,215103,AP-N202-F101,0.15238958597183,0.15238958597183,137.17224121094,272.45001220703
04-APR-2025,10.694489400774,6201,SGRA,1.257638335228,227103,AP-N203-F102,0.16365849971771,0.16365849971771,150.23368835449,272.45001220703
04-APR-2025,10.694489400774,6201,SGRA,1.257638335228,227103,AP-N204-F102,0.15575833618641,0.15575833618641,141.70323181152,272.45001220703
04-APR-2025,10.703378289389,6201,SGRA,1.2556685209274,215103,AP-N201-F101,0.17229020595551,0.17229020595551,148.36282348633,272.45001220703
04-APR-2025,10.703378289389,6201,SGRA,1.2556685209274,215103,AP-N202-F101,0.15238958597183,0.15238958597183,137.17224121094,272.45001220703
04-APR-2025,10.703378289389,6201,SGRA,1.2556685209274,227103,AP-N203-F102,0.16365849971771,0.16365849971771,150.23368835449,272.45001220703
04-APR-2025,10.703378289389,6201,SGRA,1.2556685209274,227103,AP-N204-F102,0.15575833618641,0.15575833618641,141.70323181152,272.45001220703
04-APR-2025,10.960776844655,6209,J1924-2914,1.4586188793182,215103,AP-N201-F101,0.17938075959682,0.17938075959682,149.06143188477,272.45001220703
04-APR-2025,10.960776844655,6209,J1924-2914,1.4586188793182,215103,AP-N202-F101,0.15791501104832,0.15791501104832,137.2347869873,272.45001220703
04-APR-2025,10.960776844655,6209,J1924-2914,1.4586188793182,227103,AP-N203-F102,0.16807529330254,0.16807529330254,149.82444763184,272.45001220703
04-APR-2025,10.960776844655,6209,J1924-2914,1.4586188793182,227103,AP-N204-F102,0.16107556223869,0.16107556223869,141.77719116211,272.45001220703
04-APR-2025,10.9778601765,6213,J1924-2914,1.4596413373947,215103,AP-N201-F101,0.17938075959682,0.17938075959682,149.06143188477,272.45001220703
04-APR-2025,10.9778601765,6213,J1924-2914,1.4596413373947,215103,AP-N202-F101,0.15791501104832,0.15791501104832,137.2347869873,272.45001220703
04-APR-2025,10.9778601765,6213,J1924-2914,1.4596413373947,227103,AP-N203-F102,0.16807529330254,0.16807529330254,149.82444763184,272.45001220703
04-APR-2025,10.9778601765,6213,J1924-2914,1.4596413373947,227103,AP-N204-F102,0.16107556223869,0.16107556223869,141.77719116211,272.45001220703
04-APR-2025,10.98674906529,6213,J1924-2914,1.4601197242737,215103,AP-N201-F101,0.17938075959682,0.17938075959682,149.06143188477,272.45001220703
04-APR-2025,10.98674906529,6213,J1924-2914,1.4601197242737,215103,AP-N202-F101,0.15791501104832,0.15791501104832,137.2347869873,272.45001220703
04-APR-2025,10.98674906529,6213,J1924-2914,1.4601197242737,227103,AP-N203-F102,0.16807529330254,0.16807529330254,149.82444763184,272.45001220703
04-APR-2025,10.98674906529,6213,J1924-2914,1.4601197242737,227103,AP-N204-F102,0.16107556223869,0.16107556223869,141.77719116211,272.45001220703
04-APR-2025,10.995915731571,6213,J1924-2914,1.460573554039,215103,AP-N201-F101,0.17938075959682,0.17938075959682,149.06143188477,272.45001220703
04-APR-2025,10.995915731571,6213,J1924-2914,1.460573554039,215103,AP-N202-F101,0.15791501104832,0.15791501104832,137.2347869873,272.45001220703
04-APR-2025,10.995915731571,6213,J1924-2914,1.460573554039,227103,AP-N203-F102,0.16807529330254,0.16807529330254,149.82444763184,272.45001220703
04-APR-2025,10.995915731571,6213,J1924-2914,1.460573554039,227103,AP-N204-F102,0.16107556223869,0.16107556223869,141.77719116211,272.45001220703
04-APR-2025,11.05327684378,6218,SGRA,1.1772123575211,215103,AP-N201-F101,0.17399771511555,0.17399771511555,152.00433349609,272.54998779297
04-APR-2025,11.05327684378,6218,SGRA,1.1772123575211,215103,AP-N202-F101,0.15496139228344,0.15496139228344,141.01901245117,272.54998779297
04-APR-2025,11.05327684378,6218,SGRA,1.1772123575211,227103,AP-N203-F102,0.16681082546711,0.16681082546711,154.58815002441,272.54998779297
04-APR-2025,11.05327684378,6218,SGRA,1.1772123575211,227103,AP-N204-F102,0.15864585340023,0.15864585340023,145.67129516602,272.54998779297
04-APR-2025,11.078693509782,6222,SGRA,1.1714605093002,215103,AP-N201-F101,0.17399771511555,0.17399771511555,152.00433349609,272.54998779297
04-APR-2025,11.078693509782,6222,SGRA,1.1714605093002,215103,AP-N202-F101,0.15496139228344,0.15496139228344,141.01901245117,272.54998779297
04-APR-2025,11.078693509782,6222,SGRA,1.1714605093002,227103,AP-N203-F102,0.16681082546711,0.16681082546711,154.58815002441,272.54998779297
04-APR-2025,11.078693509782,6222,SGRA,1.1714605093002,227103,AP-N204-F102,0.15864585340023,0.15864585340023,145.67129516602,272.54998779297
04-APR-2025,11.087582398572,6222,SGRA,1.1694476604462,215103,AP-N201-F101,0.17399771511555,0.17399771511555,152.00433349609,272.54998779297
04-APR-2025,11.087582398572,6222,SGRA,1.1694476604462,215103,AP-N202-F101,0.15496139228344,0.15496139228344,141.01901245117,272.54998779297
04-APR-2025,11.087582398572,6222,SGRA,1.1694476604462,227103,AP-N203-F102,0.16681082546711,0.16681082546711,154.58815002441,272.54998779297
04-APR-2025,11.087582398572,6222,SGRA,1.1694476604462,227103,AP-N204-F102,0.15864585340023,0.15864585340023,145.67129516602,272.54998779297
04-APR-2025,11.096471287362,6222,SGRA,1.1674340963364,215103,AP-N201-F101,0.17399771511555,0.17399771511555,152.00433349609,272.54998779297
04-APR-2025,11.096471287362,6222,SGRA,1.1674340963364,215103,AP-N202-F101,0.15496139228344,0.15496139228344,141.01901245117,272.54998779297
04-APR-2025,11.096471287362,6222,SGRA,1.1674340963364,227103,AP-N203-F102,0.16681082546711,0.16681082546711,154.58815002441,272.54998779297
04-APR-2025,11.096471287362,6222,SGRA,1.1674340963364,227103,AP-N204-F102,0.15864585340023,0.15864585340023,145.67129516602,272.54998779297
04-APR-2025,11.105360175803,6222,SGRA,1.1654199361801,215103,AP-N201-F101,0.17399771511555,0.17399771511555,152.00433349609,272.54998779297
04-APR-2025,11.105360175803,6222,SGRA,1.1654199361801,215103,AP-N202-F101,0.15496139228344,0.15496139228344,141.01901245117,272.54998779297
04-APR-2025,11.105360175803,6222,SGRA,1.1654199361801,227103,AP-N203-F102,0.16681082546711,0.16681082546711,154.58815002441,272.54998779297
04-APR-2025,11.105360175803,6222,SGRA,1.1654199361801,227103,AP-N204-F102,0.15864585340023,0.15864585340023,145.67129516602,272.54998779297
04-APR-2025,11.114249064593,6222,SGRA,1.1634051799774,215103,AP-N201-F101,0.17399771511555,0.17399771511555,152.00433349609,272.54998779297
04-APR-2025,11.114249064593,6222,SGRA,1.1634051799774,215103,AP-N202-F101,0.15496139228344,0.15496139228344,141.01901245117,272.54998779297
04-APR-2025,11.114249064593,6222,SGRA,1.1634051799774,227103,AP-N203-F102,0.16681082546711,0.16681082546711,154.58815002441,272.54998779297
04-APR-2025,11.114249064593,6222,SGRA,1.1634051799774,227103,AP-N204-F102,0.15864585340023,0.15864585340023,145.67129516602,272.54998779297
04-APR-2025,11.123137953733,6222,SGRA,1.161389708519,215103,AP-N201-F101,0.17399771511555,0.17399771511555,152.00433349609,272.54998779297
04-APR-2025,11.123137953733,6222,SGRA,1.161389708519,215103,AP-N202-F101,0.15496139228344,0.15496139228344,141.01901245117,272.54998779297
04-APR-2025,11.123137953733,6222,SGRA,1.161389708519,227103,AP-N203-F102,0.16681082546711,0.16681082546711,154.58815002441,272.54998779297
04-APR-2025,11.123137953733,6222,SGRA,1.161389708519,227103,AP-N204-F102,0.15864585340023,0.15864585340023,145.67129516602,272.54998779297
04-APR-2025,11.132304619664,6222,SGRA,1.1593106985092,215103,AP-N201-F101,0.17399771511555,0.17399771511555,152.00433349609,272.54998779297
04-APR-2025,11.132304619664,6222,SGRA,1.1593106985092,215103,AP-N202-F101,0.15496139228344,0.15496139228344,141.01901245117,272.54998779297
04-APR-2025,11.132304619664,6222,SGRA,1.1593106985092,227103,AP-N203-F102,0.16681082546711,0.16681082546711,154.58815002441,272.54998779297
04-APR-2025,11.132304619664,6222,SGRA,1.1593106985092,227103,AP-N204-F102,0.15864585340023,0.15864585340023,145.67129516602,272.54998779297
04-APR-2025,11.141193508804,6222,SGRA,1.1572942733765,215103,AP-N201-F101,0.17399771511555,0.17399771511555,152.00433349609,272.54998779297
04-APR-2025,11.141193508804,6222,SGRA,1.1572942733765,215103,AP-N202-F101,0.15496139228344,0.15496139228344,141.01901245117,272.54998779297
04-APR-2025,11.141193508804,6222,SGRA,1.1572942733765,227103,AP-N203-F102,0.16681082546711,0.16681082546711,154.58815002441,272.54998779297
04-APR-2025,11.141193508804,6222,SGRA,1.1572942733765,227103,AP-N204-F102,0.15864585340023,0.15864585340023,145.67129516602,272.54998779297
04-APR-2025,11.150082397419,6222,SGRA,1.155277132988,215103,AP-N201-F101,0.17399771511555,0.17399771511555,152.00433349609,272.54998779297
04-APR-2025,11.150082397419,6222,SGRA,1.155277132988,215103,AP-N202-F101,0.15496139228344,0.15496139228344,141.01901245117,272.54998779297
04-APR-2025,11.150082397419,6222,SGRA,1.155277132988,227103,AP-N203-F102,0.16681082546711,0.16681082546711,154.58815002441,272.54998779297
04-APR-2025,11.150082397419,6222,SGRA,1.155277132988,227103,AP-N204-F102,0.15864585340023,0.15864585340023,145.67129516602,272.54998779297
04-APR-2025,11.158971286209,6222,SGRA,1.153259396553,215103,AP-N201-F101,0.17399771511555,0.17399771511555,152.00433349609,272.54998779297
04-APR-2025,11.158971286209,6222,SGRA,1.153259396553,215103,AP-N202-F101,0.15496139228344,0.15496139228344,141.01901245117,272.54998779297
04-APR-2025,11.158971286209,6222,SGRA,1.153259396553,227103,AP-N203-F102,0.16681082546711,0.16681082546711,154.58815002441,272.54998779297
04-APR-2025,11.158971286209,6222,SGRA,1.153259396553,227103,AP-N204-F102,0.15864585340023,0.15864585340023,145.67129516602,272.54998779297
04-APR-2025,11.167860174999,6222,SGRA,1.1512410640717,215103,AP-N201-F101,0.17399771511555,0.17399771511555,152.00433349609,272.54998779297
04-APR-2025,11.167860174999,6222,SGRA,1.1512410640717,215103,AP-N202-F101,0.15496139228344,0.15496139228344,141.01901245117,272.54998779297
04-APR-2025,11.167860174999,6222,SGRA,1.1512410640717,227103,AP-N203-F102,0.16681082546711,0.16681082546711,154.58815002441,272.54998779297
04-APR-2025,11.167860174999,6222,SGRA,1.1512410640717,227103,AP-N204-F102,0.15864585340023,0.15864585340023,145.67129516602,272.54998779297
04-APR-2025,11.177026843027,6222,SGRA,1.1491593122482,215103,AP-N201-F101,0.17399771511555,0.17399771511555,152.00433349609,272.54998779297
04-APR-2025,11.177026843027,6222,SGRA,1.1491593122482,215103,AP-N202-F101,0.15496139228344,0.15496139228344,141.01901245117,272.54998779297
04-APR-2025,11.177026843027,6222,SGRA,1.1491593122482,227103,AP-N203-F102,0.16681082546711,0.16681082546711,154.58815002441,272.54998779297
04-APR-2025,11.177026843027,6222,SGRA,1.1491593122482,227103,AP-N204-F102,0.15864585340023,0.15864585340023,145.67129516602,272.54998779297
04-APR-2025,11.187860176873,6222,SGRA,1.1466981172562,215103,AP-N201-F101,0.17399771511555,0.17399771511555,152.00433349609,272.54998779297
04-APR-2025,11.187860176873,6222,SGRA,1.1466981172562,215103,AP-N202-F101,0.15496139228344,0.15496139228344,141.01901245117,272.54998779297
04-APR-2025,11.187860176873,6222,SGRA,1.1466981172562,227103,AP-N203-F102,0.16681082546711,0.16681082546711,154.58815002441,272.54998779297
04-APR-2025,11.187860176873,6222,SGRA,1.1466981172562,227103,AP-N204-F102,0.15864585340023,0.15864585340023,145.67129516602,272.54998779297
04-APR-2025,11.196749065663,6222,SGRA,1.1446781158447,215103,AP-N201-F101,0.17399771511555,0.17399771511555,152.00433349609,272.54998779297
04-APR-2025,11.196749065663,6222,SGRA,1.1446781158447,215103,AP-N202-F101,0.15496139228344,0.15496139228344,141.01901245117,272.54998779297
04-APR-2025,11.196749065663,6222,SGRA,1.1446781158447,227103,AP-N203-F102,0.16681082546711,0.16681082546711,154.58815002441,272.54998779297
04-APR-2025,11.196749065663,6222,SGRA,1.1446781158447,227103,AP-N204-F102,0.15864585340023,0.15864585340023,145.67129516602,272.54998779297
04-APR-2025,11.205637954453,6222,SGRA,1.1426576375961,215103,AP-N201-F101,0.17399771511555,0.17399771511555,152.00433349609,272.54998779297
04-APR-2025,11.205637954453,6222,SGRA,1.1426576375961,215103,AP-N202-F101,0.15496139228344,0.15496139228344,141.01901245117,272.54998779297
04-APR-2025,11.205637954453,6222,SGRA,1.1426576375961,227103,AP-N203-F102,0.16681082546711,0.16681082546711,154.58815002441,272.54998779297
04-APR-2025,11.205637954453,6222,SGRA,1.1426576375961,227103,AP-N204-F102,0.15864585340023,0.15864585340023,145.67129516602,272.54998779297
04-APR-2025,11.377443507303,6226,SGRA,1.1035186052322,215103,AP-N201-F101,0.17257046699524,0.17257046699524,154.14111328125,272.85000610352
04-APR-2025,11.377443507303,6226,SGRA,1.1035186052322,215103,AP-N202-F101,0.15466970205307,0.15466970205307,143.20738220215,272.85000610352
04-APR-2025,11.377443507303,6226,SGRA,1.1035186052322,227103,AP-N203-F102,0.16723741590977,0.16723741590977,157.23954772949,272.85000610352
04-APR-2025,11.377443507303,6226,SGRA,1.1035186052322,227103,AP-N204-F102,0.15846516191959,0.15846516191959,148.05752563477,272.85000610352
04-APR-2025,11.394526841592,6230,SGRA,1.0996187925339,215103,AP-N201-F101,0.17257046699524,0.17257046699524,154.14111328125,272.85000610352
04-APR-2025,11.394526841592,6230,SGRA,1.0996187925339,215103,AP-N202-F101,0.15466970205307,0.15466970205307,143.20738220215,272.85000610352
04-APR-2025,11.394526841592,6230,SGRA,1.0996187925339,227103,AP-N203-F102,0.16723741590977,0.16723741590977,157.23954772949,272.85000610352
04-APR-2025,11.394526841592,6230,SGRA,1.0996187925339,227103,AP-N204-F102,0.15846516191959,0.15846516191959,148.05752563477,272.85000610352
04-APR-2025,11.403415730557,6230,SGRA,1.09758913517,215103,AP-N201-F101,0.17257046699524,0.17257046699524,154.14111328125,272.85000610352
04-APR-2025,11.403415730557,6230,SGRA,1.09758913517,215103,AP-N202-F101,0.15466970205307,0.15466970205307,143.20738220215,272.85000610352
04-APR-2025,11.403415730557,6230,SGRA,1.09758913517,227103,AP-N203-F102,0.16723741590977,0.16723741590977,157.23954772949,272.85000610352
04-APR-2025,11.403415730557,6230,SGRA,1.09758913517,227103,AP-N204-F102,0.15846516191959,0.15846516191959,148.05752563477,272.85000610352
04-APR-2025,11.412304619522,6230,SGRA,1.0955592393875,215103,AP-N201-F101,0.17257046699524,0.17257046699524,154.14111328125,272.85000610352
04-APR-2025,11.412304619522,6230,SGRA,1.0955592393875,215103,AP-N202-F101,0.15466970205307,0.15466970205307,143.20738220215,272.85000610352
04-APR-2025,11.412304619522,6230,SGRA,1.0955592393875,227103,AP-N203-F102,0.16723741590977,0.16723741590977,157.23954772949,272.85000610352
04-APR-2025,11.412304619522,6230,SGRA,1.0955592393875,227103,AP-N204-F102,0.15846516191959,0.15846516191959,148.05752563477,272.85000610352
04-APR-2025,11.421193508137,6230,SGRA,1.0935291051865,215103,AP-N201-F101,0.17257046699524,0.17257046699524,154.14111328125,272.85000610352
04-APR-2025,11.421193508137,6230,SGRA,1.0935291051865,215103,AP-N202-F101,0.15466970205307,0.15466970205307,143.20738220215,272.85000610352
04-APR-2025,11.421193508137,6230,SGRA,1.0935291051865,227103,AP-N203-F102,0.16723741590977,0.16723741590977,157.23954772949,272.85000610352
04-APR-2025,11.421193508137,6230,SGRA,1.0935291051865,227103,AP-N204-F102,0.15846516191959,0.15846516191959,148.05752563477,272.85000610352
04-APR-2025,11.430082397102,6230,SGRA,1.0914984941483,215103,AP-N201-F101,0.17257046699524,0.17257046699524,154.14111328125,272.85000610352
04-APR-2025,11.430082397102,6230,SGRA,1.0914984941483,215103,AP-N202-F101,0.15466970205307,0.15466970205307,143.20738220215,272.85000610352
04-APR-2025,11.430082397102,6230,SGRA,1.0914984941483,227103,AP-N203-F102,0.16723741590977,0.16723741590977,157.23954772949,272.85000610352
04-APR-2025,11.430082397102,6230,SGRA,1.0914984941483,227103,AP-N204-F102,0.15846516191959,0.15846516191959,148.05752563477,272.85000610352
04-APR-2025,11.438971285368,6230,SGRA,1.0894676446915,215103,AP-N201-F101,0.17257046699524,0.17257046699524,154.14111328125,272.85000610352
04-APR-2025,11.438971285368,6230,SGRA,1.0894676446915,215103,AP-N202-F101,0.15466970205307,0.15466970205307,143.20738220215,272.85000610352
04-APR-2025,11.438971285368,6230,SGRA,1.0894676446915,227103,AP-N203-F102,0.16723741590977,0.16723741590977,157.23954772949,272.85000610352
04-APR-2025,11.438971285368,6230,SGRA,1.0894676446915,227103,AP-N204-F102,0.15846516191959,0.15846516191959,148.05752563477,272.85000610352
04-APR-2025,11.447860174507,6230,SGRA,1.0874365568161,215103,AP-N201-F101,0.17257046699524,0.17257046699524,154.14111328125,272.85000610352
04-APR-2025,11.447860174507,6230,SGRA,1.0874365568161,215103,AP-N202-F101,0.15466970205307,0.15466970205307,143.20738220215,272.85000610352
04-APR-2025,11.447860174507,6230,SGRA,1.0874365568161,227103,AP-N203-F102,0.16723741590977,0.16723741590977,157.23954772949,272.85000610352
04-APR-2025,11.447860174507,6230,SGRA,1.0874365568161,227103,AP-N204-F102,0.15846516191959,0.15846516191959,148.05752563477,272.85000610352
04-APR-2025,11.456749063821,6230,SGRA,1.0854052305222,215103,AP-N201-F101,0.17257046699524,0.17257046699524,154.14111328125,272.85000610352
04-APR-2025,11.456749063821,6230,SGRA,1.0854052305222,215103,AP-N202-F101,0.15466970205307,0.15466970205307,143.20738220215,272.85000610352
04-APR-2025,11.456749063821,6230,SGRA,1.0854052305222,227103,AP-N203-F102,0.16723741590977,0.16723741590977,157.23954772949,272.85000610352
04-APR-2025,11.456749063821,6230,SGRA,1.0854052305222,227103,AP-N204-F102,0.15846516191959,0.15846516191959,148.05752563477,272.85000610352
04-APR-2025,11.465637952262,6230,SGRA,1.0833734273911,215103,AP-N201-F101,0.17257046699524,0.17257046699524,154.14111328125,272.85000610352
04-APR-2025,11.465637952262,6230,SGRA,1.0833734273911,215103,AP-N202-F101,0.15466970205307,0.15466970205307,143.20738220215,272.85000610352
04-APR-2025,11.465637952262,6230,SGRA,1.0833734273911,227103,AP-N203-F102,0.16723741590977,0.16723741590977,157.23954772949,272.85000610352
04-APR-2025,11.465637952262,6230,SGRA,1.0833734273911,227103,AP-N204-F102,0.15846516191959,0.15846516191959,148.05752563477,272.85000610352
04-APR-2025,12.144119610458,6248,J1924-2914,1.3001549243927,215103,AP-N201-F101,0.17605695128441,0.17605695128441,149.87898254395,273.25
04-APR-2025,12.144119610458,6248,J1924-2914,1.3001549243927,215103,AP-N202-F101,0.1559102833271,0.1559102833271,138.66882324219,273.25
04-APR-2025,12.144119610458,6248,J1924-2914,1.3001549243927,227103,AP-N203-F102,0.16699261963367,0.16699261963367,151.64227294922,273.25
04-APR-2025,12.144119610458,6248,J1924-2914,1.3001549243927,227103,AP-N204-F102,0.15959891676903,0.15959891676903,143.19721984863,273.25
04-APR-2025,12.161480719968,6252,J1924-2914,1.2964073419571,215103,AP-N201-F101,0.17605695128441,0.17605695128441,149.87898254395,273.25
04-APR-2025,12.161480719968,6252,J1924-2914,1.2964073419571,215103,AP-N202-F101,0.1559102833271,0.1559102833271,138.66882324219,273.25
04-APR-2025,12.161480719968,6252,J1924-2914,1.2964073419571,227103,AP-N203-F102,0.16699261963367,0.16699261963367,151.64227294922,273.25
04-APR-2025,12.161480719968,6252,J1924-2914,1.2964073419571,227103,AP-N204-F102,0.15959891676903,0.15959891676903,143.19721984863,273.25
04-APR-2025,12.170369608933,6252,J1924-2914,1.2944850921631,215103,AP-N201-F101,0.17605695128441,0.17605695128441,149.87898254395,273.25
04-APR-2025,12.170369608933,6252,J1924-2914,1.2944850921631,215103,AP-N202-F101,0.1559102833271,0.1559102833271,138.66882324219,273.25
04-APR-2025,12.170369608933,6252,J1924-2914,1.2944850921631,227103,AP-N203-F102,0.16699261963367,0.16699261963367,151.64227294922,273.25
04-APR-2025,12.170369608933,6252,J1924-2914,1.2944850921631,227103,AP-N204-F102,0.15959891676903,0.15959891676903,143.19721984863,273.25
04-APR-2025,12.179258497723,6252,J1924-2914,1.292560338974,215103,AP-N201-F101,0.17605695128441,0.17605695128441,149.87898254395,273.25
04-APR-2025,12.179258497723,6252,J1924-2914,1.292560338974,215103,AP-N202-F101,0.1559102833271,0.1559102833271,138.66882324219,273.25
04-APR-2025,12.179258497723,6252,J1924-2914,1.292560338974,227103,AP-N203-F102,0.16699261963367,0.16699261963367,151.64227294922,273.25
04-APR-2025,12.179258497723,6252,J1924-2914,1.292560338974,227103,AP-N204-F102,0.15959891676903,0.15959891676903,143.19721984863,273.25
04-APR-2025,12.237175165961,6257,SGRA,0.906454205513,215103,AP-N201-F101,0.16357240080833,0.16357240080833,159.84523010254,273.54998779297
04-APR-2025,12.237175165961,6257,SGRA,0.906454205513,215103,AP-N202-F101,0.14897395670414,0.14897395670414,149.44223022461,273.54998779297
04-APR-2025,12.237175165961,6257,SGRA,0.906454205513,227103,AP-N203-F102,0.16101586818695,0.16101586818695,164.55354309082,273.54998779297
04-APR-2025,12.237175165961,6257,SGRA,0.906454205513,227103,AP-N204-F102,0.15295557677746,0.15295557677746,154.83703613281,273.54998779297
04-APR-2025,12.261480719381,6261,SGRA,0.9008754491806,215103,AP-N201-F101,0.16357240080833,0.16357240080833,159.84523010254,273.54998779297
04-APR-2025,12.261480719381,6261,SGRA,0.9008754491806,215103,AP-N202-F101,0.14897395670414,0.14897395670414,149.44223022461,273.54998779297
04-APR-2025,12.261480719381,6261,SGRA,0.9008754491806,227103,AP-N203-F102,0.16101586818695,0.16101586818695,164.55354309082,273.54998779297
04-APR-2025,12.261480719381,6261,SGRA,0.9008754491806,227103,AP-N204-F102,0.15295557677746,0.15295557677746,154.83703613281,273.54998779297
04-APR-2025,12.270369607996,6261,SGRA,0.89883536100388,215103,AP-N201-F101,0.16357240080833,0.16357240080833,159.84523010254,273.54998779297
04-APR-2025,12.270369607996,6261,SGRA,0.89883536100388,215103,AP-N202-F101,0.14897395670414,0.14897395670414,149.44223022461,273.54998779297
04-APR-2025,12.270369607996,6261,SGRA,0.89883536100388,227103,AP-N203-F102,0.16101586818695,0.16101586818695,164.55354309082,273.54998779297
04-APR-2025,12.270369607996,6261,SGRA,0.89883536100388,227103,AP-N204-F102,0.15295557677746,0.15295557677746,154.83703613281,273.54998779297
04-APR-2025,12.279258496437,6261,SGRA,0.89679527282715,215103,AP-N201-F101,0.16357240080833,0.16357240080833,159.84523010254,273.54998779297
04-APR-2025,12.279258496437,6261,SGRA,0.89679527282715,215103,AP-N202-F101,0.14897395670414,0.14897395670414,149.44223022461,273.54998779297
04-APR-2025,12.279258496437,6261,SGRA,0.89679527282715,227103,AP-N203-F102,0.16101586818695,0.16101586818695,164.55354309082,273.54998779297
04-APR-2025,12.279258496437,6261,SGRA,0.89679527282715,227103,AP-N204-F102,0.15295557677746,0.15295557677746,154.83703613281,273.54998779297
04-APR-2025,12.288147385751,6261,SGRA,0.89475524425507,215103,AP-N201-F101,0.16357240080833,0.16357240080833,159.84523010254,273.54998779297
04-APR-2025,12.288147385751,6261,SGRA,0.89475524425507,215103,AP-N202-F101,0.14897395670414,0.14897395670414,149.44223022461,273.54998779297
04-APR-2025,12.288147385751,6261,SGRA,0.89475524425507,227103,AP-N203-F102,0.16101586818695,0.16101586818695,164.55354309082,273.54998779297
04-APR-2025,12.288147385751,6261,SGRA,0.89475524425507,227103,AP-N204-F102,0.15295557677746,0.15295557677746,154.83703613281,273.54998779297
04-APR-2025,12.297314053953,6261,SGRA,0.89265149831772,215103,AP-N201-F101,0.16357240080833,0.16357240080833,159.84523010254,273.54998779297
04-APR-2025,12.297314053953,6261,SGRA,0.89265149831772,215103,AP-N202-F101,0.14897395670414,0.14897395670414,149.44223022461,273.54998779297
04-APR-2025,12.297314053953,6261,SGRA,0.89265149831772,227103,AP-N203-F102,0.16101586818695,0.16101586818695,164.55354309082,273.54998779297
04-APR-2025,12.297314053953,6261,SGRA,0.89265149831772,227103,AP-N204-F102,0.15295557677746,0.15295557677746,154.83703613281,273.54998779297
04-APR-2025,12.306202942743,6261,SGRA,0.89061152935028,215103,AP-N201-F101,0.16357240080833,0.16357240080833,159.84523010254,273.54998779297
04-APR-2025,12.306202942743,6261,SGRA,0.89061152935028,215103,AP-N202-F101,0.14897395670414,0.14897395670414,149.44223022461,273.54998779297
04-APR-2025,12.306202942743,6261,SGRA,0.89061152935028,227103,AP-N203-F102,0.16101586818695,0.16101586818695,164.55354309082,273.54998779297
04-APR-2025,12.306202942743,6261,SGRA,0.89061152935028,227103,AP-N204-F102,0.15295557677746,0.15295557677746,154.83703613281,273.54998779297
04-APR-2025,12.315091831533,6261,SGRA,0.88857161998749,215103,AP-N201-F101,0.16357240080833,0.16357240080833,159.84523010254,273.54998779297
04-APR-2025,12.315091831533,6261,SGRA,0.88857161998749,215103,AP-N202-F101,0.14897395670414,0.14897395670414,149.44223022461,273.54998779297
04-APR-2025,12.315091831533,6261,SGRA,0.88857161998749,227103,AP-N203-F102,0.16101586818695,0.16101586818695,164.55354309082,273.54998779297
04-APR-2025,12.315091831533,6261,SGRA,0.88857161998749,227103,AP-N204-F102,0.15295557677746,0.15295557677746,154.83703613281,273.54998779297
04-APR-2025,12.323980720323,6261,SGRA,0.88653182983398,215103,AP-N201-F101,0.16357240080833,0.16357240080833,159.84523010254,273.54998779297
04-APR-2025,12.323980720323,6261,SGRA,0.88653182983398,215103,AP-N202-F101,0.14897395670414,0.14897395670414,149.44223022461,273.54998779297
04-APR-2025,12.323980720323,6261,SGRA,0.88653182983398,227103,AP-N203-F102,0.16101586818695,0.16101586818695,164.55354309082,273.54998779297
04-APR-2025,12.323980720323,6261,SGRA,0.88653182983398,227103,AP-N204-F102,0.15295557677746,0.15295557677746,154.83703613281,273.54998779297
04-APR-2025,12.332869609637,6261,SGRA,0.88449203968048,215103,AP-N201-F101,0.16357240080833,0.16357240080833,159.84523010254,273.54998779297
04-APR-2025,12.332869609637,6261,SGRA,0.88449203968048,215103,AP-N202-F101,0.14897395670414,0.14897395670414,149.44223022461,273.54998779297
04-APR-2025,12.332869609637,6261,SGRA,0.88449203968048,227103,AP-N203-F102,0.16101586818695,0.16101586818695,164.55354309082,273.54998779297
04-APR-2025,12.332869609637,6261,SGRA,0.88449203968048,227103,AP-N204-F102,0.15295557677746,0.15295557677746,154.83703613281,273.54998779297
04-APR-2025,12.341758498427,6261,SGRA,0.88245236873627,215103,AP-N201-F101,0.16357240080833,0.16357240080833,159.84523010254,273.54998779297
04-APR-2025,12.341758498427,6261,SGRA,0.88245236873627,215103,AP-N202-F101,0.14897395670414,0.14897395670414,149.44223022461,273.54998779297
04-APR-2025,12.341758498427,6261,SGRA,0.88245236873627,227103,AP-N203-F102,0.16101586818695,0.16101586818695,164.55354309082,273.54998779297
04-APR-2025,12.341758498427,6261,SGRA,0.88245236873627,227103,AP-N204-F102,0.15295557677746,0.15295557677746,154.83703613281,273.54998779297
04-APR-2025,12.350647386694,6261,SGRA,0.88041263818741,215103,AP-N201-F101,0.16357240080833,0.16357240080833,159.84523010254,273.54998779297
04-APR-2025,12.350647386694,6261,SGRA,0.88041263818741,215103,AP-N202-F101,0.14897395670414,0.14897395670414,149.44223022461,273.54998779297
04-APR-2025,12.350647386694,6261,SGRA,0.88041263818741,227103,AP-N203-F102,0.16101586818695,0.16101586818695,164.55354309082,273.54998779297
04-APR-2025,12.350647386694,6261,SGRA,0.88041263818741,227103,AP-N204-F102,0.15295557677746,0.15295557677746,154.83703613281,273.54998779297
04-APR-2025,12.359536275658,6261,SGRA,0.87837308645248,215103,AP-N201-F101,0.16357240080833,0.16357240080833,159.84523010254,273.54998779297
04-APR-2025,12.359536275658,6261,SGRA,0.87837308645248,215103,AP-N202-F101,0.14897395670414,0.14897395670414,149.44223022461,273.54998779297
04-APR-2025,12.359536275658,6261,SGRA,0.87837308645248,227103,AP-N203-F102,0.16101586818695,0.16101586818695,164.55354309082,273.54998779297
04-APR-2025,12.359536275658,6261,SGRA,0.87837308645248,227103,AP-N204-F102,0.15295557677746,0.15295557677746,154.83703613281,273.54998779297
04-APR-2025,12.368425164448,6261,SGRA,0.8763335943222,215103,AP-N201-F101,0.16357240080833,0.16357240080833,159.84523010254,273.54998779297
04-APR-2025,12.368425164448,6261,SGRA,0.8763335943222,215103,AP-N202-F101,0.14897395670414,0.14897395670414,149.44223022461,273.54998779297
04-APR-2025,12.368425164448,6261,SGRA,0.8763335943222,227103,AP-N203-F102,0.16101586818695,0.16101586818695,164.55354309082,273.54998779297
04-APR-2025,12.368425164448,6261,SGRA,0.8763335943222,227103,AP-N204-F102,0.15295557677746,0.15295557677746,154.83703613281,273.54998779297
04-APR-2025,12.377314053239,6261,SGRA,0.87429416179657,215103,AP-N201-F101,0.16357240080833,0.16357240080833,159.84523010254,273.54998779297
04-APR-2025,12.377314053239,6261,SGRA,0.87429416179657,215103,AP-N202-F101,0.14897395670414,0.14897395670414,149.44223022461,273.54998779297
04-APR-2025,12.377314053239,6261,SGRA,0.87429416179657,227103,AP-N203-F102,0.16101586818695,0.16101586818695,164.55354309082,273.54998779297
04-APR-2025,12.377314053239,6261,SGRA,0.87429416179657,227103,AP-N204-F102,0.15295557677746,0.15295557677746,154.83703613281,273.54998779297
04-APR-2025,12.386202942203,6261,SGRA,0.87225478887558,215103,AP-N201-F101,0.16357240080833,0.16357240080833,159.84523010254,273.54998779297
04-APR-2025,12.386202942203,6261,SGRA,0.87225478887558,215103,AP-N202-F101,0.14897395670414,0.14897395670414,149.44223022461,273.54998779297
04-APR-2025,12.386202942203,6261,SGRA,0.87225478887558,227103,AP-N203-F102,0.16101586818695,0.16101586818695,164.55354309082,273.54998779297
04-APR-2025,12.386202942203,6261,SGRA,0.87225478887558,227103,AP-N204-F102,0.15295557677746,0.15295557677746,154.83703613281,273.54998779297
04-APR-2025,12.529952941053,6264,SGRA,0.83928596973419,215103,AP-N201-F101,0.15937036275864,0.15937036275864,162.94512939453,274.14999389648
04-APR-2025,12.529952941053,6264,SGRA,0.83928596973419,215103,AP-N202-F101,0.14586146175861,0.14586146175861,152.6729888916,274.14999389648
04-APR-2025,12.529952941053,6264,SGRA,0.83928596973419,227103,AP-N203-F102,0.15816515684128,0.15816515684128,168.18646240234,274.14999389648
04-APR-2025,12.529952941053,6264,SGRA,0.83928596973419,227103,AP-N204-F102,0.1496507525444,0.1496507525444,157.9387512207,274.14999389648
04-APR-2025,12.560925161938,6268,SGRA,0.83218586444855,215103,AP-N201-F101,0.15937036275864,0.15937036275864,162.94512939453,274.14999389648
04-APR-2025,12.560925161938,6268,SGRA,0.83218586444855,215103,AP-N202-F101,0.14586146175861,0.14586146175861,152.6729888916,274.14999389648
04-APR-2025,12.560925161938,6268,SGRA,0.83218586444855,227103,AP-N203-F102,0.15816515684128,0.15816515684128,168.18646240234,274.14999389648
04-APR-2025,12.560925161938,6268,SGRA,0.83218586444855,227103,AP-N204-F102,0.1496507525444,0.1496507525444,157.9387512207,274.14999389648
04-APR-2025,12.569814051078,6268,SGRA,0.83014845848083,215103,AP-N201-F101,0.15937036275864,0.15937036275864,162.94512939453,274.14999389648
04-APR-2025,12.569814051078,6268,SGRA,0.83014845848083,215103,AP-N202-F101,0.14586146175861,0.14586146175861,152.6729888916,274.14999389648
04-APR-2025,12.569814051078,6268,SGRA,0.83014845848083,227103,AP-N203-F102,0.15816515684128,0.15816515684128,168.18646240234,274.14999389648
04-APR-2025,12.569814051078,6268,SGRA,0.83014845848083,227103,AP-N204-F102,0.1496507525444,0.1496507525444,157.9387512207,274.14999389648
04-APR-2025,12.578702939868,6268,SGRA,0.82811111211777,215103,AP-N201-F101,0.15937036275864,0.15937036275864,162.94512939453,274.14999389648
04-APR-2025,12.578702939868,6268,SGRA,0.82811111211777,215103,AP-N202-F101,0.14586146175861,0.14586146175861,152.6729888916,274.14999389648
04-APR-2025,12.578702939868,6268,SGRA,0.82811111211777,227103,AP-N203-F102,0.15816515684128,0.15816515684128,168.18646240234,274.14999389648
04-APR-2025,12.578702939868,6268,SGRA,0.82811111211777,227103,AP-N204-F102,0.1496507525444,0.1496507525444,157.9387512207,274.14999389648
04-APR-2025,12.587591828483,6268,SGRA,0.82607382535934,215103,AP-N201-F101,0.15937036275864,0.15937036275864,162.94512939453,274.14999389648
04-APR-2025,12.587591828483,6268,SGRA,0.82607382535934,215103,AP-N202-F101,0.14586146175861,0.14586146175861,152.6729888916,274.14999389648
04-APR-2025,12.587591828483,6268,SGRA,0.82607382535934,227103,AP-N203-F102,0.15816515684128,0.15816515684128,168.18646240234,274.14999389648
04-APR-2025,12.587591828483,6268,SGRA,0.82607382535934,227103,AP-N204-F102,0.1496507525444,0.1496507525444,157.9387512207,274.14999389648
04-APR-2025,12.596480716924,6268,SGRA,0.8240367770195,215103,AP-N201-F101,0.15937036275864,0.15937036275864,162.94512939453,274.14999389648
04-APR-2025,12.596480716924,6268,SGRA,0.8240367770195,215103,AP-N202-F101,0.14586146175861,0.14586146175861,152.6729888916,274.14999389648
04-APR-2025,12.596480716924,6268,SGRA,0.8240367770195,227103,AP-N203-F102,0.15816515684128,0.15816515684128,168.18646240234,274.14999389648
04-APR-2025,12.596480716924,6268,SGRA,0.8240367770195,227103,AP-N204-F102,0.1496507525444,0.1496507525444,157.9387512207,274.14999389648
04-APR-2025,12.605369606238,6268,SGRA,0.82199984788895,215103,AP-N201-F101,0.15937036275864,0.15937036275864,162.94512939453,274.14999389648
04-APR-2025,12.605369606238,6268,SGRA,0.82199984788895,215103,AP-N202-F101,0.14586146175861,0.14586146175861,152.6729888916,274.14999389648
04-APR-2025,12.605369606238,6268,SGRA,0.82199984788895,227103,AP-N203-F102,0.15816515684128,0.15816515684128,168.18646240234,274.14999389648
04-APR-2025,12.605369606238,6268,SGRA,0.82199984788895,227103,AP-N204-F102,0.1496507525444,0.1496507525444,157.9387512207,274.14999389648
04-APR-2025,12.614258494854,6268,SGRA,0.81996297836304,215103,AP-N201-F101,0.15937036275864,0.15937036275864,162.94512939453,274.14999389648
04-APR-2025,12.614258494854,6268,SGRA,0.81996297836304,215103,AP-N202-F101,0.14586146175861,0.14586146175861,152.6729888916,274.14999389648
04-APR-2025,12.614258494854,6268,SGRA,0.81996297836304,227103,AP-N203-F102,0.15816515684128,0.15816515684128,168.18646240234,274.14999389648
04-APR-2025,12.614258494854,6268,SGRA,0.81996297836304,227103,AP-N204-F102,0.1496507525444,0.1496507525444,157.9387512207,274.14999389648
04-APR-2025,12.623147383818,6268,SGRA,0.81792622804642,215103,AP-N201-F101,0.15937036275864,0.15937036275864,162.94512939453,274.14999389648
04-APR-2025,12.623147383818,6268,SGRA,0.81792622804642,215103,AP-N202-F101,0.14586146175861,0.14586146175861,152.6729888916,274.14999389648
04-APR-2025,12.623147383818,6268,SGRA,0.81792622804642,227103,AP-N203-F102,0.15816515684128,0.15816515684128,168.18646240234,274.14999389648
04-APR-2025,12.623147383818,6268,SGRA,0.81792622804642,227103,AP-N204-F102,0.1496507525444,0.1496507525444,157.9387512207,274.14999389648
04-APR-2025,12.632036272608,6268,SGRA,0.81588959693909,215103,AP-N201-F101,0.15937036275864,0.15937036275864,162.94512939453,274.14999389648
04-APR-2025,12.632036272608,6268,SGRA,0.81588959693909,215103,AP-N202-F101,0.14586146175861,0.14586146175861,152.6729888916,274.14999389648
04-APR-2025,12.632036272608,6268,SGRA,0.81588959693909,227103,AP-N203-F102,0.15816515684128,0.15816515684128,168.18646240234,274.14999389648
04-APR-2025,12.632036272608,6268,SGRA,0.81588959693909,227103,AP-N204-F102,0.1496507525444,0.1496507525444,157.9387512207,274.14999389648
04-APR-2025,12.64120293854,6268,SGRA,0.81378948688507,215103,AP-N201-F101,0.15937036275864,0.15937036275864,162.94512939453,274.14999389648
04-APR-2025,12.64120293854,6268,SGRA,0.81378948688507,215103,AP-N202-F101,0.14586146175861,0.14586146175861,152.6729888916,274.14999389648
04-APR-2025,12.64120293854,6268,SGRA,0.81378948688507,227103,AP-N203-F102,0.15816515684128,0.15816515684128,168.18646240234,274.14999389648
04-APR-2025,12.64120293854,6268,SGRA,0.81378948688507,227103,AP-N204-F102,0.1496507525444,0.1496507525444,157.9387512207,274.14999389648
04-APR-2025,12.827545467257,6276,J1751+0939,0.55062079429626,215103,AP-N201-F101,0.15566366910934,0.15566366910934,199.71723937988,274.95001220703
04-APR-2025,12.827545467257,6276,J1751+0939,0.55062079429626,215103,AP-N202-F101,0.14716157317162,0.14716157317162,189.27206420898,274.95001220703
04-APR-2025,12.827545467257,6276,J1751+0939,0.55062079429626,227103,AP-N203-F102,0.15946766734123,0.15946766734123,209.05183410645,274.95001220703
04-APR-2025,12.827545467257,6276,J1751+0939,0.55062079429626,227103,AP-N204-F102,0.15239417552948,0.15239417552948,196.66052246094,274.95001220703
04-APR-2025,12.845184356004,6280,J1751+0939,0.54686504602432,215103,AP-N201-F101,0.15566366910934,0.15566366910934,199.71723937988,274.95001220703
04-APR-2025,12.845184356004,6280,J1751+0939,0.54686504602432,215103,AP-N202-F101,0.14716157317162,0.14716157317162,189.27206420898,274.95001220703
04-APR-2025,12.845184356004,6280,J1751+0939,0.54686504602432,227103,AP-N203-F102,0.15946766734123,0.15946766734123,209.05183410645,274.95001220703
04-APR-2025,12.845184356004,6280,J1751+0939,0.54686504602432,227103,AP-N204-F102,0.15239417552948,0.15239417552948,196.66052246094,274.95001220703
04-APR-2025,12.854073244794,6280,J1751+0939,0.54497015476227,215103,AP-N201-F101,0.15566366910934,0.15566366910934,199.71723937988,274.95001220703
04-APR-2025,12.854073244794,6280,J1751+0939,0.54497015476227,215103,AP-N202-F101,0.14716157317162,0.14716157317162,189.27206420898,274.95001220703
04-APR-2025,12.854073244794,6280,J1751+0939,0.54497015476227,227103,AP-N203-F102,0.15946766734123,0.15946766734123,209.05183410645,274.95001220703
04-APR-2025,12.854073244794,6280,J1751+0939,0.54497015476227,227103,AP-N204-F102,0.15239417552948,0.15239417552948,196.66052246094,274.95001220703
04-APR-2025,12.862962133933,6280,J1751+0939,0.54307359457016,215103,AP-N201-F101,0.15566366910934,0.15566366910934,199.71723937988,274.95001220703
04-APR-2025,12.862962133933,6280,J1751+0939,0.54307359457016,215103,AP-N202-F101,0.14716157317162,0.14716157317162,189.27206420898,274.95001220703
04-APR-2025,12.862962133933,6280,J1751+0939,0.54307359457016,227103,AP-N203-F102,0.15946766734123,0.15946766734123,209.05183410645,274.95001220703
04-APR-2025,12.862962133933,6280,J1751+0939,0.54307359457016,227103,AP-N204-F102,0.15239417552948,0.15239417552948,196.66052246094,274.95001220703
04-APR-2025,12.920601020141,6285,SGRA,0.7498534321785,215103,AP-N201-F101,0.15974995493889,0.15974995493889,172.07757568359,275.14999389648
04-APR-2025,12.920601020141,6285,SGRA,0.7498534321785,215103,AP-N202-F101,0.14842657744884,0.14842657744884,162.15223693848,275.14999389648
04-APR-2025,12.920601020141,6285,SGRA,0.7498534321785,227103,AP-N203-F102,0.16064015030861,0.16064015030861,178.47221374512,275.14999389648
04-APR-2025,12.920601020141,6285,SGRA,0.7498534321785,227103,AP-N204-F102,0.15278741717339,0.15278741717339,167.73377990723,275.14999389648
04-APR-2025,12.945184355242,6289,SGRA,0.74423575401306,215103,AP-N201-F101,0.15974995493889,0.15974995493889,172.07757568359,275.14999389648
04-APR-2025,12.945184355242,6289,SGRA,0.74423575401306,215103,AP-N202-F101,0.14842657744884,0.14842657744884,162.15223693848,275.14999389648
04-APR-2025,12.945184355242,6289,SGRA,0.74423575401306,227103,AP-N203-F102,0.16064015030861,0.16064015030861,178.47221374512,275.14999389648
04-APR-2025,12.945184355242,6289,SGRA,0.74423575401306,227103,AP-N204-F102,0.15278741717339,0.15278741717339,167.73377990723,275.14999389648
04-APR-2025,12.954073244032,6289,SGRA,0.74220484495163,215103,AP-N201-F101,0.15974995493889,0.15974995493889,172.07757568359,275.14999389648
04-APR-2025,12.954073244032,6289,SGRA,0.74220484495163,215103,AP-N202-F101,0.14842657744884,0.14842657744884,162.15223693848,275.14999389648
04-APR-2025,12.954073244032,6289,SGRA,0.74220484495163,227103,AP-N203-F102,0.16064015030861,0.16064015030861,178.47221374512,275.14999389648
04-APR-2025,12.954073244032,6289,SGRA,0.74220484495163,227103,AP-N204-F102,0.15278741717339,0.15278741717339,167.73377990723,275.14999389648
04-APR-2025,12.962962133346,6289,SGRA,0.74017411470413,215103,AP-N201-F101,0.15974995493889,0.15974995493889,172.07757568359,275.14999389648
04-APR-2025,12.962962133346,6289,SGRA,0.74017411470413,215103,AP-N202-F101,0.14842657744884,0.14842657744884,162.15223693848,275.14999389648
04-APR-2025,12.962962133346,6289,SGRA,0.74017411470413,227103,AP-N203-F102,0.16064015030861,0.16064015030861,178.47221374512,275.14999389648
04-APR-2025,12.962962133346,6289,SGRA,0.74017411470413,227103,AP-N204-F102,0.15278741717339,0.15278741717339,167.73377990723,275.14999389648
04-APR-2025,12.971851021962,6289,SGRA,0.73814368247986,215103,AP-N201-F101,0.15974995493889,0.15974995493889,172.07757568359,275.14999389648
04-APR-2025,12.971851021962,6289,SGRA,0.73814368247986,215103,AP-N202-F101,0.14842657744884,0.14842657744884,162.15223693848,275.14999389648
04-APR-2025,12.971851021962,6289,SGRA,0.73814368247986,227103,AP-N203-F102,0.16064015030861,0.16064015030861,178.47221374512,275.14999389648
04-APR-2025,12.971851021962,6289,SGRA,0.73814368247986,227103,AP-N204-F102,0.15278741717339,0.15278741717339,167.73377990723,275.14999389648
04-APR-2025,12.981017687544,6289,SGRA,0.73604989051819,215103,AP-N201-F101,0.15974995493889,0.15974995493889,172.07757568359,275.14999389648
04-APR-2025,12.981017687544,6289,SGRA,0.73604989051819,215103,AP-N202-F101,0.14842657744884,0.14842657744884,162.15223693848,275.14999389648
04-APR-2025,12.981017687544,6289,SGRA,0.73604989051819,227103,AP-N203-F102,0.16064015030861,0.16064015030861,178.47221374512,275.14999389648
04-APR-2025,12.981017687544,6289,SGRA,0.73604989051819,227103,AP-N204-F102,0.15278741717339,0.15278741717339,167.73377990723,275.14999389648
04-APR-2025,12.989906576509,6289,SGRA,0.73401981592178,215103,AP-N201-F101,0.15974995493889,0.15974995493889,172.07757568359,275.14999389648
04-APR-2025,12.989906576509,6289,SGRA,0.73401981592178,215103,AP-N202-F101,0.14842657744884,0.14842657744884,162.15223693848,275.14999389648
04-APR-2025,12.989906576509,6289,SGRA,0.73401981592178,227103,AP-N203-F102,0.16064015030861,0.16064015030861,178.47221374512,275.14999389648
04-APR-2025,12.989906576509,6289,SGRA,0.73401981592178,227103,AP-N204-F102,0.15278741717339,0.15278741717339,167.73377990723,275.14999389648
04-APR-2025,12.998795465299,6289,SGRA,0.73198986053467,215103,AP-N201-F101,0.15974995493889,0.15974995493889,172.07757568359,275.14999389648
04-APR-2025,12.998795465299,6289,SGRA,0.73198986053467,215103,AP-N202-F101,0.14842657744884,0.14842657744884,162.15223693848,275.14999389648
04-APR-2025,12.998795465299,6289,SGRA,0.73198986053467,227103,AP-N203-F102,0.16064015030861,0.16064015030861,178.47221374512,275.14999389648
04-APR-2025,12.998795465299,6289,SGRA,0.73198986053467,227103,AP-N204-F102,0.15278741717339,0.15278741717339,167.73377990723,275.14999389648
04-APR-2025,13.007684354438,6289,SGRA,0.72996014356613,215103,AP-N201-F101,0.15974995493889,0.15974995493889,172.07757568359,275.14999389648
04-APR-2025,13.007684354438,6289,SGRA,0.72996014356613,215103,AP-N202-F101,0.14842657744884,0.14842657744884,162.15223693848,275.14999389648
04-APR-2025,13.007684354438,6289,SGRA,0.72996014356613,227103,AP-N203-F102,0.16064015030861,0.16064015030861,178.47221374512,275.14999389648
04-APR-2025,13.007684354438,6289,SGRA,0.72996014356613,227103,AP-N204-F102,0.15278741717339,0.15278741717339,167.73377990723,275.14999389648
04-APR-2025,13.016573243403,6289,SGRA,0.72793066501617,215103,AP-N201-F101,0.15974995493889,0.15974995493889,172.07757568359,275.14999389648
04-APR-2025,13.016573243403,6289,SGRA,0.72793066501617,215103,AP-N202-F101,0.14842657744884,0.14842657744884,162.15223693848,275.14999389648
04-APR-2025,13.016573243403,6289,SGRA,0.72793066501617,227103,AP-N203-F102,0.16064015030861,0.16064015030861,178.47221374512,275.14999389648
04-APR-2025,13.016573243403,6289,SGRA,0.72793066501617,227103,AP-N204-F102,0.15278741717339,0.15278741717339,167.73377990723,275.14999389648
04-APR-2025,13.025739908986,6289,SGRA,0.72583794593811,215103,AP-N201-F101,0.15974995493889,0.15974995493889,172.07757568359,275.14999389648
04-APR-2025,13.025739908986,6289,SGRA,0.72583794593811,215103,AP-N202-F101,0.14842657744884,0.14842657744884,162.15223693848,275.14999389648
04-APR-2025,13.025739908986,6289,SGRA,0.72583794593811,227103,AP-N203-F102,0.16064015030861,0.16064015030861,178.47221374512,275.14999389648
04-APR-2025,13.025739908986,6289,SGRA,0.72583794593811,227103,AP-N204-F102,0.15278741717339,0.15278741717339,167.73377990723,275.14999389648
04-APR-2025,13.034628797601,6289,SGRA,0.72380882501602,215103,AP-N201-F101,0.15974995493889,0.15974995493889,172.07757568359,275.14999389648
04-APR-2025,13.034628797601,6289,SGRA,0.72380882501602,215103,AP-N202-F101,0.14842657744884,0.14842657744884,162.15223693848,275.14999389648
04-APR-2025,13.034628797601,6289,SGRA,0.72380882501602,227103,AP-N203-F102,0.16064015030861,0.16064015030861,178.47221374512,275.14999389648
04-APR-2025,13.034628797601,6289,SGRA,0.72380882501602,227103,AP-N204-F102,0.15278741717339,0.15278741717339,167.73377990723,275.14999389648
04-APR-2025,13.043517686566,6289,SGRA,0.72177988290787,215103,AP-N201-F101,0.15974995493889,0.15974995493889,172.07757568359,275.14999389648
04-APR-2025,13.043517686566,6289,SGRA,0.72177988290787,215103,AP-N202-F101,0.14842657744884,0.14842657744884,162.15223693848,275.14999389648
04-APR-2025,13.043517686566,6289,SGRA,0.72177988290787,227103,AP-N203-F102,0.16064015030861,0.16064015030861,178.47221374512,275.14999389648
04-APR-2025,13.043517686566,6289,SGRA,0.72177988290787,227103,AP-N204-F102,0.15278741717339,0.15278741717339,167.73377990723,275.14999389648
04-APR-2025,13.052406575531,6289,SGRA,0.71975123882294,215103,AP-N201-F101,0.15974995493889,0.15974995493889,172.07757568359,275.14999389648
04-APR-2025,13.052406575531,6289,SGRA,0.71975123882294,215103,AP-N202-F101,0.14842657744884,0.14842657744884,162.15223693848,275.14999389648
04-APR-2025,13.052406575531,6289,SGRA,0.71975123882294,227103,AP-N203-F102,0.16064015030861,0.16064015030861,178.47221374512,275.14999389648
04-APR-2025,13.052406575531,6289,SGRA,0.71975123882294,227103,AP-N204-F102,0.15278741717339,0.15278741717339,167.73377990723,275.14999389648
04-APR-2025,13.061295463971,6289,SGRA,0.7177227139473,215103,AP-N201-F101,0.15974995493889,0.15974995493889,172.07757568359,275.14999389648
04-APR-2025,13.061295463971,6289,SGRA,0.7177227139473,215103,AP-N202-F101,0.14842657744884,0.14842657744884,162.15223693848,275.14999389648
04-APR-2025,13.061295463971,6289,SGRA,0.7177227139473,227103,AP-N203-F102,0.16064015030861,0.16064015030861,178.47221374512,275.14999389648
04-APR-2025,13.061295463971,6289,SGRA,0.7177227139473,227103,AP-N204-F102,0.15278741717339,0.15278741717339,167.73377990723,275.14999389648
04-APR-2025,13.070184352936,6289,SGRA,0.71569442749023,215103,AP-N201-F101,0.15974995493889,0.15974995493889,172.07757568359,275.14999389648
04-APR-2025,13.070184352936,6289,SGRA,0.71569442749023,215103,AP-N202-F101,0.14842657744884,0.14842657744884,162.15223693848,275.14999389648
04-APR-2025,13.070184352936,6289,SGRA,0.71569442749023,227103,AP-N203-F102,0.16064015030861,0.16064015030861,178.47221374512,275.14999389648
04-APR-2025,13.070184352936,6289,SGRA,0.71569442749023,227103,AP-N204-F102,0.15278741717339,0.15278741717339,167.73377990723,275.14999389648
04-APR-2025,13.326989906893,6294,J1924-2914,1.0343768596649,215103,AP-N201-F101,0.1749030649662,0.1749030649662,158.92471313477,275.75
04-APR-2025,13.326989906893,6294,J1924-2914,1.0343768596649,215103,AP-N202-F101,0.15871597826481,0.15871597826481,148.34439086914,275.75
04-APR-2025,13.326989906893,6294,J1924-2914,1.0343768596649,227103,AP-N203-F102,0.17102891206741,0.17102891206741,162.8016204834,275.75
04-APR-2025,13.326989906893,6294,J1924-2914,1.0343768596649,227103,AP-N204-F102,0.1628379970789,0.1628379970789,153.42565917969,275.75
04-APR-2025,13.345462128637,6298,J1924-2914,1.0301517248154,215103,AP-N201-F101,0.1749030649662,0.1749030649662,158.92471313477,275.75
04-APR-2025,13.345462128637,6298,J1924-2914,1.0301517248154,215103,AP-N202-F101,0.15871597826481,0.15871597826481,148.34439086914,275.75
04-APR-2025,13.345462128637,6298,J1924-2914,1.0301517248154,227103,AP-N203-F102,0.17102891206741,0.17102891206741,162.8016204834,275.75
04-APR-2025,13.345462128637,6298,J1924-2914,1.0301517248154,227103,AP-N204-F102,0.1628379970789,0.1628379970789,153.42565917969,275.75
04-APR-2025,13.354628794744,6298,J1924-2914,1.0280548334122,215103,AP-N201-F101,0.1749030649662,0.1749030649662,158.92471313477,275.75
04-APR-2025,13.354628794744,6298,J1924-2914,1.0280548334122,215103,AP-N202-F101,0.15871597826481,0.15871597826481,148.34439086914,275.75
04-APR-2025,13.354628794744,6298,J1924-2914,1.0280548334122,227103,AP-N203-F102,0.17102891206741,0.17102891206741,162.8016204834,275.75
04-APR-2025,13.354628794744,6298,J1924-2914,1.0280548334122,227103,AP-N204-F102,0.1628379970789,0.1628379970789,153.42565917969,275.75
04-APR-2025,13.363517683534,6298,J1924-2914,1.0260212421417,215103,AP-N201-F101,0.1749030649662,0.1749030649662,158.92471313477,275.75
04-APR-2025,13.363517683534,6298,J1924-2914,1.0260212421417,215103,AP-N202-F101,0.15871597826481,0.15871597826481,148.34439086914,275.75
04-APR-2025,13.363517683534,6298,J1924-2914,1.0260212421417,227103,AP-N203-F102,0.17102891206741,0.17102891206741,162.8016204834,275.75
04-APR-2025,13.363517683534,6298,J1924-2914,1.0260212421417,227103,AP-N204-F102,0.1628379970789,0.1628379970789,153.42565917969,275.75
04-APR-2025,13.420045459952,6303,SGRA,0.63604539632797,215103,AP-N201-F101,0.15609963238239,0.15609963238239,184.53550720215,276.25
04-APR-2025,13.420045459952,6303,SGRA,0.63604539632797,215103,AP-N202-F101,0.14632630348206,0.14632630348206,174.37474060059,276.25
04-APR-2025,13.420045459952,6303,SGRA,0.63604539632797,227103,AP-N203-F102,0.15872490406036,0.15872490406036,192.71391296387,276.25
04-APR-2025,13.420045459952,6303,SGRA,0.63604539632797,227103,AP-N204-F102,0.15143164992332,0.15143164992332,181.10626220703,276.25
04-APR-2025,13.445184346193,6307,SGRA,0.63033723831177,215103,AP-N201-F101,0.15609963238239,0.15609963238239,184.53550720215,276.25
04-APR-2025,13.445184346193,6307,SGRA,0.63033723831177,215103,AP-N202-F101,0.14632630348206,0.14632630348206,174.37474060059,276.25
04-APR-2025,13.445184346193,6307,SGRA,0.63033723831177,227103,AP-N203-F102,0.15872490406036,0.15872490406036,192.71391296387,276.25
04-APR-2025,13.445184346193,6307,SGRA,0.63033723831177,227103,AP-N204-F102,0.15143164992332,0.15143164992332,181.10626220703,276.25
04-APR-2025,13.454073234984,6307,SGRA,0.62831938266754,215103,AP-N201-F101,0.15609963238239,0.15609963238239,184.53550720215,276.25
04-APR-2025,13.454073234984,6307,SGRA,0.62831938266754,215103,AP-N202-F101,0.14632630348206,0.14632630348206,174.37474060059,276.25
04-APR-2025,13.454073234984,6307,SGRA,0.62831938266754,227103,AP-N203-F102,0.15872490406036,0.15872490406036,192.71391296387,276.25
04-APR-2025,13.454073234984,6307,SGRA,0.62831938266754,227103,AP-N204-F102,0.15143164992332,0.15143164992332,181.10626220703,276.25
04-APR-2025,13.462962123424,6307,SGRA,0.62630188465118,215103,AP-N201-F101,0.15609963238239,0.15609963238239,184.53550720215,276.25
04-APR-2025,13.462962123424,6307,SGRA,0.62630188465118,215103,AP-N202-F101,0.14632630348206,0.14632630348206,174.37474060059,276.25
04-APR-2025,13.462962123424,6307,SGRA,0.62630188465118,227103,AP-N203-F102,0.15872490406036,0.15872490406036,192.71391296387,276.25
04-APR-2025,13.462962123424,6307,SGRA,0.62630188465118,227103,AP-N204-F102,0.15143164992332,0.15143164992332,181.10626220703,276.25
04-APR-2025,13.471851012389,6307,SGRA,0.6242847442627,215103,AP-N201-F101,0.15609963238239,0.15609963238239,184.53550720215,276.25
04-APR-2025,13.471851012389,6307,SGRA,0.6242847442627,215103,AP-N202-F101,0.14632630348206,0.14632630348206,174.37474060059,276.25
04-APR-2025,13.471851012389,6307,SGRA,0.6242847442627,227103,AP-N203-F102,0.15872490406036,0.15872490406036,192.71391296387,276.25
04-APR-2025,13.471851012389,6307,SGRA,0.6242847442627,227103,AP-N204-F102,0.15143164992332,0.15143164992332,181.10626220703,276.25
04-APR-2025,13.480739901528,6307,SGRA,0.62226778268814,215103,AP-N201-F101,0.15609963238239,0.15609963238239,184.53550720215,276.25
04-APR-2025,13.480739901528,6307,SGRA,0.62226778268814,215103,AP-N202-F101,0.14632630348206,0.14632630348206,174.37474060059,276.25
04-APR-2025,13.480739901528,6307,SGRA,0.62226778268814,227103,AP-N203-F102,0.15872490406036,0.15872490406036,192.71391296387,276.25
04-APR-2025,13.480739901528,6307,SGRA,0.62226778268814,227103,AP-N204-F102,0.15143164992332,0.15143164992332,181.10626220703,276.25
04-APR-2025,13.489628790319,6307,SGRA,0.62025111913681,215103,AP-N201-F101,0.15609963238239,0.15609963238239,184.53550720215,276.25
04-APR-2025,13.489628790319,6307,SGRA,0.62025111913681,215103,AP-N202-F101,0.14632630348206,0.14632630348206,174.37474060059,276.25
04-APR-2025,13.489628790319,6307,SGRA,0.62025111913681,227103,AP-N203-F102,0.15872490406036,0.15872490406036,192.71391296387,276.25
04-APR-2025,13.489628790319,6307,SGRA,0.62025111913681,227103,AP-N204-F102,0.15143164992332,0.15143164992332,181.10626220703,276.25
04-APR-2025,13.498517678759,6307,SGRA,0.61823469400406,215103,AP-N201-F101,0.15609963238239,0.15609963238239,184.53550720215,276.25
04-APR-2025,13.498517678759,6307,SGRA,0.61823469400406,215103,AP-N202-F101,0.14632630348206,0.14632630348206,174.37474060059,276.25
04-APR-2025,13.498517678759,6307,SGRA,0.61823469400406,227103,AP-N203-F102,0.15872490406036,0.15872490406036,192.71391296387,276.25
04-APR-2025,13.498517678759,6307,SGRA,0.61823469400406,227103,AP-N204-F102,0.15143164992332,0.15143164992332,181.10626220703,276.25
04-APR-2025,13.507406567724,6307,SGRA,0.61621862649918,215103,AP-N201-F101,0.15609963238239,0.15609963238239,184.53550720215,276.25
04-APR-2025,13.507406567724,6307,SGRA,0.61621862649918,215103,AP-N202-F101,0.14632630348206,0.14632630348206,174.37474060059,276.25
04-APR-2025,13.507406567724,6307,SGRA,0.61621862649918,227103,AP-N203-F102,0.15872490406036,0.15872490406036,192.71391296387,276.25
04-APR-2025,13.507406567724,6307,SGRA,0.61621862649918,227103,AP-N204-F102,0.15143164992332,0.15143164992332,181.10626220703,276.25
04-APR-2025,13.516573236275,6307,SGRA,0.61413985490799,215103,AP-N201-F101,0.15609963238239,0.15609963238239,184.53550720215,276.25
04-APR-2025,13.516573236275,6307,SGRA,0.61413985490799,215103,AP-N202-F101,0.14632630348206,0.14632630348206,174.37474060059,276.25
04-APR-2025,13.516573236275,6307,SGRA,0.61413985490799,227103,AP-N203-F102,0.15872490406036,0.15872490406036,192.71391296387,276.25
04-APR-2025,13.516573236275,6307,SGRA,0.61413985490799,227103,AP-N204-F102,0.15143164992332,0.15143164992332,181.10626220703,276.25
04-APR-2025,13.525462125065,6307,SGRA,0.61212432384491,215103,AP-N201-F101,0.15609963238239,0.15609963238239,184.53550720215,276.25
04-APR-2025,13.525462125065,6307,SGRA,0.61212432384491,215103,AP-N202-F101,0.14632630348206,0.14632630348206,174.37474060059,276.25
04-APR-2025,13.525462125065,6307,SGRA,0.61212432384491,227103,AP-N203-F102,0.15872490406036,0.15872490406036,192.71391296387,276.25
04-APR-2025,13.525462125065,6307,SGRA,0.61212432384491,227103,AP-N204-F102,0.15143164992332,0.15143164992332,181.10626220703,276.25
04-APR-2025,13.534351013506,6307,SGRA,0.61010909080505,215103,AP-N201-F101,0.15609963238239,0.15609963238239,184.53550720215,276.25
04-APR-2025,13.534351013506,6307,SGRA,0.61010909080505,215103,AP-N202-F101,0.14632630348206,0.14632630348206,174.37474060059,276.25
04-APR-2025,13.534351013506,6307,SGRA,0.61010909080505,227103,AP-N203-F102,0.15872490406036,0.15872490406036,192.71391296387,276.25
04-APR-2025,13.534351013506,6307,SGRA,0.61010909080505,227103,AP-N204-F102,0.15143164992332,0.15143164992332,181.10626220703,276.25
04-APR-2025,13.543239902296,6307,SGRA,0.60809415578842,215103,AP-N201-F101,0.15609963238239,0.15609963238239,184.53550720215,276.25
04-APR-2025,13.543239902296,6307,SGRA,0.60809415578842,215103,AP-N202-F101,0.14632630348206,0.14632630348206,174.37474060059,276.25
04-APR-2025,13.543239902296,6307,SGRA,0.60809415578842,227103,AP-N203-F102,0.15872490406036,0.15872490406036,192.71391296387,276.25
04-APR-2025,13.543239902296,6307,SGRA,0.60809415578842,227103,AP-N204-F102,0.15143164992332,0.15143164992332,181.10626220703,276.25
04-APR-2025,13.552128791087,6307,SGRA,0.60607951879501,215103,AP-N201-F101,0.15609963238239,0.15609963238239,184.53550720215,276.25
04-APR-2025,13.552128791087,6307,SGRA,0.60607951879501,215103,AP-N202-F101,0.14632630348206,0.14632630348206,174.37474060059,276.25
04-APR-2025,13.552128791087,6307,SGRA,0.60607951879501,227103,AP-N203-F102,0.15872490406036,0.15872490406036,192.71391296387,276.25
04-APR-2025,13.552128791087,6307,SGRA,0.60607951879501,227103,AP-N204-F102,0.15143164992332,0.15143164992332,181.10626220703,276.25
04-APR-2025,13.561017680226,6307,SGRA,0.60406523942947,215103,AP-N201-F101,0.15609963238239,0.15609963238239,184.53550720215,276.25
04-APR-2025,13.561017680226,6307,SGRA,0.60406523942947,215103,AP-N202-F101,0.14632630348206,0.14632630348206,174.37474060059,276.25
04-APR-2025,13.561017680226,6307,SGRA,0.60406523942947,227103,AP-N203-F102,0.15872490406036,0.15872490406036,192.71391296387,276.25
04-APR-2025,13.561017680226,6307,SGRA,0.60406523942947,227103,AP-N204-F102,0.15143164992332,0.15143164992332,181.10626220703,276.25
04-APR-2025,13.569906568841,6307,SGRA,0.60205113887787,215103,AP-N201-F101,0.15609963238239,0.15609963238239,184.53550720215,276.25
04-APR-2025,13.569906568841,6307,SGRA,0.60205113887787,215103,AP-N202-F101,0.14632630348206,0.14632630348206,174.37474060059,276.25
04-APR-2025,13.569906568841,6307,SGRA,0.60205113887787,227103,AP-N203-F102,0.15872490406036,0.15872490406036,192.71391296387,276.25
04-APR-2025,13.569906568841,6307,SGRA,0.60205113887787,227103,AP-N204-F102,0.15143164992332,0.15143164992332,181.10626220703,276.25
04-APR-2025,13.71337879055,6310,SGRA,0.56958532333374,215103,AP-N201-F101,0.15243442356586,0.15243442356586,193.46089172363,276.54998779297
04-APR-2025,13.71337879055,6310,SGRA,0.56958532333374,215103,AP-N202-F101,0.14355605840683,0.14355605840683,183.12501525879,276.54998779297
04-APR-2025,13.71337879055,6310,SGRA,0.56958532333374,227103,AP-N203-F102,0.15572464466095,0.15572464466095,202.2512512207,276.54998779297
04-APR-2025,13.71337879055,6310,SGRA,0.56958532333374,227103,AP-N204-F102,0.14883229136467,0.14883229136467,190.40989685059,276.54998779297
04-APR-2025,13.744073237087,6314,SGRA,0.56265050172806,215103,AP-N201-F101,0.15243442356586,0.15243442356586,193.46089172363,276.54998779297
04-APR-2025,13.744073237087,6314,SGRA,0.56265050172806,215103,AP-N202-F101,0.14355605840683,0.14355605840683,183.12501525879,276.54998779297
04-APR-2025,13.744073237087,6314,SGRA,0.56265050172806,227103,AP-N203-F102,0.15572464466095,0.15572464466095,202.2512512207,276.54998779297
04-APR-2025,13.744073237087,6314,SGRA,0.56265050172806,227103,AP-N204-F102,0.14883229136467,0.14883229136467,190.40989685059,276.54998779297
04-APR-2025,13.752962125877,6314,SGRA,0.56064295768738,215103,AP-N201-F101,0.15243442356586,0.15243442356586,193.46089172363,276.54998779297
04-APR-2025,13.752962125877,6314,SGRA,0.56064295768738,215103,AP-N202-F101,0.14355605840683,0.14355605840683,183.12501525879,276.54998779297
04-APR-2025,13.752962125877,6314,SGRA,0.56064295768738,227103,AP-N203-F102,0.15572464466095,0.15572464466095,202.2512512207,276.54998779297
04-APR-2025,13.752962125877,6314,SGRA,0.56064295768738,227103,AP-N204-F102,0.14883229136467,0.14883229136467,190.40989685059,276.54998779297
04-APR-2025,13.761851015191,6314,SGRA,0.55863565206528,215103,AP-N201-F101,0.15243442356586,0.15243442356586,193.46089172363,276.54998779297
04-APR-2025,13.761851015191,6314,SGRA,0.55863565206528,215103,AP-N202-F101,0.14355605840683,0.14355605840683,183.12501525879,276.54998779297
04-APR-2025,13.761851015191,6314,SGRA,0.55863565206528,227103,AP-N203-F102,0.15572464466095,0.15572464466095,202.2512512207,276.54998779297
04-APR-2025,13.761851015191,6314,SGRA,0.55863565206528,227103,AP-N204-F102,0.14883229136467,0.14883229136467,190.40989685059,276.54998779297
04-APR-2025,13.770739903108,6314,SGRA,0.55662876367569,215103,AP-N201-F101,0.15243442356586,0.15243442356586,193.46089172363,276.54998779297
04-APR-2025,13.770739903108,6314,SGRA,0.55662876367569,215103,AP-N202-F101,0.14355605840683,0.14355605840683,183.12501525879,276.54998779297
04-APR-2025,13.770739903108,6314,SGRA,0.55662876367569,227103,AP-N203-F102,0.15572464466095,0.15572464466095,202.2512512207,276.54998779297
04-APR-2025,13.770739903108,6314,SGRA,0.55662876367569,227103,AP-N204-F102,0.14883229136467,0.14883229136467,190.40989685059,276.54998779297
04-APR-2025,13.779628792247,6314,SGRA,0.55462217330933,215103,AP-N201-F101,0.15243442356586,0.15243442356586,193.46089172363,276.54998779297
04-APR-2025,13.779628792247,6314,SGRA,0.55462217330933,215103,AP-N202-F101,0.14355605840683,0.14355605840683,183.12501525879,276.54998779297
04-APR-2025,13.779628792247,6314,SGRA,0.55462217330933,227103,AP-N203-F102,0.15572464466095,0.15572464466095,202.2512512207,276.54998779297
04-APR-2025,13.779628792247,6314,SGRA,0.55462217330933,227103,AP-N204-F102,0.14883229136467,0.14883229136467,190.40989685059,276.54998779297
04-APR-2025,13.788517681038,6314,SGRA,0.55261588096619,215103,AP-N201-F101,0.15243442356586,0.15243442356586,193.46089172363,276.54998779297
04-APR-2025,13.788517681038,6314,SGRA,0.55261588096619,215103,AP-N202-F101,0.14355605840683,0.14355605840683,183.12501525879,276.54998779297
04-APR-2025,13.788517681038,6314,SGRA,0.55261588096619,227103,AP-N203-F102,0.15572464466095,0.15572464466095,202.2512512207,276.54998779297
04-APR-2025,13.788517681038,6314,SGRA,0.55261588096619,227103,AP-N204-F102,0.14883229136467,0.14883229136467,190.40989685059,276.54998779297
04-APR-2025,13.797406570002,6314,SGRA,0.55060994625092,215103,AP-N201-F101,0.15243442356586,0.15243442356586,193.46089172363,276.54998779297
04-APR-2025,13.797406570002,6314,SGRA,0.55060994625092,215103,AP-N202-F101,0.14355605840683,0.14355605840683,183.12501525879,276.54998779297
04-APR-2025,13.797406570002,6314,SGRA,0.55060994625092,227103,AP-N203-F102,0.15572464466095,0.15572464466095,202.2512512207,276.54998779297
04-APR-2025,13.797406570002,6314,SGRA,0.55060994625092,227103,AP-N204-F102,0.14883229136467,0.14883229136467,190.40989685059,276.54998779297
04-APR-2025,13.806295458618,6314,SGRA,0.54860436916351,215103,AP-N201-F101,0.15243442356586,0.15243442356586,193.46089172363,276.54998779297
04-APR-2025,13.806295458618,6314,SGRA,0.54860436916351,215103,AP-N202-F101,0.14355605840683,0.14355605840683,183.12501525879,276.54998779297
04-APR-2025,13.806295458618,6314,SGRA,0.54860436916351,227103,AP-N203-F102,0.15572464466095,0.15572464466095,202.2512512207,276.54998779297
04-APR-2025,13.806295458618,6314,SGRA,0.54860436916351,227103,AP-N204-F102,0.14883229136467,0.14883229136467,190.40989685059,276.54998779297
04-APR-2025,13.815184347233,6314,SGRA,0.54659903049469,215103,AP-N201-F101,0.15243442356586,0.15243442356586,193.46089172363,276.54998779297
04-APR-2025,13.815184347233,6314,SGRA,0.54659903049469,215103,AP-N202-F101,0.14355605840683,0.14355605840683,183.12501525879,276.54998779297
04-APR-2025,13.815184347233,6314,SGRA,0.54659903049469,227103,AP-N203-F102,0.15572464466095,0.15572464466095,202.2512512207,276.54998779297
04-APR-2025,13.815184347233,6314,SGRA,0.54659903049469,227103,AP-N204-F102,0.14883229136467,0.14883229136467,190.40989685059,276.54998779297
04-APR-2025,13.824073236373,6314,SGRA,0.54459422826767,215103,AP-N201-F101,0.15243442356586,0.15243442356586,193.46089172363,276.54998779297
04-APR-2025,13.824073236373,6314,SGRA,0.54459422826767,215103,AP-N202-F101,0.14355605840683,0.14355605840683,183.12501525879,276.54998779297
04-APR-2025,13.824073236373,6314,SGRA,0.54459422826767,227103,AP-N203-F102,0.15572464466095,0.15572464466095,202.2512512207,276.54998779297
04-APR-2025,13.824073236373,6314,SGRA,0.54459422826767,227103,AP-N204-F102,0.14883229136467,0.14883229136467,190.40989685059,276.54998779297
04-APR-2025,14.013220599925,6319,J1924-2914,0.8771858215332,215103,AP-N201-F101,0,0,0,0
04-APR-2025,14.013220599925,6319,J1924-2914,0.8771858215332,215103,AP-N202-F101,0,0,0,0
04-APR-2025,14.013220599925,6319,J1924-2914,0.8771858215332,227103,AP-N203-F102,0,0,0,0
04-APR-2025,14.013220599925,6319,J1924-2914,0.8771858215332,227103,AP-N204-F102,0,0,0,0
04-APR-2025,14.028637263506,6323,J1924-2914,0.87365430593491,215103,AP-N201-F101,0,0,0,0
04-APR-2025,14.028637263506,6323,J1924-2914,0.87365430593491,215103,AP-N202-F101,0,0,0,0
04-APR-2025,14.028637263506,6323,J1924-2914,0.87365430593491,227103,AP-N203-F102,0,0,0,0
04-APR-2025,14.028637263506,6323,J1924-2914,0.87365430593491,227103,AP-N204-F102,0,0,0,0
04-APR-2025,14.037526152471,6323,J1924-2914,0.87161815166473,215103,AP-N201-F101,0,0,0,0
04-APR-2025,14.037526152471,6323,J1924-2914,0.87161815166473,215103,AP-N202-F101,0,0,0,0
04-APR-2025,14.037526152471,6323,J1924-2914,0.87161815166473,227103,AP-N203-F102,0,0,0,0
04-APR-2025,14.037526152471,6323,J1924-2914,0.87161815166473,227103,AP-N204-F102,0,0,0,0
04-APR-2025,14.046415041086,6323,J1924-2914,0.86958205699921,215103,AP-N201-F101,0,0,0,0
04-APR-2025,14.046415041086,6323,J1924-2914,0.86958205699921,215103,AP-N202-F101,0,0,0,0
04-APR-2025,14.046415041086,6323,J1924-2914,0.86958205699921,227103,AP-N203-F102,0,0,0,0
04-APR-2025,14.046415041086,6323,J1924-2914,0.86958205699921,227103,AP-N204-F102,0,0,0,0
04-APR-2025,14.103498371264,6328,SGRA,0.48175287246704,215103,AP-N201-F101,0.14948104321957,0.14948104321957,211.81292724609,276.54998779297
04-APR-2025,14.103498371264,6328,SGRA,0.48175287246704,215103,AP-N202-F101,0.14222830533981,0.14222830533981,201.65379333496,276.54998779297
04-APR-2025,14.103498371264,6328,SGRA,0.48175287246704,227103,AP-N203-F102,0.15383426845074,0.15383426845074,222.46841430664,276.54998779297
04-APR-2025,14.103498371264,6328,SGRA,0.48175287246704,227103,AP-N204-F102,0.14802116155624,0.14802116155624,209.92375183105,276.54998779297
04-APR-2025,14.128081704968,6332,SGRA,0.47624182701111,215103,AP-N201-F101,0.14948104321957,0.14948104321957,211.81292724609,276.54998779297
04-APR-2025,14.128081704968,6332,SGRA,0.47624182701111,215103,AP-N202-F101,0.14222830533981,0.14222830533981,201.65379333496,276.54998779297
04-APR-2025,14.128081704968,6332,SGRA,0.47624182701111,227103,AP-N203-F102,0.15383426845074,0.15383426845074,222.46841430664,276.54998779297
04-APR-2025,14.128081704968,6332,SGRA,0.47624182701111,227103,AP-N204-F102,0.14802116155624,0.14802116155624,209.92375183105,276.54998779297
04-APR-2025,14.137248374392,6332,SGRA,0.47418782114983,215103,AP-N201-F101,0.14948104321957,0.14948104321957,211.81292724609,276.54998779297
04-APR-2025,14.137248374392,6332,SGRA,0.47418782114983,215103,AP-N202-F101,0.14222830533981,0.14222830533981,201.65379333496,276.54998779297
04-APR-2025,14.137248374392,6332,SGRA,0.47418782114983,227103,AP-N203-F102,0.15383426845074,0.15383426845074,222.46841430664,276.54998779297
04-APR-2025,14.137248374392,6332,SGRA,0.47418782114983,227103,AP-N204-F102,0.14802116155624,0.14802116155624,209.92375183105,276.54998779297
04-APR-2025,14.146415039975,6332,SGRA,0.47213420271873,215103,AP-N201-F101,0.14948104321957,0.14948104321957,211.81292724609,276.54998779297
04-APR-2025,14.146415039975,6332,SGRA,0.47213420271873,215103,AP-N202-F101,0.14222830533981,0.14222830533981,201.65379333496,276.54998779297
04-APR-2025,14.146415039975,6332,SGRA,0.47213420271873,227103,AP-N203-F102,0.15383426845074,0.15383426845074,222.46841430664,276.54998779297
04-APR-2025,14.146415039975,6332,SGRA,0.47213420271873,227103,AP-N204-F102,0.14802116155624,0.14802116155624,209.92375183105,276.54998779297
04-APR-2025,14.15530392894,6332,SGRA,0.47014310956001,215103,AP-N201-F101,0.14948104321957,0.14948104321957,211.81292724609,276.54998779297
04-APR-2025,14.15530392894,6332,SGRA,0.47014310956001,215103,AP-N202-F101,0.14222830533981,0.14222830533981,201.65379333496,276.54998779297
04-APR-2025,14.15530392894,6332,SGRA,0.47014310956001,227103,AP-N203-F102,0.15383426845074,0.15383426845074,222.46841430664,276.54998779297
04-APR-2025,14.15530392894,6332,SGRA,0.47014310956001,227103,AP-N204-F102,0.14802116155624,0.14802116155624,209.92375183105,276.54998779297
04-APR-2025,14.164192817904,6332,SGRA,0.46815252304077,215103,AP-N201-F101,0.14948104321957,0.14948104321957,211.81292724609,276.54998779297
04-APR-2025,14.164192817904,6332,SGRA,0.46815252304077,215103,AP-N202-F101,0.14222830533981,0.14222830533981,201.65379333496,276.54998779297
04-APR-2025,14.164192817904,6332,SGRA,0.46815252304077,227103,AP-N203-F102,0.15383426845074,0.15383426845074,222.46841430664,276.54998779297
04-APR-2025,14.164192817904,6332,SGRA,0.46815252304077,227103,AP-N204-F102,0.14802116155624,0.14802116155624,209.92375183105,276.54998779297
04-APR-2025,14.173081706695,6332,SGRA,0.46616232395172,215103,AP-N201-F101,0.14948104321957,0.14948104321957,211.81292724609,276.54998779297
04-APR-2025,14.173081706695,6332,SGRA,0.46616232395172,215103,AP-N202-F101,0.14222830533981,0.14222830533981,201.65379333496,276.54998779297
04-APR-2025,14.173081706695,6332,SGRA,0.46616232395172,227103,AP-N203-F102,0.15383426845074,0.15383426845074,222.46841430664,276.54998779297
04-APR-2025,14.173081706695,6332,SGRA,0.46616232395172,227103,AP-N204-F102,0.14802116155624,0.14802116155624,209.92375183105,276.54998779297
04-APR-2025,14.182248372102,6332,SGRA,0.46411034464836,215103,AP-N201-F101,0.14948104321957,0.14948104321957,211.81292724609,276.54998779297
04-APR-2025,14.182248372102,6332,SGRA,0.46411034464836,215103,AP-N202-F101,0.14222830533981,0.14222830533981,201.65379333496,276.54998779297
04-APR-2025,14.182248372102,6332,SGRA,0.46411034464836,227103,AP-N203-F102,0.15383426845074,0.15383426845074,222.46841430664,276.54998779297
04-APR-2025,14.182248372102,6332,SGRA,0.46411034464836,227103,AP-N204-F102,0.14802116155624,0.14802116155624,209.92375183105,276.54998779297
04-APR-2025,14.191137261067,6332,SGRA,0.46212098002434,215103,AP-N201-F101,0.14948104321957,0.14948104321957,211.81292724609,276.54998779297
04-APR-2025,14.191137261067,6332,SGRA,0.46212098002434,215103,AP-N202-F101,0.14222830533981,0.14222830533981,201.65379333496,276.54998779297
04-APR-2025,14.191137261067,6332,SGRA,0.46212098002434,227103,AP-N203-F102,0.15383426845074,0.15383426845074,222.46841430664,276.54998779297
04-APR-2025,14.191137261067,6332,SGRA,0.46212098002434,227103,AP-N204-F102,0.14802116155624,0.14802116155624,209.92375183105,276.54998779297
04-APR-2025,14.200303927698,6332,SGRA,0.46006986498833,215103,AP-N201-F101,0.14948104321957,0.14948104321957,211.81292724609,276.54998779297
04-APR-2025,14.200303927698,6332,SGRA,0.46006986498833,215103,AP-N202-F101,0.14222830533981,0.14222830533981,201.65379333496,276.54998779297
04-APR-2025,14.200303927698,6332,SGRA,0.46006986498833,227103,AP-N203-F102,0.15383426845074,0.15383426845074,222.46841430664,276.54998779297
04-APR-2025,14.200303927698,6332,SGRA,0.46006986498833,227103,AP-N204-F102,0.14802116155624,0.14802116155624,209.92375183105,276.54998779297
04-APR-2025,14.209470594677,6332,SGRA,0.45801922678947,215103,AP-N201-F101,0.14948104321957,0.14948104321957,211.81292724609,276.54998779297
04-APR-2025,14.209470594677,6332,SGRA,0.45801922678947,215103,AP-N202-F101,0.14222830533981,0.14222830533981,201.65379333496,276.54998779297
04-APR-2025,14.209470594677,6332,SGRA,0.45801922678947,227103,AP-N203-F102,0.15383426845074,0.15383426845074,222.46841430664,276.54998779297
04-APR-2025,14.209470594677,6332,SGRA,0.45801922678947,227103,AP-N204-F102,0.14802116155624,0.14802116155624,209.92375183105,276.54998779297
04-APR-2025,14.218359483816,6332,SGRA,0.45603111386299,215103,AP-N201-F101,0.14948104321957,0.14948104321957,211.81292724609,276.54998779297
04-APR-2025,14.218359483816,6332,SGRA,0.45603111386299,215103,AP-N202-F101,0.14222830533981,0.14222830533981,201.65379333496,276.54998779297
04-APR-2025,14.218359483816,6332,SGRA,0.45603111386299,227103,AP-N203-F102,0.15383426845074,0.15383426845074,222.46841430664,276.54998779297
04-APR-2025,14.218359483816,6332,SGRA,0.45603111386299,227103,AP-N204-F102,0.14802116155624,0.14802116155624,209.92375183105,276.54998779297
04-APR-2025,14.227526149748,6332,SGRA,0.45398136973381,215103,AP-N201-F101,0.14948104321957,0.14948104321957,211.81292724609,276.54998779297
04-APR-2025,14.227526149748,6332,SGRA,0.45398136973381,215103,AP-N202-F101,0.14222830533981,0.14222830533981,201.65379333496,276.54998779297
04-APR-2025,14.227526149748,6332,SGRA,0.45398136973381,227103,AP-N203-F102,0.15383426845074,0.15383426845074,222.46841430664,276.54998779297
04-APR-2025,14.227526149748,6332,SGRA,0.45398136973381,227103,AP-N204-F102,0.14802116155624,0.14802116155624,209.92375183105,276.54998779297
04-APR-2025,14.236415038538,6332,SGRA,0.45199403166771,215103,AP-N201-F101,0.14948104321957,0.14948104321957,211.81292724609,276.54998779297
04-APR-2025,14.236415038538,6332,SGRA,0.45199403166771,215103,AP-N202-F101,0.14222830533981,0.14222830533981,201.65379333496,276.54998779297
04-APR-2025,14.236415038538,6332,SGRA,0.45199403166771,227103,AP-N203-F102,0.15383426845074,0.15383426845074,222.46841430664,276.54998779297
04-APR-2025,14.236415038538,6332,SGRA,0.45199403166771,227103,AP-N204-F102,0.14802116155624,0.14802116155624,209.92375183105,276.54998779297
04-APR-2025,14.245303927328,6332,SGRA,0.45000728964806,215103,AP-N201-F101,0.14948104321957,0.14948104321957,211.81292724609,276.54998779297
04-APR-2025,14.245303927328,6332,SGRA,0.45000728964806,215103,AP-N202-F101,0.14222830533981,0.14222830533981,201.65379333496,276.54998779297
04-APR-2025,14.245303927328,6332,SGRA,0.45000728964806,227103,AP-N203-F102,0.15383426845074,0.15383426845074,222.46841430664,276.54998779297
04-APR-2025,14.245303927328,6332,SGRA,0.45000728964806,227103,AP-N204-F102,0.14802116155624,0.14802116155624,209.92375183105,276.54998779297
04-APR-2025,14.254192816119,6332,SGRA,0.44802078604698,215103,AP-N201-F101,0.14948104321957,0.14948104321957,211.81292724609,276.54998779297
04-APR-2025,14.254192816119,6332,SGRA,0.44802078604698,215103,AP-N202-F101,0.14222830533981,0.14222830533981,201.65379333496,276.54998779297
04-APR-2025,14.254192816119,6332,SGRA,0.44802078604698,227103,AP-N203-F102,0.15383426845074,0.15383426845074,222.46841430664,276.54998779297
04-APR-2025,14.254192816119,6332,SGRA,0.44802078604698,227103,AP-N204-F102,0.14802116155624,0.14802116155624,209.92375183105,276.54998779297
04-APR-2025,14.396831701862,6335,SGRA,0.41620433330536,215103,AP-N201-F101,0.15495306253433,0.15495306253433,241.51885986328,277.85000610352
04-APR-2025,14.396831701862,6335,SGRA,0.41620433330536,215103,AP-N202-F101,0.14869858324528,0.14869858324528,230.8565826416,277.85000610352
04-APR-2025,14.396831701862,6335,SGRA,0.41620433330536,227103,AP-N203-F102,0.16063559055328,0.16063559055328,255.14916992187,277.85000610352
04-APR-2025,14.396831701862,6335,SGRA,0.41620433330536,227103,AP-N204-F102,0.15528534352779,0.15528534352779,241.45251464844,277.85000610352
04-APR-2025,14.428498371276,6339,SGRA,0.40915659070015,215103,AP-N201-F101,0.15495306253433,0.15495306253433,241.51885986328,277.85000610352
04-APR-2025,14.428498371276,6339,SGRA,0.40915659070015,215103,AP-N202-F101,0.14869858324528,0.14869858324528,230.8565826416,277.85000610352
04-APR-2025,14.428498371276,6339,SGRA,0.40915659070015,227103,AP-N203-F102,0.16063559055328,0.16063559055328,255.14916992187,277.85000610352
04-APR-2025,14.428498371276,6339,SGRA,0.40915659070015,227103,AP-N204-F102,0.15528534352779,0.15528534352779,241.45251464844,277.85000610352
04-APR-2025,14.437526148899,6339,SGRA,0.40714830160141,215103,AP-N201-F101,0.15495306253433,0.15495306253433,241.51885986328,277.85000610352
04-APR-2025,14.437526148899,6339,SGRA,0.40714830160141,215103,AP-N202-F101,0.14869858324528,0.14869858324528,230.8565826416,277.85000610352
04-APR-2025,14.437526148899,6339,SGRA,0.40714830160141,227103,AP-N203-F102,0.16063559055328,0.16063559055328,255.14916992187,277.85000610352
04-APR-2025,14.437526148899,6339,SGRA,0.40714830160141,227103,AP-N204-F102,0.15528534352779,0.15528534352779,241.45251464844,277.85000610352
04-APR-2025,14.446692814481,6339,SGRA,0.40510973334312,215103,AP-N201-F101,0.15495306253433,0.15495306253433,241.51885986328,277.85000610352
04-APR-2025,14.446692814481,6339,SGRA,0.40510973334312,215103,AP-N202-F101,0.14869858324528,0.14869858324528,230.8565826416,277.85000610352
04-APR-2025,14.446692814481,6339,SGRA,0.40510973334312,227103,AP-N203-F102,0.16063559055328,0.16063559055328,255.14916992187,277.85000610352
04-APR-2025,14.446692814481,6339,SGRA,0.40510973334312,227103,AP-N204-F102,0.15528534352779,0.15528534352779,241.45251464844,277.85000610352
04-APR-2025,14.455581703621,6339,SGRA,0.40313336253166,215103,AP-N201-F101,0.15495306253433,0.15495306253433,241.51885986328,277.85000610352
04-APR-2025,14.455581703621,6339,SGRA,0.40313336253166,215103,AP-N202-F101,0.14869858324528,0.14869858324528,230.8565826416,277.85000610352
04-APR-2025,14.455581703621,6339,SGRA,0.40313336253166,227103,AP-N203-F102,0.16063559055328,0.16063559055328,255.14916992187,277.85000610352
04-APR-2025,14.455581703621,6339,SGRA,0.40313336253166,227103,AP-N204-F102,0.15528534352779,0.15528534352779,241.45251464844,277.85000610352
04-APR-2025,14.464470592236,6339,SGRA,0.401157528162,215103,AP-N201-F101,0.15495306253433,0.15495306253433,241.51885986328,277.85000610352
04-APR-2025,14.464470592236,6339,SGRA,0.401157528162,215103,AP-N202-F101,0.14869858324528,0.14869858324528,230.8565826416,277.85000610352
04-APR-2025,14.464470592236,6339,SGRA,0.401157528162,227103,AP-N203-F102,0.16063559055328,0.16063559055328,255.14916992187,277.85000610352
04-APR-2025,14.464470592236,6339,SGRA,0.401157528162,227103,AP-N204-F102,0.15528534352779,0.15528534352779,241.45251464844,277.85000610352
04-APR-2025,14.473359481201,6339,SGRA,0.39918205142021,215103,AP-N201-F101,0.15495306253433,0.15495306253433,241.51885986328,277.85000610352
04-APR-2025,14.473359481201,6339,SGRA,0.39918205142021,215103,AP-N202-F101,0.14869858324528,0.14869858324528,230.8565826416,277.85000610352
04-APR-2025,14.473359481201,6339,SGRA,0.39918205142021,227103,AP-N203-F102,0.16063559055328,0.16063559055328,255.14916992187,277.85000610352
04-APR-2025,14.473359481201,6339,SGRA,0.39918205142021,227103,AP-N204-F102,0.15528534352779,0.15528534352779,241.45251464844,277.85000610352
04-APR-2025,14.482248369991,6339,SGRA,0.39720711112022,215103,AP-N201-F101,0.15495306253433,0.15495306253433,241.51885986328,277.85000610352
04-APR-2025,14.482248369991,6339,SGRA,0.39720711112022,215103,AP-N202-F101,0.14869858324528,0.14869858324528,230.8565826416,277.85000610352
04-APR-2025,14.482248369991,6339,SGRA,0.39720711112022,227103,AP-N203-F102,0.16063559055328,0.16063559055328,255.14916992187,277.85000610352
04-APR-2025,14.482248369991,6339,SGRA,0.39720711112022,227103,AP-N204-F102,0.15528534352779,0.15528534352779,241.45251464844,277.85000610352
04-APR-2025,14.491137258607,6339,SGRA,0.39523264765739,215103,AP-N201-F101,0.15495306253433,0.15495306253433,241.51885986328,277.85000610352
04-APR-2025,14.491137258607,6339,SGRA,0.39523264765739,215103,AP-N202-F101,0.14869858324528,0.14869858324528,230.8565826416,277.85000610352
04-APR-2025,14.491137258607,6339,SGRA,0.39523264765739,227103,AP-N203-F102,0.16063559055328,0.16063559055328,255.14916992187,277.85000610352
04-APR-2025,14.491137258607,6339,SGRA,0.39523264765739,227103,AP-N204-F102,0.15528534352779,0.15528534352779,241.45251464844,277.85000610352
04-APR-2025,14.500026147571,6339,SGRA,0.39325869083405,215103,AP-N201-F101,0.15495306253433,0.15495306253433,241.51885986328,277.85000610352
04-APR-2025,14.500026147571,6339,SGRA,0.39325869083405,215103,AP-N202-F101,0.14869858324528,0.14869858324528,230.8565826416,277.85000610352
04-APR-2025,14.500026147571,6339,SGRA,0.39325869083405,227103,AP-N203-F102,0.16063559055328,0.16063559055328,255.14916992187,277.85000610352
04-APR-2025,14.500026147571,6339,SGRA,0.39325869083405,227103,AP-N204-F102,0.15528534352779,0.15528534352779,241.45251464844,277.85000610352
04-APR-2025,14.509192813678,6339,SGRA,0.39122346043587,215103,AP-N201-F101,0.15495306253433,0.15495306253433,241.51885986328,277.85000610352
04-APR-2025,14.509192813678,6339,SGRA,0.39122346043587,215103,AP-N202-F101,0.14869858324528,0.14869858324528,230.8565826416,277.85000610352
04-APR-2025,14.509192813678,6339,SGRA,0.39122346043587,227103,AP-N203-F102,0.16063559055328,0.16063559055328,255.14916992187,277.85000610352
04-APR-2025,14.509192813678,6339,SGRA,0.39122346043587,227103,AP-N204-F102,0.15528534352779,0.15528534352779,241.45251464844,277.85000610352
04-APR-2025,14.518081702119,6339,SGRA,0.38925036787987,215103,AP-N201-F101,0.15495306253433,0.15495306253433,241.51885986328,277.85000610352
04-APR-2025,14.518081702119,6339,SGRA,0.38925036787987,215103,AP-N202-F101,0.14869858324528,0.14869858324528,230.8565826416,277.85000610352
04-APR-2025,14.518081702119,6339,SGRA,0.38925036787987,227103,AP-N203-F102,0.16063559055328,0.16063559055328,255.14916992187,277.85000610352
04-APR-2025,14.518081702119,6339,SGRA,0.38925036787987,227103,AP-N204-F102,0.15528534352779,0.15528534352779,241.45251464844,277.85000610352
04-APR-2025,14.526970591083,6339,SGRA,0.38727784156799,215103,AP-N201-F101,0.15495306253433,0.15495306253433,241.51885986328,277.85000610352
04-APR-2025,14.526970591083,6339,SGRA,0.38727784156799,215103,AP-N202-F101,0.14869858324528,0.14869858324528,230.8565826416,277.85000610352
04-APR-2025,14.526970591083,6339,SGRA,0.38727784156799,227103,AP-N203-F102,0.16063559055328,0.16063559055328,255.14916992187,277.85000610352
04-APR-2025,14.526970591083,6339,SGRA,0.38727784156799,227103,AP-N204-F102,0.15528534352779,0.15528534352779,241.45251464844,277.85000610352
04-APR-2025,14.535859479874,6339,SGRA,0.38530573248863,215103,AP-N201-F101,0.15495306253433,0.15495306253433,241.51885986328,277.85000610352
04-APR-2025,14.535859479874,6339,SGRA,0.38530573248863,215103,AP-N202-F101,0.14869858324528,0.14869858324528,230.8565826416,277.85000610352
04-APR-2025,14.535859479874,6339,SGRA,0.38530573248863,227103,AP-N203-F102,0.16063559055328,0.16063559055328,255.14916992187,277.85000610352
04-APR-2025,14.535859479874,6339,SGRA,0.38530573248863,227103,AP-N204-F102,0.15528534352779,0.15528534352779,241.45251464844,277.85000610352
04-APR-2025,14.544748368838,6339,SGRA,0.38333413004875,215103,AP-N201-F101,0.15495306253433,0.15495306253433,241.51885986328,277.85000610352
04-APR-2025,14.544748368838,6339,SGRA,0.38333413004875,215103,AP-N202-F101,0.14869858324528,0.14869858324528,230.8565826416,277.85000610352
04-APR-2025,14.544748368838,6339,SGRA,0.38333413004875,227103,AP-N203-F102,0.16063559055328,0.16063559055328,255.14916992187,277.85000610352
04-APR-2025,14.544748368838,6339,SGRA,0.38333413004875,227103,AP-N204-F102,0.15528534352779,0.15528534352779,241.45251464844,277.85000610352
04-APR-2025,14.553637257454,6339,SGRA,0.38136312365532,215103,AP-N201-F101,0.15495306253433,0.15495306253433,241.51885986328,277.85000610352
04-APR-2025,14.553637257454,6339,SGRA,0.38136312365532,215103,AP-N202-F101,0.14869858324528,0.14869858324528,230.8565826416,277.85000610352
04-APR-2025,14.553637257454,6339,SGRA,0.38136312365532,227103,AP-N203-F102,0.16063559055328,0.16063559055328,255.14916992187,277.85000610352
04-APR-2025,14.553637257454,6339,SGRA,0.38136312365532,227103,AP-N204-F102,0.15528534352779,0.15528534352779,241.45251464844,277.85000610352
04-APR-2025,14.810878176713,6347,J1924-2914,0.69494086503983,215103,AP-N201-F101,0.17114855349064,0.17114855349064,186.89640808105,277.14999389648
04-APR-2025,14.810878176713,6347,J1924-2914,0.69494086503983,215103,AP-N202-F101,0.16037778556347,0.16037778556347,177.12843322754,277.14999389648
04-APR-2025,14.810878176713,6347,J1924-2914,0.69494086503983,227103,AP-N203-F102,0.17365837097168,0.17365837097168,194.44009399414,277.14999389648
04-APR-2025,14.810878176713,6347,J1924-2914,0.69494086503983,227103,AP-N204-F102,0.16641652584076,0.16641652584076,183.81491088867,277.14999389648
04-APR-2025,14.827683726002,6351,J1924-2914,0.69111627340317,215103,AP-N201-F101,0.17114855349064,0.17114855349064,186.89640808105,277.14999389648
04-APR-2025,14.827683726002,6351,J1924-2914,0.69111627340317,215103,AP-N202-F101,0.16037778556347,0.16037778556347,177.12843322754,277.14999389648
04-APR-2025,14.827683726002,6351,J1924-2914,0.69111627340317,227103,AP-N203-F102,0.17365837097168,0.17365837097168,194.44009399414,277.14999389648
04-APR-2025,14.827683726002,6351,J1924-2914,0.69111627340317,227103,AP-N204-F102,0.16641652584076,0.16641652584076,183.81491088867,277.14999389648
04-APR-2025,14.836850393331,6351,J1924-2914,0.68903052806854,215103,AP-N201-F101,0.17114855349064,0.17114855349064,186.89640808105,277.14999389648
04-APR-2025,14.836850393331,6351,J1924-2914,0.68903052806854,215103,AP-N202-F101,0.16037778556347,0.16037778556347,177.12843322754,277.14999389648
04-APR-2025,14.836850393331,6351,J1924-2914,0.68903052806854,227103,AP-N203-F102,0.17365837097168,0.17365837097168,194.44009399414,277.14999389648
04-APR-2025,14.836850393331,6351,J1924-2914,0.68903052806854,227103,AP-N204-F102,0.16641652584076,0.16641652584076,183.81491088867,277.14999389648
04-APR-2025,14.84587817043,6351,J1924-2914,0.68697655200958,215103,AP-N201-F101,0.17114855349064,0.17114855349064,186.89640808105,277.14999389648
04-APR-2025,14.84587817043,6351,J1924-2914,0.68697655200958,215103,AP-N202-F101,0.16037778556347,0.16037778556347,177.12843322754,277.14999389648
04-APR-2025,14.84587817043,6351,J1924-2914,0.68697655200958,227103,AP-N203-F102,0.17365837097168,0.17365837097168,194.44009399414,277.14999389648
04-APR-2025,14.84587817043,6351,J1924-2914,0.68697655200958,227103,AP-N204-F102,0.16641652584076,0.16641652584076,183.81491088867,277.14999389648
04-APR-2025,14.903378175837,6356,SGRA,0.30421367287636,215103,AP-N201-F101,0.13988223671913,0.13988223671913,283.78854370117,278.04998779297
04-APR-2025,14.903378175837,6356,SGRA,0.30421367287636,215103,AP-N202-F101,0.13540141284466,0.13540141284466,272.33618164062,278.04998779297
04-APR-2025,14.903378175837,6356,SGRA,0.30421367287636,227103,AP-N203-F102,0.14621096849442,0.14621096849442,302.259765625,278.04998779297
04-APR-2025,14.903378175837,6356,SGRA,0.30421367287636,227103,AP-N204-F102,0.14176450669765,0.14176450669765,286.38558959961,278.04998779297
04-APR-2025,14.928655949864,6360,SGRA,0.29867029190063,215103,AP-N201-F101,0.13988223671913,0.13988223671913,283.78854370117,278.04998779297
04-APR-2025,14.928655949864,6360,SGRA,0.29867029190063,215103,AP-N202-F101,0.13540141284466,0.13540141284466,272.33618164062,278.04998779297
04-APR-2025,14.928655949864,6360,SGRA,0.29867029190063,227103,AP-N203-F102,0.14621096849442,0.14621096849442,302.259765625,278.04998779297
04-APR-2025,14.928655949864,6360,SGRA,0.29867029190063,227103,AP-N204-F102,0.14176450669765,0.14176450669765,286.38558959961,278.04998779297
04-APR-2025,14.937683727137,6360,SGRA,0.2966915667057,215103,AP-N201-F101,0.13988223671913,0.13988223671913,283.78854370117,278.04998779297
04-APR-2025,14.937683727137,6360,SGRA,0.2966915667057,215103,AP-N202-F101,0.13540141284466,0.13540141284466,272.33618164062,278.04998779297
04-APR-2025,14.937683727137,6360,SGRA,0.2966915667057,227103,AP-N203-F102,0.14621096849442,0.14621096849442,302.259765625,278.04998779297
04-APR-2025,14.937683727137,6360,SGRA,0.2966915667057,227103,AP-N204-F102,0.14176450669765,0.14176450669765,286.38558959961,278.04998779297
04-APR-2025,14.946572616277,6360,SGRA,0.2947438955307,215103,AP-N201-F101,0.13988223671913,0.13988223671913,283.78854370117,278.04998779297
04-APR-2025,14.946572616277,6360,SGRA,0.2947438955307,215103,AP-N202-F101,0.13540141284466,0.13540141284466,272.33618164062,278.04998779297
04-APR-2025,14.946572616277,6360,SGRA,0.2947438955307,227103,AP-N203-F102,0.14621096849442,0.14621096849442,302.259765625,278.04998779297
04-APR-2025,14.946572616277,6360,SGRA,0.2947438955307,227103,AP-N204-F102,0.14176450669765,0.14176450669765,286.38558959961,278.04998779297
04-APR-2025,14.955739282209,6360,SGRA,0.29273587465286,215103,AP-N201-F101,0.13988223671913,0.13988223671913,283.78854370117,278.04998779297
04-APR-2025,14.955739282209,6360,SGRA,0.29273587465286,215103,AP-N202-F101,0.13540141284466,0.13540141284466,272.33618164062,278.04998779297
04-APR-2025,14.955739282209,6360,SGRA,0.29273587465286,227103,AP-N203-F102,0.14621096849442,0.14621096849442,302.259765625,278.04998779297
04-APR-2025,14.955739282209,6360,SGRA,0.29273587465286,227103,AP-N204-F102,0.14176450669765,0.14176450669765,286.38558959961,278.04998779297
04-APR-2025,14.964628171173,6360,SGRA,0.29078942537308,215103,AP-N201-F101,0.13988223671913,0.13988223671913,283.78854370117,278.04998779297
04-APR-2025,14.964628171173,6360,SGRA,0.29078942537308,215103,AP-N202-F101,0.13540141284466,0.13540141284466,272.33618164062,278.04998779297
04-APR-2025,14.964628171173,6360,SGRA,0.29078942537308,227103,AP-N203-F102,0.14621096849442,0.14621096849442,302.259765625,278.04998779297
04-APR-2025,14.964628171173,6360,SGRA,0.29078942537308,227103,AP-N204-F102,0.14176450669765,0.14176450669765,286.38558959961,278.04998779297
04-APR-2025,14.973517059789,6360,SGRA,0.28884342312813,215103,AP-N201-F101,0.13988223671913,0.13988223671913,283.78854370117,278.04998779297
04-APR-2025,14.973517059789,6360,SGRA,0.28884342312813,215103,AP-N202-F101,0.13540141284466,0.13540141284466,272.33618164062,278.04998779297
04-APR-2025,14.973517059789,6360,SGRA,0.28884342312813,227103,AP-N203-F102,0.14621096849442,0.14621096849442,302.259765625,278.04998779297
04-APR-2025,14.973517059789,6360,SGRA,0.28884342312813,227103,AP-N204-F102,0.14176450669765,0.14176450669765,286.38558959961,278.04998779297
04-APR-2025,14.982405948579,6360,SGRA,0.28689813613892,215103,AP-N201-F101,0.13988223671913,0.13988223671913,283.78854370117,278.04998779297
04-APR-2025,14.982405948579,6360,SGRA,0.28689813613892,215103,AP-N202-F101,0.13540141284466,0.13540141284466,272.33618164062,278.04998779297
04-APR-2025,14.982405948579,6360,SGRA,0.28689813613892,227103,AP-N203-F102,0.14621096849442,0.14621096849442,302.259765625,278.04998779297
04-APR-2025,14.982405948579,6360,SGRA,0.28689813613892,227103,AP-N204-F102,0.14176450669765,0.14176450669765,286.38558959961,278.04998779297
04-APR-2025,14.991572616257,6360,SGRA,0.28489252924919,215103,AP-N201-F101,0.13988223671913,0.13988223671913,283.78854370117,278.04998779297
04-APR-2025,14.991572616257,6360,SGRA,0.28489252924919,215103,AP-N202-F101,0.13540141284466,0.13540141284466,272.33618164062,278.04998779297
04-APR-2025,14.991572616257,6360,SGRA,0.28489252924919,227103,AP-N203-F102,0.14621096849442,0.14621096849442,302.259765625,278.04998779297
04-APR-2025,14.991572616257,6360,SGRA,0.28489252924919,227103,AP-N204-F102,0.14176450669765,0.14176450669765,286.38558959961,278.04998779297
04-APR-2025,15.000461504698,6360,SGRA,0.28294837474823,215103,AP-N201-F101,0.13988223671913,0.13988223671913,283.78854370117,278.04998779297
04-APR-2025,15.000461504698,6360,SGRA,0.28294837474823,215103,AP-N202-F101,0.13540141284466,0.13540141284466,272.33618164062,278.04998779297
04-APR-2025,15.000461504698,6360,SGRA,0.28294837474823,227103,AP-N203-F102,0.14621096849442,0.14621096849442,302.259765625,278.04998779297
04-APR-2025,15.000461504698,6360,SGRA,0.28294837474823,227103,AP-N204-F102,0.14176450669765,0.14176450669765,286.38558959961,278.04998779297
04-APR-2025,15.009350393837,6360,SGRA,0.28100472688675,215103,AP-N201-F101,0.13988223671913,0.13988223671913,283.78854370117,278.04998779297
04-APR-2025,15.009350393837,6360,SGRA,0.28100472688675,215103,AP-N202-F101,0.13540141284466,0.13540141284466,272.33618164062,278.04998779297
04-APR-2025,15.009350393837,6360,SGRA,0.28100472688675,227103,AP-N203-F102,0.14621096849442,0.14621096849442,302.259765625,278.04998779297
04-APR-2025,15.009350393837,6360,SGRA,0.28100472688675,227103,AP-N204-F102,0.14176450669765,0.14176450669765,286.38558959961,278.04998779297
04-APR-2025,15.018239282627,6360,SGRA,0.27906182408333,215103,AP-N201-F101,0.13988223671913,0.13988223671913,283.78854370117,278.04998779297
04-APR-2025,15.018239282627,6360,SGRA,0.27906182408333,215103,AP-N202-F101,0.13540141284466,0.13540141284466,272.33618164062,278.04998779297
04-APR-2025,15.018239282627,6360,SGRA,0.27906182408333,227103,AP-N203-F102,0.14621096849442,0.14621096849442,302.259765625,278.04998779297
04-APR-2025,15.018239282627,6360,SGRA,0.27906182408333,227103,AP-N204-F102,0.14176450669765,0.14176450669765,286.38558959961,278.04998779297
04-APR-2025,15.027405948384,6360,SGRA,0.27705869078636,215103,AP-N201-F101,0.13988223671913,0.13988223671913,283.78854370117,278.04998779297
04-APR-2025,15.027405948384,6360,SGRA,0.27705869078636,215103,AP-N202-F101,0.13540141284466,0.13540141284466,272.33618164062,278.04998779297
04-APR-2025,15.027405948384,6360,SGRA,0.27705869078636,227103,AP-N203-F102,0.14621096849442,0.14621096849442,302.259765625,278.04998779297
04-APR-2025,15.027405948384,6360,SGRA,0.27705869078636,227103,AP-N204-F102,0.14176450669765,0.14176450669765,286.38558959961,278.04998779297
04-APR-2025,15.036294837175,6360,SGRA,0.27511695027351,215103,AP-N201-F101,0.13988223671913,0.13988223671913,283.78854370117,278.04998779297
04-APR-2025,15.036294837175,6360,SGRA,0.27511695027351,215103,AP-N202-F101,0.13540141284466,0.13540141284466,272.33618164062,278.04998779297
04-APR-2025,15.036294837175,6360,SGRA,0.27511695027351,227103,AP-N203-F102,0.14621096849442,0.14621096849442,302.259765625,278.04998779297
04-APR-2025,15.036294837175,6360,SGRA,0.27511695027351,227103,AP-N204-F102,0.14176450669765,0.14176450669765,286.38558959961,278.04998779297
04-APR-2025,15.045183726139,6360,SGRA,0.27317577600479,215103,AP-N201-F101,0.13988223671913,0.13988223671913,283.78854370117,278.04998779297
04-APR-2025,15.045183726139,6360,SGRA,0.27317577600479,215103,AP-N202-F101,0.13540141284466,0.13540141284466,272.33618164062,278.04998779297
04-APR-2025,15.045183726139,6360,SGRA,0.27317577600479,227103,AP-N203-F102,0.14621096849442,0.14621096849442,302.259765625,278.04998779297
04-APR-2025,15.045183726139,6360,SGRA,0.27317577600479,227103,AP-N204-F102,0.14176450669765,0.14176450669765,286.38558959961,278.04998779297
04-APR-2025,15.054072614929,6360,SGRA,0.27123516798019,215103,AP-N201-F101,0.13988223671913,0.13988223671913,283.78854370117,278.04998779297
04-APR-2025,15.054072614929,6360,SGRA,0.27123516798019,215103,AP-N202-F101,0.13540141284466,0.13540141284466,272.33618164062,278.04998779297
04-APR-2025,15.054072614929,6360,SGRA,0.27123516798019,227103,AP-N203-F102,0.14621096849442,0.14621096849442,302.259765625,278.04998779297
04-APR-2025,15.054072614929,6360,SGRA,0.27123516798019,227103,AP-N204-F102,0.14176450669765,0.14176450669765,286.38558959961,278.04998779297
04-APR-2025,15.196989283577,6363,SGRA,0.24011896550655,215103,AP-N201-F101,0.14221441745758,0.14221441745758,356.95571899414,277.54998779297
04-APR-2025,15.196989283577,6363,SGRA,0.24011896550655,215103,AP-N202-F101,0.13845419883728,0.13845419883728,343.73245239258,277.54998779297
04-APR-2025,15.196989283577,6363,SGRA,0.24011896550655,227103,AP-N203-F102,0.14940446615219,0.14940446615219,383.208984375,277.54998779297
04-APR-2025,15.196989283577,6363,SGRA,0.24011896550655,227103,AP-N204-F102,0.14579318463802,0.14579318463802,364.94781494141,277.54998779297
04-APR-2025,15.227961500969,6367,SGRA,0.23339714109898,215103,AP-N201-F101,0.14221441745758,0.14221441745758,356.95571899414,277.54998779297
04-APR-2025,15.227961500969,6367,SGRA,0.23339714109898,215103,AP-N202-F101,0.13845419883728,0.13845419883728,343.73245239258,277.54998779297
04-APR-2025,15.227961500969,6367,SGRA,0.23339714109898,227103,AP-N203-F102,0.14940446615219,0.14940446615219,383.208984375,277.54998779297
04-APR-2025,15.227961500969,6367,SGRA,0.23339714109898,227103,AP-N204-F102,0.14579318463802,0.14579318463802,364.94781494141,277.54998779297
04-APR-2025,15.23712816725,6367,SGRA,0.23140914738178,215103,AP-N201-F101,0.14221441745758,0.14221441745758,356.95571899414,277.54998779297
04-APR-2025,15.23712816725,6367,SGRA,0.23140914738178,215103,AP-N202-F101,0.13845419883728,0.13845419883728,343.73245239258,277.54998779297
04-APR-2025,15.23712816725,6367,SGRA,0.23140914738178,227103,AP-N203-F102,0.14940446615219,0.14940446615219,383.208984375,277.54998779297
04-APR-2025,15.23712816725,6367,SGRA,0.23140914738178,227103,AP-N204-F102,0.14579318463802,0.14579318463802,364.94781494141,277.54998779297
04-APR-2025,15.246017055691,6367,SGRA,0.22948227822781,215103,AP-N201-F101,0.14221441745758,0.14221441745758,356.95571899414,277.54998779297
04-APR-2025,15.246017055691,6367,SGRA,0.22948227822781,215103,AP-N202-F101,0.13845419883728,0.13845419883728,343.73245239258,277.54998779297
04-APR-2025,15.246017055691,6367,SGRA,0.22948227822781,227103,AP-N203-F102,0.14940446615219,0.14940446615219,383.208984375,277.54998779297
04-APR-2025,15.246017055691,6367,SGRA,0.22948227822781,227103,AP-N204-F102,0.14579318463802,0.14579318463802,364.94781494141,277.54998779297
04-APR-2025,15.254905944481,6367,SGRA,0.2275558412075,215103,AP-N201-F101,0.14221441745758,0.14221441745758,356.95571899414,277.54998779297
04-APR-2025,15.254905944481,6367,SGRA,0.2275558412075,215103,AP-N202-F101,0.13845419883728,0.13845419883728,343.73245239258,277.54998779297
04-APR-2025,15.254905944481,6367,SGRA,0.2275558412075,227103,AP-N203-F102,0.14940446615219,0.14940446615219,383.208984375,277.54998779297
04-APR-2025,15.254905944481,6367,SGRA,0.2275558412075,227103,AP-N204-F102,0.14579318463802,0.14579318463802,364.94781494141,277.54998779297
04-APR-2025,15.263794833097,6367,SGRA,0.22563007473946,215103,AP-N201-F101,0.14221441745758,0.14221441745758,356.95571899414,277.54998779297
04-APR-2025,15.263794833097,6367,SGRA,0.22563007473946,215103,AP-N202-F101,0.13845419883728,0.13845419883728,343.73245239258,277.54998779297
04-APR-2025,15.263794833097,6367,SGRA,0.22563007473946,227103,AP-N203-F102,0.14940446615219,0.14940446615219,383.208984375,277.54998779297
04-APR-2025,15.263794833097,6367,SGRA,0.22563007473946,227103,AP-N204-F102,0.14579318463802,0.14579318463802,364.94781494141,277.54998779297
04-APR-2025,15.272683722411,6367,SGRA,0.22370506823063,215103,AP-N201-F101,0.14221441745758,0.14221441745758,356.95571899414,277.54998779297
04-APR-2025,15.272683722411,6367,SGRA,0.22370506823063,215103,AP-N202-F101,0.13845419883728,0.13845419883728,343.73245239258,277.54998779297
04-APR-2025,15.272683722411,6367,SGRA,0.22370506823063,227103,AP-N203-F102,0.14940446615219,0.14940446615219,383.208984375,277.54998779297
04-APR-2025,15.272683722411,6367,SGRA,0.22370506823063,227103,AP-N204-F102,0.14579318463802,0.14579318463802,364.94781494141,277.54998779297
04-APR-2025,15.281572611201,6367,SGRA,0.22178083658218,215103,AP-N201-F101,0.14221441745758,0.14221441745758,356.95571899414,277.54998779297
04-APR-2025,15.281572611201,6367,SGRA,0.22178083658218,215103,AP-N202-F101,0.13845419883728,0.13845419883728,343.73245239258,277.54998779297
04-APR-2025,15.281572611201,6367,SGRA,0.22178083658218,227103,AP-N203-F102,0.14940446615219,0.14940446615219,383.208984375,277.54998779297
04-APR-2025,15.281572611201,6367,SGRA,0.22178083658218,227103,AP-N204-F102,0.14579318463802,0.14579318463802,364.94781494141,277.54998779297
04-APR-2025,15.290461499642,6367,SGRA,0.21985702216625,215103,AP-N201-F101,0.14221441745758,0.14221441745758,356.95571899414,277.54998779297
04-APR-2025,15.290461499642,6367,SGRA,0.21985702216625,215103,AP-N202-F101,0.13845419883728,0.13845419883728,343.73245239258,277.54998779297
04-APR-2025,15.290461499642,6367,SGRA,0.21985702216625,227103,AP-N203-F102,0.14940446615219,0.14940446615219,383.208984375,277.54998779297
04-APR-2025,15.290461499642,6367,SGRA,0.21985702216625,227103,AP-N204-F102,0.14579318463802,0.14579318463802,364.94781494141,277.54998779297
04-APR-2025,15.299350388432,6367,SGRA,0.2179339826107,215103,AP-N201-F101,0.14221441745758,0.14221441745758,356.95571899414,277.54998779297
04-APR-2025,15.299350388432,6367,SGRA,0.2179339826107,215103,AP-N202-F101,0.13845419883728,0.13845419883728,343.73245239258,277.54998779297
04-APR-2025,15.299350388432,6367,SGRA,0.2179339826107,227103,AP-N203-F102,0.14940446615219,0.14940446615219,383.208984375,277.54998779297
04-APR-2025,15.299350388432,6367,SGRA,0.2179339826107,227103,AP-N204-F102,0.14579318463802,0.14579318463802,364.94781494141,277.54998779297
04-APR-2025,15.308239277397,6367,SGRA,0.21601155400276,215103,AP-N201-F101,0.14221441745758,0.14221441745758,356.95571899414,277.54998779297
04-APR-2025,15.308239277397,6367,SGRA,0.21601155400276,215103,AP-N202-F101,0.13845419883728,0.13845419883728,343.73245239258,277.54998779297
04-APR-2025,15.308239277397,6367,SGRA,0.21601155400276,227103,AP-N203-F102,0.14940446615219,0.14940446615219,383.208984375,277.54998779297
04-APR-2025,15.308239277397,6367,SGRA,0.21601155400276,227103,AP-N204-F102,0.14579318463802,0.14579318463802,364.94781494141,277.54998779297
04-APR-2025,15.317128166187,6367,SGRA,0.21408998966217,215103,AP-N201-F101,0.14221441745758,0.14221441745758,356.95571899414,277.54998779297
04-APR-2025,15.317128166187,6367,SGRA,0.21408998966217,215103,AP-N202-F101,0.13845419883728,0.13845419883728,343.73245239258,277.54998779297
04-APR-2025,15.317128166187,6367,SGRA,0.21408998966217,227103,AP-N203-F102,0.14940446615219,0.14940446615219,383.208984375,277.54998779297
04-APR-2025,15.317128166187,6367,SGRA,0.21408998966217,227103,AP-N204-F102,0.14579318463802,0.14579318463802,364.94781494141,277.54998779297
04-APR-2025,15.326294835611,6367,SGRA,0.21210886538029,215103,AP-N201-F101,0.14221441745758,0.14221441745758,356.95571899414,277.54998779297
04-APR-2025,15.326294835611,6367,SGRA,0.21210886538029,215103,AP-N202-F101,0.13845419883728,0.13845419883728,343.73245239258,277.54998779297
04-APR-2025,15.326294835611,6367,SGRA,0.21210886538029,227103,AP-N203-F102,0.14940446615219,0.14940446615219,383.208984375,277.54998779297
04-APR-2025,15.326294835611,6367,SGRA,0.21210886538029,227103,AP-N204-F102,0.14579318463802,0.14579318463802,364.94781494141,277.54998779297
04-APR-2025,15.335183724576,6367,SGRA,0.21018861234188,215103,AP-N201-F101,0.14221441745758,0.14221441745758,356.95571899414,277.54998779297
04-APR-2025,15.335183724576,6367,SGRA,0.21018861234188,215103,AP-N202-F101,0.13845419883728,0.13845419883728,343.73245239258,277.54998779297
04-APR-2025,15.335183724576,6367,SGRA,0.21018861234188,227103,AP-N203-F102,0.14940446615219,0.14940446615219,383.208984375,277.54998779297
04-APR-2025,15.335183724576,6367,SGRA,0.21018861234188,227103,AP-N204-F102,0.14579318463802,0.14579318463802,364.94781494141,277.54998779297
04-APR-2025,15.344072613191,6367,SGRA,0.20826894044876,215103,AP-N201-F101,0.14221441745758,0.14221441745758,356.95571899414,277.54998779297
04-APR-2025,15.344072613191,6367,SGRA,0.20826894044876,215103,AP-N202-F101,0.13845419883728,0.13845419883728,343.73245239258,277.54998779297
04-APR-2025,15.344072613191,6367,SGRA,0.20826894044876,227103,AP-N203-F102,0.14940446615219,0.14940446615219,383.208984375,277.54998779297
04-APR-2025,15.344072613191,6367,SGRA,0.20826894044876,227103,AP-N204-F102,0.14579318463802,0.14579318463802,364.94781494141,277.54998779297
04-APR-2025,15.352961501981,6367,SGRA,0.20634995400906,215103,AP-N201-F101,0.14221441745758,0.14221441745758,356.95571899414,277.54998779297
04-APR-2025,15.352961501981,6367,SGRA,0.20634995400906,215103,AP-N202-F101,0.13845419883728,0.13845419883728,343.73245239258,277.54998779297
04-APR-2025,15.352961501981,6367,SGRA,0.20634995400906,227103,AP-N203-F102,0.14940446615219,0.14940446615219,383.208984375,277.54998779297
04-APR-2025,15.352961501981,6367,SGRA,0.20634995400906,227103,AP-N204-F102,0.14579318463802,0.14579318463802,364.94781494141,277.54998779297
04-APR-2025,15.503655941946,6372,J1924-2914,0.53807187080383,215103,AP-N201-F101,0.15737207233906,0.15737207233906,205.1178894043,277.75
04-APR-2025,15.503655941946,6372,J1924-2914,0.53807187080383,215103,AP-N202-F101,0.14940345287323,0.14940345287323,194.95906066895,277.75
04-APR-2025,15.503655941946,6372,J1924-2914,0.53807187080383,227103,AP-N203-F102,0.16139604151249,0.16139604151249,214.93591308594,277.75
04-APR-2025,15.503655941946,6372,J1924-2914,0.53807187080383,227103,AP-N204-F102,0.15503416955471,0.15503416955471,202.46836853027,277.75
04-APR-2025,15.528239278794,6376,J1924-2914,0.53253942728043,215103,AP-N201-F101,0.15737207233906,0.15737207233906,205.1178894043,277.75
04-APR-2025,15.528239278794,6376,J1924-2914,0.53253942728043,215103,AP-N202-F101,0.14940345287323,0.14940345287323,194.95906066895,277.75
04-APR-2025,15.528239278794,6376,J1924-2914,0.53253942728043,227103,AP-N203-F102,0.16139604151249,0.16139604151249,214.93591308594,277.75
04-APR-2025,15.528239278794,6376,J1924-2914,0.53253942728043,227103,AP-N204-F102,0.15503416955471,0.15503416955471,202.46836853027,277.75
04-APR-2025,15.537128167758,6376,J1924-2914,0.5305398106575,215103,AP-N201-F101,0.15737207233906,0.15737207233906,205.1178894043,277.75
04-APR-2025,15.537128167758,6376,J1924-2914,0.5305398106575,215103,AP-N202-F101,0.14940345287323,0.14940345287323,194.95906066895,277.75
04-APR-2025,15.537128167758,6376,J1924-2914,0.5305398106575,227103,AP-N203-F102,0.16139604151249,0.16139604151249,214.93591308594,277.75
04-APR-2025,15.537128167758,6376,J1924-2914,0.5305398106575,227103,AP-N204-F102,0.15503416955471,0.15503416955471,202.46836853027,277.75
04-APR-2025,15.546017056374,6376,J1924-2914,0.52854043245316,215103,AP-N201-F101,0.15737207233906,0.15737207233906,205.1178894043,277.75
04-APR-2025,15.546017056374,6376,J1924-2914,0.52854043245316,215103,AP-N202-F101,0.14940345287323,0.14940345287323,194.95906066895,277.75
04-APR-2025,15.546017056374,6376,J1924-2914,0.52854043245316,227103,AP-N203-F102,0.16139604151249,0.16139604151249,214.93591308594,277.75
04-APR-2025,15.546017056374,6376,J1924-2914,0.52854043245316,227103,AP-N204-F102,0.15503416955471,0.15503416955471,202.46836853027,277.75
04-APR-2025,15.603655940835,6381,SGRA,0.15252122282982,215103,AP-N201-F101,0.13793011009693,0.13793011009693,563.05725097656,276.85000610352
04-APR-2025,15.603655940835,6381,SGRA,0.15252122282982,215103,AP-N202-F101,0.1355309933424,0.1355309933424,545.25598144531,276.85000610352
04-APR-2025,15.603655940835,6381,SGRA,0.15252122282982,227103,AP-N203-F102,0.14617060124874,0.14617060124874,616.63354492188,276.85000610352
04-APR-2025,15.603655940835,6381,SGRA,0.15252122282982,227103,AP-N204-F102,0.14358600974083,0.14358600974083,590.97344970703,276.85000610352
04-APR-2025,15.628239274364,6385,SGRA,0.1472744345665,215103,AP-N201-F101,0.13793011009693,0.13793011009693,563.05725097656,276.85000610352
04-APR-2025,15.628239274364,6385,SGRA,0.1472744345665,215103,AP-N202-F101,0.1355309933424,0.1355309933424,545.25598144531,276.85000610352
04-APR-2025,15.628239274364,6385,SGRA,0.1472744345665,227103,AP-N203-F102,0.14617060124874,0.14617060124874,616.63354492188,276.85000610352
04-APR-2025,15.628239274364,6385,SGRA,0.1472744345665,227103,AP-N204-F102,0.14358600974083,0.14358600974083,590.97344970703,276.85000610352
04-APR-2025,15.637128163329,6385,SGRA,0.14537876844406,215103,AP-N201-F101,0.13793011009693,0.13793011009693,563.05725097656,276.85000610352
04-APR-2025,15.637128163329,6385,SGRA,0.14537876844406,215103,AP-N202-F101,0.1355309933424,0.1355309933424,545.25598144531,276.85000610352
04-APR-2025,15.637128163329,6385,SGRA,0.14537876844406,227103,AP-N203-F102,0.14617060124874,0.14617060124874,616.63354492188,276.85000610352
04-APR-2025,15.637128163329,6385,SGRA,0.14537876844406,227103,AP-N204-F102,0.14358600974083,0.14358600974083,590.97344970703,276.85000610352
04-APR-2025,15.646017052119,6385,SGRA,0.14348387718201,215103,AP-N201-F101,0.13793011009693,0.13793011009693,563.05725097656,276.85000610352
04-APR-2025,15.646017052119,6385,SGRA,0.14348387718201,215103,AP-N202-F101,0.1355309933424,0.1355309933424,545.25598144531,276.85000610352
04-APR-2025,15.646017052119,6385,SGRA,0.14348387718201,227103,AP-N203-F102,0.14617060124874,0.14617060124874,616.63354492188,276.85000610352
04-APR-2025,15.646017052119,6385,SGRA,0.14348387718201,227103,AP-N204-F102,0.14358600974083,0.14358600974083,590.97344970703,276.85000610352
04-APR-2025,15.655183721544,6385,SGRA,0.14153037965298,215103,AP-N201-F101,0.13793011009693,0.13793011009693,563.05725097656,276.85000610352
04-APR-2025,15.655183721544,6385,SGRA,0.14153037965298,215103,AP-N202-F101,0.1355309933424,0.1355309933424,545.25598144531,276.85000610352
04-APR-2025,15.655183721544,6385,SGRA,0.14153037965298,227103,AP-N203-F102,0.14617060124874,0.14617060124874,616.63354492188,276.85000610352
04-APR-2025,15.655183721544,6385,SGRA,0.14153037965298,227103,AP-N204-F102,0.14358600974083,0.14358600974083,590.97344970703,276.85000610352
04-APR-2025,15.664072609984,6385,SGRA,0.13963702321053,215103,AP-N201-F101,0.13793011009693,0.13793011009693,563.05725097656,276.85000610352
04-APR-2025,15.664072609984,6385,SGRA,0.13963702321053,215103,AP-N202-F101,0.1355309933424,0.1355309933424,545.25598144531,276.85000610352
04-APR-2025,15.664072609984,6385,SGRA,0.13963702321053,227103,AP-N203-F102,0.14617060124874,0.14617060124874,616.63354492188,276.85000610352
04-APR-2025,15.664072609984,6385,SGRA,0.13963702321053,227103,AP-N204-F102,0.14358600974083,0.14358600974083,590.97344970703,276.85000610352
04-APR-2025,17.544413119099,6401,J0510+1800,0.46790301799774,215103,AP-N201-F101,0,0,0,0
04-APR-2025,17.544413119099,6401,J0510+1800,0.46790301799774,215103,AP-N202-F101,0,0,0,0
04-APR-2025,17.544413119099,6401,J0510+1800,0.46790301799774,227103,AP-N203-F102,0,0,0,0
04-APR-2025,17.544413119099,6401,J0510+1800,0.46790301799774,227103,AP-N204-F102,0,0,0,0
04-APR-2025,17.553579784856,6401,J0510+1800,0.46968784928322,215103,AP-N201-F101,0,0,0,0
04-APR-2025,17.553579784856,6401,J0510+1800,0.46968784928322,215103,AP-N202-F101,0,0,0,0
04-APR-2025,17.553579784856,6401,J0510+1800,0.46968784928322,227103,AP-N203-F102,0,0,0,0
04-APR-2025,17.553579784856,6401,J0510+1800,0.46968784928322,227103,AP-N204-F102,0,0,0,0
04-APR-2025,17.563302007691,6401,J0510+1800,0.47157850861549,215103,AP-N201-F101,0,0,0,0
04-APR-2025,17.563302007691,6401,J0510+1800,0.47157850861549,215103,AP-N202-F101,0,0,0,0
04-APR-2025,17.563302007691,6401,J0510+1800,0.47157850861549,227103,AP-N203-F102,0,0,0,0
04-APR-2025,17.563302007691,6401,J0510+1800,0.47157850861549,227103,AP-N204-F102,0,0,0,0
04-APR-2025,17.644135339449,6406,3C84,0.39690759778023,215103,AP-N201-F101,0.17539949715137,0.17539949715137,280.50759887695,277.64999389648
04-APR-2025,17.644135339449,6406,3C84,0.39690759778023,215103,AP-N202-F101,0.16919465363026,0.16919465363026,268.17193603516,277.64999389648
04-APR-2025,17.644135339449,6406,3C84,0.39690759778023,227103,AP-N203-F102,0.18306177854538,0.18306177854538,297.94079589844,277.64999389648
04-APR-2025,17.644135339449,6406,3C84,0.39690759778023,227103,AP-N204-F102,0.17747044563293,0.17747044563293,282.37673950195,277.64999389648
04-APR-2025,17.662468672884,6410,3C84,0.39813801646233,215103,AP-N201-F101,0.17539949715137,0.17539949715137,280.50759887695,277.64999389648
04-APR-2025,17.662468672884,6410,3C84,0.39813801646233,215103,AP-N202-F101,0.16919465363026,0.16919465363026,268.17193603516,277.64999389648
04-APR-2025,17.662468672884,6410,3C84,0.39813801646233,227103,AP-N203-F102,0.18306177854538,0.18306177854538,297.94079589844,277.64999389648
04-APR-2025,17.662468672884,6410,3C84,0.39813801646233,227103,AP-N204-F102,0.17747044563293,0.17747044563293,282.37673950195,277.64999389648
04-APR-2025,17.671635338991,6410,3C84,0.39874747395515,215103,AP-N201-F101,0.17539949715137,0.17539949715137,280.50759887695,277.64999389648
04-APR-2025,17.671635338991,6410,3C84,0.39874747395515,215103,AP-N202-F101,0.16919465363026,0.16919465363026,268.17193603516,277.64999389648
04-APR-2025,17.671635338991,6410,3C84,0.39874747395515,227103,AP-N203-F102,0.18306177854538,0.18306177854538,297.94079589844,277.64999389648
04-APR-2025,17.671635338991,6410,3C84,0.39874747395515,227103,AP-N204-F102,0.17747044563293,0.17747044563293,282.37673950195,277.64999389648
04-APR-2025,17.828163114822,6415,J0423-0120,0.89310532808304,215103,AP-N201-F101,0.2102215886116,0.2102215886116,189.00944519043,277.35000610352
04-APR-2025,17.828163114822,6415,J0423-0120,0.89310532808304,215103,AP-N202-F101,0.19669260084629,0.19669260084629,178.58666992187,277.35000610352
04-APR-2025,17.828163114822,6415,J0423-0120,0.89310532808304,227103,AP-N203-F102,0.21197517216206,0.21197517216206,195.98266601563,277.35000610352
04-APR-2025,17.828163114822,6415,J0423-0120,0.89310532808304,227103,AP-N204-F102,0.20465652644634,0.20465652644634,185.89819335938,277.35000610352
04-APR-2025,17.845524224856,6419,J0423-0120,0.89676058292389,215103,AP-N201-F101,0.2102215886116,0.2102215886116,189.00944519043,277.35000610352
04-APR-2025,17.845524224856,6419,J0423-0120,0.89676058292389,215103,AP-N202-F101,0.19669260084629,0.19669260084629,178.58666992187,277.35000610352
04-APR-2025,17.845524224856,6419,J0423-0120,0.89676058292389,227103,AP-N203-F102,0.21197517216206,0.21197517216206,195.98266601563,277.35000610352
04-APR-2025,17.845524224856,6419,J0423-0120,0.89676058292389,227103,AP-N204-F102,0.20465652644634,0.20465652644634,185.89819335938,277.35000610352
04-APR-2025,17.854690891137,6419,J0423-0120,0.89868712425232,215103,AP-N201-F101,0.2102215886116,0.2102215886116,189.00944519043,277.35000610352
04-APR-2025,17.854690891137,6419,J0423-0120,0.89868712425232,215103,AP-N202-F101,0.19669260084629,0.19669260084629,178.58666992187,277.35000610352
04-APR-2025,17.854690891137,6419,J0423-0120,0.89868712425232,227103,AP-N203-F102,0.21197517216206,0.21197517216206,195.98266601563,277.35000610352
04-APR-2025,17.854690891137,6419,J0423-0120,0.89868712425232,227103,AP-N204-F102,0.20465652644634,0.20465652644634,185.89819335938,277.35000610352
04-APR-2025,17.863579779578,6419,J0423-0120,0.90055280923843,215103,AP-N201-F101,0.2102215886116,0.2102215886116,189.00944519043,277.35000610352
04-APR-2025,17.863579779578,6419,J0423-0120,0.90055280923843,215103,AP-N202-F101,0.19669260084629,0.19669260084629,178.58666992187,277.35000610352
04-APR-2025,17.863579779578,6419,J0423-0120,0.90055280923843,227103,AP-N203-F102,0.21197517216206,0.21197517216206,195.98266601563,277.35000610352
04-APR-2025,17.863579779578,6419,J0423-0120,0.90055280923843,227103,AP-N204-F102,0.20465652644634,0.20465652644634,185.89819335938,277.35000610352
04-APR-2025,17.873024225271,6419,J0423-0120,0.90253251791,215103,AP-N201-F101,0.2102215886116,0.2102215886116,189.00944519043,277.35000610352
04-APR-2025,17.873024225271,6419,J0423-0120,0.90253251791,215103,AP-N202-F101,0.19669260084629,0.19669260084629,178.58666992187,277.35000610352
04-APR-2025,17.873024225271,6419,J0423-0120,0.90253251791,227103,AP-N203-F102,0.21197517216206,0.21197517216206,195.98266601563,277.35000610352
04-APR-2025,17.873024225271,6419,J0423-0120,0.90253251791,227103,AP-N204-F102,0.20465652644634,0.20465652644634,185.89819335938,277.35000610352
04-APR-2025,17.882190893473,6419,J0423-0120,0.90445148944855,215103,AP-N201-F101,0.2102215886116,0.2102215886116,189.00944519043,277.35000610352
04-APR-2025,17.882190893473,6419,J0423-0120,0.90445148944855,215103,AP-N202-F101,0.19669260084629,0.19669260084629,178.58666992187,277.35000610352
04-APR-2025,17.882190893473,6419,J0423-0120,0.90445148944855,227103,AP-N203-F102,0.21197517216206,0.21197517216206,195.98266601563,277.35000610352
04-APR-2025,17.882190893473,6419,J0423-0120,0.90445148944855,227103,AP-N204-F102,0.20465652644634,0.20465652644634,185.89819335938,277.35000610352
04-APR-2025,17.953718669768,6424,3C120,0.8108041882515,215103,AP-N201-F101,0.20295256376266,0.20295256376266,193.94396972656,277.95001220703
04-APR-2025,17.953718669768,6424,3C120,0.8108041882515,215103,AP-N202-F101,0.19069990515709,0.19069990515709,183.44290161133,277.95001220703
04-APR-2025,17.953718669768,6424,3C120,0.8108041882515,227103,AP-N203-F102,0.20548465847969,0.20548465847969,201.41622924805,277.95001220703
04-APR-2025,17.953718669768,6424,3C120,0.8108041882515,227103,AP-N204-F102,0.19842015206814,0.19842015206814,190.9239654541,277.95001220703
04-APR-2025,17.978024225806,6428,3C120,0.81551241874695,215103,AP-N201-F101,0.20295256376266,0.20295256376266,193.94396972656,277.95001220703
04-APR-2025,17.978024225806,6428,3C120,0.81551241874695,215103,AP-N202-F101,0.19069990515709,0.19069990515709,183.44290161133,277.95001220703
04-APR-2025,17.978024225806,6428,3C120,0.81551241874695,227103,AP-N203-F102,0.20548465847969,0.20548465847969,201.41622924805,277.95001220703
04-APR-2025,17.978024225806,6428,3C120,0.81551241874695,227103,AP-N204-F102,0.19842015206814,0.19842015206814,190.9239654541,277.95001220703
04-APR-2025,17.987190891564,6428,3C120,0.81728231906891,215103,AP-N201-F101,0.20295256376266,0.20295256376266,193.94396972656,277.95001220703
04-APR-2025,17.987190891564,6428,3C120,0.81728231906891,215103,AP-N202-F101,0.19069990515709,0.19069990515709,183.44290161133,277.95001220703
04-APR-2025,17.987190891564,6428,3C120,0.81728231906891,227103,AP-N203-F102,0.20548465847969,0.20548465847969,201.41622924805,277.95001220703
04-APR-2025,17.987190891564,6428,3C120,0.81728231906891,227103,AP-N204-F102,0.19842015206814,0.19842015206814,190.9239654541,277.95001220703
04-APR-2025,17.99635755767,6428,3C120,0.81904917955399,215103,AP-N201-F101,0.20295256376266,0.20295256376266,193.94396972656,277.95001220703
04-APR-2025,17.99635755767,6428,3C120,0.81904917955399,215103,AP-N202-F101,0.19069990515709,0.19069990515709,183.44290161133,277.95001220703
04-APR-2025,17.99635755767,6428,3C120,0.81904917955399,227103,AP-N203-F102,0.20548465847969,0.20548465847969,201.41622924805,277.95001220703
04-APR-2025,17.99635755767,6428,3C120,0.81904917955399,227103,AP-N204-F102,0.19842015206814,0.19842015206814,190.9239654541,277.95001220703
04-APR-2025,18.005385334769,6428,3C120,0.82078611850739,215103,AP-N201-F101,0.20295256376266,0.20295256376266,193.94396972656,277.95001220703
04-APR-2025,18.005385334769,6428,3C120,0.82078611850739,215103,AP-N202-F101,0.19069990515709,0.19069990515709,183.44290161133,277.95001220703
04-APR-2025,18.005385334769,6428,3C120,0.82078611850739,227103,AP-N203-F102,0.20548465847969,0.20548465847969,201.41622924805,277.95001220703
04-APR-2025,18.005385334769,6428,3C120,0.82078611850739,227103,AP-N204-F102,0.19842015206814,0.19842015206814,190.9239654541,277.95001220703
04-APR-2025,18.014413112217,6428,3C120,0.82251995801926,215103,AP-N201-F101,0.20295256376266,0.20295256376266,193.94396972656,277.95001220703
04-APR-2025,18.014413112217,6428,3C120,0.82251995801926,215103,AP-N202-F101,0.19069990515709,0.19069990515709,183.44290161133,277.95001220703
04-APR-2025,18.014413112217,6428,3C120,0.82251995801926,227103,AP-N203-F102,0.20548465847969,0.20548465847969,201.41622924805,277.95001220703
04-APR-2025,18.014413112217,6428,3C120,0.82251995801926,227103,AP-N204-F102,0.19842015206814,0.19842015206814,190.9239654541,277.95001220703
04-APR-2025,18.080940890707,6431,3C120,0.8351993560791,215103,AP-N201-F101,0.17918013036251,0.17918013036251,176.53402709961,277.64999389648
04-APR-2025,18.080940890707,6431,3C120,0.8351993560791,215103,AP-N202-F101,0.16634790599346,0.16634790599346,166.2781829834,277.64999389648
04-APR-2025,18.080940890707,6431,3C120,0.8351993560791,227103,AP-N203-F102,0.17960393428802,0.17960393428802,182.6591796875,277.64999389648
04-APR-2025,18.080940890707,6431,3C120,0.8351993560791,227103,AP-N204-F102,0.17239171266556,0.17239171266556,172.43920898437,277.64999389648
04-APR-2025,18.111357557309,6435,3C120,0.8409371972084,215103,AP-N201-F101,0.17918013036251,0.17918013036251,176.53402709961,277.64999389648
04-APR-2025,18.111357557309,6435,3C120,0.8409371972084,215103,AP-N202-F101,0.16634790599346,0.16634790599346,166.2781829834,277.64999389648
04-APR-2025,18.111357557309,6435,3C120,0.8409371972084,227103,AP-N203-F102,0.17960393428802,0.17960393428802,182.6591796875,277.64999389648
04-APR-2025,18.111357557309,6435,3C120,0.8409371972084,227103,AP-N204-F102,0.17239171266556,0.17239171266556,172.43920898437,277.64999389648
04-APR-2025,18.120246446448,6435,3C120,0.84260684251785,215103,AP-N201-F101,0.17918013036251,0.17918013036251,176.53402709961,277.64999389648
04-APR-2025,18.120246446448,6435,3C120,0.84260684251785,215103,AP-N202-F101,0.16634790599346,0.16634790599346,166.2781829834,277.64999389648
04-APR-2025,18.120246446448,6435,3C120,0.84260684251785,227103,AP-N203-F102,0.17960393428802,0.17960393428802,182.6591796875,277.64999389648
04-APR-2025,18.120246446448,6435,3C120,0.84260684251785,227103,AP-N204-F102,0.17239171266556,0.17239171266556,172.43920898437,277.64999389648
04-APR-2025,18.129135335238,6435,3C120,0.84427320957184,215103,AP-N201-F101,0.17918013036251,0.17918013036251,176.53402709961,277.64999389648
04-APR-2025,18.129135335238,6435,3C120,0.84427320957184,215103,AP-N202-F101,0.16634790599346,0.16634790599346,166.2781829834,277.64999389648
04-APR-2025,18.129135335238,6435,3C120,0.84427320957184,227103,AP-N203-F102,0.17960393428802,0.17960393428802,182.6591796875,277.64999389648
04-APR-2025,18.129135335238,6435,3C120,0.84427320957184,227103,AP-N204-F102,0.17239171266556,0.17239171266556,172.43920898437,277.64999389648
04-APR-2025,18.138302001345,6435,3C120,0.84598827362061,215103,AP-N201-F101,0.17918013036251,0.17918013036251,176.53402709961,277.64999389648
04-APR-2025,18.138302001345,6435,3C120,0.84598827362061,215103,AP-N202-F101,0.16634790599346,0.16634790599346,166.2781829834,277.64999389648
04-APR-2025,18.138302001345,6435,3C120,0.84598827362061,227103,AP-N203-F102,0.17960393428802,0.17960393428802,182.6591796875,277.64999389648
04-APR-2025,18.138302001345,6435,3C120,0.84598827362061,227103,AP-N204-F102,0.17239171266556,0.17239171266556,172.43920898437,277.64999389648
04-APR-2025,18.147468667277,6435,3C120,0.84769976139069,215103,AP-N201-F101,0.17918013036251,0.17918013036251,176.53402709961,277.64999389648
04-APR-2025,18.147468667277,6435,3C120,0.84769976139069,215103,AP-N202-F101,0.16634790599346,0.16634790599346,166.2781829834,277.64999389648
04-APR-2025,18.147468667277,6435,3C120,0.84769976139069,227103,AP-N203-F102,0.17960393428802,0.17960393428802,182.6591796875,277.64999389648
04-APR-2025,18.147468667277,6435,3C120,0.84769976139069,227103,AP-N204-F102,0.17239171266556,0.17239171266556,172.43920898437,277.64999389648
04-APR-2025,18.311033414496,6443,J0423-0120,0.99086177349091,215103,AP-N201-F101,0.20135518908501,0.20135518908501,175.73448181152,277.35000610352
04-APR-2025,18.311033414496,6443,J0423-0120,0.99086177349091,215103,AP-N202-F101,0.18568529188633,0.18568529188633,165.18511962891,277.35000610352
04-APR-2025,18.311033414496,6443,J0423-0120,0.99086177349091,227103,AP-N203-F102,0.19997109472752,0.19997109472752,180.76922607422,277.35000610352
04-APR-2025,18.311033414496,6443,J0423-0120,0.99086177349091,227103,AP-N204-F102,0.1924654096365,0.1924654096365,171.15902709961,277.35000610352
04-APR-2025,18.328255635872,6447,J0423-0120,0.9941725730896,215103,AP-N201-F101,0.20135518908501,0.20135518908501,175.73448181152,277.35000610352
04-APR-2025,18.328255635872,6447,J0423-0120,0.9941725730896,215103,AP-N202-F101,0.18568529188633,0.18568529188633,165.18511962891,277.35000610352
04-APR-2025,18.328255635872,6447,J0423-0120,0.9941725730896,227103,AP-N203-F102,0.19997109472752,0.19997109472752,180.76922607422,277.35000610352
04-APR-2025,18.328255635872,6447,J0423-0120,0.9941725730896,227103,AP-N204-F102,0.1924654096365,0.1924654096365,171.15902709961,277.35000610352
04-APR-2025,18.337838969699,6447,J0423-0120,0.99600851535797,215103,AP-N201-F101,0.20135518908501,0.20135518908501,175.73448181152,277.35000610352
04-APR-2025,18.337838969699,6447,J0423-0120,0.99600851535797,215103,AP-N202-F101,0.18568529188633,0.18568529188633,165.18511962891,277.35000610352
04-APR-2025,18.337838969699,6447,J0423-0120,0.99600851535797,227103,AP-N203-F102,0.19997109472752,0.19997109472752,180.76922607422,277.35000610352
04-APR-2025,18.337838969699,6447,J0423-0120,0.99600851535797,227103,AP-N204-F102,0.1924654096365,0.1924654096365,171.15902709961,277.35000610352
04-APR-2025,18.346727858489,6447,J0423-0120,0.99770748615265,215103,AP-N201-F101,0.20135518908501,0.20135518908501,175.73448181152,277.35000610352
04-APR-2025,18.346727858489,6447,J0423-0120,0.99770748615265,215103,AP-N202-F101,0.18568529188633,0.18568529188633,165.18511962891,277.35000610352
04-APR-2025,18.346727858489,6447,J0423-0120,0.99770748615265,227103,AP-N203-F102,0.19997109472752,0.19997109472752,180.76922607422,277.35000610352
04-APR-2025,18.346727858489,6447,J0423-0120,0.99770748615265,227103,AP-N204-F102,0.1924654096365,0.1924654096365,171.15902709961,277.35000610352
04-APR-2025,18.404644526553,6452,3C120,0.8941610455513,215103,AP-N201-F101,0.19430704414845,0.19430704414845,179.68365478516,277.14999389648
04-APR-2025,18.404644526553,6452,3C120,0.8941610455513,215103,AP-N202-F101,0.1804773658514,0.1804773658514,168.91603088379,277.14999389648
04-APR-2025,18.404644526553,6452,3C120,0.8941610455513,227103,AP-N203-F102,0.19433361291885,0.19433361291885,185.48616027832,277.14999389648
04-APR-2025,18.404644526553,6452,3C120,0.8941610455513,227103,AP-N204-F102,0.18725115060806,0.18725115060806,175.40023803711,277.14999389648
04-APR-2025,18.428950082417,6456,3C120,0.89838415384293,215103,AP-N201-F101,0.19430704414845,0.19430704414845,179.68365478516,277.14999389648
04-APR-2025,18.428950082417,6456,3C120,0.89838415384293,215103,AP-N202-F101,0.1804773658514,0.1804773658514,168.91603088379,277.14999389648
04-APR-2025,18.428950082417,6456,3C120,0.89838415384293,227103,AP-N203-F102,0.19433361291885,0.19433361291885,185.48616027832,277.14999389648
04-APR-2025,18.428950082417,6456,3C120,0.89838415384293,227103,AP-N204-F102,0.18725115060806,0.18725115060806,175.40023803711,277.14999389648
04-APR-2025,18.437838971207,6456,3C120,0.89992105960846,215103,AP-N201-F101,0.19430704414845,0.19430704414845,179.68365478516,277.14999389648
04-APR-2025,18.437838971207,6456,3C120,0.89992105960846,215103,AP-N202-F101,0.1804773658514,0.1804773658514,168.91603088379,277.14999389648
04-APR-2025,18.437838971207,6456,3C120,0.89992105960846,227103,AP-N203-F102,0.19433361291885,0.19433361291885,185.48616027832,277.14999389648
04-APR-2025,18.437838971207,6456,3C120,0.89992105960846,227103,AP-N204-F102,0.18725115060806,0.18725115060806,175.40023803711,277.14999389648
04-APR-2025,18.446727860346,6456,3C120,0.90145355463028,215103,AP-N201-F101,0.19430704414845,0.19430704414845,179.68365478516,277.14999389648
04-APR-2025,18.446727860346,6456,3C120,0.90145355463028,215103,AP-N202-F101,0.1804773658514,0.1804773658514,168.91603088379,277.14999389648
04-APR-2025,18.446727860346,6456,3C120,0.90145355463028,227103,AP-N203-F102,0.19433361291885,0.19433361291885,185.48616027832,277.14999389648
04-APR-2025,18.446727860346,6456,3C120,0.90145355463028,227103,AP-N204-F102,0.18725115060806,0.18725115060806,175.40023803711,277.14999389648
04-APR-2025,18.455894526103,6456,3C120,0.90302956104279,215103,AP-N201-F101,0.19430704414845,0.19430704414845,179.68365478516,277.14999389648
04-APR-2025,18.455894526103,6456,3C120,0.90302956104279,215103,AP-N202-F101,0.1804773658514,0.1804773658514,168.91603088379,277.14999389648
04-APR-2025,18.455894526103,6456,3C120,0.90302956104279,227103,AP-N203-F102,0.19433361291885,0.19433361291885,185.48616027832,277.14999389648
04-APR-2025,18.455894526103,6456,3C120,0.90302956104279,227103,AP-N204-F102,0.18725115060806,0.18725115060806,175.40023803711,277.14999389648
04-APR-2025,18.464783414893,6456,3C120,0.9045535326004,215103,AP-N201-F101,0.19430704414845,0.19430704414845,179.68365478516,277.14999389648
04-APR-2025,18.464783414893,6456,3C120,0.9045535326004,215103,AP-N202-F101,0.1804773658514,0.1804773658514,168.91603088379,277.14999389648
04-APR-2025,18.464783414893,6456,3C120,0.9045535326004,227103,AP-N203-F102,0.19433361291885,0.19433361291885,185.48616027832,277.14999389648
04-APR-2025,18.464783414893,6456,3C120,0.9045535326004,227103,AP-N204-F102,0.18725115060806,0.18725115060806,175.40023803711,277.14999389648
04-APR-2025,18.5610334139,6461,J0510+1800,0.65032011270523,215103,AP-N201-F101,0.19145393371582,0.19145393371582,210.88519287109,277.35000610352
04-APR-2025,18.5610334139,6461,J0510+1800,0.65032011270523,215103,AP-N202-F101,0.18156953155994,0.18156953155994,199.97059631348,277.35000610352
04-APR-2025,18.5610334139,6461,J0510+1800,0.65032011270523,227103,AP-N203-F102,0.196254119277,0.196254119277,220.55378723145,277.35000610352
04-APR-2025,18.5610334139,6461,J0510+1800,0.65032011270523,227103,AP-N204-F102,0.18919426202774,0.18919426202774,208.63510131836,277.35000610352
04-APR-2025,18.578950079091,6465,J0510+1800,0.65319699048996,215103,AP-N201-F101,0.19145393371582,0.19145393371582,210.88519287109,277.35000610352
04-APR-2025,18.578950079091,6465,J0510+1800,0.65319699048996,215103,AP-N202-F101,0.18156953155994,0.18156953155994,199.97059631348,277.35000610352
04-APR-2025,18.578950079091,6465,J0510+1800,0.65319699048996,227103,AP-N203-F102,0.196254119277,0.196254119277,220.55378723145,277.35000610352
04-APR-2025,18.578950079091,6465,J0510+1800,0.65319699048996,227103,AP-N204-F102,0.18919426202774,0.18919426202774,208.63510131836,277.35000610352
04-APR-2025,18.587838967532,6465,J0510+1800,0.65461933612823,215103,AP-N201-F101,0.19145393371582,0.19145393371582,210.88519287109,277.35000610352
04-APR-2025,18.587838967532,6465,J0510+1800,0.65461933612823,215103,AP-N202-F101,0.18156953155994,0.18156953155994,199.97059631348,277.35000610352
04-APR-2025,18.587838967532,6465,J0510+1800,0.65461933612823,227103,AP-N203-F102,0.196254119277,0.196254119277,220.55378723145,277.35000610352
04-APR-2025,18.587838967532,6465,J0510+1800,0.65461933612823,227103,AP-N204-F102,0.18919426202774,0.18919426202774,208.63510131836,277.35000610352
04-APR-2025,18.597005633289,6465,J0510+1800,0.65608233213425,215103,AP-N201-F101,0.19145393371582,0.19145393371582,210.88519287109,277.35000610352
04-APR-2025,18.597005633289,6465,J0510+1800,0.65608233213425,215103,AP-N202-F101,0.18156953155994,0.18156953155994,199.97059631348,277.35000610352
04-APR-2025,18.597005633289,6465,J0510+1800,0.65608233213425,227103,AP-N203-F102,0.196254119277,0.196254119277,220.55378723145,277.35000610352
04-APR-2025,18.597005633289,6465,J0510+1800,0.65608233213425,227103,AP-N204-F102,0.18919426202774,0.18919426202774,208.63510131836,277.35000610352
04-APR-2025,18.677422301867,6470,3C84,0.4406578540802,215103,AP-N201-F101,0.18122263252735,0.18122263252735,264.44091796875,276.95001220703
04-APR-2025,18.677422301867,6470,3C84,0.4406578540802,215103,AP-N202-F101,0.17465859651566,0.17465859651566,253.15644836426,276.95001220703
04-APR-2025,18.677422301867,6470,3C84,0.4406578540802,227103,AP-N203-F102,0.18852725625038,0.18852725625038,280.01733398438,276.95001220703
04-APR-2025,18.677422301867,6470,3C84,0.4406578540802,227103,AP-N204-F102,0.18309332430363,0.18309332430363,266.09298706055,276.95001220703
04-APR-2025,18.696172301277,6474,3C84,0.4409511089325,215103,AP-N201-F101,0.18122263252735,0.18122263252735,264.44091796875,276.95001220703
04-APR-2025,18.696172301277,6474,3C84,0.4409511089325,215103,AP-N202-F101,0.17465859651566,0.17465859651566,253.15644836426,276.95001220703
04-APR-2025,18.696172301277,6474,3C84,0.4409511089325,227103,AP-N203-F102,0.18852725625038,0.18852725625038,280.01733398438,276.95001220703
04-APR-2025,18.696172301277,6474,3C84,0.4409511089325,227103,AP-N204-F102,0.18309332430363,0.18309332430363,266.09298706055,276.95001220703
04-APR-2025,18.705338967034,6474,3C84,0.44108784198761,215103,AP-N201-F101,0.18122263252735,0.18122263252735,264.44091796875,276.95001220703
04-APR-2025,18.705338967034,6474,3C84,0.44108784198761,215103,AP-N202-F101,0.17465859651566,0.17465859651566,253.15644836426,276.95001220703
04-APR-2025,18.705338967034,6474,3C84,0.44108784198761,227103,AP-N203-F102,0.18852725625038,0.18852725625038,280.01733398438,276.95001220703
04-APR-2025,18.705338967034,6474,3C84,0.44108784198761,227103,AP-N204-F102,0.18309332430363,0.18309332430363,266.09298706055,276.95001220703
04-APR-2025,18.860572159329,6481,J0423-0120,1.0880174636841,215103,AP-N201-F101,0.1957406103611,0.1957406103611,167.15991210937,277.64999389648
04-APR-2025,18.860572159329,6481,J0423-0120,1.0880174636841,215103,AP-N202-F101,0.17890501022339,0.17890501022339,156.41519165039,277.64999389648
04-APR-2025,18.860572159329,6481,J0423-0120,1.0880174636841,227103,AP-N203-F102,0.192227602005,0.192227602005,171.22192382813,277.64999389648
04-APR-2025,18.860572159329,6481,J0423-0120,1.0880174636841,227103,AP-N204-F102,0.18430434167385,0.18430434167385,161.82238769531,277.64999389648
04-APR-2025,18.879183272525,6485,J0423-0120,1.0909382104874,215103,AP-N201-F101,0.1957406103611,0.1957406103611,167.15991210937,277.64999389648
04-APR-2025,18.879183272525,6485,J0423-0120,1.0909382104874,215103,AP-N202-F101,0.17890501022339,0.17890501022339,156.41519165039,277.64999389648
04-APR-2025,18.879183272525,6485,J0423-0120,1.0909382104874,227103,AP-N203-F102,0.192227602005,0.192227602005,171.22192382813,277.64999389648
04-APR-2025,18.879183272525,6485,J0423-0120,1.0909382104874,227103,AP-N204-F102,0.18430434167385,0.18430434167385,161.82238769531,277.64999389648
04-APR-2025,18.888211050148,6485,J0423-0120,1.0923447608948,215103,AP-N201-F101,0.1957406103611,0.1957406103611,167.15991210937,277.64999389648
04-APR-2025,18.888211050148,6485,J0423-0120,1.0923447608948,215103,AP-N202-F101,0.17890501022339,0.17890501022339,156.41519165039,277.64999389648
04-APR-2025,18.888211050148,6485,J0423-0120,1.0923447608948,227103,AP-N203-F102,0.192227602005,0.192227602005,171.22192382813,277.64999389648
04-APR-2025,18.888211050148,6485,J0423-0120,1.0923447608948,227103,AP-N204-F102,0.18430434167385,0.18430434167385,161.82238769531,277.64999389648
04-APR-2025,18.89737771573,6485,J0423-0120,1.0937657356262,215103,AP-N201-F101,0.1957406103611,0.1957406103611,167.15991210937,277.64999389648
04-APR-2025,18.89737771573,6485,J0423-0120,1.0937657356262,215103,AP-N202-F101,0.17890501022339,0.17890501022339,156.41519165039,277.64999389648
04-APR-2025,18.89737771573,6485,J0423-0120,1.0937657356262,227103,AP-N203-F102,0.192227602005,0.192227602005,171.22192382813,277.64999389648
04-APR-2025,18.89737771573,6485,J0423-0120,1.0937657356262,227103,AP-N204-F102,0.18430434167385,0.18430434167385,161.82238769531,277.64999389648
04-APR-2025,18.906544381837,6485,J0423-0120,1.0951796770096,215103,AP-N201-F101,0.1957406103611,0.1957406103611,167.15991210937,277.64999389648
04-APR-2025,18.906544381837,6485,J0423-0120,1.0951796770096,215103,AP-N202-F101,0.17890501022339,0.17890501022339,156.41519165039,277.64999389648
04-APR-2025,18.906544381837,6485,J0423-0120,1.0951796770096,227103,AP-N203-F102,0.192227602005,0.192227602005,171.22192382813,277.64999389648
04-APR-2025,18.906544381837,6485,J0423-0120,1.0951796770096,227103,AP-N204-F102,0.18430434167385,0.18430434167385,161.82238769531,277.64999389648
04-APR-2025,18.915433270802,6485,J0423-0120,1.0965435504913,215103,AP-N201-F101,0.1957406103611,0.1957406103611,167.15991210937,277.64999389648
04-APR-2025,18.915433270802,6485,J0423-0120,1.0965435504913,215103,AP-N202-F101,0.17890501022339,0.17890501022339,156.41519165039,277.64999389648
04-APR-2025,18.915433270802,6485,J0423-0120,1.0965435504913,227103,AP-N203-F102,0.192227602005,0.192227602005,171.22192382813,277.64999389648
04-APR-2025,18.915433270802,6485,J0423-0120,1.0965435504913,227103,AP-N204-F102,0.18430434167385,0.18430434167385,161.82238769531,277.64999389648
04-APR-2025,18.987516606095,6490,3C120,0.98549956083298,215103,AP-N201-F101,0.21539203822613,0.21539203822613,183.74851989746,276.75
04-APR-2025,18.987516606095,6490,3C120,0.98549956083298,215103,AP-N202-F101,0.20038491487503,0.20038491487503,172.82014465332,276.75
04-APR-2025,18.987516606095,6490,3C120,0.98549956083298,227103,AP-N203-F102,0.21570235490799,0.21570235490799,189.52296447754,276.75
04-APR-2025,18.987516606095,6490,3C120,0.98549956083298,227103,AP-N204-F102,0.20820231735706,0.20820231735706,179.66873168945,276.75
04-APR-2025,19.011544379579,6494,3C120,0.988749563694,215103,AP-N201-F101,0.21539203822613,0.21539203822613,183.74851989746,276.75
04-APR-2025,19.011544379579,6494,3C120,0.988749563694,215103,AP-N202-F101,0.20038491487503,0.20038491487503,172.82014465332,276.75
04-APR-2025,19.011544379579,6494,3C120,0.988749563694,227103,AP-N203-F102,0.21570235490799,0.21570235490799,189.52296447754,276.75
04-APR-2025,19.011544379579,6494,3C120,0.988749563694,227103,AP-N204-F102,0.20820231735706,0.20820231735706,179.66873168945,276.75
04-APR-2025,19.020433268543,6494,3C120,0.98993986845016,215103,AP-N201-F101,0.21539203822613,0.21539203822613,183.74851989746,276.75
04-APR-2025,19.020433268543,6494,3C120,0.98993986845016,215103,AP-N202-F101,0.20038491487503,0.20038491487503,172.82014465332,276.75
04-APR-2025,19.020433268543,6494,3C120,0.98993986845016,227103,AP-N203-F102,0.21570235490799,0.21570235490799,189.52296447754,276.75
04-APR-2025,19.020433268543,6494,3C120,0.98993986845016,227103,AP-N204-F102,0.20820231735706,0.20820231735706,179.66873168945,276.75
04-APR-2025,19.029322157508,6494,3C120,0.99112367630005,215103,AP-N201-F101,0.21539203822613,0.21539203822613,183.74851989746,276.75
04-APR-2025,19.029322157508,6494,3C120,0.99112367630005,215103,AP-N202-F101,0.20038491487503,0.20038491487503,172.82014465332,276.75
04-APR-2025,19.029322157508,6494,3C120,0.99112367630005,227103,AP-N203-F102,0.21570235490799,0.21570235490799,189.52296447754,276.75
04-APR-2025,19.029322157508,6494,3C120,0.99112367630005,227103,AP-N204-F102,0.20820231735706,0.20820231735706,179.66873168945,276.75
04-APR-2025,19.03848882571,6494,3C120,0.99233764410019,215103,AP-N201-F101,0.21539203822613,0.21539203822613,183.74851989746,276.75
04-APR-2025,19.03848882571,6494,3C120,0.99233764410019,215103,AP-N202-F101,0.20038491487503,0.20038491487503,172.82014465332,276.75
04-APR-2025,19.03848882571,6494,3C120,0.99233764410019,227103,AP-N203-F102,0.21570235490799,0.21570235490799,189.52296447754,276.75
04-APR-2025,19.03848882571,6494,3C120,0.99233764410019,227103,AP-N204-F102,0.20820231735706,0.20820231735706,179.66873168945,276.75
04-APR-2025,19.047377714325,6494,3C120,0.993508040905,215103,AP-N201-F101,0.21539203822613,0.21539203822613,183.74851989746,276.75
04-APR-2025,19.047377714325,6494,3C120,0.993508040905,215103,AP-N202-F101,0.20038491487503,0.20038491487503,172.82014465332,276.75
04-APR-2025,19.047377714325,6494,3C120,0.993508040905,227103,AP-N203-F102,0.21570235490799,0.21570235490799,189.52296447754,276.75
04-APR-2025,19.047377714325,6494,3C120,0.993508040905,227103,AP-N204-F102,0.20820231735706,0.20820231735706,179.66873168945,276.75
04-APR-2025,19.113349936786,6497,3C120,1.001984834671,215103,AP-N201-F101,0.21042869985104,0.21042869985104,179.90925598145,276.75
04-APR-2025,19.113349936786,6497,3C120,1.001984834671,215103,AP-N202-F101,0.19454079866409,0.19454079866409,168.60609436035,276.75
04-APR-2025,19.113349936786,6497,3C120,1.001984834671,227103,AP-N203-F102,0.20978890359402,0.20978890359402,185.13143920898,276.75
04-APR-2025,19.113349936786,6497,3C120,1.001984834671,227103,AP-N204-F102,0.20246203243732,0.20246203243732,175.61351013184,276.75
04-APR-2025,19.145988825061,6501,3C120,1.0060384273529,215103,AP-N201-F101,0.21042869985104,0.21042869985104,179.90925598145,276.75
04-APR-2025,19.145988825061,6501,3C120,1.0060384273529,215103,AP-N202-F101,0.19454079866409,0.19454079866409,168.60609436035,276.75
04-APR-2025,19.145988825061,6501,3C120,1.0060384273529,227103,AP-N203-F102,0.20978890359402,0.20978890359402,185.13143920898,276.75
04-APR-2025,19.145988825061,6501,3C120,1.0060384273529,227103,AP-N204-F102,0.20246203243732,0.20246203243732,175.61351013184,276.75
04-APR-2025,19.155155491342,6501,3C120,1.0071595907211,215103,AP-N201-F101,0.21042869985104,0.21042869985104,179.90925598145,276.75
04-APR-2025,19.155155491342,6501,3C120,1.0071595907211,215103,AP-N202-F101,0.19454079866409,0.19454079866409,168.60609436035,276.75
04-APR-2025,19.155155491342,6501,3C120,1.0071595907211,227103,AP-N203-F102,0.20978890359402,0.20978890359402,185.13143920898,276.75
04-APR-2025,19.155155491342,6501,3C120,1.0071595907211,227103,AP-N204-F102,0.20246203243732,0.20246203243732,175.61351013184,276.75
04-APR-2025,19.164044379783,6501,3C120,1.0082397460938,215103,AP-N201-F101,0.21042869985104,0.21042869985104,179.90925598145,276.75
04-APR-2025,19.164044379783,6501,3C120,1.0082397460938,215103,AP-N202-F101,0.19454079866409,0.19454079866409,168.60609436035,276.75
04-APR-2025,19.164044379783,6501,3C120,1.0082397460938,227103,AP-N203-F102,0.20978890359402,0.20978890359402,185.13143920898,276.75
04-APR-2025,19.164044379783,6501,3C120,1.0082397460938,227103,AP-N204-F102,0.20246203243732,0.20246203243732,175.61351013184,276.75
04-APR-2025,19.172933268922,6501,3C120,1.009312748909,215103,AP-N201-F101,0.21042869985104,0.21042869985104,179.90925598145,276.75
04-APR-2025,19.172933268922,6501,3C120,1.009312748909,215103,AP-N202-F101,0.19454079866409,0.19454079866409,168.60609436035,276.75
04-APR-2025,19.172933268922,6501,3C120,1.009312748909,227103,AP-N203-F102,0.20978890359402,0.20978890359402,185.13143920898,276.75
04-APR-2025,19.172933268922,6501,3C120,1.009312748909,227103,AP-N204-F102,0.20246203243732,0.20246203243732,175.61351013184,276.75
04-APR-2025,19.182099934854,6501,3C120,1.0104116201401,215103,AP-N201-F101,0.21042869985104,0.21042869985104,179.90925598145,276.75
04-APR-2025,19.182099934854,6501,3C120,1.0104116201401,215103,AP-N202-F101,0.19454079866409,0.19454079866409,168.60609436035,276.75
04-APR-2025,19.182099934854,6501,3C120,1.0104116201401,227103,AP-N203-F102,0.20978890359402,0.20978890359402,185.13143920898,276.75
04-APR-2025,19.182099934854,6501,3C120,1.0104116201401,227103,AP-N204-F102,0.20246203243732,0.20246203243732,175.61351013184,276.75
04-APR-2025,19.344410657693,6508,J0423-0120,1.1529804468155,215103,AP-N201-F101,0.2069993019104,0.2069993019104,169.68148803711,277.14999389648
04-APR-2025,19.344410657693,6508,J0423-0120,1.1529804468155,215103,AP-N202-F101,0.18954786658287,0.18954786658287,158.57458496094,277.14999389648
04-APR-2025,19.344410657693,6508,J0423-0120,1.1529804468155,227103,AP-N203-F102,0.20283716917038,0.20283716917038,173.27365112305,277.14999389648
04-APR-2025,19.344410657693,6508,J0423-0120,1.1529804468155,227103,AP-N204-F102,0.19589060544968,0.19589060544968,164.38534545898,277.14999389648
04-APR-2025,19.361771767203,6512,J0423-0120,1.1548209190369,215103,AP-N201-F101,0.2069993019104,0.2069993019104,169.68148803711,277.14999389648
04-APR-2025,19.361771767203,6512,J0423-0120,1.1548209190369,215103,AP-N202-F101,0.18954786658287,0.18954786658287,158.57458496094,277.14999389648
04-APR-2025,19.361771767203,6512,J0423-0120,1.1548209190369,227103,AP-N203-F102,0.20283716917038,0.20283716917038,173.27365112305,277.14999389648
04-APR-2025,19.361771767203,6512,J0423-0120,1.1548209190369,227103,AP-N204-F102,0.19589060544968,0.19589060544968,164.38534545898,277.14999389648
04-APR-2025,19.370660655993,6512,J0423-0120,1.155748128891,215103,AP-N201-F101,0.2069993019104,0.2069993019104,169.68148803711,277.14999389648
04-APR-2025,19.370660655993,6512,J0423-0120,1.155748128891,215103,AP-N202-F101,0.18954786658287,0.18954786658287,158.57458496094,277.14999389648
04-APR-2025,19.370660655993,6512,J0423-0120,1.155748128891,227103,AP-N203-F102,0.20283716917038,0.20283716917038,173.27365112305,277.14999389648
04-APR-2025,19.370660655993,6512,J0423-0120,1.155748128891,227103,AP-N204-F102,0.19589060544968,0.19589060544968,164.38534545898,277.14999389648
04-APR-2025,19.379549544434,6512,J0423-0120,1.1566652059555,215103,AP-N201-F101,0.2069993019104,0.2069993019104,169.68148803711,277.14999389648
04-APR-2025,19.379549544434,6512,J0423-0120,1.1566652059555,215103,AP-N202-F101,0.18954786658287,0.18954786658287,158.57458496094,277.14999389648
04-APR-2025,19.379549544434,6512,J0423-0120,1.1566652059555,227103,AP-N203-F102,0.20283716917038,0.20283716917038,173.27365112305,277.14999389648
04-APR-2025,19.379549544434,6512,J0423-0120,1.1566652059555,227103,AP-N204-F102,0.19589060544968,0.19589060544968,164.38534545898,277.14999389648
04-APR-2025,19.437466210752,6517,3C120,1.0377588272095,215103,AP-N201-F101,0.20672817528248,0.20672817528248,175.70510864258,277.64999389648
04-APR-2025,19.437466210752,6517,3C120,1.0377588272095,215103,AP-N202-F101,0.19107121229172,0.19107121229172,165.00016784668,277.64999389648
04-APR-2025,19.437466210752,6517,3C120,1.0377588272095,227103,AP-N203-F102,0.20502084493637,0.20502084493637,180.57272338867,277.64999389648
04-APR-2025,19.437466210752,6517,3C120,1.0377588272095,227103,AP-N204-F102,0.19799299538136,0.19799299538136,171.29747009277,277.64999389648
04-APR-2025,19.461771768886,6521,3C120,1.0400137901306,215103,AP-N201-F101,0.20672817528248,0.20672817528248,175.70510864258,277.64999389648
04-APR-2025,19.461771768886,6521,3C120,1.0400137901306,215103,AP-N202-F101,0.19107121229172,0.19107121229172,165.00016784668,277.64999389648
04-APR-2025,19.461771768886,6521,3C120,1.0400137901306,227103,AP-N203-F102,0.20502084493637,0.20502084493637,180.57272338867,277.64999389648
04-APR-2025,19.461771768886,6521,3C120,1.0400137901306,227103,AP-N204-F102,0.19799299538136,0.19799299538136,171.29747009277,277.64999389648
04-APR-2025,19.470938434469,6521,3C120,1.040847659111,215103,AP-N201-F101,0.20672817528248,0.20672817528248,175.70510864258,277.64999389648
04-APR-2025,19.470938434469,6521,3C120,1.040847659111,215103,AP-N202-F101,0.19107121229172,0.19107121229172,165.00016784668,277.64999389648
04-APR-2025,19.470938434469,6521,3C120,1.040847659111,227103,AP-N203-F102,0.20502084493637,0.20502084493637,180.57272338867,277.64999389648
04-APR-2025,19.470938434469,6521,3C120,1.040847659111,227103,AP-N204-F102,0.19799299538136,0.19799299538136,171.29747009277,277.64999389648
04-APR-2025,19.479827323783,6521,3C120,1.0416475534439,215103,AP-N201-F101,0.20672817528248,0.20672817528248,175.70510864258,277.64999389648
04-APR-2025,19.479827323783,6521,3C120,1.0416475534439,215103,AP-N202-F101,0.19107121229172,0.19107121229172,165.00016784668,277.64999389648
04-APR-2025,19.479827323783,6521,3C120,1.0416475534439,227103,AP-N203-F102,0.20502084493637,0.20502084493637,180.57272338867,277.64999389648
04-APR-2025,19.479827323783,6521,3C120,1.0416475534439,227103,AP-N204-F102,0.19799299538136,0.19799299538136,171.29747009277,277.64999389648
04-APR-2025,19.488716212398,6521,3C120,1.0424389839172,215103,AP-N201-F101,0.20672817528248,0.20672817528248,175.70510864258,277.64999389648
04-APR-2025,19.488716212398,6521,3C120,1.0424389839172,215103,AP-N202-F101,0.19107121229172,0.19107121229172,165.00016784668,277.64999389648
04-APR-2025,19.488716212398,6521,3C120,1.0424389839172,227103,AP-N203-F102,0.20502084493637,0.20502084493637,180.57272338867,277.64999389648
04-APR-2025,19.488716212398,6521,3C120,1.0424389839172,227103,AP-N204-F102,0.19799299538136,0.19799299538136,171.29747009277,277.64999389648
04-APR-2025,19.497882877981,6521,3C120,1.0432459115982,215103,AP-N201-F101,0.20672817528248,0.20672817528248,175.70510864258,277.64999389648
04-APR-2025,19.497882877981,6521,3C120,1.0432459115982,215103,AP-N202-F101,0.19107121229172,0.19107121229172,165.00016784668,277.64999389648
04-APR-2025,19.497882877981,6521,3C120,1.0432459115982,227103,AP-N203-F102,0.20502084493637,0.20502084493637,180.57272338867,277.64999389648
04-APR-2025,19.497882877981,6521,3C120,1.0432459115982,227103,AP-N204-F102,0.19799299538136,0.19799299538136,171.29747009277,277.64999389648
04-APR-2025,19.594410654478,6526,J0510+1800,0.78899955749512,215103,AP-N201-F101,0.20477329194546,0.20477329194546,197.61514282227,277.35000610352
04-APR-2025,19.594410654478,6526,J0510+1800,0.78899955749512,215103,AP-N202-F101,0.1930458843708,0.1930458843708,187.02268981934,277.35000610352
04-APR-2025,19.594410654478,6526,J0510+1800,0.78899955749512,227103,AP-N203-F102,0.20804451406002,0.20804451406002,205.8408203125,277.35000610352
04-APR-2025,19.594410654478,6526,J0510+1800,0.78899955749512,227103,AP-N204-F102,0.2008790820837,0.2008790820837,195.00141906738,277.35000610352
04-APR-2025,19.611771765037,6530,J0510+1800,0.79077100753784,215103,AP-N201-F101,0.20477329194546,0.20477329194546,197.61514282227,277.35000610352
04-APR-2025,19.611771765037,6530,J0510+1800,0.79077100753784,215103,AP-N202-F101,0.1930458843708,0.1930458843708,187.02268981934,277.35000610352
04-APR-2025,19.611771765037,6530,J0510+1800,0.79077100753784,227103,AP-N203-F102,0.20804451406002,0.20804451406002,205.8408203125,277.35000610352
04-APR-2025,19.611771765037,6530,J0510+1800,0.79077100753784,227103,AP-N204-F102,0.2008790820837,0.2008790820837,195.00141906738,277.35000610352
04-APR-2025,19.620660653652,6530,J0510+1800,0.79166972637177,215103,AP-N201-F101,0.20477329194546,0.20477329194546,197.61514282227,277.35000610352
04-APR-2025,19.620660653652,6530,J0510+1800,0.79166972637177,215103,AP-N202-F101,0.1930458843708,0.1930458843708,187.02268981934,277.35000610352
04-APR-2025,19.620660653652,6530,J0510+1800,0.79166972637177,227103,AP-N203-F102,0.20804451406002,0.20804451406002,205.8408203125,277.35000610352
04-APR-2025,19.620660653652,6530,J0510+1800,0.79166972637177,227103,AP-N204-F102,0.2008790820837,0.2008790820837,195.00141906738,277.35000610352
04-APR-2025,19.629827322378,6530,J0510+1800,0.79259067773819,215103,AP-N201-F101,0.20477329194546,0.20477329194546,197.61514282227,277.35000610352
04-APR-2025,19.629827322378,6530,J0510+1800,0.79259067773819,215103,AP-N202-F101,0.1930458843708,0.1930458843708,187.02268981934,277.35000610352
04-APR-2025,19.629827322378,6530,J0510+1800,0.79259067773819,227103,AP-N203-F102,0.20804451406002,0.20804451406002,205.8408203125,277.35000610352
04-APR-2025,19.629827322378,6530,J0510+1800,0.79259067773819,227103,AP-N204-F102,0.2008790820837,0.2008790820837,195.00141906738,277.35000610352
04-APR-2025,19.711355095855,6535,3C84,0.42938414216042,215103,AP-N201-F101,0.18817482888699,0.18817482888699,278.4938659668,276.85000610352
04-APR-2025,19.711355095855,6535,3C84,0.42938414216042,215103,AP-N202-F101,0.18129934370518,0.18129934370518,265.7600402832,276.85000610352
04-APR-2025,19.711355095855,6535,3C84,0.42938414216042,227103,AP-N203-F102,0.19587647914886,0.19587647914886,295.16900634766,276.85000610352
04-APR-2025,19.711355095855,6535,3C84,0.42938414216042,227103,AP-N204-F102,0.19024203717709,0.19024203717709,279.92578125,276.85000610352
04-APR-2025,19.72954954168,6539,3C84,0.42869031429291,215103,AP-N201-F101,0.18817482888699,0.18817482888699,278.4938659668,276.85000610352
04-APR-2025,19.72954954168,6539,3C84,0.42869031429291,215103,AP-N202-F101,0.18129934370518,0.18129934370518,265.7600402832,276.85000610352
04-APR-2025,19.72954954168,6539,3C84,0.42869031429291,227103,AP-N203-F102,0.19587647914886,0.19587647914886,295.16900634766,276.85000610352
04-APR-2025,19.72954954168,6539,3C84,0.42869031429291,227103,AP-N204-F102,0.19024203717709,0.19024203717709,279.92578125,276.85000610352
04-APR-2025,19.738716207612,6539,3C84,0.42833471298218,215103,AP-N201-F101,0.18817482888699,0.18817482888699,278.4938659668,276.85000610352
04-APR-2025,19.738716207612,6539,3C84,0.42833471298218,215103,AP-N202-F101,0.18129934370518,0.18129934370518,265.7600402832,276.85000610352
04-APR-2025,19.738716207612,6539,3C84,0.42833471298218,227103,AP-N203-F102,0.19587647914886,0.19587647914886,295.16900634766,276.85000610352
04-APR-2025,19.738716207612,6539,3C84,0.42833471298218,227103,AP-N204-F102,0.19024203717709,0.19024203717709,279.92578125,276.85000610352
04-APR-2025,20.020521760898,6548,3C120,1.0727846622467,215103,AP-N201-F101,0.19821348786354,0.19821348786354,169.21253967285,276.85000610352
04-APR-2025,20.020521760898,6548,3C120,1.0727846622467,215103,AP-N202-F101,0.18164345622063,0.18164345622063,158.11334228516,276.85000610352
04-APR-2025,20.020521760898,6548,3C120,1.0727846622467,227103,AP-N203-F102,0.19494938850403,0.19494938850403,173.48342895508,276.85000610352
04-APR-2025,20.020521760898,6548,3C120,1.0727846622467,227103,AP-N204-F102,0.18773426115513,0.18773426115513,163.73872375488,276.85000610352
04-APR-2025,20.045521760053,6552,3C120,1.0733351707458,215103,AP-N201-F101,0.19821348786354,0.19821348786354,169.21253967285,276.85000610352
04-APR-2025,20.045521760053,6552,3C120,1.0733351707458,215103,AP-N202-F101,0.18164345622063,0.18164345622063,158.11334228516,276.85000610352
04-APR-2025,20.045521760053,6552,3C120,1.0733351707458,227103,AP-N203-F102,0.19494938850403,0.19494938850403,173.48342895508,276.85000610352
04-APR-2025,20.045521760053,6552,3C120,1.0733351707458,227103,AP-N204-F102,0.18773426115513,0.18773426115513,163.73872375488,276.85000610352
04-APR-2025,20.054549537501,6552,3C120,1.0735138654709,215103,AP-N201-F101,0.19821348786354,0.19821348786354,169.21253967285,276.85000610352
04-APR-2025,20.054549537501,6552,3C120,1.0735138654709,215103,AP-N202-F101,0.18164345622063,0.18164345622063,158.11334228516,276.85000610352
04-APR-2025,20.054549537501,6552,3C120,1.0735138654709,227103,AP-N203-F102,0.19494938850403,0.19494938850403,173.48342895508,276.85000610352
04-APR-2025,20.054549537501,6552,3C120,1.0735138654709,227103,AP-N204-F102,0.18773426115513,0.18773426115513,163.73872375488,276.85000610352
04-APR-2025,20.063716206052,6552,3C120,1.0736843347549,215103,AP-N201-F101,0.19821348786354,0.19821348786354,169.21253967285,276.85000610352
04-APR-2025,20.063716206052,6552,3C120,1.0736843347549,215103,AP-N202-F101,0.18164345622063,0.18164345622063,158.11334228516,276.85000610352
04-APR-2025,20.063716206052,6552,3C120,1.0736843347549,227103,AP-N203-F102,0.19494938850403,0.19494938850403,173.48342895508,276.85000610352
04-APR-2025,20.063716206052,6552,3C120,1.0736843347549,227103,AP-N204-F102,0.18773426115513,0.18773426115513,163.73872375488,276.85000610352
04-APR-2025,20.072605094842,6552,3C120,1.0738390684128,215103,AP-N201-F101,0.19821348786354,0.19821348786354,169.21253967285,276.85000610352
04-APR-2025,20.072605094842,6552,3C120,1.0738390684128,215103,AP-N202-F101,0.18164345622063,0.18164345622063,158.11334228516,276.85000610352
04-APR-2025,20.072605094842,6552,3C120,1.0738390684128,227103,AP-N203-F102,0.19494938850403,0.19494938850403,173.48342895508,276.85000610352
04-APR-2025,20.072605094842,6552,3C120,1.0738390684128,227103,AP-N204-F102,0.18773426115513,0.18773426115513,163.73872375488,276.85000610352
04-APR-2025,20.081771760774,6552,3C120,1.0739876031876,215103,AP-N201-F101,0.19821348786354,0.19821348786354,169.21253967285,276.85000610352
04-APR-2025,20.081771760774,6552,3C120,1.0739876031876,215103,AP-N202-F101,0.18164345622063,0.18164345622063,158.11334228516,276.85000610352
04-APR-2025,20.081771760774,6552,3C120,1.0739876031876,227103,AP-N203-F102,0.19494938850403,0.19494938850403,173.48342895508,276.85000610352
04-APR-2025,20.081771760774,6552,3C120,1.0739876031876,227103,AP-N204-F102,0.18773426115513,0.18773426115513,163.73872375488,276.85000610352
04-APR-2025,20.146910647793,6555,3C120,1.0747241973877,215103,AP-N201-F101,0.2158385515213,0.2158385515213,177.67747497559,276.25
04-APR-2025,20.146910647793,6555,3C120,1.0747241973877,215103,AP-N202-F101,0.19955979287624,0.19955979287624,166.89140319824,276.25
04-APR-2025,20.146910647793,6555,3C120,1.0747241973877,227103,AP-N203-F102,0.21393877267838,0.21393877267838,182.4278717041,276.25
04-APR-2025,20.146910647793,6555,3C120,1.0747241973877,227103,AP-N204-F102,0.20676046609879,0.20676046609879,173.31655883789,276.25
04-APR-2025,20.178716203421,6559,3C120,1.0748789310455,215103,AP-N201-F101,0.2158385515213,0.2158385515213,177.67747497559,276.25
04-APR-2025,20.178716203421,6559,3C120,1.0748789310455,215103,AP-N202-F101,0.19955979287624,0.19955979287624,166.89140319824,276.25
04-APR-2025,20.178716203421,6559,3C120,1.0748789310455,227103,AP-N203-F102,0.21393877267838,0.21393877267838,182.4278717041,276.25
04-APR-2025,20.178716203421,6559,3C120,1.0748789310455,227103,AP-N204-F102,0.20676046609879,0.20676046609879,173.31655883789,276.25
04-APR-2025,20.187605092386,6559,3C120,1.0748981237411,215103,AP-N201-F101,0.2158385515213,0.2158385515213,177.67747497559,276.25
04-APR-2025,20.187605092386,6559,3C120,1.0748981237411,215103,AP-N202-F101,0.19955979287624,0.19955979287624,166.89140319824,276.25
04-APR-2025,20.187605092386,6559,3C120,1.0748981237411,227103,AP-N203-F102,0.21393877267838,0.21393877267838,182.4278717041,276.25
04-APR-2025,20.187605092386,6559,3C120,1.0748981237411,227103,AP-N204-F102,0.20676046609879,0.20676046609879,173.31655883789,276.25
04-APR-2025,20.196493981351,6559,3C120,1.0749069452286,215103,AP-N201-F101,0.2158385515213,0.2158385515213,177.67747497559,276.25
04-APR-2025,20.196493981351,6559,3C120,1.0749069452286,215103,AP-N202-F101,0.19955979287624,0.19955979287624,166.89140319824,276.25
04-APR-2025,20.196493981351,6559,3C120,1.0749069452286,227103,AP-N203-F102,0.21393877267838,0.21393877267838,182.4278717041,276.25
04-APR-2025,20.196493981351,6559,3C120,1.0749069452286,227103,AP-N204-F102,0.20676046609879,0.20676046609879,173.31655883789,276.25
04-APR-2025,20.205521758624,6559,3C120,1.0749055147171,215103,AP-N201-F101,0.2158385515213,0.2158385515213,177.67747497559,276.25
04-APR-2025,20.205521758624,6559,3C120,1.0749055147171,215103,AP-N202-F101,0.19955979287624,0.19955979287624,166.89140319824,276.25
04-APR-2025,20.205521758624,6559,3C120,1.0749055147171,227103,AP-N203-F102,0.21393877267838,0.21393877267838,182.4278717041,276.25
04-APR-2025,20.205521758624,6559,3C120,1.0749055147171,227103,AP-N204-F102,0.20676046609879,0.20676046609879,173.31655883789,276.25
04-APR-2025,20.214549535898,6559,3C120,1.0748929977417,215103,AP-N201-F101,0.2158385515213,0.2158385515213,177.67747497559,276.25
04-APR-2025,20.214549535898,6559,3C120,1.0748929977417,215103,AP-N202-F101,0.19955979287624,0.19955979287624,166.89140319824,276.25
04-APR-2025,20.214549535898,6559,3C120,1.0748929977417,227103,AP-N203-F102,0.21393877267838,0.21393877267838,182.4278717041,276.25
04-APR-2025,20.214549535898,6559,3C120,1.0748929977417,227103,AP-N204-F102,0.20676046609879,0.20676046609879,173.31655883789,276.25
04-APR-2025,20.377437536294,6567,J0423-0120,1.1817076206207,215103,AP-N201-F101,0.21614800393581,0.21614800393581,172.33068847656,276.45001220703
04-APR-2025,20.377437536294,6567,J0423-0120,1.1817076206207,215103,AP-N202-F101,0.19781000912189,0.19781000912189,161.13148498535,276.45001220703
04-APR-2025,20.377437536294,6567,J0423-0120,1.1817076206207,227103,AP-N203-F102,0.21232967078686,0.21232967078686,176.12351989746,276.45001220703
04-APR-2025,20.377437536294,6567,J0423-0120,1.1817076206207,227103,AP-N204-F102,0.20495341718197,0.20495341718197,167.24656677246,276.45001220703
04-APR-2025,20.394798647026,6571,J0423-0120,1.1806865930557,215103,AP-N201-F101,0.21614800393581,0.21614800393581,172.33068847656,276.45001220703
04-APR-2025,20.394798647026,6571,J0423-0120,1.1806865930557,215103,AP-N202-F101,0.19781000912189,0.19781000912189,161.13148498535,276.45001220703
04-APR-2025,20.394798647026,6571,J0423-0120,1.1806865930557,227103,AP-N203-F102,0.21232967078686,0.21232967078686,176.12351989746,276.45001220703
04-APR-2025,20.394798647026,6571,J0423-0120,1.1806865930557,227103,AP-N204-F102,0.20495341718197,0.20495341718197,167.24656677246,276.45001220703
04-APR-2025,20.403965313307,6571,J0423-0120,1.1801288127899,215103,AP-N201-F101,0.21614800393581,0.21614800393581,172.33068847656,276.45001220703
04-APR-2025,20.403965313307,6571,J0423-0120,1.1801288127899,215103,AP-N202-F101,0.19781000912189,0.19781000912189,161.13148498535,276.45001220703
04-APR-2025,20.403965313307,6571,J0423-0120,1.1801288127899,227103,AP-N203-F102,0.21232967078686,0.21232967078686,176.12351989746,276.45001220703
04-APR-2025,20.403965313307,6571,J0423-0120,1.1801288127899,227103,AP-N204-F102,0.20495341718197,0.20495341718197,167.24656677246,276.45001220703
04-APR-2025,20.41313197889,6571,J0423-0120,1.179557800293,215103,AP-N201-F101,0.21614800393581,0.21614800393581,172.33068847656,276.45001220703
04-APR-2025,20.41313197889,6571,J0423-0120,1.179557800293,215103,AP-N202-F101,0.19781000912189,0.19781000912189,161.13148498535,276.45001220703
04-APR-2025,20.41313197889,6571,J0423-0120,1.179557800293,227103,AP-N203-F102,0.21232967078686,0.21232967078686,176.12351989746,276.45001220703
04-APR-2025,20.41313197889,6571,J0423-0120,1.179557800293,227103,AP-N204-F102,0.20495341718197,0.20495341718197,167.24656677246,276.45001220703
04-APR-2025,20.47077086859,6576,3C120,1.0700517892838,215103,AP-N201-F101,0.21364885568619,0.21364885568619,176.69651794434,276.64999389648
04-APR-2025,20.47077086859,6576,3C120,1.0700517892838,215103,AP-N202-F101,0.19683493673801,0.19683493673801,165.73661804199,276.64999389648
04-APR-2025,20.47077086859,6576,3C120,1.0700517892838,227103,AP-N203-F102,0.21184527873993,0.21184527873993,181.67961120605,276.64999389648
04-APR-2025,20.47077086859,6576,3C120,1.0700517892838,227103,AP-N204-F102,0.20445050299168,0.20445050299168,172.19160461426,276.64999389648
04-APR-2025,20.495354200722,6580,3C120,1.0691361427307,215103,AP-N201-F101,0.21364885568619,0.21364885568619,176.69651794434,276.64999389648
04-APR-2025,20.495354200722,6580,3C120,1.0691361427307,215103,AP-N202-F101,0.19683493673801,0.19683493673801,165.73661804199,276.64999389648
04-APR-2025,20.495354200722,6580,3C120,1.0691361427307,227103,AP-N203-F102,0.21184527873993,0.21184527873993,181.67961120605,276.64999389648
04-APR-2025,20.495354200722,6580,3C120,1.0691361427307,227103,AP-N204-F102,0.20445050299168,0.20445050299168,172.19160461426,276.64999389648
04-APR-2025,20.504520866305,6580,3C120,1.0687750577927,215103,AP-N201-F101,0.21364885568619,0.21364885568619,176.69651794434,276.64999389648
04-APR-2025,20.504520866305,6580,3C120,1.0687750577927,215103,AP-N202-F101,0.19683493673801,0.19683493673801,165.73661804199,276.64999389648
04-APR-2025,20.504520866305,6580,3C120,1.0687750577927,227103,AP-N203-F102,0.21184527873993,0.21184527873993,181.67961120605,276.64999389648
04-APR-2025,20.504520866305,6580,3C120,1.0687750577927,227103,AP-N204-F102,0.20445050299168,0.20445050299168,172.19160461426,276.64999389648
04-APR-2025,20.513409755619,6580,3C120,1.0684146881104,215103,AP-N201-F101,0.21364885568619,0.21364885568619,176.69651794434,276.64999389648
04-APR-2025,20.513409755619,6580,3C120,1.0684146881104,215103,AP-N202-F101,0.19683493673801,0.19683493673801,165.73661804199,276.64999389648
04-APR-2025,20.513409755619,6580,3C120,1.0684146881104,227103,AP-N203-F102,0.21184527873993,0.21184527873993,181.67961120605,276.64999389648
04-APR-2025,20.513409755619,6580,3C120,1.0684146881104,227103,AP-N204-F102,0.20445050299168,0.20445050299168,172.19160461426,276.64999389648
04-APR-2025,20.522854201137,6580,3C120,1.0680207014084,215103,AP-N201-F101,0.21364885568619,0.21364885568619,176.69651794434,276.64999389648
04-APR-2025,20.522854201137,6580,3C120,1.0680207014084,215103,AP-N202-F101,0.19683493673801,0.19683493673801,165.73661804199,276.64999389648
04-APR-2025,20.522854201137,6580,3C120,1.0680207014084,227103,AP-N203-F102,0.21184527873993,0.21184527873993,181.67961120605,276.64999389648
04-APR-2025,20.522854201137,6580,3C120,1.0680207014084,227103,AP-N204-F102,0.20445050299168,0.20445050299168,172.19160461426,276.64999389648
04-APR-2025,20.532020867418,6580,3C120,1.0676274299622,215103,AP-N201-F101,0.21364885568619,0.21364885568619,176.69651794434,276.64999389648
04-APR-2025,20.532020867418,6580,3C120,1.0676274299622,215103,AP-N202-F101,0.19683493673801,0.19683493673801,165.73661804199,276.64999389648
04-APR-2025,20.532020867418,6580,3C120,1.0676274299622,227103,AP-N203-F102,0.21184527873993,0.21184527873993,181.67961120605,276.64999389648
04-APR-2025,20.532020867418,6580,3C120,1.0676274299622,227103,AP-N204-F102,0.20445050299168,0.20445050299168,172.19160461426,276.64999389648
04-APR-2025,20.627437533254,6585,J0510+1800,0.85275149345398,215103,AP-N201-F101,0.21034651994705,0.21034651994705,192.59190368652,276.14999389648
04-APR-2025,20.627437533254,6585,J0510+1800,0.85275149345398,215103,AP-N202-F101,0.19730104506016,0.19730104506016,182.10430908203,276.14999389648
04-APR-2025,20.627437533254,6585,J0510+1800,0.85275149345398,227103,AP-N203-F102,0.21266138553619,0.21266138553619,200.08299255371,276.14999389648
04-APR-2025,20.627437533254,6585,J0510+1800,0.85275149345398,227103,AP-N204-F102,0.20562975108624,0.20562975108624,189.74171447754,276.14999389648
04-APR-2025,20.645631976284,6589,J0510+1800,0.85304802656174,215103,AP-N201-F101,0.21034651994705,0.21034651994705,192.59190368652,276.14999389648
04-APR-2025,20.645631976284,6589,J0510+1800,0.85304802656174,215103,AP-N202-F101,0.19730104506016,0.19730104506016,182.10430908203,276.14999389648
04-APR-2025,20.645631976284,6589,J0510+1800,0.85304802656174,227103,AP-N203-F102,0.21266138553619,0.21266138553619,200.08299255371,276.14999389648
04-APR-2025,20.645631976284,6589,J0510+1800,0.85304802656174,227103,AP-N204-F102,0.20562975108624,0.20562975108624,189.74171447754,276.14999389648
04-APR-2025,20.654798642565,6589,J0510+1800,0.85318601131439,215103,AP-N201-F101,0.21034651994705,0.21034651994705,192.59190368652,276.14999389648
04-APR-2025,20.654798642565,6589,J0510+1800,0.85318601131439,215103,AP-N202-F101,0.19730104506016,0.19730104506016,182.10430908203,276.14999389648
04-APR-2025,20.654798642565,6589,J0510+1800,0.85318601131439,227103,AP-N203-F102,0.21266138553619,0.21266138553619,200.08299255371,276.14999389648
04-APR-2025,20.654798642565,6589,J0510+1800,0.85318601131439,227103,AP-N204-F102,0.20562975108624,0.20562975108624,189.74171447754,276.14999389648
04-APR-2025,20.663687531356,6589,J0510+1800,0.85331237316132,215103,AP-N201-F101,0.21034651994705,0.21034651994705,192.59190368652,276.14999389648
04-APR-2025,20.663687531356,6589,J0510+1800,0.85331237316132,215103,AP-N202-F101,0.19730104506016,0.19730104506016,182.10430908203,276.14999389648
04-APR-2025,20.663687531356,6589,J0510+1800,0.85331237316132,227103,AP-N203-F102,0.21266138553619,0.21266138553619,200.08299255371,276.14999389648
04-APR-2025,20.663687531356,6589,J0510+1800,0.85331237316132,227103,AP-N204-F102,0.20562975108624,0.20562975108624,189.74171447754,276.14999389648
04-APR-2025,20.744104200457,6594,3C84,0.36473259329796,215103,AP-N201-F101,0.18224482238293,0.18224482238293,309.83401489258,276.04998779297
04-APR-2025,20.744104200457,6594,3C84,0.36473259329796,215103,AP-N202-F101,0.17681340873241,0.17681340873241,297.68612670898,276.04998779297
04-APR-2025,20.744104200457,6594,3C84,0.36473259329796,227103,AP-N203-F102,0.1907265484333,0.1907265484333,330.39657592773,276.04998779297
04-APR-2025,20.744104200457,6594,3C84,0.36473259329796,227103,AP-N204-F102,0.18578393757343,0.18578393757343,314.48376464844,276.04998779297
04-APR-2025,20.762576419407,6598,3C84,0.36313331127167,215103,AP-N201-F101,0.18224482238293,0.18224482238293,309.83401489258,276.04998779297
04-APR-2025,20.762576419407,6598,3C84,0.36313331127167,215103,AP-N202-F101,0.17681340873241,0.17681340873241,297.68612670898,276.04998779297
04-APR-2025,20.762576419407,6598,3C84,0.36313331127167,227103,AP-N203-F102,0.1907265484333,0.1907265484333,330.39657592773,276.04998779297
04-APR-2025,20.762576419407,6598,3C84,0.36313331127167,227103,AP-N204-F102,0.18578393757343,0.18578393757343,314.48376464844,276.04998779297
04-APR-2025,20.771743087435,6598,3C84,0.36233446002007,215103,AP-N201-F101,0.18224482238293,0.18224482238293,309.83401489258,276.04998779297
04-APR-2025,20.771743087435,6598,3C84,0.36233446002007,215103,AP-N202-F101,0.17681340873241,0.17681340873241,297.68612670898,276.04998779297
04-APR-2025,20.771743087435,6598,3C84,0.36233446002007,227103,AP-N203-F102,0.1907265484333,0.1907265484333,330.39657592773,276.04998779297
04-APR-2025,20.771743087435,6598,3C84,0.36233446002007,227103,AP-N204-F102,0.18578393757343,0.18578393757343,314.48376464844,276.04998779297
04-APR-2025,20.927437475612,6607,J0423-0120,1.1285338401794,215103,AP-N201-F101,0.2159790545702,0.2159790545702,174.29959106445,275.75
04-APR-2025,20.927437475612,6607,J0423-0120,1.1285338401794,215103,AP-N202-F101,0.1985599398613,0.1985599398613,163.29280090332,275.75
04-APR-2025,20.927437475612,6607,J0423-0120,1.1285338401794,227103,AP-N203-F102,0.21314303576946,0.21314303576946,178.66909790039,275.75
04-APR-2025,20.927437475612,6607,J0423-0120,1.1285338401794,227103,AP-N204-F102,0.20592251420021,0.20592251420021,169.54470825195,275.75
04-APR-2025,20.945076364185,6611,J0423-0120,1.1262019872665,215103,AP-N201-F101,0.2159790545702,0.2159790545702,174.29959106445,275.75
04-APR-2025,20.945076364185,6611,J0423-0120,1.1262019872665,215103,AP-N202-F101,0.1985599398613,0.1985599398613,163.29280090332,275.75
04-APR-2025,20.945076364185,6611,J0423-0120,1.1262019872665,227103,AP-N203-F102,0.21314303576946,0.21314303576946,178.66909790039,275.75
04-APR-2025,20.945076364185,6611,J0423-0120,1.1262019872665,227103,AP-N204-F102,0.20592251420021,0.20592251420021,169.54470825195,275.75
04-APR-2025,20.953965253674,6611,J0423-0120,1.1250145435333,215103,AP-N201-F101,0.2159790545702,0.2159790545702,174.29959106445,275.75
04-APR-2025,20.953965253674,6611,J0423-0120,1.1250145435333,215103,AP-N202-F101,0.1985599398613,0.1985599398613,163.29280090332,275.75
04-APR-2025,20.953965253674,6611,J0423-0120,1.1250145435333,227103,AP-N203-F102,0.21314303576946,0.21314303576946,178.66909790039,275.75
04-APR-2025,20.953965253674,6611,J0423-0120,1.1250145435333,227103,AP-N204-F102,0.20592251420021,0.20592251420021,169.54470825195,275.75
04-APR-2025,20.963131919256,6611,J0423-0120,1.1237813234329,215103,AP-N201-F101,0.2159790545702,0.2159790545702,174.29959106445,275.75
04-APR-2025,20.963131919256,6611,J0423-0120,1.1237813234329,215103,AP-N202-F101,0.1985599398613,0.1985599398613,163.29280090332,275.75
04-APR-2025,20.963131919256,6611,J0423-0120,1.1237813234329,227103,AP-N203-F102,0.21314303576946,0.21314303576946,178.66909790039,275.75
04-APR-2025,20.963131919256,6611,J0423-0120,1.1237813234329,227103,AP-N204-F102,0.20592251420021,0.20592251420021,169.54470825195,275.75
04-APR-2025,20.972020808046,6611,J0423-0120,1.1225770711899,215103,AP-N201-F101,0.2159790545702,0.2159790545702,174.29959106445,275.75
04-APR-2025,20.972020808046,6611,J0423-0120,1.1225770711899,215103,AP-N202-F101,0.1985599398613,0.1985599398613,163.29280090332,275.75
04-APR-2025,20.972020808046,6611,J0423-0120,1.1225770711899,227103,AP-N203-F102,0.21314303576946,0.21314303576946,178.66909790039,275.75
04-APR-2025,20.972020808046,6611,J0423-0120,1.1225770711899,227103,AP-N204-F102,0.20592251420021,0.20592251420021,169.54470825195,275.75
04-APR-2025,20.980909696836,6611,J0423-0120,1.1213647127151,215103,AP-N201-F101,0.2159790545702,0.2159790545702,174.29959106445,275.75
04-APR-2025,20.980909696836,6611,J0423-0120,1.1213647127151,215103,AP-N202-F101,0.1985599398613,0.1985599398613,163.29280090332,275.75
04-APR-2025,20.980909696836,6611,J0423-0120,1.1213647127151,227103,AP-N203-F102,0.21314303576946,0.21314303576946,178.66909790039,275.75
04-APR-2025,20.980909696836,6611,J0423-0120,1.1213647127151,227103,AP-N204-F102,0.20592251420021,0.20592251420021,169.54470825195,275.75
04-APR-2025,21.053826365127,6616,3C120,1.0286456346512,215103,AP-N201-F101,0.19872632622719,0.19872632622719,171.01556396484,275.35000610352
04-APR-2025,21.053826365127,6616,3C120,1.0286456346512,215103,AP-N202-F101,0.18222746253014,0.18222746253014,160.07109069824,275.35000610352
04-APR-2025,21.053826365127,6616,3C120,1.0286456346512,227103,AP-N203-F102,0.19588398933411,0.19588398933411,175.61616516113,275.35000610352
04-APR-2025,21.053826365127,6616,3C120,1.0286456346512,227103,AP-N204-F102,0.18822750449181,0.18822750449181,166.09289550781,275.35000610352
04-APR-2025,21.077576362691,6620,3C120,1.026154756546,215103,AP-N201-F101,0.19872632622719,0.19872632622719,171.01556396484,275.35000610352
04-APR-2025,21.077576362691,6620,3C120,1.026154756546,215103,AP-N202-F101,0.18222746253014,0.18222746253014,160.07109069824,275.35000610352
04-APR-2025,21.077576362691,6620,3C120,1.026154756546,227103,AP-N203-F102,0.19588398933411,0.19588398933411,175.61616516113,275.35000610352
04-APR-2025,21.077576362691,6620,3C120,1.026154756546,227103,AP-N204-F102,0.18822750449181,0.18822750449181,166.09289550781,275.35000610352
04-APR-2025,21.086465251656,6620,3C120,1.0252079963684,215103,AP-N201-F101,0.19872632622719,0.19872632622719,171.01556396484,275.35000610352
04-APR-2025,21.086465251656,6620,3C120,1.0252079963684,215103,AP-N202-F101,0.18222746253014,0.18222746253014,160.07109069824,275.35000610352
04-APR-2025,21.086465251656,6620,3C120,1.0252079963684,227103,AP-N203-F102,0.19588398933411,0.19588398933411,175.61616516113,275.35000610352
04-APR-2025,21.086465251656,6620,3C120,1.0252079963684,227103,AP-N204-F102,0.18822750449181,0.18822750449181,166.09289550781,275.35000610352
04-APR-2025,21.095354140271,6620,3C120,1.0242532491684,215103,AP-N201-F101,0.19872632622719,0.19872632622719,171.01556396484,275.35000610352
04-APR-2025,21.095354140271,6620,3C120,1.0242532491684,215103,AP-N202-F101,0.18222746253014,0.18222746253014,160.07109069824,275.35000610352
04-APR-2025,21.095354140271,6620,3C120,1.0242532491684,227103,AP-N203-F102,0.19588398933411,0.19588398933411,175.61616516113,275.35000610352
04-APR-2025,21.095354140271,6620,3C120,1.0242532491684,227103,AP-N204-F102,0.18822750449181,0.18822750449181,166.09289550781,275.35000610352
04-APR-2025,21.104243029061,6620,3C120,1.0232907533646,215103,AP-N201-F101,0.19872632622719,0.19872632622719,171.01556396484,275.35000610352
04-APR-2025,21.104243029061,6620,3C120,1.0232907533646,215103,AP-N202-F101,0.18222746253014,0.18222746253014,160.07109069824,275.35000610352
04-APR-2025,21.104243029061,6620,3C120,1.0232907533646,227103,AP-N203-F102,0.19588398933411,0.19588398933411,175.61616516113,275.35000610352
04-APR-2025,21.104243029061,6620,3C120,1.0232907533646,227103,AP-N204-F102,0.18822750449181,0.18822750449181,166.09289550781,275.35000610352
04-APR-2025,21.113131918026,6620,3C120,1.0223205089569,215103,AP-N201-F101,0.19872632622719,0.19872632622719,171.01556396484,275.35000610352
04-APR-2025,21.113131918026,6620,3C120,1.0223205089569,215103,AP-N202-F101,0.18222746253014,0.18222746253014,160.07109069824,275.35000610352
04-APR-2025,21.113131918026,6620,3C120,1.0223205089569,227103,AP-N203-F102,0.19588398933411,0.19588398933411,175.61616516113,275.35000610352
04-APR-2025,21.113131918026,6620,3C120,1.0223205089569,227103,AP-N204-F102,0.18822750449181,0.18822750449181,166.09289550781,275.35000610352
04-APR-2025,21.179937473483,6623,3C120,1.0147838592529,215103,AP-N201-F101,0.20487453043461,0.20487453043461,175.28952026367,275.64999389648
04-APR-2025,21.179937473483,6623,3C120,1.0147838592529,215103,AP-N202-F101,0.18879967927933,0.18879967927933,164.50112915039,275.64999389648
04-APR-2025,21.179937473483,6623,3C120,1.0147838592529,227103,AP-N203-F102,0.20363220572472,0.20363220572472,180.20343017578,275.64999389648
04-APR-2025,21.179937473483,6623,3C120,1.0147838592529,227103,AP-N204-F102,0.19563195109367,0.19563195109367,170.83865356445,275.64999389648
04-APR-2025,21.212020805903,6627,3C120,1.0110132694244,215103,AP-N201-F101,0.20487453043461,0.20487453043461,175.28952026367,275.64999389648
04-APR-2025,21.212020805903,6627,3C120,1.0110132694244,215103,AP-N202-F101,0.18879967927933,0.18879967927933,164.50112915039,275.64999389648
04-APR-2025,21.212020805903,6627,3C120,1.0110132694244,227103,AP-N203-F102,0.20363220572472,0.20363220572472,180.20343017578,275.64999389648
04-APR-2025,21.212020805903,6627,3C120,1.0110132694244,227103,AP-N204-F102,0.19563195109367,0.19563195109367,170.83865356445,275.64999389648
04-APR-2025,21.220909694693,6627,3C120,1.0099519491196,215103,AP-N201-F101,0.20487453043461,0.20487453043461,175.28952026367,275.64999389648
04-APR-2025,21.220909694693,6627,3C120,1.0099519491196,215103,AP-N202-F101,0.18879967927933,0.18879967927933,164.50112915039,275.64999389648
04-APR-2025,21.220909694693,6627,3C120,1.0099519491196,227103,AP-N203-F102,0.20363220572472,0.20363220572472,180.20343017578,275.64999389648
04-APR-2025,21.220909694693,6627,3C120,1.0099519491196,227103,AP-N204-F102,0.19563195109367,0.19563195109367,170.83865356445,275.64999389648
04-APR-2025,21.229798583658,6627,3C120,1.008883357048,215103,AP-N201-F101,0.20487453043461,0.20487453043461,175.28952026367,275.64999389648
04-APR-2025,21.229798583658,6627,3C120,1.008883357048,215103,AP-N202-F101,0.18879967927933,0.18879967927933,164.50112915039,275.64999389648
04-APR-2025,21.229798583658,6627,3C120,1.008883357048,227103,AP-N203-F102,0.20363220572472,0.20363220572472,180.20343017578,275.64999389648
04-APR-2025,21.229798583658,6627,3C120,1.008883357048,227103,AP-N204-F102,0.19563195109367,0.19563195109367,170.83865356445,275.64999389648
04-APR-2025,21.23896525186,6627,3C120,1.0077737569809,215103,AP-N201-F101,0.20487453043461,0.20487453043461,175.28952026367,275.64999389648
04-APR-2025,21.23896525186,6627,3C120,1.0077737569809,215103,AP-N202-F101,0.18879967927933,0.18879967927933,164.50112915039,275.64999389648
04-APR-2025,21.23896525186,6627,3C120,1.0077737569809,227103,AP-N203-F102,0.20363220572472,0.20363220572472,180.20343017578,275.64999389648
04-APR-2025,21.23896525186,6627,3C120,1.0077737569809,227103,AP-N204-F102,0.19563195109367,0.19563195109367,170.83865356445,275.64999389648
04-APR-2025,21.247854140475,6627,3C120,1.006690621376,215103,AP-N201-F101,0.20487453043461,0.20487453043461,175.28952026367,275.64999389648
04-APR-2025,21.247854140475,6627,3C120,1.006690621376,215103,AP-N202-F101,0.18879967927933,0.18879967927933,164.50112915039,275.64999389648
04-APR-2025,21.247854140475,6627,3C120,1.006690621376,227103,AP-N203-F102,0.20363220572472,0.20363220572472,180.20343017578,275.64999389648
04-APR-2025,21.247854140475,6627,3C120,1.006690621376,227103,AP-N204-F102,0.19563195109367,0.19563195109367,170.83865356445,275.64999389648
04-APR-2025,21.41062252832,6635,J0423-0120,1.0542514324188,215103,AP-N201-F101,0.20259442925453,0.20259442925453,171.41870117188,274.85000610352
04-APR-2025,21.41062252832,6635,J0423-0120,1.0542514324188,215103,AP-N202-F101,0.1862019598484,0.1862019598484,160.57661437988,274.85000610352
04-APR-2025,21.41062252832,6635,J0423-0120,1.0542514324188,227103,AP-N203-F102,0.20022492110729,0.20022492110729,175.869140625,274.85000610352
04-APR-2025,21.41062252832,6635,J0423-0120,1.0542514324188,227103,AP-N204-F102,0.19246013462543,0.19246013462543,166.57096862793,274.85000610352
04-APR-2025,21.427983636957,6639,J0423-0120,1.0512377023697,215103,AP-N201-F101,0.20259442925453,0.20259442925453,171.41870117188,274.85000610352
04-APR-2025,21.427983636957,6639,J0423-0120,1.0512377023697,215103,AP-N202-F101,0.1862019598484,0.1862019598484,160.57661437988,274.85000610352
04-APR-2025,21.427983636957,6639,J0423-0120,1.0512377023697,227103,AP-N203-F102,0.20022492110729,0.20022492110729,175.869140625,274.85000610352
04-APR-2025,21.427983636957,6639,J0423-0120,1.0512377023697,227103,AP-N204-F102,0.19246013462543,0.19246013462543,166.57096862793,274.85000610352
04-APR-2025,21.43687252662,6639,J0423-0120,1.0496871471405,215103,AP-N201-F101,0.20259442925453,0.20259442925453,171.41870117188,274.85000610352
04-APR-2025,21.43687252662,6639,J0423-0120,1.0496871471405,215103,AP-N202-F101,0.1862019598484,0.1862019598484,160.57661437988,274.85000610352
04-APR-2025,21.43687252662,6639,J0423-0120,1.0496871471405,227103,AP-N203-F102,0.20022492110729,0.20022492110729,175.869140625,274.85000610352
04-APR-2025,21.43687252662,6639,J0423-0120,1.0496871471405,227103,AP-N204-F102,0.19246013462543,0.19246013462543,166.57096862793,274.85000610352
04-APR-2025,21.446039192901,6639,J0423-0120,1.0480825901031,215103,AP-N201-F101,0.20259442925453,0.20259442925453,171.41870117188,274.85000610352
04-APR-2025,21.446039192901,6639,J0423-0120,1.0480825901031,215103,AP-N202-F101,0.1862019598484,0.1862019598484,160.57661437988,274.85000610352
04-APR-2025,21.446039192901,6639,J0423-0120,1.0480825901031,227103,AP-N203-F102,0.20022492110729,0.20022492110729,175.869140625,274.85000610352
04-APR-2025,21.446039192901,6639,J0423-0120,1.0480825901031,227103,AP-N204-F102,0.19246013462543,0.19246013462543,166.57096862793,274.85000610352
04-APR-2025,21.503678081554,6644,3C120,0.97262930870056,215103,AP-N201-F101,0.1911443322897,0.1911443322897,170.74809265137,274.85000610352
04-APR-2025,21.503678081554,6644,3C120,0.97262930870056,215103,AP-N202-F101,0.17583301663399,0.17583301663399,160.05899047852,274.85000610352
04-APR-2025,21.503678081554,6644,3C120,0.97262930870056,227103,AP-N203-F102,0.18953958153725,0.18953958153725,175.52601623535,274.85000610352
04-APR-2025,21.503678081554,6644,3C120,0.97262930870056,227103,AP-N204-F102,0.18151964247227,0.18151964247227,165.85990905762,274.85000610352
04-APR-2025,21.528539190304,6648,3C120,0.96904057264328,215103,AP-N201-F101,0.1911443322897,0.1911443322897,170.74809265137,274.85000610352
04-APR-2025,21.528539190304,6648,3C120,0.96904057264328,215103,AP-N202-F101,0.17583301663399,0.17583301663399,160.05899047852,274.85000610352
04-APR-2025,21.528539190304,6648,3C120,0.96904057264328,227103,AP-N203-F102,0.18953958153725,0.18953958153725,175.52601623535,274.85000610352
04-APR-2025,21.528539190304,6648,3C120,0.96904057264328,227103,AP-N204-F102,0.18151964247227,0.18151964247227,165.85990905762,274.85000610352
04-APR-2025,21.537705857633,6648,3C120,0.96770596504211,215103,AP-N201-F101,0.1911443322897,0.1911443322897,170.74809265137,274.85000610352
04-APR-2025,21.537705857633,6648,3C120,0.96770596504211,215103,AP-N202-F101,0.17583301663399,0.17583301663399,160.05899047852,274.85000610352
04-APR-2025,21.537705857633,6648,3C120,0.96770596504211,227103,AP-N203-F102,0.18953958153725,0.18953958153725,175.52601623535,274.85000610352
04-APR-2025,21.537705857633,6648,3C120,0.96770596504211,227103,AP-N204-F102,0.18151964247227,0.18151964247227,165.85990905762,274.85000610352
04-APR-2025,21.546872522517,6648,3C120,0.9663650393486,215103,AP-N201-F101,0.1911443322897,0.1911443322897,170.74809265137,274.85000610352
04-APR-2025,21.546872522517,6648,3C120,0.9663650393486,215103,AP-N202-F101,0.17583301663399,0.17583301663399,160.05899047852,274.85000610352
04-APR-2025,21.546872522517,6648,3C120,0.9663650393486,227103,AP-N203-F102,0.18953958153725,0.18953958153725,175.52601623535,274.85000610352
04-APR-2025,21.546872522517,6648,3C120,0.9663650393486,227103,AP-N204-F102,0.18151964247227,0.18151964247227,165.85990905762,274.85000610352
04-APR-2025,21.555761411132,6648,3C120,0.96505892276764,215103,AP-N201-F101,0.1911443322897,0.1911443322897,170.74809265137,274.85000610352
04-APR-2025,21.555761411132,6648,3C120,0.96505892276764,215103,AP-N202-F101,0.17583301663399,0.17583301663399,160.05899047852,274.85000610352
04-APR-2025,21.555761411132,6648,3C120,0.96505892276764,227103,AP-N203-F102,0.18953958153725,0.18953958153725,175.52601623535,274.85000610352
04-APR-2025,21.555761411132,6648,3C120,0.96505892276764,227103,AP-N204-F102,0.18151964247227,0.18151964247227,165.85990905762,274.85000610352
04-APR-2025,21.564650301669,6648,3C120,0.96374708414078,215103,AP-N201-F101,0.1911443322897,0.1911443322897,170.74809265137,274.85000610352
04-APR-2025,21.564650301669,6648,3C120,0.96374708414078,215103,AP-N202-F101,0.17583301663399,0.17583301663399,160.05899047852,274.85000610352
04-APR-2025,21.564650301669,6648,3C120,0.96374708414078,227103,AP-N203-F102,0.18953958153725,0.18953958153725,175.52601623535,274.85000610352
04-APR-2025,21.564650301669,6648,3C120,0.96374708414078,227103,AP-N204-F102,0.18151964247227,0.18151964247227,165.85990905762,274.85000610352
04-APR-2025,21.660900302247,6653,J0510+1800,0.82216775417328,215103,AP-N201-F101,0.18872921168804,0.18872921168804,182.24838256836,275.35000610352
04-APR-2025,21.660900302247,6653,J0510+1800,0.82216775417328,215103,AP-N202-F101,0.17602686583996,0.17602686583996,171.56555175781,275.35000610352
04-APR-2025,21.660900302247,6653,J0510+1800,0.82216775417328,227103,AP-N203-F102,0.1901062130928,0.1901062130928,188.88790893555,275.35000610352
04-APR-2025,21.660900302247,6653,J0510+1800,0.82216775417328,227103,AP-N204-F102,0.18196964263916,0.18196964263916,178.1700592041,275.35000610352
04-APR-2025,21.678816967612,6657,J0510+1800,0.82082176208496,215103,AP-N201-F101,0.18872921168804,0.18872921168804,182.24838256836,275.35000610352
04-APR-2025,21.678816967612,6657,J0510+1800,0.82082176208496,215103,AP-N202-F101,0.17602686583996,0.17602686583996,171.56555175781,275.35000610352
04-APR-2025,21.678816967612,6657,J0510+1800,0.82082176208496,227103,AP-N203-F102,0.1901062130928,0.1901062130928,188.88790893555,275.35000610352
04-APR-2025,21.678816967612,6657,J0510+1800,0.82082176208496,227103,AP-N204-F102,0.18196964263916,0.18196964263916,178.1700592041,275.35000610352
04-APR-2025,21.687705856752,6657,J0510+1800,0.82014441490173,215103,AP-N201-F101,0.18872921168804,0.18872921168804,182.24838256836,275.35000610352
04-APR-2025,21.687705856752,6657,J0510+1800,0.82014441490173,215103,AP-N202-F101,0.17602686583996,0.17602686583996,171.56555175781,275.35000610352
04-APR-2025,21.687705856752,6657,J0510+1800,0.82014441490173,227103,AP-N203-F102,0.1901062130928,0.1901062130928,188.88790893555,275.35000610352
04-APR-2025,21.687705856752,6657,J0510+1800,0.82014441490173,227103,AP-N204-F102,0.18196964263916,0.18196964263916,178.1700592041,275.35000610352
04-APR-2025,21.696872522684,6657,J0510+1800,0.81943941116333,215103,AP-N201-F101,0.18872921168804,0.18872921168804,182.24838256836,275.35000610352
04-APR-2025,21.696872522684,6657,J0510+1800,0.81943941116333,215103,AP-N202-F101,0.17602686583996,0.17602686583996,171.56555175781,275.35000610352
04-APR-2025,21.696872522684,6657,J0510+1800,0.81943941116333,227103,AP-N203-F102,0.1901062130928,0.1901062130928,188.88790893555,275.35000610352
04-APR-2025,21.696872522684,6657,J0510+1800,0.81943941116333,227103,AP-N204-F102,0.18196964263916,0.18196964263916,178.1700592041,275.35000610352
04-APR-2025,21.777011412199,6662,3C84,0.25480172038078,215103,AP-N201-F101,0.16243875026703,0.16243875026703,387.03149414062,275.04998779297
04-APR-2025,21.777011412199,6662,3C84,0.25480172038078,215103,AP-N202-F101,0.1587133705616,0.1587133705616,373.83108520508,275.04998779297
04-APR-2025,21.777011412199,6662,3C84,0.25480172038078,227103,AP-N203-F102,0.17072680592537,0.17072680592537,415.97393798828,275.04998779297
04-APR-2025,21.777011412199,6662,3C84,0.25480172038078,227103,AP-N204-F102,0.16732107102871,0.16732107102871,398.05508422852,275.04998779297
04-APR-2025,21.795761408815,6666,3C84,0.25245356559753,215103,AP-N201-F101,0.16243875026703,0.16243875026703,387.03149414062,275.04998779297
04-APR-2025,21.795761408815,6666,3C84,0.25245356559753,215103,AP-N202-F101,0.1587133705616,0.1587133705616,373.83108520508,275.04998779297
04-APR-2025,21.795761408815,6666,3C84,0.25245356559753,227103,AP-N203-F102,0.17072680592537,0.17072680592537,415.97393798828,275.04998779297
04-APR-2025,21.795761408815,6666,3C84,0.25245356559753,227103,AP-N204-F102,0.16732107102871,0.16732107102871,398.05508422852,275.04998779297
04-APR-2025,21.804650299351,6666,3C84,0.2513365149498,215103,AP-N201-F101,0.16243875026703,0.16243875026703,387.03149414062,275.04998779297
04-APR-2025,21.804650299351,6666,3C84,0.2513365149498,215103,AP-N202-F101,0.1587133705616,0.1587133705616,373.83108520508,275.04998779297
04-APR-2025,21.804650299351,6666,3C84,0.2513365149498,227103,AP-N203-F102,0.17072680592537,0.17072680592537,415.97393798828,275.04998779297
04-APR-2025,21.804650299351,6666,3C84,0.2513365149498,227103,AP-N204-F102,0.16732107102871,0.16732107102871,398.05508422852,275.04998779297
04-APR-2025,21.960943215305,6674,J0423-0120,0.95050740242004,215103,AP-N201-F101,0.18766677379608,0.18766677379608,170.09149169922,274.45001220703
04-APR-2025,21.960943215305,6674,J0423-0120,0.95050740242004,215103,AP-N202-F101,0.17251868546009,0.17251868546009,159.50126647949,274.45001220703
04-APR-2025,21.960943215305,6674,J0423-0120,0.95050740242004,227103,AP-N203-F102,0.18604783713818,0.18604783713818,175.09515380859,274.45001220703
04-APR-2025,21.960943215305,6674,J0423-0120,0.95050740242004,227103,AP-N204-F102,0.1780958622694,0.1780958622694,165.3286895752,274.45001220703
04-APR-2025,21.978859881893,6678,J0423-0120,0.94689255952835,215103,AP-N201-F101,0.18766677379608,0.18766677379608,170.09149169922,274.45001220703
04-APR-2025,21.978859881893,6678,J0423-0120,0.94689255952835,215103,AP-N202-F101,0.17251868546009,0.17251868546009,159.50126647949,274.45001220703
04-APR-2025,21.978859881893,6678,J0423-0120,0.94689255952835,227103,AP-N203-F102,0.18604783713818,0.18604783713818,175.09515380859,274.45001220703
04-APR-2025,21.978859881893,6678,J0423-0120,0.94689255952835,227103,AP-N204-F102,0.1780958622694,0.1780958622694,165.3286895752,274.45001220703
04-APR-2025,21.987748770857,6678,J0423-0120,0.9450945854187,215103,AP-N201-F101,0.18766677379608,0.18766677379608,170.09149169922,274.45001220703
04-APR-2025,21.987748770857,6678,J0423-0120,0.9450945854187,215103,AP-N202-F101,0.17251868546009,0.17251868546009,159.50126647949,274.45001220703
04-APR-2025,21.987748770857,6678,J0423-0120,0.9450945854187,227103,AP-N203-F102,0.18604783713818,0.18604783713818,175.09515380859,274.45001220703
04-APR-2025,21.987748770857,6678,J0423-0120,0.9450945854187,227103,AP-N204-F102,0.1780958622694,0.1780958622694,165.3286895752,274.45001220703
04-APR-2025,21.996637659473,6678,J0423-0120,0.94329357147217,215103,AP-N201-F101,0.18766677379608,0.18766677379608,170.09149169922,274.45001220703
04-APR-2025,21.996637659473,6678,J0423-0120,0.94329357147217,215103,AP-N202-F101,0.17251868546009,0.17251868546009,159.50126647949,274.45001220703
04-APR-2025,21.996637659473,6678,J0423-0120,0.94329357147217,227103,AP-N203-F102,0.18604783713818,0.18604783713818,175.09515380859,274.45001220703
04-APR-2025,21.996637659473,6678,J0423-0120,0.94329357147217,227103,AP-N204-F102,0.1780958622694,0.1780958622694,165.3286895752,274.45001220703
04-APR-2025,22.005526548263,6678,J0423-0120,0.94148975610733,215103,AP-N201-F101,0.18766677379608,0.18766677379608,170.09149169922,274.45001220703
04-APR-2025,22.005526548263,6678,J0423-0120,0.94148975610733,215103,AP-N202-F101,0.17251868546009,0.17251868546009,159.50126647949,274.45001220703
04-APR-2025,22.005526548263,6678,J0423-0120,0.94148975610733,227103,AP-N203-F102,0.18604783713818,0.18604783713818,175.09515380859,274.45001220703
04-APR-2025,22.005526548263,6678,J0423-0120,0.94148975610733,227103,AP-N204-F102,0.1780958622694,0.1780958622694,165.3286895752,274.45001220703
04-APR-2025,22.014415437402,6678,J0423-0120,0.93968290090561,215103,AP-N201-F101,0.18766677379608,0.18766677379608,170.09149169922,274.45001220703
04-APR-2025,22.014415437402,6678,J0423-0120,0.93968290090561,215103,AP-N202-F101,0.17251868546009,0.17251868546009,159.50126647949,274.45001220703
04-APR-2025,22.014415437402,6678,J0423-0120,0.93968290090561,227103,AP-N203-F102,0.18604783713818,0.18604783713818,175.09515380859,274.45001220703
04-APR-2025,22.014415437402,6678,J0423-0120,0.93968290090561,227103,AP-N204-F102,0.1780958622694,0.1780958622694,165.3286895752,274.45001220703
04-APR-2025,22.0873321022,6683,3C120,0.87775617837906,215103,AP-N201-F101,0.19336101412773,0.19336101412773,179.1589050293,274.35000610352
04-APR-2025,22.0873321022,6683,3C120,0.87775617837906,215103,AP-N202-F101,0.179139778018,0.179139778018,168.5283203125,274.35000610352
04-APR-2025,22.0873321022,6683,3C120,0.87775617837906,227103,AP-N203-F102,0.19339694082737,0.19339694082737,185.09547424316,274.35000610352
04-APR-2025,22.0873321022,6683,3C120,0.87775617837906,227103,AP-N204-F102,0.18567128479481,0.18567128479481,174.99507141113,274.35000610352
04-APR-2025,22.111498771327,6687,3C120,0.87341493368149,215103,AP-N201-F101,0.19336101412773,0.19336101412773,179.1589050293,274.35000610352
04-APR-2025,22.111498771327,6687,3C120,0.87341493368149,215103,AP-N202-F101,0.179139778018,0.179139778018,168.5283203125,274.35000610352
04-APR-2025,22.111498771327,6687,3C120,0.87341493368149,227103,AP-N203-F102,0.19339694082737,0.19339694082737,185.09547424316,274.35000610352
04-APR-2025,22.111498771327,6687,3C120,0.87341493368149,227103,AP-N204-F102,0.18567128479481,0.18567128479481,174.99507141113,274.35000610352
04-APR-2025,22.1205265486,6687,3C120,0.87178599834442,215103,AP-N201-F101,0.19336101412773,0.19336101412773,179.1589050293,274.35000610352
04-APR-2025,22.1205265486,6687,3C120,0.87178599834442,215103,AP-N202-F101,0.179139778018,0.179139778018,168.5283203125,274.35000610352
04-APR-2025,22.1205265486,6687,3C120,0.87178599834442,227103,AP-N203-F102,0.19339694082737,0.19339694082737,185.09547424316,274.35000610352
04-APR-2025,22.1205265486,6687,3C120,0.87178599834442,227103,AP-N204-F102,0.18567128479481,0.18567128479481,174.99507141113,274.35000610352
04-APR-2025,22.12941543739,6687,3C120,0.87017852067947,215103,AP-N201-F101,0.19336101412773,0.19336101412773,179.1589050293,274.35000610352
04-APR-2025,22.12941543739,6687,3C120,0.87017852067947,215103,AP-N202-F101,0.179139778018,0.179139778018,168.5283203125,274.35000610352
04-APR-2025,22.12941543739,6687,3C120,0.87017852067947,227103,AP-N203-F102,0.19339694082737,0.19339694082737,185.09547424316,274.35000610352
04-APR-2025,22.12941543739,6687,3C120,0.87017852067947,227103,AP-N204-F102,0.18567128479481,0.18567128479481,174.99507141113,274.35000610352
04-APR-2025,22.138304326355,6687,3C120,0.86856734752655,215103,AP-N201-F101,0.19336101412773,0.19336101412773,179.1589050293,274.35000610352
04-APR-2025,22.138304326355,6687,3C120,0.86856734752655,215103,AP-N202-F101,0.179139778018,0.179139778018,168.5283203125,274.35000610352
04-APR-2025,22.138304326355,6687,3C120,0.86856734752655,227103,AP-N203-F102,0.19339694082737,0.19339694082737,185.09547424316,274.35000610352
04-APR-2025,22.138304326355,6687,3C120,0.86856734752655,227103,AP-N204-F102,0.18567128479481,0.18567128479481,174.99507141113,274.35000610352
04-APR-2025,22.14719321532,6687,3C120,0.86695241928101,215103,AP-N201-F101,0.19336101412773,0.19336101412773,179.1589050293,274.35000610352
04-APR-2025,22.14719321532,6687,3C120,0.86695241928101,215103,AP-N202-F101,0.179139778018,0.179139778018,168.5283203125,274.35000610352
04-APR-2025,22.14719321532,6687,3C120,0.86695241928101,227103,AP-N203-F102,0.19339694082737,0.19339694082737,185.09547424316,274.35000610352
04-APR-2025,22.14719321532,6687,3C120,0.86695241928101,227103,AP-N204-F102,0.18567128479481,0.18567128479481,174.99507141113,274.35000610352
04-APR-2025,22.213443213176,6690,3C120,0.85480326414108,215103,AP-N201-F101,0.19565890729427,0.19565890729427,182.43800354004,273.85000610352
04-APR-2025,22.213443213176,6690,3C120,0.85480326414108,215103,AP-N202-F101,0.18200489878654,0.18200489878654,171.81356811523,273.85000610352
04-APR-2025,22.213443213176,6690,3C120,0.85480326414108,227103,AP-N203-F102,0.19645938277245,0.19645938277245,188.91172790527,273.85000610352
04-APR-2025,22.213443213176,6690,3C120,0.85480326414108,227103,AP-N204-F102,0.18865072727203,0.18865072727203,178.47200012207,273.85000610352
04-APR-2025,22.244693214695,6694,3C120,0.84900504350662,215103,AP-N201-F101,0.19565890729427,0.19565890729427,182.43800354004,273.85000610352
04-APR-2025,22.244693214695,6694,3C120,0.84900504350662,215103,AP-N202-F101,0.18200489878654,0.18200489878654,171.81356811523,273.85000610352
04-APR-2025,22.244693214695,6694,3C120,0.84900504350662,227103,AP-N203-F102,0.19645938277245,0.19645938277245,188.91172790527,273.85000610352
04-APR-2025,22.244693214695,6694,3C120,0.84900504350662,227103,AP-N204-F102,0.18865072727203,0.18865072727203,178.47200012207,273.85000610352
04-APR-2025,22.253859880976,6694,3C120,0.8472962975502,215103,AP-N201-F101,0.19565890729427,0.19565890729427,182.43800354004,273.85000610352
04-APR-2025,22.253859880976,6694,3C120,0.8472962975502,215103,AP-N202-F101,0.18200489878654,0.18200489878654,171.81356811523,273.85000610352
04-APR-2025,22.253859880976,6694,3C120,0.8472962975502,227103,AP-N203-F102,0.19645938277245,0.19645938277245,188.91172790527,273.85000610352
04-APR-2025,22.253859880976,6694,3C120,0.8472962975502,227103,AP-N204-F102,0.18865072727203,0.18865072727203,178.47200012207,273.85000610352
04-APR-2025,22.262748769591,6694,3C120,0.84563601016998,215103,AP-N201-F101,0.19565890729427,0.19565890729427,182.43800354004,273.85000610352
04-APR-2025,22.262748769591,6694,3C120,0.84563601016998,215103,AP-N202-F101,0.18200489878654,0.18200489878654,171.81356811523,273.85000610352
04-APR-2025,22.262748769591,6694,3C120,0.84563601016998,227103,AP-N203-F102,0.19645938277245,0.19645938277245,188.91172790527,273.85000610352
04-APR-2025,22.262748769591,6694,3C120,0.84563601016998,227103,AP-N204-F102,0.18865072727203,0.18865072727203,178.47200012207,273.85000610352
04-APR-2025,22.272193212316,6694,3C120,0.84386819601059,215103,AP-N201-F101,0.19565890729427,0.19565890729427,182.43800354004,273.85000610352
04-APR-2025,22.272193212316,6694,3C120,0.84386819601059,215103,AP-N202-F101,0.18200489878654,0.18200489878654,171.81356811523,273.85000610352
04-APR-2025,22.272193212316,6694,3C120,0.84386819601059,227103,AP-N203-F102,0.19645938277245,0.19645938277245,188.91172790527,273.85000610352
04-APR-2025,22.272193212316,6694,3C120,0.84386819601059,227103,AP-N204-F102,0.18865072727203,0.18865072727203,178.47200012207,273.85000610352
04-APR-2025,22.281359881216,6694,3C120,0.8421488404274,215103,AP-N201-F101,0.19565890729427,0.19565890729427,182.43800354004,273.85000610352
04-APR-2025,22.281359881216,6694,3C120,0.8421488404274,215103,AP-N202-F101,0.18200489878654,0.18200489878654,171.81356811523,273.85000610352
04-APR-2025,22.281359881216,6694,3C120,0.8421488404274,227103,AP-N203-F102,0.19645938277245,0.19645938277245,188.91172790527,273.85000610352
04-APR-2025,22.281359881216,6694,3C120,0.8421488404274,227103,AP-N204-F102,0.18865072727203,0.18865072727203,178.47200012207,273.85000610352
04-APR-2025,22.444165682384,6703,J0423-0120,0.84930324554443,215103,AP-N201-F101,0.19157657027245,0.19157657027245,180.49989318848,273.35000610352
04-APR-2025,22.444165682384,6703,J0423-0120,0.84930324554443,215103,AP-N202-F101,0.17766536772251,0.17766536772251,169.84657287598,273.35000610352
04-APR-2025,22.444165682384,6703,J0423-0120,0.84930324554443,227103,AP-N203-F102,0.19240055978298,0.19240055978298,186.8683013916,273.35000610352
04-APR-2025,22.444165682384,6703,J0423-0120,0.84930324554443,227103,AP-N204-F102,0.18444432318211,0.18444432318211,176.45202636719,273.35000610352
04-APR-2025,22.462082351765,6707,J0423-0120,0.84542399644852,215103,AP-N201-F101,0.19157657027245,0.19157657027245,180.49989318848,273.35000610352
04-APR-2025,22.462082351765,6707,J0423-0120,0.84542399644852,215103,AP-N202-F101,0.17766536772251,0.17766536772251,169.84657287598,273.35000610352
04-APR-2025,22.462082351765,6707,J0423-0120,0.84542399644852,227103,AP-N203-F102,0.19240055978298,0.19240055978298,186.8683013916,273.35000610352
04-APR-2025,22.462082351765,6707,J0423-0120,0.84542399644852,227103,AP-N204-F102,0.18444432318211,0.18444432318211,176.45202636719,273.35000610352
04-APR-2025,22.471249018046,6707,J0423-0120,0.84343630075455,215103,AP-N201-F101,0.19157657027245,0.19157657027245,180.49989318848,273.35000610352
04-APR-2025,22.471249018046,6707,J0423-0120,0.84343630075455,215103,AP-N202-F101,0.17766536772251,0.17766536772251,169.84657287598,273.35000610352
04-APR-2025,22.471249018046,6707,J0423-0120,0.84343630075455,227103,AP-N203-F102,0.19240055978298,0.19240055978298,186.8683013916,273.35000610352
04-APR-2025,22.471249018046,6707,J0423-0120,0.84343630075455,227103,AP-N204-F102,0.18444432318211,0.18444432318211,176.45202636719,273.35000610352
04-APR-2025,22.480415686073,6707,J0423-0120,0.8414466381073,215103,AP-N201-F101,0.19157657027245,0.19157657027245,180.49989318848,273.35000610352
04-APR-2025,22.480415686073,6707,J0423-0120,0.8414466381073,215103,AP-N202-F101,0.17766536772251,0.17766536772251,169.84657287598,273.35000610352
04-APR-2025,22.480415686073,6707,J0423-0120,0.8414466381073,227103,AP-N203-F102,0.19240055978298,0.19240055978298,186.8683013916,273.35000610352
04-APR-2025,22.480415686073,6707,J0423-0120,0.8414466381073,227103,AP-N204-F102,0.18444432318211,0.18444432318211,176.45202636719,273.35000610352
04-APR-2025,22.537499017299,6712,3C120,0.79278117418289,215103,AP-N201-F101,0.1945209056139,0.1945209056139,188.40379333496,273.25
04-APR-2025,22.537499017299,6712,3C120,0.79278117418289,215103,AP-N202-F101,0.1814686357975,0.1814686357975,177.4517364502,273.25
04-APR-2025,22.537499017299,6712,3C120,0.79278117418289,227103,AP-N203-F102,0.19634948670864,0.19634948670864,195.61878967285,273.25
04-APR-2025,22.537499017299,6712,3C120,0.79278117418289,227103,AP-N204-F102,0.18844719231129,0.18844719231129,184.78930664063,273.25
04-APR-2025,22.562082348733,6716,3C120,0.7879182100296,215103,AP-N201-F101,0.1945209056139,0.1945209056139,188.40379333496,273.25
04-APR-2025,22.562082348733,6716,3C120,0.7879182100296,215103,AP-N202-F101,0.1814686357975,0.1814686357975,177.4517364502,273.25
04-APR-2025,22.562082348733,6716,3C120,0.7879182100296,227103,AP-N203-F102,0.19634948670864,0.19634948670864,195.61878967285,273.25
04-APR-2025,22.562082348733,6716,3C120,0.7879182100296,227103,AP-N204-F102,0.18844719231129,0.18844719231129,184.78930664063,273.25
04-APR-2025,22.57124901449,6716,3C120,0.7860996723175,215103,AP-N201-F101,0.1945209056139,0.1945209056139,188.40379333496,273.25
04-APR-2025,22.57124901449,6716,3C120,0.7860996723175,215103,AP-N202-F101,0.1814686357975,0.1814686357975,177.4517364502,273.25
04-APR-2025,22.57124901449,6716,3C120,0.7860996723175,227103,AP-N203-F102,0.19634948670864,0.19634948670864,195.61878967285,273.25
04-APR-2025,22.57124901449,6716,3C120,0.7860996723175,227103,AP-N204-F102,0.18844719231129,0.18844719231129,184.78930664063,273.25
04-APR-2025,22.58013790328,6716,3C120,0.78433376550674,215103,AP-N201-F101,0.1945209056139,0.1945209056139,188.40379333496,273.25
04-APR-2025,22.58013790328,6716,3C120,0.78433376550674,215103,AP-N202-F101,0.1814686357975,0.1814686357975,177.4517364502,273.25
04-APR-2025,22.58013790328,6716,3C120,0.78433376550674,227103,AP-N203-F102,0.19634948670864,0.19634948670864,195.61878967285,273.25
04-APR-2025,22.58013790328,6716,3C120,0.78433376550674,227103,AP-N204-F102,0.18844719231129,0.18844719231129,184.78930664063,273.25
04-APR-2025,22.589026792245,6716,3C120,0.78256505727768,215103,AP-N201-F101,0.1945209056139,0.1945209056139,188.40379333496,273.25
04-APR-2025,22.589026792245,6716,3C120,0.78256505727768,215103,AP-N202-F101,0.1814686357975,0.1814686357975,177.4517364502,273.25
04-APR-2025,22.589026792245,6716,3C120,0.78256505727768,227103,AP-N203-F102,0.19634948670864,0.19634948670864,195.61878967285,273.25
04-APR-2025,22.589026792245,6716,3C120,0.78256505727768,227103,AP-N204-F102,0.18844719231129,0.18844719231129,184.78930664063,273.25
04-APR-2025,22.598193458177,6716,3C120,0.78073847293854,215103,AP-N201-F101,0.1945209056139,0.1945209056139,188.40379333496,273.25
04-APR-2025,22.598193458177,6716,3C120,0.78073847293854,215103,AP-N202-F101,0.1814686357975,0.1814686357975,177.4517364502,273.25
04-APR-2025,22.598193458177,6716,3C120,0.78073847293854,227103,AP-N203-F102,0.19634948670864,0.19634948670864,195.61878967285,273.25
04-APR-2025,22.598193458177,6716,3C120,0.78073847293854,227103,AP-N204-F102,0.18844719231129,0.18844719231129,184.78930664063,273.25
04-APR-2025,22.694165681788,6721,J0510+1800,0.70722162723541,215103,AP-N201-F101,0.1946162879467,0.1946162879467,200.2696685791,273.04998779297
04-APR-2025,22.694165681788,6721,J0510+1800,0.70722162723541,215103,AP-N202-F101,0.18328100442886,0.18328100442886,189.5064239502,273.04998779297
04-APR-2025,22.694165681788,6721,J0510+1800,0.70722162723541,227103,AP-N203-F102,0.19840183854103,0.19840183854103,208.95381164551,273.04998779297
04-APR-2025,22.694165681788,6721,J0510+1800,0.70722162723541,227103,AP-N204-F102,0.1906054764986,0.1906054764986,197.31893920898,273.04998779297
04-APR-2025,22.712915680849,6725,J0510+1800,0.70452797412872,215103,AP-N201-F101,0.1946162879467,0.1946162879467,200.2696685791,273.04998779297
04-APR-2025,22.712915680849,6725,J0510+1800,0.70452797412872,215103,AP-N202-F101,0.18328100442886,0.18328100442886,189.5064239502,273.04998779297
04-APR-2025,22.712915680849,6725,J0510+1800,0.70452797412872,227103,AP-N203-F102,0.19840183854103,0.19840183854103,208.95381164551,273.04998779297
04-APR-2025,22.712915680849,6725,J0510+1800,0.70452797412872,227103,AP-N204-F102,0.1906054764986,0.1906054764986,197.31893920898,273.04998779297
04-APR-2025,22.721804569813,6725,J0510+1800,0.70324462652206,215103,AP-N201-F101,0.1946162879467,0.1946162879467,200.2696685791,273.04998779297
04-APR-2025,22.721804569813,6725,J0510+1800,0.70324462652206,215103,AP-N202-F101,0.18328100442886,0.18328100442886,189.5064239502,273.04998779297
04-APR-2025,22.721804569813,6725,J0510+1800,0.70324462652206,227103,AP-N203-F102,0.19840183854103,0.19840183854103,208.95381164551,273.04998779297
04-APR-2025,22.721804569813,6725,J0510+1800,0.70324462652206,227103,AP-N204-F102,0.1906054764986,0.1906054764986,197.31893920898,273.04998779297
04-APR-2025,22.730693458429,6725,J0510+1800,0.70195716619492,215103,AP-N201-F101,0.1946162879467,0.1946162879467,200.2696685791,273.04998779297
04-APR-2025,22.730693458429,6725,J0510+1800,0.70195716619492,215103,AP-N202-F101,0.18328100442886,0.18328100442886,189.5064239502,273.04998779297
04-APR-2025,22.730693458429,6725,J0510+1800,0.70195716619492,227103,AP-N203-F102,0.19840183854103,0.19840183854103,208.95381164551,273.04998779297
04-APR-2025,22.730693458429,6725,J0510+1800,0.70195716619492,227103,AP-N204-F102,0.1906054764986,0.1906054764986,197.31893920898,273.04998779297
04-APR-2025,22.994866706603,6743,J0423-0120,0.72705888748169,215103,AP-N201-F101,0.17841890454292,0.17841890454292,185.81387329102,272.64999389648
04-APR-2025,22.994866706603,6743,J0423-0120,0.72705888748169,215103,AP-N202-F101,0.16670870780945,0.16670870780945,175.05404663086,272.64999389648
04-APR-2025,22.994866706603,6743,J0423-0120,0.72705888748169,227103,AP-N203-F102,0.18086531758308,0.18086531758308,193.35713195801,272.64999389648
04-APR-2025,22.994866706603,6743,J0423-0120,0.72705888748169,227103,AP-N204-F102,0.17260006070137,0.17260006070137,181.93113708496,272.64999389648
04-APR-2025,23.010283372106,6747,J0423-0120,0.72356063127518,215103,AP-N201-F101,0.17841890454292,0.17841890454292,185.81387329102,272.64999389648
04-APR-2025,23.010283372106,6747,J0423-0120,0.72356063127518,215103,AP-N202-F101,0.16670870780945,0.16670870780945,175.05404663086,272.64999389648
04-APR-2025,23.010283372106,6747,J0423-0120,0.72356063127518,227103,AP-N203-F102,0.18086531758308,0.18086531758308,193.35713195801,272.64999389648
04-APR-2025,23.010283372106,6747,J0423-0120,0.72356063127518,227103,AP-N204-F102,0.17260006070137,0.17260006070137,181.93113708496,272.64999389648
04-APR-2025,23.019727817624,6747,J0423-0120,0.72141593694687,215103,AP-N201-F101,0.17841890454292,0.17841890454292,185.81387329102,272.64999389648
04-APR-2025,23.019727817624,6747,J0423-0120,0.72141593694687,215103,AP-N202-F101,0.16670870780945,0.16670870780945,175.05404663086,272.64999389648
04-APR-2025,23.019727817624,6747,J0423-0120,0.72141593694687,227103,AP-N203-F102,0.18086531758308,0.18086531758308,193.35713195801,272.64999389648
04-APR-2025,23.019727817624,6747,J0423-0120,0.72141593694687,227103,AP-N204-F102,0.17260006070137,0.17260006070137,181.93113708496,272.64999389648
04-APR-2025,23.02889448373,6747,J0423-0120,0.71933311223984,215103,AP-N201-F101,0.17841890454292,0.17841890454292,185.81387329102,272.64999389648
04-APR-2025,23.02889448373,6747,J0423-0120,0.71933311223984,215103,AP-N202-F101,0.16670870780945,0.16670870780945,175.05404663086,272.64999389648
04-APR-2025,23.02889448373,6747,J0423-0120,0.71933311223984,227103,AP-N203-F102,0.18086531758308,0.18086531758308,193.35713195801,272.64999389648
04-APR-2025,23.02889448373,6747,J0423-0120,0.71933311223984,227103,AP-N204-F102,0.17260006070137,0.17260006070137,181.93113708496,272.64999389648
04-APR-2025,23.037783372695,6747,J0423-0120,0.71731227636337,215103,AP-N201-F101,0.17841890454292,0.17841890454292,185.81387329102,272.64999389648
04-APR-2025,23.037783372695,6747,J0423-0120,0.71731227636337,215103,AP-N202-F101,0.16670870780945,0.16670870780945,175.05404663086,272.64999389648
04-APR-2025,23.037783372695,6747,J0423-0120,0.71731227636337,227103,AP-N203-F102,0.18086531758308,0.18086531758308,193.35713195801,272.64999389648
04-APR-2025,23.037783372695,6747,J0423-0120,0.71731227636337,227103,AP-N204-F102,0.17260006070137,0.17260006070137,181.93113708496,272.64999389648
04-APR-2025,23.04667226131,6747,J0423-0120,0.71529018878937,215103,AP-N201-F101,0.17841890454292,0.17841890454292,185.81387329102,272.64999389648
04-APR-2025,23.04667226131,6747,J0423-0120,0.71529018878937,215103,AP-N202-F101,0.16670870780945,0.16670870780945,175.05404663086,272.64999389648
04-APR-2025,23.04667226131,6747,J0423-0120,0.71529018878937,227103,AP-N203-F102,0.18086531758308,0.18086531758308,193.35713195801,272.64999389648
04-APR-2025,23.04667226131,6747,J0423-0120,0.71529018878937,227103,AP-N204-F102,0.17260006070137,0.17260006070137,181.93113708496,272.64999389648
04-APR-2025,23.120422260327,6752,3C120,0.67270797491074,215103,AP-N201-F101,0.18797661364079,0.18797661364079,200.7705078125,272.35000610352
04-APR-2025,23.120422260327,6752,3C120,0.67270797491074,215103,AP-N202-F101,0.17716284096241,0.17716284096241,189.8205871582,272.35000610352
04-APR-2025,23.120422260327,6752,3C120,0.67270797491074,227103,AP-N203-F102,0.19190683960915,0.19190683960915,209.54431152344,272.35000610352
04-APR-2025,23.120422260327,6752,3C120,0.67270797491074,227103,AP-N204-F102,0.18391925096512,0.18391925096512,197.7265625,272.35000610352
04-APR-2025,23.145005595428,6756,3C120,0.66745549440384,215103,AP-N201-F101,0.18797661364079,0.18797661364079,200.7705078125,272.35000610352
04-APR-2025,23.145005595428,6756,3C120,0.66745549440384,215103,AP-N202-F101,0.17716284096241,0.17716284096241,189.8205871582,272.35000610352
04-APR-2025,23.145005595428,6756,3C120,0.66745549440384,227103,AP-N203-F102,0.19190683960915,0.19190683960915,209.54431152344,272.35000610352
04-APR-2025,23.145005595428,6756,3C120,0.66745549440384,227103,AP-N204-F102,0.18391925096512,0.18391925096512,197.7265625,272.35000610352
04-APR-2025,23.154172261185,6756,3C120,0.66549354791641,215103,AP-N201-F101,0.18797661364079,0.18797661364079,200.7705078125,272.35000610352
04-APR-2025,23.154172261185,6756,3C120,0.66549354791641,215103,AP-N202-F101,0.17716284096241,0.17716284096241,189.8205871582,272.35000610352
04-APR-2025,23.154172261185,6756,3C120,0.66549354791641,227103,AP-N203-F102,0.19190683960915,0.19190683960915,209.54431152344,272.35000610352
04-APR-2025,23.154172261185,6756,3C120,0.66549354791641,227103,AP-N204-F102,0.18391925096512,0.18391925096512,197.7265625,272.35000610352
04-APR-2025,23.163061149452,6756,3C120,0.66358941793442,215103,AP-N201-F101,0.18797661364079,0.18797661364079,200.7705078125,272.35000610352
04-APR-2025,23.163061149452,6756,3C120,0.66358941793442,215103,AP-N202-F101,0.17716284096241,0.17716284096241,189.8205871582,272.35000610352
04-APR-2025,23.163061149452,6756,3C120,0.66358941793442,227103,AP-N203-F102,0.19190683960915,0.19190683960915,209.54431152344,272.35000610352
04-APR-2025,23.163061149452,6756,3C120,0.66358941793442,227103,AP-N204-F102,0.18391925096512,0.18391925096512,197.7265625,272.35000610352
04-APR-2025,23.172227815733,6756,3C120,0.66162395477295,215103,AP-N201-F101,0.18797661364079,0.18797661364079,200.7705078125,272.35000610352
04-APR-2025,23.172227815733,6756,3C120,0.66162395477295,215103,AP-N202-F101,0.17716284096241,0.17716284096241,189.8205871582,272.35000610352
04-APR-2025,23.172227815733,6756,3C120,0.66162395477295,227103,AP-N203-F102,0.19190683960915,0.19190683960915,209.54431152344,272.35000610352
04-APR-2025,23.172227815733,6756,3C120,0.66162395477295,227103,AP-N204-F102,0.18391925096512,0.18391925096512,197.7265625,272.35000610352
04-APR-2025,23.181116704872,6756,3C120,0.65971636772156,215103,AP-N201-F101,0.18797661364079,0.18797661364079,200.7705078125,272.35000610352
04-APR-2025,23.181116704872,6756,3C120,0.65971636772156,215103,AP-N202-F101,0.17716284096241,0.17716284096241,189.8205871582,272.35000610352
04-APR-2025,23.181116704872,6756,3C120,0.65971636772156,227103,AP-N203-F102,0.19190683960915,0.19190683960915,209.54431152344,272.35000610352
04-APR-2025,23.181116704872,6756,3C120,0.65971636772156,227103,AP-N204-F102,0.18391925096512,0.18391925096512,197.7265625,272.35000610352
04-APR-2025,23.247366704474,6759,3C120,0.645447909832,215103,AP-N201-F101,0.19193303585052,0.19193303585052,209.00961303711,272.64999389648
04-APR-2025,23.247366704474,6759,3C120,0.645447909832,215103,AP-N202-F101,0.18148486316204,0.18148486316204,197.92503356934,272.64999389648
04-APR-2025,23.247366704474,6759,3C120,0.645447909832,227103,AP-N203-F102,0.19657166302204,0.19657166302204,218.50199890137,272.64999389648
04-APR-2025,23.247366704474,6759,3C120,0.645447909832,227103,AP-N204-F102,0.18891733884811,0.18891733884811,206.53573608398,272.64999389648
04-APR-2025,23.477857313479,6771,J0423-0120,0.61601763963699,215103,AP-N201-F101,0.17985485494137,0.17985485494137,205.03620910645,272.25
04-APR-2025,23.477857313479,6771,J0423-0120,0.61601763963699,215103,AP-N202-F101,0.17037491500378,0.17037491500378,194.94253540039,272.25
04-APR-2025,23.477857313479,6771,J0423-0120,0.61601763963699,227103,AP-N203-F102,0.18414808809757,0.18414808809757,214.45422363281,272.25
04-APR-2025,23.477857313479,6771,J0423-0120,0.61601763963699,227103,AP-N204-F102,0.17729388177395,0.17729388177395,203.21417236328,272.25
04-APR-2025,23.494385090516,6775,J0423-0120,0.61217176914215,215103,AP-N201-F101,0.17985485494137,0.17985485494137,205.03620910645,272.25
04-APR-2025,23.494385090516,6775,J0423-0120,0.61217176914215,215103,AP-N202-F101,0.17037491500378,0.17037491500378,194.94253540039,272.25
04-APR-2025,23.494385090516,6775,J0423-0120,0.61217176914215,227103,AP-N203-F102,0.18414808809757,0.18414808809757,214.45422363281,272.25
04-APR-2025,23.494385090516,6775,J0423-0120,0.61217176914215,227103,AP-N204-F102,0.17729388177395,0.17729388177395,203.21417236328,272.25
04-APR-2025,23.503273979481,6775,J0423-0120,0.61010229587555,215103,AP-N201-F101,0.17985485494137,0.17985485494137,205.03620910645,272.25
04-APR-2025,23.503273979481,6775,J0423-0120,0.61010229587555,215103,AP-N202-F101,0.17037491500378,0.17037491500378,194.94253540039,272.25
04-APR-2025,23.503273979481,6775,J0423-0120,0.61010229587555,227103,AP-N203-F102,0.18414808809757,0.18414808809757,214.45422363281,272.25
04-APR-2025,23.503273979481,6775,J0423-0120,0.61010229587555,227103,AP-N204-F102,0.17729388177395,0.17729388177395,203.21417236328,272.25
04-APR-2025,23.512162867922,6775,J0423-0120,0.60803204774857,215103,AP-N201-F101,0.17985485494137,0.17985485494137,205.03620910645,272.25
04-APR-2025,23.512162867922,6775,J0423-0120,0.60803204774857,215103,AP-N202-F101,0.17037491500378,0.17037491500378,194.94253540039,272.25
04-APR-2025,23.512162867922,6775,J0423-0120,0.60803204774857,227103,AP-N203-F102,0.18414808809757,0.18414808809757,214.45422363281,272.25
04-APR-2025,23.512162867922,6775,J0423-0120,0.60803204774857,227103,AP-N204-F102,0.17729388177395,0.17729388177395,203.21417236328,272.25
04-APR-2025,23.571190646124,6780,3C120,0.57451921701431,215103,AP-N201-F101,0.176154717803,0.176154717803,211.0679473877,272.54998779297
04-APR-2025,23.571190646124,6780,3C120,0.57451921701431,215103,AP-N202-F101,0.16690543293953,0.16690543293953,200.20993041992,272.54998779297
04-APR-2025,23.571190646124,6780,3C120,0.57451921701431,227103,AP-N203-F102,0.18097285926342,0.18097285926342,221.49423217773,272.54998779297
04-APR-2025,23.571190646124,6780,3C120,0.57451921701431,227103,AP-N204-F102,0.17381696403027,0.17381696403027,208.9167175293,272.54998779297
04-APR-2025,23.594385089579,6784,3C120,0.56937038898468,215103,AP-N201-F101,0.176154717803,0.176154717803,211.0679473877,272.54998779297
04-APR-2025,23.594385089579,6784,3C120,0.56937038898468,215103,AP-N202-F101,0.16690543293953,0.16690543293953,200.20993041992,272.54998779297
04-APR-2025,23.594385089579,6784,3C120,0.56937038898468,227103,AP-N203-F102,0.18097285926342,0.18097285926342,221.49423217773,272.54998779297
04-APR-2025,23.594385089579,6784,3C120,0.56937038898468,227103,AP-N204-F102,0.17381696403027,0.17381696403027,208.9167175293,272.54998779297
04-APR-2025,23.60327397837,6784,3C120,0.56739497184753,215103,AP-N201-F101,0.176154717803,0.176154717803,211.0679473877,272.54998779297
04-APR-2025,23.60327397837,6784,3C120,0.56739497184753,215103,AP-N202-F101,0.16690543293953,0.16690543293953,200.20993041992,272.54998779297
04-APR-2025,23.60327397837,6784,3C120,0.56739497184753,227103,AP-N203-F102,0.18097285926342,0.18097285926342,221.49423217773,272.54998779297
04-APR-2025,23.60327397837,6784,3C120,0.56739497184753,227103,AP-N204-F102,0.17381696403027,0.17381696403027,208.9167175293,272.54998779297
04-APR-2025,23.612162867509,6784,3C120,0.56541836261749,215103,AP-N201-F101,0.176154717803,0.176154717803,211.0679473877,272.54998779297
04-APR-2025,23.612162867509,6784,3C120,0.56541836261749,215103,AP-N202-F101,0.16690543293953,0.16690543293953,200.20993041992,272.54998779297
04-APR-2025,23.612162867509,6784,3C120,0.56541836261749,227103,AP-N203-F102,0.18097285926342,0.18097285926342,221.49423217773,272.54998779297
04-APR-2025,23.612162867509,6784,3C120,0.56541836261749,227103,AP-N204-F102,0.17381696403027,0.17381696403027,208.9167175293,272.54998779297
04-APR-2025,23.621329533441,6784,3C120,0.56337875127792,215103,AP-N201-F101,0.176154717803,0.176154717803,211.0679473877,272.54998779297
04-APR-2025,23.621329533441,6784,3C120,0.56337875127792,215103,AP-N202-F101,0.16690543293953,0.16690543293953,200.20993041992,272.54998779297
04-APR-2025,23.621329533441,6784,3C120,0.56337875127792,227103,AP-N203-F102,0.18097285926342,0.18097285926342,221.49423217773,272.54998779297
04-APR-2025,23.621329533441,6784,3C120,0.56337875127792,227103,AP-N204-F102,0.17381696403027,0.17381696403027,208.9167175293,272.54998779297
04-APR-2025,23.630218422056,6784,3C120,0.56139969825745,215103,AP-N201-F101,0.176154717803,0.176154717803,211.0679473877,272.54998779297
04-APR-2025,23.630218422056,6784,3C120,0.56139969825745,215103,AP-N202-F101,0.16690543293953,0.16690543293953,200.20993041992,272.54998779297
04-APR-2025,23.630218422056,6784,3C120,0.56139969825745,227103,AP-N203-F102,0.18097285926342,0.18097285926342,221.49423217773,272.54998779297
04-APR-2025,23.630218422056,6784,3C120,0.56139969825745,227103,AP-N204-F102,0.17381696403027,0.17381696403027,208.9167175293,272.54998779297
04-APR-2025,23.728135088803,6789,J0510+1800,0.53559136390686,215103,AP-N201-F101,0.18111056089401,0.18111056089401,225.46812438965,271.85000610352
04-APR-2025,23.728135088803,6789,J0510+1800,0.53559136390686,215103,AP-N202-F101,0.1724424213171,0.1724424213171,214.20449829102,271.85000610352
04-APR-2025,23.728135088803,6789,J0510+1800,0.53559136390686,227103,AP-N203-F102,0.1868631541729,0.1868631541729,237.08076477051,271.85000610352
04-APR-2025,23.728135088803,6789,J0510+1800,0.53559136390686,227103,AP-N204-F102,0.17980428040028,0.17980428040028,223.77719116211,271.85000610352
04-APR-2025,23.745218422219,6793,J0510+1800,0.53242635726929,215103,AP-N201-F101,0.18111056089401,0.18111056089401,225.46812438965,271.85000610352
04-APR-2025,23.745218422219,6793,J0510+1800,0.53242635726929,215103,AP-N202-F101,0.1724424213171,0.1724424213171,214.20449829102,271.85000610352
04-APR-2025,23.745218422219,6793,J0510+1800,0.53242635726929,227103,AP-N203-F102,0.1868631541729,0.1868631541729,237.08076477051,271.85000610352
04-APR-2025,23.745218422219,6793,J0510+1800,0.53242635726929,227103,AP-N204-F102,0.17980428040028,0.17980428040028,223.77719116211,271.85000610352
04-APR-2025,23.7543850885,6793,J0510+1800,0.53072452545166,215103,AP-N201-F101,0.18111056089401,0.18111056089401,225.46812438965,271.85000610352
04-APR-2025,23.7543850885,6793,J0510+1800,0.53072452545166,215103,AP-N202-F101,0.1724424213171,0.1724424213171,214.20449829102,271.85000610352
04-APR-2025,23.7543850885,6793,J0510+1800,0.53072452545166,227103,AP-N203-F102,0.1868631541729,0.1868631541729,237.08076477051,271.85000610352
04-APR-2025,23.7543850885,6793,J0510+1800,0.53072452545166,227103,AP-N204-F102,0.17980428040028,0.17980428040028,223.77719116211,271.85000610352
04-APR-2025,23.763273976941,6793,J0510+1800,0.52907180786133,215103,AP-N201-F101,0.18111056089401,0.18111056089401,225.46812438965,271.85000610352
04-APR-2025,23.763273976941,6793,J0510+1800,0.52907180786133,215103,AP-N202-F101,0.1724424213171,0.1724424213171,214.20449829102,271.85000610352
04-APR-2025,23.763273976941,6793,J0510+1800,0.52907180786133,227103,AP-N203-F102,0.1868631541729,0.1868631541729,237.08076477051,271.85000610352
04-APR-2025,23.763273976941,6793,J0510+1800,0.52907180786133,227103,AP-N204-F102,0.17980428040028,0.17980428040028,223.77719116211,271.85000610352
04-APR-2025,3.8768884694257,5925,SGRA,0.28159061074257,215103,AP-N201-F101,0.088010117411613,0.088010117411613,208.20953369141,273.54998779297
04-APR-2025,3.8768884694257,5925,SGRA,0.28159061074257,215103,AP-N202-F101,0.083511523902416,0.083511523902416,198.05725097656,273.54998779297
04-APR-2025,3.8768884694257,5925,SGRA,0.28159061074257,227103,AP-N203-F102,0.090947866439819,0.090947866439819,220.09297180176,273.54998779297
04-APR-2025,3.8768884694257,5925,SGRA,0.28159061074257,227103,AP-N204-F102,0.086611799895763,0.086611799895763,205.93031311035,273.54998779297
04-APR-2025,3.8945273541569,5929,SGRA,0.28544825315475,215103,AP-N201-F101,0.088010117411613,0.088010117411613,208.20953369141,273.54998779297
04-APR-2025,3.8945273541569,5929,SGRA,0.28544825315475,215103,AP-N202-F101,0.083511523902416,0.083511523902416,198.05725097656,273.54998779297
04-APR-2025,3.8945273541569,5929,SGRA,0.28544825315475,227103,AP-N203-F102,0.090947866439819,0.090947866439819,220.09297180176,273.54998779297
04-APR-2025,3.8945273541569,5929,SGRA,0.28544825315475,227103,AP-N204-F102,0.086611799895763,0.086611799895763,205.93031311035,273.54998779297
04-APR-2025,3.9034162434708,5929,SGRA,0.2873931825161,215103,AP-N201-F101,0.088010117411613,0.088010117411613,208.20953369141,273.54998779297
04-APR-2025,3.9034162434708,5929,SGRA,0.2873931825161,215103,AP-N202-F101,0.083511523902416,0.083511523902416,198.05725097656,273.54998779297
04-APR-2025,3.9034162434708,5929,SGRA,0.2873931825161,227103,AP-N203-F102,0.090947866439819,0.090947866439819,220.09297180176,273.54998779297
04-APR-2025,3.9034162434708,5929,SGRA,0.2873931825161,227103,AP-N204-F102,0.086611799895763,0.086611799895763,205.93031311035,273.54998779297
04-APR-2025,3.9123051319117,5929,SGRA,0.28933870792389,215103,AP-N201-F101,0.088010117411613,0.088010117411613,208.20953369141,273.54998779297
04-APR-2025,3.9123051319117,5929,SGRA,0.28933870792389,215103,AP-N202-F101,0.083511523902416,0.083511523902416,198.05725097656,273.54998779297
04-APR-2025,3.9123051319117,5929,SGRA,0.28933870792389,227103,AP-N203-F102,0.090947866439819,0.090947866439819,220.09297180176,273.54998779297
04-APR-2025,3.9123051319117,5929,SGRA,0.28933870792389,227103,AP-N204-F102,0.086611799895763,0.086611799895763,205.93031311035,273.54998779297
04-APR-2025,3.9211940207018,5929,SGRA,0.29128476977348,215103,AP-N201-F101,0.088010117411613,0.088010117411613,208.20953369141,273.54998779297
04-APR-2025,3.9211940207018,5929,SGRA,0.29128476977348,215103,AP-N202-F101,0.083511523902416,0.083511523902416,198.05725097656,273.54998779297
04-APR-2025,3.9211940207018,5929,SGRA,0.29128476977348,227103,AP-N203-F102,0.090947866439819,0.090947866439819,220.09297180176,273.54998779297
04-APR-2025,3.9211940207018,5929,SGRA,0.29128476977348,227103,AP-N204-F102,0.086611799895763,0.086611799895763,205.93031311035,273.54998779297
04-APR-2025,3.9300829093173,5929,SGRA,0.29323145747185,215103,AP-N201-F101,0.088010117411613,0.088010117411613,208.20953369141,273.54998779297
04-APR-2025,3.9300829093173,5929,SGRA,0.29323145747185,215103,AP-N202-F101,0.083511523902416,0.083511523902416,198.05725097656,273.54998779297
04-APR-2025,3.9300829093173,5929,SGRA,0.29323145747185,227103,AP-N203-F102,0.090947866439819,0.090947866439819,220.09297180176,273.54998779297
04-APR-2025,3.9300829093173,5929,SGRA,0.29323145747185,227103,AP-N204-F102,0.086611799895763,0.086611799895763,205.93031311035,273.54998779297
04-APR-2025,3.939249575773,5929,SGRA,0.29523956775665,215103,AP-N201-F101,0.088010117411613,0.088010117411613,208.20953369141,273.54998779297
04-APR-2025,3.939249575773,5929,SGRA,0.29523956775665,215103,AP-N202-F101,0.083511523902416,0.083511523902416,198.05725097656,273.54998779297
04-APR-2025,3.939249575773,5929,SGRA,0.29523956775665,227103,AP-N203-F102,0.090947866439819,0.090947866439819,220.09297180176,273.54998779297
04-APR-2025,3.939249575773,5929,SGRA,0.29523956775665,227103,AP-N204-F102,0.086611799895763,0.086611799895763,205.93031311035,273.54998779297
04-APR-2025,3.9481384645631,5929,SGRA,0.29718738794327,215103,AP-N201-F101,0.088010117411613,0.088010117411613,208.20953369141,273.54998779297
04-APR-2025,3.9481384645631,5929,SGRA,0.29718738794327,215103,AP-N202-F101,0.083511523902416,0.083511523902416,198.05725097656,273.54998779297
04-APR-2025,3.9481384645631,5929,SGRA,0.29718738794327,227103,AP-N203-F102,0.090947866439819,0.090947866439819,220.09297180176,273.54998779297
04-APR-2025,3.9481384645631,5929,SGRA,0.29718738794327,227103,AP-N204-F102,0.086611799895763,0.086611799895763,205.93031311035,273.54998779297
04-APR-2025,3.9570273533532,5929,SGRA,0.29913580417633,215103,AP-N201-F101,0.088010117411613,0.088010117411613,208.20953369141,273.54998779297
04-APR-2025,3.9570273533532,5929,SGRA,0.29913580417633,215103,AP-N202-F101,0.083511523902416,0.083511523902416,198.05725097656,273.54998779297
04-APR-2025,3.9570273533532,5929,SGRA,0.29913580417633,227103,AP-N203-F102,0.090947866439819,0.090947866439819,220.09297180176,273.54998779297
04-APR-2025,3.9570273533532,5929,SGRA,0.29913580417633,227103,AP-N204-F102,0.086611799895763,0.086611799895763,205.93031311035,273.54998779297
04-APR-2025,3.9659162421433,5929,SGRA,0.30108478665352,215103,AP-N201-F101,0.088010117411613,0.088010117411613,208.20953369141,273.54998779297
04-APR-2025,3.9659162421433,5929,SGRA,0.30108478665352,215103,AP-N202-F101,0.083511523902416,0.083511523902416,198.05725097656,273.54998779297
04-APR-2025,3.9659162421433,5929,SGRA,0.30108478665352,227103,AP-N203-F102,0.090947866439819,0.090947866439819,220.09297180176,273.54998779297
04-APR-2025,3.9659162421433,5929,SGRA,0.30108478665352,227103,AP-N204-F102,0.086611799895763,0.086611799895763,205.93031311035,273.54998779297
04-APR-2025,3.9748051309334,5929,SGRA,0.30303436517715,215103,AP-N201-F101,0.088010117411613,0.088010117411613,208.20953369141,273.54998779297
04-APR-2025,3.9748051309334,5929,SGRA,0.30303436517715,215103,AP-N202-F101,0.083511523902416,0.083511523902416,198.05725097656,273.54998779297
04-APR-2025,3.9748051309334,5929,SGRA,0.30303436517715,227103,AP-N203-F102,0.090947866439819,0.090947866439819,220.09297180176,273.54998779297
04-APR-2025,3.9748051309334,5929,SGRA,0.30303436517715,227103,AP-N204-F102,0.086611799895763,0.086611799895763,205.93031311035,273.54998779297
04-APR-2025,3.9839717987861,5929,SGRA,0.30504542589188,215103,AP-N201-F101,0.088010117411613,0.088010117411613,208.20953369141,273.54998779297
04-APR-2025,3.9839717987861,5929,SGRA,0.30504542589188,215103,AP-N202-F101,0.083511523902416,0.083511523902416,198.05725097656,273.54998779297
04-APR-2025,3.9839717987861,5929,SGRA,0.30504542589188,227103,AP-N203-F102,0.090947866439819,0.090947866439819,220.09297180176,273.54998779297
04-APR-2025,3.9839717987861,5929,SGRA,0.30504542589188,227103,AP-N204-F102,0.086611799895763,0.086611799895763,205.93031311035,273.54998779297
04-APR-2025,3.9928606874016,5929,SGRA,0.30699616670609,215103,AP-N201-F101,0.088010117411613,0.088010117411613,208.20953369141,273.54998779297
04-APR-2025,3.9928606874016,5929,SGRA,0.30699616670609,215103,AP-N202-F101,0.083511523902416,0.083511523902416,198.05725097656,273.54998779297
04-APR-2025,3.9928606874016,5929,SGRA,0.30699616670609,227103,AP-N203-F102,0.090947866439819,0.090947866439819,220.09297180176,273.54998779297
04-APR-2025,3.9928606874016,5929,SGRA,0.30699616670609,227103,AP-N204-F102,0.086611799895763,0.086611799895763,205.93031311035,273.54998779297
04-APR-2025,4.0017495760171,5929,SGRA,0.30894741415977,215103,AP-N201-F101,0.088010117411613,0.088010117411613,208.20953369141,273.54998779297
04-APR-2025,4.0017495760171,5929,SGRA,0.30894741415977,215103,AP-N202-F101,0.083511523902416,0.083511523902416,198.05725097656,273.54998779297
04-APR-2025,4.0017495760171,5929,SGRA,0.30894741415977,227103,AP-N203-F102,0.090947866439819,0.090947866439819,220.09297180176,273.54998779297
04-APR-2025,4.0017495760171,5929,SGRA,0.30894741415977,227103,AP-N204-F102,0.086611799895763,0.086611799895763,205.93031311035,273.54998779297
04-APR-2025,4.0106384651564,5929,SGRA,0.31089925765991,215103,AP-N201-F101,0.088010117411613,0.088010117411613,208.20953369141,273.54998779297
04-APR-2025,4.0106384651564,5929,SGRA,0.31089925765991,215103,AP-N202-F101,0.083511523902416,0.083511523902416,198.05725097656,273.54998779297
04-APR-2025,4.0106384651564,5929,SGRA,0.31089925765991,227103,AP-N203-F102,0.090947866439819,0.090947866439819,220.09297180176,273.54998779297
04-APR-2025,4.0106384651564,5929,SGRA,0.31089925765991,227103,AP-N204-F102,0.086611799895763,0.086611799895763,205.93031311035,273.54998779297
04-APR-2025,4.0195273539465,5929,SGRA,0.31285166740417,215103,AP-N201-F101,0.088010117411613,0.088010117411613,208.20953369141,273.54998779297
04-APR-2025,4.0195273539465,5929,SGRA,0.31285166740417,215103,AP-N202-F101,0.083511523902416,0.083511523902416,198.05725097656,273.54998779297
04-APR-2025,4.0195273539465,5929,SGRA,0.31285166740417,227103,AP-N203-F102,0.090947866439819,0.090947866439819,220.09297180176,273.54998779297
04-APR-2025,4.0195273539465,5929,SGRA,0.31285166740417,227103,AP-N204-F102,0.086611799895763,0.086611799895763,205.93031311035,273.54998779297
04-APR-2025,4.2940179887951,5936,RAFGL1922,0.49724075198174,215103,AP-N201-F101,0.10526704788208,0.10526704788208,165.55145263672,273.54998779297
04-APR-2025,4.2940179887951,5936,RAFGL1922,0.49724075198174,215103,AP-N202-F101,0.09791212528944,0.09791212528944,156.24890136719,273.54998779297
04-APR-2025,4.2940179887951,5936,RAFGL1922,0.49724075198174,227103,AP-N203-F102,0.10671920329332,0.10671920329332,172.89779663086,273.54998779297
04-APR-2025,4.2940179887951,5936,RAFGL1922,0.49724075198174,227103,AP-N204-F102,0.10041199624538,0.10041199624538,161.10514831543,273.54998779297
04-APR-2025,4.3158235437482,5940,3C279,1.2626111507416,215103,AP-N201-F101,0.10526704788208,0.10526704788208,165.55145263672,273.54998779297
04-APR-2025,4.3158235437482,5940,3C279,1.2626111507416,215103,AP-N202-F101,0.09791212528944,0.09791212528944,156.24890136719,273.54998779297
04-APR-2025,4.3158235437482,5940,3C279,1.2626111507416,227103,AP-N203-F102,0.10671920329332,0.10671920329332,172.89779663086,273.54998779297
04-APR-2025,4.3158235437482,5940,3C279,1.2626111507416,227103,AP-N204-F102,0.10041199624538,0.10041199624538,161.10514831543,273.54998779297
04-APR-2025,4.3249902103784,5940,3C279,1.2631928920746,215103,AP-N201-F101,0.10526704788208,0.10526704788208,165.55145263672,273.54998779297
04-APR-2025,4.3249902103784,5940,3C279,1.2631928920746,215103,AP-N202-F101,0.09791212528944,0.09791212528944,156.24890136719,273.54998779297
04-APR-2025,4.3249902103784,5940,3C279,1.2631928920746,227103,AP-N203-F102,0.10671920329332,0.10671920329332,172.89779663086,273.54998779297
04-APR-2025,4.3249902103784,5940,3C279,1.2631928920746,227103,AP-N204-F102,0.10041199624538,0.10041199624538,161.10514831543,273.54998779297
04-APR-2025,4.3338790991686,5940,3C279,1.2637413740158,215103,AP-N201-F101,0.10526704788208,0.10526704788208,165.55145263672,273.54998779297
04-APR-2025,4.3338790991686,5940,3C279,1.2637413740158,215103,AP-N202-F101,0.09791212528944,0.09791212528944,156.24890136719,273.54998779297
04-APR-2025,4.3338790991686,5940,3C279,1.2637413740158,227103,AP-N203-F102,0.10671920329332,0.10671920329332,172.89779663086,273.54998779297
04-APR-2025,4.3338790991686,5940,3C279,1.2637413740158,227103,AP-N204-F102,0.10041199624538,0.10041199624538,161.10514831543,273.54998779297
04-APR-2025,4.4104068765871,5946,SGRA,0.39922764897346,215103,AP-N201-F101,0.096538618206978,0.096538618206978,177.44030761719,273.04998779297
04-APR-2025,4.4104068765871,5946,SGRA,0.39922764897346,215103,AP-N202-F101,0.090340793132782,0.090340793132782,167.88426208496,273.04998779297
04-APR-2025,4.4104068765871,5946,SGRA,0.39922764897346,227103,AP-N203-F102,0.098707146942616,0.098707146942616,186.22756958008,273.04998779297
04-APR-2025,4.4104068765871,5946,SGRA,0.39922764897346,227103,AP-N204-F102,0.092829659581184,0.092829659581184,173.29206848145,273.04998779297
04-APR-2025,4.4274902087811,5950,SGRA,0.40302464365959,215103,AP-N201-F101,0.096538618206978,0.096538618206978,177.44030761719,273.04998779297
04-APR-2025,4.4274902087811,5950,SGRA,0.40302464365959,215103,AP-N202-F101,0.090340793132782,0.090340793132782,167.88426208496,273.04998779297
04-APR-2025,4.4274902087811,5950,SGRA,0.40302464365959,227103,AP-N203-F102,0.098707146942616,0.098707146942616,186.22756958008,273.04998779297
04-APR-2025,4.4274902087811,5950,SGRA,0.40302464365959,227103,AP-N204-F102,0.092829659581184,0.092829659581184,173.29206848145,273.04998779297
04-APR-2025,4.4363790973966,5950,SGRA,0.40500101447105,215103,AP-N201-F101,0.096538618206978,0.096538618206978,177.44030761719,273.04998779297
04-APR-2025,4.4363790973966,5950,SGRA,0.40500101447105,215103,AP-N202-F101,0.090340793132782,0.090340793132782,167.88426208496,273.04998779297
04-APR-2025,4.4363790973966,5950,SGRA,0.40500101447105,227103,AP-N203-F102,0.098707146942616,0.098707146942616,186.22756958008,273.04998779297
04-APR-2025,4.4363790973966,5950,SGRA,0.40500101447105,227103,AP-N204-F102,0.092829659581184,0.092829659581184,173.29206848145,273.04998779297
04-APR-2025,4.4452679861867,5950,SGRA,0.40697780251503,215103,AP-N201-F101,0.096538618206978,0.096538618206978,177.44030761719,273.04998779297
04-APR-2025,4.4452679861867,5950,SGRA,0.40697780251503,215103,AP-N202-F101,0.090340793132782,0.090340793132782,167.88426208496,273.04998779297
04-APR-2025,4.4452679861867,5950,SGRA,0.40697780251503,227103,AP-N203-F102,0.098707146942616,0.098707146942616,186.22756958008,273.04998779297
04-APR-2025,4.4452679861867,5950,SGRA,0.40697780251503,227103,AP-N204-F102,0.092829659581184,0.092829659581184,173.29206848145,273.04998779297
04-APR-2025,4.4544346524677,5950,SGRA,0.40901681780815,215103,AP-N201-F101,0.096538618206978,0.096538618206978,177.44030761719,273.04998779297
04-APR-2025,4.4544346524677,5950,SGRA,0.40901681780815,215103,AP-N202-F101,0.090340793132782,0.090340793132782,167.88426208496,273.04998779297
04-APR-2025,4.4544346524677,5950,SGRA,0.40901681780815,227103,AP-N203-F102,0.098707146942616,0.098707146942616,186.22756958008,273.04998779297
04-APR-2025,4.4544346524677,5950,SGRA,0.40901681780815,227103,AP-N204-F102,0.092829659581184,0.092829659581184,173.29206848145,273.04998779297
04-APR-2025,4.4634624295667,5950,SGRA,0.41102546453476,215103,AP-N201-F101,0.096538618206978,0.096538618206978,177.44030761719,273.04998779297
04-APR-2025,4.4634624295667,5950,SGRA,0.41102546453476,215103,AP-N202-F101,0.090340793132782,0.090340793132782,167.88426208496,273.04998779297
04-APR-2025,4.4634624295667,5950,SGRA,0.41102546453476,227103,AP-N203-F102,0.098707146942616,0.098707146942616,186.22756958008,273.04998779297
04-APR-2025,4.4634624295667,5950,SGRA,0.41102546453476,227103,AP-N204-F102,0.092829659581184,0.092829659581184,173.29206848145,273.04998779297
04-APR-2025,4.4727679838074,5950,SGRA,0.41309639811516,215103,AP-N201-F101,0.096538618206978,0.096538618206978,177.44030761719,273.04998779297
04-APR-2025,4.4727679838074,5950,SGRA,0.41309639811516,215103,AP-N202-F101,0.090340793132782,0.090340793132782,167.88426208496,273.04998779297
04-APR-2025,4.4727679838074,5950,SGRA,0.41309639811516,227103,AP-N203-F102,0.098707146942616,0.098707146942616,186.22756958008,273.04998779297
04-APR-2025,4.4727679838074,5950,SGRA,0.41309639811516,227103,AP-N204-F102,0.092829659581184,0.092829659581184,173.29206848145,273.04998779297
04-APR-2025,4.4816568731214,5950,SGRA,0.41507506370544,215103,AP-N201-F101,0.096538618206978,0.096538618206978,177.44030761719,273.04998779297
04-APR-2025,4.4816568731214,5950,SGRA,0.41507506370544,215103,AP-N202-F101,0.090340793132782,0.090340793132782,167.88426208496,273.04998779297
04-APR-2025,4.4816568731214,5950,SGRA,0.41507506370544,227103,AP-N203-F102,0.098707146942616,0.098707146942616,186.22756958008,273.04998779297
04-APR-2025,4.4816568731214,5950,SGRA,0.41507506370544,227103,AP-N204-F102,0.092829659581184,0.092829659581184,173.29206848145,273.04998779297
04-APR-2025,4.4905457617369,5950,SGRA,0.41705417633057,215103,AP-N201-F101,0.096538618206978,0.096538618206978,177.44030761719,273.04998779297
04-APR-2025,4.4905457617369,5950,SGRA,0.41705417633057,215103,AP-N202-F101,0.090340793132782,0.090340793132782,167.88426208496,273.04998779297
04-APR-2025,4.4905457617369,5950,SGRA,0.41705417633057,227103,AP-N203-F102,0.098707146942616,0.098707146942616,186.22756958008,273.04998779297
04-APR-2025,4.4905457617369,5950,SGRA,0.41705417633057,227103,AP-N204-F102,0.092829659581184,0.092829659581184,173.29206848145,273.04998779297
04-APR-2025,4.499434650527,5950,SGRA,0.41903376579285,215103,AP-N201-F101,0.096538618206978,0.096538618206978,177.44030761719,273.04998779297
04-APR-2025,4.499434650527,5950,SGRA,0.41903376579285,215103,AP-N202-F101,0.090340793132782,0.090340793132782,167.88426208496,273.04998779297
04-APR-2025,4.499434650527,5950,SGRA,0.41903376579285,227103,AP-N203-F102,0.098707146942616,0.098707146942616,186.22756958008,273.04998779297
04-APR-2025,4.499434650527,5950,SGRA,0.41903376579285,227103,AP-N204-F102,0.092829659581184,0.092829659581184,173.29206848145,273.04998779297
04-APR-2025,4.5083235394918,5950,SGRA,0.42101377248764,215103,AP-N201-F101,0.096538618206978,0.096538618206978,177.44030761719,273.04998779297
04-APR-2025,4.5083235394918,5950,SGRA,0.42101377248764,215103,AP-N202-F101,0.090340793132782,0.090340793132782,167.88426208496,273.04998779297
04-APR-2025,4.5083235394918,5950,SGRA,0.42101377248764,227103,AP-N203-F102,0.098707146942616,0.098707146942616,186.22756958008,273.04998779297
04-APR-2025,4.5083235394918,5950,SGRA,0.42101377248764,227103,AP-N204-F102,0.092829659581184,0.092829659581184,173.29206848145,273.04998779297
04-APR-2025,4.5174902054236,5950,SGRA,0.42305612564087,215103,AP-N201-F101,0.096538618206978,0.096538618206978,177.44030761719,273.04998779297
04-APR-2025,4.5174902054236,5950,SGRA,0.42305612564087,215103,AP-N202-F101,0.090340793132782,0.090340793132782,167.88426208496,273.04998779297
04-APR-2025,4.5174902054236,5950,SGRA,0.42305612564087,227103,AP-N203-F102,0.098707146942616,0.098707146942616,186.22756958008,273.04998779297
04-APR-2025,4.5174902054236,5950,SGRA,0.42305612564087,227103,AP-N204-F102,0.092829659581184,0.092829659581184,173.29206848145,273.04998779297
04-APR-2025,4.5263790942137,5950,SGRA,0.4250371158123,215103,AP-N201-F101,0.096538618206978,0.096538618206978,177.44030761719,273.04998779297
04-APR-2025,4.5263790942137,5950,SGRA,0.4250371158123,215103,AP-N202-F101,0.090340793132782,0.090340793132782,167.88426208496,273.04998779297
04-APR-2025,4.5263790942137,5950,SGRA,0.4250371158123,227103,AP-N203-F102,0.098707146942616,0.098707146942616,186.22756958008,273.04998779297
04-APR-2025,4.5263790942137,5950,SGRA,0.4250371158123,227103,AP-N204-F102,0.092829659581184,0.092829659581184,173.29206848145,273.04998779297
04-APR-2025,4.6465179862532,5953,SGRA,0.45185360312462,215103,AP-N201-F101,0.10220409184694,0.10220409184694,171.33995056152,273.14999389648
04-APR-2025,4.6465179862532,5953,SGRA,0.45185360312462,215103,AP-N202-F101,0.094996877014637,0.094996877014637,161.58865356445,273.14999389648
04-APR-2025,4.6465179862532,5953,SGRA,0.45185360312462,227103,AP-N203-F102,0.10400830954313,0.10400830954313,179.46759033203,273.14999389648
04-APR-2025,4.6465179862532,5953,SGRA,0.45185360312462,227103,AP-N204-F102,0.097468547523022,0.097468547523022,167.01095581055,273.14999389648
04-APR-2025,4.6774902038202,5957,SGRA,0.45877960324287,215103,AP-N201-F101,0.10220409184694,0.10220409184694,171.33995056152,273.14999389648
04-APR-2025,4.6774902038202,5957,SGRA,0.45877960324287,215103,AP-N202-F101,0.094996877014637,0.094996877014637,161.58865356445,273.14999389648
04-APR-2025,4.6774902038202,5957,SGRA,0.45877960324287,227103,AP-N203-F102,0.10400830954313,0.10400830954313,179.46759033203,273.14999389648
04-APR-2025,4.6774902038202,5957,SGRA,0.45877960324287,227103,AP-N204-F102,0.097468547523022,0.097468547523022,167.01095581055,273.14999389648
04-APR-2025,4.686379092785,5957,SGRA,0.46076825261116,215103,AP-N201-F101,0.10220409184694,0.10220409184694,171.33995056152,273.14999389648
04-APR-2025,4.686379092785,5957,SGRA,0.46076825261116,215103,AP-N202-F101,0.094996877014637,0.094996877014637,161.58865356445,273.14999389648
04-APR-2025,4.686379092785,5957,SGRA,0.46076825261116,227103,AP-N203-F102,0.10400830954313,0.10400830954313,179.46759033203,273.14999389648
04-APR-2025,4.686379092785,5957,SGRA,0.46076825261116,227103,AP-N204-F102,0.097468547523022,0.097468547523022,167.01095581055,273.14999389648
04-APR-2025,4.6955457608122,5957,SGRA,0.46281951665878,215103,AP-N201-F101,0.10220409184694,0.10220409184694,171.33995056152,273.14999389648
04-APR-2025,4.6955457608122,5957,SGRA,0.46281951665878,215103,AP-N202-F101,0.094996877014637,0.094996877014637,161.58865356445,273.14999389648
04-APR-2025,4.6955457608122,5957,SGRA,0.46281951665878,227103,AP-N203-F102,0.10400830954313,0.10400830954313,179.46759033203,273.14999389648
04-APR-2025,4.6955457608122,5957,SGRA,0.46281951665878,227103,AP-N204-F102,0.097468547523022,0.097468547523022,167.01095581055,273.14999389648
04-APR-2025,4.7044346496023,5957,SGRA,0.46480903029442,215103,AP-N201-F101,0.10220409184694,0.10220409184694,171.33995056152,273.14999389648
04-APR-2025,4.7044346496023,5957,SGRA,0.46480903029442,215103,AP-N202-F101,0.094996877014637,0.094996877014637,161.58865356445,273.14999389648
04-APR-2025,4.7044346496023,5957,SGRA,0.46480903029442,227103,AP-N203-F102,0.10400830954313,0.10400830954313,179.46759033203,273.14999389648
04-APR-2025,4.7044346496023,5957,SGRA,0.46480903029442,227103,AP-N204-F102,0.097468547523022,0.097468547523022,167.01095581055,273.14999389648
04-APR-2025,4.7133235389163,5957,SGRA,0.46679896116257,215103,AP-N201-F101,0.10220409184694,0.10220409184694,171.33995056152,273.14999389648
04-APR-2025,4.7133235389163,5957,SGRA,0.46679896116257,215103,AP-N202-F101,0.094996877014637,0.094996877014637,161.58865356445,273.14999389648
04-APR-2025,4.7133235389163,5957,SGRA,0.46679896116257,227103,AP-N203-F102,0.10400830954313,0.10400830954313,179.46759033203,273.14999389648
04-APR-2025,4.7133235389163,5957,SGRA,0.46679896116257,227103,AP-N204-F102,0.097468547523022,0.097468547523022,167.01095581055,273.14999389648
04-APR-2025,4.7222124275318,5957,SGRA,0.46878927946091,215103,AP-N201-F101,0.10220409184694,0.10220409184694,171.33995056152,273.14999389648
04-APR-2025,4.7222124275318,5957,SGRA,0.46878927946091,215103,AP-N202-F101,0.094996877014637,0.094996877014637,161.58865356445,273.14999389648
04-APR-2025,4.7222124275318,5957,SGRA,0.46878927946091,227103,AP-N203-F102,0.10400830954313,0.10400830954313,179.46759033203,273.14999389648
04-APR-2025,4.7222124275318,5957,SGRA,0.46878927946091,227103,AP-N204-F102,0.097468547523022,0.097468547523022,167.01095581055,273.14999389648
04-APR-2025,4.7311013159727,5957,SGRA,0.47078001499176,215103,AP-N201-F101,0.10220409184694,0.10220409184694,171.33995056152,273.14999389648
04-APR-2025,4.7311013159727,5957,SGRA,0.47078001499176,215103,AP-N202-F101,0.094996877014637,0.094996877014637,161.58865356445,273.14999389648
04-APR-2025,4.7311013159727,5957,SGRA,0.47078001499176,227103,AP-N203-F102,0.10400830954313,0.10400830954313,179.46759033203,273.14999389648
04-APR-2025,4.7311013159727,5957,SGRA,0.47078001499176,227103,AP-N204-F102,0.097468547523022,0.097468547523022,167.01095581055,273.14999389648
04-APR-2025,4.739990205112,5957,SGRA,0.47277116775513,215103,AP-N201-F101,0.10220409184694,0.10220409184694,171.33995056152,273.14999389648
04-APR-2025,4.739990205112,5957,SGRA,0.47277116775513,215103,AP-N202-F101,0.094996877014637,0.094996877014637,161.58865356445,273.14999389648
04-APR-2025,4.739990205112,5957,SGRA,0.47277116775513,227103,AP-N203-F102,0.10400830954313,0.10400830954313,179.46759033203,273.14999389648
04-APR-2025,4.739990205112,5957,SGRA,0.47277116775513,227103,AP-N204-F102,0.097468547523022,0.097468547523022,167.01095581055,273.14999389648
04-APR-2025,4.7488790935529,5957,SGRA,0.47476267814636,215103,AP-N201-F101,0.10220409184694,0.10220409184694,171.33995056152,273.14999389648
04-APR-2025,4.7488790935529,5957,SGRA,0.47476267814636,215103,AP-N202-F101,0.094996877014637,0.094996877014637,161.58865356445,273.14999389648
04-APR-2025,4.7488790935529,5957,SGRA,0.47476267814636,227103,AP-N203-F102,0.10400830954313,0.10400830954313,179.46759033203,273.14999389648
04-APR-2025,4.7488790935529,5957,SGRA,0.47476267814636,227103,AP-N204-F102,0.097468547523022,0.097468547523022,167.01095581055,273.14999389648
04-APR-2025,4.7577679828669,5957,SGRA,0.47675460577011,215103,AP-N201-F101,0.10220409184694,0.10220409184694,171.33995056152,273.14999389648
04-APR-2025,4.7577679828669,5957,SGRA,0.47675460577011,215103,AP-N202-F101,0.094996877014637,0.094996877014637,161.58865356445,273.14999389648
04-APR-2025,4.7577679828669,5957,SGRA,0.47675460577011,227103,AP-N203-F102,0.10400830954313,0.10400830954313,179.46759033203,273.14999389648
04-APR-2025,4.7577679828669,5957,SGRA,0.47675460577011,227103,AP-N204-F102,0.097468547523022,0.097468547523022,167.01095581055,273.14999389648
04-APR-2025,4.766656871657,5957,SGRA,0.4787469804287,215103,AP-N201-F101,0.10220409184694,0.10220409184694,171.33995056152,273.14999389648
04-APR-2025,4.766656871657,5957,SGRA,0.4787469804287,215103,AP-N202-F101,0.094996877014637,0.094996877014637,161.58865356445,273.14999389648
04-APR-2025,4.766656871657,5957,SGRA,0.4787469804287,227103,AP-N203-F102,0.10400830954313,0.10400830954313,179.46759033203,273.14999389648
04-APR-2025,4.766656871657,5957,SGRA,0.4787469804287,227103,AP-N204-F102,0.097468547523022,0.097468547523022,167.01095581055,273.14999389648
04-APR-2025,4.7755457599233,5957,SGRA,0.48073971271515,215103,AP-N201-F101,0.10220409184694,0.10220409184694,171.33995056152,273.14999389648
04-APR-2025,4.7755457599233,5957,SGRA,0.48073971271515,215103,AP-N202-F101,0.094996877014637,0.094996877014637,161.58865356445,273.14999389648
04-APR-2025,4.7755457599233,5957,SGRA,0.48073971271515,227103,AP-N203-F102,0.10400830954313,0.10400830954313,179.46759033203,273.14999389648
04-APR-2025,4.7755457599233,5957,SGRA,0.48073971271515,227103,AP-N204-F102,0.097468547523022,0.097468547523022,167.01095581055,273.14999389648
04-APR-2025,5.0269383985574,5965,3C279,1.2559121847153,215103,AP-N201-F101,0.13057504594326,0.13057504594326,131.21713256836,272.95001220703
04-APR-2025,5.0269383985574,5965,3C279,1.2559121847153,215103,AP-N202-F101,0.11024249345064,0.11024249345064,120.70748138428,272.95001220703
04-APR-2025,5.0269383985574,5965,3C279,1.2559121847153,227103,AP-N203-F102,0.11915151029825,0.11915151029825,132.18730163574,272.95001220703
04-APR-2025,5.0269383985574,5965,3C279,1.2559121847153,227103,AP-N204-F102,0.11085707694292,0.11085707694292,123.99327087402,272.95001220703
04-APR-2025,5.0454106180314,5969,3C279,1.2543728351593,215103,AP-N201-F101,0.13057504594326,0.13057504594326,131.21713256836,272.95001220703
04-APR-2025,5.0454106180314,5969,3C279,1.2543728351593,215103,AP-N202-F101,0.11024249345064,0.11024249345064,120.70748138428,272.95001220703
04-APR-2025,5.0454106180314,5969,3C279,1.2543728351593,227103,AP-N203-F102,0.11915151029825,0.11915151029825,132.18730163574,272.95001220703
04-APR-2025,5.0454106180314,5969,3C279,1.2543728351593,227103,AP-N204-F102,0.11085707694292,0.11085707694292,123.99327087402,272.95001220703
04-APR-2025,5.0542995080439,5969,3C279,1.2536104917526,215103,AP-N201-F101,0.13057504594326,0.13057504594326,131.21713256836,272.95001220703
04-APR-2025,5.0542995080439,5969,3C279,1.2536104917526,215103,AP-N202-F101,0.11024249345064,0.11024249345064,120.70748138428,272.95001220703
04-APR-2025,5.0542995080439,5969,3C279,1.2536104917526,227103,AP-N203-F102,0.11915151029825,0.11915151029825,132.18730163574,272.95001220703
04-APR-2025,5.0542995080439,5969,3C279,1.2536104917526,227103,AP-N204-F102,0.11085707694292,0.11085707694292,123.99327087402,272.95001220703
04-APR-2025,5.0634661725787,5969,3C279,1.2528096437454,215103,AP-N201-F101,0.13057504594326,0.13057504594326,131.21713256836,272.95001220703
04-APR-2025,5.0634661725787,5969,3C279,1.2528096437454,215103,AP-N202-F101,0.11024249345064,0.11024249345064,120.70748138428,272.95001220703
04-APR-2025,5.0634661725787,5969,3C279,1.2528096437454,227103,AP-N203-F102,0.11915151029825,0.11915151029825,132.18730163574,272.95001220703
04-APR-2025,5.0634661725787,5969,3C279,1.2528096437454,227103,AP-N204-F102,0.11085707694292,0.11085707694292,123.99327087402,272.95001220703
04-APR-2025,5.1436050641896,5974,SGRA,0.56358027458191,215103,AP-N201-F101,0.10668187588453,0.10668187588453,156.64868164062,273.25
04-APR-2025,5.1436050641896,5974,SGRA,0.56358027458191,215103,AP-N202-F101,0.097151800990105,0.097151800990105,146.93908691406,273.25
04-APR-2025,5.1436050641896,5974,SGRA,0.56358027458191,227103,AP-N203-F102,0.10664924234152,0.10664924234152,162.63772583008,273.25
04-APR-2025,5.1436050641896,5974,SGRA,0.56358027458191,227103,AP-N204-F102,0.099436409771442,0.099436409771442,151.43878173828,273.25
04-APR-2025,5.1612439496192,5978,SGRA,0.56756526231766,215103,AP-N201-F101,0.10668187588453,0.10668187588453,156.64868164062,273.25
04-APR-2025,5.1612439496192,5978,SGRA,0.56756526231766,215103,AP-N202-F101,0.097151800990105,0.097151800990105,146.93908691406,273.25
04-APR-2025,5.1612439496192,5978,SGRA,0.56756526231766,227103,AP-N203-F102,0.10664924234152,0.10664924234152,162.63772583008,273.25
04-APR-2025,5.1612439496192,5978,SGRA,0.56756526231766,227103,AP-N204-F102,0.099436409771442,0.099436409771442,151.43878173828,273.25
04-APR-2025,5.1701328384093,5978,SGRA,0.56957399845123,215103,AP-N201-F101,0.10668187588453,0.10668187588453,156.64868164062,273.25
04-APR-2025,5.1701328384093,5978,SGRA,0.56957399845123,215103,AP-N202-F101,0.097151800990105,0.097151800990105,146.93908691406,273.25
04-APR-2025,5.1701328384093,5978,SGRA,0.56957399845123,227103,AP-N203-F102,0.10664924234152,0.10664924234152,162.63772583008,273.25
04-APR-2025,5.1701328384093,5978,SGRA,0.56957399845123,227103,AP-N204-F102,0.099436409771442,0.099436409771442,151.43878173828,273.25
04-APR-2025,5.179021728771,5978,SGRA,0.57158297300339,215103,AP-N201-F101,0.10668187588453,0.10668187588453,156.64868164062,273.25
04-APR-2025,5.179021728771,5978,SGRA,0.57158297300339,215103,AP-N202-F101,0.097151800990105,0.097151800990105,146.93908691406,273.25
04-APR-2025,5.179021728771,5978,SGRA,0.57158297300339,227103,AP-N203-F102,0.10664924234152,0.10664924234152,162.63772583008,273.25
04-APR-2025,5.179021728771,5978,SGRA,0.57158297300339,227103,AP-N204-F102,0.099436409771442,0.099436409771442,151.43878173828,273.25
04-APR-2025,5.1879106173865,5978,SGRA,0.57359236478806,215103,AP-N201-F101,0.10668187588453,0.10668187588453,156.64868164062,273.25
04-APR-2025,5.1879106173865,5978,SGRA,0.57359236478806,215103,AP-N202-F101,0.097151800990105,0.097151800990105,146.93908691406,273.25
04-APR-2025,5.1879106173865,5978,SGRA,0.57359236478806,227103,AP-N203-F102,0.10664924234152,0.10664924234152,162.63772583008,273.25
04-APR-2025,5.1879106173865,5978,SGRA,0.57359236478806,227103,AP-N204-F102,0.099436409771442,0.099436409771442,151.43878173828,273.25
04-APR-2025,5.1967995047796,5978,SGRA,0.57560205459595,215103,AP-N201-F101,0.10668187588453,0.10668187588453,156.64868164062,273.25
04-APR-2025,5.1967995047796,5978,SGRA,0.57560205459595,215103,AP-N202-F101,0.097151800990105,0.097151800990105,146.93908691406,273.25
04-APR-2025,5.1967995047796,5978,SGRA,0.57560205459595,227103,AP-N203-F102,0.10664924234152,0.10664924234152,162.63772583008,273.25
04-APR-2025,5.1967995047796,5978,SGRA,0.57560205459595,227103,AP-N204-F102,0.099436409771442,0.099436409771442,151.43878173828,273.25
04-APR-2025,5.205688393919,5978,SGRA,0.57761204242706,215103,AP-N201-F101,0.10668187588453,0.10668187588453,156.64868164062,273.25
04-APR-2025,5.205688393919,5978,SGRA,0.57761204242706,215103,AP-N202-F101,0.097151800990105,0.097151800990105,146.93908691406,273.25
04-APR-2025,5.205688393919,5978,SGRA,0.57761204242706,227103,AP-N203-F102,0.10664924234152,0.10664924234152,162.63772583008,273.25
04-APR-2025,5.205688393919,5978,SGRA,0.57761204242706,227103,AP-N204-F102,0.099436409771442,0.099436409771442,151.43878173828,273.25
04-APR-2025,5.2145772823599,5978,SGRA,0.5796223282814,215103,AP-N201-F101,0.10668187588453,0.10668187588453,156.64868164062,273.25
04-APR-2025,5.2145772823599,5978,SGRA,0.5796223282814,215103,AP-N202-F101,0.097151800990105,0.097151800990105,146.93908691406,273.25
04-APR-2025,5.2145772823599,5978,SGRA,0.5796223282814,227103,AP-N203-F102,0.10664924234152,0.10664924234152,162.63772583008,273.25
04-APR-2025,5.2145772823599,5978,SGRA,0.5796223282814,227103,AP-N204-F102,0.099436409771442,0.099436409771442,151.43878173828,273.25
04-APR-2025,5.22346617115,5978,SGRA,0.58163303136826,215103,AP-N201-F101,0.10668187588453,0.10668187588453,156.64868164062,273.25
04-APR-2025,5.22346617115,5978,SGRA,0.58163303136826,215103,AP-N202-F101,0.097151800990105,0.097151800990105,146.93908691406,273.25
04-APR-2025,5.22346617115,5978,SGRA,0.58163303136826,227103,AP-N203-F102,0.10664924234152,0.10664924234152,162.63772583008,273.25
04-APR-2025,5.22346617115,5978,SGRA,0.58163303136826,227103,AP-N204-F102,0.099436409771442,0.099436409771442,151.43878173828,273.25
04-APR-2025,5.2323550601147,5978,SGRA,0.58364391326904,215103,AP-N201-F101,0.10668187588453,0.10668187588453,156.64868164062,273.25
04-APR-2025,5.2323550601147,5978,SGRA,0.58364391326904,215103,AP-N202-F101,0.097151800990105,0.097151800990105,146.93908691406,273.25
04-APR-2025,5.2323550601147,5978,SGRA,0.58364391326904,227103,AP-N203-F102,0.10664924234152,0.10664924234152,162.63772583008,273.25
04-APR-2025,5.2323550601147,5978,SGRA,0.58364391326904,227103,AP-N204-F102,0.099436409771442,0.099436409771442,151.43878173828,273.25
04-APR-2025,5.2412439506511,5978,SGRA,0.58565521240234,215103,AP-N201-F101,0.10668187588453,0.10668187588453,156.64868164062,273.25
04-APR-2025,5.2412439506511,5978,SGRA,0.58565521240234,215103,AP-N202-F101,0.097151800990105,0.097151800990105,146.93908691406,273.25
04-APR-2025,5.2412439506511,5978,SGRA,0.58565521240234,227103,AP-N203-F102,0.10664924234152,0.10664924234152,162.63772583008,273.25
04-APR-2025,5.2412439506511,5978,SGRA,0.58565521240234,227103,AP-N204-F102,0.099436409771442,0.099436409771442,151.43878173828,273.25
04-APR-2025,5.2501328380442,5978,SGRA,0.58766674995422,215103,AP-N201-F101,0.10668187588453,0.10668187588453,156.64868164062,273.25
04-APR-2025,5.2501328380442,5978,SGRA,0.58766674995422,215103,AP-N202-F101,0.097151800990105,0.097151800990105,146.93908691406,273.25
04-APR-2025,5.2501328380442,5978,SGRA,0.58766674995422,227103,AP-N203-F102,0.10664924234152,0.10664924234152,162.63772583008,273.25
04-APR-2025,5.2501328380442,5978,SGRA,0.58766674995422,227103,AP-N204-F102,0.099436409771442,0.099436409771442,151.43878173828,273.25
04-APR-2025,5.2592995060715,5978,SGRA,0.58974152803421,215103,AP-N201-F101,0.10668187588453,0.10668187588453,156.64868164062,273.25
04-APR-2025,5.2592995060715,5978,SGRA,0.58974152803421,215103,AP-N202-F101,0.097151800990105,0.097151800990105,146.93908691406,273.25
04-APR-2025,5.2592995060715,5978,SGRA,0.58974152803421,227103,AP-N203-F102,0.10664924234152,0.10664924234152,162.63772583008,273.25
04-APR-2025,5.2592995060715,5978,SGRA,0.58974152803421,227103,AP-N204-F102,0.099436409771442,0.099436409771442,151.43878173828,273.25
04-APR-2025,5.2681883964332,5978,SGRA,0.59175372123718,215103,AP-N201-F101,0.10668187588453,0.10668187588453,156.64868164062,273.25
04-APR-2025,5.2681883964332,5978,SGRA,0.59175372123718,215103,AP-N202-F101,0.097151800990105,0.097151800990105,146.93908691406,273.25
04-APR-2025,5.2681883964332,5978,SGRA,0.59175372123718,227103,AP-N203-F102,0.10664924234152,0.10664924234152,162.63772583008,273.25
04-APR-2025,5.2681883964332,5978,SGRA,0.59175372123718,227103,AP-N204-F102,0.099436409771442,0.099436409771442,151.43878173828,273.25
04-APR-2025,5.2770772855725,5978,SGRA,0.59376621246338,215103,AP-N201-F101,0.10668187588453,0.10668187588453,156.64868164062,273.25
04-APR-2025,5.2770772855725,5978,SGRA,0.59376621246338,215103,AP-N202-F101,0.097151800990105,0.097151800990105,146.93908691406,273.25
04-APR-2025,5.2770772855725,5978,SGRA,0.59376621246338,227103,AP-N203-F102,0.10664924234152,0.10664924234152,162.63772583008,273.25
04-APR-2025,5.2770772855725,5978,SGRA,0.59376621246338,227103,AP-N204-F102,0.099436409771442,0.099436409771442,151.43878173828,273.25
04-APR-2025,5.5281420314918,5986,J1751+0939,0.3953030705452,215103,AP-N201-F101,0.11311928927898,0.11311928927898,197.87371826172,272.54998779297
04-APR-2025,5.5281420314918,5986,J1751+0939,0.3953030705452,215103,AP-N202-F101,0.10676045715809,0.10676045715809,187.77751159668,272.54998779297
04-APR-2025,5.5281420314918,5986,J1751+0939,0.3953030705452,227103,AP-N203-F102,0.11623009294271,0.11623009294271,208.248046875,272.54998779297
04-APR-2025,5.5281420314918,5986,J1751+0939,0.3953030705452,227103,AP-N204-F102,0.110656067729,0.110656067729,195.10629272461,272.54998779297
04-APR-2025,5.5443920340069,5990,J1751+0939,0.39894270896912,215103,AP-N201-F101,0.11311928927898,0.11311928927898,197.87371826172,272.54998779297
04-APR-2025,5.5443920340069,5990,J1751+0939,0.39894270896912,215103,AP-N202-F101,0.10676045715809,0.10676045715809,187.77751159668,272.54998779297
04-APR-2025,5.5443920340069,5990,J1751+0939,0.39894270896912,227103,AP-N203-F102,0.11623009294271,0.11623009294271,208.248046875,272.54998779297
04-APR-2025,5.5443920340069,5990,J1751+0939,0.39894270896912,227103,AP-N204-F102,0.110656067729,0.110656067729,195.10629272461,272.54998779297
04-APR-2025,5.5532809233209,5990,J1751+0939,0.40093213319778,215103,AP-N201-F101,0.11311928927898,0.11311928927898,197.87371826172,272.54998779297
04-APR-2025,5.5532809233209,5990,J1751+0939,0.40093213319778,215103,AP-N202-F101,0.10676045715809,0.10676045715809,187.77751159668,272.54998779297
04-APR-2025,5.5532809233209,5990,J1751+0939,0.40093213319778,227103,AP-N203-F102,0.11623009294271,0.11623009294271,208.248046875,272.54998779297
04-APR-2025,5.5532809233209,5990,J1751+0939,0.40093213319778,227103,AP-N204-F102,0.110656067729,0.110656067729,195.10629272461,272.54998779297
04-APR-2025,5.5624475890781,5990,J1751+0939,0.40298265218735,215103,AP-N201-F101,0.11311928927898,0.11311928927898,197.87371826172,272.54998779297
04-APR-2025,5.5624475890781,5990,J1751+0939,0.40298265218735,215103,AP-N202-F101,0.10676045715809,0.10676045715809,187.77751159668,272.54998779297
04-APR-2025,5.5624475890781,5990,J1751+0939,0.40298265218735,227103,AP-N203-F102,0.11623009294271,0.11623009294271,208.248046875,272.54998779297
04-APR-2025,5.5624475890781,5990,J1751+0939,0.40298265218735,227103,AP-N204-F102,0.110656067729,0.110656067729,195.10629272461,272.54998779297
04-APR-2025,5.6198086995409,5995,SGRA,0.67157971858978,215103,AP-N201-F101,0.12387628108263,0.12387628108263,156.20822143555,272.54998779297
04-APR-2025,5.6198086995409,5995,SGRA,0.67157971858978,215103,AP-N202-F101,0.11317932605743,0.11317932605743,146.56369018555,272.54998779297
04-APR-2025,5.6198086995409,5995,SGRA,0.67157971858978,227103,AP-N203-F102,0.12333145737648,0.12333145737648,161.81167602539,272.54998779297
04-APR-2025,5.6198086995409,5995,SGRA,0.67157971858978,227103,AP-N204-F102,0.11522584408522,0.11522584408522,150.87605285645,272.54998779297
04-APR-2025,5.6449475852582,5999,SGRA,0.67730277776718,215103,AP-N201-F101,0.12387628108263,0.12387628108263,156.20822143555,272.54998779297
04-APR-2025,5.6449475852582,5999,SGRA,0.67730277776718,215103,AP-N202-F101,0.11317932605743,0.11317932605743,146.56369018555,272.54998779297
04-APR-2025,5.6449475852582,5999,SGRA,0.67730277776718,227103,AP-N203-F102,0.12333145737648,0.12333145737648,161.81167602539,272.54998779297
04-APR-2025,5.6449475852582,5999,SGRA,0.67730277776718,227103,AP-N204-F102,0.11522584408522,0.11522584408522,150.87605285645,272.54998779297
04-APR-2025,5.6538364738737,5999,SGRA,0.67932683229446,215103,AP-N201-F101,0.12387628108263,0.12387628108263,156.20822143555,272.54998779297
04-APR-2025,5.6538364738737,5999,SGRA,0.67932683229446,215103,AP-N202-F101,0.11317932605743,0.11317932605743,146.56369018555,272.54998779297
04-APR-2025,5.6538364738737,5999,SGRA,0.67932683229446,227103,AP-N203-F102,0.12333145737648,0.12333145737648,161.81167602539,272.54998779297
04-APR-2025,5.6538364738737,5999,SGRA,0.67932683229446,227103,AP-N204-F102,0.11522584408522,0.11522584408522,150.87605285645,272.54998779297
04-APR-2025,5.6627253626638,5999,SGRA,0.68135112524033,215103,AP-N201-F101,0.12387628108263,0.12387628108263,156.20822143555,272.54998779297
04-APR-2025,5.6627253626638,5999,SGRA,0.68135112524033,215103,AP-N202-F101,0.11317932605743,0.11317932605743,146.56369018555,272.54998779297
04-APR-2025,5.6627253626638,5999,SGRA,0.68135112524033,227103,AP-N203-F102,0.12333145737648,0.12333145737648,161.81167602539,272.54998779297
04-APR-2025,5.6627253626638,5999,SGRA,0.68135112524033,227103,AP-N204-F102,0.11522584408522,0.11522584408522,150.87605285645,272.54998779297
04-APR-2025,5.6716142518032,5999,SGRA,0.68337559700012,215103,AP-N201-F101,0.12387628108263,0.12387628108263,156.20822143555,272.54998779297
04-APR-2025,5.6716142518032,5999,SGRA,0.68337559700012,215103,AP-N202-F101,0.11317932605743,0.11317932605743,146.56369018555,272.54998779297
04-APR-2025,5.6716142518032,5999,SGRA,0.68337559700012,227103,AP-N203-F102,0.12333145737648,0.12333145737648,161.81167602539,272.54998779297
04-APR-2025,5.6716142518032,5999,SGRA,0.68337559700012,227103,AP-N204-F102,0.11522584408522,0.11522584408522,150.87605285645,272.54998779297
04-APR-2025,5.6805031405933,5999,SGRA,0.68540036678314,215103,AP-N201-F101,0.12387628108263,0.12387628108263,156.20822143555,272.54998779297
04-APR-2025,5.6805031405933,5999,SGRA,0.68540036678314,215103,AP-N202-F101,0.11317932605743,0.11317932605743,146.56369018555,272.54998779297
04-APR-2025,5.6805031405933,5999,SGRA,0.68540036678314,227103,AP-N203-F102,0.12333145737648,0.12333145737648,161.81167602539,272.54998779297
04-APR-2025,5.6805031405933,5999,SGRA,0.68540036678314,227103,AP-N204-F102,0.11522584408522,0.11522584408522,150.87605285645,272.54998779297
04-APR-2025,5.6893920292088,5999,SGRA,0.6874253153801,215103,AP-N201-F101,0.12387628108263,0.12387628108263,156.20822143555,272.54998779297
04-APR-2025,5.6893920292088,5999,SGRA,0.6874253153801,215103,AP-N202-F101,0.11317932605743,0.11317932605743,146.56369018555,272.54998779297
04-APR-2025,5.6893920292088,5999,SGRA,0.6874253153801,227103,AP-N203-F102,0.12333145737648,0.12333145737648,161.81167602539,272.54998779297
04-APR-2025,5.6893920292088,5999,SGRA,0.6874253153801,227103,AP-N204-F102,0.11522584408522,0.11522584408522,150.87605285645,272.54998779297
04-APR-2025,5.6982809176497,5999,SGRA,0.68945050239563,215103,AP-N201-F101,0.12387628108263,0.12387628108263,156.20822143555,272.54998779297
04-APR-2025,5.6982809176497,5999,SGRA,0.68945050239563,215103,AP-N202-F101,0.11317932605743,0.11317932605743,146.56369018555,272.54998779297
04-APR-2025,5.6982809176497,5999,SGRA,0.68945050239563,227103,AP-N203-F102,0.12333145737648,0.12333145737648,161.81167602539,272.54998779297
04-APR-2025,5.6982809176497,5999,SGRA,0.68945050239563,227103,AP-N204-F102,0.11522584408522,0.11522584408522,150.87605285645,272.54998779297
04-APR-2025,5.7071698069636,5999,SGRA,0.69147592782974,215103,AP-N201-F101,0.12387628108263,0.12387628108263,156.20822143555,272.54998779297
04-APR-2025,5.7071698069636,5999,SGRA,0.69147592782974,215103,AP-N202-F101,0.11317932605743,0.11317932605743,146.56369018555,272.54998779297
04-APR-2025,5.7071698069636,5999,SGRA,0.69147592782974,227103,AP-N203-F102,0.12333145737648,0.12333145737648,161.81167602539,272.54998779297
04-APR-2025,5.7071698069636,5999,SGRA,0.69147592782974,227103,AP-N204-F102,0.11522584408522,0.11522584408522,150.87605285645,272.54998779297
04-APR-2025,5.7160586955791,5999,SGRA,0.69350165128708,215103,AP-N201-F101,0.12387628108263,0.12387628108263,156.20822143555,272.54998779297
04-APR-2025,5.7160586955791,5999,SGRA,0.69350165128708,215103,AP-N202-F101,0.11317932605743,0.11317932605743,146.56369018555,272.54998779297
04-APR-2025,5.7160586955791,5999,SGRA,0.69350165128708,227103,AP-N203-F102,0.12333145737648,0.12333145737648,161.81167602539,272.54998779297
04-APR-2025,5.7160586955791,5999,SGRA,0.69350165128708,227103,AP-N204-F102,0.11522584408522,0.11522584408522,150.87605285645,272.54998779297
04-APR-2025,5.7249475845439,5999,SGRA,0.69552755355835,215103,AP-N201-F101,0.12387628108263,0.12387628108263,156.20822143555,272.54998779297
04-APR-2025,5.7249475845439,5999,SGRA,0.69552755355835,215103,AP-N202-F101,0.11317932605743,0.11317932605743,146.56369018555,272.54998779297
04-APR-2025,5.7249475845439,5999,SGRA,0.69552755355835,227103,AP-N203-F102,0.12333145737648,0.12333145737648,161.81167602539,272.54998779297
04-APR-2025,5.7249475845439,5999,SGRA,0.69552755355835,227103,AP-N204-F102,0.11522584408522,0.11522584408522,150.87605285645,272.54998779297
04-APR-2025,5.733836473334,5999,SGRA,0.69755363464355,215103,AP-N201-F101,0.12387628108263,0.12387628108263,156.20822143555,272.54998779297
04-APR-2025,5.733836473334,5999,SGRA,0.69755363464355,215103,AP-N202-F101,0.11317932605743,0.11317932605743,146.56369018555,272.54998779297
04-APR-2025,5.733836473334,5999,SGRA,0.69755363464355,227103,AP-N203-F102,0.12333145737648,0.12333145737648,161.81167602539,272.54998779297
04-APR-2025,5.733836473334,5999,SGRA,0.69755363464355,227103,AP-N204-F102,0.11522584408522,0.11522584408522,150.87605285645,272.54998779297
04-APR-2025,5.7427253619495,5999,SGRA,0.69958001375198,215103,AP-N201-F101,0.12387628108263,0.12387628108263,156.20822143555,272.54998779297
04-APR-2025,5.7427253619495,5999,SGRA,0.69958001375198,215103,AP-N202-F101,0.11317932605743,0.11317932605743,146.56369018555,272.54998779297
04-APR-2025,5.7427253619495,5999,SGRA,0.69958001375198,227103,AP-N203-F102,0.12333145737648,0.12333145737648,161.81167602539,272.54998779297
04-APR-2025,5.7427253619495,5999,SGRA,0.69958001375198,227103,AP-N204-F102,0.11522584408522,0.11522584408522,150.87605285645,272.54998779297
04-APR-2025,5.7516142507396,5999,SGRA,0.70160657167435,215103,AP-N201-F101,0.12387628108263,0.12387628108263,156.20822143555,272.54998779297
04-APR-2025,5.7516142507396,5999,SGRA,0.70160657167435,215103,AP-N202-F101,0.11317932605743,0.11317932605743,146.56369018555,272.54998779297
04-APR-2025,5.7516142507396,5999,SGRA,0.70160657167435,227103,AP-N203-F102,0.12333145737648,0.12333145737648,161.81167602539,272.54998779297
04-APR-2025,5.7516142507396,5999,SGRA,0.70160657167435,227103,AP-N204-F102,0.11522584408522,0.11522584408522,150.87605285645,272.54998779297
04-APR-2025,5.7605031398789,5999,SGRA,0.70363336801529,215103,AP-N201-F101,0.12387628108263,0.12387628108263,156.20822143555,272.54998779297
04-APR-2025,5.7605031398789,5999,SGRA,0.70363336801529,215103,AP-N202-F101,0.11317932605743,0.11317932605743,146.56369018555,272.54998779297
04-APR-2025,5.7605031398789,5999,SGRA,0.70363336801529,227103,AP-N203-F102,0.12333145737648,0.12333145737648,161.81167602539,272.54998779297
04-APR-2025,5.7605031398789,5999,SGRA,0.70363336801529,227103,AP-N204-F102,0.11522584408522,0.11522584408522,150.87605285645,272.54998779297
04-APR-2025,5.7693920286691,5999,SGRA,0.70566034317017,215103,AP-N201-F101,0.12387628108263,0.12387628108263,156.20822143555,272.54998779297
04-APR-2025,5.7693920286691,5999,SGRA,0.70566034317017,215103,AP-N202-F101,0.11317932605743,0.11317932605743,146.56369018555,272.54998779297
04-APR-2025,5.7693920286691,5999,SGRA,0.70566034317017,227103,AP-N203-F102,0.12333145737648,0.12333145737648,161.81167602539,272.54998779297
04-APR-2025,5.7693920286691,5999,SGRA,0.70566034317017,227103,AP-N204-F102,0.11522584408522,0.11522584408522,150.87605285645,272.54998779297
04-APR-2025,6.0105240840879,6007,J1924-2914,0.38934451341629,215103,AP-N201-F101,0.11295911669731,0.11295911669731,199.81864929199,273.04998779297
04-APR-2025,6.0105240840879,6007,J1924-2914,0.38934451341629,215103,AP-N202-F101,0.10664308071136,0.10664308071136,189.2629699707,273.04998779297
04-APR-2025,6.0105240840879,6007,J1924-2914,0.38934451341629,227103,AP-N203-F102,0.11620394140482,0.11620394140482,210.16680908203,273.04998779297
04-APR-2025,6.0105240840879,6007,J1924-2914,0.38934451341629,227103,AP-N204-F102,0.1103085950017,0.1103085950017,196.68197631836,273.04998779297
04-APR-2025,6.0270518630463,6011,J1924-2914,0.39300805330276,215103,AP-N201-F101,0.11295911669731,0.11295911669731,199.81864929199,273.04998779297
04-APR-2025,6.0270518630463,6011,J1924-2914,0.39300805330276,215103,AP-N202-F101,0.10664308071136,0.10664308071136,189.2629699707,273.04998779297
04-APR-2025,6.0270518630463,6011,J1924-2914,0.39300805330276,227103,AP-N203-F102,0.11620394140482,0.11620394140482,210.16680908203,273.04998779297
04-APR-2025,6.0270518630463,6011,J1924-2914,0.39300805330276,227103,AP-N204-F102,0.1103085950017,0.1103085950017,196.68197631836,273.04998779297
04-APR-2025,6.0359407516618,6011,J1924-2914,0.39497911930084,215103,AP-N201-F101,0.11295911669731,0.11295911669731,199.81864929199,273.04998779297
04-APR-2025,6.0359407516618,6011,J1924-2914,0.39497911930084,215103,AP-N202-F101,0.10664308071136,0.10664308071136,189.2629699707,273.04998779297
04-APR-2025,6.0359407516618,6011,J1924-2914,0.39497911930084,227103,AP-N203-F102,0.11620394140482,0.11620394140482,210.16680908203,273.04998779297
04-APR-2025,6.0359407516618,6011,J1924-2914,0.39497911930084,227103,AP-N204-F102,0.1103085950017,0.1103085950017,196.68197631836,273.04998779297
04-APR-2025,6.0448296406265,6011,J1924-2914,0.39695063233376,215103,AP-N201-F101,0.11295911669731,0.11295911669731,199.81864929199,273.04998779297
04-APR-2025,6.0448296406265,6011,J1924-2914,0.39695063233376,215103,AP-N202-F101,0.10664308071136,0.10664308071136,189.2629699707,273.04998779297
04-APR-2025,6.0448296406265,6011,J1924-2914,0.39695063233376,227103,AP-N203-F102,0.11620394140482,0.11620394140482,210.16680908203,273.04998779297
04-APR-2025,6.0448296406265,6011,J1924-2914,0.39695063233376,227103,AP-N204-F102,0.1103085950017,0.1103085950017,196.68197631836,273.04998779297
04-APR-2025,6.1038574167333,6016,SGRA,0.78207546472549,215103,AP-N201-F101,0.13942123949528,0.13942123949528,155.9867401123,272.54998779297
04-APR-2025,6.1038574167333,6016,SGRA,0.78207546472549,215103,AP-N202-F101,0.12656445801258,0.12656445801258,145.92890930176,272.54998779297
04-APR-2025,6.1038574167333,6016,SGRA,0.78207546472549,227103,AP-N203-F102,0.13816793262959,0.13816793262959,161.02239990234,272.54998779297
04-APR-2025,6.1038574167333,6016,SGRA,0.78207546472549,227103,AP-N204-F102,0.12943917512894,0.12943917512894,150.63012695312,272.54998779297
04-APR-2025,6.1270518621097,6020,SGRA,0.78738397359848,215103,AP-N201-F101,0.13942123949528,0.13942123949528,155.9867401123,272.54998779297
04-APR-2025,6.1270518621097,6020,SGRA,0.78738397359848,215103,AP-N202-F101,0.12656445801258,0.12656445801258,145.92890930176,272.54998779297
04-APR-2025,6.1270518621097,6020,SGRA,0.78738397359848,227103,AP-N203-F102,0.13816793262959,0.13816793262959,161.02239990234,272.54998779297
04-APR-2025,6.1270518621097,6020,SGRA,0.78738397359848,227103,AP-N204-F102,0.12943917512894,0.12943917512894,150.63012695312,272.54998779297
04-APR-2025,6.1359407505505,6020,SGRA,0.78941863775253,215103,AP-N201-F101,0.13942123949528,0.13942123949528,155.9867401123,272.54998779297
04-APR-2025,6.1359407505505,6020,SGRA,0.78941863775253,215103,AP-N202-F101,0.12656445801258,0.12656445801258,145.92890930176,272.54998779297
04-APR-2025,6.1359407505505,6020,SGRA,0.78941863775253,227103,AP-N203-F102,0.13816793262959,0.13816793262959,161.02239990234,272.54998779297
04-APR-2025,6.1359407505505,6020,SGRA,0.78941863775253,227103,AP-N204-F102,0.12943917512894,0.12943917512894,150.63012695312,272.54998779297
04-APR-2025,6.1448296396899,6020,SGRA,0.79145348072052,215103,AP-N201-F101,0.13942123949528,0.13942123949528,155.9867401123,272.54998779297
04-APR-2025,6.1448296396899,6020,SGRA,0.79145348072052,215103,AP-N202-F101,0.12656445801258,0.12656445801258,145.92890930176,272.54998779297
04-APR-2025,6.1448296396899,6020,SGRA,0.79145348072052,227103,AP-N203-F102,0.13816793262959,0.13816793262959,161.02239990234,272.54998779297
04-APR-2025,6.1448296396899,6020,SGRA,0.79145348072052,227103,AP-N204-F102,0.12943917512894,0.12943917512894,150.63012695312,272.54998779297
04-APR-2025,6.15371852848,6020,SGRA,0.79348838329315,215103,AP-N201-F101,0.13942123949528,0.13942123949528,155.9867401123,272.54998779297
04-APR-2025,6.15371852848,6020,SGRA,0.79348838329315,215103,AP-N202-F101,0.12656445801258,0.12656445801258,145.92890930176,272.54998779297
04-APR-2025,6.15371852848,6020,SGRA,0.79348838329315,227103,AP-N203-F102,0.13816793262959,0.13816793262959,161.02239990234,272.54998779297
04-APR-2025,6.15371852848,6020,SGRA,0.79348838329315,227103,AP-N204-F102,0.12943917512894,0.12943917512894,150.63012695312,272.54998779297
04-APR-2025,6.1626074174447,6020,SGRA,0.79552346467972,215103,AP-N201-F101,0.13942123949528,0.13942123949528,155.9867401123,272.54998779297
04-APR-2025,6.1626074174447,6020,SGRA,0.79552346467972,215103,AP-N202-F101,0.12656445801258,0.12656445801258,145.92890930176,272.54998779297
04-APR-2025,6.1626074174447,6020,SGRA,0.79552346467972,227103,AP-N203-F102,0.13816793262959,0.13816793262959,161.02239990234,272.54998779297
04-APR-2025,6.1626074174447,6020,SGRA,0.79552346467972,227103,AP-N204-F102,0.12943917512894,0.12943917512894,150.63012695312,272.54998779297
04-APR-2025,6.1714963060602,6020,SGRA,0.79755872488022,215103,AP-N201-F101,0.13942123949528,0.13942123949528,155.9867401123,272.54998779297
04-APR-2025,6.1714963060602,6020,SGRA,0.79755872488022,215103,AP-N202-F101,0.12656445801258,0.12656445801258,145.92890930176,272.54998779297
04-APR-2025,6.1714963060602,6020,SGRA,0.79755872488022,227103,AP-N203-F102,0.13816793262959,0.13816793262959,161.02239990234,272.54998779297
04-APR-2025,6.1714963060602,6020,SGRA,0.79755872488022,227103,AP-N204-F102,0.12943917512894,0.12943917512894,150.63012695312,272.54998779297
04-APR-2025,6.1803851945011,6020,SGRA,0.79959416389465,215103,AP-N201-F101,0.13942123949528,0.13942123949528,155.9867401123,272.54998779297
04-APR-2025,6.1803851945011,6020,SGRA,0.79959416389465,215103,AP-N202-F101,0.12656445801258,0.12656445801258,145.92890930176,272.54998779297
04-APR-2025,6.1803851945011,6020,SGRA,0.79959416389465,227103,AP-N203-F102,0.13816793262959,0.13816793262959,161.02239990234,272.54998779297
04-APR-2025,6.1803851945011,6020,SGRA,0.79959416389465,227103,AP-N204-F102,0.12943917512894,0.12943917512894,150.63012695312,272.54998779297
04-APR-2025,6.1892740838151,6020,SGRA,0.80162966251373,215103,AP-N201-F101,0.13942123949528,0.13942123949528,155.9867401123,272.54998779297
04-APR-2025,6.1892740838151,6020,SGRA,0.80162966251373,215103,AP-N202-F101,0.12656445801258,0.12656445801258,145.92890930176,272.54998779297
04-APR-2025,6.1892740838151,6020,SGRA,0.80162966251373,227103,AP-N203-F102,0.13816793262959,0.13816793262959,161.02239990234,272.54998779297
04-APR-2025,6.1892740838151,6020,SGRA,0.80162966251373,227103,AP-N204-F102,0.12943917512894,0.12943917512894,150.63012695312,272.54998779297
04-APR-2025,6.1981629727798,6020,SGRA,0.80366533994675,215103,AP-N201-F101,0.13942123949528,0.13942123949528,155.9867401123,272.54998779297
04-APR-2025,6.1981629727798,6020,SGRA,0.80366533994675,215103,AP-N202-F101,0.12656445801258,0.12656445801258,145.92890930176,272.54998779297
04-APR-2025,6.1981629727798,6020,SGRA,0.80366533994675,227103,AP-N203-F102,0.13816793262959,0.13816793262959,161.02239990234,272.54998779297
04-APR-2025,6.1981629727798,6020,SGRA,0.80366533994675,227103,AP-N204-F102,0.12943917512894,0.12943917512894,150.63012695312,272.54998779297
04-APR-2025,6.2073296388862,6020,SGRA,0.80576473474503,215103,AP-N201-F101,0.13942123949528,0.13942123949528,155.9867401123,272.54998779297
04-APR-2025,6.2073296388862,6020,SGRA,0.80576473474503,215103,AP-N202-F101,0.12656445801258,0.12656445801258,145.92890930176,272.54998779297
04-APR-2025,6.2073296388862,6020,SGRA,0.80576473474503,227103,AP-N203-F102,0.13816793262959,0.13816793262959,161.02239990234,272.54998779297
04-APR-2025,6.2073296388862,6020,SGRA,0.80576473474503,227103,AP-N204-F102,0.12943917512894,0.12943917512894,150.63012695312,272.54998779297
04-APR-2025,6.2162185273271,6020,SGRA,0.80780071020126,215103,AP-N201-F101,0.13942123949528,0.13942123949528,155.9867401123,272.54998779297
04-APR-2025,6.2162185273271,6020,SGRA,0.80780071020126,215103,AP-N202-F101,0.12656445801258,0.12656445801258,145.92890930176,272.54998779297
04-APR-2025,6.2162185273271,6020,SGRA,0.80780071020126,227103,AP-N203-F102,0.13816793262959,0.13816793262959,161.02239990234,272.54998779297
04-APR-2025,6.2162185273271,6020,SGRA,0.80780071020126,227103,AP-N204-F102,0.12943917512894,0.12943917512894,150.63012695312,272.54998779297
04-APR-2025,6.225107415768,6020,SGRA,0.80983680486679,215103,AP-N201-F101,0.13942123949528,0.13942123949528,155.9867401123,272.54998779297
04-APR-2025,6.225107415768,6020,SGRA,0.80983680486679,215103,AP-N202-F101,0.12656445801258,0.12656445801258,145.92890930176,272.54998779297
04-APR-2025,6.225107415768,6020,SGRA,0.80983680486679,227103,AP-N203-F102,0.13816793262959,0.13816793262959,161.02239990234,272.54998779297
04-APR-2025,6.225107415768,6020,SGRA,0.80983680486679,227103,AP-N204-F102,0.12943917512894,0.12943917512894,150.63012695312,272.54998779297
04-APR-2025,6.2339963049073,6020,SGRA,0.81187301874161,215103,AP-N201-F101,0.13942123949528,0.13942123949528,155.9867401123,272.54998779297
04-APR-2025,6.2339963049073,6020,SGRA,0.81187301874161,215103,AP-N202-F101,0.12656445801258,0.12656445801258,145.92890930176,272.54998779297
04-APR-2025,6.2339963049073,6020,SGRA,0.81187301874161,227103,AP-N203-F102,0.13816793262959,0.13816793262959,161.02239990234,272.54998779297
04-APR-2025,6.2339963049073,6020,SGRA,0.81187301874161,227103,AP-N204-F102,0.12943917512894,0.12943917512894,150.63012695312,272.54998779297
04-APR-2025,6.2428851938721,6020,SGRA,0.81390935182571,215103,AP-N201-F101,0.13942123949528,0.13942123949528,155.9867401123,272.54998779297
04-APR-2025,6.2428851938721,6020,SGRA,0.81390935182571,215103,AP-N202-F101,0.12656445801258,0.12656445801258,145.92890930176,272.54998779297
04-APR-2025,6.2428851938721,6020,SGRA,0.81390935182571,227103,AP-N203-F102,0.13816793262959,0.13816793262959,161.02239990234,272.54998779297
04-APR-2025,6.2428851938721,6020,SGRA,0.81390935182571,227103,AP-N204-F102,0.12943917512894,0.12943917512894,150.63012695312,272.54998779297
04-APR-2025,6.2517740826622,6020,SGRA,0.81594580411911,215103,AP-N201-F101,0.13942123949528,0.13942123949528,155.9867401123,272.54998779297
04-APR-2025,6.2517740826622,6020,SGRA,0.81594580411911,215103,AP-N202-F101,0.12656445801258,0.12656445801258,145.92890930176,272.54998779297
04-APR-2025,6.2517740826622,6020,SGRA,0.81594580411911,227103,AP-N203-F102,0.13816793262959,0.13816793262959,161.02239990234,272.54998779297
04-APR-2025,6.2517740826622,6020,SGRA,0.81594580411911,227103,AP-N204-F102,0.12943917512894,0.12943917512894,150.63012695312,272.54998779297
04-APR-2025,6.5121906905666,6028,J1751+0939,0.60818189382553,215103,AP-N201-F101,0.13857217133045,0.13857217133045,174.97570800781,272.35000610352
04-APR-2025,6.5121906905666,6028,J1751+0939,0.60818189382553,215103,AP-N202-F101,0.12871778011322,0.12871778011322,164.95236206055,272.35000610352
04-APR-2025,6.5121906905666,6028,J1751+0939,0.60818189382553,227103,AP-N203-F102,0.14021210372448,0.14021210372448,182.46038818359,272.35000610352
04-APR-2025,6.5121906905666,6028,J1751+0939,0.60818189382553,227103,AP-N204-F102,0.13288296759129,0.13288296759129,170.93627929687,272.35000610352
04-APR-2025,6.5284406897639,6032,J1751+0939,0.61153918504715,215103,AP-N201-F101,0.13857217133045,0.13857217133045,174.97570800781,272.35000610352
04-APR-2025,6.5284406897639,6032,J1751+0939,0.61153918504715,215103,AP-N202-F101,0.12871778011322,0.12871778011322,164.95236206055,272.35000610352
04-APR-2025,6.5284406897639,6032,J1751+0939,0.61153918504715,227103,AP-N203-F102,0.14021210372448,0.14021210372448,182.46038818359,272.35000610352
04-APR-2025,6.5284406897639,6032,J1751+0939,0.61153918504715,227103,AP-N204-F102,0.13288296759129,0.13288296759129,170.93627929687,272.35000610352
04-APR-2025,6.537607356045,6032,J1751+0939,0.61343026161194,215103,AP-N201-F101,0.13857217133045,0.13857217133045,174.97570800781,272.35000610352
04-APR-2025,6.537607356045,6032,J1751+0939,0.61343026161194,215103,AP-N202-F101,0.12871778011322,0.12871778011322,164.95236206055,272.35000610352
04-APR-2025,6.537607356045,6032,J1751+0939,0.61343026161194,227103,AP-N203-F102,0.14021210372448,0.14021210372448,182.46038818359,272.35000610352
04-APR-2025,6.537607356045,6032,J1751+0939,0.61343026161194,227103,AP-N204-F102,0.13288296759129,0.13288296759129,170.93627929687,272.35000610352
04-APR-2025,6.5464962448351,6032,J1751+0939,0.61526215076447,215103,AP-N201-F101,0.13857217133045,0.13857217133045,174.97570800781,272.35000610352
04-APR-2025,6.5464962448351,6032,J1751+0939,0.61526215076447,215103,AP-N202-F101,0.12871778011322,0.12871778011322,164.95236206055,272.35000610352
04-APR-2025,6.5464962448351,6032,J1751+0939,0.61526215076447,227103,AP-N203-F102,0.14021210372448,0.14021210372448,182.46038818359,272.35000610352
04-APR-2025,6.5464962448351,6032,J1751+0939,0.61526215076447,227103,AP-N204-F102,0.13288296759129,0.13288296759129,170.93627929687,272.35000610352
04-APR-2025,6.6038573558218,6037,SGRA,0.89669209718704,215103,AP-N201-F101,0.15537053346634,0.15537053346634,156.21157836914,271.75
04-APR-2025,6.6038573558218,6037,SGRA,0.89669209718704,215103,AP-N202-F101,0.14073033630848,0.14073033630848,146.11798095703,271.75
04-APR-2025,6.6038573558218,6037,SGRA,0.89669209718704,227103,AP-N203-F102,0.15273860096931,0.15273860096931,160.67124938965,271.75
04-APR-2025,6.6038573558218,6037,SGRA,0.89669209718704,227103,AP-N204-F102,0.14404255151749,0.14404255151749,150.76025390625,271.75
04-APR-2025,6.6273295778159,6041,SGRA,0.90207922458649,215103,AP-N201-F101,0.15537053346634,0.15537053346634,156.21157836914,271.75
04-APR-2025,6.6273295778159,6041,SGRA,0.90207922458649,215103,AP-N202-F101,0.14073033630848,0.14073033630848,146.11798095703,271.75
04-APR-2025,6.6273295778159,6041,SGRA,0.90207922458649,227103,AP-N203-F102,0.15273860096931,0.15273860096931,160.67124938965,271.75
04-APR-2025,6.6273295778159,6041,SGRA,0.90207922458649,227103,AP-N204-F102,0.14404255151749,0.14404255151749,150.76025390625,271.75
04-APR-2025,6.6362184667806,6041,SGRA,0.9041194319725,215103,AP-N201-F101,0.15537053346634,0.15537053346634,156.21157836914,271.75
04-APR-2025,6.6362184667806,6041,SGRA,0.9041194319725,215103,AP-N202-F101,0.14073033630848,0.14073033630848,146.11798095703,271.75
04-APR-2025,6.6362184667806,6041,SGRA,0.9041194319725,227103,AP-N203-F102,0.15273860096931,0.15273860096931,160.67124938965,271.75
04-APR-2025,6.6362184667806,6041,SGRA,0.9041194319725,227103,AP-N204-F102,0.14404255151749,0.14404255151749,150.76025390625,271.75
04-APR-2025,6.6451073555707,6041,SGRA,0.90615969896317,215103,AP-N201-F101,0.15537053346634,0.15537053346634,156.21157836914,271.75
04-APR-2025,6.6451073555707,6041,SGRA,0.90615969896317,215103,AP-N202-F101,0.14073033630848,0.14073033630848,146.11798095703,271.75
04-APR-2025,6.6451073555707,6041,SGRA,0.90615969896317,227103,AP-N203-F102,0.15273860096931,0.15273860096931,160.67124938965,271.75
04-APR-2025,6.6451073555707,6041,SGRA,0.90615969896317,227103,AP-N204-F102,0.14404255151749,0.14404255151749,150.76025390625,271.75
04-APR-2025,6.6539962447101,6041,SGRA,0.90819996595383,215103,AP-N201-F101,0.15537053346634,0.15537053346634,156.21157836914,271.75
04-APR-2025,6.6539962447101,6041,SGRA,0.90819996595383,215103,AP-N202-F101,0.14073033630848,0.14073033630848,146.11798095703,271.75
04-APR-2025,6.6539962447101,6041,SGRA,0.90819996595383,227103,AP-N203-F102,0.15273860096931,0.15273860096931,160.67124938965,271.75
04-APR-2025,6.6539962447101,6041,SGRA,0.90819996595383,227103,AP-N204-F102,0.14404255151749,0.14404255151749,150.76025390625,271.75
04-APR-2025,6.662885133151,6041,SGRA,0.91024023294449,215103,AP-N201-F101,0.15537053346634,0.15537053346634,156.21157836914,271.75
04-APR-2025,6.662885133151,6041,SGRA,0.91024023294449,215103,AP-N202-F101,0.14073033630848,0.14073033630848,146.11798095703,271.75
04-APR-2025,6.662885133151,6041,SGRA,0.91024023294449,227103,AP-N203-F102,0.15273860096931,0.15273860096931,160.67124938965,271.75
04-APR-2025,6.662885133151,6041,SGRA,0.91024023294449,227103,AP-N204-F102,0.14404255151749,0.14404255151749,150.76025390625,271.75
04-APR-2025,6.6717740222903,6041,SGRA,0.91228061914444,215103,AP-N201-F101,0.15537053346634,0.15537053346634,156.21157836914,271.75
04-APR-2025,6.6717740222903,6041,SGRA,0.91228061914444,215103,AP-N202-F101,0.14073033630848,0.14073033630848,146.11798095703,271.75
04-APR-2025,6.6717740222903,6041,SGRA,0.91228061914444,227103,AP-N203-F102,0.15273860096931,0.15273860096931,160.67124938965,271.75
04-APR-2025,6.6717740222903,6041,SGRA,0.91228061914444,227103,AP-N204-F102,0.14404255151749,0.14404255151749,150.76025390625,271.75
04-APR-2025,6.6809406882221,6041,SGRA,0.91438472270966,215103,AP-N201-F101,0.15537053346634,0.15537053346634,156.21157836914,271.75
04-APR-2025,6.6809406882221,6041,SGRA,0.91438472270966,215103,AP-N202-F101,0.14073033630848,0.14073033630848,146.11798095703,271.75
04-APR-2025,6.6809406882221,6041,SGRA,0.91438472270966,227103,AP-N203-F102,0.15273860096931,0.15273860096931,160.67124938965,271.75
04-APR-2025,6.6809406882221,6041,SGRA,0.91438472270966,227103,AP-N204-F102,0.14404255151749,0.14404255151749,150.76025390625,271.75
04-APR-2025,6.6898295768376,6041,SGRA,0.91642516851425,215103,AP-N201-F101,0.15537053346634,0.15537053346634,156.21157836914,271.75
04-APR-2025,6.6898295768376,6041,SGRA,0.91642516851425,215103,AP-N202-F101,0.14073033630848,0.14073033630848,146.11798095703,271.75
04-APR-2025,6.6898295768376,6041,SGRA,0.91642516851425,227103,AP-N203-F102,0.15273860096931,0.15273860096931,160.67124938965,271.75
04-APR-2025,6.6898295768376,6041,SGRA,0.91642516851425,227103,AP-N204-F102,0.14404255151749,0.14404255151749,150.76025390625,271.75
04-APR-2025,6.6987184656277,6041,SGRA,0.9184655547142,215103,AP-N201-F101,0.15537053346634,0.15537053346634,156.21157836914,271.75
04-APR-2025,6.6987184656277,6041,SGRA,0.9184655547142,215103,AP-N202-F101,0.14073033630848,0.14073033630848,146.11798095703,271.75
04-APR-2025,6.6987184656277,6041,SGRA,0.9184655547142,227103,AP-N203-F102,0.15273860096931,0.15273860096931,160.67124938965,271.75
04-APR-2025,6.6987184656277,6041,SGRA,0.9184655547142,227103,AP-N204-F102,0.14404255151749,0.14404255151749,150.76025390625,271.75
04-APR-2025,6.7076073544178,6041,SGRA,0.9205060005188,215103,AP-N201-F101,0.15537053346634,0.15537053346634,156.21157836914,271.75
04-APR-2025,6.7076073544178,6041,SGRA,0.9205060005188,215103,AP-N202-F101,0.14073033630848,0.14073033630848,146.11798095703,271.75
04-APR-2025,6.7076073544178,6041,SGRA,0.9205060005188,227103,AP-N203-F102,0.15273860096931,0.15273860096931,160.67124938965,271.75
04-APR-2025,6.7076073544178,6041,SGRA,0.9205060005188,227103,AP-N204-F102,0.14404255151749,0.14404255151749,150.76025390625,271.75
04-APR-2025,6.7164962433826,6041,SGRA,0.92254650592804,215103,AP-N201-F101,0.15537053346634,0.15537053346634,156.21157836914,271.75
04-APR-2025,6.7164962433826,6041,SGRA,0.92254650592804,215103,AP-N202-F101,0.14073033630848,0.14073033630848,146.11798095703,271.75
04-APR-2025,6.7164962433826,6041,SGRA,0.92254650592804,227103,AP-N203-F102,0.15273860096931,0.15273860096931,160.67124938965,271.75
04-APR-2025,6.7164962433826,6041,SGRA,0.92254650592804,227103,AP-N204-F102,0.14404255151749,0.14404255151749,150.76025390625,271.75
04-APR-2025,6.7253851321727,6041,SGRA,0.92458701133728,215103,AP-N201-F101,0.15537053346634,0.15537053346634,156.21157836914,271.75
04-APR-2025,6.7253851321727,6041,SGRA,0.92458701133728,215103,AP-N202-F101,0.14073033630848,0.14073033630848,146.11798095703,271.75
04-APR-2025,6.7253851321727,6041,SGRA,0.92458701133728,227103,AP-N203-F102,0.15273860096931,0.15273860096931,160.67124938965,271.75
04-APR-2025,6.7253851321727,6041,SGRA,0.92458701133728,227103,AP-N204-F102,0.14404255151749,0.14404255151749,150.76025390625,271.75
04-APR-2025,6.7345518003746,6041,SGRA,0.92669123411179,215103,AP-N201-F101,0.15537053346634,0.15537053346634,156.21157836914,271.75
04-APR-2025,6.7345518003746,6041,SGRA,0.92669123411179,215103,AP-N202-F101,0.14073033630848,0.14073033630848,146.11798095703,271.75
04-APR-2025,6.7345518003746,6041,SGRA,0.92669123411179,227103,AP-N203-F102,0.15273860096931,0.15273860096931,160.67124938965,271.75
04-APR-2025,6.7345518003746,6041,SGRA,0.92669123411179,227103,AP-N204-F102,0.14404255151749,0.14404255151749,150.76025390625,271.75
04-APR-2025,6.7434406889901,6041,SGRA,0.92873173952103,215103,AP-N201-F101,0.15537053346634,0.15537053346634,156.21157836914,271.75
04-APR-2025,6.7434406889901,6041,SGRA,0.92873173952103,215103,AP-N202-F101,0.14073033630848,0.14073033630848,146.11798095703,271.75
04-APR-2025,6.7434406889901,6041,SGRA,0.92873173952103,227103,AP-N203-F102,0.15273860096931,0.15273860096931,160.67124938965,271.75
04-APR-2025,6.7434406889901,6041,SGRA,0.92873173952103,227103,AP-N204-F102,0.14404255151749,0.14404255151749,150.76025390625,271.75
04-APR-2025,6.7539962435989,6041,SGRA,0.93115490674973,215103,AP-N201-F101,0.15537053346634,0.15537053346634,156.21157836914,271.75
04-APR-2025,6.7539962435989,6041,SGRA,0.93115490674973,215103,AP-N202-F101,0.14073033630848,0.14073033630848,146.11798095703,271.75
04-APR-2025,6.7539962435989,6041,SGRA,0.93115490674973,227103,AP-N203-F102,0.15273860096931,0.15273860096931,160.67124938965,271.75
04-APR-2025,6.7539962435989,6041,SGRA,0.93115490674973,227103,AP-N204-F102,0.14404255151749,0.14404255151749,150.76025390625,271.75
04-APR-2025,6.9941351030474,6049,J1924-2914,0.6098620891571,215103,AP-N201-F101,0.14970281720161,0.14970281720161,183.47938537598,272.45001220703
04-APR-2025,6.9941351030474,6049,J1924-2914,0.6098620891571,215103,AP-N202-F101,0.14006534218788,0.14006534218788,173.47891235352,272.45001220703
04-APR-2025,6.9941351030474,6049,J1924-2914,0.6098620891571,227103,AP-N203-F102,0.15230798721313,0.15230798721313,191.46989440918,272.45001220703
04-APR-2025,6.9941351030474,6049,J1924-2914,0.6098620891571,227103,AP-N204-F102,0.14462324976921,0.14462324976921,179.72247314453,272.45001220703
04-APR-2025,7.0102462111419,6053,J1924-2914,0.61350971460342,215103,AP-N201-F101,0.14970281720161,0.14970281720161,183.47938537598,272.45001220703
04-APR-2025,7.0102462111419,6053,J1924-2914,0.61350971460342,215103,AP-N202-F101,0.14006534218788,0.14006534218788,173.47891235352,272.45001220703
04-APR-2025,7.0102462111419,6053,J1924-2914,0.61350971460342,227103,AP-N203-F102,0.15230798721313,0.15230798721313,191.46989440918,272.45001220703
04-APR-2025,7.0102462111419,6053,J1924-2914,0.61350971460342,227103,AP-N204-F102,0.14462324976921,0.14462324976921,179.72247314453,272.45001220703
04-APR-2025,7.0192739884155,6053,J1924-2914,0.61555409431458,215103,AP-N201-F101,0.14970281720161,0.14970281720161,183.47938537598,272.45001220703
04-APR-2025,7.0192739884155,6053,J1924-2914,0.61555409431458,215103,AP-N202-F101,0.14006534218788,0.14006534218788,173.47891235352,272.45001220703
04-APR-2025,7.0192739884155,6053,J1924-2914,0.61555409431458,227103,AP-N203-F102,0.15230798721313,0.15230798721313,191.46989440918,272.45001220703
04-APR-2025,7.0192739884155,6053,J1924-2914,0.61555409431458,227103,AP-N204-F102,0.14462324976921,0.14462324976921,179.72247314453,272.45001220703
04-APR-2025,7.0281628777295,6053,J1924-2914,0.61756724119186,215103,AP-N201-F101,0.14970281720161,0.14970281720161,183.47938537598,272.45001220703
04-APR-2025,7.0281628777295,6053,J1924-2914,0.61756724119186,215103,AP-N202-F101,0.14006534218788,0.14006534218788,173.47891235352,272.45001220703
04-APR-2025,7.0281628777295,6053,J1924-2914,0.61756724119186,227103,AP-N203-F102,0.15230798721313,0.15230798721313,191.46989440918,272.45001220703
04-APR-2025,7.0281628777295,6053,J1924-2914,0.61756724119186,227103,AP-N204-F102,0.14462324976921,0.14462324976921,179.72247314453,272.45001220703
04-APR-2025,7.0869128791394,6058,SGRA,1.0075600147247,215103,AP-N201-F101,0.15432859957218,0.15432859957218,149.63671875,272.45001220703
04-APR-2025,7.0869128791394,6058,SGRA,1.0075600147247,215103,AP-N202-F101,0.13798312842846,0.13798312842846,139.29298400879,272.45001220703
04-APR-2025,7.0869128791394,6058,SGRA,1.0075600147247,227103,AP-N203-F102,0.14952157437801,0.14952157437801,152.94306945801,272.45001220703
04-APR-2025,7.0869128791394,6058,SGRA,1.0075600147247,227103,AP-N204-F102,0.14131483435631,0.14131483435631,143.77473449707,272.45001220703
04-APR-2025,7.1112184353525,6062,SGRA,1.0131342411041,215103,AP-N201-F101,0.15432859957218,0.15432859957218,149.63671875,272.45001220703
04-APR-2025,7.1112184353525,6062,SGRA,1.0131342411041,215103,AP-N202-F101,0.13798312842846,0.13798312842846,139.29298400879,272.45001220703
04-APR-2025,7.1112184353525,6062,SGRA,1.0131342411041,227103,AP-N203-F102,0.14952157437801,0.14952157437801,152.94306945801,272.45001220703
04-APR-2025,7.1112184353525,6062,SGRA,1.0131342411041,227103,AP-N204-F102,0.14131483435631,0.14131483435631,143.77473449707,272.45001220703
04-APR-2025,7.1201073241427,6062,SGRA,1.0151727199554,215103,AP-N201-F101,0.15432859957218,0.15432859957218,149.63671875,272.45001220703
04-APR-2025,7.1201073241427,6062,SGRA,1.0151727199554,215103,AP-N202-F101,0.13798312842846,0.13798312842846,139.29298400879,272.45001220703
04-APR-2025,7.1201073241427,6062,SGRA,1.0151727199554,227103,AP-N203-F102,0.14952157437801,0.14952157437801,152.94306945801,272.45001220703
04-APR-2025,7.1201073241427,6062,SGRA,1.0151727199554,227103,AP-N204-F102,0.14131483435631,0.14131483435631,143.77473449707,272.45001220703
04-APR-2025,7.1289962125835,6062,SGRA,1.0172109603882,215103,AP-N201-F101,0.15432859957218,0.15432859957218,149.63671875,272.45001220703
04-APR-2025,7.1289962125835,6062,SGRA,1.0172109603882,215103,AP-N202-F101,0.13798312842846,0.13798312842846,139.29298400879,272.45001220703
04-APR-2025,7.1289962125835,6062,SGRA,1.0172109603882,227103,AP-N203-F102,0.14952157437801,0.14952157437801,152.94306945801,272.45001220703
04-APR-2025,7.1289962125835,6062,SGRA,1.0172109603882,227103,AP-N204-F102,0.14131483435631,0.14131483435631,143.77473449707,272.45001220703
04-APR-2025,7.1381628788646,6062,SGRA,1.0193128585815,215103,AP-N201-F101,0.15432859957218,0.15432859957218,149.63671875,272.45001220703
04-APR-2025,7.1381628788646,6062,SGRA,1.0193128585815,215103,AP-N202-F101,0.13798312842846,0.13798312842846,139.29298400879,272.45001220703
04-APR-2025,7.1381628788646,6062,SGRA,1.0193128585815,227103,AP-N203-F102,0.14952157437801,0.14952157437801,152.94306945801,272.45001220703
04-APR-2025,7.1381628788646,6062,SGRA,1.0193128585815,227103,AP-N204-F102,0.14131483435631,0.14131483435631,143.77473449707,272.45001220703
04-APR-2025,7.1473295446217,6062,SGRA,1.0214145183563,215103,AP-N201-F101,0.15432859957218,0.15432859957218,149.63671875,272.45001220703
04-APR-2025,7.1473295446217,6062,SGRA,1.0214145183563,215103,AP-N202-F101,0.13798312842846,0.13798312842846,139.29298400879,272.45001220703
04-APR-2025,7.1473295446217,6062,SGRA,1.0214145183563,227103,AP-N203-F102,0.14952157437801,0.14952157437801,152.94306945801,272.45001220703
04-APR-2025,7.1473295446217,6062,SGRA,1.0214145183563,227103,AP-N204-F102,0.14131483435631,0.14131483435631,143.77473449707,272.45001220703
04-APR-2025,7.1562184335865,6062,SGRA,1.0234524011612,215103,AP-N201-F101,0.15432859957218,0.15432859957218,149.63671875,272.45001220703
04-APR-2025,7.1562184335865,6062,SGRA,1.0234524011612,215103,AP-N202-F101,0.13798312842846,0.13798312842846,139.29298400879,272.45001220703
04-APR-2025,7.1562184335865,6062,SGRA,1.0234524011612,227103,AP-N203-F102,0.14952157437801,0.14952157437801,152.94306945801,272.45001220703
04-APR-2025,7.1562184335865,6062,SGRA,1.0234524011612,227103,AP-N204-F102,0.14131483435631,0.14131483435631,143.77473449707,272.45001220703
04-APR-2025,7.1651073223766,6062,SGRA,1.0254902839661,215103,AP-N201-F101,0.15432859957218,0.15432859957218,149.63671875,272.45001220703
04-APR-2025,7.1651073223766,6062,SGRA,1.0254902839661,215103,AP-N202-F101,0.13798312842846,0.13798312842846,139.29298400879,272.45001220703
04-APR-2025,7.1651073223766,6062,SGRA,1.0254902839661,227103,AP-N203-F102,0.14952157437801,0.14952157437801,152.94306945801,272.45001220703
04-APR-2025,7.1651073223766,6062,SGRA,1.0254902839661,227103,AP-N204-F102,0.14131483435631,0.14131483435631,143.77473449707,272.45001220703
04-APR-2025,7.1739962113413,6062,SGRA,1.0275279283524,215103,AP-N201-F101,0.15432859957218,0.15432859957218,149.63671875,272.45001220703
04-APR-2025,7.1739962113413,6062,SGRA,1.0275279283524,215103,AP-N202-F101,0.13798312842846,0.13798312842846,139.29298400879,272.45001220703
04-APR-2025,7.1739962113413,6062,SGRA,1.0275279283524,227103,AP-N203-F102,0.14952157437801,0.14952157437801,152.94306945801,272.45001220703
04-APR-2025,7.1739962113413,6062,SGRA,1.0275279283524,227103,AP-N204-F102,0.14131483435631,0.14131483435631,143.77473449707,272.45001220703
04-APR-2025,7.1828851004807,6062,SGRA,1.0295653343201,215103,AP-N201-F101,0.15432859957218,0.15432859957218,149.63671875,272.45001220703
04-APR-2025,7.1828851004807,6062,SGRA,1.0295653343201,215103,AP-N202-F101,0.13798312842846,0.13798312842846,139.29298400879,272.45001220703
04-APR-2025,7.1828851004807,6062,SGRA,1.0295653343201,227103,AP-N203-F102,0.14952157437801,0.14952157437801,152.94306945801,272.45001220703
04-APR-2025,7.1828851004807,6062,SGRA,1.0295653343201,227103,AP-N204-F102,0.14131483435631,0.14131483435631,143.77473449707,272.45001220703
04-APR-2025,7.1917739889216,6062,SGRA,1.0316027402878,215103,AP-N201-F101,0.15432859957218,0.15432859957218,149.63671875,272.45001220703
04-APR-2025,7.1917739889216,6062,SGRA,1.0316027402878,215103,AP-N202-F101,0.13798312842846,0.13798312842846,139.29298400879,272.45001220703
04-APR-2025,7.1917739889216,6062,SGRA,1.0316027402878,227103,AP-N203-F102,0.14952157437801,0.14952157437801,152.94306945801,272.45001220703
04-APR-2025,7.1917739889216,6062,SGRA,1.0316027402878,227103,AP-N204-F102,0.14131483435631,0.14131483435631,143.77473449707,272.45001220703
04-APR-2025,7.200940655028,6062,SGRA,1.0337035655975,215103,AP-N201-F101,0.15432859957218,0.15432859957218,149.63671875,272.45001220703
04-APR-2025,7.200940655028,6062,SGRA,1.0337035655975,215103,AP-N202-F101,0.13798312842846,0.13798312842846,139.29298400879,272.45001220703
04-APR-2025,7.200940655028,6062,SGRA,1.0337035655975,227103,AP-N203-F102,0.14952157437801,0.14952157437801,152.94306945801,272.45001220703
04-APR-2025,7.200940655028,6062,SGRA,1.0337035655975,227103,AP-N204-F102,0.14131483435631,0.14131483435631,143.77473449707,272.45001220703
04-APR-2025,7.2099684324762,6062,SGRA,1.0357724428177,215103,AP-N201-F101,0.15432859957218,0.15432859957218,149.63671875,272.45001220703
04-APR-2025,7.2099684324762,6062,SGRA,1.0357724428177,215103,AP-N202-F101,0.13798312842846,0.13798312842846,139.29298400879,272.45001220703
04-APR-2025,7.2099684324762,6062,SGRA,1.0357724428177,227103,AP-N203-F102,0.14952157437801,0.14952157437801,152.94306945801,272.45001220703
04-APR-2025,7.2099684324762,6062,SGRA,1.0357724428177,227103,AP-N204-F102,0.14131483435631,0.14131483435631,143.77473449707,272.45001220703
04-APR-2025,7.2189962118454,6062,SGRA,1.0378410816193,215103,AP-N201-F101,0.15432859957218,0.15432859957218,149.63671875,272.45001220703
04-APR-2025,7.2189962118454,6062,SGRA,1.0378410816193,215103,AP-N202-F101,0.13798312842846,0.13798312842846,139.29298400879,272.45001220703
04-APR-2025,7.2189962118454,6062,SGRA,1.0378410816193,227103,AP-N203-F102,0.14952157437801,0.14952157437801,152.94306945801,272.45001220703
04-APR-2025,7.2189962118454,6062,SGRA,1.0378410816193,227103,AP-N204-F102,0.14131483435631,0.14131483435631,143.77473449707,272.45001220703
04-APR-2025,7.2298295462152,6062,SGRA,1.0403232574463,215103,AP-N201-F101,0.15432859957218,0.15432859957218,149.63671875,272.45001220703
04-APR-2025,7.2298295462152,6062,SGRA,1.0403232574463,215103,AP-N202-F101,0.13798312842846,0.13798312842846,139.29298400879,272.45001220703
04-APR-2025,7.2298295462152,6062,SGRA,1.0403232574463,227103,AP-N203-F102,0.14952157437801,0.14952157437801,152.94306945801,272.45001220703
04-APR-2025,7.2298295462152,6062,SGRA,1.0403232574463,227103,AP-N204-F102,0.14131483435631,0.14131483435631,143.77473449707,272.45001220703
04-APR-2025,7.2389962140678,6062,SGRA,1.0424233675003,215103,AP-N201-F101,0.15432859957218,0.15432859957218,149.63671875,272.45001220703
04-APR-2025,7.2389962140678,6062,SGRA,1.0424233675003,215103,AP-N202-F101,0.13798312842846,0.13798312842846,139.29298400879,272.45001220703
04-APR-2025,7.2389962140678,6062,SGRA,1.0424233675003,227103,AP-N203-F102,0.14952157437801,0.14952157437801,152.94306945801,272.45001220703
04-APR-2025,7.2389962140678,6062,SGRA,1.0424233675003,227103,AP-N204-F102,0.14131483435631,0.14131483435631,143.77473449707,272.45001220703
04-APR-2025,7.3871906550429,6067,J1751+0939,0.77798992395401,215103,AP-N201-F101,0.14629621803761,0.14629621803761,160.46713256836,272.64999389648
04-APR-2025,7.3871906550429,6067,J1751+0939,0.77798992395401,215103,AP-N202-F101,0.13370026648045,0.13370026648045,150.38700866699,272.64999389648
04-APR-2025,7.3871906550429,6067,J1751+0939,0.77798992395401,227103,AP-N203-F102,0.14543400704861,0.14543400704861,165.69944763184,272.64999389648
04-APR-2025,7.3871906550429,6067,J1751+0939,0.77798992395401,227103,AP-N204-F102,0.13721823692322,0.13721823692322,155.28895568848,272.64999389648
04-APR-2025,7.4117739866515,6071,J1751+0939,0.78236645460129,215103,AP-N201-F101,0.14629621803761,0.14629621803761,160.46713256836,272.64999389648
04-APR-2025,7.4117739866515,6071,J1751+0939,0.78236645460129,215103,AP-N202-F101,0.13370026648045,0.13370026648045,150.38700866699,272.64999389648
04-APR-2025,7.4117739866515,6071,J1751+0939,0.78236645460129,227103,AP-N203-F102,0.14543400704861,0.14543400704861,165.69944763184,272.64999389648
04-APR-2025,7.4117739866515,6071,J1751+0939,0.78236645460129,227103,AP-N204-F102,0.13721823692322,0.13721823692322,155.28895568848,272.64999389648
04-APR-2025,7.4210795415907,6071,J1751+0939,0.78401637077332,215103,AP-N201-F101,0.14629621803761,0.14629621803761,160.46713256836,272.64999389648
04-APR-2025,7.4210795415907,6071,J1751+0939,0.78401637077332,215103,AP-N202-F101,0.13370026648045,0.13370026648045,150.38700866699,272.64999389648
04-APR-2025,7.4210795415907,6071,J1751+0939,0.78401637077332,227103,AP-N203-F102,0.14543400704861,0.14543400704861,165.69944763184,272.64999389648
04-APR-2025,7.4210795415907,6071,J1751+0939,0.78401637077332,227103,AP-N204-F102,0.13721823692322,0.13721823692322,155.28895568848,272.64999389648
04-APR-2025,7.4303850986254,6071,J1751+0939,0.78566247224808,215103,AP-N201-F101,0.14629621803761,0.14629621803761,160.46713256836,272.64999389648
04-APR-2025,7.4303850986254,6071,J1751+0939,0.78566247224808,215103,AP-N202-F101,0.13370026648045,0.13370026648045,150.38700866699,272.64999389648
04-APR-2025,7.4303850986254,6071,J1751+0939,0.78566247224808,227103,AP-N203-F102,0.14543400704861,0.14543400704861,165.69944763184,272.64999389648
04-APR-2025,7.4303850986254,6071,J1751+0939,0.78566247224808,227103,AP-N204-F102,0.13721823692322,0.13721823692322,155.28895568848,272.64999389648
04-APR-2025,7.5938572638829,6079,J1924-2914,0.74620544910431,215103,AP-N201-F101,0.13285186886787,0.13285186886787,154.93255615234,272.25
04-APR-2025,7.5938572638829,6079,J1924-2914,0.74620544910431,215103,AP-N202-F101,0.12074782699347,0.12074782699347,145.18183898926,272.25
04-APR-2025,7.5938572638829,6079,J1924-2914,0.74620544910431,227103,AP-N203-F102,0.13158038258553,0.13158038258553,160.18008422852,272.25
04-APR-2025,7.5938572638829,6079,J1924-2914,0.74620544910431,227103,AP-N204-F102,0.12355726212263,0.12355726212263,149.68632507324,272.25
04-APR-2025,7.6112183753141,6083,J1924-2914,0.75016736984253,215103,AP-N201-F101,0.13285186886787,0.13285186886787,154.93255615234,272.25
04-APR-2025,7.6112183753141,6083,J1924-2914,0.75016736984253,215103,AP-N202-F101,0.12074782699347,0.12074782699347,145.18183898926,272.25
04-APR-2025,7.6112183753141,6083,J1924-2914,0.75016736984253,227103,AP-N203-F102,0.13158038258553,0.13158038258553,160.18008422852,272.25
04-APR-2025,7.6112183753141,6083,J1924-2914,0.75016736984253,227103,AP-N204-F102,0.12355726212263,0.12355726212263,149.68632507324,272.25
04-APR-2025,7.6202461552071,6083,J1924-2914,0.75222772359848,215103,AP-N201-F101,0.13285186886787,0.13285186886787,154.93255615234,272.25
04-APR-2025,7.6202461552071,6083,J1924-2914,0.75222772359848,215103,AP-N202-F101,0.12074782699347,0.12074782699347,145.18183898926,272.25
04-APR-2025,7.6202461552071,6083,J1924-2914,0.75222772359848,227103,AP-N203-F102,0.13158038258553,0.13158038258553,160.18008422852,272.25
04-APR-2025,7.6202461552071,6083,J1924-2914,0.75222772359848,227103,AP-N204-F102,0.12355726212263,0.12355726212263,149.68632507324,272.25
04-APR-2025,7.6292739330046,6083,J1924-2914,0.75428831577301,215103,AP-N201-F101,0.13285186886787,0.13285186886787,154.93255615234,272.25
04-APR-2025,7.6292739330046,6083,J1924-2914,0.75428831577301,215103,AP-N202-F101,0.12074782699347,0.12074782699347,145.18183898926,272.25
04-APR-2025,7.6292739330046,6083,J1924-2914,0.75428831577301,227103,AP-N203-F102,0.13158038258553,0.13158038258553,160.18008422852,272.25
04-APR-2025,7.6292739330046,6083,J1924-2914,0.75428831577301,227103,AP-N204-F102,0.12355726212263,0.12355726212263,149.68632507324,272.25
04-APR-2025,7.6869128178151,6088,SGRA,1.1446996927261,215103,AP-N201-F101,0.14648696780205,0.14648696780205,140.56881713867,272.25
04-APR-2025,7.6869128178151,6088,SGRA,1.1446996927261,215103,AP-N202-F101,0.12798109650612,0.12798109650612,129.98080444336,272.25
04-APR-2025,7.6869128178151,6088,SGRA,1.1446996927261,227103,AP-N203-F102,0.13826128840446,0.13826128840446,142.56530761719,272.25
04-APR-2025,7.6869128178151,6088,SGRA,1.1446996927261,227103,AP-N204-F102,0.12972044944763,0.12972044944763,133.89974975586,272.25
04-APR-2025,7.711079484497,6092,SGRA,1.1501902341843,215103,AP-N201-F101,0.14648696780205,0.14648696780205,140.56881713867,272.25
04-APR-2025,7.711079484497,6092,SGRA,1.1501902341843,215103,AP-N202-F101,0.12798109650612,0.12798109650612,129.98080444336,272.25
04-APR-2025,7.711079484497,6092,SGRA,1.1501902341843,227103,AP-N203-F102,0.13826128840446,0.13826128840446,142.56530761719,272.25
04-APR-2025,7.711079484497,6092,SGRA,1.1501902341843,227103,AP-N204-F102,0.12972044944763,0.12972044944763,133.89974975586,272.25
04-APR-2025,7.720107261596,6092,SGRA,1.1522402763367,215103,AP-N201-F101,0.14648696780205,0.14648696780205,140.56881713867,272.25
04-APR-2025,7.720107261596,6092,SGRA,1.1522402763367,215103,AP-N202-F101,0.12798109650612,0.12798109650612,129.98080444336,272.25
04-APR-2025,7.720107261596,6092,SGRA,1.1522402763367,227103,AP-N203-F102,0.13826128840446,0.13826128840446,142.56530761719,272.25
04-APR-2025,7.720107261596,6092,SGRA,1.1522402763367,227103,AP-N204-F102,0.12972044944763,0.12972044944763,133.89974975586,272.25
04-APR-2025,7.7289961507353,6092,SGRA,1.1542582511902,215103,AP-N201-F101,0.14648696780205,0.14648696780205,140.56881713867,272.25
04-APR-2025,7.7289961507353,6092,SGRA,1.1542582511902,215103,AP-N202-F101,0.12798109650612,0.12798109650612,129.98080444336,272.25
04-APR-2025,7.7289961507353,6092,SGRA,1.1542582511902,227103,AP-N203-F102,0.13826128840446,0.13826128840446,142.56530761719,272.25
04-APR-2025,7.7289961507353,6092,SGRA,1.1542582511902,227103,AP-N204-F102,0.12972044944763,0.12972044944763,133.89974975586,272.25
04-APR-2025,7.7378850397001,6092,SGRA,1.1562757492065,215103,AP-N201-F101,0.14648696780205,0.14648696780205,140.56881713867,272.25
04-APR-2025,7.7378850397001,6092,SGRA,1.1562757492065,215103,AP-N202-F101,0.12798109650612,0.12798109650612,129.98080444336,272.25
04-APR-2025,7.7378850397001,6092,SGRA,1.1562757492065,227103,AP-N203-F102,0.13826128840446,0.13826128840446,142.56530761719,272.25
04-APR-2025,7.7378850397001,6092,SGRA,1.1562757492065,227103,AP-N204-F102,0.12972044944763,0.12972044944763,133.89974975586,272.25
04-APR-2025,7.7467739283156,6092,SGRA,1.1582925319672,215103,AP-N201-F101,0.14648696780205,0.14648696780205,140.56881713867,272.25
04-APR-2025,7.7467739283156,6092,SGRA,1.1582925319672,215103,AP-N202-F101,0.12798109650612,0.12798109650612,129.98080444336,272.25
04-APR-2025,7.7467739283156,6092,SGRA,1.1582925319672,227103,AP-N203-F102,0.13826128840446,0.13826128840446,142.56530761719,272.25
04-APR-2025,7.7467739283156,6092,SGRA,1.1582925319672,227103,AP-N204-F102,0.12972044944763,0.12972044944763,133.89974975586,272.25
04-APR-2025,7.7556628174549,6092,SGRA,1.1603088378906,215103,AP-N201-F101,0.14648696780205,0.14648696780205,140.56881713867,272.25
04-APR-2025,7.7556628174549,6092,SGRA,1.1603088378906,215103,AP-N202-F101,0.12798109650612,0.12798109650612,129.98080444336,272.25
04-APR-2025,7.7556628174549,6092,SGRA,1.1603088378906,227103,AP-N203-F102,0.13826128840446,0.13826128840446,142.56530761719,272.25
04-APR-2025,7.7556628174549,6092,SGRA,1.1603088378906,227103,AP-N204-F102,0.12972044944763,0.12972044944763,133.89974975586,272.25
04-APR-2025,7.7645517060704,6092,SGRA,1.1623245477676,215103,AP-N201-F101,0.14648696780205,0.14648696780205,140.56881713867,272.25
04-APR-2025,7.7645517060704,6092,SGRA,1.1623245477676,215103,AP-N202-F101,0.12798109650612,0.12798109650612,129.98080444336,272.25
04-APR-2025,7.7645517060704,6092,SGRA,1.1623245477676,227103,AP-N203-F102,0.13826128840446,0.13826128840446,142.56530761719,272.25
04-APR-2025,7.7645517060704,6092,SGRA,1.1623245477676,227103,AP-N204-F102,0.12972044944763,0.12972044944763,133.89974975586,272.25
04-APR-2025,7.7734405945113,6092,SGRA,1.1643396615982,215103,AP-N201-F101,0.14648696780205,0.14648696780205,140.56881713867,272.25
04-APR-2025,7.7734405945113,6092,SGRA,1.1643396615982,215103,AP-N202-F101,0.12798109650612,0.12798109650612,129.98080444336,272.25
04-APR-2025,7.7734405945113,6092,SGRA,1.1643396615982,227103,AP-N203-F102,0.13826128840446,0.13826128840446,142.56530761719,272.25
04-APR-2025,7.7734405945113,6092,SGRA,1.1643396615982,227103,AP-N204-F102,0.12972044944763,0.12972044944763,133.89974975586,272.25
04-APR-2025,7.7823294836507,6092,SGRA,1.166354060173,215103,AP-N201-F101,0.14648696780205,0.14648696780205,140.56881713867,272.25
04-APR-2025,7.7823294836507,6092,SGRA,1.166354060173,215103,AP-N202-F101,0.12798109650612,0.12798109650612,129.98080444336,272.25
04-APR-2025,7.7823294836507,6092,SGRA,1.166354060173,227103,AP-N203-F102,0.13826128840446,0.13826128840446,142.56530761719,272.25
04-APR-2025,7.7823294836507,6092,SGRA,1.166354060173,227103,AP-N204-F102,0.12972044944763,0.12972044944763,133.89974975586,272.25
04-APR-2025,7.7912183724408,6092,SGRA,1.1683679819107,215103,AP-N201-F101,0.14648696780205,0.14648696780205,140.56881713867,272.25
04-APR-2025,7.7912183724408,6092,SGRA,1.1683679819107,215103,AP-N202-F101,0.12798109650612,0.12798109650612,129.98080444336,272.25
04-APR-2025,7.7912183724408,6092,SGRA,1.1683679819107,227103,AP-N203-F102,0.13826128840446,0.13826128840446,142.56530761719,272.25
04-APR-2025,7.7912183724408,6092,SGRA,1.1683679819107,227103,AP-N204-F102,0.12972044944763,0.12972044944763,133.89974975586,272.25
04-APR-2025,7.8001072614055,6092,SGRA,1.1703813076019,215103,AP-N201-F101,0.14648696780205,0.14648696780205,140.56881713867,272.25
04-APR-2025,7.8001072614055,6092,SGRA,1.1703813076019,215103,AP-N202-F101,0.12798109650612,0.12798109650612,129.98080444336,272.25
04-APR-2025,7.8001072614055,6092,SGRA,1.1703813076019,227103,AP-N203-F102,0.13826128840446,0.13826128840446,142.56530761719,272.25
04-APR-2025,7.8001072614055,6092,SGRA,1.1703813076019,227103,AP-N204-F102,0.12972044944763,0.12972044944763,133.89974975586,272.25
04-APR-2025,7.8089961501956,6092,SGRA,1.1723937988281,215103,AP-N201-F101,0.14648696780205,0.14648696780205,140.56881713867,272.25
04-APR-2025,7.8089961501956,6092,SGRA,1.1723937988281,215103,AP-N202-F101,0.12798109650612,0.12798109650612,129.98080444336,272.25
04-APR-2025,7.8089961501956,6092,SGRA,1.1723937988281,227103,AP-N203-F102,0.13826128840446,0.13826128840446,142.56530761719,272.25
04-APR-2025,7.8089961501956,6092,SGRA,1.1723937988281,227103,AP-N204-F102,0.12972044944763,0.12972044944763,133.89974975586,272.25
04-APR-2025,7.818162816302,6092,SGRA,1.1744686365128,215103,AP-N201-F101,0.14648696780205,0.14648696780205,140.56881713867,272.25
04-APR-2025,7.818162816302,6092,SGRA,1.1744686365128,215103,AP-N202-F101,0.12798109650612,0.12798109650612,129.98080444336,272.25
04-APR-2025,7.818162816302,6092,SGRA,1.1744686365128,227103,AP-N203-F102,0.13826128840446,0.13826128840446,142.56530761719,272.25
04-APR-2025,7.818162816302,6092,SGRA,1.1744686365128,227103,AP-N204-F102,0.12972044944763,0.12972044944763,133.89974975586,272.25
04-APR-2025,7.8289961510211,6092,SGRA,1.1769198179245,215103,AP-N201-F101,0.14648696780205,0.14648696780205,140.56881713867,272.25
04-APR-2025,7.8289961510211,6092,SGRA,1.1769198179245,215103,AP-N202-F101,0.12798109650612,0.12798109650612,129.98080444336,272.25
04-APR-2025,7.8289961510211,6092,SGRA,1.1769198179245,227103,AP-N203-F102,0.13826128840446,0.13826128840446,142.56530761719,272.25
04-APR-2025,7.8289961510211,6092,SGRA,1.1769198179245,227103,AP-N204-F102,0.12972044944763,0.12972044944763,133.89974975586,272.25
04-APR-2025,7.8378850401605,6092,SGRA,1.1789301633835,215103,AP-N201-F101,0.14648696780205,0.14648696780205,140.56881713867,272.25
04-APR-2025,7.8378850401605,6092,SGRA,1.1789301633835,215103,AP-N202-F101,0.12798109650612,0.12798109650612,129.98080444336,272.25
04-APR-2025,7.8378850401605,6092,SGRA,1.1789301633835,227103,AP-N203-F102,0.13826128840446,0.13826128840446,142.56530761719,272.25
04-APR-2025,7.8378850401605,6092,SGRA,1.1789301633835,227103,AP-N204-F102,0.12972044944763,0.12972044944763,133.89974975586,272.25
04-APR-2025,7.9799683719695,6095,SGRA,1.2109614610672,215103,AP-N201-F101,0.15229320526123,0.15229320526123,141.45536804199,272.35000610352
04-APR-2025,7.9799683719695,6095,SGRA,1.2109614610672,215103,AP-N202-F101,0.13316813111305,0.13316813111305,130.8201751709,272.35000610352
04-APR-2025,7.9799683719695,6095,SGRA,1.2109614610672,227103,AP-N203-F102,0.14369338750839,0.14369338750839,143.30459594727,272.35000610352
04-APR-2025,7.9799683719695,6095,SGRA,1.2109614610672,227103,AP-N204-F102,0.135328784585,0.135328784585,134.77159118652,272.35000610352
04-APR-2025,8.0112183719169,6099,SGRA,1.2179765701294,215103,AP-N201-F101,0.15229320526123,0.15229320526123,141.45536804199,272.35000610352
04-APR-2025,8.0112183719169,6099,SGRA,1.2179765701294,215103,AP-N202-F101,0.13316813111305,0.13316813111305,130.8201751709,272.35000610352
04-APR-2025,8.0112183719169,6099,SGRA,1.2179765701294,227103,AP-N203-F102,0.14369338750839,0.14369338750839,143.30459594727,272.35000610352
04-APR-2025,8.0112183719169,6099,SGRA,1.2179765701294,227103,AP-N204-F102,0.135328784585,0.135328784585,134.77159118652,272.35000610352
04-APR-2025,8.0201072605324,6099,SGRA,1.2199696302414,215103,AP-N201-F101,0.15229320526123,0.15229320526123,141.45536804199,272.35000610352
04-APR-2025,8.0201072605324,6099,SGRA,1.2199696302414,215103,AP-N202-F101,0.13316813111305,0.13316813111305,130.8201751709,272.35000610352
04-APR-2025,8.0201072605324,6099,SGRA,1.2199696302414,227103,AP-N203-F102,0.14369338750839,0.14369338750839,143.30459594727,272.35000610352
04-APR-2025,8.0201072605324,6099,SGRA,1.2199696302414,227103,AP-N204-F102,0.135328784585,0.135328784585,134.77159118652,272.35000610352
04-APR-2025,8.0289961493225,6099,SGRA,1.2219618558884,215103,AP-N201-F101,0.15229320526123,0.15229320526123,141.45536804199,272.35000610352
04-APR-2025,8.0289961493225,6099,SGRA,1.2219618558884,215103,AP-N202-F101,0.13316813111305,0.13316813111305,130.8201751709,272.35000610352
04-APR-2025,8.0289961493225,6099,SGRA,1.2219618558884,227103,AP-N203-F102,0.14369338750839,0.14369338750839,143.30459594727,272.35000610352
04-APR-2025,8.0289961493225,6099,SGRA,1.2219618558884,227103,AP-N204-F102,0.135328784585,0.135328784585,134.77159118652,272.35000610352
04-APR-2025,8.0378850381127,6099,SGRA,1.2239530086517,215103,AP-N201-F101,0.15229320526123,0.15229320526123,141.45536804199,272.35000610352
04-APR-2025,8.0378850381127,6099,SGRA,1.2239530086517,215103,AP-N202-F101,0.13316813111305,0.13316813111305,130.8201751709,272.35000610352
04-APR-2025,8.0378850381127,6099,SGRA,1.2239530086517,227103,AP-N203-F102,0.14369338750839,0.14369338750839,143.30459594727,272.35000610352
04-APR-2025,8.0378850381127,6099,SGRA,1.2239530086517,227103,AP-N204-F102,0.135328784585,0.135328784585,134.77159118652,272.35000610352
04-APR-2025,8.0470517068384,6099,SGRA,1.2260051965714,215103,AP-N201-F101,0.15229320526123,0.15229320526123,141.45536804199,272.35000610352
04-APR-2025,8.0470517068384,6099,SGRA,1.2260051965714,215103,AP-N202-F101,0.13316813111305,0.13316813111305,130.8201751709,272.35000610352
04-APR-2025,8.0470517068384,6099,SGRA,1.2260051965714,227103,AP-N203-F102,0.14369338750839,0.14369338750839,143.30459594727,272.35000610352
04-APR-2025,8.0470517068384,6099,SGRA,1.2260051965714,227103,AP-N204-F102,0.135328784585,0.135328784585,134.77159118652,272.35000610352
04-APR-2025,8.0559405956285,6099,SGRA,1.2279940843582,215103,AP-N201-F101,0.15229320526123,0.15229320526123,141.45536804199,272.35000610352
04-APR-2025,8.0559405956285,6099,SGRA,1.2279940843582,215103,AP-N202-F101,0.13316813111305,0.13316813111305,130.8201751709,272.35000610352
04-APR-2025,8.0559405956285,6099,SGRA,1.2279940843582,227103,AP-N203-F102,0.14369338750839,0.14369338750839,143.30459594727,272.35000610352
04-APR-2025,8.0559405956285,6099,SGRA,1.2279940843582,227103,AP-N204-F102,0.135328784585,0.135328784585,134.77159118652,272.35000610352
04-APR-2025,8.0648294844186,6099,SGRA,1.2299818992615,215103,AP-N201-F101,0.15229320526123,0.15229320526123,141.45536804199,272.35000610352
04-APR-2025,8.0648294844186,6099,SGRA,1.2299818992615,215103,AP-N202-F101,0.13316813111305,0.13316813111305,130.8201751709,272.35000610352
04-APR-2025,8.0648294844186,6099,SGRA,1.2299818992615,227103,AP-N203-F102,0.14369338750839,0.14369338750839,143.30459594727,272.35000610352
04-APR-2025,8.0648294844186,6099,SGRA,1.2299818992615,227103,AP-N204-F102,0.135328784585,0.135328784585,134.77159118652,272.35000610352
04-APR-2025,8.0737183730341,6099,SGRA,1.2319685220718,215103,AP-N201-F101,0.15229320526123,0.15229320526123,141.45536804199,272.35000610352
04-APR-2025,8.0737183730341,6099,SGRA,1.2319685220718,215103,AP-N202-F101,0.13316813111305,0.13316813111305,130.8201751709,272.35000610352
04-APR-2025,8.0737183730341,6099,SGRA,1.2319685220718,227103,AP-N203-F102,0.14369338750839,0.14369338750839,143.30459594727,272.35000610352
04-APR-2025,8.0737183730341,6099,SGRA,1.2319685220718,227103,AP-N204-F102,0.135328784585,0.135328784585,134.77159118652,272.35000610352
04-APR-2025,8.0826072619989,6099,SGRA,1.2339540719986,215103,AP-N201-F101,0.15229320526123,0.15229320526123,141.45536804199,272.35000610352
04-APR-2025,8.0826072619989,6099,SGRA,1.2339540719986,215103,AP-N202-F101,0.13316813111305,0.13316813111305,130.8201751709,272.35000610352
04-APR-2025,8.0826072619989,6099,SGRA,1.2339540719986,227103,AP-N203-F102,0.14369338750839,0.14369338750839,143.30459594727,272.35000610352
04-APR-2025,8.0826072619989,6099,SGRA,1.2339540719986,227103,AP-N204-F102,0.135328784585,0.135328784585,134.77159118652,272.35000610352
04-APR-2025,8.091496150789,6099,SGRA,1.2359384298325,215103,AP-N201-F101,0.15229320526123,0.15229320526123,141.45536804199,272.35000610352
04-APR-2025,8.091496150789,6099,SGRA,1.2359384298325,215103,AP-N202-F101,0.13316813111305,0.13316813111305,130.8201751709,272.35000610352
04-APR-2025,8.091496150789,6099,SGRA,1.2359384298325,227103,AP-N203-F102,0.14369338750839,0.14369338750839,143.30459594727,272.35000610352
04-APR-2025,8.091496150789,6099,SGRA,1.2359384298325,227103,AP-N204-F102,0.135328784585,0.135328784585,134.77159118652,272.35000610352
04-APR-2025,8.1003850397537,6099,SGRA,1.2379215955734,215103,AP-N201-F101,0.15229320526123,0.15229320526123,141.45536804199,272.35000610352
04-APR-2025,8.1003850397537,6099,SGRA,1.2379215955734,215103,AP-N202-F101,0.13316813111305,0.13316813111305,130.8201751709,272.35000610352
04-APR-2025,8.1003850397537,6099,SGRA,1.2379215955734,227103,AP-N203-F102,0.14369338750839,0.14369338750839,143.30459594727,272.35000610352
04-APR-2025,8.1003850397537,6099,SGRA,1.2379215955734,227103,AP-N204-F102,0.135328784585,0.135328784585,134.77159118652,272.35000610352
04-APR-2025,8.1092739285438,6099,SGRA,1.2399034500122,215103,AP-N201-F101,0.15229320526123,0.15229320526123,141.45536804199,272.35000610352
04-APR-2025,8.1092739285438,6099,SGRA,1.2399034500122,215103,AP-N202-F101,0.13316813111305,0.13316813111305,130.8201751709,272.35000610352
04-APR-2025,8.1092739285438,6099,SGRA,1.2399034500122,227103,AP-N203-F102,0.14369338750839,0.14369338750839,143.30459594727,272.35000610352
04-APR-2025,8.1092739285438,6099,SGRA,1.2399034500122,227103,AP-N204-F102,0.135328784585,0.135328784585,134.77159118652,272.35000610352
04-APR-2025,8.1198294810572,6099,SGRA,1.242255449295,215103,AP-N201-F101,0.15229320526123,0.15229320526123,141.45536804199,272.35000610352
04-APR-2025,8.1198294810572,6099,SGRA,1.242255449295,215103,AP-N202-F101,0.13316813111305,0.13316813111305,130.8201751709,272.35000610352
04-APR-2025,8.1198294810572,6099,SGRA,1.242255449295,227103,AP-N203-F102,0.14369338750839,0.14369338750839,143.30459594727,272.35000610352
04-APR-2025,8.1198294810572,6099,SGRA,1.242255449295,227103,AP-N204-F102,0.135328784585,0.135328784585,134.77159118652,272.35000610352
04-APR-2025,8.1287183700219,6099,SGRA,1.2442345619202,215103,AP-N201-F101,0.15229320526123,0.15229320526123,141.45536804199,272.35000610352
04-APR-2025,8.1287183700219,6099,SGRA,1.2442345619202,215103,AP-N202-F101,0.13316813111305,0.13316813111305,130.8201751709,272.35000610352
04-APR-2025,8.1287183700219,6099,SGRA,1.2442345619202,227103,AP-N203-F102,0.14369338750839,0.14369338750839,143.30459594727,272.35000610352
04-APR-2025,8.1287183700219,6099,SGRA,1.2442345619202,227103,AP-N204-F102,0.135328784585,0.135328784585,134.77159118652,272.35000610352
04-APR-2025,8.1376072584628,6099,SGRA,1.2462124824524,215103,AP-N201-F101,0.15229320526123,0.15229320526123,141.45536804199,272.35000610352
04-APR-2025,8.1376072584628,6099,SGRA,1.2462124824524,215103,AP-N202-F101,0.13316813111305,0.13316813111305,130.8201751709,272.35000610352
04-APR-2025,8.1376072584628,6099,SGRA,1.2462124824524,227103,AP-N203-F102,0.14369338750839,0.14369338750839,143.30459594727,272.35000610352
04-APR-2025,8.1376072584628,6099,SGRA,1.2462124824524,227103,AP-N204-F102,0.135328784585,0.135328784585,134.77159118652,272.35000610352
04-APR-2025,8.287468368749,6104,J1751+0939,0.9173076748848,215103,AP-N201-F101,0.13907998800278,0.13907998800278,146.4049987793,271.95001220703
04-APR-2025,8.287468368749,6104,J1751+0939,0.9173076748848,215103,AP-N202-F101,0.12411912530661,0.12411912530661,136.33763122559,271.95001220703
04-APR-2025,8.287468368749,6104,J1751+0939,0.9173076748848,227103,AP-N203-F102,0.13477788865566,0.13477788865566,150.05575561523,271.95001220703
04-APR-2025,8.287468368749,6104,J1751+0939,0.9173076748848,227103,AP-N204-F102,0.12635688483715,0.12635688483715,140.47163391113,271.95001220703
04-APR-2025,8.3109405879491,6108,J1751+0939,0.92023938894272,215103,AP-N201-F101,0.13907998800278,0.13907998800278,146.4049987793,271.95001220703
04-APR-2025,8.3109405879491,6108,J1751+0939,0.92023938894272,215103,AP-N202-F101,0.12411912530661,0.12411912530661,136.33763122559,271.95001220703
04-APR-2025,8.3109405879491,6108,J1751+0939,0.92023938894272,227103,AP-N203-F102,0.13477788865566,0.13477788865566,150.05575561523,271.95001220703
04-APR-2025,8.3109405879491,6108,J1751+0939,0.92023938894272,227103,AP-N204-F102,0.12635688483715,0.12635688483715,140.47163391113,271.95001220703
04-APR-2025,8.3198294765646,6108,J1751+0939,0.92133861780167,215103,AP-N201-F101,0.13907998800278,0.13907998800278,146.4049987793,271.95001220703
04-APR-2025,8.3198294765646,6108,J1751+0939,0.92133861780167,215103,AP-N202-F101,0.12411912530661,0.12411912530661,136.33763122559,271.95001220703
04-APR-2025,8.3198294765646,6108,J1751+0939,0.92133861780167,227103,AP-N203-F102,0.13477788865566,0.13477788865566,150.05575561523,271.95001220703
04-APR-2025,8.3198294765646,6108,J1751+0939,0.92133861780167,227103,AP-N204-F102,0.12635688483715,0.12635688483715,140.47163391113,271.95001220703
04-APR-2025,8.3287183658786,6108,J1751+0939,0.9224317073822,215103,AP-N201-F101,0.13907998800278,0.13907998800278,146.4049987793,271.95001220703
04-APR-2025,8.3287183658786,6108,J1751+0939,0.9224317073822,215103,AP-N202-F101,0.12411912530661,0.12411912530661,136.33763122559,271.95001220703
04-APR-2025,8.3287183658786,6108,J1751+0939,0.9224317073822,227103,AP-N203-F102,0.13477788865566,0.13477788865566,150.05575561523,271.95001220703
04-APR-2025,8.3287183658786,6108,J1751+0939,0.9224317073822,227103,AP-N204-F102,0.12635688483715,0.12635688483715,140.47163391113,271.95001220703
04-APR-2025,8.4939514797441,6117,J1924-2914,0.95220559835434,215103,AP-N201-F101,0.14011034369469,0.14011034369469,145.23854064941,272.04998779297
04-APR-2025,8.4939514797441,6117,J1924-2914,0.95220559835434,215103,AP-N202-F101,0.12452170997858,0.12452170997858,135.63069152832,272.04998779297
04-APR-2025,8.4939514797441,6117,J1924-2914,0.95220559835434,227103,AP-N203-F102,0.1354311555624,0.1354311555624,148.60461425781,272.04998779297
04-APR-2025,8.4939514797441,6117,J1924-2914,0.95220559835434,227103,AP-N204-F102,0.12664850056171,0.12664850056171,139.80354309082,272.04998779297
04-APR-2025,8.5107570327009,6121,J1924-2914,0.95605659484863,215103,AP-N201-F101,0.14011034369469,0.14011034369469,145.23854064941,272.04998779297
04-APR-2025,8.5107570327009,6121,J1924-2914,0.95605659484863,215103,AP-N202-F101,0.12452170997858,0.12452170997858,135.63069152832,272.04998779297
04-APR-2025,8.5107570327009,6121,J1924-2914,0.95605659484863,227103,AP-N203-F102,0.1354311555624,0.1354311555624,148.60461425781,272.04998779297
04-APR-2025,8.5107570327009,6121,J1924-2914,0.95605659484863,227103,AP-N204-F102,0.12664850056171,0.12664850056171,139.80354309082,272.04998779297
04-APR-2025,8.5199236986327,6121,J1924-2914,0.95815712213516,215103,AP-N201-F101,0.14011034369469,0.14011034369469,145.23854064941,272.04998779297
04-APR-2025,8.5199236986327,6121,J1924-2914,0.95815712213516,215103,AP-N202-F101,0.12452170997858,0.12452170997858,135.63069152832,272.04998779297
04-APR-2025,8.5199236986327,6121,J1924-2914,0.95815712213516,227103,AP-N203-F102,0.1354311555624,0.1354311555624,148.60461425781,272.04998779297
04-APR-2025,8.5199236986327,6121,J1924-2914,0.95815712213516,227103,AP-N204-F102,0.12664850056171,0.12664850056171,139.80354309082,272.04998779297
04-APR-2025,8.5288125872482,6121,J1924-2914,0.96019387245178,215103,AP-N201-F101,0.14011034369469,0.14011034369469,145.23854064941,272.04998779297
04-APR-2025,8.5288125872482,6121,J1924-2914,0.96019387245178,215103,AP-N202-F101,0.12452170997858,0.12452170997858,135.63069152832,272.04998779297
04-APR-2025,8.5288125872482,6121,J1924-2914,0.96019387245178,227103,AP-N203-F102,0.1354311555624,0.1354311555624,148.60461425781,272.04998779297
04-APR-2025,8.5288125872482,6121,J1924-2914,0.96019387245178,227103,AP-N204-F102,0.12664850056171,0.12664850056171,139.80354309082,272.04998779297
04-APR-2025,8.5864514790436,6126,SGRA,1.3435609340668,215103,AP-N201-F101,0.15228806436062,0.15228806436062,138.83306884766,271.75
04-APR-2025,8.5864514790436,6126,SGRA,1.3435609340668,215103,AP-N202-F101,0.13132815063,0.13132815063,127.79296112061,271.75
04-APR-2025,8.5864514790436,6126,SGRA,1.3435609340668,227103,AP-N203-F102,0.14120277762413,0.14120277762413,139.8595123291,271.75
04-APR-2025,8.5864514790436,6126,SGRA,1.3435609340668,227103,AP-N204-F102,0.13323427736759,0.13323427736759,131.62997436523,271.75
04-APR-2025,8.6113125904133,6130,SGRA,1.3487364053726,215103,AP-N201-F101,0.15228806436062,0.15228806436062,138.83306884766,271.75
04-APR-2025,8.6113125904133,6130,SGRA,1.3487364053726,215103,AP-N202-F101,0.13132815063,0.13132815063,127.79296112061,271.75
04-APR-2025,8.6113125904133,6130,SGRA,1.3487364053726,227103,AP-N203-F102,0.14120277762413,0.14120277762413,139.8595123291,271.75
04-APR-2025,8.6113125904133,6130,SGRA,1.3487364053726,227103,AP-N204-F102,0.13323427736759,0.13323427736759,131.62997436523,271.75
04-APR-2025,8.620201479378,6130,SGRA,1.3505787849426,215103,AP-N201-F101,0.15228806436062,0.15228806436062,138.83306884766,271.75
04-APR-2025,8.620201479378,6130,SGRA,1.3505787849426,215103,AP-N202-F101,0.13132815063,0.13132815063,127.79296112061,271.75
04-APR-2025,8.620201479378,6130,SGRA,1.3505787849426,227103,AP-N203-F102,0.14120277762413,0.14120277762413,139.8595123291,271.75
04-APR-2025,8.620201479378,6130,SGRA,1.3505787849426,227103,AP-N204-F102,0.13323427736759,0.13323427736759,131.62997436523,271.75
04-APR-2025,8.6290903681681,6130,SGRA,1.3524167537689,215103,AP-N201-F101,0.15228806436062,0.15228806436062,138.83306884766,271.75
04-APR-2025,8.6290903681681,6130,SGRA,1.3524167537689,215103,AP-N202-F101,0.13132815063,0.13132815063,127.79296112061,271.75
04-APR-2025,8.6290903681681,6130,SGRA,1.3524167537689,227103,AP-N203-F102,0.14120277762413,0.14120277762413,139.8595123291,271.75
04-APR-2025,8.6290903681681,6130,SGRA,1.3524167537689,227103,AP-N204-F102,0.13323427736759,0.13323427736759,131.62997436523,271.75
04-APR-2025,8.6379792567836,6130,SGRA,1.3542499542236,215103,AP-N201-F101,0.15228806436062,0.15228806436062,138.83306884766,271.75
04-APR-2025,8.6379792567836,6130,SGRA,1.3542499542236,215103,AP-N202-F101,0.13132815063,0.13132815063,127.79296112061,271.75
04-APR-2025,8.6379792567836,6130,SGRA,1.3542499542236,227103,AP-N203-F102,0.14120277762413,0.14120277762413,139.8595123291,271.75
04-APR-2025,8.6379792567836,6130,SGRA,1.3542499542236,227103,AP-N204-F102,0.13323427736759,0.13323427736759,131.62997436523,271.75
04-APR-2025,8.6468681457483,6130,SGRA,1.3560786247253,215103,AP-N201-F101,0.15228806436062,0.15228806436062,138.83306884766,271.75
04-APR-2025,8.6468681457483,6130,SGRA,1.3560786247253,215103,AP-N202-F101,0.13132815063,0.13132815063,127.79296112061,271.75
04-APR-2025,8.6468681457483,6130,SGRA,1.3560786247253,227103,AP-N203-F102,0.14120277762413,0.14120277762413,139.8595123291,271.75
04-APR-2025,8.6468681457483,6130,SGRA,1.3560786247253,227103,AP-N204-F102,0.13323427736759,0.13323427736759,131.62997436523,271.75
04-APR-2025,8.6557570341892,6130,SGRA,1.3579024076462,215103,AP-N201-F101,0.15228806436062,0.15228806436062,138.83306884766,271.75
04-APR-2025,8.6557570341892,6130,SGRA,1.3579024076462,215103,AP-N202-F101,0.13132815063,0.13132815063,127.79296112061,271.75
04-APR-2025,8.6557570341892,6130,SGRA,1.3579024076462,227103,AP-N203-F102,0.14120277762413,0.14120277762413,139.8595123291,271.75
04-APR-2025,8.6557570341892,6130,SGRA,1.3579024076462,227103,AP-N204-F102,0.13323427736759,0.13323427736759,131.62997436523,271.75
04-APR-2025,8.6646459231539,6130,SGRA,1.3597211837769,215103,AP-N201-F101,0.15228806436062,0.15228806436062,138.83306884766,271.75
04-APR-2025,8.6646459231539,6130,SGRA,1.3597211837769,215103,AP-N202-F101,0.13132815063,0.13132815063,127.79296112061,271.75
04-APR-2025,8.6646459231539,6130,SGRA,1.3597211837769,227103,AP-N203-F102,0.14120277762413,0.14120277762413,139.8595123291,271.75
04-APR-2025,8.6646459231539,6130,SGRA,1.3597211837769,227103,AP-N204-F102,0.13323427736759,0.13323427736759,131.62997436523,271.75
04-APR-2025,8.6736737007768,6130,SGRA,1.361563205719,215103,AP-N201-F101,0.15228806436062,0.15228806436062,138.83306884766,271.75
04-APR-2025,8.6736737007768,6130,SGRA,1.361563205719,215103,AP-N202-F101,0.13132815063,0.13132815063,127.79296112061,271.75
04-APR-2025,8.6736737007768,6130,SGRA,1.361563205719,227103,AP-N203-F102,0.14120277762413,0.14120277762413,139.8595123291,271.75
04-APR-2025,8.6736737007768,6130,SGRA,1.361563205719,227103,AP-N204-F102,0.13323427736759,0.13323427736759,131.62997436523,271.75
04-APR-2025,8.6827014782251,6130,SGRA,1.3633998632431,215103,AP-N201-F101,0.15228806436062,0.15228806436062,138.83306884766,271.75
04-APR-2025,8.6827014782251,6130,SGRA,1.3633998632431,215103,AP-N202-F101,0.13132815063,0.13132815063,127.79296112061,271.75
04-APR-2025,8.6827014782251,6130,SGRA,1.3633998632431,227103,AP-N203-F102,0.14120277762413,0.14120277762413,139.8595123291,271.75
04-APR-2025,8.6827014782251,6130,SGRA,1.3633998632431,227103,AP-N204-F102,0.13323427736759,0.13323427736759,131.62997436523,271.75
04-APR-2025,8.6915903670152,6130,SGRA,1.3652027845383,215103,AP-N201-F101,0.15228806436062,0.15228806436062,138.83306884766,271.75
04-APR-2025,8.6915903670152,6130,SGRA,1.3652027845383,215103,AP-N202-F101,0.13132815063,0.13132815063,127.79296112061,271.75
04-APR-2025,8.6915903670152,6130,SGRA,1.3652027845383,227103,AP-N203-F102,0.14120277762413,0.14120277762413,139.8595123291,271.75
04-APR-2025,8.6915903670152,6130,SGRA,1.3652027845383,227103,AP-N204-F102,0.13323427736759,0.13323427736759,131.62997436523,271.75
04-APR-2025,8.7004792558053,6130,SGRA,1.3670002222061,215103,AP-N201-F101,0.15228806436062,0.15228806436062,138.83306884766,271.75
04-APR-2025,8.7004792558053,6130,SGRA,1.3670002222061,215103,AP-N202-F101,0.13132815063,0.13132815063,127.79296112061,271.75
04-APR-2025,8.7004792558053,6130,SGRA,1.3670002222061,227103,AP-N203-F102,0.14120277762413,0.14120277762413,139.8595123291,271.75
04-APR-2025,8.7004792558053,6130,SGRA,1.3670002222061,227103,AP-N204-F102,0.13323427736759,0.13323427736759,131.62997436523,271.75
04-APR-2025,8.7093681447701,6130,SGRA,1.3687919378281,215103,AP-N201-F101,0.15228806436062,0.15228806436062,138.83306884766,271.75
04-APR-2025,8.7093681447701,6130,SGRA,1.3687919378281,215103,AP-N202-F101,0.13132815063,0.13132815063,127.79296112061,271.75
04-APR-2025,8.7093681447701,6130,SGRA,1.3687919378281,227103,AP-N203-F102,0.14120277762413,0.14120277762413,139.8595123291,271.75
04-APR-2025,8.7093681447701,6130,SGRA,1.3687919378281,227103,AP-N204-F102,0.13323427736759,0.13323427736759,131.62997436523,271.75
04-APR-2025,8.7182570332109,6130,SGRA,1.3705779314041,215103,AP-N201-F101,0.15228806436062,0.15228806436062,138.83306884766,271.75
04-APR-2025,8.7182570332109,6130,SGRA,1.3705779314041,215103,AP-N202-F101,0.13132815063,0.13132815063,127.79296112061,271.75
04-APR-2025,8.7182570332109,6130,SGRA,1.3705779314041,227103,AP-N203-F102,0.14120277762413,0.14120277762413,139.8595123291,271.75
04-APR-2025,8.7182570332109,6130,SGRA,1.3705779314041,227103,AP-N204-F102,0.13323427736759,0.13323427736759,131.62997436523,271.75
04-APR-2025,8.7290903628659,6130,SGRA,1.3727464675903,215103,AP-N201-F101,0.15228806436062,0.15228806436062,138.83306884766,271.75
04-APR-2025,8.7290903628659,6130,SGRA,1.3727464675903,215103,AP-N202-F101,0.13132815063,0.13132815063,127.79296112061,271.75
04-APR-2025,8.7290903628659,6130,SGRA,1.3727464675903,227103,AP-N203-F102,0.14120277762413,0.14120277762413,139.8595123291,271.75
04-APR-2025,8.7290903628659,6130,SGRA,1.3727464675903,227103,AP-N204-F102,0.13323427736759,0.13323427736759,131.62997436523,271.75
04-APR-2025,8.7379792514814,6130,SGRA,1.3745188713074,215103,AP-N201-F101,0.15228806436062,0.15228806436062,138.83306884766,271.75
04-APR-2025,8.7379792514814,6130,SGRA,1.3745188713074,215103,AP-N202-F101,0.13132815063,0.13132815063,127.79296112061,271.75
04-APR-2025,8.7379792514814,6130,SGRA,1.3745188713074,227103,AP-N203-F102,0.14120277762413,0.14120277762413,139.8595123291,271.75
04-APR-2025,8.7379792514814,6130,SGRA,1.3745188713074,227103,AP-N204-F102,0.13323427736759,0.13323427736759,131.62997436523,271.75
04-APR-2025,8.8800625866083,6133,SGRA,1.4018547534943,215103,AP-N201-F101,0.15499019622803,0.15499019622803,139.33503723145,272.04998779297
04-APR-2025,8.8800625866083,6133,SGRA,1.4018547534943,215103,AP-N202-F101,0.13417129218578,0.13417129218578,128.11149597168,272.04998779297
04-APR-2025,8.8800625866083,6133,SGRA,1.4018547534943,227103,AP-N203-F102,0.14293253421783,0.14293253421783,140.0013885498,272.04998779297
04-APR-2025,8.8800625866083,6133,SGRA,1.4018547534943,227103,AP-N204-F102,0.13539783656597,0.13539783656597,131.88331604004,272.04998779297
04-APR-2025,8.9115903626497,6137,SGRA,1.4076107740402,215103,AP-N201-F101,0.15499019622803,0.15499019622803,139.33503723145,272.04998779297
04-APR-2025,8.9115903626497,6137,SGRA,1.4076107740402,215103,AP-N202-F101,0.13417129218578,0.13417129218578,128.11149597168,272.04998779297
04-APR-2025,8.9115903626497,6137,SGRA,1.4076107740402,227103,AP-N203-F102,0.14293253421783,0.14293253421783,140.0013885498,272.04998779297
04-APR-2025,8.9115903626497,6137,SGRA,1.4076107740402,227103,AP-N204-F102,0.13539783656597,0.13539783656597,131.88331604004,272.04998779297
04-APR-2025,8.9204792514398,6137,SGRA,1.4092091321945,215103,AP-N201-F101,0.15499019622803,0.15499019622803,139.33503723145,272.04998779297
04-APR-2025,8.9204792514398,6137,SGRA,1.4092091321945,215103,AP-N202-F101,0.13417129218578,0.13417129218578,128.11149597168,272.04998779297
04-APR-2025,8.9204792514398,6137,SGRA,1.4092091321945,227103,AP-N203-F102,0.14293253421783,0.14293253421783,140.0013885498,272.04998779297
04-APR-2025,8.9204792514398,6137,SGRA,1.4092091321945,227103,AP-N204-F102,0.13539783656597,0.13539783656597,131.88331604004,272.04998779297
04-APR-2025,8.9293681404045,6137,SGRA,1.410796046257,215103,AP-N201-F101,0.15499019622803,0.15499019622803,139.33503723145,272.04998779297
04-APR-2025,8.9293681404045,6137,SGRA,1.410796046257,215103,AP-N202-F101,0.13417129218578,0.13417129218578,128.11149597168,272.04998779297
04-APR-2025,8.9293681404045,6137,SGRA,1.410796046257,227103,AP-N203-F102,0.14293253421783,0.14293253421783,140.0013885498,272.04998779297
04-APR-2025,8.9293681404045,6137,SGRA,1.410796046257,227103,AP-N204-F102,0.13539783656597,0.13539783656597,131.88331604004,272.04998779297
04-APR-2025,8.9382570291946,6137,SGRA,1.4123711585999,215103,AP-N201-F101,0.15499019622803,0.15499019622803,139.33503723145,272.04998779297
04-APR-2025,8.9382570291946,6137,SGRA,1.4123711585999,215103,AP-N202-F101,0.13417129218578,0.13417129218578,128.11149597168,272.04998779297
04-APR-2025,8.9382570291946,6137,SGRA,1.4123711585999,227103,AP-N203-F102,0.14293253421783,0.14293253421783,140.0013885498,272.04998779297
04-APR-2025,8.9382570291946,6137,SGRA,1.4123711585999,227103,AP-N204-F102,0.13539783656597,0.13539783656597,131.88331604004,272.04998779297
04-APR-2025,8.9471459178101,6137,SGRA,1.4139342308044,215103,AP-N201-F101,0.15499019622803,0.15499019622803,139.33503723145,272.04998779297
04-APR-2025,8.9471459178101,6137,SGRA,1.4139342308044,215103,AP-N202-F101,0.13417129218578,0.13417129218578,128.11149597168,272.04998779297
04-APR-2025,8.9471459178101,6137,SGRA,1.4139342308044,227103,AP-N203-F102,0.14293253421783,0.14293253421783,140.0013885498,272.04998779297
04-APR-2025,8.9471459178101,6137,SGRA,1.4139342308044,227103,AP-N204-F102,0.13539783656597,0.13539783656597,131.88331604004,272.04998779297
04-APR-2025,8.9560348067749,6137,SGRA,1.4154846668243,215103,AP-N201-F101,0.15499019622803,0.15499019622803,139.33503723145,272.04998779297
04-APR-2025,8.9560348067749,6137,SGRA,1.4154846668243,215103,AP-N202-F101,0.13417129218578,0.13417129218578,128.11149597168,272.04998779297
04-APR-2025,8.9560348067749,6137,SGRA,1.4154846668243,227103,AP-N203-F102,0.14293253421783,0.14293253421783,140.0013885498,272.04998779297
04-APR-2025,8.9560348067749,6137,SGRA,1.4154846668243,227103,AP-N204-F102,0.13539783656597,0.13539783656597,131.88331604004,272.04998779297
04-APR-2025,8.964923695565,6137,SGRA,1.4170223474503,215103,AP-N201-F101,0.15499019622803,0.15499019622803,139.33503723145,272.04998779297
04-APR-2025,8.964923695565,6137,SGRA,1.4170223474503,215103,AP-N202-F101,0.13417129218578,0.13417129218578,128.11149597168,272.04998779297
04-APR-2025,8.964923695565,6137,SGRA,1.4170223474503,227103,AP-N203-F102,0.14293253421783,0.14293253421783,140.0013885498,272.04998779297
04-APR-2025,8.964923695565,6137,SGRA,1.4170223474503,227103,AP-N204-F102,0.13539783656597,0.13539783656597,131.88331604004,272.04998779297
04-APR-2025,8.9738125841805,6137,SGRA,1.4185465574265,215103,AP-N201-F101,0.15499019622803,0.15499019622803,139.33503723145,272.04998779297
04-APR-2025,8.9738125841805,6137,SGRA,1.4185465574265,215103,AP-N202-F101,0.13417129218578,0.13417129218578,128.11149597168,272.04998779297
04-APR-2025,8.9738125841805,6137,SGRA,1.4185465574265,227103,AP-N203-F102,0.14293253421783,0.14293253421783,140.0013885498,272.04998779297
04-APR-2025,8.9738125841805,6137,SGRA,1.4185465574265,227103,AP-N204-F102,0.13539783656597,0.13539783656597,131.88331604004,272.04998779297
04-APR-2025,8.9827014731452,6137,SGRA,1.4200572967529,215103,AP-N201-F101,0.15499019622803,0.15499019622803,139.33503723145,272.04998779297
04-APR-2025,8.9827014731452,6137,SGRA,1.4200572967529,215103,AP-N202-F101,0.13417129218578,0.13417129218578,128.11149597168,272.04998779297
04-APR-2025,8.9827014731452,6137,SGRA,1.4200572967529,227103,AP-N203-F102,0.14293253421783,0.14293253421783,140.0013885498,272.04998779297
04-APR-2025,8.9827014731452,6137,SGRA,1.4200572967529,227103,AP-N204-F102,0.13539783656597,0.13539783656597,131.88331604004,272.04998779297
04-APR-2025,8.9915903621099,6137,SGRA,1.4215539693832,215103,AP-N201-F101,0.15499019622803,0.15499019622803,139.33503723145,272.04998779297
04-APR-2025,8.9915903621099,6137,SGRA,1.4215539693832,215103,AP-N202-F101,0.13417129218578,0.13417129218578,128.11149597168,272.04998779297
04-APR-2025,8.9915903621099,6137,SGRA,1.4215539693832,227103,AP-N203-F102,0.14293253421783,0.14293253421783,140.0013885498,272.04998779297
04-APR-2025,8.9915903621099,6137,SGRA,1.4215539693832,227103,AP-N204-F102,0.13539783656597,0.13539783656597,131.88331604004,272.04998779297
04-APR-2025,9.0004792503762,6137,SGRA,1.4230359792709,215103,AP-N201-F101,0.15499019622803,0.15499019622803,139.33503723145,272.04998779297
04-APR-2025,9.0004792503762,6137,SGRA,1.4230359792709,215103,AP-N202-F101,0.13417129218578,0.13417129218578,128.11149597168,272.04998779297
04-APR-2025,9.0004792503762,6137,SGRA,1.4230359792709,227103,AP-N203-F102,0.14293253421783,0.14293253421783,140.0013885498,272.04998779297
04-APR-2025,9.0004792503762,6137,SGRA,1.4230359792709,227103,AP-N204-F102,0.13539783656597,0.13539783656597,131.88331604004,272.04998779297
04-APR-2025,9.0093681395155,6137,SGRA,1.4245032072067,215103,AP-N201-F101,0.15499019622803,0.15499019622803,139.33503723145,272.04998779297
04-APR-2025,9.0093681395155,6137,SGRA,1.4245032072067,215103,AP-N202-F101,0.13417129218578,0.13417129218578,128.11149597168,272.04998779297
04-APR-2025,9.0093681395155,6137,SGRA,1.4245032072067,227103,AP-N203-F102,0.14293253421783,0.14293253421783,140.0013885498,272.04998779297
04-APR-2025,9.0093681395155,6137,SGRA,1.4245032072067,227103,AP-N204-F102,0.13539783656597,0.13539783656597,131.88331604004,272.04998779297
04-APR-2025,9.0182570284803,6137,SGRA,1.4259549379349,215103,AP-N201-F101,0.15499019622803,0.15499019622803,139.33503723145,272.04998779297
04-APR-2025,9.0182570284803,6137,SGRA,1.4259549379349,215103,AP-N202-F101,0.13417129218578,0.13417129218578,128.11149597168,272.04998779297
04-APR-2025,9.0182570284803,6137,SGRA,1.4259549379349,227103,AP-N203-F102,0.14293253421783,0.14293253421783,140.0013885498,272.04998779297
04-APR-2025,9.0182570284803,6137,SGRA,1.4259549379349,227103,AP-N204-F102,0.13539783656597,0.13539783656597,131.88331604004,272.04998779297
04-APR-2025,9.0271459172704,6137,SGRA,1.4273906946182,215103,AP-N201-F101,0.15499019622803,0.15499019622803,139.33503723145,272.04998779297
04-APR-2025,9.0271459172704,6137,SGRA,1.4273906946182,215103,AP-N202-F101,0.13417129218578,0.13417129218578,128.11149597168,272.04998779297
04-APR-2025,9.0271459172704,6137,SGRA,1.4273906946182,227103,AP-N203-F102,0.14293253421783,0.14293253421783,140.0013885498,272.04998779297
04-APR-2025,9.0271459172704,6137,SGRA,1.4273906946182,227103,AP-N204-F102,0.13539783656597,0.13539783656597,131.88331604004,272.04998779297
04-APR-2025,9.0360348060605,6137,SGRA,1.4288101196289,215103,AP-N201-F101,0.15499019622803,0.15499019622803,139.33503723145,272.04998779297
04-APR-2025,9.0360348060605,6137,SGRA,1.4288101196289,215103,AP-N202-F101,0.13417129218578,0.13417129218578,128.11149597168,272.04998779297
04-APR-2025,9.0360348060605,6137,SGRA,1.4288101196289,227103,AP-N203-F102,0.14293253421783,0.14293253421783,140.0013885498,272.04998779297
04-APR-2025,9.0360348060605,6137,SGRA,1.4288101196289,227103,AP-N204-F102,0.13539783656597,0.13539783656597,131.88331604004,272.04998779297
04-APR-2025,9.2697847208773,6141,J1751+0939,0.99703294038773,215103,AP-N201-F101,0,0,0,0
04-APR-2025,9.2697847208773,6141,J1751+0939,0.99703294038773,215103,AP-N202-F101,0,0,0,0
04-APR-2025,9.2697847208773,6141,J1751+0939,0.99703294038773,227103,AP-N203-F102,0,0,0,0
04-APR-2025,9.2697847208773,6141,J1751+0939,0.99703294038773,227103,AP-N204-F102,0,0,0,0
04-APR-2025,9.2843680507635,6145,J1751+0939,0.99746203422546,215103,AP-N201-F101,0,0,0,0
04-APR-2025,9.2843680507635,6145,J1751+0939,0.99746203422546,215103,AP-N202-F101,0,0,0,0
04-APR-2025,9.2843680507635,6145,J1751+0939,0.99746203422546,227103,AP-N203-F102,0,0,0,0
04-APR-2025,9.2843680507635,6145,J1751+0939,0.99746203422546,227103,AP-N204-F102,0,0,0,0
04-APR-2025,9.293256939379,6145,J1751+0939,0.99771183729172,215103,AP-N201-F101,0,0,0,0
04-APR-2025,9.293256939379,6145,J1751+0939,0.99771183729172,215103,AP-N202-F101,0,0,0,0
04-APR-2025,9.293256939379,6145,J1751+0939,0.99771183729172,227103,AP-N203-F102,0,0,0,0
04-APR-2025,9.293256939379,6145,J1751+0939,0.99771183729172,227103,AP-N204-F102,0,0,0,0
04-APR-2025,9.3024236079301,6145,J1751+0939,0.99796009063721,215103,AP-N201-F101,0,0,0,0
04-APR-2025,9.3024236079301,6145,J1751+0939,0.99796009063721,215103,AP-N202-F101,0,0,0,0
04-APR-2025,9.3024236079301,6145,J1751+0939,0.99796009063721,227103,AP-N203-F102,0,0,0,0
04-APR-2025,9.3024236079301,6145,J1751+0939,0.99796009063721,227103,AP-N204-F102,0,0,0,0
04-APR-2025,9.3775624994656,6150,SGRA,1.464769244194,215103,AP-N201-F101,0.16136015951633,0.16136015951633,141.41279602051,272.14999389648
04-APR-2025,9.3775624994656,6150,SGRA,1.464769244194,215103,AP-N202-F101,0.14012750983238,0.14012750983238,129.87826538086,272.14999389648
04-APR-2025,9.3775624994656,6150,SGRA,1.464769244194,227103,AP-N203-F102,0.14930325746536,0.14930325746536,141.83668518066,272.14999389648
04-APR-2025,9.3775624994656,6150,SGRA,1.464769244194,227103,AP-N204-F102,0.14169733226299,0.14169733226299,133.85346984863,272.14999389648
04-APR-2025,9.3949236089759,6154,SGRA,1.4652742147446,215103,AP-N201-F101,0.16136015951633,0.16136015951633,141.41279602051,272.14999389648
04-APR-2025,9.3949236089759,6154,SGRA,1.4652742147446,215103,AP-N202-F101,0.14012750983238,0.14012750983238,129.87826538086,272.14999389648
04-APR-2025,9.3949236089759,6154,SGRA,1.4652742147446,227103,AP-N203-F102,0.14930325746536,0.14930325746536,141.83668518066,272.14999389648
04-APR-2025,9.3949236089759,6154,SGRA,1.4652742147446,227103,AP-N204-F102,0.14169733226299,0.14169733226299,133.85346984863,272.14999389648
04-APR-2025,9.4039513857256,6154,SGRA,1.4654756784439,215103,AP-N201-F101,0.16136015951633,0.16136015951633,141.41279602051,272.14999389648
04-APR-2025,9.4039513857256,6154,SGRA,1.4654756784439,215103,AP-N202-F101,0.14012750983238,0.14012750983238,129.87826538086,272.14999389648
04-APR-2025,9.4039513857256,6154,SGRA,1.4654756784439,227103,AP-N203-F102,0.14930325746536,0.14930325746536,141.83668518066,272.14999389648
04-APR-2025,9.4039513857256,6154,SGRA,1.4654756784439,227103,AP-N204-F102,0.14169733226299,0.14169733226299,133.85346984863,272.14999389648
04-APR-2025,9.4129791638724,6154,SGRA,1.4656345844269,215103,AP-N201-F101,0.16136015951633,0.16136015951633,141.41279602051,272.14999389648
04-APR-2025,9.4129791638724,6154,SGRA,1.4656345844269,215103,AP-N202-F101,0.14012750983238,0.14012750983238,129.87826538086,272.14999389648
04-APR-2025,9.4129791638724,6154,SGRA,1.4656345844269,227103,AP-N203-F102,0.14930325746536,0.14930325746536,141.83668518066,272.14999389648
04-APR-2025,9.4129791638724,6154,SGRA,1.4656345844269,227103,AP-N204-F102,0.14169733226299,0.14169733226299,133.85346984863,272.14999389648
04-APR-2025,9.4218680526625,6154,SGRA,1.4657490253448,215103,AP-N201-F101,0.16136015951633,0.16136015951633,141.41279602051,272.14999389648
04-APR-2025,9.4218680526625,6154,SGRA,1.4657490253448,215103,AP-N202-F101,0.14012750983238,0.14012750983238,129.87826538086,272.14999389648
04-APR-2025,9.4218680526625,6154,SGRA,1.4657490253448,227103,AP-N203-F102,0.14930325746536,0.14930325746536,141.83668518066,272.14999389648
04-APR-2025,9.4218680526625,6154,SGRA,1.4657490253448,227103,AP-N204-F102,0.14169733226299,0.14169733226299,133.85346984863,272.14999389648
04-APR-2025,9.4307569414526,6154,SGRA,1.4658218622208,215103,AP-N201-F101,0.16136015951633,0.16136015951633,141.41279602051,272.14999389648
04-APR-2025,9.4307569414526,6154,SGRA,1.4658218622208,215103,AP-N202-F101,0.14012750983238,0.14012750983238,129.87826538086,272.14999389648
04-APR-2025,9.4307569414526,6154,SGRA,1.4658218622208,227103,AP-N203-F102,0.14930325746536,0.14930325746536,141.83668518066,272.14999389648
04-APR-2025,9.4307569414526,6154,SGRA,1.4658218622208,227103,AP-N204-F102,0.14169733226299,0.14169733226299,133.85346984863,272.14999389648
04-APR-2025,9.4396458302427,6154,SGRA,1.4658529758453,215103,AP-N201-F101,0.16136015951633,0.16136015951633,141.41279602051,272.14999389648
04-APR-2025,9.4396458302427,6154,SGRA,1.4658529758453,215103,AP-N202-F101,0.14012750983238,0.14012750983238,129.87826538086,272.14999389648
04-APR-2025,9.4396458302427,6154,SGRA,1.4658529758453,227103,AP-N203-F102,0.14930325746536,0.14930325746536,141.83668518066,272.14999389648
04-APR-2025,9.4396458302427,6154,SGRA,1.4658529758453,227103,AP-N204-F102,0.14169733226299,0.14169733226299,133.85346984863,272.14999389648
04-APR-2025,9.4485347188582,6154,SGRA,1.4658420085907,215103,AP-N201-F101,0.16136015951633,0.16136015951633,141.41279602051,272.14999389648
04-APR-2025,9.4485347188582,6154,SGRA,1.4658420085907,215103,AP-N202-F101,0.14012750983238,0.14012750983238,129.87826538086,272.14999389648
04-APR-2025,9.4485347188582,6154,SGRA,1.4658420085907,227103,AP-N203-F102,0.14930325746536,0.14930325746536,141.83668518066,272.14999389648
04-APR-2025,9.4485347188582,6154,SGRA,1.4658420085907,227103,AP-N204-F102,0.14169733226299,0.14169733226299,133.85346984863,272.14999389648
04-APR-2025,9.4574236076483,6154,SGRA,1.4657893180847,215103,AP-N201-F101,0.16136015951633,0.16136015951633,141.41279602051,272.14999389648
04-APR-2025,9.4574236076483,6154,SGRA,1.4657893180847,215103,AP-N202-F101,0.14012750983238,0.14012750983238,129.87826538086,272.14999389648
04-APR-2025,9.4574236076483,6154,SGRA,1.4657893180847,227103,AP-N203-F102,0.14930325746536,0.14930325746536,141.83668518066,272.14999389648
04-APR-2025,9.4574236076483,6154,SGRA,1.4657893180847,227103,AP-N204-F102,0.14169733226299,0.14169733226299,133.85346984863,272.14999389648
04-APR-2025,9.4663124964385,6154,SGRA,1.4656949043274,215103,AP-N201-F101,0.16136015951633,0.16136015951633,141.41279602051,272.14999389648
04-APR-2025,9.4663124964385,6154,SGRA,1.4656949043274,215103,AP-N202-F101,0.14012750983238,0.14012750983238,129.87826538086,272.14999389648
04-APR-2025,9.4663124964385,6154,SGRA,1.4656949043274,227103,AP-N203-F102,0.14930325746536,0.14930325746536,141.83668518066,272.14999389648
04-APR-2025,9.4663124964385,6154,SGRA,1.4656949043274,227103,AP-N204-F102,0.14169733226299,0.14169733226299,133.85346984863,272.14999389648
04-APR-2025,9.475479164815,6154,SGRA,1.4655538797379,215103,AP-N201-F101,0.16136015951633,0.16136015951633,141.41279602051,272.14999389648
04-APR-2025,9.475479164815,6154,SGRA,1.4655538797379,215103,AP-N202-F101,0.14012750983238,0.14012750983238,129.87826538086,272.14999389648
04-APR-2025,9.475479164815,6154,SGRA,1.4655538797379,227103,AP-N203-F102,0.14930325746536,0.14930325746536,141.83668518066,272.14999389648
04-APR-2025,9.475479164815,6154,SGRA,1.4655538797379,227103,AP-N204-F102,0.14169733226299,0.14169733226299,133.85346984863,272.14999389648
04-APR-2025,9.4843680536051,6154,SGRA,1.4653750658035,215103,AP-N201-F101,0.16136015951633,0.16136015951633,141.41279602051,272.14999389648
04-APR-2025,9.4843680536051,6154,SGRA,1.4653750658035,215103,AP-N202-F101,0.14012750983238,0.14012750983238,129.87826538086,272.14999389648
04-APR-2025,9.4843680536051,6154,SGRA,1.4653750658035,227103,AP-N203-F102,0.14930325746536,0.14930325746536,141.83668518066,272.14999389648
04-APR-2025,9.4843680536051,6154,SGRA,1.4653750658035,227103,AP-N204-F102,0.14169733226299,0.14169733226299,133.85346984863,272.14999389648
04-APR-2025,9.4932569425698,6154,SGRA,1.4651548862457,215103,AP-N201-F101,0.16136015951633,0.16136015951633,141.41279602051,272.14999389648
04-APR-2025,9.4932569425698,6154,SGRA,1.4651548862457,215103,AP-N202-F101,0.14012750983238,0.14012750983238,129.87826538086,272.14999389648
04-APR-2025,9.4932569425698,6154,SGRA,1.4651548862457,227103,AP-N203-F102,0.14930325746536,0.14930325746536,141.83668518066,272.14999389648
04-APR-2025,9.4932569425698,6154,SGRA,1.4651548862457,227103,AP-N204-F102,0.14169733226299,0.14169733226299,133.85346984863,272.14999389648
04-APR-2025,9.5021458311853,6154,SGRA,1.4648938179016,215103,AP-N201-F101,0.16136015951633,0.16136015951633,141.41279602051,272.14999389648
04-APR-2025,9.5021458311853,6154,SGRA,1.4648938179016,215103,AP-N202-F101,0.14012750983238,0.14012750983238,129.87826538086,272.14999389648
04-APR-2025,9.5021458311853,6154,SGRA,1.4648938179016,227103,AP-N203-F102,0.14930325746536,0.14930325746536,141.83668518066,272.14999389648
04-APR-2025,9.5021458311853,6154,SGRA,1.4648938179016,227103,AP-N204-F102,0.14169733226299,0.14169733226299,133.85346984863,272.14999389648
04-APR-2025,9.5110347199754,6154,SGRA,1.4645919799805,215103,AP-N201-F101,0.16136015951633,0.16136015951633,141.41279602051,272.14999389648
04-APR-2025,9.5110347199754,6154,SGRA,1.4645919799805,215103,AP-N202-F101,0.14012750983238,0.14012750983238,129.87826538086,272.14999389648
04-APR-2025,9.5110347199754,6154,SGRA,1.4645919799805,227103,AP-N203-F102,0.14930325746536,0.14930325746536,141.83668518066,272.14999389648
04-APR-2025,9.5110347199754,6154,SGRA,1.4645919799805,227103,AP-N204-F102,0.14169733226299,0.14169733226299,133.85346984863,272.14999389648
04-APR-2025,9.5199236091148,6154,SGRA,1.4642497301102,215103,AP-N201-F101,0.16136015951633,0.16136015951633,141.41279602051,272.14999389648
04-APR-2025,9.5199236091148,6154,SGRA,1.4642497301102,215103,AP-N202-F101,0.14012750983238,0.14012750983238,129.87826538086,272.14999389648
04-APR-2025,9.5199236091148,6154,SGRA,1.4642497301102,227103,AP-N203-F102,0.14930325746536,0.14930325746536,141.83668518066,272.14999389648
04-APR-2025,9.5199236091148,6154,SGRA,1.4642497301102,227103,AP-N204-F102,0.14169733226299,0.14169733226299,133.85346984863,272.14999389648
04-APR-2025,9.7773648282671,6162,J1924-2914,1.243597984314,215103,AP-N201-F101,0.15176357328892,0.15176357328892,140.05767822266,271.85000610352
04-APR-2025,9.7773648282671,6162,J1924-2914,1.243597984314,215103,AP-N202-F101,0.13234978914261,0.13234978914261,129.32522583008,271.85000610352
04-APR-2025,9.7773648282671,6162,J1924-2914,1.243597984314,227103,AP-N203-F102,0.14185203611851,0.14185203611851,141.68309020996,271.85000610352
04-APR-2025,9.7773648282671,6162,J1924-2914,1.243597984314,227103,AP-N204-F102,0.13393831253052,0.13393831253052,133.31774902344,271.85000610352
04-APR-2025,9.794309271279,6166,J1924-2914,1.2473521232605,215103,AP-N201-F101,0.15176357328892,0.15176357328892,140.05767822266,271.85000610352
04-APR-2025,9.794309271279,6166,J1924-2914,1.2473521232605,215103,AP-N202-F101,0.13234978914261,0.13234978914261,129.32522583008,271.85000610352
04-APR-2025,9.794309271279,6166,J1924-2914,1.2473521232605,227103,AP-N203-F102,0.14185203611851,0.14185203611851,141.68309020996,271.85000610352
04-APR-2025,9.794309271279,6166,J1924-2914,1.2473521232605,227103,AP-N204-F102,0.13393831253052,0.13393831253052,133.31774902344,271.85000610352
04-APR-2025,9.8034759375601,6166,J1924-2914,1.2493808269501,215103,AP-N201-F101,0.15176357328892,0.15176357328892,140.05767822266,271.85000610352
04-APR-2025,9.8034759375601,6166,J1924-2914,1.2493808269501,215103,AP-N202-F101,0.13234978914261,0.13234978914261,129.32522583008,271.85000610352
04-APR-2025,9.8034759375601,6166,J1924-2914,1.2493808269501,227103,AP-N203-F102,0.14185203611851,0.14185203611851,141.68309020996,271.85000610352
04-APR-2025,9.8034759375601,6166,J1924-2914,1.2493808269501,227103,AP-N204-F102,0.13393831253052,0.13393831253052,133.31774902344,271.85000610352
04-APR-2025,9.8125037148337,6166,J1924-2914,1.2513773441315,215103,AP-N201-F101,0.15176357328892,0.15176357328892,140.05767822266,271.85000610352
04-APR-2025,9.8125037148337,6166,J1924-2914,1.2513773441315,215103,AP-N202-F101,0.13234978914261,0.13234978914261,129.32522583008,271.85000610352
04-APR-2025,9.8125037148337,6166,J1924-2914,1.2513773441315,227103,AP-N203-F102,0.14185203611851,0.14185203611851,141.68309020996,271.85000610352
04-APR-2025,9.8125037148337,6166,J1924-2914,1.2513773441315,227103,AP-N204-F102,0.13393831253052,0.13393831253052,133.31774902344,271.85000610352
04-APR-2025,9.8704203821992,6171,SGRA,1.4251228570938,215103,AP-N201-F101,0.15411382913589,0.15411382913589,138.77294921875,271.64999389648
04-APR-2025,9.8704203821992,6171,SGRA,1.4251228570938,215103,AP-N202-F101,0.13282258808613,0.13282258808613,127.63670349121,271.64999389648
04-APR-2025,9.8704203821992,6171,SGRA,1.4251228570938,227103,AP-N203-F102,0.14168277382851,0.14168277382851,139.27522277832,271.64999389648
04-APR-2025,9.8704203821992,6171,SGRA,1.4251228570938,227103,AP-N204-F102,0.13452450931072,0.13452450931072,131.44641113281,271.64999389648
04-APR-2025,9.8941703795888,6175,SGRA,1.4211860895157,215103,AP-N201-F101,0.15411382913589,0.15411382913589,138.77294921875,271.64999389648
04-APR-2025,9.8941703795888,6175,SGRA,1.4211860895157,215103,AP-N202-F101,0.13282258808613,0.13282258808613,127.63670349121,271.64999389648
04-APR-2025,9.8941703795888,6175,SGRA,1.4211860895157,227103,AP-N203-F102,0.14168277382851,0.14168277382851,139.27522277832,271.64999389648
04-APR-2025,9.8941703795888,6175,SGRA,1.4211860895157,227103,AP-N204-F102,0.13452450931072,0.13452450931072,131.44641113281,271.64999389648
04-APR-2025,9.9030592685536,6175,SGRA,1.419685959816,215103,AP-N201-F101,0.15411382913589,0.15411382913589,138.77294921875,271.64999389648
04-APR-2025,9.9030592685536,6175,SGRA,1.419685959816,215103,AP-N202-F101,0.13282258808613,0.13282258808613,127.63670349121,271.64999389648
04-APR-2025,9.9030592685536,6175,SGRA,1.419685959816,227103,AP-N203-F102,0.14168277382851,0.14168277382851,139.27522277832,271.64999389648
04-APR-2025,9.9030592685536,6175,SGRA,1.419685959816,227103,AP-N204-F102,0.13452450931072,0.13452450931072,131.44641113281,271.64999389648
04-APR-2025,9.9119481573437,6175,SGRA,1.4181718826294,215103,AP-N201-F101,0.15411382913589,0.15411382913589,138.77294921875,271.64999389648
04-APR-2025,9.9119481573437,6175,SGRA,1.4181718826294,215103,AP-N202-F101,0.13282258808613,0.13282258808613,127.63670349121,271.64999389648
04-APR-2025,9.9119481573437,6175,SGRA,1.4181718826294,227103,AP-N203-F102,0.14168277382851,0.14168277382851,139.27522277832,271.64999389648
04-APR-2025,9.9119481573437,6175,SGRA,1.4181718826294,227103,AP-N204-F102,0.13452450931072,0.13452450931072,131.44641113281,271.64999389648
04-APR-2025,9.9211148258948,6175,SGRA,1.4165961742401,215103,AP-N201-F101,0.15411382913589,0.15411382913589,138.77294921875,271.64999389648
04-APR-2025,9.9211148258948,6175,SGRA,1.4165961742401,215103,AP-N202-F101,0.13282258808613,0.13282258808613,127.63670349121,271.64999389648
04-APR-2025,9.9211148258948,6175,SGRA,1.4165961742401,227103,AP-N203-F102,0.14168277382851,0.14168277382851,139.27522277832,271.64999389648
04-APR-2025,9.9211148258948,6175,SGRA,1.4165961742401,227103,AP-N204-F102,0.13452450931072,0.13452450931072,131.44641113281,271.64999389648
04-APR-2025,9.9300037145103,6175,SGRA,1.4150550365448,215103,AP-N201-F101,0.15411382913589,0.15411382913589,138.77294921875,271.64999389648
04-APR-2025,9.9300037145103,6175,SGRA,1.4150550365448,215103,AP-N202-F101,0.13282258808613,0.13282258808613,127.63670349121,271.64999389648
04-APR-2025,9.9300037145103,6175,SGRA,1.4150550365448,227103,AP-N203-F102,0.14168277382851,0.14168277382851,139.27522277832,271.64999389648
04-APR-2025,9.9300037145103,6175,SGRA,1.4150550365448,227103,AP-N204-F102,0.13452450931072,0.13452450931072,131.44641113281,271.64999389648
04-APR-2025,9.938892603475,6175,SGRA,1.4135010242462,215103,AP-N201-F101,0.15411382913589,0.15411382913589,138.77294921875,271.64999389648
04-APR-2025,9.938892603475,6175,SGRA,1.4135010242462,215103,AP-N202-F101,0.13282258808613,0.13282258808613,127.63670349121,271.64999389648
04-APR-2025,9.938892603475,6175,SGRA,1.4135010242462,227103,AP-N203-F102,0.14168277382851,0.14168277382851,139.27522277832,271.64999389648
04-APR-2025,9.938892603475,6175,SGRA,1.4135010242462,227103,AP-N204-F102,0.13452450931072,0.13452450931072,131.44641113281,271.64999389648
04-APR-2025,9.9477814919159,6175,SGRA,1.4119346141815,215103,AP-N201-F101,0.15411382913589,0.15411382913589,138.77294921875,271.64999389648
04-APR-2025,9.9477814919159,6175,SGRA,1.4119346141815,215103,AP-N202-F101,0.13282258808613,0.13282258808613,127.63670349121,271.64999389648
04-APR-2025,9.9477814919159,6175,SGRA,1.4119346141815,227103,AP-N203-F102,0.14168277382851,0.14168277382851,139.27522277832,271.64999389648
04-APR-2025,9.9477814919159,6175,SGRA,1.4119346141815,227103,AP-N204-F102,0.13452450931072,0.13452450931072,131.44641113281,271.64999389648
04-APR-2025,9.9566703808806,6175,SGRA,1.4103561639786,215103,AP-N201-F101,0.15411382913589,0.15411382913589,138.77294921875,271.64999389648
04-APR-2025,9.9566703808806,6175,SGRA,1.4103561639786,215103,AP-N202-F101,0.13282258808613,0.13282258808613,127.63670349121,271.64999389648
04-APR-2025,9.9566703808806,6175,SGRA,1.4103561639786,227103,AP-N203-F102,0.14168277382851,0.14168277382851,139.27522277832,271.64999389648
04-APR-2025,9.9566703808806,6175,SGRA,1.4103561639786,227103,AP-N204-F102,0.13452450931072,0.13452450931072,131.44641113281,271.64999389648
04-APR-2025,9.9655592694961,6175,SGRA,1.4087660312653,215103,AP-N201-F101,0.15411382913589,0.15411382913589,138.77294921875,271.64999389648
04-APR-2025,9.9655592694961,6175,SGRA,1.4087660312653,215103,AP-N202-F101,0.13282258808613,0.13282258808613,127.63670349121,271.64999389648
04-APR-2025,9.9655592694961,6175,SGRA,1.4087660312653,227103,AP-N203-F102,0.14168277382851,0.14168277382851,139.27522277832,271.64999389648
04-APR-2025,9.9655592694961,6175,SGRA,1.4087660312653,227103,AP-N204-F102,0.13452450931072,0.13452450931072,131.44641113281,271.64999389648
04-APR-2025,9.9747259356026,6175,SGRA,1.4071142673492,215103,AP-N201-F101,0.15411382913589,0.15411382913589,138.77294921875,271.64999389648
04-APR-2025,9.9747259356026,6175,SGRA,1.4071142673492,215103,AP-N202-F101,0.13282258808613,0.13282258808613,127.63670349121,271.64999389648
04-APR-2025,9.9747259356026,6175,SGRA,1.4071142673492,227103,AP-N203-F102,0.14168277382851,0.14168277382851,139.27522277832,271.64999389648
04-APR-2025,9.9747259356026,6175,SGRA,1.4071142673492,227103,AP-N204-F102,0.13452450931072,0.13452450931072,131.44641113281,271.64999389648
04-APR-2025,9.9836148243927,6175,SGRA,1.4055014848709,215103,AP-N201-F101,0.15411382913589,0.15411382913589,138.77294921875,271.64999389648
04-APR-2025,9.9836148243927,6175,SGRA,1.4055014848709,215103,AP-N202-F101,0.13282258808613,0.13282258808613,127.63670349121,271.64999389648
04-APR-2025,9.9836148243927,6175,SGRA,1.4055014848709,227103,AP-N203-F102,0.14168277382851,0.14168277382851,139.27522277832,271.64999389648
04-APR-2025,9.9836148243927,6175,SGRA,1.4055014848709,227103,AP-N204-F102,0.13452450931072,0.13452450931072,131.44641113281,271.64999389648
04-APR-2025,9.992503713532,6175,SGRA,1.4038780927658,215103,AP-N201-F101,0.15411382913589,0.15411382913589,138.77294921875,271.64999389648
04-APR-2025,9.992503713532,6175,SGRA,1.4038780927658,215103,AP-N202-F101,0.13282258808613,0.13282258808613,127.63670349121,271.64999389648
04-APR-2025,9.992503713532,6175,SGRA,1.4038780927658,227103,AP-N203-F102,0.14168277382851,0.14168277382851,139.27522277832,271.64999389648
04-APR-2025,9.992503713532,6175,SGRA,1.4038780927658,227103,AP-N204-F102,0.13452450931072,0.13452450931072,131.44641113281,271.64999389648
05-APR-2025,0.027950053779319,6801,J0423-0120,0.48678910732269,215103,AP-N201-F101,0.18163329362869,0.18163329362869,240.91452026367,271.14999389648
05-APR-2025,0.027950053779319,6801,J0423-0120,0.48678910732269,215103,AP-N202-F101,0.17367647588253,0.17367647588253,229.08714294434,271.14999389648
05-APR-2025,0.027950053779319,6801,J0423-0120,0.48678910732269,227103,AP-N203-F102,0.18836325407028,0.18836325407028,254.49900817871,271.14999389648
05-APR-2025,0.027950053779319,6801,J0423-0120,0.48678910732269,227103,AP-N204-F102,0.18133470416069,0.18133470416069,240.08262634277,271.14999389648
05-APR-2025,0.045311166607449,6805,J0423-0120,0.48267561197281,215103,AP-N201-F101,0.18163329362869,0.18163329362869,240.91452026367,271.14999389648
05-APR-2025,0.045311166607449,6805,J0423-0120,0.48267561197281,215103,AP-N202-F101,0.17367647588253,0.17367647588253,229.08714294434,271.14999389648
05-APR-2025,0.045311166607449,6805,J0423-0120,0.48267561197281,227103,AP-N203-F102,0.18836325407028,0.18836325407028,254.49900817871,271.14999389648
05-APR-2025,0.045311166607449,6805,J0423-0120,0.48267561197281,227103,AP-N204-F102,0.18133470416069,0.18133470416069,240.08262634277,271.14999389648
05-APR-2025,0.054477832364622,6805,J0423-0120,0.48050287365913,215103,AP-N201-F101,0.18163329362869,0.18163329362869,240.91452026367,271.14999389648
05-APR-2025,0.054477832364622,6805,J0423-0120,0.48050287365913,215103,AP-N202-F101,0.17367647588253,0.17367647588253,229.08714294434,271.14999389648
05-APR-2025,0.054477832364622,6805,J0423-0120,0.48050287365913,227103,AP-N203-F102,0.18836325407028,0.18836325407028,254.49900817871,271.14999389648
05-APR-2025,0.054477832364622,6805,J0423-0120,0.48050287365913,227103,AP-N204-F102,0.18133470416069,0.18133470416069,240.08262634277,271.14999389648
05-APR-2025,0.063366721329359,6805,J0423-0120,0.47839549183846,215103,AP-N201-F101,0.18163329362869,0.18163329362869,240.91452026367,271.14999389648
05-APR-2025,0.063366721329359,6805,J0423-0120,0.47839549183846,215103,AP-N202-F101,0.17367647588253,0.17367647588253,229.08714294434,271.14999389648
05-APR-2025,0.063366721329359,6805,J0423-0120,0.47839549183846,227103,AP-N203-F102,0.18836325407028,0.18836325407028,254.49900817871,271.14999389648
05-APR-2025,0.063366721329359,6805,J0423-0120,0.47839549183846,227103,AP-N204-F102,0.18133470416069,0.18133470416069,240.08262634277,271.14999389648
05-APR-2025,0.072255610294096,6805,J0423-0120,0.47628763318062,215103,AP-N201-F101,0.18163329362869,0.18163329362869,240.91452026367,271.14999389648
05-APR-2025,0.072255610294096,6805,J0423-0120,0.47628763318062,215103,AP-N202-F101,0.17367647588253,0.17367647588253,229.08714294434,271.14999389648
05-APR-2025,0.072255610294096,6805,J0423-0120,0.47628763318062,227103,AP-N203-F102,0.18836325407028,0.18836325407028,254.49900817871,271.14999389648
05-APR-2025,0.072255610294096,6805,J0423-0120,0.47628763318062,227103,AP-N204-F102,0.18133470416069,0.18133470416069,240.08262634277,271.14999389648
05-APR-2025,0.081144499258832,6805,J0423-0120,0.47417932748795,215103,AP-N201-F101,0.18163329362869,0.18163329362869,240.91452026367,271.14999389648
05-APR-2025,0.081144499258832,6805,J0423-0120,0.47417932748795,215103,AP-N202-F101,0.17367647588253,0.17367647588253,229.08714294434,271.14999389648
05-APR-2025,0.081144499258832,6805,J0423-0120,0.47417932748795,227103,AP-N203-F102,0.18836325407028,0.18836325407028,254.49900817871,271.14999389648
05-APR-2025,0.081144499258832,6805,J0423-0120,0.47417932748795,227103,AP-N204-F102,0.18133470416069,0.18133470416069,240.08262634277,271.14999389648
05-APR-2025,0.15489450019645,6810,3C120,0.44269594550133,215103,AP-N201-F101,0.18476176261902,0.18476176261902,263.13278198242,272.25
05-APR-2025,0.15489450019645,6810,3C120,0.44269594550133,215103,AP-N202-F101,0.17792147397995,0.17792147397995,251.63854980469,272.25
05-APR-2025,0.15489450019645,6810,3C120,0.44269594550133,227103,AP-N203-F102,0.1920900195837,0.1920900195837,278.49111938477,272.25
05-APR-2025,0.15489450019645,6810,3C120,0.44269594550133,227103,AP-N204-F102,0.18616309762001,0.18616309762001,264.18872070313,272.25
05-APR-2025,0.17781116476401,6814,3C120,0.43743672966957,215103,AP-N201-F101,0.18476176261902,0.18476176261902,263.13278198242,272.25
05-APR-2025,0.17781116476401,6814,3C120,0.43743672966957,215103,AP-N202-F101,0.17792147397995,0.17792147397995,251.63854980469,272.25
05-APR-2025,0.17781116476401,6814,3C120,0.43743672966957,227103,AP-N203-F102,0.1920900195837,0.1920900195837,278.49111938477,272.25
05-APR-2025,0.17781116476401,6814,3C120,0.43743672966957,227103,AP-N204-F102,0.18616309762001,0.18616309762001,264.18872070313,272.25
05-APR-2025,0.18697783279128,6814,3C120,0.43533155322075,215103,AP-N201-F101,0.18476176261902,0.18476176261902,263.13278198242,272.25
05-APR-2025,0.18697783279128,6814,3C120,0.43533155322075,215103,AP-N202-F101,0.17792147397995,0.17792147397995,251.63854980469,272.25
05-APR-2025,0.18697783279128,6814,3C120,0.43533155322075,227103,AP-N203-F102,0.1920900195837,0.1920900195837,278.49111938477,272.25
05-APR-2025,0.18697783279128,6814,3C120,0.43533155322075,227103,AP-N204-F102,0.18616309762001,0.18616309762001,264.18872070313,272.25
05-APR-2025,0.19586672175602,6814,3C120,0.43328931927681,215103,AP-N201-F101,0.18476176261902,0.18476176261902,263.13278198242,272.25
05-APR-2025,0.19586672175602,6814,3C120,0.43328931927681,215103,AP-N202-F101,0.17792147397995,0.17792147397995,251.63854980469,272.25
05-APR-2025,0.19586672175602,6814,3C120,0.43328931927681,227103,AP-N203-F102,0.1920900195837,0.1920900195837,278.49111938477,272.25
05-APR-2025,0.19586672175602,6814,3C120,0.43328931927681,227103,AP-N204-F102,0.18616309762001,0.18616309762001,264.18872070313,272.25
05-APR-2025,0.20475561072075,6814,3C120,0.43124631047249,215103,AP-N201-F101,0.18476176261902,0.18476176261902,263.13278198242,272.25
05-APR-2025,0.20475561072075,6814,3C120,0.43124631047249,215103,AP-N202-F101,0.17792147397995,0.17792147397995,251.63854980469,272.25
05-APR-2025,0.20475561072075,6814,3C120,0.43124631047249,227103,AP-N203-F102,0.1920900195837,0.1920900195837,278.49111938477,272.25
05-APR-2025,0.20475561072075,6814,3C120,0.43124631047249,227103,AP-N204-F102,0.18616309762001,0.18616309762001,264.18872070313,272.25
05-APR-2025,0.21392227647793,6814,3C120,0.42913857102394,215103,AP-N201-F101,0.18476176261902,0.18476176261902,263.13278198242,272.25
05-APR-2025,0.21392227647793,6814,3C120,0.42913857102394,215103,AP-N202-F101,0.17792147397995,0.17792147397995,251.63854980469,272.25
05-APR-2025,0.21392227647793,6814,3C120,0.42913857102394,227103,AP-N203-F102,0.1920900195837,0.1920900195837,278.49111938477,272.25
05-APR-2025,0.21392227647793,6814,3C120,0.42913857102394,227103,AP-N204-F102,0.18616309762001,0.18616309762001,264.18872070313,272.25
05-APR-2025,0.28100561047371,6817,3C120,0.41368845105171,215103,AP-N201-F101,0.19469098746777,0.19469098746777,291.27597045898,272.45001220703
05-APR-2025,0.28100561047371,6817,3C120,0.41368845105171,215103,AP-N202-F101,0.18807134032249,0.18807134032249,279.03512573242,272.45001220703
05-APR-2025,0.28100561047371,6817,3C120,0.41368845105171,227103,AP-N203-F102,0.20325228571892,0.20325228571892,309.60827636719,272.45001220703
05-APR-2025,0.28100561047371,6817,3C120,0.41368845105171,227103,AP-N204-F102,0.19756098091602,0.19756098091602,294.42599487305,272.45001220703
05-APR-2025,0.31197783083473,6821,3C120,0.40654015541077,215103,AP-N201-F101,0.19469098746777,0.19469098746777,291.27597045898,272.45001220703
05-APR-2025,0.31197783083473,6821,3C120,0.40654015541077,215103,AP-N202-F101,0.18807134032249,0.18807134032249,279.03512573242,272.45001220703
05-APR-2025,0.31197783083473,6821,3C120,0.40654015541077,227103,AP-N203-F102,0.20325228571892,0.20325228571892,309.60827636719,272.45001220703
05-APR-2025,0.31197783083473,6821,3C120,0.40654015541077,227103,AP-N204-F102,0.19756098091602,0.19756098091602,294.42599487305,272.45001220703
05-APR-2025,0.32086671979947,6821,3C120,0.40448698401451,215103,AP-N201-F101,0.19469098746777,0.19469098746777,291.27597045898,272.45001220703
05-APR-2025,0.32086671979947,6821,3C120,0.40448698401451,215103,AP-N202-F101,0.18807134032249,0.18807134032249,279.03512573242,272.45001220703
05-APR-2025,0.32086671979947,6821,3C120,0.40448698401451,227103,AP-N203-F102,0.20325228571892,0.20325228571892,309.60827636719,272.45001220703
05-APR-2025,0.32086671979947,6821,3C120,0.40448698401451,227103,AP-N204-F102,0.19756098091602,0.19756098091602,294.42599487305,272.45001220703
05-APR-2025,0.33003338538202,6821,3C120,0.40236887335777,215103,AP-N201-F101,0.19469098746777,0.19469098746777,291.27597045898,272.45001220703
05-APR-2025,0.33003338538202,6821,3C120,0.40236887335777,215103,AP-N202-F101,0.18807134032249,0.18807134032249,279.03512573242,272.45001220703
05-APR-2025,0.33003338538202,6821,3C120,0.40236887335777,227103,AP-N203-F102,0.20325228571892,0.20325228571892,309.60827636719,272.45001220703
05-APR-2025,0.33003338538202,6821,3C120,0.40236887335777,227103,AP-N204-F102,0.19756098091602,0.19756098091602,294.42599487305,272.45001220703
05-APR-2025,0.33920005410778,6821,3C120,0.40024998784065,215103,AP-N201-F101,0.19469098746777,0.19469098746777,291.27597045898,272.45001220703
05-APR-2025,0.33920005410778,6821,3C120,0.40024998784065,215103,AP-N202-F101,0.18807134032249,0.18807134032249,279.03512573242,272.45001220703
05-APR-2025,0.33920005410778,6821,3C120,0.40024998784065,227103,AP-N203-F102,0.20325228571892,0.20325228571892,309.60827636719,272.45001220703
05-APR-2025,0.33920005410778,6821,3C120,0.40024998784065,227103,AP-N204-F102,0.19756098091602,0.19756098091602,294.42599487305,272.45001220703
05-APR-2025,0.34836671986496,6821,3C120,0.39813029766083,215103,AP-N201-F101,0.19469098746777,0.19469098746777,291.27597045898,272.45001220703
05-APR-2025,0.34836671986496,6821,3C120,0.39813029766083,215103,AP-N202-F101,0.18807134032249,0.18807134032249,279.03512573242,272.45001220703
05-APR-2025,0.34836671986496,6821,3C120,0.39813029766083,227103,AP-N203-F102,0.20325228571892,0.20325228571892,309.60827636719,272.45001220703
05-APR-2025,0.34836671986496,6821,3C120,0.39813029766083,227103,AP-N204-F102,0.19756098091602,0.19756098091602,294.42599487305,272.45001220703
05-APR-2025,0.35725560865507,6821,3C120,0.39607408642769,215103,AP-N201-F101,0.19469098746777,0.19469098746777,291.27597045898,272.45001220703
05-APR-2025,0.35725560865507,6821,3C120,0.39607408642769,215103,AP-N202-F101,0.18807134032249,0.18807134032249,279.03512573242,272.45001220703
05-APR-2025,0.35725560865507,6821,3C120,0.39607408642769,227103,AP-N203-F102,0.20325228571892,0.20325228571892,309.60827636719,272.45001220703
05-APR-2025,0.35725560865507,6821,3C120,0.39607408642769,227103,AP-N204-F102,0.19756098091602,0.19756098091602,294.42599487305,272.45001220703
05-APR-2025,0.36642227720621,6821,3C120,0.39395290613174,215103,AP-N201-F101,0.19469098746777,0.19469098746777,291.27597045898,272.45001220703
05-APR-2025,0.36642227720621,6821,3C120,0.39395290613174,215103,AP-N202-F101,0.18807134032249,0.18807134032249,279.03512573242,272.45001220703
05-APR-2025,0.36642227720621,6821,3C120,0.39395290613174,227103,AP-N203-F102,0.20325228571892,0.20325228571892,309.60827636719,272.45001220703
05-APR-2025,0.36642227720621,6821,3C120,0.39395290613174,227103,AP-N204-F102,0.19756098091602,0.19756098091602,294.42599487305,272.45001220703
05-APR-2025,0.37531116599632,6821,3C120,0.39189523458481,215103,AP-N201-F101,0.19469098746777,0.19469098746777,291.27597045898,272.45001220703
05-APR-2025,0.37531116599632,6821,3C120,0.39189523458481,215103,AP-N202-F101,0.18807134032249,0.18807134032249,279.03512573242,272.45001220703
05-APR-2025,0.37531116599632,6821,3C120,0.39189523458481,227103,AP-N203-F102,0.20325228571892,0.20325228571892,309.60827636719,272.45001220703
05-APR-2025,0.37531116599632,6821,3C120,0.39189523458481,227103,AP-N204-F102,0.19756098091602,0.19756098091602,294.42599487305,272.45001220703
05-APR-2025,0.66082032568015,6831,J0423-0120,0.33584859967232,215103,AP-N201-F101,0.20022976398468,0.20022976398468,363.22567749023,274.54998779297
05-APR-2025,0.66082032568015,6831,J0423-0120,0.33584859967232,215103,AP-N202-F101,0.19503726065159,0.19503726065159,350.16827392578,274.54998779297
05-APR-2025,0.66082032568015,6831,J0423-0120,0.33584859967232,227103,AP-N203-F102,0.21022513508797,0.21022513508797,389.39733886719,274.54998779297
05-APR-2025,0.66082032568015,6831,J0423-0120,0.33584859967232,227103,AP-N204-F102,0.20539046823978,0.20539046823978,372.32092285156,274.54998779297
05-APR-2025,0.67804255072324,6835,J0423-0120,0.33171778917313,215103,AP-N201-F101,0.20022976398468,0.20022976398468,363.22567749023,274.54998779297
05-APR-2025,0.67804255072324,6835,J0423-0120,0.33171778917313,215103,AP-N202-F101,0.19503726065159,0.19503726065159,350.16827392578,274.54998779297
05-APR-2025,0.67804255072324,6835,J0423-0120,0.33171778917313,227103,AP-N203-F102,0.21022513508797,0.21022513508797,389.39733886719,274.54998779297
05-APR-2025,0.67804255072324,6835,J0423-0120,0.33171778917313,227103,AP-N204-F102,0.20539046823978,0.20539046823978,372.32092285156,274.54998779297
05-APR-2025,0.68707032834613,6835,J0423-0120,0.32955208420753,215103,AP-N201-F101,0.20022976398468,0.20022976398468,363.22567749023,274.54998779297
05-APR-2025,0.68707032834613,6835,J0423-0120,0.32955208420753,215103,AP-N202-F101,0.19503726065159,0.19503726065159,350.16827392578,274.54998779297
05-APR-2025,0.68707032834613,6835,J0423-0120,0.32955208420753,227103,AP-N203-F102,0.21022513508797,0.21022513508797,389.39733886719,274.54998779297
05-APR-2025,0.68707032834613,6835,J0423-0120,0.32955208420753,227103,AP-N204-F102,0.20539046823978,0.20539046823978,372.32092285156,274.54998779297
05-APR-2025,0.69595921748549,6835,J0423-0120,0.32741943001747,215103,AP-N201-F101,0.20022976398468,0.20022976398468,363.22567749023,274.54998779297
05-APR-2025,0.69595921748549,6835,J0423-0120,0.32741943001747,215103,AP-N202-F101,0.19503726065159,0.19503726065159,350.16827392578,274.54998779297
05-APR-2025,0.69595921748549,6835,J0423-0120,0.32741943001747,227103,AP-N203-F102,0.21022513508797,0.21022513508797,389.39733886719,274.54998779297
05-APR-2025,0.69595921748549,6835,J0423-0120,0.32741943001747,227103,AP-N204-F102,0.20539046823978,0.20539046823978,372.32092285156,274.54998779297
05-APR-2025,0.7944314374675,6840,3C120,0.29413098096848,215103,AP-N201-F101,0.20793287456036,0.20793287456036,434.19012451172,274.75
05-APR-2025,0.7944314374675,6840,3C120,0.29413098096848,215103,AP-N202-F101,0.20328578352928,0.20328578352928,418.95440673828,274.75
05-APR-2025,0.7944314374675,6840,3C120,0.29413098096848,227103,AP-N203-F102,0.21926088631153,0.21926088631153,468.89105224609,274.75
05-APR-2025,0.7944314374675,6840,3C120,0.29413098096848,227103,AP-N204-F102,0.21457907557487,0.21457907557487,448.59625244141,274.75
05-APR-2025,0.81151477158234,6844,3C120,0.29011815786362,215103,AP-N201-F101,0.20793287456036,0.20793287456036,434.19012451172,274.75
05-APR-2025,0.81151477158234,6844,3C120,0.29011815786362,215103,AP-N202-F101,0.20328578352928,0.20328578352928,418.95440673828,274.75
05-APR-2025,0.81151477158234,6844,3C120,0.29011815786362,227103,AP-N203-F102,0.21926088631153,0.21926088631153,468.89105224609,274.75
05-APR-2025,0.81151477158234,6844,3C120,0.29011815786362,227103,AP-N204-F102,0.21457907557487,0.21457907557487,448.59625244141,274.75
05-APR-2025,0.82040366054708,6844,3C120,0.28802940249443,215103,AP-N201-F101,0.20793287456036,0.20793287456036,434.19012451172,274.75
05-APR-2025,0.82040366054708,6844,3C120,0.28802940249443,215103,AP-N202-F101,0.20328578352928,0.20328578352928,418.95440673828,274.75
05-APR-2025,0.82040366054708,6844,3C120,0.28802940249443,227103,AP-N203-F102,0.21926088631153,0.21926088631153,468.89105224609,274.75
05-APR-2025,0.82040366054708,6844,3C120,0.28802940249443,227103,AP-N204-F102,0.21457907557487,0.21457907557487,448.59625244141,274.75
05-APR-2025,0.8295703266535,6844,3C120,0.28587484359741,215103,AP-N201-F101,0.20793287456036,0.20793287456036,434.19012451172,274.75
05-APR-2025,0.8295703266535,6844,3C120,0.28587484359741,215103,AP-N202-F101,0.20328578352928,0.20328578352928,418.95440673828,274.75
05-APR-2025,0.8295703266535,6844,3C120,0.28587484359741,227103,AP-N203-F102,0.21926088631153,0.21926088631153,468.89105224609,274.75
05-APR-2025,0.8295703266535,6844,3C120,0.28587484359741,227103,AP-N204-F102,0.21457907557487,0.21457907557487,448.59625244141,274.75
05-APR-2025,0.83845921509437,6844,3C120,0.28378504514694,215103,AP-N201-F101,0.20793287456036,0.20793287456036,434.19012451172,274.75
05-APR-2025,0.83845921509437,6844,3C120,0.28378504514694,215103,AP-N202-F101,0.20328578352928,0.20328578352928,418.95440673828,274.75
05-APR-2025,0.83845921509437,6844,3C120,0.28378504514694,227103,AP-N203-F102,0.21926088631153,0.21926088631153,468.89105224609,274.75
05-APR-2025,0.83845921509437,6844,3C120,0.28378504514694,227103,AP-N204-F102,0.21457907557487,0.21457907557487,448.59625244141,274.75
05-APR-2025,0.84762588137541,6844,3C120,0.28162932395935,215103,AP-N201-F101,0.20793287456036,0.20793287456036,434.19012451172,274.75
05-APR-2025,0.84762588137541,6844,3C120,0.28162932395935,215103,AP-N202-F101,0.20328578352928,0.20328578352928,418.95440673828,274.75
05-APR-2025,0.84762588137541,6844,3C120,0.28162932395935,227103,AP-N203-F102,0.21926088631153,0.21926088631153,468.89105224609,274.75
05-APR-2025,0.84762588137541,6844,3C120,0.28162932395935,227103,AP-N204-F102,0.21457907557487,0.21457907557487,448.59625244141,274.75
05-APR-2025,0.96082032461659,6847,3C120,0.25496563315392,215103,AP-N201-F101,0.23017807304859,0.23017807304859,578.23052978516,274.14999389648
05-APR-2025,0.96082032461659,6847,3C120,0.25496563315392,215103,AP-N202-F101,0.22624012827873,0.22624012827873,561.03088378906,274.14999389648
05-APR-2025,0.96082032461659,6847,3C120,0.25496563315392,227103,AP-N203-F102,0.24339790642262,0.24339790642262,631.08380126953,274.14999389648
05-APR-2025,0.96082032461659,6847,3C120,0.25496563315392,227103,AP-N204-F102,0.23942995071411,0.23942995071411,606.55938720703,274.14999389648
05-APR-2025,0.97845921406253,6851,3C120,0.25080356001854,215103,AP-N201-F101,0.23017807304859,0.23017807304859,578.23052978516,274.14999389648
05-APR-2025,0.97845921406253,6851,3C120,0.25080356001854,215103,AP-N202-F101,0.22624012827873,0.22624012827873,561.03088378906,274.14999389648
05-APR-2025,0.97845921406253,6851,3C120,0.25080356001854,227103,AP-N203-F102,0.24339790642262,0.24339790642262,631.08380126953,274.14999389648
05-APR-2025,0.97845921406253,6851,3C120,0.25080356001854,227103,AP-N204-F102,0.23942995071411,0.23942995071411,606.55938720703,274.14999389648
05-APR-2025,0.98762588016895,6851,3C120,0.24863985180855,215103,AP-N201-F101,0.23017807304859,0.23017807304859,578.23052978516,274.14999389648
05-APR-2025,0.98762588016895,6851,3C120,0.24863985180855,215103,AP-N202-F101,0.22624012827873,0.22624012827873,561.03088378906,274.14999389648
05-APR-2025,0.98762588016895,6851,3C120,0.24863985180855,227103,AP-N203-F102,0.24339790642262,0.24339790642262,631.08380126953,274.14999389648
05-APR-2025,0.98762588016895,6851,3C120,0.24863985180855,227103,AP-N204-F102,0.23942995071411,0.23942995071411,606.55938720703,274.14999389648
05-APR-2025,0.99651476878444,6851,3C120,0.24654118716717,215103,AP-N201-F101,0.23017807304859,0.23017807304859,578.23052978516,274.14999389648
05-APR-2025,0.99651476878444,6851,3C120,0.24654118716717,215103,AP-N202-F101,0.22624012827873,0.22624012827873,561.03088378906,274.14999389648
05-APR-2025,0.99651476878444,6851,3C120,0.24654118716717,227103,AP-N203-F102,0.24339790642262,0.24339790642262,631.08380126953,274.14999389648
05-APR-2025,0.99651476878444,6851,3C120,0.24654118716717,227103,AP-N204-F102,0.23942995071411,0.23942995071411,606.55938720703,274.14999389648
05-APR-2025,1.0054036575746,6851,3C120,0.24444206058979,215103,AP-N201-F101,0.23017807304859,0.23017807304859,578.23052978516,274.14999389648
05-APR-2025,1.0054036575746,6851,3C120,0.24444206058979,215103,AP-N202-F101,0.22624012827873,0.22624012827873,561.03088378906,274.14999389648
05-APR-2025,1.0054036575746,6851,3C120,0.24444206058979,227103,AP-N203-F102,0.24339790642262,0.24339790642262,631.08380126953,274.14999389648
05-APR-2025,1.0054036575746,6851,3C120,0.24444206058979,227103,AP-N204-F102,0.23942995071411,0.23942995071411,606.55938720703,274.14999389648
05-APR-2025,1.0145703235063,6851,3C120,0.24227695167065,215103,AP-N201-F101,0.23017807304859,0.23017807304859,578.23052978516,274.14999389648
05-APR-2025,1.0145703235063,6851,3C120,0.24227695167065,215103,AP-N202-F101,0.22624012827873,0.22624012827873,561.03088378906,274.14999389648
05-APR-2025,1.0145703235063,6851,3C120,0.24227695167065,227103,AP-N203-F102,0.24339790642262,0.24339790642262,631.08380126953,274.14999389648
05-APR-2025,1.0145703235063,6851,3C120,0.24227695167065,227103,AP-N204-F102,0.23942995071411,0.23942995071411,606.55938720703,274.14999389648
05-APR-2025,1.0874869886533,6856,J0510+1800,0.2618420124054,215103,AP-N201-F101,0.2373731136322,0.2373731136322,584.56964111328,274.75
05-APR-2025,1.0874869886533,6856,J0510+1800,0.2618420124054,215103,AP-N202-F101,0.23294362425804,0.23294362425804,565.52038574219,274.75
05-APR-2025,1.0874869886533,6856,J0510+1800,0.2618420124054,227103,AP-N203-F102,0.25059220194817,0.25059220194817,636.33123779297,274.75
05-APR-2025,1.0874869886533,6856,J0510+1800,0.2618420124054,227103,AP-N204-F102,0.24682798981667,0.24682798981667,612.87164306641,274.75
05-APR-2025,1.1448480999892,6860,J0510+1800,0.24952629208565,215103,AP-N201-F101,0.2373731136322,0.2373731136322,584.56964111328,274.75
05-APR-2025,1.1448480999892,6860,J0510+1800,0.24952629208565,215103,AP-N202-F101,0.23294362425804,0.23294362425804,565.52038574219,274.75
05-APR-2025,1.1448480999892,6860,J0510+1800,0.24952629208565,227103,AP-N203-F102,0.25059220194817,0.25059220194817,636.33123779297,274.75
05-APR-2025,1.1448480999892,6860,J0510+1800,0.24952629208565,227103,AP-N204-F102,0.24682798981667,0.24682798981667,612.87164306641,274.75
05-APR-2025,1.1537369887794,6860,J0510+1800,0.24761356413364,215103,AP-N201-F101,0.2373731136322,0.2373731136322,584.56964111328,274.75
05-APR-2025,1.1537369887794,6860,J0510+1800,0.24761356413364,215103,AP-N202-F101,0.23294362425804,0.23294362425804,565.52038574219,274.75
05-APR-2025,1.1537369887794,6860,J0510+1800,0.24761356413364,227103,AP-N203-F102,0.25059220194817,0.25059220194817,636.33123779297,274.75
05-APR-2025,1.1537369887794,6860,J0510+1800,0.24761356413364,227103,AP-N204-F102,0.24682798981667,0.24682798981667,612.87164306641,274.75
05-APR-2025,1.1626258775695,6860,J0510+1800,0.24569968879223,215103,AP-N201-F101,0.2373731136322,0.2373731136322,584.56964111328,274.75
05-APR-2025,1.1626258775695,6860,J0510+1800,0.24569968879223,215103,AP-N202-F101,0.23294362425804,0.23294362425804,565.52038574219,274.75
05-APR-2025,1.1626258775695,6860,J0510+1800,0.24569968879223,227103,AP-N203-F102,0.25059220194817,0.25059220194817,636.33123779297,274.75
05-APR-2025,1.1626258775695,6860,J0510+1800,0.24569968879223,227103,AP-N204-F102,0.24682798981667,0.24682798981667,612.87164306641,274.75
