08-APR-2025,22.515589239842,9252,3C273,0.14406207203865,215103,AP-N201-F101,0.11015885323286,0.11015885323286,477.62689208984,271.85000610352
08-APR-2025,22.515589239842,9252,3C273,0.14406207203865,215103,AP-N202-F101,0.10830272734165,0.10830272734165,453.80697631836,271.85000610352
08-APR-2025,22.515589239842,9252,3C273,0.14406207203865,227103,AP-N203-F102,0.11627466976643,0.11627466976643,517.32421875,271.85000610352
08-APR-2025,22.515589239842,9252,3C273,0.14406207203865,227103,AP-N204-F102,0.1140743046999,0.1140743046999,485.42352294922,271.85000610352
08-APR-2025,22.54545034762,9256,3C273,0.1512415856123,215103,AP-N201-F101,0.11015885323286,0.11015885323286,477.62689208984,271.85000610352
08-APR-2025,22.54545034762,9256,3C273,0.1512415856123,215103,AP-N202-F101,0.10830272734165,0.10830272734165,453.80697631836,271.85000610352
08-APR-2025,22.54545034762,9256,3C273,0.1512415856123,227103,AP-N203-F102,0.11627466976643,0.11627466976643,517.32421875,271.85000610352
08-APR-2025,22.54545034762,9256,3C273,0.1512415856123,227103,AP-N204-F102,0.1140743046999,0.1140743046999,485.42352294922,271.85000610352
08-APR-2025,22.55433923641,9256,3C273,0.15337836742401,215103,AP-N201-F101,0.11015885323286,0.11015885323286,477.62689208984,271.85000610352
08-APR-2025,22.55433923641,9256,3C273,0.15337836742401,215103,AP-N202-F101,0.10830272734165,0.10830272734165,453.80697631836,271.85000610352
08-APR-2025,22.55433923641,9256,3C273,0.15337836742401,227103,AP-N203-F102,0.11627466976643,0.11627466976643,517.32421875,271.85000610352
08-APR-2025,22.55433923641,9256,3C273,0.15337836742401,227103,AP-N204-F102,0.1140743046999,0.1140743046999,485.42352294922,271.85000610352
08-APR-2025,22.563505904612,9256,3C273,0.15558156371117,215103,AP-N201-F101,0.11015885323286,0.11015885323286,477.62689208984,271.85000610352
08-APR-2025,22.563505904612,9256,3C273,0.15558156371117,215103,AP-N202-F101,0.10830272734165,0.10830272734165,453.80697631836,271.85000610352
08-APR-2025,22.563505904612,9256,3C273,0.15558156371117,227103,AP-N203-F102,0.11627466976643,0.11627466976643,517.32421875,271.85000610352
08-APR-2025,22.563505904612,9256,3C273,0.15558156371117,227103,AP-N204-F102,0.1140743046999,0.1140743046999,485.42352294922,271.85000610352
08-APR-2025,22.744501683002,9263,3C279,0.1440476924181,215103,AP-N201-F101,0.097121506929398,0.097121506929398,412.14590454102,271.45001220703
08-APR-2025,22.744501683002,9263,3C279,0.1440476924181,215103,AP-N202-F101,0.095067888498306,0.095067888498306,389.66177368164,271.45001220703
08-APR-2025,22.744501683002,9263,3C279,0.1440476924181,227103,AP-N203-F102,0.10216645896435,0.10216645896435,443.55529785156,271.45001220703
08-APR-2025,22.744501683002,9263,3C279,0.1440476924181,227103,AP-N204-F102,0.10015600919724,0.10015600919724,415.26803588867,271.45001220703
08-APR-2025,22.761585014323,9267,3C279,0.14817018806934,215103,AP-N201-F101,0.097121506929398,0.097121506929398,412.14590454102,271.45001220703
08-APR-2025,22.761585014323,9267,3C279,0.14817018806934,215103,AP-N202-F101,0.095067888498306,0.095067888498306,389.66177368164,271.45001220703
08-APR-2025,22.761585014323,9267,3C279,0.14817018806934,227103,AP-N203-F102,0.10216645896435,0.10216645896435,443.55529785156,271.45001220703
08-APR-2025,22.761585014323,9267,3C279,0.14817018806934,227103,AP-N204-F102,0.10015600919724,0.10015600919724,415.26803588867,271.45001220703
08-APR-2025,22.770751680604,9267,3C279,0.15038241446018,215103,AP-N201-F101,0.097121506929398,0.097121506929398,412.14590454102,271.45001220703
08-APR-2025,22.770751680604,9267,3C279,0.15038241446018,215103,AP-N202-F101,0.095067888498306,0.095067888498306,389.66177368164,271.45001220703
08-APR-2025,22.770751680604,9267,3C279,0.15038241446018,227103,AP-N203-F102,0.10216645896435,0.10216645896435,443.55529785156,271.45001220703
08-APR-2025,22.770751680604,9267,3C279,0.15038241446018,227103,AP-N204-F102,0.10015600919724,0.10015600919724,415.26803588867,271.45001220703
08-APR-2025,22.779640569394,9267,3C279,0.15252785384655,215103,AP-N201-F101,0.097121506929398,0.097121506929398,412.14590454102,271.45001220703
08-APR-2025,22.779640569394,9267,3C279,0.15252785384655,215103,AP-N202-F101,0.095067888498306,0.095067888498306,389.66177368164,271.45001220703
08-APR-2025,22.779640569394,9267,3C279,0.15252785384655,227103,AP-N203-F102,0.10216645896435,0.10216645896435,443.55529785156,271.45001220703
08-APR-2025,22.779640569394,9267,3C279,0.15252785384655,227103,AP-N204-F102,0.10015600919724,0.10015600919724,415.26803588867,271.45001220703
08-APR-2025,22.837557235887,9272,M84,0.15672726929188,215103,AP-N201-F101,0.10149693489075,0.10149693489075,397.17681884766,271.25
08-APR-2025,22.837557235887,9272,M84,0.15672726929188,215103,AP-N202-F101,0.099373318254948,0.099373318254948,375.67944335937,271.25
08-APR-2025,22.837557235887,9272,M84,0.15672726929188,227103,AP-N203-F102,0.10681592673063,0.10681592673063,427.86474609375,271.25
08-APR-2025,22.837557235887,9272,M84,0.15672726929188,227103,AP-N204-F102,0.10440699011087,0.10440699011087,399.17202758789,271.25
08-APR-2025,22.861168343047,9276,M84,0.162149310112,215103,AP-N201-F101,0.10149693489075,0.10149693489075,397.17681884766,271.25
08-APR-2025,22.861168343047,9276,M84,0.162149310112,215103,AP-N202-F101,0.099373318254948,0.099373318254948,375.67944335937,271.25
08-APR-2025,22.861168343047,9276,M84,0.162149310112,227103,AP-N203-F102,0.10681592673063,0.10681592673063,427.86474609375,271.25
08-APR-2025,22.861168343047,9276,M84,0.162149310112,227103,AP-N204-F102,0.10440699011087,0.10440699011087,399.17202758789,271.25
08-APR-2025,22.87019612294,9276,M84,0.16422142088413,215103,AP-N201-F101,0.10149693489075,0.10149693489075,397.17681884766,271.25
08-APR-2025,22.87019612294,9276,M84,0.16422142088413,215103,AP-N202-F101,0.099373318254948,0.099373318254948,375.67944335937,271.25
08-APR-2025,22.87019612294,9276,M84,0.16422142088413,227103,AP-N203-F102,0.10681592673063,0.10681592673063,427.86474609375,271.25
08-APR-2025,22.87019612294,9276,M84,0.16422142088413,227103,AP-N204-F102,0.10440699011087,0.10440699011087,399.17202758789,271.25
08-APR-2025,22.87908501173,9276,M84,0.16626074910164,215103,AP-N201-F101,0.10149693489075,0.10149693489075,397.17681884766,271.25
08-APR-2025,22.87908501173,9276,M84,0.16626074910164,215103,AP-N202-F101,0.099373318254948,0.099373318254948,375.67944335937,271.25
08-APR-2025,22.87908501173,9276,M84,0.16626074910164,227103,AP-N203-F102,0.10681592673063,0.10681592673063,427.86474609375,271.25
08-APR-2025,22.87908501173,9276,M84,0.16626074910164,227103,AP-N204-F102,0.10440699011087,0.10440699011087,399.17202758789,271.25
08-APR-2025,22.887973900345,9276,M84,0.16829940676689,215103,AP-N201-F101,0.10149693489075,0.10149693489075,397.17681884766,271.25
08-APR-2025,22.887973900345,9276,M84,0.16829940676689,215103,AP-N202-F101,0.099373318254948,0.099373318254948,375.67944335937,271.25
08-APR-2025,22.887973900345,9276,M84,0.16829940676689,227103,AP-N203-F102,0.10681592673063,0.10681592673063,427.86474609375,271.25
08-APR-2025,22.887973900345,9276,M84,0.16829940676689,227103,AP-N204-F102,0.10440699011087,0.10440699011087,399.17202758789,271.25
08-APR-2025,23.044673093429,9283,OJ287,0.75524574518204,215103,AP-N201-F101,0.12045584619045,0.12045584619045,149.85430908203,270.75
08-APR-2025,23.044673093429,9283,OJ287,0.75524574518204,215103,AP-N202-F101,0.10894071310759,0.10894071310759,135.16178894043,270.75
08-APR-2025,23.044673093429,9283,OJ287,0.75524574518204,227103,AP-N203-F102,0.11791663616896,0.11791663616896,153.41081237793,270.75
08-APR-2025,23.044673093429,9283,OJ287,0.75524574518204,227103,AP-N204-F102,0.11102779954672,0.11102779954672,138.81866455078,270.75
08-APR-2025,23.060645316881,9287,OJ287,0.75683379173279,215103,AP-N201-F101,0.12045584619045,0.12045584619045,149.85430908203,270.75
08-APR-2025,23.060645316881,9287,OJ287,0.75683379173279,215103,AP-N202-F101,0.10894071310759,0.10894071310759,135.16178894043,270.75
08-APR-2025,23.060645316881,9287,OJ287,0.75683379173279,227103,AP-N203-F102,0.11791663616896,0.11791663616896,153.41081237793,270.75
08-APR-2025,23.060645316881,9287,OJ287,0.75683379173279,227103,AP-N204-F102,0.11102779954672,0.11102779954672,138.81866455078,270.75
08-APR-2025,23.069811985258,9287,OJ287,0.75773745775223,215103,AP-N201-F101,0.12045584619045,0.12045584619045,149.85430908203,270.75
08-APR-2025,23.069811985258,9287,OJ287,0.75773745775223,215103,AP-N202-F101,0.10894071310759,0.10894071310759,135.16178894043,270.75
08-APR-2025,23.069811985258,9287,OJ287,0.75773745775223,227103,AP-N203-F102,0.11791663616896,0.11791663616896,153.41081237793,270.75
08-APR-2025,23.069811985258,9287,OJ287,0.75773745775223,227103,AP-N204-F102,0.11102779954672,0.11102779954672,138.81866455078,270.75
08-APR-2025,23.078700873873,9287,OJ287,0.7586082816124,215103,AP-N201-F101,0.12045584619045,0.12045584619045,149.85430908203,270.75
08-APR-2025,23.078700873873,9287,OJ287,0.7586082816124,215103,AP-N202-F101,0.10894071310759,0.10894071310759,135.16178894043,270.75
08-APR-2025,23.078700873873,9287,OJ287,0.7586082816124,227103,AP-N203-F102,0.11791663616896,0.11791663616896,153.41081237793,270.75
08-APR-2025,23.078700873873,9287,OJ287,0.7586082816124,227103,AP-N204-F102,0.11102779954672,0.11102779954672,138.81866455078,270.75
08-APR-2025,23.293516759359,9294,3C279,0.27665442228317,215103,AP-N201-F101,0.092999704182148,0.092999704182148,222.44781494141,270.25
08-APR-2025,23.293516759359,9294,3C279,0.27665442228317,215103,AP-N202-F101,0.089094392955303,0.089094392955303,206.16371154785,270.25
08-APR-2025,23.293516759359,9294,3C279,0.27665442228317,227103,AP-N203-F102,0.096148528158665,0.096148528158665,233.96238708496,270.25
08-APR-2025,23.293516759359,9294,3C279,0.27665442228317,227103,AP-N204-F102,0.092135034501553,0.092135034501553,214.18324279785,270.25
08-APR-2025,23.31143342455,9298,3C279,0.28098365664482,215103,AP-N201-F101,0.092999704182148,0.092999704182148,222.44781494141,270.25
08-APR-2025,23.31143342455,9298,3C279,0.28098365664482,215103,AP-N202-F101,0.089094392955303,0.089094392955303,206.16371154785,270.25
08-APR-2025,23.31143342455,9298,3C279,0.28098365664482,227103,AP-N203-F102,0.096148528158665,0.096148528158665,233.96238708496,270.25
08-APR-2025,23.31143342455,9298,3C279,0.28098365664482,227103,AP-N204-F102,0.092135034501553,0.092135034501553,214.18324279785,270.25
08-APR-2025,23.320322313515,9298,3C279,0.28313148021698,215103,AP-N201-F101,0.092999704182148,0.092999704182148,222.44781494141,270.25
08-APR-2025,23.320322313515,9298,3C279,0.28313148021698,215103,AP-N202-F101,0.089094392955303,0.089094392955303,206.16371154785,270.25
08-APR-2025,23.320322313515,9298,3C279,0.28313148021698,227103,AP-N203-F102,0.096148528158665,0.096148528158665,233.96238708496,270.25
08-APR-2025,23.320322313515,9298,3C279,0.28313148021698,227103,AP-N204-F102,0.092135034501553,0.092135034501553,214.18324279785,270.25
08-APR-2025,23.329211201781,9298,3C279,0.28527930378914,215103,AP-N201-F101,0.092999704182148,0.092999704182148,222.44781494141,270.25
08-APR-2025,23.329211201781,9298,3C279,0.28527930378914,215103,AP-N202-F101,0.089094392955303,0.089094392955303,206.16371154785,270.25
08-APR-2025,23.329211201781,9298,3C279,0.28527930378914,227103,AP-N203-F102,0.096148528158665,0.096148528158665,233.96238708496,270.25
08-APR-2025,23.329211201781,9298,3C279,0.28527930378914,227103,AP-N204-F102,0.092135034501553,0.092135034501553,214.18324279785,270.25
08-APR-2025,23.387961201619,9303,M84,0.2817470729351,215103,AP-N201-F101,0.090714029967785,0.090714029967785,215.96784973145,270.04998779297
08-APR-2025,23.387961201619,9303,M84,0.2817470729351,215103,AP-N202-F101,0.086776405572891,0.086776405572891,199.92457580566,270.04998779297
08-APR-2025,23.387961201619,9303,M84,0.2817470729351,227103,AP-N203-F102,0.093773365020752,0.093773365020752,227.12551879883,270.04998779297
08-APR-2025,23.387961201619,9303,M84,0.2817470729351,227103,AP-N204-F102,0.089653737843037,0.089653737843037,207.52815246582,270.04998779297
08-APR-2025,23.411155648742,9307,M84,0.28694540262222,215103,AP-N201-F101,0.090714029967785,0.090714029967785,215.96784973145,270.04998779297
08-APR-2025,23.411155648742,9307,M84,0.28694540262222,215103,AP-N202-F101,0.086776405572891,0.086776405572891,199.92457580566,270.04998779297
08-APR-2025,23.411155648742,9307,M84,0.28694540262222,227103,AP-N203-F102,0.093773365020752,0.093773365020752,227.12551879883,270.04998779297
08-APR-2025,23.411155648742,9307,M84,0.28694540262222,227103,AP-N204-F102,0.089653737843037,0.089653737843037,207.52815246582,270.04998779297
08-APR-2025,23.420322315023,9307,M84,0.28899812698364,215103,AP-N201-F101,0.090714029967785,0.090714029967785,215.96784973145,270.04998779297
08-APR-2025,23.420322315023,9307,M84,0.28899812698364,215103,AP-N202-F101,0.086776405572891,0.086776405572891,199.92457580566,270.04998779297
08-APR-2025,23.420322315023,9307,M84,0.28899812698364,227103,AP-N203-F102,0.093773365020752,0.093773365020752,227.12551879883,270.04998779297
08-APR-2025,23.420322315023,9307,M84,0.28899812698364,227103,AP-N204-F102,0.089653737843037,0.089653737843037,207.52815246582,270.04998779297
08-APR-2025,23.429211203638,9307,M84,0.29098773002625,215103,AP-N201-F101,0.090714029967785,0.090714029967785,215.96784973145,270.04998779297
08-APR-2025,23.429211203638,9307,M84,0.29098773002625,215103,AP-N202-F101,0.086776405572891,0.086776405572891,199.92457580566,270.04998779297
08-APR-2025,23.429211203638,9307,M84,0.29098773002625,227103,AP-N203-F102,0.093773365020752,0.093773365020752,227.12551879883,270.04998779297
08-APR-2025,23.429211203638,9307,M84,0.29098773002625,227103,AP-N204-F102,0.089653737843037,0.089653737843037,207.52815246582,270.04998779297
08-APR-2025,23.43837787184,9307,M84,0.29303845763206,215103,AP-N201-F101,0.090714029967785,0.090714029967785,215.96784973145,270.04998779297
08-APR-2025,23.43837787184,9307,M84,0.29303845763206,215103,AP-N202-F101,0.086776405572891,0.086776405572891,199.92457580566,270.04998779297
08-APR-2025,23.43837787184,9307,M84,0.29303845763206,227103,AP-N203-F102,0.093773365020752,0.093773365020752,227.12551879883,270.04998779297
08-APR-2025,23.43837787184,9307,M84,0.29303845763206,227103,AP-N204-F102,0.089653737843037,0.089653737843037,207.52815246582,270.04998779297
08-APR-2025,23.503794535477,9312,3C273,0.37994235754013,215103,AP-N201-F101,0.10433860868216,0.10433860868216,195.39916992188,270.04998779297
08-APR-2025,23.503794535477,9312,3C273,0.37994235754013,215103,AP-N202-F101,0.098926186561584,0.098926186561584,179.9925994873,270.04998779297
08-APR-2025,23.503794535477,9312,3C273,0.37994235754013,227103,AP-N203-F102,0.10703705251217,0.10703705251217,204.35111999512,270.04998779297
08-APR-2025,23.503794535477,9312,3C273,0.37994235754013,227103,AP-N204-F102,0.10186751931906,0.10186751931906,186.28860473633,270.04998779297
08-APR-2025,23.528377868832,9316,3C273,0.38575011491776,215103,AP-N201-F101,0.10433860868216,0.10433860868216,195.39916992188,270.04998779297
08-APR-2025,23.528377868832,9316,3C273,0.38575011491776,215103,AP-N202-F101,0.098926186561584,0.098926186561584,179.9925994873,270.04998779297
08-APR-2025,23.528377868832,9316,3C273,0.38575011491776,227103,AP-N203-F102,0.10703705251217,0.10703705251217,204.35111999512,270.04998779297
08-APR-2025,23.528377868832,9316,3C273,0.38575011491776,227103,AP-N204-F102,0.10186751931906,0.10186751931906,186.28860473633,270.04998779297
08-APR-2025,23.537266757622,9316,3C273,0.38784915208817,215103,AP-N201-F101,0.10433860868216,0.10433860868216,195.39916992188,270.04998779297
08-APR-2025,23.537266757622,9316,3C273,0.38784915208817,215103,AP-N202-F101,0.098926186561584,0.098926186561584,179.9925994873,270.04998779297
08-APR-2025,23.537266757622,9316,3C273,0.38784915208817,227103,AP-N203-F102,0.10703705251217,0.10703705251217,204.35111999512,270.04998779297
08-APR-2025,23.537266757622,9316,3C273,0.38784915208817,227103,AP-N204-F102,0.10186751931906,0.10186751931906,186.28860473633,270.04998779297
08-APR-2025,23.546155646237,9316,3C273,0.38994768261909,215103,AP-N201-F101,0.10433860868216,0.10433860868216,195.39916992188,270.04998779297
08-APR-2025,23.546155646237,9316,3C273,0.38994768261909,215103,AP-N202-F101,0.098926186561584,0.098926186561584,179.9925994873,270.04998779297
08-APR-2025,23.546155646237,9316,3C273,0.38994768261909,227103,AP-N203-F102,0.10703705251217,0.10703705251217,204.35111999512,270.04998779297
08-APR-2025,23.546155646237,9316,3C273,0.38994768261909,227103,AP-N204-F102,0.10186751931906,0.10186751931906,186.28860473633,270.04998779297
08-APR-2025,23.644228700611,9322,OJ287,0.80209159851074,215103,AP-N201-F101,0.12658201158047,0.12658201158047,149.83753967285,269.25
08-APR-2025,23.644228700611,9322,OJ287,0.80209159851074,215103,AP-N202-F101,0.1144917756319,0.1144917756319,134.60433959961,269.25
08-APR-2025,23.644228700611,9322,OJ287,0.80209159851074,227103,AP-N203-F102,0.12335612624884,0.12335612624884,152.89796447754,269.25
08-APR-2025,23.644228700611,9322,OJ287,0.80209159851074,227103,AP-N204-F102,0.11618268489838,0.11618268489838,138.48838806152,269.25
08-APR-2025,23.660756479744,9326,OJ287,0.80298811197281,215103,AP-N201-F101,0.12658201158047,0.12658201158047,149.83753967285,269.25
08-APR-2025,23.660756479744,9326,OJ287,0.80298811197281,215103,AP-N202-F101,0.1144917756319,0.1144917756319,134.60433959961,269.25
08-APR-2025,23.660756479744,9326,OJ287,0.80298811197281,227103,AP-N203-F102,0.12335612624884,0.12335612624884,152.89796447754,269.25
08-APR-2025,23.660756479744,9326,OJ287,0.80298811197281,227103,AP-N204-F102,0.11618268489838,0.11618268489838,138.48838806152,269.25
08-APR-2025,23.669645368359,9326,OJ287,0.80346125364304,215103,AP-N201-F101,0.12658201158047,0.12658201158047,149.83753967285,269.25
08-APR-2025,23.669645368359,9326,OJ287,0.80346125364304,215103,AP-N202-F101,0.1144917756319,0.1144917756319,134.60433959961,269.25
08-APR-2025,23.669645368359,9326,OJ287,0.80346125364304,227103,AP-N203-F102,0.12335612624884,0.12335612624884,152.89796447754,269.25
08-APR-2025,23.669645368359,9326,OJ287,0.80346125364304,227103,AP-N204-F102,0.11618268489838,0.11618268489838,138.48838806152,269.25
08-APR-2025,23.679228700091,9326,OJ287,0.80396407842636,215103,AP-N201-F101,0.12658201158047,0.12658201158047,149.83753967285,269.25
08-APR-2025,23.679228700091,9326,OJ287,0.80396407842636,215103,AP-N202-F101,0.1144917756319,0.1144917756319,134.60433959961,269.25
08-APR-2025,23.679228700091,9326,OJ287,0.80396407842636,227103,AP-N203-F102,0.12335612624884,0.12335612624884,152.89796447754,269.25
08-APR-2025,23.679228700091,9326,OJ287,0.80396407842636,227103,AP-N204-F102,0.11618268489838,0.11618268489838,138.48838806152,269.25
08-APR-2025,23.730062033493,9329,OJ287,0.80650562047958,215103,AP-N201-F101,0.12186292558908,0.12186292558908,146.91616821289,269.14999389648
08-APR-2025,23.730062033493,9329,OJ287,0.80650562047958,215103,AP-N202-F101,0.1096805408597,0.1096805408597,132.03366088867,269.14999389648
08-APR-2025,23.730062033493,9329,OJ287,0.80650562047958,227103,AP-N203-F102,0.11843532323837,0.11843532323837,149.9660949707,269.14999389648
08-APR-2025,23.730062033493,9329,OJ287,0.80650562047958,227103,AP-N204-F102,0.11111108213663,0.11111108213663,135.73539733887,269.14999389648
08-APR-2025,23.760339812833,9333,OJ287,0.80791735649109,215103,AP-N201-F101,0.12186292558908,0.12186292558908,146.91616821289,269.14999389648
08-APR-2025,23.760339812833,9333,OJ287,0.80791735649109,215103,AP-N202-F101,0.1096805408597,0.1096805408597,132.03366088867,269.14999389648
08-APR-2025,23.760339812833,9333,OJ287,0.80791735649109,227103,AP-N203-F102,0.11843532323837,0.11843532323837,149.9660949707,269.14999389648
08-APR-2025,23.760339812833,9333,OJ287,0.80791735649109,227103,AP-N204-F102,0.11111108213663,0.11111108213663,135.73539733887,269.14999389648
08-APR-2025,23.769367590456,9333,OJ287,0.80832368135452,215103,AP-N201-F101,0.12186292558908,0.12186292558908,146.91616821289,269.14999389648
08-APR-2025,23.769367590456,9333,OJ287,0.80832368135452,215103,AP-N202-F101,0.1096805408597,0.1096805408597,132.03366088867,269.14999389648
08-APR-2025,23.769367590456,9333,OJ287,0.80832368135452,227103,AP-N203-F102,0.11843532323837,0.11843532323837,149.9660949707,269.14999389648
08-APR-2025,23.769367590456,9333,OJ287,0.80832368135452,227103,AP-N204-F102,0.11111108213663,0.11111108213663,135.73539733887,269.14999389648
08-APR-2025,23.778256479421,9333,OJ287,0.80871707201004,215103,AP-N201-F101,0.12186292558908,0.12186292558908,146.91616821289,269.14999389648
08-APR-2025,23.778256479421,9333,OJ287,0.80871707201004,215103,AP-N202-F101,0.1096805408597,0.1096805408597,132.03366088867,269.14999389648
08-APR-2025,23.778256479421,9333,OJ287,0.80871707201004,227103,AP-N203-F102,0.11843532323837,0.11843532323837,149.9660949707,269.14999389648
08-APR-2025,23.778256479421,9333,OJ287,0.80871707201004,227103,AP-N204-F102,0.11111108213663,0.11111108213663,135.73539733887,269.14999389648
08-APR-2025,23.944126115706,9340,3C279,0.43372067809105,215103,AP-N201-F101,0.098906591534615,0.098906591534615,174.36114501953,268.54998779297
08-APR-2025,23.944126115706,9340,3C279,0.43372067809105,215103,AP-N202-F101,0.092546038329601,0.092546038329601,159.69905090332,268.54998779297
08-APR-2025,23.944126115706,9340,3C279,0.43372067809105,227103,AP-N203-F102,0.10033579170704,0.10033579170704,181.42900085449,268.54998779297
08-APR-2025,23.944126115706,9340,3C279,0.43372067809105,227103,AP-N204-F102,0.094867333769798,0.094867333769798,164.53846740723,268.54998779297
08-APR-2025,23.960931669535,9344,3C279,0.43777033686638,215103,AP-N201-F101,0.098906591534615,0.098906591534615,174.36114501953,268.54998779297
08-APR-2025,23.960931669535,9344,3C279,0.43777033686638,215103,AP-N202-F101,0.092546038329601,0.092546038329601,159.69905090332,268.54998779297
08-APR-2025,23.960931669535,9344,3C279,0.43777033686638,227103,AP-N203-F102,0.10033579170704,0.10033579170704,181.42900085449,268.54998779297
08-APR-2025,23.960931669535,9344,3C279,0.43777033686638,227103,AP-N204-F102,0.094867333769798,0.094867333769798,164.53846740723,268.54998779297
08-APR-2025,23.9698205585,9344,3C279,0.43991211056709,215103,AP-N201-F101,0.098906591534615,0.098906591534615,174.36114501953,268.54998779297
08-APR-2025,23.9698205585,9344,3C279,0.43991211056709,215103,AP-N202-F101,0.092546038329601,0.092546038329601,159.69905090332,268.54998779297
08-APR-2025,23.9698205585,9344,3C279,0.43991211056709,227103,AP-N203-F102,0.10033579170704,0.10033579170704,181.42900085449,268.54998779297
08-APR-2025,23.9698205585,9344,3C279,0.43991211056709,227103,AP-N204-F102,0.094867333769798,0.094867333769798,164.53846740723,268.54998779297
09-APR-2025,0.037459664927001,9349,M87,0.40855479240417,215103,AP-N201-F101,0.099811807274818,0.099811807274818,181.26937866211,268.45001220703
09-APR-2025,0.037459664927001,9349,M87,0.40855479240417,215103,AP-N202-F101,0.09356664121151,0.09356664121151,166.11946105957,268.45001220703
09-APR-2025,0.037459664927001,9349,M87,0.40855479240417,227103,AP-N203-F102,0.10172045975924,0.10172045975924,189.103515625,268.45001220703
09-APR-2025,0.037459664927001,9349,M87,0.40855479240417,227103,AP-N204-F102,0.09592479467392,0.09592479467392,171.47067260742,268.45001220703
09-APR-2025,0.060654110827192,9353,M87,0.41359719634056,215103,AP-N201-F101,0.099811807274818,0.099811807274818,181.26937866211,268.45001220703
09-APR-2025,0.060654110827192,9353,M87,0.41359719634056,215103,AP-N202-F101,0.09356664121151,0.09356664121151,166.11946105957,268.45001220703
09-APR-2025,0.060654110827192,9353,M87,0.41359719634056,227103,AP-N203-F102,0.10172045975924,0.10172045975924,189.103515625,268.45001220703
09-APR-2025,0.060654110827192,9353,M87,0.41359719634056,227103,AP-N204-F102,0.09592479467392,0.09592479467392,171.47067260742,268.45001220703
09-APR-2025,0.094681889176359,9359,M84,0.43691781163216,215103,AP-N201-F101,0.099811807274818,0.099811807274818,181.26937866211,268.45001220703
09-APR-2025,0.094681889176359,9359,M84,0.43691781163216,215103,AP-N202-F101,0.09356664121151,0.09356664121151,166.11946105957,268.45001220703
09-APR-2025,0.094681889176359,9359,M84,0.43691781163216,227103,AP-N203-F102,0.10172045975924,0.10172045975924,189.103515625,268.45001220703
09-APR-2025,0.094681889176359,9359,M84,0.43691781163216,227103,AP-N204-F102,0.09592479467392,0.09592479467392,171.47067260742,268.45001220703
09-APR-2025,0.10370966662463,9359,M84,0.43885082006454,215103,AP-N201-F101,0.099811807274818,0.099811807274818,181.26937866211,268.45001220703
09-APR-2025,0.10370966662463,9359,M84,0.43885082006454,215103,AP-N202-F101,0.09356664121151,0.09356664121151,166.11946105957,268.45001220703
09-APR-2025,0.10370966662463,9359,M84,0.43885082006454,227103,AP-N203-F102,0.10172045975924,0.10172045975924,189.103515625,268.45001220703
09-APR-2025,0.10370966662463,9359,M84,0.43885082006454,227103,AP-N204-F102,0.09592479467392,0.09592479467392,171.47067260742,268.45001220703
09-APR-2025,0.11259855541474,9359,M84,0.44075274467468,215103,AP-N201-F101,0.099811807274818,0.099811807274818,181.26937866211,268.45001220703
09-APR-2025,0.11259855541474,9359,M84,0.44075274467468,215103,AP-N202-F101,0.09356664121151,0.09356664121151,166.11946105957,268.45001220703
09-APR-2025,0.11259855541474,9359,M84,0.44075274467468,227103,AP-N203-F102,0.10172045975924,0.10172045975924,189.103515625,268.45001220703
09-APR-2025,0.11259855541474,9359,M84,0.44075274467468,227103,AP-N204-F102,0.09592479467392,0.09592479467392,171.47067260742,268.45001220703
09-APR-2025,0.16745966514133,9362,M84,0.45246022939682,215103,AP-N201-F101,0.10214664787054,0.10214664787054,173.9386138916,269.14999389648
09-APR-2025,0.16745966514133,9362,M84,0.45246022939682,215103,AP-N202-F101,0.095376074314117,0.095376074314117,158.85606384277,269.14999389648
09-APR-2025,0.16745966514133,9362,M84,0.45246022939682,227103,AP-N203-F102,0.10357060283422,0.10357060283422,180.73051452637,269.14999389648
09-APR-2025,0.16745966514133,9362,M84,0.45246022939682,227103,AP-N204-F102,0.09738277643919,0.09738277643919,163.65548706055,269.14999389648
09-APR-2025,0.19482077462782,9366,M84,0.45827898383141,215103,AP-N201-F101,0.10214664787054,0.10214664787054,173.9386138916,269.14999389648
09-APR-2025,0.19482077462782,9366,M84,0.45827898383141,215103,AP-N202-F101,0.095376074314117,0.095376074314117,158.85606384277,269.14999389648
09-APR-2025,0.19482077462782,9366,M84,0.45827898383141,227103,AP-N203-F102,0.10357060283422,0.10357060283422,180.73051452637,269.14999389648
09-APR-2025,0.19482077462782,9366,M84,0.45827898383141,227103,AP-N204-F102,0.09738277643919,0.09738277643919,163.65548706055,269.14999389648
09-APR-2025,0.20370966324331,9366,M84,0.46016639471054,215103,AP-N201-F101,0.10214664787054,0.10214664787054,173.9386138916,269.14999389648
09-APR-2025,0.20370966324331,9366,M84,0.46016639471054,215103,AP-N202-F101,0.095376074314117,0.095376074314117,158.85606384277,269.14999389648
09-APR-2025,0.20370966324331,9366,M84,0.46016639471054,227103,AP-N203-F102,0.10357060283422,0.10357060283422,180.73051452637,269.14999389648
09-APR-2025,0.20370966324331,9366,M84,0.46016639471054,227103,AP-N204-F102,0.09738277643919,0.09738277643919,163.65548706055,269.14999389648
09-APR-2025,0.21287632934973,9366,M84,0.46211126446724,215103,AP-N201-F101,0.10214664787054,0.10214664787054,173.9386138916,269.14999389648
09-APR-2025,0.21287632934973,9366,M84,0.46211126446724,215103,AP-N202-F101,0.095376074314117,0.095376074314117,158.85606384277,269.14999389648
09-APR-2025,0.21287632934973,9366,M84,0.46211126446724,227103,AP-N203-F102,0.10357060283422,0.10357060283422,180.73051452637,269.14999389648
09-APR-2025,0.21287632934973,9366,M84,0.46211126446724,227103,AP-N204-F102,0.09738277643919,0.09738277643919,163.65548706055,269.14999389648
09-APR-2025,0.31107077446016,9371,3C273,0.56821513175964,215103,AP-N201-F101,0.10313223302364,0.10313223302364,156.44151306152,269.14999389648
09-APR-2025,0.31107077446016,9371,3C273,0.56821513175964,215103,AP-N202-F101,0.094661109149456,0.094661109149456,141.90017700195,269.14999389648
09-APR-2025,0.31107077446016,9371,3C273,0.56821513175964,227103,AP-N203-F102,0.10286639630795,0.10286639630795,161.39695739746,269.14999389648
09-APR-2025,0.31107077446016,9371,3C273,0.56821513175964,227103,AP-N204-F102,0.096364349126816,0.096364349126816,145.71096801758,269.14999389648
09-APR-2025,0.32732077470523,9375,3C273,0.57194143533707,215103,AP-N201-F101,0.10313223302364,0.10313223302364,156.44151306152,269.14999389648
09-APR-2025,0.32732077470523,9375,3C273,0.57194143533707,215103,AP-N202-F101,0.094661109149456,0.094661109149456,141.90017700195,269.14999389648
09-APR-2025,0.32732077470523,9375,3C273,0.57194143533707,227103,AP-N203-F102,0.10286639630795,0.10286639630795,161.39695739746,269.14999389648
09-APR-2025,0.32732077470523,9375,3C273,0.57194143533707,227103,AP-N204-F102,0.096364349126816,0.096364349126816,145.71096801758,269.14999389648
09-APR-2025,0.33620966401921,9375,3C273,0.5739786028862,215103,AP-N201-F101,0.10313223302364,0.10313223302364,156.44151306152,269.14999389648
09-APR-2025,0.33620966401921,9375,3C273,0.5739786028862,215103,AP-N202-F101,0.094661109149456,0.094661109149456,141.90017700195,269.14999389648
09-APR-2025,0.33620966401921,9375,3C273,0.5739786028862,227103,AP-N203-F102,0.10286639630795,0.10286639630795,161.39695739746,269.14999389648
09-APR-2025,0.33620966401921,9375,3C273,0.5739786028862,227103,AP-N204-F102,0.096364349126816,0.096364349126816,145.71096801758,269.14999389648
09-APR-2025,0.34537632977638,9375,3C273,0.57607835531235,215103,AP-N201-F101,0.10313223302364,0.10313223302364,156.44151306152,269.14999389648
09-APR-2025,0.34537632977638,9375,3C273,0.57607835531235,215103,AP-N202-F101,0.094661109149456,0.094661109149456,141.90017700195,269.14999389648
09-APR-2025,0.34537632977638,9375,3C273,0.57607835531235,227103,AP-N203-F102,0.10286639630795,0.10286639630795,161.39695739746,269.14999389648
09-APR-2025,0.34537632977638,9375,3C273,0.57607835531235,227103,AP-N204-F102,0.096364349126816,0.096364349126816,145.71096801758,269.14999389648
09-APR-2025,0.51068757852015,9383,3C279,0.5698367357254,215103,AP-N201-F101,0.10004760324955,0.10004760324955,153.74603271484,269.35000610352
09-APR-2025,0.51068757852015,9383,3C279,0.5698367357254,215103,AP-N202-F101,0.091288067400455,0.091288067400455,139.16172790527,269.35000610352
09-APR-2025,0.51068757852015,9383,3C279,0.5698367357254,227103,AP-N203-F102,0.099334478378296,0.099334478378296,158.35499572754,269.35000610352
09-APR-2025,0.51068757852015,9383,3C279,0.5698367357254,227103,AP-N204-F102,0.092883378267288,0.092883378267288,142.87548828125,269.35000610352
09-APR-2025,0.52804868907818,9387,3C279,0.57399046421051,215103,AP-N201-F101,0.10004760324955,0.10004760324955,153.74603271484,269.35000610352
09-APR-2025,0.52804868907818,9387,3C279,0.57399046421051,215103,AP-N202-F101,0.091288067400455,0.091288067400455,139.16172790527,269.35000610352
09-APR-2025,0.52804868907818,9387,3C279,0.57399046421051,227103,AP-N203-F102,0.099334478378296,0.099334478378296,158.35499572754,269.35000610352
09-APR-2025,0.52804868907818,9387,3C279,0.57399046421051,227103,AP-N204-F102,0.092883378267288,0.092883378267288,142.87548828125,269.35000610352
09-APR-2025,0.5369375778683,9387,3C279,0.57611674070358,215103,AP-N201-F101,0.10004760324955,0.10004760324955,153.74603271484,269.35000610352
09-APR-2025,0.5369375778683,9387,3C279,0.57611674070358,215103,AP-N202-F101,0.091288067400455,0.091288067400455,139.16172790527,269.35000610352
09-APR-2025,0.5369375778683,9387,3C279,0.57611674070358,227103,AP-N203-F102,0.099334478378296,0.099334478378296,158.35499572754,269.35000610352
09-APR-2025,0.5369375778683,9387,3C279,0.57611674070358,227103,AP-N204-F102,0.092883378267288,0.092883378267288,142.87548828125,269.35000610352
09-APR-2025,0.54582646648379,9387,3C279,0.57824265956879,215103,AP-N201-F101,0.10004760324955,0.10004760324955,153.74603271484,269.35000610352
09-APR-2025,0.54582646648379,9387,3C279,0.57824265956879,215103,AP-N202-F101,0.091288067400455,0.091288067400455,139.16172790527,269.35000610352
09-APR-2025,0.54582646648379,9387,3C279,0.57824265956879,227103,AP-N203-F102,0.099334478378296,0.099334478378296,158.35499572754,269.35000610352
09-APR-2025,0.54582646648379,9387,3C279,0.57824265956879,227103,AP-N204-F102,0.092883378267288,0.092883378267288,142.87548828125,269.35000610352
09-APR-2025,0.60429868830728,9392,M87,0.52908205986023,215103,AP-N201-F101,0.097413957118988,0.097413957118988,156.82319641113,269.45001220703
09-APR-2025,0.60429868830728,9392,M87,0.52908205986023,215103,AP-N202-F101,0.089448653161526,0.089448653161526,142.3081817627,269.45001220703
09-APR-2025,0.60429868830728,9392,M87,0.52908205986023,227103,AP-N203-F102,0.097303047776222,0.097303047776222,161.9571685791,269.45001220703
09-APR-2025,0.60429868830728,9392,M87,0.52908205986023,227103,AP-N204-F102,0.090958714485168,0.090958714485168,146.22660827637,269.45001220703
09-APR-2025,0.62777091117453,9396,M87,0.53393685817719,215103,AP-N201-F101,0.097413957118988,0.097413957118988,156.82319641113,269.45001220703
09-APR-2025,0.62777091117453,9396,M87,0.53393685817719,215103,AP-N202-F101,0.089448653161526,0.089448653161526,142.3081817627,269.45001220703
09-APR-2025,0.62777091117453,9396,M87,0.53393685817719,227103,AP-N203-F102,0.097303047776222,0.097303047776222,161.9571685791,269.45001220703
09-APR-2025,0.62777091117453,9396,M87,0.53393685817719,227103,AP-N204-F102,0.090958714485168,0.090958714485168,146.22660827637,269.45001220703
09-APR-2025,0.66165980086554,9402,M84,0.55524235963821,215103,AP-N201-F101,0.097413957118988,0.097413957118988,156.82319641113,269.45001220703
09-APR-2025,0.66165980086554,9402,M84,0.55524235963821,215103,AP-N202-F101,0.089448653161526,0.089448653161526,142.3081817627,269.45001220703
09-APR-2025,0.66165980086554,9402,M84,0.55524235963821,227103,AP-N203-F102,0.097303047776222,0.097303047776222,161.9571685791,269.45001220703
09-APR-2025,0.66165980086554,9402,M84,0.55524235963821,227103,AP-N204-F102,0.090958714485168,0.090958714485168,146.22660827637,269.45001220703
09-APR-2025,0.67054868965566,9402,M84,0.55704164505005,215103,AP-N201-F101,0.097413957118988,0.097413957118988,156.82319641113,269.45001220703
09-APR-2025,0.67054868965566,9402,M84,0.55704164505005,215103,AP-N202-F101,0.089448653161526,0.089448653161526,142.3081817627,269.45001220703
09-APR-2025,0.67054868965566,9402,M84,0.55704164505005,227103,AP-N203-F102,0.097303047776222,0.097303047776222,161.9571685791,269.45001220703
09-APR-2025,0.67054868965566,9402,M84,0.55704164505005,227103,AP-N204-F102,0.090958714485168,0.090958714485168,146.22660827637,269.45001220703
09-APR-2025,0.67943757862039,9402,M84,0.55883896350861,215103,AP-N201-F101,0.097413957118988,0.097413957118988,156.82319641113,269.45001220703
09-APR-2025,0.67943757862039,9402,M84,0.55883896350861,215103,AP-N202-F101,0.089448653161526,0.089448653161526,142.3081817627,269.45001220703
09-APR-2025,0.67943757862039,9402,M84,0.55883896350861,227103,AP-N203-F102,0.097303047776222,0.097303047776222,161.9571685791,269.45001220703
09-APR-2025,0.67943757862039,9402,M84,0.55883896350861,227103,AP-N204-F102,0.090958714485168,0.090958714485168,146.22660827637,269.45001220703
09-APR-2025,0.73290979879687,9405,M84,0.56961005926132,215103,AP-N201-F101,0.095360331237316,0.095360331237316,150.12846374512,268.75
09-APR-2025,0.73290979879687,9405,M84,0.56961005926132,215103,AP-N202-F101,0.08659190684557,0.08659190684557,135.74836730957,268.75
09-APR-2025,0.73290979879687,9405,M84,0.56961005926132,227103,AP-N203-F102,0.094187587499619,0.094187587499619,154.55233764648,268.75
09-APR-2025,0.73290979879687,9405,M84,0.56961005926132,227103,AP-N204-F102,0.087748423218727,0.087748423218727,139.19604492188,268.75
09-APR-2025,0.76082646588455,9409,M84,0.5752044916153,215103,AP-N201-F101,0.095360331237316,0.095360331237316,150.12846374512,268.75
09-APR-2025,0.76082646588455,9409,M84,0.5752044916153,215103,AP-N202-F101,0.08659190684557,0.08659190684557,135.74836730957,268.75
09-APR-2025,0.76082646588455,9409,M84,0.5752044916153,227103,AP-N203-F102,0.094187587499619,0.094187587499619,154.55233764648,268.75
09-APR-2025,0.76082646588455,9409,M84,0.5752044916153,227103,AP-N204-F102,0.087748423218727,0.087748423218727,139.19604492188,268.75
09-APR-2025,0.76971535484929,9409,M84,0.57698160409927,215103,AP-N201-F101,0.095360331237316,0.095360331237316,150.12846374512,268.75
09-APR-2025,0.76971535484929,9409,M84,0.57698160409927,215103,AP-N202-F101,0.08659190684557,0.08659190684557,135.74836730957,268.75
09-APR-2025,0.76971535484929,9409,M84,0.57698160409927,227103,AP-N203-F102,0.094187587499619,0.094187587499619,154.55233764648,268.75
09-APR-2025,0.76971535484929,9409,M84,0.57698160409927,227103,AP-N204-F102,0.087748423218727,0.087748423218727,139.19604492188,268.75
09-APR-2025,0.7786042436394,9409,M84,0.57875674962997,215103,AP-N201-F101,0.095360331237316,0.095360331237316,150.12846374512,268.75
09-APR-2025,0.7786042436394,9409,M84,0.57875674962997,215103,AP-N202-F101,0.08659190684557,0.08659190684557,135.74836730957,268.75
09-APR-2025,0.7786042436394,9409,M84,0.57875674962997,227103,AP-N203-F102,0.094187587499619,0.094187587499619,154.55233764648,268.75
09-APR-2025,0.7786042436394,9409,M84,0.57875674962997,227103,AP-N204-F102,0.087748423218727,0.087748423218727,139.19604492188,268.75
09-APR-2025,0.87818757445825,9414,OJ287,0.80493003129959,215103,AP-N201-F101,0.10350332409143,0.10350332409143,136.73220825195,268.75
09-APR-2025,0.87818757445825,9414,OJ287,0.80493003129959,215103,AP-N202-F101,0.091156393289566,0.091156393289566,122.1364364624,268.75
09-APR-2025,0.87818757445825,9414,OJ287,0.80493003129959,227103,AP-N203-F102,0.098789975047112,0.098789975047112,139.14764404297,268.75
09-APR-2025,0.87818757445825,9414,OJ287,0.80493003129959,227103,AP-N204-F102,0.091216497123241,0.091216497123241,125.25077056885,268.75
09-APR-2025,0.89443757505256,9418,OJ287,0.80409753322601,215103,AP-N201-F101,0.10350332409143,0.10350332409143,136.73220825195,268.75
09-APR-2025,0.89443757505256,9418,OJ287,0.80409753322601,215103,AP-N202-F101,0.091156393289566,0.091156393289566,122.1364364624,268.75
09-APR-2025,0.89443757505256,9418,OJ287,0.80409753322601,227103,AP-N203-F102,0.098789975047112,0.098789975047112,139.14764404297,268.75
09-APR-2025,0.89443757505256,9418,OJ287,0.80409753322601,227103,AP-N204-F102,0.091216497123241,0.091216497123241,125.25077056885,268.75
09-APR-2025,0.90332646419192,9418,OJ287,0.80363321304321,215103,AP-N201-F101,0.10350332409143,0.10350332409143,136.73220825195,268.75
09-APR-2025,0.90332646419192,9418,OJ287,0.80363321304321,215103,AP-N202-F101,0.091156393289566,0.091156393289566,122.1364364624,268.75
09-APR-2025,0.90332646419192,9418,OJ287,0.80363321304321,227103,AP-N203-F102,0.098789975047112,0.098789975047112,139.14764404297,268.75
09-APR-2025,0.90332646419192,9418,OJ287,0.80363321304321,227103,AP-N204-F102,0.091216497123241,0.091216497123241,125.25077056885,268.75
09-APR-2025,0.91221535315666,9418,OJ287,0.80316251516342,215103,AP-N201-F101,0.10350332409143,0.10350332409143,136.73220825195,268.75
09-APR-2025,0.91221535315666,9418,OJ287,0.80316251516342,215103,AP-N202-F101,0.091156393289566,0.091156393289566,122.1364364624,268.75
09-APR-2025,0.91221535315666,9418,OJ287,0.80316251516342,227103,AP-N203-F102,0.098789975047112,0.098789975047112,139.14764404297,268.75
09-APR-2025,0.91221535315666,9418,OJ287,0.80316251516342,227103,AP-N204-F102,0.091216497123241,0.091216497123241,125.25077056885,268.75
09-APR-2025,1.0773009919774,9425,3C279,0.70459818840027,215103,AP-N201-F101,0.095395185053349,0.095395185053349,138.37673950195,268.85000610352
09-APR-2025,1.0773009919774,9425,3C279,0.70459818840027,215103,AP-N202-F101,0.084750883281231,0.084750883281231,124.19620513916,268.85000610352
09-APR-2025,1.0773009919774,9425,3C279,0.70459818840027,227103,AP-N203-F102,0.092268086969852,0.092268086969852,141.4009552002,268.85000610352
09-APR-2025,1.0773009919774,9425,3C279,0.70459818840027,227103,AP-N204-F102,0.085113778710365,0.085113778710365,127.18827819824,268.85000610352
09-APR-2025,1.0946621004399,9429,3C279,0.70869523286819,215103,AP-N201-F101,0.095395185053349,0.095395185053349,138.37673950195,268.85000610352
09-APR-2025,1.0946621004399,9429,3C279,0.70869523286819,215103,AP-N202-F101,0.084750883281231,0.084750883281231,124.19620513916,268.85000610352
09-APR-2025,1.0946621004399,9429,3C279,0.70869523286819,227103,AP-N203-F102,0.092268086969852,0.092268086969852,141.4009552002,268.85000610352
09-APR-2025,1.0946621004399,9429,3C279,0.70869523286819,227103,AP-N204-F102,0.085113778710365,0.085113778710365,127.18827819824,268.85000610352
09-APR-2025,1.1035509845152,9429,3C279,0.7107920050621,215103,AP-N201-F101,0.095395185053349,0.095395185053349,138.37673950195,268.85000610352
09-APR-2025,1.1035509845152,9429,3C279,0.7107920050621,215103,AP-N202-F101,0.084750883281231,0.084750883281231,124.19620513916,268.85000610352
09-APR-2025,1.1035509845152,9429,3C279,0.7107920050621,227103,AP-N203-F102,0.092268086969852,0.092268086969852,141.4009552002,268.85000610352
09-APR-2025,1.1035509845152,9429,3C279,0.7107920050621,227103,AP-N204-F102,0.085113778710365,0.085113778710365,127.18827819824,268.85000610352
09-APR-2025,1.1124398780202,9429,3C279,0.71288818120956,215103,AP-N201-F101,0.095395185053349,0.095395185053349,138.37673950195,268.85000610352
09-APR-2025,1.1124398780202,9429,3C279,0.71288818120956,215103,AP-N202-F101,0.084750883281231,0.084750883281231,124.19620513916,268.85000610352
09-APR-2025,1.1124398780202,9429,3C279,0.71288818120956,227103,AP-N203-F102,0.092268086969852,0.092268086969852,141.4009552002,268.85000610352
09-APR-2025,1.1124398780202,9429,3C279,0.71288818120956,227103,AP-N204-F102,0.085113778710365,0.085113778710365,127.18827819824,268.85000610352
09-APR-2025,1.170634322702,9434,M87,0.64241760969162,215103,AP-N201-F101,0.094527035951614,0.094527035951614,142.44624328613,268.35000610352
09-APR-2025,1.170634322702,9434,M87,0.64241760969162,215103,AP-N202-F101,0.084833733737469,0.084833733737469,128.41673278809,268.35000610352
09-APR-2025,1.170634322702,9434,M87,0.64241760969162,227103,AP-N203-F102,0.092314772307873,0.092314772307873,146.06549072266,268.35000610352
09-APR-2025,1.170634322702,9434,M87,0.64241760969162,227103,AP-N204-F102,0.085396841168404,0.085396841168404,131.38806152344,268.35000610352
09-APR-2025,1.1946620921692,9438,M87,0.64702868461609,215103,AP-N201-F101,0.094527035951614,0.094527035951614,142.44624328613,268.35000610352
09-APR-2025,1.1946620921692,9438,M87,0.64702868461609,215103,AP-N202-F101,0.084833733737469,0.084833733737469,128.41673278809,268.35000610352
09-APR-2025,1.1946620921692,9438,M87,0.64702868461609,227103,AP-N203-F102,0.092314772307873,0.092314772307873,146.06549072266,268.35000610352
09-APR-2025,1.1946620921692,9438,M87,0.64702868461609,227103,AP-N204-F102,0.085396841168404,0.085396841168404,131.38806152344,268.35000610352
09-APR-2025,1.2284120907573,9444,M84,0.66562831401825,215103,AP-N201-F101,0.094527035951614,0.094527035951614,142.44624328613,268.35000610352
09-APR-2025,1.2284120907573,9444,M84,0.66562831401825,215103,AP-N202-F101,0.084833733737469,0.084833733737469,128.41673278809,268.35000610352
09-APR-2025,1.2284120907573,9444,M84,0.66562831401825,227103,AP-N203-F102,0.092314772307873,0.092314772307873,146.06549072266,268.35000610352
09-APR-2025,1.2284120907573,9444,M84,0.66562831401825,227103,AP-N204-F102,0.085396841168404,0.085396841168404,131.38806152344,268.35000610352
09-APR-2025,1.2374398767621,9444,M84,0.66730654239655,215103,AP-N201-F101,0.094527035951614,0.094527035951614,142.44624328613,268.35000610352
09-APR-2025,1.2374398767621,9444,M84,0.66730654239655,215103,AP-N202-F101,0.084833733737469,0.084833733737469,128.41673278809,268.35000610352
09-APR-2025,1.2374398767621,9444,M84,0.66730654239655,227103,AP-N203-F102,0.092314772307873,0.092314772307873,146.06549072266,268.35000610352
09-APR-2025,1.2374398767621,9444,M84,0.66730654239655,227103,AP-N204-F102,0.085396841168404,0.085396841168404,131.38806152344,268.35000610352
09-APR-2025,1.2466065364075,9444,M84,0.66900765895844,215103,AP-N201-F101,0.094527035951614,0.094527035951614,142.44624328613,268.35000610352
09-APR-2025,1.2466065364075,9444,M84,0.66900765895844,215103,AP-N202-F101,0.084833733737469,0.084833733737469,128.41673278809,268.35000610352
09-APR-2025,1.2466065364075,9444,M84,0.66900765895844,227103,AP-N203-F102,0.092314772307873,0.092314772307873,146.06549072266,268.35000610352
09-APR-2025,1.2466065364075,9444,M84,0.66900765895844,227103,AP-N204-F102,0.085396841168404,0.085396841168404,131.38806152344,268.35000610352
09-APR-2025,1.2998009778707,9447,M84,0.67882120609283,215103,AP-N201-F101,0.095451280474663,0.095451280474663,140.24237060547,268.85000610352
09-APR-2025,1.2998009778707,9447,M84,0.67882120609283,215103,AP-N202-F101,0.084877572953701,0.084877572953701,125.9224319458,268.85000610352
09-APR-2025,1.2998009778707,9447,M84,0.67882120609283,227103,AP-N203-F102,0.092278741300106,0.092278741300106,143.41310119629,268.85000610352
09-APR-2025,1.2998009778707,9447,M84,0.67882120609283,227103,AP-N204-F102,0.085402250289917,0.085402250289917,128.91983032227,268.85000610352
09-APR-2025,1.3277176531656,9451,M84,0.68393051624298,215103,AP-N201-F101,0.095451280474663,0.095451280474663,140.24237060547,268.85000610352
09-APR-2025,1.3277176531656,9451,M84,0.68393051624298,215103,AP-N202-F101,0.084877572953701,0.084877572953701,125.9224319458,268.85000610352
09-APR-2025,1.3277176531656,9451,M84,0.68393051624298,227103,AP-N203-F102,0.092278741300106,0.092278741300106,143.41310119629,268.85000610352
09-APR-2025,1.3277176531656,9451,M84,0.68393051624298,227103,AP-N204-F102,0.085402250289917,0.085402250289917,128.91983032227,268.85000610352
09-APR-2025,1.3366065360186,9451,M84,0.685551404953,215103,AP-N201-F101,0.095451280474663,0.095451280474663,140.24237060547,268.85000610352
09-APR-2025,1.3366065360186,9451,M84,0.685551404953,215103,AP-N202-F101,0.084877572953701,0.084877572953701,125.9224319458,268.85000610352
09-APR-2025,1.3366065360186,9451,M84,0.685551404953,227103,AP-N203-F102,0.092278741300106,0.092278741300106,143.41310119629,268.85000610352
09-APR-2025,1.3366065360186,9451,M84,0.685551404953,227103,AP-N204-F102,0.085402250289917,0.085402250289917,128.91983032227,268.85000610352
09-APR-2025,1.3454954317936,9451,M84,0.68716943264008,215103,AP-N201-F101,0.095451280474663,0.095451280474663,140.24237060547,268.85000610352
09-APR-2025,1.3454954317936,9451,M84,0.68716943264008,215103,AP-N202-F101,0.084877572953701,0.084877572953701,125.9224319458,268.85000610352
09-APR-2025,1.3454954317936,9451,M84,0.68716943264008,227103,AP-N203-F102,0.092278741300106,0.092278741300106,143.41310119629,268.85000610352
09-APR-2025,1.3454954317936,9451,M84,0.68716943264008,227103,AP-N204-F102,0.085402250289917,0.085402250289917,128.91983032227,268.85000610352
09-APR-2025,1.4436898711415,9456,3C273,0.81793928146362,215103,AP-N201-F101,0.095569916069508,0.095569916069508,131.9282989502,269.04998779297
09-APR-2025,1.4436898711415,9456,3C273,0.81793928146362,215103,AP-N202-F101,0.082918144762516,0.082918144762516,117.38421630859,269.04998779297
09-APR-2025,1.4436898711415,9456,3C273,0.81793928146362,227103,AP-N203-F102,0.090016156435013,0.090016156435013,134.01672363281,269.04998779297
09-APR-2025,1.4436898711415,9456,3C273,0.81793928146362,227103,AP-N204-F102,0.08226815611124,0.08226815611124,120.31839752197,269.04998779297
09-APR-2025,1.4607732031608,9460,3C273,0.82149511575699,215103,AP-N201-F101,0.095569916069508,0.095569916069508,131.9282989502,269.04998779297
09-APR-2025,1.4607732031608,9460,3C273,0.82149511575699,215103,AP-N202-F101,0.082918144762516,0.082918144762516,117.38421630859,269.04998779297
09-APR-2025,1.4607732031608,9460,3C273,0.82149511575699,227103,AP-N203-F102,0.090016156435013,0.090016156435013,134.01672363281,269.04998779297
09-APR-2025,1.4607732031608,9460,3C273,0.82149511575699,227103,AP-N204-F102,0.08226815611124,0.08226815611124,120.31839752197,269.04998779297
09-APR-2025,1.4699398738074,9460,3C273,0.82339978218079,215103,AP-N201-F101,0.095569916069508,0.095569916069508,131.9282989502,269.04998779297
09-APR-2025,1.4699398738074,9460,3C273,0.82339978218079,215103,AP-N202-F101,0.082918144762516,0.082918144762516,117.38421630859,269.04998779297
09-APR-2025,1.4699398738074,9460,3C273,0.82339978218079,227103,AP-N203-F102,0.090016156435013,0.090016156435013,134.01672363281,269.04998779297
09-APR-2025,1.4699398738074,9460,3C273,0.82339978218079,227103,AP-N204-F102,0.08226815611124,0.08226815611124,120.31839752197,269.04998779297
09-APR-2025,1.4788287543903,9460,3C273,0.82524436712265,215103,AP-N201-F101,0.095569916069508,0.095569916069508,131.9282989502,269.04998779297
09-APR-2025,1.4788287543903,9460,3C273,0.82524436712265,215103,AP-N202-F101,0.082918144762516,0.082918144762516,117.38421630859,269.04998779297
09-APR-2025,1.4788287543903,9460,3C273,0.82524436712265,227103,AP-N203-F102,0.090016156435013,0.090016156435013,134.01672363281,269.04998779297
09-APR-2025,1.4788287543903,9460,3C273,0.82524436712265,227103,AP-N204-F102,0.08226815611124,0.08226815611124,120.31839752197,269.04998779297
09-APR-2025,1.6441527921719,9467,3C279,0.83692127466202,215103,AP-N201-F101,0.093987420201302,0.093987420201302,130.28318786621,269.25
09-APR-2025,1.6441527921719,9467,3C279,0.83692127466202,215103,AP-N202-F101,0.081028342247009,0.081028342247009,115.99592590332,269.25
09-APR-2025,1.6441527921719,9467,3C279,0.83692127466202,227103,AP-N203-F102,0.088258534669876,0.088258534669876,132.15956115723,269.25
09-APR-2025,1.6441527921719,9467,3C279,0.83692127466202,227103,AP-N204-F102,0.080579288303852,0.080579288303852,118.63252258301,269.25
09-APR-2025,1.6612361203496,9471,3C279,0.84085285663605,215103,AP-N201-F101,0.093987420201302,0.093987420201302,130.28318786621,269.25
09-APR-2025,1.6612361203496,9471,3C279,0.84085285663605,215103,AP-N202-F101,0.081028342247009,0.081028342247009,115.99592590332,269.25
09-APR-2025,1.6612361203496,9471,3C279,0.84085285663605,227103,AP-N203-F102,0.088258534669876,0.088258534669876,132.15956115723,269.25
09-APR-2025,1.6612361203496,9471,3C279,0.84085285663605,227103,AP-N204-F102,0.080579288303852,0.080579288303852,118.63252258301,269.25
09-APR-2025,1.6701250093143,9471,3C279,0.84289705753326,215103,AP-N201-F101,0.093987420201302,0.093987420201302,130.28318786621,269.25
09-APR-2025,1.6701250093143,9471,3C279,0.84289705753326,215103,AP-N202-F101,0.081028342247009,0.081028342247009,115.99592590332,269.25
09-APR-2025,1.6701250093143,9471,3C279,0.84289705753326,227103,AP-N203-F102,0.088258534669876,0.088258534669876,132.15956115723,269.25
09-APR-2025,1.6701250093143,9471,3C279,0.84289705753326,227103,AP-N204-F102,0.080579288303852,0.080579288303852,118.63252258301,269.25
09-APR-2025,1.6790138981044,9471,3C279,0.84494006633759,215103,AP-N201-F101,0.093987420201302,0.093987420201302,130.28318786621,269.25
09-APR-2025,1.6790138981044,9471,3C279,0.84494006633759,215103,AP-N202-F101,0.081028342247009,0.081028342247009,115.99592590332,269.25
09-APR-2025,1.6790138981044,9471,3C279,0.84494006633759,227103,AP-N203-F102,0.088258534669876,0.088258534669876,132.15956115723,269.25
09-APR-2025,1.6790138981044,9471,3C279,0.84494006633759,227103,AP-N204-F102,0.080579288303852,0.080579288303852,118.63252258301,269.25
09-APR-2025,1.7374861223727,9476,M87,0.74577534198761,215103,AP-N201-F101,0.090313099324703,0.090313099324703,132.96853637695,269.14999389648
09-APR-2025,1.7374861223727,9476,M87,0.74577534198761,215103,AP-N202-F101,0.079093031585217,0.079093031585217,118.8465423584,269.14999389648
09-APR-2025,1.7374861223727,9476,M87,0.74577534198761,227103,AP-N203-F102,0.086284175515175,0.086284175515175,135.37677001953,269.14999389648
09-APR-2025,1.7374861223727,9476,M87,0.74577534198761,227103,AP-N204-F102,0.078901179134846,0.078901179134846,121.52240753174,269.14999389648
09-APR-2025,1.7617916785858,9480,M87,0.74992144107819,215103,AP-N201-F101,0.090313099324703,0.090313099324703,132.96853637695,269.14999389648
09-APR-2025,1.7617916785858,9480,M87,0.74992144107819,215103,AP-N202-F101,0.079093031585217,0.079093031585217,118.8465423584,269.14999389648
09-APR-2025,1.7617916785858,9480,M87,0.74992144107819,227103,AP-N203-F102,0.086284175515175,0.086284175515175,135.37677001953,269.14999389648
09-APR-2025,1.7617916785858,9480,M87,0.74992144107819,227103,AP-N204-F102,0.078901179134846,0.078901179134846,121.52240753174,269.14999389648
09-APR-2025,1.7945694523759,9486,M84,0.76472395658493,215103,AP-N201-F101,0.090313099324703,0.090313099324703,132.96853637695,269.14999389648
09-APR-2025,1.7945694523759,9486,M84,0.76472395658493,215103,AP-N202-F101,0.079093031585217,0.079093031585217,118.8465423584,269.14999389648
09-APR-2025,1.7945694523759,9486,M84,0.76472395658493,227103,AP-N203-F102,0.086284175515175,0.086284175515175,135.37677001953,269.14999389648
09-APR-2025,1.7945694523759,9486,M84,0.76472395658493,227103,AP-N204-F102,0.078901179134846,0.078901179134846,121.52240753174,269.14999389648
09-APR-2025,1.8037361205778,9486,M84,0.76621288061142,215103,AP-N201-F101,0.090313099324703,0.090313099324703,132.96853637695,269.14999389648
09-APR-2025,1.8037361205778,9486,M84,0.76621288061142,215103,AP-N202-F101,0.079093031585217,0.079093031585217,118.8465423584,269.14999389648
09-APR-2025,1.8037361205778,9486,M84,0.76621288061142,227103,AP-N203-F102,0.086284175515175,0.086284175515175,135.37677001953,269.14999389648
09-APR-2025,1.8037361205778,9486,M84,0.76621288061142,227103,AP-N204-F102,0.078901179134846,0.078901179134846,121.52240753174,269.14999389648
09-APR-2025,1.8129027868589,9486,M84,0.76769763231277,215103,AP-N201-F101,0.090313099324703,0.090313099324703,132.96853637695,269.14999389648
09-APR-2025,1.8129027868589,9486,M84,0.76769763231277,215103,AP-N202-F101,0.079093031585217,0.079093031585217,118.8465423584,269.14999389648
09-APR-2025,1.8129027868589,9486,M84,0.76769763231277,227103,AP-N203-F102,0.086284175515175,0.086284175515175,135.37677001953,269.14999389648
09-APR-2025,1.8129027868589,9486,M84,0.76769763231277,227103,AP-N204-F102,0.078901179134846,0.078901179134846,121.52240753174,269.14999389648
09-APR-2025,1.8669305663828,9489,M84,0.77636349201202,215103,AP-N201-F101,0.091540567576885,0.091540567576885,131.97241210938,269.54998779297
09-APR-2025,1.8669305663828,9489,M84,0.77636349201202,215103,AP-N202-F101,0.07971228659153,0.07971228659153,117.83696746826,269.54998779297
09-APR-2025,1.8669305663828,9489,M84,0.77636349201202,227103,AP-N203-F102,0.086866214871407,0.086866214871407,134.32553100586,269.54998779297
09-APR-2025,1.8669305663828,9489,M84,0.77636349201202,227103,AP-N204-F102,0.079620026051998,0.079620026051998,120.55445098877,269.54998779297
09-APR-2025,1.8937361200143,9493,M84,0.78060752153397,215103,AP-N201-F101,0.091540567576885,0.091540567576885,131.97241210938,269.54998779297
09-APR-2025,1.8937361200143,9493,M84,0.78060752153397,215103,AP-N202-F101,0.07971228659153,0.07971228659153,117.83696746826,269.54998779297
09-APR-2025,1.8937361200143,9493,M84,0.78060752153397,227103,AP-N203-F102,0.086866214871407,0.086866214871407,134.32553100586,269.54998779297
09-APR-2025,1.8937361200143,9493,M84,0.78060752153397,227103,AP-N204-F102,0.079620026051998,0.079620026051998,120.55445098877,269.54998779297
09-APR-2025,1.9029027859461,9493,M84,0.78205043077469,215103,AP-N201-F101,0.091540567576885,0.091540567576885,131.97241210938,269.54998779297
09-APR-2025,1.9029027859461,9493,M84,0.78205043077469,215103,AP-N202-F101,0.07971228659153,0.07971228659153,117.83696746826,269.54998779297
09-APR-2025,1.9029027859461,9493,M84,0.78205043077469,227103,AP-N203-F102,0.086866214871407,0.086866214871407,134.32553100586,269.54998779297
09-APR-2025,1.9029027859461,9493,M84,0.78205043077469,227103,AP-N204-F102,0.079620026051998,0.079620026051998,120.55445098877,269.54998779297
09-APR-2025,1.9117916747362,9493,M84,0.78344535827637,215103,AP-N201-F101,0.091540567576885,0.091540567576885,131.97241210938,269.54998779297
09-APR-2025,1.9117916747362,9493,M84,0.78344535827637,215103,AP-N202-F101,0.07971228659153,0.07971228659153,117.83696746826,269.54998779297
09-APR-2025,1.9117916747362,9493,M84,0.78344535827637,227103,AP-N203-F102,0.086866214871407,0.086866214871407,134.32553100586,269.54998779297
09-APR-2025,1.9117916747362,9493,M84,0.78344535827637,227103,AP-N204-F102,0.079620026051998,0.079620026051998,120.55445098877,269.54998779297
09-APR-2025,2.0113750095714,9498,OJ287,0.69989460706711,215103,AP-N201-F101,0.089103318750858,0.089103318750858,134.66218566895,269.75
09-APR-2025,2.0113750095714,9498,OJ287,0.69989460706711,215103,AP-N202-F101,0.078316152095795,0.078316152095795,120.42639923096,269.75
09-APR-2025,2.0113750095714,9498,OJ287,0.69989460706711,227103,AP-N203-F102,0.085334315896034,0.085334315896034,137.3260345459,269.75
09-APR-2025,2.0113750095714,9498,OJ287,0.69989460706711,227103,AP-N204-F102,0.078305393457413,0.078305393457413,123.15951538086,269.75
09-APR-2025,2.0276250091179,9502,OJ287,0.69777858257294,215103,AP-N201-F101,0.089103318750858,0.089103318750858,134.66218566895,269.75
09-APR-2025,2.0276250091179,9502,OJ287,0.69777858257294,215103,AP-N202-F101,0.078316152095795,0.078316152095795,120.42639923096,269.75
09-APR-2025,2.0276250091179,9502,OJ287,0.69777858257294,227103,AP-N203-F102,0.085334315896034,0.085334315896034,137.3260345459,269.75
09-APR-2025,2.0276250091179,9502,OJ287,0.69777858257294,227103,AP-N204-F102,0.078305393457413,0.078305393457413,123.15951538086,269.75
09-APR-2025,2.0365138979081,9502,OJ287,0.69661498069763,215103,AP-N201-F101,0.089103318750858,0.089103318750858,134.66218566895,269.75
09-APR-2025,2.0365138979081,9502,OJ287,0.69661498069763,215103,AP-N202-F101,0.078316152095795,0.078316152095795,120.42639923096,269.75
09-APR-2025,2.0365138979081,9502,OJ287,0.69661498069763,227103,AP-N203-F102,0.085334315896034,0.085334315896034,137.3260345459,269.75
09-APR-2025,2.0365138979081,9502,OJ287,0.69661498069763,227103,AP-N204-F102,0.078305393457413,0.078305393457413,123.15951538086,269.75
09-APR-2025,2.0456805638399,9502,OJ287,0.69541054964066,215103,AP-N201-F101,0.089103318750858,0.089103318750858,134.66218566895,269.75
09-APR-2025,2.0456805638399,9502,OJ287,0.69541054964066,215103,AP-N202-F101,0.078316152095795,0.078316152095795,120.42639923096,269.75
09-APR-2025,2.0456805638399,9502,OJ287,0.69541054964066,227103,AP-N203-F102,0.085334315896034,0.085334315896034,137.3260345459,269.75
09-APR-2025,2.0456805638399,9502,OJ287,0.69541054964066,227103,AP-N204-F102,0.078305393457413,0.078305393457413,123.15951538086,269.75
09-APR-2025,2.2108194520178,9507,3C279,0.96473383903503,215103,AP-N201-F101,0.09808774292469,0.09808774292469,127.61363220215,269.25
09-APR-2025,2.2108194520178,9507,3C279,0.96473383903503,215103,AP-N202-F101,0.08324046432972,0.08324046432972,112.82390594482,269.25
09-APR-2025,2.2108194520178,9507,3C279,0.96473383903503,227103,AP-N203-F102,0.089922912418842,0.089922912418842,128.52630615234,269.25
09-APR-2025,2.2108194520178,9507,3C279,0.96473383903503,227103,AP-N204-F102,0.08240058273077,0.08240058273077,115.51954650879,269.25
09-APR-2025,2.2281805637982,9511,3C279,0.96854561567307,215103,AP-N201-F101,0.09808774292469,0.09808774292469,127.61363220215,269.25
09-APR-2025,2.2281805637982,9511,3C279,0.96854561567307,215103,AP-N202-F101,0.08324046432972,0.08324046432972,112.82390594482,269.25
09-APR-2025,2.2281805637982,9511,3C279,0.96854561567307,227103,AP-N203-F102,0.089922912418842,0.089922912418842,128.52630615234,269.25
09-APR-2025,2.2281805637982,9511,3C279,0.96854561567307,227103,AP-N204-F102,0.08240058273077,0.08240058273077,115.51954650879,269.25
09-APR-2025,2.2370694531122,9511,3C279,0.97049432992935,215103,AP-N201-F101,0.09808774292469,0.09808774292469,127.61363220215,269.25
09-APR-2025,2.2370694531122,9511,3C279,0.97049432992935,215103,AP-N202-F101,0.08324046432972,0.08324046432972,112.82390594482,269.25
09-APR-2025,2.2370694531122,9511,3C279,0.97049432992935,227103,AP-N203-F102,0.089922912418842,0.089922912418842,128.52630615234,269.25
09-APR-2025,2.2370694531122,9511,3C279,0.97049432992935,227103,AP-N204-F102,0.08240058273077,0.08240058273077,115.51954650879,269.25
09-APR-2025,2.2459583415531,9511,3C279,0.97244101762772,215103,AP-N201-F101,0.09808774292469,0.09808774292469,127.61363220215,269.25
09-APR-2025,2.2459583415531,9511,3C279,0.97244101762772,215103,AP-N202-F101,0.08324046432972,0.08324046432972,112.82390594482,269.25
09-APR-2025,2.2459583415531,9511,3C279,0.97244101762772,227103,AP-N203-F102,0.089922912418842,0.089922912418842,128.52630615234,269.25
09-APR-2025,2.2459583415531,9511,3C279,0.97244101762772,227103,AP-N204-F102,0.08240058273077,0.08240058273077,115.51954650879,269.25
09-APR-2025,2.3033194513174,9516,M87,0.83459305763245,215103,AP-N201-F101,0.094107590615749,0.094107590615749,130.72332763672,269.45001220703
09-APR-2025,2.3033194513174,9516,M87,0.83459305763245,215103,AP-N202-F101,0.081613205373287,0.081613205373287,116.48232269287,269.45001220703
09-APR-2025,2.3033194513174,9516,M87,0.83459305763245,227103,AP-N203-F102,0.088407054543495,0.088407054543495,132.41215515137,269.45001220703
09-APR-2025,2.3033194513174,9516,M87,0.83459305763245,227103,AP-N204-F102,0.081352740526199,0.081352740526199,119.03519439697,269.45001220703
09-APR-2025,2.3279027820529,9520,M87,0.83804225921631,215103,AP-N201-F101,0.094107590615749,0.094107590615749,130.72332763672,269.45001220703
09-APR-2025,2.3279027820529,9520,M87,0.83804225921631,215103,AP-N202-F101,0.081613205373287,0.081613205373287,116.48232269287,269.45001220703
09-APR-2025,2.3279027820529,9520,M87,0.83804225921631,227103,AP-N203-F102,0.088407054543495,0.088407054543495,132.41215515137,269.45001220703
09-APR-2025,2.3279027820529,9520,M87,0.83804225921631,227103,AP-N204-F102,0.081352740526199,0.081352740526199,119.03519439697,269.45001220703
09-APR-2025,2.3606805640503,9526,M84,0.84798955917358,215103,AP-N201-F101,0.094107590615749,0.094107590615749,130.72332763672,269.45001220703
09-APR-2025,2.3606805640503,9526,M84,0.84798955917358,215103,AP-N202-F101,0.081613205373287,0.081613205373287,116.48232269287,269.45001220703
09-APR-2025,2.3606805640503,9526,M84,0.84798955917358,227103,AP-N203-F102,0.088407054543495,0.088407054543495,132.41215515137,269.45001220703
09-APR-2025,2.3606805640503,9526,M84,0.84798955917358,227103,AP-N204-F102,0.081352740526199,0.081352740526199,119.03519439697,269.45001220703
09-APR-2025,2.3695694526657,9526,M84,0.8491398692131,215103,AP-N201-F101,0.094107590615749,0.094107590615749,130.72332763672,269.45001220703
09-APR-2025,2.3695694526657,9526,M84,0.8491398692131,215103,AP-N202-F101,0.081613205373287,0.081613205373287,116.48232269287,269.45001220703
09-APR-2025,2.3695694526657,9526,M84,0.8491398692131,227103,AP-N203-F102,0.088407054543495,0.088407054543495,132.41215515137,269.45001220703
09-APR-2025,2.3695694526657,9526,M84,0.8491398692131,227103,AP-N204-F102,0.081352740526199,0.081352740526199,119.03519439697,269.45001220703
09-APR-2025,2.3784583419797,9526,M84,0.85028475522995,215103,AP-N201-F101,0.094107590615749,0.094107590615749,130.72332763672,269.45001220703
09-APR-2025,2.3784583419797,9526,M84,0.85028475522995,215103,AP-N202-F101,0.081613205373287,0.081613205373287,116.48232269287,269.45001220703
09-APR-2025,2.3784583419797,9526,M84,0.85028475522995,227103,AP-N203-F102,0.088407054543495,0.088407054543495,132.41215515137,269.45001220703
09-APR-2025,2.3784583419797,9526,M84,0.85028475522995,227103,AP-N204-F102,0.081352740526199,0.081352740526199,119.03519439697,269.45001220703
09-APR-2025,2.4327638928828,9529,M84,0.85716116428375,215103,AP-N201-F101,0.094969607889652,0.094969607889652,130.12202453613,269.95001220703
09-APR-2025,2.4327638928828,9529,M84,0.85716116428375,215103,AP-N202-F101,0.081765867769718,0.081765867769718,115.82030487061,269.95001220703
09-APR-2025,2.4327638928828,9529,M84,0.85716116428375,227103,AP-N203-F102,0.088862046599388,0.088862046599388,131.79414367676,269.95001220703
09-APR-2025,2.4327638928828,9529,M84,0.85716116428375,227103,AP-N204-F102,0.081672444939613,0.081672444939613,118.30788421631,269.95001220703
09-APR-2025,2.4609583360644,9533,M84,0.86064893007278,215103,AP-N201-F101,0.094969607889652,0.094969607889652,130.12202453613,269.95001220703
09-APR-2025,2.4609583360644,9533,M84,0.86064893007278,215103,AP-N202-F101,0.081765867769718,0.081765867769718,115.82030487061,269.95001220703
09-APR-2025,2.4609583360644,9533,M84,0.86064893007278,227103,AP-N203-F102,0.088862046599388,0.088862046599388,131.79414367676,269.95001220703
09-APR-2025,2.4609583360644,9533,M84,0.86064893007278,227103,AP-N204-F102,0.081672444939613,0.081672444939613,118.30788421631,269.95001220703
09-APR-2025,2.4698472257276,9533,M84,0.86173677444458,215103,AP-N201-F101,0.094969607889652,0.094969607889652,130.12202453613,269.95001220703
09-APR-2025,2.4698472257276,9533,M84,0.86173677444458,215103,AP-N202-F101,0.081765867769718,0.081765867769718,115.82030487061,269.95001220703
09-APR-2025,2.4698472257276,9533,M84,0.86173677444458,227103,AP-N203-F102,0.088862046599388,0.088862046599388,131.79414367676,269.95001220703
09-APR-2025,2.4698472257276,9533,M84,0.86173677444458,227103,AP-N204-F102,0.081672444939613,0.081672444939613,118.30788421631,269.95001220703
09-APR-2025,2.4788750031759,9533,M84,0.86283588409424,215103,AP-N201-F101,0.094969607889652,0.094969607889652,130.12202453613,269.95001220703
09-APR-2025,2.4788750031759,9533,M84,0.86283588409424,215103,AP-N202-F101,0.081765867769718,0.081765867769718,115.82030487061,269.95001220703
09-APR-2025,2.4788750031759,9533,M84,0.86283588409424,227103,AP-N203-F102,0.088862046599388,0.088862046599388,131.79414367676,269.95001220703
09-APR-2025,2.4788750031759,9533,M84,0.86283588409424,227103,AP-N204-F102,0.081672444939613,0.081672444939613,118.30788421631,269.95001220703
09-APR-2025,2.5769305580566,9538,3C273,1.0278985500336,215103,AP-N201-F101,0.10041107982397,0.10041107982397,126.72533416748,269.04998779297
09-APR-2025,2.5769305580566,9538,3C273,1.0278985500336,215103,AP-N202-F101,0.084416970610619,0.084416970610619,111.73697662354,269.04998779297
09-APR-2025,2.5769305580566,9538,3C273,1.0278985500336,227103,AP-N203-F102,0.091061718761921,0.091061718761921,127.20118713379,269.04998779297
09-APR-2025,2.5769305580566,9538,3C273,1.0278985500336,227103,AP-N204-F102,0.083705060184002,0.083705060184002,114.38511657715,269.04998779297
09-APR-2025,2.5947083337159,9542,3C273,1.0306071043015,215103,AP-N201-F101,0.10041107982397,0.10041107982397,126.72533416748,269.04998779297
09-APR-2025,2.5947083337159,9542,3C273,1.0306071043015,215103,AP-N202-F101,0.084416970610619,0.084416970610619,111.73697662354,269.04998779297
09-APR-2025,2.5947083337159,9542,3C273,1.0306071043015,227103,AP-N203-F102,0.091061718761921,0.091061718761921,127.20118713379,269.04998779297
09-APR-2025,2.5947083337159,9542,3C273,1.0306071043015,227103,AP-N204-F102,0.083705060184002,0.083705060184002,114.38511657715,269.04998779297
09-APR-2025,2.6037361132597,9542,3C273,1.0319732427597,215103,AP-N201-F101,0.10041107982397,0.10041107982397,126.72533416748,269.04998779297
09-APR-2025,2.6037361132597,9542,3C273,1.0319732427597,215103,AP-N202-F101,0.084416970610619,0.084416970610619,111.73697662354,269.04998779297
09-APR-2025,2.6037361132597,9542,3C273,1.0319732427597,227103,AP-N203-F102,0.091061718761921,0.091061718761921,127.20118713379,269.04998779297
09-APR-2025,2.6037361132597,9542,3C273,1.0319732427597,227103,AP-N204-F102,0.083705060184002,0.083705060184002,114.38511657715,269.04998779297
09-APR-2025,2.6129027814616,9542,3C273,1.033353805542,215103,AP-N201-F101,0.10041107982397,0.10041107982397,126.72533416748,269.04998779297
09-APR-2025,2.6129027814616,9542,3C273,1.033353805542,215103,AP-N202-F101,0.084416970610619,0.084416970610619,111.73697662354,269.04998779297
09-APR-2025,2.6129027814616,9542,3C273,1.033353805542,227103,AP-N203-F102,0.091061718761921,0.091061718761921,127.20118713379,269.04998779297
09-APR-2025,2.6129027814616,9542,3C273,1.033353805542,227103,AP-N204-F102,0.083705060184002,0.083705060184002,114.38511657715,269.04998779297
09-APR-2025,2.7776908920591,9550,3C279,1.0842789411545,215103,AP-N201-F101,0.10165958106518,0.10165958106518,126.02834320068,269.85000610352
09-APR-2025,2.7776908920591,9550,3C279,1.0842789411545,215103,AP-N202-F101,0.085337333381176,0.085337333381176,110.94719696045,269.85000610352
09-APR-2025,2.7776908920591,9550,3C279,1.0842789411545,227103,AP-N203-F102,0.091318413615227,0.091318413615227,126.0848236084,269.85000610352
09-APR-2025,2.7776908920591,9550,3C279,1.0842789411545,227103,AP-N204-F102,0.084218531847,0.084218531847,113.50603485107,269.85000610352
09-APR-2025,2.7944964469368,9554,3C279,1.0876284837723,215103,AP-N201-F101,0.10165958106518,0.10165958106518,126.02834320068,269.85000610352
09-APR-2025,2.7944964469368,9554,3C279,1.0876284837723,215103,AP-N202-F101,0.085337333381176,0.085337333381176,110.94719696045,269.85000610352
09-APR-2025,2.7944964469368,9554,3C279,1.0876284837723,227103,AP-N203-F102,0.091318413615227,0.091318413615227,126.0848236084,269.85000610352
09-APR-2025,2.7944964469368,9554,3C279,1.0876284837723,227103,AP-N204-F102,0.084218531847,0.084218531847,113.50603485107,269.85000610352
09-APR-2025,2.8036631130432,9554,3C279,1.089449763298,215103,AP-N201-F101,0.10165958106518,0.10165958106518,126.02834320068,269.85000610352
09-APR-2025,2.8036631130432,9554,3C279,1.089449763298,215103,AP-N202-F101,0.085337333381176,0.085337333381176,110.94719696045,269.85000610352
09-APR-2025,2.8036631130432,9554,3C279,1.089449763298,227103,AP-N203-F102,0.091318413615227,0.091318413615227,126.0848236084,269.85000610352
09-APR-2025,2.8036631130432,9554,3C279,1.089449763298,227103,AP-N204-F102,0.084218531847,0.084218531847,113.50603485107,269.85000610352
09-APR-2025,2.8128297788003,9554,3C279,1.0912667512894,215103,AP-N201-F101,0.10165958106518,0.10165958106518,126.02834320068,269.85000610352
09-APR-2025,2.8128297788003,9554,3C279,1.0912667512894,215103,AP-N202-F101,0.085337333381176,0.085337333381176,110.94719696045,269.85000610352
09-APR-2025,2.8128297788003,9554,3C279,1.0912667512894,227103,AP-N203-F102,0.091318413615227,0.091318413615227,126.0848236084,269.85000610352
09-APR-2025,2.8128297788003,9554,3C279,1.0912667512894,227103,AP-N204-F102,0.084218531847,0.084218531847,113.50603485107,269.85000610352
09-APR-2025,2.8701908904855,9559,M87,0.90337896347046,215103,AP-N201-F101,0.094064243137836,0.094064243137836,127.79393005371,269.64999389648
09-APR-2025,2.8701908904855,9559,M87,0.90337896347046,215103,AP-N202-F101,0.080411240458488,0.080411240458488,113.26498413086,269.64999389648
09-APR-2025,2.8701908904855,9559,M87,0.90337896347046,227103,AP-N203-F102,0.086997576057911,0.086997576057911,129.12875366211,269.64999389648
09-APR-2025,2.8701908904855,9559,M87,0.90337896347046,227103,AP-N204-F102,0.079695552587509,0.079695552587509,115.8570098877,269.64999389648
09-APR-2025,2.8939408868273,9563,M87,0.90571928024292,215103,AP-N201-F101,0.094064243137836,0.094064243137836,127.79393005371,269.64999389648
09-APR-2025,2.8939408868273,9563,M87,0.90571928024292,215103,AP-N202-F101,0.080411240458488,0.080411240458488,113.26498413086,269.64999389648
09-APR-2025,2.8939408868273,9563,M87,0.90571928024292,227103,AP-N203-F102,0.086997576057911,0.086997576057911,129.12875366211,269.64999389648
09-APR-2025,2.8939408868273,9563,M87,0.90571928024292,227103,AP-N204-F102,0.079695552587509,0.079695552587509,115.8570098877,269.64999389648
09-APR-2025,2.9272742245051,9569,M84,0.90943652391434,215103,AP-N201-F101,0.094064243137836,0.094064243137836,127.79393005371,269.64999389648
09-APR-2025,2.9272742245051,9569,M84,0.90943652391434,215103,AP-N202-F101,0.080411240458488,0.080411240458488,113.26498413086,269.64999389648
09-APR-2025,2.9272742245051,9569,M84,0.90943652391434,227103,AP-N203-F102,0.086997576057911,0.086997576057911,129.12875366211,269.64999389648
09-APR-2025,2.9272742245051,9569,M84,0.90943652391434,227103,AP-N204-F102,0.079695552587509,0.079695552587509,115.8570098877,269.64999389648
09-APR-2025,2.936163112946,9569,M84,0.91019034385681,215103,AP-N201-F101,0.094064243137836,0.094064243137836,127.79393005371,269.64999389648
09-APR-2025,2.936163112946,9569,M84,0.91019034385681,215103,AP-N202-F101,0.080411240458488,0.080411240458488,113.26498413086,269.64999389648
09-APR-2025,2.936163112946,9569,M84,0.91019034385681,227103,AP-N203-F102,0.086997576057911,0.086997576057911,129.12875366211,269.64999389648
09-APR-2025,2.936163112946,9569,M84,0.91019034385681,227103,AP-N204-F102,0.079695552587509,0.079695552587509,115.8570098877,269.64999389648
09-APR-2025,2.9450520024346,9569,M84,0.9109371304512,215103,AP-N201-F101,0.094064243137836,0.094064243137836,127.79393005371,269.64999389648
09-APR-2025,2.9450520024346,9569,M84,0.9109371304512,215103,AP-N202-F101,0.080411240458488,0.080411240458488,113.26498413086,269.64999389648
09-APR-2025,2.9450520024346,9569,M84,0.9109371304512,227103,AP-N203-F102,0.086997576057911,0.086997576057911,129.12875366211,269.64999389648
09-APR-2025,2.9450520024346,9569,M84,0.9109371304512,227103,AP-N204-F102,0.079695552587509,0.079695552587509,115.8570098877,269.64999389648
09-APR-2025,2.9996353353687,9572,M84,0.9153670668602,215103,AP-N201-F101,0.094315327703953,0.094315327703953,127.20961761475,269.64999389648
09-APR-2025,2.9996353353687,9572,M84,0.9153670668602,215103,AP-N202-F101,0.08040926605463,0.08040926605463,112.63633728027,269.64999389648
09-APR-2025,2.9996353353687,9572,M84,0.9153670668602,227103,AP-N203-F102,0.087034329771996,0.087034329771996,128.51879882813,269.64999389648
09-APR-2025,2.9996353353687,9572,M84,0.9153670668602,227103,AP-N204-F102,0.079300872981548,0.079300872981548,115.27266693115,269.64999389648
09-APR-2025,3.0281075551682,9576,M84,0.91756987571716,215103,AP-N201-F101,0.094315327703953,0.094315327703953,127.20961761475,269.64999389648
09-APR-2025,3.0281075551682,9576,M84,0.91756987571716,215103,AP-N202-F101,0.08040926605463,0.08040926605463,112.63633728027,269.64999389648
09-APR-2025,3.0281075551682,9576,M84,0.91756987571716,227103,AP-N203-F102,0.087034329771996,0.087034329771996,128.51879882813,269.64999389648
09-APR-2025,3.0281075551682,9576,M84,0.91756987571716,227103,AP-N204-F102,0.079300872981548,0.079300872981548,115.27266693115,269.64999389648
09-APR-2025,3.0369964441329,9576,M84,0.91824233531952,215103,AP-N201-F101,0.094315327703953,0.094315327703953,127.20961761475,269.64999389648
09-APR-2025,3.0369964441329,9576,M84,0.91824233531952,215103,AP-N202-F101,0.08040926605463,0.08040926605463,112.63633728027,269.64999389648
09-APR-2025,3.0369964441329,9576,M84,0.91824233531952,227103,AP-N203-F102,0.087034329771996,0.087034329771996,128.51879882813,269.64999389648
09-APR-2025,3.0369964441329,9576,M84,0.91824233531952,227103,AP-N204-F102,0.079300872981548,0.079300872981548,115.27266693115,269.64999389648
09-APR-2025,3.045885332923,9576,M84,0.91890752315521,215103,AP-N201-F101,0.094315327703953,0.094315327703953,127.20961761475,269.64999389648
09-APR-2025,3.045885332923,9576,M84,0.91890752315521,215103,AP-N202-F101,0.08040926605463,0.08040926605463,112.63633728027,269.64999389648
09-APR-2025,3.045885332923,9576,M84,0.91890752315521,227103,AP-N203-F102,0.087034329771996,0.087034329771996,128.51879882813,269.64999389648
09-APR-2025,3.045885332923,9576,M84,0.91890752315521,227103,AP-N204-F102,0.079300872981548,0.079300872981548,115.27266693115,269.64999389648
09-APR-2025,3.2441722483473,9587,3C279,1.1709100008011,215103,AP-N201-F101,0.097649097442627,0.097649097442627,122.71137237549,269.85000610352
09-APR-2025,3.2441722483473,9587,3C279,1.1709100008011,215103,AP-N202-F101,0.080247491598129,0.080247491598129,107.77034759521,269.85000610352
09-APR-2025,3.2441722483473,9587,3C279,1.1709100008011,227103,AP-N203-F102,0.085834264755249,0.085834264755249,122.23879241943,269.85000610352
09-APR-2025,3.2441722483473,9587,3C279,1.1709100008011,227103,AP-N204-F102,0.078801400959492,0.078801400959492,110.05702209473,269.85000610352
09-APR-2025,3.2609778056697,9591,3C279,1.1737306118011,215103,AP-N201-F101,0.097649097442627,0.097649097442627,122.71137237549,269.85000610352
09-APR-2025,3.2609778056697,9591,3C279,1.1737306118011,215103,AP-N202-F101,0.080247491598129,0.080247491598129,107.77034759521,269.85000610352
09-APR-2025,3.2609778056697,9591,3C279,1.1737306118011,227103,AP-N203-F102,0.085834264755249,0.085834264755249,122.23879241943,269.85000610352
09-APR-2025,3.2609778056697,9591,3C279,1.1737306118011,227103,AP-N204-F102,0.078801400959492,0.078801400959492,110.05702209473,269.85000610352
09-APR-2025,3.2702833602596,9591,3C279,1.1752816438675,215103,AP-N201-F101,0.097649097442627,0.097649097442627,122.71137237549,269.85000610352
09-APR-2025,3.2702833602596,9591,3C279,1.1752816438675,215103,AP-N202-F101,0.080247491598129,0.080247491598129,107.77034759521,269.85000610352
09-APR-2025,3.2702833602596,9591,3C279,1.1752816438675,227103,AP-N203-F102,0.085834264755249,0.085834264755249,122.23879241943,269.85000610352
09-APR-2025,3.2702833602596,9591,3C279,1.1752816438675,227103,AP-N204-F102,0.078801400959492,0.078801400959492,110.05702209473,269.85000610352
09-APR-2025,3.2793111377079,9591,3C279,1.176778793335,215103,AP-N201-F101,0.097649097442627,0.097649097442627,122.71137237549,269.85000610352
09-APR-2025,3.2793111377079,9591,3C279,1.176778793335,215103,AP-N202-F101,0.080247491598129,0.080247491598129,107.77034759521,269.85000610352
09-APR-2025,3.2793111377079,9591,3C279,1.176778793335,227103,AP-N203-F102,0.085834264755249,0.085834264755249,122.23879241943,269.85000610352
09-APR-2025,3.2793111377079,9591,3C279,1.176778793335,227103,AP-N204-F102,0.078801400959492,0.078801400959492,110.05702209473,269.85000610352
09-APR-2025,3.3375055804688,9596,M87,0.94010651111603,215103,AP-N201-F101,0.094369292259216,0.094369292259216,126.38549804688,269.54998779297
09-APR-2025,3.3375055804688,9596,M87,0.94010651111603,215103,AP-N202-F101,0.08016162365675,0.08016162365675,111.92179870605,269.54998779297
09-APR-2025,3.3375055804688,9596,M87,0.94010651111603,227103,AP-N203-F102,0.086749598383904,0.086749598383904,127.70403289795,269.54998779297
09-APR-2025,3.3375055804688,9596,M87,0.94010651111603,227103,AP-N204-F102,0.079044908285141,0.079044908285141,114.52332305908,269.54998779297
09-APR-2025,3.3618111354596,9600,M87,0.94144779443741,215103,AP-N201-F101,0.094369292259216,0.094369292259216,126.38549804688,269.54998779297
09-APR-2025,3.3618111354596,9600,M87,0.94144779443741,215103,AP-N202-F101,0.08016162365675,0.08016162365675,111.92179870605,269.54998779297
09-APR-2025,3.3618111354596,9600,M87,0.94144779443741,227103,AP-N203-F102,0.086749598383904,0.086749598383904,127.70403289795,269.54998779297
09-APR-2025,3.3618111354596,9600,M87,0.94144779443741,227103,AP-N204-F102,0.079044908285141,0.079044908285141,114.52332305908,269.54998779297
09-APR-2025,3.3945889153616,9606,M84,0.93900686502457,215103,AP-N201-F101,0.094369292259216,0.094369292259216,126.38549804688,269.54998779297
09-APR-2025,3.3945889153616,9606,M84,0.93900686502457,215103,AP-N202-F101,0.08016162365675,0.08016162365675,111.92179870605,269.54998779297
09-APR-2025,3.3945889153616,9606,M84,0.93900686502457,227103,AP-N203-F102,0.086749598383904,0.086749598383904,127.70403289795,269.54998779297
09-APR-2025,3.3945889153616,9606,M84,0.93900686502457,227103,AP-N204-F102,0.079044908285141,0.079044908285141,114.52332305908,269.54998779297
09-APR-2025,3.4034778041517,9606,M84,0.9393612742424,215103,AP-N201-F101,0.094369292259216,0.094369292259216,126.38549804688,269.54998779297
09-APR-2025,3.4034778041517,9606,M84,0.9393612742424,215103,AP-N202-F101,0.08016162365675,0.08016162365675,111.92179870605,269.54998779297
09-APR-2025,3.4034778041517,9606,M84,0.9393612742424,227103,AP-N203-F102,0.086749598383904,0.086749598383904,127.70403289795,269.54998779297
09-APR-2025,3.4034778041517,9606,M84,0.9393612742424,227103,AP-N204-F102,0.079044908285141,0.079044908285141,114.52332305908,269.54998779297
09-APR-2025,3.4123666924179,9606,M84,0.93970763683319,215103,AP-N201-F101,0.094369292259216,0.094369292259216,126.38549804688,269.54998779297
09-APR-2025,3.4123666924179,9606,M84,0.93970763683319,215103,AP-N202-F101,0.08016162365675,0.08016162365675,111.92179870605,269.54998779297
09-APR-2025,3.4123666924179,9606,M84,0.93970763683319,227103,AP-N203-F102,0.086749598383904,0.086749598383904,127.70403289795,269.54998779297
09-APR-2025,3.4123666924179,9606,M84,0.93970763683319,227103,AP-N204-F102,0.079044908285141,0.079044908285141,114.52332305908,269.54998779297
09-APR-2025,3.4663944684494,9609,M84,0.9416384100914,215103,AP-N201-F101,0.094561442732811,0.094561442732811,126.62010955811,269.75
09-APR-2025,3.4663944684494,9609,M84,0.9416384100914,215103,AP-N202-F101,0.080042451620102,0.080042451620102,111.98012542725,269.75
09-APR-2025,3.4663944684494,9609,M84,0.9416384100914,227103,AP-N203-F102,0.08654360473156,0.08654360473156,127.64828491211,269.75
09-APR-2025,3.4663944684494,9609,M84,0.9416384100914,227103,AP-N204-F102,0.079208977520466,0.079208977520466,114.580078125,269.75
09-APR-2025,3.4959778020542,9613,M84,0.94256788492203,215103,AP-N201-F101,0.094561442732811,0.094561442732811,126.62010955811,269.75
09-APR-2025,3.4959778020542,9613,M84,0.94256788492203,215103,AP-N202-F101,0.080042451620102,0.080042451620102,111.98012542725,269.75
09-APR-2025,3.4959778020542,9613,M84,0.94256788492203,227103,AP-N203-F102,0.08654360473156,0.08654360473156,127.64828491211,269.75
09-APR-2025,3.4959778020542,9613,M84,0.94256788492203,227103,AP-N204-F102,0.079208977520466,0.079208977520466,114.580078125,269.75
09-APR-2025,3.5048666908443,9613,M84,0.94282948970795,215103,AP-N201-F101,0.094561442732811,0.094561442732811,126.62010955811,269.75
09-APR-2025,3.5048666908443,9613,M84,0.94282948970795,215103,AP-N202-F101,0.080042451620102,0.080042451620102,111.98012542725,269.75
09-APR-2025,3.5048666908443,9613,M84,0.94282948970795,227103,AP-N203-F102,0.08654360473156,0.08654360473156,127.64828491211,269.75
09-APR-2025,3.5048666908443,9613,M84,0.94282948970795,227103,AP-N204-F102,0.079208977520466,0.079208977520466,114.580078125,269.75
09-APR-2025,3.5137555794598,9613,M84,0.94308286905289,215103,AP-N201-F101,0.094561442732811,0.094561442732811,126.62010955811,269.75
09-APR-2025,3.5137555794598,9613,M84,0.94308286905289,215103,AP-N202-F101,0.080042451620102,0.080042451620102,111.98012542725,269.75
09-APR-2025,3.5137555794598,9613,M84,0.94308286905289,227103,AP-N203-F102,0.08654360473156,0.08654360473156,127.64828491211,269.75
09-APR-2025,3.5137555794598,9613,M84,0.94308286905289,227103,AP-N204-F102,0.079208977520466,0.079208977520466,114.580078125,269.75
09-APR-2025,3.610283354386,9618,3C273,1.131711602211,215103,AP-N201-F101,0.097377985715866,0.097377985715866,123.08029174805,269.54998779297
09-APR-2025,3.610283354386,9618,3C273,1.131711602211,215103,AP-N202-F101,0.080356232821941,0.080356232821941,107.94728088379,269.54998779297
09-APR-2025,3.610283354386,9618,3C273,1.131711602211,227103,AP-N203-F102,0.085850946605206,0.085850946605206,122.94473266602,269.54998779297
09-APR-2025,3.610283354386,9618,3C273,1.131711602211,227103,AP-N204-F102,0.078722469508648,0.078722469508648,110.5525970459,269.54998779297
09-APR-2025,3.627366687977,9622,3C273,1.132294178009,215103,AP-N201-F101,0.097377985715866,0.097377985715866,123.08029174805,269.54998779297
09-APR-2025,3.627366687977,9622,3C273,1.132294178009,215103,AP-N202-F101,0.080356232821941,0.080356232821941,107.94728088379,269.54998779297
09-APR-2025,3.627366687977,9622,3C273,1.132294178009,227103,AP-N203-F102,0.085850946605206,0.085850946605206,122.94473266602,269.54998779297
09-APR-2025,3.627366687977,9622,3C273,1.132294178009,227103,AP-N204-F102,0.078722469508648,0.078722469508648,110.5525970459,269.54998779297
09-APR-2025,3.6362555762432,9622,3C273,1.1325805187225,215103,AP-N201-F101,0.097377985715866,0.097377985715866,123.08029174805,269.54998779297
09-APR-2025,3.6362555762432,9622,3C273,1.1325805187225,215103,AP-N202-F101,0.080356232821941,0.080356232821941,107.94728088379,269.54998779297
09-APR-2025,3.6362555762432,9622,3C273,1.1325805187225,227103,AP-N203-F102,0.085850946605206,0.085850946605206,122.94473266602,269.54998779297
09-APR-2025,3.6362555762432,9622,3C273,1.1325805187225,227103,AP-N204-F102,0.078722469508648,0.078722469508648,110.5525970459,269.54998779297
09-APR-2025,3.6451444655572,9622,3C273,1.1328552961349,215103,AP-N201-F101,0.097377985715866,0.097377985715866,123.08029174805,269.54998779297
09-APR-2025,3.6451444655572,9622,3C273,1.1328552961349,215103,AP-N202-F101,0.080356232821941,0.080356232821941,107.94728088379,269.54998779297
09-APR-2025,3.6451444655572,9622,3C273,1.1328552961349,227103,AP-N203-F102,0.085850946605206,0.085850946605206,122.94473266602,269.54998779297
09-APR-2025,3.6451444655572,9622,3C273,1.1328552961349,227103,AP-N204-F102,0.078722469508648,0.078722469508648,110.5525970459,269.54998779297
09-APR-2025,3.8105611322738,9627,3C279,1.2482408285141,215103,AP-N201-F101,0.10160378366709,0.10160378366709,123.04196929932,269.75
09-APR-2025,3.8105611322738,9627,3C279,1.2482408285141,215103,AP-N202-F101,0.083328641951084,0.083328641951084,107.70536804199,269.75
09-APR-2025,3.8105611322738,9627,3C279,1.2482408285141,227103,AP-N203-F102,0.088426195085049,0.088426195085049,122.20936584473,269.75
09-APR-2025,3.8105611322738,9627,3C279,1.2482408285141,227103,AP-N204-F102,0.081909112632275,0.081909112632275,110.20496368408,269.75
09-APR-2025,3.8273666861038,9631,3C279,1.2498421669006,215103,AP-N201-F101,0.10160378366709,0.10160378366709,123.04196929932,269.75
09-APR-2025,3.8273666861038,9631,3C279,1.2498421669006,215103,AP-N202-F101,0.083328641951084,0.083328641951084,107.70536804199,269.75
09-APR-2025,3.8273666861038,9631,3C279,1.2498421669006,227103,AP-N203-F102,0.088426195085049,0.088426195085049,122.20936584473,269.75
09-APR-2025,3.8273666861038,9631,3C279,1.2498421669006,227103,AP-N204-F102,0.081909112632275,0.081909112632275,110.20496368408,269.75
09-APR-2025,3.8366722431385,9631,3C279,1.2507081031799,215103,AP-N201-F101,0.10160378366709,0.10160378366709,123.04196929932,269.75
09-APR-2025,3.8366722431385,9631,3C279,1.2507081031799,215103,AP-N202-F101,0.083328641951084,0.083328641951084,107.70536804199,269.75
09-APR-2025,3.8366722431385,9631,3C279,1.2507081031799,227103,AP-N203-F102,0.088426195085049,0.088426195085049,122.20936584473,269.75
09-APR-2025,3.8366722431385,9631,3C279,1.2507081031799,227103,AP-N204-F102,0.081909112632275,0.081909112632275,110.20496368408,269.75
09-APR-2025,3.845700020936,9631,3C279,1.2515339851379,215103,AP-N201-F101,0.10160378366709,0.10160378366709,123.04196929932,269.75
09-APR-2025,3.845700020936,9631,3C279,1.2515339851379,215103,AP-N202-F101,0.083328641951084,0.083328641951084,107.70536804199,269.75
09-APR-2025,3.845700020936,9631,3C279,1.2515339851379,227103,AP-N203-F102,0.088426195085049,0.088426195085049,122.20936584473,269.75
09-APR-2025,3.845700020936,9631,3C279,1.2515339851379,227103,AP-N204-F102,0.081909112632275,0.081909112632275,110.20496368408,269.75
09-APR-2025,3.90389446457,9636,M87,0.95543694496155,215103,AP-N201-F101,0.095093257725239,0.095093257725239,126.51638031006,269.64999389648
09-APR-2025,3.90389446457,9636,M87,0.95543694496155,215103,AP-N202-F101,0.080949313938618,0.080949313938618,112.19209289551,269.64999389648
09-APR-2025,3.90389446457,9636,M87,0.95543694496155,227103,AP-N203-F102,0.087502539157867,0.087502539157867,127.63059234619,269.64999389648
09-APR-2025,3.90389446457,9636,M87,0.95543694496155,227103,AP-N204-F102,0.080253161489964,0.080253161489964,114.66805267334,269.64999389648
09-APR-2025,3.9279222431176,9640,M87,0.95533287525177,215103,AP-N201-F101,0.095093257725239,0.095093257725239,126.51638031006,269.64999389648
09-APR-2025,3.9279222431176,9640,M87,0.95533287525177,215103,AP-N202-F101,0.080949313938618,0.080949313938618,112.19209289551,269.64999389648
09-APR-2025,3.9279222431176,9640,M87,0.95533287525177,227103,AP-N203-F102,0.087502539157867,0.087502539157867,127.63059234619,269.64999389648
09-APR-2025,3.9279222431176,9640,M87,0.95533287525177,227103,AP-N204-F102,0.080253161489964,0.080253161489964,114.66805267334,269.64999389648
09-APR-2025,3.9612555755567,9646,M84,0.94509583711624,215103,AP-N201-F101,0.095093257725239,0.095093257725239,126.51638031006,269.64999389648
09-APR-2025,3.9612555755567,9646,M84,0.94509583711624,215103,AP-N202-F101,0.080949313938618,0.080949313938618,112.19209289551,269.64999389648
09-APR-2025,3.9612555755567,9646,M84,0.94509583711624,227103,AP-N203-F102,0.087502539157867,0.087502539157867,127.63059234619,269.64999389648
09-APR-2025,3.9612555755567,9646,M84,0.94509583711624,227103,AP-N204-F102,0.080253161489964,0.080253161489964,114.66805267334,269.64999389648
09-APR-2025,3.9704222418377,9646,M84,0.94491612911224,215103,AP-N201-F101,0.095093257725239,0.095093257725239,126.51638031006,269.64999389648
09-APR-2025,3.9704222418377,9646,M84,0.94491612911224,215103,AP-N202-F101,0.080949313938618,0.080949313938618,112.19209289551,269.64999389648
09-APR-2025,3.9704222418377,9646,M84,0.94491612911224,227103,AP-N203-F102,0.087502539157867,0.087502539157867,127.63059234619,269.64999389648
09-APR-2025,3.9704222418377,9646,M84,0.94491612911224,227103,AP-N204-F102,0.080253161489964,0.080253161489964,114.66805267334,269.64999389648
09-APR-2025,3.9793111306278,9646,M84,0.94473344087601,215103,AP-N201-F101,0.095093257725239,0.095093257725239,126.51638031006,269.64999389648
09-APR-2025,3.9793111306278,9646,M84,0.94473344087601,215103,AP-N202-F101,0.080949313938618,0.080949313938618,112.19209289551,269.64999389648
09-APR-2025,3.9793111306278,9646,M84,0.94473344087601,227103,AP-N203-F102,0.087502539157867,0.087502539157867,127.63059234619,269.64999389648
09-APR-2025,3.9793111306278,9646,M84,0.94473344087601,227103,AP-N204-F102,0.080253161489964,0.080253161489964,114.66805267334,269.64999389648
09-APR-2025,4.0327833522013,9649,M84,0.94346040487289,215103,AP-N201-F101,0.095093257725239,0.095093257725239,126.51638031006,269.64999389648
09-APR-2025,4.0327833522013,9649,M84,0.94346040487289,215103,AP-N202-F101,0.080949313938618,0.080949313938618,112.19209289551,269.64999389648
09-APR-2025,4.0327833522013,9649,M84,0.94346040487289,227103,AP-N203-F102,0.087502539157867,0.087502539157867,127.63059234619,269.64999389648
09-APR-2025,4.0327833522013,9649,M84,0.94346040487289,227103,AP-N204-F102,0.080253161489964,0.080253161489964,114.66805267334,269.64999389648
09-APR-2025,4.0616722414677,9653,M84,0.94264793395996,215103,AP-N201-F101,0.095093257725239,0.095093257725239,126.51638031006,269.64999389648
09-APR-2025,4.0616722414677,9653,M84,0.94264793395996,215103,AP-N202-F101,0.080949313938618,0.080949313938618,112.19209289551,269.64999389648
09-APR-2025,4.0616722414677,9653,M84,0.94264793395996,227103,AP-N203-F102,0.087502539157867,0.087502539157867,127.63059234619,269.64999389648
09-APR-2025,4.0616722414677,9653,M84,0.94264793395996,227103,AP-N204-F102,0.080253161489964,0.080253161489964,114.66805267334,269.64999389648
09-APR-2025,4.0707000190906,9653,M84,0.94237637519836,215103,AP-N201-F101,0.095093257725239,0.095093257725239,126.51638031006,269.64999389648
09-APR-2025,4.0707000190906,9653,M84,0.94237637519836,215103,AP-N202-F101,0.080949313938618,0.080949313938618,112.19209289551,269.64999389648
09-APR-2025,4.0707000190906,9653,M84,0.94237637519836,227103,AP-N203-F102,0.087502539157867,0.087502539157867,127.63059234619,269.64999389648
09-APR-2025,4.0707000190906,9653,M84,0.94237637519836,227103,AP-N204-F102,0.080253161489964,0.080253161489964,114.66805267334,269.64999389648
09-APR-2025,4.0798666850224,9653,M84,0.94209200143814,215103,AP-N201-F101,0.095093257725239,0.095093257725239,126.51638031006,269.64999389648
09-APR-2025,4.0798666850224,9653,M84,0.94209200143814,215103,AP-N202-F101,0.080949313938618,0.080949313938618,112.19209289551,269.64999389648
09-APR-2025,4.0798666850224,9653,M84,0.94209200143814,227103,AP-N203-F102,0.087502539157867,0.087502539157867,127.63059234619,269.64999389648
09-APR-2025,4.0798666850224,9653,M84,0.94209200143814,227103,AP-N204-F102,0.080253161489964,0.080253161489964,114.66805267334,269.64999389648
09-APR-2025,4.1772277952153,9658,3C273,1.1278313398361,215103,AP-N201-F101,0.10086669027805,0.10086669027805,124.73135375977,269.54998779297
09-APR-2025,4.1772277952153,9658,3C273,1.1278313398361,215103,AP-N202-F101,0.083690769970417,0.083690769970417,109.63703918457,269.54998779297
09-APR-2025,4.1772277952153,9658,3C273,1.1278313398361,227103,AP-N203-F102,0.08991015702486,0.08991015702486,124.62657165527,269.54998779297
09-APR-2025,4.1772277952153,9658,3C273,1.1278313398361,227103,AP-N204-F102,0.082690224051476,0.082690224051476,112.27753448486,269.54998779297
09-APR-2025,4.1940333532362,9662,3C273,1.1269927024841,215103,AP-N201-F101,0.10086669027805,0.10086669027805,124.73135375977,269.54998779297
09-APR-2025,4.1940333532362,9662,3C273,1.1269927024841,215103,AP-N202-F101,0.083690769970417,0.083690769970417,109.63703918457,269.54998779297
09-APR-2025,4.1940333532362,9662,3C273,1.1269927024841,227103,AP-N203-F102,0.08991015702486,0.08991015702486,124.62657165527,269.54998779297
09-APR-2025,4.1940333532362,9662,3C273,1.1269927024841,227103,AP-N204-F102,0.082690224051476,0.082690224051476,112.27753448486,269.54998779297
09-APR-2025,4.2029222418517,9662,3C273,1.1265331506729,215103,AP-N201-F101,0.10086669027805,0.10086669027805,124.73135375977,269.54998779297
09-APR-2025,4.2029222418517,9662,3C273,1.1265331506729,215103,AP-N202-F101,0.083690769970417,0.083690769970417,109.63703918457,269.54998779297
09-APR-2025,4.2029222418517,9662,3C273,1.1265331506729,227103,AP-N203-F102,0.08991015702486,0.08991015702486,124.62657165527,269.54998779297
09-APR-2025,4.2029222418517,9662,3C273,1.1265331506729,227103,AP-N204-F102,0.082690224051476,0.082690224051476,112.27753448486,269.54998779297
09-APR-2025,4.2118111308164,9662,3C273,1.1260623931885,215103,AP-N201-F101,0.10086669027805,0.10086669027805,124.73135375977,269.54998779297
09-APR-2025,4.2118111308164,9662,3C273,1.1260623931885,215103,AP-N202-F101,0.083690769970417,0.083690769970417,109.63703918457,269.54998779297
09-APR-2025,4.2118111308164,9662,3C273,1.1260623931885,227103,AP-N203-F102,0.08991015702486,0.08991015702486,124.62657165527,269.54998779297
09-APR-2025,4.2118111308164,9662,3C273,1.1260623931885,227103,AP-N204-F102,0.082690224051476,0.082690224051476,112.27753448486,269.54998779297
09-APR-2025,4.3769522658683,9669,3C279,1.272075176239,215103,AP-N201-F101,0.1027415394783,0.1027415394783,123.20039367676,269.75
09-APR-2025,4.3769522658683,9669,3C279,1.272075176239,215103,AP-N202-F101,0.084205240011215,0.084205240011215,107.90573883057,269.75
09-APR-2025,4.3769522658683,9669,3C279,1.272075176239,227103,AP-N203-F102,0.089227117598057,0.089227117598057,122.39251708984,269.75
09-APR-2025,4.3769522658683,9669,3C279,1.272075176239,227103,AP-N204-F102,0.083053931593895,0.083053931593895,110.40334320068,269.75
09-APR-2025,4.3945911530441,9673,3C279,1.2717424631119,215103,AP-N201-F101,0.1027415394783,0.1027415394783,123.20039367676,269.75
09-APR-2025,4.3945911530441,9673,3C279,1.2717424631119,215103,AP-N202-F101,0.084205240011215,0.084205240011215,107.90573883057,269.75
09-APR-2025,4.3945911530441,9673,3C279,1.2717424631119,227103,AP-N203-F102,0.089227117598057,0.089227117598057,122.39251708984,269.75
09-APR-2025,4.3945911530441,9673,3C279,1.2717424631119,227103,AP-N204-F102,0.083053931593895,0.083053931593895,110.40334320068,269.75
09-APR-2025,4.4034800418342,9673,3C279,1.2715499401093,215103,AP-N201-F101,0.1027415394783,0.1027415394783,123.20039367676,269.75
09-APR-2025,4.4034800418342,9673,3C279,1.2715499401093,215103,AP-N202-F101,0.084205240011215,0.084205240011215,107.90573883057,269.75
09-APR-2025,4.4034800418342,9673,3C279,1.2715499401093,227103,AP-N203-F102,0.089227117598057,0.089227117598057,122.39251708984,269.75
09-APR-2025,4.4034800418342,9673,3C279,1.2715499401093,227103,AP-N204-F102,0.083053931593895,0.083053931593895,110.40334320068,269.75
09-APR-2025,4.4123689304497,9673,3C279,1.2713408470154,215103,AP-N201-F101,0.1027415394783,0.1027415394783,123.20039367676,269.75
09-APR-2025,4.4123689304497,9673,3C279,1.2713408470154,215103,AP-N202-F101,0.084205240011215,0.084205240011215,107.90573883057,269.75
09-APR-2025,4.4123689304497,9673,3C279,1.2713408470154,227103,AP-N203-F102,0.089227117598057,0.089227117598057,122.39251708984,269.75
09-APR-2025,4.4123689304497,9673,3C279,1.2713408470154,227103,AP-N204-F102,0.083053931593895,0.083053931593895,110.40334320068,269.75
09-APR-2025,4.5105633748617,9678,M87,0.93421697616577,215103,AP-N201-F101,0.091474182903767,0.091474182903767,125.541847229,269.95001220703
09-APR-2025,4.5105633748617,9678,M87,0.93421697616577,215103,AP-N202-F101,0.077654659748077,0.077654659748077,111.07624053955,269.95001220703
09-APR-2025,4.5105633748617,9678,M87,0.93421697616577,227103,AP-N203-F102,0.08371214568615,0.08371214568615,126.53629302979,269.95001220703
09-APR-2025,4.5105633748617,9678,M87,0.93421697616577,227103,AP-N204-F102,0.076738797128201,0.076738797128201,113.48348236084,269.95001220703
09-APR-2025,4.5270911534708,9682,M87,0.93311470746994,215103,AP-N201-F101,0.091474182903767,0.091474182903767,125.541847229,269.95001220703
09-APR-2025,4.5270911534708,9682,M87,0.93311470746994,215103,AP-N202-F101,0.077654659748077,0.077654659748077,111.07624053955,269.95001220703
09-APR-2025,4.5270911534708,9682,M87,0.93311470746994,227103,AP-N203-F102,0.08371214568615,0.08371214568615,126.53629302979,269.95001220703
09-APR-2025,4.5270911534708,9682,M87,0.93311470746994,227103,AP-N204-F102,0.076738797128201,0.076738797128201,113.48348236084,269.95001220703
09-APR-2025,4.5609800422887,9688,M84,0.91534525156021,215103,AP-N201-F101,0.091474182903767,0.091474182903767,125.541847229,269.95001220703
09-APR-2025,4.5609800422887,9688,M84,0.91534525156021,215103,AP-N202-F101,0.077654659748077,0.077654659748077,111.07624053955,269.95001220703
09-APR-2025,4.5609800422887,9688,M84,0.91534525156021,227103,AP-N203-F102,0.08371214568615,0.08371214568615,126.53629302979,269.95001220703
09-APR-2025,4.5609800422887,9688,M84,0.91534525156021,227103,AP-N204-F102,0.076738797128201,0.076738797128201,113.48348236084,269.95001220703
09-APR-2025,4.5698689310788,9688,M84,0.91464203596115,215103,AP-N201-F101,0.091474182903767,0.091474182903767,125.541847229,269.95001220703
09-APR-2025,4.5698689310788,9688,M84,0.91464203596115,215103,AP-N202-F101,0.077654659748077,0.077654659748077,111.07624053955,269.95001220703
09-APR-2025,4.5698689310788,9688,M84,0.91464203596115,227103,AP-N203-F102,0.08371214568615,0.08371214568615,126.53629302979,269.95001220703
09-APR-2025,4.5698689310788,9688,M84,0.91464203596115,227103,AP-N204-F102,0.076738797128201,0.076738797128201,113.48348236084,269.95001220703
09-APR-2025,4.5787578198689,9688,M84,0.91393166780472,215103,AP-N201-F101,0.091474182903767,0.091474182903767,125.541847229,269.95001220703
09-APR-2025,4.5787578198689,9688,M84,0.91393166780472,215103,AP-N202-F101,0.077654659748077,0.077654659748077,111.07624053955,269.95001220703
09-APR-2025,4.5787578198689,9688,M84,0.91393166780472,227103,AP-N203-F102,0.08371214568615,0.08371214568615,126.53629302979,269.95001220703
09-APR-2025,4.5787578198689,9688,M84,0.91393166780472,227103,AP-N204-F102,0.076738797128201,0.076738797128201,113.48348236084,269.95001220703
09-APR-2025,4.633063374439,9691,M84,0.90943711996078,215103,AP-N201-F101,0.090717807412148,0.090717807412148,125.46744537354,269.75
09-APR-2025,4.633063374439,9691,M84,0.90943711996078,215103,AP-N202-F101,0.07720011472702,0.07720011472702,111.06648254395,269.75
09-APR-2025,4.633063374439,9691,M84,0.90943711996078,227103,AP-N203-F102,0.083125218749046,0.083125218749046,126.74179077148,269.75
09-APR-2025,4.633063374439,9691,M84,0.90943711996078,227103,AP-N204-F102,0.075661741197109,0.075661741197109,113.59311676025,269.75
09-APR-2025,4.6612578172714,9695,M84,0.90699940919876,215103,AP-N201-F101,0.090717807412148,0.090717807412148,125.46744537354,269.75
09-APR-2025,4.6612578172714,9695,M84,0.90699940919876,215103,AP-N202-F101,0.07720011472702,0.07720011472702,111.06648254395,269.75
09-APR-2025,4.6612578172714,9695,M84,0.90699940919876,227103,AP-N203-F102,0.083125218749046,0.083125218749046,126.74179077148,269.75
09-APR-2025,4.6612578172714,9695,M84,0.90699940919876,227103,AP-N204-F102,0.075661741197109,0.075661741197109,113.59311676025,269.75
09-APR-2025,4.6701467060615,9695,M84,0.90621644258499,215103,AP-N201-F101,0.090717807412148,0.090717807412148,125.46744537354,269.75
09-APR-2025,4.6701467060615,9695,M84,0.90621644258499,215103,AP-N202-F101,0.07720011472702,0.07720011472702,111.06648254395,269.75
09-APR-2025,4.6701467060615,9695,M84,0.90621644258499,227103,AP-N203-F102,0.083125218749046,0.083125218749046,126.74179077148,269.75
09-APR-2025,4.6701467060615,9695,M84,0.90621644258499,227103,AP-N204-F102,0.075661741197109,0.075661741197109,113.59311676025,269.75
09-APR-2025,4.6793133718187,9695,M84,0.9054017663002,215103,AP-N201-F101,0.090717807412148,0.090717807412148,125.46744537354,269.75
09-APR-2025,4.6793133718187,9695,M84,0.9054017663002,215103,AP-N202-F101,0.07720011472702,0.07720011472702,111.06648254395,269.75
09-APR-2025,4.6793133718187,9695,M84,0.9054017663002,227103,AP-N203-F102,0.083125218749046,0.083125218749046,126.74179077148,269.75
09-APR-2025,4.6793133718187,9695,M84,0.9054017663002,227103,AP-N204-F102,0.075661741197109,0.075661741197109,113.59311676025,269.75
09-APR-2025,4.7330633719308,9698,M84,0.90047830343246,215103,AP-N201-F101,0.090235657989979,0.090235657989979,125.80376434326,269.85000610352
09-APR-2025,4.7330633719308,9698,M84,0.90047830343246,215103,AP-N202-F101,0.076260767877102,0.076260767877102,111.33392333984,269.85000610352
09-APR-2025,4.7330633719308,9698,M84,0.90047830343246,227103,AP-N203-F102,0.082965388894081,0.082965388894081,127.1029586792,269.85000610352
09-APR-2025,4.7330633719308,9698,M84,0.90047830343246,227103,AP-N204-F102,0.075460195541382,0.075460195541382,113.85166168213,269.85000610352
09-APR-2025,4.7618133721898,9702,M84,0.89774292707443,215103,AP-N201-F101,0.090235657989979,0.090235657989979,125.80376434326,269.85000610352
09-APR-2025,4.7618133721898,9702,M84,0.89774292707443,215103,AP-N202-F101,0.076260767877102,0.076260767877102,111.33392333984,269.85000610352
09-APR-2025,4.7618133721898,9702,M84,0.89774292707443,227103,AP-N203-F102,0.082965388894081,0.082965388894081,127.1029586792,269.85000610352
09-APR-2025,4.7618133721898,9702,M84,0.89774292707443,227103,AP-N204-F102,0.075460195541382,0.075460195541382,113.85166168213,269.85000610352
09-APR-2025,4.7709800381216,9702,M84,0.89685612916946,215103,AP-N201-F101,0.090235657989979,0.090235657989979,125.80376434326,269.85000610352
09-APR-2025,4.7709800381216,9702,M84,0.89685612916946,215103,AP-N202-F101,0.076260767877102,0.076260767877102,111.33392333984,269.85000610352
09-APR-2025,4.7709800381216,9702,M84,0.89685612916946,227103,AP-N203-F102,0.082965388894081,0.082965388894081,127.1029586792,269.85000610352
09-APR-2025,4.7709800381216,9702,M84,0.89685612916946,227103,AP-N204-F102,0.075460195541382,0.075460195541382,113.85166168213,269.85000610352
09-APR-2025,4.7801467044026,9702,M84,0.89596223831177,215103,AP-N201-F101,0.090235657989979,0.090235657989979,125.80376434326,269.85000610352
09-APR-2025,4.7801467044026,9702,M84,0.89596223831177,215103,AP-N202-F101,0.076260767877102,0.076260767877102,111.33392333984,269.85000610352
09-APR-2025,4.7801467044026,9702,M84,0.89596223831177,227103,AP-N203-F102,0.082965388894081,0.082965388894081,127.1029586792,269.85000610352
09-APR-2025,4.7801467044026,9702,M84,0.89596223831177,227103,AP-N204-F102,0.075460195541382,0.075460195541382,113.85166168213,269.85000610352
09-APR-2025,4.8282022635933,9708,M87,0.90857255458832,215103,AP-N201-F101,0.090235657989979,0.090235657989979,125.80376434326,269.85000610352
09-APR-2025,4.8282022635933,9708,M87,0.90857255458832,215103,AP-N202-F101,0.076260767877102,0.076260767877102,111.33392333984,269.85000610352
09-APR-2025,4.8282022635933,9708,M87,0.90857255458832,227103,AP-N203-F102,0.082965388894081,0.082965388894081,127.1029586792,269.85000610352
09-APR-2025,4.8282022635933,9708,M87,0.90857255458832,227103,AP-N204-F102,0.075460195541382,0.075460195541382,113.85166168213,269.85000610352
09-APR-2025,4.8370911523834,9708,M87,0.90772461891174,215103,AP-N201-F101,0.090235657989979,0.090235657989979,125.80376434326,269.85000610352
09-APR-2025,4.8370911523834,9708,M87,0.90772461891174,215103,AP-N202-F101,0.076260767877102,0.076260767877102,111.33392333984,269.85000610352
09-APR-2025,4.8370911523834,9708,M87,0.90772461891174,227103,AP-N203-F102,0.082965388894081,0.082965388894081,127.1029586792,269.85000610352
09-APR-2025,4.8370911523834,9708,M87,0.90772461891174,227103,AP-N204-F102,0.075460195541382,0.075460195541382,113.85166168213,269.85000610352
09-APR-2025,4.8459800406496,9708,M87,0.90686988830566,215103,AP-N201-F101,0.090235657989979,0.090235657989979,125.80376434326,269.85000610352
09-APR-2025,4.8459800406496,9708,M87,0.90686988830566,215103,AP-N202-F101,0.076260767877102,0.076260767877102,111.33392333984,269.85000610352
09-APR-2025,4.8459800406496,9708,M87,0.90686988830566,227103,AP-N203-F102,0.082965388894081,0.082965388894081,127.1029586792,269.85000610352
09-APR-2025,4.8459800406496,9708,M87,0.90686988830566,227103,AP-N204-F102,0.075460195541382,0.075460195541382,113.85166168213,269.85000610352
09-APR-2025,4.9036189258094,9713,3C273,1.0588729381561,215103,AP-N201-F101,0.093304708600044,0.093304708600044,122.94612121582,269.85000610352
09-APR-2025,4.9036189258094,9713,3C273,1.0588729381561,215103,AP-N202-F101,0.076928086578846,0.076928086578846,107.95665740967,269.85000610352
09-APR-2025,4.9036189258094,9713,3C273,1.0588729381561,227103,AP-N203-F102,0.083023369312286,0.083023369312286,123.0135345459,269.85000610352
09-APR-2025,4.9036189258094,9713,3C273,1.0588729381561,227103,AP-N204-F102,0.075969457626343,0.075969457626343,110.43728637695,269.85000610352
09-APR-2025,4.9279244816733,9717,3C273,1.0555661916733,215103,AP-N201-F101,0.093304708600044,0.093304708600044,122.94612121582,269.85000610352
09-APR-2025,4.9279244816733,9717,3C273,1.0555661916733,215103,AP-N202-F101,0.076928086578846,0.076928086578846,107.95665740967,269.85000610352
09-APR-2025,4.9279244816733,9717,3C273,1.0555661916733,227103,AP-N203-F102,0.083023369312286,0.083023369312286,123.0135345459,269.85000610352
09-APR-2025,4.9279244816733,9717,3C273,1.0555661916733,227103,AP-N204-F102,0.075969457626343,0.075969457626343,110.43728637695,269.85000610352
09-APR-2025,4.9368133704634,9717,3C273,1.0543435811996,215103,AP-N201-F101,0.093304708600044,0.093304708600044,122.94612121582,269.85000610352
09-APR-2025,4.9368133704634,9717,3C273,1.0543435811996,215103,AP-N202-F101,0.076928086578846,0.076928086578846,107.95665740967,269.85000610352
09-APR-2025,4.9368133704634,9717,3C273,1.0543435811996,227103,AP-N203-F102,0.083023369312286,0.083023369312286,123.0135345459,269.85000610352
09-APR-2025,4.9368133704634,9717,3C273,1.0543435811996,227103,AP-N204-F102,0.075969457626343,0.075969457626343,110.43728637695,269.85000610352
09-APR-2025,4.9457022592535,9717,3C273,1.0531139373779,215103,AP-N201-F101,0.093304708600044,0.093304708600044,122.94612121582,269.85000610352
09-APR-2025,4.9457022592535,9717,3C273,1.0531139373779,215103,AP-N202-F101,0.076928086578846,0.076928086578846,107.95665740967,269.85000610352
09-APR-2025,4.9457022592535,9717,3C273,1.0531139373779,227103,AP-N203-F102,0.083023369312286,0.083023369312286,123.0135345459,269.85000610352
09-APR-2025,4.9457022592535,9717,3C273,1.0531139373779,227103,AP-N204-F102,0.075969457626343,0.075969457626343,110.43728637695,269.85000610352
09-APR-2025,5.1105633718614,9722,3C279,1.2086970806122,215103,AP-N201-F101,0.097175188362598,0.097175188362598,121.93078613281,270.14999389648
09-APR-2025,5.1105633718614,9722,3C279,1.2086970806122,215103,AP-N202-F101,0.079040467739105,0.079040467739105,106.6926651001,270.14999389648
09-APR-2025,5.1105633718614,9722,3C279,1.2086970806122,227103,AP-N203-F102,0.084241777658463,0.084241777658463,121.20763397217,270.14999389648
09-APR-2025,5.1105633718614,9722,3C279,1.2086970806122,227103,AP-N204-F102,0.077851988375187,0.077851988375187,109.1329574585,270.14999389648
09-APR-2025,5.1276466998645,9726,3C279,1.2062253952026,215103,AP-N201-F101,0.097175188362598,0.097175188362598,121.93078613281,270.14999389648
09-APR-2025,5.1276466998645,9726,3C279,1.2062253952026,215103,AP-N202-F101,0.079040467739105,0.079040467739105,106.6926651001,270.14999389648
09-APR-2025,5.1276466998645,9726,3C279,1.2062253952026,227103,AP-N203-F102,0.084241777658463,0.084241777658463,121.20763397217,270.14999389648
09-APR-2025,5.1276466998645,9726,3C279,1.2062253952026,227103,AP-N204-F102,0.077851988375187,0.077851988375187,109.1329574585,270.14999389648
09-APR-2025,5.1365355886546,9726,3C279,1.2049258947372,215103,AP-N201-F101,0.097175188362598,0.097175188362598,121.93078613281,270.14999389648
09-APR-2025,5.1365355886546,9726,3C279,1.2049258947372,215103,AP-N202-F101,0.079040467739105,0.079040467739105,106.6926651001,270.14999389648
09-APR-2025,5.1365355886546,9726,3C279,1.2049258947372,227103,AP-N203-F102,0.084241777658463,0.084241777658463,121.20763397217,270.14999389648
09-APR-2025,5.1365355886546,9726,3C279,1.2049258947372,227103,AP-N204-F102,0.077851988375187,0.077851988375187,109.1329574585,270.14999389648
09-APR-2025,5.1454244774447,9726,3C279,1.2036173343658,215103,AP-N201-F101,0.097175188362598,0.097175188362598,121.93078613281,270.14999389648
09-APR-2025,5.1454244774447,9726,3C279,1.2036173343658,215103,AP-N202-F101,0.079040467739105,0.079040467739105,106.6926651001,270.14999389648
09-APR-2025,5.1454244774447,9726,3C279,1.2036173343658,227103,AP-N203-F102,0.084241777658463,0.084241777658463,121.20763397217,270.14999389648
09-APR-2025,5.1454244774447,9726,3C279,1.2036173343658,227103,AP-N204-F102,0.077851988375187,0.077851988375187,109.1329574585,270.14999389648
09-APR-2025,5.2036189249205,9731,M87,0.86717051267624,215103,AP-N201-F101,0.088286302983761,0.088286302983761,126.19904327393,270.04998779297
09-APR-2025,5.2036189249205,9731,M87,0.86717051267624,215103,AP-N202-F101,0.075029343366623,0.075029343366623,111.68924713135,270.04998779297
09-APR-2025,5.2036189249205,9731,M87,0.86717051267624,227103,AP-N203-F102,0.081289663910866,0.081289663910866,127.5129699707,270.04998779297
09-APR-2025,5.2036189249205,9731,M87,0.86717051267624,227103,AP-N204-F102,0.073893539607525,0.073893539607525,114.13076782227,270.04998779297
09-APR-2025,5.2273689252786,9735,M87,0.86418962478638,215103,AP-N201-F101,0.088286302983761,0.088286302983761,126.19904327393,270.04998779297
09-APR-2025,5.2273689252786,9735,M87,0.86418962478638,215103,AP-N202-F101,0.075029343366623,0.075029343366623,111.68924713135,270.04998779297
09-APR-2025,5.2273689252786,9735,M87,0.86418962478638,227103,AP-N203-F102,0.081289663910866,0.081289663910866,127.5129699707,270.04998779297
09-APR-2025,5.2273689252786,9735,M87,0.86418962478638,227103,AP-N204-F102,0.073893539607525,0.073893539607525,114.13076782227,270.04998779297
09-APR-2025,5.2609800324146,9741,M84,0.83990877866745,215103,AP-N201-F101,0.088286302983761,0.088286302983761,126.19904327393,270.04998779297
09-APR-2025,5.2609800324146,9741,M84,0.83990877866745,215103,AP-N202-F101,0.075029343366623,0.075029343366623,111.68924713135,270.04998779297
09-APR-2025,5.2609800324146,9741,M84,0.83990877866745,227103,AP-N203-F102,0.081289663910866,0.081289663910866,127.5129699707,270.04998779297
09-APR-2025,5.2609800324146,9741,M84,0.83990877866745,227103,AP-N204-F102,0.073893539607525,0.073893539607525,114.13076782227,270.04998779297
09-APR-2025,5.2698689206809,9741,M84,0.83871674537659,215103,AP-N201-F101,0.088286302983761,0.088286302983761,126.19904327393,270.04998779297
09-APR-2025,5.2698689206809,9741,M84,0.83871674537659,215103,AP-N202-F101,0.075029343366623,0.075029343366623,111.68924713135,270.04998779297
09-APR-2025,5.2698689206809,9741,M84,0.83871674537659,227103,AP-N203-F102,0.081289663910866,0.081289663910866,127.5129699707,270.04998779297
09-APR-2025,5.2698689206809,9741,M84,0.83871674537659,227103,AP-N204-F102,0.073893539607525,0.073893539607525,114.13076782227,270.04998779297
09-APR-2025,5.2790355894067,9741,M84,0.83748191595078,215103,AP-N201-F101,0.088286302983761,0.088286302983761,126.19904327393,270.04998779297
09-APR-2025,5.2790355894067,9741,M84,0.83748191595078,215103,AP-N202-F101,0.075029343366623,0.075029343366623,111.68924713135,270.04998779297
09-APR-2025,5.2790355894067,9741,M84,0.83748191595078,227103,AP-N203-F102,0.081289663910866,0.081289663910866,127.5129699707,270.04998779297
09-APR-2025,5.2790355894067,9741,M84,0.83748191595078,227103,AP-N204-F102,0.073893539607525,0.073893539607525,114.13076782227,270.04998779297
09-APR-2025,5.3325078123771,9744,M84,0.83017098903656,215103,AP-N201-F101,0.087797284126282,0.087797284126282,127.16526794434,269.45001220703
09-APR-2025,5.3325078123771,9744,M84,0.83017098903656,215103,AP-N202-F101,0.07501058280468,0.07501058280468,112.98956298828,269.45001220703
09-APR-2025,5.3325078123771,9744,M84,0.83017098903656,227103,AP-N203-F102,0.081585176289082,0.081585176289082,128.92314147949,269.45001220703
09-APR-2025,5.3325078123771,9744,M84,0.83017098903656,227103,AP-N204-F102,0.074414625763893,0.074414625763893,115.48651885986,269.45001220703
09-APR-2025,5.3615355918732,9748,M84,0.82612597942352,215103,AP-N201-F101,0.087797284126282,0.087797284126282,127.16526794434,269.45001220703
09-APR-2025,5.3615355918732,9748,M84,0.82612597942352,215103,AP-N202-F101,0.07501058280468,0.07501058280468,112.98956298828,269.45001220703
09-APR-2025,5.3615355918732,9748,M84,0.82612597942352,227103,AP-N203-F102,0.081585176289082,0.081585176289082,128.92314147949,269.45001220703
09-APR-2025,5.3615355918732,9748,M84,0.82612597942352,227103,AP-N204-F102,0.074414625763893,0.074414625763893,115.48651885986,269.45001220703
09-APR-2025,5.3704244806633,9748,M84,0.82487684488297,215103,AP-N201-F101,0.087797284126282,0.087797284126282,127.16526794434,269.45001220703
09-APR-2025,5.3704244806633,9748,M84,0.82487684488297,215103,AP-N202-F101,0.07501058280468,0.07501058280468,112.98956298828,269.45001220703
09-APR-2025,5.3704244806633,9748,M84,0.82487684488297,227103,AP-N203-F102,0.081585176289082,0.081585176289082,128.92314147949,269.45001220703
09-APR-2025,5.3704244806633,9748,M84,0.82487684488297,227103,AP-N204-F102,0.074414625763893,0.074414625763893,115.48651885986,269.45001220703
09-APR-2025,5.3793133698027,9748,M84,0.82362276315689,215103,AP-N201-F101,0.087797284126282,0.087797284126282,127.16526794434,269.45001220703
09-APR-2025,5.3793133698027,9748,M84,0.82362276315689,215103,AP-N202-F101,0.07501058280468,0.07501058280468,112.98956298828,269.45001220703
09-APR-2025,5.3793133698027,9748,M84,0.82362276315689,227103,AP-N203-F102,0.081585176289082,0.081585176289082,128.92314147949,269.45001220703
09-APR-2025,5.3793133698027,9748,M84,0.82362276315689,227103,AP-N204-F102,0.074414625763893,0.074414625763893,115.48651885986,269.45001220703
09-APR-2025,5.4775078110714,9753,3C273,0.96842467784882,215103,AP-N201-F101,0.089995361864567,0.089995361864567,123.63028717041,269.75
09-APR-2025,5.4775078110714,9753,3C273,0.96842467784882,215103,AP-N202-F101,0.075405910611153,0.075405910611153,109.21069335938,269.75
09-APR-2025,5.4775078110714,9753,3C273,0.96842467784882,227103,AP-N203-F102,0.081886634230614,0.081886634230614,124.58661651611,269.75
09-APR-2025,5.4775078110714,9753,3C273,0.96842467784882,227103,AP-N204-F102,0.0743802562356,0.0743802562356,111.61785888672,269.75
09-APR-2025,5.4948689240742,9757,3C273,0.96534556150436,215103,AP-N201-F101,0.089995361864567,0.089995361864567,123.63028717041,269.75
09-APR-2025,5.4948689240742,9757,3C273,0.96534556150436,215103,AP-N202-F101,0.075405910611153,0.075405910611153,109.21069335938,269.75
09-APR-2025,5.4948689240742,9757,3C273,0.96534556150436,227103,AP-N203-F102,0.081886634230614,0.081886634230614,124.58661651611,269.75
09-APR-2025,5.4948689240742,9757,3C273,0.96534556150436,227103,AP-N204-F102,0.0743802562356,0.0743802562356,111.61785888672,269.75
09-APR-2025,5.5037578128643,9757,3C273,0.96376270055771,215103,AP-N201-F101,0.089995361864567,0.089995361864567,123.63028717041,269.75
09-APR-2025,5.5037578128643,9757,3C273,0.96376270055771,215103,AP-N202-F101,0.075405910611153,0.075405910611153,109.21069335938,269.75
09-APR-2025,5.5037578128643,9757,3C273,0.96376270055771,227103,AP-N203-F102,0.081886634230614,0.081886634230614,124.58661651611,269.75
09-APR-2025,5.5037578128643,9757,3C273,0.96376270055771,227103,AP-N204-F102,0.0743802562356,0.0743802562356,111.61785888672,269.75
09-APR-2025,5.5129244791453,9757,3C273,0.96212577819824,215103,AP-N201-F101,0.089995361864567,0.089995361864567,123.63028717041,269.75
09-APR-2025,5.5129244791453,9757,3C273,0.96212577819824,215103,AP-N202-F101,0.075405910611153,0.075405910611153,109.21069335938,269.75
09-APR-2025,5.5129244791453,9757,3C273,0.96212577819824,227103,AP-N203-F102,0.081886634230614,0.081886634230614,124.58661651611,269.75
09-APR-2025,5.5129244791453,9757,3C273,0.96212577819824,227103,AP-N204-F102,0.0743802562356,0.0743802562356,111.61785888672,269.75
09-APR-2025,5.6771373964859,9765,3C279,1.1119215488434,215103,AP-N201-F101,0.092102900147438,0.092102900147438,121.27431488037,269.85000610352
09-APR-2025,5.6771373964859,9765,3C279,1.1119215488434,215103,AP-N202-F101,0.075470551848412,0.075470551848412,106.3293838501,269.85000610352
09-APR-2025,5.6771373964859,9765,3C279,1.1119215488434,227103,AP-N203-F102,0.080869279801846,0.080869279801846,121.04508972168,269.85000610352
09-APR-2025,5.6771373964859,9765,3C279,1.1119215488434,227103,AP-N204-F102,0.073634527623653,0.073634527623653,108.63423156738,269.85000610352
09-APR-2025,5.6956096189285,9769,3C279,1.1083611249924,215103,AP-N201-F101,0.092102900147438,0.092102900147438,121.27431488037,269.85000610352
09-APR-2025,5.6956096189285,9769,3C279,1.1083611249924,215103,AP-N202-F101,0.075470551848412,0.075470551848412,106.3293838501,269.85000610352
09-APR-2025,5.6956096189285,9769,3C279,1.1083611249924,227103,AP-N203-F102,0.080869279801846,0.080869279801846,121.04508972168,269.85000610352
09-APR-2025,5.6956096189285,9769,3C279,1.1083611249924,227103,AP-N204-F102,0.073634527623653,0.073634527623653,108.63423156738,269.85000610352
09-APR-2025,5.704498506147,9769,3C279,1.1066410541534,215103,AP-N201-F101,0.092102900147438,0.092102900147438,121.27431488037,269.85000610352
09-APR-2025,5.704498506147,9769,3C279,1.1066410541534,215103,AP-N202-F101,0.075470551848412,0.075470551848412,106.3293838501,269.85000610352
09-APR-2025,5.704498506147,9769,3C279,1.1066410541534,227103,AP-N203-F102,0.080869279801846,0.080869279801846,121.04508972168,269.85000610352
09-APR-2025,5.704498506147,9769,3C279,1.1066410541534,227103,AP-N204-F102,0.073634527623653,0.073634527623653,108.63423156738,269.85000610352
09-APR-2025,5.7136651739997,9769,3C279,1.1048624515533,215103,AP-N201-F101,0.092102900147438,0.092102900147438,121.27431488037,269.85000610352
09-APR-2025,5.7136651739997,9769,3C279,1.1048624515533,215103,AP-N202-F101,0.075470551848412,0.075470551848412,106.3293838501,269.85000610352
09-APR-2025,5.7136651739997,9769,3C279,1.1048624515533,227103,AP-N203-F102,0.080869279801846,0.080869279801846,121.04508972168,269.85000610352
09-APR-2025,5.7136651739997,9769,3C279,1.1048624515533,227103,AP-N204-F102,0.073634527623653,0.073634527623653,108.63423156738,269.85000610352
09-APR-2025,5.7704707259881,9774,M87,0.78611105680466,215103,AP-N201-F101,0.08184552937746,0.08184552937746,125.72699737549,269.54998779297
09-APR-2025,5.7704707259881,9774,M87,0.78611105680466,215103,AP-N202-F101,0.07024323195219,0.07024323195219,111.63848114014,269.54998779297
09-APR-2025,5.7704707259881,9774,M87,0.78611105680466,227103,AP-N203-F102,0.076347127556801,0.076347127556801,127.59799194336,269.54998779297
09-APR-2025,5.7704707259881,9774,M87,0.78611105680466,227103,AP-N204-F102,0.068938121199608,0.068938121199608,113.98970031738,269.54998779297
09-APR-2025,5.7942207259971,9778,M87,0.78230971097946,215103,AP-N201-F101,0.08184552937746,0.08184552937746,125.72699737549,269.54998779297
09-APR-2025,5.7942207259971,9778,M87,0.78230971097946,215103,AP-N202-F101,0.07024323195219,0.07024323195219,111.63848114014,269.54998779297
09-APR-2025,5.7942207259971,9778,M87,0.78230971097946,227103,AP-N203-F102,0.076347127556801,0.076347127556801,127.59799194336,269.54998779297
09-APR-2025,5.7942207259971,9778,M87,0.78230971097946,227103,AP-N204-F102,0.068938121199608,0.068938121199608,113.98970031738,269.54998779297
09-APR-2025,5.827831835927,9784,M84,0.75453668832779,215103,AP-N201-F101,0.08184552937746,0.08184552937746,125.72699737549,269.54998779297
09-APR-2025,5.827831835927,9784,M84,0.75453668832779,215103,AP-N202-F101,0.07024323195219,0.07024323195219,111.63848114014,269.54998779297
09-APR-2025,5.827831835927,9784,M84,0.75453668832779,227103,AP-N203-F102,0.076347127556801,0.076347127556801,127.59799194336,269.54998779297
09-APR-2025,5.827831835927,9784,M84,0.75453668832779,227103,AP-N204-F102,0.068938121199608,0.068938121199608,113.98970031738,269.54998779297
09-APR-2025,5.8367207262888,9784,M84,0.7530625462532,215103,AP-N201-F101,0.08184552937746,0.08184552937746,125.72699737549,269.54998779297
09-APR-2025,5.8367207262888,9784,M84,0.7530625462532,215103,AP-N202-F101,0.07024323195219,0.07024323195219,111.63848114014,269.54998779297
09-APR-2025,5.8367207262888,9784,M84,0.7530625462532,227103,AP-N203-F102,0.076347127556801,0.076347127556801,127.59799194336,269.54998779297
09-APR-2025,5.8367207262888,9784,M84,0.7530625462532,227103,AP-N204-F102,0.068938121199608,0.068938121199608,113.98970031738,269.54998779297
09-APR-2025,5.8458873916967,9784,M84,0.7515384554863,215103,AP-N201-F101,0.08184552937746,0.08184552937746,125.72699737549,269.54998779297
09-APR-2025,5.8458873916967,9784,M84,0.7515384554863,215103,AP-N202-F101,0.07024323195219,0.07024323195219,111.63848114014,269.54998779297
09-APR-2025,5.8458873916967,9784,M84,0.7515384554863,227103,AP-N203-F102,0.076347127556801,0.076347127556801,127.59799194336,269.54998779297
09-APR-2025,5.8458873916967,9784,M84,0.7515384554863,227103,AP-N204-F102,0.068938121199608,0.068938121199608,113.98970031738,269.54998779297
09-APR-2025,5.8999151701729,9787,M84,0.74247688055038,215103,AP-N201-F101,0.081201605498791,0.081201605498791,127.52011108398,269.45001220703
09-APR-2025,5.8999151701729,9787,M84,0.74247688055038,215103,AP-N202-F101,0.070009984076023,0.070009984076023,113.43659210205,269.45001220703
09-APR-2025,5.8999151701729,9787,M84,0.74247688055038,227103,AP-N203-F102,0.076348207890987,0.076348207890987,129.7170715332,269.45001220703
09-APR-2025,5.8999151701729,9787,M84,0.74247688055038,227103,AP-N204-F102,0.068969905376434,0.068969905376434,115.83442687988,269.45001220703
09-APR-2025,5.927554059595,9791,M84,0.73778986930847,215103,AP-N201-F101,0.081201605498791,0.081201605498791,127.52011108398,269.45001220703
09-APR-2025,5.927554059595,9791,M84,0.73778986930847,215103,AP-N202-F101,0.070009984076023,0.070009984076023,113.43659210205,269.45001220703
09-APR-2025,5.927554059595,9791,M84,0.73778986930847,227103,AP-N203-F102,0.076348207890987,0.076348207890987,129.7170715332,269.45001220703
09-APR-2025,5.927554059595,9791,M84,0.73778986930847,227103,AP-N204-F102,0.068969905376434,0.068969905376434,115.83442687988,269.45001220703
09-APR-2025,5.9367207250029,9791,M84,0.73622792959213,215103,AP-N201-F101,0.081201605498791,0.081201605498791,127.52011108398,269.45001220703
09-APR-2025,5.9367207250029,9791,M84,0.73622792959213,215103,AP-N202-F101,0.070009984076023,0.070009984076023,113.43659210205,269.45001220703
09-APR-2025,5.9367207250029,9791,M84,0.73622792959213,227103,AP-N203-F102,0.076348207890987,0.076348207890987,129.7170715332,269.45001220703
09-APR-2025,5.9367207250029,9791,M84,0.73622792959213,227103,AP-N204-F102,0.068969905376434,0.068969905376434,115.83442687988,269.45001220703
09-APR-2025,5.9456096153646,9791,M84,0.7347097992897,215103,AP-N201-F101,0.081201605498791,0.081201605498791,127.52011108398,269.45001220703
09-APR-2025,5.9456096153646,9791,M84,0.7347097992897,215103,AP-N202-F101,0.070009984076023,0.070009984076023,113.43659210205,269.45001220703
09-APR-2025,5.9456096153646,9791,M84,0.7347097992897,227103,AP-N203-F102,0.076348207890987,0.076348207890987,129.7170715332,269.45001220703
09-APR-2025,5.9456096153646,9791,M84,0.7347097992897,227103,AP-N204-F102,0.068969905376434,0.068969905376434,115.83442687988,269.45001220703
09-APR-2025,6.0443596123137,9796,3C273,0.8604719042778,215103,AP-N201-F101,0.085777588188648,0.085777588188648,125.01695251465,269.75
09-APR-2025,6.0443596123137,9796,3C273,0.8604719042778,215103,AP-N202-F101,0.072766482830048,0.072766482830048,110.70462799072,269.75
09-APR-2025,6.0443596123137,9796,3C273,0.8604719042778,227103,AP-N203-F102,0.078902490437031,0.078902490437031,126.43140411377,269.75
09-APR-2025,6.0443596123137,9796,3C273,0.8604719042778,227103,AP-N204-F102,0.071509383618832,0.071509383618832,113.14424133301,269.75
09-APR-2025,6.0611651670168,9800,3C273,0.85707330703735,215103,AP-N201-F101,0.085777588188648,0.085777588188648,125.01695251465,269.75
09-APR-2025,6.0611651670168,9800,3C273,0.85707330703735,215103,AP-N202-F101,0.072766482830048,0.072766482830048,110.70462799072,269.75
09-APR-2025,6.0611651670168,9800,3C273,0.85707330703735,227103,AP-N203-F102,0.078902490437031,0.078902490437031,126.43140411377,269.75
09-APR-2025,6.0611651670168,9800,3C273,0.85707330703735,227103,AP-N204-F102,0.071509383618832,0.071509383618832,113.14424133301,269.75
09-APR-2025,6.0703318348694,9800,3C273,0.85521566867828,215103,AP-N201-F101,0.085777588188648,0.085777588188648,125.01695251465,269.75
09-APR-2025,6.0703318348694,9800,3C273,0.85521566867828,215103,AP-N202-F101,0.072766482830048,0.072766482830048,110.70462799072,269.75
09-APR-2025,6.0703318348694,9800,3C273,0.85521566867828,227103,AP-N203-F102,0.078902490437031,0.078902490437031,126.43140411377,269.75
09-APR-2025,6.0703318348694,9800,3C273,0.85521566867828,227103,AP-N204-F102,0.071509383618832,0.071509383618832,113.14424133301,269.75
09-APR-2025,6.0792207217387,9800,3C273,0.85341155529022,215103,AP-N201-F101,0.085777588188648,0.085777588188648,125.01695251465,269.75
09-APR-2025,6.0792207217387,9800,3C273,0.85341155529022,215103,AP-N202-F101,0.072766482830048,0.072766482830048,110.70462799072,269.75
09-APR-2025,6.0792207217387,9800,3C273,0.85341155529022,227103,AP-N203-F102,0.078902490437031,0.078902490437031,126.43140411377,269.75
09-APR-2025,6.0792207217387,9800,3C273,0.85341155529022,227103,AP-N204-F102,0.071509383618832,0.071509383618832,113.14424133301,269.75
09-APR-2025,6.2438040542363,9805,3C279,0.99549996852875,215103,AP-N201-F101,0.08488792181015,0.08488792181015,120.54054260254,269.35000610352
09-APR-2025,6.2438040542363,9805,3C279,0.99549996852875,215103,AP-N202-F101,0.069987908005714,0.069987908005714,106.11362457275,269.35000610352
09-APR-2025,6.2438040542363,9805,3C279,0.99549996852875,227103,AP-N203-F102,0.075462475419044,0.075462475419044,121.19332122803,269.35000610352
09-APR-2025,6.2438040542363,9805,3C279,0.99549996852875,227103,AP-N204-F102,0.068037785589695,0.068037785589695,108.43210601807,269.35000610352
09-APR-2025,6.2614429443807,9809,3C279,0.9916860461235,215103,AP-N201-F101,0.08488792181015,0.08488792181015,120.54054260254,269.35000610352
09-APR-2025,6.2614429443807,9809,3C279,0.9916860461235,215103,AP-N202-F101,0.069987908005714,0.069987908005714,106.11362457275,269.35000610352
09-APR-2025,6.2614429443807,9809,3C279,0.9916860461235,227103,AP-N203-F102,0.075462475419044,0.075462475419044,121.19332122803,269.35000610352
09-APR-2025,6.2614429443807,9809,3C279,0.9916860461235,227103,AP-N204-F102,0.068037785589695,0.068037785589695,108.43210601807,269.35000610352
09-APR-2025,6.2703318329962,9809,3C279,0.98976063728333,215103,AP-N201-F101,0.08488792181015,0.08488792181015,120.54054260254,269.35000610352
09-APR-2025,6.2703318329962,9809,3C279,0.98976063728333,215103,AP-N202-F101,0.069987908005714,0.069987908005714,106.11362457275,269.35000610352
09-APR-2025,6.2703318329962,9809,3C279,0.98976063728333,227103,AP-N203-F102,0.075462475419044,0.075462475419044,121.19332122803,269.35000610352
09-APR-2025,6.2703318329962,9809,3C279,0.98976063728333,227103,AP-N204-F102,0.068037785589695,0.068037785589695,108.43210601807,269.35000610352
09-APR-2025,6.279498498928,9809,3C279,0.98777276277542,215103,AP-N201-F101,0.08488792181015,0.08488792181015,120.54054260254,269.35000610352
09-APR-2025,6.279498498928,9809,3C279,0.98777276277542,215103,AP-N202-F101,0.069987908005714,0.069987908005714,106.11362457275,269.35000610352
09-APR-2025,6.279498498928,9809,3C279,0.98777276277542,227103,AP-N203-F102,0.075462475419044,0.075462475419044,121.19332122803,269.35000610352
09-APR-2025,6.279498498928,9809,3C279,0.98777276277542,227103,AP-N204-F102,0.068037785589695,0.068037785589695,108.43210601807,269.35000610352
09-APR-2025,6.3374151713576,9814,M87,0.68831127882004,215103,AP-N201-F101,0.07520680129528,0.07520680129528,126.76112365723,269.64999389648
09-APR-2025,6.3374151713576,9814,M87,0.68831127882004,215103,AP-N202-F101,0.064567007124424,0.064567007124424,112.89568328857,269.64999389648
09-APR-2025,6.3374151713576,9814,M87,0.68831127882004,227103,AP-N203-F102,0.070707440376282,0.070707440376282,129.17320251465,269.64999389648
09-APR-2025,6.3374151713576,9814,M87,0.68831127882004,227103,AP-N204-F102,0.063698321580887,0.063698321580887,115.14655303955,269.64999389648
09-APR-2025,6.3614429434441,9818,M87,0.68387711048126,215103,AP-N201-F101,0.07520680129528,0.07520680129528,126.76112365723,269.64999389648
09-APR-2025,6.3614429434441,9818,M87,0.68387711048126,215103,AP-N202-F101,0.064567007124424,0.064567007124424,112.89568328857,269.64999389648
09-APR-2025,6.3614429434441,9818,M87,0.68387711048126,227103,AP-N203-F102,0.070707440376282,0.070707440376282,129.17320251465,269.64999389648
09-APR-2025,6.3614429434441,9818,M87,0.68387711048126,227103,AP-N204-F102,0.063698321580887,0.063698321580887,115.14655303955,269.64999389648
09-APR-2025,6.3942207219491,9824,M84,0.65397250652313,215103,AP-N201-F101,0.07520680129528,0.07520680129528,126.76112365723,269.64999389648
09-APR-2025,6.3942207219491,9824,M84,0.65397250652313,215103,AP-N202-F101,0.064567007124424,0.064567007124424,112.89568328857,269.64999389648
09-APR-2025,6.3942207219491,9824,M84,0.65397250652313,227103,AP-N203-F102,0.070707440376282,0.070707440376282,129.17320251465,269.64999389648
09-APR-2025,6.3942207219491,9824,M84,0.65397250652313,227103,AP-N204-F102,0.063698321580887,0.063698321580887,115.14655303955,269.64999389648
09-APR-2025,6.4031096116123,9824,M84,0.65229868888855,215103,AP-N201-F101,0.07520680129528,0.07520680129528,126.76112365723,269.64999389648
09-APR-2025,6.4031096116123,9824,M84,0.65229868888855,215103,AP-N202-F101,0.064567007124424,0.064567007124424,112.89568328857,269.64999389648
09-APR-2025,6.4031096116123,9824,M84,0.65229868888855,227103,AP-N203-F102,0.070707440376282,0.070707440376282,129.17320251465,269.64999389648
09-APR-2025,6.4031096116123,9824,M84,0.65229868888855,227103,AP-N204-F102,0.063698321580887,0.063698321580887,115.14655303955,269.64999389648
09-APR-2025,6.4119984995293,9824,M84,0.6506222486496,215103,AP-N201-F101,0.07520680129528,0.07520680129528,126.76112365723,269.64999389648
09-APR-2025,6.4119984995293,9824,M84,0.6506222486496,215103,AP-N202-F101,0.064567007124424,0.064567007124424,112.89568328857,269.64999389648
09-APR-2025,6.4119984995293,9824,M84,0.6506222486496,227103,AP-N203-F102,0.070707440376282,0.070707440376282,129.17320251465,269.64999389648
09-APR-2025,6.4119984995293,9824,M84,0.6506222486496,227103,AP-N204-F102,0.063698321580887,0.063698321580887,115.14655303955,269.64999389648
09-APR-2025,6.4663040523532,9827,M84,0.64032465219498,215103,AP-N201-F101,0.073560796678066,0.073560796678066,128.70269775391,269.75
09-APR-2025,6.4663040523532,9827,M84,0.64032465219498,215103,AP-N202-F101,0.064030438661575,0.064030438661575,115.07437133789,269.75
09-APR-2025,6.4663040523532,9827,M84,0.64032465219498,227103,AP-N203-F102,0.070273630321026,0.070273630321026,131.681640625,269.75
09-APR-2025,6.4663040523532,9827,M84,0.64032465219498,227103,AP-N204-F102,0.063410274684429,0.063410274684429,117.26280975342,269.75
09-APR-2025,6.4946373875108,9831,M84,0.63491451740265,215103,AP-N201-F101,0.073560796678066,0.073560796678066,128.70269775391,269.75
09-APR-2025,6.4946373875108,9831,M84,0.63491451740265,215103,AP-N202-F101,0.064030438661575,0.064030438661575,115.07437133789,269.75
09-APR-2025,6.4946373875108,9831,M84,0.63491451740265,227103,AP-N203-F102,0.070273630321026,0.070273630321026,131.681640625,269.75
09-APR-2025,6.4946373875108,9831,M84,0.63491451740265,227103,AP-N204-F102,0.063410274684429,0.063410274684429,117.26280975342,269.75
09-APR-2025,6.5036651633875,9831,M84,0.633185505867,215103,AP-N201-F101,0.073560796678066,0.073560796678066,128.70269775391,269.75
09-APR-2025,6.5036651633875,9831,M84,0.633185505867,215103,AP-N202-F101,0.064030438661575,0.064030438661575,115.07437133789,269.75
09-APR-2025,6.5036651633875,9831,M84,0.633185505867,227103,AP-N203-F102,0.070273630321026,0.070273630321026,131.681640625,269.75
09-APR-2025,6.5036651633875,9831,M84,0.633185505867,227103,AP-N204-F102,0.063410274684429,0.063410274684429,117.26280975342,269.75
09-APR-2025,6.5128318336848,9831,M84,0.63142722845078,215103,AP-N201-F101,0.073560796678066,0.073560796678066,128.70269775391,269.75
09-APR-2025,6.5128318336848,9831,M84,0.63142722845078,215103,AP-N202-F101,0.064030438661575,0.064030438661575,115.07437133789,269.75
09-APR-2025,6.5128318336848,9831,M84,0.63142722845078,227103,AP-N203-F102,0.070273630321026,0.070273630321026,131.681640625,269.75
09-APR-2025,6.5128318336848,9831,M84,0.63142722845078,227103,AP-N204-F102,0.063410274684429,0.063410274684429,117.26280975342,269.75
09-APR-2025,6.6107484953672,9836,3C273,0.7414191365242,215103,AP-N201-F101,0.075460694730282,0.075460694730282,124.04720306396,268.85000610352
09-APR-2025,6.6107484953672,9836,3C273,0.7414191365242,215103,AP-N202-F101,0.064031653106213,0.064031653106213,110.24965667725,268.85000610352
09-APR-2025,6.6107484953672,9836,3C273,0.7414191365242,227103,AP-N203-F102,0.070331893861294,0.070331893861294,126.17327880859,268.85000610352
09-APR-2025,6.6107484953672,9836,3C273,0.7414191365242,227103,AP-N204-F102,0.062921680510044,0.062921680510044,112.47829437256,268.85000610352
09-APR-2025,6.6283873855116,9840,3C273,0.73758411407471,215103,AP-N201-F101,0.075460694730282,0.075460694730282,124.04720306396,268.85000610352
09-APR-2025,6.6283873855116,9840,3C273,0.73758411407471,215103,AP-N202-F101,0.064031653106213,0.064031653106213,110.24965667725,268.85000610352
09-APR-2025,6.6283873855116,9840,3C273,0.73758411407471,227103,AP-N203-F102,0.070331893861294,0.070331893861294,126.17327880859,268.85000610352
09-APR-2025,6.6283873855116,9840,3C273,0.73758411407471,227103,AP-N204-F102,0.062921680510044,0.062921680510044,112.47829437256,268.85000610352
09-APR-2025,6.6372762758733,9840,3C273,0.73564904928207,215103,AP-N201-F101,0.075460694730282,0.075460694730282,124.04720306396,268.85000610352
09-APR-2025,6.6372762758733,9840,3C273,0.73564904928207,215103,AP-N202-F101,0.064031653106213,0.064031653106213,110.24965667725,268.85000610352
09-APR-2025,6.6372762758733,9840,3C273,0.73564904928207,227103,AP-N203-F102,0.070331893861294,0.070331893861294,126.17327880859,268.85000610352
09-APR-2025,6.6372762758733,9840,3C273,0.73564904928207,227103,AP-N204-F102,0.062921680510044,0.062921680510044,112.47829437256,268.85000610352
09-APR-2025,6.6461651627426,9840,3C273,0.73371231555939,215103,AP-N201-F101,0.075460694730282,0.075460694730282,124.04720306396,268.85000610352
09-APR-2025,6.6461651627426,9840,3C273,0.73371231555939,215103,AP-N202-F101,0.064031653106213,0.064031653106213,110.24965667725,268.85000610352
09-APR-2025,6.6461651627426,9840,3C273,0.73371231555939,227103,AP-N203-F102,0.070331893861294,0.070331893861294,126.17327880859,268.85000610352
09-APR-2025,6.6461651627426,9840,3C273,0.73371231555939,227103,AP-N204-F102,0.062921680510044,0.062921680510044,112.47829437256,268.85000610352
09-APR-2025,6.8104814387272,9848,3C279,0.86928540468216,215103,AP-N201-F101,0.07737098634243,0.07737098634243,120.38889312744,269.75
09-APR-2025,6.8104814387272,9848,3C279,0.86928540468216,215103,AP-N202-F101,0.064270153641701,0.064270153641701,106.40598297119,269.75
09-APR-2025,6.8104814387272,9848,3C279,0.86928540468216,227103,AP-N203-F102,0.069912128150463,0.069912128150463,121.65637207031,269.75
09-APR-2025,6.8104814387272,9848,3C279,0.86928540468216,227103,AP-N204-F102,0.062554657459259,0.062554657459259,108.56539916992,269.75
09-APR-2025,6.8275647724928,9852,3C279,0.8653843998909,215103,AP-N201-F101,0.07737098634243,0.07737098634243,120.38889312744,269.75
09-APR-2025,6.8275647724928,9852,3C279,0.8653843998909,215103,AP-N202-F101,0.064270153641701,0.064270153641701,106.40598297119,269.75
09-APR-2025,6.8275647724928,9852,3C279,0.8653843998909,227103,AP-N203-F102,0.069912128150463,0.069912128150463,121.65637207031,269.75
09-APR-2025,6.8275647724928,9852,3C279,0.8653843998909,227103,AP-N204-F102,0.062554657459259,0.062554657459259,108.56539916992,269.75
09-APR-2025,6.8364536612829,9852,3C279,0.86335289478302,215103,AP-N201-F101,0.07737098634243,0.07737098634243,120.38889312744,269.75
09-APR-2025,6.8364536612829,9852,3C279,0.86335289478302,215103,AP-N202-F101,0.064270153641701,0.064270153641701,106.40598297119,269.75
09-APR-2025,6.8364536612829,9852,3C279,0.86335289478302,227103,AP-N203-F102,0.069912128150463,0.069912128150463,121.65637207031,269.75
09-APR-2025,6.8364536612829,9852,3C279,0.86335289478302,227103,AP-N204-F102,0.062554657459259,0.062554657459259,108.56539916992,269.75
09-APR-2025,6.845620327564,9852,3C279,0.86125671863556,215103,AP-N201-F101,0.07737098634243,0.07737098634243,120.38889312744,269.75
09-APR-2025,6.845620327564,9852,3C279,0.86125671863556,215103,AP-N202-F101,0.064270153641701,0.064270153641701,106.40598297119,269.75
09-APR-2025,6.845620327564,9852,3C279,0.86125671863556,227103,AP-N203-F102,0.069912128150463,0.069912128150463,121.65637207031,269.75
09-APR-2025,6.845620327564,9852,3C279,0.86125671863556,227103,AP-N204-F102,0.062554657459259,0.062554657459259,108.56539916992,269.75
09-APR-2025,6.9043703258306,9857,M87,0.57874834537506,215103,AP-N201-F101,0.069224715232849,0.069224715232849,129.63342285156,269.54998779297
09-APR-2025,6.9043703258306,9857,M87,0.57874834537506,215103,AP-N202-F101,0.060515638440847,0.060515638440847,115.85487365723,269.54998779297
09-APR-2025,6.9043703258306,9857,M87,0.57874834537506,227103,AP-N203-F102,0.06646141409874,0.06646141409874,132.80625915527,269.54998779297
09-APR-2025,6.9043703258306,9857,M87,0.57874834537506,227103,AP-N204-F102,0.059713900089264,0.059713900089264,118.276222229,269.54998779297
09-APR-2025,6.9275647692861,9861,M87,0.57407104969025,215103,AP-N201-F101,0.069224715232849,0.069224715232849,129.63342285156,269.54998779297
09-APR-2025,6.9275647692861,9861,M87,0.57407104969025,215103,AP-N202-F101,0.060515638440847,0.060515638440847,115.85487365723,269.54998779297
09-APR-2025,6.9275647692861,9861,M87,0.57407104969025,227103,AP-N203-F102,0.06646141409874,0.06646141409874,132.80625915527,269.54998779297
09-APR-2025,6.9275647692861,9861,M87,0.57407104969025,227103,AP-N204-F102,0.059713900089264,0.059713900089264,118.276222229,269.54998779297
09-APR-2025,6.9611758820101,9867,M84,0.54253786802292,215103,AP-N201-F101,0.069224715232849,0.069224715232849,129.63342285156,269.54998779297
09-APR-2025,6.9611758820101,9867,M84,0.54253786802292,215103,AP-N202-F101,0.060515638440847,0.060515638440847,115.85487365723,269.54998779297
09-APR-2025,6.9611758820101,9867,M84,0.54253786802292,227103,AP-N203-F102,0.06646141409874,0.06646141409874,132.80625915527,269.54998779297
09-APR-2025,6.9611758820101,9867,M84,0.54253786802292,227103,AP-N204-F102,0.059713900089264,0.059713900089264,118.276222229,269.54998779297
09-APR-2025,6.9703425500373,9867,M84,0.54066669940948,215103,AP-N201-F101,0.069224715232849,0.069224715232849,129.63342285156,269.54998779297
09-APR-2025,6.9703425500373,9867,M84,0.54066669940948,215103,AP-N202-F101,0.060515638440847,0.060515638440847,115.85487365723,269.54998779297
09-APR-2025,6.9703425500373,9867,M84,0.54066669940948,227103,AP-N203-F102,0.06646141409874,0.06646141409874,132.80625915527,269.54998779297
09-APR-2025,6.9703425500373,9867,M84,0.54066669940948,227103,AP-N204-F102,0.059713900089264,0.059713900089264,118.276222229,269.54998779297
09-APR-2025,6.9792314390021,9867,M84,0.53885042667389,215103,AP-N201-F101,0.069224715232849,0.069224715232849,129.63342285156,269.54998779297
09-APR-2025,6.9792314390021,9867,M84,0.53885042667389,215103,AP-N202-F101,0.060515638440847,0.060515638440847,115.85487365723,269.54998779297
09-APR-2025,6.9792314390021,9867,M84,0.53885042667389,227103,AP-N203-F102,0.06646141409874,0.06646141409874,132.80625915527,269.54998779297
09-APR-2025,6.9792314390021,9867,M84,0.53885042667389,227103,AP-N204-F102,0.059713900089264,0.059713900089264,118.276222229,269.54998779297
09-APR-2025,7.0335369897305,9870,M84,0.52771461009979,215103,AP-N201-F101,0.06819111853838,0.06819111853838,132.74440002441,268.75
09-APR-2025,7.0335369897305,9870,M84,0.52771461009979,215103,AP-N202-F101,0.060214176774025,0.060214176774025,119.05638885498,268.75
09-APR-2025,7.0335369897305,9870,M84,0.52771461009979,227103,AP-N203-F102,0.066216498613358,0.066216498613358,136.47508239746,268.75
09-APR-2025,7.0335369897305,9870,M84,0.52771461009979,227103,AP-N204-F102,0.059637531638145,0.059637531638145,121.54497528076,268.75
09-APR-2025,7.0614536555958,9874,M84,0.52196401357651,215103,AP-N201-F101,0.06819111853838,0.06819111853838,132.74440002441,268.75
09-APR-2025,7.0614536555958,9874,M84,0.52196401357651,215103,AP-N202-F101,0.060214176774025,0.060214176774025,119.05638885498,268.75
09-APR-2025,7.0614536555958,9874,M84,0.52196401357651,227103,AP-N203-F102,0.066216498613358,0.066216498613358,136.47508239746,268.75
09-APR-2025,7.0614536555958,9874,M84,0.52196401357651,227103,AP-N204-F102,0.059637531638145,0.059637531638145,121.54497528076,268.75
09-APR-2025,7.0706203217022,9874,M84,0.52007204294205,215103,AP-N201-F101,0.06819111853838,0.06819111853838,132.74440002441,268.75
09-APR-2025,7.0706203217022,9874,M84,0.52007204294205,215103,AP-N202-F101,0.060214176774025,0.060214176774025,119.05638885498,268.75
09-APR-2025,7.0706203217022,9874,M84,0.52007204294205,227103,AP-N203-F102,0.066216498613358,0.066216498613358,136.47508239746,268.75
09-APR-2025,7.0706203217022,9874,M84,0.52007204294205,227103,AP-N204-F102,0.059637531638145,0.059637531638145,121.54497528076,268.75
09-APR-2025,7.0795092103177,9874,M84,0.51823568344116,215103,AP-N201-F101,0.06819111853838,0.06819111853838,132.74440002441,268.75
09-APR-2025,7.0795092103177,9874,M84,0.51823568344116,215103,AP-N202-F101,0.060214176774025,0.060214176774025,119.05638885498,268.75
09-APR-2025,7.0795092103177,9874,M84,0.51823568344116,227103,AP-N203-F102,0.066216498613358,0.066216498613358,136.47508239746,268.75
09-APR-2025,7.0795092103177,9874,M84,0.51823568344116,227103,AP-N204-F102,0.059637531638145,0.059637531638145,121.54497528076,268.75
09-APR-2025,7.1774258782865,9879,3C273,0.61538964509964,215103,AP-N201-F101,0.070289805531502,0.070289805531502,127.83726501465,269.35000610352
09-APR-2025,7.1774258782865,9879,3C273,0.61538964509964,215103,AP-N202-F101,0.060989275574684,0.060989275574684,114.10301971436,269.35000610352
09-APR-2025,7.1774258782865,9879,3C273,0.61538964509964,227103,AP-N203-F102,0.067170046269894,0.067170046269894,130.87838745117,269.35000610352
09-APR-2025,7.1774258782865,9879,3C273,0.61538964509964,227103,AP-N204-F102,0.060203224420547,0.060203224420547,116.56803894043,269.35000610352
09-APR-2025,7.1945092108297,9883,3C273,0.61151248216629,215103,AP-N201-F101,0.070289805531502,0.070289805531502,127.83726501465,269.35000610352
09-APR-2025,7.1945092108297,9883,3C273,0.61151248216629,215103,AP-N202-F101,0.060989275574684,0.060989275574684,114.10301971436,269.35000610352
09-APR-2025,7.1945092108297,9883,3C273,0.61151248216629,227103,AP-N203-F102,0.067170046269894,0.067170046269894,130.87838745117,269.35000610352
09-APR-2025,7.1945092108297,9883,3C273,0.61151248216629,227103,AP-N204-F102,0.060203224420547,0.060203224420547,116.56803894043,269.35000610352
09-APR-2025,7.2035369877541,9883,3C273,0.60946202278137,215103,AP-N201-F101,0.070289805531502,0.070289805531502,127.83726501465,269.35000610352
09-APR-2025,7.2035369877541,9883,3C273,0.60946202278137,215103,AP-N202-F101,0.060989275574684,0.060989275574684,114.10301971436,269.35000610352
09-APR-2025,7.2035369877541,9883,3C273,0.60946202278137,227103,AP-N203-F102,0.067170046269894,0.067170046269894,130.87838745117,269.35000610352
09-APR-2025,7.2035369877541,9883,3C273,0.60946202278137,227103,AP-N204-F102,0.060203224420547,0.060203224420547,116.56803894043,269.35000610352
09-APR-2025,7.2128425426933,9883,3C273,0.60734730958939,215103,AP-N201-F101,0.070289805531502,0.070289805531502,127.83726501465,269.35000610352
09-APR-2025,7.2128425426933,9883,3C273,0.60734730958939,215103,AP-N202-F101,0.060989275574684,0.060989275574684,114.10301971436,269.35000610352
09-APR-2025,7.2128425426933,9883,3C273,0.60734730958939,227103,AP-N203-F102,0.067170046269894,0.067170046269894,130.87838745117,269.35000610352
09-APR-2025,7.2128425426933,9883,3C273,0.60734730958939,227103,AP-N204-F102,0.060203224420547,0.060203224420547,116.56803894043,269.35000610352
09-APR-2025,7.3788147659634,9888,3C279,0.73749399185181,215103,AP-N201-F101,0.071392595767975,0.071392595767975,122.13663482666,269.45001220703
09-APR-2025,7.3788147659634,9888,3C279,0.73749399185181,215103,AP-N202-F101,0.060374520719051,0.060374520719051,108.26020812988,269.45001220703
09-APR-2025,7.3788147659634,9888,3C279,0.73749399185181,227103,AP-N203-F102,0.066122256219387,0.066122256219387,124.17055511475,269.45001220703
09-APR-2025,7.3788147659634,9888,3C279,0.73749399185181,227103,AP-N204-F102,0.058743689209223,0.058743689209223,110.52649688721,269.45001220703
09-APR-2025,7.3945092087819,9892,3C279,0.73380589485168,215103,AP-N201-F101,0.071392595767975,0.071392595767975,122.13663482666,269.45001220703
09-APR-2025,7.3945092087819,9892,3C279,0.73380589485168,215103,AP-N202-F101,0.060374520719051,0.060374520719051,108.26020812988,269.45001220703
09-APR-2025,7.3945092087819,9892,3C279,0.73380589485168,227103,AP-N203-F102,0.066122256219387,0.066122256219387,124.17055511475,269.45001220703
09-APR-2025,7.3945092087819,9892,3C279,0.73380589485168,227103,AP-N204-F102,0.058743689209223,0.058743689209223,110.52649688721,269.45001220703
09-APR-2025,7.4033980973974,9892,3C279,0.73171615600586,215103,AP-N201-F101,0.071392595767975,0.071392595767975,122.13663482666,269.45001220703
09-APR-2025,7.4033980973974,9892,3C279,0.73171615600586,215103,AP-N202-F101,0.060374520719051,0.060374520719051,108.26020812988,269.45001220703
09-APR-2025,7.4033980973974,9892,3C279,0.73171615600586,227103,AP-N203-F102,0.066122256219387,0.066122256219387,124.17055511475,269.45001220703
09-APR-2025,7.4033980973974,9892,3C279,0.73171615600586,227103,AP-N204-F102,0.058743689209223,0.058743689209223,110.52649688721,269.45001220703
09-APR-2025,7.4122869861875,9892,3C279,0.72962576150894,215103,AP-N201-F101,0.071392595767975,0.071392595767975,122.13663482666,269.45001220703
09-APR-2025,7.4122869861875,9892,3C279,0.72962576150894,215103,AP-N202-F101,0.060374520719051,0.060374520719051,108.26020812988,269.45001220703
09-APR-2025,7.4122869861875,9892,3C279,0.72962576150894,227103,AP-N203-F102,0.066122256219387,0.066122256219387,124.17055511475,269.45001220703
09-APR-2025,7.4122869861875,9892,3C279,0.72962576150894,227103,AP-N204-F102,0.058743689209223,0.058743689209223,110.52649688721,269.45001220703
09-APR-2025,7.470481431917,9897,M87,0.46112197637558,215103,AP-N201-F101,0.061977215111256,0.061977215111256,134.35621643066,269.54998779297
09-APR-2025,7.470481431917,9897,M87,0.46112197637558,215103,AP-N202-F101,0.055024519562721,0.055024519562721,120.72612762451,269.54998779297
09-APR-2025,7.470481431917,9897,M87,0.46112197637558,227103,AP-N203-F102,0.060644451528788,0.060644451528788,138.47250366211,269.54998779297
09-APR-2025,7.470481431917,9897,M87,0.46112197637558,227103,AP-N204-F102,0.054613299667835,0.054613299667835,123.13500976562,269.54998779297
09-APR-2025,7.4942314329737,9901,M87,0.45604628324509,215103,AP-N201-F101,0.061977215111256,0.061977215111256,134.35621643066,269.54998779297
09-APR-2025,7.4942314329737,9901,M87,0.45604628324509,215103,AP-N202-F101,0.055024519562721,0.055024519562721,120.72612762451,269.54998779297
09-APR-2025,7.4942314329737,9901,M87,0.45604628324509,227103,AP-N203-F102,0.060644451528788,0.060644451528788,138.47250366211,269.54998779297
09-APR-2025,7.4942314329737,9901,M87,0.45604628324509,227103,AP-N204-F102,0.054613299667835,0.054613299667835,123.13500976562,269.54998779297
09-APR-2025,7.5283980973617,9907,M84,0.42344444990158,215103,AP-N201-F101,0.061977215111256,0.061977215111256,134.35621643066,269.54998779297
09-APR-2025,7.5283980973617,9907,M84,0.42344444990158,215103,AP-N202-F101,0.055024519562721,0.055024519562721,120.72612762451,269.54998779297
09-APR-2025,7.5283980973617,9907,M84,0.42344444990158,227103,AP-N203-F102,0.060644451528788,0.060644451528788,138.47250366211,269.54998779297
09-APR-2025,7.5283980973617,9907,M84,0.42344444990158,227103,AP-N204-F102,0.054613299667835,0.054613299667835,123.13500976562,269.54998779297
09-APR-2025,7.5375647657382,9907,M84,0.42147046327591,215103,AP-N201-F101,0.061977215111256,0.061977215111256,134.35621643066,269.54998779297
09-APR-2025,7.5375647657382,9907,M84,0.42147046327591,215103,AP-N202-F101,0.055024519562721,0.055024519562721,120.72612762451,269.54998779297
09-APR-2025,7.5375647657382,9907,M84,0.42147046327591,227103,AP-N203-F102,0.060644451528788,0.060644451528788,138.47250366211,269.54998779297
09-APR-2025,7.5375647657382,9907,M84,0.42147046327591,227103,AP-N204-F102,0.054613299667835,0.054613299667835,123.13500976562,269.54998779297
09-APR-2025,7.5464536548775,9907,M84,0.41955497860909,215103,AP-N201-F101,0.061977215111256,0.061977215111256,134.35621643066,269.54998779297
09-APR-2025,7.5464536548775,9907,M84,0.41955497860909,215103,AP-N202-F101,0.055024519562721,0.055024519562721,120.72612762451,269.54998779297
09-APR-2025,7.5464536548775,9907,M84,0.41955497860909,227103,AP-N203-F102,0.060644451528788,0.060644451528788,138.47250366211,269.54998779297
09-APR-2025,7.5464536548775,9907,M84,0.41955497860909,227103,AP-N204-F102,0.054613299667835,0.054613299667835,123.13500976562,269.54998779297
09-APR-2025,7.5993703195483,9910,M84,0.40812486410141,215103,AP-N201-F101,0.058701824396849,0.058701824396849,137.40237426758,269.75
09-APR-2025,7.5993703195483,9910,M84,0.40812486410141,215103,AP-N202-F101,0.052504241466522,0.052504241466522,123.92076873779,269.75
09-APR-2025,7.5993703195483,9910,M84,0.40812486410141,227103,AP-N203-F102,0.057984497398138,0.057984497398138,142.08462524414,269.75
09-APR-2025,7.5993703195483,9910,M84,0.40812486410141,227103,AP-N204-F102,0.052449405193329,0.052449405193329,126.48171234131,269.75
09-APR-2025,7.6272869855882,9914,M84,0.4020768404007,215103,AP-N201-F101,0.058701824396849,0.058701824396849,137.40237426758,269.75
09-APR-2025,7.6272869855882,9914,M84,0.4020768404007,215103,AP-N202-F101,0.052504241466522,0.052504241466522,123.92076873779,269.75
09-APR-2025,7.6272869855882,9914,M84,0.4020768404007,227103,AP-N203-F102,0.057984497398138,0.057984497398138,142.08462524414,269.75
09-APR-2025,7.6272869855882,9914,M84,0.4020768404007,227103,AP-N204-F102,0.052449405193329,0.052449405193329,126.48171234131,269.75
09-APR-2025,7.6361758743783,9914,M84,0.4001484811306,215103,AP-N201-F101,0.058701824396849,0.058701824396849,137.40237426758,269.75
09-APR-2025,7.6361758743783,9914,M84,0.4001484811306,215103,AP-N202-F101,0.052504241466522,0.052504241466522,123.92076873779,269.75
09-APR-2025,7.6361758743783,9914,M84,0.4001484811306,227103,AP-N203-F102,0.057984497398138,0.057984497398138,142.08462524414,269.75
09-APR-2025,7.6361758743783,9914,M84,0.4001484811306,227103,AP-N204-F102,0.052449405193329,0.052449405193329,126.48171234131,269.75
09-APR-2025,7.6450647633431,9914,M84,0.39821884036064,215103,AP-N201-F101,0.058701824396849,0.058701824396849,137.40237426758,269.75
09-APR-2025,7.6450647633431,9914,M84,0.39821884036064,215103,AP-N202-F101,0.052504241466522,0.052504241466522,123.92076873779,269.75
09-APR-2025,7.6450647633431,9914,M84,0.39821884036064,227103,AP-N203-F102,0.057984497398138,0.057984497398138,142.08462524414,269.75
09-APR-2025,7.6450647633431,9914,M84,0.39821884036064,227103,AP-N204-F102,0.052449405193329,0.052449405193329,126.48171234131,269.75
09-APR-2025,7.7452036515885,9919,3C273,0.48471015691757,215103,AP-N201-F101,0.061349168419838,0.061349168419838,131.28929138184,269.54998779297
09-APR-2025,7.7452036515885,9919,3C273,0.48471015691757,215103,AP-N202-F101,0.053988493978977,0.053988493978977,117.89576721191,269.54998779297
09-APR-2025,7.7452036515885,9919,3C273,0.48471015691757,227103,AP-N203-F102,0.05964433401823,0.05964433401823,135.22395324707,269.54998779297
09-APR-2025,7.7452036515885,9919,3C273,0.48471015691757,227103,AP-N204-F102,0.053488556295633,0.053488556295633,120.10836791992,269.54998779297
09-APR-2025,7.760898097201,9923,3C273,0.48105180263519,215103,AP-N201-F101,0.061349168419838,0.061349168419838,131.28929138184,269.54998779297
09-APR-2025,7.760898097201,9923,3C273,0.48105180263519,215103,AP-N202-F101,0.053988493978977,0.053988493978977,117.89576721191,269.54998779297
09-APR-2025,7.760898097201,9923,3C273,0.48105180263519,227103,AP-N203-F102,0.05964433401823,0.05964433401823,135.22395324707,269.54998779297
09-APR-2025,7.760898097201,9923,3C273,0.48105180263519,227103,AP-N204-F102,0.053488556295633,0.053488556295633,120.10836791992,269.54998779297
09-APR-2025,7.7700647631328,9923,3C273,0.47891408205032,215103,AP-N201-F101,0.061349168419838,0.061349168419838,131.28929138184,269.54998779297
09-APR-2025,7.7700647631328,9923,3C273,0.47891408205032,215103,AP-N202-F101,0.053988493978977,0.053988493978977,117.89576721191,269.54998779297
09-APR-2025,7.7700647631328,9923,3C273,0.47891408205032,227103,AP-N203-F102,0.05964433401823,0.05964433401823,135.22395324707,269.54998779297
09-APR-2025,7.7700647631328,9923,3C273,0.47891408205032,227103,AP-N204-F102,0.053488556295633,0.053488556295633,120.10836791992,269.54998779297
09-APR-2025,7.7789536522721,9923,3C273,0.47684046626091,215103,AP-N201-F101,0.061349168419838,0.061349168419838,131.28929138184,269.54998779297
09-APR-2025,7.7789536522721,9923,3C273,0.47684046626091,215103,AP-N202-F101,0.053988493978977,0.053988493978977,117.89576721191,269.54998779297
09-APR-2025,7.7789536522721,9923,3C273,0.47684046626091,227103,AP-N203-F102,0.05964433401823,0.05964433401823,135.22395324707,269.54998779297
09-APR-2025,7.7789536522721,9923,3C273,0.47684046626091,227103,AP-N204-F102,0.053488556295633,0.053488556295633,120.10836791992,269.54998779297
09-APR-2025,7.9618702598809,9931,3C279,0.59929472208023,215103,AP-N201-F101,0.063799969851971,0.063799969851971,124.29619598389,269.14999389648
09-APR-2025,7.9618702598809,9931,3C279,0.59929472208023,215103,AP-N202-F101,0.054507937282324,0.054507937282324,110.76170349121,269.14999389648
09-APR-2025,7.9618702598809,9931,3C279,0.59929472208023,227103,AP-N203-F102,0.060161508619785,0.060161508619785,127.10482025146,269.14999389648
09-APR-2025,7.9618702598809,9931,3C279,0.59929472208023,227103,AP-N204-F102,0.053270049393177,0.053270049393177,112.85429382324,269.14999389648
09-APR-2025,7.9781202589036,9935,3C279,0.59541451931,215103,AP-N201-F101,0.063799969851971,0.063799969851971,124.29619598389,269.14999389648
09-APR-2025,7.9781202589036,9935,3C279,0.59541451931,215103,AP-N202-F101,0.054507937282324,0.054507937282324,110.76170349121,269.14999389648
09-APR-2025,7.9781202589036,9935,3C279,0.59541451931,227103,AP-N203-F102,0.060161508619785,0.060161508619785,127.10482025146,269.14999389648
09-APR-2025,7.9781202589036,9935,3C279,0.59541451931,227103,AP-N204-F102,0.053270049393177,0.053270049393177,112.85429382324,269.14999389648
09-APR-2025,7.9870091478683,9935,3C279,0.5932914018631,215103,AP-N201-F101,0.063799969851971,0.063799969851971,124.29619598389,269.14999389648
09-APR-2025,7.9870091478683,9935,3C279,0.5932914018631,215103,AP-N202-F101,0.054507937282324,0.054507937282324,110.76170349121,269.14999389648
09-APR-2025,7.9870091478683,9935,3C279,0.5932914018631,227103,AP-N203-F102,0.060161508619785,0.060161508619785,127.10482025146,269.14999389648
09-APR-2025,7.9870091478683,9935,3C279,0.5932914018631,227103,AP-N204-F102,0.053270049393177,0.053270049393177,112.85429382324,269.14999389648
09-APR-2025,7.9958980364838,9935,3C279,0.59116798639297,215103,AP-N201-F101,0.063799969851971,0.063799969851971,124.29619598389,269.14999389648
09-APR-2025,7.9958980364838,9935,3C279,0.59116798639297,215103,AP-N202-F101,0.054507937282324,0.054507937282324,110.76170349121,269.14999389648
09-APR-2025,7.9958980364838,9935,3C279,0.59116798639297,227103,AP-N203-F102,0.060161508619785,0.060161508619785,127.10482025146,269.14999389648
09-APR-2025,7.9958980364838,9935,3C279,0.59116798639297,227103,AP-N204-F102,0.053270049393177,0.053270049393177,112.85429382324,269.14999389648
09-APR-2025,8.053814704897,9940,3C273,0.41241037845612,215103,AP-N201-F101,0.055188365280628,0.055188365280628,133.2688293457,269.85000610352
09-APR-2025,8.053814704897,9940,3C273,0.41241037845612,215103,AP-N202-F101,0.049139019101858,0.049139019101858,119.94718170166,269.85000610352
09-APR-2025,8.053814704897,9940,3C273,0.41241037845612,227103,AP-N203-F102,0.054180335253477,0.054180335253477,137.81126403809,269.85000610352
09-APR-2025,8.053814704897,9940,3C273,0.41241037845612,227103,AP-N204-F102,0.048572827130556,0.048572827130556,122.28309631348,269.85000610352
09-APR-2025,8.07784248327,9944,3C273,0.40675163269043,215103,AP-N201-F101,0.055188365280628,0.055188365280628,133.2688293457,269.85000610352
09-APR-2025,8.07784248327,9944,3C273,0.40675163269043,215103,AP-N202-F101,0.049139019101858,0.049139019101858,119.94718170166,269.85000610352
09-APR-2025,8.07784248327,9944,3C273,0.40675163269043,227103,AP-N203-F102,0.054180335253477,0.054180335253477,137.81126403809,269.85000610352
09-APR-2025,8.07784248327,9944,3C273,0.40675163269043,227103,AP-N204-F102,0.048572827130556,0.048572827130556,122.28309631348,269.85000610352
09-APR-2025,8.0867313720601,9944,3C273,0.40465724468231,215103,AP-N201-F101,0.055188365280628,0.055188365280628,133.2688293457,269.85000610352
09-APR-2025,8.0867313720601,9944,3C273,0.40465724468231,215103,AP-N202-F101,0.049139019101858,0.049139019101858,119.94718170166,269.85000610352
09-APR-2025,8.0867313720601,9944,3C273,0.40465724468231,227103,AP-N203-F102,0.054180335253477,0.054180335253477,137.81126403809,269.85000610352
09-APR-2025,8.0867313720601,9944,3C273,0.40465724468231,227103,AP-N204-F102,0.048572827130556,0.048572827130556,122.28309631348,269.85000610352
09-APR-2025,8.0958980381666,9944,3C273,0.40249684453011,215103,AP-N201-F101,0.055188365280628,0.055188365280628,133.2688293457,269.85000610352
09-APR-2025,8.0958980381666,9944,3C273,0.40249684453011,215103,AP-N202-F101,0.049139019101858,0.049139019101858,119.94718170166,269.85000610352
09-APR-2025,8.0958980381666,9944,3C273,0.40249684453011,227103,AP-N203-F102,0.054180335253477,0.054180335253477,137.81126403809,269.85000610352
09-APR-2025,8.0958980381666,9944,3C273,0.40249684453011,227103,AP-N204-F102,0.048572827130556,0.048572827130556,122.28309631348,269.85000610352
09-APR-2025,8.1540924795305,9949,M87,0.3114826977253,215103,AP-N201-F101,0.050249733030796,0.050249733030796,142.91557312012,270.45001220703
09-APR-2025,8.1540924795305,9949,M87,0.3114826977253,215103,AP-N202-F101,0.045632645487785,0.045632645487785,129.27976989746,270.45001220703
09-APR-2025,8.1540924795305,9949,M87,0.3114826977253,227103,AP-N203-F102,0.050196368247271,0.050196368247271,148.72792053223,270.45001220703
09-APR-2025,8.1540924795305,9949,M87,0.3114826977253,227103,AP-N204-F102,0.045609030872583,0.045609030872583,132.30116271973,270.45001220703
09-APR-2025,8.1778424797141,9953,M87,0.30616807937622,215103,AP-N201-F101,0.050249733030796,0.050249733030796,142.91557312012,270.45001220703
09-APR-2025,8.1778424797141,9953,M87,0.30616807937622,215103,AP-N202-F101,0.045632645487785,0.045632645487785,129.27976989746,270.45001220703
09-APR-2025,8.1778424797141,9953,M87,0.30616807937622,227103,AP-N203-F102,0.050196368247271,0.050196368247271,148.72792053223,270.45001220703
09-APR-2025,8.1778424797141,9953,M87,0.30616807937622,227103,AP-N204-F102,0.045609030872583,0.045609030872583,132.30116271973,270.45001220703
09-APR-2025,8.2106202587429,9959,M84,0.27316153049469,215103,AP-N201-F101,0.050249733030796,0.050249733030796,142.91557312012,270.45001220703
09-APR-2025,8.2106202587429,9959,M84,0.27316153049469,215103,AP-N202-F101,0.045632645487785,0.045632645487785,129.27976989746,270.45001220703
09-APR-2025,8.2106202587429,9959,M84,0.27316153049469,227103,AP-N203-F102,0.050196368247271,0.050196368247271,148.72792053223,270.45001220703
09-APR-2025,8.2106202587429,9959,M84,0.27316153049469,227103,AP-N204-F102,0.045609030872583,0.045609030872583,132.30116271973,270.45001220703
09-APR-2025,8.2195091471838,9959,M84,0.2711638212204,215103,AP-N201-F101,0.050249733030796,0.050249733030796,142.91557312012,270.45001220703
09-APR-2025,8.2195091471838,9959,M84,0.2711638212204,215103,AP-N202-F101,0.045632645487785,0.045632645487785,129.27976989746,270.45001220703
09-APR-2025,8.2195091471838,9959,M84,0.2711638212204,227103,AP-N203-F102,0.050196368247271,0.050196368247271,148.72792053223,270.45001220703
09-APR-2025,8.2195091471838,9959,M84,0.2711638212204,227103,AP-N204-F102,0.045609030872583,0.045609030872583,132.30116271973,270.45001220703
09-APR-2025,8.2283980357992,9959,M84,0.26916518807411,215103,AP-N201-F101,0.050249733030796,0.050249733030796,142.91557312012,270.45001220703
09-APR-2025,8.2283980357992,9959,M84,0.26916518807411,215103,AP-N202-F101,0.045632645487785,0.045632645487785,129.27976989746,270.45001220703
09-APR-2025,8.2283980357992,9959,M84,0.26916518807411,227103,AP-N203-F102,0.050196368247271,0.050196368247271,148.72792053223,270.45001220703
09-APR-2025,8.2283980357992,9959,M84,0.26916518807411,227103,AP-N204-F102,0.045609030872583,0.045609030872583,132.30116271973,270.45001220703
09-APR-2025,8.2832591467482,9962,M84,0.25681060552597,215103,AP-N201-F101,0.046555668115616,0.046555668115616,149.79458618164,270.14999389648
09-APR-2025,8.2832591467482,9962,M84,0.25681060552597,215103,AP-N202-F101,0.04274607822299,0.04274607822299,136.43002319336,270.14999389648
09-APR-2025,8.2832591467482,9962,M84,0.25681060552597,227103,AP-N203-F102,0.046980652958155,0.046980652958155,156.66098022461,270.14999389648
09-APR-2025,8.2832591467482,9962,M84,0.25681060552597,227103,AP-N204-F102,0.043044500052929,0.043044500052929,139.64302062988,270.14999389648
09-APR-2025,8.3107591464644,9966,M84,0.25060510635376,215103,AP-N201-F101,0.046555668115616,0.046555668115616,149.79458618164,270.14999389648
09-APR-2025,8.3107591464644,9966,M84,0.25060510635376,215103,AP-N202-F101,0.04274607822299,0.04274607822299,136.43002319336,270.14999389648
09-APR-2025,8.3107591464644,9966,M84,0.25060510635376,227103,AP-N203-F102,0.046980652958155,0.046980652958155,156.66098022461,270.14999389648
09-APR-2025,8.3107591464644,9966,M84,0.25060510635376,227103,AP-N204-F102,0.043044500052929,0.043044500052929,139.64302062988,270.14999389648
09-APR-2025,8.3197869239127,9966,M84,0.24856619536877,215103,AP-N201-F101,0.046555668115616,0.046555668115616,149.79458618164,270.14999389648
09-APR-2025,8.3197869239127,9966,M84,0.24856619536877,215103,AP-N202-F101,0.04274607822299,0.04274607822299,136.43002319336,270.14999389648
09-APR-2025,8.3197869239127,9966,M84,0.24856619536877,227103,AP-N203-F102,0.046980652958155,0.046980652958155,156.66098022461,270.14999389648
09-APR-2025,8.3197869239127,9966,M84,0.24856619536877,227103,AP-N204-F102,0.043044500052929,0.043044500052929,139.64302062988,270.14999389648
09-APR-2025,8.3286758123536,9966,M84,0.24655784666538,215103,AP-N201-F101,0.046555668115616,0.046555668115616,149.79458618164,270.14999389648
09-APR-2025,8.3286758123536,9966,M84,0.24655784666538,215103,AP-N202-F101,0.04274607822299,0.04274607822299,136.43002319336,270.14999389648
09-APR-2025,8.3286758123536,9966,M84,0.24655784666538,227103,AP-N203-F102,0.046980652958155,0.046980652958155,156.66098022461,270.14999389648
09-APR-2025,8.3286758123536,9966,M84,0.24655784666538,227103,AP-N204-F102,0.043044500052929,0.043044500052929,139.64302062988,270.14999389648
