07-APR-2025,23.083533649569,8353,M87,0.18002566695213,336600,AP-S301-F101,0,0,0,0
07-APR-2025,23.083533649569,8353,M87,0.18002566695213,336600,AP-S302-F101,0,0,0,0
07-APR-2025,23.083533649569,8353,M87,0.18002566695213,348600,AP-S303-F102,0,0,0,0
07-APR-2025,23.083533649569,8353,M87,0.18002566695213,348600,AP-S304-F102,0,0,0,0
07-APR-2025,23.11061698366,8357,M87,0.18624100089073,336600,AP-S301-F101,0,0,0,0
07-APR-2025,23.11061698366,8357,M87,0.18624100089073,336600,AP-S302-F101,0,0,0,0
07-APR-2025,23.11061698366,8357,M87,0.18624100089073,348600,AP-S303-F102,0,0,0,0
07-APR-2025,23.11061698366,8357,M87,0.18624100089073,348600,AP-S304-F102,0,0,0,0
07-APR-2025,23.119783649766,8357,M87,0.18834316730499,336600,AP-S301-F101,0,0,0,0
07-APR-2025,23.119783649766,8357,M87,0.18834316730499,336600,AP-S302-F101,0,0,0,0
07-APR-2025,23.119783649766,8357,M87,0.18834316730499,348600,AP-S303-F102,0,0,0,0
07-APR-2025,23.119783649766,8357,M87,0.18834316730499,348600,AP-S304-F102,0,0,0,0
07-APR-2025,23.128672538382,8357,M87,0.19038093090057,336600,AP-S301-F101,0,0,0,0
07-APR-2025,23.128672538382,8357,M87,0.19038093090057,336600,AP-S302-F101,0,0,0,0
07-APR-2025,23.128672538382,8357,M87,0.19038093090057,348600,AP-S303-F102,0,0,0,0
07-APR-2025,23.128672538382,8357,M87,0.19038093090057,348600,AP-S304-F102,0,0,0,0
07-APR-2025,23.137561427172,8357,M87,0.19241797924042,336600,AP-S301-F101,0,0,0,0
07-APR-2025,23.137561427172,8357,M87,0.19241797924042,336600,AP-S302-F101,0,0,0,0
07-APR-2025,23.137561427172,8357,M87,0.19241797924042,348600,AP-S303-F102,0,0,0,0
07-APR-2025,23.137561427172,8357,M87,0.19241797924042,348600,AP-S304-F102,0,0,0,0
07-APR-2025,23.203533649108,8362,3C279,0.23907774686813,336600,AP-S301-F101,0.29317006468773,0.29317006468773,1.0404578857422E+03,271.75
07-APR-2025,23.203533649108,8362,3C279,0.23907774686813,336600,AP-S302-F101,0.29453951120377,0.29453951120377,1.0713363037109E+03,271.75
07-APR-2025,23.203533649108,8362,3C279,0.23907774686813,348600,AP-S303-F102,0.29125529527664,0.29125529527664,1.1186365966797E+03,271.75
07-APR-2025,23.203533649108,8362,3C279,0.23907774686813,348600,AP-S304-F102,0.2944992184639,0.2944992184639,1.1570164794922E+03,271.75
07-APR-2025,23.226728092214,8366,3C279,0.24468196928501,336600,AP-S301-F101,0.29317006468773,0.29317006468773,1.0404578857422E+03,271.75
07-APR-2025,23.226728092214,8366,3C279,0.24468196928501,336600,AP-S302-F101,0.29453951120377,0.29453951120377,1.0713363037109E+03,271.75
07-APR-2025,23.226728092214,8366,3C279,0.24468196928501,348600,AP-S303-F102,0.29125529527664,0.29125529527664,1.1186365966797E+03,271.75
07-APR-2025,23.226728092214,8366,3C279,0.24468196928501,348600,AP-S304-F102,0.2944992184639,0.2944992184639,1.1570164794922E+03,271.75
07-APR-2025,23.235894758845,8366,3C279,0.24689693748951,336600,AP-S301-F101,0.29317006468773,0.29317006468773,1.0404578857422E+03,271.75
07-APR-2025,23.235894758845,8366,3C279,0.24689693748951,336600,AP-S302-F101,0.29453951120377,0.29453951120377,1.0713363037109E+03,271.75
07-APR-2025,23.235894758845,8366,3C279,0.24689693748951,348600,AP-S303-F102,0.29125529527664,0.29125529527664,1.1186365966797E+03,271.75
07-APR-2025,23.235894758845,8366,3C279,0.24689693748951,348600,AP-S304-F102,0.2944992184639,0.2944992184639,1.1570164794922E+03,271.75
07-APR-2025,23.245061424427,8366,3C279,0.24911186099052,336600,AP-S301-F101,0.29317006468773,0.29317006468773,1.0404578857422E+03,271.75
07-APR-2025,23.245061424427,8366,3C279,0.24911186099052,336600,AP-S302-F101,0.29453951120377,0.29453951120377,1.0713363037109E+03,271.75
07-APR-2025,23.245061424427,8366,3C279,0.24911186099052,348600,AP-S303-F102,0.29125529527664,0.29125529527664,1.1186365966797E+03,271.75
07-APR-2025,23.245061424427,8366,3C279,0.24911186099052,348600,AP-S304-F102,0.2944992184639,0.2944992184639,1.1570164794922E+03,271.75
07-APR-2025,23.393811427195,8373,3C273,0.33837351202965,336600,AP-S301-F101,0.32615154981613,0.32615154981613,745.44903564453,271.14999389648
07-APR-2025,23.393811427195,8373,3C273,0.33837351202965,336600,AP-S302-F101,0.32501929998398,0.32501929998398,759.75628662109,271.14999389648
07-APR-2025,23.393811427195,8373,3C273,0.33837351202965,348600,AP-S303-F102,0.32375758886337,0.32375758886337,805.53186035156,271.14999389648
07-APR-2025,23.393811427195,8373,3C273,0.33837351202965,348600,AP-S304-F102,0.32464209198952,0.32464209198952,824.62664794922,271.14999389648
07-APR-2025,23.410061426392,8377,3C273,0.342229783535,336600,AP-S301-F101,0.32615154981613,0.32615154981613,745.44903564453,271.14999389648
07-APR-2025,23.410061426392,8377,3C273,0.342229783535,336600,AP-S302-F101,0.32501929998398,0.32501929998398,759.75628662109,271.14999389648
07-APR-2025,23.410061426392,8377,3C273,0.342229783535,348600,AP-S303-F102,0.32375758886337,0.32375758886337,805.53186035156,271.14999389648
07-APR-2025,23.410061426392,8377,3C273,0.342229783535,348600,AP-S304-F102,0.32464209198952,0.32464209198952,824.62664794922,271.14999389648
07-APR-2025,23.418950315182,8377,3C273,0.34433844685555,336600,AP-S301-F101,0.32615154981613,0.32615154981613,745.44903564453,271.14999389648
07-APR-2025,23.418950315182,8377,3C273,0.34433844685555,336600,AP-S302-F101,0.32501929998398,0.32501929998398,759.75628662109,271.14999389648
07-APR-2025,23.418950315182,8377,3C273,0.34433844685555,348600,AP-S303-F102,0.32375758886337,0.32375758886337,805.53186035156,271.14999389648
07-APR-2025,23.418950315182,8377,3C273,0.34433844685555,348600,AP-S304-F102,0.32464209198952,0.32464209198952,824.62664794922,271.14999389648
07-APR-2025,23.427839203797,8377,3C273,0.34644669294357,336600,AP-S301-F101,0.32615154981613,0.32615154981613,745.44903564453,271.14999389648
07-APR-2025,23.427839203797,8377,3C273,0.34644669294357,336600,AP-S302-F101,0.32501929998398,0.32501929998398,759.75628662109,271.14999389648
07-APR-2025,23.427839203797,8377,3C273,0.34644669294357,348600,AP-S303-F102,0.32375758886337,0.32375758886337,805.53186035156,271.14999389648
07-APR-2025,23.427839203797,8377,3C273,0.34644669294357,348600,AP-S304-F102,0.32464209198952,0.32464209198952,824.62664794922,271.14999389648
07-APR-2025,23.487144756871,8382,M87,0.27192965149879,336600,AP-S301-F101,0.29121428728104,0.29121428728104,851.61865234375,271.25
07-APR-2025,23.487144756871,8382,M87,0.27192965149879,336600,AP-S302-F101,0.29095032811165,0.29095032811165,869.97711181641,271.25
07-APR-2025,23.487144756871,8382,M87,0.27192965149879,348600,AP-S303-F102,0.2903083562851,0.2903083562851,923.39025878906,271.25
07-APR-2025,23.487144756871,8382,M87,0.27192965149879,348600,AP-S304-F102,0.2913159430027,0.2913159430027,945.1533203125,271.25
07-APR-2025,23.510894757579,8386,M87,0.27728554606438,336600,AP-S301-F101,0.29121428728104,0.29121428728104,851.61865234375,271.25
07-APR-2025,23.510894757579,8386,M87,0.27728554606438,336600,AP-S302-F101,0.29095032811165,0.29095032811165,869.97711181641,271.25
07-APR-2025,23.510894757579,8386,M87,0.27728554606438,348600,AP-S303-F102,0.2903083562851,0.2903083562851,923.39025878906,271.25
07-APR-2025,23.510894757579,8386,M87,0.27728554606438,348600,AP-S304-F102,0.2913159430027,0.2913159430027,945.1533203125,271.25
07-APR-2025,23.51978364602,8386,M87,0.27928858995438,336600,AP-S301-F101,0.29121428728104,0.29121428728104,851.61865234375,271.25
07-APR-2025,23.51978364602,8386,M87,0.27928858995438,336600,AP-S302-F101,0.29095032811165,0.29095032811165,869.97711181641,271.25
07-APR-2025,23.51978364602,8386,M87,0.27928858995438,348600,AP-S303-F102,0.2903083562851,0.2903083562851,923.39025878906,271.25
07-APR-2025,23.51978364602,8386,M87,0.27928858995438,348600,AP-S304-F102,0.2913159430027,0.2913159430027,945.1533203125,271.25
07-APR-2025,23.528950311602,8386,M87,0.28135326504707,336600,AP-S301-F101,0.29121428728104,0.29121428728104,851.61865234375,271.25
07-APR-2025,23.528950311602,8386,M87,0.28135326504707,336600,AP-S302-F101,0.29095032811165,0.29095032811165,869.97711181641,271.25
07-APR-2025,23.528950311602,8386,M87,0.28135326504707,348600,AP-S303-F102,0.2903083562851,0.2903083562851,923.39025878906,271.25
07-APR-2025,23.528950311602,8386,M87,0.28135326504707,348600,AP-S304-F102,0.2913159430027,0.2913159430027,945.1533203125,271.25
07-APR-2025,23.538116977709,8386,M87,0.28341701626778,336600,AP-S301-F101,0.29121428728104,0.29121428728104,851.61865234375,271.25
07-APR-2025,23.538116977709,8386,M87,0.28341701626778,336600,AP-S302-F101,0.29095032811165,0.29095032811165,869.97711181641,271.25
07-APR-2025,23.538116977709,8386,M87,0.28341701626778,348600,AP-S303-F102,0.2903083562851,0.2903083562851,923.39025878906,271.25
07-APR-2025,23.538116977709,8386,M87,0.28341701626778,348600,AP-S304-F102,0.2913159430027,0.2913159430027,945.1533203125,271.25
07-APR-2025,23.728116977082,8395,OJ287,0.80308675765991,336600,AP-S301-F101,0.42069095373154,0.42069095373154,415.87844848633,271.04998779297
07-APR-2025,23.728116977082,8395,OJ287,0.80308675765991,336600,AP-S302-F101,0.42061707377434,0.42061707377434,427.92791748047,271.04998779297
07-APR-2025,23.728116977082,8395,OJ287,0.80308675765991,348600,AP-S303-F102,0.41918760538101,0.41918760538101,458.55953979492,271.04998779297
07-APR-2025,23.728116977082,8395,OJ287,0.80308675765991,348600,AP-S304-F102,0.42138659954071,0.42138659954071,470.83654785156,271.04998779297
07-APR-2025,23.743533646251,8399,OJ287,0.80390053987503,336600,AP-S301-F101,0.42069095373154,0.42069095373154,415.87844848633,271.04998779297
07-APR-2025,23.743533646251,8399,OJ287,0.80390053987503,336600,AP-S302-F101,0.42061707377434,0.42061707377434,427.92791748047,271.04998779297
07-APR-2025,23.743533646251,8399,OJ287,0.80390053987503,348600,AP-S303-F102,0.41918760538101,0.41918760538101,458.55953979492,271.04998779297
07-APR-2025,23.743533646251,8399,OJ287,0.80390053987503,348600,AP-S304-F102,0.42138659954071,0.42138659954071,470.83654785156,271.04998779297
07-APR-2025,23.752700312357,8399,OJ287,0.8043754696846,336600,AP-S301-F101,0.42069095373154,0.42069095373154,415.87844848633,271.04998779297
07-APR-2025,23.752700312357,8399,OJ287,0.8043754696846,336600,AP-S302-F101,0.42061707377434,0.42061707377434,427.92791748047,271.04998779297
07-APR-2025,23.752700312357,8399,OJ287,0.8043754696846,348600,AP-S303-F102,0.41918760538101,0.41918760538101,458.55953979492,271.04998779297
07-APR-2025,23.752700312357,8399,OJ287,0.8043754696846,348600,AP-S304-F102,0.42138659954071,0.42138659954071,470.83654785156,271.04998779297
07-APR-2025,23.761589201147,8399,OJ287,0.80482941865921,336600,AP-S301-F101,0.42069095373154,0.42069095373154,415.87844848633,271.04998779297
07-APR-2025,23.761589201147,8399,OJ287,0.80482941865921,336600,AP-S302-F101,0.42061707377434,0.42061707377434,427.92791748047,271.04998779297
07-APR-2025,23.761589201147,8399,OJ287,0.80482941865921,348600,AP-S303-F102,0.41918760538101,0.41918760538101,458.55953979492,271.04998779297
07-APR-2025,23.761589201147,8399,OJ287,0.80482941865921,348600,AP-S304-F102,0.42138659954071,0.42138659954071,470.83654785156,271.04998779297
07-APR-2025,23.943950197895,8407,3C279,0.41788244247437,336600,AP-S301-F101,0.33380779623985,0.33380779623985,597.07696533203,271.14999389648
07-APR-2025,23.943950197895,8407,3C279,0.41788244247437,336600,AP-S302-F101,0.33649998903275,0.33649998903275,618.60943603516,271.14999389648
07-APR-2025,23.943950197895,8407,3C279,0.41788244247437,348600,AP-S303-F102,0.33442094922066,0.33442094922066,657.60345458984,271.14999389648
07-APR-2025,23.943950197895,8407,3C279,0.41788244247437,348600,AP-S304-F102,0.3356719315052,0.3356719315052,672.40472412109,271.14999389648
07-APR-2025,23.960477979473,8411,3C279,0.42186707258224,336600,AP-S301-F101,0.33380779623985,0.33380779623985,597.07696533203,271.14999389648
07-APR-2025,23.960477979473,8411,3C279,0.42186707258224,336600,AP-S302-F101,0.33649998903275,0.33649998903275,618.60943603516,271.14999389648
07-APR-2025,23.960477979473,8411,3C279,0.42186707258224,348600,AP-S303-F102,0.33442094922066,0.33442094922066,657.60345458984,271.14999389648
07-APR-2025,23.960477979473,8411,3C279,0.42186707258224,348600,AP-S304-F102,0.3356719315052,0.3356719315052,672.40472412109,271.14999389648
07-APR-2025,23.969644645754,8411,3C279,0.42407691478729,336600,AP-S301-F101,0.33380779623985,0.33380779623985,597.07696533203,271.14999389648
07-APR-2025,23.969644645754,8411,3C279,0.42407691478729,336600,AP-S302-F101,0.33649998903275,0.33649998903275,618.60943603516,271.14999389648
07-APR-2025,23.969644645754,8411,3C279,0.42407691478729,348600,AP-S303-F102,0.33442094922066,0.33442094922066,657.60345458984,271.14999389648
07-APR-2025,23.969644645754,8411,3C279,0.42407691478729,348600,AP-S304-F102,0.3356719315052,0.3356719315052,672.40472412109,271.14999389648
08-APR-2025,0.037839309083227,8416,M87,0.39434748888016,336600,AP-S301-F101,0.34298500418663,0.34298500418663,660.10778808594,271.25
08-APR-2025,0.037839309083227,8416,M87,0.39434748888016,336600,AP-S302-F101,0.3433381319046,0.3433381319046,676.74542236328,271.25
08-APR-2025,0.037839309083227,8416,M87,0.39434748888016,348600,AP-S303-F102,0.34107089042664,0.34107089042664,716.61047363281,271.25
08-APR-2025,0.037839309083227,8416,M87,0.39434748888016,348600,AP-S304-F102,0.34317499399185,0.34317499399185,736.80010986328,271.25
08-APR-2025,0.060755974174653,8420,M87,0.39935231208801,336600,AP-S301-F101,0.34298500418663,0.34298500418663,660.10778808594,271.25
08-APR-2025,0.060755974174653,8420,M87,0.39935231208801,336600,AP-S302-F101,0.3433381319046,0.3433381319046,676.74542236328,271.25
08-APR-2025,0.060755974174653,8420,M87,0.39935231208801,348600,AP-S303-F102,0.34107089042664,0.34107089042664,716.61047363281,271.25
08-APR-2025,0.060755974174653,8420,M87,0.39935231208801,348600,AP-S304-F102,0.34317499399185,0.34317499399185,736.80010986328,271.25
08-APR-2025,0.069922642376548,8420,M87,0.40135210752487,336600,AP-S301-F101,0.34298500418663,0.34298500418663,660.10778808594,271.25
08-APR-2025,0.069922642376548,8420,M87,0.40135210752487,336600,AP-S302-F101,0.3433381319046,0.3433381319046,676.74542236328,271.25
08-APR-2025,0.069922642376548,8420,M87,0.40135210752487,348600,AP-S303-F102,0.34107089042664,0.34107089042664,716.61047363281,271.25
08-APR-2025,0.069922642376548,8420,M87,0.40135210752487,348600,AP-S304-F102,0.34317499399185,0.34317499399185,736.80010986328,271.25
08-APR-2025,0.078811531166662,8420,M87,0.40329006314278,336600,AP-S301-F101,0.34298500418663,0.34298500418663,660.10778808594,271.25
08-APR-2025,0.078811531166662,8420,M87,0.40329006314278,336600,AP-S302-F101,0.3433381319046,0.3433381319046,676.74542236328,271.25
08-APR-2025,0.078811531166662,8420,M87,0.40329006314278,348600,AP-S303-F102,0.34107089042664,0.34107089042664,716.61047363281,271.25
08-APR-2025,0.078811531166662,8420,M87,0.40329006314278,348600,AP-S304-F102,0.34317499399185,0.34317499399185,736.80010986328,271.25
08-APR-2025,0.087978197622327,8420,M87,0.40528732538223,336600,AP-S301-F101,0.34298500418663,0.34298500418663,660.10778808594,271.25
08-APR-2025,0.087978197622327,8420,M87,0.40528732538223,336600,AP-S302-F101,0.3433381319046,0.3433381319046,676.74542236328,271.25
08-APR-2025,0.087978197622327,8420,M87,0.40528732538223,348600,AP-S303-F102,0.34107089042664,0.34107089042664,716.61047363281,271.25
08-APR-2025,0.087978197622327,8420,M87,0.40528732538223,348600,AP-S304-F102,0.34317499399185,0.34317499399185,736.80010986328,271.25
08-APR-2025,0.14811708212129,8423,M87,0.41835820674896,336600,AP-S301-F101,0.36021241545677,0.36021241545677,653.60656738281,271.14999389648
08-APR-2025,0.14811708212129,8423,M87,0.41835820674896,336600,AP-S302-F101,0.36170274019241,0.36170274019241,673.21081542969,271.14999389648
08-APR-2025,0.14811708212129,8423,M87,0.41835820674896,348600,AP-S303-F102,0.35700631141663,0.35700631141663,706.24487304688,271.14999389648
08-APR-2025,0.14811708212129,8423,M87,0.41835820674896,348600,AP-S304-F102,0.36118072271347,0.36118072271347,731.08972167969,271.14999389648
08-APR-2025,0.17770042009173,8427,M87,0.42476668953896,336600,AP-S301-F101,0.36021241545677,0.36021241545677,653.60656738281,271.14999389648
08-APR-2025,0.17770042009173,8427,M87,0.42476668953896,336600,AP-S302-F101,0.36170274019241,0.36170274019241,673.21081542969,271.14999389648
08-APR-2025,0.17770042009173,8427,M87,0.42476668953896,348600,AP-S303-F102,0.35700631141663,0.35700631141663,706.24487304688,271.14999389648
08-APR-2025,0.17770042009173,8427,M87,0.42476668953896,348600,AP-S304-F102,0.36118072271347,0.36118072271347,731.08972167969,271.14999389648
08-APR-2025,0.18658930905646,8427,M87,0.42668947577477,336600,AP-S301-F101,0.36021241545677,0.36021241545677,653.60656738281,271.14999389648
08-APR-2025,0.18658930905646,8427,M87,0.42668947577477,336600,AP-S302-F101,0.36170274019241,0.36170274019241,673.21081542969,271.14999389648
08-APR-2025,0.18658930905646,8427,M87,0.42668947577477,348600,AP-S303-F102,0.35700631141663,0.35700631141663,706.24487304688,271.14999389648
08-APR-2025,0.18658930905646,8427,M87,0.42668947577477,348600,AP-S304-F102,0.36118072271347,0.36118072271347,731.08972167969,271.14999389648
08-APR-2025,0.19575597481364,8427,M87,0.42867106199265,336600,AP-S301-F101,0.36021241545677,0.36021241545677,653.60656738281,271.14999389648
08-APR-2025,0.19575597481364,8427,M87,0.42867106199265,336600,AP-S302-F101,0.36170274019241,0.36170274019241,673.21081542969,271.14999389648
08-APR-2025,0.19575597481364,8427,M87,0.42867106199265,348600,AP-S303-F102,0.35700631141663,0.35700631141663,706.24487304688,271.14999389648
08-APR-2025,0.19575597481364,8427,M87,0.42867106199265,348600,AP-S304-F102,0.36118072271347,0.36118072271347,731.08972167969,271.14999389648
08-APR-2025,0.20464486360375,8427,M87,0.43059122562408,336600,AP-S301-F101,0.36021241545677,0.36021241545677,653.60656738281,271.14999389648
08-APR-2025,0.20464486360375,8427,M87,0.43059122562408,336600,AP-S302-F101,0.36170274019241,0.36170274019241,673.21081542969,271.14999389648
08-APR-2025,0.20464486360375,8427,M87,0.43059122562408,348600,AP-S303-F102,0.35700631141663,0.35700631141663,706.24487304688,271.14999389648
08-APR-2025,0.20464486360375,8427,M87,0.43059122562408,348600,AP-S304-F102,0.36118072271347,0.36118072271347,731.08972167969,271.14999389648
08-APR-2025,0.36089485775292,8432,3C279,0.51822173595428,336600,AP-S301-F101,0.36935210227966,0.36935210227966,533.3037109375,269.25
08-APR-2025,0.36089485775292,8432,3C279,0.51822173595428,336600,AP-S302-F101,0.37098929286003,0.37098929286003,549.52844238281,269.25
08-APR-2025,0.36089485775292,8432,3C279,0.51822173595428,348600,AP-S303-F102,0.36740857362747,0.36740857362747,582.26531982422,269.25
08-APR-2025,0.36089485775292,8432,3C279,0.51822173595428,348600,AP-S304-F102,0.37076506018639,0.37076506018639,600.47979736328,269.25
08-APR-2025,0.37714485852185,8436,3C279,0.52212262153625,336600,AP-S301-F101,0.36935210227966,0.36935210227966,533.3037109375,269.25
08-APR-2025,0.37714485852185,8436,3C279,0.52212262153625,336600,AP-S302-F101,0.37098929286003,0.37098929286003,549.52844238281,269.25
08-APR-2025,0.37714485852185,8436,3C279,0.52212262153625,348600,AP-S303-F102,0.36740857362747,0.36740857362747,582.26531982422,269.25
08-APR-2025,0.37714485852185,8436,3C279,0.52212262153625,348600,AP-S304-F102,0.37076506018639,0.37076506018639,600.47979736328,269.25
08-APR-2025,0.38603374835971,8436,3C279,0.52425622940063,336600,AP-S301-F101,0.36935210227966,0.36935210227966,533.3037109375,269.25
08-APR-2025,0.38603374835971,8436,3C279,0.52425622940063,336600,AP-S302-F101,0.37098929286003,0.37098929286003,549.52844238281,269.25
08-APR-2025,0.38603374835971,8436,3C279,0.52425622940063,348600,AP-S303-F102,0.36740857362747,0.36740857362747,582.26531982422,269.25
08-APR-2025,0.38603374835971,8436,3C279,0.52425622940063,348600,AP-S304-F102,0.37076506018639,0.37076506018639,600.47979736328,269.25
08-APR-2025,0.39520041568849,8436,3C279,0.52645611763,336600,AP-S301-F101,0.36935210227966,0.36935210227966,533.3037109375,269.25
08-APR-2025,0.39520041568849,8436,3C279,0.52645611763,336600,AP-S302-F101,0.37098929286003,0.37098929286003,549.52844238281,269.25
08-APR-2025,0.39520041568849,8436,3C279,0.52645611763,348600,AP-S303-F102,0.36740857362747,0.36740857362747,582.26531982422,269.25
08-APR-2025,0.39520041568849,8436,3C279,0.52645611763,348600,AP-S304-F102,0.37076506018639,0.37076506018639,600.47979736328,269.25
08-APR-2025,0.45339486159265,8441,3C273,0.58579820394516,336600,AP-S301-F101,0.37531018257141,0.37531018257141,481.41098022461,268.85000610352
08-APR-2025,0.45339486159265,8441,3C273,0.58579820394516,336600,AP-S302-F101,0.37494963407516,0.37494963407516,493.75213623047,268.85000610352
08-APR-2025,0.45339486159265,8441,3C273,0.58579820394516,348600,AP-S303-F102,0.37337905168533,0.37337905168533,526.14141845703,268.85000610352
08-APR-2025,0.45339486159265,8441,3C273,0.58579820394516,348600,AP-S304-F102,0.3751834332943,0.3751834332943,540.21447753906,268.85000610352
08-APR-2025,0.47770041728193,8445,3C273,0.59134864807129,336600,AP-S301-F101,0.37531018257141,0.37531018257141,481.41098022461,268.85000610352
08-APR-2025,0.47770041728193,8445,3C273,0.59134864807129,336600,AP-S302-F101,0.37494963407516,0.37494963407516,493.75213623047,268.85000610352
08-APR-2025,0.47770041728193,8445,3C273,0.59134864807129,348600,AP-S303-F102,0.37337905168533,0.37337905168533,526.14141845703,268.85000610352
08-APR-2025,0.47770041728193,8445,3C273,0.59134864807129,348600,AP-S304-F102,0.3751834332943,0.3751834332943,540.21447753906,268.85000610352
08-APR-2025,0.4871448594823,8445,3C273,0.59350341558456,336600,AP-S301-F101,0.37531018257141,0.37531018257141,481.41098022461,268.85000610352
08-APR-2025,0.4871448594823,8445,3C273,0.59350341558456,336600,AP-S302-F101,0.37494963407516,0.37494963407516,493.75213623047,268.85000610352
08-APR-2025,0.4871448594823,8445,3C273,0.59350341558456,348600,AP-S303-F102,0.37337905168533,0.37337905168533,526.14141845703,268.85000610352
08-APR-2025,0.4871448594823,8445,3C273,0.59350341558456,348600,AP-S304-F102,0.3751834332943,0.3751834332943,540.21447753906,268.85000610352
08-APR-2025,0.49658930552437,8445,3C273,0.59565705060959,336600,AP-S301-F101,0.37531018257141,0.37531018257141,481.41098022461,268.85000610352
08-APR-2025,0.49658930552437,8445,3C273,0.59565705060959,336600,AP-S302-F101,0.37494963407516,0.37494963407516,493.75213623047,268.85000610352
08-APR-2025,0.49658930552437,8445,3C273,0.59565705060959,348600,AP-S303-F102,0.37337905168533,0.37337905168533,526.14141845703,268.85000610352
08-APR-2025,0.49658930552437,8445,3C273,0.59565705060959,348600,AP-S304-F102,0.3751834332943,0.3751834332943,540.21447753906,268.85000610352
08-APR-2025,0.55450597288987,8450,M87,0.50505840778351,336600,AP-S301-F101,0.37671610713005,0.37671610713005,558.21350097656,268.54998779297
08-APR-2025,0.55450597288987,8450,M87,0.50505840778351,336600,AP-S302-F101,0.37570104002953,0.37570104002953,570.02368164062,268.54998779297
08-APR-2025,0.55450597288987,8450,M87,0.50505840778351,348600,AP-S303-F102,0.37584888935089,0.37584888935089,610.70874023438,268.54998779297
08-APR-2025,0.55450597288987,8450,M87,0.50505840778351,348600,AP-S304-F102,0.37562575936317,0.37562575936317,622.53918457031,268.54998779297
08-APR-2025,0.57770041477373,8454,M87,0.50991261005402,336600,AP-S301-F101,0.37671610713005,0.37671610713005,558.21350097656,268.54998779297
08-APR-2025,0.57770041477373,8454,M87,0.50991261005402,336600,AP-S302-F101,0.37570104002953,0.37570104002953,570.02368164062,268.54998779297
08-APR-2025,0.57770041477373,8454,M87,0.50991261005402,348600,AP-S303-F102,0.37584888935089,0.37584888935089,610.70874023438,268.54998779297
08-APR-2025,0.57770041477373,8454,M87,0.50991261005402,348600,AP-S304-F102,0.37562575936317,0.37562575936317,622.53918457031,268.54998779297
08-APR-2025,0.58658930496083,8454,M87,0.51176995038986,336600,AP-S301-F101,0.37671610713005,0.37671610713005,558.21350097656,268.54998779297
08-APR-2025,0.58658930496083,8454,M87,0.51176995038986,336600,AP-S302-F101,0.37570104002953,0.37570104002953,570.02368164062,268.54998779297
08-APR-2025,0.58658930496083,8454,M87,0.51176995038986,348600,AP-S303-F102,0.37584888935089,0.37584888935089,610.70874023438,268.54998779297
08-APR-2025,0.58658930496083,8454,M87,0.51176995038986,348600,AP-S304-F102,0.37562575936317,0.37562575936317,622.53918457031,268.54998779297
08-APR-2025,0.59575597124187,8454,M87,0.51368361711502,336600,AP-S301-F101,0.37671610713005,0.37671610713005,558.21350097656,268.54998779297
08-APR-2025,0.59575597124187,8454,M87,0.51368361711502,336600,AP-S302-F101,0.37570104002953,0.37570104002953,570.02368164062,268.54998779297
08-APR-2025,0.59575597124187,8454,M87,0.51368361711502,348600,AP-S303-F102,0.37584888935089,0.37584888935089,610.70874023438,268.54998779297
08-APR-2025,0.59575597124187,8454,M87,0.51368361711502,348600,AP-S304-F102,0.37562575936317,0.37562575936317,622.53918457031,268.54998779297
08-APR-2025,0.60492263699904,8454,M87,0.51559567451477,336600,AP-S301-F101,0.37671610713005,0.37671610713005,558.21350097656,268.54998779297
08-APR-2025,0.60492263699904,8454,M87,0.51559567451477,336600,AP-S302-F101,0.37570104002953,0.37570104002953,570.02368164062,268.54998779297
08-APR-2025,0.60492263699904,8454,M87,0.51559567451477,348600,AP-S303-F102,0.37584888935089,0.37584888935089,610.70874023438,268.54998779297
08-APR-2025,0.60492263699904,8454,M87,0.51559567451477,348600,AP-S304-F102,0.37562575936317,0.37562575936317,622.53918457031,268.54998779297
08-APR-2025,0.71089486023738,8459,OJ287,0.81443423032761,336600,AP-S301-F101,0.38590526580811,0.38590526580811,379.14932250977,268.54998779297
08-APR-2025,0.71089486023738,8459,OJ287,0.81443423032761,336600,AP-S302-F101,0.38722345232964,0.38722345232964,392.33749389648,268.54998779297
08-APR-2025,0.71089486023738,8459,OJ287,0.81443423032761,348600,AP-S303-F102,0.38558891415596,0.38558891415596,419.78167724609,268.54998779297
08-APR-2025,0.71089486023738,8459,OJ287,0.81443423032761,348600,AP-S304-F102,0.38864865899086,0.38864865899086,432.27749633789,268.54998779297
08-APR-2025,0.7279781919075,8463,OJ287,0.81389236450195,336600,AP-S301-F101,0.38590526580811,0.38590526580811,379.14932250977,268.54998779297
08-APR-2025,0.7279781919075,8463,OJ287,0.81389236450195,336600,AP-S302-F101,0.38722345232964,0.38722345232964,392.33749389648,268.54998779297
08-APR-2025,0.7279781919075,8463,OJ287,0.81389236450195,348600,AP-S303-F102,0.38558891415596,0.38558891415596,419.78167724609,268.54998779297
08-APR-2025,0.7279781919075,8463,OJ287,0.81389236450195,348600,AP-S304-F102,0.38864865899086,0.38864865899086,432.27749633789,268.54998779297
08-APR-2025,0.73686707964988,8463,OJ287,0.81360065937042,336600,AP-S301-F101,0.38590526580811,0.38590526580811,379.14932250977,268.54998779297
08-APR-2025,0.73686707964988,8463,OJ287,0.81360065937042,336600,AP-S302-F101,0.38722345232964,0.38722345232964,392.33749389648,268.54998779297
08-APR-2025,0.73686707964988,8463,OJ287,0.81360065937042,348600,AP-S303-F102,0.38558891415596,0.38558891415596,419.78167724609,268.54998779297
08-APR-2025,0.73686707964988,8463,OJ287,0.81360065937042,348600,AP-S304-F102,0.38864865899086,0.38864865899086,432.27749633789,268.54998779297
08-APR-2025,0.93006168597306,8472,3C279,0.65421372652054,336600,AP-S301-F101,0,0,0,0
08-APR-2025,0.93006168597306,8472,3C279,0.65421372652054,336600,AP-S302-F101,0,0,0,0
08-APR-2025,0.93006168597306,8472,3C279,0.65421372652054,348600,AP-S303-F102,0,0,0,0
08-APR-2025,0.93006168597306,8472,3C279,0.65421372652054,348600,AP-S304-F102,0,0,0,0
08-APR-2025,0.94325613137319,8476,3C279,0.65734678506851,336600,AP-S301-F101,0,0,0,0
08-APR-2025,0.94325613137319,8476,3C279,0.65734678506851,336600,AP-S302-F101,0,0,0,0
08-APR-2025,0.94325613137319,8476,3C279,0.65734678506851,348600,AP-S303-F102,0,0,0,0
08-APR-2025,0.94325613137319,8476,3C279,0.65734678506851,348600,AP-S304-F102,0,0,0,0
08-APR-2025,0.95242279782885,8476,3C279,0.65952295064926,336600,AP-S301-F101,0,0,0,0
08-APR-2025,0.95242279782885,8476,3C279,0.65952295064926,336600,AP-S302-F101,0,0,0,0
08-APR-2025,0.95242279782885,8476,3C279,0.65952295064926,348600,AP-S303-F102,0,0,0,0
08-APR-2025,0.95242279782885,8476,3C279,0.65952295064926,348600,AP-S304-F102,0,0,0,0
08-APR-2025,0.96158946358603,8476,3C279,0.66169852018356,336600,AP-S301-F101,0,0,0,0
08-APR-2025,0.96158946358603,8476,3C279,0.66169852018356,336600,AP-S302-F101,0,0,0,0
08-APR-2025,0.96158946358603,8476,3C279,0.66169852018356,348600,AP-S303-F102,0,0,0,0
08-APR-2025,0.96158946358603,8476,3C279,0.66169852018356,348600,AP-S304-F102,0,0,0,0
08-APR-2025,10.111123326089,8988,SGRA,1.3275315761566,336600,AP-S301-F101,0,0,0,0
08-APR-2025,10.111123326089,8988,SGRA,1.3275315761566,336600,AP-S302-F101,0,0,0,0
08-APR-2025,10.111123326089,8988,SGRA,1.3275315761566,348600,AP-S303-F102,0,0,0,0
08-APR-2025,10.111123326089,8988,SGRA,1.3275315761566,348600,AP-S304-F102,0,0,0,0
08-APR-2025,10.12820665741,8992,SGRA,1.3238973617554,336600,AP-S301-F101,0,0,0,0
08-APR-2025,10.12820665741,8992,SGRA,1.3238973617554,336600,AP-S302-F101,0,0,0,0
08-APR-2025,10.12820665741,8992,SGRA,1.3238973617554,348600,AP-S303-F102,0,0,0,0
08-APR-2025,10.12820665741,8992,SGRA,1.3238973617554,348600,AP-S304-F102,0,0,0,0
08-APR-2025,10.137095546724,8992,SGRA,1.3220019340515,336600,AP-S301-F101,0,0,0,0
08-APR-2025,10.137095546724,8992,SGRA,1.3220019340515,336600,AP-S302-F101,0,0,0,0
08-APR-2025,10.137095546724,8992,SGRA,1.3220019340515,348600,AP-S303-F102,0,0,0,0
08-APR-2025,10.137095546724,8992,SGRA,1.3220019340515,348600,AP-S304-F102,0,0,0,0
08-APR-2025,10.145984435339,8992,SGRA,1.3201034069061,336600,AP-S301-F101,0,0,0,0
08-APR-2025,10.145984435339,8992,SGRA,1.3201034069061,336600,AP-S302-F101,0,0,0,0
08-APR-2025,10.145984435339,8992,SGRA,1.3201034069061,348600,AP-S303-F102,0,0,0,0
08-APR-2025,10.145984435339,8992,SGRA,1.3201034069061,348600,AP-S304-F102,0,0,0,0
08-APR-2025,10.15487332413,8992,SGRA,1.3182018995285,336600,AP-S301-F101,0,0,0,0
08-APR-2025,10.15487332413,8992,SGRA,1.3182018995285,336600,AP-S302-F101,0,0,0,0
08-APR-2025,10.15487332413,8992,SGRA,1.3182018995285,348600,AP-S303-F102,0,0,0,0
08-APR-2025,10.15487332413,8992,SGRA,1.3182018995285,348600,AP-S304-F102,0,0,0,0
08-APR-2025,10.163762212745,8992,SGRA,1.3162974119186,336600,AP-S301-F101,0,0,0,0
08-APR-2025,10.163762212745,8992,SGRA,1.3162974119186,336600,AP-S302-F101,0,0,0,0
08-APR-2025,10.163762212745,8992,SGRA,1.3162974119186,348600,AP-S303-F102,0,0,0,0
08-APR-2025,10.163762212745,8992,SGRA,1.3162974119186,348600,AP-S304-F102,0,0,0,0
08-APR-2025,10.17265110171,8992,SGRA,1.3143900632858,336600,AP-S301-F101,0,0,0,0
08-APR-2025,10.17265110171,8992,SGRA,1.3143900632858,336600,AP-S302-F101,0,0,0,0
08-APR-2025,10.17265110171,8992,SGRA,1.3143900632858,348600,AP-S303-F102,0,0,0,0
08-APR-2025,10.17265110171,8992,SGRA,1.3143900632858,348600,AP-S304-F102,0,0,0,0
08-APR-2025,10.1815399905,8992,SGRA,1.3124798536301,336600,AP-S301-F101,0,0,0,0
08-APR-2025,10.1815399905,8992,SGRA,1.3124798536301,336600,AP-S302-F101,0,0,0,0
08-APR-2025,10.1815399905,8992,SGRA,1.3124798536301,348600,AP-S303-F102,0,0,0,0
08-APR-2025,10.1815399905,8992,SGRA,1.3124798536301,348600,AP-S304-F102,0,0,0,0
08-APR-2025,10.190428879115,8992,SGRA,1.3105670213699,336600,AP-S301-F101,0,0,0,0
08-APR-2025,10.190428879115,8992,SGRA,1.3105670213699,336600,AP-S302-F101,0,0,0,0
08-APR-2025,10.190428879115,8992,SGRA,1.3105670213699,348600,AP-S303-F102,0,0,0,0
08-APR-2025,10.190428879115,8992,SGRA,1.3105670213699,348600,AP-S304-F102,0,0,0,0
08-APR-2025,1.0197839073947,8481,M87,0.60011661052704,336600,AP-S301-F101,0.32868784666061,0.32868784666061,412.77197265625,268.45001220703
08-APR-2025,1.0197839073947,8481,M87,0.60011661052704,336600,AP-S302-F101,0.33106410503387,0.33106410503387,429.31341552734,268.45001220703
08-APR-2025,1.0197839073947,8481,M87,0.60011661052704,348600,AP-S303-F102,0.32961133122444,0.32961133122444,460.099609375,268.45001220703
08-APR-2025,1.0197839073947,8481,M87,0.60011661052704,348600,AP-S304-F102,0.33102881908417,0.33102881908417,471.20776367187,268.45001220703
08-APR-2025,10.20098443128,8992,SGRA,1.3082920312881,336600,AP-S301-F101,0,0,0,0
08-APR-2025,10.20098443128,8992,SGRA,1.3082920312881,336600,AP-S302-F101,0,0,0,0
08-APR-2025,10.20098443128,8992,SGRA,1.3082920312881,348600,AP-S303-F102,0,0,0,0
08-APR-2025,10.20098443128,8992,SGRA,1.3082920312881,348600,AP-S304-F102,0,0,0,0
08-APR-2025,10.209873320244,8992,SGRA,1.3063734769821,336600,AP-S301-F101,0,0,0,0
08-APR-2025,10.209873320244,8992,SGRA,1.3063734769821,336600,AP-S302-F101,0,0,0,0
08-APR-2025,10.209873320244,8992,SGRA,1.3063734769821,348600,AP-S303-F102,0,0,0,0
08-APR-2025,10.209873320244,8992,SGRA,1.3063734769821,348600,AP-S304-F102,0,0,0,0
08-APR-2025,10.218762208685,8992,SGRA,1.3044521808624,336600,AP-S301-F101,0,0,0,0
08-APR-2025,10.218762208685,8992,SGRA,1.3044521808624,336600,AP-S302-F101,0,0,0,0
08-APR-2025,10.218762208685,8992,SGRA,1.3044521808624,348600,AP-S303-F102,0,0,0,0
08-APR-2025,10.218762208685,8992,SGRA,1.3044521808624,348600,AP-S304-F102,0,0,0,0
08-APR-2025,10.227928876887,8992,SGRA,1.3024682998657,336600,AP-S301-F101,0,0,0,0
08-APR-2025,10.227928876887,8992,SGRA,1.3024682998657,336600,AP-S302-F101,0,0,0,0
08-APR-2025,10.227928876887,8992,SGRA,1.3024682998657,348600,AP-S303-F102,0,0,0,0
08-APR-2025,10.227928876887,8992,SGRA,1.3024682998657,348600,AP-S304-F102,0,0,0,0
08-APR-2025,10.236817765852,8992,SGRA,1.3005421161652,336600,AP-S301-F101,0,0,0,0
08-APR-2025,10.236817765852,8992,SGRA,1.3005421161652,336600,AP-S302-F101,0,0,0,0
08-APR-2025,10.236817765852,8992,SGRA,1.3005421161652,348600,AP-S303-F102,0,0,0,0
08-APR-2025,10.236817765852,8992,SGRA,1.3005421161652,348600,AP-S304-F102,0,0,0,0
08-APR-2025,10.245706654991,8992,SGRA,1.2986135482788,336600,AP-S301-F101,0,0,0,0
08-APR-2025,10.245706654991,8992,SGRA,1.2986135482788,336600,AP-S302-F101,0,0,0,0
08-APR-2025,10.245706654991,8992,SGRA,1.2986135482788,348600,AP-S303-F102,0,0,0,0
08-APR-2025,10.245706654991,8992,SGRA,1.2986135482788,348600,AP-S304-F102,0,0,0,0
08-APR-2025,10.254595543432,8992,SGRA,1.296682715416,336600,AP-S301-F101,0,0,0,0
08-APR-2025,10.254595543432,8992,SGRA,1.296682715416,336600,AP-S302-F101,0,0,0,0
08-APR-2025,10.254595543432,8992,SGRA,1.296682715416,348600,AP-S303-F102,0,0,0,0
08-APR-2025,10.254595543432,8992,SGRA,1.296682715416,348600,AP-S304-F102,0,0,0,0
08-APR-2025,1.0440894623855,8485,M87,0.60493493080139,336600,AP-S301-F101,0.32868784666061,0.32868784666061,412.77197265625,268.45001220703
08-APR-2025,1.0440894623855,8485,M87,0.60493493080139,336600,AP-S302-F101,0.33106410503387,0.33106410503387,429.31341552734,268.45001220703
08-APR-2025,1.0440894623855,8485,M87,0.60493493080139,348600,AP-S303-F102,0.32961133122444,0.32961133122444,460.099609375,268.45001220703
08-APR-2025,1.0440894623855,8485,M87,0.60493493080139,348600,AP-S304-F102,0.33102881908417,0.33102881908417,471.20776367187,268.45001220703
08-APR-2025,10.477234433699,8997,J1924-2914,1.4348659515381,336600,AP-S301-F101,0.18190440535545,0.18190440535545,194.69525146484,269.85000610352
08-APR-2025,10.477234433699,8997,J1924-2914,1.4348659515381,336600,AP-S302-F101,0.18580827116966,0.18580827116966,207.12953186035,269.85000610352
08-APR-2025,10.477234433699,8997,J1924-2914,1.4348659515381,348600,AP-S303-F102,0.18817874789238,0.18817874789238,225.25259399414,269.85000610352
08-APR-2025,10.477234433699,8997,J1924-2914,1.4348659515381,348600,AP-S304-F102,0.19098150730133,0.19098150730133,236.59759521484,269.85000610352
08-APR-2025,10.494595541114,9001,J1924-2914,1.4373095035553,336600,AP-S301-F101,0.18190440535545,0.18190440535545,194.69525146484,269.85000610352
08-APR-2025,10.494595541114,9001,J1924-2914,1.4373095035553,336600,AP-S302-F101,0.18580827116966,0.18580827116966,207.12953186035,269.85000610352
08-APR-2025,10.494595541114,9001,J1924-2914,1.4373095035553,348600,AP-S303-F102,0.18817874789238,0.18817874789238,225.25259399414,269.85000610352
08-APR-2025,10.494595541114,9001,J1924-2914,1.4373095035553,348600,AP-S304-F102,0.19098150730133,0.19098150730133,236.59759521484,269.85000610352
08-APR-2025,10.503484430079,9001,J1924-2914,1.4385294914246,336600,AP-S301-F101,0.18190440535545,0.18190440535545,194.69525146484,269.85000610352
08-APR-2025,10.503484430079,9001,J1924-2914,1.4385294914246,336600,AP-S302-F101,0.18580827116966,0.18580827116966,207.12953186035,269.85000610352
08-APR-2025,10.503484430079,9001,J1924-2914,1.4385294914246,348600,AP-S303-F102,0.18817874789238,0.18817874789238,225.25259399414,269.85000610352
08-APR-2025,10.503484430079,9001,J1924-2914,1.4385294914246,348600,AP-S304-F102,0.19098150730133,0.19098150730133,236.59759521484,269.85000610352
08-APR-2025,10.512373319044,9001,J1924-2914,1.4397275447845,336600,AP-S301-F101,0.18190440535545,0.18190440535545,194.69525146484,269.85000610352
08-APR-2025,10.512373319044,9001,J1924-2914,1.4397275447845,336600,AP-S302-F101,0.18580827116966,0.18580827116966,207.12953186035,269.85000610352
08-APR-2025,10.512373319044,9001,J1924-2914,1.4397275447845,348600,AP-S303-F102,0.18817874789238,0.18817874789238,225.25259399414,269.85000610352
08-APR-2025,10.512373319044,9001,J1924-2914,1.4397275447845,348600,AP-S304-F102,0.19098150730133,0.19098150730133,236.59759521484,269.85000610352
08-APR-2025,10.521262207834,9001,J1924-2914,1.4409027099609,336600,AP-S301-F101,0.18190440535545,0.18190440535545,194.69525146484,269.85000610352
08-APR-2025,10.521262207834,9001,J1924-2914,1.4409027099609,336600,AP-S302-F101,0.18580827116966,0.18580827116966,207.12953186035,269.85000610352
08-APR-2025,10.521262207834,9001,J1924-2914,1.4409027099609,348600,AP-S303-F102,0.18817874789238,0.18817874789238,225.25259399414,269.85000610352
08-APR-2025,10.521262207834,9001,J1924-2914,1.4409027099609,348600,AP-S304-F102,0.19098150730133,0.19098150730133,236.59759521484,269.85000610352
08-APR-2025,1.0529783511756,8485,M87,0.60669296979904,336600,AP-S301-F101,0.32868784666061,0.32868784666061,412.77197265625,268.45001220703
08-APR-2025,1.0529783511756,8485,M87,0.60669296979904,336600,AP-S302-F101,0.33106410503387,0.33106410503387,429.31341552734,268.45001220703
08-APR-2025,1.0529783511756,8485,M87,0.60669296979904,348600,AP-S303-F102,0.32961133122444,0.32961133122444,460.099609375,268.45001220703
08-APR-2025,1.0529783511756,8485,M87,0.60669296979904,348600,AP-S304-F102,0.33102881908417,0.33102881908417,471.20776367187,268.45001220703
08-APR-2025,10.530151096449,9001,J1924-2914,1.4420546293259,336600,AP-S301-F101,0.18190440535545,0.18190440535545,194.69525146484,269.85000610352
08-APR-2025,10.530151096449,9001,J1924-2914,1.4420546293259,336600,AP-S302-F101,0.18580827116966,0.18580827116966,207.12953186035,269.85000610352
08-APR-2025,10.530151096449,9001,J1924-2914,1.4420546293259,348600,AP-S303-F102,0.18817874789238,0.18817874789238,225.25259399414,269.85000610352
08-APR-2025,10.530151096449,9001,J1924-2914,1.4420546293259,348600,AP-S304-F102,0.19098150730133,0.19098150730133,236.59759521484,269.85000610352
08-APR-2025,1.0618672397911,8485,M87,0.60844874382019,336600,AP-S301-F101,0.32868784666061,0.32868784666061,412.77197265625,268.45001220703
08-APR-2025,1.0618672397911,8485,M87,0.60844874382019,336600,AP-S302-F101,0.33106410503387,0.33106410503387,429.31341552734,268.45001220703
08-APR-2025,1.0618672397911,8485,M87,0.60844874382019,348600,AP-S303-F102,0.32961133122444,0.32961133122444,460.099609375,268.45001220703
08-APR-2025,1.0618672397911,8485,M87,0.60844874382019,348600,AP-S304-F102,0.33102881908417,0.33102881908417,471.20776367187,268.45001220703
08-APR-2025,10.693901096823,9006,SGRA,1.1991760730743,336600,AP-S301-F101,0.16565200686455,0.16565200686455,191.47969055176,270.14999389648
08-APR-2025,10.693901096823,9006,SGRA,1.1991760730743,336600,AP-S302-F101,0.16656829416752,0.16656829416752,202.95176696777,270.14999389648
08-APR-2025,10.693901096823,9006,SGRA,1.1991760730743,348600,AP-S303-F102,0.17059329152107,0.17059329152107,222.10842895508,270.14999389648
08-APR-2025,10.693901096823,9006,SGRA,1.1991760730743,348600,AP-S304-F102,0.17145852744579,0.17145852744579,231.99356079102,270.14999389648
08-APR-2025,1.0707561285812,8485,M87,0.61020237207413,336600,AP-S301-F101,0.32868784666061,0.32868784666061,412.77197265625,268.45001220703
08-APR-2025,1.0707561285812,8485,M87,0.61020237207413,336600,AP-S302-F101,0.33106410503387,0.33106410503387,429.31341552734,268.45001220703
08-APR-2025,1.0707561285812,8485,M87,0.61020237207413,348600,AP-S303-F102,0.32961133122444,0.32961133122444,460.099609375,268.45001220703
08-APR-2025,1.0707561285812,8485,M87,0.61020237207413,348600,AP-S304-F102,0.33102881908417,0.33102881908417,471.20776367187,268.45001220703
08-APR-2025,10.711262206334,9010,SGRA,1.1952636241913,336600,AP-S301-F101,0.16565200686455,0.16565200686455,191.47969055176,270.14999389648
08-APR-2025,10.711262206334,9010,SGRA,1.1952636241913,336600,AP-S302-F101,0.16656829416752,0.16656829416752,202.95176696777,270.14999389648
08-APR-2025,10.711262206334,9010,SGRA,1.1952636241913,348600,AP-S303-F102,0.17059329152107,0.17059329152107,222.10842895508,270.14999389648
08-APR-2025,10.711262206334,9010,SGRA,1.1952636241913,348600,AP-S304-F102,0.17145852744579,0.17145852744579,231.99356079102,270.14999389648
08-APR-2025,10.720151094949,9010,SGRA,1.1932593584061,336600,AP-S301-F101,0.16565200686455,0.16565200686455,191.47969055176,270.14999389648
08-APR-2025,10.720151094949,9010,SGRA,1.1932593584061,336600,AP-S302-F101,0.16656829416752,0.16656829416752,202.95176696777,270.14999389648
08-APR-2025,10.720151094949,9010,SGRA,1.1932593584061,348600,AP-S303-F102,0.17059329152107,0.17059329152107,222.10842895508,270.14999389648
08-APR-2025,10.720151094949,9010,SGRA,1.1932593584061,348600,AP-S304-F102,0.17145852744579,0.17145852744579,231.99356079102,270.14999389648
08-APR-2025,10.729039983914,9010,SGRA,1.1912541389465,336600,AP-S301-F101,0.16565200686455,0.16565200686455,191.47969055176,270.14999389648
08-APR-2025,10.729039983914,9010,SGRA,1.1912541389465,336600,AP-S302-F101,0.16656829416752,0.16656829416752,202.95176696777,270.14999389648
08-APR-2025,10.729039983914,9010,SGRA,1.1912541389465,348600,AP-S303-F102,0.17059329152107,0.17059329152107,222.10842895508,270.14999389648
08-APR-2025,10.729039983914,9010,SGRA,1.1912541389465,348600,AP-S304-F102,0.17145852744579,0.17145852744579,231.99356079102,270.14999389648
08-APR-2025,10.737928872355,9010,SGRA,1.1892482042313,336600,AP-S301-F101,0.16565200686455,0.16565200686455,191.47969055176,270.14999389648
08-APR-2025,10.737928872355,9010,SGRA,1.1892482042313,336600,AP-S302-F101,0.16656829416752,0.16656829416752,202.95176696777,270.14999389648
08-APR-2025,10.737928872355,9010,SGRA,1.1892482042313,348600,AP-S303-F102,0.17059329152107,0.17059329152107,222.10842895508,270.14999389648
08-APR-2025,10.737928872355,9010,SGRA,1.1892482042313,348600,AP-S304-F102,0.17145852744579,0.17145852744579,231.99356079102,270.14999389648
08-APR-2025,10.74681776132,9010,SGRA,1.1872415542603,336600,AP-S301-F101,0.16565200686455,0.16565200686455,191.47969055176,270.14999389648
08-APR-2025,10.74681776132,9010,SGRA,1.1872415542603,336600,AP-S302-F101,0.16656829416752,0.16656829416752,202.95176696777,270.14999389648
08-APR-2025,10.74681776132,9010,SGRA,1.1872415542603,348600,AP-S303-F102,0.17059329152107,0.17059329152107,222.10842895508,270.14999389648
08-APR-2025,10.74681776132,9010,SGRA,1.1872415542603,348600,AP-S304-F102,0.17145852744579,0.17145852744579,231.99356079102,270.14999389648
08-APR-2025,10.75570665011,9010,SGRA,1.1852340698242,336600,AP-S301-F101,0.16565200686455,0.16565200686455,191.47969055176,270.14999389648
08-APR-2025,10.75570665011,9010,SGRA,1.1852340698242,336600,AP-S302-F101,0.16656829416752,0.16656829416752,202.95176696777,270.14999389648
08-APR-2025,10.75570665011,9010,SGRA,1.1852340698242,348600,AP-S303-F102,0.17059329152107,0.17059329152107,222.10842895508,270.14999389648
08-APR-2025,10.75570665011,9010,SGRA,1.1852340698242,348600,AP-S304-F102,0.17145852744579,0.17145852744579,231.99356079102,270.14999389648
08-APR-2025,10.764595538725,9010,SGRA,1.1832258701324,336600,AP-S301-F101,0.16565200686455,0.16565200686455,191.47969055176,270.14999389648
08-APR-2025,10.764595538725,9010,SGRA,1.1832258701324,336600,AP-S302-F101,0.16656829416752,0.16656829416752,202.95176696777,270.14999389648
08-APR-2025,10.764595538725,9010,SGRA,1.1832258701324,348600,AP-S303-F102,0.17059329152107,0.17059329152107,222.10842895508,270.14999389648
08-APR-2025,10.764595538725,9010,SGRA,1.1832258701324,348600,AP-S304-F102,0.17145852744579,0.17145852744579,231.99356079102,270.14999389648
08-APR-2025,10.7737622078,9010,SGRA,1.1811542510986,336600,AP-S301-F101,0.16565200686455,0.16565200686455,191.47969055176,270.14999389648
08-APR-2025,10.7737622078,9010,SGRA,1.1811542510986,336600,AP-S302-F101,0.16656829416752,0.16656829416752,202.95176696777,270.14999389648
08-APR-2025,10.7737622078,9010,SGRA,1.1811542510986,348600,AP-S303-F102,0.17059329152107,0.17059329152107,222.10842895508,270.14999389648
08-APR-2025,10.7737622078,9010,SGRA,1.1811542510986,348600,AP-S304-F102,0.17145852744579,0.17145852744579,231.99356079102,270.14999389648
08-APR-2025,10.784595541122,9010,SGRA,1.1787048578262,336600,AP-S301-F101,0.16565200686455,0.16565200686455,191.47969055176,270.14999389648
08-APR-2025,10.784595541122,9010,SGRA,1.1787048578262,336600,AP-S302-F101,0.16656829416752,0.16656829416752,202.95176696777,270.14999389648
08-APR-2025,10.784595541122,9010,SGRA,1.1787048578262,348600,AP-S303-F102,0.17059329152107,0.17059329152107,222.10842895508,270.14999389648
08-APR-2025,10.784595541122,9010,SGRA,1.1787048578262,348600,AP-S304-F102,0.17145852744579,0.17145852744579,231.99356079102,270.14999389648
08-APR-2025,10.793484430087,9010,SGRA,1.176694393158,336600,AP-S301-F101,0.16565200686455,0.16565200686455,191.47969055176,270.14999389648
08-APR-2025,10.793484430087,9010,SGRA,1.176694393158,336600,AP-S302-F101,0.16656829416752,0.16656829416752,202.95176696777,270.14999389648
08-APR-2025,10.793484430087,9010,SGRA,1.176694393158,348600,AP-S303-F102,0.17059329152107,0.17059329152107,222.10842895508,270.14999389648
08-APR-2025,10.793484430087,9010,SGRA,1.176694393158,348600,AP-S304-F102,0.17145852744579,0.17145852744579,231.99356079102,270.14999389648
08-APR-2025,10.802373319226,9010,SGRA,1.1746832132339,336600,AP-S301-F101,0.16565200686455,0.16565200686455,191.47969055176,270.14999389648
08-APR-2025,10.802373319226,9010,SGRA,1.1746832132339,336600,AP-S302-F101,0.16656829416752,0.16656829416752,202.95176696777,270.14999389648
08-APR-2025,10.802373319226,9010,SGRA,1.1746832132339,348600,AP-S303-F102,0.17059329152107,0.17059329152107,222.10842895508,270.14999389648
08-APR-2025,10.802373319226,9010,SGRA,1.1746832132339,348600,AP-S304-F102,0.17145852744579,0.17145852744579,231.99356079102,270.14999389648
08-APR-2025,10.811262207667,9010,SGRA,1.1726713180542,336600,AP-S301-F101,0.16565200686455,0.16565200686455,191.47969055176,270.14999389648
08-APR-2025,10.811262207667,9010,SGRA,1.1726713180542,336600,AP-S302-F101,0.16656829416752,0.16656829416752,202.95176696777,270.14999389648
08-APR-2025,10.811262207667,9010,SGRA,1.1726713180542,348600,AP-S303-F102,0.17059329152107,0.17059329152107,222.10842895508,270.14999389648
08-APR-2025,10.811262207667,9010,SGRA,1.1726713180542,348600,AP-S304-F102,0.17145852744579,0.17145852744579,231.99356079102,270.14999389648
08-APR-2025,10.820428875869,9010,SGRA,1.1705958843231,336600,AP-S301-F101,0.16565200686455,0.16565200686455,191.47969055176,270.14999389648
08-APR-2025,10.820428875869,9010,SGRA,1.1705958843231,336600,AP-S302-F101,0.16656829416752,0.16656829416752,202.95176696777,270.14999389648
08-APR-2025,10.820428875869,9010,SGRA,1.1705958843231,348600,AP-S303-F102,0.17059329152107,0.17059329152107,222.10842895508,270.14999389648
08-APR-2025,10.820428875869,9010,SGRA,1.1705958843231,348600,AP-S304-F102,0.17145852744579,0.17145852744579,231.99356079102,270.14999389648
08-APR-2025,10.829317764834,9010,SGRA,1.1685827970505,336600,AP-S301-F101,0.16565200686455,0.16565200686455,191.47969055176,270.14999389648
08-APR-2025,10.829317764834,9010,SGRA,1.1685827970505,336600,AP-S302-F101,0.16656829416752,0.16656829416752,202.95176696777,270.14999389648
08-APR-2025,10.829317764834,9010,SGRA,1.1685827970505,348600,AP-S303-F102,0.17059329152107,0.17059329152107,222.10842895508,270.14999389648
08-APR-2025,10.829317764834,9010,SGRA,1.1685827970505,348600,AP-S304-F102,0.17145852744579,0.17145852744579,231.99356079102,270.14999389648
08-APR-2025,10.838206653275,9010,SGRA,1.1665689945221,336600,AP-S301-F101,0.16565200686455,0.16565200686455,191.47969055176,270.14999389648
08-APR-2025,10.838206653275,9010,SGRA,1.1665689945221,336600,AP-S302-F101,0.16656829416752,0.16656829416752,202.95176696777,270.14999389648
08-APR-2025,10.838206653275,9010,SGRA,1.1665689945221,348600,AP-S303-F102,0.17059329152107,0.17059329152107,222.10842895508,270.14999389648
08-APR-2025,10.838206653275,9010,SGRA,1.1665689945221,348600,AP-S304-F102,0.17145852744579,0.17145852744579,231.99356079102,270.14999389648
08-APR-2025,11.126988398674,9019,SGRA,1.1008645296097,336600,AP-S301-F101,0.15837405622005,0.15837405622005,191.23295593262,270.14999389648
08-APR-2025,11.126988398674,9019,SGRA,1.1008645296097,336600,AP-S302-F101,0.15884241461754,0.15884241461754,202.85804748535,270.14999389648
08-APR-2025,11.126988398674,9019,SGRA,1.1008645296097,348600,AP-S303-F102,0.16285175085068,0.16285175085068,221.42630004883,270.14999389648
08-APR-2025,11.126988398674,9019,SGRA,1.1008645296097,348600,AP-S304-F102,0.16332578659058,0.16332578659058,231.37870788574,270.14999389648
08-APR-2025,11.144349508534,9023,SGRA,1.096900343895,336600,AP-S301-F101,0.15837405622005,0.15837405622005,191.23295593262,270.14999389648
08-APR-2025,11.144349508534,9023,SGRA,1.096900343895,336600,AP-S302-F101,0.15884241461754,0.15884241461754,202.85804748535,270.14999389648
08-APR-2025,11.144349508534,9023,SGRA,1.096900343895,348600,AP-S303-F102,0.16285175085068,0.16285175085068,221.42630004883,270.14999389648
08-APR-2025,11.144349508534,9023,SGRA,1.096900343895,348600,AP-S304-F102,0.16332578659058,0.16332578659058,231.37870788574,270.14999389648
08-APR-2025,11.153377285982,9023,SGRA,1.0948386192322,336600,AP-S301-F101,0.15837405622005,0.15837405622005,191.23295593262,270.14999389648
08-APR-2025,11.153377285982,9023,SGRA,1.0948386192322,336600,AP-S302-F101,0.15884241461754,0.15884241461754,202.85804748535,270.14999389648
08-APR-2025,11.153377285982,9023,SGRA,1.0948386192322,348600,AP-S303-F102,0.16285175085068,0.16285175085068,221.42630004883,270.14999389648
08-APR-2025,11.153377285982,9023,SGRA,1.0948386192322,348600,AP-S304-F102,0.16332578659058,0.16332578659058,231.37870788574,270.14999389648
08-APR-2025,11.162405064303,9023,SGRA,1.0927765369415,336600,AP-S301-F101,0.15837405622005,0.15837405622005,191.23295593262,270.14999389648
08-APR-2025,11.162405064303,9023,SGRA,1.0927765369415,336600,AP-S302-F101,0.15884241461754,0.15884241461754,202.85804748535,270.14999389648
08-APR-2025,11.162405064303,9023,SGRA,1.0927765369415,348600,AP-S303-F102,0.16285175085068,0.16285175085068,221.42630004883,270.14999389648
08-APR-2025,11.162405064303,9023,SGRA,1.0927765369415,348600,AP-S304-F102,0.16332578659058,0.16332578659058,231.37870788574,270.14999389648
08-APR-2025,11.17129395449,9023,SGRA,1.0907459259033,336600,AP-S301-F101,0.15837405622005,0.15837405622005,191.23295593262,270.14999389648
08-APR-2025,11.17129395449,9023,SGRA,1.0907459259033,336600,AP-S302-F101,0.15884241461754,0.15884241461754,202.85804748535,270.14999389648
08-APR-2025,11.17129395449,9023,SGRA,1.0907459259033,348600,AP-S303-F102,0.16285175085068,0.16285175085068,221.42630004883,270.14999389648
08-APR-2025,11.17129395449,9023,SGRA,1.0907459259033,348600,AP-S304-F102,0.16332578659058,0.16332578659058,231.37870788574,270.14999389648
08-APR-2025,11.180182842058,9023,SGRA,1.0887150764465,336600,AP-S301-F101,0.15837405622005,0.15837405622005,191.23295593262,270.14999389648
08-APR-2025,11.180182842058,9023,SGRA,1.0887150764465,336600,AP-S302-F101,0.15884241461754,0.15884241461754,202.85804748535,270.14999389648
08-APR-2025,11.180182842058,9023,SGRA,1.0887150764465,348600,AP-S303-F102,0.16285175085068,0.16285175085068,221.42630004883,270.14999389648
08-APR-2025,11.180182842058,9023,SGRA,1.0887150764465,348600,AP-S304-F102,0.16332578659058,0.16332578659058,231.37870788574,270.14999389648
08-APR-2025,11.189349509212,9023,SGRA,1.0866203308105,336600,AP-S301-F101,0.15837405622005,0.15837405622005,191.23295593262,270.14999389648
08-APR-2025,11.189349509212,9023,SGRA,1.0866203308105,336600,AP-S302-F101,0.15884241461754,0.15884241461754,202.85804748535,270.14999389648
08-APR-2025,11.189349509212,9023,SGRA,1.0866203308105,348600,AP-S303-F102,0.16285175085068,0.16285175085068,221.42630004883,270.14999389648
08-APR-2025,11.189349509212,9023,SGRA,1.0866203308105,348600,AP-S304-F102,0.16332578659058,0.16332578659058,231.37870788574,270.14999389648
08-APR-2025,11.198516176192,9023,SGRA,1.084525346756,336600,AP-S301-F101,0.15837405622005,0.15837405622005,191.23295593262,270.14999389648
08-APR-2025,11.198516176192,9023,SGRA,1.084525346756,336600,AP-S302-F101,0.15884241461754,0.15884241461754,202.85804748535,270.14999389648
08-APR-2025,11.198516176192,9023,SGRA,1.084525346756,348600,AP-S303-F102,0.16285175085068,0.16285175085068,221.42630004883,270.14999389648
08-APR-2025,11.198516176192,9023,SGRA,1.084525346756,348600,AP-S304-F102,0.16332578659058,0.16332578659058,231.37870788574,270.14999389648
08-APR-2025,11.207405066903,9023,SGRA,1.0824934244156,336600,AP-S301-F101,0.15837405622005,0.15837405622005,191.23295593262,270.14999389648
08-APR-2025,11.207405066903,9023,SGRA,1.0824934244156,336600,AP-S302-F101,0.15884241461754,0.15884241461754,202.85804748535,270.14999389648
08-APR-2025,11.207405066903,9023,SGRA,1.0824934244156,348600,AP-S303-F102,0.16285175085068,0.16285175085068,221.42630004883,270.14999389648
08-APR-2025,11.207405066903,9023,SGRA,1.0824934244156,348600,AP-S304-F102,0.16332578659058,0.16332578659058,231.37870788574,270.14999389648
08-APR-2025,11.217960619591,9023,SGRA,1.0800802707672,336600,AP-S301-F101,0.15837405622005,0.15837405622005,191.23295593262,270.14999389648
08-APR-2025,11.217960619591,9023,SGRA,1.0800802707672,336600,AP-S302-F101,0.15884241461754,0.15884241461754,202.85804748535,270.14999389648
08-APR-2025,11.217960619591,9023,SGRA,1.0800802707672,348600,AP-S303-F102,0.16285175085068,0.16285175085068,221.42630004883,270.14999389648
08-APR-2025,11.217960619591,9023,SGRA,1.0800802707672,348600,AP-S304-F102,0.16332578659058,0.16332578659058,231.37870788574,270.14999389648
08-APR-2025,11.226849508032,9023,SGRA,1.0780478715897,336600,AP-S301-F101,0.15837405622005,0.15837405622005,191.23295593262,270.14999389648
08-APR-2025,11.226849508032,9023,SGRA,1.0780478715897,336600,AP-S302-F101,0.15884241461754,0.15884241461754,202.85804748535,270.14999389648
08-APR-2025,11.226849508032,9023,SGRA,1.0780478715897,348600,AP-S303-F102,0.16285175085068,0.16285175085068,221.42630004883,270.14999389648
08-APR-2025,11.226849508032,9023,SGRA,1.0780478715897,348600,AP-S304-F102,0.16332578659058,0.16332578659058,231.37870788574,270.14999389648
08-APR-2025,11.235738397171,9023,SGRA,1.0760152339935,336600,AP-S301-F101,0.15837405622005,0.15837405622005,191.23295593262,270.14999389648
08-APR-2025,11.235738397171,9023,SGRA,1.0760152339935,336600,AP-S302-F101,0.15884241461754,0.15884241461754,202.85804748535,270.14999389648
08-APR-2025,11.235738397171,9023,SGRA,1.0760152339935,348600,AP-S303-F102,0.16285175085068,0.16285175085068,221.42630004883,270.14999389648
08-APR-2025,11.235738397171,9023,SGRA,1.0760152339935,348600,AP-S304-F102,0.16332578659058,0.16332578659058,231.37870788574,270.14999389648
08-APR-2025,11.244627286136,9023,SGRA,1.0739822387695,336600,AP-S301-F101,0.15837405622005,0.15837405622005,191.23295593262,270.14999389648
08-APR-2025,11.244627286136,9023,SGRA,1.0739822387695,336600,AP-S302-F101,0.15884241461754,0.15884241461754,202.85804748535,270.14999389648
08-APR-2025,11.244627286136,9023,SGRA,1.0739822387695,348600,AP-S303-F102,0.16285175085068,0.16285175085068,221.42630004883,270.14999389648
08-APR-2025,11.244627286136,9023,SGRA,1.0739822387695,348600,AP-S304-F102,0.16332578659058,0.16332578659058,231.37870788574,270.14999389648
08-APR-2025,11.253516174577,9023,SGRA,1.071949005127,336600,AP-S301-F101,0.15837405622005,0.15837405622005,191.23295593262,270.14999389648
08-APR-2025,11.253516174577,9023,SGRA,1.071949005127,336600,AP-S302-F101,0.15884241461754,0.15884241461754,202.85804748535,270.14999389648
08-APR-2025,11.253516174577,9023,SGRA,1.071949005127,348600,AP-S303-F102,0.16285175085068,0.16285175085068,221.42630004883,270.14999389648
08-APR-2025,11.253516174577,9023,SGRA,1.071949005127,348600,AP-S304-F102,0.16332578659058,0.16332578659058,231.37870788574,270.14999389648
08-APR-2025,11.262405063367,9023,SGRA,1.0699155330658,336600,AP-S301-F101,0.15837405622005,0.15837405622005,191.23295593262,270.14999389648
08-APR-2025,11.262405063367,9023,SGRA,1.0699155330658,336600,AP-S302-F101,0.15884241461754,0.15884241461754,202.85804748535,270.14999389648
08-APR-2025,11.262405063367,9023,SGRA,1.0699155330658,348600,AP-S303-F102,0.16285175085068,0.16285175085068,221.42630004883,270.14999389648
08-APR-2025,11.262405063367,9023,SGRA,1.0699155330658,348600,AP-S304-F102,0.16332578659058,0.16332578659058,231.37870788574,270.14999389648
08-APR-2025,11.271293952157,9023,SGRA,1.0678818225861,336600,AP-S301-F101,0.15837405622005,0.15837405622005,191.23295593262,270.14999389648
08-APR-2025,11.271293952157,9023,SGRA,1.0678818225861,336600,AP-S302-F101,0.15884241461754,0.15884241461754,202.85804748535,270.14999389648
08-APR-2025,11.271293952157,9023,SGRA,1.0678818225861,348600,AP-S303-F102,0.16285175085068,0.16285175085068,221.42630004883,270.14999389648
08-APR-2025,11.271293952157,9023,SGRA,1.0678818225861,348600,AP-S304-F102,0.16332578659058,0.16332578659058,231.37870788574,270.14999389648
08-APR-2025,1.1306172396056,8488,M87,0.6219539642334,336600,AP-S301-F101,0.32569354772568,0.32569354772568,398.41082763672,268.64999389648
08-APR-2025,1.1306172396056,8488,M87,0.6219539642334,336600,AP-S302-F101,0.3263139128685,0.3263139128685,411.15951538086,268.64999389648
08-APR-2025,1.1306172396056,8488,M87,0.6219539642334,348600,AP-S303-F102,0.32521894574165,0.32521894574165,441.07958984375,268.64999389648
08-APR-2025,1.1306172396056,8488,M87,0.6219539642334,348600,AP-S304-F102,0.32692077755928,0.32692077755928,452.21249389648,268.64999389648
08-APR-2025,11.460877282587,9028,J1924-2914,1.3867175579071,336600,AP-S301-F101,0.18066501617432,0.18066501617432,194.5592956543,270.54998779297
08-APR-2025,11.460877282587,9028,J1924-2914,1.3867175579071,336600,AP-S302-F101,0.18326592445374,0.18326592445374,206.65794372559,270.54998779297
08-APR-2025,11.460877282587,9028,J1924-2914,1.3867175579071,348600,AP-S303-F102,0.18751662969589,0.18751662969589,225.83241271973,270.54998779297
08-APR-2025,11.460877282587,9028,J1924-2914,1.3867175579071,348600,AP-S304-F102,0.18884474039078,0.18884474039078,235.94380187988,270.54998779297
08-APR-2025,11.478238395764,9032,J1924-2914,1.3833923339844,336600,AP-S301-F101,0.18066501617432,0.18066501617432,194.5592956543,270.54998779297
08-APR-2025,11.478238395764,9032,J1924-2914,1.3833923339844,336600,AP-S302-F101,0.18326592445374,0.18326592445374,206.65794372559,270.54998779297
08-APR-2025,11.478238395764,9032,J1924-2914,1.3833923339844,348600,AP-S303-F102,0.18751662969589,0.18751662969589,225.83241271973,270.54998779297
08-APR-2025,11.478238395764,9032,J1924-2914,1.3833923339844,348600,AP-S304-F102,0.18884474039078,0.18884474039078,235.94380187988,270.54998779297
08-APR-2025,11.487127284554,9032,J1924-2914,1.3816783428192,336600,AP-S301-F101,0.18066501617432,0.18066501617432,194.5592956543,270.54998779297
08-APR-2025,11.487127284554,9032,J1924-2914,1.3816783428192,336600,AP-S302-F101,0.18326592445374,0.18326592445374,206.65794372559,270.54998779297
08-APR-2025,11.487127284554,9032,J1924-2914,1.3816783428192,348600,AP-S303-F102,0.18751662969589,0.18751662969589,225.83241271973,270.54998779297
08-APR-2025,11.487127284554,9032,J1924-2914,1.3816783428192,348600,AP-S304-F102,0.18884474039078,0.18884474039078,235.94380187988,270.54998779297
08-APR-2025,11.496293950311,9032,J1924-2914,1.3799029588699,336600,AP-S301-F101,0.18066501617432,0.18066501617432,194.5592956543,270.54998779297
08-APR-2025,11.496293950311,9032,J1924-2914,1.3799029588699,336600,AP-S302-F101,0.18326592445374,0.18326592445374,206.65794372559,270.54998779297
08-APR-2025,11.496293950311,9032,J1924-2914,1.3799029588699,348600,AP-S303-F102,0.18751662969589,0.18751662969589,225.83241271973,270.54998779297
08-APR-2025,11.496293950311,9032,J1924-2914,1.3799029588699,348600,AP-S304-F102,0.18884474039078,0.18884474039078,235.94380187988,270.54998779297
08-APR-2025,11.505182840324,9032,J1924-2914,1.3781739473343,336600,AP-S301-F101,0.18066501617432,0.18066501617432,194.5592956543,270.54998779297
08-APR-2025,11.505182840324,9032,J1924-2914,1.3781739473343,336600,AP-S302-F101,0.18326592445374,0.18326592445374,206.65794372559,270.54998779297
08-APR-2025,11.505182840324,9032,J1924-2914,1.3781739473343,348600,AP-S303-F102,0.18751662969589,0.18751662969589,225.83241271973,270.54998779297
08-APR-2025,11.505182840324,9032,J1924-2914,1.3781739473343,348600,AP-S304-F102,0.18884474039078,0.18884474039078,235.94380187988,270.54998779297
08-APR-2025,11.514071729638,9032,J1924-2914,1.3764379024506,336600,AP-S301-F101,0.18066501617432,0.18066501617432,194.5592956543,270.54998779297
08-APR-2025,11.514071729638,9032,J1924-2914,1.3764379024506,336600,AP-S302-F101,0.18326592445374,0.18326592445374,206.65794372559,270.54998779297
08-APR-2025,11.514071729638,9032,J1924-2914,1.3764379024506,348600,AP-S303-F102,0.18751662969589,0.18751662969589,225.83241271973,270.54998779297
08-APR-2025,11.514071729638,9032,J1924-2914,1.3764379024506,348600,AP-S304-F102,0.18884474039078,0.18884474039078,235.94380187988,270.54998779297
08-APR-2025,1.1600616829807,8492,M87,0.62769621610641,336600,AP-S301-F101,0.32569354772568,0.32569354772568,398.41082763672,268.64999389648
08-APR-2025,1.1600616829807,8492,M87,0.62769621610641,336600,AP-S302-F101,0.3263139128685,0.3263139128685,411.15951538086,268.64999389648
08-APR-2025,1.1600616829807,8492,M87,0.62769621610641,348600,AP-S303-F102,0.32521894574165,0.32521894574165,441.07958984375,268.64999389648
08-APR-2025,1.1600616829807,8492,M87,0.62769621610641,348600,AP-S304-F102,0.32692077755928,0.32692077755928,452.21249389648,268.64999389648
08-APR-2025,11.62726617253,9037,SGRA,0.98629373311996,336600,AP-S301-F101,0.15417343378067,0.15417343378067,194.17230224609,270.14999389648
08-APR-2025,11.62726617253,9037,SGRA,0.98629373311996,336600,AP-S302-F101,0.15430849790573,0.15430849790573,205.72332763672,270.14999389648
08-APR-2025,11.62726617253,9037,SGRA,0.98629373311996,348600,AP-S303-F102,0.15744139254093,0.15744139254093,224.48768615723,270.14999389648
08-APR-2025,11.62726617253,9037,SGRA,0.98629373311996,348600,AP-S304-F102,0.15751986205578,0.15751986205578,233.40182495117,270.14999389648
08-APR-2025,11.644349504724,9041,SGRA,0.98237353563309,336600,AP-S301-F101,0.15417343378067,0.15417343378067,194.17230224609,270.14999389648
08-APR-2025,11.644349504724,9041,SGRA,0.98237353563309,336600,AP-S302-F101,0.15430849790573,0.15430849790573,205.72332763672,270.14999389648
08-APR-2025,11.644349504724,9041,SGRA,0.98237353563309,348600,AP-S303-F102,0.15744139254093,0.15744139254093,224.48768615723,270.14999389648
08-APR-2025,11.644349504724,9041,SGRA,0.98237353563309,348600,AP-S304-F102,0.15751986205578,0.15751986205578,233.40182495117,270.14999389648
08-APR-2025,11.653238393689,9041,SGRA,0.98033368587494,336600,AP-S301-F101,0.15417343378067,0.15417343378067,194.17230224609,270.14999389648
08-APR-2025,11.653238393689,9041,SGRA,0.98033368587494,336600,AP-S302-F101,0.15430849790573,0.15430849790573,205.72332763672,270.14999389648
08-APR-2025,11.653238393689,9041,SGRA,0.98033368587494,348600,AP-S303-F102,0.15744139254093,0.15744139254093,224.48768615723,270.14999389648
08-APR-2025,11.653238393689,9041,SGRA,0.98033368587494,348600,AP-S304-F102,0.15751986205578,0.15751986205578,233.40182495117,270.14999389648
08-APR-2025,11.662127282479,9041,SGRA,0.9782937169075,336600,AP-S301-F101,0.15417343378067,0.15417343378067,194.17230224609,270.14999389648
08-APR-2025,11.662127282479,9041,SGRA,0.9782937169075,336600,AP-S302-F101,0.15430849790573,0.15430849790573,205.72332763672,270.14999389648
08-APR-2025,11.662127282479,9041,SGRA,0.9782937169075,348600,AP-S303-F102,0.15744139254093,0.15744139254093,224.48768615723,270.14999389648
08-APR-2025,11.662127282479,9041,SGRA,0.9782937169075,348600,AP-S304-F102,0.15751986205578,0.15751986205578,233.40182495117,270.14999389648
08-APR-2025,11.671016171443,9041,SGRA,0.97625374794006,336600,AP-S301-F101,0.15417343378067,0.15417343378067,194.17230224609,270.14999389648
08-APR-2025,11.671016171443,9041,SGRA,0.97625374794006,336600,AP-S302-F101,0.15430849790573,0.15430849790573,205.72332763672,270.14999389648
08-APR-2025,11.671016171443,9041,SGRA,0.97625374794006,348600,AP-S303-F102,0.15744139254093,0.15744139254093,224.48768615723,270.14999389648
08-APR-2025,11.671016171443,9041,SGRA,0.97625374794006,348600,AP-S304-F102,0.15751986205578,0.15751986205578,233.40182495117,270.14999389648
08-APR-2025,11.680182837375,9041,SGRA,0.97414988279343,336600,AP-S301-F101,0.15417343378067,0.15417343378067,194.17230224609,270.14999389648
08-APR-2025,11.680182837375,9041,SGRA,0.97414988279343,336600,AP-S302-F101,0.15430849790573,0.15430849790573,205.72332763672,270.14999389648
08-APR-2025,11.680182837375,9041,SGRA,0.97414988279343,348600,AP-S303-F102,0.15744139254093,0.15744139254093,224.48768615723,270.14999389648
08-APR-2025,11.680182837375,9041,SGRA,0.97414988279343,348600,AP-S304-F102,0.15751986205578,0.15751986205578,233.40182495117,270.14999389648
08-APR-2025,11.689071726165,9041,SGRA,0.97210985422134,336600,AP-S301-F101,0.15417343378067,0.15417343378067,194.17230224609,270.14999389648
08-APR-2025,11.689071726165,9041,SGRA,0.97210985422134,336600,AP-S302-F101,0.15430849790573,0.15430849790573,205.72332763672,270.14999389648
08-APR-2025,11.689071726165,9041,SGRA,0.97210985422134,348600,AP-S303-F102,0.15744139254093,0.15744139254093,224.48768615723,270.14999389648
08-APR-2025,11.689071726165,9041,SGRA,0.97210985422134,348600,AP-S304-F102,0.15751986205578,0.15751986205578,233.40182495117,270.14999389648
08-APR-2025,1.1693672370468,8492,M87,0.62950575351715,336600,AP-S301-F101,0.32569354772568,0.32569354772568,398.41082763672,268.64999389648
08-APR-2025,1.1693672370468,8492,M87,0.62950575351715,336600,AP-S302-F101,0.3263139128685,0.3263139128685,411.15951538086,268.64999389648
08-APR-2025,1.1693672370468,8492,M87,0.62950575351715,348600,AP-S303-F102,0.32521894574165,0.32521894574165,441.07958984375,268.64999389648
08-APR-2025,1.1693672370468,8492,M87,0.62950575351715,348600,AP-S304-F102,0.32692077755928,0.32692077755928,452.21249389648,268.64999389648
08-APR-2025,11.69796061513,9041,SGRA,0.97006970643997,336600,AP-S301-F101,0.15417343378067,0.15417343378067,194.17230224609,270.14999389648
08-APR-2025,11.69796061513,9041,SGRA,0.97006970643997,336600,AP-S302-F101,0.15430849790573,0.15430849790573,205.72332763672,270.14999389648
08-APR-2025,11.69796061513,9041,SGRA,0.97006970643997,348600,AP-S303-F102,0.15744139254093,0.15744139254093,224.48768615723,270.14999389648
08-APR-2025,11.69796061513,9041,SGRA,0.97006970643997,348600,AP-S304-F102,0.15751986205578,0.15751986205578,233.40182495117,270.14999389648
08-APR-2025,11.70684950392,9041,SGRA,0.96802949905396,336600,AP-S301-F101,0.15417343378067,0.15417343378067,194.17230224609,270.14999389648
08-APR-2025,11.70684950392,9041,SGRA,0.96802949905396,336600,AP-S302-F101,0.15430849790573,0.15430849790573,205.72332763672,270.14999389648
08-APR-2025,11.70684950392,9041,SGRA,0.96802949905396,348600,AP-S303-F102,0.15744139254093,0.15744139254093,224.48768615723,270.14999389648
08-APR-2025,11.70684950392,9041,SGRA,0.96802949905396,348600,AP-S304-F102,0.15751986205578,0.15751986205578,233.40182495117,270.14999389648
08-APR-2025,11.71573839271,9041,SGRA,0.96598923206329,336600,AP-S301-F101,0.15417343378067,0.15417343378067,194.17230224609,270.14999389648
08-APR-2025,11.71573839271,9041,SGRA,0.96598923206329,336600,AP-S302-F101,0.15430849790573,0.15430849790573,205.72332763672,270.14999389648
08-APR-2025,11.71573839271,9041,SGRA,0.96598923206329,348600,AP-S303-F102,0.15744139254093,0.15744139254093,224.48768615723,270.14999389648
08-APR-2025,11.71573839271,9041,SGRA,0.96598923206329,348600,AP-S304-F102,0.15751986205578,0.15751986205578,233.40182495117,270.14999389648
08-APR-2025,11.726571728826,9041,SGRA,0.96350264549255,336600,AP-S301-F101,0.15417343378067,0.15417343378067,194.17230224609,270.14999389648
08-APR-2025,11.726571728826,9041,SGRA,0.96350264549255,336600,AP-S302-F101,0.15430849790573,0.15430849790573,205.72332763672,270.14999389648
08-APR-2025,11.726571728826,9041,SGRA,0.96350264549255,348600,AP-S303-F102,0.15744139254093,0.15744139254093,224.48768615723,270.14999389648
08-APR-2025,11.726571728826,9041,SGRA,0.96350264549255,348600,AP-S304-F102,0.15751986205578,0.15751986205578,233.40182495117,270.14999389648
08-APR-2025,11.735460616569,9041,SGRA,0.96146231889725,336600,AP-S301-F101,0.15417343378067,0.15417343378067,194.17230224609,270.14999389648
08-APR-2025,11.735460616569,9041,SGRA,0.96146231889725,336600,AP-S302-F101,0.15430849790573,0.15430849790573,205.72332763672,270.14999389648
08-APR-2025,11.735460616569,9041,SGRA,0.96146231889725,348600,AP-S303-F102,0.15744139254093,0.15744139254093,224.48768615723,270.14999389648
08-APR-2025,11.735460616569,9041,SGRA,0.96146231889725,348600,AP-S304-F102,0.15751986205578,0.15751986205578,233.40182495117,270.14999389648
08-APR-2025,11.744349506581,9041,SGRA,0.9594219326973,336600,AP-S301-F101,0.15417343378067,0.15417343378067,194.17230224609,270.14999389648
08-APR-2025,11.744349506581,9041,SGRA,0.9594219326973,336600,AP-S302-F101,0.15430849790573,0.15430849790573,205.72332763672,270.14999389648
08-APR-2025,11.744349506581,9041,SGRA,0.9594219326973,348600,AP-S303-F102,0.15744139254093,0.15744139254093,224.48768615723,270.14999389648
08-APR-2025,11.744349506581,9041,SGRA,0.9594219326973,348600,AP-S304-F102,0.15751986205578,0.15751986205578,233.40182495117,270.14999389648
08-APR-2025,11.753238395371,9041,SGRA,0.95738154649734,336600,AP-S301-F101,0.15417343378067,0.15417343378067,194.17230224609,270.14999389648
08-APR-2025,11.753238395371,9041,SGRA,0.95738154649734,336600,AP-S302-F101,0.15430849790573,0.15430849790573,205.72332763672,270.14999389648
08-APR-2025,11.753238395371,9041,SGRA,0.95738154649734,348600,AP-S303-F102,0.15744139254093,0.15744139254093,224.48768615723,270.14999389648
08-APR-2025,11.753238395371,9041,SGRA,0.95738154649734,348600,AP-S304-F102,0.15751986205578,0.15751986205578,233.40182495117,270.14999389648
08-APR-2025,11.762127283114,9041,SGRA,0.95534110069275,336600,AP-S301-F101,0.15417343378067,0.15417343378067,194.17230224609,270.14999389648
08-APR-2025,11.762127283114,9041,SGRA,0.95534110069275,336600,AP-S302-F101,0.15430849790573,0.15430849790573,205.72332763672,270.14999389648
08-APR-2025,11.762127283114,9041,SGRA,0.95534110069275,348600,AP-S303-F102,0.15744139254093,0.15744139254093,224.48768615723,270.14999389648
08-APR-2025,11.762127283114,9041,SGRA,0.95534110069275,348600,AP-S304-F102,0.15751986205578,0.15751986205578,233.40182495117,270.14999389648
08-APR-2025,11.771016171555,9041,SGRA,0.95330065488815,336600,AP-S301-F101,0.15417343378067,0.15417343378067,194.17230224609,270.14999389648
08-APR-2025,11.771016171555,9041,SGRA,0.95330065488815,336600,AP-S302-F101,0.15430849790573,0.15430849790573,205.72332763672,270.14999389648
08-APR-2025,11.771016171555,9041,SGRA,0.95330065488815,348600,AP-S303-F102,0.15744139254093,0.15744139254093,224.48768615723,270.14999389648
08-APR-2025,11.771016171555,9041,SGRA,0.95330065488815,348600,AP-S304-F102,0.15751986205578,0.15751986205578,233.40182495117,270.14999389648
08-APR-2025,1.1782561258369,8492,M87,0.63123178482056,336600,AP-S301-F101,0.32569354772568,0.32569354772568,398.41082763672,268.64999389648
08-APR-2025,1.1782561258369,8492,M87,0.63123178482056,336600,AP-S302-F101,0.3263139128685,0.3263139128685,411.15951538086,268.64999389648
08-APR-2025,1.1782561258369,8492,M87,0.63123178482056,348600,AP-S303-F102,0.32521894574165,0.32521894574165,441.07958984375,268.64999389648
08-APR-2025,1.1782561258369,8492,M87,0.63123178482056,348600,AP-S304-F102,0.32692077755928,0.32692077755928,452.21249389648,268.64999389648
08-APR-2025,1.1871450148016,8492,M87,0.63295549154282,336600,AP-S301-F101,0.32569354772568,0.32569354772568,398.41082763672,268.64999389648
08-APR-2025,1.1871450148016,8492,M87,0.63295549154282,336600,AP-S302-F101,0.3263139128685,0.3263139128685,411.15951538086,268.64999389648
08-APR-2025,1.1871450148016,8492,M87,0.63295549154282,348600,AP-S303-F102,0.32521894574165,0.32521894574165,441.07958984375,268.64999389648
08-APR-2025,1.1871450148016,8492,M87,0.63295549154282,348600,AP-S304-F102,0.32692077755928,0.32692077755928,452.21249389648,268.64999389648
08-APR-2025,12.060368000917,9048,SGRA,0.88688290119171,336600,AP-S301-F101,0.1477677077055,0.1477677077055,196.66473388672,270.75
08-APR-2025,12.060368000917,9048,SGRA,0.88688290119171,336600,AP-S302-F101,0.14688543975353,0.14688543975353,207.75563049316,270.75
08-APR-2025,12.060368000917,9048,SGRA,0.88688290119171,348600,AP-S303-F102,0.1503019630909,0.1503019630909,226.95799255371,270.75
08-APR-2025,12.060368000917,9048,SGRA,0.88688290119171,348600,AP-S304-F102,0.14885595440865,0.14885595440865,234.52560424805,270.75
08-APR-2025,12.077867998212,9052,SGRA,0.88286733627319,336600,AP-S301-F101,0.1477677077055,0.1477677077055,196.66473388672,270.75
08-APR-2025,12.077867998212,9052,SGRA,0.88286733627319,336600,AP-S302-F101,0.14688543975353,0.14688543975353,207.75563049316,270.75
08-APR-2025,12.077867998212,9052,SGRA,0.88286733627319,348600,AP-S303-F102,0.1503019630909,0.1503019630909,226.95799255371,270.75
08-APR-2025,12.077867998212,9052,SGRA,0.88286733627319,348600,AP-S304-F102,0.14885595440865,0.14885595440865,234.52560424805,270.75
08-APR-2025,12.086895778105,9052,SGRA,0.88079577684402,336600,AP-S301-F101,0.1477677077055,0.1477677077055,196.66473388672,270.75
08-APR-2025,12.086895778105,9052,SGRA,0.88079577684402,336600,AP-S302-F101,0.14688543975353,0.14688543975353,207.75563049316,270.75
08-APR-2025,12.086895778105,9052,SGRA,0.88079577684402,348600,AP-S303-F102,0.1503019630909,0.1503019630909,226.95799255371,270.75
08-APR-2025,12.086895778105,9052,SGRA,0.88079577684402,348600,AP-S304-F102,0.14885595440865,0.14885595440865,234.52560424805,270.75
08-APR-2025,12.095784666895,9052,SGRA,0.87875616550446,336600,AP-S301-F101,0.1477677077055,0.1477677077055,196.66473388672,270.75
08-APR-2025,12.095784666895,9052,SGRA,0.87875616550446,336600,AP-S302-F101,0.14688543975353,0.14688543975353,207.75563049316,270.75
08-APR-2025,12.095784666895,9052,SGRA,0.87875616550446,348600,AP-S303-F102,0.1503019630909,0.1503019630909,226.95799255371,270.75
08-APR-2025,12.095784666895,9052,SGRA,0.87875616550446,348600,AP-S304-F102,0.14885595440865,0.14885595440865,234.52560424805,270.75
08-APR-2025,12.104673555511,9052,SGRA,0.87671667337418,336600,AP-S301-F101,0.1477677077055,0.1477677077055,196.66473388672,270.75
08-APR-2025,12.104673555511,9052,SGRA,0.87671667337418,336600,AP-S302-F101,0.14688543975353,0.14688543975353,207.75563049316,270.75
08-APR-2025,12.104673555511,9052,SGRA,0.87671667337418,348600,AP-S303-F102,0.1503019630909,0.1503019630909,226.95799255371,270.75
08-APR-2025,12.104673555511,9052,SGRA,0.87671667337418,348600,AP-S304-F102,0.14885595440865,0.14885595440865,234.52560424805,270.75
08-APR-2025,12.113562444825,9052,SGRA,0.8746771812439,336600,AP-S301-F101,0.1477677077055,0.1477677077055,196.66473388672,270.75
08-APR-2025,12.113562444825,9052,SGRA,0.8746771812439,336600,AP-S302-F101,0.14688543975353,0.14688543975353,207.75563049316,270.75
08-APR-2025,12.113562444825,9052,SGRA,0.8746771812439,348600,AP-S303-F102,0.1503019630909,0.1503019630909,226.95799255371,270.75
08-APR-2025,12.113562444825,9052,SGRA,0.8746771812439,348600,AP-S304-F102,0.14885595440865,0.14885595440865,234.52560424805,270.75
08-APR-2025,12.122729110582,9052,SGRA,0.87257409095764,336600,AP-S301-F101,0.1477677077055,0.1477677077055,196.66473388672,270.75
08-APR-2025,12.122729110582,9052,SGRA,0.87257409095764,336600,AP-S302-F101,0.14688543975353,0.14688543975353,207.75563049316,270.75
08-APR-2025,12.122729110582,9052,SGRA,0.87257409095764,348600,AP-S303-F102,0.1503019630909,0.1503019630909,226.95799255371,270.75
08-APR-2025,12.122729110582,9052,SGRA,0.87257409095764,348600,AP-S304-F102,0.14885595440865,0.14885595440865,234.52560424805,270.75
08-APR-2025,12.131617999896,9052,SGRA,0.8705347776413,336600,AP-S301-F101,0.1477677077055,0.1477677077055,196.66473388672,270.75
08-APR-2025,12.131617999896,9052,SGRA,0.8705347776413,336600,AP-S302-F101,0.14688543975353,0.14688543975353,207.75563049316,270.75
08-APR-2025,12.131617999896,9052,SGRA,0.8705347776413,348600,AP-S303-F102,0.1503019630909,0.1503019630909,226.95799255371,270.75
08-APR-2025,12.131617999896,9052,SGRA,0.8705347776413,348600,AP-S304-F102,0.14885595440865,0.14885595440865,234.52560424805,270.75
08-APR-2025,12.140784667574,9052,SGRA,0.86843186616898,336600,AP-S301-F101,0.1477677077055,0.1477677077055,196.66473388672,270.75
08-APR-2025,12.140784667574,9052,SGRA,0.86843186616898,336600,AP-S302-F101,0.14688543975353,0.14688543975353,207.75563049316,270.75
08-APR-2025,12.140784667574,9052,SGRA,0.86843186616898,348600,AP-S303-F102,0.1503019630909,0.1503019630909,226.95799255371,270.75
08-APR-2025,12.140784667574,9052,SGRA,0.86843186616898,348600,AP-S304-F102,0.14885595440865,0.14885595440865,234.52560424805,270.75
08-APR-2025,12.149673556539,9052,SGRA,0.86639267206192,336600,AP-S301-F101,0.1477677077055,0.1477677077055,196.66473388672,270.75
08-APR-2025,12.149673556539,9052,SGRA,0.86639267206192,336600,AP-S302-F101,0.14688543975353,0.14688543975353,207.75563049316,270.75
08-APR-2025,12.149673556539,9052,SGRA,0.86639267206192,348600,AP-S303-F102,0.1503019630909,0.1503019630909,226.95799255371,270.75
08-APR-2025,12.149673556539,9052,SGRA,0.86639267206192,348600,AP-S304-F102,0.14885595440865,0.14885595440865,234.52560424805,270.75
08-APR-2025,12.158562445154,9052,SGRA,0.86435359716415,336600,AP-S301-F101,0.1477677077055,0.1477677077055,196.66473388672,270.75
08-APR-2025,12.158562445154,9052,SGRA,0.86435359716415,336600,AP-S302-F101,0.14688543975353,0.14688543975353,207.75563049316,270.75
08-APR-2025,12.158562445154,9052,SGRA,0.86435359716415,348600,AP-S303-F102,0.1503019630909,0.1503019630909,226.95799255371,270.75
08-APR-2025,12.158562445154,9052,SGRA,0.86435359716415,348600,AP-S304-F102,0.14885595440865,0.14885595440865,234.52560424805,270.75
08-APR-2025,12.169534667484,9052,SGRA,0.86183673143387,336600,AP-S301-F101,0.1477677077055,0.1477677077055,196.66473388672,270.75
08-APR-2025,12.169534667484,9052,SGRA,0.86183673143387,336600,AP-S302-F101,0.14688543975353,0.14688543975353,207.75563049316,270.75
08-APR-2025,12.169534667484,9052,SGRA,0.86183673143387,348600,AP-S303-F102,0.1503019630909,0.1503019630909,226.95799255371,270.75
08-APR-2025,12.169534667484,9052,SGRA,0.86183673143387,348600,AP-S304-F102,0.14885595440865,0.14885595440865,234.52560424805,270.75
08-APR-2025,12.178562445281,9052,SGRA,0.85976600646973,336600,AP-S301-F101,0.1477677077055,0.1477677077055,196.66473388672,270.75
08-APR-2025,12.178562445281,9052,SGRA,0.85976600646973,336600,AP-S302-F101,0.14688543975353,0.14688543975353,207.75563049316,270.75
08-APR-2025,12.178562445281,9052,SGRA,0.85976600646973,348600,AP-S303-F102,0.1503019630909,0.1503019630909,226.95799255371,270.75
08-APR-2025,12.178562445281,9052,SGRA,0.85976600646973,348600,AP-S304-F102,0.14885595440865,0.14885595440865,234.52560424805,270.75
08-APR-2025,12.187451333722,9052,SGRA,0.85772716999054,336600,AP-S301-F101,0.1477677077055,0.1477677077055,196.66473388672,270.75
08-APR-2025,12.187451333722,9052,SGRA,0.85772716999054,336600,AP-S302-F101,0.14688543975353,0.14688543975353,207.75563049316,270.75
08-APR-2025,12.187451333722,9052,SGRA,0.85772716999054,348600,AP-S303-F102,0.1503019630909,0.1503019630909,226.95799255371,270.75
08-APR-2025,12.187451333722,9052,SGRA,0.85772716999054,348600,AP-S304-F102,0.14885595440865,0.14885595440865,234.52560424805,270.75
08-APR-2025,12.196340222687,9052,SGRA,0.85568845272064,336600,AP-S301-F101,0.1477677077055,0.1477677077055,196.66473388672,270.75
08-APR-2025,12.196340222687,9052,SGRA,0.85568845272064,336600,AP-S302-F101,0.14688543975353,0.14688543975353,207.75563049316,270.75
08-APR-2025,12.196340222687,9052,SGRA,0.85568845272064,348600,AP-S303-F102,0.1503019630909,0.1503019630909,226.95799255371,270.75
08-APR-2025,12.196340222687,9052,SGRA,0.85568845272064,348600,AP-S304-F102,0.14885595440865,0.14885595440865,234.52560424805,270.75
08-APR-2025,12.205229111302,9052,SGRA,0.85364985466003,336600,AP-S301-F101,0.1477677077055,0.1477677077055,196.66473388672,270.75
08-APR-2025,12.205229111302,9052,SGRA,0.85364985466003,336600,AP-S302-F101,0.14688543975353,0.14688543975353,207.75563049316,270.75
08-APR-2025,12.205229111302,9052,SGRA,0.85364985466003,348600,AP-S303-F102,0.1503019630909,0.1503019630909,226.95799255371,270.75
08-APR-2025,12.205229111302,9052,SGRA,0.85364985466003,348600,AP-S304-F102,0.14885595440865,0.14885595440865,234.52560424805,270.75
08-APR-2025,12.393979108561,9057,J1924-2914,1.1868981122971,336600,AP-S301-F101,0.16574536263943,0.16574536263943,191.87843322754,270.95001220703
08-APR-2025,12.393979108561,9057,J1924-2914,1.1868981122971,336600,AP-S302-F101,0.16598065197468,0.16598065197468,203.44268798828,270.95001220703
08-APR-2025,12.393979108561,9057,J1924-2914,1.1868981122971,348600,AP-S303-F102,0.17078158259392,0.17078158259392,222.31323242188,270.95001220703
08-APR-2025,12.393979108561,9057,J1924-2914,1.1868981122971,348600,AP-S304-F102,0.17126540839672,0.17126540839672,232.47836303711,270.95001220703
08-APR-2025,12.411062444597,9061,J1924-2914,1.183051109314,336600,AP-S301-F101,0.16574536263943,0.16574536263943,191.87843322754,270.95001220703
08-APR-2025,12.411062444597,9061,J1924-2914,1.183051109314,336600,AP-S302-F101,0.16598065197468,0.16598065197468,203.44268798828,270.95001220703
08-APR-2025,12.411062444597,9061,J1924-2914,1.183051109314,348600,AP-S303-F102,0.17078158259392,0.17078158259392,222.31323242188,270.95001220703
08-APR-2025,12.411062444597,9061,J1924-2914,1.183051109314,348600,AP-S304-F102,0.17126540839672,0.17126540839672,232.47836303711,270.95001220703
08-APR-2025,12.419951333562,9061,J1924-2914,1.1810483932495,336600,AP-S301-F101,0.16574536263943,0.16574536263943,191.87843322754,270.95001220703
08-APR-2025,12.419951333562,9061,J1924-2914,1.1810483932495,336600,AP-S302-F101,0.16598065197468,0.16598065197468,203.44268798828,270.95001220703
08-APR-2025,12.419951333562,9061,J1924-2914,1.1810483932495,348600,AP-S303-F102,0.17078158259392,0.17078158259392,222.31323242188,270.95001220703
08-APR-2025,12.419951333562,9061,J1924-2914,1.1810483932495,348600,AP-S304-F102,0.17126540839672,0.17126540839672,232.47836303711,270.95001220703
08-APR-2025,12.428840222526,9061,J1924-2914,1.1790449619293,336600,AP-S301-F101,0.16574536263943,0.16574536263943,191.87843322754,270.95001220703
08-APR-2025,12.428840222526,9061,J1924-2914,1.1790449619293,336600,AP-S302-F101,0.16598065197468,0.16598065197468,203.44268798828,270.95001220703
08-APR-2025,12.428840222526,9061,J1924-2914,1.1790449619293,348600,AP-S303-F102,0.17078158259392,0.17078158259392,222.31323242188,270.95001220703
08-APR-2025,12.428840222526,9061,J1924-2914,1.1790449619293,348600,AP-S304-F102,0.17126540839672,0.17126540839672,232.47836303711,270.95001220703
08-APR-2025,12.437729111142,9061,J1924-2914,1.1770406961441,336600,AP-S301-F101,0.16574536263943,0.16574536263943,191.87843322754,270.95001220703
08-APR-2025,12.437729111142,9061,J1924-2914,1.1770406961441,336600,AP-S302-F101,0.16598065197468,0.16598065197468,203.44268798828,270.95001220703
08-APR-2025,12.437729111142,9061,J1924-2914,1.1770406961441,348600,AP-S303-F102,0.17078158259392,0.17078158259392,222.31323242188,270.95001220703
08-APR-2025,12.437729111142,9061,J1924-2914,1.1770406961441,348600,AP-S304-F102,0.17126540839672,0.17126540839672,232.47836303711,270.95001220703
08-APR-2025,12.446618000106,9061,J1924-2914,1.1750357151031,336600,AP-S301-F101,0.16574536263943,0.16574536263943,191.87843322754,270.95001220703
08-APR-2025,12.446618000106,9061,J1924-2914,1.1750357151031,336600,AP-S302-F101,0.16598065197468,0.16598065197468,203.44268798828,270.95001220703
08-APR-2025,12.446618000106,9061,J1924-2914,1.1750357151031,348600,AP-S303-F102,0.17078158259392,0.17078158259392,222.31323242188,270.95001220703
08-APR-2025,12.446618000106,9061,J1924-2914,1.1750357151031,348600,AP-S304-F102,0.17126540839672,0.17126540839672,232.47836303711,270.95001220703
08-APR-2025,12.560090218743,9066,SGRA,0.77235954999924,336600,AP-S301-F101,0.14105212688446,0.14105212688446,202.02407836914,271.54998779297
08-APR-2025,12.560090218743,9066,SGRA,0.77235954999924,336600,AP-S302-F101,0.13890728354454,0.13890728354454,212.06932067871,271.54998779297
08-APR-2025,12.560090218743,9066,SGRA,0.77235954999924,348600,AP-S303-F102,0.14327163994312,0.14327163994312,232.49699401855,271.54998779297
08-APR-2025,12.560090218743,9066,SGRA,0.77235954999924,348600,AP-S304-F102,0.1399105489254,0.1399105489254,238.32565307617,271.54998779297
08-APR-2025,12.577729107665,9070,SGRA,0.76832473278046,336600,AP-S301-F101,0.14105212688446,0.14105212688446,202.02407836914,271.54998779297
08-APR-2025,12.577729107665,9070,SGRA,0.76832473278046,336600,AP-S302-F101,0.13890728354454,0.13890728354454,212.06932067871,271.54998779297
08-APR-2025,12.577729107665,9070,SGRA,0.76832473278046,348600,AP-S303-F102,0.14327163994312,0.14327163994312,232.49699401855,271.54998779297
08-APR-2025,12.577729107665,9070,SGRA,0.76832473278046,348600,AP-S304-F102,0.1399105489254,0.1399105489254,238.32565307617,271.54998779297
08-APR-2025,12.586895773597,9070,SGRA,0.76622819900513,336600,AP-S301-F101,0.14105212688446,0.14105212688446,202.02407836914,271.54998779297
08-APR-2025,12.586895773597,9070,SGRA,0.76622819900513,336600,AP-S302-F101,0.13890728354454,0.13890728354454,212.06932067871,271.54998779297
08-APR-2025,12.586895773597,9070,SGRA,0.76622819900513,348600,AP-S303-F102,0.14327163994312,0.14327163994312,232.49699401855,271.54998779297
08-APR-2025,12.586895773597,9070,SGRA,0.76622819900513,348600,AP-S304-F102,0.1399105489254,0.1399105489254,238.32565307617,271.54998779297
08-APR-2025,12.595784662387,9070,SGRA,0.76419538259506,336600,AP-S301-F101,0.14105212688446,0.14105212688446,202.02407836914,271.54998779297
08-APR-2025,12.595784662387,9070,SGRA,0.76419538259506,336600,AP-S302-F101,0.13890728354454,0.13890728354454,212.06932067871,271.54998779297
08-APR-2025,12.595784662387,9070,SGRA,0.76419538259506,348600,AP-S303-F102,0.14327163994312,0.14327163994312,232.49699401855,271.54998779297
08-APR-2025,12.595784662387,9070,SGRA,0.76419538259506,348600,AP-S304-F102,0.1399105489254,0.1399105489254,238.32565307617,271.54998779297
08-APR-2025,12.604673551177,9070,SGRA,0.76216268539429,336600,AP-S301-F101,0.14105212688446,0.14105212688446,202.02407836914,271.54998779297
08-APR-2025,12.604673551177,9070,SGRA,0.76216268539429,336600,AP-S302-F101,0.13890728354454,0.13890728354454,212.06932067871,271.54998779297
08-APR-2025,12.604673551177,9070,SGRA,0.76216268539429,348600,AP-S303-F102,0.14327163994312,0.14327163994312,232.49699401855,271.54998779297
08-APR-2025,12.604673551177,9070,SGRA,0.76216268539429,348600,AP-S304-F102,0.1399105489254,0.1399105489254,238.32565307617,271.54998779297
08-APR-2025,12.613562439967,9070,SGRA,0.76013022661209,336600,AP-S301-F101,0.14105212688446,0.14105212688446,202.02407836914,271.54998779297
08-APR-2025,12.613562439967,9070,SGRA,0.76013022661209,336600,AP-S302-F101,0.13890728354454,0.13890728354454,212.06932067871,271.54998779297
08-APR-2025,12.613562439967,9070,SGRA,0.76013022661209,348600,AP-S303-F102,0.14327163994312,0.14327163994312,232.49699401855,271.54998779297
08-APR-2025,12.613562439967,9070,SGRA,0.76013022661209,348600,AP-S304-F102,0.1399105489254,0.1399105489254,238.32565307617,271.54998779297
08-APR-2025,12.622729108344,9070,SGRA,0.7580344080925,336600,AP-S301-F101,0.14105212688446,0.14105212688446,202.02407836914,271.54998779297
08-APR-2025,12.622729108344,9070,SGRA,0.7580344080925,336600,AP-S302-F101,0.13890728354454,0.13890728354454,212.06932067871,271.54998779297
08-APR-2025,12.622729108344,9070,SGRA,0.7580344080925,348600,AP-S303-F102,0.14327163994312,0.14327163994312,232.49699401855,271.54998779297
08-APR-2025,12.622729108344,9070,SGRA,0.7580344080925,348600,AP-S304-F102,0.1399105489254,0.1399105489254,238.32565307617,271.54998779297
08-APR-2025,12.631756885792,9070,SGRA,0.75597053766251,336600,AP-S301-F101,0.14105212688446,0.14105212688446,202.02407836914,271.54998779297
08-APR-2025,12.631756885792,9070,SGRA,0.75597053766251,336600,AP-S302-F101,0.13890728354454,0.13890728354454,212.06932067871,271.54998779297
08-APR-2025,12.631756885792,9070,SGRA,0.75597053766251,348600,AP-S303-F102,0.14327163994312,0.14327163994312,232.49699401855,271.54998779297
08-APR-2025,12.631756885792,9070,SGRA,0.75597053766251,348600,AP-S304-F102,0.1399105489254,0.1399105489254,238.32565307617,271.54998779297
08-APR-2025,12.641062440207,9070,SGRA,0.75384336709976,336600,AP-S301-F101,0.14105212688446,0.14105212688446,202.02407836914,271.54998779297
08-APR-2025,12.641062440207,9070,SGRA,0.75384336709976,336600,AP-S302-F101,0.13890728354454,0.13890728354454,212.06932067871,271.54998779297
08-APR-2025,12.641062440207,9070,SGRA,0.75384336709976,348600,AP-S303-F102,0.14327163994312,0.14327163994312,232.49699401855,271.54998779297
08-APR-2025,12.641062440207,9070,SGRA,0.75384336709976,348600,AP-S304-F102,0.1399105489254,0.1399105489254,238.32565307617,271.54998779297
08-APR-2025,12.649951329172,9070,SGRA,0.7518116235733,336600,AP-S301-F101,0.14105212688446,0.14105212688446,202.02407836914,271.54998779297
08-APR-2025,12.649951329172,9070,SGRA,0.7518116235733,336600,AP-S302-F101,0.13890728354454,0.13890728354454,212.06932067871,271.54998779297
08-APR-2025,12.649951329172,9070,SGRA,0.7518116235733,348600,AP-S303-F102,0.14327163994312,0.14327163994312,232.49699401855,271.54998779297
08-APR-2025,12.649951329172,9070,SGRA,0.7518116235733,348600,AP-S304-F102,0.1399105489254,0.1399105489254,238.32565307617,271.54998779297
08-APR-2025,12.658840218137,9070,SGRA,0.74978005886078,336600,AP-S301-F101,0.14105212688446,0.14105212688446,202.02407836914,271.54998779297
08-APR-2025,12.658840218137,9070,SGRA,0.74978005886078,336600,AP-S302-F101,0.13890728354454,0.13890728354454,212.06932067871,271.54998779297
08-APR-2025,12.658840218137,9070,SGRA,0.74978005886078,348600,AP-S303-F102,0.14327163994312,0.14327163994312,232.49699401855,271.54998779297
08-APR-2025,12.658840218137,9070,SGRA,0.74978005886078,348600,AP-S304-F102,0.1399105489254,0.1399105489254,238.32565307617,271.54998779297
08-APR-2025,12.667729106752,9070,SGRA,0.74774861335754,336600,AP-S301-F101,0.14105212688446,0.14105212688446,202.02407836914,271.54998779297
08-APR-2025,12.667729106752,9070,SGRA,0.74774861335754,336600,AP-S302-F101,0.13890728354454,0.13890728354454,212.06932067871,271.54998779297
08-APR-2025,12.667729106752,9070,SGRA,0.74774861335754,348600,AP-S303-F102,0.14327163994312,0.14327163994312,232.49699401855,271.54998779297
08-APR-2025,12.667729106752,9070,SGRA,0.74774861335754,348600,AP-S304-F102,0.1399105489254,0.1399105489254,238.32565307617,271.54998779297
08-APR-2025,12.678284663457,9070,SGRA,0.74533659219742,336600,AP-S301-F101,0.14105212688446,0.14105212688446,202.02407836914,271.54998779297
08-APR-2025,12.678284663457,9070,SGRA,0.74533659219742,336600,AP-S302-F101,0.13890728354454,0.13890728354454,212.06932067871,271.54998779297
08-APR-2025,12.678284663457,9070,SGRA,0.74533659219742,348600,AP-S303-F102,0.14327163994312,0.14327163994312,232.49699401855,271.54998779297
08-APR-2025,12.678284663457,9070,SGRA,0.74533659219742,348600,AP-S304-F102,0.1399105489254,0.1399105489254,238.32565307617,271.54998779297
08-APR-2025,12.687173552072,9070,SGRA,0.7433055639267,336600,AP-S301-F101,0.14105212688446,0.14105212688446,202.02407836914,271.54998779297
08-APR-2025,12.687173552072,9070,SGRA,0.7433055639267,336600,AP-S302-F101,0.13890728354454,0.13890728354454,212.06932067871,271.54998779297
08-APR-2025,12.687173552072,9070,SGRA,0.7433055639267,348600,AP-S303-F102,0.14327163994312,0.14327163994312,232.49699401855,271.54998779297
08-APR-2025,12.687173552072,9070,SGRA,0.7433055639267,348600,AP-S304-F102,0.1399105489254,0.1399105489254,238.32565307617,271.54998779297
08-APR-2025,12.696062441037,9070,SGRA,0.74127477407455,336600,AP-S301-F101,0.14105212688446,0.14105212688446,202.02407836914,271.54998779297
08-APR-2025,12.696062441037,9070,SGRA,0.74127477407455,336600,AP-S302-F101,0.13890728354454,0.13890728354454,212.06932067871,271.54998779297
08-APR-2025,12.696062441037,9070,SGRA,0.74127477407455,348600,AP-S303-F102,0.14327163994312,0.14327163994312,232.49699401855,271.54998779297
08-APR-2025,12.696062441037,9070,SGRA,0.74127477407455,348600,AP-S304-F102,0.1399105489254,0.1399105489254,238.32565307617,271.54998779297
08-APR-2025,12.705229106794,9070,SGRA,0.73918074369431,336600,AP-S301-F101,0.14105212688446,0.14105212688446,202.02407836914,271.54998779297
08-APR-2025,12.705229106794,9070,SGRA,0.73918074369431,336600,AP-S302-F101,0.13890728354454,0.13890728354454,212.06932067871,271.54998779297
08-APR-2025,12.705229106794,9070,SGRA,0.73918074369431,348600,AP-S303-F102,0.14327163994312,0.14327163994312,232.49699401855,271.54998779297
08-APR-2025,12.705229106794,9070,SGRA,0.73918074369431,348600,AP-S304-F102,0.1399105489254,0.1399105489254,238.32565307617,271.54998779297
08-APR-2025,12.993886436812,9079,SGRA,0.6733523607254,336600,AP-S301-F101,0.13146485388279,0.13146485388279,205.69841003418,272.45001220703
08-APR-2025,12.993886436812,9079,SGRA,0.6733523607254,336600,AP-S302-F101,0.12920378148556,0.12920378148556,215.50923156738,272.45001220703
08-APR-2025,12.993886436812,9079,SGRA,0.6733523607254,348600,AP-S303-F102,0.13302247226238,0.13302247226238,236.44270324707,272.45001220703
08-APR-2025,12.993886436812,9079,SGRA,0.6733523607254,348600,AP-S304-F102,0.13072574138641,0.13072574138641,242.57109069824,272.45001220703
08-APR-2025,13.011247546147,9083,SGRA,0.66940087080002,336600,AP-S301-F101,0.13146485388279,0.13146485388279,205.69841003418,272.45001220703
08-APR-2025,13.011247546147,9083,SGRA,0.66940087080002,336600,AP-S302-F101,0.12920378148556,0.12920378148556,215.50923156738,272.45001220703
08-APR-2025,13.011247546147,9083,SGRA,0.66940087080002,348600,AP-S303-F102,0.13302247226238,0.13302247226238,236.44270324707,272.45001220703
08-APR-2025,13.011247546147,9083,SGRA,0.66940087080002,348600,AP-S304-F102,0.13072574138641,0.13072574138641,242.57109069824,272.45001220703
08-APR-2025,13.020136434763,9083,SGRA,0.66737794876099,336600,AP-S301-F101,0.13146485388279,0.13146485388279,205.69841003418,272.45001220703
08-APR-2025,13.020136434763,9083,SGRA,0.66737794876099,336600,AP-S302-F101,0.12920378148556,0.12920378148556,215.50923156738,272.45001220703
08-APR-2025,13.020136434763,9083,SGRA,0.66737794876099,348600,AP-S303-F102,0.13302247226238,0.13302247226238,236.44270324707,272.45001220703
08-APR-2025,13.020136434763,9083,SGRA,0.66737794876099,348600,AP-S304-F102,0.13072574138641,0.13072574138641,242.57109069824,272.45001220703
08-APR-2025,13.029025324077,9083,SGRA,0.66535532474518,336600,AP-S301-F101,0.13146485388279,0.13146485388279,205.69841003418,272.45001220703
08-APR-2025,13.029025324077,9083,SGRA,0.66535532474518,336600,AP-S302-F101,0.12920378148556,0.12920378148556,215.50923156738,272.45001220703
08-APR-2025,13.029025324077,9083,SGRA,0.66535532474518,348600,AP-S303-F102,0.13302247226238,0.13302247226238,236.44270324707,272.45001220703
08-APR-2025,13.029025324077,9083,SGRA,0.66535532474518,348600,AP-S304-F102,0.13072574138641,0.13072574138641,242.57109069824,272.45001220703
08-APR-2025,13.037914212518,9083,SGRA,0.66333305835724,336600,AP-S301-F101,0.13146485388279,0.13146485388279,205.69841003418,272.45001220703
08-APR-2025,13.037914212518,9083,SGRA,0.66333305835724,336600,AP-S302-F101,0.12920378148556,0.12920378148556,215.50923156738,272.45001220703
08-APR-2025,13.037914212518,9083,SGRA,0.66333305835724,348600,AP-S303-F102,0.13302247226238,0.13302247226238,236.44270324707,272.45001220703
08-APR-2025,13.037914212518,9083,SGRA,0.66333305835724,348600,AP-S304-F102,0.13072574138641,0.13072574138641,242.57109069824,272.45001220703
08-APR-2025,13.046803101483,9083,SGRA,0.66131097078323,336600,AP-S301-F101,0.13146485388279,0.13146485388279,205.69841003418,272.45001220703
08-APR-2025,13.046803101483,9083,SGRA,0.66131097078323,336600,AP-S302-F101,0.12920378148556,0.12920378148556,215.50923156738,272.45001220703
08-APR-2025,13.046803101483,9083,SGRA,0.66131097078323,348600,AP-S303-F102,0.13302247226238,0.13302247226238,236.44270324707,272.45001220703
08-APR-2025,13.046803101483,9083,SGRA,0.66131097078323,348600,AP-S304-F102,0.13072574138641,0.13072574138641,242.57109069824,272.45001220703
08-APR-2025,13.055691990447,9083,SGRA,0.65928912162781,336600,AP-S301-F101,0.13146485388279,0.13146485388279,205.69841003418,272.45001220703
08-APR-2025,13.055691990447,9083,SGRA,0.65928912162781,336600,AP-S302-F101,0.12920378148556,0.12920378148556,215.50923156738,272.45001220703
08-APR-2025,13.055691990447,9083,SGRA,0.65928912162781,348600,AP-S303-F102,0.13302247226238,0.13302247226238,236.44270324707,272.45001220703
08-APR-2025,13.055691990447,9083,SGRA,0.65928912162781,348600,AP-S304-F102,0.13072574138641,0.13072574138641,242.57109069824,272.45001220703
08-APR-2025,13.064580878888,9083,SGRA,0.65726751089096,336600,AP-S301-F101,0.13146485388279,0.13146485388279,205.69841003418,272.45001220703
08-APR-2025,13.064580878888,9083,SGRA,0.65726751089096,336600,AP-S302-F101,0.12920378148556,0.12920378148556,215.50923156738,272.45001220703
08-APR-2025,13.064580878888,9083,SGRA,0.65726751089096,348600,AP-S303-F102,0.13302247226238,0.13302247226238,236.44270324707,272.45001220703
08-APR-2025,13.064580878888,9083,SGRA,0.65726751089096,348600,AP-S304-F102,0.13072574138641,0.13072574138641,242.57109069824,272.45001220703
08-APR-2025,13.073747547789,9083,SGRA,0.65518301725388,336600,AP-S301-F101,0.13146485388279,0.13146485388279,205.69841003418,272.45001220703
08-APR-2025,13.073747547789,9083,SGRA,0.65518301725388,336600,AP-S302-F101,0.12920378148556,0.12920378148556,215.50923156738,272.45001220703
08-APR-2025,13.073747547789,9083,SGRA,0.65518301725388,348600,AP-S303-F102,0.13302247226238,0.13302247226238,236.44270324707,272.45001220703
08-APR-2025,13.073747547789,9083,SGRA,0.65518301725388,348600,AP-S304-F102,0.13072574138641,0.13072574138641,242.57109069824,272.45001220703
08-APR-2025,13.082636436579,9083,SGRA,0.65316194295883,336600,AP-S301-F101,0.13146485388279,0.13146485388279,205.69841003418,272.45001220703
08-APR-2025,13.082636436579,9083,SGRA,0.65316194295883,336600,AP-S302-F101,0.12920378148556,0.12920378148556,215.50923156738,272.45001220703
08-APR-2025,13.082636436579,9083,SGRA,0.65316194295883,348600,AP-S303-F102,0.13302247226238,0.13302247226238,236.44270324707,272.45001220703
08-APR-2025,13.082636436579,9083,SGRA,0.65316194295883,348600,AP-S304-F102,0.13072574138641,0.13072574138641,242.57109069824,272.45001220703
08-APR-2025,13.091525325194,9083,SGRA,0.65114110708237,336600,AP-S301-F101,0.13146485388279,0.13146485388279,205.69841003418,272.45001220703
08-APR-2025,13.091525325194,9083,SGRA,0.65114110708237,336600,AP-S302-F101,0.12920378148556,0.12920378148556,215.50923156738,272.45001220703
08-APR-2025,13.091525325194,9083,SGRA,0.65114110708237,348600,AP-S303-F102,0.13302247226238,0.13302247226238,236.44270324707,272.45001220703
08-APR-2025,13.091525325194,9083,SGRA,0.65114110708237,348600,AP-S304-F102,0.13072574138641,0.13072574138641,242.57109069824,272.45001220703
08-APR-2025,13.100414213984,9083,SGRA,0.64912062883377,336600,AP-S301-F101,0.13146485388279,0.13146485388279,205.69841003418,272.45001220703
08-APR-2025,13.100414213984,9083,SGRA,0.64912062883377,336600,AP-S302-F101,0.12920378148556,0.12920378148556,215.50923156738,272.45001220703
08-APR-2025,13.100414213984,9083,SGRA,0.64912062883377,348600,AP-S303-F102,0.13302247226238,0.13302247226238,236.44270324707,272.45001220703
08-APR-2025,13.100414213984,9083,SGRA,0.64912062883377,348600,AP-S304-F102,0.13072574138641,0.13072574138641,242.57109069824,272.45001220703
08-APR-2025,13.109303102774,9083,SGRA,0.64710026979446,336600,AP-S301-F101,0.13146485388279,0.13146485388279,205.69841003418,272.45001220703
08-APR-2025,13.109303102774,9083,SGRA,0.64710026979446,336600,AP-S302-F101,0.12920378148556,0.12920378148556,215.50923156738,272.45001220703
08-APR-2025,13.109303102774,9083,SGRA,0.64710026979446,348600,AP-S303-F102,0.13302247226238,0.13302247226238,236.44270324707,272.45001220703
08-APR-2025,13.109303102774,9083,SGRA,0.64710026979446,348600,AP-S304-F102,0.13072574138641,0.13072574138641,242.57109069824,272.45001220703
08-APR-2025,13.120414216032,9083,SGRA,0.64457529783249,336600,AP-S301-F101,0.13146485388279,0.13146485388279,205.69841003418,272.45001220703
08-APR-2025,13.120414216032,9083,SGRA,0.64457529783249,336600,AP-S302-F101,0.12920378148556,0.12920378148556,215.50923156738,272.45001220703
08-APR-2025,13.120414216032,9083,SGRA,0.64457529783249,348600,AP-S303-F102,0.13302247226238,0.13302247226238,236.44270324707,272.45001220703
08-APR-2025,13.120414216032,9083,SGRA,0.64457529783249,348600,AP-S304-F102,0.13072574138641,0.13072574138641,242.57109069824,272.45001220703
08-APR-2025,13.129303104997,9083,SGRA,0.64255559444427,336600,AP-S301-F101,0.13146485388279,0.13146485388279,205.69841003418,272.45001220703
08-APR-2025,13.129303104997,9083,SGRA,0.64255559444427,336600,AP-S302-F101,0.12920378148556,0.12920378148556,215.50923156738,272.45001220703
08-APR-2025,13.129303104997,9083,SGRA,0.64255559444427,348600,AP-S303-F102,0.13302247226238,0.13302247226238,236.44270324707,272.45001220703
08-APR-2025,13.129303104997,9083,SGRA,0.64255559444427,348600,AP-S304-F102,0.13072574138641,0.13072574138641,242.57109069824,272.45001220703
08-APR-2025,13.138191993612,9083,SGRA,0.64053618907928,336600,AP-S301-F101,0.13146485388279,0.13146485388279,205.69841003418,272.45001220703
08-APR-2025,13.138191993612,9083,SGRA,0.64053618907928,336600,AP-S302-F101,0.12920378148556,0.12920378148556,215.50923156738,272.45001220703
08-APR-2025,13.138191993612,9083,SGRA,0.64053618907928,348600,AP-S303-F102,0.13302247226238,0.13302247226238,236.44270324707,272.45001220703
08-APR-2025,13.138191993612,9083,SGRA,0.64053618907928,348600,AP-S304-F102,0.13072574138641,0.13072574138641,242.57109069824,272.45001220703
08-APR-2025,13.327497544281,9088,J1924-2914,0.97426170110703,336600,AP-S301-F101,0.15263497829437,0.15263497829437,194.31115722656,273.04998779297
08-APR-2025,13.327497544281,9088,J1924-2914,0.97426170110703,336600,AP-S302-F101,0.15155746042728,0.15155746042728,205.28680419922,273.04998779297
08-APR-2025,13.327497544281,9088,J1924-2914,0.97426170110703,348600,AP-S303-F102,0.15641671419144,0.15641671419144,225.09233093262,273.04998779297
08-APR-2025,13.327497544281,9088,J1924-2914,0.97426170110703,348600,AP-S304-F102,0.15404862165451,0.15404862165451,232.82456970215,273.04998779297
08-APR-2025,13.34458087665,9092,J1924-2914,0.97034782171249,336600,AP-S301-F101,0.15263497829437,0.15263497829437,194.31115722656,273.04998779297
08-APR-2025,13.34458087665,9092,J1924-2914,0.97034782171249,336600,AP-S302-F101,0.15155746042728,0.15155746042728,205.28680419922,273.04998779297
08-APR-2025,13.34458087665,9092,J1924-2914,0.97034782171249,348600,AP-S303-F102,0.15641671419144,0.15641671419144,225.09233093262,273.04998779297
08-APR-2025,13.34458087665,9092,J1924-2914,0.97034782171249,348600,AP-S304-F102,0.15404862165451,0.15404862165451,232.82456970215,273.04998779297
08-APR-2025,13.353469765615,9092,J1924-2914,0.96831125020981,336600,AP-S301-F101,0.15263497829437,0.15263497829437,194.31115722656,273.04998779297
08-APR-2025,13.353469765615,9092,J1924-2914,0.96831125020981,336600,AP-S302-F101,0.15155746042728,0.15155746042728,205.28680419922,273.04998779297
08-APR-2025,13.353469765615,9092,J1924-2914,0.96831125020981,348600,AP-S303-F102,0.15641671419144,0.15641671419144,225.09233093262,273.04998779297
08-APR-2025,13.353469765615,9092,J1924-2914,0.96831125020981,348600,AP-S304-F102,0.15404862165451,0.15404862165451,232.82456970215,273.04998779297
08-APR-2025,13.362358654055,9092,J1924-2914,0.96627461910248,336600,AP-S301-F101,0.15263497829437,0.15263497829437,194.31115722656,273.04998779297
08-APR-2025,13.362358654055,9092,J1924-2914,0.96627461910248,336600,AP-S302-F101,0.15155746042728,0.15155746042728,205.28680419922,273.04998779297
08-APR-2025,13.362358654055,9092,J1924-2914,0.96627461910248,348600,AP-S303-F102,0.15641671419144,0.15641671419144,225.09233093262,273.04998779297
08-APR-2025,13.362358654055,9092,J1924-2914,0.96627461910248,348600,AP-S304-F102,0.15404862165451,0.15404862165451,232.82456970215,273.04998779297
08-APR-2025,13.37124754302,9092,J1924-2914,0.96423804759979,336600,AP-S301-F101,0.15263497829437,0.15263497829437,194.31115722656,273.04998779297
08-APR-2025,13.37124754302,9092,J1924-2914,0.96423804759979,336600,AP-S302-F101,0.15155746042728,0.15155746042728,205.28680419922,273.04998779297
08-APR-2025,13.37124754302,9092,J1924-2914,0.96423804759979,348600,AP-S303-F102,0.15641671419144,0.15641671419144,225.09233093262,273.04998779297
08-APR-2025,13.37124754302,9092,J1924-2914,0.96423804759979,348600,AP-S304-F102,0.15404862165451,0.15404862165451,232.82456970215,273.04998779297
08-APR-2025,13.380136431985,9092,J1924-2914,0.96220123767853,336600,AP-S301-F101,0.15263497829437,0.15263497829437,194.31115722656,273.04998779297
08-APR-2025,13.380136431985,9092,J1924-2914,0.96220123767853,336600,AP-S302-F101,0.15155746042728,0.15155746042728,205.28680419922,273.04998779297
08-APR-2025,13.380136431985,9092,J1924-2914,0.96220123767853,348600,AP-S303-F102,0.15641671419144,0.15641671419144,225.09233093262,273.04998779297
08-APR-2025,13.380136431985,9092,J1924-2914,0.96220123767853,348600,AP-S304-F102,0.15404862165451,0.15404862165451,232.82456970215,273.04998779297
08-APR-2025,1.3439505710922,8497,3C279,0.75191015005112,336600,AP-S301-F101,0.302868694067,0.302868694067,328.22988891602,268.85000610352
08-APR-2025,1.3439505710922,8497,3C279,0.75191015005112,336600,AP-S302-F101,0.30405899882317,0.30405899882317,340.81631469727,268.85000610352
08-APR-2025,1.3439505710922,8497,3C279,0.75191015005112,348600,AP-S303-F102,0.30203479528427,0.30203479528427,365.21054077148,268.85000610352
08-APR-2025,1.3439505710922,8497,3C279,0.75191015005112,348600,AP-S304-F102,0.304727435112,0.304727435112,376.25350952148,268.85000610352
08-APR-2025,13.493886433177,9097,SGRA,0.55996429920197,336600,AP-S301-F101,0.13140250742435,0.13140250742435,222.43673706055,273.04998779297
08-APR-2025,13.493886433177,9097,SGRA,0.55996429920197,336600,AP-S302-F101,0.129115909338,0.129115909338,232.13096618652,273.04998779297
08-APR-2025,13.493886433177,9097,SGRA,0.55996429920197,348600,AP-S303-F102,0.1326729953289,0.1326729953289,255.08410644531,273.04998779297
08-APR-2025,13.493886433177,9097,SGRA,0.55996429920197,348600,AP-S304-F102,0.12946647405624,0.12946647405624,259.67208862305,273.04998779297
08-APR-2025,13.511247544433,9101,SGRA,0.55604428052902,336600,AP-S301-F101,0.13140250742435,0.13140250742435,222.43673706055,273.04998779297
08-APR-2025,13.511247544433,9101,SGRA,0.55604428052902,336600,AP-S302-F101,0.129115909338,0.129115909338,232.13096618652,273.04998779297
08-APR-2025,13.511247544433,9101,SGRA,0.55604428052902,348600,AP-S303-F102,0.1326729953289,0.1326729953289,255.08410644531,273.04998779297
08-APR-2025,13.511247544433,9101,SGRA,0.55604428052902,348600,AP-S304-F102,0.12946647405624,0.12946647405624,259.67208862305,273.04998779297
08-APR-2025,13.520414212635,9101,SGRA,0.553975045681,336600,AP-S301-F101,0.13140250742435,0.13140250742435,222.43673706055,273.04998779297
08-APR-2025,13.520414212635,9101,SGRA,0.553975045681,336600,AP-S302-F101,0.129115909338,0.129115909338,232.13096618652,273.04998779297
08-APR-2025,13.520414212635,9101,SGRA,0.553975045681,348600,AP-S303-F102,0.1326729953289,0.1326729953289,255.08410644531,273.04998779297
08-APR-2025,13.520414212635,9101,SGRA,0.553975045681,348600,AP-S304-F102,0.12946647405624,0.12946647405624,259.67208862305,273.04998779297
08-APR-2025,13.529303101076,9101,SGRA,0.55196893215179,336600,AP-S301-F101,0.13140250742435,0.13140250742435,222.43673706055,273.04998779297
08-APR-2025,13.529303101076,9101,SGRA,0.55196893215179,336600,AP-S302-F101,0.129115909338,0.129115909338,232.13096618652,273.04998779297
08-APR-2025,13.529303101076,9101,SGRA,0.55196893215179,348600,AP-S303-F102,0.1326729953289,0.1326729953289,255.08410644531,273.04998779297
08-APR-2025,13.529303101076,9101,SGRA,0.55196893215179,348600,AP-S304-F102,0.12946647405624,0.12946647405624,259.67208862305,273.04998779297
08-APR-2025,13.538191990041,9101,SGRA,0.54996305704117,336600,AP-S301-F101,0.13140250742435,0.13140250742435,222.43673706055,273.04998779297
08-APR-2025,13.538191990041,9101,SGRA,0.54996305704117,336600,AP-S302-F101,0.129115909338,0.129115909338,232.13096618652,273.04998779297
08-APR-2025,13.538191990041,9101,SGRA,0.54996305704117,348600,AP-S303-F102,0.1326729953289,0.1326729953289,255.08410644531,273.04998779297
08-APR-2025,13.538191990041,9101,SGRA,0.54996305704117,348600,AP-S304-F102,0.12946647405624,0.12946647405624,259.67208862305,273.04998779297
08-APR-2025,13.547080879005,9101,SGRA,0.54795759916306,336600,AP-S301-F101,0.13140250742435,0.13140250742435,222.43673706055,273.04998779297
08-APR-2025,13.547080879005,9101,SGRA,0.54795759916306,336600,AP-S302-F101,0.129115909338,0.129115909338,232.13096618652,273.04998779297
08-APR-2025,13.547080879005,9101,SGRA,0.54795759916306,348600,AP-S303-F102,0.1326729953289,0.1326729953289,255.08410644531,273.04998779297
08-APR-2025,13.547080879005,9101,SGRA,0.54795759916306,348600,AP-S304-F102,0.12946647405624,0.12946647405624,259.67208862305,273.04998779297
08-APR-2025,13.555969767621,9101,SGRA,0.54595249891281,336600,AP-S301-F101,0.13140250742435,0.13140250742435,222.43673706055,273.04998779297
08-APR-2025,13.555969767621,9101,SGRA,0.54595249891281,336600,AP-S302-F101,0.129115909338,0.129115909338,232.13096618652,273.04998779297
08-APR-2025,13.555969767621,9101,SGRA,0.54595249891281,348600,AP-S303-F102,0.1326729953289,0.1326729953289,255.08410644531,273.04998779297
08-APR-2025,13.555969767621,9101,SGRA,0.54595249891281,348600,AP-S304-F102,0.12946647405624,0.12946647405624,259.67208862305,273.04998779297
08-APR-2025,13.564858656586,9101,SGRA,0.54394763708115,336600,AP-S301-F101,0.13140250742435,0.13140250742435,222.43673706055,273.04998779297
08-APR-2025,13.564858656586,9101,SGRA,0.54394763708115,336600,AP-S302-F101,0.129115909338,0.129115909338,232.13096618652,273.04998779297
08-APR-2025,13.564858656586,9101,SGRA,0.54394763708115,348600,AP-S303-F102,0.1326729953289,0.1326729953289,255.08410644531,273.04998779297
08-APR-2025,13.564858656586,9101,SGRA,0.54394763708115,348600,AP-S304-F102,0.12946647405624,0.12946647405624,259.67208862305,273.04998779297
08-APR-2025,13.573747545376,9101,SGRA,0.54194319248199,336600,AP-S301-F101,0.13140250742435,0.13140250742435,222.43673706055,273.04998779297
08-APR-2025,13.573747545376,9101,SGRA,0.54194319248199,336600,AP-S302-F101,0.129115909338,0.129115909338,232.13096618652,273.04998779297
08-APR-2025,13.573747545376,9101,SGRA,0.54194319248199,348600,AP-S303-F102,0.1326729953289,0.1326729953289,255.08410644531,273.04998779297
08-APR-2025,13.573747545376,9101,SGRA,0.54194319248199,348600,AP-S304-F102,0.12946647405624,0.12946647405624,259.67208862305,273.04998779297
08-APR-2025,13.582914211482,9101,SGRA,0.5398765206337,336600,AP-S301-F101,0.13140250742435,0.13140250742435,222.43673706055,273.04998779297
08-APR-2025,13.582914211482,9101,SGRA,0.5398765206337,336600,AP-S302-F101,0.129115909338,0.129115909338,232.13096618652,273.04998779297
08-APR-2025,13.582914211482,9101,SGRA,0.5398765206337,348600,AP-S303-F102,0.1326729953289,0.1326729953289,255.08410644531,273.04998779297
08-APR-2025,13.582914211482,9101,SGRA,0.5398765206337,348600,AP-S304-F102,0.12946647405624,0.12946647405624,259.67208862305,273.04998779297
08-APR-2025,13.591803100098,9101,SGRA,0.53787273168564,336600,AP-S301-F101,0.13140250742435,0.13140250742435,222.43673706055,273.04998779297
08-APR-2025,13.591803100098,9101,SGRA,0.53787273168564,336600,AP-S302-F101,0.129115909338,0.129115909338,232.13096618652,273.04998779297
08-APR-2025,13.591803100098,9101,SGRA,0.53787273168564,348600,AP-S303-F102,0.1326729953289,0.1326729953289,255.08410644531,273.04998779297
08-APR-2025,13.591803100098,9101,SGRA,0.53787273168564,348600,AP-S304-F102,0.12946647405624,0.12946647405624,259.67208862305,273.04998779297
08-APR-2025,13.600691988888,9101,SGRA,0.53586935997009,336600,AP-S301-F101,0.13140250742435,0.13140250742435,222.43673706055,273.04998779297
08-APR-2025,13.600691988888,9101,SGRA,0.53586935997009,336600,AP-S302-F101,0.129115909338,0.129115909338,232.13096618652,273.04998779297
08-APR-2025,13.600691988888,9101,SGRA,0.53586935997009,348600,AP-S303-F102,0.1326729953289,0.1326729953289,255.08410644531,273.04998779297
08-APR-2025,13.600691988888,9101,SGRA,0.53586935997009,348600,AP-S304-F102,0.12946647405624,0.12946647405624,259.67208862305,273.04998779297
08-APR-2025,1.3604783510983,8501,3C279,0.75578224658966,336600,AP-S301-F101,0.302868694067,0.302868694067,328.22988891602,268.85000610352
08-APR-2025,1.3604783510983,8501,3C279,0.75578224658966,336600,AP-S302-F101,0.30405899882317,0.30405899882317,340.81631469727,268.85000610352
08-APR-2025,1.3604783510983,8501,3C279,0.75578224658966,348600,AP-S303-F102,0.30203479528427,0.30203479528427,365.21054077148,268.85000610352
08-APR-2025,1.3604783510983,8501,3C279,0.75578224658966,348600,AP-S304-F102,0.304727435112,0.304727435112,376.25350952148,268.85000610352
08-APR-2025,13.609580877503,9101,SGRA,0.53386628627777,336600,AP-S301-F101,0.13140250742435,0.13140250742435,222.43673706055,273.04998779297
08-APR-2025,13.609580877503,9101,SGRA,0.53386628627777,336600,AP-S302-F101,0.129115909338,0.129115909338,232.13096618652,273.04998779297
08-APR-2025,13.609580877503,9101,SGRA,0.53386628627777,348600,AP-S303-F102,0.1326729953289,0.1326729953289,255.08410644531,273.04998779297
08-APR-2025,13.609580877503,9101,SGRA,0.53386628627777,348600,AP-S304-F102,0.12946647405624,0.12946647405624,259.67208862305,273.04998779297
08-APR-2025,13.618469766468,9101,SGRA,0.53186362981796,336600,AP-S301-F101,0.13140250742435,0.13140250742435,222.43673706055,273.04998779297
08-APR-2025,13.618469766468,9101,SGRA,0.53186362981796,336600,AP-S302-F101,0.129115909338,0.129115909338,232.13096618652,273.04998779297
08-APR-2025,13.618469766468,9101,SGRA,0.53186362981796,348600,AP-S303-F102,0.1326729953289,0.1326729953289,255.08410644531,273.04998779297
08-APR-2025,13.618469766468,9101,SGRA,0.53186362981796,348600,AP-S304-F102,0.12946647405624,0.12946647405624,259.67208862305,273.04998779297
08-APR-2025,13.627358655433,9101,SGRA,0.52986127138138,336600,AP-S301-F101,0.13140250742435,0.13140250742435,222.43673706055,273.04998779297
08-APR-2025,13.627358655433,9101,SGRA,0.52986127138138,336600,AP-S302-F101,0.129115909338,0.129115909338,232.13096618652,273.04998779297
08-APR-2025,13.627358655433,9101,SGRA,0.52986127138138,348600,AP-S303-F102,0.1326729953289,0.1326729953289,255.08410644531,273.04998779297
08-APR-2025,13.627358655433,9101,SGRA,0.52986127138138,348600,AP-S304-F102,0.12946647405624,0.12946647405624,259.67208862305,273.04998779297
08-APR-2025,13.636247544048,9101,SGRA,0.52785927057266,336600,AP-S301-F101,0.13140250742435,0.13140250742435,222.43673706055,273.04998779297
08-APR-2025,13.636247544048,9101,SGRA,0.52785927057266,336600,AP-S302-F101,0.129115909338,0.129115909338,232.13096618652,273.04998779297
08-APR-2025,13.636247544048,9101,SGRA,0.52785927057266,348600,AP-S303-F102,0.1326729953289,0.1326729953289,255.08410644531,273.04998779297
08-APR-2025,13.636247544048,9101,SGRA,0.52785927057266,348600,AP-S304-F102,0.12946647405624,0.12946647405624,259.67208862305,273.04998779297
08-APR-2025,1.3696450170301,8501,3C279,0.7579288482666,336600,AP-S301-F101,0.302868694067,0.302868694067,328.22988891602,268.85000610352
08-APR-2025,1.3696450170301,8501,3C279,0.7579288482666,336600,AP-S302-F101,0.30405899882317,0.30405899882317,340.81631469727,268.85000610352
08-APR-2025,1.3696450170301,8501,3C279,0.7579288482666,348600,AP-S303-F102,0.30203479528427,0.30203479528427,365.21054077148,268.85000610352
08-APR-2025,1.3696450170301,8501,3C279,0.7579288482666,348600,AP-S304-F102,0.304727435112,0.304727435112,376.25350952148,268.85000610352
08-APR-2025,1.3788116834857,8501,3C279,0.76007461547852,336600,AP-S301-F101,0.302868694067,0.302868694067,328.22988891602,268.85000610352
08-APR-2025,1.3788116834857,8501,3C279,0.76007461547852,336600,AP-S302-F101,0.30405899882317,0.30405899882317,340.81631469727,268.85000610352
08-APR-2025,1.3788116834857,8501,3C279,0.76007461547852,348600,AP-S303-F102,0.30203479528427,0.30203479528427,365.21054077148,268.85000610352
08-APR-2025,1.3788116834857,8501,3C279,0.76007461547852,348600,AP-S304-F102,0.304727435112,0.304727435112,376.25350952148,268.85000610352
08-APR-2025,13.82721976106,9104,SGRA,0.48493674397469,336600,AP-S301-F101,0.12502403557301,0.12502403557301,231.5534362793,273.14999389648
08-APR-2025,13.82721976106,9104,SGRA,0.48493674397469,336600,AP-S302-F101,0.12388867884874,0.12388867884874,242.28573608398,273.14999389648
08-APR-2025,13.82721976106,9104,SGRA,0.48493674397469,348600,AP-S303-F102,0.12611019611359,0.12611019611359,264.64270019531,273.14999389648
08-APR-2025,13.82721976106,9104,SGRA,0.48493674397469,348600,AP-S304-F102,0.12465241551399,0.12465241551399,271.18685913086,273.14999389648
08-APR-2025,13.844997537592,9108,SGRA,0.4809498488903,336600,AP-S301-F101,0.12502403557301,0.12502403557301,231.5534362793,273.14999389648
08-APR-2025,13.844997537592,9108,SGRA,0.4809498488903,336600,AP-S302-F101,0.12388867884874,0.12388867884874,242.28573608398,273.14999389648
08-APR-2025,13.844997537592,9108,SGRA,0.4809498488903,348600,AP-S303-F102,0.12611019611359,0.12611019611359,264.64270019531,273.14999389648
08-APR-2025,13.844997537592,9108,SGRA,0.4809498488903,348600,AP-S304-F102,0.12465241551399,0.12465241551399,271.18685913086,273.14999389648
08-APR-2025,13.854025317834,9108,SGRA,0.47892597317696,336600,AP-S301-F101,0.12502403557301,0.12502403557301,231.5534362793,273.14999389648
08-APR-2025,13.854025317834,9108,SGRA,0.47892597317696,336600,AP-S302-F101,0.12388867884874,0.12388867884874,242.28573608398,273.14999389648
08-APR-2025,13.854025317834,9108,SGRA,0.47892597317696,348600,AP-S303-F102,0.12611019611359,0.12611019611359,264.64270019531,273.14999389648
08-APR-2025,13.854025317834,9108,SGRA,0.47892597317696,348600,AP-S304-F102,0.12465241551399,0.12465241551399,271.18685913086,273.14999389648
08-APR-2025,13.862914206275,9108,SGRA,0.47693356871605,336600,AP-S301-F101,0.12502403557301,0.12502403557301,231.5534362793,273.14999389648
08-APR-2025,13.862914206275,9108,SGRA,0.47693356871605,336600,AP-S302-F101,0.12388867884874,0.12388867884874,242.28573608398,273.14999389648
08-APR-2025,13.862914206275,9108,SGRA,0.47693356871605,348600,AP-S303-F102,0.12611019611359,0.12611019611359,264.64270019531,273.14999389648
08-APR-2025,13.862914206275,9108,SGRA,0.47693356871605,348600,AP-S304-F102,0.12465241551399,0.12465241551399,271.18685913086,273.14999389648
08-APR-2025,13.871803095065,9108,SGRA,0.47494155168533,336600,AP-S301-F101,0.12502403557301,0.12502403557301,231.5534362793,273.14999389648
08-APR-2025,13.871803095065,9108,SGRA,0.47494155168533,336600,AP-S302-F101,0.12388867884874,0.12388867884874,242.28573608398,273.14999389648
08-APR-2025,13.871803095065,9108,SGRA,0.47494155168533,348600,AP-S303-F102,0.12611019611359,0.12611019611359,264.64270019531,273.14999389648
08-APR-2025,13.871803095065,9108,SGRA,0.47494155168533,348600,AP-S304-F102,0.12465241551399,0.12465241551399,271.18685913086,273.14999389648
08-APR-2025,13.880691983855,9108,SGRA,0.47294998168945,336600,AP-S301-F101,0.12502403557301,0.12502403557301,231.5534362793,273.14999389648
08-APR-2025,13.880691983855,9108,SGRA,0.47294998168945,336600,AP-S302-F101,0.12388867884874,0.12388867884874,242.28573608398,273.14999389648
08-APR-2025,13.880691983855,9108,SGRA,0.47294998168945,348600,AP-S303-F102,0.12611019611359,0.12611019611359,264.64270019531,273.14999389648
08-APR-2025,13.880691983855,9108,SGRA,0.47294998168945,348600,AP-S304-F102,0.12465241551399,0.12465241551399,271.18685913086,273.14999389648
08-APR-2025,13.889580873169,9108,SGRA,0.47095879912376,336600,AP-S301-F101,0.12502403557301,0.12502403557301,231.5534362793,273.14999389648
08-APR-2025,13.889580873169,9108,SGRA,0.47095879912376,336600,AP-S302-F101,0.12388867884874,0.12388867884874,242.28573608398,273.14999389648
08-APR-2025,13.889580873169,9108,SGRA,0.47095879912376,348600,AP-S303-F102,0.12611019611359,0.12611019611359,264.64270019531,273.14999389648
08-APR-2025,13.889580873169,9108,SGRA,0.47095879912376,348600,AP-S304-F102,0.12465241551399,0.12465241551399,271.18685913086,273.14999389648
08-APR-2025,13.89846976196,9108,SGRA,0.46896806359291,336600,AP-S301-F101,0.12502403557301,0.12502403557301,231.5534362793,273.14999389648
08-APR-2025,13.89846976196,9108,SGRA,0.46896806359291,336600,AP-S302-F101,0.12388867884874,0.12388867884874,242.28573608398,273.14999389648
08-APR-2025,13.89846976196,9108,SGRA,0.46896806359291,348600,AP-S303-F102,0.12611019611359,0.12611019611359,264.64270019531,273.14999389648
08-APR-2025,13.89846976196,9108,SGRA,0.46896806359291,348600,AP-S304-F102,0.12465241551399,0.12465241551399,271.18685913086,273.14999389648
08-APR-2025,13.907636427891,9108,SGRA,0.46691545844078,336600,AP-S301-F101,0.12502403557301,0.12502403557301,231.5534362793,273.14999389648
08-APR-2025,13.907636427891,9108,SGRA,0.46691545844078,336600,AP-S302-F101,0.12388867884874,0.12388867884874,242.28573608398,273.14999389648
08-APR-2025,13.907636427891,9108,SGRA,0.46691545844078,348600,AP-S303-F102,0.12611019611359,0.12611019611359,264.64270019531,273.14999389648
08-APR-2025,13.907636427891,9108,SGRA,0.46691545844078,348600,AP-S304-F102,0.12465241551399,0.12465241551399,271.18685913086,273.14999389648
08-APR-2025,13.916525316681,9108,SGRA,0.46492552757263,336600,AP-S301-F101,0.12502403557301,0.12502403557301,231.5534362793,273.14999389648
08-APR-2025,13.916525316681,9108,SGRA,0.46492552757263,336600,AP-S302-F101,0.12388867884874,0.12388867884874,242.28573608398,273.14999389648
08-APR-2025,13.916525316681,9108,SGRA,0.46492552757263,348600,AP-S303-F102,0.12611019611359,0.12611019611359,264.64270019531,273.14999389648
08-APR-2025,13.916525316681,9108,SGRA,0.46492552757263,348600,AP-S304-F102,0.12465241551399,0.12465241551399,271.18685913086,273.14999389648
08-APR-2025,13.925414205472,9108,SGRA,0.46293604373932,336600,AP-S301-F101,0.12502403557301,0.12502403557301,231.5534362793,273.14999389648
08-APR-2025,13.925414205472,9108,SGRA,0.46293604373932,336600,AP-S302-F101,0.12388867884874,0.12388867884874,242.28573608398,273.14999389648
08-APR-2025,13.925414205472,9108,SGRA,0.46293604373932,348600,AP-S303-F102,0.12611019611359,0.12611019611359,264.64270019531,273.14999389648
08-APR-2025,13.925414205472,9108,SGRA,0.46293604373932,348600,AP-S304-F102,0.12465241551399,0.12465241551399,271.18685913086,273.14999389648
08-APR-2025,13.934303094087,9108,SGRA,0.46094685792923,336600,AP-S301-F101,0.12502403557301,0.12502403557301,231.5534362793,273.14999389648
08-APR-2025,13.934303094087,9108,SGRA,0.46094685792923,336600,AP-S302-F101,0.12388867884874,0.12388867884874,242.28573608398,273.14999389648
08-APR-2025,13.934303094087,9108,SGRA,0.46094685792923,348600,AP-S303-F102,0.12611019611359,0.12611019611359,264.64270019531,273.14999389648
08-APR-2025,13.934303094087,9108,SGRA,0.46094685792923,348600,AP-S304-F102,0.12465241551399,0.12465241551399,271.18685913086,273.14999389648
08-APR-2025,13.943469762464,9108,SGRA,0.45889601111412,336600,AP-S301-F101,0.12502403557301,0.12502403557301,231.5534362793,273.14999389648
08-APR-2025,13.943469762464,9108,SGRA,0.45889601111412,336600,AP-S302-F101,0.12388867884874,0.12388867884874,242.28573608398,273.14999389648
08-APR-2025,13.943469762464,9108,SGRA,0.45889601111412,348600,AP-S303-F102,0.12611019611359,0.12611019611359,264.64270019531,273.14999389648
08-APR-2025,13.943469762464,9108,SGRA,0.45889601111412,348600,AP-S304-F102,0.12465241551399,0.12465241551399,271.18685913086,273.14999389648
08-APR-2025,13.952358651428,9108,SGRA,0.45690774917603,336600,AP-S301-F101,0.12502403557301,0.12502403557301,231.5534362793,273.14999389648
08-APR-2025,13.952358651428,9108,SGRA,0.45690774917603,336600,AP-S302-F101,0.12388867884874,0.12388867884874,242.28573608398,273.14999389648
08-APR-2025,13.952358651428,9108,SGRA,0.45690774917603,348600,AP-S303-F102,0.12611019611359,0.12611019611359,264.64270019531,273.14999389648
08-APR-2025,13.952358651428,9108,SGRA,0.45690774917603,348600,AP-S304-F102,0.12465241551399,0.12465241551399,271.18685913086,273.14999389648
08-APR-2025,13.961247539869,9108,SGRA,0.45491981506348,336600,AP-S301-F101,0.12502403557301,0.12502403557301,231.5534362793,273.14999389648
08-APR-2025,13.961247539869,9108,SGRA,0.45491981506348,336600,AP-S302-F101,0.12388867884874,0.12388867884874,242.28573608398,273.14999389648
08-APR-2025,13.961247539869,9108,SGRA,0.45491981506348,348600,AP-S303-F102,0.12611019611359,0.12611019611359,264.64270019531,273.14999389648
08-APR-2025,13.961247539869,9108,SGRA,0.45491981506348,348600,AP-S304-F102,0.12465241551399,0.12465241551399,271.18685913086,273.14999389648
08-APR-2025,13.970136428834,9108,SGRA,0.45293241739273,336600,AP-S301-F101,0.12502403557301,0.12502403557301,231.5534362793,273.14999389648
08-APR-2025,13.970136428834,9108,SGRA,0.45293241739273,336600,AP-S302-F101,0.12388867884874,0.12388867884874,242.28573608398,273.14999389648
08-APR-2025,13.970136428834,9108,SGRA,0.45293241739273,348600,AP-S303-F102,0.12611019611359,0.12611019611359,264.64270019531,273.14999389648
08-APR-2025,13.970136428834,9108,SGRA,0.45293241739273,348600,AP-S304-F102,0.12465241551399,0.12465241551399,271.18685913086,273.14999389648
08-APR-2025,14.16027531669,9111,SGRA,0.41052296757698,336600,AP-S301-F101,0.14489489793777,0.14489489793777,278.9091796875,273.45001220703
08-APR-2025,14.16027531669,9111,SGRA,0.41052296757698,336600,AP-S302-F101,0.14279453456402,0.14279453456402,288.71139526367,273.45001220703
08-APR-2025,14.16027531669,9111,SGRA,0.41052296757698,348600,AP-S303-F102,0.14609295129776,0.14609295129776,316.57739257813,273.45001220703
08-APR-2025,14.16027531669,9111,SGRA,0.41052296757698,348600,AP-S304-F102,0.14312967658043,0.14312967658043,321.09970092773,273.45001220703
08-APR-2025,14.178191984151,9115,SGRA,0.40653741359711,336600,AP-S301-F101,0.14489489793777,0.14489489793777,278.9091796875,273.45001220703
08-APR-2025,14.178191984151,9115,SGRA,0.40653741359711,336600,AP-S302-F101,0.14279453456402,0.14279453456402,288.71139526367,273.45001220703
08-APR-2025,14.178191984151,9115,SGRA,0.40653741359711,348600,AP-S303-F102,0.14609295129776,0.14609295129776,316.57739257813,273.45001220703
08-APR-2025,14.178191984151,9115,SGRA,0.40653741359711,348600,AP-S304-F102,0.14312967658043,0.14312967658043,321.09970092773,273.45001220703
08-APR-2025,14.187358650258,9115,SGRA,0.40449890494347,336600,AP-S301-F101,0.14489489793777,0.14489489793777,278.9091796875,273.45001220703
08-APR-2025,14.187358650258,9115,SGRA,0.40449890494347,336600,AP-S302-F101,0.14279453456402,0.14279453456402,288.71139526367,273.45001220703
08-APR-2025,14.187358650258,9115,SGRA,0.40449890494347,348600,AP-S303-F102,0.14609295129776,0.14609295129776,316.57739257813,273.45001220703
08-APR-2025,14.187358650258,9115,SGRA,0.40449890494347,348600,AP-S304-F102,0.14312967658043,0.14312967658043,321.09970092773,273.45001220703
08-APR-2025,14.196247539222,9115,SGRA,0.40252271294594,336600,AP-S301-F101,0.14489489793777,0.14489489793777,278.9091796875,273.45001220703
08-APR-2025,14.196247539222,9115,SGRA,0.40252271294594,336600,AP-S302-F101,0.14279453456402,0.14279453456402,288.71139526367,273.45001220703
08-APR-2025,14.196247539222,9115,SGRA,0.40252271294594,348600,AP-S303-F102,0.14609295129776,0.14609295129776,316.57739257813,273.45001220703
08-APR-2025,14.196247539222,9115,SGRA,0.40252271294594,348600,AP-S304-F102,0.14312967658043,0.14312967658043,321.09970092773,273.45001220703
08-APR-2025,14.205136427663,9115,SGRA,0.40054696798325,336600,AP-S301-F101,0.14489489793777,0.14489489793777,278.9091796875,273.45001220703
08-APR-2025,14.205136427663,9115,SGRA,0.40054696798325,336600,AP-S302-F101,0.14279453456402,0.14279453456402,288.71139526367,273.45001220703
08-APR-2025,14.205136427663,9115,SGRA,0.40054696798325,348600,AP-S303-F102,0.14609295129776,0.14609295129776,316.57739257813,273.45001220703
08-APR-2025,14.205136427663,9115,SGRA,0.40054696798325,348600,AP-S304-F102,0.14312967658043,0.14312967658043,321.09970092773,273.45001220703
08-APR-2025,14.214303093944,9115,SGRA,0.39851003885269,336600,AP-S301-F101,0.14489489793777,0.14489489793777,278.9091796875,273.45001220703
08-APR-2025,14.214303093944,9115,SGRA,0.39851003885269,336600,AP-S302-F101,0.14279453456402,0.14279453456402,288.71139526367,273.45001220703
08-APR-2025,14.214303093944,9115,SGRA,0.39851003885269,348600,AP-S303-F102,0.14609295129776,0.14609295129776,316.57739257813,273.45001220703
08-APR-2025,14.214303093944,9115,SGRA,0.39851003885269,348600,AP-S304-F102,0.14312967658043,0.14312967658043,321.09970092773,273.45001220703
08-APR-2025,14.223191982734,9115,SGRA,0.39653518795967,336600,AP-S301-F101,0.14489489793777,0.14489489793777,278.9091796875,273.45001220703
08-APR-2025,14.223191982734,9115,SGRA,0.39653518795967,336600,AP-S302-F101,0.14279453456402,0.14279453456402,288.71139526367,273.45001220703
08-APR-2025,14.223191982734,9115,SGRA,0.39653518795967,348600,AP-S303-F102,0.14609295129776,0.14609295129776,316.57739257813,273.45001220703
08-APR-2025,14.223191982734,9115,SGRA,0.39653518795967,348600,AP-S304-F102,0.14312967658043,0.14312967658043,321.09970092773,273.45001220703
08-APR-2025,14.23208087135,9115,SGRA,0.39456087350845,336600,AP-S301-F101,0.14489489793777,0.14489489793777,278.9091796875,273.45001220703
08-APR-2025,14.23208087135,9115,SGRA,0.39456087350845,336600,AP-S302-F101,0.14279453456402,0.14279453456402,288.71139526367,273.45001220703
08-APR-2025,14.23208087135,9115,SGRA,0.39456087350845,348600,AP-S303-F102,0.14609295129776,0.14609295129776,316.57739257813,273.45001220703
08-APR-2025,14.23208087135,9115,SGRA,0.39456087350845,348600,AP-S304-F102,0.14312967658043,0.14312967658043,321.09970092773,273.45001220703
08-APR-2025,14.24096976014,9115,SGRA,0.39258703589439,336600,AP-S301-F101,0.14489489793777,0.14489489793777,278.9091796875,273.45001220703
08-APR-2025,14.24096976014,9115,SGRA,0.39258703589439,336600,AP-S302-F101,0.14279453456402,0.14279453456402,288.71139526367,273.45001220703
08-APR-2025,14.24096976014,9115,SGRA,0.39258703589439,348600,AP-S303-F102,0.14609295129776,0.14609295129776,316.57739257813,273.45001220703
08-APR-2025,14.24096976014,9115,SGRA,0.39258703589439,348600,AP-S304-F102,0.14312967658043,0.14312967658043,321.09970092773,273.45001220703
08-APR-2025,14.249858648755,9115,SGRA,0.39061364531517,336600,AP-S301-F101,0.14489489793777,0.14489489793777,278.9091796875,273.45001220703
08-APR-2025,14.249858648755,9115,SGRA,0.39061364531517,336600,AP-S302-F101,0.14279453456402,0.14279453456402,288.71139526367,273.45001220703
08-APR-2025,14.249858648755,9115,SGRA,0.39061364531517,348600,AP-S303-F102,0.14609295129776,0.14609295129776,316.57739257813,273.45001220703
08-APR-2025,14.249858648755,9115,SGRA,0.39061364531517,348600,AP-S304-F102,0.14312967658043,0.14312967658043,321.09970092773,273.45001220703
08-APR-2025,14.25874753772,9115,SGRA,0.38864076137543,336600,AP-S301-F101,0.14489489793777,0.14489489793777,278.9091796875,273.45001220703
08-APR-2025,14.25874753772,9115,SGRA,0.38864076137543,336600,AP-S302-F101,0.14279453456402,0.14279453456402,288.71139526367,273.45001220703
08-APR-2025,14.25874753772,9115,SGRA,0.38864076137543,348600,AP-S303-F102,0.14609295129776,0.14609295129776,316.57739257813,273.45001220703
08-APR-2025,14.25874753772,9115,SGRA,0.38864076137543,348600,AP-S304-F102,0.14312967658043,0.14312967658043,321.09970092773,273.45001220703
08-APR-2025,1.4364505705663,8506,3C273,0.80270028114319,336600,AP-S301-F101,0.3046592772007,0.3046592772007,316.63421630859,268.95001220703
08-APR-2025,1.4364505705663,8506,3C273,0.80270028114319,336600,AP-S302-F101,0.30515241622925,0.30515241622925,328.90905761719,268.95001220703
08-APR-2025,1.4364505705663,8506,3C273,0.80270028114319,348600,AP-S303-F102,0.30565133690834,0.30565133690834,354.41241455078,268.95001220703
08-APR-2025,1.4364505705663,8506,3C273,0.80270028114319,348600,AP-S304-F102,0.30633559823036,0.30633559823036,363.74591064453,268.95001220703
08-APR-2025,14.443893505415,9123,J1924-2914,0.71883171796799,336600,AP-S301-F101,0.14762306213379,0.14762306213379,211.97842407227,273.45001220703
08-APR-2025,14.443893505415,9123,J1924-2914,0.71883171796799,336600,AP-S302-F101,0.14580330252647,0.14580330252647,222.1981048584,273.45001220703
08-APR-2025,14.443893505415,9123,J1924-2914,0.71883171796799,348600,AP-S303-F102,0.14958027005196,0.14958027005196,243.04978942871,273.45001220703
08-APR-2025,14.443893505415,9123,J1924-2914,0.71883171796799,348600,AP-S304-F102,0.14724749326706,0.14724749326706,249.6901550293,273.45001220703
08-APR-2025,14.461810173225,9127,J1924-2914,0.71474933624268,336600,AP-S301-F101,0.14762306213379,0.14762306213379,211.97842407227,273.45001220703
08-APR-2025,14.461810173225,9127,J1924-2914,0.71474933624268,336600,AP-S302-F101,0.14580330252647,0.14580330252647,222.1981048584,273.45001220703
08-APR-2025,14.461810173225,9127,J1924-2914,0.71474933624268,348600,AP-S303-F102,0.14958027005196,0.14958027005196,243.04978942871,273.45001220703
08-APR-2025,14.461810173225,9127,J1924-2914,0.71474933624268,348600,AP-S304-F102,0.14724749326706,0.14724749326706,249.6901550293,273.45001220703
08-APR-2025,14.470699062016,9127,J1924-2914,0.71272420883179,336600,AP-S301-F101,0.14762306213379,0.14762306213379,211.97842407227,273.45001220703
08-APR-2025,14.470699062016,9127,J1924-2914,0.71272420883179,336600,AP-S302-F101,0.14580330252647,0.14580330252647,222.1981048584,273.45001220703
08-APR-2025,14.470699062016,9127,J1924-2914,0.71272420883179,348600,AP-S303-F102,0.14958027005196,0.14958027005196,243.04978942871,273.45001220703
08-APR-2025,14.470699062016,9127,J1924-2914,0.71272420883179,348600,AP-S304-F102,0.14724749326706,0.14724749326706,249.6901550293,273.45001220703
08-APR-2025,14.479587950806,9127,J1924-2914,0.71069931983948,336600,AP-S301-F101,0.14762306213379,0.14762306213379,211.97842407227,273.45001220703
08-APR-2025,14.479587950806,9127,J1924-2914,0.71069931983948,336600,AP-S302-F101,0.14580330252647,0.14580330252647,222.1981048584,273.45001220703
08-APR-2025,14.479587950806,9127,J1924-2914,0.71069931983948,348600,AP-S303-F102,0.14958027005196,0.14958027005196,243.04978942871,273.45001220703
08-APR-2025,14.479587950806,9127,J1924-2914,0.71069931983948,348600,AP-S304-F102,0.14724749326706,0.14724749326706,249.6901550293,273.45001220703
08-APR-2025,14.48847683977,9127,J1924-2914,0.7086746096611,336600,AP-S301-F101,0.14762306213379,0.14762306213379,211.97842407227,273.45001220703
08-APR-2025,14.48847683977,9127,J1924-2914,0.7086746096611,336600,AP-S302-F101,0.14580330252647,0.14580330252647,222.1981048584,273.45001220703
08-APR-2025,14.48847683977,9127,J1924-2914,0.7086746096611,348600,AP-S303-F102,0.14958027005196,0.14958027005196,243.04978942871,273.45001220703
08-APR-2025,14.48847683977,9127,J1924-2914,0.7086746096611,348600,AP-S304-F102,0.14724749326706,0.14724749326706,249.6901550293,273.45001220703
08-APR-2025,14.497643505702,9127,J1924-2914,0.7065868973732,336600,AP-S301-F101,0.14762306213379,0.14762306213379,211.97842407227,273.45001220703
08-APR-2025,14.497643505702,9127,J1924-2914,0.7065868973732,336600,AP-S302-F101,0.14580330252647,0.14580330252647,222.1981048584,273.45001220703
08-APR-2025,14.497643505702,9127,J1924-2914,0.7065868973732,348600,AP-S303-F102,0.14958027005196,0.14958027005196,243.04978942871,273.45001220703
08-APR-2025,14.497643505702,9127,J1924-2914,0.7065868973732,348600,AP-S304-F102,0.14724749326706,0.14724749326706,249.6901550293,273.45001220703
08-APR-2025,1.4602005683052,8510,3C273,0.80769002437592,336600,AP-S301-F101,0.3046592772007,0.3046592772007,316.63421630859,268.95001220703
08-APR-2025,1.4602005683052,8510,3C273,0.80769002437592,336600,AP-S302-F101,0.30515241622925,0.30515241622925,328.90905761719,268.95001220703
08-APR-2025,1.4602005683052,8510,3C273,0.80769002437592,348600,AP-S303-F102,0.30565133690834,0.30565133690834,354.41241455078,268.95001220703
08-APR-2025,1.4602005683052,8510,3C273,0.80769002437592,348600,AP-S304-F102,0.30633559823036,0.30633559823036,363.74591064453,268.95001220703
08-APR-2025,14.610560172326,9132,SGRA,0.31096071004868,336600,AP-S301-F101,0.15731778740883,0.15731778740883,362.88925170898,274.54998779297
08-APR-2025,14.610560172326,9132,SGRA,0.31096071004868,336600,AP-S302-F101,0.15666465461254,0.15666465461254,376.02899169922,274.54998779297
08-APR-2025,14.610560172326,9132,SGRA,0.31096071004868,348600,AP-S303-F102,0.15814054012299,0.15814054012299,407.01040649414,274.54998779297
08-APR-2025,14.610560172326,9132,SGRA,0.31096071004868,348600,AP-S304-F102,0.15703521668911,0.15703521668911,415.44747924805,274.54998779297
08-APR-2025,14.628476835595,9136,SGRA,0.30702722072601,336600,AP-S301-F101,0.15731778740883,0.15731778740883,362.88925170898,274.54998779297
08-APR-2025,14.628476835595,9136,SGRA,0.30702722072601,336600,AP-S302-F101,0.15666465461254,0.15666465461254,376.02899169922,274.54998779297
08-APR-2025,14.628476835595,9136,SGRA,0.30702722072601,348600,AP-S303-F102,0.15814054012299,0.15814054012299,407.01040649414,274.54998779297
08-APR-2025,14.628476835595,9136,SGRA,0.30702722072601,348600,AP-S304-F102,0.15703521668911,0.15703521668911,415.44747924805,274.54998779297
08-APR-2025,14.637643501876,9136,SGRA,0.3050155043602,336600,AP-S301-F101,0.15731778740883,0.15731778740883,362.88925170898,274.54998779297
08-APR-2025,14.637643501876,9136,SGRA,0.3050155043602,336600,AP-S302-F101,0.15666465461254,0.15666465461254,376.02899169922,274.54998779297
08-APR-2025,14.637643501876,9136,SGRA,0.3050155043602,348600,AP-S303-F102,0.15814054012299,0.15814054012299,407.01040649414,274.54998779297
08-APR-2025,14.637643501876,9136,SGRA,0.3050155043602,348600,AP-S304-F102,0.15703521668911,0.15703521668911,415.44747924805,274.54998779297
08-APR-2025,14.646532390841,9136,SGRA,0.3030654489994,336600,AP-S301-F101,0.15731778740883,0.15731778740883,362.88925170898,274.54998779297
08-APR-2025,14.646532390841,9136,SGRA,0.3030654489994,336600,AP-S302-F101,0.15666465461254,0.15666465461254,376.02899169922,274.54998779297
08-APR-2025,14.646532390841,9136,SGRA,0.3030654489994,348600,AP-S303-F102,0.15814054012299,0.15814054012299,407.01040649414,274.54998779297
08-APR-2025,14.646532390841,9136,SGRA,0.3030654489994,348600,AP-S304-F102,0.15703521668911,0.15703521668911,415.44747924805,274.54998779297
08-APR-2025,14.655421279457,9136,SGRA,0.3011157810688,336600,AP-S301-F101,0.15731778740883,0.15731778740883,362.88925170898,274.54998779297
08-APR-2025,14.655421279457,9136,SGRA,0.3011157810688,336600,AP-S302-F101,0.15666465461254,0.15666465461254,376.02899169922,274.54998779297
08-APR-2025,14.655421279457,9136,SGRA,0.3011157810688,348600,AP-S303-F102,0.15814054012299,0.15814054012299,407.01040649414,274.54998779297
08-APR-2025,14.655421279457,9136,SGRA,0.3011157810688,348600,AP-S304-F102,0.15703521668911,0.15703521668911,415.44747924805,274.54998779297
08-APR-2025,14.664310168247,9136,SGRA,0.29916682839394,336600,AP-S301-F101,0.15731778740883,0.15731778740883,362.88925170898,274.54998779297
08-APR-2025,14.664310168247,9136,SGRA,0.29916682839394,336600,AP-S302-F101,0.15666465461254,0.15666465461254,376.02899169922,274.54998779297
08-APR-2025,14.664310168247,9136,SGRA,0.29916682839394,348600,AP-S303-F102,0.15814054012299,0.15814054012299,407.01040649414,274.54998779297
08-APR-2025,14.664310168247,9136,SGRA,0.29916682839394,348600,AP-S304-F102,0.15703521668911,0.15703521668911,415.44747924805,274.54998779297
08-APR-2025,14.673476836623,9136,SGRA,0.29715746641159,336600,AP-S301-F101,0.15731778740883,0.15731778740883,362.88925170898,274.54998779297
08-APR-2025,14.673476836623,9136,SGRA,0.29715746641159,336600,AP-S302-F101,0.15666465461254,0.15666465461254,376.02899169922,274.54998779297
08-APR-2025,14.673476836623,9136,SGRA,0.29715746641159,348600,AP-S303-F102,0.15814054012299,0.15814054012299,407.01040649414,274.54998779297
08-APR-2025,14.673476836623,9136,SGRA,0.29715746641159,348600,AP-S304-F102,0.15703521668911,0.15703521668911,415.44747924805,274.54998779297
08-APR-2025,14.682365725763,9136,SGRA,0.29520964622498,336600,AP-S301-F101,0.15731778740883,0.15731778740883,362.88925170898,274.54998779297
08-APR-2025,14.682365725763,9136,SGRA,0.29520964622498,336600,AP-S302-F101,0.15666465461254,0.15666465461254,376.02899169922,274.54998779297
08-APR-2025,14.682365725763,9136,SGRA,0.29520964622498,348600,AP-S303-F102,0.15814054012299,0.15814054012299,407.01040649414,274.54998779297
08-APR-2025,14.682365725763,9136,SGRA,0.29520964622498,348600,AP-S304-F102,0.15703521668911,0.15703521668911,415.44747924805,274.54998779297
08-APR-2025,1.4690894574445,8510,3C273,0.80955350399017,336600,AP-S301-F101,0.3046592772007,0.3046592772007,316.63421630859,268.95001220703
08-APR-2025,1.4690894574445,8510,3C273,0.80955350399017,336600,AP-S302-F101,0.30515241622925,0.30515241622925,328.90905761719,268.95001220703
08-APR-2025,1.4690894574445,8510,3C273,0.80955350399017,348600,AP-S303-F102,0.30565133690834,0.30565133690834,354.41241455078,268.95001220703
08-APR-2025,1.4690894574445,8510,3C273,0.80955350399017,348600,AP-S304-F102,0.30633559823036,0.30633559823036,363.74591064453,268.95001220703
08-APR-2025,14.691254614029,9136,SGRA,0.29326239228249,336600,AP-S301-F101,0.15731778740883,0.15731778740883,362.88925170898,274.54998779297
08-APR-2025,14.691254614029,9136,SGRA,0.29326239228249,336600,AP-S302-F101,0.15666465461254,0.15666465461254,376.02899169922,274.54998779297
08-APR-2025,14.691254614029,9136,SGRA,0.29326239228249,348600,AP-S303-F102,0.15814054012299,0.15814054012299,407.01040649414,274.54998779297
08-APR-2025,14.691254614029,9136,SGRA,0.29326239228249,348600,AP-S304-F102,0.15703521668911,0.15703521668911,415.44747924805,274.54998779297
08-APR-2025,14.700143502819,9136,SGRA,0.29131570458412,336600,AP-S301-F101,0.15731778740883,0.15731778740883,362.88925170898,274.54998779297
08-APR-2025,14.700143502819,9136,SGRA,0.29131570458412,336600,AP-S302-F101,0.15666465461254,0.15666465461254,376.02899169922,274.54998779297
08-APR-2025,14.700143502819,9136,SGRA,0.29131570458412,348600,AP-S303-F102,0.15814054012299,0.15814054012299,407.01040649414,274.54998779297
08-APR-2025,14.700143502819,9136,SGRA,0.29131570458412,348600,AP-S304-F102,0.15703521668911,0.15703521668911,415.44747924805,274.54998779297
08-APR-2025,14.709032391784,9136,SGRA,0.28936961293221,336600,AP-S301-F101,0.15731778740883,0.15731778740883,362.88925170898,274.54998779297
08-APR-2025,14.709032391784,9136,SGRA,0.28936961293221,336600,AP-S302-F101,0.15666465461254,0.15666465461254,376.02899169922,274.54998779297
08-APR-2025,14.709032391784,9136,SGRA,0.28936961293221,348600,AP-S303-F102,0.15814054012299,0.15814054012299,407.01040649414,274.54998779297
08-APR-2025,14.709032391784,9136,SGRA,0.28936961293221,348600,AP-S304-F102,0.15703521668911,0.15703521668911,415.44747924805,274.54998779297
08-APR-2025,1.4779783462347,8510,3C273,0.81141483783722,336600,AP-S301-F101,0.3046592772007,0.3046592772007,316.63421630859,268.95001220703
08-APR-2025,1.4779783462347,8510,3C273,0.81141483783722,336600,AP-S302-F101,0.30515241622925,0.30515241622925,328.90905761719,268.95001220703
08-APR-2025,1.4779783462347,8510,3C273,0.81141483783722,348600,AP-S303-F102,0.30565133690834,0.30565133690834,354.41241455078,268.95001220703
08-APR-2025,1.4779783462347,8510,3C273,0.81141483783722,348600,AP-S304-F102,0.30633559823036,0.30633559823036,363.74591064453,268.95001220703
08-APR-2025,14.820282392588,9141,J1924-2914,0.63326334953308,336600,AP-S301-F101,0.15341912209988,0.15341912209988,228.16618347168,273.54998779297
08-APR-2025,14.820282392588,9141,J1924-2914,0.63326334953308,336600,AP-S302-F101,0.15136688947678,0.15136688947678,238.28056335449,273.54998779297
08-APR-2025,14.820282392588,9141,J1924-2914,0.63326334953308,348600,AP-S303-F102,0.15436701476574,0.15436701476574,260.76770019531,273.54998779297
08-APR-2025,14.820282392588,9141,J1924-2914,0.63326334953308,348600,AP-S304-F102,0.1515938937664,0.1515938937664,266.2082824707,273.54998779297
08-APR-2025,14.845143503085,9145,J1924-2914,0.62762731313705,336600,AP-S301-F101,0.15341912209988,0.15341912209988,228.16618347168,273.54998779297
08-APR-2025,14.845143503085,9145,J1924-2914,0.62762731313705,336600,AP-S302-F101,0.15136688947678,0.15136688947678,238.28056335449,273.54998779297
08-APR-2025,14.845143503085,9145,J1924-2914,0.62762731313705,348600,AP-S303-F102,0.15436701476574,0.15436701476574,260.76770019531,273.54998779297
08-APR-2025,14.845143503085,9145,J1924-2914,0.62762731313705,348600,AP-S304-F102,0.1515938937664,0.1515938937664,266.2082824707,273.54998779297
08-APR-2025,14.85403239205,9145,J1924-2914,0.62561267614365,336600,AP-S301-F101,0.15341912209988,0.15341912209988,228.16618347168,273.54998779297
08-APR-2025,14.85403239205,9145,J1924-2914,0.62561267614365,336600,AP-S302-F101,0.15136688947678,0.15136688947678,238.28056335449,273.54998779297
08-APR-2025,14.85403239205,9145,J1924-2914,0.62561267614365,348600,AP-S303-F102,0.15436701476574,0.15436701476574,260.76770019531,273.54998779297
08-APR-2025,14.85403239205,9145,J1924-2914,0.62561267614365,348600,AP-S304-F102,0.1515938937664,0.1515938937664,266.2082824707,273.54998779297
08-APR-2025,14.86292128049,9145,J1924-2914,0.62359839677811,336600,AP-S301-F101,0.15341912209988,0.15341912209988,228.16618347168,273.54998779297
08-APR-2025,14.86292128049,9145,J1924-2914,0.62359839677811,336600,AP-S302-F101,0.15136688947678,0.15136688947678,238.28056335449,273.54998779297
08-APR-2025,14.86292128049,9145,J1924-2914,0.62359839677811,348600,AP-S303-F102,0.15436701476574,0.15436701476574,260.76770019531,273.54998779297
08-APR-2025,14.86292128049,9145,J1924-2914,0.62359839677811,348600,AP-S304-F102,0.1515938937664,0.1515938937664,266.2082824707,273.54998779297
08-APR-2025,14.871810169281,9145,J1924-2914,0.62158435583115,336600,AP-S301-F101,0.15341912209988,0.15341912209988,228.16618347168,273.54998779297
08-APR-2025,14.871810169281,9145,J1924-2914,0.62158435583115,336600,AP-S302-F101,0.15136688947678,0.15136688947678,238.28056335449,273.54998779297
08-APR-2025,14.871810169281,9145,J1924-2914,0.62158435583115,348600,AP-S303-F102,0.15436701476574,0.15436701476574,260.76770019531,273.54998779297
08-APR-2025,14.871810169281,9145,J1924-2914,0.62158435583115,348600,AP-S304-F102,0.1515938937664,0.1515938937664,266.2082824707,273.54998779297
08-APR-2025,14.880699057721,9145,J1924-2914,0.61957055330276,336600,AP-S301-F101,0.15341912209988,0.15341912209988,228.16618347168,273.54998779297
08-APR-2025,14.880699057721,9145,J1924-2914,0.61957055330276,336600,AP-S302-F101,0.15136688947678,0.15136688947678,238.28056335449,273.54998779297
08-APR-2025,14.880699057721,9145,J1924-2914,0.61957055330276,348600,AP-S303-F102,0.15436701476574,0.15436701476574,260.76770019531,273.54998779297
08-APR-2025,14.880699057721,9145,J1924-2914,0.61957055330276,348600,AP-S304-F102,0.1515938937664,0.1515938937664,266.2082824707,273.54998779297
08-APR-2025,15.010837945721,9150,SGRA,0.22365416586399,336600,AP-S301-F101,0.15592047572136,0.15592047572136,483.62045288086,273.64999389648
08-APR-2025,15.010837945721,9150,SGRA,0.22365416586399,336600,AP-S302-F101,0.15548133850098,0.15548133850098,498.97561645508,273.64999389648
08-APR-2025,15.010837945721,9150,SGRA,0.22365416586399,348600,AP-S303-F102,0.15736620128155,0.15736620128155,541.15026855469,273.64999389648
08-APR-2025,15.010837945721,9150,SGRA,0.22365416586399,348600,AP-S304-F102,0.156220048666,0.156220048666,550.40777587891,273.64999389648
08-APR-2025,15.028060166398,9154,SGRA,0.21992638707161,336600,AP-S301-F101,0.15592047572136,0.15592047572136,483.62045288086,273.64999389648
08-APR-2025,15.028060166398,9154,SGRA,0.21992638707161,336600,AP-S302-F101,0.15548133850098,0.15548133850098,498.97561645508,273.64999389648
08-APR-2025,15.028060166398,9154,SGRA,0.21992638707161,348600,AP-S303-F102,0.15736620128155,0.15736620128155,541.15026855469,273.64999389648
08-APR-2025,15.028060166398,9154,SGRA,0.21992638707161,348600,AP-S304-F102,0.156220048666,0.156220048666,550.40777587891,273.64999389648
08-APR-2025,15.037087943847,9154,SGRA,0.21797327697277,336600,AP-S301-F101,0.15592047572136,0.15592047572136,483.62045288086,273.64999389648
08-APR-2025,15.037087943847,9154,SGRA,0.21797327697277,336600,AP-S302-F101,0.15548133850098,0.15548133850098,498.97561645508,273.64999389648
08-APR-2025,15.037087943847,9154,SGRA,0.21797327697277,348600,AP-S303-F102,0.15736620128155,0.15736620128155,541.15026855469,273.64999389648
08-APR-2025,15.037087943847,9154,SGRA,0.21797327697277,348600,AP-S304-F102,0.156220048666,0.156220048666,550.40777587891,273.64999389648
08-APR-2025,15.045976832637,9154,SGRA,0.21605095267296,336600,AP-S301-F101,0.15592047572136,0.15592047572136,483.62045288086,273.64999389648
08-APR-2025,15.045976832637,9154,SGRA,0.21605095267296,336600,AP-S302-F101,0.15548133850098,0.15548133850098,498.97561645508,273.64999389648
08-APR-2025,15.045976832637,9154,SGRA,0.21605095267296,348600,AP-S303-F102,0.15736620128155,0.15736620128155,541.15026855469,273.64999389648
08-APR-2025,15.045976832637,9154,SGRA,0.21605095267296,348600,AP-S304-F102,0.156220048666,0.156220048666,550.40777587891,273.64999389648
08-APR-2025,15.054865721252,9154,SGRA,0.21412922441959,336600,AP-S301-F101,0.15592047572136,0.15592047572136,483.62045288086,273.64999389648
08-APR-2025,15.054865721252,9154,SGRA,0.21412922441959,336600,AP-S302-F101,0.15548133850098,0.15548133850098,498.97561645508,273.64999389648
08-APR-2025,15.054865721252,9154,SGRA,0.21412922441959,348600,AP-S303-F102,0.15736620128155,0.15736620128155,541.15026855469,273.64999389648
08-APR-2025,15.054865721252,9154,SGRA,0.21412922441959,348600,AP-S304-F102,0.156220048666,0.156220048666,550.40777587891,273.64999389648
08-APR-2025,15.063754610042,9154,SGRA,0.21220819652081,336600,AP-S301-F101,0.15592047572136,0.15592047572136,483.62045288086,273.64999389648
08-APR-2025,15.063754610042,9154,SGRA,0.21220819652081,336600,AP-S302-F101,0.15548133850098,0.15548133850098,498.97561645508,273.64999389648
08-APR-2025,15.063754610042,9154,SGRA,0.21220819652081,348600,AP-S303-F102,0.15736620128155,0.15736620128155,541.15026855469,273.64999389648
08-APR-2025,15.063754610042,9154,SGRA,0.21220819652081,348600,AP-S304-F102,0.156220048666,0.156220048666,550.40777587891,273.64999389648
08-APR-2025,15.072643499007,9154,SGRA,0.21028780937195,336600,AP-S301-F101,0.15592047572136,0.15592047572136,483.62045288086,273.64999389648
08-APR-2025,15.072643499007,9154,SGRA,0.21028780937195,336600,AP-S302-F101,0.15548133850098,0.15548133850098,498.97561645508,273.64999389648
08-APR-2025,15.072643499007,9154,SGRA,0.21028780937195,348600,AP-S303-F102,0.15736620128155,0.15736620128155,541.15026855469,273.64999389648
08-APR-2025,15.072643499007,9154,SGRA,0.21028780937195,348600,AP-S304-F102,0.156220048666,0.156220048666,550.40777587891,273.64999389648
08-APR-2025,15.081671276281,9154,SGRA,0.20833820104599,336600,AP-S301-F101,0.15592047572136,0.15592047572136,483.62045288086,273.64999389648
08-APR-2025,15.081671276281,9154,SGRA,0.20833820104599,336600,AP-S302-F101,0.15548133850098,0.15548133850098,498.97561645508,273.64999389648
08-APR-2025,15.081671276281,9154,SGRA,0.20833820104599,348600,AP-S303-F102,0.15736620128155,0.15736620128155,541.15026855469,273.64999389648
08-APR-2025,15.081671276281,9154,SGRA,0.20833820104599,348600,AP-S304-F102,0.156220048666,0.156220048666,550.40777587891,273.64999389648
08-APR-2025,15.090976831045,9154,SGRA,0.20632928609848,336600,AP-S301-F101,0.15592047572136,0.15592047572136,483.62045288086,273.64999389648
08-APR-2025,15.090976831045,9154,SGRA,0.20632928609848,336600,AP-S302-F101,0.15548133850098,0.15548133850098,498.97561645508,273.64999389648
08-APR-2025,15.090976831045,9154,SGRA,0.20632928609848,348600,AP-S303-F102,0.15736620128155,0.15736620128155,541.15026855469,273.64999389648
08-APR-2025,15.090976831045,9154,SGRA,0.20632928609848,348600,AP-S304-F102,0.156220048666,0.156220048666,550.40777587891,273.64999389648
08-APR-2025,15.099865719835,9154,SGRA,0.20441101491451,336600,AP-S301-F101,0.15592047572136,0.15592047572136,483.62045288086,273.64999389648
08-APR-2025,15.099865719835,9154,SGRA,0.20441101491451,336600,AP-S302-F101,0.15548133850098,0.15548133850098,498.97561645508,273.64999389648
08-APR-2025,15.099865719835,9154,SGRA,0.20441101491451,348600,AP-S303-F102,0.15736620128155,0.15736620128155,541.15026855469,273.64999389648
08-APR-2025,15.099865719835,9154,SGRA,0.20441101491451,348600,AP-S304-F102,0.156220048666,0.156220048666,550.40777587891,273.64999389648
08-APR-2025,15.108754608625,9154,SGRA,0.20249347388744,336600,AP-S301-F101,0.15592047572136,0.15592047572136,483.62045288086,273.64999389648
08-APR-2025,15.108754608625,9154,SGRA,0.20249347388744,336600,AP-S302-F101,0.15548133850098,0.15548133850098,498.97561645508,273.64999389648
08-APR-2025,15.108754608625,9154,SGRA,0.20249347388744,348600,AP-S303-F102,0.15736620128155,0.15736620128155,541.15026855469,273.64999389648
08-APR-2025,15.108754608625,9154,SGRA,0.20249347388744,348600,AP-S304-F102,0.156220048666,0.156220048666,550.40777587891,273.64999389648
08-APR-2025,15.220560165809,9159,J1924-2914,0.54280269145966,336600,AP-S301-F101,0.15960241854191,0.15960241854191,252.65312194824,274.25
08-APR-2025,15.220560165809,9159,J1924-2914,0.54280269145966,336600,AP-S302-F101,0.15775306522846,0.15775306522846,262.54931640625,274.25
08-APR-2025,15.220560165809,9159,J1924-2914,0.54280269145966,348600,AP-S303-F102,0.16081823408604,0.16081823408604,287.39575195312,274.25
08-APR-2025,15.220560165809,9159,J1924-2914,0.54280269145966,348600,AP-S304-F102,0.15743711590767,0.15743711590767,291.88592529297,274.25
08-APR-2025,15.244310165818,9163,J1924-2914,0.53745591640472,336600,AP-S301-F101,0.15960241854191,0.15960241854191,252.65312194824,274.25
08-APR-2025,15.244310165818,9163,J1924-2914,0.53745591640472,336600,AP-S302-F101,0.15775306522846,0.15775306522846,262.54931640625,274.25
08-APR-2025,15.244310165818,9163,J1924-2914,0.53745591640472,348600,AP-S303-F102,0.16081823408604,0.16081823408604,287.39575195312,274.25
08-APR-2025,15.244310165818,9163,J1924-2914,0.53745591640472,348600,AP-S304-F102,0.15743711590767,0.15743711590767,291.88592529297,274.25
08-APR-2025,15.253199054608,9163,J1924-2914,0.53545534610748,336600,AP-S301-F101,0.15960241854191,0.15960241854191,252.65312194824,274.25
08-APR-2025,15.253199054608,9163,J1924-2914,0.53545534610748,336600,AP-S302-F101,0.15775306522846,0.15775306522846,262.54931640625,274.25
08-APR-2025,15.253199054608,9163,J1924-2914,0.53545534610748,348600,AP-S303-F102,0.16081823408604,0.16081823408604,287.39575195312,274.25
08-APR-2025,15.253199054608,9163,J1924-2914,0.53545534610748,348600,AP-S304-F102,0.15743711590767,0.15743711590767,291.88592529297,274.25
08-APR-2025,15.262087943224,9163,J1924-2914,0.53345519304276,336600,AP-S301-F101,0.15960241854191,0.15960241854191,252.65312194824,274.25
08-APR-2025,15.262087943224,9163,J1924-2914,0.53345519304276,336600,AP-S302-F101,0.15775306522846,0.15775306522846,262.54931640625,274.25
08-APR-2025,15.262087943224,9163,J1924-2914,0.53345519304276,348600,AP-S303-F102,0.16081823408604,0.16081823408604,287.39575195312,274.25
08-APR-2025,15.262087943224,9163,J1924-2914,0.53345519304276,348600,AP-S304-F102,0.15743711590767,0.15743711590767,291.88592529297,274.25
08-APR-2025,15.271254611425,9163,J1924-2914,0.53139287233353,336600,AP-S301-F101,0.15960241854191,0.15960241854191,252.65312194824,274.25
08-APR-2025,15.271254611425,9163,J1924-2914,0.53139287233353,336600,AP-S302-F101,0.15775306522846,0.15775306522846,262.54931640625,274.25
08-APR-2025,15.271254611425,9163,J1924-2914,0.53139287233353,348600,AP-S303-F102,0.16081823408604,0.16081823408604,287.39575195312,274.25
08-APR-2025,15.271254611425,9163,J1924-2914,0.53139287233353,348600,AP-S304-F102,0.15743711590767,0.15743711590767,291.88592529297,274.25
08-APR-2025,15.280143500216,9163,J1924-2914,0.52939343452454,336600,AP-S301-F101,0.15960241854191,0.15960241854191,252.65312194824,274.25
08-APR-2025,15.280143500216,9163,J1924-2914,0.52939343452454,336600,AP-S302-F101,0.15775306522846,0.15775306522846,262.54931640625,274.25
08-APR-2025,15.280143500216,9163,J1924-2914,0.52939343452454,348600,AP-S303-F102,0.16081823408604,0.16081823408604,287.39575195312,274.25
08-APR-2025,15.280143500216,9163,J1924-2914,0.52939343452454,348600,AP-S304-F102,0.15743711590767,0.15743711590767,291.88592529297,274.25
08-APR-2025,1.5367283479938,8515,M87,0.6987167596817,336600,AP-S301-F101,0.29311978816986,0.29311978816986,334.94396972656,269.04998779297
08-APR-2025,1.5367283479938,8515,M87,0.6987167596817,336600,AP-S302-F101,0.29348164796829,0.29348164796829,346.96981811523,269.04998779297
08-APR-2025,1.5367283479938,8515,M87,0.6987167596817,348600,AP-S303-F102,0.29325631260872,0.29325631260872,373.24139404297,269.04998779297
08-APR-2025,1.5367283479938,8515,M87,0.6987167596817,348600,AP-S304-F102,0.29428580403328,0.29428580403328,383.40103149414,269.04998779297
08-APR-2025,1.5599227905761,8519,M87,0.70292818546295,336600,AP-S301-F101,0.29311978816986,0.29311978816986,334.94396972656,269.04998779297
08-APR-2025,1.5599227905761,8519,M87,0.70292818546295,336600,AP-S302-F101,0.29348164796829,0.29348164796829,346.96981811523,269.04998779297
08-APR-2025,1.5599227905761,8519,M87,0.70292818546295,348600,AP-S303-F102,0.29325631260872,0.29325631260872,373.24139404297,269.04998779297
08-APR-2025,1.5599227905761,8519,M87,0.70292818546295,348600,AP-S304-F102,0.29428580403328,0.29428580403328,383.40103149414,269.04998779297
08-APR-2025,1.5688116791916,8519,M87,0.70453679561615,336600,AP-S301-F101,0.29311978816986,0.29311978816986,334.94396972656,269.04998779297
08-APR-2025,1.5688116791916,8519,M87,0.70453679561615,336600,AP-S302-F101,0.29348164796829,0.29348164796829,346.96981811523,269.04998779297
08-APR-2025,1.5688116791916,8519,M87,0.70453679561615,348600,AP-S303-F102,0.29325631260872,0.29325631260872,373.24139404297,269.04998779297
08-APR-2025,1.5688116791916,8519,M87,0.70453679561615,348600,AP-S304-F102,0.29428580403328,0.29428580403328,383.40103149414,269.04998779297
08-APR-2025,1.5779783451234,8519,M87,0.70619243383408,336600,AP-S301-F101,0.29311978816986,0.29311978816986,334.94396972656,269.04998779297
08-APR-2025,1.5779783451234,8519,M87,0.70619243383408,336600,AP-S302-F101,0.29348164796829,0.29348164796829,346.96981811523,269.04998779297
08-APR-2025,1.5779783451234,8519,M87,0.70619243383408,348600,AP-S303-F102,0.29325631260872,0.29325631260872,373.24139404297,269.04998779297
08-APR-2025,1.5779783451234,8519,M87,0.70619243383408,348600,AP-S304-F102,0.29428580403328,0.29428580403328,383.40103149414,269.04998779297
08-APR-2025,1.5868672337389,8519,M87,0.70779484510422,336600,AP-S301-F101,0.29311978816986,0.29311978816986,334.94396972656,269.04998779297
08-APR-2025,1.5868672337389,8519,M87,0.70779484510422,336600,AP-S302-F101,0.29348164796829,0.29348164796829,346.96981811523,269.04998779297
08-APR-2025,1.5868672337389,8519,M87,0.70779484510422,348600,AP-S303-F102,0.29325631260872,0.29325631260872,373.24139404297,269.04998779297
08-APR-2025,1.5868672337389,8519,M87,0.70779484510422,348600,AP-S304-F102,0.29428580403328,0.29428580403328,383.40103149414,269.04998779297
08-APR-2025,1.6778394571003,8524,OJ287,0.74695211648941,336600,AP-S301-F101,0.29781094193459,0.29781094193459,324.17190551758,268.95001220703
08-APR-2025,1.6778394571003,8524,OJ287,0.74695211648941,336600,AP-S302-F101,0.29890248179436,0.29890248179436,336.56735229492,268.95001220703
08-APR-2025,1.6778394571003,8524,OJ287,0.74695211648941,348600,AP-S303-F102,0.29824668169022,0.29824668169022,361.75784301758,268.95001220703
08-APR-2025,1.6778394571003,8524,OJ287,0.74695211648941,348600,AP-S304-F102,0.29997444152832,0.29997444152832,372.486328125,268.95001220703
08-APR-2025,1.6935338993949,8528,OJ287,0.74528956413269,336600,AP-S301-F101,0.29781094193459,0.29781094193459,324.17190551758,268.95001220703
08-APR-2025,1.6935338993949,8528,OJ287,0.74528956413269,336600,AP-S302-F101,0.29890248179436,0.29890248179436,336.56735229492,268.95001220703
08-APR-2025,1.6935338993949,8528,OJ287,0.74528956413269,348600,AP-S303-F102,0.29824668169022,0.29824668169022,361.75784301758,268.95001220703
08-APR-2025,1.6935338993949,8528,OJ287,0.74528956413269,348600,AP-S304-F102,0.29997444152832,0.29997444152832,372.486328125,268.95001220703
08-APR-2025,1.7027005658506,8528,OJ287,0.74431109428406,336600,AP-S301-F101,0.29781094193459,0.29781094193459,324.17190551758,268.95001220703
08-APR-2025,1.7027005658506,8528,OJ287,0.74431109428406,336600,AP-S302-F101,0.29890248179436,0.29890248179436,336.56735229492,268.95001220703
08-APR-2025,1.7027005658506,8528,OJ287,0.74431109428406,348600,AP-S303-F102,0.29824668169022,0.29824668169022,361.75784301758,268.95001220703
08-APR-2025,1.7027005658506,8528,OJ287,0.74431109428406,348600,AP-S304-F102,0.29997444152832,0.29997444152832,372.486328125,268.95001220703
08-APR-2025,1.7118672340525,8528,OJ287,0.74332702159882,336600,AP-S301-F101,0.29781094193459,0.29781094193459,324.17190551758,268.95001220703
08-APR-2025,1.7118672340525,8528,OJ287,0.74332702159882,336600,AP-S302-F101,0.29890248179436,0.29890248179436,336.56735229492,268.95001220703
08-APR-2025,1.7118672340525,8528,OJ287,0.74332702159882,348600,AP-S303-F102,0.29824668169022,0.29824668169022,361.75784301758,268.95001220703
08-APR-2025,1.7118672340525,8528,OJ287,0.74332702159882,348600,AP-S304-F102,0.29997444152832,0.29997444152832,372.486328125,268.95001220703
08-APR-2025,1.9109983159085,8536,3C279,0.88298362493515,336600,AP-S301-F101,0.27025762200356,0.27025762200356,276.17529296875,269.14999389648
08-APR-2025,1.9109983159085,8536,3C279,0.88298362493515,336600,AP-S302-F101,0.27242514491081,0.27242514491081,289.18072509766,269.14999389648
08-APR-2025,1.9109983159085,8536,3C279,0.88298362493515,348600,AP-S303-F102,0.27359968423843,0.27359968423843,313.26449584961,269.14999389648
08-APR-2025,1.9109983159085,8536,3C279,0.88298362493515,348600,AP-S304-F102,0.27428221702576,0.27428221702576,322.01763916016,269.14999389648
08-APR-2025,1.926970537091,8540,3C279,0.88661098480225,336600,AP-S301-F101,0.27025762200356,0.27025762200356,276.17529296875,269.14999389648
08-APR-2025,1.926970537091,8540,3C279,0.88661098480225,336600,AP-S302-F101,0.27242514491081,0.27242514491081,289.18072509766,269.14999389648
08-APR-2025,1.926970537091,8540,3C279,0.88661098480225,348600,AP-S303-F102,0.27359968423843,0.27359968423843,313.26449584961,269.14999389648
08-APR-2025,1.926970537091,8540,3C279,0.88661098480225,348600,AP-S304-F102,0.27428221702576,0.27428221702576,322.01763916016,269.14999389648
08-APR-2025,1.9358594260558,8540,3C279,0.88862788677216,336600,AP-S301-F101,0.27025762200356,0.27025762200356,276.17529296875,269.14999389648
08-APR-2025,1.9358594260558,8540,3C279,0.88862788677216,336600,AP-S302-F101,0.27242514491081,0.27242514491081,289.18072509766,269.14999389648
08-APR-2025,1.9358594260558,8540,3C279,0.88862788677216,348600,AP-S303-F102,0.27359968423843,0.27359968423843,313.26449584961,269.14999389648
08-APR-2025,1.9358594260558,8540,3C279,0.88862788677216,348600,AP-S304-F102,0.27428221702576,0.27428221702576,322.01763916016,269.14999389648
08-APR-2025,1.9450260940831,8540,3C279,0.89070636034012,336600,AP-S301-F101,0.27025762200356,0.27025762200356,276.17529296875,269.14999389648
08-APR-2025,1.9450260940831,8540,3C279,0.89070636034012,336600,AP-S302-F101,0.27242514491081,0.27242514491081,289.18072509766,269.14999389648
08-APR-2025,1.9450260940831,8540,3C279,0.89070636034012,348600,AP-S303-F102,0.27359968423843,0.27359968423843,313.26449584961,269.14999389648
08-APR-2025,1.9450260940831,8540,3C279,0.89070636034012,348600,AP-S304-F102,0.27428221702576,0.27428221702576,322.01763916016,269.14999389648
08-APR-2025,2.0034983150334,8545,M87,0.77915376424789,336600,AP-S301-F101,0.24888144433498,0.24888144433498,278.92144775391,269.75
08-APR-2025,2.0034983150334,8545,M87,0.77915376424789,336600,AP-S302-F101,0.24859912693501,0.24859912693501,289.86917114258,269.75
08-APR-2025,2.0034983150334,8545,M87,0.77915376424789,348600,AP-S303-F102,0.24994726479053,0.24994726479053,314.05892944336,269.75
08-APR-2025,2.0034983150334,8545,M87,0.77915376424789,348600,AP-S304-F102,0.24977324903011,0.24977324903011,321.83905029297,269.75
08-APR-2025,2.0275260927079,8549,M87,0.78302317857742,336600,AP-S301-F101,0.24888144433498,0.24888144433498,278.92144775391,269.75
08-APR-2025,2.0275260927079,8549,M87,0.78302317857742,336600,AP-S302-F101,0.24859912693501,0.24859912693501,289.86917114258,269.75
08-APR-2025,2.0275260927079,8549,M87,0.78302317857742,348600,AP-S303-F102,0.24994726479053,0.24994726479053,314.05892944336,269.75
08-APR-2025,2.0275260927079,8549,M87,0.78302317857742,348600,AP-S304-F102,0.24977324903011,0.24977324903011,321.83905029297,269.75
08-APR-2025,2.0364149813234,8549,M87,0.78444719314575,336600,AP-S301-F101,0.24888144433498,0.24888144433498,278.92144775391,269.75
08-APR-2025,2.0364149813234,8549,M87,0.78444719314575,336600,AP-S302-F101,0.24859912693501,0.24859912693501,289.86917114258,269.75
08-APR-2025,2.0364149813234,8549,M87,0.78444719314575,348600,AP-S303-F102,0.24994726479053,0.24994726479053,314.05892944336,269.75
08-APR-2025,2.0364149813234,8549,M87,0.78444719314575,348600,AP-S304-F102,0.24977324903011,0.24977324903011,321.83905029297,269.75
08-APR-2025,2.0453038701135,8549,M87,0.78586715459824,336600,AP-S301-F101,0.24888144433498,0.24888144433498,278.92144775391,269.75
08-APR-2025,2.0453038701135,8549,M87,0.78586715459824,336600,AP-S302-F101,0.24859912693501,0.24859912693501,289.86917114258,269.75
08-APR-2025,2.0453038701135,8549,M87,0.78586715459824,348600,AP-S303-F102,0.24994726479053,0.24994726479053,314.05892944336,269.75
08-APR-2025,2.0453038701135,8549,M87,0.78586715459824,348600,AP-S304-F102,0.24977324903011,0.24977324903011,321.83905029297,269.75
08-APR-2025,2.0541927594275,8549,M87,0.78728312253952,336600,AP-S301-F101,0.24888144433498,0.24888144433498,278.92144775391,269.75
08-APR-2025,2.0541927594275,8549,M87,0.78728312253952,336600,AP-S302-F101,0.24859912693501,0.24859912693501,289.86917114258,269.75
08-APR-2025,2.0541927594275,8549,M87,0.78728312253952,348600,AP-S303-F102,0.24994726479053,0.24994726479053,314.05892944336,269.75
08-APR-2025,2.0541927594275,8549,M87,0.78728312253952,348600,AP-S304-F102,0.24977324903011,0.24977324903011,321.83905029297,269.75
08-APR-2025,2.1132205346612,8552,M87,0.79658097028732,336600,AP-S301-F101,0.22767831385136,0.22767831385136,260.80639648437,270.04998779297
08-APR-2025,2.1132205346612,8552,M87,0.79658097028732,336600,AP-S302-F101,0.227548584342,0.227548584342,271.03427124023,270.04998779297
08-APR-2025,2.1132205346612,8552,M87,0.79658097028732,348600,AP-S303-F102,0.22870922088623,0.22870922088623,293.80554199219,270.04998779297
08-APR-2025,2.1132205346612,8552,M87,0.79658097028732,348600,AP-S304-F102,0.22817200422287,0.22817200422287,301.54760742187,270.04998779297
08-APR-2025,2.1441927604356,8556,M87,0.80138456821442,336600,AP-S301-F101,0.22767831385136,0.22767831385136,260.80639648437,270.04998779297
08-APR-2025,2.1441927604356,8556,M87,0.80138456821442,336600,AP-S302-F101,0.227548584342,0.227548584342,271.03427124023,270.04998779297
08-APR-2025,2.1441927604356,8556,M87,0.80138456821442,348600,AP-S303-F102,0.22870922088623,0.22870922088623,293.80554199219,270.04998779297
08-APR-2025,2.1441927604356,8556,M87,0.80138456821442,348600,AP-S304-F102,0.22817200422287,0.22817200422287,301.54760742187,270.04998779297
08-APR-2025,2.1533594267166,8556,M87,0.80279630422592,336600,AP-S301-F101,0.22767831385136,0.22767831385136,260.80639648437,270.04998779297
08-APR-2025,2.1533594267166,8556,M87,0.80279630422592,336600,AP-S302-F101,0.227548584342,0.227548584342,271.03427124023,270.04998779297
08-APR-2025,2.1533594267166,8556,M87,0.80279630422592,348600,AP-S303-F102,0.22870922088623,0.22870922088623,293.80554199219,270.04998779297
08-APR-2025,2.1533594267166,8556,M87,0.80279630422592,348600,AP-S304-F102,0.22817200422287,0.22817200422287,301.54760742187,270.04998779297
08-APR-2025,2.1625260926484,8556,M87,0.80420345067978,336600,AP-S301-F101,0.22767831385136,0.22767831385136,260.80639648437,270.04998779297
08-APR-2025,2.1625260926484,8556,M87,0.80420345067978,336600,AP-S302-F101,0.227548584342,0.227548584342,271.03427124023,270.04998779297
08-APR-2025,2.1625260926484,8556,M87,0.80420345067978,348600,AP-S303-F102,0.22870922088623,0.22870922088623,293.80554199219,270.04998779297
08-APR-2025,2.1625260926484,8556,M87,0.80420345067978,348600,AP-S304-F102,0.22817200422287,0.22817200422287,301.54760742187,270.04998779297
08-APR-2025,2.1716927585802,8556,M87,0.8056058883667,336600,AP-S301-F101,0.22767831385136,0.22767831385136,260.80639648437,270.04998779297
08-APR-2025,2.1716927585802,8556,M87,0.8056058883667,336600,AP-S302-F101,0.227548584342,0.227548584342,271.03427124023,270.04998779297
08-APR-2025,2.1716927585802,8556,M87,0.8056058883667,348600,AP-S303-F102,0.22870922088623,0.22870922088623,293.80554199219,270.04998779297
08-APR-2025,2.1716927585802,8556,M87,0.8056058883667,348600,AP-S304-F102,0.22817200422287,0.22817200422287,301.54760742187,270.04998779297
08-APR-2025,2.3271094232252,8561,3C279,0.97585743665695,336600,AP-S301-F101,0.23840001225471,0.23840001225471,245.17622375488,270.14999389648
08-APR-2025,2.3271094232252,8561,3C279,0.97585743665695,336600,AP-S302-F101,0.24010697007179,0.24010697007179,256.68188476563,270.14999389648
08-APR-2025,2.3271094232252,8561,3C279,0.97585743665695,348600,AP-S303-F102,0.24087770283222,0.24087770283222,277.94689941406,270.14999389648
08-APR-2025,2.3271094232252,8561,3C279,0.97585743665695,348600,AP-S304-F102,0.24230016767979,0.24230016767979,287.60317993164,270.14999389648
08-APR-2025,2.3433594225971,8565,3C279,0.97940415143967,336600,AP-S301-F101,0.23840001225471,0.23840001225471,245.17622375488,270.14999389648
08-APR-2025,2.3433594225971,8565,3C279,0.97940415143967,336600,AP-S302-F101,0.24010697007179,0.24010697007179,256.68188476563,270.14999389648
08-APR-2025,2.3433594225971,8565,3C279,0.97940415143967,348600,AP-S303-F102,0.24087770283222,0.24087770283222,277.94689941406,270.14999389648
08-APR-2025,2.3433594225971,8565,3C279,0.97940415143967,348600,AP-S304-F102,0.24230016767979,0.24230016767979,287.60317993164,270.14999389648
08-APR-2025,2.3525260883543,8565,3C279,0.98140180110931,336600,AP-S301-F101,0.23840001225471,0.23840001225471,245.17622375488,270.14999389648
08-APR-2025,2.3525260883543,8565,3C279,0.98140180110931,336600,AP-S302-F101,0.24010697007179,0.24010697007179,256.68188476563,270.14999389648
08-APR-2025,2.3525260883543,8565,3C279,0.98140180110931,348600,AP-S303-F102,0.24087770283222,0.24087770283222,277.94689941406,270.14999389648
08-APR-2025,2.3525260883543,8565,3C279,0.98140180110931,348600,AP-S304-F102,0.24230016767979,0.24230016767979,287.60317993164,270.14999389648
08-APR-2025,2.3614149776683,8565,3C279,0.98333668708801,336600,AP-S301-F101,0.23840001225471,0.23840001225471,245.17622375488,270.14999389648
08-APR-2025,2.3614149776683,8565,3C279,0.98333668708801,336600,AP-S302-F101,0.24010697007179,0.24010697007179,256.68188476563,270.14999389648
08-APR-2025,2.3614149776683,8565,3C279,0.98333668708801,348600,AP-S303-F102,0.24087770283222,0.24087770283222,277.94689941406,270.14999389648
08-APR-2025,2.3614149776683,8565,3C279,0.98333668708801,348600,AP-S304-F102,0.24230016767979,0.24230016767979,287.60317993164,270.14999389648
08-APR-2025,2.4204427549975,8570,3C273,0.99213093519211,336600,AP-S301-F101,0.2223047465086,0.2223047465086,234.36293029785,270.25
08-APR-2025,2.4204427549975,8570,3C273,0.99213093519211,336600,AP-S302-F101,0.22317244112492,0.22317244112492,245.19415283203,270.25
08-APR-2025,2.4204427549975,8570,3C273,0.99213093519211,348600,AP-S303-F102,0.22486761212349,0.22486761212349,265.66412353516,270.25
08-APR-2025,2.4204427549975,8570,3C273,0.99213093519211,348600,AP-S304-F102,0.22566682100296,0.22566682100296,275.20166015625,270.25
08-APR-2025,2.4441927555303,8574,3C273,0.99611806869507,336600,AP-S301-F101,0.2223047465086,0.2223047465086,234.36293029785,270.25
08-APR-2025,2.4441927555303,8574,3C273,0.99611806869507,336600,AP-S302-F101,0.22317244112492,0.22317244112492,245.19415283203,270.25
08-APR-2025,2.4441927555303,8574,3C273,0.99611806869507,348600,AP-S303-F102,0.22486761212349,0.22486761212349,265.66412353516,270.25
08-APR-2025,2.4441927555303,8574,3C273,0.99611806869507,348600,AP-S304-F102,0.22566682100296,0.22566682100296,275.20166015625,270.25
08-APR-2025,2.4530816443204,8574,3C273,0.99760103225708,336600,AP-S301-F101,0.2223047465086,0.2223047465086,234.36293029785,270.25
08-APR-2025,2.4530816443204,8574,3C273,0.99760103225708,336600,AP-S302-F101,0.22317244112492,0.22317244112492,245.19415283203,270.25
08-APR-2025,2.4530816443204,8574,3C273,0.99760103225708,348600,AP-S303-F102,0.22486761212349,0.22486761212349,265.66412353516,270.25
08-APR-2025,2.4530816443204,8574,3C273,0.99760103225708,348600,AP-S304-F102,0.22566682100296,0.22566682100296,275.20166015625,270.25
08-APR-2025,2.4622483104268,8574,3C273,0.99912482500076,336600,AP-S301-F101,0.2223047465086,0.2223047465086,234.36293029785,270.25
08-APR-2025,2.4622483104268,8574,3C273,0.99912482500076,336600,AP-S302-F101,0.22317244112492,0.22317244112492,245.19415283203,270.25
08-APR-2025,2.4622483104268,8574,3C273,0.99912482500076,348600,AP-S303-F102,0.22486761212349,0.22486761212349,265.66412353516,270.25
08-APR-2025,2.4622483104268,8574,3C273,0.99912482500076,348600,AP-S304-F102,0.22566682100296,0.22566682100296,275.20166015625,270.25
08-APR-2025,2.5204427533624,8579,M87,0.85524094104767,336600,AP-S301-F101,0.20958749949932,0.20958749949932,240.39424133301,270.04998779297
08-APR-2025,2.5204427533624,8579,M87,0.85524094104767,336600,AP-S302-F101,0.20896248519421,0.20896248519421,249.98886108398,270.04998779297
08-APR-2025,2.5204427533624,8579,M87,0.85524094104767,348600,AP-S303-F102,0.21145796775818,0.21145796775818,272.23162841797,270.04998779297
08-APR-2025,2.5204427533624,8579,M87,0.85524094104767,348600,AP-S304-F102,0.21063311398029,0.21063311398029,279.25860595703,270.04998779297
08-APR-2025,2.543637200485,8583,M87,0.85826498270035,336600,AP-S301-F101,0.20958749949932,0.20958749949932,240.39424133301,270.04998779297
08-APR-2025,2.543637200485,8583,M87,0.85826498270035,336600,AP-S302-F101,0.20896248519421,0.20896248519421,249.98886108398,270.04998779297
08-APR-2025,2.543637200485,8583,M87,0.85826498270035,348600,AP-S303-F102,0.21145796775818,0.21145796775818,272.23162841797,270.04998779297
08-APR-2025,2.543637200485,8583,M87,0.85826498270035,348600,AP-S304-F102,0.21063311398029,0.21063311398029,279.25860595703,270.04998779297
08-APR-2025,2.5525260892751,8583,M87,0.85941410064697,336600,AP-S301-F101,0.20958749949932,0.20958749949932,240.39424133301,270.04998779297
08-APR-2025,2.5525260892751,8583,M87,0.85941410064697,336600,AP-S302-F101,0.20896248519421,0.20896248519421,249.98886108398,270.04998779297
08-APR-2025,2.5525260892751,8583,M87,0.85941410064697,348600,AP-S303-F102,0.21145796775818,0.21145796775818,272.23162841797,270.04998779297
08-APR-2025,2.5525260892751,8583,M87,0.85941410064697,348600,AP-S304-F102,0.21063311398029,0.21063311398029,279.25860595703,270.04998779297
08-APR-2025,2.5614149784144,8583,M87,0.86055773496628,336600,AP-S301-F101,0.20958749949932,0.20958749949932,240.39424133301,270.04998779297
08-APR-2025,2.5614149784144,8583,M87,0.86055773496628,336600,AP-S302-F101,0.20896248519421,0.20896248519421,249.98886108398,270.04998779297
08-APR-2025,2.5614149784144,8583,M87,0.86055773496628,348600,AP-S303-F102,0.21145796775818,0.21145796775818,272.23162841797,270.04998779297
08-APR-2025,2.5614149784144,8583,M87,0.86055773496628,348600,AP-S304-F102,0.21063311398029,0.21063311398029,279.25860595703,270.04998779297
08-APR-2025,2.570581643997,8583,M87,0.86173135042191,336600,AP-S301-F101,0.20958749949932,0.20958749949932,240.39424133301,270.04998779297
08-APR-2025,2.570581643997,8583,M87,0.86173135042191,336600,AP-S302-F101,0.20896248519421,0.20896248519421,249.98886108398,270.04998779297
08-APR-2025,2.570581643997,8583,M87,0.86173135042191,348600,AP-S303-F102,0.21145796775818,0.21145796775818,272.23162841797,270.04998779297
08-APR-2025,2.570581643997,8583,M87,0.86173135042191,348600,AP-S304-F102,0.21063311398029,0.21063311398029,279.25860595703,270.04998779297
08-APR-2025,2.6773871995335,8588,OJ287,0.61278074979782,336600,AP-S301-F101,0.20069415867329,0.20069415867329,274.64254760742,269.45001220703
08-APR-2025,2.6773871995335,8588,OJ287,0.61278074979782,336600,AP-S302-F101,0.20074987411499,0.20074987411499,285.09201049805,269.45001220703
08-APR-2025,2.6773871995335,8588,OJ287,0.61278074979782,348600,AP-S303-F102,0.20122842490673,0.20122842490673,308.38781738281,269.45001220703
08-APR-2025,2.6773871995335,8588,OJ287,0.61278074979782,348600,AP-S304-F102,0.20102939009666,0.20102939009666,316.36428833008,269.45001220703
08-APR-2025,2.6936371990801,8592,OJ287,0.61019164323807,336600,AP-S301-F101,0.20069415867329,0.20069415867329,274.64254760742,269.45001220703
08-APR-2025,2.6936371990801,8592,OJ287,0.61019164323807,336600,AP-S302-F101,0.20074987411499,0.20074987411499,285.09201049805,269.45001220703
08-APR-2025,2.6936371990801,8592,OJ287,0.61019164323807,348600,AP-S303-F102,0.20122842490673,0.20122842490673,308.38781738281,269.45001220703
08-APR-2025,2.6936371990801,8592,OJ287,0.61019164323807,348600,AP-S304-F102,0.20102939009666,0.20102939009666,316.36428833008,269.45001220703
08-APR-2025,2.7025260878702,8592,OJ287,0.60877060890198,336600,AP-S301-F101,0.20069415867329,0.20069415867329,274.64254760742,269.45001220703
08-APR-2025,2.7025260878702,8592,OJ287,0.60877060890198,336600,AP-S302-F101,0.20074987411499,0.20074987411499,285.09201049805,269.45001220703
08-APR-2025,2.7025260878702,8592,OJ287,0.60877060890198,348600,AP-S303-F102,0.20122842490673,0.20122842490673,308.38781738281,269.45001220703
08-APR-2025,2.7025260878702,8592,OJ287,0.60877060890198,348600,AP-S304-F102,0.20102939009666,0.20102939009666,316.36428833008,269.45001220703
08-APR-2025,2.8936834179891,8600,3C279,1.0942951440811,336600,AP-S301-F101,0.2364736199379,0.2364736199379,233.86175537109,269.25
08-APR-2025,2.8936834179891,8600,3C279,1.0942951440811,336600,AP-S302-F101,0.23903328180313,0.23903328180313,248.96015930176,269.25
08-APR-2025,2.8936834179891,8600,3C279,1.0942951440811,348600,AP-S303-F102,0.24077944457531,0.24077944457531,267.52075195312,269.25
08-APR-2025,2.8936834179891,8600,3C279,1.0942951440811,348600,AP-S304-F102,0.24229195713997,0.24229195713997,280.08953857422,269.25
08-APR-2025,2.9107667528025,8604,3C279,1.0976560115814,336600,AP-S301-F101,0.2364736199379,0.2364736199379,233.86175537109,269.25
08-APR-2025,2.9107667528025,8604,3C279,1.0976560115814,336600,AP-S302-F101,0.23903328180313,0.23903328180313,248.96015930176,269.25
08-APR-2025,2.9107667528025,8604,3C279,1.0976560115814,348600,AP-S303-F102,0.24077944457531,0.24077944457531,267.52075195312,269.25
08-APR-2025,2.9107667528025,8604,3C279,1.0976560115814,348600,AP-S304-F102,0.24229195713997,0.24229195713997,280.08953857422,269.25
08-APR-2025,2.9196556412433,8604,3C279,1.0993988513947,336600,AP-S301-F101,0.2364736199379,0.2364736199379,233.86175537109,269.25
08-APR-2025,2.9196556412433,8604,3C279,1.0993988513947,336600,AP-S302-F101,0.23903328180313,0.23903328180313,248.96015930176,269.25
08-APR-2025,2.9196556412433,8604,3C279,1.0993988513947,348600,AP-S303-F102,0.24077944457531,0.24077944457531,267.52075195312,269.25
08-APR-2025,2.9196556412433,8604,3C279,1.0993988513947,348600,AP-S304-F102,0.24229195713997,0.24229195713997,280.08953857422,269.25
08-APR-2025,2.9285445302081,8604,3C279,1.1011372804642,336600,AP-S301-F101,0.2364736199379,0.2364736199379,233.86175537109,269.25
08-APR-2025,2.9285445302081,8604,3C279,1.1011372804642,336600,AP-S302-F101,0.23903328180313,0.23903328180313,248.96015930176,269.25
08-APR-2025,2.9285445302081,8604,3C279,1.1011372804642,348600,AP-S303-F102,0.24077944457531,0.24077944457531,267.52075195312,269.25
08-APR-2025,2.9285445302081,8604,3C279,1.1011372804642,348600,AP-S304-F102,0.24229195713997,0.24229195713997,280.08953857422,269.25
08-APR-2025,2.9867389727944,8609,M87,0.90834832191467,336600,AP-S301-F101,0.21881774067879,0.21881774067879,239.58969116211,269.75
08-APR-2025,2.9867389727944,8609,M87,0.90834832191467,336600,AP-S302-F101,0.21884512901306,0.21884512901306,253.18486022949,269.75
08-APR-2025,2.9867389727944,8609,M87,0.90834832191467,348600,AP-S303-F102,0.22113411128521,0.22113411128521,272.04351806641,269.75
08-APR-2025,2.9867389727944,8609,M87,0.90834832191467,348600,AP-S304-F102,0.22002081573009,0.22002081573009,282.56607055664,269.75
08-APR-2025,3.0096556385843,8613,M87,0.91050738096237,336600,AP-S301-F101,0.21881774067879,0.21881774067879,239.58969116211,269.75
08-APR-2025,3.0096556385843,8613,M87,0.91050738096237,336600,AP-S302-F101,0.21884512901306,0.21884512901306,253.18486022949,269.75
08-APR-2025,3.0096556385843,8613,M87,0.91050738096237,348600,AP-S303-F102,0.22113411128521,0.22113411128521,272.04351806641,269.75
08-APR-2025,3.0096556385843,8613,M87,0.91050738096237,348600,AP-S304-F102,0.22002081573009,0.22002081573009,282.56607055664,269.75
08-APR-2025,3.0185445270252,8613,M87,0.91133272647858,336600,AP-S301-F101,0.21881774067879,0.21881774067879,239.58969116211,269.75
08-APR-2025,3.0185445270252,8613,M87,0.91133272647858,336600,AP-S302-F101,0.21884512901306,0.21884512901306,253.18486022949,269.75
08-APR-2025,3.0185445270252,8613,M87,0.91133272647858,348600,AP-S303-F102,0.22113411128521,0.22113411128521,272.04351806641,269.75
08-APR-2025,3.0185445270252,8613,M87,0.91133272647858,348600,AP-S304-F102,0.22002081573009,0.22002081573009,282.56607055664,269.75
08-APR-2025,3.0277111927824,8613,M87,0.91217660903931,336600,AP-S301-F101,0.21881774067879,0.21881774067879,239.58969116211,269.75
08-APR-2025,3.0277111927824,8613,M87,0.91217660903931,336600,AP-S302-F101,0.21884512901306,0.21884512901306,253.18486022949,269.75
08-APR-2025,3.0277111927824,8613,M87,0.91217660903931,348600,AP-S303-F102,0.22113411128521,0.22113411128521,272.04351806641,269.75
08-APR-2025,3.0277111927824,8613,M87,0.91217660903931,348600,AP-S304-F102,0.22002081573009,0.22002081573009,282.56607055664,269.75
08-APR-2025,3.0368778588888,8613,M87,0.91301316022873,336600,AP-S301-F101,0.21881774067879,0.21881774067879,239.58969116211,269.75
08-APR-2025,3.0368778588888,8613,M87,0.91301316022873,336600,AP-S302-F101,0.21884512901306,0.21884512901306,253.18486022949,269.75
08-APR-2025,3.0368778588888,8613,M87,0.91301316022873,348600,AP-S303-F102,0.22113411128521,0.22113411128521,272.04351806641,269.75
08-APR-2025,3.0368778588888,8613,M87,0.91301316022873,348600,AP-S304-F102,0.22002081573009,0.22002081573009,282.56607055664,269.75
08-APR-2025,3.103127860761,8618,3C279,1.1343458890915,336600,AP-S301-F101,0.229347422719,0.229347422719,228.24765014648,269.14999389648
08-APR-2025,3.103127860761,8618,3C279,1.1343458890915,336600,AP-S302-F101,0.23212262988091,0.23212262988091,243.24130249023,269.14999389648
08-APR-2025,3.103127860761,8618,3C279,1.1343458890915,348600,AP-S303-F102,0.23273324966431,0.23273324966431,259.36795043945,269.14999389648
08-APR-2025,3.103127860761,8618,3C279,1.1343458890915,348600,AP-S304-F102,0.23671796917915,0.23671796917915,274.59439086914,269.14999389648
08-APR-2025,3.1268778581506,8622,3C279,1.138712644577,336600,AP-S301-F101,0.229347422719,0.229347422719,228.24765014648,269.14999389648
08-APR-2025,3.1268778581506,8622,3C279,1.138712644577,336600,AP-S302-F101,0.23212262988091,0.23212262988091,243.24130249023,269.14999389648
08-APR-2025,3.1268778581506,8622,3C279,1.138712644577,348600,AP-S303-F102,0.23273324966431,0.23273324966431,259.36795043945,269.14999389648
08-APR-2025,3.1268778581506,8622,3C279,1.138712644577,348600,AP-S304-F102,0.23671796917915,0.23671796917915,274.59439086914,269.14999389648
08-APR-2025,3.1357667471153,8622,3C279,1.1403369903564,336600,AP-S301-F101,0.229347422719,0.229347422719,228.24765014648,269.14999389648
08-APR-2025,3.1357667471153,8622,3C279,1.1403369903564,336600,AP-S302-F101,0.23212262988091,0.23212262988091,243.24130249023,269.14999389648
08-APR-2025,3.1357667471153,8622,3C279,1.1403369903564,348600,AP-S303-F102,0.23273324966431,0.23273324966431,259.36795043945,269.14999389648
08-APR-2025,3.1357667471153,8622,3C279,1.1403369903564,348600,AP-S304-F102,0.23671796917915,0.23671796917915,274.59439086914,269.14999389648
08-APR-2025,3.1449334153172,8622,3C279,1.142006278038,336600,AP-S301-F101,0.229347422719,0.229347422719,228.24765014648,269.14999389648
08-APR-2025,3.1449334153172,8622,3C279,1.142006278038,336600,AP-S302-F101,0.23212262988091,0.23212262988091,243.24130249023,269.14999389648
08-APR-2025,3.1449334153172,8622,3C279,1.142006278038,348600,AP-S303-F102,0.23273324966431,0.23273324966431,259.36795043945,269.14999389648
08-APR-2025,3.1449334153172,8622,3C279,1.142006278038,348600,AP-S304-F102,0.23671796917915,0.23671796917915,274.59439086914,269.14999389648
08-APR-2025,3.2609056369602,8627,OJ287,0.51351422071457,336600,AP-S301-F101,0.17992068827152,0.17992068827152,283.91778564453,271.04998779297
08-APR-2025,3.2609056369602,8627,OJ287,0.51351422071457,336600,AP-S302-F101,0.18000057339668,0.18000057339668,297.28771972656,271.04998779297
08-APR-2025,3.2609056369602,8627,OJ287,0.51351422071457,348600,AP-S303-F102,0.18065668642521,0.18065668642521,319.2624206543,271.04998779297
08-APR-2025,3.2609056369602,8627,OJ287,0.51351422071457,348600,AP-S304-F102,0.17975875735283,0.17975875735283,329.76043701172,271.04998779297
08-APR-2025,3.277155634062,8631,OJ287,0.51058214902878,336600,AP-S301-F101,0.17992068827152,0.17992068827152,283.91778564453,271.04998779297
08-APR-2025,3.277155634062,8631,OJ287,0.51058214902878,336600,AP-S302-F101,0.18000057339668,0.18000057339668,297.28771972656,271.04998779297
08-APR-2025,3.277155634062,8631,OJ287,0.51058214902878,348600,AP-S303-F102,0.18065668642521,0.18065668642521,319.2624206543,271.04998779297
08-APR-2025,3.277155634062,8631,OJ287,0.51058214902878,348600,AP-S304-F102,0.17975875735283,0.17975875735283,329.76043701172,271.04998779297
08-APR-2025,3.2863222999938,8631,OJ287,0.50892454385757,336600,AP-S301-F101,0.17992068827152,0.17992068827152,283.91778564453,271.04998779297
08-APR-2025,3.2863222999938,8631,OJ287,0.50892454385757,336600,AP-S302-F101,0.18000057339668,0.18000057339668,297.28771972656,271.04998779297
08-APR-2025,3.2863222999938,8631,OJ287,0.50892454385757,348600,AP-S303-F102,0.18065668642521,0.18065668642521,319.2624206543,271.04998779297
08-APR-2025,3.2863222999938,8631,OJ287,0.50892454385757,348600,AP-S304-F102,0.17975875735283,0.17975875735283,329.76043701172,271.04998779297
08-APR-2025,3.295766745512,8631,OJ287,0.50721406936646,336600,AP-S301-F101,0.17992068827152,0.17992068827152,283.91778564453,271.04998779297
08-APR-2025,3.295766745512,8631,OJ287,0.50721406936646,336600,AP-S302-F101,0.18000057339668,0.18000057339668,297.28771972656,271.04998779297
08-APR-2025,3.295766745512,8631,OJ287,0.50721406936646,348600,AP-S303-F102,0.18065668642521,0.18065668642521,319.2624206543,271.04998779297
08-APR-2025,3.295766745512,8631,OJ287,0.50721406936646,348600,AP-S304-F102,0.17975875735283,0.17975875735283,329.76043701172,271.04998779297
08-APR-2025,3.4703500802559,8645,M87,0.94367688894272,336600,AP-S301-F101,0.20465180277824,0.20465180277824,228.75590515137,271.54998779297
08-APR-2025,3.4703500802559,8645,M87,0.94367688894272,336600,AP-S302-F101,0.20492248237133,0.20492248237133,242.41149902344,271.54998779297
08-APR-2025,3.4703500802559,8645,M87,0.94367688894272,348600,AP-S303-F102,0.20760628581047,0.20760628581047,260.40603637695,271.54998779297
08-APR-2025,3.4703500802559,8645,M87,0.94367688894272,348600,AP-S304-F102,0.2073914706707,0.2073914706707,271.71920776367,271.54998779297
08-APR-2025,3.4943778553111,8649,M87,0.94483989477158,336600,AP-S301-F101,0.20465180277824,0.20465180277824,228.75590515137,271.54998779297
08-APR-2025,3.4943778553111,8649,M87,0.94483989477158,336600,AP-S302-F101,0.20492248237133,0.20492248237133,242.41149902344,271.54998779297
08-APR-2025,3.4943778553111,8649,M87,0.94483989477158,348600,AP-S303-F102,0.20760628581047,0.20760628581047,260.40603637695,271.54998779297
08-APR-2025,3.4943778553111,8649,M87,0.94483989477158,348600,AP-S304-F102,0.2073914706707,0.2073914706707,271.71920776367,271.54998779297
08-APR-2025,3.5032667441012,8649,M87,0.94525533914566,336600,AP-S301-F101,0.20465180277824,0.20465180277824,228.75590515137,271.54998779297
08-APR-2025,3.5032667441012,8649,M87,0.94525533914566,336600,AP-S302-F101,0.20492248237133,0.20492248237133,242.41149902344,271.54998779297
08-APR-2025,3.5032667441012,8649,M87,0.94525533914566,348600,AP-S303-F102,0.20760628581047,0.20760628581047,260.40603637695,271.54998779297
08-APR-2025,3.5032667441012,8649,M87,0.94525533914566,348600,AP-S304-F102,0.2073914706707,0.2073914706707,271.71920776367,271.54998779297
08-APR-2025,3.5121556327167,8649,M87,0.94566267728806,336600,AP-S301-F101,0.20465180277824,0.20465180277824,228.75590515137,271.54998779297
08-APR-2025,3.5121556327167,8649,M87,0.94566267728806,336600,AP-S302-F101,0.20492248237133,0.20492248237133,242.41149902344,271.54998779297
08-APR-2025,3.5121556327167,8649,M87,0.94566267728806,348600,AP-S303-F102,0.20760628581047,0.20760628581047,260.40603637695,271.54998779297
08-APR-2025,3.5121556327167,8649,M87,0.94566267728806,348600,AP-S304-F102,0.2073914706707,0.2073914706707,271.71920776367,271.54998779297
08-APR-2025,3.5210445215068,8649,M87,0.94606202840805,336600,AP-S301-F101,0.20465180277824,0.20465180277824,228.75590515137,271.54998779297
08-APR-2025,3.5210445215068,8649,M87,0.94606202840805,336600,AP-S302-F101,0.20492248237133,0.20492248237133,242.41149902344,271.54998779297
08-APR-2025,3.5210445215068,8649,M87,0.94606202840805,348600,AP-S303-F102,0.20760628581047,0.20760628581047,260.40603637695,271.54998779297
08-APR-2025,3.5210445215068,8649,M87,0.94606202840805,348600,AP-S304-F102,0.2073914706707,0.2073914706707,271.71920776367,271.54998779297
08-APR-2025,3.7267388824986,8657,3C279,1.231989979744,336600,AP-S301-F101,0.22239112854004,0.22239112854004,220.2349395752,271.54998779297
08-APR-2025,3.7267388824986,8657,3C279,1.231989979744,336600,AP-S302-F101,0.22699022293091,0.22699022293091,233.34732055664,271.54998779297
08-APR-2025,3.7267388824986,8657,3C279,1.231989979744,348600,AP-S303-F102,0.22709806263447,0.22709806263447,252.97523498535,271.54998779297
08-APR-2025,3.7267388824986,8657,3C279,1.231989979744,348600,AP-S304-F102,0.23253133893013,0.23253133893013,264.38876342773,271.54998779297
08-APR-2025,3.7429888830929,8661,3C279,1.2339249849319,336600,AP-S301-F101,0.22239112854004,0.22239112854004,220.2349395752,271.54998779297
08-APR-2025,3.7429888830929,8661,3C279,1.2339249849319,336600,AP-S302-F101,0.22699022293091,0.22699022293091,233.34732055664,271.54998779297
08-APR-2025,3.7429888830929,8661,3C279,1.2339249849319,348600,AP-S303-F102,0.22709806263447,0.22709806263447,252.97523498535,271.54998779297
08-APR-2025,3.7429888830929,8661,3C279,1.2339249849319,348600,AP-S304-F102,0.23253133893013,0.23253133893013,264.38876342773,271.54998779297
08-APR-2025,3.7518777722322,8661,3C279,1.2349672317505,336600,AP-S301-F101,0.22239112854004,0.22239112854004,220.2349395752,271.54998779297
08-APR-2025,3.7518777722322,8661,3C279,1.2349672317505,336600,AP-S302-F101,0.22699022293091,0.22699022293091,233.34732055664,271.54998779297
08-APR-2025,3.7518777722322,8661,3C279,1.2349672317505,348600,AP-S303-F102,0.22709806263447,0.22709806263447,252.97523498535,271.54998779297
08-APR-2025,3.7518777722322,8661,3C279,1.2349672317505,348600,AP-S304-F102,0.23253133893013,0.23253133893013,264.38876342773,271.54998779297
08-APR-2025,3.7607666606731,8661,3C279,1.2359975576401,336600,AP-S301-F101,0.22239112854004,0.22239112854004,220.2349395752,271.54998779297
08-APR-2025,3.7607666606731,8661,3C279,1.2359975576401,336600,AP-S302-F101,0.22699022293091,0.22699022293091,233.34732055664,271.54998779297
08-APR-2025,3.7607666606731,8661,3C279,1.2359975576401,348600,AP-S303-F102,0.22709806263447,0.22709806263447,252.97523498535,271.54998779297
08-APR-2025,3.7607666606731,8661,3C279,1.2359975576401,348600,AP-S304-F102,0.23253133893013,0.23253133893013,264.38876342773,271.54998779297
08-APR-2025,3.8200722153186,8666,M87,0.95468884706497,336600,AP-S301-F101,0.21191594004631,0.21191594004631,231.56451416016,271.45001220703
08-APR-2025,3.8200722153186,8666,M87,0.95468884706497,336600,AP-S302-F101,0.21144273877144,0.21144273877144,241.31507873535,271.45001220703
08-APR-2025,3.8200722153186,8666,M87,0.95468884706497,348600,AP-S303-F102,0.21473301947117,0.21473301947117,263.30041503906,271.45001220703
08-APR-2025,3.8200722153186,8666,M87,0.95468884706497,348600,AP-S304-F102,0.21434909105301,0.21434909105301,271.48425292969,271.45001220703
08-APR-2025,3.8438222162007,8670,M87,0.9549674987793,336600,AP-S301-F101,0.21191594004631,0.21191594004631,231.56451416016,271.45001220703
08-APR-2025,3.8438222162007,8670,M87,0.9549674987793,336600,AP-S302-F101,0.21144273877144,0.21144273877144,241.31507873535,271.45001220703
08-APR-2025,3.8438222162007,8670,M87,0.9549674987793,348600,AP-S303-F102,0.21473301947117,0.21473301947117,263.30041503906,271.45001220703
08-APR-2025,3.8438222162007,8670,M87,0.9549674987793,348600,AP-S304-F102,0.21434909105301,0.21434909105301,271.48425292969,271.45001220703
08-APR-2025,3.8527111049908,8670,M87,0.95505630970001,336600,AP-S301-F101,0.21191594004631,0.21191594004631,231.56451416016,271.45001220703
08-APR-2025,3.8527111049908,8670,M87,0.95505630970001,336600,AP-S302-F101,0.21144273877144,0.21144273877144,241.31507873535,271.45001220703
08-APR-2025,3.8527111049908,8670,M87,0.95505630970001,348600,AP-S303-F102,0.21473301947117,0.21473301947117,263.30041503906,271.45001220703
08-APR-2025,3.8527111049908,8670,M87,0.95505630970001,348600,AP-S304-F102,0.21434909105301,0.21434909105301,271.48425292969,271.45001220703
08-APR-2025,3.8615999941301,8670,M87,0.95513677597046,336600,AP-S301-F101,0.21191594004631,0.21191594004631,231.56451416016,271.45001220703
08-APR-2025,3.8615999941301,8670,M87,0.95513677597046,336600,AP-S302-F101,0.21144273877144,0.21144273877144,241.31507873535,271.45001220703
08-APR-2025,3.8615999941301,8670,M87,0.95513677597046,348600,AP-S303-F102,0.21473301947117,0.21473301947117,263.30041503906,271.45001220703
08-APR-2025,3.8615999941301,8670,M87,0.95513677597046,348600,AP-S304-F102,0.21434909105301,0.21434909105301,271.48425292969,271.45001220703
08-APR-2025,3.8707666598873,8670,M87,0.95521074533463,336600,AP-S301-F101,0.21191594004631,0.21191594004631,231.56451416016,271.45001220703
08-APR-2025,3.8707666598873,8670,M87,0.95521074533463,336600,AP-S302-F101,0.21144273877144,0.21144273877144,241.31507873535,271.45001220703
08-APR-2025,3.8707666598873,8670,M87,0.95521074533463,348600,AP-S303-F102,0.21473301947117,0.21473301947117,263.30041503906,271.45001220703
08-APR-2025,3.8707666598873,8670,M87,0.95521074533463,348600,AP-S304-F102,0.21434909105301,0.21434909105301,271.48425292969,271.45001220703
08-APR-2025,4.0757781847779,8680,SGRA,0.38312315940857,336600,AP-S301-F101,0,0,0,0
08-APR-2025,4.0757781847779,8680,SGRA,0.38312315940857,336600,AP-S302-F101,0,0,0,0
08-APR-2025,4.0757781847779,8680,SGRA,0.38312315940857,348600,AP-S303-F102,0,0,0,0
08-APR-2025,4.0757781847779,8680,SGRA,0.38312315940857,348600,AP-S304-F102,0,0,0,0
08-APR-2025,4.0846670737426,8680,SGRA,0.38509473204613,336600,AP-S301-F101,0,0,0,0
08-APR-2025,4.0846670737426,8680,SGRA,0.38509473204613,336600,AP-S302-F101,0,0,0,0
08-APR-2025,4.0846670737426,8680,SGRA,0.38509473204613,348600,AP-S303-F102,0,0,0,0
08-APR-2025,4.0846670737426,8680,SGRA,0.38509473204613,348600,AP-S304-F102,0,0,0,0
08-APR-2025,4.0935559625327,8680,SGRA,0.38706675171852,336600,AP-S301-F101,0,0,0,0
08-APR-2025,4.0935559625327,8680,SGRA,0.38706675171852,336600,AP-S302-F101,0,0,0,0
08-APR-2025,4.0935559625327,8680,SGRA,0.38706675171852,348600,AP-S303-F102,0,0,0,0
08-APR-2025,4.0935559625327,8680,SGRA,0.38706675171852,348600,AP-S304-F102,0,0,0,0
08-APR-2025,4.1024448513229,8680,SGRA,0.38903924822807,336600,AP-S301-F101,0,0,0,0
08-APR-2025,4.1024448513229,8680,SGRA,0.38903924822807,336600,AP-S302-F101,0,0,0,0
08-APR-2025,4.1024448513229,8680,SGRA,0.38903924822807,348600,AP-S303-F102,0,0,0,0
08-APR-2025,4.1024448513229,8680,SGRA,0.38903924822807,348600,AP-S304-F102,0,0,0,0
08-APR-2025,4.1116115176039,8680,SGRA,0.39107391238213,336600,AP-S301-F101,0,0,0,0
08-APR-2025,4.1116115176039,8680,SGRA,0.39107391238213,336600,AP-S302-F101,0,0,0,0
08-APR-2025,4.1116115176039,8680,SGRA,0.39107391238213,348600,AP-S303-F102,0,0,0,0
08-APR-2025,4.1116115176039,8680,SGRA,0.39107391238213,348600,AP-S304-F102,0,0,0,0
08-APR-2025,4.120500406394,8680,SGRA,0.39304739236832,336600,AP-S301-F101,0,0,0,0
08-APR-2025,4.120500406394,8680,SGRA,0.39304739236832,336600,AP-S302-F101,0,0,0,0
08-APR-2025,4.120500406394,8680,SGRA,0.39304739236832,348600,AP-S303-F102,0,0,0,0
08-APR-2025,4.120500406394,8680,SGRA,0.39304739236832,348600,AP-S304-F102,0,0,0,0
08-APR-2025,4.1293892951841,8680,SGRA,0.39502134919167,336600,AP-S301-F101,0,0,0,0
08-APR-2025,4.1293892951841,8680,SGRA,0.39502134919167,336600,AP-S302-F101,0,0,0,0
08-APR-2025,4.1293892951841,8680,SGRA,0.39502134919167,348600,AP-S303-F102,0,0,0,0
08-APR-2025,4.1293892951841,8680,SGRA,0.39502134919167,348600,AP-S304-F102,0,0,0,0
08-APR-2025,4.1382781837996,8680,SGRA,0.39699578285217,336600,AP-S301-F101,0,0,0,0
08-APR-2025,4.1382781837996,8680,SGRA,0.39699578285217,336600,AP-S302-F101,0,0,0,0
08-APR-2025,4.1382781837996,8680,SGRA,0.39699578285217,348600,AP-S303-F102,0,0,0,0
08-APR-2025,4.1382781837996,8680,SGRA,0.39699578285217,348600,AP-S304-F102,0,0,0,0
08-APR-2025,4.1474448502553,8680,SGRA,0.39903238415718,336600,AP-S301-F101,0,0,0,0
08-APR-2025,4.1474448502553,8680,SGRA,0.39903238415718,336600,AP-S302-F101,0,0,0,0
08-APR-2025,4.1474448502553,8680,SGRA,0.39903238415718,348600,AP-S303-F102,0,0,0,0
08-APR-2025,4.1474448502553,8680,SGRA,0.39903238415718,348600,AP-S304-F102,0,0,0,0
08-APR-2025,4.1563337390454,8680,SGRA,0.401007771492,336600,AP-S301-F101,0,0,0,0
08-APR-2025,4.1563337390454,8680,SGRA,0.401007771492,336600,AP-S302-F101,0,0,0,0
08-APR-2025,4.1563337390454,8680,SGRA,0.401007771492,348600,AP-S303-F102,0,0,0,0
08-APR-2025,4.1563337390454,8680,SGRA,0.401007771492,348600,AP-S304-F102,0,0,0,0
08-APR-2025,4.2628615158686,8683,SGRA,0.42471715807915,336600,AP-S301-F101,0.16943301260471,0.16943301260471,309.10244750977,271.14999389648
08-APR-2025,4.2628615158686,8683,SGRA,0.42471715807915,336600,AP-S302-F101,0.16901637613773,0.16901637613773,320.05682373047,271.14999389648
08-APR-2025,4.2628615158686,8683,SGRA,0.42471715807915,348600,AP-S303-F102,0.17026959359646,0.17026959359646,348.49621582031,271.14999389648
08-APR-2025,4.2628615158686,8683,SGRA,0.42471715807915,348600,AP-S304-F102,0.16938605904579,0.16938605904579,355.16836547852,271.14999389648
08-APR-2025,4.2935559606596,8687,SGRA,0.43156090378761,336600,AP-S301-F101,0.16943301260471,0.16943301260471,309.10244750977,271.14999389648
08-APR-2025,4.2935559606596,8687,SGRA,0.43156090378761,336600,AP-S302-F101,0.16901637613773,0.16901637613773,320.05682373047,271.14999389648
08-APR-2025,4.2935559606596,8687,SGRA,0.43156090378761,348600,AP-S303-F102,0.17026959359646,0.17026959359646,348.49621582031,271.14999389648
08-APR-2025,4.2935559606596,8687,SGRA,0.43156090378761,348600,AP-S304-F102,0.16938605904579,0.16938605904579,355.16836547852,271.14999389648
08-APR-2025,4.3024448494497,8687,SGRA,0.43354374170303,336600,AP-S301-F101,0.16943301260471,0.16943301260471,309.10244750977,271.14999389648
08-APR-2025,4.3024448494497,8687,SGRA,0.43354374170303,336600,AP-S302-F101,0.16901637613773,0.16901637613773,320.05682373047,271.14999389648
08-APR-2025,4.3024448494497,8687,SGRA,0.43354374170303,348600,AP-S303-F102,0.17026959359646,0.17026959359646,348.49621582031,271.14999389648
08-APR-2025,4.3024448494497,8687,SGRA,0.43354374170303,348600,AP-S304-F102,0.16938605904579,0.16938605904579,355.16836547852,271.14999389648
08-APR-2025,4.3113337382398,8687,SGRA,0.43552699685097,336600,AP-S301-F101,0.16943301260471,0.16943301260471,309.10244750977,271.14999389648
08-APR-2025,4.3113337382398,8687,SGRA,0.43552699685097,336600,AP-S302-F101,0.16901637613773,0.16901637613773,320.05682373047,271.14999389648
08-APR-2025,4.3113337382398,8687,SGRA,0.43552699685097,348600,AP-S303-F102,0.17026959359646,0.17026959359646,348.49621582031,271.14999389648
08-APR-2025,4.3113337382398,8687,SGRA,0.43552699685097,348600,AP-S304-F102,0.16938605904579,0.16938605904579,355.16836547852,271.14999389648
08-APR-2025,4.3202226268553,8687,SGRA,0.43751066923141,336600,AP-S301-F101,0.16943301260471,0.16943301260471,309.10244750977,271.14999389648
08-APR-2025,4.3202226268553,8687,SGRA,0.43751066923141,336600,AP-S302-F101,0.16901637613773,0.16901637613773,320.05682373047,271.14999389648
08-APR-2025,4.3202226268553,8687,SGRA,0.43751066923141,348600,AP-S303-F102,0.17026959359646,0.17026959359646,348.49621582031,271.14999389648
08-APR-2025,4.3202226268553,8687,SGRA,0.43751066923141,348600,AP-S304-F102,0.16938605904579,0.16938605904579,355.16836547852,271.14999389648
08-APR-2025,4.3291115159946,8687,SGRA,0.43949481844902,336600,AP-S301-F101,0.16943301260471,0.16943301260471,309.10244750977,271.14999389648
08-APR-2025,4.3291115159946,8687,SGRA,0.43949481844902,336600,AP-S302-F101,0.16901637613773,0.16901637613773,320.05682373047,271.14999389648
08-APR-2025,4.3291115159946,8687,SGRA,0.43949481844902,348600,AP-S303-F102,0.17026959359646,0.17026959359646,348.49621582031,271.14999389648
08-APR-2025,4.3291115159946,8687,SGRA,0.43949481844902,348600,AP-S304-F102,0.16938605904579,0.16938605904579,355.16836547852,271.14999389648
08-APR-2025,4.3380004049594,8687,SGRA,0.44147941470146,336600,AP-S301-F101,0.16943301260471,0.16943301260471,309.10244750977,271.14999389648
08-APR-2025,4.3380004049594,8687,SGRA,0.44147941470146,336600,AP-S302-F101,0.16901637613773,0.16901637613773,320.05682373047,271.14999389648
08-APR-2025,4.3380004049594,8687,SGRA,0.44147941470146,348600,AP-S303-F102,0.17026959359646,0.17026959359646,348.49621582031,271.14999389648
08-APR-2025,4.3380004049594,8687,SGRA,0.44147941470146,348600,AP-S304-F102,0.16938605904579,0.16938605904579,355.16836547852,271.14999389648
08-APR-2025,4.3468892932256,8687,SGRA,0.44346442818642,336600,AP-S301-F101,0.16943301260471,0.16943301260471,309.10244750977,271.14999389648
08-APR-2025,4.3468892932256,8687,SGRA,0.44346442818642,336600,AP-S302-F101,0.16901637613773,0.16901637613773,320.05682373047,271.14999389648
08-APR-2025,4.3468892932256,8687,SGRA,0.44346442818642,348600,AP-S303-F102,0.17026959359646,0.17026959359646,348.49621582031,271.14999389648
08-APR-2025,4.3468892932256,8687,SGRA,0.44346442818642,348600,AP-S304-F102,0.16938605904579,0.16938605904579,355.16836547852,271.14999389648
08-APR-2025,4.3560559598559,8687,SGRA,0.44551187753677,336600,AP-S301-F101,0.16943301260471,0.16943301260471,309.10244750977,271.14999389648
08-APR-2025,4.3560559598559,8687,SGRA,0.44551187753677,336600,AP-S302-F101,0.16901637613773,0.16901637613773,320.05682373047,271.14999389648
08-APR-2025,4.3560559598559,8687,SGRA,0.44551187753677,348600,AP-S303-F102,0.17026959359646,0.17026959359646,348.49621582031,271.14999389648
08-APR-2025,4.3560559598559,8687,SGRA,0.44551187753677,348600,AP-S304-F102,0.16938605904579,0.16938605904579,355.16836547852,271.14999389648
08-APR-2025,4.364944848646,8687,SGRA,0.44749775528908,336600,AP-S301-F101,0.16943301260471,0.16943301260471,309.10244750977,271.14999389648
08-APR-2025,4.364944848646,8687,SGRA,0.44749775528908,336600,AP-S302-F101,0.16901637613773,0.16901637613773,320.05682373047,271.14999389648
08-APR-2025,4.364944848646,8687,SGRA,0.44749775528908,348600,AP-S303-F102,0.17026959359646,0.17026959359646,348.49621582031,271.14999389648
08-APR-2025,4.364944848646,8687,SGRA,0.44749775528908,348600,AP-S304-F102,0.16938605904579,0.16938605904579,355.16836547852,271.14999389648
08-APR-2025,4.3741115171972,8687,SGRA,0.44954612851143,336600,AP-S301-F101,0.16943301260471,0.16943301260471,309.10244750977,271.14999389648
08-APR-2025,4.3741115171972,8687,SGRA,0.44954612851143,336600,AP-S302-F101,0.16901637613773,0.16901637613773,320.05682373047,271.14999389648
08-APR-2025,4.3741115171972,8687,SGRA,0.44954612851143,348600,AP-S303-F102,0.17026959359646,0.17026959359646,348.49621582031,271.14999389648
08-APR-2025,4.3741115171972,8687,SGRA,0.44954612851143,348600,AP-S304-F102,0.16938605904579,0.16938605904579,355.16836547852,271.14999389648
08-APR-2025,4.6116293754549,8694,M87,0.93181520700455,336600,AP-S301-F101,0,0,0,0
08-APR-2025,4.6116293754549,8694,M87,0.93181520700455,336600,AP-S302-F101,0,0,0,0
08-APR-2025,4.6116293754549,8694,M87,0.93181520700455,348600,AP-S303-F102,0,0,0,0
08-APR-2025,4.6116293754549,8694,M87,0.93181520700455,348600,AP-S304-F102,0,0,0,0
08-APR-2025,4.6264904833559,8698,M87,0.93077450990677,336600,AP-S301-F101,0,0,0,0
08-APR-2025,4.6264904833559,8698,M87,0.93077450990677,336600,AP-S302-F101,0,0,0,0
08-APR-2025,4.6264904833559,8698,M87,0.93077450990677,348600,AP-S303-F102,0,0,0,0
08-APR-2025,4.6264904833559,8698,M87,0.93077450990677,348600,AP-S304-F102,0,0,0,0
08-APR-2025,4.6356571517324,8698,M87,0.93012219667435,336600,AP-S301-F101,0,0,0,0
08-APR-2025,4.6356571517324,8698,M87,0.93012219667435,336600,AP-S302-F101,0,0,0,0
08-APR-2025,4.6356571517324,8698,M87,0.93012219667435,348600,AP-S303-F102,0,0,0,0
08-APR-2025,4.6356571517324,8698,M87,0.93012219667435,348600,AP-S304-F102,0,0,0,0
08-APR-2025,4.644684929006,8698,M87,0.92947190999985,336600,AP-S301-F101,0,0,0,0
08-APR-2025,4.644684929006,8698,M87,0.92947190999985,336600,AP-S302-F101,0,0,0,0
08-APR-2025,4.644684929006,8698,M87,0.92947190999985,348600,AP-S303-F102,0,0,0,0
08-APR-2025,4.644684929006,8698,M87,0.92947190999985,348600,AP-S304-F102,0,0,0,0
08-APR-2025,4.6537127068036,8698,M87,0.92881393432617,336600,AP-S301-F101,0,0,0,0
08-APR-2025,4.6537127068036,8698,M87,0.92881393432617,336600,AP-S302-F101,0,0,0,0
08-APR-2025,4.6537127068036,8698,M87,0.92881393432617,348600,AP-S303-F102,0,0,0,0
08-APR-2025,4.6537127068036,8698,M87,0.92881393432617,348600,AP-S304-F102,0,0,0,0
08-APR-2025,4.7127404865775,8701,M87,0.92432332038879,336600,AP-S301-F101,0.20539878308773,0.20539878308773,229.11128234863,270.54998779297
08-APR-2025,4.7127404865775,8701,M87,0.92432332038879,336600,AP-S302-F101,0.2065809071064,0.2065809071064,240.51068115234,270.54998779297
08-APR-2025,4.7127404865775,8701,M87,0.92432332038879,348600,AP-S303-F102,0.20788653194904,0.20788653194904,261.64895629883,270.54998779297
08-APR-2025,4.7127404865775,8701,M87,0.92432332038879,348600,AP-S304-F102,0.20888409018517,0.20888409018517,269.85028076172,270.54998779297
08-APR-2025,4.7437127055415,8705,M87,0.92183703184128,336600,AP-S301-F101,0.20539878308773,0.20539878308773,229.11128234863,270.54998779297
08-APR-2025,4.7437127055415,8705,M87,0.92183703184128,336600,AP-S302-F101,0.2065809071064,0.2065809071064,240.51068115234,270.54998779297
08-APR-2025,4.7437127055415,8705,M87,0.92183703184128,348600,AP-S303-F102,0.20788653194904,0.20788653194904,261.64895629883,270.54998779297
08-APR-2025,4.7437127055415,8705,M87,0.92183703184128,348600,AP-S304-F102,0.20888409018517,0.20888409018517,269.85028076172,270.54998779297
08-APR-2025,4.7526015943316,8705,M87,0.92110741138458,336600,AP-S301-F101,0.20539878308773,0.20539878308773,229.11128234863,270.54998779297
08-APR-2025,4.7526015943316,8705,M87,0.92110741138458,336600,AP-S302-F101,0.2065809071064,0.2065809071064,240.51068115234,270.54998779297
08-APR-2025,4.7526015943316,8705,M87,0.92110741138458,348600,AP-S303-F102,0.20788653194904,0.20788653194904,261.64895629883,270.54998779297
08-APR-2025,4.7526015943316,8705,M87,0.92110741138458,348600,AP-S304-F102,0.20888409018517,0.20888409018517,269.85028076172,270.54998779297
08-APR-2025,4.7614904831218,8705,M87,0.92037051916122,336600,AP-S301-F101,0.20539878308773,0.20539878308773,229.11128234863,270.54998779297
08-APR-2025,4.7614904831218,8705,M87,0.92037051916122,336600,AP-S302-F101,0.2065809071064,0.2065809071064,240.51068115234,270.54998779297
08-APR-2025,4.7614904831218,8705,M87,0.92037051916122,348600,AP-S303-F102,0.20788653194904,0.20788653194904,261.64895629883,270.54998779297
08-APR-2025,4.7614904831218,8705,M87,0.92037051916122,348600,AP-S304-F102,0.20888409018517,0.20888409018517,269.85028076172,270.54998779297
08-APR-2025,4.7706571494028,8705,M87,0.9196030497551,336600,AP-S301-F101,0.20539878308773,0.20539878308773,229.11128234863,270.54998779297
08-APR-2025,4.7706571494028,8705,M87,0.9196030497551,336600,AP-S302-F101,0.2065809071064,0.2065809071064,240.51068115234,270.54998779297
08-APR-2025,4.7706571494028,8705,M87,0.9196030497551,348600,AP-S303-F102,0.20788653194904,0.20788653194904,261.64895629883,270.54998779297
08-APR-2025,4.7706571494028,8705,M87,0.9196030497551,348600,AP-S304-F102,0.20888409018517,0.20888409018517,269.85028076172,270.54998779297
08-APR-2025,4.8299627077154,8708,M87,0.91445517539978,336600,AP-S301-F101,0.20460358262062,0.20460358262062,230.35789489746,270.54998779297
08-APR-2025,4.8299627077154,8708,M87,0.91445517539978,336600,AP-S302-F101,0.20485727488995,0.20485727488995,240.80575561523,270.54998779297
08-APR-2025,4.8299627077154,8708,M87,0.91445517539978,348600,AP-S303-F102,0.20626044273376,0.20626044273376,261.66305541992,270.54998779297
08-APR-2025,4.8299627077154,8708,M87,0.91445517539978,348600,AP-S304-F102,0.20714108645916,0.20714108645916,269.5569152832,270.54998779297
08-APR-2025,4.859823817065,8712,M87,0.9117448925972,336600,AP-S301-F101,0.20460358262062,0.20460358262062,230.35789489746,270.54998779297
08-APR-2025,4.859823817065,8712,M87,0.9117448925972,336600,AP-S302-F101,0.20485727488995,0.20485727488995,240.80575561523,270.54998779297
08-APR-2025,4.859823817065,8712,M87,0.9117448925972,348600,AP-S303-F102,0.20626044273376,0.20626044273376,261.66305541992,270.54998779297
08-APR-2025,4.859823817065,8712,M87,0.9117448925972,348600,AP-S304-F102,0.20714108645916,0.20714108645916,269.5569152832,270.54998779297
08-APR-2025,4.8687127056805,8712,M87,0.91092300415039,336600,AP-S301-F101,0.20460358262062,0.20460358262062,230.35789489746,270.54998779297
08-APR-2025,4.8687127056805,8712,M87,0.91092300415039,336600,AP-S302-F101,0.20485727488995,0.20485727488995,240.80575561523,270.54998779297
08-APR-2025,4.8687127056805,8712,M87,0.91092300415039,348600,AP-S303-F102,0.20626044273376,0.20626044273376,261.66305541992,270.54998779297
08-APR-2025,4.8687127056805,8712,M87,0.91092300415039,348600,AP-S304-F102,0.20714108645916,0.20714108645916,269.5569152832,270.54998779297
08-APR-2025,4.8776015944706,8712,M87,0.91009426116943,336600,AP-S301-F101,0.20460358262062,0.20460358262062,230.35789489746,270.54998779297
08-APR-2025,4.8776015944706,8712,M87,0.91009426116943,336600,AP-S302-F101,0.20485727488995,0.20485727488995,240.80575561523,270.54998779297
08-APR-2025,4.8776015944706,8712,M87,0.91009426116943,348600,AP-S303-F102,0.20626044273376,0.20626044273376,261.66305541992,270.54998779297
08-APR-2025,4.8776015944706,8712,M87,0.91009426116943,348600,AP-S304-F102,0.20714108645916,0.20714108645916,269.5569152832,270.54998779297
08-APR-2025,4.886768260577,8712,M87,0.90923243761063,336600,AP-S301-F101,0.20460358262062,0.20460358262062,230.35789489746,270.54998779297
08-APR-2025,4.886768260577,8712,M87,0.90923243761063,336600,AP-S302-F101,0.20485727488995,0.20485727488995,240.80575561523,270.54998779297
08-APR-2025,4.886768260577,8712,M87,0.90923243761063,348600,AP-S303-F102,0.20626044273376,0.20626044273376,261.66305541992,270.54998779297
08-APR-2025,4.886768260577,8712,M87,0.90923243761063,348600,AP-S304-F102,0.20714108645916,0.20714108645916,269.5569152832,270.54998779297
08-APR-2025,5.0935738148276,8717,3C279,1.220129609108,336600,AP-S301-F101,0.2252636551857,0.2252636551857,221.98678588867,270.35000610352
08-APR-2025,5.0935738148276,8717,3C279,1.220129609108,336600,AP-S302-F101,0.22752884030342,0.22752884030342,233.06018066406,270.35000610352
08-APR-2025,5.0935738148276,8717,3C279,1.220129609108,348600,AP-S303-F102,0.23118402063847,0.23118402063847,253.37084960937,270.35000610352
08-APR-2025,5.0935738148276,8717,3C279,1.220129609108,348600,AP-S304-F102,0.23229697346687,0.23229697346687,263.90036010742,270.35000610352
08-APR-2025,5.1101015918652,8721,3C279,1.2179088592529,336600,AP-S301-F101,0.2252636551857,0.2252636551857,221.98678588867,270.35000610352
08-APR-2025,5.1101015918652,8721,3C279,1.2179088592529,336600,AP-S302-F101,0.22752884030342,0.22752884030342,233.06018066406,270.35000610352
08-APR-2025,5.1101015918652,8721,3C279,1.2179088592529,348600,AP-S303-F102,0.23118402063847,0.23118402063847,253.37084960937,270.35000610352
08-APR-2025,5.1101015918652,8721,3C279,1.2179088592529,348600,AP-S304-F102,0.23229697346687,0.23229697346687,263.90036010742,270.35000610352
08-APR-2025,5.1189904806553,8721,3C279,1.2166998386383,336600,AP-S301-F101,0.2252636551857,0.2252636551857,221.98678588867,270.35000610352
08-APR-2025,5.1189904806553,8721,3C279,1.2166998386383,336600,AP-S302-F101,0.22752884030342,0.22752884030342,233.06018066406,270.35000610352
08-APR-2025,5.1189904806553,8721,3C279,1.2166998386383,348600,AP-S303-F102,0.23118402063847,0.23118402063847,253.37084960937,270.35000610352
08-APR-2025,5.1189904806553,8721,3C279,1.2166998386383,348600,AP-S304-F102,0.23229697346687,0.23229697346687,263.90036010742,270.35000610352
08-APR-2025,5.1278793694454,8721,3C279,1.2154806852341,336600,AP-S301-F101,0.2252636551857,0.2252636551857,221.98678588867,270.35000610352
08-APR-2025,5.1278793694454,8721,3C279,1.2154806852341,336600,AP-S302-F101,0.22752884030342,0.22752884030342,233.06018066406,270.35000610352
08-APR-2025,5.1278793694454,8721,3C279,1.2154806852341,348600,AP-S303-F102,0.23118402063847,0.23118402063847,253.37084960937,270.35000610352
08-APR-2025,5.1278793694454,8721,3C279,1.2154806852341,348600,AP-S304-F102,0.23229697346687,0.23229697346687,263.90036010742,270.35000610352
08-APR-2025,5.1874627026296,8726,3C273,1.0273463726044,336600,AP-S301-F101,0.21400924026966,0.21400924026966,226.74035644531,270.45001220703
08-APR-2025,5.1874627026296,8726,3C273,1.0273463726044,336600,AP-S302-F101,0.21376726031303,0.21376726031303,236.47842407227,270.45001220703
08-APR-2025,5.1874627026296,8726,3C273,1.0273463726044,348600,AP-S303-F102,0.21779528260231,0.21779528260231,258.30895996094,270.45001220703
08-APR-2025,5.1874627026296,8726,3C273,1.0273463726044,348600,AP-S304-F102,0.21671712398529,0.21671712398529,266.39202880859,270.45001220703
08-APR-2025,5.2098238134376,8730,3C273,1.0238982439041,336600,AP-S301-F101,0.21400924026966,0.21400924026966,226.74035644531,270.45001220703
08-APR-2025,5.2098238134376,8730,3C273,1.0238982439041,336600,AP-S302-F101,0.21376726031303,0.21376726031303,236.47842407227,270.45001220703
08-APR-2025,5.2098238134376,8730,3C273,1.0238982439041,348600,AP-S303-F102,0.21779528260231,0.21779528260231,258.30895996094,270.45001220703
08-APR-2025,5.2098238134376,8730,3C273,1.0238982439041,348600,AP-S304-F102,0.21671712398529,0.21671712398529,266.39202880859,270.45001220703
08-APR-2025,5.2189904798933,8730,3C273,1.0224739313126,336600,AP-S301-F101,0.21400924026966,0.21400924026966,226.74035644531,270.45001220703
08-APR-2025,5.2189904798933,8730,3C273,1.0224739313126,336600,AP-S302-F101,0.21376726031303,0.21376726031303,236.47842407227,270.45001220703
08-APR-2025,5.2189904798933,8730,3C273,1.0224739313126,348600,AP-S303-F102,0.21779528260231,0.21779528260231,258.30895996094,270.45001220703
08-APR-2025,5.2189904798933,8730,3C273,1.0224739313126,348600,AP-S304-F102,0.21671712398529,0.21671712398529,266.39202880859,270.45001220703
08-APR-2025,5.2281571454758,8730,3C273,1.0210431814194,336600,AP-S301-F101,0.21400924026966,0.21400924026966,226.74035644531,270.45001220703
08-APR-2025,5.2281571454758,8730,3C273,1.0210431814194,336600,AP-S302-F101,0.21376726031303,0.21376726031303,236.47842407227,270.45001220703
08-APR-2025,5.2281571454758,8730,3C273,1.0210431814194,348600,AP-S303-F102,0.21779528260231,0.21779528260231,258.30895996094,270.45001220703
08-APR-2025,5.2281571454758,8730,3C273,1.0210431814194,348600,AP-S304-F102,0.21671712398529,0.21671712398529,266.39202880859,270.45001220703
08-APR-2025,5.2866293685217,8735,M87,0.8649810552597,336600,AP-S301-F101,0.20718219876289,0.20718219876289,237.10163879395,270.25
08-APR-2025,5.2866293685217,8735,M87,0.8649810552597,336600,AP-S302-F101,0.20750315487385,0.20750315487385,247.28974914551,270.25
08-APR-2025,5.2866293685217,8735,M87,0.8649810552597,348600,AP-S303-F102,0.20909956097603,0.20909956097603,268.21478271484,270.25
08-APR-2025,5.2866293685217,8735,M87,0.8649810552597,348600,AP-S304-F102,0.20899268984795,0.20899268984795,276.53427124023,270.25
08-APR-2025,5.3106571442753,8739,M87,0.86193513870239,336600,AP-S301-F101,0.20718219876289,0.20718219876289,237.10163879395,270.25
08-APR-2025,5.3106571442753,8739,M87,0.86193513870239,336600,AP-S302-F101,0.20750315487385,0.20750315487385,247.28974914551,270.25
08-APR-2025,5.3106571442753,8739,M87,0.86193513870239,348600,AP-S303-F102,0.20909956097603,0.20909956097603,268.21478271484,270.25
08-APR-2025,5.3106571442753,8739,M87,0.86193513870239,348600,AP-S304-F102,0.20899268984795,0.20899268984795,276.53427124023,270.25
08-APR-2025,5.319684921549,8739,M87,0.86078035831451,336600,AP-S301-F101,0.20718219876289,0.20718219876289,237.10163879395,270.25
08-APR-2025,5.319684921549,8739,M87,0.86078035831451,336600,AP-S302-F101,0.20750315487385,0.20750315487385,247.28974914551,270.25
08-APR-2025,5.319684921549,8739,M87,0.86078035831451,348600,AP-S303-F102,0.20909956097603,0.20909956097603,268.21478271484,270.25
08-APR-2025,5.319684921549,8739,M87,0.86078035831451,348600,AP-S304-F102,0.20899268984795,0.20899268984795,276.53427124023,270.25
08-APR-2025,5.3292682562492,8739,M87,0.85954827070236,336600,AP-S301-F101,0.20718219876289,0.20718219876289,237.10163879395,270.25
08-APR-2025,5.3292682562492,8739,M87,0.85954827070236,336600,AP-S302-F101,0.20750315487385,0.20750315487385,247.28974914551,270.25
08-APR-2025,5.3292682562492,8739,M87,0.85954827070236,348600,AP-S303-F102,0.20909956097603,0.20909956097603,268.21478271484,270.25
08-APR-2025,5.3292682562492,8739,M87,0.85954827070236,348600,AP-S304-F102,0.20899268984795,0.20899268984795,276.53427124023,270.25
08-APR-2025,5.3381571448647,8739,M87,0.85839974880219,336600,AP-S301-F101,0.20718219876289,0.20718219876289,237.10163879395,270.25
08-APR-2025,5.3381571448647,8739,M87,0.85839974880219,336600,AP-S302-F101,0.20750315487385,0.20750315487385,247.28974914551,270.25
08-APR-2025,5.3381571448647,8739,M87,0.85839974880219,348600,AP-S303-F102,0.20909956097603,0.20909956097603,268.21478271484,270.25
08-APR-2025,5.3381571448647,8739,M87,0.85839974880219,348600,AP-S304-F102,0.20899268984795,0.20899268984795,276.53427124023,270.25
08-APR-2025,5.4943144774244,8744,3C279,1.1576458215714,336600,AP-S301-F101,0,0,0,0
08-APR-2025,5.4943144774244,8744,3C279,1.1576458215714,336600,AP-S302-F101,0,0,0,0
08-APR-2025,5.4943144774244,8744,3C279,1.1576458215714,348600,AP-S303-F102,0,0,0,0
08-APR-2025,5.4943144774244,8744,3C279,1.1576458215714,348600,AP-S304-F102,0,0,0,0
08-APR-2025,5.5104255881382,8748,3C279,1.1548138856888,336600,AP-S301-F101,0,0,0,0
08-APR-2025,5.5104255881382,8748,3C279,1.1548138856888,336600,AP-S302-F101,0,0,0,0
08-APR-2025,5.5104255881382,8748,3C279,1.1548138856888,348600,AP-S303-F102,0,0,0,0
08-APR-2025,5.5104255881382,8748,3C279,1.1548138856888,348600,AP-S304-F102,0,0,0,0
08-APR-2025,5.5200089196952,8748,3C279,1.153119802475,336600,AP-S301-F101,0,0,0,0
08-APR-2025,5.5200089196952,8748,3C279,1.153119802475,336600,AP-S302-F101,0,0,0,0
08-APR-2025,5.5200089196952,8748,3C279,1.153119802475,348600,AP-S303-F102,0,0,0,0
08-APR-2025,5.5200089196952,8748,3C279,1.153119802475,348600,AP-S304-F102,0,0,0,0
08-APR-2025,5.5288978083107,8748,3C279,1.1515421867371,336600,AP-S301-F101,0,0,0,0
08-APR-2025,5.5288978083107,8748,3C279,1.1515421867371,336600,AP-S302-F101,0,0,0,0
08-APR-2025,5.5288978083107,8748,3C279,1.1515421867371,348600,AP-S303-F102,0,0,0,0
08-APR-2025,5.5288978083107,8748,3C279,1.1515421867371,348600,AP-S304-F102,0,0,0,0
08-APR-2025,5.5873700332774,8753,M87,0.82407373189926,336600,AP-S301-F101,0.20622059702873,0.20622059702873,240.62481689453,270.14999389648
08-APR-2025,5.5873700332774,8753,M87,0.82407373189926,336600,AP-S302-F101,0.20699170231819,0.20699170231819,252.31349182129,270.14999389648
08-APR-2025,5.5873700332774,8753,M87,0.82407373189926,348600,AP-S303-F102,0.20768955349922,0.20768955349922,273.76089477539,270.14999389648
08-APR-2025,5.5873700332774,8753,M87,0.82407373189926,348600,AP-S304-F102,0.2089024335146,0.2089024335146,282.07403564453,270.14999389648
08-APR-2025,5.6102866983688,8757,M87,0.82072150707245,336600,AP-S301-F101,0.20622059702873,0.20622059702873,240.62481689453,270.14999389648
08-APR-2025,5.6102866983688,8757,M87,0.82072150707245,336600,AP-S302-F101,0.20699170231819,0.20699170231819,252.31349182129,270.14999389648
08-APR-2025,5.6102866983688,8757,M87,0.82072150707245,348600,AP-S303-F102,0.20768955349922,0.20768955349922,273.76089477539,270.14999389648
08-APR-2025,5.6102866983688,8757,M87,0.82072150707245,348600,AP-S304-F102,0.2089024335146,0.2089024335146,282.07403564453,270.14999389648
08-APR-2025,5.619731141093,8757,M87,0.81933104991913,336600,AP-S301-F101,0.20622059702873,0.20622059702873,240.62481689453,270.14999389648
08-APR-2025,5.619731141093,8757,M87,0.81933104991913,336600,AP-S302-F101,0.20699170231819,0.20699170231819,252.31349182129,270.14999389648
08-APR-2025,5.619731141093,8757,M87,0.81933104991913,348600,AP-S303-F102,0.20768955349922,0.20768955349922,273.76089477539,270.14999389648
08-APR-2025,5.619731141093,8757,M87,0.81933104991913,348600,AP-S304-F102,0.2089024335146,0.2089024335146,282.07403564453,270.14999389648
08-APR-2025,5.6288978073741,8757,M87,0.81797647476196,336600,AP-S301-F101,0.20622059702873,0.20622059702873,240.62481689453,270.14999389648
08-APR-2025,5.6288978073741,8757,M87,0.81797647476196,336600,AP-S302-F101,0.20699170231819,0.20699170231819,252.31349182129,270.14999389648
08-APR-2025,5.6288978073741,8757,M87,0.81797647476196,348600,AP-S303-F102,0.20768955349922,0.20768955349922,273.76089477539,270.14999389648
08-APR-2025,5.6288978073741,8757,M87,0.81797647476196,348600,AP-S304-F102,0.2089024335146,0.2089024335146,282.07403564453,270.14999389648
08-APR-2025,5.6377866966881,8757,M87,0.81665819883347,336600,AP-S301-F101,0.20622059702873,0.20622059702873,240.62481689453,270.14999389648
08-APR-2025,5.6377866966881,8757,M87,0.81665819883347,336600,AP-S302-F101,0.20699170231819,0.20699170231819,252.31349182129,270.14999389648
08-APR-2025,5.6377866966881,8757,M87,0.81665819883347,348600,AP-S303-F102,0.20768955349922,0.20768955349922,273.76089477539,270.14999389648
08-APR-2025,5.6377866966881,8757,M87,0.81665819883347,348600,AP-S304-F102,0.2089024335146,0.2089024335146,282.07403564453,270.14999389648
08-APR-2025,5.6962589195593,8760,M87,0.80787307024002,336600,AP-S301-F101,0.20363172888756,0.20363172888756,241.57527160645,269.95001220703
08-APR-2025,5.6962589195593,8760,M87,0.80787307024002,336600,AP-S302-F101,0.20461358129978,0.20461358129978,252.50045776367,269.95001220703
08-APR-2025,5.6962589195593,8760,M87,0.80787307024002,348600,AP-S303-F102,0.20535306632519,0.20535306632519,273.42565917969,269.95001220703
08-APR-2025,5.6962589195593,8760,M87,0.80787307024002,348600,AP-S304-F102,0.20554476976395,0.20554476976395,281.87698364258,269.95001220703
08-APR-2025,5.7272311414919,8764,M87,0.80314117670059,336600,AP-S301-F101,0.20363172888756,0.20363172888756,241.57527160645,269.95001220703
08-APR-2025,5.7272311414919,8764,M87,0.80314117670059,336600,AP-S302-F101,0.20461358129978,0.20461358129978,252.50045776367,269.95001220703
08-APR-2025,5.7272311414919,8764,M87,0.80314117670059,348600,AP-S303-F102,0.20535306632519,0.20535306632519,273.42565917969,269.95001220703
08-APR-2025,5.7272311414919,8764,M87,0.80314117670059,348600,AP-S304-F102,0.20554476976395,0.20554476976395,281.87698364258,269.95001220703
08-APR-2025,5.7362589212103,8764,M87,0.80175197124481,336600,AP-S301-F101,0.20363172888756,0.20363172888756,241.57527160645,269.95001220703
08-APR-2025,5.7362589212103,8764,M87,0.80175197124481,336600,AP-S302-F101,0.20461358129978,0.20461358129978,252.50045776367,269.95001220703
08-APR-2025,5.7362589212103,8764,M87,0.80175197124481,348600,AP-S303-F102,0.20535306632519,0.20535306632519,273.42565917969,269.95001220703
08-APR-2025,5.7362589212103,8764,M87,0.80175197124481,348600,AP-S304-F102,0.20554476976395,0.20554476976395,281.87698364258,269.95001220703
08-APR-2025,5.7452866983093,8764,M87,0.80035829544067,336600,AP-S301-F101,0.20363172888756,0.20363172888756,241.57527160645,269.95001220703
08-APR-2025,5.7452866983093,8764,M87,0.80035829544067,336600,AP-S302-F101,0.20461358129978,0.20461358129978,252.50045776367,269.95001220703
08-APR-2025,5.7452866983093,8764,M87,0.80035829544067,348600,AP-S303-F102,0.20535306632519,0.20535306632519,273.42565917969,269.95001220703
08-APR-2025,5.7452866983093,8764,M87,0.80035829544067,348600,AP-S304-F102,0.20554476976395,0.20554476976395,281.87698364258,269.95001220703
08-APR-2025,5.7544533642411,8764,M87,0.79893863201141,336600,AP-S301-F101,0.20363172888756,0.20363172888756,241.57527160645,269.95001220703
08-APR-2025,5.7544533642411,8764,M87,0.79893863201141,336600,AP-S302-F101,0.20461358129978,0.20461358129978,252.50045776367,269.95001220703
08-APR-2025,5.7544533642411,8764,M87,0.79893863201141,348600,AP-S303-F102,0.20535306632519,0.20535306632519,273.42565917969,269.95001220703
08-APR-2025,5.7544533642411,8764,M87,0.79893863201141,348600,AP-S304-F102,0.20554476976395,0.20554476976395,281.87698364258,269.95001220703
08-APR-2025,5.9601478066072,8769,3C279,1.0688579082489,336600,AP-S301-F101,0.20592202246189,0.20592202246189,219.27853393555,270.14999389648
08-APR-2025,5.9601478066072,8769,3C279,1.0688579082489,336600,AP-S302-F101,0.20682391524315,0.20682391524315,229.6043548584,270.14999389648
08-APR-2025,5.9601478066072,8769,3C279,1.0688579082489,348600,AP-S303-F102,0.20918835699558,0.20918835699558,250.0227355957,270.14999389648
08-APR-2025,5.9601478066072,8769,3C279,1.0688579082489,348600,AP-S304-F102,0.21017609536648,0.21017609536648,259.71243286133,270.14999389648
08-APR-2025,5.9763978077254,8773,3C279,1.0655480623245,336600,AP-S301-F101,0.20592202246189,0.20592202246189,219.27853393555,270.14999389648
08-APR-2025,5.9763978077254,8773,3C279,1.0655480623245,336600,AP-S302-F101,0.20682391524315,0.20682391524315,229.6043548584,270.14999389648
08-APR-2025,5.9763978077254,8773,3C279,1.0655480623245,348600,AP-S303-F102,0.20918835699558,0.20918835699558,250.0227355957,270.14999389648
08-APR-2025,5.9763978077254,8773,3C279,1.0655480623245,348600,AP-S304-F102,0.21017609536648,0.21017609536648,259.71243286133,270.14999389648
08-APR-2025,5.9855644734825,8773,3C279,1.0636759996414,336600,AP-S301-F101,0.20592202246189,0.20592202246189,219.27853393555,270.14999389648
08-APR-2025,5.9855644734825,8773,3C279,1.0636759996414,336600,AP-S302-F101,0.20682391524315,0.20682391524315,229.6043548584,270.14999389648
08-APR-2025,5.9855644734825,8773,3C279,1.0636759996414,348600,AP-S303-F102,0.20918835699558,0.20918835699558,250.0227355957,270.14999389648
08-APR-2025,5.9855644734825,8773,3C279,1.0636759996414,348600,AP-S304-F102,0.21017609536648,0.21017609536648,259.71243286133,270.14999389648
08-APR-2025,5.9944533619234,8773,3C279,1.0618571043015,336600,AP-S301-F101,0.20592202246189,0.20592202246189,219.27853393555,270.14999389648
08-APR-2025,5.9944533619234,8773,3C279,1.0618571043015,336600,AP-S302-F101,0.20682391524315,0.20682391524315,229.6043548584,270.14999389648
08-APR-2025,5.9944533619234,8773,3C279,1.0618571043015,348600,AP-S303-F102,0.20918835699558,0.20918835699558,250.0227355957,270.14999389648
08-APR-2025,5.9944533619234,8773,3C279,1.0618571043015,348600,AP-S304-F102,0.21017609536648,0.21017609536648,259.71243286133,270.14999389648
08-APR-2025,6.0532033621109,8778,M87,0.75031465291977,336600,AP-S301-F101,0.18723966181278,0.18723966181278,237.80236816406,270.04998779297
08-APR-2025,6.0532033621109,8778,M87,0.75031465291977,336600,AP-S302-F101,0.18738304078579,0.18738304078579,247.97804260254,270.04998779297
08-APR-2025,6.0532033621109,8778,M87,0.75031465291977,348600,AP-S303-F102,0.18839992582798,0.18839992582798,269.24948120117,270.04998779297
08-APR-2025,6.0532033621109,8778,M87,0.75031465291977,348600,AP-S304-F102,0.18889565765858,0.18889565765858,277.5002746582,270.04998779297
08-APR-2025,6.0763978064395,8782,M87,0.74636077880859,336600,AP-S301-F101,0.18723966181278,0.18723966181278,237.80236816406,270.04998779297
08-APR-2025,6.0763978064395,8782,M87,0.74636077880859,336600,AP-S302-F101,0.18738304078579,0.18738304078579,247.97804260254,270.04998779297
08-APR-2025,6.0763978064395,8782,M87,0.74636077880859,348600,AP-S303-F102,0.18839992582798,0.18839992582798,269.24948120117,270.04998779297
08-APR-2025,6.0763978064395,8782,M87,0.74636077880859,348600,AP-S304-F102,0.18889565765858,0.18889565765858,277.5002746582,270.04998779297
08-APR-2025,6.0854255837132,8782,M87,0.7448154091835,336600,AP-S301-F101,0.18723966181278,0.18723966181278,237.80236816406,270.04998779297
08-APR-2025,6.0854255837132,8782,M87,0.7448154091835,336600,AP-S302-F101,0.18738304078579,0.18738304078579,247.97804260254,270.04998779297
08-APR-2025,6.0854255837132,8782,M87,0.7448154091835,348600,AP-S303-F102,0.18839992582798,0.18839992582798,269.24948120117,270.04998779297
08-APR-2025,6.0854255837132,8782,M87,0.7448154091835,348600,AP-S304-F102,0.18889565765858,0.18889565765858,277.5002746582,270.04998779297
08-APR-2025,6.0944533609868,8782,M87,0.74326646327972,336600,AP-S301-F101,0.18723966181278,0.18723966181278,237.80236816406,270.04998779297
08-APR-2025,6.0944533609868,8782,M87,0.74326646327972,336600,AP-S302-F101,0.18738304078579,0.18738304078579,247.97804260254,270.04998779297
08-APR-2025,6.0944533609868,8782,M87,0.74326646327972,348600,AP-S303-F102,0.18839992582798,0.18839992582798,269.24948120117,270.04998779297
08-APR-2025,6.0944533609868,8782,M87,0.74326646327972,348600,AP-S304-F102,0.18889565765858,0.18889565765858,277.5002746582,270.04998779297
08-APR-2025,6.1036200276171,8782,M87,0.7416900396347,336600,AP-S301-F101,0.18723966181278,0.18723966181278,237.80236816406,270.04998779297
08-APR-2025,6.1036200276171,8782,M87,0.7416900396347,336600,AP-S302-F101,0.18738304078579,0.18738304078579,247.97804260254,270.04998779297
08-APR-2025,6.1036200276171,8782,M87,0.7416900396347,348600,AP-S303-F102,0.18839992582798,0.18839992582798,269.24948120117,270.04998779297
08-APR-2025,6.1036200276171,8782,M87,0.7416900396347,348600,AP-S304-F102,0.18889565765858,0.18889565765858,277.5002746582,270.04998779297
08-APR-2025,6.1626478051209,8785,M87,0.7314515709877,336600,AP-S301-F101,0.1906580477953,0.1906580477953,243.18658447266,269.64999389648
08-APR-2025,6.1626478051209,8785,M87,0.7314515709877,336600,AP-S302-F101,0.18961398303509,0.18961398303509,251.861328125,269.64999389648
08-APR-2025,6.1626478051209,8785,M87,0.7314515709877,348600,AP-S303-F102,0.19227404892445,0.19227404892445,274.65643310547,269.64999389648
08-APR-2025,6.1626478051209,8785,M87,0.7314515709877,348600,AP-S304-F102,0.19029466807842,0.19029466807842,280.80590820313,269.64999389648
08-APR-2025,6.1938978061161,8789,M87,0.72597128152847,336600,AP-S301-F101,0.1906580477953,0.1906580477953,243.18658447266,269.64999389648
08-APR-2025,6.1938978061161,8789,M87,0.72597128152847,336600,AP-S302-F101,0.18961398303509,0.18961398303509,251.861328125,269.64999389648
08-APR-2025,6.1938978061161,8789,M87,0.72597128152847,348600,AP-S303-F102,0.19227404892445,0.19227404892445,274.65643310547,269.64999389648
08-APR-2025,6.1938978061161,8789,M87,0.72597128152847,348600,AP-S304-F102,0.19029466807842,0.19029466807842,280.80590820313,269.64999389648
08-APR-2025,6.2027866943823,8789,M87,0.72440510988235,336600,AP-S301-F101,0.1906580477953,0.1906580477953,243.18658447266,269.64999389648
08-APR-2025,6.2027866943823,8789,M87,0.72440510988235,336600,AP-S302-F101,0.18961398303509,0.18961398303509,251.861328125,269.64999389648
08-APR-2025,6.2027866943823,8789,M87,0.72440510988235,348600,AP-S303-F102,0.19227404892445,0.19227404892445,274.65643310547,269.64999389648
08-APR-2025,6.2027866943823,8789,M87,0.72440510988235,348600,AP-S304-F102,0.19029466807842,0.19029466807842,280.80590820313,269.64999389648
08-APR-2025,6.2119533606634,8789,M87,0.72278648614883,336600,AP-S301-F101,0.1906580477953,0.1906580477953,243.18658447266,269.64999389648
08-APR-2025,6.2119533606634,8789,M87,0.72278648614883,336600,AP-S302-F101,0.18961398303509,0.18961398303509,251.861328125,269.64999389648
08-APR-2025,6.2119533606634,8789,M87,0.72278648614883,348600,AP-S303-F102,0.19227404892445,0.19227404892445,274.65643310547,269.64999389648
08-APR-2025,6.2119533606634,8789,M87,0.72278648614883,348600,AP-S304-F102,0.19029466807842,0.19029466807842,280.80590820313,269.64999389648
08-APR-2025,6.2208422496281,8789,M87,0.72121369838715,336600,AP-S301-F101,0.1906580477953,0.1906580477953,243.18658447266,269.64999389648
08-APR-2025,6.2208422496281,8789,M87,0.72121369838715,336600,AP-S302-F101,0.18961398303509,0.18961398303509,251.861328125,269.64999389648
08-APR-2025,6.2208422496281,8789,M87,0.72121369838715,348600,AP-S303-F102,0.19227404892445,0.19227404892445,274.65643310547,269.64999389648
08-APR-2025,6.2208422496281,8789,M87,0.72121369838715,348600,AP-S304-F102,0.19029466807842,0.19029466807842,280.80590820313,269.64999389648
08-APR-2025,6.3770312196811,8795,3C279,0.98081386089325,336600,AP-S301-F101,0.20498770475388,0.20498770475388,223.68379211426,269.85000610352
08-APR-2025,6.3770312196811,8795,3C279,0.98081386089325,336600,AP-S302-F101,0.20621173083782,0.20621173083782,235.44261169434,269.85000610352
08-APR-2025,6.3770312196811,8795,3C279,0.98081386089325,348600,AP-S303-F102,0.20767877995968,0.20767877995968,256.49264526367,269.85000610352
08-APR-2025,6.3770312196811,8795,3C279,0.98081386089325,348600,AP-S304-F102,0.20863595604897,0.20863595604897,264.43048095703,269.85000610352
08-APR-2025,6.39439233443,8799,3C279,0.97702729701996,336600,AP-S301-F101,0.20498770475388,0.20498770475388,223.68379211426,269.85000610352
08-APR-2025,6.39439233443,8799,3C279,0.97702729701996,336600,AP-S302-F101,0.20621173083782,0.20621173083782,235.44261169434,269.85000610352
08-APR-2025,6.39439233443,8799,3C279,0.97702729701996,348600,AP-S303-F102,0.20767877995968,0.20767877995968,256.49264526367,269.85000610352
08-APR-2025,6.39439233443,8799,3C279,0.97702729701996,348600,AP-S304-F102,0.20863595604897,0.20863595604897,264.43048095703,269.85000610352
08-APR-2025,6.4035590005365,8799,3C279,0.97502475976944,336600,AP-S301-F101,0.20498770475388,0.20498770475388,223.68379211426,269.85000610352
08-APR-2025,6.4035590005365,8799,3C279,0.97502475976944,336600,AP-S302-F101,0.20621173083782,0.20621173083782,235.44261169434,269.85000610352
08-APR-2025,6.4035590005365,8799,3C279,0.97502475976944,348600,AP-S303-F102,0.20767877995968,0.20767877995968,256.49264526367,269.85000610352
08-APR-2025,6.4035590005365,8799,3C279,0.97502475976944,348600,AP-S304-F102,0.20863595604897,0.20863595604897,264.43048095703,269.85000610352
08-APR-2025,6.4125867776355,8799,3C279,0.9730504155159,336600,AP-S301-F101,0.20498770475388,0.20498770475388,223.68379211426,269.85000610352
08-APR-2025,6.4125867776355,8799,3C279,0.9730504155159,336600,AP-S302-F101,0.20621173083782,0.20621173083782,235.44261169434,269.85000610352
08-APR-2025,6.4125867776355,8799,3C279,0.9730504155159,348600,AP-S303-F102,0.20767877995968,0.20767877995968,256.49264526367,269.85000610352
08-APR-2025,6.4125867776355,8799,3C279,0.9730504155159,348600,AP-S304-F102,0.20863595604897,0.20863595604897,264.43048095703,269.85000610352
08-APR-2025,6.4706423298174,8804,3C273,0.78561854362488,336600,AP-S301-F101,0.18438652157784,0.18438652157784,230.88874816895,269.64999389648
08-APR-2025,6.4706423298174,8804,3C273,0.78561854362488,336600,AP-S302-F101,0.18507993221283,0.18507993221283,241.75408935547,269.64999389648
08-APR-2025,6.4706423298174,8804,3C273,0.78561854362488,348600,AP-S303-F102,0.18568395078182,0.18568395078182,261.74975585938,269.64999389648
08-APR-2025,6.4706423298174,8804,3C273,0.78561854362488,348600,AP-S304-F102,0.18613195419312,0.18613195419312,270.23724365234,269.64999389648
08-APR-2025,6.4949478876022,8808,3C273,0.78044593334198,336600,AP-S301-F101,0.18438652157784,0.18438652157784,230.88874816895,269.64999389648
08-APR-2025,6.4949478876022,8808,3C273,0.78044593334198,336600,AP-S302-F101,0.18507993221283,0.18507993221283,241.75408935547,269.64999389648
08-APR-2025,6.4949478876022,8808,3C273,0.78044593334198,348600,AP-S303-F102,0.18568395078182,0.18568395078182,261.74975585938,269.64999389648
08-APR-2025,6.4949478876022,8808,3C273,0.78044593334198,348600,AP-S304-F102,0.18613195419312,0.18613195419312,270.23724365234,269.64999389648
08-APR-2025,6.5041145540578,8808,3C273,0.77849137783051,336600,AP-S301-F101,0.18438652157784,0.18438652157784,230.88874816895,269.64999389648
08-APR-2025,6.5041145540578,8808,3C273,0.77849137783051,336600,AP-S302-F101,0.18507993221283,0.18507993221283,241.75408935547,269.64999389648
08-APR-2025,6.5041145540578,8808,3C273,0.77849137783051,348600,AP-S303-F102,0.18568395078182,0.18568395078182,261.74975585938,269.64999389648
08-APR-2025,6.5041145540578,8808,3C273,0.77849137783051,348600,AP-S304-F102,0.18613195419312,0.18613195419312,270.23724365234,269.64999389648
08-APR-2025,6.5130034424987,8808,3C273,0.7765941619873,336600,AP-S301-F101,0.18438652157784,0.18438652157784,230.88874816895,269.64999389648
08-APR-2025,6.5130034424987,8808,3C273,0.7765941619873,336600,AP-S302-F101,0.18507993221283,0.18507993221283,241.75408935547,269.64999389648
08-APR-2025,6.5130034424987,8808,3C273,0.7765941619873,348600,AP-S303-F102,0.18568395078182,0.18568395078182,261.74975585938,269.64999389648
08-APR-2025,6.5130034424987,8808,3C273,0.7765941619873,348600,AP-S304-F102,0.18613195419312,0.18613195419312,270.23724365234,269.64999389648
08-APR-2025,6.5706423290554,8813,M87,0.65694570541382,336600,AP-S301-F101,0.17744891345501,0.17744891345501,244.82096862793,269.85000610352
08-APR-2025,6.5706423290554,8813,M87,0.65694570541382,336600,AP-S302-F101,0.17620103061199,0.17620103061199,253.71249389648,269.85000610352
08-APR-2025,6.5706423290554,8813,M87,0.65694570541382,348600,AP-S303-F102,0.17750412225723,0.17750412225723,275.77081298828,269.85000610352
08-APR-2025,6.5706423290554,8813,M87,0.65694570541382,348600,AP-S304-F102,0.17680282890797,0.17680282890797,283.06466674805,269.85000610352
08-APR-2025,6.5946701100478,8817,M87,0.65237414836884,336600,AP-S301-F101,0.17744891345501,0.17744891345501,244.82096862793,269.85000610352
08-APR-2025,6.5946701100478,8817,M87,0.65237414836884,336600,AP-S302-F101,0.17620103061199,0.17620103061199,253.71249389648,269.85000610352
08-APR-2025,6.5946701100478,8817,M87,0.65237414836884,348600,AP-S303-F102,0.17750412225723,0.17750412225723,275.77081298828,269.85000610352
08-APR-2025,6.5946701100478,8817,M87,0.65237414836884,348600,AP-S304-F102,0.17680282890797,0.17680282890797,283.06466674805,269.85000610352
08-APR-2025,6.6035589984886,8817,M87,0.65067827701569,336600,AP-S301-F101,0.17744891345501,0.17744891345501,244.82096862793,269.85000610352
08-APR-2025,6.6035589984886,8817,M87,0.65067827701569,336600,AP-S302-F101,0.17620103061199,0.17620103061199,253.71249389648,269.85000610352
08-APR-2025,6.6035589984886,8817,M87,0.65067827701569,348600,AP-S303-F102,0.17750412225723,0.17750412225723,275.77081298828,269.85000610352
08-APR-2025,6.6035589984886,8817,M87,0.65067827701569,348600,AP-S304-F102,0.17680282890797,0.17680282890797,283.06466674805,269.85000610352
08-APR-2025,6.6124478871041,8817,M87,0.64897990226746,336600,AP-S301-F101,0.17744891345501,0.17744891345501,244.82096862793,269.85000610352
08-APR-2025,6.6124478871041,8817,M87,0.64897990226746,336600,AP-S302-F101,0.17620103061199,0.17620103061199,253.71249389648,269.85000610352
08-APR-2025,6.6124478871041,8817,M87,0.64897990226746,348600,AP-S303-F102,0.17750412225723,0.17750412225723,275.77081298828,269.85000610352
08-APR-2025,6.6124478871041,8817,M87,0.64897990226746,348600,AP-S304-F102,0.17680282890797,0.17680282890797,283.06466674805,269.85000610352
08-APR-2025,6.6216145535598,8817,M87,0.64722579717636,336600,AP-S301-F101,0.17744891345501,0.17744891345501,244.82096862793,269.85000610352
08-APR-2025,6.6216145535598,8817,M87,0.64722579717636,336600,AP-S302-F101,0.17620103061199,0.17620103061199,253.71249389648,269.85000610352
08-APR-2025,6.6216145535598,8817,M87,0.64722579717636,348600,AP-S303-F102,0.17750412225723,0.17750412225723,275.77081298828,269.85000610352
08-APR-2025,6.6216145535598,8817,M87,0.64722579717636,348600,AP-S304-F102,0.17680282890797,0.17680282890797,283.06466674805,269.85000610352
08-APR-2025,6.827308999593,8822,3C279,0.88038069009781,336600,AP-S301-F101,0.19163411855698,0.19163411855698,225.38545227051,269.75
08-APR-2025,6.827308999593,8822,3C279,0.88038069009781,336600,AP-S302-F101,0.1895287334919,0.1895287334919,234.01927185059,269.75
08-APR-2025,6.827308999593,8822,3C279,0.88038069009781,348600,AP-S303-F102,0.19387079775333,0.19387079775333,256.35089111328,269.75
08-APR-2025,6.827308999593,8822,3C279,0.88038069009781,348600,AP-S304-F102,0.19192288815975,0.19192288815975,263.0244140625,269.75
08-APR-2025,6.8441145506289,8826,3C279,0.8765561580658,336600,AP-S301-F101,0.19163411855698,0.19163411855698,225.38545227051,269.75
08-APR-2025,6.8441145506289,8826,3C279,0.8765561580658,336600,AP-S302-F101,0.1895287334919,0.1895287334919,234.01927185059,269.75
08-APR-2025,6.8441145506289,8826,3C279,0.8765561580658,348600,AP-S303-F102,0.19387079775333,0.19387079775333,256.35089111328,269.75
08-APR-2025,6.8441145506289,8826,3C279,0.8765561580658,348600,AP-S304-F102,0.19192288815975,0.19192288815975,263.0244140625,269.75
08-APR-2025,6.853281218307,8826,3C279,0.87446814775467,336600,AP-S301-F101,0.19163411855698,0.19163411855698,225.38545227051,269.75
08-APR-2025,6.853281218307,8826,3C279,0.87446814775467,336600,AP-S302-F101,0.1895287334919,0.1895287334919,234.01927185059,269.75
08-APR-2025,6.853281218307,8826,3C279,0.87446814775467,348600,AP-S303-F102,0.19387079775333,0.19387079775333,256.35089111328,269.75
08-APR-2025,6.853281218307,8826,3C279,0.87446814775467,348600,AP-S304-F102,0.19192288815975,0.19192288815975,263.0244140625,269.75
08-APR-2025,6.8621701070971,8826,3C279,0.87244218587875,336600,AP-S301-F101,0.19163411855698,0.19163411855698,225.38545227051,269.75
08-APR-2025,6.8621701070971,8826,3C279,0.87244218587875,336600,AP-S302-F101,0.1895287334919,0.1895287334919,234.01927185059,269.75
08-APR-2025,6.8621701070971,8826,3C279,0.87244218587875,348600,AP-S303-F102,0.19387079775333,0.19387079775333,256.35089111328,269.75
08-APR-2025,6.8621701070971,8826,3C279,0.87244218587875,348600,AP-S304-F102,0.19192288815975,0.19192288815975,263.0244140625,269.75
08-APR-2025,6.9200867760342,8831,M87,0.58874750137329,336600,AP-S301-F101,0.16715997457504,0.16715997457504,249.87342834473,269.14999389648
08-APR-2025,6.9200867760342,8831,M87,0.58874750137329,336600,AP-S302-F101,0.16733139753342,0.16733139753342,259.91873168945,269.14999389648
08-APR-2025,6.9200867760342,8831,M87,0.58874750137329,348600,AP-S303-F102,0.16737151145935,0.16737151145935,281.38195800781,269.14999389648
08-APR-2025,6.9200867760342,8831,M87,0.58874750137329,348600,AP-S304-F102,0.16754877567291,0.16754877567291,289.8147277832,269.14999389648
08-APR-2025,6.9452256631485,8835,M87,0.58370935916901,336600,AP-S301-F101,0.16715997457504,0.16715997457504,249.87342834473,269.14999389648
08-APR-2025,6.9452256631485,8835,M87,0.58370935916901,336600,AP-S302-F101,0.16733139753342,0.16733139753342,259.91873168945,269.14999389648
08-APR-2025,6.9452256631485,8835,M87,0.58370935916901,348600,AP-S303-F102,0.16737151145935,0.16737151145935,281.38195800781,269.14999389648
08-APR-2025,6.9452256631485,8835,M87,0.58370935916901,348600,AP-S304-F102,0.16754877567291,0.16754877567291,289.8147277832,269.14999389648
08-APR-2025,6.9541145524625,8835,M87,0.58192408084869,336600,AP-S301-F101,0.16715997457504,0.16715997457504,249.87342834473,269.14999389648
08-APR-2025,6.9541145524625,8835,M87,0.58192408084869,336600,AP-S302-F101,0.16733139753342,0.16733139753342,259.91873168945,269.14999389648
08-APR-2025,6.9541145524625,8835,M87,0.58192408084869,348600,AP-S303-F102,0.16737151145935,0.16737151145935,281.38195800781,269.14999389648
08-APR-2025,6.9541145524625,8835,M87,0.58192408084869,348600,AP-S304-F102,0.16754877567291,0.16754877567291,289.8147277832,269.14999389648
08-APR-2025,6.9630034409034,8835,M87,0.58013665676117,336600,AP-S301-F101,0.16715997457504,0.16715997457504,249.87342834473,269.14999389648
08-APR-2025,6.9630034409034,8835,M87,0.58013665676117,336600,AP-S302-F101,0.16733139753342,0.16733139753342,259.91873168945,269.14999389648
08-APR-2025,6.9630034409034,8835,M87,0.58013665676117,348600,AP-S303-F102,0.16737151145935,0.16737151145935,281.38195800781,269.14999389648
08-APR-2025,6.9630034409034,8835,M87,0.58013665676117,348600,AP-S304-F102,0.16754877567291,0.16754877567291,289.8147277832,269.14999389648
08-APR-2025,6.9718923298681,8835,M87,0.57834732532501,336600,AP-S301-F101,0.16715997457504,0.16715997457504,249.87342834473,269.14999389648
08-APR-2025,6.9718923298681,8835,M87,0.57834732532501,336600,AP-S302-F101,0.16733139753342,0.16733139753342,259.91873168945,269.14999389648
08-APR-2025,6.9718923298681,8835,M87,0.57834732532501,348600,AP-S303-F102,0.16737151145935,0.16737151145935,281.38195800781,269.14999389648
08-APR-2025,6.9718923298681,8835,M87,0.57834732532501,348600,AP-S304-F102,0.16754877567291,0.16754877567291,289.8147277832,269.14999389648
08-APR-2025,7.0306423249916,8838,M87,0.56647080183029,336600,AP-S301-F101,0.17506392300129,0.17506392300129,262.76803588867,269.54998779297
08-APR-2025,7.0306423249916,8838,M87,0.56647080183029,336600,AP-S302-F101,0.17340189218521,0.17340189218521,270.86660766602,269.54998779297
08-APR-2025,7.0306423249916,8838,M87,0.56647080183029,348600,AP-S303-F102,0.17606182396412,0.17606182396412,296.42047119141,269.54998779297
08-APR-2025,7.0306423249916,8838,M87,0.56647080183029,348600,AP-S304-F102,0.17397952079773,0.17397952079773,301.83953857422,269.54998779297
08-APR-2025,7.0616145491943,8842,M87,0.56017565727234,336600,AP-S301-F101,0.17506392300129,0.17506392300129,262.76803588867,269.54998779297
08-APR-2025,7.0616145491943,8842,M87,0.56017565727234,336600,AP-S302-F101,0.17340189218521,0.17340189218521,270.86660766602,269.54998779297
08-APR-2025,7.0616145491943,8842,M87,0.56017565727234,348600,AP-S303-F102,0.17606182396412,0.17606182396412,296.42047119141,269.54998779297
08-APR-2025,7.0616145491943,8842,M87,0.56017565727234,348600,AP-S304-F102,0.17397952079773,0.17397952079773,301.83953857422,269.54998779297
08-APR-2025,7.0707812153007,8842,M87,0.55830806493759,336600,AP-S301-F101,0.17506392300129,0.17506392300129,262.76803588867,269.54998779297
08-APR-2025,7.0707812153007,8842,M87,0.55830806493759,336600,AP-S302-F101,0.17340189218521,0.17340189218521,270.86660766602,269.54998779297
08-APR-2025,7.0707812153007,8842,M87,0.55830806493759,348600,AP-S303-F102,0.17606182396412,0.17606182396412,296.42047119141,269.54998779297
08-APR-2025,7.0707812153007,8842,M87,0.55830806493759,348600,AP-S304-F102,0.17397952079773,0.17397952079773,301.83953857422,269.54998779297
08-APR-2025,7.0796701042654,8842,M87,0.55649518966675,336600,AP-S301-F101,0.17506392300129,0.17506392300129,262.76803588867,269.54998779297
08-APR-2025,7.0796701042654,8842,M87,0.55649518966675,336600,AP-S302-F101,0.17340189218521,0.17340189218521,270.86660766602,269.54998779297
08-APR-2025,7.0796701042654,8842,M87,0.55649518966675,348600,AP-S303-F102,0.17606182396412,0.17606182396412,296.42047119141,269.54998779297
08-APR-2025,7.0796701042654,8842,M87,0.55649518966675,348600,AP-S304-F102,0.17397952079773,0.17397952079773,301.83953857422,269.54998779297
08-APR-2025,7.0893923244806,8842,M87,0.55451017618179,336600,AP-S301-F101,0.17506392300129,0.17506392300129,262.76803588867,269.54998779297
08-APR-2025,7.0893923244806,8842,M87,0.55451017618179,336600,AP-S302-F101,0.17340189218521,0.17340189218521,270.86660766602,269.54998779297
08-APR-2025,7.0893923244806,8842,M87,0.55451017618179,348600,AP-S303-F102,0.17606182396412,0.17606182396412,296.42047119141,269.54998779297
08-APR-2025,7.0893923244806,8842,M87,0.55451017618179,348600,AP-S304-F102,0.17397952079773,0.17397952079773,301.83953857422,269.54998779297
08-APR-2025,7.24542143383,8848,3C279,0.78404033184052,336600,AP-S301-F101,0.19853554666042,0.19853554666042,234.087890625,269.35000610352
08-APR-2025,7.24542143383,8848,3C279,0.78404033184052,336600,AP-S302-F101,0.19750320911407,0.19750320911407,244.52757263184,269.35000610352
08-APR-2025,7.24542143383,8848,3C279,0.78404033184052,348600,AP-S303-F102,0.20061908662319,0.20061908662319,267.3479309082,269.35000610352
08-APR-2025,7.24542143383,8848,3C279,0.78404033184052,348600,AP-S304-F102,0.19893902540207,0.19893902540207,273.38256835938,269.35000610352
08-APR-2025,7.260004769828,8852,3C279,0.78064119815826,336600,AP-S301-F101,0.19853554666042,0.19853554666042,234.087890625,269.35000610352
08-APR-2025,7.260004769828,8852,3C279,0.78064119815826,336600,AP-S302-F101,0.19750320911407,0.19750320911407,244.52757263184,269.35000610352
08-APR-2025,7.260004769828,8852,3C279,0.78064119815826,348600,AP-S303-F102,0.20061908662319,0.20061908662319,267.3479309082,269.35000610352
08-APR-2025,7.260004769828,8852,3C279,0.78064119815826,348600,AP-S304-F102,0.19893902540207,0.19893902540207,273.38256835938,269.35000610352
08-APR-2025,7.2688936584435,8852,3C279,0.77856826782227,336600,AP-S301-F101,0.19853554666042,0.19853554666042,234.087890625,269.35000610352
08-APR-2025,7.2688936584435,8852,3C279,0.77856826782227,336600,AP-S302-F101,0.19750320911407,0.19750320911407,244.52757263184,269.35000610352
08-APR-2025,7.2688936584435,8852,3C279,0.77856826782227,348600,AP-S303-F102,0.20061908662319,0.20061908662319,267.3479309082,269.35000610352
08-APR-2025,7.2688936584435,8852,3C279,0.77856826782227,348600,AP-S304-F102,0.19893902540207,0.19893902540207,273.38256835938,269.35000610352
08-APR-2025,7.2777825472336,8852,3C279,0.77649450302124,336600,AP-S301-F101,0.19853554666042,0.19853554666042,234.087890625,269.35000610352
08-APR-2025,7.2777825472336,8852,3C279,0.77649450302124,336600,AP-S302-F101,0.19750320911407,0.19750320911407,244.52757263184,269.35000610352
08-APR-2025,7.2777825472336,8852,3C279,0.77649450302124,348600,AP-S303-F102,0.20061908662319,0.20061908662319,267.3479309082,269.35000610352
08-APR-2025,7.2777825472336,8852,3C279,0.77649450302124,348600,AP-S304-F102,0.19893902540207,0.19893902540207,273.38256835938,269.35000610352
08-APR-2025,7.3373658774492,8857,3C273,0.59391486644745,336600,AP-S301-F101,0.18213790655136,0.18213790655136,261.85992431641,269.45001220703
08-APR-2025,7.3373658774492,8857,3C273,0.59391486644745,336600,AP-S302-F101,0.18170221149921,0.18170221149921,271.66467285156,269.45001220703
08-APR-2025,7.3373658774492,8857,3C273,0.59391486644745,348600,AP-S303-F102,0.18279261887074,0.18279261887074,295.17547607422,269.45001220703
08-APR-2025,7.3373658774492,8857,3C273,0.59391486644745,348600,AP-S304-F102,0.18167766928673,0.18167766928673,301.72686767578,269.45001220703
08-APR-2025,7.360560317936,8861,3C273,0.58862155675888,336600,AP-S301-F101,0.18213790655136,0.18213790655136,261.85992431641,269.45001220703
08-APR-2025,7.360560317936,8861,3C273,0.58862155675888,336600,AP-S302-F101,0.18170221149921,0.18170221149921,271.66467285156,269.45001220703
08-APR-2025,7.360560317936,8861,3C273,0.58862155675888,348600,AP-S303-F102,0.18279261887074,0.18279261887074,295.17547607422,269.45001220703
08-APR-2025,7.360560317936,8861,3C273,0.58862155675888,348600,AP-S304-F102,0.18167766928673,0.18167766928673,301.72686767578,269.45001220703
08-APR-2025,7.3697269864872,8861,3C273,0.58652782440186,336600,AP-S301-F101,0.18213790655136,0.18213790655136,261.85992431641,269.45001220703
08-APR-2025,7.3697269864872,8861,3C273,0.58652782440186,336600,AP-S302-F101,0.18170221149921,0.18170221149921,271.66467285156,269.45001220703
08-APR-2025,7.3697269864872,8861,3C273,0.58652782440186,348600,AP-S303-F102,0.18279261887074,0.18279261887074,295.17547607422,269.45001220703
08-APR-2025,7.3697269864872,8861,3C273,0.58652782440186,348600,AP-S304-F102,0.18167766928673,0.18167766928673,301.72686767578,269.45001220703
08-APR-2025,7.3786158754519,8861,3C273,0.58449649810791,336600,AP-S301-F101,0.18213790655136,0.18213790655136,261.85992431641,269.45001220703
08-APR-2025,7.3786158754519,8861,3C273,0.58449649810791,336600,AP-S302-F101,0.18170221149921,0.18170221149921,271.66467285156,269.45001220703
08-APR-2025,7.3786158754519,8861,3C273,0.58449649810791,348600,AP-S303-F102,0.18279261887074,0.18279261887074,295.17547607422,269.45001220703
08-APR-2025,7.3786158754519,8861,3C273,0.58449649810791,348600,AP-S304-F102,0.18167766928673,0.18167766928673,301.72686767578,269.45001220703
08-APR-2025,7.4376436559243,8866,M87,0.48203468322754,336600,AP-S301-F101,0.17438848316669,0.17438848316669,287.48199462891,269.25
08-APR-2025,7.4376436559243,8866,M87,0.48203468322754,336600,AP-S302-F101,0.17375458776951,0.17375458776951,297.15612792969,269.25
08-APR-2025,7.4376436559243,8866,M87,0.48203468322754,348600,AP-S303-F102,0.17467288672924,0.17467288672924,322.11547851563,269.25
08-APR-2025,7.4376436559243,8866,M87,0.48203468322754,348600,AP-S304-F102,0.1742288172245,0.1742288172245,329.89819335937,269.25
08-APR-2025,7.4605603203173,8870,M87,0.47717872262001,336600,AP-S301-F101,0.17438848316669,0.17438848316669,287.48199462891,269.25
08-APR-2025,7.4605603203173,8870,M87,0.47717872262001,336600,AP-S302-F101,0.17375458776951,0.17375458776951,297.15612792969,269.25
08-APR-2025,7.4605603203173,8870,M87,0.47717872262001,348600,AP-S303-F102,0.17467288672924,0.17467288672924,322.11547851563,269.25
08-APR-2025,7.4605603203173,8870,M87,0.47717872262001,348600,AP-S304-F102,0.1742288172245,0.1742288172245,329.89819335937,269.25
08-APR-2025,7.4694492089328,8870,M87,0.47529259324074,336600,AP-S301-F101,0.17438848316669,0.17438848316669,287.48199462891,269.25
08-APR-2025,7.4694492089328,8870,M87,0.47529259324074,336600,AP-S302-F101,0.17375458776951,0.17375458776951,297.15612792969,269.25
08-APR-2025,7.4694492089328,8870,M87,0.47529259324074,348600,AP-S303-F102,0.17467288672924,0.17467288672924,322.11547851563,269.25
08-APR-2025,7.4694492089328,8870,M87,0.47529259324074,348600,AP-S304-F102,0.1742288172245,0.1742288172245,329.89819335937,269.25
08-APR-2025,7.4783380975483,8870,M87,0.4734049141407,336600,AP-S301-F101,0.17438848316669,0.17438848316669,287.48199462891,269.25
08-APR-2025,7.4783380975483,8870,M87,0.4734049141407,336600,AP-S302-F101,0.17375458776951,0.17375458776951,297.15612792969,269.25
08-APR-2025,7.4783380975483,8870,M87,0.4734049141407,348600,AP-S303-F102,0.17467288672924,0.17467288672924,322.11547851563,269.25
08-APR-2025,7.4783380975483,8870,M87,0.4734049141407,348600,AP-S304-F102,0.1742288172245,0.1742288172245,329.89819335937,269.25
08-APR-2025,7.4872269863384,8870,M87,0.47151577472687,336600,AP-S301-F101,0.17438848316669,0.17438848316669,287.48199462891,269.25
08-APR-2025,7.4872269863384,8870,M87,0.47151577472687,336600,AP-S302-F101,0.17375458776951,0.17375458776951,297.15612792969,269.25
08-APR-2025,7.4872269863384,8870,M87,0.47151577472687,348600,AP-S303-F102,0.17467288672924,0.17467288672924,322.11547851563,269.25
08-APR-2025,7.4872269863384,8870,M87,0.47151577472687,348600,AP-S304-F102,0.1742288172245,0.1742288172245,329.89819335937,269.25
08-APR-2025,7.5473658739806,8873,M87,0.4586968421936,336600,AP-S301-F101,0.17047467827797,0.17047467827797,292.18829345703,269.35000610352
08-APR-2025,7.5473658739806,8873,M87,0.4586968421936,336600,AP-S302-F101,0.16981561481953,0.16981561481953,301.61221313477,269.35000610352
08-APR-2025,7.5473658739806,8873,M87,0.4586968421936,348600,AP-S303-F102,0.17093327641487,0.17093327641487,328.24377441406,269.35000610352
08-APR-2025,7.5473658739806,8873,M87,0.4586968421936,348600,AP-S304-F102,0.16993117332458,0.16993117332458,334.28549194336,269.35000610352
08-APR-2025,7.5775047627419,8877,M87,0.45224785804749,336600,AP-S301-F101,0.17047467827797,0.17047467827797,292.18829345703,269.35000610352
08-APR-2025,7.5775047627419,8877,M87,0.45224785804749,336600,AP-S302-F101,0.16981561481953,0.16981561481953,301.61221313477,269.35000610352
08-APR-2025,7.5775047627419,8877,M87,0.45224785804749,348600,AP-S303-F102,0.17093327641487,0.17093327641487,328.24377441406,269.35000610352
08-APR-2025,7.5775047627419,8877,M87,0.45224785804749,348600,AP-S304-F102,0.16993117332458,0.16993117332458,334.28549194336,269.35000610352
08-APR-2025,7.5863936513574,8877,M87,0.45034286379814,336600,AP-S301-F101,0.17047467827797,0.17047467827797,292.18829345703,269.35000610352
08-APR-2025,7.5863936513574,8877,M87,0.45034286379814,336600,AP-S302-F101,0.16981561481953,0.16981561481953,301.61221313477,269.35000610352
08-APR-2025,7.5863936513574,8877,M87,0.45034286379814,348600,AP-S303-F102,0.17093327641487,0.17093327641487,328.24377441406,269.35000610352
08-APR-2025,7.5863936513574,8877,M87,0.45034286379814,348600,AP-S304-F102,0.16993117332458,0.16993117332458,334.28549194336,269.35000610352
08-APR-2025,7.5952825401475,8877,M87,0.44843646883965,336600,AP-S301-F101,0.17047467827797,0.17047467827797,292.18829345703,269.35000610352
08-APR-2025,7.5952825401475,8877,M87,0.44843646883965,336600,AP-S302-F101,0.16981561481953,0.16981561481953,301.61221313477,269.35000610352
08-APR-2025,7.5952825401475,8877,M87,0.44843646883965,348600,AP-S303-F102,0.17093327641487,0.17093327641487,328.24377441406,269.35000610352
08-APR-2025,7.5952825401475,8877,M87,0.44843646883965,348600,AP-S304-F102,0.16993117332458,0.16993117332458,334.28549194336,269.35000610352
08-APR-2025,7.6041714291122,8877,M87,0.44652873277664,336600,AP-S301-F101,0.17047467827797,0.17047467827797,292.18829345703,269.35000610352
08-APR-2025,7.6041714291122,8877,M87,0.44652873277664,336600,AP-S302-F101,0.16981561481953,0.16981561481953,301.61221313477,269.35000610352
08-APR-2025,7.6041714291122,8877,M87,0.44652873277664,348600,AP-S303-F102,0.17093327641487,0.17093327641487,328.24377441406,269.35000610352
08-APR-2025,7.6041714291122,8877,M87,0.44652873277664,348600,AP-S304-F102,0.16993117332458,0.16993117332458,334.28549194336,269.35000610352
08-APR-2025,7.7609769847043,8882,3C279,0.66271632909775,336600,AP-S301-F101,0.1721064299345,0.1721064299345,239.31242370605,269.25
08-APR-2025,7.7609769847043,8882,3C279,0.66271632909775,336600,AP-S302-F101,0.17050482332706,0.17050482332706,248.23211669922,269.25
08-APR-2025,7.7609769847043,8882,3C279,0.66271632909775,348600,AP-S303-F102,0.172523483634,0.172523483634,270.6259765625,269.25
08-APR-2025,7.7609769847043,8882,3C279,0.66271632909775,348600,AP-S304-F102,0.17101345956326,0.17101345956326,277.08630371094,269.25
08-APR-2025,7.7777825378358,8886,3C279,0.65872782468796,336600,AP-S301-F101,0.1721064299345,0.1721064299345,239.31242370605,269.25
08-APR-2025,7.7777825378358,8886,3C279,0.65872782468796,336600,AP-S302-F101,0.17050482332706,0.17050482332706,248.23211669922,269.25
08-APR-2025,7.7777825378358,8886,3C279,0.65872782468796,348600,AP-S303-F102,0.172523483634,0.172523483634,270.6259765625,269.25
08-APR-2025,7.7777825378358,8886,3C279,0.65872782468796,348600,AP-S304-F102,0.17101345956326,0.17101345956326,277.08630371094,269.25
08-APR-2025,7.7866714264513,8886,3C279,0.65661746263504,336600,AP-S301-F101,0.1721064299345,0.1721064299345,239.31242370605,269.25
08-APR-2025,7.7866714264513,8886,3C279,0.65661746263504,336600,AP-S302-F101,0.17050482332706,0.17050482332706,248.23211669922,269.25
08-APR-2025,7.7866714264513,8886,3C279,0.65661746263504,348600,AP-S303-F102,0.172523483634,0.172523483634,270.6259765625,269.25
08-APR-2025,7.7866714264513,8886,3C279,0.65661746263504,348600,AP-S304-F102,0.17101345956326,0.17101345956326,277.08630371094,269.25
08-APR-2025,7.795560315416,8886,3C279,0.65450662374496,336600,AP-S301-F101,0.1721064299345,0.1721064299345,239.31242370605,269.25
08-APR-2025,7.795560315416,8886,3C279,0.65450662374496,336600,AP-S302-F101,0.17050482332706,0.17050482332706,248.23211669922,269.25
08-APR-2025,7.795560315416,8886,3C279,0.65450662374496,348600,AP-S303-F102,0.172523483634,0.172523483634,270.6259765625,269.25
08-APR-2025,7.795560315416,8886,3C279,0.65450662374496,348600,AP-S304-F102,0.17101345956326,0.17101345956326,277.08630371094,269.25
08-APR-2025,7.8545880943168,8891,M87,0.39224892854691,336600,AP-S301-F101,0.1514855325222,0.1514855325222,297.05697631836,268.95001220703
08-APR-2025,7.8545880943168,8891,M87,0.39224892854691,336600,AP-S302-F101,0.1510273963213,0.1510273963213,306.90139770508,268.95001220703
08-APR-2025,7.8545880943168,8891,M87,0.39224892854691,348600,AP-S303-F102,0.15217004716396,0.15217004716396,333.95397949219,268.95001220703
08-APR-2025,7.8545880943168,8891,M87,0.39224892854691,348600,AP-S304-F102,0.15169967710972,0.15169967710972,341.21343994141,268.95001220703
08-APR-2025,7.8786158732137,8895,M87,0.3869893848896,336600,AP-S301-F101,0.1514855325222,0.1514855325222,297.05697631836,268.95001220703
08-APR-2025,7.8786158732137,8895,M87,0.3869893848896,336600,AP-S302-F101,0.1510273963213,0.1510273963213,306.90139770508,268.95001220703
08-APR-2025,7.8786158732137,8895,M87,0.3869893848896,348600,AP-S303-F102,0.15217004716396,0.15217004716396,333.95397949219,268.95001220703
08-APR-2025,7.8786158732137,8895,M87,0.3869893848896,348600,AP-S304-F102,0.15169967710972,0.15169967710972,341.21343994141,268.95001220703
08-APR-2025,7.8875047618291,8895,M87,0.38504147529602,336600,AP-S301-F101,0.1514855325222,0.1514855325222,297.05697631836,268.95001220703
08-APR-2025,7.8875047618291,8895,M87,0.38504147529602,336600,AP-S302-F101,0.1510273963213,0.1510273963213,306.90139770508,268.95001220703
08-APR-2025,7.8875047618291,8895,M87,0.38504147529602,348600,AP-S303-F102,0.15217004716396,0.15217004716396,333.95397949219,268.95001220703
08-APR-2025,7.8875047618291,8895,M87,0.38504147529602,348600,AP-S304-F102,0.15169967710972,0.15169967710972,341.21343994141,268.95001220703
08-APR-2025,7.8963936511431,8895,M87,0.38309240341187,336600,AP-S301-F101,0.1514855325222,0.1514855325222,297.05697631836,268.95001220703
08-APR-2025,7.8963936511431,8895,M87,0.38309240341187,336600,AP-S302-F101,0.1510273963213,0.1510273963213,306.90139770508,268.95001220703
08-APR-2025,7.8963936511431,8895,M87,0.38309240341187,348600,AP-S303-F102,0.15217004716396,0.15217004716396,333.95397949219,268.95001220703
08-APR-2025,7.8963936511431,8895,M87,0.38309240341187,348600,AP-S304-F102,0.15169967710972,0.15169967710972,341.21343994141,268.95001220703
08-APR-2025,7.9055603169003,8895,M87,0.38108125329018,336600,AP-S301-F101,0.1514855325222,0.1514855325222,297.05697631836,268.95001220703
08-APR-2025,7.9055603169003,8895,M87,0.38108125329018,336600,AP-S302-F101,0.1510273963213,0.1510273963213,306.90139770508,268.95001220703
08-APR-2025,7.9055603169003,8895,M87,0.38108125329018,348600,AP-S303-F102,0.15217004716396,0.15217004716396,333.95397949219,268.95001220703
08-APR-2025,7.9055603169003,8895,M87,0.38108125329018,348600,AP-S304-F102,0.15169967710972,0.15169967710972,341.21343994141,268.95001220703
08-APR-2025,8.10999192603,8903,3C279,0.57955974340439,336600,AP-S301-F101,0.17794275283813,0.17794275283813,260.5498046875,269.14999389648
08-APR-2025,8.10999192603,8903,3C279,0.57955974340439,336600,AP-S302-F101,0.17706352472305,0.17706352472305,270.42715454102,269.14999389648
08-APR-2025,8.10999192603,8903,3C279,0.57955974340439,348600,AP-S303-F102,0.17818038165569,0.17818038165569,294.78570556641,269.14999389648
08-APR-2025,8.10999192603,8903,3C279,0.57955974340439,348600,AP-S304-F102,0.17708887159824,0.17708887159824,301.29626464844,269.14999389648
08-APR-2025,8.1265197002736,8907,3C279,0.57560712099075,336600,AP-S301-F101,0.17794275283813,0.17794275283813,260.5498046875,269.14999389648
08-APR-2025,8.1265197002736,8907,3C279,0.57560712099075,336600,AP-S302-F101,0.17706352472305,0.17706352472305,270.42715454102,269.14999389648
08-APR-2025,8.1265197002736,8907,3C279,0.57560712099075,348600,AP-S303-F102,0.17818038165569,0.17818038165569,294.78570556641,269.14999389648
08-APR-2025,8.1265197002736,8907,3C279,0.57560712099075,348600,AP-S304-F102,0.17708887159824,0.17708887159824,301.29626464844,269.14999389648
08-APR-2025,8.1354085888891,8907,3C279,0.57348072528839,336600,AP-S301-F101,0.17794275283813,0.17794275283813,260.5498046875,269.14999389648
08-APR-2025,8.1354085888891,8907,3C279,0.57348072528839,336600,AP-S302-F101,0.17706352472305,0.17706352472305,270.42715454102,269.14999389648
08-APR-2025,8.1354085888891,8907,3C279,0.57348072528839,348600,AP-S303-F102,0.17818038165569,0.17818038165569,294.78570556641,269.14999389648
08-APR-2025,8.1354085888891,8907,3C279,0.57348072528839,348600,AP-S304-F102,0.17708887159824,0.17708887159824,301.29626464844,269.14999389648
08-APR-2025,8.1442974778538,8907,3C279,0.57135403156281,336600,AP-S301-F101,0.17794275283813,0.17794275283813,260.5498046875,269.14999389648
08-APR-2025,8.1442974778538,8907,3C279,0.57135403156281,336600,AP-S302-F101,0.17706352472305,0.17706352472305,270.42715454102,269.14999389648
08-APR-2025,8.1442974778538,8907,3C279,0.57135403156281,348600,AP-S303-F102,0.17818038165569,0.17818038165569,294.78570556641,269.14999389648
08-APR-2025,8.1442974778538,8907,3C279,0.57135403156281,348600,AP-S304-F102,0.17708887159824,0.17708887159824,301.29626464844,269.14999389648
08-APR-2025,8.2036030379126,8912,M87,0.31506335735321,336600,AP-S301-F101,0.15241718292236,0.15241718292236,349.56539916992,269.04998779297
08-APR-2025,8.2036030379126,8912,M87,0.31506335735321,336600,AP-S302-F101,0.15224589407444,0.15224589407444,361.04580688477,269.04998779297
08-APR-2025,8.2036030379126,8912,M87,0.31506335735321,348600,AP-S303-F102,0.15295825898647,0.15295825898647,389.83413696289,269.04998779297
08-APR-2025,8.2036030379126,8912,M87,0.31506335735321,348600,AP-S304-F102,0.15325635671616,0.15325635671616,400.61169433594,269.04998779297
08-APR-2025,8.2273530358261,8916,M87,0.30975347757339,336600,AP-S301-F101,0.15241718292236,0.15241718292236,349.56539916992,269.04998779297
08-APR-2025,8.2273530358261,8916,M87,0.30975347757339,336600,AP-S302-F101,0.15224589407444,0.15224589407444,361.04580688477,269.04998779297
08-APR-2025,8.2273530358261,8916,M87,0.30975347757339,348600,AP-S303-F102,0.15295825898647,0.15295825898647,389.83413696289,269.04998779297
08-APR-2025,8.2273530358261,8916,M87,0.30975347757339,348600,AP-S304-F102,0.15325635671616,0.15325635671616,400.61169433594,269.04998779297
08-APR-2025,8.2365197017579,8916,M87,0.30770221352577,336600,AP-S301-F101,0.15241718292236,0.15241718292236,349.56539916992,269.04998779297
08-APR-2025,8.2365197017579,8916,M87,0.30770221352577,336600,AP-S302-F101,0.15224589407444,0.15224589407444,361.04580688477,269.04998779297
08-APR-2025,8.2365197017579,8916,M87,0.30770221352577,348600,AP-S303-F102,0.15295825898647,0.15295825898647,389.83413696289,269.04998779297
08-APR-2025,8.2365197017579,8916,M87,0.30770221352577,348600,AP-S304-F102,0.15325635671616,0.15325635671616,400.61169433594,269.04998779297
08-APR-2025,8.2454085903734,8916,M87,0.30571213364601,336600,AP-S301-F101,0.15241718292236,0.15241718292236,349.56539916992,269.04998779297
08-APR-2025,8.2454085903734,8916,M87,0.30571213364601,336600,AP-S302-F101,0.15224589407444,0.15224589407444,361.04580688477,269.04998779297
08-APR-2025,8.2454085903734,8916,M87,0.30571213364601,348600,AP-S303-F102,0.15295825898647,0.15295825898647,389.83413696289,269.04998779297
08-APR-2025,8.2454085903734,8916,M87,0.30571213364601,348600,AP-S304-F102,0.15325635671616,0.15325635671616,400.61169433594,269.04998779297
08-APR-2025,8.2545752564798,8916,M87,0.30365890264511,336600,AP-S301-F101,0.15241718292236,0.15241718292236,349.56539916992,269.04998779297
08-APR-2025,8.2545752564798,8916,M87,0.30365890264511,336600,AP-S302-F101,0.15224589407444,0.15224589407444,361.04580688477,269.04998779297
08-APR-2025,8.2545752564798,8916,M87,0.30365890264511,348600,AP-S303-F102,0.15295825898647,0.15295825898647,389.83413696289,269.04998779297
08-APR-2025,8.2545752564798,8916,M87,0.30365890264511,348600,AP-S304-F102,0.15325635671616,0.15325635671616,400.61169433594,269.04998779297
08-APR-2025,8.3147141456936,8919,M87,0.29016399383545,336600,AP-S301-F101,0.14425550401211,0.14425550401211,355.80953979492,269.14999389648
08-APR-2025,8.3147141456936,8919,M87,0.29016399383545,336600,AP-S302-F101,0.14371582865715,0.14371582865715,366.07818603516,269.14999389648
08-APR-2025,8.3147141456936,8919,M87,0.29016399383545,348600,AP-S303-F102,0.14453360438347,0.14453360438347,396.76644897461,269.14999389648
08-APR-2025,8.3147141456936,8919,M87,0.29016399383545,348600,AP-S304-F102,0.14438734948635,0.14438734948635,405.68936157227,269.14999389648
08-APR-2025,8.3434641445556,8923,M87,0.28369790315628,336600,AP-S301-F101,0.14425550401211,0.14425550401211,355.80953979492,269.14999389648
08-APR-2025,8.3434641445556,8923,M87,0.28369790315628,336600,AP-S302-F101,0.14371582865715,0.14371582865715,366.07818603516,269.14999389648
08-APR-2025,8.3434641445556,8923,M87,0.28369790315628,348600,AP-S303-F102,0.14453360438347,0.14453360438347,396.76644897461,269.14999389648
08-APR-2025,8.3434641445556,8923,M87,0.28369790315628,348600,AP-S304-F102,0.14438734948635,0.14438734948635,405.68936157227,269.14999389648
08-APR-2025,8.352353033171,8923,M87,0.28169682621956,336600,AP-S301-F101,0.14425550401211,0.14425550401211,355.80953979492,269.14999389648
08-APR-2025,8.352353033171,8923,M87,0.28169682621956,336600,AP-S302-F101,0.14371582865715,0.14371582865715,366.07818603516,269.14999389648
08-APR-2025,8.352353033171,8923,M87,0.28169682621956,348600,AP-S303-F102,0.14453360438347,0.14453360438347,396.76644897461,269.14999389648
08-APR-2025,8.352353033171,8923,M87,0.28169682621956,348600,AP-S304-F102,0.14438734948635,0.14438734948635,405.68936157227,269.14999389648
08-APR-2025,8.3612419219612,8923,M87,0.27969479560852,336600,AP-S301-F101,0.14425550401211,0.14425550401211,355.80953979492,269.14999389648
08-APR-2025,8.3612419219612,8923,M87,0.27969479560852,336600,AP-S302-F101,0.14371582865715,0.14371582865715,366.07818603516,269.14999389648
08-APR-2025,8.3612419219612,8923,M87,0.27969479560852,348600,AP-S303-F102,0.14453360438347,0.14453360438347,396.76644897461,269.14999389648
08-APR-2025,8.3612419219612,8923,M87,0.27969479560852,348600,AP-S304-F102,0.14438734948635,0.14438734948635,405.68936157227,269.14999389648
08-APR-2025,8.3701308105767,8923,M87,0.2776919901371,336600,AP-S301-F101,0.14425550401211,0.14425550401211,355.80953979492,269.14999389648
08-APR-2025,8.3701308105767,8923,M87,0.2776919901371,336600,AP-S302-F101,0.14371582865715,0.14371582865715,366.07818603516,269.14999389648
08-APR-2025,8.3701308105767,8923,M87,0.2776919901371,348600,AP-S303-F102,0.14453360438347,0.14453360438347,396.76644897461,269.14999389648
08-APR-2025,8.3701308105767,8923,M87,0.2776919901371,348600,AP-S304-F102,0.14438734948635,0.14438734948635,405.68936157227,269.14999389648
08-APR-2025,8.5266585872808,8928,3C279,0.47959992289543,336600,AP-S301-F101,0.15623916685581,0.15623916685581,267.63192749023,269.25
08-APR-2025,8.5266585872808,8928,3C279,0.47959992289543,336600,AP-S302-F101,0.15568189322948,0.15568189322948,277.31991577148,269.25
08-APR-2025,8.5266585872808,8928,3C279,0.47959992289543,348600,AP-S303-F102,0.15637509524822,0.15637509524822,301.07443237305,269.25
08-APR-2025,8.5266585872808,8928,3C279,0.47959992289543,348600,AP-S304-F102,0.15541283786297,0.15541283786297,307.79568481445,269.25
08-APR-2025,8.5434641426824,8932,3C279,0.47555702924728,336600,AP-S301-F101,0.15623916685581,0.15623916685581,267.63192749023,269.25
08-APR-2025,8.5434641426824,8932,3C279,0.47555702924728,336600,AP-S302-F101,0.15568189322948,0.15568189322948,277.31991577148,269.25
08-APR-2025,8.5434641426824,8932,3C279,0.47555702924728,348600,AP-S303-F102,0.15637509524822,0.15637509524822,301.07443237305,269.25
08-APR-2025,8.5434641426824,8932,3C279,0.47555702924728,348600,AP-S304-F102,0.15541283786297,0.15541283786297,307.79568481445,269.25
08-APR-2025,8.5526308082649,8932,3C279,0.47335135936737,336600,AP-S301-F101,0.15623916685581,0.15623916685581,267.63192749023,269.25
08-APR-2025,8.5526308082649,8932,3C279,0.47335135936737,336600,AP-S302-F101,0.15568189322948,0.15568189322948,277.31991577148,269.25
08-APR-2025,8.5526308082649,8932,3C279,0.47335135936737,348600,AP-S303-F102,0.15637509524822,0.15637509524822,301.07443237305,269.25
08-APR-2025,8.5526308082649,8932,3C279,0.47335135936737,348600,AP-S304-F102,0.15541283786297,0.15541283786297,307.79568481445,269.25
08-APR-2025,8.5615196974043,8932,3C279,0.47121238708496,336600,AP-S301-F101,0.15623916685581,0.15623916685581,267.63192749023,269.25
08-APR-2025,8.5615196974043,8932,3C279,0.47121238708496,336600,AP-S302-F101,0.15568189322948,0.15568189322948,277.31991577148,269.25
08-APR-2025,8.5615196974043,8932,3C279,0.47121238708496,348600,AP-S303-F102,0.15637509524822,0.15637509524822,301.07443237305,269.25
08-APR-2025,8.5615196974043,8932,3C279,0.47121238708496,348600,AP-S304-F102,0.15541283786297,0.15541283786297,307.79568481445,269.25
08-APR-2025,8.7601974749397,8941,SGRA,1.4266065359116,336600,AP-S301-F101,0.21412132680416,0.21412132680416,209.04499816895,268.95001220703
08-APR-2025,8.7601974749397,8941,SGRA,1.4266065359116,336600,AP-S302-F101,0.21843591332436,0.21843591332436,222.72534179687,268.95001220703
08-APR-2025,8.7601974749397,8941,SGRA,1.4266065359116,348600,AP-S303-F102,0.22104975581169,0.22104975581169,241.36895751953,268.95001220703
08-APR-2025,8.7601974749397,8941,SGRA,1.4266065359116,348600,AP-S304-F102,0.22394752502441,0.22394752502441,252.98750305176,268.95001220703
08-APR-2025,8.7772808081814,8945,SGRA,1.4293364286423,336600,AP-S301-F101,0.21412132680416,0.21412132680416,209.04499816895,268.95001220703
08-APR-2025,8.7772808081814,8945,SGRA,1.4293364286423,336600,AP-S302-F101,0.21843591332436,0.21843591332436,222.72534179687,268.95001220703
08-APR-2025,8.7772808081814,8945,SGRA,1.4293364286423,348600,AP-S303-F102,0.22104975581169,0.22104975581169,241.36895751953,268.95001220703
08-APR-2025,8.7772808081814,8945,SGRA,1.4293364286423,348600,AP-S304-F102,0.22394752502441,0.22394752502441,252.98750305176,268.95001220703
08-APR-2025,8.7864474744625,8945,SGRA,1.4307760000229,336600,AP-S301-F101,0.21412132680416,0.21412132680416,209.04499816895,268.95001220703
08-APR-2025,8.7864474744625,8945,SGRA,1.4307760000229,336600,AP-S302-F101,0.21843591332436,0.21843591332436,222.72534179687,268.95001220703
08-APR-2025,8.7864474744625,8945,SGRA,1.4307760000229,348600,AP-S303-F102,0.22104975581169,0.22104975581169,241.36895751953,268.95001220703
08-APR-2025,8.7864474744625,8945,SGRA,1.4307760000229,348600,AP-S304-F102,0.22394752502441,0.22394752502441,252.98750305176,268.95001220703
08-APR-2025,8.7953363630779,8945,SGRA,1.4321539402008,336600,AP-S301-F101,0.21412132680416,0.21412132680416,209.04499816895,268.95001220703
08-APR-2025,8.7953363630779,8945,SGRA,1.4321539402008,336600,AP-S302-F101,0.21843591332436,0.21843591332436,222.72534179687,268.95001220703
08-APR-2025,8.7953363630779,8945,SGRA,1.4321539402008,348600,AP-S303-F102,0.22104975581169,0.22104975581169,241.36895751953,268.95001220703
08-APR-2025,8.7953363630779,8945,SGRA,1.4321539402008,348600,AP-S304-F102,0.22394752502441,0.22394752502441,252.98750305176,268.95001220703
08-APR-2025,8.8042252518681,8945,SGRA,1.433513879776,336600,AP-S301-F101,0.21412132680416,0.21412132680416,209.04499816895,268.95001220703
08-APR-2025,8.8042252518681,8945,SGRA,1.433513879776,336600,AP-S302-F101,0.21843591332436,0.21843591332436,222.72534179687,268.95001220703
08-APR-2025,8.8042252518681,8945,SGRA,1.433513879776,348600,AP-S303-F102,0.22104975581169,0.22104975581169,241.36895751953,268.95001220703
08-APR-2025,8.8042252518681,8945,SGRA,1.433513879776,348600,AP-S304-F102,0.22394752502441,0.22394752502441,252.98750305176,268.95001220703
08-APR-2025,8.8131141408328,8945,SGRA,1.4348549842834,336600,AP-S301-F101,0.21412132680416,0.21412132680416,209.04499816895,268.95001220703
08-APR-2025,8.8131141408328,8945,SGRA,1.4348549842834,336600,AP-S302-F101,0.21843591332436,0.21843591332436,222.72534179687,268.95001220703
08-APR-2025,8.8131141408328,8945,SGRA,1.4348549842834,348600,AP-S303-F102,0.22104975581169,0.22104975581169,241.36895751953,268.95001220703
08-APR-2025,8.8131141408328,8945,SGRA,1.4348549842834,348600,AP-S304-F102,0.22394752502441,0.22394752502441,252.98750305176,268.95001220703
08-APR-2025,8.8220030294483,8945,SGRA,1.4361770153046,336600,AP-S301-F101,0.21412132680416,0.21412132680416,209.04499816895,268.95001220703
08-APR-2025,8.8220030294483,8945,SGRA,1.4361770153046,336600,AP-S302-F101,0.21843591332436,0.21843591332436,222.72534179687,268.95001220703
08-APR-2025,8.8220030294483,8945,SGRA,1.4361770153046,348600,AP-S303-F102,0.22104975581169,0.22104975581169,241.36895751953,268.95001220703
08-APR-2025,8.8220030294483,8945,SGRA,1.4361770153046,348600,AP-S304-F102,0.22394752502441,0.22394752502441,252.98750305176,268.95001220703
08-APR-2025,8.830891918413,8945,SGRA,1.4374791383743,336600,AP-S301-F101,0.21412132680416,0.21412132680416,209.04499816895,268.95001220703
08-APR-2025,8.830891918413,8945,SGRA,1.4374791383743,336600,AP-S302-F101,0.21843591332436,0.21843591332436,222.72534179687,268.95001220703
08-APR-2025,8.830891918413,8945,SGRA,1.4374791383743,348600,AP-S303-F102,0.22104975581169,0.22104975581169,241.36895751953,268.95001220703
08-APR-2025,8.830891918413,8945,SGRA,1.4374791383743,348600,AP-S304-F102,0.22394752502441,0.22394752502441,252.98750305176,268.95001220703
08-APR-2025,8.8397808072031,8945,SGRA,1.4387609958649,336600,AP-S301-F101,0.21412132680416,0.21412132680416,209.04499816895,268.95001220703
08-APR-2025,8.8397808072031,8945,SGRA,1.4387609958649,336600,AP-S302-F101,0.21843591332436,0.21843591332436,222.72534179687,268.95001220703
08-APR-2025,8.8397808072031,8945,SGRA,1.4387609958649,348600,AP-S303-F102,0.22104975581169,0.22104975581169,241.36895751953,268.95001220703
08-APR-2025,8.8397808072031,8945,SGRA,1.4387609958649,348600,AP-S304-F102,0.22394752502441,0.22394752502441,252.98750305176,268.95001220703
08-APR-2025,9.09380858433,8948,SGRA,1.4639189243317,336600,AP-S301-F101,0.20552830398083,0.20552830398083,205.21606445312,268.95001220703
08-APR-2025,9.09380858433,8948,SGRA,1.4639189243317,336600,AP-S302-F101,0.21069638431072,0.21069638431072,218.88128662109,268.95001220703
08-APR-2025,9.09380858433,8948,SGRA,1.4639189243317,348600,AP-S303-F102,0.21252107620239,0.21252107620239,237.23599243164,268.95001220703
08-APR-2025,9.09380858433,8948,SGRA,1.4639189243317,348600,AP-S304-F102,0.21577326953411,0.21577326953411,248.85646057129,268.95001220703
08-APR-2025,9.111447474649,8952,SGRA,1.4646266698837,336600,AP-S301-F101,0.20552830398083,0.20552830398083,205.21606445312,268.95001220703
08-APR-2025,9.111447474649,8952,SGRA,1.4646266698837,336600,AP-S302-F101,0.21069638431072,0.21069638431072,218.88128662109,268.95001220703
08-APR-2025,9.111447474649,8952,SGRA,1.4646266698837,348600,AP-S303-F102,0.21252107620239,0.21252107620239,237.23599243164,268.95001220703
08-APR-2025,9.111447474649,8952,SGRA,1.4646266698837,348600,AP-S304-F102,0.21577326953411,0.21577326953411,248.85646057129,268.95001220703
08-APR-2025,9.1203363636138,8952,SGRA,1.4649239778519,336600,AP-S301-F101,0.20552830398083,0.20552830398083,205.21606445312,268.95001220703
08-APR-2025,9.1203363636138,8952,SGRA,1.4649239778519,336600,AP-S302-F101,0.21069638431072,0.21069638431072,218.88128662109,268.95001220703
08-APR-2025,9.1203363636138,8952,SGRA,1.4649239778519,348600,AP-S303-F102,0.21252107620239,0.21252107620239,237.23599243164,268.95001220703
08-APR-2025,9.1203363636138,8952,SGRA,1.4649239778519,348600,AP-S304-F102,0.21577326953411,0.21577326953411,248.85646057129,268.95001220703
08-APR-2025,9.1292252522293,8952,SGRA,1.465180516243,336600,AP-S301-F101,0.20552830398083,0.20552830398083,205.21606445312,268.95001220703
08-APR-2025,9.1292252522293,8952,SGRA,1.465180516243,336600,AP-S302-F101,0.21069638431072,0.21069638431072,218.88128662109,268.95001220703
08-APR-2025,9.1292252522293,8952,SGRA,1.465180516243,348600,AP-S303-F102,0.21252107620239,0.21252107620239,237.23599243164,268.95001220703
08-APR-2025,9.1292252522293,8952,SGRA,1.465180516243,348600,AP-S304-F102,0.21577326953411,0.21577326953411,248.85646057129,268.95001220703
08-APR-2025,9.138114141194,8952,SGRA,1.4653960466385,336600,AP-S301-F101,0.20552830398083,0.20552830398083,205.21606445312,268.95001220703
08-APR-2025,9.138114141194,8952,SGRA,1.4653960466385,336600,AP-S302-F101,0.21069638431072,0.21069638431072,218.88128662109,268.95001220703
08-APR-2025,9.138114141194,8952,SGRA,1.4653960466385,348600,AP-S303-F102,0.21252107620239,0.21252107620239,237.23599243164,268.95001220703
08-APR-2025,9.138114141194,8952,SGRA,1.4653960466385,348600,AP-S304-F102,0.21577326953411,0.21577326953411,248.85646057129,268.95001220703
08-APR-2025,9.1470030301587,8952,SGRA,1.4655703306198,336600,AP-S301-F101,0.20552830398083,0.20552830398083,205.21606445312,268.95001220703
08-APR-2025,9.1470030301587,8952,SGRA,1.4655703306198,336600,AP-S302-F101,0.21069638431072,0.21069638431072,218.88128662109,268.95001220703
08-APR-2025,9.1470030301587,8952,SGRA,1.4655703306198,348600,AP-S303-F102,0.21252107620239,0.21252107620239,237.23599243164,268.95001220703
08-APR-2025,9.1470030301587,8952,SGRA,1.4655703306198,348600,AP-S304-F102,0.21577326953411,0.21577326953411,248.85646057129,268.95001220703
08-APR-2025,9.1558919191235,8952,SGRA,1.4657028913498,336600,AP-S301-F101,0.20552830398083,0.20552830398083,205.21606445312,268.95001220703
08-APR-2025,9.1558919191235,8952,SGRA,1.4657028913498,336600,AP-S302-F101,0.21069638431072,0.21069638431072,218.88128662109,268.95001220703
08-APR-2025,9.1558919191235,8952,SGRA,1.4657028913498,348600,AP-S303-F102,0.21252107620239,0.21252107620239,237.23599243164,268.95001220703
08-APR-2025,9.1558919191235,8952,SGRA,1.4657028913498,348600,AP-S304-F102,0.21577326953411,0.21577326953411,248.85646057129,268.95001220703
08-APR-2025,9.1647808075643,8952,SGRA,1.4657940864563,336600,AP-S301-F101,0.20552830398083,0.20552830398083,205.21606445312,268.95001220703
08-APR-2025,9.1647808075643,8952,SGRA,1.4657940864563,336600,AP-S302-F101,0.21069638431072,0.21069638431072,218.88128662109,268.95001220703
08-APR-2025,9.1647808075643,8952,SGRA,1.4657940864563,348600,AP-S303-F102,0.21252107620239,0.21252107620239,237.23599243164,268.95001220703
08-APR-2025,9.1647808075643,8952,SGRA,1.4657940864563,348600,AP-S304-F102,0.21577326953411,0.21577326953411,248.85646057129,268.95001220703
08-APR-2025,9.1736696965291,8952,SGRA,1.4658434391022,336600,AP-S301-F101,0.20552830398083,0.20552830398083,205.21606445312,268.95001220703
08-APR-2025,9.1736696965291,8952,SGRA,1.4658434391022,336600,AP-S302-F101,0.21069638431072,0.21069638431072,218.88128662109,268.95001220703
08-APR-2025,9.1736696965291,8952,SGRA,1.4658434391022,348600,AP-S303-F102,0.21252107620239,0.21252107620239,237.23599243164,268.95001220703
08-APR-2025,9.1736696965291,8952,SGRA,1.4658434391022,348600,AP-S304-F102,0.21577326953411,0.21577326953411,248.85646057129,268.95001220703
08-APR-2025,9.1825585849699,8952,SGRA,1.4658510684967,336600,AP-S301-F101,0.20552830398083,0.20552830398083,205.21606445312,268.95001220703
08-APR-2025,9.1825585849699,8952,SGRA,1.4658510684967,336600,AP-S302-F101,0.21069638431072,0.21069638431072,218.88128662109,268.95001220703
08-APR-2025,9.1825585849699,8952,SGRA,1.4658510684967,348600,AP-S303-F102,0.21252107620239,0.21252107620239,237.23599243164,268.95001220703
08-APR-2025,9.1825585849699,8952,SGRA,1.4658510684967,348600,AP-S304-F102,0.21577326953411,0.21577326953411,248.85646057129,268.95001220703
08-APR-2025,9.1914474742839,8952,SGRA,1.4658164978027,336600,AP-S301-F101,0.20552830398083,0.20552830398083,205.21606445312,268.95001220703
08-APR-2025,9.1914474742839,8952,SGRA,1.4658164978027,336600,AP-S302-F101,0.21069638431072,0.21069638431072,218.88128662109,268.95001220703
08-APR-2025,9.1914474742839,8952,SGRA,1.4658164978027,348600,AP-S303-F102,0.21252107620239,0.21252107620239,237.23599243164,268.95001220703
08-APR-2025,9.1914474742839,8952,SGRA,1.4658164978027,348600,AP-S304-F102,0.21577326953411,0.21577326953411,248.85646057129,268.95001220703
08-APR-2025,9.2003363628994,8952,SGRA,1.465740442276,336600,AP-S301-F101,0.20552830398083,0.20552830398083,205.21606445312,268.95001220703
08-APR-2025,9.2003363628994,8952,SGRA,1.465740442276,336600,AP-S302-F101,0.21069638431072,0.21069638431072,218.88128662109,268.95001220703
08-APR-2025,9.2003363628994,8952,SGRA,1.465740442276,348600,AP-S303-F102,0.21252107620239,0.21252107620239,237.23599243164,268.95001220703
08-APR-2025,9.2003363628994,8952,SGRA,1.465740442276,348600,AP-S304-F102,0.21577326953411,0.21577326953411,248.85646057129,268.95001220703
08-APR-2025,9.2092252513403,8952,SGRA,1.4656224250793,336600,AP-S301-F101,0.20552830398083,0.20552830398083,205.21606445312,268.95001220703
08-APR-2025,9.2092252513403,8952,SGRA,1.4656224250793,336600,AP-S302-F101,0.21069638431072,0.21069638431072,218.88128662109,268.95001220703
08-APR-2025,9.2092252513403,8952,SGRA,1.4656224250793,348600,AP-S303-F102,0.21252107620239,0.21252107620239,237.23599243164,268.95001220703
08-APR-2025,9.2092252513403,8952,SGRA,1.4656224250793,348600,AP-S304-F102,0.21577326953411,0.21577326953411,248.85646057129,268.95001220703
08-APR-2025,9.2181141406543,8952,SGRA,1.4654630422592,336600,AP-S301-F101,0.20552830398083,0.20552830398083,205.21606445312,268.95001220703
08-APR-2025,9.2181141406543,8952,SGRA,1.4654630422592,336600,AP-S302-F101,0.21069638431072,0.21069638431072,218.88128662109,268.95001220703
08-APR-2025,9.2181141406543,8952,SGRA,1.4654630422592,348600,AP-S303-F102,0.21252107620239,0.21252107620239,237.23599243164,268.95001220703
08-APR-2025,9.2181141406543,8952,SGRA,1.4654630422592,348600,AP-S304-F102,0.21577326953411,0.21577326953411,248.85646057129,268.95001220703
08-APR-2025,9.227003029619,8952,SGRA,1.4652622938156,336600,AP-S301-F101,0.20552830398083,0.20552830398083,205.21606445312,268.95001220703
08-APR-2025,9.227003029619,8952,SGRA,1.4652622938156,336600,AP-S302-F101,0.21069638431072,0.21069638431072,218.88128662109,268.95001220703
08-APR-2025,9.227003029619,8952,SGRA,1.4652622938156,348600,AP-S303-F102,0.21252107620239,0.21252107620239,237.23599243164,268.95001220703
08-APR-2025,9.227003029619,8952,SGRA,1.4652622938156,348600,AP-S304-F102,0.21577326953411,0.21577326953411,248.85646057129,268.95001220703
08-APR-2025,9.2358919182345,8952,SGRA,1.4650204181671,336600,AP-S301-F101,0.20552830398083,0.20552830398083,205.21606445312,268.95001220703
08-APR-2025,9.2358919182345,8952,SGRA,1.4650204181671,336600,AP-S302-F101,0.21069638431072,0.21069638431072,218.88128662109,268.95001220703
08-APR-2025,9.2358919182345,8952,SGRA,1.4650204181671,348600,AP-S303-F102,0.21252107620239,0.21252107620239,237.23599243164,268.95001220703
08-APR-2025,9.2358919182345,8952,SGRA,1.4650204181671,348600,AP-S304-F102,0.21577326953411,0.21577326953411,248.85646057129,268.95001220703
08-APR-2025,9.4268641354206,8957,J1924-2914,1.223931312561,336600,AP-S301-F101,0.17680364847183,0.17680364847183,196.43713378906,269.25
08-APR-2025,9.4268641354206,8957,J1924-2914,1.223931312561,336600,AP-S302-F101,0.18067893385887,0.18067893385887,209.84313964844,269.25
08-APR-2025,9.4268641354206,8957,J1924-2914,1.223931312561,348600,AP-S303-F102,0.18306265771389,0.18306265771389,227.79368591309,269.25
08-APR-2025,9.4268641354206,8957,J1924-2914,1.223931312561,348600,AP-S304-F102,0.17654287815094,0.17654287815094,237.14508056641,269.25
08-APR-2025,9.4450585798484,8961,J1924-2914,1.2279878854752,336600,AP-S301-F101,0.17680364847183,0.17680364847183,196.43713378906,269.25
08-APR-2025,9.4450585798484,8961,J1924-2914,1.2279878854752,336600,AP-S302-F101,0.18067893385887,0.18067893385887,209.84313964844,269.25
08-APR-2025,9.4450585798484,8961,J1924-2914,1.2279878854752,348600,AP-S303-F102,0.18306265771389,0.18306265771389,227.79368591309,269.25
08-APR-2025,9.4450585798484,8961,J1924-2914,1.2279878854752,348600,AP-S304-F102,0.17654287815094,0.17654287815094,237.14508056641,269.25
08-APR-2025,9.4539474686385,8961,J1924-2914,1.2299681901932,336600,AP-S301-F101,0.17680364847183,0.17680364847183,196.43713378906,269.25
08-APR-2025,9.4539474686385,8961,J1924-2914,1.2299681901932,336600,AP-S302-F101,0.18067893385887,0.18067893385887,209.84313964844,269.25
08-APR-2025,9.4539474686385,8961,J1924-2914,1.2299681901932,348600,AP-S303-F102,0.18306265771389,0.18306265771389,227.79368591309,269.25
08-APR-2025,9.4539474686385,8961,J1924-2914,1.2299681901932,348600,AP-S304-F102,0.17654287815094,0.17654287815094,237.14508056641,269.25
08-APR-2025,9.4628363577779,8961,J1924-2914,1.2319470643997,336600,AP-S301-F101,0.17680364847183,0.17680364847183,196.43713378906,269.25
08-APR-2025,9.4628363577779,8961,J1924-2914,1.2319470643997,336600,AP-S302-F101,0.18067893385887,0.18067893385887,209.84313964844,269.25
08-APR-2025,9.4628363577779,8961,J1924-2914,1.2319470643997,348600,AP-S303-F102,0.18306265771389,0.18306265771389,227.79368591309,269.25
08-APR-2025,9.4628363577779,8961,J1924-2914,1.2319470643997,348600,AP-S304-F102,0.17654287815094,0.17654287815094,237.14508056641,269.25
08-APR-2025,9.4717252463933,8961,J1924-2914,1.2339248657227,336600,AP-S301-F101,0.17680364847183,0.17680364847183,196.43713378906,269.25
08-APR-2025,9.4717252463933,8961,J1924-2914,1.2339248657227,336600,AP-S302-F101,0.18067893385887,0.18067893385887,209.84313964844,269.25
08-APR-2025,9.4717252463933,8961,J1924-2914,1.2339248657227,348600,AP-S303-F102,0.18306265771389,0.18306265771389,227.79368591309,269.25
08-APR-2025,9.4717252463933,8961,J1924-2914,1.2339248657227,348600,AP-S304-F102,0.17654287815094,0.17654287815094,237.14508056641,269.25
08-APR-2025,9.4808919124998,8961,J1924-2914,1.2359631061554,336600,AP-S301-F101,0.17680364847183,0.17680364847183,196.43713378906,269.25
08-APR-2025,9.4808919124998,8961,J1924-2914,1.2359631061554,336600,AP-S302-F101,0.18067893385887,0.18067893385887,209.84313964844,269.25
08-APR-2025,9.4808919124998,8961,J1924-2914,1.2359631061554,348600,AP-S303-F102,0.18306265771389,0.18306265771389,227.79368591309,269.25
08-APR-2025,9.4808919124998,8961,J1924-2914,1.2359631061554,348600,AP-S304-F102,0.17654287815094,0.17654287815094,237.14508056641,269.25
08-APR-2025,9.5935308021561,8966,SGRA,1.4275205135345,336600,AP-S301-F101,0.18654665350914,0.18654665350914,196.93035888672,269.45001220703
08-APR-2025,9.5935308021561,8966,SGRA,1.4275205135345,336600,AP-S302-F101,0.19165877997875,0.19165877997875,210.04391479492,269.45001220703
08-APR-2025,9.5935308021561,8966,SGRA,1.4275205135345,348600,AP-S303-F102,0.1932670623064,0.1932670623064,228.1602935791,269.45001220703
08-APR-2025,9.5935308021561,8966,SGRA,1.4275205135345,348600,AP-S304-F102,0.19660604000092,0.19660604000092,239.73037719727,269.45001220703
08-APR-2025,9.6111696882842,8970,SGRA,1.4246579408646,336600,AP-S301-F101,0.18654665350914,0.18654665350914,196.93035888672,269.45001220703
08-APR-2025,9.6111696882842,8970,SGRA,1.4246579408646,336600,AP-S302-F101,0.19165877997875,0.19165877997875,210.04391479492,269.45001220703
08-APR-2025,9.6111696882842,8970,SGRA,1.4246579408646,348600,AP-S303-F102,0.1932670623064,0.1932670623064,228.1602935791,269.45001220703
08-APR-2025,9.6111696882842,8970,SGRA,1.4246579408646,348600,AP-S304-F102,0.19660604000092,0.19660604000092,239.73037719727,269.45001220703
08-APR-2025,9.6200585772489,8970,SGRA,1.4231925010681,336600,AP-S301-F101,0.18654665350914,0.18654665350914,196.93035888672,269.45001220703
08-APR-2025,9.6200585772489,8970,SGRA,1.4231925010681,336600,AP-S302-F101,0.19165877997875,0.19165877997875,210.04391479492,269.45001220703
08-APR-2025,9.6200585772489,8970,SGRA,1.4231925010681,348600,AP-S303-F102,0.1932670623064,0.1932670623064,228.1602935791,269.45001220703
08-APR-2025,9.6200585772489,8970,SGRA,1.4231925010681,348600,AP-S304-F102,0.19660604000092,0.19660604000092,239.73037719727,269.45001220703
08-APR-2025,9.628947466039,8970,SGRA,1.4217120409012,336600,AP-S301-F101,0.18654665350914,0.18654665350914,196.93035888672,269.45001220703
08-APR-2025,9.628947466039,8970,SGRA,1.4217120409012,336600,AP-S302-F101,0.19165877997875,0.19165877997875,210.04391479492,269.45001220703
08-APR-2025,9.628947466039,8970,SGRA,1.4217120409012,348600,AP-S303-F102,0.1932670623064,0.1932670623064,228.1602935791,269.45001220703
08-APR-2025,9.628947466039,8970,SGRA,1.4217120409012,348600,AP-S304-F102,0.19660604000092,0.19660604000092,239.73037719727,269.45001220703
08-APR-2025,9.6378363546545,8970,SGRA,1.4202169179916,336600,AP-S301-F101,0.18654665350914,0.18654665350914,196.93035888672,269.45001220703
08-APR-2025,9.6378363546545,8970,SGRA,1.4202169179916,336600,AP-S302-F101,0.19165877997875,0.19165877997875,210.04391479492,269.45001220703
08-APR-2025,9.6378363546545,8970,SGRA,1.4202169179916,348600,AP-S303-F102,0.1932670623064,0.1932670623064,228.1602935791,269.45001220703
08-APR-2025,9.6378363546545,8970,SGRA,1.4202169179916,348600,AP-S304-F102,0.19660604000092,0.19660604000092,239.73037719727,269.45001220703
08-APR-2025,9.6467252434446,8970,SGRA,1.4187077283859,336600,AP-S301-F101,0.18654665350914,0.18654665350914,196.93035888672,269.45001220703
08-APR-2025,9.6467252434446,8970,SGRA,1.4187077283859,336600,AP-S302-F101,0.19165877997875,0.19165877997875,210.04391479492,269.45001220703
08-APR-2025,9.6467252434446,8970,SGRA,1.4187077283859,348600,AP-S303-F102,0.1932670623064,0.1932670623064,228.1602935791,269.45001220703
08-APR-2025,9.6467252434446,8970,SGRA,1.4187077283859,348600,AP-S304-F102,0.19660604000092,0.19660604000092,239.73037719727,269.45001220703
08-APR-2025,9.6556141324094,8970,SGRA,1.4171848297119,336600,AP-S301-F101,0.18654665350914,0.18654665350914,196.93035888672,269.45001220703
08-APR-2025,9.6556141324094,8970,SGRA,1.4171848297119,336600,AP-S302-F101,0.19165877997875,0.19165877997875,210.04391479492,269.45001220703
08-APR-2025,9.6556141324094,8970,SGRA,1.4171848297119,348600,AP-S303-F102,0.1932670623064,0.1932670623064,228.1602935791,269.45001220703
08-APR-2025,9.6556141324094,8970,SGRA,1.4171848297119,348600,AP-S304-F102,0.19660604000092,0.19660604000092,239.73037719727,269.45001220703
08-APR-2025,9.6645030213741,8970,SGRA,1.4156485795975,336600,AP-S301-F101,0.18654665350914,0.18654665350914,196.93035888672,269.45001220703
08-APR-2025,9.6645030213741,8970,SGRA,1.4156485795975,336600,AP-S302-F101,0.19165877997875,0.19165877997875,210.04391479492,269.45001220703
08-APR-2025,9.6645030213741,8970,SGRA,1.4156485795975,348600,AP-S303-F102,0.1932670623064,0.1932670623064,228.1602935791,269.45001220703
08-APR-2025,9.6645030213741,8970,SGRA,1.4156485795975,348600,AP-S304-F102,0.19660604000092,0.19660604000092,239.73037719727,269.45001220703
08-APR-2025,9.6733919099896,8970,SGRA,1.4140994548798,336600,AP-S301-F101,0.18654665350914,0.18654665350914,196.93035888672,269.45001220703
08-APR-2025,9.6733919099896,8970,SGRA,1.4140994548798,336600,AP-S302-F101,0.19165877997875,0.19165877997875,210.04391479492,269.45001220703
08-APR-2025,9.6733919099896,8970,SGRA,1.4140994548798,348600,AP-S303-F102,0.1932670623064,0.1932670623064,228.1602935791,269.45001220703
08-APR-2025,9.6733919099896,8970,SGRA,1.4140994548798,348600,AP-S304-F102,0.19660604000092,0.19660604000092,239.73037719727,269.45001220703
08-APR-2025,9.6822807989543,8970,SGRA,1.4125376939774,336600,AP-S301-F101,0.18654665350914,0.18654665350914,196.93035888672,269.45001220703
08-APR-2025,9.6822807989543,8970,SGRA,1.4125376939774,336600,AP-S302-F101,0.19165877997875,0.19165877997875,210.04391479492,269.45001220703
08-APR-2025,9.6822807989543,8970,SGRA,1.4125376939774,348600,AP-S303-F102,0.1932670623064,0.1932670623064,228.1602935791,269.45001220703
08-APR-2025,9.6822807989543,8970,SGRA,1.4125376939774,348600,AP-S304-F102,0.19660604000092,0.19660604000092,239.73037719727,269.45001220703
08-APR-2025,9.6911696877444,8970,SGRA,1.4109638929367,336600,AP-S301-F101,0.18654665350914,0.18654665350914,196.93035888672,269.45001220703
08-APR-2025,9.6911696877444,8970,SGRA,1.4109638929367,336600,AP-S302-F101,0.19165877997875,0.19165877997875,210.04391479492,269.45001220703
08-APR-2025,9.6911696877444,8970,SGRA,1.4109638929367,348600,AP-S303-F102,0.1932670623064,0.1932670623064,228.1602935791,269.45001220703
08-APR-2025,9.6911696877444,8970,SGRA,1.4109638929367,348600,AP-S304-F102,0.19660604000092,0.19660604000092,239.73037719727,269.45001220703
08-APR-2025,9.7020030215904,8970,SGRA,1.4090299606323,336600,AP-S301-F101,0.18654665350914,0.18654665350914,196.93035888672,269.45001220703
08-APR-2025,9.7020030215904,8970,SGRA,1.4090299606323,336600,AP-S302-F101,0.19165877997875,0.19165877997875,210.04391479492,269.45001220703
08-APR-2025,9.7020030215904,8970,SGRA,1.4090299606323,348600,AP-S303-F102,0.1932670623064,0.1932670623064,228.1602935791,269.45001220703
08-APR-2025,9.7020030215904,8970,SGRA,1.4090299606323,348600,AP-S304-F102,0.19660604000092,0.19660604000092,239.73037719727,269.45001220703
08-APR-2025,9.7108919103805,8970,SGRA,1.4074302911758,336600,AP-S301-F101,0.18654665350914,0.18654665350914,196.93035888672,269.45001220703
08-APR-2025,9.7108919103805,8970,SGRA,1.4074302911758,336600,AP-S302-F101,0.19165877997875,0.19165877997875,210.04391479492,269.45001220703
08-APR-2025,9.7108919103805,8970,SGRA,1.4074302911758,348600,AP-S303-F102,0.1932670623064,0.1932670623064,228.1602935791,269.45001220703
08-APR-2025,9.7108919103805,8970,SGRA,1.4074302911758,348600,AP-S304-F102,0.19660604000092,0.19660604000092,239.73037719727,269.45001220703
08-APR-2025,9.719780798996,8970,SGRA,1.4058196544647,336600,AP-S301-F101,0.18654665350914,0.18654665350914,196.93035888672,269.45001220703
08-APR-2025,9.719780798996,8970,SGRA,1.4058196544647,336600,AP-S302-F101,0.19165877997875,0.19165877997875,210.04391479492,269.45001220703
08-APR-2025,9.719780798996,8970,SGRA,1.4058196544647,348600,AP-S303-F102,0.1932670623064,0.1932670623064,228.1602935791,269.45001220703
08-APR-2025,9.719780798996,8970,SGRA,1.4058196544647,348600,AP-S304-F102,0.19660604000092,0.19660604000092,239.73037719727,269.45001220703
08-APR-2025,9.8768641305074,8975,J1924-2914,1.322234749794,336600,AP-S301-F101,0.1751337647438,0.1751337647438,193.10998535156,269.64999389648
08-APR-2025,9.8768641305074,8975,J1924-2914,1.322234749794,336600,AP-S302-F101,0.17772197723389,0.17772197723389,205.30628967285,269.64999389648
08-APR-2025,9.8768641305074,8975,J1924-2914,1.322234749794,348600,AP-S303-F102,0.18175671994686,0.18175671994686,224.33695983887,269.64999389648
08-APR-2025,9.8768641305074,8975,J1924-2914,1.322234749794,348600,AP-S304-F102,0.18315833806992,0.18315833806992,234.79797363281,269.64999389648
08-APR-2025,9.8945030216996,8979,J1924-2914,1.3259646892548,336600,AP-S301-F101,0.1751337647438,0.1751337647438,193.10998535156,269.64999389648
08-APR-2025,9.8945030216996,8979,J1924-2914,1.3259646892548,336600,AP-S302-F101,0.17772197723389,0.17772197723389,205.30628967285,269.64999389648
08-APR-2025,9.8945030216996,8979,J1924-2914,1.3259646892548,348600,AP-S303-F102,0.18175671994686,0.18175671994686,224.33695983887,269.64999389648
08-APR-2025,9.8945030216996,8979,J1924-2914,1.3259646892548,348600,AP-S304-F102,0.18315833806992,0.18315833806992,234.79797363281,269.64999389648
08-APR-2025,9.9033919103151,8979,J1924-2914,1.3278393745422,336600,AP-S301-F101,0.1751337647438,0.1751337647438,193.10998535156,269.64999389648
08-APR-2025,9.9033919103151,8979,J1924-2914,1.3278393745422,336600,AP-S302-F101,0.17772197723389,0.17772197723389,205.30628967285,269.64999389648
08-APR-2025,9.9033919103151,8979,J1924-2914,1.3278393745422,348600,AP-S303-F102,0.18175671994686,0.18175671994686,224.33695983887,269.64999389648
08-APR-2025,9.9033919103151,8979,J1924-2914,1.3278393745422,348600,AP-S304-F102,0.18315833806992,0.18315833806992,234.79797363281,269.64999389648
08-APR-2025,9.9125585762469,8979,J1924-2914,1.3297690153122,336600,AP-S301-F101,0.1751337647438,0.1751337647438,193.10998535156,269.64999389648
08-APR-2025,9.9125585762469,8979,J1924-2914,1.3297690153122,336600,AP-S302-F101,0.17772197723389,0.17772197723389,205.30628967285,269.64999389648
08-APR-2025,9.9125585762469,8979,J1924-2914,1.3297690153122,348600,AP-S303-F102,0.18175671994686,0.18175671994686,224.33695983887,269.64999389648
08-APR-2025,9.9125585762469,8979,J1924-2914,1.3297690153122,348600,AP-S304-F102,0.18315833806992,0.18315833806992,234.79797363281,269.64999389648
