07-APR-2024,23.731660755605,5056,3C279,0.3706571161747,215103,AP-N201-F101,0,0,0,0
07-APR-2024,23.731660755605,5056,3C279,0.3706571161747,215103,AP-N202-F101,0,0,0,0
07-APR-2024,23.731660755605,5056,3C279,0.3706571161747,227103,AP-N203-F102,0,0,0,0
07-APR-2024,23.731660755605,5056,3C279,0.3706571161747,227103,AP-N204-F102,0,0,0,0
07-APR-2024,23.75457742349,5060,3C279,0.37618890404701,215103,AP-N201-F101,0,0,0,0
07-APR-2024,23.75457742349,5060,3C279,0.37618890404701,215103,AP-N202-F101,0,0,0,0
07-APR-2024,23.75457742349,5060,3C279,0.37618890404701,227103,AP-N203-F102,0,0,0,0
07-APR-2024,23.75457742349,5060,3C279,0.37618890404701,227103,AP-N204-F102,0,0,0,0
07-APR-2024,23.800549642157,5065,OJ287,0.80745530128479,215103,AP-N201-F101,0.085770107805729,0.085770107805729,127.70296478271,272.85000610352
07-APR-2024,23.800549642157,5065,OJ287,0.80745530128479,215103,AP-N202-F101,0.0852340310812,0.0852340310812,119.19674682617,272.85000610352
07-APR-2024,23.800549642157,5065,OJ287,0.80745530128479,227103,AP-N203-F102,0.08987570554018,0.08987570554018,135.15719604492,272.85000610352
07-APR-2024,23.800549642157,5065,OJ287,0.80745530128479,227103,AP-N204-F102,0.089805267751217,0.089805267751217,125.966796875,272.85000610352
07-APR-2024,23.82374408893,5069,OJ287,0.80849951505661,215103,AP-N201-F101,0.085770107805729,0.085770107805729,127.70296478271,272.85000610352
07-APR-2024,23.82374408893,5069,OJ287,0.80849951505661,215103,AP-N202-F101,0.0852340310812,0.0852340310812,119.19674682617,272.85000610352
07-APR-2024,23.82374408893,5069,OJ287,0.80849951505661,227103,AP-N203-F102,0.08987570554018,0.08987570554018,135.15719604492,272.85000610352
07-APR-2024,23.82374408893,5069,OJ287,0.80849951505661,227103,AP-N204-F102,0.089805267751217,0.089805267751217,125.966796875,272.85000610352
07-APR-2024,23.919021862266,5074,OJ287,0.81232500076294,215103,AP-N201-F101,0.086719125509262,0.086719125509262,127.87598419189,272.64999389648
07-APR-2024,23.919021862266,5074,OJ287,0.81232500076294,215103,AP-N202-F101,0.086499340832233,0.086499340832233,119.53029632568,272.64999389648
07-APR-2024,23.919021862266,5074,OJ287,0.81232500076294,227103,AP-N203-F102,0.091076366603374,0.091076366603374,135.42602539063,272.64999389648
07-APR-2024,23.919021862266,5074,OJ287,0.81232500076294,227103,AP-N204-F102,0.091094203293324,0.091094203293324,126.3000793457,272.64999389648
08-APR-2024,0.011105418278457,5079,3C273,0.48750972747803,215103,AP-N201-F101,0.094015382230282,0.094015382230282,160.77378845215,273.04998779297
08-APR-2024,0.011105418278457,5079,3C273,0.48750972747803,215103,AP-N202-F101,0.093298561871052,0.093298561871052,151.54391479492,273.04998779297
08-APR-2024,0.011105418278457,5079,3C273,0.48750972747803,227103,AP-N203-F102,0.099383145570755,0.099383145570755,171.55212402344,273.04998779297
08-APR-2024,0.011105418278457,5079,3C273,0.48750972747803,227103,AP-N204-F102,0.099128805100918,0.099128805100918,161.27667236328,273.04998779297
08-APR-2024,0.035410971872264,5083,3C273,0.49316802620888,215103,AP-N201-F101,0.094015382230282,0.094015382230282,160.77378845215,273.04998779297
08-APR-2024,0.035410971872264,5083,3C273,0.49316802620888,215103,AP-N202-F101,0.093298561871052,0.093298561871052,151.54391479492,273.04998779297
08-APR-2024,0.035410971872264,5083,3C273,0.49316802620888,227103,AP-N203-F102,0.099383145570755,0.099383145570755,171.55212402344,273.04998779297
08-APR-2024,0.035410971872264,5083,3C273,0.49316802620888,227103,AP-N204-F102,0.099128805100918,0.099128805100918,161.27667236328,273.04998779297
08-APR-2024,0.10499430468339,5088,M87,0.41256377100945,215103,AP-N201-F101,0.094435669481754,0.094435669481754,175.74629211426,272.54998779297
08-APR-2024,0.10499430468339,5088,M87,0.41256377100945,215103,AP-N202-F101,0.094034947454929,0.094034947454929,166.2003326416,272.54998779297
08-APR-2024,0.10499430468339,5088,M87,0.41256377100945,227103,AP-N203-F102,0.10009165853262,0.10009165853262,187.95924377441,272.54998779297
08-APR-2024,0.10499430468339,5088,M87,0.41256377100945,227103,AP-N204-F102,0.099994093179703,0.099994093179703,177.18704223633,272.54998779297
08-APR-2024,0.14013319264703,5092,M87,0.42018803954124,215103,AP-N201-F101,0.094435669481754,0.094435669481754,175.74629211426,272.54998779297
08-APR-2024,0.14013319264703,5092,M87,0.42018803954124,215103,AP-N202-F101,0.094034947454929,0.094034947454929,166.2003326416,272.54998779297
08-APR-2024,0.14013319264703,5092,M87,0.42018803954124,227103,AP-N203-F102,0.10009165853262,0.10009165853262,187.95924377441,272.54998779297
08-APR-2024,0.14013319264703,5092,M87,0.42018803954124,227103,AP-N204-F102,0.099994093179703,0.099994093179703,177.18704223633,272.54998779297
08-APR-2024,0.22110541568296,5097,3C279,0.48860847949982,215103,AP-N201-F101,0.092152900993824,0.092152900993824,159.0703125,272.45001220703
08-APR-2024,0.22110541568296,5097,3C279,0.48860847949982,215103,AP-N202-F101,0.091677211225033,0.091677211225033,149.90827941895,272.45001220703
08-APR-2024,0.22110541568296,5097,3C279,0.48860847949982,227103,AP-N203-F102,0.097367890179157,0.097367890179157,169.45993041992,272.45001220703
08-APR-2024,0.22110541568296,5097,3C279,0.48860847949982,227103,AP-N204-F102,0.097027257084846,0.097027257084846,159.08277893066,272.45001220703
08-APR-2024,0.25193875035441,5101,3C279,0.49602118134499,215103,AP-N201-F101,0.092152900993824,0.092152900993824,159.0703125,272.45001220703
08-APR-2024,0.25193875035441,5101,3C279,0.49602118134499,215103,AP-N202-F101,0.091677211225033,0.091677211225033,149.90827941895,272.45001220703
08-APR-2024,0.25193875035441,5101,3C279,0.49602118134499,227103,AP-N203-F102,0.097367890179157,0.097367890179157,169.45993041992,272.45001220703
08-APR-2024,0.25193875035441,5101,3C279,0.49602118134499,227103,AP-N204-F102,0.097027257084846,0.097027257084846,159.08277893066,272.45001220703
08-APR-2024,0.41759035744923,5110,3C273,0.58137887716293,215103,AP-N201-F101,0.091753475368023,0.091753475368023,146.79458618164,272.25
08-APR-2024,0.41759035744923,5110,3C273,0.58137887716293,215103,AP-N202-F101,0.091261714696884,0.091261714696884,137.90260314941,272.25
08-APR-2024,0.41759035744923,5110,3C273,0.58137887716293,227103,AP-N203-F102,0.096947945654392,0.096947945654392,155.97444152832,272.25
08-APR-2024,0.41759035744923,5110,3C273,0.58137887716293,227103,AP-N204-F102,0.096634514629841,0.096634514629841,146.05508422852,272.25
08-APR-2024,0.43967369129023,5114,3C273,0.58642667531967,215103,AP-N201-F101,0.091753475368023,0.091753475368023,146.79458618164,272.25
08-APR-2024,0.43967369129023,5114,3C273,0.58642667531967,215103,AP-N202-F101,0.091261714696884,0.091261714696884,137.90260314941,272.25
08-APR-2024,0.43967369129023,5114,3C273,0.58642667531967,227103,AP-N203-F102,0.096947945654392,0.096947945654392,155.97444152832,272.25
08-APR-2024,0.43967369129023,5114,3C273,0.58642667531967,227103,AP-N204-F102,0.096634514629841,0.096634514629841,146.05508422852,272.25
08-APR-2024,0.50453480291386,5119,M87,0.49801313877106,215103,AP-N201-F101,0.093337386846542,0.093337386846542,158.57272338867,272.04998779297
08-APR-2024,0.50453480291386,5119,M87,0.49801313877106,215103,AP-N202-F101,0.092891104519367,0.092891104519367,149.37414550781,272.04998779297
08-APR-2024,0.50453480291386,5119,M87,0.49801313877106,227103,AP-N203-F102,0.098608754575253,0.098608754575253,168.77639770508,272.04998779297
08-APR-2024,0.50453480291386,5119,M87,0.49801313877106,227103,AP-N204-F102,0.098311394453049,0.098311394453049,158.57411193848,272.04998779297
08-APR-2024,0.5396736908775,5123,M87,0.50538527965546,215103,AP-N201-F101,0.093337386846542,0.093337386846542,158.57272338867,272.04998779297
08-APR-2024,0.5396736908775,5123,M87,0.50538527965546,215103,AP-N202-F101,0.092891104519367,0.092891104519367,149.37414550781,272.04998779297
08-APR-2024,0.5396736908775,5123,M87,0.50538527965546,227103,AP-N203-F102,0.098608754575253,0.098608754575253,168.77639770508,272.04998779297
08-APR-2024,0.5396736908775,5123,M87,0.50538527965546,227103,AP-N204-F102,0.098311394453049,0.098311394453049,158.57411193848,272.04998779297
08-APR-2024,0.64814591066108,5128,OJ287,0.81569230556488,215103,AP-N201-F101,0.089744552969933,0.089744552969933,129.25746154785,272.25
08-APR-2024,0.64814591066108,5128,OJ287,0.81569230556488,215103,AP-N202-F101,0.089405782520771,0.089405782520771,120.96228027344,272.25
08-APR-2024,0.64814591066108,5128,OJ287,0.81569230556488,227103,AP-N203-F102,0.094268165528774,0.094268165528774,136.95481872559,272.25
08-APR-2024,0.64814591066108,5128,OJ287,0.81569230556488,227103,AP-N204-F102,0.094260662794113,0.094260662794113,127.88916015625,272.25
08-APR-2024,0.66939591237854,5132,OJ287,0.81509602069855,215103,AP-N201-F101,0.089744552969933,0.089744552969933,129.25746154785,272.25
08-APR-2024,0.66939591237854,5132,OJ287,0.81509602069855,215103,AP-N202-F101,0.089405782520771,0.089405782520771,120.96228027344,272.25
08-APR-2024,0.66939591237854,5132,OJ287,0.81509602069855,227103,AP-N203-F102,0.094268165528774,0.094268165528774,136.95481872559,272.25
08-APR-2024,0.66939591237854,5132,OJ287,0.81509602069855,227103,AP-N204-F102,0.094260662794113,0.094260662794113,127.88916015625,272.25
08-APR-2024,0.85494510357116,5140,3C273,0.68012636899948,215103,AP-N201-F101,0.088267371058464,0.088267371058464,136.23686218262,273.04998779297
08-APR-2024,0.85494510357116,5140,3C273,0.68012636899948,215103,AP-N202-F101,0.087947383522987,0.087947383522987,127.63118743896,273.04998779297
08-APR-2024,0.85494510357116,5140,3C273,0.68012636899948,227103,AP-N203-F102,0.092965736985207,0.092965736985207,144.36413574219,273.04998779297
08-APR-2024,0.85494510357116,5140,3C273,0.68012636899948,227103,AP-N204-F102,0.092684917151928,0.092684917151928,134.95761108398,273.04998779297
08-APR-2024,0.8770284361898,5144,3C273,0.68503493070602,215103,AP-N201-F101,0.088267371058464,0.088267371058464,136.23686218262,273.04998779297
08-APR-2024,0.8770284361898,5144,3C273,0.68503493070602,215103,AP-N202-F101,0.087947383522987,0.087947383522987,127.63118743896,273.04998779297
08-APR-2024,0.8770284361898,5144,3C273,0.68503493070602,227103,AP-N203-F102,0.092965736985207,0.092965736985207,144.36413574219,273.04998779297
08-APR-2024,0.8770284361898,5144,3C273,0.68503493070602,227103,AP-N204-F102,0.092684917151928,0.092684917151928,134.95761108398,273.04998779297
08-APR-2024,0.93744510097366,5149,M87,0.58695715665817,215103,AP-N201-F101,0.087404534220695,0.087404534220695,143.00578308105,273.14999389648
08-APR-2024,0.93744510097366,5149,M87,0.58695715665817,215103,AP-N202-F101,0.087073527276516,0.087073527276516,134.40194702148,273.14999389648
08-APR-2024,0.93744510097366,5149,M87,0.58695715665817,227103,AP-N203-F102,0.092135436832905,0.092135436832905,152.14747619629,273.14999389648
08-APR-2024,0.93744510097366,5149,M87,0.58695715665817,227103,AP-N204-F102,0.091972857713699,0.091972857713699,142.4063873291,273.14999389648
08-APR-2024,0.97286176869832,5153,M87,0.59403324127197,215103,AP-N201-F101,0.087404534220695,0.087404534220695,143.00578308105,273.14999389648
08-APR-2024,0.97286176869832,5153,M87,0.59403324127197,215103,AP-N202-F101,0.087073527276516,0.087073527276516,134.40194702148,273.14999389648
08-APR-2024,0.97286176869832,5153,M87,0.59403324127197,227103,AP-N203-F102,0.092135436832905,0.092135436832905,152.14747619629,273.14999389648
08-APR-2024,0.97286176869832,5153,M87,0.59403324127197,227103,AP-N204-F102,0.091972857713699,0.091972857713699,142.4063873291,273.14999389648
08-APR-2024,10.1468359066,5673,SGRA,1.3162986040115,215103,AP-N201-F101,0.036094449460506,0.036094449460506,97.415283203125,271.85000610352
08-APR-2024,10.1468359066,5673,SGRA,1.3162986040115,215103,AP-N202-F101,0.036494299769402,0.036494299769402,89.835540771484,271.85000610352
08-APR-2024,10.1468359066,5673,SGRA,1.3162986040115,227103,AP-N203-F102,0.036078099161386,0.036078099161386,101.99752044678,271.85000610352
08-APR-2024,10.1468359066,5673,SGRA,1.3162986040115,227103,AP-N204-F102,0.036737374961376,0.036737374961376,94.088500976563,271.85000610352
08-APR-2024,10.223085906877,5677,SGRA,1.2998378276825,215103,AP-N201-F101,0.036094449460506,0.036094449460506,97.415283203125,271.85000610352
08-APR-2024,10.223085906877,5677,SGRA,1.2998378276825,215103,AP-N202-F101,0.036494299769402,0.036494299769402,89.835540771484,271.85000610352
08-APR-2024,10.223085906877,5677,SGRA,1.2998378276825,227103,AP-N203-F102,0.036078099161386,0.036078099161386,101.99752044678,271.85000610352
08-APR-2024,10.223085906877,5677,SGRA,1.2998378276825,227103,AP-N204-F102,0.036737374961376,0.036737374961376,94.088500976563,271.85000610352
08-APR-2024,10.404058127928,5682,J1924-2914,1.4264062643051,215103,AP-N201-F101,0.032435052096844,0.032435052096844,95.834465026855,272.35000610352
08-APR-2024,10.404058127928,5682,J1924-2914,1.4264062643051,215103,AP-N202-F101,0.032964695245028,0.032964695245028,88.386322021484,272.35000610352
08-APR-2024,10.404058127928,5682,J1924-2914,1.4264062643051,227103,AP-N203-F102,0.032336197793484,0.032336197793484,100.45241546631,272.35000610352
08-APR-2024,10.404058127928,5682,J1924-2914,1.4264062643051,227103,AP-N204-F102,0.032692611217499,0.032692611217499,92.356399536133,272.35000610352
08-APR-2024,10.435585905541,5686,J1924-2914,1.4312163591385,215103,AP-N201-F101,0.032435052096844,0.032435052096844,95.834465026855,272.35000610352
08-APR-2024,10.435585905541,5686,J1924-2914,1.4312163591385,215103,AP-N202-F101,0.032964695245028,0.032964695245028,88.386322021484,272.35000610352
08-APR-2024,10.435585905541,5686,J1924-2914,1.4312163591385,227103,AP-N203-F102,0.032336197793484,0.032336197793484,100.45241546631,272.35000610352
08-APR-2024,10.435585905541,5686,J1924-2914,1.4312163591385,227103,AP-N204-F102,0.032692611217499,0.032692611217499,92.356399536133,272.35000610352
08-APR-2024,1.0521673246932,5156,M87,0.60975992679596,215103,AP-N201-F101,0.085476763546467,0.085476763546467,139.78735351562,273.35000610352
08-APR-2024,1.0521673246932,5156,M87,0.60975992679596,215103,AP-N202-F101,0.084991239011288,0.084991239011288,131.20774841309,273.35000610352
08-APR-2024,1.0521673246932,5156,M87,0.60975992679596,227103,AP-N203-F102,0.09014468640089,0.09014468640089,148.52882385254,273.35000610352
08-APR-2024,1.0521673246932,5156,M87,0.60975992679596,227103,AP-N204-F102,0.089839830994606,0.089839830994606,138.90805053711,273.35000610352
08-APR-2024,10.544613682577,5691,SGRA,1.2288895845413,215103,AP-N201-F101,0.032248269766569,0.032248269766569,96.153823852539,272.54998779297
08-APR-2024,10.544613682577,5691,SGRA,1.2288895845413,215103,AP-N202-F101,0.032073628157377,0.032073628157377,88.70174407959,272.54998779297
08-APR-2024,10.544613682577,5691,SGRA,1.2288895845413,227103,AP-N203-F102,0.032267827540636,0.032267827540636,100.7523651123,272.54998779297
08-APR-2024,10.544613682577,5691,SGRA,1.2288895845413,227103,AP-N204-F102,0.03240492194891,0.03240492194891,92.772888183594,272.54998779297
08-APR-2024,10.619197013368,5695,SGRA,1.2121648788452,215103,AP-N201-F101,0.032248269766569,0.032248269766569,96.153823852539,272.54998779297
08-APR-2024,10.619197013368,5695,SGRA,1.2121648788452,215103,AP-N202-F101,0.032073628157377,0.032073628157377,88.70174407959,272.54998779297
08-APR-2024,10.619197013368,5695,SGRA,1.2121648788452,227103,AP-N203-F102,0.032267827540636,0.032267827540636,100.7523651123,272.54998779297
08-APR-2024,10.619197013368,5695,SGRA,1.2121648788452,227103,AP-N204-F102,0.03240492194891,0.03240492194891,92.772888183594,272.54998779297
08-APR-2024,10.837669236207,5700,J1751+0939,0.87061154842377,215103,AP-N201-F101,0.032609723508358,0.032609723508358,98.806175231934,271.95001220703
08-APR-2024,10.837669236207,5700,J1751+0939,0.87061154842377,215103,AP-N202-F101,0.032333321869373,0.032333321869373,91.329315185547,271.95001220703
08-APR-2024,10.837669236207,5700,J1751+0939,0.87061154842377,227103,AP-N203-F102,0.033128917217255,0.033128917217255,103.94944763184,271.95001220703
08-APR-2024,10.837669236207,5700,J1751+0939,0.87061154842377,227103,AP-N204-F102,0.033104177564383,0.033104177564383,95.864936828613,271.95001220703
08-APR-2024,10.869752565659,5704,J1751+0939,0.86578762531281,215103,AP-N201-F101,0.032609723508358,0.032609723508358,98.806175231934,271.95001220703
08-APR-2024,10.869752565659,5704,J1751+0939,0.86578762531281,215103,AP-N202-F101,0.032333321869373,0.032333321869373,91.329315185547,271.95001220703
08-APR-2024,10.869752565659,5704,J1751+0939,0.86578762531281,227103,AP-N203-F102,0.033128917217255,0.033128917217255,103.94944763184,271.95001220703
08-APR-2024,10.869752565659,5704,J1751+0939,0.86578762531281,227103,AP-N204-F102,0.033104177564383,0.033104177564383,95.864936828613,271.95001220703
08-APR-2024,1.0895284362513,5160,M87,0.61710649728775,215103,AP-N201-F101,0.085476763546467,0.085476763546467,139.78735351562,273.35000610352
08-APR-2024,1.0895284362513,5160,M87,0.61710649728775,215103,AP-N202-F101,0.084991239011288,0.084991239011288,131.20774841309,273.35000610352
08-APR-2024,1.0895284362513,5160,M87,0.61710649728775,227103,AP-N203-F102,0.09014468640089,0.09014468640089,148.52882385254,273.35000610352
08-APR-2024,1.0895284362513,5160,M87,0.61710649728775,227103,AP-N204-F102,0.089839830994606,0.089839830994606,138.90805053711,273.35000610352
08-APR-2024,11.06095812228,5710,RAFGL1922,0.96571004390717,215103,AP-N201-F101,0.028087502345443,0.028087502345443,95.875778198242,272.25
08-APR-2024,11.06095812228,5710,RAFGL1922,0.96571004390717,215103,AP-N202-F101,0.027837162837386,0.027837162837386,88.49308013916,272.25
08-APR-2024,11.06095812228,5710,RAFGL1922,0.96571004390717,227103,AP-N203-F102,0.028010318055749,0.028010318055749,100.66507720947,272.25
08-APR-2024,11.06095812228,5710,RAFGL1922,0.96571004390717,227103,AP-N204-F102,0.028347125276923,0.028347125276923,92.704513549805,272.25
08-APR-2024,11.088735899836,5714,J1751+0939,0.83126109838486,215103,AP-N201-F101,0.028087502345443,0.028087502345443,95.875778198242,272.25
08-APR-2024,11.088735899836,5714,J1751+0939,0.83126109838486,215103,AP-N202-F101,0.027837162837386,0.027837162837386,88.49308013916,272.25
08-APR-2024,11.088735899836,5714,J1751+0939,0.83126109838486,227103,AP-N203-F102,0.028010318055749,0.028010318055749,100.66507720947,272.25
08-APR-2024,11.088735899836,5714,J1751+0939,0.83126109838486,227103,AP-N204-F102,0.028347125276923,0.028347125276923,92.704513549805,272.25
08-APR-2024,11.154013675164,5719,SGRA,1.0908257961273,215103,AP-N201-F101,0.026677913963795,0.026677913963795,94.641571044922,272.64999389648
08-APR-2024,11.154013675164,5719,SGRA,1.0908257961273,215103,AP-N202-F101,0.026607792824507,0.026607792824507,87.237495422363,272.64999389648
08-APR-2024,11.154013675164,5719,SGRA,1.0908257961273,227103,AP-N203-F102,0.026491014286876,0.026491014286876,99.353477478027,272.64999389648
08-APR-2024,11.154013675164,5719,SGRA,1.0908257961273,227103,AP-N204-F102,0.026893816888332,0.026893816888332,91.252586364746,272.64999389648
08-APR-2024,11.235402564873,5723,SGRA,1.072217464447,215103,AP-N201-F101,0.026677913963795,0.026677913963795,94.641571044922,272.64999389648
08-APR-2024,11.235402564873,5723,SGRA,1.072217464447,215103,AP-N202-F101,0.026607792824507,0.026607792824507,87.237495422363,272.64999389648
08-APR-2024,11.235402564873,5723,SGRA,1.072217464447,227103,AP-N203-F102,0.026491014286876,0.026491014286876,99.353477478027,272.64999389648
08-APR-2024,11.235402564873,5723,SGRA,1.072217464447,227103,AP-N204-F102,0.026893816888332,0.026893816888332,91.252586364746,272.64999389648
08-APR-2024,11.447347005936,5726,SGRA,1.0236785411835,215103,AP-N201-F101,0.026385916396976,0.026385916396976,94.878089904785,272.45001220703
08-APR-2024,11.447347005936,5726,SGRA,1.0236785411835,215103,AP-N202-F101,0.026150384917855,0.026150384917855,87.466186523438,272.45001220703
08-APR-2024,11.447347005936,5726,SGRA,1.0236785411835,227103,AP-N203-F102,0.026452463120222,0.026452463120222,99.694259643555,272.45001220703
08-APR-2024,11.447347005936,5726,SGRA,1.0236785411835,227103,AP-N204-F102,0.026616267859936,0.026616267859936,91.58814239502,272.45001220703
08-APR-2024,11.522902559954,5730,SGRA,1.0063519477844,215103,AP-N201-F101,0.026385916396976,0.026385916396976,94.878089904785,272.45001220703
08-APR-2024,11.522902559954,5730,SGRA,1.0063519477844,215103,AP-N202-F101,0.026150384917855,0.026150384917855,87.466186523438,272.45001220703
08-APR-2024,11.522902559954,5730,SGRA,1.0063519477844,227103,AP-N203-F102,0.026452463120222,0.026452463120222,99.694259643555,272.45001220703
08-APR-2024,11.522902559954,5730,SGRA,1.0063519477844,227103,AP-N204-F102,0.026616267859936,0.026616267859936,91.58814239502,272.45001220703
08-APR-2024,11.70456922709,5735,J1751+0939,0.72165924310684,215103,AP-N201-F101,0.029090248048306,0.029090248048306,99.270072937012,272.45001220703
08-APR-2024,11.70456922709,5735,J1751+0939,0.72165924310684,215103,AP-N202-F101,0.028675206005573,0.028675206005573,91.630493164062,272.45001220703
08-APR-2024,11.70456922709,5735,J1751+0939,0.72165924310684,227103,AP-N203-F102,0.029549600556493,0.029549600556493,104.50836181641,272.45001220703
08-APR-2024,11.70456922709,5735,J1751+0939,0.72165924310684,227103,AP-N204-F102,0.029622495174408,0.029622495174408,96.196632385254,272.45001220703
08-APR-2024,1.1707784338096,5165,3C279,0.71508866548538,215103,AP-N201-F101,0.082482844591141,0.082482844591141,130.58032226562,273.54998779297
08-APR-2024,1.1707784338096,5165,3C279,0.71508866548538,215103,AP-N202-F101,0.081885755062103,0.081885755062103,122.02397155762,273.54998779297
08-APR-2024,1.1707784338096,5165,3C279,0.71508866548538,227103,AP-N203-F102,0.08653911203146,0.08653911203146,138.19342041016,273.54998779297
08-APR-2024,1.1707784338096,5165,3C279,0.71508866548538,227103,AP-N204-F102,0.086350657045841,0.086350657045841,128.97219848633,273.54998779297
08-APR-2024,11.736374779924,5739,J1751+0939,0.71558678150177,215103,AP-N201-F101,0.029090248048306,0.029090248048306,99.270072937012,272.45001220703
08-APR-2024,11.736374779924,5739,J1751+0939,0.71558678150177,215103,AP-N202-F101,0.028675206005573,0.028675206005573,91.630493164062,272.45001220703
08-APR-2024,11.736374779924,5739,J1751+0939,0.71558678150177,227103,AP-N203-F102,0.029549600556493,0.029549600556493,104.50836181641,272.45001220703
08-APR-2024,11.736374779924,5739,J1751+0939,0.71558678150177,227103,AP-N204-F102,0.029622495174408,0.029622495174408,96.196632385254,272.45001220703
08-APR-2024,11.84429144752,5744,SGRA,0.93259245157242,215103,AP-N201-F101,0.026733910664916,0.026733910664916,95.662414550781,272.45001220703
08-APR-2024,11.84429144752,5744,SGRA,0.93259245157242,215103,AP-N202-F101,0.026695549488068,0.026695549488068,88.28946685791,272.45001220703
08-APR-2024,11.84429144752,5744,SGRA,0.93259245157242,227103,AP-N203-F102,0.026844348758459,0.026844348758459,100.53833007813,272.45001220703
08-APR-2024,11.84429144752,5744,SGRA,0.93259245157242,227103,AP-N204-F102,0.027452891692519,0.027452891692519,92.569396972656,272.45001220703
08-APR-2024,11.918874780755,5748,SGRA,0.91547161340714,215103,AP-N201-F101,0.026733910664916,0.026733910664916,95.662414550781,272.45001220703
08-APR-2024,11.918874780755,5748,SGRA,0.91547161340714,215103,AP-N202-F101,0.026695549488068,0.026695549488068,88.28946685791,272.45001220703
08-APR-2024,11.918874780755,5748,SGRA,0.91547161340714,227103,AP-N203-F102,0.026844348758459,0.026844348758459,100.53833007813,272.45001220703
08-APR-2024,11.918874780755,5748,SGRA,0.91547161340714,227103,AP-N204-F102,0.027452891692519,0.027452891692519,92.569396972656,272.45001220703
08-APR-2024,1.2020284342809,5169,3C279,0.72245019674301,215103,AP-N201-F101,0.082482844591141,0.082482844591141,130.58032226562,273.54998779297
08-APR-2024,1.2020284342809,5169,3C279,0.72245019674301,215103,AP-N202-F101,0.081885755062103,0.081885755062103,122.02397155762,273.54998779297
08-APR-2024,1.2020284342809,5169,3C279,0.72245019674301,227103,AP-N203-F102,0.08653911203146,0.08653911203146,138.19342041016,273.54998779297
08-APR-2024,1.2020284342809,5169,3C279,0.72245019674301,227103,AP-N204-F102,0.086350657045841,0.086350657045841,128.97219848633,273.54998779297
08-APR-2024,12.137069221913,5753,J1924-2914,1.240562081337,215103,AP-N201-F101,0.023222887888551,0.023222887888551,92.573654174805,272.54998779297
08-APR-2024,12.137069221913,5753,J1924-2914,1.240562081337,215103,AP-N202-F101,0.023335564881563,0.023335564881563,85.367126464844,272.54998779297
08-APR-2024,12.137069221913,5753,J1924-2914,1.240562081337,227103,AP-N203-F102,0.022647581994534,0.022647581994534,97.04369354248,272.54998779297
08-APR-2024,12.137069221913,5753,J1924-2914,1.240562081337,227103,AP-N204-F102,0.022662922739983,0.022662922739983,89.200042724609,272.54998779297
08-APR-2024,12.168874778239,5757,J1924-2914,1.233494758606,215103,AP-N201-F101,0.023222887888551,0.023222887888551,92.573654174805,272.54998779297
08-APR-2024,12.168874778239,5757,J1924-2914,1.233494758606,215103,AP-N202-F101,0.023335564881563,0.023335564881563,85.367126464844,272.54998779297
08-APR-2024,12.168874778239,5757,J1924-2914,1.233494758606,227103,AP-N203-F102,0.022647581994534,0.022647581994534,97.04369354248,272.54998779297
08-APR-2024,12.168874778239,5757,J1924-2914,1.233494758606,227103,AP-N204-F102,0.022662922739983,0.022662922739983,89.200042724609,272.54998779297
08-APR-2024,12.538074996771,5774,SGRA,0.77352261543274,215103,AP-N201-F101,0,0,0,0
08-APR-2024,12.538074996771,5774,SGRA,0.77352261543274,215103,AP-N202-F101,0,0,0,0
08-APR-2024,12.538074996771,5774,SGRA,0.77352261543274,227103,AP-N203-F102,0,0,0,0
08-APR-2024,12.538074996771,5774,SGRA,0.77352261543274,227103,AP-N204-F102,0,0,0,0
08-APR-2024,12.747102770949,5777,SGRA,0.72575068473816,215103,AP-N201-F101,0.025372954085469,0.025372954085469,97.173133850098,273.64999389648
08-APR-2024,12.747102770949,5777,SGRA,0.72575068473816,215103,AP-N202-F101,0.025011342018843,0.025011342018843,89.680976867676,273.64999389648
08-APR-2024,12.747102770949,5777,SGRA,0.72575068473816,227103,AP-N203-F102,0.025892954319715,0.025892954319715,102.34916687012,273.64999389648
08-APR-2024,12.747102770949,5777,SGRA,0.72575068473816,227103,AP-N204-F102,0.025975849479437,0.025975849479437,94.284492492676,273.64999389648
08-APR-2024,12.814741658704,5781,SGRA,0.71031647920609,215103,AP-N201-F101,0.025372954085469,0.025372954085469,97.173133850098,273.64999389648
08-APR-2024,12.814741658704,5781,SGRA,0.71031647920609,215103,AP-N202-F101,0.025011342018843,0.025011342018843,89.680976867676,273.64999389648
08-APR-2024,12.814741658704,5781,SGRA,0.71031647920609,227103,AP-N203-F102,0.025892954319715,0.025892954319715,102.34916687012,273.64999389648
08-APR-2024,12.814741658704,5781,SGRA,0.71031647920609,227103,AP-N204-F102,0.025975849479437,0.025975849479437,94.284492492676,273.64999389648
08-APR-2024,12.971547214994,5786,J1751+0939,0.45906344056129,215103,AP-N201-F101,0.028135972097516,0.028135972097516,105.88818359375,274.35000610352
08-APR-2024,12.971547214994,5786,J1751+0939,0.45906344056129,215103,AP-N202-F101,0.027764141559601,0.027764141559601,98.067367553711,274.35000610352
08-APR-2024,12.971547214994,5786,J1751+0939,0.45906344056129,227103,AP-N203-F102,0.029183406382799,0.029183406382799,111.97165679932,274.35000610352
08-APR-2024,12.971547214994,5786,J1751+0939,0.45906344056129,227103,AP-N204-F102,0.029166700318456,0.029166700318456,103.35388183594,274.35000610352
08-APR-2024,13.00279721599,5790,J1751+0939,0.45217788219452,215103,AP-N201-F101,0.028135972097516,0.028135972097516,105.88818359375,274.35000610352
08-APR-2024,13.00279721599,5790,J1751+0939,0.45217788219452,215103,AP-N202-F101,0.027764141559601,0.027764141559601,98.067367553711,274.35000610352
08-APR-2024,13.00279721599,5790,J1751+0939,0.45217788219452,227103,AP-N203-F102,0.029183406382799,0.029183406382799,111.97165679932,274.35000610352
08-APR-2024,13.00279721599,5790,J1751+0939,0.45217788219452,227103,AP-N204-F102,0.029166700318456,0.029166700318456,103.35388183594,274.35000610352
08-APR-2024,13.070713878791,5795,J1924-2914,1.0291765928268,215103,AP-N201-F101,0.022036284208298,0.022036284208298,93.086349487305,274.45001220703
08-APR-2024,13.070713878791,5795,J1924-2914,1.0291765928268,215103,AP-N202-F101,0.021807964891195,0.021807964891195,85.704261779785,274.45001220703
08-APR-2024,13.070713878791,5795,J1924-2914,1.0291765928268,227103,AP-N203-F102,0.02191336452961,0.02191336452961,97.764556884766,274.45001220703
08-APR-2024,13.070713878791,5795,J1924-2914,1.0291765928268,227103,AP-N204-F102,0.021805007010698,0.021805007010698,89.786201477051,274.45001220703
08-APR-2024,13.102519438261,5799,J1924-2914,1.0218999385834,215103,AP-N201-F101,0.022036284208298,0.022036284208298,93.086349487305,274.45001220703
08-APR-2024,13.102519438261,5799,J1924-2914,1.0218999385834,215103,AP-N202-F101,0.021807964891195,0.021807964891195,85.704261779785,274.45001220703
08-APR-2024,13.102519438261,5799,J1924-2914,1.0218999385834,227103,AP-N203-F102,0.02191336452961,0.02191336452961,97.764556884766,274.45001220703
08-APR-2024,13.102519438261,5799,J1924-2914,1.0218999385834,227103,AP-N204-F102,0.021805007010698,0.021805007010698,89.786201477051,274.45001220703
08-APR-2024,13.170436102284,5804,SGRA,0.62936747074127,215103,AP-N201-F101,0.026213195174932,0.026213195174932,99.275817871094,274.64999389648
08-APR-2024,13.170436102284,5804,SGRA,0.62936747074127,215103,AP-N202-F101,0.025718219578266,0.025718219578266,91.700248718262,274.64999389648
08-APR-2024,13.170436102284,5804,SGRA,0.62936747074127,227103,AP-N203-F102,0.026923781260848,0.026923781260848,104.87076568604,274.64999389648
08-APR-2024,13.170436102284,5804,SGRA,0.62936747074127,227103,AP-N204-F102,0.026696877554059,0.026696877554059,96.425148010254,274.64999389648
08-APR-2024,13.252519432315,5808,SGRA,0.61074876785278,215103,AP-N201-F101,0.026213195174932,0.026213195174932,99.275817871094,274.64999389648
08-APR-2024,13.252519432315,5808,SGRA,0.61074876785278,215103,AP-N202-F101,0.025718219578266,0.025718219578266,91.700248718262,274.64999389648
08-APR-2024,13.252519432315,5808,SGRA,0.61074876785278,227103,AP-N203-F102,0.026923781260848,0.026923781260848,104.87076568604,274.64999389648
08-APR-2024,13.252519432315,5808,SGRA,0.61074876785278,227103,AP-N204-F102,0.026696877554059,0.026696877554059,96.425148010254,274.64999389648
08-APR-2024,13.594417487094,5815,RAFGL1922,0.37322080135345,215103,AP-N201-F101,0.030072644352913,0.030072644352913,112.36845397949,274.75
08-APR-2024,13.594417487094,5815,RAFGL1922,0.37322080135345,215103,AP-N202-F101,0.029660450294614,0.029660450294614,104.5089263916,274.75
08-APR-2024,13.594417487094,5815,RAFGL1922,0.37322080135345,227103,AP-N203-F102,0.031422011554241,0.031422011554241,119.19416046143,274.75
08-APR-2024,13.594417487094,5815,RAFGL1922,0.37322080135345,227103,AP-N204-F102,0.031235966831446,0.031235966831446,110.2293548584,274.75
08-APR-2024,1.3610562117213,5174,3C273,0.79024225473404,215103,AP-N201-F101,0.084034703671932,0.084034703671932,127.55556488037,273.54998779297
08-APR-2024,1.3610562117213,5174,3C273,0.79024225473404,215103,AP-N202-F101,0.083772726356983,0.083772726356983,119.33345031738,273.54998779297
08-APR-2024,1.3610562117213,5174,3C273,0.79024225473404,227103,AP-N203-F102,0.088320910930634,0.088320910930634,135.25462341309,273.54998779297
08-APR-2024,1.3610562117213,5174,3C273,0.79024225473404,227103,AP-N204-F102,0.088138826191425,0.088138826191425,126.07623291016,273.54998779297
08-APR-2024,13.66955637601,5819,SGRA,0.51655173301697,215103,AP-N201-F101,0.030072644352913,0.030072644352913,112.36845397949,274.75
08-APR-2024,13.66955637601,5819,SGRA,0.51655173301697,215103,AP-N202-F101,0.029660450294614,0.029660450294614,104.5089263916,274.75
08-APR-2024,13.66955637601,5819,SGRA,0.51655173301697,227103,AP-N203-F102,0.031422011554241,0.031422011554241,119.19416046143,274.75
08-APR-2024,13.66955637601,5819,SGRA,0.51655173301697,227103,AP-N204-F102,0.031235966831446,0.031235966831446,110.2293548584,274.75
08-APR-2024,1.3850839888719,5178,3C273,0.79532641172409,215103,AP-N201-F101,0.084034703671932,0.084034703671932,127.55556488037,273.54998779297
08-APR-2024,1.3850839888719,5178,3C273,0.79532641172409,215103,AP-N202-F101,0.083772726356983,0.083772726356983,119.33345031738,273.54998779297
08-APR-2024,1.3850839888719,5178,3C273,0.79532641172409,227103,AP-N203-F102,0.088320910930634,0.088320910930634,135.25462341309,273.54998779297
08-APR-2024,1.3850839888719,5178,3C273,0.79532641172409,227103,AP-N204-F102,0.088138826191425,0.088138826191425,126.07623291016,273.54998779297
08-APR-2024,13.880806374306,5822,SGRA,0.4691296517849,215103,AP-N201-F101,0.034237369894981,0.034237369894981,110.38933563232,274.85000610352
08-APR-2024,13.880806374306,5822,SGRA,0.4691296517849,215103,AP-N202-F101,0.033815532922745,0.033815532922745,102.50719451904,274.85000610352
08-APR-2024,13.880806374306,5822,SGRA,0.4691296517849,227103,AP-N203-F102,0.035734906792641,0.035734906792641,116.91236114502,274.85000610352
08-APR-2024,13.880806374306,5822,SGRA,0.4691296517849,227103,AP-N204-F102,0.035543594509363,0.035543594509363,108.04363250732,274.85000610352
08-APR-2024,13.948445259791,5826,SGRA,0.45399591326714,215103,AP-N201-F101,0.034237369894981,0.034237369894981,110.38933563232,274.85000610352
08-APR-2024,13.948445259791,5826,SGRA,0.45399591326714,215103,AP-N202-F101,0.033815532922745,0.033815532922745,102.50719451904,274.85000610352
08-APR-2024,13.948445259791,5826,SGRA,0.45399591326714,227103,AP-N203-F102,0.035734906792641,0.035734906792641,116.91236114502,274.85000610352
08-APR-2024,13.948445259791,5826,SGRA,0.45399591326714,227103,AP-N204-F102,0.035543594509363,0.035543594509363,108.04363250732,274.85000610352
08-APR-2024,14.103861925135,5831,J1924-2914,0.79258805513382,215103,AP-N201-F101,0.03551235422492,0.03551235422492,101.43659973145,274.95001220703
08-APR-2024,14.103861925135,5831,J1924-2914,0.79258805513382,215103,AP-N202-F101,0.035205140709877,0.035205140709877,93.917488098145,274.95001220703
08-APR-2024,14.103861925135,5831,J1924-2914,0.79258805513382,227103,AP-N203-F102,0.036250725388527,0.036250725388527,106.85102844238,274.95001220703
08-APR-2024,14.103861925135,5831,J1924-2914,0.79258805513382,227103,AP-N204-F102,0.036182086914778,0.036182086914778,98.598243713379,274.95001220703
08-APR-2024,14.135667483033,5835,J1924-2914,0.78531849384308,215103,AP-N201-F101,0.03551235422492,0.03551235422492,101.43659973145,274.95001220703
08-APR-2024,14.135667483033,5835,J1924-2914,0.78531849384308,215103,AP-N202-F101,0.035205140709877,0.035205140709877,93.917488098145,274.95001220703
08-APR-2024,14.135667483033,5835,J1924-2914,0.78531849384308,227103,AP-N203-F102,0.036250725388527,0.036250725388527,106.85102844238,274.95001220703
08-APR-2024,14.135667483033,5835,J1924-2914,0.78531849384308,227103,AP-N204-F102,0.036182086914778,0.036182086914778,98.598243713379,274.95001220703
08-APR-2024,14.204139703785,5840,SGRA,0.39700418710709,215103,AP-N201-F101,0.038585361093283,0.038585361093283,119.06230926514,275.75
08-APR-2024,14.204139703785,5840,SGRA,0.39700418710709,215103,AP-N202-F101,0.038036573678255,0.038036573678255,110.98461151123,275.75
08-APR-2024,14.204139703785,5840,SGRA,0.39700418710709,227103,AP-N203-F102,0.040414769202471,0.040414769202471,126.47315979004,275.75
08-APR-2024,14.204139703785,5840,SGRA,0.39700418710709,227103,AP-N204-F102,0.040198337286711,0.040198337286711,117.258644104,275.75
08-APR-2024,14.264834149203,5844,SGRA,0.3835334777832,215103,AP-N201-F101,0.038585361093283,0.038585361093283,119.06230926514,275.75
08-APR-2024,14.264834149203,5844,SGRA,0.3835334777832,215103,AP-N202-F101,0.038036573678255,0.038036573678255,110.98461151123,275.75
08-APR-2024,14.264834149203,5844,SGRA,0.3835334777832,227103,AP-N203-F102,0.040414769202471,0.040414769202471,126.47315979004,275.75
08-APR-2024,14.264834149203,5844,SGRA,0.3835334777832,227103,AP-N204-F102,0.040198337286711,0.040198337286711,117.258644104,275.75
08-APR-2024,14.420806368306,5849,J1924-2914,0.72024118900299,215103,AP-N201-F101,0.03713297098875,0.03713297098875,103.72956085205,275.54998779297
08-APR-2024,14.420806368306,5849,J1924-2914,0.72024118900299,215103,AP-N202-F101,0.036718714982271,0.036718714982271,96.12825012207,275.54998779297
08-APR-2024,14.420806368306,5849,J1924-2914,0.72024118900299,227103,AP-N203-F102,0.038371194154024,0.038371194154024,109.53679656982,275.54998779297
08-APR-2024,14.420806368306,5849,J1924-2914,0.72024118900299,227103,AP-N204-F102,0.038249675184488,0.038249675184488,101.01109313965,275.54998779297
08-APR-2024,14.452334145744,5853,J1924-2914,0.71305745840073,215103,AP-N201-F101,0.03713297098875,0.03713297098875,103.72956085205,275.54998779297
08-APR-2024,14.452334145744,5853,J1924-2914,0.71305745840073,215103,AP-N202-F101,0.036718714982271,0.036718714982271,96.12825012207,275.54998779297
08-APR-2024,14.452334145744,5853,J1924-2914,0.71305745840073,227103,AP-N203-F102,0.038371194154024,0.038371194154024,109.53679656982,275.54998779297
08-APR-2024,14.452334145744,5853,J1924-2914,0.71305745840073,227103,AP-N204-F102,0.038249675184488,0.038249675184488,101.01109313965,275.54998779297
08-APR-2024,1.4543895417474,5183,M87,0.68661397695541,215103,AP-N201-F101,0.084294095635414,0.084294095635414,133.21485900879,273.04998779297
08-APR-2024,1.4543895417474,5183,M87,0.68661397695541,215103,AP-N202-F101,0.083933353424072,0.083933353424072,124.81802368164,273.04998779297
08-APR-2024,1.4543895417474,5183,M87,0.68661397695541,227103,AP-N203-F102,0.088555254042149,0.088555254042149,141.14498901367,273.04998779297
08-APR-2024,1.4543895417474,5183,M87,0.68661397695541,227103,AP-N204-F102,0.088554978370667,0.088554978370667,131.84394836426,273.04998779297
08-APR-2024,14.561361924177,5858,SGRA,0.31804811954498,215103,AP-N201-F101,0.035098366439342,0.035098366439342,123.5071105957,275.45001220703
08-APR-2024,14.561361924177,5858,SGRA,0.31804811954498,215103,AP-N202-F101,0.03479266539216,0.03479266539216,115.17629241943,275.45001220703
08-APR-2024,14.561361924177,5858,SGRA,0.31804811954498,227103,AP-N203-F102,0.036915250122547,0.036915250122547,131.34671020508,275.45001220703
08-APR-2024,14.561361924177,5858,SGRA,0.31804811954498,227103,AP-N204-F102,0.036732774227858,0.036732774227858,122.06266021729,275.45001220703
08-APR-2024,14.635945254968,5862,SGRA,0.30167585611343,215103,AP-N201-F101,0.035098366439342,0.035098366439342,123.5071105957,275.45001220703
08-APR-2024,14.635945254968,5862,SGRA,0.30167585611343,215103,AP-N202-F101,0.03479266539216,0.03479266539216,115.17629241943,275.45001220703
08-APR-2024,14.635945254968,5862,SGRA,0.30167585611343,227103,AP-N203-F102,0.036915250122547,0.036915250122547,131.34671020508,275.45001220703
08-APR-2024,14.635945254968,5862,SGRA,0.30167585611343,227103,AP-N204-F102,0.036732774227858,0.036732774227858,122.06266021729,275.45001220703
08-APR-2024,14.89427022374,5870,J1924-2914,0.61267071962357,215103,AP-N201-F101,0.041080690920353,0.041080690920353,109.03092193604,275.14999389648
08-APR-2024,14.89427022374,5870,J1924-2914,0.61267071962357,215103,AP-N202-F101,0.040476981550455,0.040476981550455,101.34094238281,275.14999389648
08-APR-2024,14.89427022374,5870,J1924-2914,0.61267071962357,227103,AP-N203-F102,0.042660731822252,0.042660731822252,115.30860137939,275.14999389648
08-APR-2024,14.89427022374,5870,J1924-2914,0.61267071962357,227103,AP-N204-F102,0.042405869811773,0.042405869811773,106.77311706543,275.14999389648
08-APR-2024,1.4900839873122,5187,M87,0.69317150115967,215103,AP-N201-F101,0.084294095635414,0.084294095635414,133.21485900879,273.04998779297
08-APR-2024,1.4900839873122,5187,M87,0.69317150115967,215103,AP-N202-F101,0.083933353424072,0.083933353424072,124.81802368164,273.04998779297
08-APR-2024,1.4900839873122,5187,M87,0.69317150115967,227103,AP-N203-F102,0.088555254042149,0.088555254042149,141.14498901367,273.04998779297
08-APR-2024,1.4900839873122,5187,M87,0.69317150115967,227103,AP-N204-F102,0.088554978370667,0.088554978370667,131.84394836426,273.04998779297
08-APR-2024,14.927186891427,5874,J1924-2914,0.60522013902664,215103,AP-N201-F101,0.041080690920353,0.041080690920353,109.03092193604,275.14999389648
08-APR-2024,14.927186891427,5874,J1924-2914,0.60522013902664,215103,AP-N202-F101,0.040476981550455,0.040476981550455,101.34094238281,275.14999389648
08-APR-2024,14.927186891427,5874,J1924-2914,0.60522013902664,227103,AP-N203-F102,0.042660731822252,0.042660731822252,115.30860137939,275.14999389648
08-APR-2024,14.927186891427,5874,J1924-2914,0.60522013902664,227103,AP-N204-F102,0.042405869811773,0.042405869811773,106.77311706543,275.14999389648
08-APR-2024,15.061214666569,5879,SGRA,0.20909637212753,215103,AP-N201-F101,0.038022886961699,0.038022886961699,149.5322265625,275.35000610352
08-APR-2024,15.061214666569,5879,SGRA,0.20909637212753,215103,AP-N202-F101,0.037626046687365,0.037626046687365,140.3638458252,275.35000610352
08-APR-2024,15.061214666569,5879,SGRA,0.20909637212753,227103,AP-N203-F102,0.040028724819422,0.040028724819422,159.83689880371,275.35000610352
08-APR-2024,15.061214666569,5879,SGRA,0.20909637212753,227103,AP-N204-F102,0.039923969656229,0.039923969656229,149.85014343262,275.35000610352
08-APR-2024,15.135798003472,5883,SGRA,0.19301979243755,215103,AP-N201-F101,0.038022886961699,0.038022886961699,149.5322265625,275.35000610352
08-APR-2024,15.135798003472,5883,SGRA,0.19301979243755,215103,AP-N202-F101,0.037626046687365,0.037626046687365,140.3638458252,275.35000610352
08-APR-2024,15.135798003472,5883,SGRA,0.19301979243755,227103,AP-N203-F102,0.040028724819422,0.040028724819422,159.83689880371,275.35000610352
08-APR-2024,15.135798003472,5883,SGRA,0.19301979243755,227103,AP-N204-F102,0.039923969656229,0.039923969656229,149.85014343262,275.35000610352
08-APR-2024,15.394270220628,5888,J1924-2914,0.49996593594551,215103,AP-N201-F101,0.038340173661709,0.038340173661709,112.18190765381,276.14999389648
08-APR-2024,15.394270220628,5888,J1924-2914,0.49996593594551,215103,AP-N202-F101,0.037734966725111,0.037734966725111,104.27353668213,276.14999389648
08-APR-2024,15.394270220628,5888,J1924-2914,0.49996593594551,227103,AP-N203-F102,0.03984335064888,0.03984335064888,118.78779602051,276.14999389648
08-APR-2024,15.394270220628,5888,J1924-2914,0.49996593594551,227103,AP-N204-F102,0.039586745202541,0.039586745202541,109.77619934082,276.14999389648
08-APR-2024,15.427742441202,5892,J1924-2914,0.49246069788933,215103,AP-N201-F101,0.038340173661709,0.038340173661709,112.18190765381,276.14999389648
08-APR-2024,15.427742441202,5892,J1924-2914,0.49246069788933,215103,AP-N202-F101,0.037734966725111,0.037734966725111,104.27353668213,276.14999389648
08-APR-2024,15.427742441202,5892,J1924-2914,0.49246069788933,227103,AP-N203-F102,0.03984335064888,0.03984335064888,118.78779602051,276.14999389648
08-APR-2024,15.427742441202,5892,J1924-2914,0.49246069788933,227103,AP-N204-F102,0.039586745202541,0.039586745202541,109.77619934082,276.14999389648
08-APR-2024,15.513992441979,5895,J1924-2914,0.47314628958702,215103,AP-N201-F101,0.04056141898036,0.04056141898036,115.38822937012,275.54998779297
08-APR-2024,15.513992441979,5895,J1924-2914,0.47314628958702,215103,AP-N202-F101,0.039931353181601,0.039931353181601,107.37167358398,275.54998779297
08-APR-2024,15.513992441979,5895,J1924-2914,0.47314628958702,227103,AP-N203-F102,0.042157396674156,0.042157396674156,122.17816162109,275.54998779297
08-APR-2024,15.513992441979,5895,J1924-2914,0.47314628958702,227103,AP-N204-F102,0.0420160330832,0.0420160330832,113.24245452881,275.54998779297
08-APR-2024,15.929927464545,5910,J1924-2914,0.38056823611259,215103,AP-N201-F101,0,0,0,0
08-APR-2024,15.929927464545,5910,J1924-2914,0.38056823611259,215103,AP-N202-F101,0,0,0,0
08-APR-2024,15.929927464545,5910,J1924-2914,0.38056823611259,227103,AP-N203-F102,0,0,0,0
08-APR-2024,15.929927464545,5910,J1924-2914,0.38056823611259,227103,AP-N204-F102,0,0,0,0
08-APR-2024,1.6027228741745,5192,OJ287,0.75291579961777,215103,AP-N201-F101,0.083761215209961,0.083761215209961,128.90093994141,273.04998779297
08-APR-2024,1.6027228741745,5192,OJ287,0.75291579961777,215103,AP-N202-F101,0.083164386451244,0.083164386451244,120.4743347168,273.04998779297
08-APR-2024,1.6027228741745,5192,OJ287,0.75291579961777,227103,AP-N203-F102,0.087927803397179,0.087927803397179,136.61128234863,273.04998779297
08-APR-2024,1.6027228741745,5192,OJ287,0.75291579961777,227103,AP-N204-F102,0.087812252342701,0.087812252342701,127.36113739014,273.04998779297
08-APR-2024,1.6248062071424,5196,OJ287,0.75065612792969,215103,AP-N201-F101,0.083761215209961,0.083761215209961,128.90093994141,273.04998779297
08-APR-2024,1.6248062071424,5196,OJ287,0.75065612792969,215103,AP-N202-F101,0.083164386451244,0.083164386451244,120.4743347168,273.04998779297
08-APR-2024,1.6248062071424,5196,OJ287,0.75065612792969,227103,AP-N203-F102,0.087927803397179,0.087927803397179,136.61128234863,273.04998779297
08-APR-2024,1.6248062071424,5196,OJ287,0.75065612792969,227103,AP-N204-F102,0.087812252342701,0.087812252342701,127.36113739014,273.04998779297
08-APR-2024,1.7944815115441,5204,3C273,0.87937873601913,215103,AP-N201-F101,0.082850128412247,0.082850128412247,123.19420623779,273.25
08-APR-2024,1.7944815115441,5204,3C273,0.87937873601913,215103,AP-N202-F101,0.082586653530598,0.082586653530598,115.22800445557,273.25
08-APR-2024,1.7944815115441,5204,3C273,0.87937873601913,227103,AP-N203-F102,0.086974777281284,0.086974777281284,130.30155944824,273.25
08-APR-2024,1.7944815115441,5204,3C273,0.87937873601913,227103,AP-N204-F102,0.086673423647881,0.086673423647881,121.49247741699,273.25
08-APR-2024,1.8190648417558,5208,3C273,0.88424760103226,215103,AP-N201-F101,0.082850128412247,0.082850128412247,123.19420623779,273.25
08-APR-2024,1.8190648417558,5208,3C273,0.88424760103226,215103,AP-N202-F101,0.082586653530598,0.082586653530598,115.22800445557,273.25
08-APR-2024,1.8190648417558,5208,3C273,0.88424760103226,227103,AP-N203-F102,0.086974777281284,0.086974777281284,130.30155944824,273.25
08-APR-2024,1.8190648417558,5208,3C273,0.88424760103226,227103,AP-N204-F102,0.086673423647881,0.086673423647881,121.49247741699,273.25
08-APR-2024,1.8961481764262,5213,M87,0.76421415805817,215103,AP-N201-F101,0.084703579545021,0.084703579545021,129.35357666016,273.35000610352
08-APR-2024,1.8961481764262,5213,M87,0.76421415805817,215103,AP-N202-F101,0.084584780037403,0.084584780037403,120.92293548584,273.35000610352
08-APR-2024,1.8961481764262,5213,M87,0.76421415805817,227103,AP-N203-F102,0.088901370763779,0.088901370763779,136.93821716309,273.35000610352
08-APR-2024,1.8961481764262,5213,M87,0.76421415805817,227103,AP-N204-F102,0.088952109217644,0.088952109217644,127.78667449951,273.35000610352
08-APR-2024,1.9229537314547,5217,M87,0.76864618062973,215103,AP-N201-F101,0.084703579545021,0.084703579545021,129.35357666016,273.35000610352
08-APR-2024,1.9229537314547,5217,M87,0.76864618062973,215103,AP-N202-F101,0.084584780037403,0.084584780037403,120.92293548584,273.35000610352
08-APR-2024,1.9229537314547,5217,M87,0.76864618062973,227103,AP-N203-F102,0.088901370763779,0.088901370763779,136.93821716309,273.35000610352
08-APR-2024,1.9229537314547,5217,M87,0.76864618062973,227103,AP-N204-F102,0.088952109217644,0.088952109217644,127.78667449951,273.35000610352
08-APR-2024,2.025037064756,5220,M87,0.78521251678467,215103,AP-N201-F101,0.083898782730103,0.083898782730103,127.76711273193,273.45001220703
08-APR-2024,2.025037064756,5220,M87,0.78521251678467,215103,AP-N202-F101,0.083457492291927,0.083457492291927,119.59510803223,273.45001220703
08-APR-2024,2.025037064756,5220,M87,0.78521251678467,227103,AP-N203-F102,0.08794929087162,0.08794929087162,135.27586364746,273.45001220703
08-APR-2024,2.025037064756,5220,M87,0.78521251678467,227103,AP-N204-F102,0.088114507496357,0.088114507496357,126.28546905518,273.45001220703
08-APR-2024,2.0512870649772,5224,M87,0.78938412666321,215103,AP-N201-F101,0.083898782730103,0.083898782730103,127.76711273193,273.45001220703
08-APR-2024,2.0512870649772,5224,M87,0.78938412666321,215103,AP-N202-F101,0.083457492291927,0.083457492291927,119.59510803223,273.45001220703
08-APR-2024,2.0512870649772,5224,M87,0.78938412666321,227103,AP-N203-F102,0.08794929087162,0.08794929087162,135.27586364746,273.45001220703
08-APR-2024,2.0512870649772,5224,M87,0.78938412666321,227103,AP-N204-F102,0.088114507496357,0.088114507496357,126.28546905518,273.45001220703
08-APR-2024,2.1210092881928,5229,3C279,0.93398594856262,215103,AP-N201-F101,0.078863702714443,0.078863702714443,119.85060119629,273.45001220703
08-APR-2024,2.1210092881928,5229,3C279,0.93398594856262,215103,AP-N202-F101,0.078854814171791,0.078854814171791,111.8907699585,273.45001220703
08-APR-2024,2.1210092881928,5229,3C279,0.93398594856262,227103,AP-N203-F102,0.082414589822292,0.082414589822292,126.63906860352,273.45001220703
08-APR-2024,2.1210092881928,5229,3C279,0.93398594856262,227103,AP-N204-F102,0.08258143812418,0.08258143812418,117.91103363037,273.45001220703
08-APR-2024,2.1521203998313,5233,3C279,0.94091141223907,215103,AP-N201-F101,0.078863702714443,0.078863702714443,119.85060119629,273.45001220703
08-APR-2024,2.1521203998313,5233,3C279,0.94091141223907,215103,AP-N202-F101,0.078854814171791,0.078854814171791,111.8907699585,273.45001220703
08-APR-2024,2.1521203998313,5233,3C279,0.94091141223907,227103,AP-N203-F102,0.082414589822292,0.082414589822292,126.63906860352,273.45001220703
08-APR-2024,2.1521203998313,5233,3C279,0.94091141223907,227103,AP-N204-F102,0.08258143812418,0.08258143812418,117.91103363037,273.45001220703
08-APR-2024,2.3233703956036,5238,3C273,0.97829586267471,215103,AP-N201-F101,0.076672650873661,0.076672650873661,117.77758026123,273.14999389648
08-APR-2024,2.3233703956036,5238,3C273,0.97829586267471,215103,AP-N202-F101,0.076524622738361,0.076524622738361,109.72290802002,273.14999389648
08-APR-2024,2.3233703956036,5238,3C273,0.97829586267471,227103,AP-N203-F102,0.080076120793819,0.080076120793819,124.21222686768,273.14999389648
08-APR-2024,2.3233703956036,5238,3C273,0.97829586267471,227103,AP-N204-F102,0.080115757882595,0.080115757882595,115.57946014404,273.14999389648
08-APR-2024,2.3461481744816,5242,3C273,0.98223197460175,215103,AP-N201-F101,0.076672650873661,0.076672650873661,117.77758026123,273.14999389648
08-APR-2024,2.3461481744816,5242,3C273,0.98223197460175,215103,AP-N202-F101,0.076524622738361,0.076524622738361,109.72290802002,273.14999389648
08-APR-2024,2.3461481744816,5242,3C273,0.98223197460175,227103,AP-N203-F102,0.080076120793819,0.080076120793819,124.21222686768,273.14999389648
08-APR-2024,2.3461481744816,5242,3C273,0.98223197460175,227103,AP-N204-F102,0.080115757882595,0.080115757882595,115.57946014404,273.14999389648
08-APR-2024,2.4111481731918,5247,M87,0.84271544218063,215103,AP-N201-F101,0.078354090452194,0.078354090452194,122.54846954346,273.25
08-APR-2024,2.4111481731918,5247,M87,0.84271544218063,215103,AP-N202-F101,0.078026831150055,0.078026831150055,114.43339538574,273.25
08-APR-2024,2.4111481731918,5247,M87,0.84271544218063,227103,AP-N203-F102,0.082109406590462,0.082109406590462,129.47462463379,273.25
08-APR-2024,2.4111481731918,5247,M87,0.84271544218063,227103,AP-N204-F102,0.082002051174641,0.082002051174641,120.68395233154,273.25
08-APR-2024,2.4396203956106,5251,M87,0.84659552574158,215103,AP-N201-F101,0.078354090452194,0.078354090452194,122.54846954346,273.25
08-APR-2024,2.4396203956106,5251,M87,0.84659552574158,215103,AP-N202-F101,0.078026831150055,0.078026831150055,114.43339538574,273.25
08-APR-2024,2.4396203956106,5251,M87,0.84659552574158,227103,AP-N203-F102,0.082109406590462,0.082109406590462,129.47462463379,273.25
08-APR-2024,2.4396203956106,5251,M87,0.84659552574158,227103,AP-N204-F102,0.082002051174641,0.082002051174641,120.68395233154,273.25
08-APR-2024,2.5608703932483,5256,OJ287,0.62836283445358,215103,AP-N201-F101,0.077463828027248,0.077463828027248,132.40106201172,273.54998779297
08-APR-2024,2.5608703932483,5256,OJ287,0.62836283445358,215103,AP-N202-F101,0.076911576092243,0.076911576092243,124.05290222168,273.54998779297
08-APR-2024,2.5608703932483,5256,OJ287,0.62836283445358,227103,AP-N203-F102,0.081686340272427,0.081686340272427,140.49571228027,273.54998779297
08-APR-2024,2.5608703932483,5256,OJ287,0.62836283445358,227103,AP-N204-F102,0.081259287893772,0.081259287893772,131.05404663086,273.54998779297
08-APR-2024,2.5812870598736,5260,OJ287,0.62519472837448,215103,AP-N201-F101,0.077463828027248,0.077463828027248,132.40106201172,273.54998779297
08-APR-2024,2.5812870598736,5260,OJ287,0.62519472837448,215103,AP-N202-F101,0.076911576092243,0.076911576092243,124.05290222168,273.54998779297
08-APR-2024,2.5812870598736,5260,OJ287,0.62519472837448,227103,AP-N203-F102,0.081686340272427,0.081686340272427,140.49571228027,273.54998779297
08-APR-2024,2.5812870598736,5260,OJ287,0.62519472837448,227103,AP-N204-F102,0.081259287893772,0.081259287893772,131.05404663086,273.54998779297
08-APR-2024,2.7485075903674,5268,3C273,1.0459948778152,215103,AP-N201-F101,0.070139333605766,0.070139333605766,113.4455947876,273.85000610352
08-APR-2024,2.7485075903674,5268,3C273,1.0459948778152,215103,AP-N202-F101,0.069928586483002,0.069928586483002,105.54211425781,273.85000610352
08-APR-2024,2.7485075903674,5268,3C273,1.0459948778152,227103,AP-N203-F102,0.073030278086662,0.073030278086662,119.45555877686,273.85000610352
08-APR-2024,2.7485075903674,5268,3C273,1.0459948778152,227103,AP-N204-F102,0.073146291077137,0.073146291077137,111.05829620361,273.85000610352
08-APR-2024,2.7704520350263,5272,3C273,1.0491114854813,215103,AP-N201-F101,0.070139333605766,0.070139333605766,113.4455947876,273.85000610352
08-APR-2024,2.7704520350263,5272,3C273,1.0491114854813,215103,AP-N202-F101,0.069928586483002,0.069928586483002,105.54211425781,273.85000610352
08-APR-2024,2.7704520350263,5272,3C273,1.0491114854813,227103,AP-N203-F102,0.073030278086662,0.073030278086662,119.45555877686,273.85000610352
08-APR-2024,2.7704520350263,5272,3C273,1.0491114854813,227103,AP-N204-F102,0.073146291077137,0.073146291077137,111.05829620361,273.85000610352
08-APR-2024,2.8375353677998,5277,M87,0.89489245414734,215103,AP-N201-F101,0.07242601364851,0.07242601364851,117.91697692871,273.85000610352
08-APR-2024,2.8375353677998,5277,M87,0.89489245414734,215103,AP-N202-F101,0.071942143142223,0.071942143142223,109.82164001465,273.85000610352
08-APR-2024,2.8375353677998,5277,M87,0.89489245414734,227103,AP-N203-F102,0.07550435513258,0.07550435513258,124.5209197998,273.85000610352
08-APR-2024,2.8375353677998,5277,M87,0.89489245414734,227103,AP-N204-F102,0.075527772307396,0.075527772307396,115.60148620605,273.85000610352
08-APR-2024,2.8726742568111,5281,M87,0.89857232570648,215103,AP-N201-F101,0.07242601364851,0.07242601364851,117.91697692871,273.85000610352
08-APR-2024,2.8726742568111,5281,M87,0.89857232570648,215103,AP-N202-F101,0.071942143142223,0.071942143142223,109.82164001465,273.85000610352
08-APR-2024,2.8726742568111,5281,M87,0.89857232570648,227103,AP-N203-F102,0.07550435513258,0.07550435513258,124.5209197998,273.85000610352
08-APR-2024,2.8726742568111,5281,M87,0.89857232570648,227103,AP-N204-F102,0.075527772307396,0.075527772307396,115.60148620605,273.85000610352
08-APR-2024,2.9539242507023,5286,3C279,1.1092401742935,215103,AP-N201-F101,0.068650536239147,0.068650536239147,111.84970092773,273.75
08-APR-2024,2.9539242507023,5286,3C279,1.1092401742935,215103,AP-N202-F101,0.068524792790413,0.068524792790413,104.05380249023,273.75
08-APR-2024,2.9539242507023,5286,3C279,1.1092401742935,227103,AP-N203-F102,0.070966295897961,0.070966295897961,117.73593902588,273.75
08-APR-2024,2.9539242507023,5286,3C279,1.1092401742935,227103,AP-N204-F102,0.07117722928524,0.07117722928524,109.203125,273.75
08-APR-2024,2.9854520323316,5290,3C279,1.115293264389,215103,AP-N201-F101,0.068650536239147,0.068650536239147,111.84970092773,273.75
08-APR-2024,2.9854520323316,5290,3C279,1.115293264389,215103,AP-N202-F101,0.068524792790413,0.068524792790413,104.05380249023,273.75
08-APR-2024,2.9854520323316,5290,3C279,1.115293264389,227103,AP-N203-F102,0.070966295897961,0.070966295897961,117.73593902588,273.75
08-APR-2024,2.9854520323316,5290,3C279,1.115293264389,227103,AP-N204-F102,0.07117722928524,0.07117722928524,109.203125,273.75
08-APR-2024,3.1114242543,5295,OJ287,0.53708505630493,215103,AP-N201-F101,0.074062958359718,0.074062958359718,137.41033935547,274.04998779297
08-APR-2024,3.1114242543,5295,OJ287,0.53708505630493,215103,AP-N202-F101,0.073470085859299,0.073470085859299,128.80953979492,274.04998779297
08-APR-2024,3.1114242543,5295,OJ287,0.53708505630493,227103,AP-N203-F102,0.07779186964035,0.07779186964035,145.80714416504,274.04998779297
08-APR-2024,3.1114242543,5295,OJ287,0.53708505630493,227103,AP-N204-F102,0.077669754624367,0.077669754624367,136.08915710449,274.04998779297
08-APR-2024,3.136702030771,5299,OJ287,0.53262722492218,215103,AP-N201-F101,0.074062958359718,0.074062958359718,137.41033935547,274.04998779297
08-APR-2024,3.136702030771,5299,OJ287,0.53262722492218,215103,AP-N202-F101,0.073470085859299,0.073470085859299,128.80953979492,274.04998779297
08-APR-2024,3.136702030771,5299,OJ287,0.53262722492218,227103,AP-N203-F102,0.07779186964035,0.07779186964035,145.80714416504,274.04998779297
08-APR-2024,3.136702030771,5299,OJ287,0.53262722492218,227103,AP-N204-F102,0.077669754624367,0.077669754624367,136.08915710449,274.04998779297
08-APR-2024,3.2611464703401,5304,3C273,1.106453537941,215103,AP-N201-F101,0.066791035234928,0.066791035234928,111.1272354126,273.45001220703
08-APR-2024,3.2611464703401,5304,3C273,1.106453537941,215103,AP-N202-F101,0.066723063588142,0.066723063588142,103.32222747803,273.45001220703
08-APR-2024,3.2611464703401,5304,3C273,1.106453537941,227103,AP-N203-F102,0.069126591086388,0.069126591086388,117.04623413086,273.45001220703
08-APR-2024,3.2611464703401,5304,3C273,1.106453537941,227103,AP-N204-F102,0.069295592606068,0.069295592606068,108.52931213379,273.45001220703
08-APR-2024,3.2860075862499,5308,3C273,1.1086376905441,215103,AP-N201-F101,0.066791035234928,0.066791035234928,111.1272354126,273.45001220703
08-APR-2024,3.2860075862499,5308,3C273,1.1086376905441,215103,AP-N202-F101,0.066723063588142,0.066723063588142,103.32222747803,273.45001220703
08-APR-2024,3.2860075862499,5308,3C273,1.1086376905441,227103,AP-N203-F102,0.069126591086388,0.069126591086388,117.04623413086,273.45001220703
08-APR-2024,3.2860075862499,5308,3C273,1.1086376905441,227103,AP-N204-F102,0.069295592606068,0.069295592606068,108.52931213379,273.45001220703
08-APR-2024,3.3539242474798,5313,M87,0.9381211400032,215103,AP-N201-F101,0.066485099494457,0.066485099494457,113.88441467285,272.95001220703
08-APR-2024,3.3539242474798,5313,M87,0.9381211400032,215103,AP-N202-F101,0.066313579678535,0.066313579678535,105.9525680542,272.95001220703
08-APR-2024,3.3539242474798,5313,M87,0.9381211400032,227103,AP-N203-F102,0.068929903209209,0.068929903209209,120.12096405029,272.95001220703
08-APR-2024,3.3539242474798,5313,M87,0.9381211400032,227103,AP-N204-F102,0.069033943116665,0.069033943116665,111.45370483398,272.95001220703
08-APR-2024,3.3896186965371,5317,M87,0.94018137454987,215103,AP-N201-F101,0.066485099494457,0.066485099494457,113.88441467285,272.95001220703
08-APR-2024,3.3896186965371,5317,M87,0.94018137454987,215103,AP-N202-F101,0.066313579678535,0.066313579678535,105.9525680542,272.95001220703
08-APR-2024,3.3896186965371,5317,M87,0.94018137454987,227103,AP-N203-F102,0.068929903209209,0.068929903209209,120.12096405029,272.95001220703
08-APR-2024,3.3896186965371,5317,M87,0.94018137454987,227103,AP-N204-F102,0.069033943116665,0.069033943116665,111.45370483398,272.95001220703
08-APR-2024,3.4636464723463,5320,M87,0.94406163692474,215103,AP-N201-F101,0.065052166581154,0.065052166581154,113.21227264404,273.54998779297
08-APR-2024,3.4636464723463,5320,M87,0.94406163692474,215103,AP-N202-F101,0.064966574311256,0.064966574311256,105.16641235352,273.54998779297
08-APR-2024,3.4636464723463,5320,M87,0.94406163692474,227103,AP-N203-F102,0.067880071699619,0.067880071699619,119.48165893555,273.54998779297
08-APR-2024,3.4636464723463,5320,M87,0.94406163692474,227103,AP-N204-F102,0.067618988454342,0.067618988454342,110.70613861084,273.54998779297
08-APR-2024,3.5068409161034,5324,M87,0.9460614323616,215103,AP-N201-F101,0.065052166581154,0.065052166581154,113.21227264404,273.54998779297
08-APR-2024,3.5068409161034,5324,M87,0.9460614323616,215103,AP-N202-F101,0.064966574311256,0.064966574311256,105.16641235352,273.54998779297
08-APR-2024,3.5068409161034,5324,M87,0.9460614323616,227103,AP-N203-F102,0.067880071699619,0.067880071699619,119.48165893555,273.54998779297
08-APR-2024,3.5068409161034,5324,M87,0.9460614323616,227103,AP-N204-F102,0.067618988454342,0.067618988454342,110.70613861084,273.54998779297
08-APR-2024,3.7417019104995,5332,3C273,1.1340239048004,215103,AP-N201-F101,0.061974007636309,0.061974007636309,108.77459716797,273.04998779297
08-APR-2024,3.7417019104995,5332,3C273,1.1340239048004,215103,AP-N202-F101,0.06209896877408,0.06209896877408,101.02605438232,273.04998779297
08-APR-2024,3.7417019104995,5332,3C273,1.1340239048004,227103,AP-N203-F102,0.063841588795185,0.063841588795185,114.53025817871,273.04998779297
08-APR-2024,3.7417019104995,5332,3C273,1.1340239048004,227103,AP-N204-F102,0.064440153539181,0.064440153539181,106.03467559814,273.04998779297
08-APR-2024,3.7629519113438,5336,3C273,1.1344792842865,215103,AP-N201-F101,0.061974007636309,0.061974007636309,108.77459716797,273.04998779297
08-APR-2024,3.7629519113438,5336,3C273,1.1344792842865,215103,AP-N202-F101,0.06209896877408,0.06209896877408,101.02605438232,273.04998779297
08-APR-2024,3.7629519113438,5336,3C273,1.1344792842865,227103,AP-N203-F102,0.063841588795185,0.063841588795185,114.53025817871,273.04998779297
08-APR-2024,3.7629519113438,5336,3C273,1.1344792842865,227103,AP-N204-F102,0.064440153539181,0.064440153539181,106.03467559814,273.04998779297
08-APR-2024,3.8064241318934,5341,M87,0.95462000370026,215103,AP-N201-F101,0.062033794820309,0.062033794820309,111.60984039307,273.14999389648
08-APR-2024,3.8064241318934,5341,M87,0.95462000370026,215103,AP-N202-F101,0.061824660748243,0.061824660748243,103.73658752441,273.14999389648
08-APR-2024,3.8064241318934,5341,M87,0.95462000370026,227103,AP-N203-F102,0.064488761126995,0.064488761126995,117.68691253662,273.14999389648
08-APR-2024,3.8064241318934,5341,M87,0.95462000370026,227103,AP-N204-F102,0.064740002155304,0.064740002155304,109.07077789307,273.14999389648
08-APR-2024,3.832951908907,5345,M87,0.95491391420364,215103,AP-N201-F101,0.062033794820309,0.062033794820309,111.60984039307,273.14999389648
08-APR-2024,3.832951908907,5345,M87,0.95491391420364,215103,AP-N202-F101,0.061824660748243,0.061824660748243,103.73658752441,273.14999389648
08-APR-2024,3.832951908907,5345,M87,0.95491391420364,227103,AP-N203-F102,0.064488761126995,0.064488761126995,117.68691253662,273.14999389648
08-APR-2024,3.832951908907,5345,M87,0.95491391420364,227103,AP-N204-F102,0.064740002155304,0.064740002155304,109.07077789307,273.14999389648
08-APR-2024,3.9036463523804,5350,3C279,1.2522557973862,215103,AP-N201-F101,0.059181176126003,0.059181176126003,106.56745147705,272.04998779297
08-APR-2024,3.9036463523804,5350,3C279,1.2522557973862,215103,AP-N202-F101,0.059108182787895,0.059108182787895,98.821060180664,272.04998779297
08-APR-2024,3.9036463523804,5350,3C279,1.2522557973862,227103,AP-N203-F102,0.060868289321661,0.060868289321661,112.04216766357,272.04998779297
08-APR-2024,3.9036463523804,5350,3C279,1.2522557973862,227103,AP-N204-F102,0.06132348626852,0.06132348626852,103.62493896484,272.04998779297
08-APR-2024,3.9348963505816,5354,3C279,1.2549477815628,215103,AP-N201-F101,0.059181176126003,0.059181176126003,106.56745147705,272.04998779297
08-APR-2024,3.9348963505816,5354,3C279,1.2549477815628,215103,AP-N202-F101,0.059108182787895,0.059108182787895,98.821060180664,272.04998779297
08-APR-2024,3.9348963505816,5354,3C279,1.2549477815628,227103,AP-N203-F102,0.060868289321661,0.060868289321661,112.04216766357,272.04998779297
08-APR-2024,3.9348963505816,5354,3C279,1.2549477815628,227103,AP-N204-F102,0.06132348626852,0.06132348626852,103.62493896484,272.04998779297
08-APR-2024,4.0942019056875,5359,3C273,1.1328901052475,215103,AP-N201-F101,0.059929084032774,0.059929084032774,107.83686065674,272.25
08-APR-2024,4.0942019056875,5359,3C273,1.1328901052475,215103,AP-N202-F101,0.059659540653229,0.059659540653229,100.10493469238,272.25
08-APR-2024,4.0942019056875,5359,3C273,1.1328901052475,227103,AP-N203-F102,0.061768565326929,0.061768565326929,113.47017669678,272.25
08-APR-2024,4.0942019056875,5359,3C273,1.1328901052475,227103,AP-N204-F102,0.062009401619434,0.062009401619434,104.91249084473,272.25
08-APR-2024,4.1187852409632,5363,3C273,1.1321153640747,215103,AP-N201-F101,0.059929084032774,0.059929084032774,107.83686065674,272.25
08-APR-2024,4.1187852409632,5363,3C273,1.1321153640747,215103,AP-N202-F101,0.059659540653229,0.059659540653229,100.10493469238,272.25
08-APR-2024,4.1187852409632,5363,3C273,1.1321153640747,227103,AP-N203-F102,0.061768565326929,0.061768565326929,113.47017669678,272.25
08-APR-2024,4.1187852409632,5363,3C273,1.1321153640747,227103,AP-N204-F102,0.062009401619434,0.062009401619434,104.91249084473,272.25
08-APR-2024,4.1875352402538,5368,M87,0.9516738653183,215103,AP-N201-F101,0.060265485197306,0.060265485197306,110.72644805908,272.54998779297
08-APR-2024,4.1875352402538,5368,M87,0.9516738653183,215103,AP-N202-F101,0.060113657265902,0.060113657265902,102.89297485352,272.54998779297
08-APR-2024,4.1875352402538,5368,M87,0.9516738653183,227103,AP-N203-F102,0.06236832216382,0.06236832216382,116.75668334961,272.54998779297
08-APR-2024,4.1875352402538,5368,M87,0.9516738653183,227103,AP-N204-F102,0.062706522643566,0.062706522643566,108.17757415771,272.54998779297
08-APR-2024,4.222674128392,5372,M87,0.95061826705933,215103,AP-N201-F101,0.060265485197306,0.060265485197306,110.72644805908,272.54998779297
08-APR-2024,4.222674128392,5372,M87,0.95061826705933,215103,AP-N202-F101,0.060113657265902,0.060113657265902,102.89297485352,272.54998779297
08-APR-2024,4.222674128392,5372,M87,0.95061826705933,227103,AP-N203-F102,0.06236832216382,0.06236832216382,116.75668334961,272.54998779297
08-APR-2024,4.222674128392,5372,M87,0.95061826705933,227103,AP-N204-F102,0.062706522643566,0.062706522643566,108.17757415771,272.54998779297
08-APR-2024,4.477482070358,5380,3C273,1.1111289262772,215103,AP-N201-F101,0.056408926844597,0.056408926844597,106.84722900391,273.35000610352
08-APR-2024,4.477482070358,5380,3C273,1.1111289262772,215103,AP-N202-F101,0.0565345287323,0.0565345287323,99.24437713623,273.35000610352
08-APR-2024,4.477482070358,5380,3C273,1.1111289262772,227103,AP-N203-F102,0.058101091533899,0.058101091533899,112.35955810547,273.35000610352
08-APR-2024,4.477482070358,5380,3C273,1.1111289262772,227103,AP-N204-F102,0.059084001928568,0.059084001928568,104.06088256836,273.35000610352
08-APR-2024,4.5020654044113,5384,3C273,1.1090540885925,215103,AP-N201-F101,0.056408926844597,0.056408926844597,106.84722900391,273.35000610352
08-APR-2024,4.5020654044113,5384,3C273,1.1090540885925,215103,AP-N202-F101,0.0565345287323,0.0565345287323,99.24437713623,273.35000610352
08-APR-2024,4.5020654044113,5384,3C273,1.1090540885925,227103,AP-N203-F102,0.058101091533899,0.058101091533899,112.35955810547,273.35000610352
08-APR-2024,4.5020654044113,5384,3C273,1.1090540885925,227103,AP-N204-F102,0.059084001928568,0.059084001928568,104.06088256836,273.35000610352
08-APR-2024,4.5705376249886,5389,M87,0.93337315320969,215103,AP-N201-F101,0.057661890983582,0.057661890983582,109.90158843994,273.25
08-APR-2024,4.5705376249886,5389,M87,0.93337315320969,215103,AP-N202-F101,0.05763241648674,0.05763241648674,102.04057312012,273.25
08-APR-2024,4.5705376249886,5389,M87,0.93337315320969,227103,AP-N203-F102,0.059826795011759,0.059826795011759,115.72193145752,273.25
08-APR-2024,4.5705376249886,5389,M87,0.93337315320969,227103,AP-N204-F102,0.060015942901373,0.060015942901373,107.20462799072,273.25
08-APR-2024,4.6065098457743,5393,M87,0.93089824914932,215103,AP-N201-F101,0.057661890983582,0.057661890983582,109.90158843994,273.25
08-APR-2024,4.6065098457743,5393,M87,0.93089824914932,215103,AP-N202-F101,0.05763241648674,0.05763241648674,102.04057312012,273.25
08-APR-2024,4.6065098457743,5393,M87,0.93089824914932,227103,AP-N203-F102,0.059826795011759,0.059826795011759,115.72193145752,273.25
08-APR-2024,4.6065098457743,5393,M87,0.93089824914932,227103,AP-N204-F102,0.060015942901373,0.060015942901373,107.20462799072,273.25
08-APR-2024,4.6802598479343,5396,M87,0.92545306682587,215103,AP-N201-F101,0.058214370161295,0.058214370161295,110.44359588623,272.95001220703
08-APR-2024,4.6802598479343,5396,M87,0.92545306682587,215103,AP-N202-F101,0.05771366506815,0.05771366506815,102.46484375,272.95001220703
08-APR-2024,4.6802598479343,5396,M87,0.92545306682587,227103,AP-N203-F102,0.060517471283674,0.060517471283674,116.29337310791,272.95001220703
08-APR-2024,4.6802598479343,5396,M87,0.92545306682587,227103,AP-N204-F102,0.060380652546883,0.060380652546883,107.74938964844,272.95001220703
08-APR-2024,4.722898734614,5400,M87,0.92206615209579,215103,AP-N201-F101,0.058214370161295,0.058214370161295,110.44359588623,272.95001220703
08-APR-2024,4.722898734614,5400,M87,0.92206615209579,215103,AP-N202-F101,0.05771366506815,0.05771366506815,102.46484375,272.95001220703
08-APR-2024,4.722898734614,5400,M87,0.92206615209579,227103,AP-N203-F102,0.060517471283674,0.060517471283674,116.29337310791,272.95001220703
08-APR-2024,4.722898734614,5400,M87,0.92206615209579,227103,AP-N204-F102,0.060380652546883,0.060380652546883,107.74938964844,272.95001220703
08-APR-2024,4.8944265099728,5405,3C273,1.0664491653442,215103,AP-N201-F101,0.055492505431175,0.055492505431175,106.8871383667,273.25
08-APR-2024,4.8944265099728,5405,3C273,1.0664491653442,215103,AP-N202-F101,0.055502790957689,0.055502790957689,99.195808410645,273.25
08-APR-2024,4.8944265099728,5405,3C273,1.0664491653442,227103,AP-N203-F102,0.057231910526752,0.057231910526752,112.58843231201,273.25
08-APR-2024,4.8944265099728,5405,3C273,1.0664491653442,227103,AP-N204-F102,0.057577088475227,0.057577088475227,104.14709472656,273.25
08-APR-2024,4.9187320651382,5409,3C273,1.0632727146149,215103,AP-N201-F101,0.055492505431175,0.055492505431175,106.8871383667,273.25
08-APR-2024,4.9187320651382,5409,3C273,1.0632727146149,215103,AP-N202-F101,0.055502790957689,0.055502790957689,99.195808410645,273.25
08-APR-2024,4.9187320651382,5409,3C273,1.0632727146149,227103,AP-N203-F102,0.057231910526752,0.057231910526752,112.58843231201,273.25
08-APR-2024,4.9187320651382,5409,3C273,1.0632727146149,227103,AP-N204-F102,0.057577088475227,0.057577088475227,104.14709472656,273.25
08-APR-2024,4.9874820654766,5414,M87,0.89746397733688,215103,AP-N201-F101,0.056459806859493,0.056459806859493,109.86080169678,272.54998779297
08-APR-2024,4.9874820654766,5414,M87,0.89746397733688,215103,AP-N202-F101,0.05610727891326,0.05610727891326,102.01219177246,272.54998779297
08-APR-2024,4.9874820654766,5414,M87,0.89746397733688,227103,AP-N203-F102,0.058412488549948,0.058412488549948,115.87431335449,272.54998779297
08-APR-2024,4.9874820654766,5414,M87,0.89746397733688,227103,AP-N204-F102,0.058496113866568,0.058496113866568,107.25577545166,272.54998779297
08-APR-2024,5.0228987323281,5418,M87,0.89371591806412,215103,AP-N201-F101,0.056459806859493,0.056459806859493,109.86080169678,272.54998779297
08-APR-2024,5.0228987323281,5418,M87,0.89371591806412,215103,AP-N202-F101,0.05610727891326,0.05610727891326,102.01219177246,272.54998779297
08-APR-2024,5.0228987323281,5418,M87,0.89371591806412,227103,AP-N203-F102,0.058412488549948,0.058412488549948,115.87431335449,272.54998779297
08-APR-2024,5.0228987323281,5418,M87,0.89371591806412,227103,AP-N204-F102,0.058496113866568,0.058496113866568,107.25577545166,272.54998779297
08-APR-2024,5.1038709537924,5423,3C279,1.2163918018341,215103,AP-N201-F101,0.052525635808706,0.052525635808706,104.27617645264,272.85000610352
08-APR-2024,5.1038709537924,5423,3C279,1.2163918018341,215103,AP-N202-F101,0.052309259772301,0.052309259772301,96.531005859375,272.85000610352
08-APR-2024,5.1038709537924,5423,3C279,1.2163918018341,227103,AP-N203-F102,0.053893905133009,0.053893905133009,109.54105377197,272.85000610352
08-APR-2024,5.1038709537924,5423,3C279,1.2163918018341,227103,AP-N204-F102,0.054057374596596,0.054057374596596,101.22604370117,272.85000610352
08-APR-2024,5.1351209525175,5427,3C279,1.2120532989502,215103,AP-N201-F101,0.052525635808706,0.052525635808706,104.27617645264,272.85000610352
08-APR-2024,5.1351209525175,5427,3C279,1.2120532989502,215103,AP-N202-F101,0.052309259772301,0.052309259772301,96.531005859375,272.85000610352
08-APR-2024,5.1351209525175,5427,3C279,1.2120532989502,227103,AP-N203-F102,0.053893905133009,0.053893905133009,109.54105377197,272.85000610352
08-APR-2024,5.1351209525175,5427,3C279,1.2120532989502,227103,AP-N204-F102,0.054057374596596,0.054057374596596,101.22604370117,272.85000610352
08-APR-2024,5.3104863977497,5435,SGRA,0.66468250751495,215103,AP-N201-F101,0.056170713156462,0.056170713156462,116.90487670898,272.64999389648
08-APR-2024,5.3104863977497,5435,SGRA,0.66468250751495,215103,AP-N202-F101,0.055682234466076,0.055682234466076,108.81711578369,272.64999389648
08-APR-2024,5.3104863977497,5435,SGRA,0.66468250751495,227103,AP-N203-F102,0.058813441544771,0.058813441544771,123.7356262207,272.64999389648
08-APR-2024,5.3104863977497,5435,SGRA,0.66468250751495,227103,AP-N204-F102,0.05848215892911,0.05848215892911,114.91246795654,272.64999389648
08-APR-2024,5.3861808426955,5439,SGRA,0.68191522359848,215103,AP-N201-F101,0.056170713156462,0.056170713156462,116.90487670898,272.64999389648
08-APR-2024,5.3861808426955,5439,SGRA,0.68191522359848,215103,AP-N202-F101,0.055682234466076,0.055682234466076,108.81711578369,272.64999389648
08-APR-2024,5.3861808426955,5439,SGRA,0.68191522359848,227103,AP-N203-F102,0.058813441544771,0.058813441544771,123.7356262207,272.64999389648
08-APR-2024,5.3861808426955,5439,SGRA,0.68191522359848,227103,AP-N204-F102,0.05848215892911,0.05848215892911,114.91246795654,272.64999389648
08-APR-2024,5.6285419486141,5444,J1751+0939,0.47926411032677,215103,AP-N201-F101,0.055851694196463,0.055851694196463,128.22538757324,272.45001220703
08-APR-2024,5.6285419486141,5444,J1751+0939,0.47926411032677,215103,AP-N202-F101,0.055413585156202,0.055413585156202,119.78337860107,272.45001220703
08-APR-2024,5.6285419486141,5444,J1751+0939,0.47926411032677,227103,AP-N203-F102,0.058603603392839,0.058603603392839,136.10791015625,272.45001220703
08-APR-2024,5.6285419486141,5444,J1751+0939,0.47926411032677,227103,AP-N204-F102,0.058311719447374,0.058311719447374,126.71776580811,272.45001220703
08-APR-2024,5.6525697269871,5448,J1751+0939,0.48451274633408,215103,AP-N201-F101,0.055851694196463,0.055851694196463,128.22538757324,272.45001220703
08-APR-2024,5.6525697269871,5448,J1751+0939,0.48451274633408,215103,AP-N202-F101,0.055413585156202,0.055413585156202,119.78337860107,272.45001220703
08-APR-2024,5.6525697269871,5448,J1751+0939,0.48451274633408,227103,AP-N203-F102,0.058603603392839,0.058603603392839,136.10791015625,272.45001220703
08-APR-2024,5.6525697269871,5448,J1751+0939,0.48451274633408,227103,AP-N204-F102,0.058311719447374,0.058311719447374,126.71776580811,272.45001220703
08-APR-2024,5.74493083693,5453,SGRA,0.76379454135895,215103,AP-N201-F101,0.051604453474283,0.051604453474283,110.89381408691,272.95001220703
08-APR-2024,5.74493083693,5453,SGRA,0.76379454135895,215103,AP-N202-F101,0.051123209297657,0.051123209297657,102.87925720215,272.95001220703
08-APR-2024,5.74493083693,5453,SGRA,0.76379454135895,227103,AP-N203-F102,0.053634937852621,0.053634937852621,117.20881652832,272.95001220703
08-APR-2024,5.74493083693,5453,SGRA,0.76379454135895,227103,AP-N204-F102,0.053627323359251,0.053627323359251,108.426612854,272.95001220703
08-APR-2024,5.8106252810264,5457,SGRA,0.77882295846939,215103,AP-N201-F101,0.051604453474283,0.051604453474283,110.89381408691,272.95001220703
08-APR-2024,5.8106252810264,5457,SGRA,0.77882295846939,215103,AP-N202-F101,0.051123209297657,0.051123209297657,102.87925720215,272.95001220703
08-APR-2024,5.8106252810264,5457,SGRA,0.77882295846939,227103,AP-N203-F102,0.053634937852621,0.053634937852621,117.20881652832,272.95001220703
08-APR-2024,5.8106252810264,5457,SGRA,0.77882295846939,227103,AP-N204-F102,0.053627323359251,0.053627323359251,108.426612854,272.95001220703
08-APR-2024,6.004097501568,5462,J1924-2914,0.44997692108154,215103,AP-N201-F101,0.051190871745348,0.051190871745348,126.84645080566,273.14999389648
08-APR-2024,6.004097501568,5462,J1924-2914,0.44997692108154,215103,AP-N202-F101,0.050501640886068,0.050501640886068,118.45635223389,273.14999389648
08-APR-2024,6.004097501568,5462,J1924-2914,0.44997692108154,227103,AP-N203-F102,0.053554929792881,0.053554929792881,134.62097167969,273.14999389648
08-APR-2024,6.004097501568,5462,J1924-2914,0.44997692108154,227103,AP-N204-F102,0.053122494369745,0.053122494369745,125.13649749756,273.14999389648
08-APR-2024,6.0356252776094,5466,J1924-2914,0.45701578259468,215103,AP-N201-F101,0.051190871745348,0.051190871745348,126.84645080566,273.14999389648
08-APR-2024,6.0356252776094,5466,J1924-2914,0.45701578259468,215103,AP-N202-F101,0.050501640886068,0.050501640886068,118.45635223389,273.14999389648
08-APR-2024,6.0356252776094,5466,J1924-2914,0.45701578259468,227103,AP-N203-F102,0.053554929792881,0.053554929792881,134.62097167969,273.14999389648
08-APR-2024,6.0356252776094,5466,J1924-2914,0.45701578259468,227103,AP-N204-F102,0.053122494369745,0.053122494369745,125.13649749756,273.14999389648
08-APR-2024,6.4772717732515,5481,SGRA,0.93168097734451,215103,AP-N201-F101,0.050549045205116,0.050549045205116,106.5927734375,272.95001220703
08-APR-2024,6.4772717732515,5481,SGRA,0.93168097734451,215103,AP-N202-F101,0.050208825618029,0.050208825618029,98.942810058594,272.95001220703
08-APR-2024,6.4772717732515,5481,SGRA,0.93168097734451,227103,AP-N203-F102,0.052031815052032,0.052031815052032,112.15734100342,272.95001220703
08-APR-2024,6.4772717732515,5481,SGRA,0.93168097734451,227103,AP-N204-F102,0.052368018776178,0.052368018776178,103.97285461426,272.95001220703
08-APR-2024,6.5521328876453,5485,SGRA,0.94886600971222,215103,AP-N201-F101,0.050549045205116,0.050549045205116,106.5927734375,272.95001220703
08-APR-2024,6.5521328876453,5485,SGRA,0.94886600971222,215103,AP-N202-F101,0.050208825618029,0.050208825618029,98.942810058594,272.95001220703
08-APR-2024,6.5521328876453,5485,SGRA,0.94886600971222,227103,AP-N203-F102,0.052031815052032,0.052031815052032,112.15734100342,272.95001220703
08-APR-2024,6.5521328876453,5485,SGRA,0.94886600971222,227103,AP-N204-F102,0.052368018776178,0.052368018776178,103.97285461426,272.95001220703
08-APR-2024,6.7714384380681,5490,J1751+0939,0.71555024385452,215103,AP-N201-F101,0.052549883723259,0.052549883723259,112.87299346924,272.64999389648
08-APR-2024,6.7714384380681,5490,J1751+0939,0.71555024385452,215103,AP-N202-F101,0.051953390240669,0.051953390240669,104.84729766846,272.64999389648
08-APR-2024,6.7714384380681,5490,J1751+0939,0.71555024385452,227103,AP-N203-F102,0.054480608552694,0.054480608552694,119.16698455811,272.64999389648
08-APR-2024,6.7714384380681,5490,J1751+0939,0.71555024385452,227103,AP-N204-F102,0.054414540529251,0.054414540529251,110.40740203857,272.64999389648
08-APR-2024,6.8024106598261,5494,J1751+0939,0.72146248817444,215103,AP-N201-F101,0.052549883723259,0.052549883723259,112.87299346924,272.64999389648
08-APR-2024,6.8024106598261,5494,J1751+0939,0.72146248817444,215103,AP-N202-F101,0.051953390240669,0.051953390240669,104.84729766846,272.64999389648
08-APR-2024,6.8024106598261,5494,J1751+0939,0.72146248817444,227103,AP-N203-F102,0.054480608552694,0.054480608552694,119.16698455811,272.64999389648
08-APR-2024,6.8024106598261,5494,J1751+0939,0.72146248817444,227103,AP-N204-F102,0.054414540529251,0.054414540529251,110.40740203857,272.64999389648
08-APR-2024,6.9119939941136,5499,3C273,0.68589758872986,215103,AP-N201-F101,0.0521573536098,0.0521573536098,113.65335083008,273.04998779297
08-APR-2024,6.9119939941136,5499,3C273,0.68589758872986,215103,AP-N202-F101,0.051718287169933,0.051718287169933,105.68539428711,273.04998779297
08-APR-2024,6.9119939941136,5499,3C273,0.68589758872986,227103,AP-N203-F102,0.054433666169643,0.054433666169643,119.95140838623,273.04998779297
08-APR-2024,6.9119939941136,5499,3C273,0.68589758872986,227103,AP-N204-F102,0.054307598620653,0.054307598620653,111.18893432617,273.04998779297
08-APR-2024,6.935882880336,5503,3C273,0.68058800697327,215103,AP-N201-F101,0.0521573536098,0.0521573536098,113.65335083008,273.04998779297
08-APR-2024,6.935882880336,5503,3C273,0.68058800697327,215103,AP-N202-F101,0.051718287169933,0.051718287169933,105.68539428711,273.04998779297
08-APR-2024,6.935882880336,5503,3C273,0.68058800697327,227103,AP-N203-F102,0.054433666169643,0.054433666169643,119.95140838623,273.04998779297
08-APR-2024,6.935882880336,5503,3C273,0.68058800697327,227103,AP-N204-F102,0.054307598620653,0.054307598620653,111.18893432617,273.04998779297
08-APR-2024,7.0039384345896,5508,M87,0.56843382120132,215103,AP-N201-F101,0.052708689123392,0.052708689123392,119.11962890625,272.95001220703
08-APR-2024,7.0039384345896,5508,M87,0.56843382120132,215103,AP-N202-F101,0.052415926009417,0.052415926009417,110.9877243042,272.95001220703
08-APR-2024,7.0039384345896,5508,M87,0.56843382120132,227103,AP-N203-F102,0.055265221744776,0.055265221744776,126.14797973633,272.95001220703
08-APR-2024,7.0039384345896,5508,M87,0.56843382120132,227103,AP-N204-F102,0.055125396698713,0.055125396698713,117.13665008545,272.95001220703
08-APR-2024,7.0396328812022,5512,M87,0.56118494272232,215103,AP-N201-F101,0.052708689123392,0.052708689123392,119.11962890625,272.95001220703
08-APR-2024,7.0396328812022,5512,M87,0.56118494272232,215103,AP-N202-F101,0.052415926009417,0.052415926009417,110.9877243042,272.95001220703
08-APR-2024,7.0396328812022,5512,M87,0.56118494272232,227103,AP-N203-F102,0.055265221744776,0.055265221744776,126.14797973633,272.95001220703
08-APR-2024,7.0396328812022,5512,M87,0.56118494272232,227103,AP-N204-F102,0.055125396698713,0.055125396698713,117.13665008545,272.95001220703
08-APR-2024,7.1142162128663,5515,M87,0.54594349861145,215103,AP-N201-F101,0.050906732678413,0.050906732678413,118.99559783936,272.75
08-APR-2024,7.1142162128663,5515,M87,0.54594349861145,215103,AP-N202-F101,0.05038508400321,0.05038508400321,110.79664611816,272.75
08-APR-2024,7.1142162128663,5515,M87,0.54594349861145,227103,AP-N203-F102,0.053147453814745,0.053147453814745,126.07358551025,272.75
08-APR-2024,7.1142162128663,5515,M87,0.54594349861145,227103,AP-N204-F102,0.052985865622759,0.052985865622759,116.92195129395,272.75
08-APR-2024,7.1568551016416,5519,M87,0.53717046976089,215103,AP-N201-F101,0.050906732678413,0.050906732678413,118.99559783936,272.75
08-APR-2024,7.1568551016416,5519,M87,0.53717046976089,215103,AP-N202-F101,0.05038508400321,0.05038508400321,110.79664611816,272.75
08-APR-2024,7.1568551016416,5519,M87,0.53717046976089,227103,AP-N203-F102,0.053147453814745,0.053147453814745,126.07358551025,272.75
08-APR-2024,7.1568551016416,5519,M87,0.53717046976089,227103,AP-N204-F102,0.052985865622759,0.052985865622759,116.92195129395,272.75
08-APR-2024,7.2378273227567,5524,3C279,0.7818666100502,215103,AP-N201-F101,0.048698589205742,0.048698589205742,108.69149017334,272.85000610352
08-APR-2024,7.2378273227567,5524,3C279,0.7818666100502,215103,AP-N202-F101,0.048565998673439,0.048565998673439,100.87311553955,272.85000610352
08-APR-2024,7.2378273227567,5524,3C279,0.7818666100502,227103,AP-N203-F102,0.050604447722435,0.050604447722435,114.74796295166,272.85000610352
08-APR-2024,7.2378273227567,5524,3C279,0.7818666100502,227103,AP-N204-F102,0.050759214907885,0.050759214907885,106.16947174072,272.85000610352
08-APR-2024,7.2687995453878,5528,3C279,0.77464199066162,215103,AP-N201-F101,0.048698589205742,0.048698589205742,108.69149017334,272.85000610352
08-APR-2024,7.2687995453878,5528,3C279,0.77464199066162,215103,AP-N202-F101,0.048565998673439,0.048565998673439,100.87311553955,272.85000610352
08-APR-2024,7.2687995453878,5528,3C279,0.77464199066162,227103,AP-N203-F102,0.050604447722435,0.050604447722435,114.74796295166,272.85000610352
08-APR-2024,7.2687995453878,5528,3C279,0.77464199066162,227103,AP-N204-F102,0.050759214907885,0.050759214907885,106.16947174072,272.85000610352
08-APR-2024,7.4462524337366,5536,3C273,0.56512367725372,215103,AP-N201-F101,0.05281788110733,0.05281788110733,119.37986755371,272.85000610352
08-APR-2024,7.4462524337366,5536,3C273,0.56512367725372,215103,AP-N202-F101,0.052463509142399,0.052463509142399,111.20122528076,272.85000610352
08-APR-2024,7.4462524337366,5536,3C273,0.56512367725372,227103,AP-N203-F102,0.055308774113655,0.055308774113655,126.42012786865,272.85000610352
08-APR-2024,7.4462524337366,5536,3C273,0.56512367725372,227103,AP-N204-F102,0.055078119039536,0.055078119039536,117.41677093506,272.85000610352
08-APR-2024,7.4688913222102,5540,3C273,0.55992364883423,215103,AP-N201-F101,0.05281788110733,0.05281788110733,119.37986755371,272.85000610352
08-APR-2024,7.4688913222102,5540,3C273,0.55992364883423,215103,AP-N202-F101,0.052463509142399,0.052463509142399,111.20122528076,272.85000610352
08-APR-2024,7.4688913222102,5540,3C273,0.55992364883423,227103,AP-N203-F102,0.055308774113655,0.055308774113655,126.42012786865,272.85000610352
08-APR-2024,7.4688913222102,5540,3C273,0.55992364883423,227103,AP-N204-F102,0.055078119039536,0.055078119039536,117.41677093506,272.85000610352
08-APR-2024,7.5370857645981,5545,M87,0.4572656750679,215103,AP-N201-F101,0.053380616009235,0.053380616009235,127.53076171875,272.85000610352
08-APR-2024,7.5370857645981,5545,M87,0.4572656750679,215103,AP-N202-F101,0.052907779812813,0.052907779812813,119.12566375732,272.85000610352
08-APR-2024,7.5370857645981,5545,M87,0.4572656750679,227103,AP-N203-F102,0.056077994406223,0.056077994406223,135.31423950195,272.85000610352
08-APR-2024,7.5370857645981,5545,M87,0.4572656750679,227103,AP-N204-F102,0.055824924260378,0.055824924260378,125.90345001221,272.85000610352
08-APR-2024,7.5733357639225,5549,M87,0.44950285553932,215103,AP-N201-F101,0.053380616009235,0.053380616009235,127.53076171875,272.85000610352
08-APR-2024,7.5733357639225,5549,M87,0.44950285553932,215103,AP-N202-F101,0.052907779812813,0.052907779812813,119.12566375732,272.85000610352
08-APR-2024,7.5733357639225,5549,M87,0.44950285553932,227103,AP-N203-F102,0.056077994406223,0.056077994406223,135.31423950195,272.85000610352
08-APR-2024,7.5733357639225,5549,M87,0.44950285553932,227103,AP-N204-F102,0.055824924260378,0.055824924260378,125.90345001221,272.85000610352
08-APR-2024,7.6470857652093,5552,M87,0.43364176154137,215103,AP-N201-F101,0.053191725164652,0.053191725164652,129.45367431641,272.45001220703
08-APR-2024,7.6470857652093,5552,M87,0.43364176154137,215103,AP-N202-F101,0.052657928317785,0.052657928317785,120.99909973145,272.45001220703
08-APR-2024,7.6470857652093,5552,M87,0.43364176154137,227103,AP-N203-F102,0.055697921663523,0.055697921663523,137.48277282715,272.45001220703
08-APR-2024,7.6470857652093,5552,M87,0.43364176154137,227103,AP-N204-F102,0.055536009371281,0.055536009371281,127.98372650146,272.45001220703
08-APR-2024,7.6897246522383,5556,M87,0.42442891001701,215103,AP-N201-F101,0.053191725164652,0.053191725164652,129.45367431641,272.45001220703
08-APR-2024,7.6897246522383,5556,M87,0.42442891001701,215103,AP-N202-F101,0.052657928317785,0.052657928317785,120.99909973145,272.45001220703
08-APR-2024,7.6897246522383,5556,M87,0.42442891001701,227103,AP-N203-F102,0.055697921663523,0.055697921663523,137.48277282715,272.45001220703
08-APR-2024,7.6897246522383,5556,M87,0.42442891001701,227103,AP-N204-F102,0.055536009371281,0.055536009371281,127.98372650146,272.45001220703
08-APR-2024,7.7715302084456,5561,3C279,0.65619933605194,215103,AP-N201-F101,0.050405949354172,0.050405949354172,113.18872070313,271.35000610352
08-APR-2024,7.7715302084456,5561,3C279,0.65619933605194,215103,AP-N202-F101,0.049759317189455,0.049759317189455,105.04147338867,271.35000610352
08-APR-2024,7.7715302084456,5561,3C279,0.65619933605194,227103,AP-N203-F102,0.052514750510454,0.052514750510454,119.6318359375,271.35000610352
08-APR-2024,7.7715302084456,5561,3C279,0.65619933605194,227103,AP-N204-F102,0.052164141088724,0.052164141088724,110.82908630371,271.35000610352
08-APR-2024,7.8022246479978,5565,3C279,0.64890813827515,215103,AP-N201-F101,0.050405949354172,0.050405949354172,113.18872070313,271.35000610352
08-APR-2024,7.8022246479978,5565,3C279,0.64890813827515,215103,AP-N202-F101,0.049759317189455,0.049759317189455,105.04147338867,271.35000610352
08-APR-2024,7.8022246479978,5565,3C279,0.64890813827515,227103,AP-N203-F102,0.052514750510454,0.052514750510454,119.6318359375,271.35000610352
08-APR-2024,7.8022246479978,5565,3C279,0.64890813827515,227103,AP-N204-F102,0.052164141088724,0.052164141088724,110.82908630371,271.35000610352
08-APR-2024,7.9112524280019,5570,J1751+0939,0.90467822551727,215103,AP-N201-F101,0.047267030924559,0.047267030924559,105.52786254883,272.75
08-APR-2024,7.9112524280019,5570,J1751+0939,0.90467822551727,215103,AP-N202-F101,0.047075156122446,0.047075156122446,97.826728820801,272.75
08-APR-2024,7.9112524280019,5570,J1751+0939,0.90467822551727,227103,AP-N203-F102,0.048813104629517,0.048813104629517,111.15785980225,272.75
08-APR-2024,7.9112524280019,5570,J1751+0939,0.90467822551727,227103,AP-N204-F102,0.04905166849494,0.04905166849494,102.83488464355,272.75
08-APR-2024,7.9358357615314,5574,J1751+0939,0.90792602300644,215103,AP-N201-F101,0.047267030924559,0.047267030924559,105.52786254883,272.75
08-APR-2024,7.9358357615314,5574,J1751+0939,0.90792602300644,215103,AP-N202-F101,0.047075156122446,0.047075156122446,97.826728820801,272.75
08-APR-2024,7.9358357615314,5574,J1751+0939,0.90792602300644,227103,AP-N203-F102,0.048813104629517,0.048813104629517,111.15785980225,272.75
08-APR-2024,7.9358357615314,5574,J1751+0939,0.90792602300644,227103,AP-N204-F102,0.04905166849494,0.04905166849494,102.83488464355,272.75
08-APR-2024,8.0040302047924,5579,SGRA,1.2783665657043,215103,AP-N201-F101,0.044682800769806,0.044682800769806,100.7201461792,272.04998779297
08-APR-2024,8.0040302047924,5579,SGRA,1.2783665657043,215103,AP-N202-F101,0.044441729784012,0.044441729784012,93.027763366699,272.04998779297
08-APR-2024,8.0040302047924,5579,SGRA,1.2783665657043,227103,AP-N203-F102,0.045267257839441,0.045267257839441,105.66744232178,272.04998779297
08-APR-2024,8.0040302047924,5579,SGRA,1.2783665657043,227103,AP-N204-F102,0.045691374689341,0.045691374689341,97.561553955078,272.04998779297
08-APR-2024,8.0647246496865,5583,SGRA,1.29163813591,215103,AP-N201-F101,0.044682800769806,0.044682800769806,100.7201461792,272.04998779297
08-APR-2024,8.0647246496865,5583,SGRA,1.29163813591,215103,AP-N202-F101,0.044441729784012,0.044441729784012,93.027763366699,272.04998779297
08-APR-2024,8.0647246496865,5583,SGRA,1.29163813591,227103,AP-N203-F102,0.045267257839441,0.045267257839441,105.66744232178,272.04998779297
08-APR-2024,8.0647246496865,5583,SGRA,1.29163813591,227103,AP-N204-F102,0.045691374689341,0.045691374689341,97.561553955078,272.04998779297
08-APR-2024,8.2204190911239,5588,J1924-2914,0.95345848798752,215103,AP-N201-F101,0.045312885195017,0.045312885195017,103.92449188232,272.85000610352
08-APR-2024,8.2204190911239,5588,J1924-2914,0.95345848798752,215103,AP-N202-F101,0.045120153576136,0.045120153576136,96.303153991699,272.85000610352
08-APR-2024,8.2204190911239,5588,J1924-2914,0.95345848798752,227103,AP-N203-F102,0.046752445399761,0.046752445399761,109.38646697998,272.85000610352
08-APR-2024,8.2204190911239,5588,J1924-2914,0.95345848798752,227103,AP-N204-F102,0.046607080847025,0.046607080847025,101.2010269165,272.85000610352
08-APR-2024,8.2519468690862,5592,J1924-2914,0.96068263053894,215103,AP-N201-F101,0.045312885195017,0.045312885195017,103.92449188232,272.85000610352
08-APR-2024,8.2519468690862,5592,J1924-2914,0.96068263053894,215103,AP-N202-F101,0.045120153576136,0.045120153576136,96.303153991699,272.85000610352
08-APR-2024,8.2519468690862,5592,J1924-2914,0.96068263053894,227103,AP-N203-F102,0.046752445399761,0.046752445399761,109.38646697998,272.85000610352
08-APR-2024,8.2519468690862,5592,J1924-2914,0.96068263053894,227103,AP-N204-F102,0.046607080847025,0.046607080847025,101.2010269165,272.85000610352
08-APR-2024,8.444401144517,5602,J1751+0939,0.96421891450882,215103,AP-N201-F101,0.046232812106609,0.046232812106609,103.86702728271,271.54998779297
08-APR-2024,8.444401144517,5602,J1751+0939,0.96421891450882,215103,AP-N202-F101,0.04582592099905,0.04582592099905,96.334655761719,271.54998779297
08-APR-2024,8.444401144517,5602,J1751+0939,0.96421891450882,227103,AP-N203-F102,0.04744665697217,0.04744665697217,109.33361816406,271.54998779297
08-APR-2024,8.444401144517,5602,J1751+0939,0.96421891450882,227103,AP-N204-F102,0.047832950949669,0.047832950949669,101.13006591797,271.54998779297
08-APR-2024,8.4694011443701,5606,J1751+0939,0.96638989448547,215103,AP-N201-F101,0.046232812106609,0.046232812106609,103.86702728271,271.54998779297
08-APR-2024,8.4694011443701,5606,J1751+0939,0.96638989448547,215103,AP-N202-F101,0.04582592099905,0.04582592099905,96.334655761719,271.54998779297
08-APR-2024,8.4694011443701,5606,J1751+0939,0.96638989448547,227103,AP-N203-F102,0.04744665697217,0.04744665697217,109.33361816406,271.54998779297
08-APR-2024,8.4694011443701,5606,J1751+0939,0.96638989448547,227103,AP-N204-F102,0.047832950949669,0.047832950949669,101.13006591797,271.54998779297
08-APR-2024,8.5369011434673,5611,SGRA,1.3897713422775,215103,AP-N201-F101,0.04062968865037,0.04062968865037,98.946067810059,272.45001220703
08-APR-2024,8.5369011434673,5611,SGRA,1.3897713422775,215103,AP-N202-F101,0.040902573615313,0.040902573615313,91.408187866211,272.45001220703
08-APR-2024,8.5369011434673,5611,SGRA,1.3897713422775,227103,AP-N203-F102,0.041366551071405,0.041366551071405,103.67784118652,272.45001220703
08-APR-2024,8.5369011434673,5611,SGRA,1.3897713422775,227103,AP-N204-F102,0.041722398251295,0.041722398251295,95.713027954102,272.45001220703
08-APR-2024,8.6103733660408,5615,SGRA,1.4035115242004,215103,AP-N201-F101,0.04062968865037,0.04062968865037,98.946067810059,272.45001220703
08-APR-2024,8.6103733660408,5615,SGRA,1.4035115242004,215103,AP-N202-F101,0.040902573615313,0.040902573615313,91.408187866211,272.45001220703
08-APR-2024,8.6103733660408,5615,SGRA,1.4035115242004,227103,AP-N203-F102,0.041366551071405,0.041366551071405,103.67784118652,272.45001220703
08-APR-2024,8.6103733660408,5615,SGRA,1.4035115242004,227103,AP-N204-F102,0.041722398251295,0.041722398251295,95.713027954102,272.45001220703
08-APR-2024,8.7967622513961,5618,SGRA,1.434948682785,215103,AP-N201-F101,0.037267606705427,0.037267606705427,97.711647033691,272.64999389648
08-APR-2024,8.7967622513961,5618,SGRA,1.434948682785,215103,AP-N202-F101,0.038049686700106,0.038049686700106,90.246955871582,272.64999389648
08-APR-2024,8.7967622513961,5618,SGRA,1.434948682785,227103,AP-N203-F102,0.038010660558939,0.038010660558939,102.45797729492,272.64999389648
08-APR-2024,8.7967622513961,5618,SGRA,1.434948682785,227103,AP-N204-F102,0.03859544172883,0.03859544172883,94.46907043457,272.64999389648
08-APR-2024,8.8850955850138,5622,SGRA,1.4469103813171,215103,AP-N201-F101,0.037267606705427,0.037267606705427,97.711647033691,272.64999389648
08-APR-2024,8.8850955850138,5622,SGRA,1.4469103813171,215103,AP-N202-F101,0.038049686700106,0.038049686700106,90.246955871582,272.64999389648
08-APR-2024,8.8850955850138,5622,SGRA,1.4469103813171,227103,AP-N203-F102,0.038010660558939,0.038010660558939,102.45797729492,272.64999389648
08-APR-2024,8.8850955850138,5622,SGRA,1.4469103813171,227103,AP-N204-F102,0.03859544172883,0.03859544172883,94.46907043457,272.64999389648
08-APR-2024,9.1444011395324,5627,J1751+0939,1.0003253221512,215103,AP-N201-F101,0.040091268718243,0.040091268718243,100.99597167969,272.75
08-APR-2024,9.1444011395324,5627,J1751+0939,1.0003253221512,215103,AP-N202-F101,0.03991350159049,0.03991350159049,93.40168762207,272.75
08-APR-2024,9.1444011395324,5627,J1751+0939,1.0003253221512,227103,AP-N203-F102,0.040960554033518,0.040960554033518,106.1290435791,272.75
08-APR-2024,9.1444011395324,5627,J1751+0939,1.0003253221512,227103,AP-N204-F102,0.041146330535412,0.041146330535412,97.963897705078,272.75
08-APR-2024,9.1687066952217,5631,J1751+0939,1.0005966424942,215103,AP-N201-F101,0.040091268718243,0.040091268718243,100.99597167969,272.75
08-APR-2024,9.1687066952217,5631,J1751+0939,1.0005966424942,215103,AP-N202-F101,0.03991350159049,0.03991350159049,93.40168762207,272.75
08-APR-2024,9.1687066952217,5631,J1751+0939,1.0005966424942,227103,AP-N203-F102,0.040960554033518,0.040960554033518,106.1290435791,272.75
08-APR-2024,9.1687066952217,5631,J1751+0939,1.0005966424942,227103,AP-N204-F102,0.041146330535412,0.041146330535412,97.963897705078,272.75
08-APR-2024,9.2605122480872,5636,SGRA,1.4633622169495,215103,AP-N201-F101,0.035689510405064,0.035689510405064,97.06761932373,272.54998779297
08-APR-2024,9.2605122480872,5636,SGRA,1.4633622169495,215103,AP-N202-F101,0.03598615154624,0.03598615154624,89.630302429199,272.54998779297
08-APR-2024,9.2605122480872,5636,SGRA,1.4633622169495,227103,AP-N203-F102,0.036331795156002,0.036331795156002,101.78635406494,272.54998779297
08-APR-2024,9.2605122480872,5636,SGRA,1.4633622169495,227103,AP-N204-F102,0.03643112257123,0.03643112257123,93.69051361084,272.54998779297
08-APR-2024,9.3312066912113,5640,SGRA,1.458355307579,215103,AP-N201-F101,0.035689510405064,0.035689510405064,97.06761932373,272.54998779297
08-APR-2024,9.3312066912113,5640,SGRA,1.458355307579,215103,AP-N202-F101,0.03598615154624,0.03598615154624,89.630302429199,272.54998779297
08-APR-2024,9.3312066912113,5640,SGRA,1.458355307579,227103,AP-N203-F102,0.036331795156002,0.036331795156002,101.78635406494,272.54998779297
08-APR-2024,9.3312066912113,5640,SGRA,1.458355307579,227103,AP-N204-F102,0.03643112257123,0.03643112257123,93.69051361084,272.54998779297
08-APR-2024,9.5380122447635,5645,J1924-2914,1.2523641586304,215103,AP-N201-F101,0.037906587123871,0.037906587123871,98.36368560791,272.45001220703
08-APR-2024,9.5380122447635,5645,J1924-2914,1.2523641586304,215103,AP-N202-F101,0.038064211606979,0.038064211606979,90.875495910645,272.45001220703
08-APR-2024,9.5380122447635,5645,J1924-2914,1.2523641586304,227103,AP-N203-F102,0.0385422706604,0.0385422706604,103.11801147461,272.45001220703
08-APR-2024,9.5380122447635,5645,J1924-2914,1.2523641586304,227103,AP-N204-F102,0.038417555391788,0.038417555391788,94.978302001953,272.45001220703
08-APR-2024,9.5685678029918,5649,J1924-2914,1.2591067552567,215103,AP-N201-F101,0.037906587123871,0.037906587123871,98.36368560791,272.45001220703
08-APR-2024,9.5685678029918,5649,J1924-2914,1.2591067552567,215103,AP-N202-F101,0.038064211606979,0.038064211606979,90.875495910645,272.45001220703
08-APR-2024,9.5685678029918,5649,J1924-2914,1.2591067552567,227103,AP-N203-F102,0.0385422706604,0.0385422706604,103.11801147461,272.45001220703
08-APR-2024,9.5685678029918,5649,J1924-2914,1.2591067552567,227103,AP-N204-F102,0.038417555391788,0.038417555391788,94.978302001953,272.45001220703
08-APR-2024,9.7615581332561,5657,J1751+0939,0.98627996444702,215103,AP-N201-F101,0.039324436336756,0.039324436336756,100.73212432861,272.45001220703
08-APR-2024,9.7615581332561,5657,J1751+0939,0.98627996444702,215103,AP-N202-F101,0.039224229753017,0.039224229753017,93.261932373047,272.45001220703
08-APR-2024,9.7615581332561,5657,J1751+0939,0.98627996444702,227103,AP-N203-F102,0.040253337472677,0.040253337472677,106.05043792725,272.45001220703
08-APR-2024,9.7615581332561,5657,J1751+0939,0.98627996444702,227103,AP-N204-F102,0.040609586983919,0.040609586983919,97.802001953125,272.45001220703
08-APR-2024,9.7853081301218,5661,J1751+0939,0.98488491773605,215103,AP-N201-F101,0.039324436336756,0.039324436336756,100.73212432861,272.45001220703
08-APR-2024,9.7853081301218,5661,J1751+0939,0.98488491773605,215103,AP-N202-F101,0.039224229753017,0.039224229753017,93.261932373047,272.45001220703
08-APR-2024,9.7853081301218,5661,J1751+0939,0.98488491773605,227103,AP-N203-F102,0.040253337472677,0.040253337472677,106.05043792725,272.45001220703
08-APR-2024,9.7853081301218,5661,J1751+0939,0.98488491773605,227103,AP-N204-F102,0.040609586983919,0.040609586983919,97.802001953125,272.45001220703
08-APR-2024,9.8537803529692,5666,SGRA,1.3770620822906,215103,AP-N201-F101,0.035886470228434,0.035886470228434,97.227333068848,272.54998779297
08-APR-2024,9.8537803529692,5666,SGRA,1.3770620822906,215103,AP-N202-F101,0.036055367439985,0.036055367439985,89.724517822266,272.54998779297
08-APR-2024,9.8537803529692,5666,SGRA,1.3770620822906,227103,AP-N203-F102,0.036339547485113,0.036339547485113,101.86823272705,272.54998779297
08-APR-2024,9.8537803529692,5666,SGRA,1.3770620822906,227103,AP-N204-F102,0.036750089377165,0.036750089377165,93.827033996582,272.54998779297
08-APR-2024,9.9355859103988,5670,SGRA,1.3605638742447,215103,AP-N201-F101,0.035886470228434,0.035886470228434,97.227333068848,272.54998779297
08-APR-2024,9.9355859103988,5670,SGRA,1.3605638742447,215103,AP-N202-F101,0.036055367439985,0.036055367439985,89.724517822266,272.54998779297
08-APR-2024,9.9355859103988,5670,SGRA,1.3605638742447,227103,AP-N203-F102,0.036339547485113,0.036339547485113,101.86823272705,272.54998779297
08-APR-2024,9.9355859103988,5670,SGRA,1.3605638742447,227103,AP-N204-F102,0.036750089377165,0.036750089377165,93.827033996582,272.54998779297
