03-APR-2024,22.828210847284,2976,IRC+10216,0.64168548583984,253506,AP-N201-F101,0.1258897036314,0.1258897036314,176.67407226562,272.85000610352
03-APR-2024,22.828210847284,2976,IRC+10216,0.64168548583984,253506,AP-N202-F101,0.13117708265781,0.13117708265781,165.98056030273,272.85000610352
03-APR-2024,22.828210847284,2976,IRC+10216,0.64168548583984,265506,AP-N203-F102,0.15020045638084,0.15020045638084,183.85696411133,272.85000610352
03-APR-2024,22.828210847284,2976,IRC+10216,0.64168548583984,265506,AP-N204-F102,0.1542394310236,0.1542394310236,175.2666015625,272.85000610352
03-APR-2024,22.850016398919,2978,IRC+10216,0.64578586816788,253506,AP-N201-F101,0.1258897036314,0.1258897036314,176.67407226562,272.85000610352
03-APR-2024,22.850016398919,2978,IRC+10216,0.64578586816788,253506,AP-N202-F101,0.13117708265781,0.13117708265781,165.98056030273,272.85000610352
03-APR-2024,22.850016398919,2978,IRC+10216,0.64578586816788,265506,AP-N203-F102,0.15020045638084,0.15020045638084,183.85696411133,272.85000610352
03-APR-2024,22.850016398919,2978,IRC+10216,0.64578586816788,265506,AP-N204-F102,0.1542394310236,0.1542394310236,175.2666015625,272.85000610352
03-APR-2024,22.859183067121,2978,IRC+10216,0.64750498533249,253506,AP-N201-F101,0.1258897036314,0.1258897036314,176.67407226562,272.85000610352
03-APR-2024,22.859183067121,2978,IRC+10216,0.64750498533249,253506,AP-N202-F101,0.13117708265781,0.13117708265781,165.98056030273,272.85000610352
03-APR-2024,22.859183067121,2978,IRC+10216,0.64750498533249,265506,AP-N203-F102,0.15020045638084,0.15020045638084,183.85696411133,272.85000610352
03-APR-2024,22.859183067121,2978,IRC+10216,0.64750498533249,265506,AP-N204-F102,0.1542394310236,0.1542394310236,175.2666015625,272.85000610352
03-APR-2024,22.868349733752,2978,IRC+10216,0.6492213010788,253506,AP-N201-F101,0.1258897036314,0.1258897036314,176.67407226562,272.85000610352
03-APR-2024,22.868349733752,2978,IRC+10216,0.6492213010788,253506,AP-N202-F101,0.13117708265781,0.13117708265781,165.98056030273,272.85000610352
03-APR-2024,22.868349733752,2978,IRC+10216,0.6492213010788,265506,AP-N203-F102,0.15020045638084,0.15020045638084,183.85696411133,272.85000610352
03-APR-2024,22.868349733752,2978,IRC+10216,0.6492213010788,265506,AP-N204-F102,0.1542394310236,0.1542394310236,175.2666015625,272.85000610352
03-APR-2024,22.877516401779,2978,IRC+10216,0.6509348154068,253506,AP-N201-F101,0.1258897036314,0.1258897036314,176.67407226562,272.85000610352
03-APR-2024,22.877516401779,2978,IRC+10216,0.6509348154068,253506,AP-N202-F101,0.13117708265781,0.13117708265781,165.98056030273,272.85000610352
03-APR-2024,22.877516401779,2978,IRC+10216,0.6509348154068,265506,AP-N203-F102,0.15020045638084,0.15020045638084,183.85696411133,272.85000610352
03-APR-2024,22.877516401779,2978,IRC+10216,0.6509348154068,265506,AP-N204-F102,0.1542394310236,0.1542394310236,175.2666015625,272.85000610352
03-APR-2024,22.886683067885,2978,IRC+10216,0.65264546871185,253506,AP-N201-F101,0.1258897036314,0.1258897036314,176.67407226562,272.85000610352
03-APR-2024,22.886683067885,2978,IRC+10216,0.65264546871185,253506,AP-N202-F101,0.13117708265781,0.13117708265781,165.98056030273,272.85000610352
03-APR-2024,22.886683067885,2978,IRC+10216,0.65264546871185,265506,AP-N203-F102,0.15020045638084,0.15020045638084,183.85696411133,272.85000610352
03-APR-2024,22.886683067885,2978,IRC+10216,0.65264546871185,265506,AP-N204-F102,0.1542394310236,0.1542394310236,175.2666015625,272.85000610352
03-APR-2024,23.065433067089,2983,3C273,0.20138916373253,253506,AP-N201-F101,0.11657422780991,0.11657422780991,374.6735534668,272.75
03-APR-2024,23.065433067089,2983,3C273,0.20138916373253,253506,AP-N202-F101,0.11826998740435,0.11826998740435,358.18731689453,272.75
03-APR-2024,23.065433067089,2983,3C273,0.20138916373253,265506,AP-N203-F102,0.13800664246082,0.13800664246082,413.04742431641,272.75
03-APR-2024,23.065433067089,2983,3C273,0.20138916373253,265506,AP-N204-F102,0.13992182910442,0.13992182910442,401.94583129883,272.75
03-APR-2024,23.095571957072,2987,3C273,0.20861424505711,253506,AP-N201-F101,0.11657422780991,0.11657422780991,374.6735534668,272.75
03-APR-2024,23.095571957072,2987,3C273,0.20861424505711,253506,AP-N202-F101,0.11826998740435,0.11826998740435,358.18731689453,272.75
03-APR-2024,23.095571957072,2987,3C273,0.20861424505711,265506,AP-N203-F102,0.13800664246082,0.13800664246082,413.04742431641,272.75
03-APR-2024,23.095571957072,2987,3C273,0.20861424505711,265506,AP-N204-F102,0.13992182910442,0.13992182910442,401.94583129883,272.75
03-APR-2024,23.104738623528,2987,3C273,0.21081118285656,253506,AP-N201-F101,0.11657422780991,0.11657422780991,374.6735534668,272.75
03-APR-2024,23.104738623528,2987,3C273,0.21081118285656,253506,AP-N202-F101,0.11826998740435,0.11826998740435,358.18731689453,272.75
03-APR-2024,23.104738623528,2987,3C273,0.21081118285656,265506,AP-N203-F102,0.13800664246082,0.13800664246082,413.04742431641,272.75
03-APR-2024,23.104738623528,2987,3C273,0.21081118285656,265506,AP-N204-F102,0.13992182910442,0.13992182910442,401.94583129883,272.75
03-APR-2024,23.113905291555,2987,3C273,0.21300788223743,253506,AP-N201-F101,0.11657422780991,0.11657422780991,374.6735534668,272.75
03-APR-2024,23.113905291555,2987,3C273,0.21300788223743,253506,AP-N202-F101,0.11826998740435,0.11826998740435,358.18731689453,272.75
03-APR-2024,23.113905291555,2987,3C273,0.21300788223743,265506,AP-N203-F102,0.13800664246082,0.13800664246082,413.04742431641,272.75
03-APR-2024,23.113905291555,2987,3C273,0.21300788223743,265506,AP-N204-F102,0.13992182910442,0.13992182910442,401.94583129883,272.75
03-APR-2024,23.171266399748,2992,M87,0.14366713166237,253506,AP-N201-F101,0.11551100760698,0.11551100760698,533.14892578125,272.64999389648
03-APR-2024,23.171266399748,2992,M87,0.14366713166237,253506,AP-N202-F101,0.11685311049223,0.11685311049223,513.53637695313,272.64999389648
03-APR-2024,23.171266399748,2992,M87,0.14366713166237,265506,AP-N203-F102,0.13624912500381,0.13624912500381,601.19708251953,272.64999389648
03-APR-2024,23.171266399748,2992,M87,0.14366713166237,265506,AP-N204-F102,0.13787592947483,0.13787592947483,588.89196777344,272.64999389648
03-APR-2024,23.194183068157,2996,M87,0.1489569991827,253506,AP-N201-F101,0.11551100760698,0.11551100760698,533.14892578125,272.64999389648
03-APR-2024,23.194183068157,2996,M87,0.1489569991827,253506,AP-N202-F101,0.11685311049223,0.11685311049223,513.53637695313,272.64999389648
03-APR-2024,23.194183068157,2996,M87,0.1489569991827,265506,AP-N203-F102,0.13624912500381,0.13624912500381,601.19708251953,272.64999389648
03-APR-2024,23.194183068157,2996,M87,0.1489569991827,265506,AP-N204-F102,0.13787592947483,0.13787592947483,588.89196777344,272.64999389648
03-APR-2024,23.20334973374,2996,M87,0.15107177197933,253506,AP-N201-F101,0.11551100760698,0.11551100760698,533.14892578125,272.64999389648
03-APR-2024,23.20334973374,2996,M87,0.15107177197933,253506,AP-N202-F101,0.11685311049223,0.11685311049223,513.53637695313,272.64999389648
03-APR-2024,23.20334973374,2996,M87,0.15107177197933,265506,AP-N203-F102,0.13624912500381,0.13624912500381,601.19708251953,272.64999389648
03-APR-2024,23.20334973374,2996,M87,0.15107177197933,265506,AP-N204-F102,0.13787592947483,0.13787592947483,588.89196777344,272.64999389648
03-APR-2024,23.212516399672,2996,M87,0.15318585932255,253506,AP-N201-F101,0.11551100760698,0.11551100760698,533.14892578125,272.64999389648
03-APR-2024,23.212516399672,2996,M87,0.15318585932255,253506,AP-N202-F101,0.11685311049223,0.11685311049223,513.53637695313,272.64999389648
03-APR-2024,23.212516399672,2996,M87,0.15318585932255,265506,AP-N203-F102,0.13624912500381,0.13624912500381,601.19708251953,272.64999389648
03-APR-2024,23.212516399672,2996,M87,0.15318585932255,265506,AP-N204-F102,0.13787592947483,0.13787592947483,588.89196777344,272.64999389648
03-APR-2024,23.22196084292,2996,M87,0.15536324679852,253506,AP-N201-F101,0.11551100760698,0.11551100760698,533.14892578125,272.64999389648
03-APR-2024,23.22196084292,2996,M87,0.15536324679852,253506,AP-N202-F101,0.11685311049223,0.11685311049223,513.53637695313,272.64999389648
03-APR-2024,23.22196084292,2996,M87,0.15536324679852,265506,AP-N203-F102,0.13624912500381,0.13624912500381,601.19708251953,272.64999389648
03-APR-2024,23.22196084292,2996,M87,0.15536324679852,265506,AP-N204-F102,0.13787592947483,0.13787592947483,588.89196777344,272.64999389648
03-APR-2024,23.280433065092,2999,M87,0.16882736980915,253506,AP-N201-F101,0.11617029458284,0.11617029458284,447.00039672852,272.64999389648
03-APR-2024,23.280433065092,2999,M87,0.16882736980915,253506,AP-N202-F101,0.11757208406925,0.11757208406925,428.9133605957,272.64999389648
03-APR-2024,23.280433065092,2999,M87,0.16882736980915,265506,AP-N203-F102,0.1372481584549,0.1372481584549,498.42068481445,272.64999389648
03-APR-2024,23.280433065092,2999,M87,0.16882736980915,265506,AP-N204-F102,0.13889852166176,0.13889852166176,486.7336730957,272.64999389648
03-APR-2024,23.311127508137,3003,M87,0.17588393390179,253506,AP-N201-F101,0.11617029458284,0.11617029458284,447.00039672852,272.64999389648
03-APR-2024,23.311127508137,3003,M87,0.17588393390179,253506,AP-N202-F101,0.11757208406925,0.11757208406925,428.9133605957,272.64999389648
03-APR-2024,23.311127508137,3003,M87,0.17588393390179,265506,AP-N203-F102,0.1372481584549,0.1372481584549,498.42068481445,272.64999389648
03-APR-2024,23.311127508137,3003,M87,0.17588393390179,265506,AP-N204-F102,0.13889852166176,0.13889852166176,486.7336730957,272.64999389648
03-APR-2024,23.320294174418,3003,M87,0.1779896914959,253506,AP-N201-F101,0.11617029458284,0.11617029458284,447.00039672852,272.64999389648
03-APR-2024,23.320294174418,3003,M87,0.1779896914959,253506,AP-N202-F101,0.11757208406925,0.11757208406925,428.9133605957,272.64999389648
03-APR-2024,23.320294174418,3003,M87,0.1779896914959,265506,AP-N203-F102,0.1372481584549,0.1372481584549,498.42068481445,272.64999389648
03-APR-2024,23.320294174418,3003,M87,0.1779896914959,265506,AP-N204-F102,0.13889852166176,0.13889852166176,486.7336730957,272.64999389648
03-APR-2024,23.329460840175,3003,M87,0.18009470403194,253506,AP-N201-F101,0.11617029458284,0.11617029458284,447.00039672852,272.64999389648
03-APR-2024,23.329460840175,3003,M87,0.18009470403194,253506,AP-N202-F101,0.11757208406925,0.11757208406925,428.9133605957,272.64999389648
03-APR-2024,23.329460840175,3003,M87,0.18009470403194,265506,AP-N203-F102,0.1372481584549,0.1372481584549,498.42068481445,272.64999389648
03-APR-2024,23.329460840175,3003,M87,0.18009470403194,265506,AP-N204-F102,0.13889852166176,0.13889852166176,486.7336730957,272.64999389648
03-APR-2024,23.338627506107,3003,M87,0.18219895660877,253506,AP-N201-F101,0.11617029458284,0.11617029458284,447.00039672852,272.64999389648
03-APR-2024,23.338627506107,3003,M87,0.18219895660877,253506,AP-N202-F101,0.11757208406925,0.11757208406925,428.9133605957,272.64999389648
03-APR-2024,23.338627506107,3003,M87,0.18219895660877,265506,AP-N203-F102,0.1372481584549,0.1372481584549,498.42068481445,272.64999389648
03-APR-2024,23.338627506107,3003,M87,0.18219895660877,265506,AP-N204-F102,0.13889852166176,0.13889852166176,486.7336730957,272.64999389648
03-APR-2024,23.404321952998,3008,3C279,0.22826001048088,253506,AP-N201-F101,0.11748050898314,0.11748050898314,334.7073059082,271.45001220703
03-APR-2024,23.404321952998,3008,3C279,0.22826001048088,253506,AP-N202-F101,0.11934412270784,0.11934412270784,319.10629272461,271.45001220703
03-APR-2024,23.404321952998,3008,3C279,0.22826001048088,265506,AP-N203-F102,0.13911971449852,0.13911971449852,365.70541381836,271.45001220703
03-APR-2024,23.404321952998,3008,3C279,0.22826001048088,265506,AP-N204-F102,0.14094926416874,0.14094926416874,354.43103027344,271.45001220703
03-APR-2024,23.428349728402,3012,3C279,0.23406520485878,253506,AP-N201-F101,0.11748050898314,0.11748050898314,334.7073059082,271.45001220703
03-APR-2024,23.428349728402,3012,3C279,0.23406520485878,253506,AP-N202-F101,0.11934412270784,0.11934412270784,319.10629272461,271.45001220703
03-APR-2024,23.428349728402,3012,3C279,0.23406520485878,265506,AP-N203-F102,0.13911971449852,0.13911971449852,365.70541381836,271.45001220703
03-APR-2024,23.428349728402,3012,3C279,0.23406520485878,265506,AP-N204-F102,0.14094926416874,0.14094926416874,354.43103027344,271.45001220703
03-APR-2024,23.437516396604,3012,3C279,0.23627997934818,253506,AP-N201-F101,0.11748050898314,0.11748050898314,334.7073059082,271.45001220703
03-APR-2024,23.437516396604,3012,3C279,0.23627997934818,253506,AP-N202-F101,0.11934412270784,0.11934412270784,319.10629272461,271.45001220703
03-APR-2024,23.437516396604,3012,3C279,0.23627997934818,265506,AP-N203-F102,0.13911971449852,0.13911971449852,365.70541381836,271.45001220703
03-APR-2024,23.437516396604,3012,3C279,0.23627997934818,265506,AP-N204-F102,0.14094926416874,0.14094926416874,354.43103027344,271.45001220703
03-APR-2024,23.44668306271,3012,3C279,0.23849478363991,253506,AP-N201-F101,0.11748050898314,0.11748050898314,334.7073059082,271.45001220703
03-APR-2024,23.44668306271,3012,3C279,0.23849478363991,253506,AP-N202-F101,0.11934412270784,0.11934412270784,319.10629272461,271.45001220703
03-APR-2024,23.44668306271,3012,3C279,0.23849478363991,265506,AP-N203-F102,0.13911971449852,0.13911971449852,365.70541381836,271.45001220703
03-APR-2024,23.44668306271,3012,3C279,0.23849478363991,265506,AP-N204-F102,0.14094926416874,0.14094926416874,354.43103027344,271.45001220703
03-APR-2024,23.72126639285,3017,M87,0.26932901144028,253506,AP-N201-F101,0.11879875510931,0.11879875510931,293.02575683594,272.35000610352
03-APR-2024,23.72126639285,3017,M87,0.26932901144028,253506,AP-N202-F101,0.12131226807833,0.12131226807833,279.38497924805,272.35000610352
03-APR-2024,23.72126639285,3017,M87,0.26932901144028,265506,AP-N203-F102,0.14084228873253,0.14084228873253,317.11810302734,272.35000610352
03-APR-2024,23.72126639285,3017,M87,0.26932901144028,265506,AP-N204-F102,0.1429972499609,0.1429972499609,306.69186401367,272.35000610352
03-APR-2024,23.744460840497,3021,M87,0.27456244826317,253506,AP-N201-F101,0.11879875510931,0.11879875510931,293.02575683594,272.35000610352
03-APR-2024,23.744460840497,3021,M87,0.27456244826317,253506,AP-N202-F101,0.12131226807833,0.12131226807833,279.38497924805,272.35000610352
03-APR-2024,23.744460840497,3021,M87,0.27456244826317,265506,AP-N203-F102,0.14084228873253,0.14084228873253,317.11810302734,272.35000610352
03-APR-2024,23.744460840497,3021,M87,0.27456244826317,265506,AP-N204-F102,0.1429972499609,0.1429972499609,306.69186401367,272.35000610352
03-APR-2024,23.753627506429,3021,M87,0.27662914991379,253506,AP-N201-F101,0.11879875510931,0.11879875510931,293.02575683594,272.35000610352
03-APR-2024,23.753627506429,3021,M87,0.27662914991379,253506,AP-N202-F101,0.12131226807833,0.12131226807833,279.38497924805,272.35000610352
03-APR-2024,23.753627506429,3021,M87,0.27662914991379,265506,AP-N203-F102,0.14084228873253,0.14084228873253,317.11810302734,272.35000610352
03-APR-2024,23.753627506429,3021,M87,0.27662914991379,265506,AP-N204-F102,0.1429972499609,0.1429972499609,306.69186401367,272.35000610352
03-APR-2024,23.762794174456,3021,M87,0.27869495749474,253506,AP-N201-F101,0.11879875510931,0.11879875510931,293.02575683594,272.35000610352
03-APR-2024,23.762794174456,3021,M87,0.27869495749474,253506,AP-N202-F101,0.12131226807833,0.12131226807833,279.38497924805,272.35000610352
03-APR-2024,23.762794174456,3021,M87,0.27869495749474,265506,AP-N203-F102,0.14084228873253,0.14084228873253,317.11810302734,272.35000610352
03-APR-2024,23.762794174456,3021,M87,0.27869495749474,265506,AP-N204-F102,0.1429972499609,0.1429972499609,306.69186401367,272.35000610352
03-APR-2024,23.771960840213,3021,M87,0.28075975179672,253506,AP-N201-F101,0.11879875510931,0.11879875510931,293.02575683594,272.35000610352
03-APR-2024,23.771960840213,3021,M87,0.28075975179672,253506,AP-N202-F101,0.12131226807833,0.12131226807833,279.38497924805,272.35000610352
03-APR-2024,23.771960840213,3021,M87,0.28075975179672,265506,AP-N203-F102,0.14084228873253,0.14084228873253,317.11810302734,272.35000610352
03-APR-2024,23.771960840213,3021,M87,0.28075975179672,265506,AP-N204-F102,0.1429972499609,0.1429972499609,306.69186401367,272.35000610352
03-APR-2024,23.837655283262,3026,3C279,0.33295878767967,253506,AP-N201-F101,0.11964733153582,0.11964733153582,249.67924499512,271.04998779297
03-APR-2024,23.837655283262,3026,3C279,0.33295878767967,253506,AP-N202-F101,0.12236773222685,0.12236773222685,236.48042297363,271.04998779297
03-APR-2024,23.837655283262,3026,3C279,0.33295878767967,265506,AP-N203-F102,0.14201690256596,0.14201690256596,266.84942626953,271.04998779297
03-APR-2024,23.837655283262,3026,3C279,0.33295878767967,265506,AP-N204-F102,0.14435131847858,0.14435131847858,256.87036132812,271.04998779297
03-APR-2024,23.861683059889,3030,3C279,0.33876222372055,253506,AP-N201-F101,0.11964733153582,0.11964733153582,249.67924499512,271.04998779297
03-APR-2024,23.861683059889,3030,3C279,0.33876222372055,253506,AP-N202-F101,0.12236773222685,0.12236773222685,236.48042297363,271.04998779297
03-APR-2024,23.861683059889,3030,3C279,0.33876222372055,265506,AP-N203-F102,0.14201690256596,0.14201690256596,266.84942626953,271.04998779297
03-APR-2024,23.861683059889,3030,3C279,0.33876222372055,265506,AP-N204-F102,0.14435131847858,0.14435131847858,256.87036132812,271.04998779297
03-APR-2024,23.870849725995,3030,3C279,0.34097614884377,253506,AP-N201-F101,0.11964733153582,0.11964733153582,249.67924499512,271.04998779297
03-APR-2024,23.870849725995,3030,3C279,0.34097614884377,253506,AP-N202-F101,0.12236773222685,0.12236773222685,236.48042297363,271.04998779297
03-APR-2024,23.870849725995,3030,3C279,0.34097614884377,265506,AP-N203-F102,0.14201690256596,0.14201690256596,266.84942626953,271.04998779297
03-APR-2024,23.870849725995,3030,3C279,0.34097614884377,265506,AP-N204-F102,0.14435131847858,0.14435131847858,256.87036132812,271.04998779297
03-APR-2024,23.880016392101,3030,3C279,0.34318995475769,253506,AP-N201-F101,0.11964733153582,0.11964733153582,249.67924499512,271.04998779297
03-APR-2024,23.880016392101,3030,3C279,0.34318995475769,253506,AP-N202-F101,0.12236773222685,0.12236773222685,236.48042297363,271.04998779297
03-APR-2024,23.880016392101,3030,3C279,0.34318995475769,265506,AP-N203-F102,0.14201690256596,0.14201690256596,266.84942626953,271.04998779297
03-APR-2024,23.880016392101,3030,3C279,0.34318995475769,265506,AP-N204-F102,0.14435131847858,0.14435131847858,256.87036132812,271.04998779297
03-APR-2024,23.960710836948,3035,OJ287,0.80232864618301,253506,AP-N201-F101,0.12399587035179,0.12399587035179,159.21199035645,271.14999389648
03-APR-2024,23.960710836948,3035,OJ287,0.80232864618301,253506,AP-N202-F101,0.12931962311268,0.12931962311268,148.21617126465,271.14999389648
03-APR-2024,23.960710836948,3035,OJ287,0.80232864618301,265506,AP-N203-F102,0.14808204770088,0.14808204770088,164.09367370605,271.14999389648
03-APR-2024,23.960710836948,3035,OJ287,0.80232864618301,265506,AP-N204-F102,0.15240323543549,0.15240323543549,155.35554504395,271.14999389648
03-APR-2024,23.977794168967,3039,OJ287,0.80324709415436,253506,AP-N201-F101,0.12399587035179,0.12399587035179,159.21199035645,271.14999389648
03-APR-2024,23.977794168967,3039,OJ287,0.80324709415436,253506,AP-N202-F101,0.12931962311268,0.12931962311268,148.21617126465,271.14999389648
03-APR-2024,23.977794168967,3039,OJ287,0.80324709415436,265506,AP-N203-F102,0.14808204770088,0.14808204770088,164.09367370605,271.14999389648
03-APR-2024,23.977794168967,3039,OJ287,0.80324709415436,265506,AP-N204-F102,0.15240323543549,0.15240323543549,155.35554504395,271.14999389648
03-APR-2024,23.986960834899,3039,OJ287,0.80373024940491,253506,AP-N201-F101,0.12399587035179,0.12399587035179,159.21199035645,271.14999389648
03-APR-2024,23.986960834899,3039,OJ287,0.80373024940491,253506,AP-N202-F101,0.12931962311268,0.12931962311268,148.21617126465,271.14999389648
03-APR-2024,23.986960834899,3039,OJ287,0.80373024940491,265506,AP-N203-F102,0.14808204770088,0.14808204770088,164.09367370605,271.14999389648
03-APR-2024,23.986960834899,3039,OJ287,0.80373024940491,265506,AP-N204-F102,0.15240323543549,0.15240323543549,155.35554504395,271.14999389648
03-APR-2024,23.996405278322,3039,OJ287,0.80422085523605,253506,AP-N201-F101,0.12399587035179,0.12399587035179,159.21199035645,271.14999389648
03-APR-2024,23.996405278322,3039,OJ287,0.80422085523605,253506,AP-N202-F101,0.12931962311268,0.12931962311268,148.21617126465,271.14999389648
03-APR-2024,23.996405278322,3039,OJ287,0.80422085523605,265506,AP-N203-F102,0.14808204770088,0.14808204770088,164.09367370605,271.14999389648
03-APR-2024,23.996405278322,3039,OJ287,0.80422085523605,265506,AP-N204-F102,0.15240323543549,0.15240323543549,155.35554504395,271.14999389648
04-APR-2024,0.16098158124025,3044,IRC+10216,0.85408300161362,253506,AP-N201-F101,0.11439737677574,0.11439737677574,150.56924438477,270.45001220703
04-APR-2024,0.16098158124025,3044,IRC+10216,0.85408300161362,253506,AP-N202-F101,0.12098720669746,0.12098720669746,139.99546813965,270.45001220703
04-APR-2024,0.16098158124025,3044,IRC+10216,0.85408300161362,265506,AP-N203-F102,0.13739271461964,0.13739271461964,154.36158752441,270.45001220703
04-APR-2024,0.16098158124025,3044,IRC+10216,0.85408300161362,265506,AP-N204-F102,0.14308199286461,0.14308199286461,145.8549041748,270.45001220703
04-APR-2024,0.17889824817712,3048,OJ287,0.81224709749222,253506,AP-N201-F101,0.11439737677574,0.11439737677574,150.56924438477,270.45001220703
04-APR-2024,0.17889824817712,3048,OJ287,0.81224709749222,253506,AP-N202-F101,0.12098720669746,0.12098720669746,139.99546813965,270.45001220703
04-APR-2024,0.17889824817712,3048,OJ287,0.81224709749222,265506,AP-N203-F102,0.13739271461964,0.13739271461964,154.36158752441,270.45001220703
04-APR-2024,0.17889824817712,3048,OJ287,0.81224709749222,265506,AP-N204-F102,0.14308199286461,0.14308199286461,145.8549041748,270.45001220703
04-APR-2024,0.18806491637902,3048,OJ287,0.81257647275925,253506,AP-N201-F101,0.11439737677574,0.11439737677574,150.56924438477,270.45001220703
04-APR-2024,0.18806491637902,3048,OJ287,0.81257647275925,253506,AP-N202-F101,0.12098720669746,0.12098720669746,139.99546813965,270.45001220703
04-APR-2024,0.18806491637902,3048,OJ287,0.81257647275925,265506,AP-N203-F102,0.13739271461964,0.13739271461964,154.36158752441,270.45001220703
04-APR-2024,0.18806491637902,3048,OJ287,0.81257647275925,265506,AP-N204-F102,0.14308199286461,0.14308199286461,145.8549041748,270.45001220703
04-APR-2024,0.1975093617226,3048,OJ287,0.812908411026,253506,AP-N201-F101,0.11439737677574,0.11439737677574,150.56924438477,270.45001220703
04-APR-2024,0.1975093617226,3048,OJ287,0.812908411026,253506,AP-N202-F101,0.12098720669746,0.12098720669746,139.99546813965,270.45001220703
04-APR-2024,0.1975093617226,3048,OJ287,0.812908411026,265506,AP-N203-F102,0.13739271461964,0.13739271461964,154.36158752441,270.45001220703
04-APR-2024,0.1975093617226,3048,OJ287,0.812908411026,265506,AP-N204-F102,0.14308199286461,0.14308199286461,145.8549041748,270.45001220703
04-APR-2024,0.27820380237816,3053,3C273,0.48867040872574,253506,AP-N201-F101,0.11739849299192,0.11739849299192,193.45988464355,270.45001220703
04-APR-2024,0.27820380237816,3053,3C273,0.48867040872574,253506,AP-N202-F101,0.12138449400663,0.12138449400663,181.89826965332,270.45001220703
04-APR-2024,0.27820380237816,3053,3C273,0.48867040872574,265506,AP-N203-F102,0.14005459845066,0.14005459845066,202.71862792969,270.45001220703
04-APR-2024,0.27820380237816,3053,3C273,0.48867040872574,265506,AP-N204-F102,0.14333410561085,0.14333410561085,193.5152130127,270.45001220703
04-APR-2024,0.29500935952594,3057,3C273,0.49258279800415,253506,AP-N201-F101,0.11739849299192,0.11739849299192,193.45988464355,270.45001220703
04-APR-2024,0.29500935952594,3057,3C273,0.49258279800415,253506,AP-N202-F101,0.12138449400663,0.12138449400663,181.89826965332,270.45001220703
04-APR-2024,0.29500935952594,3057,3C273,0.49258279800415,265506,AP-N203-F102,0.14005459845066,0.14005459845066,202.71862792969,270.45001220703
04-APR-2024,0.29500935952594,3057,3C273,0.49258279800415,265506,AP-N204-F102,0.14333410561085,0.14333410561085,193.5152130127,270.45001220703
04-APR-2024,0.30445380486951,3057,3C273,0.49478036165237,253506,AP-N201-F101,0.11739849299192,0.11739849299192,193.45988464355,270.45001220703
04-APR-2024,0.30445380486951,3057,3C273,0.49478036165237,253506,AP-N202-F101,0.12138449400663,0.12138449400663,181.89826965332,270.45001220703
04-APR-2024,0.30445380486951,3057,3C273,0.49478036165237,265506,AP-N203-F102,0.14005459845066,0.14005459845066,202.71862792969,270.45001220703
04-APR-2024,0.30445380486951,3057,3C273,0.49478036165237,265506,AP-N204-F102,0.14333410561085,0.14333410561085,193.5152130127,270.45001220703
04-APR-2024,0.31389824829224,3057,3C273,0.49697709083557,253506,AP-N201-F101,0.11739849299192,0.11739849299192,193.45988464355,270.45001220703
04-APR-2024,0.31389824829224,3057,3C273,0.49697709083557,253506,AP-N202-F101,0.12138449400663,0.12138449400663,181.89826965332,270.45001220703
04-APR-2024,0.31389824829224,3057,3C273,0.49697709083557,265506,AP-N203-F102,0.14005459845066,0.14005459845066,202.71862792969,270.45001220703
04-APR-2024,0.31389824829224,3057,3C273,0.49697709083557,265506,AP-N204-F102,0.14333410561085,0.14333410561085,193.5152130127,270.45001220703
04-APR-2024,0.37181491321302,3062,M87,0.41358715295792,253506,AP-N201-F101,0.11620252579451,0.11620252579451,211.27555847168,270.54998779297
04-APR-2024,0.37181491321302,3062,M87,0.41358715295792,253506,AP-N202-F101,0.11966843903065,0.11966843903065,199.24082946777,270.54998779297
04-APR-2024,0.37181491321302,3062,M87,0.41358715295792,265506,AP-N203-F102,0.13858446478844,0.13858446478844,223.20606994629,270.54998779297
04-APR-2024,0.37181491321302,3062,M87,0.41358715295792,265506,AP-N204-F102,0.14130130410194,0.14130130410194,213.42944335937,270.54998779297
04-APR-2024,0.39500935579537,3066,M87,0.41862055659294,253506,AP-N201-F101,0.11620252579451,0.11620252579451,211.27555847168,270.54998779297
04-APR-2024,0.39500935579537,3066,M87,0.41862055659294,253506,AP-N202-F101,0.11966843903065,0.11966843903065,199.24082946777,270.54998779297
04-APR-2024,0.39500935579537,3066,M87,0.41862055659294,265506,AP-N203-F102,0.13858446478844,0.13858446478844,223.20606994629,270.54998779297
04-APR-2024,0.39500935579537,3066,M87,0.41862055659294,265506,AP-N204-F102,0.14130130410194,0.14130130410194,213.42944335937,270.54998779297
04-APR-2024,0.40431491038532,3066,M87,0.42063763737679,253506,AP-N201-F101,0.11620252579451,0.11620252579451,211.27555847168,270.54998779297
04-APR-2024,0.40431491038532,3066,M87,0.42063763737679,253506,AP-N202-F101,0.11966843903065,0.11966843903065,199.24082946777,270.54998779297
04-APR-2024,0.40431491038532,3066,M87,0.42063763737679,265506,AP-N203-F102,0.13858446478844,0.13858446478844,223.20606994629,270.54998779297
04-APR-2024,0.40431491038532,3066,M87,0.42063763737679,265506,AP-N204-F102,0.14130130410194,0.14130130410194,213.42944335937,270.54998779297
04-APR-2024,0.41362046514989,3066,M87,0.42265325784683,253506,AP-N201-F101,0.11620252579451,0.11620252579451,211.27555847168,270.54998779297
04-APR-2024,0.41362046514989,3066,M87,0.42265325784683,253506,AP-N202-F101,0.11966843903065,0.11966843903065,199.24082946777,270.54998779297
04-APR-2024,0.41362046514989,3066,M87,0.42265325784683,265506,AP-N203-F102,0.13858446478844,0.13858446478844,223.20606994629,270.54998779297
04-APR-2024,0.41362046514989,3066,M87,0.42265325784683,265506,AP-N204-F102,0.14130130410194,0.14130130410194,213.42944335937,270.54998779297
04-APR-2024,0.42278713335179,3066,M87,0.42463749647141,253506,AP-N201-F101,0.11620252579451,0.11620252579451,211.27555847168,270.54998779297
04-APR-2024,0.42278713335179,3066,M87,0.42463749647141,253506,AP-N202-F101,0.11966843903065,0.11966843903065,199.24082946777,270.54998779297
04-APR-2024,0.42278713335179,3066,M87,0.42463749647141,265506,AP-N203-F102,0.13858446478844,0.13858446478844,223.20606994629,270.54998779297
04-APR-2024,0.42278713335179,3066,M87,0.42463749647141,265506,AP-N204-F102,0.14130130410194,0.14130130410194,213.42944335937,270.54998779297
04-APR-2024,0.48764824567392,3071,3C279,0.48967382311821,253506,AP-N201-F101,0.11272330582142,0.11272330582142,188.72105407715,270.14999389648
04-APR-2024,0.48764824567392,3071,3C279,0.48967382311821,253506,AP-N202-F101,0.11680752784014,0.11680752784014,177.35063171387,270.14999389648
04-APR-2024,0.48764824567392,3071,3C279,0.48967382311821,265506,AP-N203-F102,0.1351080685854,0.1351080685854,197.71092224121,270.14999389648
04-APR-2024,0.48764824567392,3071,3C279,0.48967382311821,265506,AP-N204-F102,0.13816878199577,0.13816878199577,188.24501037598,270.14999389648
04-APR-2024,0.51084268738316,3075,3C279,0.49524986743927,253506,AP-N201-F101,0.11272330582142,0.11272330582142,188.72105407715,270.14999389648
04-APR-2024,0.51084268738316,3075,3C279,0.49524986743927,253506,AP-N202-F101,0.11680752784014,0.11680752784014,177.35063171387,270.14999389648
04-APR-2024,0.51084268738316,3075,3C279,0.49524986743927,265506,AP-N203-F102,0.1351080685854,0.1351080685854,197.71092224121,270.14999389648
04-APR-2024,0.51084268738316,3075,3C279,0.49524986743927,265506,AP-N204-F102,0.13816878199577,0.13816878199577,188.24501037598,270.14999389648
04-APR-2024,0.52000935383882,3075,3C279,0.49745324254036,253506,AP-N201-F101,0.11272330582142,0.11272330582142,188.72105407715,270.14999389648
04-APR-2024,0.52000935383882,3075,3C279,0.49745324254036,253506,AP-N202-F101,0.11680752784014,0.11680752784014,177.35063171387,270.14999389648
04-APR-2024,0.52000935383882,3075,3C279,0.49745324254036,265506,AP-N203-F102,0.1351080685854,0.1351080685854,197.71092224121,270.14999389648
04-APR-2024,0.52000935383882,3075,3C279,0.49745324254036,265506,AP-N204-F102,0.13816878199577,0.13816878199577,188.24501037598,270.14999389648
04-APR-2024,0.52917601942137,3075,3C279,0.49965637922287,253506,AP-N201-F101,0.11272330582142,0.11272330582142,188.72105407715,270.14999389648
04-APR-2024,0.52917601942137,3075,3C279,0.49965637922287,253506,AP-N202-F101,0.11680752784014,0.11680752784014,177.35063171387,270.14999389648
04-APR-2024,0.52917601942137,3075,3C279,0.49965637922287,265506,AP-N203-F102,0.1351080685854,0.1351080685854,197.71092224121,270.14999389648
04-APR-2024,0.52917601942137,3075,3C279,0.49965637922287,265506,AP-N204-F102,0.13816878199577,0.13816878199577,188.24501037598,270.14999389648
04-APR-2024,0.67875935483599,3080,3C273,0.58116281032562,253506,AP-N201-F101,0.12001889944077,0.12001889944077,179.23983764648,270.64999389648
04-APR-2024,0.67875935483599,3080,3C273,0.58116281032562,253506,AP-N202-F101,0.12461229413748,0.12461229413748,168.12036132812,270.64999389648
04-APR-2024,0.67875935483599,3080,3C273,0.58116281032562,265506,AP-N203-F102,0.14330542087555,0.14330542087555,186.76887512207,270.64999389648
04-APR-2024,0.67875935483599,3080,3C273,0.58116281032562,265506,AP-N204-F102,0.14685787260532,0.14685787260532,177.67414855957,270.64999389648
04-APR-2024,0.69473157846324,3084,3C273,0.58481460809708,253506,AP-N201-F101,0.12001889944077,0.12001889944077,179.23983764648,270.64999389648
04-APR-2024,0.69473157846324,3084,3C273,0.58481460809708,253506,AP-N202-F101,0.12461229413748,0.12461229413748,168.12036132812,270.64999389648
04-APR-2024,0.69473157846324,3084,3C273,0.58481460809708,265506,AP-N203-F102,0.14330542087555,0.14330542087555,186.76887512207,270.64999389648
04-APR-2024,0.69473157846324,3084,3C273,0.58481460809708,265506,AP-N204-F102,0.14685787260532,0.14685787260532,177.67414855957,270.64999389648
04-APR-2024,0.70389824456966,3084,3C273,0.58690911531448,253506,AP-N201-F101,0.12001889944077,0.12001889944077,179.23983764648,270.64999389648
04-APR-2024,0.70389824456966,3084,3C273,0.58690911531448,253506,AP-N202-F101,0.12461229413748,0.12461229413748,168.12036132812,270.64999389648
04-APR-2024,0.70389824456966,3084,3C273,0.58690911531448,265506,AP-N203-F102,0.14330542087555,0.14330542087555,186.76887512207,270.64999389648
04-APR-2024,0.70389824456966,3084,3C273,0.58690911531448,265506,AP-N204-F102,0.14685787260532,0.14685787260532,177.67414855957,270.64999389648
04-APR-2024,0.71306491259693,3084,3C273,0.58900254964828,253506,AP-N201-F101,0.12001889944077,0.12001889944077,179.23983764648,270.64999389648
04-APR-2024,0.71306491259693,3084,3C273,0.58900254964828,253506,AP-N202-F101,0.12461229413748,0.12461229413748,168.12036132812,270.64999389648
04-APR-2024,0.71306491259693,3084,3C273,0.58900254964828,265506,AP-N203-F102,0.14330542087555,0.14330542087555,186.76887512207,270.64999389648
04-APR-2024,0.71306491259693,3084,3C273,0.58900254964828,265506,AP-N204-F102,0.14685787260532,0.14685787260532,177.67414855957,270.64999389648
04-APR-2024,0.77125935413552,3089,M87,0.49898299574852,253506,AP-N201-F101,0.12933713197708,0.12933713197708,202.44198608398,270.64999389648
04-APR-2024,0.77125935413552,3089,M87,0.49898299574852,253506,AP-N202-F101,0.13340789079666,0.13340789079666,190.748046875,270.64999389648
04-APR-2024,0.77125935413552,3089,M87,0.49898299574852,265506,AP-N203-F102,0.15369719266891,0.15369719266891,213.4591217041,270.64999389648
04-APR-2024,0.77125935413552,3089,M87,0.49898299574852,265506,AP-N204-F102,0.15719193220139,0.15719193220139,204.1000213623,270.64999389648
04-APR-2024,0.79445379794024,3093,M87,0.50385028123856,253506,AP-N201-F101,0.12933713197708,0.12933713197708,202.44198608398,270.64999389648
04-APR-2024,0.79445379794024,3093,M87,0.50385028123856,253506,AP-N202-F101,0.13340789079666,0.13340789079666,190.748046875,270.64999389648
04-APR-2024,0.79445379794024,3093,M87,0.50385028123856,265506,AP-N203-F102,0.15369719266891,0.15369719266891,213.4591217041,270.64999389648
04-APR-2024,0.79445379794024,3093,M87,0.50385028123856,265506,AP-N204-F102,0.15719193220139,0.15719193220139,204.1000213623,270.64999389648
04-APR-2024,0.80362046387204,3093,M87,0.50577092170715,253506,AP-N201-F101,0.12933713197708,0.12933713197708,202.44198608398,270.64999389648
04-APR-2024,0.80362046387204,3093,M87,0.50577092170715,253506,AP-N202-F101,0.13340789079666,0.13340789079666,190.748046875,270.64999389648
04-APR-2024,0.80362046387204,3093,M87,0.50577092170715,265506,AP-N203-F102,0.15369719266891,0.15369719266891,213.4591217041,270.64999389648
04-APR-2024,0.80362046387204,3093,M87,0.50577092170715,265506,AP-N204-F102,0.15719193220139,0.15719193220139,204.1000213623,270.64999389648
04-APR-2024,0.81278712980383,3093,M87,0.5076898932457,253506,AP-N201-F101,0.12933713197708,0.12933713197708,202.44198608398,270.64999389648
04-APR-2024,0.81278712980383,3093,M87,0.5076898932457,253506,AP-N202-F101,0.13340789079666,0.13340789079666,190.748046875,270.64999389648
04-APR-2024,0.81278712980383,3093,M87,0.5076898932457,265506,AP-N203-F102,0.15369719266891,0.15369719266891,213.4591217041,270.64999389648
04-APR-2024,0.81278712980383,3093,M87,0.5076898932457,265506,AP-N204-F102,0.15719193220139,0.15719193220139,204.1000213623,270.64999389648
04-APR-2024,0.82195379591025,3093,M87,0.50960719585419,253506,AP-N201-F101,0.12933713197708,0.12933713197708,202.44198608398,270.64999389648
04-APR-2024,0.82195379591025,3093,M87,0.50960719585419,253506,AP-N202-F101,0.13340789079666,0.13340789079666,190.748046875,270.64999389648
04-APR-2024,0.82195379591025,3093,M87,0.50960719585419,265506,AP-N203-F102,0.15369719266891,0.15369719266891,213.4591217041,270.64999389648
04-APR-2024,0.82195379591025,3093,M87,0.50960719585419,265506,AP-N204-F102,0.15719193220139,0.15719193220139,204.1000213623,270.64999389648
04-APR-2024,0.91098157526351,3098,OJ287,0.81567513942719,253506,AP-N201-F101,0.12428379803896,0.12428379803896,158.59252929688,271.85000610352
04-APR-2024,0.91098157526351,3098,OJ287,0.81567513942719,253506,AP-N202-F101,0.13000346720219,0.13000346720219,147.66479492188,271.85000610352
04-APR-2024,0.91098157526351,3098,OJ287,0.81567513942719,265506,AP-N203-F102,0.14844587445259,0.14844587445259,163.22859191895,271.85000610352
04-APR-2024,0.91098157526351,3098,OJ287,0.81567513942719,265506,AP-N204-F102,0.15292647480965,0.15292647480965,154.68388366699,271.85000610352
04-APR-2024,0.92778713031582,3102,OJ287,0.81520742177963,253506,AP-N201-F101,0.12428379803896,0.12428379803896,158.59252929688,271.85000610352
04-APR-2024,0.92778713031582,3102,OJ287,0.81520742177963,253506,AP-N202-F101,0.13000346720219,0.13000346720219,147.66479492188,271.85000610352
04-APR-2024,0.92778713031582,3102,OJ287,0.81520742177963,265506,AP-N203-F102,0.14844587445259,0.14844587445259,163.22859191895,271.85000610352
04-APR-2024,0.92778713031582,3102,OJ287,0.81520742177963,265506,AP-N204-F102,0.15292647480965,0.15292647480965,154.68388366699,271.85000610352
04-APR-2024,0.93695379607299,3102,OJ287,0.81494218111038,253506,AP-N201-F101,0.12428379803896,0.12428379803896,158.59252929688,271.85000610352
04-APR-2024,0.93695379607299,3102,OJ287,0.81494218111038,253506,AP-N202-F101,0.13000346720219,0.13000346720219,147.66479492188,271.85000610352
04-APR-2024,0.93695379607299,3102,OJ287,0.81494218111038,265506,AP-N203-F102,0.14844587445259,0.14844587445259,163.22859191895,271.85000610352
04-APR-2024,0.93695379607299,3102,OJ287,0.81494218111038,265506,AP-N204-F102,0.15292647480965,0.15292647480965,154.68388366699,271.85000610352
04-APR-2024,0.94612046200479,3102,OJ287,0.81466972827911,253506,AP-N201-F101,0.12428379803896,0.12428379803896,158.59252929688,271.85000610352
04-APR-2024,0.94612046200479,3102,OJ287,0.81466972827911,253506,AP-N202-F101,0.13000346720219,0.13000346720219,147.66479492188,271.85000610352
04-APR-2024,0.94612046200479,3102,OJ287,0.81466972827911,265506,AP-N203-F102,0.14844587445259,0.14844587445259,163.22859191895,271.85000610352
04-APR-2024,0.94612046200479,3102,OJ287,0.81466972827911,265506,AP-N204-F102,0.15292647480965,0.15292647480965,154.68388366699,271.85000610352
04-APR-2024,10.031151853039,3593,J1751+0939,0.98584711551666,253506,AP-N201-F101,0.08519022166729,0.08519022166729,130.61157226563,273.35000610352
04-APR-2024,10.031151853039,3593,J1751+0939,0.98584711551666,253506,AP-N202-F101,0.090676531195641,0.090676531195641,120.58433532715,273.35000610352
04-APR-2024,10.031151853039,3593,J1751+0939,0.98584711551666,265506,AP-N203-F102,0.10495120286942,0.10495120286942,132.7869720459,273.35000610352
04-APR-2024,10.031151853039,3593,J1751+0939,0.98584711551666,265506,AP-N204-F102,0.10989787429571,0.10989787429571,124.41387176514,273.35000610352
04-APR-2024,10.046151850821,3597,J1751+0939,0.98496234416962,253506,AP-N201-F101,0.08519022166729,0.08519022166729,130.61157226563,273.35000610352
04-APR-2024,10.046151850821,3597,J1751+0939,0.98496234416962,253506,AP-N202-F101,0.090676531195641,0.090676531195641,120.58433532715,273.35000610352
04-APR-2024,10.046151850821,3597,J1751+0939,0.98496234416962,265506,AP-N203-F102,0.10495120286942,0.10495120286942,132.7869720459,273.35000610352
04-APR-2024,10.046151850821,3597,J1751+0939,0.98496234416962,265506,AP-N204-F102,0.10989787429571,0.10989787429571,124.41387176514,273.35000610352
04-APR-2024,10.055457405411,3597,J1751+0939,0.98440164327621,253506,AP-N201-F101,0.08519022166729,0.08519022166729,130.61157226563,273.35000610352
04-APR-2024,10.055457405411,3597,J1751+0939,0.98440164327621,253506,AP-N202-F101,0.090676531195641,0.090676531195641,120.58433532715,273.35000610352
04-APR-2024,10.055457405411,3597,J1751+0939,0.98440164327621,265506,AP-N203-F102,0.10495120286942,0.10495120286942,132.7869720459,273.35000610352
04-APR-2024,10.055457405411,3597,J1751+0939,0.98440164327621,265506,AP-N204-F102,0.10989787429571,0.10989787429571,124.41387176514,273.35000610352
04-APR-2024,10.066568518843,3597,J1751+0939,0.98372006416321,253506,AP-N201-F101,0.08519022166729,0.08519022166729,130.61157226563,273.35000610352
04-APR-2024,10.066568518843,3597,J1751+0939,0.98372006416321,253506,AP-N202-F101,0.090676531195641,0.090676531195641,120.58433532715,273.35000610352
04-APR-2024,10.066568518843,3597,J1751+0939,0.98372006416321,265506,AP-N203-F102,0.10495120286942,0.10495120286942,132.7869720459,273.35000610352
04-APR-2024,10.066568518843,3597,J1751+0939,0.98372006416321,265506,AP-N204-F102,0.10989787429571,0.10989787429571,124.41387176514,273.35000610352
04-APR-2024,10.12031851878,3602,SGRA,1.3761795759201,253506,AP-N201-F101,0.084870889782906,0.084870889782906,124.38131713867,273.25
04-APR-2024,10.12031851878,3602,SGRA,1.3761795759201,253506,AP-N202-F101,0.08947416394949,0.08947416394949,113.97452545166,273.25
04-APR-2024,10.12031851878,3602,SGRA,1.3761795759201,265506,AP-N203-F102,0.10383055359125,0.10383055359125,125.34923553467,273.25
04-APR-2024,10.12031851878,3602,SGRA,1.3761795759201,265506,AP-N204-F102,0.1086722612381,0.1086722612381,116.9528427124,273.25
04-APR-2024,10.144901850214,3606,SGRA,1.3712782859802,253506,AP-N201-F101,0.084870889782906,0.084870889782906,124.38131713867,273.25
04-APR-2024,10.144901850214,3606,SGRA,1.3712782859802,253506,AP-N202-F101,0.08947416394949,0.08947416394949,113.97452545166,273.25
04-APR-2024,10.144901850214,3606,SGRA,1.3712782859802,265506,AP-N203-F102,0.10383055359125,0.10383055359125,125.34923553467,273.25
04-APR-2024,10.144901850214,3606,SGRA,1.3712782859802,265506,AP-N204-F102,0.1086722612381,0.1086722612381,116.9528427124,273.25
04-APR-2024,10.154068516146,3606,SGRA,1.3694387674332,253506,AP-N201-F101,0.084870889782906,0.084870889782906,124.38131713867,273.25
04-APR-2024,10.154068516146,3606,SGRA,1.3694387674332,253506,AP-N202-F101,0.08947416394949,0.08947416394949,113.97452545166,273.25
04-APR-2024,10.154068516146,3606,SGRA,1.3694387674332,265506,AP-N203-F102,0.10383055359125,0.10383055359125,125.34923553467,273.25
04-APR-2024,10.154068516146,3606,SGRA,1.3694387674332,265506,AP-N204-F102,0.1086722612381,0.1086722612381,116.9528427124,273.25
04-APR-2024,10.163512961839,3606,SGRA,1.3675369024277,253506,AP-N201-F101,0.084870889782906,0.084870889782906,124.38131713867,273.25
04-APR-2024,10.163512961839,3606,SGRA,1.3675369024277,253506,AP-N202-F101,0.08947416394949,0.08947416394949,113.97452545166,273.25
04-APR-2024,10.163512961839,3606,SGRA,1.3675369024277,265506,AP-N203-F102,0.10383055359125,0.10383055359125,125.34923553467,273.25
04-APR-2024,10.163512961839,3606,SGRA,1.3675369024277,265506,AP-N204-F102,0.1086722612381,0.1086722612381,116.9528427124,273.25
04-APR-2024,10.174901849794,3606,SGRA,1.3652350902557,253506,AP-N201-F101,0.084870889782906,0.084870889782906,124.38131713867,273.25
04-APR-2024,10.174901849794,3606,SGRA,1.3652350902557,253506,AP-N202-F101,0.08947416394949,0.08947416394949,113.97452545166,273.25
04-APR-2024,10.174901849794,3606,SGRA,1.3652350902557,265506,AP-N203-F102,0.10383055359125,0.10383055359125,125.34923553467,273.25
04-APR-2024,10.174901849794,3606,SGRA,1.3652350902557,265506,AP-N204-F102,0.1086722612381,0.1086722612381,116.9528427124,273.25
04-APR-2024,10.184346295661,3606,SGRA,1.3633192777634,253506,AP-N201-F101,0.084870889782906,0.084870889782906,124.38131713867,273.25
04-APR-2024,10.184346295661,3606,SGRA,1.3633192777634,253506,AP-N202-F101,0.08947416394949,0.08947416394949,113.97452545166,273.25
04-APR-2024,10.184346295661,3606,SGRA,1.3633192777634,265506,AP-N203-F102,0.10383055359125,0.10383055359125,125.34923553467,273.25
04-APR-2024,10.184346295661,3606,SGRA,1.3633192777634,265506,AP-N204-F102,0.1086722612381,0.1086722612381,116.9528427124,273.25
04-APR-2024,10.193790741179,3606,SGRA,1.3613975048065,253506,AP-N201-F101,0.084870889782906,0.084870889782906,124.38131713867,273.25
04-APR-2024,10.193790741179,3606,SGRA,1.3613975048065,253506,AP-N202-F101,0.08947416394949,0.08947416394949,113.97452545166,273.25
04-APR-2024,10.193790741179,3606,SGRA,1.3613975048065,265506,AP-N203-F102,0.10383055359125,0.10383055359125,125.34923553467,273.25
04-APR-2024,10.193790741179,3606,SGRA,1.3613975048065,265506,AP-N204-F102,0.1086722612381,0.1086722612381,116.9528427124,273.25
04-APR-2024,10.202957407111,3606,SGRA,1.3595266342163,253506,AP-N201-F101,0.084870889782906,0.084870889782906,124.38131713867,273.25
04-APR-2024,10.202957407111,3606,SGRA,1.3595266342163,253506,AP-N202-F101,0.08947416394949,0.08947416394949,113.97452545166,273.25
04-APR-2024,10.202957407111,3606,SGRA,1.3595266342163,265506,AP-N203-F102,0.10383055359125,0.10383055359125,125.34923553467,273.25
04-APR-2024,10.202957407111,3606,SGRA,1.3595266342163,265506,AP-N204-F102,0.1086722612381,0.1086722612381,116.9528427124,273.25
04-APR-2024,10.212124072694,3606,SGRA,1.3576502799988,253506,AP-N201-F101,0.084870889782906,0.084870889782906,124.38131713867,273.25
04-APR-2024,10.212124072694,3606,SGRA,1.3576502799988,253506,AP-N202-F101,0.08947416394949,0.08947416394949,113.97452545166,273.25
04-APR-2024,10.212124072694,3606,SGRA,1.3576502799988,265506,AP-N203-F102,0.10383055359125,0.10383055359125,125.34923553467,273.25
04-APR-2024,10.212124072694,3606,SGRA,1.3576502799988,265506,AP-N204-F102,0.1086722612381,0.1086722612381,116.9528427124,273.25
04-APR-2024,10.223790738489,3606,SGRA,1.355254650116,253506,AP-N201-F101,0.084870889782906,0.084870889782906,124.38131713867,273.25
04-APR-2024,10.223790738489,3606,SGRA,1.355254650116,253506,AP-N202-F101,0.08947416394949,0.08947416394949,113.97452545166,273.25
04-APR-2024,10.223790738489,3606,SGRA,1.355254650116,265506,AP-N203-F102,0.10383055359125,0.10383055359125,125.34923553467,273.25
04-APR-2024,10.223790738489,3606,SGRA,1.355254650116,265506,AP-N204-F102,0.1086722612381,0.1086722612381,116.9528427124,273.25
04-APR-2024,10.232957404071,3606,SGRA,1.3533666133881,253506,AP-N201-F101,0.084870889782906,0.084870889782906,124.38131713867,273.25
04-APR-2024,10.232957404071,3606,SGRA,1.3533666133881,253506,AP-N202-F101,0.08947416394949,0.08947416394949,113.97452545166,273.25
04-APR-2024,10.232957404071,3606,SGRA,1.3533666133881,265506,AP-N203-F102,0.10383055359125,0.10383055359125,125.34923553467,273.25
04-APR-2024,10.232957404071,3606,SGRA,1.3533666133881,265506,AP-N204-F102,0.1086722612381,0.1086722612381,116.9528427124,273.25
04-APR-2024,10.243790738092,3606,SGRA,1.3511289358139,253506,AP-N201-F101,0.084870889782906,0.084870889782906,124.38131713867,273.25
04-APR-2024,10.243790738092,3606,SGRA,1.3511289358139,253506,AP-N202-F101,0.08947416394949,0.08947416394949,113.97452545166,273.25
04-APR-2024,10.243790738092,3606,SGRA,1.3511289358139,265506,AP-N203-F102,0.10383055359125,0.10383055359125,125.34923553467,273.25
04-APR-2024,10.243790738092,3606,SGRA,1.3511289358139,265506,AP-N204-F102,0.1086722612381,0.1086722612381,116.9528427124,273.25
04-APR-2024,10.253235183785,3606,SGRA,1.3491725921631,253506,AP-N201-F101,0.084870889782906,0.084870889782906,124.38131713867,273.25
04-APR-2024,10.253235183785,3606,SGRA,1.3491725921631,253506,AP-N202-F101,0.08947416394949,0.08947416394949,113.97452545166,273.25
04-APR-2024,10.253235183785,3606,SGRA,1.3491725921631,265506,AP-N203-F102,0.10383055359125,0.10383055359125,125.34923553467,273.25
04-APR-2024,10.253235183785,3606,SGRA,1.3491725921631,265506,AP-N204-F102,0.1086722612381,0.1086722612381,116.9528427124,273.25
04-APR-2024,10.262401850066,3606,SGRA,1.3472690582275,253506,AP-N201-F101,0.084870889782906,0.084870889782906,124.38131713867,273.25
04-APR-2024,10.262401850066,3606,SGRA,1.3472690582275,253506,AP-N202-F101,0.08947416394949,0.08947416394949,113.97452545166,273.25
04-APR-2024,10.262401850066,3606,SGRA,1.3472690582275,265506,AP-N203-F102,0.10383055359125,0.10383055359125,125.34923553467,273.25
04-APR-2024,10.262401850066,3606,SGRA,1.3472690582275,265506,AP-N204-F102,0.1086722612381,0.1086722612381,116.9528427124,273.25
04-APR-2024,10.271846295235,3606,SGRA,1.3453031778336,253506,AP-N201-F101,0.084870889782906,0.084870889782906,124.38131713867,273.25
04-APR-2024,10.271846295235,3606,SGRA,1.3453031778336,253506,AP-N202-F101,0.08947416394949,0.08947416394949,113.97452545166,273.25
04-APR-2024,10.271846295235,3606,SGRA,1.3453031778336,265506,AP-N203-F102,0.10383055359125,0.10383055359125,125.34923553467,273.25
04-APR-2024,10.271846295235,3606,SGRA,1.3453031778336,265506,AP-N204-F102,0.1086722612381,0.1086722612381,116.9528427124,273.25
04-APR-2024,10.281012960992,3606,SGRA,1.343390583992,253506,AP-N201-F101,0.084870889782906,0.084870889782906,124.38131713867,273.25
04-APR-2024,10.281012960992,3606,SGRA,1.343390583992,253506,AP-N202-F101,0.08947416394949,0.08947416394949,113.97452545166,273.25
04-APR-2024,10.281012960992,3606,SGRA,1.343390583992,265506,AP-N203-F102,0.10383055359125,0.10383055359125,125.34923553467,273.25
04-APR-2024,10.281012960992,3606,SGRA,1.343390583992,265506,AP-N204-F102,0.1086722612381,0.1086722612381,116.9528427124,273.25
04-APR-2024,10.413374071712,3609,SGRA,1.3153432607651,253506,AP-N201-F101,0.0853491127491,0.0853491127491,125.17831420898,273.75
04-APR-2024,10.413374071712,3609,SGRA,1.3153432607651,253506,AP-N202-F101,0.089754447340965,0.089754447340965,114.78544616699,273.75
04-APR-2024,10.413374071712,3609,SGRA,1.3153432607651,265506,AP-N203-F102,0.1043144762516,0.1043144762516,126.20431518555,273.75
04-APR-2024,10.413374071712,3609,SGRA,1.3153432607651,265506,AP-N204-F102,0.10900441557169,0.10900441557169,117.81421661377,273.75
04-APR-2024,10.444346295391,3613,SGRA,1.3086804151535,253506,AP-N201-F101,0.0853491127491,0.0853491127491,125.17831420898,273.75
04-APR-2024,10.444346295391,3613,SGRA,1.3086804151535,253506,AP-N202-F101,0.089754447340965,0.089754447340965,114.78544616699,273.75
04-APR-2024,10.444346295391,3613,SGRA,1.3086804151535,265506,AP-N203-F102,0.1043144762516,0.1043144762516,126.20431518555,273.75
04-APR-2024,10.444346295391,3613,SGRA,1.3086804151535,265506,AP-N204-F102,0.10900441557169,0.10900441557169,117.81421661377,273.75
04-APR-2024,10.453512961498,3613,SGRA,1.3067022562027,253506,AP-N201-F101,0.0853491127491,0.0853491127491,125.17831420898,273.75
04-APR-2024,10.453512961498,3613,SGRA,1.3067022562027,253506,AP-N202-F101,0.089754447340965,0.089754447340965,114.78544616699,273.75
04-APR-2024,10.453512961498,3613,SGRA,1.3067022562027,265506,AP-N203-F102,0.1043144762516,0.1043144762516,126.20431518555,273.75
04-APR-2024,10.453512961498,3613,SGRA,1.3067022562027,265506,AP-N204-F102,0.10900441557169,0.10900441557169,117.81421661377,273.75
04-APR-2024,10.462679627255,3613,SGRA,1.3047213554382,253506,AP-N201-F101,0.0853491127491,0.0853491127491,125.17831420898,273.75
04-APR-2024,10.462679627255,3613,SGRA,1.3047213554382,253506,AP-N202-F101,0.089754447340965,0.089754447340965,114.78544616699,273.75
04-APR-2024,10.462679627255,3613,SGRA,1.3047213554382,265506,AP-N203-F102,0.1043144762516,0.1043144762516,126.20431518555,273.75
04-APR-2024,10.462679627255,3613,SGRA,1.3047213554382,265506,AP-N204-F102,0.10900441557169,0.10900441557169,117.81421661377,273.75
04-APR-2024,10.471707404878,3613,SGRA,1.3027678728104,253506,AP-N201-F101,0.0853491127491,0.0853491127491,125.17831420898,273.75
04-APR-2024,10.471707404878,3613,SGRA,1.3027678728104,253506,AP-N202-F101,0.089754447340965,0.089754447340965,114.78544616699,273.75
04-APR-2024,10.471707404878,3613,SGRA,1.3027678728104,265506,AP-N203-F102,0.1043144762516,0.1043144762516,126.20431518555,273.75
04-APR-2024,10.471707404878,3613,SGRA,1.3027678728104,265506,AP-N204-F102,0.10900441557169,0.10900441557169,117.81421661377,273.75
04-APR-2024,10.480735182326,3613,SGRA,1.3008120059967,253506,AP-N201-F101,0.0853491127491,0.0853491127491,125.17831420898,273.75
04-APR-2024,10.480735182326,3613,SGRA,1.3008120059967,253506,AP-N202-F101,0.089754447340965,0.089754447340965,114.78544616699,273.75
04-APR-2024,10.480735182326,3613,SGRA,1.3008120059967,265506,AP-N203-F102,0.1043144762516,0.1043144762516,126.20431518555,273.75
04-APR-2024,10.480735182326,3613,SGRA,1.3008120059967,265506,AP-N204-F102,0.10900441557169,0.10900441557169,117.81421661377,273.75
04-APR-2024,10.489901848432,3613,SGRA,1.2988233566284,253506,AP-N201-F101,0.0853491127491,0.0853491127491,125.17831420898,273.75
04-APR-2024,10.489901848432,3613,SGRA,1.2988233566284,253506,AP-N202-F101,0.089754447340965,0.089754447340965,114.78544616699,273.75
04-APR-2024,10.489901848432,3613,SGRA,1.2988233566284,265506,AP-N203-F102,0.1043144762516,0.1043144762516,126.20431518555,273.75
04-APR-2024,10.489901848432,3613,SGRA,1.2988233566284,265506,AP-N204-F102,0.10900441557169,0.10900441557169,117.81421661377,273.75
04-APR-2024,10.499346291681,3613,SGRA,1.2967720031738,253506,AP-N201-F101,0.0853491127491,0.0853491127491,125.17831420898,273.75
04-APR-2024,10.499346291681,3613,SGRA,1.2967720031738,253506,AP-N202-F101,0.089754447340965,0.089754447340965,114.78544616699,273.75
04-APR-2024,10.499346291681,3613,SGRA,1.2967720031738,265506,AP-N203-F102,0.1043144762516,0.1043144762516,126.20431518555,273.75
04-APR-2024,10.499346291681,3613,SGRA,1.2967720031738,265506,AP-N204-F102,0.10900441557169,0.10900441557169,117.81421661377,273.75
04-APR-2024,10.508512957263,3613,SGRA,1.2947784662247,253506,AP-N201-F101,0.0853491127491,0.0853491127491,125.17831420898,273.75
04-APR-2024,10.508512957263,3613,SGRA,1.2947784662247,253506,AP-N202-F101,0.089754447340965,0.089754447340965,114.78544616699,273.75
04-APR-2024,10.508512957263,3613,SGRA,1.2947784662247,265506,AP-N203-F102,0.1043144762516,0.1043144762516,126.20431518555,273.75
04-APR-2024,10.508512957263,3613,SGRA,1.2947784662247,265506,AP-N204-F102,0.10900441557169,0.10900441557169,117.81421661377,273.75
04-APR-2024,10.517679623195,3613,SGRA,1.2927825450897,253506,AP-N201-F101,0.0853491127491,0.0853491127491,125.17831420898,273.75
04-APR-2024,10.517679623195,3613,SGRA,1.2927825450897,253506,AP-N202-F101,0.089754447340965,0.089754447340965,114.78544616699,273.75
04-APR-2024,10.517679623195,3613,SGRA,1.2927825450897,265506,AP-N203-F102,0.1043144762516,0.1043144762516,126.20431518555,273.75
04-APR-2024,10.517679623195,3613,SGRA,1.2927825450897,265506,AP-N204-F102,0.10900441557169,0.10900441557169,117.81421661377,273.75
04-APR-2024,10.526846289301,3613,SGRA,1.290784239769,253506,AP-N201-F101,0.0853491127491,0.0853491127491,125.17831420898,273.75
04-APR-2024,10.526846289301,3613,SGRA,1.290784239769,253506,AP-N202-F101,0.089754447340965,0.089754447340965,114.78544616699,273.75
04-APR-2024,10.526846289301,3613,SGRA,1.290784239769,265506,AP-N203-F102,0.1043144762516,0.1043144762516,126.20431518555,273.75
04-APR-2024,10.526846289301,3613,SGRA,1.290784239769,265506,AP-N204-F102,0.10900441557169,0.10900441557169,117.81421661377,273.75
04-APR-2024,10.536012957678,3613,SGRA,1.288783788681,253506,AP-N201-F101,0.0853491127491,0.0853491127491,125.17831420898,273.75
04-APR-2024,10.536012957678,3613,SGRA,1.288783788681,253506,AP-N202-F101,0.089754447340965,0.089754447340965,114.78544616699,273.75
04-APR-2024,10.536012957678,3613,SGRA,1.288783788681,265506,AP-N203-F102,0.1043144762516,0.1043144762516,126.20431518555,273.75
04-APR-2024,10.536012957678,3613,SGRA,1.288783788681,265506,AP-N204-F102,0.10900441557169,0.10900441557169,117.81421661377,273.75
04-APR-2024,10.546846291524,3613,SGRA,1.2864166498184,253506,AP-N201-F101,0.0853491127491,0.0853491127491,125.17831420898,273.75
04-APR-2024,10.546846291524,3613,SGRA,1.2864166498184,253506,AP-N202-F101,0.089754447340965,0.089754447340965,114.78544616699,273.75
04-APR-2024,10.546846291524,3613,SGRA,1.2864166498184,265506,AP-N203-F102,0.1043144762516,0.1043144762516,126.20431518555,273.75
04-APR-2024,10.546846291524,3613,SGRA,1.2864166498184,265506,AP-N204-F102,0.10900441557169,0.10900441557169,117.81421661377,273.75
04-APR-2024,10.670874067563,3618,J1924-2914,1.4271430969238,253506,AP-N201-F101,0.085477128624916,0.085477128624916,124.60788726807,273.25
04-APR-2024,10.670874067563,3618,J1924-2914,1.4271430969238,253506,AP-N202-F101,0.090386368334293,0.090386368334293,114.16178131104,273.25
04-APR-2024,10.670874067563,3618,J1924-2914,1.4271430969238,265506,AP-N203-F102,0.1050336882472,0.1050336882472,125.60446166992,273.25
04-APR-2024,10.670874067563,3618,J1924-2914,1.4271430969238,265506,AP-N204-F102,0.10963134467602,0.10963134467602,117.18951416016,273.25
04-APR-2024,10.694901845412,3622,J1924-2914,1.4308080673218,253506,AP-N201-F101,0.085477128624916,0.085477128624916,124.60788726807,273.25
04-APR-2024,10.694901845412,3622,J1924-2914,1.4308080673218,253506,AP-N202-F101,0.090386368334293,0.090386368334293,114.16178131104,273.25
04-APR-2024,10.694901845412,3622,J1924-2914,1.4308080673218,265506,AP-N203-F102,0.1050336882472,0.1050336882472,125.60446166992,273.25
04-APR-2024,10.694901845412,3622,J1924-2914,1.4308080673218,265506,AP-N204-F102,0.10963134467602,0.10963134467602,117.18951416016,273.25
04-APR-2024,10.704068511169,3622,J1924-2914,1.4321712255478,253506,AP-N201-F101,0.085477128624916,0.085477128624916,124.60788726807,273.25
04-APR-2024,10.704068511169,3622,J1924-2914,1.4321712255478,253506,AP-N202-F101,0.090386368334293,0.090386368334293,114.16178131104,273.25
04-APR-2024,10.704068511169,3622,J1924-2914,1.4321712255478,265506,AP-N203-F102,0.1050336882472,0.1050336882472,125.60446166992,273.25
04-APR-2024,10.704068511169,3622,J1924-2914,1.4321712255478,265506,AP-N204-F102,0.10963134467602,0.10963134467602,117.18951416016,273.25
04-APR-2024,10.713235177276,3622,J1924-2914,1.4335139989853,253506,AP-N201-F101,0.085477128624916,0.085477128624916,124.60788726807,273.25
04-APR-2024,10.713235177276,3622,J1924-2914,1.4335139989853,253506,AP-N202-F101,0.090386368334293,0.090386368334293,114.16178131104,273.25
04-APR-2024,10.713235177276,3622,J1924-2914,1.4335139989853,265506,AP-N203-F102,0.1050336882472,0.1050336882472,125.60446166992,273.25
04-APR-2024,10.713235177276,3622,J1924-2914,1.4335139989853,265506,AP-N204-F102,0.10963134467602,0.10963134467602,117.18951416016,273.25
04-APR-2024,10.811985180686,3627,SGRA,1.2277066707611,253506,AP-N201-F101,0.088566616177559,0.088566616177559,127.3410949707,273.95001220703
04-APR-2024,10.811985180686,3627,SGRA,1.2277066707611,253506,AP-N202-F101,0.093070916831493,0.093070916831493,116.89307403564,273.95001220703
04-APR-2024,10.811985180686,3627,SGRA,1.2277066707611,265506,AP-N203-F102,0.10799267888069,0.10799267888069,128.66792297363,273.95001220703
04-APR-2024,10.811985180686,3627,SGRA,1.2277066707611,265506,AP-N204-F102,0.11251769214869,0.11251769214869,120.27085876465,273.95001220703
04-APR-2024,10.829346288275,3631,SGRA,1.2238209247589,253506,AP-N201-F101,0.088566616177559,0.088566616177559,127.3410949707,273.95001220703
04-APR-2024,10.829346288275,3631,SGRA,1.2238209247589,253506,AP-N202-F101,0.093070916831493,0.093070916831493,116.89307403564,273.95001220703
04-APR-2024,10.829346288275,3631,SGRA,1.2238209247589,265506,AP-N203-F102,0.10799267888069,0.10799267888069,128.66792297363,273.95001220703
04-APR-2024,10.829346288275,3631,SGRA,1.2238209247589,265506,AP-N204-F102,0.11251769214869,0.11251769214869,120.27085876465,273.95001220703
04-APR-2024,10.838512954033,3631,SGRA,1.2217674255371,253506,AP-N201-F101,0.088566616177559,0.088566616177559,127.3410949707,273.95001220703
04-APR-2024,10.838512954033,3631,SGRA,1.2217674255371,253506,AP-N202-F101,0.093070916831493,0.093070916831493,116.89307403564,273.95001220703
04-APR-2024,10.838512954033,3631,SGRA,1.2217674255371,265506,AP-N203-F102,0.10799267888069,0.10799267888069,128.66792297363,273.95001220703
04-APR-2024,10.838512954033,3631,SGRA,1.2217674255371,265506,AP-N204-F102,0.11251769214869,0.11251769214869,120.27085876465,273.95001220703
04-APR-2024,10.847679622758,3631,SGRA,1.2197128534317,253506,AP-N201-F101,0.088566616177559,0.088566616177559,127.3410949707,273.95001220703
04-APR-2024,10.847679622758,3631,SGRA,1.2197128534317,253506,AP-N202-F101,0.093070916831493,0.093070916831493,116.89307403564,273.95001220703
04-APR-2024,10.847679622758,3631,SGRA,1.2197128534317,265506,AP-N203-F102,0.10799267888069,0.10799267888069,128.66792297363,273.95001220703
04-APR-2024,10.847679622758,3631,SGRA,1.2197128534317,265506,AP-N204-F102,0.11251769214869,0.11251769214869,120.27085876465,273.95001220703
04-APR-2024,10.857401842974,3631,SGRA,1.2175326347351,253506,AP-N201-F101,0.088566616177559,0.088566616177559,127.3410949707,273.95001220703
04-APR-2024,10.857401842974,3631,SGRA,1.2175326347351,253506,AP-N202-F101,0.093070916831493,0.093070916831493,116.89307403564,273.95001220703
04-APR-2024,10.857401842974,3631,SGRA,1.2175326347351,265506,AP-N203-F102,0.10799267888069,0.10799267888069,128.66792297363,273.95001220703
04-APR-2024,10.857401842974,3631,SGRA,1.2175326347351,265506,AP-N204-F102,0.11251769214869,0.11251769214869,120.27085876465,273.95001220703
04-APR-2024,10.86656851135,3631,SGRA,1.2154759168625,253506,AP-N201-F101,0.088566616177559,0.088566616177559,127.3410949707,273.95001220703
04-APR-2024,10.86656851135,3631,SGRA,1.2154759168625,253506,AP-N202-F101,0.093070916831493,0.093070916831493,116.89307403564,273.95001220703
04-APR-2024,10.86656851135,3631,SGRA,1.2154759168625,265506,AP-N203-F102,0.10799267888069,0.10799267888069,128.66792297363,273.95001220703
04-APR-2024,10.86656851135,3631,SGRA,1.2154759168625,265506,AP-N204-F102,0.11251769214869,0.11251769214869,120.27085876465,273.95001220703
04-APR-2024,10.875735177806,3631,SGRA,1.2134181261063,253506,AP-N201-F101,0.088566616177559,0.088566616177559,127.3410949707,273.95001220703
04-APR-2024,10.875735177806,3631,SGRA,1.2134181261063,253506,AP-N202-F101,0.093070916831493,0.093070916831493,116.89307403564,273.95001220703
04-APR-2024,10.875735177806,3631,SGRA,1.2134181261063,265506,AP-N203-F102,0.10799267888069,0.10799267888069,128.66792297363,273.95001220703
04-APR-2024,10.875735177806,3631,SGRA,1.2134181261063,265506,AP-N204-F102,0.11251769214869,0.11251769214869,120.27085876465,273.95001220703
04-APR-2024,10.884901845833,3631,SGRA,1.2113592624664,253506,AP-N201-F101,0.088566616177559,0.088566616177559,127.3410949707,273.95001220703
04-APR-2024,10.884901845833,3631,SGRA,1.2113592624664,253506,AP-N202-F101,0.093070916831493,0.093070916831493,116.89307403564,273.95001220703
04-APR-2024,10.884901845833,3631,SGRA,1.2113592624664,265506,AP-N203-F102,0.10799267888069,0.10799267888069,128.66792297363,273.95001220703
04-APR-2024,10.884901845833,3631,SGRA,1.2113592624664,265506,AP-N204-F102,0.11251769214869,0.11251769214869,120.27085876465,273.95001220703
04-APR-2024,10.894485177565,3631,SGRA,1.20920586586,253506,AP-N201-F101,0.088566616177559,0.088566616177559,127.3410949707,273.95001220703
04-APR-2024,10.894485177565,3631,SGRA,1.20920586586,253506,AP-N202-F101,0.093070916831493,0.093070916831493,116.89307403564,273.95001220703
04-APR-2024,10.894485177565,3631,SGRA,1.20920586586,265506,AP-N203-F102,0.10799267888069,0.10799267888069,128.66792297363,273.95001220703
04-APR-2024,10.894485177565,3631,SGRA,1.20920586586,265506,AP-N204-F102,0.11251769214869,0.11251769214869,120.27085876465,273.95001220703
04-APR-2024,10.90379073198,3631,SGRA,1.2071137428284,253506,AP-N201-F101,0.088566616177559,0.088566616177559,127.3410949707,273.95001220703
04-APR-2024,10.90379073198,3631,SGRA,1.2071137428284,253506,AP-N202-F101,0.093070916831493,0.093070916831493,116.89307403564,273.95001220703
04-APR-2024,10.90379073198,3631,SGRA,1.2071137428284,265506,AP-N203-F102,0.10799267888069,0.10799267888069,128.66792297363,273.95001220703
04-APR-2024,10.90379073198,3631,SGRA,1.2071137428284,265506,AP-N204-F102,0.11251769214869,0.11251769214869,120.27085876465,273.95001220703
04-APR-2024,10.912957400531,3631,SGRA,1.2050518989563,253506,AP-N201-F101,0.088566616177559,0.088566616177559,127.3410949707,273.95001220703
04-APR-2024,10.912957400531,3631,SGRA,1.2050518989563,253506,AP-N202-F101,0.093070916831493,0.093070916831493,116.89307403564,273.95001220703
04-APR-2024,10.912957400531,3631,SGRA,1.2050518989563,265506,AP-N203-F102,0.10799267888069,0.10799267888069,128.66792297363,273.95001220703
04-APR-2024,10.912957400531,3631,SGRA,1.2050518989563,265506,AP-N204-F102,0.11251769214869,0.11251769214869,120.27085876465,273.95001220703
04-APR-2024,10.924068513789,3631,SGRA,1.2025513648987,253506,AP-N201-F101,0.088566616177559,0.088566616177559,127.3410949707,273.95001220703
04-APR-2024,10.924068513789,3631,SGRA,1.2025513648987,253506,AP-N202-F101,0.093070916831493,0.093070916831493,116.89307403564,273.95001220703
04-APR-2024,10.924068513789,3631,SGRA,1.2025513648987,265506,AP-N203-F102,0.10799267888069,0.10799267888069,128.66792297363,273.95001220703
04-APR-2024,10.924068513789,3631,SGRA,1.2025513648987,265506,AP-N204-F102,0.11251769214869,0.11251769214869,120.27085876465,273.95001220703
04-APR-2024,10.934346288811,3631,SGRA,1.2002372741699,253506,AP-N201-F101,0.088566616177559,0.088566616177559,127.3410949707,273.95001220703
04-APR-2024,10.934346288811,3631,SGRA,1.2002372741699,253506,AP-N202-F101,0.093070916831493,0.093070916831493,116.89307403564,273.95001220703
04-APR-2024,10.934346288811,3631,SGRA,1.2002372741699,265506,AP-N203-F102,0.10799267888069,0.10799267888069,128.66792297363,273.95001220703
04-APR-2024,10.934346288811,3631,SGRA,1.2002372741699,265506,AP-N204-F102,0.11251769214869,0.11251769214869,120.27085876465,273.95001220703
04-APR-2024,10.945457399624,3631,SGRA,1.1977342367172,253506,AP-N201-F101,0.088566616177559,0.088566616177559,127.3410949707,273.95001220703
04-APR-2024,10.945457399624,3631,SGRA,1.1977342367172,253506,AP-N202-F101,0.093070916831493,0.093070916831493,116.89307403564,273.95001220703
04-APR-2024,10.945457399624,3631,SGRA,1.1977342367172,265506,AP-N203-F102,0.10799267888069,0.10799267888069,128.66792297363,273.95001220703
04-APR-2024,10.945457399624,3631,SGRA,1.1977342367172,265506,AP-N204-F102,0.11251769214869,0.11251769214869,120.27085876465,273.95001220703
04-APR-2024,10.954901842872,3631,SGRA,1.195605635643,253506,AP-N201-F101,0.088566616177559,0.088566616177559,127.3410949707,273.95001220703
04-APR-2024,10.954901842872,3631,SGRA,1.195605635643,253506,AP-N202-F101,0.093070916831493,0.093070916831493,116.89307403564,273.95001220703
04-APR-2024,10.954901842872,3631,SGRA,1.195605635643,265506,AP-N203-F102,0.10799267888069,0.10799267888069,128.66792297363,273.95001220703
04-APR-2024,10.954901842872,3631,SGRA,1.195605635643,265506,AP-N204-F102,0.11251769214869,0.11251769214869,120.27085876465,273.95001220703
04-APR-2024,10.964068508979,3631,SGRA,1.1935386657715,253506,AP-N201-F101,0.088566616177559,0.088566616177559,127.3410949707,273.95001220703
04-APR-2024,10.964068508979,3631,SGRA,1.1935386657715,253506,AP-N202-F101,0.093070916831493,0.093070916831493,116.89307403564,273.95001220703
04-APR-2024,10.964068508979,3631,SGRA,1.1935386657715,265506,AP-N203-F102,0.10799267888069,0.10799267888069,128.66792297363,273.95001220703
04-APR-2024,10.964068508979,3631,SGRA,1.1935386657715,265506,AP-N204-F102,0.11251769214869,0.11251769214869,120.27085876465,273.95001220703
04-APR-2024,11.103929621734,3636,J1751+0939,0.86998826265335,253506,AP-N201-F101,0.087515756487846,0.087515756487846,135.52230834961,274.04998779297
04-APR-2024,11.103929621734,3636,J1751+0939,0.86998826265335,253506,AP-N202-F101,0.093073636293411,0.093073636293411,125.54655456543,274.04998779297
04-APR-2024,11.103929621734,3636,J1751+0939,0.86998826265335,265506,AP-N203-F102,0.10685109347105,0.10685109347105,137.9893951416,274.04998779297
04-APR-2024,11.103929621734,3636,J1751+0939,0.86998826265335,265506,AP-N204-F102,0.11187933385372,0.11187933385372,129.88600158691,274.04998779297
04-APR-2024,1.110653434457,3109,3C273,0.67870086431503,253506,AP-N201-F101,0.1253359913826,0.1253359913826,170.76449584961,272.14999389648
04-APR-2024,1.110653434457,3109,3C273,0.67870086431503,253506,AP-N202-F101,0.1305325627327,0.1305325627327,159.93589782715,272.14999389648
04-APR-2024,1.110653434457,3109,3C273,0.67870086431503,265506,AP-N203-F102,0.14943374693394,0.14943374693394,177.65516662598,272.14999389648
04-APR-2024,1.110653434457,3109,3C273,0.67870086431503,265506,AP-N204-F102,0.15379421412945,0.15379421412945,168.70008850098,272.14999389648
04-APR-2024,11.128235177074,3640,J1751+0939,0.86633449792862,253506,AP-N201-F101,0.087515756487846,0.087515756487846,135.52230834961,274.04998779297
04-APR-2024,11.128235177074,3640,J1751+0939,0.86633449792862,253506,AP-N202-F101,0.093073636293411,0.093073636293411,125.54655456543,274.04998779297
04-APR-2024,11.128235177074,3640,J1751+0939,0.86633449792862,265506,AP-N203-F102,0.10685109347105,0.10685109347105,137.9893951416,274.04998779297
04-APR-2024,11.128235177074,3640,J1751+0939,0.86633449792862,265506,AP-N204-F102,0.11187933385372,0.11187933385372,129.88600158691,274.04998779297
04-APR-2024,11.137679622766,3640,J1751+0939,0.86490494012833,253506,AP-N201-F101,0.087515756487846,0.087515756487846,135.52230834961,274.04998779297
04-APR-2024,11.137679622766,3640,J1751+0939,0.86490494012833,253506,AP-N202-F101,0.093073636293411,0.093073636293411,125.54655456543,274.04998779297
04-APR-2024,11.137679622766,3640,J1751+0939,0.86490494012833,265506,AP-N203-F102,0.10685109347105,0.10685109347105,137.9893951416,274.04998779297
04-APR-2024,11.137679622766,3640,J1751+0939,0.86490494012833,265506,AP-N204-F102,0.11187933385372,0.11187933385372,129.88600158691,274.04998779297
04-APR-2024,11.146846288698,3640,J1751+0939,0.86351233720779,253506,AP-N201-F101,0.087515756487846,0.087515756487846,135.52230834961,274.04998779297
04-APR-2024,11.146846288698,3640,J1751+0939,0.86351233720779,253506,AP-N202-F101,0.093073636293411,0.093073636293411,125.54655456543,274.04998779297
04-APR-2024,11.146846288698,3640,J1751+0939,0.86351233720779,265506,AP-N203-F102,0.10685109347105,0.10685109347105,137.9893951416,274.04998779297
04-APR-2024,11.146846288698,3640,J1751+0939,0.86351233720779,265506,AP-N204-F102,0.11187933385372,0.11187933385372,129.88600158691,274.04998779297
04-APR-2024,1.1285700984253,3113,3C273,0.68268620967865,253506,AP-N201-F101,0.1253359913826,0.1253359913826,170.76449584961,272.14999389648
04-APR-2024,1.1285700984253,3113,3C273,0.68268620967865,253506,AP-N202-F101,0.1305325627327,0.1305325627327,159.93589782715,272.14999389648
04-APR-2024,1.1285700984253,3113,3C273,0.68268620967865,265506,AP-N203-F102,0.14943374693394,0.14943374693394,177.65516662598,272.14999389648
04-APR-2024,1.1285700984253,3113,3C273,0.68268620967865,265506,AP-N204-F102,0.15379421412945,0.15379421412945,168.70008850098,272.14999389648
04-APR-2024,11.32865178547,3646,J1751+0939,0.83488035202026,253506,AP-N201-F101,0.087491534650326,0.087491534650326,136.77153015137,273.14999389648
04-APR-2024,11.32865178547,3646,J1751+0939,0.83488035202026,253506,AP-N202-F101,0.092971056699753,0.092971056699753,126.59062957764,273.14999389648
04-APR-2024,11.32865178547,3646,J1751+0939,0.83488035202026,265506,AP-N203-F102,0.10735902190208,0.10735902190208,139.64848327637,273.14999389648
04-APR-2024,11.32865178547,3646,J1751+0939,0.83488035202026,265506,AP-N204-F102,0.11192109435797,0.11192109435797,131.24801635742,273.14999389648
04-APR-2024,11.345735119061,3650,J1751+0939,0.83209526538849,253506,AP-N201-F101,0.087491534650326,0.087491534650326,136.77153015137,273.14999389648
04-APR-2024,11.345735119061,3650,J1751+0939,0.83209526538849,253506,AP-N202-F101,0.092971056699753,0.092971056699753,126.59062957764,273.14999389648
04-APR-2024,11.345735119061,3650,J1751+0939,0.83209526538849,265506,AP-N203-F102,0.10735902190208,0.10735902190208,139.64848327637,273.14999389648
04-APR-2024,11.345735119061,3650,J1751+0939,0.83209526538849,265506,AP-N204-F102,0.11192109435797,0.11192109435797,131.24801635742,273.14999389648
04-APR-2024,11.355457339625,3650,J1751+0939,0.83050340414047,253506,AP-N201-F101,0.087491534650326,0.087491534650326,136.77153015137,273.14999389648
04-APR-2024,11.355457339625,3650,J1751+0939,0.83050340414047,253506,AP-N202-F101,0.092971056699753,0.092971056699753,126.59062957764,273.14999389648
04-APR-2024,11.355457339625,3650,J1751+0939,0.83050340414047,265506,AP-N203-F102,0.10735902190208,0.10735902190208,139.64848327637,273.14999389648
04-APR-2024,11.355457339625,3650,J1751+0939,0.83050340414047,265506,AP-N204-F102,0.11192109435797,0.11192109435797,131.24801635742,273.14999389648
04-APR-2024,11.364624005732,3650,J1751+0939,0.82899796962738,253506,AP-N201-F101,0.087491534650326,0.087491534650326,136.77153015137,273.14999389648
04-APR-2024,11.364624005732,3650,J1751+0939,0.82899796962738,253506,AP-N202-F101,0.092971056699753,0.092971056699753,126.59062957764,273.14999389648
04-APR-2024,11.364624005732,3650,J1751+0939,0.82899796962738,265506,AP-N203-F102,0.10735902190208,0.10735902190208,139.64848327637,273.14999389648
04-APR-2024,11.364624005732,3650,J1751+0939,0.82899796962738,265506,AP-N204-F102,0.11192109435797,0.11192109435797,131.24801635742,273.14999389648
04-APR-2024,1.1377367666272,3113,3C273,0.68472319841385,253506,AP-N201-F101,0.1253359913826,0.1253359913826,170.76449584961,272.14999389648
04-APR-2024,1.1377367666272,3113,3C273,0.68472319841385,253506,AP-N202-F101,0.1305325627327,0.1305325627327,159.93589782715,272.14999389648
04-APR-2024,1.1377367666272,3113,3C273,0.68472319841385,265506,AP-N203-F102,0.14943374693394,0.14943374693394,177.65516662598,272.14999389648
04-APR-2024,1.1377367666272,3113,3C273,0.68472319841385,265506,AP-N204-F102,0.15379421412945,0.15379421412945,168.70008850098,272.14999389648
04-APR-2024,11.420874006755,3655,SGRA,1.0897344350815,253506,AP-N201-F101,0.083058327436447,0.083058327436447,127.42317199707,273.75
04-APR-2024,11.420874006755,3655,SGRA,1.0897344350815,253506,AP-N202-F101,0.088046118617058,0.088046118617058,116.93639373779,273.75
04-APR-2024,11.420874006755,3655,SGRA,1.0897344350815,265506,AP-N203-F102,0.10249329358339,0.10249329358339,128.97529602051,273.75
04-APR-2024,11.420874006755,3655,SGRA,1.0897344350815,265506,AP-N204-F102,0.10634334385395,0.10634334385395,120.27492523193,273.75
04-APR-2024,11.444624005018,3659,SGRA,1.0843069553375,253506,AP-N201-F101,0.083058327436447,0.083058327436447,127.42317199707,273.75
04-APR-2024,11.444624005018,3659,SGRA,1.0843069553375,253506,AP-N202-F101,0.088046118617058,0.088046118617058,116.93639373779,273.75
04-APR-2024,11.444624005018,3659,SGRA,1.0843069553375,265506,AP-N203-F102,0.10249329358339,0.10249329358339,128.97529602051,273.75
04-APR-2024,11.444624005018,3659,SGRA,1.0843069553375,265506,AP-N204-F102,0.10634334385395,0.10634334385395,120.27492523193,273.75
04-APR-2024,11.454346229948,3659,SGRA,1.0820846557617,253506,AP-N201-F101,0.083058327436447,0.083058327436447,127.42317199707,273.75
04-APR-2024,11.454346229948,3659,SGRA,1.0820846557617,253506,AP-N202-F101,0.088046118617058,0.088046118617058,116.93639373779,273.75
04-APR-2024,11.454346229948,3659,SGRA,1.0820846557617,265506,AP-N203-F102,0.10249329358339,0.10249329358339,128.97529602051,273.75
04-APR-2024,11.454346229948,3659,SGRA,1.0820846557617,265506,AP-N204-F102,0.10634334385395,0.10634334385395,120.27492523193,273.75
04-APR-2024,11.463512896403,3659,SGRA,1.0799889564514,253506,AP-N201-F101,0.083058327436447,0.083058327436447,127.42317199707,273.75
04-APR-2024,11.463512896403,3659,SGRA,1.0799889564514,253506,AP-N202-F101,0.088046118617058,0.088046118617058,116.93639373779,273.75
04-APR-2024,11.463512896403,3659,SGRA,1.0799889564514,265506,AP-N203-F102,0.10249329358339,0.10249329358339,128.97529602051,273.75
04-APR-2024,11.463512896403,3659,SGRA,1.0799889564514,265506,AP-N204-F102,0.10634334385395,0.10634334385395,120.27492523193,273.75
04-APR-2024,1.1469034329082,3113,3C273,0.68675869703293,253506,AP-N201-F101,0.1253359913826,0.1253359913826,170.76449584961,272.14999389648
04-APR-2024,1.1469034329082,3113,3C273,0.68675869703293,253506,AP-N202-F101,0.1305325627327,0.1305325627327,159.93589782715,272.14999389648
04-APR-2024,1.1469034329082,3113,3C273,0.68675869703293,265506,AP-N203-F102,0.14943374693394,0.14943374693394,177.65516662598,272.14999389648
04-APR-2024,1.1469034329082,3113,3C273,0.68675869703293,265506,AP-N204-F102,0.15379421412945,0.15379421412945,168.70008850098,272.14999389648
04-APR-2024,11.472679561986,3659,SGRA,1.0778928995132,253506,AP-N201-F101,0.083058327436447,0.083058327436447,127.42317199707,273.75
04-APR-2024,11.472679561986,3659,SGRA,1.0778928995132,253506,AP-N202-F101,0.088046118617058,0.088046118617058,116.93639373779,273.75
04-APR-2024,11.472679561986,3659,SGRA,1.0778928995132,265506,AP-N203-F102,0.10249329358339,0.10249329358339,128.97529602051,273.75
04-APR-2024,11.472679561986,3659,SGRA,1.0778928995132,265506,AP-N204-F102,0.10634334385395,0.10634334385395,120.27492523193,273.75
04-APR-2024,11.481846227918,3659,SGRA,1.0757967233658,253506,AP-N201-F101,0.083058327436447,0.083058327436447,127.42317199707,273.75
04-APR-2024,11.481846227918,3659,SGRA,1.0757967233658,253506,AP-N202-F101,0.088046118617058,0.088046118617058,116.93639373779,273.75
04-APR-2024,11.481846227918,3659,SGRA,1.0757967233658,265506,AP-N203-F102,0.10249329358339,0.10249329358339,128.97529602051,273.75
04-APR-2024,11.481846227918,3659,SGRA,1.0757967233658,265506,AP-N204-F102,0.10634334385395,0.10634334385395,120.27492523193,273.75
04-APR-2024,11.491012896818,3659,SGRA,1.0737001895905,253506,AP-N201-F101,0.083058327436447,0.083058327436447,127.42317199707,273.75
04-APR-2024,11.491012896818,3659,SGRA,1.0737001895905,253506,AP-N202-F101,0.088046118617058,0.088046118617058,116.93639373779,273.75
04-APR-2024,11.491012896818,3659,SGRA,1.0737001895905,265506,AP-N203-F102,0.10249329358339,0.10249329358339,128.97529602051,273.75
04-APR-2024,11.491012896818,3659,SGRA,1.0737001895905,265506,AP-N204-F102,0.10634334385395,0.10634334385395,120.27492523193,273.75
04-APR-2024,11.50017956275,3659,SGRA,1.0716034173965,253506,AP-N201-F101,0.083058327436447,0.083058327436447,127.42317199707,273.75
04-APR-2024,11.50017956275,3659,SGRA,1.0716034173965,253506,AP-N202-F101,0.088046118617058,0.088046118617058,116.93639373779,273.75
04-APR-2024,11.50017956275,3659,SGRA,1.0716034173965,265506,AP-N203-F102,0.10249329358339,0.10249329358339,128.97529602051,273.75
04-APR-2024,11.50017956275,3659,SGRA,1.0716034173965,265506,AP-N204-F102,0.10634334385395,0.10634334385395,120.27492523193,273.75
04-APR-2024,11.510318450686,3659,SGRA,1.0692838430405,253506,AP-N201-F101,0.083058327436447,0.083058327436447,127.42317199707,273.75
04-APR-2024,11.510318450686,3659,SGRA,1.0692838430405,253506,AP-N202-F101,0.088046118617058,0.088046118617058,116.93639373779,273.75
04-APR-2024,11.510318450686,3659,SGRA,1.0692838430405,265506,AP-N203-F102,0.10249329358339,0.10249329358339,128.97529602051,273.75
04-APR-2024,11.510318450686,3659,SGRA,1.0692838430405,265506,AP-N204-F102,0.10634334385395,0.10634334385395,120.27492523193,273.75
04-APR-2024,11.521012891333,3659,SGRA,1.0668369531631,253506,AP-N201-F101,0.083058327436447,0.083058327436447,127.42317199707,273.75
04-APR-2024,11.521012891333,3659,SGRA,1.0668369531631,253506,AP-N202-F101,0.088046118617058,0.088046118617058,116.93639373779,273.75
04-APR-2024,11.521012891333,3659,SGRA,1.0668369531631,265506,AP-N203-F102,0.10249329358339,0.10249329358339,128.97529602051,273.75
04-APR-2024,11.521012891333,3659,SGRA,1.0668369531631,265506,AP-N204-F102,0.10634334385395,0.10634334385395,120.27492523193,273.75
04-APR-2024,11.53017955971,3659,SGRA,1.0647393465042,253506,AP-N201-F101,0.083058327436447,0.083058327436447,127.42317199707,273.75
04-APR-2024,11.53017955971,3659,SGRA,1.0647393465042,253506,AP-N202-F101,0.088046118617058,0.088046118617058,116.93639373779,273.75
04-APR-2024,11.53017955971,3659,SGRA,1.0647393465042,265506,AP-N203-F102,0.10249329358339,0.10249329358339,128.97529602051,273.75
04-APR-2024,11.53017955971,3659,SGRA,1.0647393465042,265506,AP-N204-F102,0.10634334385395,0.10634334385395,120.27492523193,273.75
04-APR-2024,11.539346225991,3659,SGRA,1.0626415014267,253506,AP-N201-F101,0.083058327436447,0.083058327436447,127.42317199707,273.75
04-APR-2024,11.539346225991,3659,SGRA,1.0626415014267,253506,AP-N202-F101,0.088046118617058,0.088046118617058,116.93639373779,273.75
04-APR-2024,11.539346225991,3659,SGRA,1.0626415014267,265506,AP-N203-F102,0.10249329358339,0.10249329358339,128.97529602051,273.75
04-APR-2024,11.539346225991,3659,SGRA,1.0626415014267,265506,AP-N204-F102,0.10634334385395,0.10634334385395,120.27492523193,273.75
04-APR-2024,11.550179561932,3659,SGRA,1.0601618289948,253506,AP-N201-F101,0.083058327436447,0.083058327436447,127.42317199707,273.75
04-APR-2024,11.550179561932,3659,SGRA,1.0601618289948,253506,AP-N202-F101,0.088046118617058,0.088046118617058,116.93639373779,273.75
04-APR-2024,11.550179561932,3659,SGRA,1.0601618289948,265506,AP-N203-F102,0.10249329358339,0.10249329358339,128.97529602051,273.75
04-APR-2024,11.550179561932,3659,SGRA,1.0601618289948,265506,AP-N204-F102,0.10634334385395,0.10634334385395,120.27492523193,273.75
04-APR-2024,11.559346227864,3659,SGRA,1.0580635070801,253506,AP-N201-F101,0.083058327436447,0.083058327436447,127.42317199707,273.75
04-APR-2024,11.559346227864,3659,SGRA,1.0580635070801,253506,AP-N202-F101,0.088046118617058,0.088046118617058,116.93639373779,273.75
04-APR-2024,11.559346227864,3659,SGRA,1.0580635070801,265506,AP-N203-F102,0.10249329358339,0.10249329358339,128.97529602051,273.75
04-APR-2024,11.559346227864,3659,SGRA,1.0580635070801,265506,AP-N204-F102,0.10634334385395,0.10634334385395,120.27492523193,273.75
04-APR-2024,11.568512894145,3659,SGRA,1.0559648275375,253506,AP-N201-F101,0.083058327436447,0.083058327436447,127.42317199707,273.75
04-APR-2024,11.568512894145,3659,SGRA,1.0559648275375,253506,AP-N202-F101,0.088046118617058,0.088046118617058,116.93639373779,273.75
04-APR-2024,11.568512894145,3659,SGRA,1.0559648275375,265506,AP-N203-F102,0.10249329358339,0.10249329358339,128.97529602051,273.75
04-APR-2024,11.568512894145,3659,SGRA,1.0559648275375,265506,AP-N204-F102,0.10634334385395,0.10634334385395,120.27492523193,273.75
04-APR-2024,11.577679559902,3659,SGRA,1.0538660287857,253506,AP-N201-F101,0.083058327436447,0.083058327436447,127.42317199707,273.75
04-APR-2024,11.577679559902,3659,SGRA,1.0538660287857,253506,AP-N202-F101,0.088046118617058,0.088046118617058,116.93639373779,273.75
04-APR-2024,11.577679559902,3659,SGRA,1.0538660287857,265506,AP-N203-F102,0.10249329358339,0.10249329358339,128.97529602051,273.75
04-APR-2024,11.577679559902,3659,SGRA,1.0538660287857,265506,AP-N204-F102,0.10634334385395,0.10634334385395,120.27492523193,273.75
04-APR-2024,11.713651783768,3662,SGRA,1.0227109193802,253506,AP-N201-F101,0.084512777626514,0.084512777626514,129.68458557129,274.64999389648
04-APR-2024,11.713651783768,3662,SGRA,1.0227109193802,253506,AP-N202-F101,0.089109100401402,0.089109100401402,119.09446716309,274.64999389648
04-APR-2024,11.713651783768,3662,SGRA,1.0227109193802,265506,AP-N203-F102,0.10365880280733,0.10365880280733,131.50492858887,274.64999389648
04-APR-2024,11.713651783768,3662,SGRA,1.0227109193802,265506,AP-N204-F102,0.10829684138298,0.10829684138298,122.96270751953,274.64999389648
04-APR-2024,11.744901779524,3666,SGRA,1.0155454874039,253506,AP-N201-F101,0.084512777626514,0.084512777626514,129.68458557129,274.64999389648
04-APR-2024,11.744901779524,3666,SGRA,1.0155454874039,253506,AP-N202-F101,0.089109100401402,0.089109100401402,119.09446716309,274.64999389648
04-APR-2024,11.744901779524,3666,SGRA,1.0155454874039,265506,AP-N203-F102,0.10365880280733,0.10365880280733,131.50492858887,274.64999389648
04-APR-2024,11.744901779524,3666,SGRA,1.0155454874039,265506,AP-N204-F102,0.10829684138298,0.10829684138298,122.96270751953,274.64999389648
04-APR-2024,11.755596225061,3666,SGRA,1.0130929946899,253506,AP-N201-F101,0.084512777626514,0.084512777626514,129.68458557129,274.64999389648
04-APR-2024,11.755596225061,3666,SGRA,1.0130929946899,253506,AP-N202-F101,0.089109100401402,0.089109100401402,119.09446716309,274.64999389648
04-APR-2024,11.755596225061,3666,SGRA,1.0130929946899,265506,AP-N203-F102,0.10365880280733,0.10365880280733,131.50492858887,274.64999389648
04-APR-2024,11.755596225061,3666,SGRA,1.0130929946899,265506,AP-N204-F102,0.10829684138298,0.10829684138298,122.96270751953,274.64999389648
04-APR-2024,11.764901781572,3666,SGRA,1.0109589099884,253506,AP-N201-F101,0.084512777626514,0.084512777626514,129.68458557129,274.64999389648
04-APR-2024,11.764901781572,3666,SGRA,1.0109589099884,253506,AP-N202-F101,0.089109100401402,0.089109100401402,119.09446716309,274.64999389648
04-APR-2024,11.764901781572,3666,SGRA,1.0109589099884,265506,AP-N203-F102,0.10365880280733,0.10365880280733,131.50492858887,274.64999389648
04-APR-2024,11.764901781572,3666,SGRA,1.0109589099884,265506,AP-N204-F102,0.10829684138298,0.10829684138298,122.96270751953,274.64999389648
04-APR-2024,11.774346226916,3666,SGRA,1.008792757988,253506,AP-N201-F101,0.084512777626514,0.084512777626514,129.68458557129,274.64999389648
04-APR-2024,11.774346226916,3666,SGRA,1.008792757988,253506,AP-N202-F101,0.089109100401402,0.089109100401402,119.09446716309,274.64999389648
04-APR-2024,11.774346226916,3666,SGRA,1.008792757988,265506,AP-N203-F102,0.10365880280733,0.10365880280733,131.50492858887,274.64999389648
04-APR-2024,11.774346226916,3666,SGRA,1.008792757988,265506,AP-N204-F102,0.10829684138298,0.10829684138298,122.96270751953,274.64999389648
04-APR-2024,11.783512893197,3666,SGRA,1.0066902637482,253506,AP-N201-F101,0.084512777626514,0.084512777626514,129.68458557129,274.64999389648
04-APR-2024,11.783512893197,3666,SGRA,1.0066902637482,253506,AP-N202-F101,0.089109100401402,0.089109100401402,119.09446716309,274.64999389648
04-APR-2024,11.783512893197,3666,SGRA,1.0066902637482,265506,AP-N203-F102,0.10365880280733,0.10365880280733,131.50492858887,274.64999389648
04-APR-2024,11.783512893197,3666,SGRA,1.0066902637482,265506,AP-N204-F102,0.10829684138298,0.10829684138298,122.96270751953,274.64999389648
04-APR-2024,11.792679559303,3666,SGRA,1.0045876502991,253506,AP-N201-F101,0.084512777626514,0.084512777626514,129.68458557129,274.64999389648
04-APR-2024,11.792679559303,3666,SGRA,1.0045876502991,253506,AP-N202-F101,0.089109100401402,0.089109100401402,119.09446716309,274.64999389648
04-APR-2024,11.792679559303,3666,SGRA,1.0045876502991,265506,AP-N203-F102,0.10365880280733,0.10365880280733,131.50492858887,274.64999389648
04-APR-2024,11.792679559303,3666,SGRA,1.0045876502991,265506,AP-N204-F102,0.10829684138298,0.10829684138298,122.96270751953,274.64999389648
04-APR-2024,11.801846224886,3666,SGRA,1.0024849176407,253506,AP-N201-F101,0.084512777626514,0.084512777626514,129.68458557129,274.64999389648
04-APR-2024,11.801846224886,3666,SGRA,1.0024849176407,253506,AP-N202-F101,0.089109100401402,0.089109100401402,119.09446716309,274.64999389648
04-APR-2024,11.801846224886,3666,SGRA,1.0024849176407,265506,AP-N203-F102,0.10365880280733,0.10365880280733,131.50492858887,274.64999389648
04-APR-2024,11.801846224886,3666,SGRA,1.0024849176407,265506,AP-N204-F102,0.10829684138298,0.10829684138298,122.96270751953,274.64999389648
04-APR-2024,11.811012893786,3666,SGRA,1.0003821849823,253506,AP-N201-F101,0.084512777626514,0.084512777626514,129.68458557129,274.64999389648
04-APR-2024,11.811012893786,3666,SGRA,1.0003821849823,253506,AP-N202-F101,0.089109100401402,0.089109100401402,119.09446716309,274.64999389648
04-APR-2024,11.811012893786,3666,SGRA,1.0003821849823,265506,AP-N203-F102,0.10365880280733,0.10365880280733,131.50492858887,274.64999389648
04-APR-2024,11.811012893786,3666,SGRA,1.0003821849823,265506,AP-N204-F102,0.10829684138298,0.10829684138298,122.96270751953,274.64999389648
04-APR-2024,11.820179559543,3666,SGRA,0.99827921390533,253506,AP-N201-F101,0.084512777626514,0.084512777626514,129.68458557129,274.64999389648
04-APR-2024,11.820179559543,3666,SGRA,0.99827921390533,253506,AP-N202-F101,0.089109100401402,0.089109100401402,119.09446716309,274.64999389648
04-APR-2024,11.820179559543,3666,SGRA,0.99827921390533,265506,AP-N203-F102,0.10365880280733,0.10365880280733,131.50492858887,274.64999389648
04-APR-2024,11.820179559543,3666,SGRA,0.99827921390533,265506,AP-N204-F102,0.10829684138298,0.10829684138298,122.96270751953,274.64999389648
04-APR-2024,11.831012890944,3666,SGRA,0.99579375982285,253506,AP-N201-F101,0.084512777626514,0.084512777626514,129.68458557129,274.64999389648
04-APR-2024,11.831012890944,3666,SGRA,0.99579375982285,253506,AP-N202-F101,0.089109100401402,0.089109100401402,119.09446716309,274.64999389648
04-APR-2024,11.831012890944,3666,SGRA,0.99579375982285,265506,AP-N203-F102,0.10365880280733,0.10365880280733,131.50492858887,274.64999389648
04-APR-2024,11.831012890944,3666,SGRA,0.99579375982285,265506,AP-N204-F102,0.10829684138298,0.10829684138298,122.96270751953,274.64999389648
04-APR-2024,11.840179557225,3666,SGRA,0.99369066953659,253506,AP-N201-F101,0.084512777626514,0.084512777626514,129.68458557129,274.64999389648
04-APR-2024,11.840179557225,3666,SGRA,0.99369066953659,253506,AP-N202-F101,0.089109100401402,0.089109100401402,119.09446716309,274.64999389648
04-APR-2024,11.840179557225,3666,SGRA,0.99369066953659,265506,AP-N203-F102,0.10365880280733,0.10365880280733,131.50492858887,274.64999389648
04-APR-2024,11.840179557225,3666,SGRA,0.99369066953659,265506,AP-N204-F102,0.10829684138298,0.10829684138298,122.96270751953,274.64999389648
04-APR-2024,11.851012890373,3666,SGRA,0.99120503664017,253506,AP-N201-F101,0.084512777626514,0.084512777626514,129.68458557129,274.64999389648
04-APR-2024,11.851012890373,3666,SGRA,0.99120503664017,253506,AP-N202-F101,0.089109100401402,0.089109100401402,119.09446716309,274.64999389648
04-APR-2024,11.851012890373,3666,SGRA,0.99120503664017,265506,AP-N203-F102,0.10365880280733,0.10365880280733,131.50492858887,274.64999389648
04-APR-2024,11.851012890373,3666,SGRA,0.99120503664017,265506,AP-N204-F102,0.10829684138298,0.10829684138298,122.96270751953,274.64999389648
04-APR-2024,11.971429559379,3671,J1751+0939,0.72075068950653,253506,AP-N201-F101,0.08835507184267,0.08835507184267,143.31712341309,274.85000610352
04-APR-2024,11.971429559379,3671,J1751+0939,0.72075068950653,253506,AP-N202-F101,0.093318976461887,0.093318976461887,133.16552734375,274.85000610352
04-APR-2024,11.971429559379,3671,J1751+0939,0.72075068950653,265506,AP-N203-F102,0.10759594291449,0.10759594291449,146.97581481934,274.85000610352
04-APR-2024,11.971429559379,3671,J1751+0939,0.72075068950653,265506,AP-N204-F102,0.11171665787697,0.11171665787697,138.39340209961,274.85000610352
04-APR-2024,11.99629066778,3675,J1751+0939,0.71600353717804,253506,AP-N201-F101,0.08835507184267,0.08835507184267,143.31712341309,274.85000610352
04-APR-2024,11.99629066778,3675,J1751+0939,0.71600353717804,253506,AP-N202-F101,0.093318976461887,0.093318976461887,133.16552734375,274.85000610352
04-APR-2024,11.99629066778,3675,J1751+0939,0.71600353717804,265506,AP-N203-F102,0.10759594291449,0.10759594291449,146.97581481934,274.85000610352
04-APR-2024,11.99629066778,3675,J1751+0939,0.71600353717804,265506,AP-N204-F102,0.11171665787697,0.11171665787697,138.39340209961,274.85000610352
04-APR-2024,12.005596224291,3675,J1751+0939,0.71422123908997,253506,AP-N201-F101,0.08835507184267,0.08835507184267,143.31712341309,274.85000610352
04-APR-2024,12.005596224291,3675,J1751+0939,0.71422123908997,253506,AP-N202-F101,0.093318976461887,0.093318976461887,133.16552734375,274.85000610352
04-APR-2024,12.005596224291,3675,J1751+0939,0.71422123908997,265506,AP-N203-F102,0.10759594291449,0.10759594291449,146.97581481934,274.85000610352
04-APR-2024,12.005596224291,3675,J1751+0939,0.71422123908997,265506,AP-N204-F102,0.11171665787697,0.11171665787697,138.39340209961,274.85000610352
04-APR-2024,12.01490177958,3675,J1751+0939,0.7124360203743,253506,AP-N201-F101,0.08835507184267,0.08835507184267,143.31712341309,274.85000610352
04-APR-2024,12.01490177958,3675,J1751+0939,0.7124360203743,253506,AP-N202-F101,0.093318976461887,0.093318976461887,133.16552734375,274.85000610352
04-APR-2024,12.01490177958,3675,J1751+0939,0.7124360203743,265506,AP-N203-F102,0.10759594291449,0.10759594291449,146.97581481934,274.85000610352
04-APR-2024,12.01490177958,3675,J1751+0939,0.7124360203743,265506,AP-N204-F102,0.11171665787697,0.11171665787697,138.39340209961,274.85000610352
04-APR-2024,1.2042645437203,3118,M87,0.58790022134781,253506,AP-N201-F101,0.13117001950741,0.13117001950741,187.58888244629,273.45001220703
04-APR-2024,1.2042645437203,3118,M87,0.58790022134781,253506,AP-N202-F101,0.13586132228374,0.13586132228374,176.36224365234,273.45001220703
04-APR-2024,1.2042645437203,3118,M87,0.58790022134781,265506,AP-N203-F102,0.15579454600811,0.15579454600811,196.42962646484,273.45001220703
04-APR-2024,1.2042645437203,3118,M87,0.58790022134781,265506,AP-N204-F102,0.15965114533901,0.15965114533901,187.47737121582,273.45001220703
04-APR-2024,12.110874000572,3680,SGRA,0.93155950307846,253506,AP-N201-F101,0.089907757937908,0.089907757937908,134.97421264648,275.35000610352
04-APR-2024,12.110874000572,3680,SGRA,0.93155950307846,253506,AP-N202-F101,0.095092684030533,0.095092684030533,124.54747009277,275.35000610352
04-APR-2024,12.110874000572,3680,SGRA,0.93155950307846,265506,AP-N203-F102,0.10975186526775,0.10975186526775,137.34651184082,275.35000610352
04-APR-2024,12.110874000572,3680,SGRA,0.93155950307846,265506,AP-N204-F102,0.11456086486578,0.11456086486578,128.85014343262,275.35000610352
04-APR-2024,12.129068442904,3684,SGRA,0.92738282680511,253506,AP-N201-F101,0.089907757937908,0.089907757937908,134.97421264648,275.35000610352
04-APR-2024,12.129068442904,3684,SGRA,0.92738282680511,253506,AP-N202-F101,0.095092684030533,0.095092684030533,124.54747009277,275.35000610352
04-APR-2024,12.129068442904,3684,SGRA,0.92738282680511,265506,AP-N203-F102,0.10975186526775,0.10975186526775,137.34651184082,275.35000610352
04-APR-2024,12.129068442904,3684,SGRA,0.92738282680511,265506,AP-N204-F102,0.11456086486578,0.11456086486578,128.85014343262,275.35000610352
04-APR-2024,12.138512888772,3684,SGRA,0.92521476745605,253506,AP-N201-F101,0.089907757937908,0.089907757937908,134.97421264648,275.35000610352
04-APR-2024,12.138512888772,3684,SGRA,0.92521476745605,253506,AP-N202-F101,0.095092684030533,0.095092684030533,124.54747009277,275.35000610352
04-APR-2024,12.138512888772,3684,SGRA,0.92521476745605,265506,AP-N203-F102,0.10975186526775,0.10975186526775,137.34651184082,275.35000610352
04-APR-2024,12.138512888772,3684,SGRA,0.92521476745605,265506,AP-N204-F102,0.11456086486578,0.11456086486578,128.85014343262,275.35000610352
04-APR-2024,12.147679557148,3684,SGRA,0.9231104850769,253506,AP-N201-F101,0.089907757937908,0.089907757937908,134.97421264648,275.35000610352
04-APR-2024,12.147679557148,3684,SGRA,0.9231104850769,253506,AP-N202-F101,0.095092684030533,0.095092684030533,124.54747009277,275.35000610352
04-APR-2024,12.147679557148,3684,SGRA,0.9231104850769,265506,AP-N203-F102,0.10975186526775,0.10975186526775,137.34651184082,275.35000610352
04-APR-2024,12.147679557148,3684,SGRA,0.9231104850769,265506,AP-N204-F102,0.11456086486578,0.11456086486578,128.85014343262,275.35000610352
04-APR-2024,12.156846222905,3684,SGRA,0.92100620269775,253506,AP-N201-F101,0.089907757937908,0.089907757937908,134.97421264648,275.35000610352
04-APR-2024,12.156846222905,3684,SGRA,0.92100620269775,253506,AP-N202-F101,0.095092684030533,0.095092684030533,124.54747009277,275.35000610352
04-APR-2024,12.156846222905,3684,SGRA,0.92100620269775,265506,AP-N203-F102,0.10975186526775,0.10975186526775,137.34651184082,275.35000610352
04-APR-2024,12.156846222905,3684,SGRA,0.92100620269775,265506,AP-N204-F102,0.11456086486578,0.11456086486578,128.85014343262,275.35000610352
04-APR-2024,12.166012888837,3684,SGRA,0.91890197992325,253506,AP-N201-F101,0.089907757937908,0.089907757937908,134.97421264648,275.35000610352
04-APR-2024,12.166012888837,3684,SGRA,0.91890197992325,253506,AP-N202-F101,0.095092684030533,0.095092684030533,124.54747009277,275.35000610352
04-APR-2024,12.166012888837,3684,SGRA,0.91890197992325,265506,AP-N203-F102,0.10975186526775,0.10975186526775,137.34651184082,275.35000610352
04-APR-2024,12.166012888837,3684,SGRA,0.91890197992325,265506,AP-N204-F102,0.11456086486578,0.11456086486578,128.85014343262,275.35000610352
04-APR-2024,12.175179554769,3684,SGRA,0.91679775714874,253506,AP-N201-F101,0.089907757937908,0.089907757937908,134.97421264648,275.35000610352
04-APR-2024,12.175179554769,3684,SGRA,0.91679775714874,253506,AP-N202-F101,0.095092684030533,0.095092684030533,124.54747009277,275.35000610352
04-APR-2024,12.175179554769,3684,SGRA,0.91679775714874,265506,AP-N203-F102,0.10975186526775,0.10975186526775,137.34651184082,275.35000610352
04-APR-2024,12.175179554769,3684,SGRA,0.91679775714874,265506,AP-N204-F102,0.11456086486578,0.11456086486578,128.85014343262,275.35000610352
04-APR-2024,12.184346223495,3684,SGRA,0.91469359397888,253506,AP-N201-F101,0.089907757937908,0.089907757937908,134.97421264648,275.35000610352
04-APR-2024,12.184346223495,3684,SGRA,0.91469359397888,253506,AP-N202-F101,0.095092684030533,0.095092684030533,124.54747009277,275.35000610352
04-APR-2024,12.184346223495,3684,SGRA,0.91469359397888,265506,AP-N203-F102,0.10975186526775,0.10975186526775,137.34651184082,275.35000610352
04-APR-2024,12.184346223495,3684,SGRA,0.91469359397888,265506,AP-N204-F102,0.11456086486578,0.11456086486578,128.85014343262,275.35000610352
04-APR-2024,12.194624000438,3684,SGRA,0.91233438253403,253506,AP-N201-F101,0.089907757937908,0.089907757937908,134.97421264648,275.35000610352
04-APR-2024,12.194624000438,3684,SGRA,0.91233438253403,253506,AP-N202-F101,0.095092684030533,0.095092684030533,124.54747009277,275.35000610352
04-APR-2024,12.194624000438,3684,SGRA,0.91233438253403,265506,AP-N203-F102,0.10975186526775,0.10975186526775,137.34651184082,275.35000610352
04-APR-2024,12.194624000438,3684,SGRA,0.91233438253403,265506,AP-N204-F102,0.11456086486578,0.11456086486578,128.85014343262,275.35000610352
04-APR-2024,12.20379066637,3684,SGRA,0.91023027896881,253506,AP-N201-F101,0.089907757937908,0.089907757937908,134.97421264648,275.35000610352
04-APR-2024,12.20379066637,3684,SGRA,0.91023027896881,253506,AP-N202-F101,0.095092684030533,0.095092684030533,124.54747009277,275.35000610352
04-APR-2024,12.20379066637,3684,SGRA,0.91023027896881,265506,AP-N203-F102,0.10975186526775,0.10975186526775,137.34651184082,275.35000610352
04-APR-2024,12.20379066637,3684,SGRA,0.91023027896881,265506,AP-N204-F102,0.11456086486578,0.11456086486578,128.85014343262,275.35000610352
04-APR-2024,12.212957332301,3684,SGRA,0.90812623500824,253506,AP-N201-F101,0.089907757937908,0.089907757937908,134.97421264648,275.35000610352
04-APR-2024,12.212957332301,3684,SGRA,0.90812623500824,253506,AP-N202-F101,0.095092684030533,0.095092684030533,124.54747009277,275.35000610352
04-APR-2024,12.212957332301,3684,SGRA,0.90812623500824,265506,AP-N203-F102,0.10975186526775,0.10975186526775,137.34651184082,275.35000610352
04-APR-2024,12.212957332301,3684,SGRA,0.90812623500824,265506,AP-N204-F102,0.11456086486578,0.11456086486578,128.85014343262,275.35000610352
04-APR-2024,12.222123998582,3684,SGRA,0.90602219104767,253506,AP-N201-F101,0.089907757937908,0.089907757937908,134.97421264648,275.35000610352
04-APR-2024,12.222123998582,3684,SGRA,0.90602219104767,253506,AP-N202-F101,0.095092684030533,0.095092684030533,124.54747009277,275.35000610352
04-APR-2024,12.222123998582,3684,SGRA,0.90602219104767,265506,AP-N203-F102,0.10975186526775,0.10975186526775,137.34651184082,275.35000610352
04-APR-2024,12.222123998582,3684,SGRA,0.90602219104767,265506,AP-N204-F102,0.11456086486578,0.11456086486578,128.85014343262,275.35000610352
04-APR-2024,12.23129066434,3684,SGRA,0.9039181470871,253506,AP-N201-F101,0.089907757937908,0.089907757937908,134.97421264648,275.35000610352
04-APR-2024,12.23129066434,3684,SGRA,0.9039181470871,253506,AP-N202-F101,0.095092684030533,0.095092684030533,124.54747009277,275.35000610352
04-APR-2024,12.23129066434,3684,SGRA,0.9039181470871,265506,AP-N203-F102,0.10975186526775,0.10975186526775,137.34651184082,275.35000610352
04-APR-2024,12.23129066434,3684,SGRA,0.9039181470871,265506,AP-N204-F102,0.11456086486578,0.11456086486578,128.85014343262,275.35000610352
04-APR-2024,12.242123998186,3684,SGRA,0.90143167972565,253506,AP-N201-F101,0.089907757937908,0.089907757937908,134.97421264648,275.35000610352
04-APR-2024,12.242123998186,3684,SGRA,0.90143167972565,253506,AP-N202-F101,0.095092684030533,0.095092684030533,124.54747009277,275.35000610352
04-APR-2024,12.242123998186,3684,SGRA,0.90143167972565,265506,AP-N203-F102,0.10975186526775,0.10975186526775,137.34651184082,275.35000610352
04-APR-2024,12.242123998186,3684,SGRA,0.90143167972565,265506,AP-N204-F102,0.11456086486578,0.11456086486578,128.85014343262,275.35000610352
04-APR-2024,12.25184622102,3684,SGRA,0.89920026063919,253506,AP-N201-F101,0.089907757937908,0.089907757937908,134.97421264648,275.35000610352
04-APR-2024,12.25184622102,3684,SGRA,0.89920026063919,253506,AP-N202-F101,0.095092684030533,0.095092684030533,124.54747009277,275.35000610352
04-APR-2024,12.25184622102,3684,SGRA,0.89920026063919,265506,AP-N203-F102,0.10975186526775,0.10975186526775,137.34651184082,275.35000610352
04-APR-2024,12.25184622102,3684,SGRA,0.89920026063919,265506,AP-N204-F102,0.11456086486578,0.11456086486578,128.85014343262,275.35000610352
04-APR-2024,12.26240177528,3684,SGRA,0.89677762985229,253506,AP-N201-F101,0.089907757937908,0.089907757937908,134.97421264648,275.35000610352
04-APR-2024,12.26240177528,3684,SGRA,0.89677762985229,253506,AP-N202-F101,0.095092684030533,0.095092684030533,124.54747009277,275.35000610352
04-APR-2024,12.26240177528,3684,SGRA,0.89677762985229,265506,AP-N203-F102,0.10975186526775,0.10975186526775,137.34651184082,275.35000610352
04-APR-2024,12.26240177528,3684,SGRA,0.89677762985229,265506,AP-N204-F102,0.11456086486578,0.11456086486578,128.85014343262,275.35000610352
04-APR-2024,1.2282923233156,3122,M87,0.59270232915878,253506,AP-N201-F101,0.13117001950741,0.13117001950741,187.58888244629,273.45001220703
04-APR-2024,1.2282923233156,3122,M87,0.59270232915878,253506,AP-N202-F101,0.13586132228374,0.13586132228374,176.36224365234,273.45001220703
04-APR-2024,1.2282923233156,3122,M87,0.59270232915878,265506,AP-N203-F102,0.15579454600811,0.15579454600811,196.42962646484,273.45001220703
04-APR-2024,1.2282923233156,3122,M87,0.59270232915878,265506,AP-N204-F102,0.15965114533901,0.15965114533901,187.47737121582,273.45001220703
04-APR-2024,1.2374589890728,3122,M87,0.59453028440475,253506,AP-N201-F101,0.13117001950741,0.13117001950741,187.58888244629,273.45001220703
04-APR-2024,1.2374589890728,3122,M87,0.59453028440475,253506,AP-N202-F101,0.13586132228374,0.13586132228374,176.36224365234,273.45001220703
04-APR-2024,1.2374589890728,3122,M87,0.59453028440475,265506,AP-N203-F102,0.15579454600811,0.15579454600811,196.42962646484,273.45001220703
04-APR-2024,1.2374589890728,3122,M87,0.59453028440475,265506,AP-N204-F102,0.15965114533901,0.15965114533901,187.47737121582,273.45001220703
04-APR-2024,12.403651775664,3689,J1924-2914,1.2395627498627,253506,AP-N201-F101,0.094390660524368,0.094390660524368,129.92366027832,275.04998779297
04-APR-2024,12.403651775664,3689,J1924-2914,1.2395627498627,253506,AP-N202-F101,0.099515549838543,0.099515549838543,119.34674072266,275.04998779297
04-APR-2024,12.403651775664,3689,J1924-2914,1.2395627498627,265506,AP-N203-F102,0.11486083269119,0.11486083269119,131.75688171387,275.04998779297
04-APR-2024,12.403651775664,3689,J1924-2914,1.2395627498627,265506,AP-N204-F102,0.11944376677275,0.11944376677275,122.92072296143,275.04998779297
04-APR-2024,12.428512885986,3693,J1924-2914,1.2340383529663,253506,AP-N201-F101,0.094390660524368,0.094390660524368,129.92366027832,275.04998779297
04-APR-2024,12.428512885986,3693,J1924-2914,1.2340383529663,253506,AP-N202-F101,0.099515549838543,0.099515549838543,119.34674072266,275.04998779297
04-APR-2024,12.428512885986,3693,J1924-2914,1.2340383529663,265506,AP-N203-F102,0.11486083269119,0.11486083269119,131.75688171387,275.04998779297
04-APR-2024,12.428512885986,3693,J1924-2914,1.2340383529663,265506,AP-N204-F102,0.11944376677275,0.11944376677275,122.92072296143,275.04998779297
04-APR-2024,12.438790663453,3693,J1924-2914,1.2317516803741,253506,AP-N201-F101,0.094390660524368,0.094390660524368,129.92366027832,275.04998779297
04-APR-2024,12.438790663453,3693,J1924-2914,1.2317516803741,253506,AP-N202-F101,0.099515549838543,0.099515549838543,119.34674072266,275.04998779297
04-APR-2024,12.438790663453,3693,J1924-2914,1.2317516803741,265506,AP-N203-F102,0.11486083269119,0.11486083269119,131.75688171387,275.04998779297
04-APR-2024,12.438790663453,3693,J1924-2914,1.2317516803741,265506,AP-N204-F102,0.11944376677275,0.11944376677275,122.92072296143,275.04998779297
04-APR-2024,12.448512886113,3693,J1924-2914,1.2295871973038,253506,AP-N201-F101,0.094390660524368,0.094390660524368,129.92366027832,275.04998779297
04-APR-2024,12.448512886113,3693,J1924-2914,1.2295871973038,253506,AP-N202-F101,0.099515549838543,0.099515549838543,119.34674072266,275.04998779297
04-APR-2024,12.448512886113,3693,J1924-2914,1.2295871973038,265506,AP-N203-F102,0.11486083269119,0.11486083269119,131.75688171387,275.04998779297
04-APR-2024,12.448512886113,3693,J1924-2914,1.2295871973038,265506,AP-N204-F102,0.11944376677275,0.11944376677275,122.92072296143,275.04998779297
04-APR-2024,1.2466256550046,3122,M87,0.59635603427887,253506,AP-N201-F101,0.13117001950741,0.13117001950741,187.58888244629,273.45001220703
04-APR-2024,1.2466256550046,3122,M87,0.59635603427887,253506,AP-N202-F101,0.13586132228374,0.13586132228374,176.36224365234,273.45001220703
04-APR-2024,1.2466256550046,3122,M87,0.59635603427887,265506,AP-N203-F102,0.15579454600811,0.15579454600811,196.42962646484,273.45001220703
04-APR-2024,1.2466256550046,3122,M87,0.59635603427887,265506,AP-N204-F102,0.15965114533901,0.15965114533901,187.47737121582,273.45001220703
04-APR-2024,1.2557923205871,3122,M87,0.59817957878113,253506,AP-N201-F101,0.13117001950741,0.13117001950741,187.58888244629,273.45001220703
04-APR-2024,1.2557923205871,3122,M87,0.59817957878113,253506,AP-N202-F101,0.13586132228374,0.13586132228374,176.36224365234,273.45001220703
04-APR-2024,1.2557923205871,3122,M87,0.59817957878113,265506,AP-N203-F102,0.15579454600811,0.15579454600811,196.42962646484,273.45001220703
04-APR-2024,1.2557923205871,3122,M87,0.59817957878113,265506,AP-N204-F102,0.15965114533901,0.15965114533901,187.47737121582,273.45001220703
04-APR-2024,13.014025770012,3708,SGRA,0.72464573383331,253506,AP-N201-F101,0.11468508094549,0.11468508094549,160.01983642578,275.54998779297
04-APR-2024,13.014025770012,3708,SGRA,0.72464573383331,253506,AP-N202-F101,0.12014194577932,0.12014194577932,149.36895751953,275.54998779297
04-APR-2024,13.014025770012,3708,SGRA,0.72464573383331,265506,AP-N203-F102,0.13742572069168,0.13742572069168,165.65330505371,275.54998779297
04-APR-2024,13.014025770012,3708,SGRA,0.72464573383331,265506,AP-N204-F102,0.14199201762676,0.14199201762676,156.57691955566,275.54998779297
04-APR-2024,13.044997990199,3712,SGRA,0.71757692098618,253506,AP-N201-F101,0.11468508094549,0.11468508094549,160.01983642578,275.54998779297
04-APR-2024,13.044997990199,3712,SGRA,0.71757692098618,253506,AP-N202-F101,0.12014194577932,0.12014194577932,149.36895751953,275.54998779297
04-APR-2024,13.044997990199,3712,SGRA,0.71757692098618,265506,AP-N203-F102,0.13742572069168,0.13742572069168,165.65330505371,275.54998779297
04-APR-2024,13.044997990199,3712,SGRA,0.71757692098618,265506,AP-N204-F102,0.14199201762676,0.14199201762676,156.57691955566,275.54998779297
04-APR-2024,13.05416465648,3712,SGRA,0.71548527479172,253506,AP-N201-F101,0.11468508094549,0.11468508094549,160.01983642578,275.54998779297
04-APR-2024,13.05416465648,3712,SGRA,0.71548527479172,253506,AP-N202-F101,0.12014194577932,0.12014194577932,149.36895751953,275.54998779297
04-APR-2024,13.05416465648,3712,SGRA,0.71548527479172,265506,AP-N203-F102,0.13742572069168,0.13742572069168,165.65330505371,275.54998779297
04-APR-2024,13.05416465648,3712,SGRA,0.71548527479172,265506,AP-N204-F102,0.14199201762676,0.14199201762676,156.57691955566,275.54998779297
04-APR-2024,13.063331322237,3712,SGRA,0.71339386701584,253506,AP-N201-F101,0.11468508094549,0.11468508094549,160.01983642578,275.54998779297
04-APR-2024,13.063331322237,3712,SGRA,0.71339386701584,253506,AP-N202-F101,0.12014194577932,0.12014194577932,149.36895751953,275.54998779297
04-APR-2024,13.063331322237,3712,SGRA,0.71339386701584,265506,AP-N203-F102,0.13742572069168,0.13742572069168,165.65330505371,275.54998779297
04-APR-2024,13.063331322237,3712,SGRA,0.71339386701584,265506,AP-N204-F102,0.14199201762676,0.14199201762676,156.57691955566,275.54998779297
04-APR-2024,13.072497988343,3712,SGRA,0.71130263805389,253506,AP-N201-F101,0.11468508094549,0.11468508094549,160.01983642578,275.54998779297
04-APR-2024,13.072497988343,3712,SGRA,0.71130263805389,253506,AP-N202-F101,0.12014194577932,0.12014194577932,149.36895751953,275.54998779297
04-APR-2024,13.072497988343,3712,SGRA,0.71130263805389,265506,AP-N203-F102,0.13742572069168,0.13742572069168,165.65330505371,275.54998779297
04-APR-2024,13.072497988343,3712,SGRA,0.71130263805389,265506,AP-N204-F102,0.14199201762676,0.14199201762676,156.57691955566,275.54998779297
04-APR-2024,13.081664656895,3712,SGRA,0.70921170711517,253506,AP-N201-F101,0.11468508094549,0.11468508094549,160.01983642578,275.54998779297
04-APR-2024,13.081664656895,3712,SGRA,0.70921170711517,253506,AP-N202-F101,0.12014194577932,0.12014194577932,149.36895751953,275.54998779297
04-APR-2024,13.081664656895,3712,SGRA,0.70921170711517,265506,AP-N203-F102,0.13742572069168,0.13742572069168,165.65330505371,275.54998779297
04-APR-2024,13.081664656895,3712,SGRA,0.70921170711517,265506,AP-N204-F102,0.14199201762676,0.14199201762676,156.57691955566,275.54998779297
04-APR-2024,13.090831322477,3712,SGRA,0.70712095499039,253506,AP-N201-F101,0.11468508094549,0.11468508094549,160.01983642578,275.54998779297
04-APR-2024,13.090831322477,3712,SGRA,0.70712095499039,253506,AP-N202-F101,0.12014194577932,0.12014194577932,149.36895751953,275.54998779297
04-APR-2024,13.090831322477,3712,SGRA,0.70712095499039,265506,AP-N203-F102,0.13742572069168,0.13742572069168,165.65330505371,275.54998779297
04-APR-2024,13.090831322477,3712,SGRA,0.70712095499039,265506,AP-N204-F102,0.14199201762676,0.14199201762676,156.57691955566,275.54998779297
04-APR-2024,13.099997991028,3712,SGRA,0.70503038167953,253506,AP-N201-F101,0.11468508094549,0.11468508094549,160.01983642578,275.54998779297
04-APR-2024,13.099997991028,3712,SGRA,0.70503038167953,253506,AP-N202-F101,0.12014194577932,0.12014194577932,149.36895751953,275.54998779297
04-APR-2024,13.099997991028,3712,SGRA,0.70503038167953,265506,AP-N203-F102,0.13742572069168,0.13742572069168,165.65330505371,275.54998779297
04-APR-2024,13.099997991028,3712,SGRA,0.70503038167953,265506,AP-N204-F102,0.14199201762676,0.14199201762676,156.57691955566,275.54998779297
04-APR-2024,13.109164657135,3712,SGRA,0.70294010639191,253506,AP-N201-F101,0.11468508094549,0.11468508094549,160.01983642578,275.54998779297
04-APR-2024,13.109164657135,3712,SGRA,0.70294010639191,253506,AP-N202-F101,0.12014194577932,0.12014194577932,149.36895751953,275.54998779297
04-APR-2024,13.109164657135,3712,SGRA,0.70294010639191,265506,AP-N203-F102,0.13742572069168,0.13742572069168,165.65330505371,275.54998779297
04-APR-2024,13.109164657135,3712,SGRA,0.70294010639191,265506,AP-N204-F102,0.14199201762676,0.14199201762676,156.57691955566,275.54998779297
04-APR-2024,13.118331323067,3712,SGRA,0.70085006952286,253506,AP-N201-F101,0.11468508094549,0.11468508094549,160.01983642578,275.54998779297
04-APR-2024,13.118331323067,3712,SGRA,0.70085006952286,253506,AP-N202-F101,0.12014194577932,0.12014194577932,149.36895751953,275.54998779297
04-APR-2024,13.118331323067,3712,SGRA,0.70085006952286,265506,AP-N203-F102,0.13742572069168,0.13742572069168,165.65330505371,275.54998779297
04-APR-2024,13.118331323067,3712,SGRA,0.70085006952286,265506,AP-N204-F102,0.14199201762676,0.14199201762676,156.57691955566,275.54998779297
04-APR-2024,13.13055354751,3712,SGRA,0.69806373119354,253506,AP-N201-F101,0.11468508094549,0.11468508094549,160.01983642578,275.54998779297
04-APR-2024,13.13055354751,3712,SGRA,0.69806373119354,253506,AP-N202-F101,0.12014194577932,0.12014194577932,149.36895751953,275.54998779297
04-APR-2024,13.13055354751,3712,SGRA,0.69806373119354,265506,AP-N203-F102,0.13742572069168,0.13742572069168,165.65330505371,275.54998779297
04-APR-2024,13.13055354751,3712,SGRA,0.69806373119354,265506,AP-N204-F102,0.14199201762676,0.14199201762676,156.57691955566,275.54998779297
04-APR-2024,1.3139867668405,3125,M87,0.60970276594162,253506,AP-N201-F101,0.13402388989925,0.13402388989925,186.74780273437,274.25
04-APR-2024,1.3139867668405,3125,M87,0.60970276594162,253506,AP-N202-F101,0.13855528831482,0.13855528831482,175.43421936035,274.25
04-APR-2024,1.3139867668405,3125,M87,0.60970276594162,265506,AP-N203-F102,0.15890458226204,0.15890458226204,195.38482666016,274.25
04-APR-2024,1.3139867668405,3125,M87,0.60970276594162,265506,AP-N204-F102,0.16267757117748,0.16267757117748,186.14016723633,274.25
04-APR-2024,13.237636878442,3717,J1751+0939,0.45818263292313,253506,AP-N201-F101,0.12538377940655,0.12538377940655,209.47691345215,277.95001220703
04-APR-2024,13.237636878442,3717,J1751+0939,0.45818263292313,253506,AP-N202-F101,0.12916344404221,0.12916344404221,197.82736206055,277.95001220703
04-APR-2024,13.237636878442,3717,J1751+0939,0.45818263292313,265506,AP-N203-F102,0.14870123565197,0.14870123565197,221.51863098145,277.95001220703
04-APR-2024,13.237636878442,3717,J1751+0939,0.45818263292313,265506,AP-N204-F102,0.15174646675587,0.15174646675587,211.56712341309,277.95001220703
04-APR-2024,13.261942434655,3721,J1751+0939,0.45282730460167,253506,AP-N201-F101,0.12538377940655,0.12538377940655,209.47691345215,277.95001220703
04-APR-2024,13.261942434655,3721,J1751+0939,0.45282730460167,253506,AP-N202-F101,0.12916344404221,0.12916344404221,197.82736206055,277.95001220703
04-APR-2024,13.261942434655,3721,J1751+0939,0.45282730460167,265506,AP-N203-F102,0.14870123565197,0.14870123565197,221.51863098145,277.95001220703
04-APR-2024,13.261942434655,3721,J1751+0939,0.45282730460167,265506,AP-N204-F102,0.15174646675587,0.15174646675587,211.56712341309,277.95001220703
04-APR-2024,13.271386877554,3721,J1751+0939,0.45074400305748,253506,AP-N201-F101,0.12538377940655,0.12538377940655,209.47691345215,277.95001220703
04-APR-2024,13.271386877554,3721,J1751+0939,0.45074400305748,253506,AP-N202-F101,0.12916344404221,0.12916344404221,197.82736206055,277.95001220703
04-APR-2024,13.271386877554,3721,J1751+0939,0.45074400305748,265506,AP-N203-F102,0.14870123565197,0.14870123565197,221.51863098145,277.95001220703
04-APR-2024,13.271386877554,3721,J1751+0939,0.45074400305748,265506,AP-N204-F102,0.15174646675587,0.15174646675587,211.56712341309,277.95001220703
04-APR-2024,13.280831323422,3721,J1751+0939,0.44865942001343,253506,AP-N201-F101,0.12538377940655,0.12538377940655,209.47691345215,277.95001220703
04-APR-2024,13.280831323422,3721,J1751+0939,0.44865942001343,253506,AP-N202-F101,0.12916344404221,0.12916344404221,197.82736206055,277.95001220703
04-APR-2024,13.280831323422,3721,J1751+0939,0.44865942001343,265506,AP-N203-F102,0.14870123565197,0.14870123565197,221.51863098145,277.95001220703
04-APR-2024,13.280831323422,3721,J1751+0939,0.44865942001343,265506,AP-N204-F102,0.15174646675587,0.15174646675587,211.56712341309,277.95001220703
04-APR-2024,13.337636878204,3726,J1924-2914,1.0280690193176,253506,AP-N201-F101,0.12452226132154,0.12452226132154,149.14170837402,278.54998779297
04-APR-2024,13.337636878204,3726,J1924-2914,1.0280690193176,253506,AP-N202-F101,0.13045166432858,0.13045166432858,138.36459350586,278.54998779297
04-APR-2024,13.337636878204,3726,J1924-2914,1.0280690193176,265506,AP-N203-F102,0.14872464537621,0.14872464537621,152.91539001465,278.54998779297
04-APR-2024,13.337636878204,3726,J1924-2914,1.0280690193176,265506,AP-N204-F102,0.15306605398655,0.15306605398655,144.00300598145,278.54998779297
04-APR-2024,13.360831322882,3730,J1924-2914,1.0227625370026,253506,AP-N201-F101,0.12452226132154,0.12452226132154,149.14170837402,278.54998779297
04-APR-2024,13.360831322882,3730,J1924-2914,1.0227625370026,253506,AP-N202-F101,0.13045166432858,0.13045166432858,138.36459350586,278.54998779297
04-APR-2024,13.360831322882,3730,J1924-2914,1.0227625370026,265506,AP-N203-F102,0.14872464537621,0.14872464537621,152.91539001465,278.54998779297
04-APR-2024,13.360831322882,3730,J1924-2914,1.0227625370026,265506,AP-N204-F102,0.15306605398655,0.15306605398655,144.00300598145,278.54998779297
04-APR-2024,13.369997988465,3730,J1924-2914,1.0206649303436,253506,AP-N201-F101,0.12452226132154,0.12452226132154,149.14170837402,278.54998779297
04-APR-2024,13.369997988465,3730,J1924-2914,1.0206649303436,253506,AP-N202-F101,0.13045166432858,0.13045166432858,138.36459350586,278.54998779297
04-APR-2024,13.369997988465,3730,J1924-2914,1.0206649303436,265506,AP-N203-F102,0.14872464537621,0.14872464537621,152.91539001465,278.54998779297
04-APR-2024,13.369997988465,3730,J1924-2914,1.0206649303436,265506,AP-N204-F102,0.15306605398655,0.15306605398655,144.00300598145,278.54998779297
04-APR-2024,13.379164656841,3730,J1924-2914,1.0185673236847,253506,AP-N201-F101,0.12452226132154,0.12452226132154,149.14170837402,278.54998779297
04-APR-2024,13.379164656841,3730,J1924-2914,1.0185673236847,253506,AP-N202-F101,0.13045166432858,0.13045166432858,138.36459350586,278.54998779297
04-APR-2024,13.379164656841,3730,J1924-2914,1.0185673236847,265506,AP-N203-F102,0.14872464537621,0.14872464537621,152.91539001465,278.54998779297
04-APR-2024,13.379164656841,3730,J1924-2914,1.0185673236847,265506,AP-N204-F102,0.15306605398655,0.15306605398655,144.00300598145,278.54998779297
04-APR-2024,13.437636879014,3735,SGRA,0.62820571660995,253506,AP-N201-F101,0.12568798661232,0.12568798661232,177.82615661621,277.35000610352
04-APR-2024,13.437636879014,3735,SGRA,0.62820571660995,253506,AP-N202-F101,0.13048830628395,0.13048830628395,166.71485900879,277.35000610352
04-APR-2024,13.437636879014,3735,SGRA,0.62820571660995,265506,AP-N203-F102,0.14939732849598,0.14939732849598,185.58418273926,277.35000610352
04-APR-2024,13.437636879014,3735,SGRA,0.62820571660995,265506,AP-N204-F102,0.15338443219662,0.15338443219662,176.44093322754,277.35000610352
04-APR-2024,1.3452367657402,3129,M87,0.61585170030594,253506,AP-N201-F101,0.13402388989925,0.13402388989925,186.74780273437,274.25
04-APR-2024,1.3452367657402,3129,M87,0.61585170030594,253506,AP-N202-F101,0.13855528831482,0.13855528831482,175.43421936035,274.25
04-APR-2024,1.3452367657402,3129,M87,0.61585170030594,265506,AP-N203-F102,0.15890458226204,0.15890458226204,195.38482666016,274.25
04-APR-2024,1.3452367657402,3129,M87,0.61585170030594,265506,AP-N204-F102,0.16267757117748,0.16267757117748,186.14016723633,274.25
04-APR-2024,13.461664655466,3739,SGRA,0.62275278568268,253506,AP-N201-F101,0.12568798661232,0.12568798661232,177.82615661621,277.35000610352
04-APR-2024,13.461664655466,3739,SGRA,0.62275278568268,253506,AP-N202-F101,0.13048830628395,0.13048830628395,166.71485900879,277.35000610352
04-APR-2024,13.461664655466,3739,SGRA,0.62275278568268,265506,AP-N203-F102,0.14939732849598,0.14939732849598,185.58418273926,277.35000610352
04-APR-2024,13.461664655466,3739,SGRA,0.62275278568268,265506,AP-N204-F102,0.15338443219662,0.15338443219662,176.44093322754,277.35000610352
04-APR-2024,13.470831321747,3739,SGRA,0.62067306041718,253506,AP-N201-F101,0.12568798661232,0.12568798661232,177.82615661621,277.35000610352
04-APR-2024,13.470831321747,3739,SGRA,0.62067306041718,253506,AP-N202-F101,0.13048830628395,0.13048830628395,166.71485900879,277.35000610352
04-APR-2024,13.470831321747,3739,SGRA,0.62067306041718,265506,AP-N203-F102,0.14939732849598,0.14939732849598,185.58418273926,277.35000610352
04-APR-2024,13.470831321747,3739,SGRA,0.62067306041718,265506,AP-N204-F102,0.15338443219662,0.15338443219662,176.44093322754,277.35000610352
04-APR-2024,13.479997987679,3739,SGRA,0.61859357357025,253506,AP-N201-F101,0.12568798661232,0.12568798661232,177.82615661621,277.35000610352
04-APR-2024,13.479997987679,3739,SGRA,0.61859357357025,253506,AP-N202-F101,0.13048830628395,0.13048830628395,166.71485900879,277.35000610352
04-APR-2024,13.479997987679,3739,SGRA,0.61859357357025,265506,AP-N203-F102,0.14939732849598,0.14939732849598,185.58418273926,277.35000610352
04-APR-2024,13.479997987679,3739,SGRA,0.61859357357025,265506,AP-N204-F102,0.15338443219662,0.15338443219662,176.44093322754,277.35000610352
04-APR-2024,13.489442431102,3739,SGRA,0.61645144224167,253506,AP-N201-F101,0.12568798661232,0.12568798661232,177.82615661621,277.35000610352
04-APR-2024,13.489442431102,3739,SGRA,0.61645144224167,253506,AP-N202-F101,0.13048830628395,0.13048830628395,166.71485900879,277.35000610352
04-APR-2024,13.489442431102,3739,SGRA,0.61645144224167,265506,AP-N203-F102,0.14939732849598,0.14939732849598,185.58418273926,277.35000610352
04-APR-2024,13.489442431102,3739,SGRA,0.61645144224167,265506,AP-N204-F102,0.15338443219662,0.15338443219662,176.44093322754,277.35000610352
04-APR-2024,13.498609096859,3739,SGRA,0.61437261104584,253506,AP-N201-F101,0.12568798661232,0.12568798661232,177.82615661621,277.35000610352
04-APR-2024,13.498609096859,3739,SGRA,0.61437261104584,253506,AP-N202-F101,0.13048830628395,0.13048830628395,166.71485900879,277.35000610352
04-APR-2024,13.498609096859,3739,SGRA,0.61437261104584,265506,AP-N203-F102,0.14939732849598,0.14939732849598,185.58418273926,277.35000610352
04-APR-2024,13.498609096859,3739,SGRA,0.61437261104584,265506,AP-N204-F102,0.15338443219662,0.15338443219662,176.44093322754,277.35000610352
04-APR-2024,13.507775762965,3739,SGRA,0.61229407787323,253506,AP-N201-F101,0.12568798661232,0.12568798661232,177.82615661621,277.35000610352
04-APR-2024,13.507775762965,3739,SGRA,0.61229407787323,253506,AP-N202-F101,0.13048830628395,0.13048830628395,166.71485900879,277.35000610352
04-APR-2024,13.507775762965,3739,SGRA,0.61229407787323,265506,AP-N203-F102,0.14939732849598,0.14939732849598,185.58418273926,277.35000610352
04-APR-2024,13.507775762965,3739,SGRA,0.61229407787323,265506,AP-N204-F102,0.15338443219662,0.15338443219662,176.44093322754,277.35000610352
04-APR-2024,13.516942428548,3739,SGRA,0.61021584272385,253506,AP-N201-F101,0.12568798661232,0.12568798661232,177.82615661621,277.35000610352
04-APR-2024,13.516942428548,3739,SGRA,0.61021584272385,253506,AP-N202-F101,0.13048830628395,0.13048830628395,166.71485900879,277.35000610352
04-APR-2024,13.516942428548,3739,SGRA,0.61021584272385,265506,AP-N203-F102,0.14939732849598,0.14939732849598,185.58418273926,277.35000610352
04-APR-2024,13.516942428548,3739,SGRA,0.61021584272385,265506,AP-N204-F102,0.15338443219662,0.15338443219662,176.44093322754,277.35000610352
04-APR-2024,13.526109097099,3739,SGRA,0.60813790559769,253506,AP-N201-F101,0.12568798661232,0.12568798661232,177.82615661621,277.35000610352
04-APR-2024,13.526109097099,3739,SGRA,0.60813790559769,253506,AP-N202-F101,0.13048830628395,0.13048830628395,166.71485900879,277.35000610352
04-APR-2024,13.526109097099,3739,SGRA,0.60813790559769,265506,AP-N203-F102,0.14939732849598,0.14939732849598,185.58418273926,277.35000610352
04-APR-2024,13.526109097099,3739,SGRA,0.60813790559769,265506,AP-N204-F102,0.15338443219662,0.15338443219662,176.44093322754,277.35000610352
04-APR-2024,13.535275763031,3739,SGRA,0.6060603260994,253506,AP-N201-F101,0.12568798661232,0.12568798661232,177.82615661621,277.35000610352
04-APR-2024,13.535275763031,3739,SGRA,0.6060603260994,253506,AP-N202-F101,0.13048830628395,0.13048830628395,166.71485900879,277.35000610352
04-APR-2024,13.535275763031,3739,SGRA,0.6060603260994,265506,AP-N203-F102,0.14939732849598,0.14939732849598,185.58418273926,277.35000610352
04-APR-2024,13.535275763031,3739,SGRA,0.6060603260994,265506,AP-N204-F102,0.15338443219662,0.15338443219662,176.44093322754,277.35000610352
04-APR-2024,1.3544034318466,3129,M87,0.61765015125275,253506,AP-N201-F101,0.13402388989925,0.13402388989925,186.74780273437,274.25
04-APR-2024,1.3544034318466,3129,M87,0.61765015125275,253506,AP-N202-F101,0.13855528831482,0.13855528831482,175.43421936035,274.25
04-APR-2024,1.3544034318466,3129,M87,0.61765015125275,265506,AP-N203-F102,0.15890458226204,0.15890458226204,195.38482666016,274.25
04-APR-2024,1.3544034318466,3129,M87,0.61765015125275,265506,AP-N204-F102,0.16267757117748,0.16267757117748,186.14016723633,274.25
04-APR-2024,13.548886875628,3739,SGRA,0.60297602415085,253506,AP-N201-F101,0.12568798661232,0.12568798661232,177.82615661621,277.35000610352
04-APR-2024,13.548886875628,3739,SGRA,0.60297602415085,253506,AP-N202-F101,0.13048830628395,0.13048830628395,166.71485900879,277.35000610352
04-APR-2024,13.548886875628,3739,SGRA,0.60297602415085,265506,AP-N203-F102,0.14939732849598,0.14939732849598,185.58418273926,277.35000610352
04-APR-2024,13.548886875628,3739,SGRA,0.60297602415085,265506,AP-N204-F102,0.15338443219662,0.15338443219662,176.44093322754,277.35000610352
04-APR-2024,13.558053544179,3739,SGRA,0.60089921951294,253506,AP-N201-F101,0.12568798661232,0.12568798661232,177.82615661621,277.35000610352
04-APR-2024,13.558053544179,3739,SGRA,0.60089921951294,253506,AP-N202-F101,0.13048830628395,0.13048830628395,166.71485900879,277.35000610352
04-APR-2024,13.558053544179,3739,SGRA,0.60089921951294,265506,AP-N203-F102,0.14939732849598,0.14939732849598,185.58418273926,277.35000610352
04-APR-2024,13.558053544179,3739,SGRA,0.60089921951294,265506,AP-N204-F102,0.15338443219662,0.15338443219662,176.44093322754,277.35000610352
04-APR-2024,13.567220210634,3739,SGRA,0.59882271289825,253506,AP-N201-F101,0.12568798661232,0.12568798661232,177.82615661621,277.35000610352
04-APR-2024,13.567220210634,3739,SGRA,0.59882271289825,253506,AP-N202-F101,0.13048830628395,0.13048830628395,166.71485900879,277.35000610352
04-APR-2024,13.567220210634,3739,SGRA,0.59882271289825,265506,AP-N203-F102,0.14939732849598,0.14939732849598,185.58418273926,277.35000610352
04-APR-2024,13.567220210634,3739,SGRA,0.59882271289825,265506,AP-N204-F102,0.15338443219662,0.15338443219662,176.44093322754,277.35000610352
04-APR-2024,13.576386878487,3739,SGRA,0.59674650430679,253506,AP-N201-F101,0.12568798661232,0.12568798661232,177.82615661621,277.35000610352
04-APR-2024,13.576386878487,3739,SGRA,0.59674650430679,253506,AP-N202-F101,0.13048830628395,0.13048830628395,166.71485900879,277.35000610352
04-APR-2024,13.576386878487,3739,SGRA,0.59674650430679,265506,AP-N203-F102,0.14939732849598,0.14939732849598,185.58418273926,277.35000610352
04-APR-2024,13.576386878487,3739,SGRA,0.59674650430679,265506,AP-N204-F102,0.15338443219662,0.15338443219662,176.44093322754,277.35000610352
04-APR-2024,13.585553544593,3739,SGRA,0.5946706533432,253506,AP-N201-F101,0.12568798661232,0.12568798661232,177.82615661621,277.35000610352
04-APR-2024,13.585553544593,3739,SGRA,0.5946706533432,253506,AP-N202-F101,0.13048830628395,0.13048830628395,166.71485900879,277.35000610352
04-APR-2024,13.585553544593,3739,SGRA,0.5946706533432,265506,AP-N203-F102,0.14939732849598,0.14939732849598,185.58418273926,277.35000610352
04-APR-2024,13.585553544593,3739,SGRA,0.5946706533432,265506,AP-N204-F102,0.15338443219662,0.15338443219662,176.44093322754,277.35000610352
04-APR-2024,13.594720210351,3739,SGRA,0.59259510040283,253506,AP-N201-F101,0.12568798661232,0.12568798661232,177.82615661621,277.35000610352
04-APR-2024,13.594720210351,3739,SGRA,0.59259510040283,253506,AP-N202-F101,0.13048830628395,0.13048830628395,166.71485900879,277.35000610352
04-APR-2024,13.594720210351,3739,SGRA,0.59259510040283,265506,AP-N203-F102,0.14939732849598,0.14939732849598,185.58418273926,277.35000610352
04-APR-2024,13.594720210351,3739,SGRA,0.59259510040283,265506,AP-N204-F102,0.15338443219662,0.15338443219662,176.44093322754,277.35000610352
04-APR-2024,1.3635701000485,3129,M87,0.61944621801376,253506,AP-N201-F101,0.13402388989925,0.13402388989925,186.74780273437,274.25
04-APR-2024,1.3635701000485,3129,M87,0.61944621801376,253506,AP-N202-F101,0.13855528831482,0.13855528831482,175.43421936035,274.25
04-APR-2024,1.3635701000485,3129,M87,0.61944621801376,265506,AP-N203-F102,0.15890458226204,0.15890458226204,195.38482666016,274.25
04-APR-2024,1.3635701000485,3129,M87,0.61944621801376,265506,AP-N204-F102,0.16267757117748,0.16267757117748,186.14016723633,274.25
04-APR-2024,1.3727367661549,3129,M87,0.62123984098434,253506,AP-N201-F101,0.13402388989925,0.13402388989925,186.74780273437,274.25
04-APR-2024,1.3727367661549,3129,M87,0.62123984098434,253506,AP-N202-F101,0.13855528831482,0.13855528831482,175.43421936035,274.25
04-APR-2024,1.3727367661549,3129,M87,0.62123984098434,265506,AP-N203-F102,0.15890458226204,0.15890458226204,195.38482666016,274.25
04-APR-2024,1.3727367661549,3129,M87,0.62123984098434,265506,AP-N204-F102,0.16267757117748,0.16267757117748,186.14016723633,274.25
04-APR-2024,13.860970207905,3742,SGRA,0.53245884180069,253506,AP-N201-F101,0.14488925039768,0.14488925039768,210.34504699707,276.14999389648
04-APR-2024,13.860970207905,3742,SGRA,0.53245884180069,253506,AP-N202-F101,0.14911583065987,0.14911583065987,198.14775085449,276.14999389648
04-APR-2024,13.860970207905,3742,SGRA,0.53245884180069,265506,AP-N203-F102,0.17053362727165,0.17053362727165,221.98062133789,276.14999389648
04-APR-2024,13.860970207905,3742,SGRA,0.53245884180069,265506,AP-N204-F102,0.17421753704548,0.17421753704548,212.29618835449,276.14999389648
04-APR-2024,13.878053541496,3746,SGRA,0.52861070632935,253506,AP-N201-F101,0.14488925039768,0.14488925039768,210.34504699707,276.14999389648
04-APR-2024,13.878053541496,3746,SGRA,0.52861070632935,253506,AP-N202-F101,0.14911583065987,0.14911583065987,198.14775085449,276.14999389648
04-APR-2024,13.878053541496,3746,SGRA,0.52861070632935,265506,AP-N203-F102,0.17053362727165,0.17053362727165,221.98062133789,276.14999389648
04-APR-2024,13.878053541496,3746,SGRA,0.52861070632935,265506,AP-N204-F102,0.17421753704548,0.17421753704548,212.29618835449,276.14999389648
04-APR-2024,13.887497987189,3746,SGRA,0.52648383378983,253506,AP-N201-F101,0.14488925039768,0.14488925039768,210.34504699707,276.14999389648
04-APR-2024,13.887497987189,3746,SGRA,0.52648383378983,253506,AP-N202-F101,0.14911583065987,0.14911583065987,198.14775085449,276.14999389648
04-APR-2024,13.887497987189,3746,SGRA,0.52648383378983,265506,AP-N203-F102,0.17053362727165,0.17053362727165,221.98062133789,276.14999389648
04-APR-2024,13.887497987189,3746,SGRA,0.52648383378983,265506,AP-N204-F102,0.17421753704548,0.17421753704548,212.29618835449,276.14999389648
04-APR-2024,13.896664652946,3746,SGRA,0.52441990375519,253506,AP-N201-F101,0.14488925039768,0.14488925039768,210.34504699707,276.14999389648
04-APR-2024,13.896664652946,3746,SGRA,0.52441990375519,253506,AP-N202-F101,0.14911583065987,0.14911583065987,198.14775085449,276.14999389648
04-APR-2024,13.896664652946,3746,SGRA,0.52441990375519,265506,AP-N203-F102,0.17053362727165,0.17053362727165,221.98062133789,276.14999389648
04-APR-2024,13.896664652946,3746,SGRA,0.52441990375519,265506,AP-N204-F102,0.17421753704548,0.17421753704548,212.29618835449,276.14999389648
04-APR-2024,13.905831318703,3746,SGRA,0.52235633134842,253506,AP-N201-F101,0.14488925039768,0.14488925039768,210.34504699707,276.14999389648
04-APR-2024,13.905831318703,3746,SGRA,0.52235633134842,253506,AP-N202-F101,0.14911583065987,0.14911583065987,198.14775085449,276.14999389648
04-APR-2024,13.905831318703,3746,SGRA,0.52235633134842,265506,AP-N203-F102,0.17053362727165,0.17053362727165,221.98062133789,276.14999389648
04-APR-2024,13.905831318703,3746,SGRA,0.52235633134842,265506,AP-N204-F102,0.17421753704548,0.17421753704548,212.29618835449,276.14999389648
04-APR-2024,13.914997984635,3746,SGRA,0.52029317617416,253506,AP-N201-F101,0.14488925039768,0.14488925039768,210.34504699707,276.14999389648
04-APR-2024,13.914997984635,3746,SGRA,0.52029317617416,253506,AP-N202-F101,0.14911583065987,0.14911583065987,198.14775085449,276.14999389648
04-APR-2024,13.914997984635,3746,SGRA,0.52029317617416,265506,AP-N203-F102,0.17053362727165,0.17053362727165,221.98062133789,276.14999389648
04-APR-2024,13.914997984635,3746,SGRA,0.52029317617416,265506,AP-N204-F102,0.17421753704548,0.17421753704548,212.29618835449,276.14999389648
04-APR-2024,13.924164650567,3746,SGRA,0.51823037862778,253506,AP-N201-F101,0.14488925039768,0.14488925039768,210.34504699707,276.14999389648
04-APR-2024,13.924164650567,3746,SGRA,0.51823037862778,253506,AP-N202-F101,0.14911583065987,0.14911583065987,198.14775085449,276.14999389648
04-APR-2024,13.924164650567,3746,SGRA,0.51823037862778,265506,AP-N203-F102,0.17053362727165,0.17053362727165,221.98062133789,276.14999389648
04-APR-2024,13.924164650567,3746,SGRA,0.51823037862778,265506,AP-N204-F102,0.17421753704548,0.17421753704548,212.29618835449,276.14999389648
04-APR-2024,13.933331316673,3746,SGRA,0.5161679983139,253506,AP-N201-F101,0.14488925039768,0.14488925039768,210.34504699707,276.14999389648
04-APR-2024,13.933331316673,3746,SGRA,0.5161679983139,253506,AP-N202-F101,0.14911583065987,0.14911583065987,198.14775085449,276.14999389648
04-APR-2024,13.933331316673,3746,SGRA,0.5161679983139,265506,AP-N203-F102,0.17053362727165,0.17053362727165,221.98062133789,276.14999389648
04-APR-2024,13.933331316673,3746,SGRA,0.5161679983139,265506,AP-N204-F102,0.17421753704548,0.17421753704548,212.29618835449,276.14999389648
04-APR-2024,13.94249798278,3746,SGRA,0.51410603523254,253506,AP-N201-F101,0.14488925039768,0.14488925039768,210.34504699707,276.14999389648
04-APR-2024,13.94249798278,3746,SGRA,0.51410603523254,253506,AP-N202-F101,0.14911583065987,0.14911583065987,198.14775085449,276.14999389648
04-APR-2024,13.94249798278,3746,SGRA,0.51410603523254,265506,AP-N203-F102,0.17053362727165,0.17053362727165,221.98062133789,276.14999389648
04-APR-2024,13.94249798278,3746,SGRA,0.51410603523254,265506,AP-N204-F102,0.17421753704548,0.17421753704548,212.29618835449,276.14999389648
04-APR-2024,13.951664648886,3746,SGRA,0.51204437017441,253506,AP-N201-F101,0.14488925039768,0.14488925039768,210.34504699707,276.14999389648
04-APR-2024,13.951664648886,3746,SGRA,0.51204437017441,253506,AP-N202-F101,0.14911583065987,0.14911583065987,198.14775085449,276.14999389648
04-APR-2024,13.951664648886,3746,SGRA,0.51204437017441,265506,AP-N203-F102,0.17053362727165,0.17053362727165,221.98062133789,276.14999389648
04-APR-2024,13.951664648886,3746,SGRA,0.51204437017441,265506,AP-N204-F102,0.17421753704548,0.17421753704548,212.29618835449,276.14999389648
04-APR-2024,13.960831314643,3746,SGRA,0.50998318195343,253506,AP-N201-F101,0.14488925039768,0.14488925039768,210.34504699707,276.14999389648
04-APR-2024,13.960831314643,3746,SGRA,0.50998318195343,253506,AP-N202-F101,0.14911583065987,0.14911583065987,198.14775085449,276.14999389648
04-APR-2024,13.960831314643,3746,SGRA,0.50998318195343,265506,AP-N203-F102,0.17053362727165,0.17053362727165,221.98062133789,276.14999389648
04-APR-2024,13.960831314643,3746,SGRA,0.50998318195343,265506,AP-N204-F102,0.17421753704548,0.17421753704548,212.29618835449,276.14999389648
04-APR-2024,13.972775761945,3746,SGRA,0.50729793310165,253506,AP-N201-F101,0.14488925039768,0.14488925039768,210.34504699707,276.14999389648
04-APR-2024,13.972775761945,3746,SGRA,0.50729793310165,253506,AP-N202-F101,0.14911583065987,0.14911583065987,198.14775085449,276.14999389648
04-APR-2024,13.972775761945,3746,SGRA,0.50729793310165,265506,AP-N203-F102,0.17053362727165,0.17053362727165,221.98062133789,276.14999389648
04-APR-2024,13.972775761945,3746,SGRA,0.50729793310165,265506,AP-N204-F102,0.17421753704548,0.17421753704548,212.29618835449,276.14999389648
04-APR-2024,13.981942427877,3746,SGRA,0.5052375793457,253506,AP-N201-F101,0.14488925039768,0.14488925039768,210.34504699707,276.14999389648
04-APR-2024,13.981942427877,3746,SGRA,0.5052375793457,253506,AP-N202-F101,0.14911583065987,0.14911583065987,198.14775085449,276.14999389648
04-APR-2024,13.981942427877,3746,SGRA,0.5052375793457,265506,AP-N203-F102,0.17053362727165,0.17053362727165,221.98062133789,276.14999389648
04-APR-2024,13.981942427877,3746,SGRA,0.5052375793457,265506,AP-N204-F102,0.17421753704548,0.17421753704548,212.29618835449,276.14999389648
04-APR-2024,13.991109093983,3746,SGRA,0.50317770242691,253506,AP-N201-F101,0.14488925039768,0.14488925039768,210.34504699707,276.14999389648
04-APR-2024,13.991109093983,3746,SGRA,0.50317770242691,253506,AP-N202-F101,0.14911583065987,0.14911583065987,198.14775085449,276.14999389648
04-APR-2024,13.991109093983,3746,SGRA,0.50317770242691,265506,AP-N203-F102,0.17053362727165,0.17053362727165,221.98062133789,276.14999389648
04-APR-2024,13.991109093983,3746,SGRA,0.50317770242691,265506,AP-N204-F102,0.17421753704548,0.17421753704548,212.29618835449,276.14999389648
04-APR-2024,14.000553537057,3746,SGRA,0.50105577707291,253506,AP-N201-F101,0.14488925039768,0.14488925039768,210.34504699707,276.14999389648
04-APR-2024,14.000553537057,3746,SGRA,0.50105577707291,253506,AP-N202-F101,0.14911583065987,0.14911583065987,198.14775085449,276.14999389648
04-APR-2024,14.000553537057,3746,SGRA,0.50105577707291,265506,AP-N203-F102,0.17053362727165,0.17053362727165,221.98062133789,276.14999389648
04-APR-2024,14.000553537057,3746,SGRA,0.50105577707291,265506,AP-N204-F102,0.17421753704548,0.17421753704548,212.29618835449,276.14999389648
04-APR-2024,14.009720205608,3746,SGRA,0.49899670481682,253506,AP-N201-F101,0.14488925039768,0.14488925039768,210.34504699707,276.14999389648
04-APR-2024,14.009720205608,3746,SGRA,0.49899670481682,253506,AP-N202-F101,0.14911583065987,0.14911583065987,198.14775085449,276.14999389648
04-APR-2024,14.009720205608,3746,SGRA,0.49899670481682,265506,AP-N203-F102,0.17053362727165,0.17053362727165,221.98062133789,276.14999389648
04-APR-2024,14.009720205608,3746,SGRA,0.49899670481682,265506,AP-N204-F102,0.17421753704548,0.17421753704548,212.29618835449,276.14999389648
04-APR-2024,14.147359093895,3749,SGRA,0.46812883019447,253506,AP-N201-F101,0.16010242700577,0.16010242700577,244.05130004883,276.14999389648
04-APR-2024,14.147359093895,3749,SGRA,0.46812883019447,253506,AP-N202-F101,0.16408184170723,0.16408184170723,231.14904785156,276.14999389648
04-APR-2024,14.147359093895,3749,SGRA,0.46812883019447,265506,AP-N203-F102,0.18771524727345,0.18771524727345,260.60198974609,276.14999389648
04-APR-2024,14.147359093895,3749,SGRA,0.46812883019447,265506,AP-N204-F102,0.19084639847279,0.19084639847279,250.2290802002,276.14999389648
04-APR-2024,14.178053536067,3753,SGRA,0.46125814318657,253506,AP-N201-F101,0.16010242700577,0.16010242700577,244.05130004883,276.14999389648
04-APR-2024,14.178053536067,3753,SGRA,0.46125814318657,253506,AP-N202-F101,0.16408184170723,0.16408184170723,231.14904785156,276.14999389648
04-APR-2024,14.178053536067,3753,SGRA,0.46125814318657,265506,AP-N203-F102,0.18771524727345,0.18771524727345,260.60198974609,276.14999389648
04-APR-2024,14.178053536067,3753,SGRA,0.46125814318657,265506,AP-N204-F102,0.19084639847279,0.19084639847279,250.2290802002,276.14999389648
04-APR-2024,14.187220202348,3753,SGRA,0.45920720696449,253506,AP-N201-F101,0.16010242700577,0.16010242700577,244.05130004883,276.14999389648
04-APR-2024,14.187220202348,3753,SGRA,0.45920720696449,253506,AP-N202-F101,0.16408184170723,0.16408184170723,231.14904785156,276.14999389648
04-APR-2024,14.187220202348,3753,SGRA,0.45920720696449,265506,AP-N203-F102,0.18771524727345,0.18771524727345,260.60198974609,276.14999389648
04-APR-2024,14.187220202348,3753,SGRA,0.45920720696449,265506,AP-N204-F102,0.19084639847279,0.19084639847279,250.2290802002,276.14999389648
04-APR-2024,14.197497981561,3753,SGRA,0.45690816640854,253506,AP-N201-F101,0.16010242700577,0.16010242700577,244.05130004883,276.14999389648
04-APR-2024,14.197497981561,3753,SGRA,0.45690816640854,253506,AP-N202-F101,0.16408184170723,0.16408184170723,231.14904785156,276.14999389648
04-APR-2024,14.197497981561,3753,SGRA,0.45690816640854,265506,AP-N203-F102,0.18771524727345,0.18771524727345,260.60198974609,276.14999389648
04-APR-2024,14.197497981561,3753,SGRA,0.45690816640854,265506,AP-N204-F102,0.19084639847279,0.19084639847279,250.2290802002,276.14999389648
04-APR-2024,14.206664647842,3753,SGRA,0.4548582136631,253506,AP-N201-F101,0.16010242700577,0.16010242700577,244.05130004883,276.14999389648
04-APR-2024,14.206664647842,3753,SGRA,0.4548582136631,253506,AP-N202-F101,0.16408184170723,0.16408184170723,231.14904785156,276.14999389648
04-APR-2024,14.206664647842,3753,SGRA,0.4548582136631,265506,AP-N203-F102,0.18771524727345,0.18771524727345,260.60198974609,276.14999389648
04-APR-2024,14.206664647842,3753,SGRA,0.4548582136631,265506,AP-N204-F102,0.19084639847279,0.19084639847279,250.2290802002,276.14999389648
04-APR-2024,14.215831316219,3753,SGRA,0.45280864834785,253506,AP-N201-F101,0.16010242700577,0.16010242700577,244.05130004883,276.14999389648
04-APR-2024,14.215831316219,3753,SGRA,0.45280864834785,253506,AP-N202-F101,0.16408184170723,0.16408184170723,231.14904785156,276.14999389648
04-APR-2024,14.215831316219,3753,SGRA,0.45280864834785,265506,AP-N203-F102,0.18771524727345,0.18771524727345,260.60198974609,276.14999389648
04-APR-2024,14.215831316219,3753,SGRA,0.45280864834785,265506,AP-N204-F102,0.19084639847279,0.19084639847279,250.2290802002,276.14999389648
04-APR-2024,14.224997982325,3753,SGRA,0.45075955986977,253506,AP-N201-F101,0.16010242700577,0.16010242700577,244.05130004883,276.14999389648
04-APR-2024,14.224997982325,3753,SGRA,0.45075955986977,253506,AP-N202-F101,0.16408184170723,0.16408184170723,231.14904785156,276.14999389648
04-APR-2024,14.224997982325,3753,SGRA,0.45075955986977,265506,AP-N203-F102,0.18771524727345,0.18771524727345,260.60198974609,276.14999389648
04-APR-2024,14.224997982325,3753,SGRA,0.45075955986977,265506,AP-N204-F102,0.19084639847279,0.19084639847279,250.2290802002,276.14999389648
04-APR-2024,14.234164650352,3753,SGRA,0.44871088862419,253506,AP-N201-F101,0.16010242700577,0.16010242700577,244.05130004883,276.14999389648
04-APR-2024,14.234164650352,3753,SGRA,0.44871088862419,253506,AP-N202-F101,0.16408184170723,0.16408184170723,231.14904785156,276.14999389648
04-APR-2024,14.234164650352,3753,SGRA,0.44871088862419,265506,AP-N203-F102,0.18771524727345,0.18771524727345,260.60198974609,276.14999389648
04-APR-2024,14.234164650352,3753,SGRA,0.44871088862419,265506,AP-N204-F102,0.19084639847279,0.19084639847279,250.2290802002,276.14999389648
04-APR-2024,14.24333131611,3753,SGRA,0.44666269421577,253506,AP-N201-F101,0.16010242700577,0.16010242700577,244.05130004883,276.14999389648
04-APR-2024,14.24333131611,3753,SGRA,0.44666269421577,253506,AP-N202-F101,0.16408184170723,0.16408184170723,231.14904785156,276.14999389648
04-APR-2024,14.24333131611,3753,SGRA,0.44666269421577,265506,AP-N203-F102,0.18771524727345,0.18771524727345,260.60198974609,276.14999389648
04-APR-2024,14.24333131611,3753,SGRA,0.44666269421577,265506,AP-N204-F102,0.19084639847279,0.19084639847279,250.2290802002,276.14999389648
04-APR-2024,14.253053536849,3753,SGRA,0.44449087977409,253506,AP-N201-F101,0.16010242700577,0.16010242700577,244.05130004883,276.14999389648
04-APR-2024,14.253053536849,3753,SGRA,0.44449087977409,253506,AP-N202-F101,0.16408184170723,0.16408184170723,231.14904785156,276.14999389648
04-APR-2024,14.253053536849,3753,SGRA,0.44449087977409,265506,AP-N203-F102,0.18771524727345,0.18771524727345,260.60198974609,276.14999389648
04-APR-2024,14.253053536849,3753,SGRA,0.44449087977409,265506,AP-N204-F102,0.19084639847279,0.19084639847279,250.2290802002,276.14999389648
04-APR-2024,14.264720202294,3753,SGRA,0.44188532233238,253506,AP-N201-F101,0.16010242700577,0.16010242700577,244.05130004883,276.14999389648
04-APR-2024,14.264720202294,3753,SGRA,0.44188532233238,253506,AP-N202-F101,0.16408184170723,0.16408184170723,231.14904785156,276.14999389648
04-APR-2024,14.264720202294,3753,SGRA,0.44188532233238,265506,AP-N203-F102,0.18771524727345,0.18771524727345,260.60198974609,276.14999389648
04-APR-2024,14.264720202294,3753,SGRA,0.44188532233238,265506,AP-N204-F102,0.19084639847279,0.19084639847279,250.2290802002,276.14999389648
04-APR-2024,14.370692424485,3758,J1924-2914,0.79150247573853,253506,AP-N201-F101,0.16784697771072,0.16784697771072,187.8094329834,276.25
04-APR-2024,14.370692424485,3758,J1924-2914,0.79150247573853,253506,AP-N202-F101,0.17388334870338,0.17388334870338,176.57000732422,276.25
04-APR-2024,14.370692424485,3758,J1924-2914,0.79150247573853,265506,AP-N203-F102,0.19722402095795,0.19722402095795,196.40838623047,276.25
04-APR-2024,14.370692424485,3758,J1924-2914,0.79150247573853,265506,AP-N204-F102,0.20120647549629,0.20120647549629,186.91725158691,276.25
04-APR-2024,1.4374589847549,3134,3C279,0.71616512537003,253506,AP-N201-F101,0.13275630772114,0.13275630772114,172.74635314941,274.64999389648
04-APR-2024,1.4374589847549,3134,3C279,0.71616512537003,253506,AP-N202-F101,0.13806767761707,0.13806767761707,161.68412780762,274.64999389648
04-APR-2024,1.4374589847549,3134,3C279,0.71616512537003,265506,AP-N203-F102,0.15766628086567,0.15766628086567,179.62370300293,274.64999389648
04-APR-2024,1.4374589847549,3134,3C279,0.71616512537003,265506,AP-N204-F102,0.16195510327816,0.16195510327816,170.54650878906,274.64999389648
04-APR-2024,14.394720203207,3762,J1924-2914,0.7860107421875,253506,AP-N201-F101,0.16784697771072,0.16784697771072,187.8094329834,276.25
04-APR-2024,14.394720203207,3762,J1924-2914,0.7860107421875,253506,AP-N202-F101,0.17388334870338,0.17388334870338,176.57000732422,276.25
04-APR-2024,14.394720203207,3762,J1924-2914,0.7860107421875,265506,AP-N203-F102,0.19722402095795,0.19722402095795,196.40838623047,276.25
04-APR-2024,14.394720203207,3762,J1924-2914,0.7860107421875,265506,AP-N204-F102,0.20120647549629,0.20120647549629,186.91725158691,276.25
04-APR-2024,14.40416464663,3762,J1924-2914,0.78385233879089,253506,AP-N201-F101,0.16784697771072,0.16784697771072,187.8094329834,276.25
04-APR-2024,14.40416464663,3762,J1924-2914,0.78385233879089,253506,AP-N202-F101,0.17388334870338,0.17388334870338,176.57000732422,276.25
04-APR-2024,14.40416464663,3762,J1924-2914,0.78385233879089,265506,AP-N203-F102,0.19722402095795,0.19722402095795,196.40838623047,276.25
04-APR-2024,14.40416464663,3762,J1924-2914,0.78385233879089,265506,AP-N204-F102,0.20120647549629,0.20120647549629,186.91725158691,276.25
04-APR-2024,14.413331312736,3762,J1924-2914,0.78175765275955,253506,AP-N201-F101,0.16784697771072,0.16784697771072,187.8094329834,276.25
04-APR-2024,14.413331312736,3762,J1924-2914,0.78175765275955,253506,AP-N202-F101,0.17388334870338,0.17388334870338,176.57000732422,276.25
04-APR-2024,14.413331312736,3762,J1924-2914,0.78175765275955,265506,AP-N203-F102,0.19722402095795,0.19722402095795,196.40838623047,276.25
04-APR-2024,14.413331312736,3762,J1924-2914,0.78175765275955,265506,AP-N204-F102,0.20120647549629,0.20120647549629,186.91725158691,276.25
04-APR-2024,14.470970201214,3767,SGRA,0.39594924449921,253506,AP-N201-F101,0.16363900899887,0.16363900899887,280.15328979492,276.25
04-APR-2024,14.470970201214,3767,SGRA,0.39594924449921,253506,AP-N202-F101,0.16706702113152,0.16706702113152,266.27066040039,276.25
04-APR-2024,14.470970201214,3767,SGRA,0.39594924449921,265506,AP-N203-F102,0.19133277237415,0.19133277237415,302.33752441406,276.25
04-APR-2024,14.470970201214,3767,SGRA,0.39594924449921,265506,AP-N204-F102,0.19404083490372,0.19404083490372,290.71868896484,276.25
04-APR-2024,14.494581308898,3771,SGRA,0.39070636034012,253506,AP-N201-F101,0.16363900899887,0.16363900899887,280.15328979492,276.25
04-APR-2024,14.494581308898,3771,SGRA,0.39070636034012,253506,AP-N202-F101,0.16706702113152,0.16706702113152,266.27066040039,276.25
04-APR-2024,14.494581308898,3771,SGRA,0.39070636034012,265506,AP-N203-F102,0.19133277237415,0.19133277237415,302.33752441406,276.25
04-APR-2024,14.494581308898,3771,SGRA,0.39070636034012,265506,AP-N204-F102,0.19404083490372,0.19404083490372,290.71868896484,276.25
04-APR-2024,14.503886865758,3771,SGRA,0.38864096999168,253506,AP-N201-F101,0.16363900899887,0.16363900899887,280.15328979492,276.25
04-APR-2024,14.503886865758,3771,SGRA,0.38864096999168,253506,AP-N202-F101,0.16706702113152,0.16706702113152,266.27066040039,276.25
04-APR-2024,14.503886865758,3771,SGRA,0.38864096999168,265506,AP-N203-F102,0.19133277237415,0.19133277237415,302.33752441406,276.25
04-APR-2024,14.503886865758,3771,SGRA,0.38864096999168,265506,AP-N204-F102,0.19404083490372,0.19404083490372,290.71868896484,276.25
04-APR-2024,14.51583131079,3771,SGRA,0.38599061965942,253506,AP-N201-F101,0.16363900899887,0.16363900899887,280.15328979492,276.25
04-APR-2024,14.51583131079,3771,SGRA,0.38599061965942,253506,AP-N202-F101,0.16706702113152,0.16706702113152,266.27066040039,276.25
04-APR-2024,14.51583131079,3771,SGRA,0.38599061965942,265506,AP-N203-F102,0.19133277237415,0.19133277237415,302.33752441406,276.25
04-APR-2024,14.51583131079,3771,SGRA,0.38599061965942,265506,AP-N204-F102,0.19404083490372,0.19404083490372,290.71868896484,276.25
04-APR-2024,14.525275756482,3771,SGRA,0.38389566540718,253506,AP-N201-F101,0.16363900899887,0.16363900899887,280.15328979492,276.25
04-APR-2024,14.525275756482,3771,SGRA,0.38389566540718,253506,AP-N202-F101,0.16706702113152,0.16706702113152,266.27066040039,276.25
04-APR-2024,14.525275756482,3771,SGRA,0.38389566540718,265506,AP-N203-F102,0.19133277237415,0.19133277237415,302.33752441406,276.25
04-APR-2024,14.525275756482,3771,SGRA,0.38389566540718,265506,AP-N204-F102,0.19404083490372,0.19404083490372,290.71868896484,276.25
04-APR-2024,14.534442422589,3771,SGRA,0.38186275959015,253506,AP-N201-F101,0.16363900899887,0.16363900899887,280.15328979492,276.25
04-APR-2024,14.534442422589,3771,SGRA,0.38186275959015,253506,AP-N202-F101,0.16706702113152,0.16706702113152,266.27066040039,276.25
04-APR-2024,14.534442422589,3771,SGRA,0.38186275959015,265506,AP-N203-F102,0.19133277237415,0.19133277237415,302.33752441406,276.25
04-APR-2024,14.534442422589,3771,SGRA,0.38186275959015,265506,AP-N204-F102,0.19404083490372,0.19404083490372,290.71868896484,276.25
04-APR-2024,14.544164645423,3771,SGRA,0.37970727682114,253506,AP-N201-F101,0.16363900899887,0.16363900899887,280.15328979492,276.25
04-APR-2024,14.544164645423,3771,SGRA,0.37970727682114,253506,AP-N202-F101,0.16706702113152,0.16706702113152,266.27066040039,276.25
04-APR-2024,14.544164645423,3771,SGRA,0.37970727682114,265506,AP-N203-F102,0.19133277237415,0.19133277237415,302.33752441406,276.25
04-APR-2024,14.544164645423,3771,SGRA,0.37970727682114,265506,AP-N204-F102,0.19404083490372,0.19404083490372,290.71868896484,276.25
04-APR-2024,14.553331311006,3771,SGRA,0.37767550349236,253506,AP-N201-F101,0.16363900899887,0.16363900899887,280.15328979492,276.25
04-APR-2024,14.553331311006,3771,SGRA,0.37767550349236,253506,AP-N202-F101,0.16706702113152,0.16706702113152,266.27066040039,276.25
04-APR-2024,14.553331311006,3771,SGRA,0.37767550349236,265506,AP-N203-F102,0.19133277237415,0.19133277237415,302.33752441406,276.25
04-APR-2024,14.553331311006,3771,SGRA,0.37767550349236,265506,AP-N204-F102,0.19404083490372,0.19404083490372,290.71868896484,276.25
04-APR-2024,14.562497979382,3771,SGRA,0.37564423680305,253506,AP-N201-F101,0.16363900899887,0.16363900899887,280.15328979492,276.25
04-APR-2024,14.562497979382,3771,SGRA,0.37564423680305,253506,AP-N202-F101,0.16706702113152,0.16706702113152,266.27066040039,276.25
04-APR-2024,14.562497979382,3771,SGRA,0.37564423680305,265506,AP-N203-F102,0.19133277237415,0.19133277237415,302.33752441406,276.25
04-APR-2024,14.562497979382,3771,SGRA,0.37564423680305,265506,AP-N204-F102,0.19404083490372,0.19404083490372,290.71868896484,276.25
04-APR-2024,14.573053533817,3771,SGRA,0.37330582737923,253506,AP-N201-F101,0.16363900899887,0.16363900899887,280.15328979492,276.25
04-APR-2024,14.573053533817,3771,SGRA,0.37330582737923,253506,AP-N202-F101,0.16706702113152,0.16706702113152,266.27066040039,276.25
04-APR-2024,14.573053533817,3771,SGRA,0.37330582737923,265506,AP-N203-F102,0.19133277237415,0.19133277237415,302.33752441406,276.25
04-APR-2024,14.573053533817,3771,SGRA,0.37330582737923,265506,AP-N204-F102,0.19404083490372,0.19404083490372,290.71868896484,276.25
04-APR-2024,14.582220199748,3771,SGRA,0.37127569317818,253506,AP-N201-F101,0.16363900899887,0.16363900899887,280.15328979492,276.25
04-APR-2024,14.582220199748,3771,SGRA,0.37127569317818,253506,AP-N202-F101,0.16706702113152,0.16706702113152,266.27066040039,276.25
04-APR-2024,14.582220199748,3771,SGRA,0.37127569317818,265506,AP-N203-F102,0.19133277237415,0.19133277237415,302.33752441406,276.25
04-APR-2024,14.582220199748,3771,SGRA,0.37127569317818,265506,AP-N204-F102,0.19404083490372,0.19404083490372,290.71868896484,276.25
04-APR-2024,14.827925057407,3782,SGRA,0.31706312298775,253506,AP-N201-F101,0.16640472412109,0.16640472412109,340.93286132813,275.95001220703
04-APR-2024,14.827925057407,3782,SGRA,0.31706312298775,253506,AP-N202-F101,0.16935205459595,0.16935205459595,325.83474731445,275.95001220703
04-APR-2024,14.827925057407,3782,SGRA,0.31706312298775,265506,AP-N203-F102,0.19399753212929,0.19399753212929,373.00534057617,275.95001220703
04-APR-2024,14.827925057407,3782,SGRA,0.31706312298775,265506,AP-N204-F102,0.19635352492332,0.19635352492332,361.0520324707,275.95001220703
04-APR-2024,14.845008391173,3786,SGRA,0.31330913305283,253506,AP-N201-F101,0.16640472412109,0.16640472412109,340.93286132813,275.95001220703
04-APR-2024,14.845008391173,3786,SGRA,0.31330913305283,253506,AP-N202-F101,0.16935205459595,0.16935205459595,325.83474731445,275.95001220703
04-APR-2024,14.845008391173,3786,SGRA,0.31330913305283,265506,AP-N203-F102,0.19399753212929,0.19399753212929,373.00534057617,275.95001220703
04-APR-2024,14.845008391173,3786,SGRA,0.31330913305283,265506,AP-N204-F102,0.19635352492332,0.19635352492332,361.0520324707,275.95001220703
04-APR-2024,14.854175057628,3786,SGRA,0.31129556894302,253506,AP-N201-F101,0.16640472412109,0.16640472412109,340.93286132813,275.95001220703
04-APR-2024,14.854175057628,3786,SGRA,0.31129556894302,253506,AP-N202-F101,0.16935205459595,0.16935205459595,325.83474731445,275.95001220703
04-APR-2024,14.854175057628,3786,SGRA,0.31129556894302,265506,AP-N203-F102,0.19399753212929,0.19399753212929,373.00534057617,275.95001220703
04-APR-2024,14.854175057628,3786,SGRA,0.31129556894302,265506,AP-N204-F102,0.19635352492332,0.19635352492332,361.0520324707,275.95001220703
04-APR-2024,14.863341723211,3786,SGRA,0.30928257107735,253506,AP-N201-F101,0.16640472412109,0.16640472412109,340.93286132813,275.95001220703
04-APR-2024,14.863341723211,3786,SGRA,0.30928257107735,253506,AP-N202-F101,0.16935205459595,0.16935205459595,325.83474731445,275.95001220703
04-APR-2024,14.863341723211,3786,SGRA,0.30928257107735,265506,AP-N203-F102,0.19399753212929,0.19399753212929,373.00534057617,275.95001220703
04-APR-2024,14.863341723211,3786,SGRA,0.30928257107735,265506,AP-N204-F102,0.19635352492332,0.19635352492332,361.0520324707,275.95001220703
04-APR-2024,14.872508391587,3786,SGRA,0.30727025866508,253506,AP-N201-F101,0.16640472412109,0.16640472412109,340.93286132813,275.95001220703
04-APR-2024,14.872508391587,3786,SGRA,0.30727025866508,253506,AP-N202-F101,0.16935205459595,0.16935205459595,325.83474731445,275.95001220703
04-APR-2024,14.872508391587,3786,SGRA,0.30727025866508,265506,AP-N203-F102,0.19399753212929,0.19399753212929,373.00534057617,275.95001220703
04-APR-2024,14.872508391587,3786,SGRA,0.30727025866508,265506,AP-N204-F102,0.19635352492332,0.19635352492332,361.0520324707,275.95001220703
04-APR-2024,14.882647279698,3786,SGRA,0.30504515767097,253506,AP-N201-F101,0.16640472412109,0.16640472412109,340.93286132813,275.95001220703
04-APR-2024,14.882647279698,3786,SGRA,0.30504515767097,253506,AP-N202-F101,0.16935205459595,0.16935205459595,325.83474731445,275.95001220703
04-APR-2024,14.882647279698,3786,SGRA,0.30504515767097,265506,AP-N203-F102,0.19399753212929,0.19399753212929,373.00534057617,275.95001220703
04-APR-2024,14.882647279698,3786,SGRA,0.30504515767097,265506,AP-N204-F102,0.19635352492332,0.19635352492332,361.0520324707,275.95001220703
04-APR-2024,14.891952834812,3786,SGRA,0.30300357937813,253506,AP-N201-F101,0.16640472412109,0.16640472412109,340.93286132813,275.95001220703
04-APR-2024,14.891952834812,3786,SGRA,0.30300357937813,253506,AP-N202-F101,0.16935205459595,0.16935205459595,325.83474731445,275.95001220703
04-APR-2024,14.891952834812,3786,SGRA,0.30300357937813,265506,AP-N203-F102,0.19399753212929,0.19399753212929,373.00534057617,275.95001220703
04-APR-2024,14.891952834812,3786,SGRA,0.30300357937813,265506,AP-N204-F102,0.19635352492332,0.19635352492332,361.0520324707,275.95001220703
04-APR-2024,14.901119503013,3786,SGRA,0.30099311470985,253506,AP-N201-F101,0.16640472412109,0.16640472412109,340.93286132813,275.95001220703
04-APR-2024,14.901119503013,3786,SGRA,0.30099311470985,253506,AP-N202-F101,0.16935205459595,0.16935205459595,325.83474731445,275.95001220703
04-APR-2024,14.901119503013,3786,SGRA,0.30099311470985,265506,AP-N203-F102,0.19399753212929,0.19399753212929,373.00534057617,275.95001220703
04-APR-2024,14.901119503013,3786,SGRA,0.30099311470985,265506,AP-N204-F102,0.19635352492332,0.19635352492332,361.0520324707,275.95001220703
04-APR-2024,14.910286168771,3786,SGRA,0.29898327589035,253506,AP-N201-F101,0.16640472412109,0.16640472412109,340.93286132813,275.95001220703
04-APR-2024,14.910286168771,3786,SGRA,0.29898327589035,253506,AP-N202-F101,0.16935205459595,0.16935205459595,325.83474731445,275.95001220703
04-APR-2024,14.910286168771,3786,SGRA,0.29898327589035,265506,AP-N203-F102,0.19399753212929,0.19399753212929,373.00534057617,275.95001220703
04-APR-2024,14.910286168771,3786,SGRA,0.29898327589035,265506,AP-N204-F102,0.19635352492332,0.19635352492332,361.0520324707,275.95001220703
04-APR-2024,14.919452837671,3786,SGRA,0.29697397351265,253506,AP-N201-F101,0.16640472412109,0.16640472412109,340.93286132813,275.95001220703
04-APR-2024,14.919452837671,3786,SGRA,0.29697397351265,253506,AP-N202-F101,0.16935205459595,0.16935205459595,325.83474731445,275.95001220703
04-APR-2024,14.919452837671,3786,SGRA,0.29697397351265,265506,AP-N203-F102,0.19399753212929,0.19399753212929,373.00534057617,275.95001220703
04-APR-2024,14.919452837671,3786,SGRA,0.29697397351265,265506,AP-N204-F102,0.19635352492332,0.19635352492332,361.0520324707,275.95001220703
04-APR-2024,14.928619503428,3786,SGRA,0.29496535658836,253506,AP-N201-F101,0.16640472412109,0.16640472412109,340.93286132813,275.95001220703
04-APR-2024,14.928619503428,3786,SGRA,0.29496535658836,253506,AP-N202-F101,0.16935205459595,0.16935205459595,325.83474731445,275.95001220703
04-APR-2024,14.928619503428,3786,SGRA,0.29496535658836,265506,AP-N203-F102,0.19399753212929,0.19399753212929,373.00534057617,275.95001220703
04-APR-2024,14.928619503428,3786,SGRA,0.29496535658836,265506,AP-N204-F102,0.19635352492332,0.19635352492332,361.0520324707,275.95001220703
04-APR-2024,14.937786169185,3786,SGRA,0.29295733571053,253506,AP-N201-F101,0.16640472412109,0.16640472412109,340.93286132813,275.95001220703
04-APR-2024,14.937786169185,3786,SGRA,0.29295733571053,253506,AP-N202-F101,0.16935205459595,0.16935205459595,325.83474731445,275.95001220703
04-APR-2024,14.937786169185,3786,SGRA,0.29295733571053,265506,AP-N203-F102,0.19399753212929,0.19399753212929,373.00534057617,275.95001220703
04-APR-2024,14.937786169185,3786,SGRA,0.29295733571053,265506,AP-N204-F102,0.19635352492332,0.19635352492332,361.0520324707,275.95001220703
04-APR-2024,14.946952835641,3786,SGRA,0.29094991087914,253506,AP-N201-F101,0.16640472412109,0.16640472412109,340.93286132813,275.95001220703
04-APR-2024,14.946952835641,3786,SGRA,0.29094991087914,253506,AP-N202-F101,0.16935205459595,0.16935205459595,325.83474731445,275.95001220703
04-APR-2024,14.946952835641,3786,SGRA,0.29094991087914,265506,AP-N203-F102,0.19399753212929,0.19399753212929,373.00534057617,275.95001220703
04-APR-2024,14.946952835641,3786,SGRA,0.29094991087914,265506,AP-N204-F102,0.19635352492332,0.19635352492332,361.0520324707,275.95001220703
04-APR-2024,14.956119503668,3786,SGRA,0.28894308209419,253506,AP-N201-F101,0.16640472412109,0.16640472412109,340.93286132813,275.95001220703
04-APR-2024,14.956119503668,3786,SGRA,0.28894308209419,253506,AP-N202-F101,0.16935205459595,0.16935205459595,325.83474731445,275.95001220703
04-APR-2024,14.956119503668,3786,SGRA,0.28894308209419,265506,AP-N203-F102,0.19399753212929,0.19399753212929,373.00534057617,275.95001220703
04-APR-2024,14.956119503668,3786,SGRA,0.28894308209419,265506,AP-N204-F102,0.19635352492332,0.19635352492332,361.0520324707,275.95001220703
04-APR-2024,14.965841726154,3786,SGRA,0.286815315485,253506,AP-N201-F101,0.16640472412109,0.16640472412109,340.93286132813,275.95001220703
04-APR-2024,14.965841726154,3786,SGRA,0.286815315485,253506,AP-N202-F101,0.16935205459595,0.16935205459595,325.83474731445,275.95001220703
04-APR-2024,14.965841726154,3786,SGRA,0.286815315485,265506,AP-N203-F102,0.19399753212929,0.19399753212929,373.00534057617,275.95001220703
04-APR-2024,14.965841726154,3786,SGRA,0.286815315485,265506,AP-N204-F102,0.19635352492332,0.19635352492332,361.0520324707,275.95001220703
04-APR-2024,14.975286169751,3786,SGRA,0.28474903106689,253506,AP-N201-F101,0.16640472412109,0.16640472412109,340.93286132813,275.95001220703
04-APR-2024,14.975286169751,3786,SGRA,0.28474903106689,253506,AP-N202-F101,0.16935205459595,0.16935205459595,325.83474731445,275.95001220703
04-APR-2024,14.975286169751,3786,SGRA,0.28474903106689,265506,AP-N203-F102,0.19399753212929,0.19399753212929,373.00534057617,275.95001220703
04-APR-2024,14.975286169751,3786,SGRA,0.28474903106689,265506,AP-N204-F102,0.19635352492332,0.19635352492332,361.0520324707,275.95001220703
04-APR-2024,15.160980613038,3791,J1924-2914,0.61162281036377,253506,AP-N201-F101,0.16373629868031,0.16373629868031,210.33082580566,276.04998779297
04-APR-2024,15.160980613038,3791,J1924-2914,0.61162281036377,253506,AP-N202-F101,0.16895788908005,0.16895788908005,198.79643249512,276.04998779297
04-APR-2024,15.160980613038,3791,J1924-2914,0.61162281036377,265506,AP-N203-F102,0.19210323691368,0.19210323691368,221.99378967285,276.04998779297
04-APR-2024,15.160980613038,3791,J1924-2914,0.61162281036377,265506,AP-N204-F102,0.19594487547874,0.19594487547874,212.23059082031,276.04998779297
04-APR-2024,15.178619501436,3795,J1924-2914,0.60763001441956,253506,AP-N201-F101,0.16373629868031,0.16373629868031,210.33082580566,276.04998779297
04-APR-2024,15.178619501436,3795,J1924-2914,0.60763001441956,253506,AP-N202-F101,0.16895788908005,0.16895788908005,198.79643249512,276.04998779297
04-APR-2024,15.178619501436,3795,J1924-2914,0.60763001441956,265506,AP-N203-F102,0.19210323691368,0.19210323691368,221.99378967285,276.04998779297
04-APR-2024,15.178619501436,3795,J1924-2914,0.60763001441956,265506,AP-N204-F102,0.19594487547874,0.19594487547874,212.23059082031,276.04998779297
04-APR-2024,15.188341723397,3795,J1924-2914,0.60542970895767,253506,AP-N201-F101,0.16373629868031,0.16373629868031,210.33082580566,276.04998779297
04-APR-2024,15.188341723397,3795,J1924-2914,0.60542970895767,253506,AP-N202-F101,0.16895788908005,0.16895788908005,198.79643249512,276.04998779297
04-APR-2024,15.188341723397,3795,J1924-2914,0.60542970895767,265506,AP-N203-F102,0.19210323691368,0.19210323691368,221.99378967285,276.04998779297
04-APR-2024,15.188341723397,3795,J1924-2914,0.60542970895767,265506,AP-N204-F102,0.19594487547874,0.19594487547874,212.23059082031,276.04998779297
04-APR-2024,15.197508389678,3795,J1924-2914,0.60335540771484,253506,AP-N201-F101,0.16373629868031,0.16373629868031,210.33082580566,276.04998779297
04-APR-2024,15.197508389678,3795,J1924-2914,0.60335540771484,253506,AP-N202-F101,0.16895788908005,0.16895788908005,198.79643249512,276.04998779297
04-APR-2024,15.197508389678,3795,J1924-2914,0.60335540771484,265506,AP-N203-F102,0.19210323691368,0.19210323691368,221.99378967285,276.04998779297
04-APR-2024,15.197508389678,3795,J1924-2914,0.60335540771484,265506,AP-N204-F102,0.19594487547874,0.19594487547874,212.23059082031,276.04998779297
04-APR-2024,15.206675055785,3795,J1924-2914,0.60128152370453,253506,AP-N201-F101,0.16373629868031,0.16373629868031,210.33082580566,276.04998779297
04-APR-2024,15.206675055785,3795,J1924-2914,0.60128152370453,253506,AP-N202-F101,0.16895788908005,0.16895788908005,198.79643249512,276.04998779297
04-APR-2024,15.206675055785,3795,J1924-2914,0.60128152370453,265506,AP-N203-F102,0.19210323691368,0.19210323691368,221.99378967285,276.04998779297
04-APR-2024,15.206675055785,3795,J1924-2914,0.60128152370453,265506,AP-N204-F102,0.19594487547874,0.19594487547874,212.23059082031,276.04998779297
04-APR-2024,15.215841721717,3795,J1924-2914,0.59920787811279,253506,AP-N201-F101,0.16373629868031,0.16373629868031,210.33082580566,276.04998779297
04-APR-2024,15.215841721717,3795,J1924-2914,0.59920787811279,253506,AP-N202-F101,0.16895788908005,0.16895788908005,198.79643249512,276.04998779297
04-APR-2024,15.215841721717,3795,J1924-2914,0.59920787811279,265506,AP-N203-F102,0.19210323691368,0.19210323691368,221.99378967285,276.04998779297
04-APR-2024,15.215841721717,3795,J1924-2914,0.59920787811279,265506,AP-N204-F102,0.19594487547874,0.19594487547874,212.23059082031,276.04998779297
04-APR-2024,15.328480611024,3800,SGRA,0.20797719061375,253506,AP-N201-F101,0.15943711996078,0.15943711996078,497.32015991211,276.04998779297
04-APR-2024,15.328480611024,3800,SGRA,0.20797719061375,253506,AP-N202-F101,0.1612154841423,0.1612154841423,477.20684814453,276.04998779297
04-APR-2024,15.328480611024,3800,SGRA,0.20797719061375,265506,AP-N203-F102,0.18556229770184,0.18556229770184,558.34869384766,276.04998779297
04-APR-2024,15.328480611024,3800,SGRA,0.20797719061375,265506,AP-N204-F102,0.1874692440033,0.1874692440033,544.11474609375,276.04998779297
04-APR-2024,15.344730609697,3804,SGRA,0.20446966588497,253506,AP-N201-F101,0.15943711996078,0.15943711996078,497.32015991211,276.04998779297
04-APR-2024,15.344730609697,3804,SGRA,0.20446966588497,253506,AP-N202-F101,0.1612154841423,0.1612154841423,477.20684814453,276.04998779297
04-APR-2024,15.344730609697,3804,SGRA,0.20446966588497,265506,AP-N203-F102,0.18556229770184,0.18556229770184,558.34869384766,276.04998779297
04-APR-2024,15.344730609697,3804,SGRA,0.20446966588497,265506,AP-N204-F102,0.1874692440033,0.1874692440033,544.11474609375,276.04998779297
04-APR-2024,15.35389727493,3804,SGRA,0.2024922221899,253506,AP-N201-F101,0.15943711996078,0.15943711996078,497.32015991211,276.04998779297
04-APR-2024,15.35389727493,3804,SGRA,0.2024922221899,253506,AP-N202-F101,0.1612154841423,0.1612154841423,477.20684814453,276.04998779297
04-APR-2024,15.35389727493,3804,SGRA,0.2024922221899,265506,AP-N203-F102,0.18556229770184,0.18556229770184,558.34869384766,276.04998779297
04-APR-2024,15.35389727493,3804,SGRA,0.2024922221899,265506,AP-N204-F102,0.1874692440033,0.1874692440033,544.11474609375,276.04998779297
04-APR-2024,15.363063941037,3804,SGRA,0.20051535964012,253506,AP-N201-F101,0.15943711996078,0.15943711996078,497.32015991211,276.04998779297
04-APR-2024,15.363063941037,3804,SGRA,0.20051535964012,253506,AP-N202-F101,0.1612154841423,0.1612154841423,477.20684814453,276.04998779297
04-APR-2024,15.363063941037,3804,SGRA,0.20051535964012,265506,AP-N203-F102,0.18556229770184,0.18556229770184,558.34869384766,276.04998779297
04-APR-2024,15.363063941037,3804,SGRA,0.20051535964012,265506,AP-N204-F102,0.1874692440033,0.1874692440033,544.11474609375,276.04998779297
04-APR-2024,15.372230610112,3804,SGRA,0.19853933155537,253506,AP-N201-F101,0.15943711996078,0.15943711996078,497.32015991211,276.04998779297
04-APR-2024,15.372230610112,3804,SGRA,0.19853933155537,253506,AP-N202-F101,0.1612154841423,0.1612154841423,477.20684814453,276.04998779297
04-APR-2024,15.372230610112,3804,SGRA,0.19853933155537,265506,AP-N203-F102,0.18556229770184,0.18556229770184,558.34869384766,276.04998779297
04-APR-2024,15.372230610112,3804,SGRA,0.19853933155537,265506,AP-N204-F102,0.1874692440033,0.1874692440033,544.11474609375,276.04998779297
04-APR-2024,15.381397275869,3804,SGRA,0.19656403362751,253506,AP-N201-F101,0.15943711996078,0.15943711996078,497.32015991211,276.04998779297
04-APR-2024,15.381397275869,3804,SGRA,0.19656403362751,253506,AP-N202-F101,0.1612154841423,0.1612154841423,477.20684814453,276.04998779297
04-APR-2024,15.381397275869,3804,SGRA,0.19656403362751,265506,AP-N203-F102,0.18556229770184,0.18556229770184,558.34869384766,276.04998779297
04-APR-2024,15.381397275869,3804,SGRA,0.19656403362751,265506,AP-N204-F102,0.1874692440033,0.1874692440033,544.11474609375,276.04998779297
04-APR-2024,15.39056394442,3804,SGRA,0.19458948075771,253506,AP-N201-F101,0.15943711996078,0.15943711996078,497.32015991211,276.04998779297
04-APR-2024,15.39056394442,3804,SGRA,0.19458948075771,253506,AP-N202-F101,0.1612154841423,0.1612154841423,477.20684814453,276.04998779297
04-APR-2024,15.39056394442,3804,SGRA,0.19458948075771,265506,AP-N203-F102,0.18556229770184,0.18556229770184,558.34869384766,276.04998779297
04-APR-2024,15.39056394442,3804,SGRA,0.19458948075771,265506,AP-N204-F102,0.1874692440033,0.1874692440033,544.11474609375,276.04998779297
04-APR-2024,15.399730610177,3804,SGRA,0.19261565804482,253506,AP-N201-F101,0.15943711996078,0.15943711996078,497.32015991211,276.04998779297
04-APR-2024,15.399730610177,3804,SGRA,0.19261565804482,253506,AP-N202-F101,0.1612154841423,0.1612154841423,477.20684814453,276.04998779297
04-APR-2024,15.399730610177,3804,SGRA,0.19261565804482,265506,AP-N203-F102,0.18556229770184,0.18556229770184,558.34869384766,276.04998779297
04-APR-2024,15.399730610177,3804,SGRA,0.19261565804482,265506,AP-N204-F102,0.1874692440033,0.1874692440033,544.11474609375,276.04998779297
04-APR-2024,15.408897276458,3804,SGRA,0.19064255058765,253506,AP-N201-F101,0.15943711996078,0.15943711996078,497.32015991211,276.04998779297
04-APR-2024,15.408897276458,3804,SGRA,0.19064255058765,253506,AP-N202-F101,0.1612154841423,0.1612154841423,477.20684814453,276.04998779297
04-APR-2024,15.408897276458,3804,SGRA,0.19064255058765,265506,AP-N203-F102,0.18556229770184,0.18556229770184,558.34869384766,276.04998779297
04-APR-2024,15.408897276458,3804,SGRA,0.19064255058765,265506,AP-N204-F102,0.1874692440033,0.1874692440033,544.11474609375,276.04998779297
04-APR-2024,15.420980607355,3804,SGRA,0.18804284930229,253506,AP-N201-F101,0.15943711996078,0.15943711996078,497.32015991211,276.04998779297
04-APR-2024,15.420980607355,3804,SGRA,0.18804284930229,253506,AP-N202-F101,0.1612154841423,0.1612154841423,477.20684814453,276.04998779297
04-APR-2024,15.420980607355,3804,SGRA,0.18804284930229,265506,AP-N203-F102,0.18556229770184,0.18556229770184,558.34869384766,276.04998779297
04-APR-2024,15.420980607355,3804,SGRA,0.18804284930229,265506,AP-N204-F102,0.1874692440033,0.1874692440033,544.11474609375,276.04998779297
04-APR-2024,15.430286161595,3804,SGRA,0.18604162335396,253506,AP-N201-F101,0.15943711996078,0.15943711996078,497.32015991211,276.04998779297
04-APR-2024,15.430286161595,3804,SGRA,0.18604162335396,253506,AP-N202-F101,0.1612154841423,0.1612154841423,477.20684814453,276.04998779297
04-APR-2024,15.430286161595,3804,SGRA,0.18604162335396,265506,AP-N203-F102,0.18556229770184,0.18556229770184,558.34869384766,276.04998779297
04-APR-2024,15.430286161595,3804,SGRA,0.18604162335396,265506,AP-N204-F102,0.1874692440033,0.1874692440033,544.11474609375,276.04998779297
04-APR-2024,15.439452827702,3804,SGRA,0.18407109379768,253506,AP-N201-F101,0.15943711996078,0.15943711996078,497.32015991211,276.04998779297
04-APR-2024,15.439452827702,3804,SGRA,0.18407109379768,253506,AP-N202-F101,0.1612154841423,0.1612154841423,477.20684814453,276.04998779297
04-APR-2024,15.439452827702,3804,SGRA,0.18407109379768,265506,AP-N203-F102,0.18556229770184,0.18556229770184,558.34869384766,276.04998779297
04-APR-2024,15.439452827702,3804,SGRA,0.18407109379768,265506,AP-N204-F102,0.1874692440033,0.1874692440033,544.11474609375,276.04998779297
04-APR-2024,15.448619496253,3804,SGRA,0.18210127949715,253506,AP-N201-F101,0.15943711996078,0.15943711996078,497.32015991211,276.04998779297
04-APR-2024,15.448619496253,3804,SGRA,0.18210127949715,253506,AP-N202-F101,0.1612154841423,0.1612154841423,477.20684814453,276.04998779297
04-APR-2024,15.448619496253,3804,SGRA,0.18210127949715,265506,AP-N203-F102,0.18556229770184,0.18556229770184,558.34869384766,276.04998779297
04-APR-2024,15.448619496253,3804,SGRA,0.18210127949715,265506,AP-N204-F102,0.1874692440033,0.1874692440033,544.11474609375,276.04998779297
04-APR-2024,15.45778616201,3804,SGRA,0.18013229966164,253506,AP-N201-F101,0.15943711996078,0.15943711996078,497.32015991211,276.04998779297
04-APR-2024,15.45778616201,3804,SGRA,0.18013229966164,253506,AP-N202-F101,0.1612154841423,0.1612154841423,477.20684814453,276.04998779297
04-APR-2024,15.45778616201,3804,SGRA,0.18013229966164,265506,AP-N203-F102,0.18556229770184,0.18556229770184,558.34869384766,276.04998779297
04-APR-2024,15.45778616201,3804,SGRA,0.18013229966164,265506,AP-N204-F102,0.1874692440033,0.1874692440033,544.11474609375,276.04998779297
04-APR-2024,15.466952830561,3804,SGRA,0.17816400527954,253506,AP-N201-F101,0.15943711996078,0.15943711996078,497.32015991211,276.04998779297
04-APR-2024,15.466952830561,3804,SGRA,0.17816400527954,253506,AP-N202-F101,0.1612154841423,0.1612154841423,477.20684814453,276.04998779297
04-APR-2024,15.466952830561,3804,SGRA,0.17816400527954,265506,AP-N203-F102,0.18556229770184,0.18556229770184,558.34869384766,276.04998779297
04-APR-2024,15.466952830561,3804,SGRA,0.17816400527954,265506,AP-N204-F102,0.1874692440033,0.1874692440033,544.11474609375,276.04998779297
04-APR-2024,15.476119496493,3804,SGRA,0.17619651556015,253506,AP-N201-F101,0.15943711996078,0.15943711996078,497.32015991211,276.04998779297
04-APR-2024,15.476119496493,3804,SGRA,0.17619651556015,253506,AP-N202-F101,0.1612154841423,0.1612154841423,477.20684814453,276.04998779297
04-APR-2024,15.476119496493,3804,SGRA,0.17619651556015,265506,AP-N203-F102,0.18556229770184,0.18556229770184,558.34869384766,276.04998779297
04-APR-2024,15.476119496493,3804,SGRA,0.17619651556015,265506,AP-N204-F102,0.1874692440033,0.1874692440033,544.11474609375,276.04998779297
04-APR-2024,15.660980607831,3809,J1924-2914,0.4989273250103,253506,AP-N201-F101,0.18727977573872,0.18727977573872,263.12036132812,276.25
04-APR-2024,15.660980607831,3809,J1924-2914,0.4989273250103,253506,AP-N202-F101,0.19175216555595,0.19175216555595,250.01126098633,276.25
04-APR-2024,15.660980607831,3809,J1924-2914,0.4989273250103,265506,AP-N203-F102,0.21821537613869,0.21821537613869,282.38357543945,276.25
04-APR-2024,15.660980607831,3809,J1924-2914,0.4989273250103,265506,AP-N204-F102,0.22131316363811,0.22131316363811,271.37954711914,276.25
04-APR-2024,15.678341716992,3813,J1924-2914,0.4950345158577,253506,AP-N201-F101,0.18727977573872,0.18727977573872,263.12036132812,276.25
04-APR-2024,15.678341716992,3813,J1924-2914,0.4950345158577,253506,AP-N202-F101,0.19175216555595,0.19175216555595,250.01126098633,276.25
04-APR-2024,15.678341716992,3813,J1924-2914,0.4950345158577,265506,AP-N203-F102,0.21821537613869,0.21821537613869,282.38357543945,276.25
04-APR-2024,15.678341716992,3813,J1924-2914,0.4950345158577,265506,AP-N204-F102,0.22131316363811,0.22131316363811,271.37954711914,276.25
04-APR-2024,15.687508382749,3813,J1924-2914,0.49297958612442,253506,AP-N201-F101,0.18727977573872,0.18727977573872,263.12036132812,276.25
04-APR-2024,15.687508382749,3813,J1924-2914,0.49297958612442,253506,AP-N202-F101,0.19175216555595,0.19175216555595,250.01126098633,276.25
04-APR-2024,15.687508382749,3813,J1924-2914,0.49297958612442,265506,AP-N203-F102,0.21821537613869,0.21821537613869,282.38357543945,276.25
04-APR-2024,15.687508382749,3813,J1924-2914,0.49297958612442,265506,AP-N204-F102,0.22131316363811,0.22131316363811,271.37954711914,276.25
04-APR-2024,15.696675048856,3813,J1924-2914,0.49092501401901,253506,AP-N201-F101,0.18727977573872,0.18727977573872,263.12036132812,276.25
04-APR-2024,15.696675048856,3813,J1924-2914,0.49092501401901,253506,AP-N202-F101,0.19175216555595,0.19175216555595,250.01126098633,276.25
04-APR-2024,15.696675048856,3813,J1924-2914,0.49092501401901,265506,AP-N203-F102,0.21821537613869,0.21821537613869,282.38357543945,276.25
04-APR-2024,15.696675048856,3813,J1924-2914,0.49092501401901,265506,AP-N204-F102,0.22131316363811,0.22131316363811,271.37954711914,276.25
04-APR-2024,15.705841714787,3813,J1924-2914,0.48887085914612,253506,AP-N201-F101,0.18727977573872,0.18727977573872,263.12036132812,276.25
04-APR-2024,15.705841714787,3813,J1924-2914,0.48887085914612,253506,AP-N202-F101,0.19175216555595,0.19175216555595,250.01126098633,276.25
04-APR-2024,15.705841714787,3813,J1924-2914,0.48887085914612,265506,AP-N203-F102,0.21821537613869,0.21821537613869,282.38357543945,276.25
04-APR-2024,15.705841714787,3813,J1924-2914,0.48887085914612,265506,AP-N204-F102,0.22131316363811,0.22131316363811,271.37954711914,276.25
04-APR-2024,15.715008380719,3813,J1924-2914,0.48681715130806,253506,AP-N201-F101,0.18727977573872,0.18727977573872,263.12036132812,276.25
04-APR-2024,15.715008380719,3813,J1924-2914,0.48681715130806,253506,AP-N202-F101,0.19175216555595,0.19175216555595,250.01126098633,276.25
04-APR-2024,15.715008380719,3813,J1924-2914,0.48681715130806,265506,AP-N203-F102,0.21821537613869,0.21821537613869,282.38357543945,276.25
04-APR-2024,15.715008380719,3813,J1924-2914,0.48681715130806,265506,AP-N204-F102,0.22131316363811,0.22131316363811,271.37954711914,276.25
04-APR-2024,15.780702828133,3816,J1924-2914,0.47211098670959,253506,AP-N201-F101,0.1831950545311,0.1831950545311,269.03076171875,276.25
04-APR-2024,15.780702828133,3816,J1924-2914,0.47211098670959,253506,AP-N202-F101,0.1875079870224,0.1875079870224,256.10113525391,276.25
04-APR-2024,15.780702828133,3816,J1924-2914,0.47211098670959,265506,AP-N203-F102,0.21360506117344,0.21360506117344,289.51669311523,276.25
04-APR-2024,15.780702828133,3816,J1924-2914,0.47211098670959,265506,AP-N204-F102,0.21679766476154,0.21679766476154,278.65295410156,276.25
04-APR-2024,1.6284312073542,3141,3C273,0.79135692119598,253506,AP-N201-F101,0.1331233382225,0.1331233382225,166.35536193848,274.35000610352
04-APR-2024,1.6284312073542,3141,3C273,0.79135692119598,253506,AP-N202-F101,0.13908433914185,0.13908433914185,155.69198608398,274.35000610352
04-APR-2024,1.6284312073542,3141,3C273,0.79135692119598,265506,AP-N203-F102,0.15871560573578,0.15871560573578,172.39073181152,274.35000610352
04-APR-2024,1.6284312073542,3141,3C273,0.79135692119598,265506,AP-N204-F102,0.16316504776478,0.16316504776478,163.59828186035,274.35000610352
04-APR-2024,1.6446812060277,3145,3C273,0.79479521512985,253506,AP-N201-F101,0.1331233382225,0.1331233382225,166.35536193848,274.35000610352
04-APR-2024,1.6446812060277,3145,3C273,0.79479521512985,253506,AP-N202-F101,0.13908433914185,0.13908433914185,155.69198608398,274.35000610352
04-APR-2024,1.6446812060277,3145,3C273,0.79479521512985,265506,AP-N203-F102,0.15871560573578,0.15871560573578,172.39073181152,274.35000610352
04-APR-2024,1.6446812060277,3145,3C273,0.79479521512985,265506,AP-N204-F102,0.16316504776478,0.16316504776478,163.59828186035,274.35000610352
04-APR-2024,1.6538478721341,3145,3C273,0.79673171043396,253506,AP-N201-F101,0.1331233382225,0.1331233382225,166.35536193848,274.35000610352
04-APR-2024,1.6538478721341,3145,3C273,0.79673171043396,253506,AP-N202-F101,0.13908433914185,0.13908433914185,155.69198608398,274.35000610352
04-APR-2024,1.6538478721341,3145,3C273,0.79673171043396,265506,AP-N203-F102,0.15871560573578,0.15871560573578,172.39073181152,274.35000610352
04-APR-2024,1.6538478721341,3145,3C273,0.79673171043396,265506,AP-N204-F102,0.16316504776478,0.16316504776478,163.59828186035,274.35000610352
04-APR-2024,1.6632923180016,3145,3C273,0.79872471094131,253506,AP-N201-F101,0.1331233382225,0.1331233382225,166.35536193848,274.35000610352
04-APR-2024,1.6632923180016,3145,3C273,0.79872471094131,253506,AP-N202-F101,0.13908433914185,0.13908433914185,155.69198608398,274.35000610352
04-APR-2024,1.6632923180016,3145,3C273,0.79872471094131,265506,AP-N203-F102,0.15871560573578,0.15871560573578,172.39073181152,274.35000610352
04-APR-2024,1.6632923180016,3145,3C273,0.79872471094131,265506,AP-N204-F102,0.16316504776478,0.16316504776478,163.59828186035,274.35000610352
04-APR-2024,1.7213478729775,3150,M87,0.68750804662704,253506,AP-N201-F101,0.13306638598442,0.13306638598442,176.24060058594,274.25
04-APR-2024,1.7213478729775,3150,M87,0.68750804662704,253506,AP-N202-F101,0.13850943744183,0.13850943744183,165.06967163086,274.25
04-APR-2024,1.7213478729775,3150,M87,0.68750804662704,265506,AP-N203-F102,0.15843258798122,0.15843258798122,183.60760498047,274.25
04-APR-2024,1.7213478729775,3150,M87,0.68750804662704,265506,AP-N204-F102,0.16237092018127,0.16237092018127,174.44833374023,274.25
04-APR-2024,1.7444034281241,3154,M87,0.69174587726593,253506,AP-N201-F101,0.13306638598442,0.13306638598442,176.24060058594,274.25
04-APR-2024,1.7444034281241,3154,M87,0.69174587726593,253506,AP-N202-F101,0.13850943744183,0.13850943744183,165.06967163086,274.25
04-APR-2024,1.7444034281241,3154,M87,0.69174587726593,265506,AP-N203-F102,0.15843258798122,0.15843258798122,183.60760498047,274.25
04-APR-2024,1.7444034281241,3154,M87,0.69174587726593,265506,AP-N204-F102,0.16237092018127,0.16237092018127,174.44833374023,274.25
04-APR-2024,1.7538478711975,3154,M87,0.6934762597084,253506,AP-N201-F101,0.13306638598442,0.13306638598442,176.24060058594,274.25
04-APR-2024,1.7538478711975,3154,M87,0.6934762597084,253506,AP-N202-F101,0.13850943744183,0.13850943744183,165.06967163086,274.25
04-APR-2024,1.7538478711975,3154,M87,0.6934762597084,265506,AP-N203-F102,0.15843258798122,0.15843258798122,183.60760498047,274.25
04-APR-2024,1.7538478711975,3154,M87,0.6934762597084,265506,AP-N204-F102,0.16237092018127,0.16237092018127,174.44833374023,274.25
04-APR-2024,1.763014539574,3154,M87,0.69515269994736,253506,AP-N201-F101,0.13306638598442,0.13306638598442,176.24060058594,274.25
04-APR-2024,1.763014539574,3154,M87,0.69515269994736,253506,AP-N202-F101,0.13850943744183,0.13850943744183,165.06967163086,274.25
04-APR-2024,1.763014539574,3154,M87,0.69515269994736,265506,AP-N203-F102,0.15843258798122,0.15843258798122,183.60760498047,274.25
04-APR-2024,1.763014539574,3154,M87,0.69515269994736,265506,AP-N204-F102,0.16237092018127,0.16237092018127,174.44833374023,274.25
04-APR-2024,1.7721812055058,3154,M87,0.69682592153549,253506,AP-N201-F101,0.13306638598442,0.13306638598442,176.24060058594,274.25
04-APR-2024,1.7721812055058,3154,M87,0.69682592153549,253506,AP-N202-F101,0.13850943744183,0.13850943744183,165.06967163086,274.25
04-APR-2024,1.7721812055058,3154,M87,0.69682592153549,265506,AP-N203-F102,0.15843258798122,0.15843258798122,183.60760498047,274.25
04-APR-2024,1.7721812055058,3154,M87,0.69682592153549,265506,AP-N204-F102,0.16237092018127,0.16237092018127,174.44833374023,274.25
04-APR-2024,1.8620423157603,3159,OJ287,0.75320315361023,253506,AP-N201-F101,0.1362981647253,0.1362981647253,171.16523742676,275.04998779297
04-APR-2024,1.8620423157603,3159,OJ287,0.75320315361023,253506,AP-N202-F101,0.14178332686424,0.14178332686424,160.25634765625,275.04998779297
04-APR-2024,1.8620423157603,3159,OJ287,0.75320315361023,265506,AP-N203-F102,0.1616318821907,0.1616318821907,177.87275695801,275.04998779297
04-APR-2024,1.8620423157603,3159,OJ287,0.75320315361023,265506,AP-N204-F102,0.16605208814144,0.16605208814144,168.97438049316,275.04998779297
04-APR-2024,1.877736760325,3163,OJ287,0.751604616642,253506,AP-N201-F101,0.1362981647253,0.1362981647253,171.16523742676,275.04998779297
04-APR-2024,1.877736760325,3163,OJ287,0.751604616642,253506,AP-N202-F101,0.14178332686424,0.14178332686424,160.25634765625,275.04998779297
04-APR-2024,1.877736760325,3163,OJ287,0.751604616642,265506,AP-N203-F102,0.1616318821907,0.1616318821907,177.87275695801,275.04998779297
04-APR-2024,1.877736760325,3163,OJ287,0.751604616642,265506,AP-N204-F102,0.16605208814144,0.16605208814144,168.97438049316,275.04998779297
04-APR-2024,1.8866256491151,3163,OJ287,0.7506919503212,253506,AP-N201-F101,0.1362981647253,0.1362981647253,171.16523742676,275.04998779297
04-APR-2024,1.8866256491151,3163,OJ287,0.7506919503212,253506,AP-N202-F101,0.14178332686424,0.14178332686424,160.25634765625,275.04998779297
04-APR-2024,1.8866256491151,3163,OJ287,0.7506919503212,265506,AP-N203-F102,0.1616318821907,0.1616318821907,177.87275695801,275.04998779297
04-APR-2024,1.8866256491151,3163,OJ287,0.7506919503212,265506,AP-N204-F102,0.16605208814144,0.16605208814144,168.97438049316,275.04998779297
04-APR-2024,1.896070092014,3163,OJ287,0.7497164607048,253506,AP-N201-F101,0.1362981647253,0.1362981647253,171.16523742676,275.04998779297
04-APR-2024,1.896070092014,3163,OJ287,0.7497164607048,253506,AP-N202-F101,0.14178332686424,0.14178332686424,160.25634765625,275.04998779297
04-APR-2024,1.896070092014,3163,OJ287,0.7497164607048,265506,AP-N203-F102,0.1616318821907,0.1616318821907,177.87275695801,275.04998779297
04-APR-2024,1.896070092014,3163,OJ287,0.7497164607048,265506,AP-N204-F102,0.16605208814144,0.16605208814144,168.97438049316,275.04998779297
04-APR-2024,2.0613940924263,3170,3C273,0.88033127784729,253506,AP-N201-F101,0.13923968374729,0.13923968374729,163.34672546387,274.04998779297
04-APR-2024,2.0613940924263,3170,3C273,0.88033127784729,253506,AP-N202-F101,0.14630378782749,0.14630378782749,152.71299743652,274.04998779297
04-APR-2024,2.0613940924263,3170,3C273,0.88033127784729,265506,AP-N203-F102,0.16549706459045,0.16549706459045,169.07997131348,274.04998779297
04-APR-2024,2.0613940924263,3170,3C273,0.88033127784729,265506,AP-N204-F102,0.17122304439545,0.17122304439545,160.21676635742,274.04998779297
04-APR-2024,2.078199647304,3174,3C273,0.88365960121155,253506,AP-N201-F101,0.13923968374729,0.13923968374729,163.34672546387,274.04998779297
04-APR-2024,2.078199647304,3174,3C273,0.88365960121155,253506,AP-N202-F101,0.14630378782749,0.14630378782749,152.71299743652,274.04998779297
04-APR-2024,2.078199647304,3174,3C273,0.88365960121155,265506,AP-N203-F102,0.16549706459045,0.16549706459045,169.07997131348,274.04998779297
04-APR-2024,2.078199647304,3174,3C273,0.88365960121155,265506,AP-N204-F102,0.17122304439545,0.17122304439545,160.21676635742,274.04998779297
04-APR-2024,2.0870885357449,3174,3C273,0.88541585206985,253506,AP-N201-F101,0.13923968374729,0.13923968374729,163.34672546387,274.04998779297
04-APR-2024,2.0870885357449,3174,3C273,0.88541585206985,253506,AP-N202-F101,0.14630378782749,0.14630378782749,152.71299743652,274.04998779297
04-APR-2024,2.0870885357449,3174,3C273,0.88541585206985,265506,AP-N203-F102,0.16549706459045,0.16549706459045,169.07997131348,274.04998779297
04-APR-2024,2.0870885357449,3174,3C273,0.88541585206985,265506,AP-N204-F102,0.17122304439545,0.17122304439545,160.21676635742,274.04998779297
04-APR-2024,2.0962552018513,3174,3C273,0.88722383975983,253506,AP-N201-F101,0.13923968374729,0.13923968374729,163.34672546387,274.04998779297
04-APR-2024,2.0962552018513,3174,3C273,0.88722383975983,253506,AP-N202-F101,0.14630378782749,0.14630378782749,152.71299743652,274.04998779297
04-APR-2024,2.0962552018513,3174,3C273,0.88722383975983,265506,AP-N203-F102,0.16549706459045,0.16549706459045,169.07997131348,274.04998779297
04-APR-2024,2.0962552018513,3174,3C273,0.88722383975983,265506,AP-N204-F102,0.17122304439545,0.17122304439545,160.21676635742,274.04998779297
04-APR-2024,2.1550052018642,3179,M87,0.76367419958115,253506,AP-N201-F101,0.13883580267429,0.13883580267429,172.3641204834,274.64999389648
04-APR-2024,2.1550052018642,3179,M87,0.76367419958115,253506,AP-N202-F101,0.14442898333073,0.14442898333073,161.27699279785,274.64999389648
04-APR-2024,2.1550052018642,3179,M87,0.76367419958115,265506,AP-N203-F102,0.16496430337429,0.16496430337429,178.93687438965,274.64999389648
04-APR-2024,2.1550052018642,3179,M87,0.76367419958115,265506,AP-N204-F102,0.16905483603477,0.16905483603477,170.04745483398,274.64999389648
04-APR-2024,2.1784774261284,3183,M87,0.76756256818771,253506,AP-N201-F101,0.13883580267429,0.13883580267429,172.3641204834,274.64999389648
04-APR-2024,2.1784774261284,3183,M87,0.76756256818771,253506,AP-N202-F101,0.14442898333073,0.14442898333073,161.27699279785,274.64999389648
04-APR-2024,2.1784774261284,3183,M87,0.76756256818771,265506,AP-N203-F102,0.16496430337429,0.16496430337429,178.93687438965,274.64999389648
04-APR-2024,2.1784774261284,3183,M87,0.76756256818771,265506,AP-N204-F102,0.16905483603477,0.16905483603477,170.04745483398,274.64999389648
04-APR-2024,2.187921871472,3183,M87,0.76911967992783,253506,AP-N201-F101,0.13883580267429,0.13883580267429,172.3641204834,274.64999389648
04-APR-2024,2.187921871472,3183,M87,0.76911967992783,253506,AP-N202-F101,0.14442898333073,0.14442898333073,161.27699279785,274.64999389648
04-APR-2024,2.187921871472,3183,M87,0.76911967992783,265506,AP-N203-F102,0.16496430337429,0.16496430337429,178.93687438965,274.64999389648
04-APR-2024,2.187921871472,3183,M87,0.76911967992783,265506,AP-N204-F102,0.16905483603477,0.16905483603477,170.04745483398,274.64999389648
04-APR-2024,2.1970885370546,3183,M87,0.77062684297562,253506,AP-N201-F101,0.13883580267429,0.13883580267429,172.3641204834,274.64999389648
04-APR-2024,2.1970885370546,3183,M87,0.77062684297562,253506,AP-N202-F101,0.14442898333073,0.14442898333073,161.27699279785,274.64999389648
04-APR-2024,2.1970885370546,3183,M87,0.77062684297562,265506,AP-N203-F102,0.16496430337429,0.16496430337429,178.93687438965,274.64999389648
04-APR-2024,2.1970885370546,3183,M87,0.77062684297562,265506,AP-N204-F102,0.16905483603477,0.16905483603477,170.04745483398,274.64999389648
04-APR-2024,2.2062552035102,3183,M87,0.77212989330292,253506,AP-N201-F101,0.13883580267429,0.13883580267429,172.3641204834,274.64999389648
04-APR-2024,2.2062552035102,3183,M87,0.77212989330292,253506,AP-N202-F101,0.14442898333073,0.14442898333073,161.27699279785,274.64999389648
04-APR-2024,2.2062552035102,3183,M87,0.77212989330292,265506,AP-N203-F102,0.16496430337429,0.16496430337429,178.93687438965,274.64999389648
04-APR-2024,2.2062552035102,3183,M87,0.77212989330292,265506,AP-N204-F102,0.16905483603477,0.16905483603477,170.04745483398,274.64999389648
04-APR-2024,2.2644496459219,3186,M87,0.78157556056976,253506,AP-N201-F101,0.14418779313564,0.14418779313564,173.83215332031,274.04998779297
04-APR-2024,2.2644496459219,3186,M87,0.78157556056976,253506,AP-N202-F101,0.1496140062809,0.1496140062809,162.64282226563,274.04998779297
04-APR-2024,2.2644496459219,3186,M87,0.78157556056976,265506,AP-N203-F102,0.17065688967705,0.17065688967705,180.70930480957,274.04998779297
04-APR-2024,2.2644496459219,3186,M87,0.78157556056976,265506,AP-N204-F102,0.17467464506626,0.17467464506626,171.42346191406,274.04998779297
04-APR-2024,2.2943107578908,3190,M87,0.78635567426682,253506,AP-N201-F101,0.14418779313564,0.14418779313564,173.83215332031,274.04998779297
04-APR-2024,2.2943107578908,3190,M87,0.78635567426682,253506,AP-N202-F101,0.1496140062809,0.1496140062809,162.64282226563,274.04998779297
04-APR-2024,2.2943107578908,3190,M87,0.78635567426682,265506,AP-N203-F102,0.17065688967705,0.17065688967705,180.70930480957,274.04998779297
04-APR-2024,2.2943107578908,3190,M87,0.78635567426682,265506,AP-N204-F102,0.17467464506626,0.17467464506626,171.42346191406,274.04998779297
04-APR-2024,2.3034774257435,3190,M87,0.78781390190125,253506,AP-N201-F101,0.14418779313564,0.14418779313564,173.83215332031,274.04998779297
04-APR-2024,2.3034774257435,3190,M87,0.78781390190125,253506,AP-N202-F101,0.1496140062809,0.1496140062809,162.64282226563,274.04998779297
04-APR-2024,2.3034774257435,3190,M87,0.78781390190125,265506,AP-N203-F102,0.17065688967705,0.17065688967705,180.70930480957,274.04998779297
04-APR-2024,2.3034774257435,3190,M87,0.78781390190125,265506,AP-N204-F102,0.17467464506626,0.17467464506626,171.42346191406,274.04998779297
04-APR-2024,2.3126440921992,3190,M87,0.78926777839661,253506,AP-N201-F101,0.14418779313564,0.14418779313564,173.83215332031,274.04998779297
04-APR-2024,2.3126440921992,3190,M87,0.78926777839661,253506,AP-N202-F101,0.1496140062809,0.1496140062809,162.64282226563,274.04998779297
04-APR-2024,2.3126440921992,3190,M87,0.78926777839661,265506,AP-N203-F102,0.17065688967705,0.17065688967705,180.70930480957,274.04998779297
04-APR-2024,2.3126440921992,3190,M87,0.78926777839661,265506,AP-N204-F102,0.17467464506626,0.17467464506626,171.42346191406,274.04998779297
04-APR-2024,2.3218107579563,3190,M87,0.79071724414825,253506,AP-N201-F101,0.14418779313564,0.14418779313564,173.83215332031,274.04998779297
04-APR-2024,2.3218107579563,3190,M87,0.79071724414825,253506,AP-N202-F101,0.1496140062809,0.1496140062809,162.64282226563,274.04998779297
04-APR-2024,2.3218107579563,3190,M87,0.79071724414825,265506,AP-N203-F102,0.17065688967705,0.17065688967705,180.70930480957,274.04998779297
04-APR-2024,2.3218107579563,3190,M87,0.79071724414825,265506,AP-N204-F102,0.17467464506626,0.17467464506626,171.42346191406,274.04998779297
04-APR-2024,2.3875052004811,3195,3C279,0.93496298789978,253506,AP-N201-F101,0.1412406116724,0.1412406116724,161.4533996582,274.85000610352
04-APR-2024,2.3875052004811,3195,3C279,0.93496298789978,253506,AP-N202-F101,0.14738912880421,0.14738912880421,150.53889465332,274.85000610352
04-APR-2024,2.3875052004811,3195,3C279,0.93496298789978,265506,AP-N203-F102,0.16756181418896,0.16756181418896,166.67012023926,274.85000610352
04-APR-2024,2.3875052004811,3195,3C279,0.93496298789978,265506,AP-N204-F102,0.17267996072769,0.17267996072769,157.78796386719,274.85000610352
04-APR-2024,2.4112552001408,3199,3C279,0.94024974107742,253506,AP-N201-F101,0.1412406116724,0.1412406116724,161.4533996582,274.85000610352
04-APR-2024,2.4112552001408,3199,3C279,0.94024974107742,253506,AP-N202-F101,0.14738912880421,0.14738912880421,150.53889465332,274.85000610352
04-APR-2024,2.4112552001408,3199,3C279,0.94024974107742,265506,AP-N203-F102,0.16756181418896,0.16756181418896,166.67012023926,274.85000610352
04-APR-2024,2.4112552001408,3199,3C279,0.94024974107742,265506,AP-N204-F102,0.17267996072769,0.17267996072769,157.78796386719,274.85000610352
04-APR-2024,2.4204218665965,3199,3C279,0.9422869682312,253506,AP-N201-F101,0.1412406116724,0.1412406116724,161.4533996582,274.85000610352
04-APR-2024,2.4204218665965,3199,3C279,0.9422869682312,253506,AP-N202-F101,0.14738912880421,0.14738912880421,150.53889465332,274.85000610352
04-APR-2024,2.4204218665965,3199,3C279,0.9422869682312,265506,AP-N203-F102,0.16756181418896,0.16756181418896,166.67012023926,274.85000610352
04-APR-2024,2.4204218665965,3199,3C279,0.9422869682312,265506,AP-N204-F102,0.17267996072769,0.17267996072769,157.78796386719,274.85000610352
04-APR-2024,2.429588532179,3199,3C279,0.94432234764099,253506,AP-N201-F101,0.1412406116724,0.1412406116724,161.4533996582,274.85000610352
04-APR-2024,2.429588532179,3199,3C279,0.94432234764099,253506,AP-N202-F101,0.14738912880421,0.14738912880421,150.53889465332,274.85000610352
04-APR-2024,2.429588532179,3199,3C279,0.94432234764099,265506,AP-N203-F102,0.16756181418896,0.16756181418896,166.67012023926,274.85000610352
04-APR-2024,2.429588532179,3199,3C279,0.94432234764099,265506,AP-N204-F102,0.17267996072769,0.17267996072769,157.78796386719,274.85000610352
04-APR-2024,2.5777829766466,3204,3C273,0.97695773839951,253506,AP-N201-F101,0.14812707901001,0.14812707901001,162.89158630371,274.54998779297
04-APR-2024,2.5777829766466,3204,3C273,0.97695773839951,253506,AP-N202-F101,0.15452443063259,0.15452443063259,151.70761108398,274.54998779297
04-APR-2024,2.5777829766466,3204,3C273,0.97695773839951,265506,AP-N203-F102,0.17510066926479,0.17510066926479,168.06114196777,274.54998779297
04-APR-2024,2.5777829766466,3204,3C273,0.97695773839951,265506,AP-N204-F102,0.18068809807301,0.18068809807301,159.43089294434,274.54998779297
04-APR-2024,2.5951440884269,3208,3C273,0.9799696803093,253506,AP-N201-F101,0.14812707901001,0.14812707901001,162.89158630371,274.54998779297
04-APR-2024,2.5951440884269,3208,3C273,0.9799696803093,253506,AP-N202-F101,0.15452443063259,0.15452443063259,151.70761108398,274.54998779297
04-APR-2024,2.5951440884269,3208,3C273,0.9799696803093,265506,AP-N203-F102,0.17510066926479,0.17510066926479,168.06114196777,274.54998779297
04-APR-2024,2.5951440884269,3208,3C273,0.9799696803093,265506,AP-N204-F102,0.18068809807301,0.18068809807301,159.43089294434,274.54998779297
04-APR-2024,2.604310754708,3208,3C273,0.98155283927917,253506,AP-N201-F101,0.14812707901001,0.14812707901001,162.89158630371,274.54998779297
04-APR-2024,2.604310754708,3208,3C273,0.98155283927917,253506,AP-N202-F101,0.15452443063259,0.15452443063259,151.70761108398,274.54998779297
04-APR-2024,2.604310754708,3208,3C273,0.98155283927917,265506,AP-N203-F102,0.17510066926479,0.17510066926479,168.06114196777,274.54998779297
04-APR-2024,2.604310754708,3208,3C273,0.98155283927917,265506,AP-N204-F102,0.18068809807301,0.18068809807301,159.43089294434,274.54998779297
04-APR-2024,2.6134774208144,3208,3C273,0.98313093185425,253506,AP-N201-F101,0.14812707901001,0.14812707901001,162.89158630371,274.54998779297
04-APR-2024,2.6134774208144,3208,3C273,0.98313093185425,253506,AP-N202-F101,0.15452443063259,0.15452443063259,151.70761108398,274.54998779297
04-APR-2024,2.6134774208144,3208,3C273,0.98313093185425,265506,AP-N203-F102,0.17510066926479,0.17510066926479,168.06114196777,274.54998779297
04-APR-2024,2.6134774208144,3208,3C273,0.98313093185425,265506,AP-N204-F102,0.18068809807301,0.18068809807301,159.43089294434,274.54998779297
04-APR-2024,2.670838529531,3213,M87,0.84238362312317,253506,AP-N201-F101,0.1504288315773,0.1504288315773,172.54333496094,274.54998779297
04-APR-2024,2.670838529531,3213,M87,0.84238362312317,253506,AP-N202-F101,0.15644167363644,0.15644167363644,161.41458129883,274.54998779297
04-APR-2024,2.670838529531,3213,M87,0.84238362312317,265506,AP-N203-F102,0.17807759344578,0.17807759344578,179.25755310059,274.54998779297
04-APR-2024,2.670838529531,3213,M87,0.84238362312317,265506,AP-N204-F102,0.18243101239204,0.18243101239204,170.06150817871,274.54998779297
04-APR-2024,2.6951440880142,3217,M87,0.84570562839508,253506,AP-N201-F101,0.1504288315773,0.1504288315773,172.54333496094,274.54998779297
04-APR-2024,2.6951440880142,3217,M87,0.84570562839508,253506,AP-N202-F101,0.15644167363644,0.15644167363644,161.41458129883,274.54998779297
04-APR-2024,2.6951440880142,3217,M87,0.84570562839508,265506,AP-N203-F102,0.17807759344578,0.17807759344578,179.25755310059,274.54998779297
04-APR-2024,2.6951440880142,3217,M87,0.84570562839508,265506,AP-N204-F102,0.18243101239204,0.18243101239204,170.06150817871,274.54998779297
04-APR-2024,2.7043107537714,3217,M87,0.84694856405258,253506,AP-N201-F101,0.1504288315773,0.1504288315773,172.54333496094,274.54998779297
04-APR-2024,2.7043107537714,3217,M87,0.84694856405258,253506,AP-N202-F101,0.15644167363644,0.15644167363644,161.41458129883,274.54998779297
04-APR-2024,2.7043107537714,3217,M87,0.84694856405258,265506,AP-N203-F102,0.17807759344578,0.17807759344578,179.25755310059,274.54998779297
04-APR-2024,2.7043107537714,3217,M87,0.84694856405258,265506,AP-N204-F102,0.18243101239204,0.18243101239204,170.06150817871,274.54998779297
04-APR-2024,2.7134774198778,3217,M87,0.84818583726883,253506,AP-N201-F101,0.1504288315773,0.1504288315773,172.54333496094,274.54998779297
04-APR-2024,2.7134774198778,3217,M87,0.84818583726883,253506,AP-N202-F101,0.15644167363644,0.15644167363644,161.41458129883,274.54998779297
04-APR-2024,2.7134774198778,3217,M87,0.84818583726883,265506,AP-N203-F102,0.17807759344578,0.17807759344578,179.25755310059,274.54998779297
04-APR-2024,2.7134774198778,3217,M87,0.84818583726883,265506,AP-N204-F102,0.18243101239204,0.18243101239204,170.06150817871,274.54998779297
04-APR-2024,2.7229218631259,3217,M87,0.84945487976074,253506,AP-N201-F101,0.1504288315773,0.1504288315773,172.54333496094,274.54998779297
04-APR-2024,2.7229218631259,3217,M87,0.84945487976074,253506,AP-N202-F101,0.15644167363644,0.15644167363644,161.41458129883,274.54998779297
04-APR-2024,2.7229218631259,3217,M87,0.84945487976074,265506,AP-N203-F102,0.17807759344578,0.17807759344578,179.25755310059,274.54998779297
04-APR-2024,2.7229218631259,3217,M87,0.84945487976074,265506,AP-N204-F102,0.18243101239204,0.18243101239204,170.06150817871,274.54998779297
04-APR-2024,2.8277829760513,3222,OJ287,0.62762492895126,253506,AP-N201-F101,0.15782132744789,0.15782132744789,202.30973815918,274.85000610352
04-APR-2024,2.8277829760513,3222,OJ287,0.62762492895126,253506,AP-N202-F101,0.16296096146107,0.16296096146107,190.61344909668,274.85000610352
04-APR-2024,2.8277829760513,3222,OJ287,0.62762492895126,265506,AP-N203-F102,0.18596686422825,0.18596686422825,213.02304077148,274.85000610352
04-APR-2024,2.8277829760513,3222,OJ287,0.62762492895126,265506,AP-N204-F102,0.18976174294949,0.18976174294949,203.32376098633,274.85000610352
04-APR-2024,2.8448663066737,3226,OJ287,0.62497180700302,253506,AP-N201-F101,0.15782132744789,0.15782132744789,202.30973815918,274.85000610352
04-APR-2024,2.8448663066737,3226,OJ287,0.62497180700302,253506,AP-N202-F101,0.16296096146107,0.16296096146107,190.61344909668,274.85000610352
04-APR-2024,2.8448663066737,3226,OJ287,0.62497180700302,265506,AP-N203-F102,0.18596686422825,0.18596686422825,213.02304077148,274.85000610352
04-APR-2024,2.8448663066737,3226,OJ287,0.62497180700302,265506,AP-N204-F102,0.18976174294949,0.18976174294949,203.32376098633,274.85000610352
04-APR-2024,2.8540329752248,3226,OJ287,0.62354308366776,253506,AP-N201-F101,0.15782132744789,0.15782132744789,202.30973815918,274.85000610352
04-APR-2024,2.8540329752248,3226,OJ287,0.62354308366776,253506,AP-N202-F101,0.16296096146107,0.16296096146107,190.61344909668,274.85000610352
04-APR-2024,2.8540329752248,3226,OJ287,0.62354308366776,265506,AP-N203-F102,0.18596686422825,0.18596686422825,213.02304077148,274.85000610352
04-APR-2024,2.8540329752248,3226,OJ287,0.62354308366776,265506,AP-N204-F102,0.18976174294949,0.18976174294949,203.32376098633,274.85000610352
04-APR-2024,3.010872861695,3233,3C273,1.0460314750671,253506,AP-N201-F101,0.15514022111893,0.15514022111893,163.00067138672,275.14999389648
04-APR-2024,3.010872861695,3233,3C273,1.0460314750671,253506,AP-N202-F101,0.16213084757328,0.16213084757328,151.97915649414,275.14999389648
04-APR-2024,3.010872861695,3233,3C273,1.0460314750671,265506,AP-N203-F102,0.18304872512817,0.18304872512817,168.38418579102,275.14999389648
04-APR-2024,3.010872861695,3233,3C273,1.0460314750671,265506,AP-N204-F102,0.18884047865868,0.18884047865868,159.48263549805,275.14999389648
04-APR-2024,3.0271228607177,3237,3C273,1.0483441352844,253506,AP-N201-F101,0.15514022111893,0.15514022111893,163.00067138672,275.14999389648
04-APR-2024,3.0271228607177,3237,3C273,1.0483441352844,253506,AP-N202-F101,0.16213084757328,0.16213084757328,151.97915649414,275.14999389648
04-APR-2024,3.0271228607177,3237,3C273,1.0483441352844,265506,AP-N203-F102,0.18304872512817,0.18304872512817,168.38418579102,275.14999389648
04-APR-2024,3.0271228607177,3237,3C273,1.0483441352844,265506,AP-N204-F102,0.18884047865868,0.18884047865868,159.48263549805,275.14999389648
04-APR-2024,3.0362895289196,3237,3C273,1.0496388673782,253506,AP-N201-F101,0.15514022111893,0.15514022111893,163.00067138672,275.14999389648
04-APR-2024,3.0362895289196,3237,3C273,1.0496388673782,253506,AP-N202-F101,0.16213084757328,0.16213084757328,151.97915649414,275.14999389648
04-APR-2024,3.0362895289196,3237,3C273,1.0496388673782,265506,AP-N203-F102,0.18304872512817,0.18304872512817,168.38418579102,275.14999389648
04-APR-2024,3.0362895289196,3237,3C273,1.0496388673782,265506,AP-N204-F102,0.18884047865868,0.18884047865868,159.48263549805,275.14999389648
04-APR-2024,3.0454561955499,3237,3C273,1.0509262084961,253506,AP-N201-F101,0.15514022111893,0.15514022111893,163.00067138672,275.14999389648
04-APR-2024,3.0454561955499,3237,3C273,1.0509262084961,253506,AP-N202-F101,0.16213084757328,0.16213084757328,151.97915649414,275.14999389648
04-APR-2024,3.0454561955499,3237,3C273,1.0509262084961,265506,AP-N203-F102,0.18304872512817,0.18304872512817,168.38418579102,275.14999389648
04-APR-2024,3.0454561955499,3237,3C273,1.0509262084961,265506,AP-N204-F102,0.18884047865868,0.18884047865868,159.48263549805,275.14999389648
04-APR-2024,3.1039284159764,3242,M87,0.89534777402878,253506,AP-N201-F101,0.15351346135139,0.15351346135139,170.58813476563,275.35000610352
04-APR-2024,3.1039284159764,3242,M87,0.89534777402878,253506,AP-N202-F101,0.15941900014877,0.15941900014877,159.33929443359,275.35000610352
04-APR-2024,3.1039284159764,3242,M87,0.89534777402878,265506,AP-N203-F102,0.18097071349621,0.18097071349621,176.90965270996,275.35000610352
04-APR-2024,3.1039284159764,3242,M87,0.89534777402878,265506,AP-N204-F102,0.18574158847332,0.18574158847332,167.6872253418,275.35000610352
04-APR-2024,3.1276784130167,3246,M87,0.89784020185471,253506,AP-N201-F101,0.15351346135139,0.15351346135139,170.58813476563,275.35000610352
04-APR-2024,3.1276784130167,3246,M87,0.89784020185471,253506,AP-N202-F101,0.15941900014877,0.15941900014877,159.33929443359,275.35000610352
04-APR-2024,3.1276784130167,3246,M87,0.89784020185471,265506,AP-N203-F102,0.18097071349621,0.18097071349621,176.90965270996,275.35000610352
04-APR-2024,3.1276784130167,3246,M87,0.89784020185471,265506,AP-N204-F102,0.18574158847332,0.18574158847332,167.6872253418,275.35000610352
04-APR-2024,3.1368450792978,3246,M87,0.89878994226456,253506,AP-N201-F101,0.15351346135139,0.15351346135139,170.58813476563,275.35000610352
04-APR-2024,3.1368450792978,3246,M87,0.89878994226456,253506,AP-N202-F101,0.15941900014877,0.15941900014877,159.33929443359,275.35000610352
04-APR-2024,3.1368450792978,3246,M87,0.89878994226456,265506,AP-N203-F102,0.18097071349621,0.18097071349621,176.90965270996,275.35000610352
04-APR-2024,3.1368450792978,3246,M87,0.89878994226456,265506,AP-N204-F102,0.18574158847332,0.18574158847332,167.6872253418,275.35000610352
04-APR-2024,3.1458728569207,3246,M87,0.89971840381622,253506,AP-N201-F101,0.15351346135139,0.15351346135139,170.58813476563,275.35000610352
04-APR-2024,3.1458728569207,3246,M87,0.89971840381622,253506,AP-N202-F101,0.15941900014877,0.15941900014877,159.33929443359,275.35000610352
04-APR-2024,3.1458728569207,3246,M87,0.89971840381622,265506,AP-N203-F102,0.18097071349621,0.18097071349621,176.90965270996,275.35000610352
04-APR-2024,3.1458728569207,3246,M87,0.89971840381622,265506,AP-N204-F102,0.18574158847332,0.18574158847332,167.6872253418,275.35000610352
04-APR-2024,3.1551784139553,3246,M87,0.90066856145859,253506,AP-N201-F101,0.15351346135139,0.15351346135139,170.58813476563,275.35000610352
04-APR-2024,3.1551784139553,3246,M87,0.90066856145859,253506,AP-N202-F101,0.15941900014877,0.15941900014877,159.33929443359,275.35000610352
04-APR-2024,3.1551784139553,3246,M87,0.90066856145859,265506,AP-N203-F102,0.18097071349621,0.18097071349621,176.90965270996,275.35000610352
04-APR-2024,3.1551784139553,3246,M87,0.90066856145859,265506,AP-N204-F102,0.18574158847332,0.18574158847332,167.6872253418,275.35000610352
04-APR-2024,3.2214284160022,3251,3C279,1.1102794408798,253506,AP-N201-F101,0.15588706731796,0.15588706731796,160.77256774902,275.25
04-APR-2024,3.2214284160022,3251,3C279,1.1102794408798,253506,AP-N202-F101,0.16196213662624,0.16196213662624,149.72700500488,275.25
04-APR-2024,3.2214284160022,3251,3C279,1.1102794408798,265506,AP-N203-F102,0.18372125923634,0.18372125923634,165.91146850586,275.25
04-APR-2024,3.2214284160022,3251,3C279,1.1102794408798,265506,AP-N204-F102,0.18900474905968,0.18900474905968,156.79864501953,275.25
04-APR-2024,3.2449006365993,3255,3C279,1.1147850751877,253506,AP-N201-F101,0.15588706731796,0.15588706731796,160.77256774902,275.25
04-APR-2024,3.2449006365993,3255,3C279,1.1147850751877,253506,AP-N202-F101,0.16196213662624,0.16196213662624,149.72700500488,275.25
04-APR-2024,3.2449006365993,3255,3C279,1.1147850751877,265506,AP-N203-F102,0.18372125923634,0.18372125923634,165.91146850586,275.25
04-APR-2024,3.2449006365993,3255,3C279,1.1147850751877,265506,AP-N204-F102,0.18900474905968,0.18900474905968,156.79864501953,275.25
04-APR-2024,3.2540673028804,3255,3C279,1.1165359020233,253506,AP-N201-F101,0.15588706731796,0.15588706731796,160.77256774902,275.25
04-APR-2024,3.2540673028804,3255,3C279,1.1165359020233,253506,AP-N202-F101,0.16196213662624,0.16196213662624,149.72700500488,275.25
04-APR-2024,3.2540673028804,3255,3C279,1.1165359020233,265506,AP-N203-F102,0.18372125923634,0.18372125923634,165.91146850586,275.25
04-APR-2024,3.2540673028804,3255,3C279,1.1165359020233,265506,AP-N204-F102,0.18900474905968,0.18900474905968,156.79864501953,275.25
04-APR-2024,3.2629561916705,3255,3C279,1.1182287931442,253506,AP-N201-F101,0.15588706731796,0.15588706731796,160.77256774902,275.25
04-APR-2024,3.2629561916705,3255,3C279,1.1182287931442,253506,AP-N202-F101,0.16196213662624,0.16196213662624,149.72700500488,275.25
04-APR-2024,3.2629561916705,3255,3C279,1.1182287931442,265506,AP-N203-F102,0.18372125923634,0.18372125923634,165.91146850586,275.25
04-APR-2024,3.2629561916705,3255,3C279,1.1182287931442,265506,AP-N204-F102,0.18900474905968,0.18900474905968,156.79864501953,275.25
04-APR-2024,3.3783728574584,3260,OJ287,0.53623950481415,253506,AP-N201-F101,0.16388377547264,0.16388377547264,227.28923034668,275.45001220703
04-APR-2024,3.3783728574584,3260,OJ287,0.53623950481415,253506,AP-N202-F101,0.16824847459793,0.16824847459793,214.64682006836,275.45001220703
04-APR-2024,3.3783728574584,3260,OJ287,0.53623950481415,265506,AP-N203-F102,0.19227735698223,0.19227735698223,241.4853515625,275.45001220703
04-APR-2024,3.3783728574584,3260,OJ287,0.53623950481415,265506,AP-N204-F102,0.19520102441311,0.19520102441311,230.78298950195,275.45001220703
04-APR-2024,3.3951784112884,3264,OJ287,0.53327578306198,253506,AP-N201-F101,0.16388377547264,0.16388377547264,227.28923034668,275.45001220703
04-APR-2024,3.3951784112884,3264,OJ287,0.53327578306198,253506,AP-N202-F101,0.16824847459793,0.16824847459793,214.64682006836,275.45001220703
04-APR-2024,3.3951784112884,3264,OJ287,0.53327578306198,265506,AP-N203-F102,0.19227735698223,0.19227735698223,241.4853515625,275.45001220703
04-APR-2024,3.3951784112884,3264,OJ287,0.53327578306198,265506,AP-N204-F102,0.19520102441311,0.19520102441311,230.78298950195,275.45001220703
04-APR-2024,3.404345080538,3264,OJ287,0.53165543079376,253506,AP-N201-F101,0.16388377547264,0.16388377547264,227.28923034668,275.45001220703
04-APR-2024,3.404345080538,3264,OJ287,0.53165543079376,253506,AP-N202-F101,0.16824847459793,0.16824847459793,214.64682006836,275.45001220703
04-APR-2024,3.404345080538,3264,OJ287,0.53165543079376,265506,AP-N203-F102,0.19227735698223,0.19227735698223,241.4853515625,275.45001220703
04-APR-2024,3.404345080538,3264,OJ287,0.53165543079376,265506,AP-N204-F102,0.19520102441311,0.19520102441311,230.78298950195,275.45001220703
04-APR-2024,3.4135117457713,3264,OJ287,0.53003233671188,253506,AP-N201-F101,0.16388377547264,0.16388377547264,227.28923034668,275.45001220703
04-APR-2024,3.4135117457713,3264,OJ287,0.53003233671188,253506,AP-N202-F101,0.16824847459793,0.16824847459793,214.64682006836,275.45001220703
04-APR-2024,3.4135117457713,3264,OJ287,0.53003233671188,265506,AP-N203-F102,0.19227735698223,0.19227735698223,241.4853515625,275.45001220703
04-APR-2024,3.4135117457713,3264,OJ287,0.53003233671188,265506,AP-N204-F102,0.19520102441311,0.19520102441311,230.78298950195,275.45001220703
04-APR-2024,3.5275395235808,3269,3C273,1.1068360805511,253506,AP-N201-F101,0.15289165079594,0.15289165079594,159.34002685547,274.04998779297
04-APR-2024,3.5275395235808,3269,3C273,1.1068360805511,253506,AP-N202-F101,0.15854951739311,0.15854951739311,147.89868164063,274.04998779297
04-APR-2024,3.5275395235808,3269,3C273,1.1068360805511,265506,AP-N203-F102,0.18038785457611,0.18038785457611,164.21635437012,274.04998779297
04-APR-2024,3.5275395235808,3269,3C273,1.1068360805511,265506,AP-N204-F102,0.18544010818005,0.18544010818005,154.91873168945,274.04998779297
04-APR-2024,3.5440673004437,3273,3C273,1.1082895994186,253506,AP-N201-F101,0.15289165079594,0.15289165079594,159.34002685547,274.04998779297
04-APR-2024,3.5440673004437,3273,3C273,1.1082895994186,253506,AP-N202-F101,0.15854951739311,0.15854951739311,147.89868164063,274.04998779297
04-APR-2024,3.5440673004437,3273,3C273,1.1082895994186,265506,AP-N203-F102,0.18038785457611,0.18038785457611,164.21635437012,274.04998779297
04-APR-2024,3.5440673004437,3273,3C273,1.1082895994186,265506,AP-N204-F102,0.18544010818005,0.18544010818005,154.91873168945,274.04998779297
04-APR-2024,3.553511744041,3273,3C273,1.1091049909592,253506,AP-N201-F101,0.15289165079594,0.15289165079594,159.34002685547,274.04998779297
04-APR-2024,3.553511744041,3273,3C273,1.1091049909592,253506,AP-N202-F101,0.15854951739311,0.15854951739311,147.89868164063,274.04998779297
04-APR-2024,3.553511744041,3273,3C273,1.1091049909592,265506,AP-N203-F102,0.18038785457611,0.18038785457611,164.21635437012,274.04998779297
04-APR-2024,3.553511744041,3273,3C273,1.1091049909592,265506,AP-N204-F102,0.18544010818005,0.18544010818005,154.91873168945,274.04998779297
04-APR-2024,3.5629561872891,3273,3C273,1.1099091768265,253506,AP-N201-F101,0.15289165079594,0.15289165079594,159.34002685547,274.04998779297
04-APR-2024,3.5629561872891,3273,3C273,1.1099091768265,253506,AP-N202-F101,0.15854951739311,0.15854951739311,147.89868164063,274.04998779297
04-APR-2024,3.5629561872891,3273,3C273,1.1099091768265,265506,AP-N203-F102,0.18038785457611,0.18038785457611,164.21635437012,274.04998779297
04-APR-2024,3.5629561872891,3273,3C273,1.1099091768265,265506,AP-N204-F102,0.18544010818005,0.18544010818005,154.91873168945,274.04998779297
04-APR-2024,3.6208728560516,3278,M87,0.93840974569321,253506,AP-N201-F101,0.15330111980438,0.15330111980438,167.29911804199,274.45001220703
04-APR-2024,3.6208728560516,3278,M87,0.93840974569321,253506,AP-N202-F101,0.1591814905405,0.1591814905405,156.10914611816,274.45001220703
04-APR-2024,3.6208728560516,3278,M87,0.93840974569321,265506,AP-N203-F102,0.18101935088634,0.18101935088634,173.31706237793,274.45001220703
04-APR-2024,3.6208728560516,3278,M87,0.93840974569321,265506,AP-N204-F102,0.18540880084038,0.18540880084038,163.99087524414,274.45001220703
04-APR-2024,3.6458728581748,3282,M87,0.939857006073,253506,AP-N201-F101,0.15330111980438,0.15330111980438,167.29911804199,274.45001220703
04-APR-2024,3.6458728581748,3282,M87,0.939857006073,253506,AP-N202-F101,0.1591814905405,0.1591814905405,156.10914611816,274.45001220703
04-APR-2024,3.6458728581748,3282,M87,0.939857006073,265506,AP-N203-F102,0.18101935088634,0.18101935088634,173.31706237793,274.45001220703
04-APR-2024,3.6458728581748,3282,M87,0.939857006073,265506,AP-N204-F102,0.18540880084038,0.18540880084038,163.99087524414,274.45001220703
04-APR-2024,3.655456190605,3282,M87,0.94039541482925,253506,AP-N201-F101,0.15330111980438,0.15330111980438,167.29911804199,274.45001220703
04-APR-2024,3.655456190605,3282,M87,0.94039541482925,253506,AP-N202-F101,0.1591814905405,0.1591814905405,156.10914611816,274.45001220703
04-APR-2024,3.655456190605,3282,M87,0.94039541482925,265506,AP-N203-F102,0.18101935088634,0.18101935088634,173.31706237793,274.45001220703
04-APR-2024,3.655456190605,3282,M87,0.94039541482925,265506,AP-N204-F102,0.18540880084038,0.18540880084038,163.99087524414,274.45001220703
04-APR-2024,3.6649006336784,3282,M87,0.94091695547104,253506,AP-N201-F101,0.15330111980438,0.15330111980438,167.29911804199,274.45001220703
04-APR-2024,3.6649006336784,3282,M87,0.94091695547104,253506,AP-N202-F101,0.1591814905405,0.1591814905405,156.10914611816,274.45001220703
04-APR-2024,3.6649006336784,3282,M87,0.94091695547104,265506,AP-N203-F102,0.18101935088634,0.18101935088634,173.31706237793,274.45001220703
04-APR-2024,3.6649006336784,3282,M87,0.94091695547104,265506,AP-N204-F102,0.18540880084038,0.18540880084038,163.99087524414,274.45001220703
04-APR-2024,3.6737895228178,3282,M87,0.94139975309372,253506,AP-N201-F101,0.15330111980438,0.15330111980438,167.29911804199,274.45001220703
04-APR-2024,3.6737895228178,3282,M87,0.94139975309372,253506,AP-N202-F101,0.1591814905405,0.1591814905405,156.10914611816,274.45001220703
04-APR-2024,3.6737895228178,3282,M87,0.94139975309372,265506,AP-N203-F102,0.18101935088634,0.18101935088634,173.31706237793,274.45001220703
04-APR-2024,3.6737895228178,3282,M87,0.94139975309372,265506,AP-N204-F102,0.18540880084038,0.18540880084038,163.99087524414,274.45001220703
04-APR-2024,3.7303172985377,3285,M87,0.94428378343582,253506,AP-N201-F101,0.15454812347889,0.15454812347889,167.69644165039,274.04998779297
04-APR-2024,3.7303172985377,3285,M87,0.94428378343582,253506,AP-N202-F101,0.16059519350529,0.16059519350529,156.58128356934,274.04998779297
04-APR-2024,3.7303172985377,3285,M87,0.94428378343582,265506,AP-N203-F102,0.1825809776783,0.1825809776783,173.66334533691,274.04998779297
04-APR-2024,3.7303172985377,3285,M87,0.94428378343582,265506,AP-N204-F102,0.1872870773077,0.1872870773077,164.60215759277,274.04998779297
04-APR-2024,3.7615673012791,3289,M87,0.94573825597763,253506,AP-N201-F101,0.15454812347889,0.15454812347889,167.69644165039,274.04998779297
04-APR-2024,3.7615673012791,3289,M87,0.94573825597763,253506,AP-N202-F101,0.16059519350529,0.16059519350529,156.58128356934,274.04998779297
04-APR-2024,3.7615673012791,3289,M87,0.94573825597763,265506,AP-N203-F102,0.1825809776783,0.1825809776783,173.66334533691,274.04998779297
04-APR-2024,3.7615673012791,3289,M87,0.94573825597763,265506,AP-N204-F102,0.1872870773077,0.1872870773077,164.60215759277,274.04998779297
04-APR-2024,3.7707339677348,3289,M87,0.94614607095718,253506,AP-N201-F101,0.15454812347889,0.15454812347889,167.69644165039,274.04998779297
04-APR-2024,3.7707339677348,3289,M87,0.94614607095718,253506,AP-N202-F101,0.16059519350529,0.16059519350529,156.58128356934,274.04998779297
04-APR-2024,3.7707339677348,3289,M87,0.94614607095718,265506,AP-N203-F102,0.1825809776783,0.1825809776783,173.66334533691,274.04998779297
04-APR-2024,3.7707339677348,3289,M87,0.94614607095718,265506,AP-N204-F102,0.1872870773077,0.1872870773077,164.60215759277,274.04998779297
04-APR-2024,3.7799006313965,3289,M87,0.94654530286789,253506,AP-N201-F101,0.15454812347889,0.15454812347889,167.69644165039,274.04998779297
04-APR-2024,3.7799006313965,3289,M87,0.94654530286789,253506,AP-N202-F101,0.16059519350529,0.16059519350529,156.58128356934,274.04998779297
04-APR-2024,3.7799006313965,3289,M87,0.94654530286789,265506,AP-N203-F102,0.1825809776783,0.1825809776783,173.66334533691,274.04998779297
04-APR-2024,3.7799006313965,3289,M87,0.94654530286789,265506,AP-N204-F102,0.1872870773077,0.1872870773077,164.60215759277,274.04998779297
04-APR-2024,3.7890672980268,3289,M87,0.94693577289581,253506,AP-N201-F101,0.15454812347889,0.15454812347889,167.69644165039,274.04998779297
04-APR-2024,3.7890672980268,3289,M87,0.94693577289581,253506,AP-N202-F101,0.16059519350529,0.16059519350529,156.58128356934,274.04998779297
04-APR-2024,3.7890672980268,3289,M87,0.94693577289581,265506,AP-N203-F102,0.1825809776783,0.1825809776783,173.66334533691,274.04998779297
04-APR-2024,3.7890672980268,3289,M87,0.94693577289581,265506,AP-N204-F102,0.1872870773077,0.1872870773077,164.60215759277,274.04998779297
04-APR-2024,3.9611506306375,3294,3C273,1.1329003572464,253506,AP-N201-F101,0.15479891002178,0.15479891002178,159.14108276367,273.64999389648
04-APR-2024,3.9611506306375,3294,3C273,1.1329003572464,253506,AP-N202-F101,0.16064593195915,0.16064593195915,147.78440856934,273.64999389648
04-APR-2024,3.9611506306375,3294,3C273,1.1329003572464,265506,AP-N203-F102,0.18262316286564,0.18262316286564,164.01931762695,273.64999389648
04-APR-2024,3.9611506306375,3294,3C273,1.1329003572464,265506,AP-N204-F102,0.18724383413792,0.18724383413792,154.62063598633,273.64999389648
04-APR-2024,3.9774006286125,3298,3C273,1.1333599090576,253506,AP-N201-F101,0.15479891002178,0.15479891002178,159.14108276367,273.64999389648
04-APR-2024,3.9774006286125,3298,3C273,1.1333599090576,253506,AP-N202-F101,0.16064593195915,0.16064593195915,147.78440856934,273.64999389648
04-APR-2024,3.9774006286125,3298,3C273,1.1333599090576,265506,AP-N203-F102,0.18262316286564,0.18262316286564,164.01931762695,273.64999389648
04-APR-2024,3.9774006286125,3298,3C273,1.1333599090576,265506,AP-N204-F102,0.18724383413792,0.18724383413792,154.62063598633,273.64999389648
04-APR-2024,3.9865672948935,3298,3C273,1.133602142334,253506,AP-N201-F101,0.15479891002178,0.15479891002178,159.14108276367,273.64999389648
04-APR-2024,3.9865672948935,3298,3C273,1.133602142334,253506,AP-N202-F101,0.16064593195915,0.16064593195915,147.78440856934,273.64999389648
04-APR-2024,3.9865672948935,3298,3C273,1.133602142334,265506,AP-N203-F102,0.18262316286564,0.18262316286564,164.01931762695,273.64999389648
04-APR-2024,3.9865672948935,3298,3C273,1.133602142334,265506,AP-N204-F102,0.18724383413792,0.18724383413792,154.62063598633,273.64999389648
04-APR-2024,3.99573396327,3298,3C273,1.1338318586349,253506,AP-N201-F101,0.15479891002178,0.15479891002178,159.14108276367,273.64999389648
04-APR-2024,3.99573396327,3298,3C273,1.1338318586349,253506,AP-N202-F101,0.16064593195915,0.16064593195915,147.78440856934,273.64999389648
04-APR-2024,3.99573396327,3298,3C273,1.1338318586349,265506,AP-N203-F102,0.18262316286564,0.18262316286564,164.01931762695,273.64999389648
04-APR-2024,3.99573396327,3298,3C273,1.1338318586349,265506,AP-N204-F102,0.18724383413792,0.18724383413792,154.62063598633,273.64999389648
04-APR-2024,4.0540672953876,3303,M87,0.95442694425583,253506,AP-N201-F101,0.16399791836739,0.16399791836739,172.01147460938,273.45001220703
04-APR-2024,4.0540672953876,3303,M87,0.95442694425583,253506,AP-N202-F101,0.17025639116764,0.17025639116764,160.6975402832,273.45001220703
04-APR-2024,4.0540672953876,3303,M87,0.95442694425583,265506,AP-N203-F102,0.19302108883858,0.19302108883858,178.33984375,273.45001220703
04-APR-2024,4.0540672953876,3303,M87,0.95442694425583,265506,AP-N204-F102,0.19802770018578,0.19802770018578,169.23040771484,273.45001220703
04-APR-2024,4.0782339608471,3307,M87,0.95473939180374,253506,AP-N201-F101,0.16399791836739,0.16399791836739,172.01147460938,273.45001220703
04-APR-2024,4.0782339608471,3307,M87,0.95473939180374,253506,AP-N202-F101,0.17025639116764,0.17025639116764,160.6975402832,273.45001220703
04-APR-2024,4.0782339608471,3307,M87,0.95473939180374,265506,AP-N203-F102,0.19302108883858,0.19302108883858,178.33984375,273.45001220703
04-APR-2024,4.0782339608471,3307,M87,0.95473939180374,265506,AP-N204-F102,0.19802770018578,0.19802770018578,169.23040771484,273.45001220703
04-APR-2024,4.0876784044445,3307,M87,0.95484465360641,253506,AP-N201-F101,0.16399791836739,0.16399791836739,172.01147460938,273.45001220703
04-APR-2024,4.0876784044445,3307,M87,0.95484465360641,253506,AP-N202-F101,0.17025639116764,0.17025639116764,160.6975402832,273.45001220703
04-APR-2024,4.0876784044445,3307,M87,0.95484465360641,265506,AP-N203-F102,0.19302108883858,0.19302108883858,178.33984375,273.45001220703
04-APR-2024,4.0876784044445,3307,M87,0.95484465360641,265506,AP-N204-F102,0.19802770018578,0.19802770018578,169.23040771484,273.45001220703
04-APR-2024,4.0968450707255,3307,M87,0.95493763685226,253506,AP-N201-F101,0.16399791836739,0.16399791836739,172.01147460938,273.45001220703
04-APR-2024,4.0968450707255,3307,M87,0.95493763685226,253506,AP-N202-F101,0.17025639116764,0.17025639116764,160.6975402832,273.45001220703
04-APR-2024,4.0968450707255,3307,M87,0.95493763685226,265506,AP-N203-F102,0.19302108883858,0.19302108883858,178.33984375,273.45001220703
04-APR-2024,4.0968450707255,3307,M87,0.95493763685226,265506,AP-N204-F102,0.19802770018578,0.19802770018578,169.23040771484,273.45001220703
04-APR-2024,4.1060117387528,3307,M87,0.9550216794014,253506,AP-N201-F101,0.16399791836739,0.16399791836739,172.01147460938,273.45001220703
04-APR-2024,4.1060117387528,3307,M87,0.9550216794014,253506,AP-N202-F101,0.17025639116764,0.17025639116764,160.6975402832,273.45001220703
04-APR-2024,4.1060117387528,3307,M87,0.9550216794014,265506,AP-N203-F102,0.19302108883858,0.19302108883858,178.33984375,273.45001220703
04-APR-2024,4.1060117387528,3307,M87,0.9550216794014,265506,AP-N204-F102,0.19802770018578,0.19802770018578,169.23040771484,273.45001220703
04-APR-2024,4.1701784062126,3312,3C279,1.2526477575302,253506,AP-N201-F101,0.15745811164379,0.15745811164379,156.79121398926,273.04998779297
04-APR-2024,4.1701784062126,3312,3C279,1.2526477575302,253506,AP-N202-F101,0.16319462656975,0.16319462656975,145.36167907715,273.04998779297
04-APR-2024,4.1701784062126,3312,3C279,1.2526477575302,265506,AP-N203-F102,0.18548294901848,0.18548294901848,161.28010559082,273.04998779297
04-APR-2024,4.1701784062126,3312,3C279,1.2526477575302,265506,AP-N204-F102,0.19032406806946,0.19032406806946,151.98448181152,273.04998779297
04-APR-2024,4.1943450699258,3316,3C279,1.2547285556793,253506,AP-N201-F101,0.15745811164379,0.15745811164379,156.79121398926,273.04998779297
04-APR-2024,4.1943450699258,3316,3C279,1.2547285556793,253506,AP-N202-F101,0.16319462656975,0.16319462656975,145.36167907715,273.04998779297
04-APR-2024,4.1943450699258,3316,3C279,1.2547285556793,265506,AP-N203-F102,0.18548294901848,0.18548294901848,161.28010559082,273.04998779297
04-APR-2024,4.1943450699258,3316,3C279,1.2547285556793,265506,AP-N204-F102,0.19032406806946,0.19032406806946,151.98448181152,273.04998779297
04-APR-2024,4.2035117362069,3316,3C279,1.2554907798767,253506,AP-N201-F101,0.15745811164379,0.15745811164379,156.79121398926,273.04998779297
04-APR-2024,4.2035117362069,3316,3C279,1.2554907798767,253506,AP-N202-F101,0.16319462656975,0.16319462656975,145.36167907715,273.04998779297
04-APR-2024,4.2035117362069,3316,3C279,1.2554907798767,265506,AP-N203-F102,0.18548294901848,0.18548294901848,161.28010559082,273.04998779297
04-APR-2024,4.2035117362069,3316,3C279,1.2554907798767,265506,AP-N204-F102,0.19032406806946,0.19032406806946,151.98448181152,273.04998779297
04-APR-2024,4.2126784044088,3316,3C279,1.2562375068665,253506,AP-N201-F101,0.15745811164379,0.15745811164379,156.79121398926,273.04998779297
04-APR-2024,4.2126784044088,3316,3C279,1.2562375068665,253506,AP-N202-F101,0.16319462656975,0.16319462656975,145.36167907715,273.04998779297
04-APR-2024,4.2126784044088,3316,3C279,1.2562375068665,265506,AP-N203-F102,0.18548294901848,0.18548294901848,161.28010559082,273.04998779297
04-APR-2024,4.2126784044088,3316,3C279,1.2562375068665,265506,AP-N204-F102,0.19032406806946,0.19032406806946,151.98448181152,273.04998779297
04-APR-2024,4.3611263221661,3323,3C273,1.1327470541,253506,AP-N201-F101,0.16345082223415,0.16345082223415,162.77767944336,272.85000610352
04-APR-2024,4.3611263221661,3323,3C273,1.1327470541,253506,AP-N202-F101,0.16968972980976,0.16968972980976,151.72494506836,272.85000610352
04-APR-2024,4.3611263221661,3323,3C273,1.1327470541,265506,AP-N203-F102,0.19230027496815,0.19230027496815,168.13998413086,272.85000610352
04-APR-2024,4.3611263221661,3323,3C273,1.1327470541,265506,AP-N204-F102,0.19746279716492,0.19746279716492,158.87001037598,272.85000610352
04-APR-2024,4.3773763210142,3327,3C273,1.13223528862,253506,AP-N201-F101,0.16345082223415,0.16345082223415,162.77767944336,272.85000610352
04-APR-2024,4.3773763210142,3327,3C273,1.13223528862,253506,AP-N202-F101,0.16968972980976,0.16968972980976,151.72494506836,272.85000610352
04-APR-2024,4.3773763210142,3327,3C273,1.13223528862,265506,AP-N203-F102,0.19230027496815,0.19230027496815,168.13998413086,272.85000610352
04-APR-2024,4.3773763210142,3327,3C273,1.13223528862,265506,AP-N204-F102,0.19746279716492,0.19746279716492,158.87001037598,272.85000610352
04-APR-2024,4.3865429867713,3327,3C273,1.1319297552109,253506,AP-N201-F101,0.16345082223415,0.16345082223415,162.77767944336,272.85000610352
04-APR-2024,4.3865429867713,3327,3C273,1.1319297552109,253506,AP-N202-F101,0.16968972980976,0.16968972980976,151.72494506836,272.85000610352
04-APR-2024,4.3865429867713,3327,3C273,1.1319297552109,265506,AP-N203-F102,0.19230027496815,0.19230027496815,168.13998413086,272.85000610352
04-APR-2024,4.3865429867713,3327,3C273,1.1319297552109,265506,AP-N204-F102,0.19746279716492,0.19746279716492,158.87001037598,272.85000610352
04-APR-2024,4.3957096528778,3327,3C273,1.1316120624542,253506,AP-N201-F101,0.16345082223415,0.16345082223415,162.77767944336,272.85000610352
04-APR-2024,4.3957096528778,3327,3C273,1.1316120624542,253506,AP-N202-F101,0.16968972980976,0.16968972980976,151.72494506836,272.85000610352
04-APR-2024,4.3957096528778,3327,3C273,1.1316120624542,265506,AP-N203-F102,0.19230027496815,0.19230027496815,168.13998413086,272.85000610352
04-APR-2024,4.3957096528778,3327,3C273,1.1316120624542,265506,AP-N204-F102,0.19746279716492,0.19746279716492,158.87001037598,272.85000610352
04-APR-2024,4.453626321291,3332,M87,0.9515632390976,253506,AP-N201-F101,0.16192644834518,0.16192644834518,170.67434692383,272.85000610352
04-APR-2024,4.453626321291,3332,M87,0.9515632390976,253506,AP-N202-F101,0.16788622736931,0.16788622736931,159.41703796387,272.85000610352
04-APR-2024,4.453626321291,3332,M87,0.9515632390976,265506,AP-N203-F102,0.19079425930977,0.19079425930977,177.03314208984,272.85000610352
04-APR-2024,4.453626321291,3332,M87,0.9515632390976,265506,AP-N204-F102,0.19585286080837,0.19585286080837,167.85862731934,272.85000610352
04-APR-2024,4.477098542412,3336,M87,0.9508655667305,253506,AP-N201-F101,0.16192644834518,0.16192644834518,170.67434692383,272.85000610352
04-APR-2024,4.477098542412,3336,M87,0.9508655667305,253506,AP-N202-F101,0.16788622736931,0.16788622736931,159.41703796387,272.85000610352
04-APR-2024,4.477098542412,3336,M87,0.9508655667305,265506,AP-N203-F102,0.19079425930977,0.19079425930977,177.03314208984,272.85000610352
04-APR-2024,4.477098542412,3336,M87,0.9508655667305,265506,AP-N204-F102,0.19585286080837,0.19585286080837,167.85862731934,272.85000610352
04-APR-2024,4.4862652090423,3336,M87,0.95057755708694,253506,AP-N201-F101,0.16192644834518,0.16192644834518,170.67434692383,272.85000610352
04-APR-2024,4.4862652090423,3336,M87,0.95057755708694,253506,AP-N202-F101,0.16788622736931,0.16788622736931,159.41703796387,272.85000610352
04-APR-2024,4.4862652090423,3336,M87,0.95057755708694,265506,AP-N203-F102,0.19079425930977,0.19079425930977,177.03314208984,272.85000610352
04-APR-2024,4.4862652090423,3336,M87,0.95057755708694,265506,AP-N204-F102,0.19585286080837,0.19585286080837,167.85862731934,272.85000610352
04-APR-2024,4.495431876895,3336,M87,0.95028072595596,253506,AP-N201-F101,0.16192644834518,0.16192644834518,170.67434692383,272.85000610352
04-APR-2024,4.495431876895,3336,M87,0.95028072595596,253506,AP-N202-F101,0.16788622736931,0.16788622736931,159.41703796387,272.85000610352
04-APR-2024,4.495431876895,3336,M87,0.95028072595596,265506,AP-N203-F102,0.19079425930977,0.19079425930977,177.03314208984,272.85000610352
04-APR-2024,4.495431876895,3336,M87,0.95028072595596,265506,AP-N204-F102,0.19585286080837,0.19585286080837,167.85862731934,272.85000610352
04-APR-2024,4.5043207658597,3336,M87,0.94998449087143,253506,AP-N201-F101,0.16192644834518,0.16192644834518,170.67434692383,272.85000610352
04-APR-2024,4.5043207658597,3336,M87,0.94998449087143,253506,AP-N202-F101,0.16788622736931,0.16788622736931,159.41703796387,272.85000610352
04-APR-2024,4.5043207658597,3336,M87,0.94998449087143,265506,AP-N203-F102,0.19079425930977,0.19079425930977,177.03314208984,272.85000610352
04-APR-2024,4.5043207658597,3336,M87,0.94998449087143,265506,AP-N204-F102,0.19585286080837,0.19585286080837,167.85862731934,272.85000610352
04-APR-2024,4.7447374307388,3341,3C273,1.1107029914856,253506,AP-N201-F101,0.16509032249451,0.16509032249451,164.55076599121,273.14999389648
04-APR-2024,4.7447374307388,3341,3C273,1.1107029914856,253506,AP-N202-F101,0.17136825621128,0.17136825621128,153.2035369873,273.14999389648
04-APR-2024,4.7447374307388,3341,3C273,1.1107029914856,265506,AP-N203-F102,0.19422659277916,0.19422659277916,170.09375,273.14999389648
04-APR-2024,4.7447374307388,3341,3C273,1.1107029914856,265506,AP-N204-F102,0.19883979856968,0.19883979856968,160.51902770996,273.14999389648
04-APR-2024,4.7615429847434,3345,3C273,1.1092834472656,253506,AP-N201-F101,0.16509032249451,0.16509032249451,164.55076599121,273.14999389648
04-APR-2024,4.7615429847434,3345,3C273,1.1092834472656,253506,AP-N202-F101,0.17136825621128,0.17136825621128,153.2035369873,273.14999389648
04-APR-2024,4.7615429847434,3345,3C273,1.1092834472656,265506,AP-N203-F102,0.19422659277916,0.19422659277916,170.09375,273.14999389648
04-APR-2024,4.7615429847434,3345,3C273,1.1092834472656,265506,AP-N204-F102,0.19883979856968,0.19883979856968,160.51902770996,273.14999389648
04-APR-2024,4.7707096503259,3345,3C273,1.1084945201874,253506,AP-N201-F101,0.16509032249451,0.16509032249451,164.55076599121,273.14999389648
04-APR-2024,4.7707096503259,3345,3C273,1.1084945201874,253506,AP-N202-F101,0.17136825621128,0.17136825621128,153.2035369873,273.14999389648
04-APR-2024,4.7707096503259,3345,3C273,1.1084945201874,265506,AP-N203-F102,0.19422659277916,0.19422659277916,170.09375,273.14999389648
04-APR-2024,4.7707096503259,3345,3C273,1.1084945201874,265506,AP-N204-F102,0.19883979856968,0.19883979856968,160.51902770996,273.14999389648
04-APR-2024,4.7798763187025,3345,3C273,1.1076951026917,253506,AP-N201-F101,0.16509032249451,0.16509032249451,164.55076599121,273.14999389648
04-APR-2024,4.7798763187025,3345,3C273,1.1076951026917,253506,AP-N202-F101,0.17136825621128,0.17136825621128,153.2035369873,273.14999389648
04-APR-2024,4.7798763187025,3345,3C273,1.1076951026917,265506,AP-N203-F102,0.19422659277916,0.19422659277916,170.09375,273.14999389648
04-APR-2024,4.7798763187025,3345,3C273,1.1076951026917,265506,AP-N204-F102,0.19883979856968,0.19883979856968,160.51902770996,273.14999389648
04-APR-2024,4.8372374298637,3350,M87,0.93306666612625,253506,AP-N201-F101,0.16832521557808,0.16832521557808,175.2350769043,273.04998779297
04-APR-2024,4.8372374298637,3350,M87,0.93306666612625,253506,AP-N202-F101,0.17484445869923,0.17484445869923,164.10864257813,273.04998779297
04-APR-2024,4.8372374298637,3350,M87,0.93306666612625,265506,AP-N203-F102,0.19797970354557,0.19797970354557,182.19755554199,273.04998779297
04-APR-2024,4.8372374298637,3350,M87,0.93306666612625,265506,AP-N204-F102,0.20270289480686,0.20270289480686,173.01403808594,273.04998779297
04-APR-2024,4.8601540953044,3354,M87,0.93149697780609,253506,AP-N201-F101,0.16832521557808,0.16832521557808,175.2350769043,273.04998779297
04-APR-2024,4.8601540953044,3354,M87,0.93149697780609,253506,AP-N202-F101,0.17484445869923,0.17484445869923,164.10864257813,273.04998779297
04-APR-2024,4.8601540953044,3354,M87,0.93149697780609,265506,AP-N203-F102,0.19797970354557,0.19797970354557,182.19755554199,273.04998779297
04-APR-2024,4.8601540953044,3354,M87,0.93149697780609,265506,AP-N204-F102,0.20270289480686,0.20270289480686,173.01403808594,273.04998779297
04-APR-2024,4.8691818751974,3354,M87,0.9308648109436,253506,AP-N201-F101,0.16832521557808,0.16832521557808,175.2350769043,273.04998779297
04-APR-2024,4.8691818751974,3354,M87,0.9308648109436,253506,AP-N202-F101,0.17484445869923,0.17484445869923,164.10864257813,273.04998779297
04-APR-2024,4.8691818751974,3354,M87,0.9308648109436,265506,AP-N203-F102,0.19797970354557,0.19797970354557,182.19755554199,273.04998779297
04-APR-2024,4.8691818751974,3354,M87,0.9308648109436,265506,AP-N204-F102,0.20270289480686,0.20270289480686,173.01403808594,273.04998779297
04-APR-2024,4.878765206929,3354,M87,0.93018525838852,253506,AP-N201-F101,0.16832521557808,0.16832521557808,175.2350769043,273.04998779297
04-APR-2024,4.878765206929,3354,M87,0.93018525838852,253506,AP-N202-F101,0.17484445869923,0.17484445869923,164.10864257813,273.04998779297
04-APR-2024,4.878765206929,3354,M87,0.93018525838852,265506,AP-N203-F102,0.19797970354557,0.19797970354557,182.19755554199,273.04998779297
04-APR-2024,4.878765206929,3354,M87,0.93018525838852,265506,AP-N204-F102,0.20270289480686,0.20270289480686,173.01403808594,273.04998779297
04-APR-2024,4.8879318728608,3354,M87,0.92952710390091,253506,AP-N201-F101,0.16832521557808,0.16832521557808,175.2350769043,273.04998779297
04-APR-2024,4.8879318728608,3354,M87,0.92952710390091,253506,AP-N202-F101,0.17484445869923,0.17484445869923,164.10864257813,273.04998779297
04-APR-2024,4.8879318728608,3354,M87,0.92952710390091,265506,AP-N203-F102,0.19797970354557,0.19797970354557,182.19755554199,273.04998779297
04-APR-2024,4.8879318728608,3354,M87,0.92952710390091,265506,AP-N204-F102,0.20270289480686,0.20270289480686,173.01403808594,273.04998779297
04-APR-2024,4.9469596494916,3357,M87,0.92509913444519,253506,AP-N201-F101,0.17113381624222,0.17113381624222,177.27700805664,272.75
04-APR-2024,4.9469596494916,3357,M87,0.92509913444519,253506,AP-N202-F101,0.17750339210033,0.17750339210033,166.01750183105,272.75
04-APR-2024,4.9469596494916,3357,M87,0.92509913444519,265506,AP-N203-F102,0.20122925937176,0.20122925937176,184.61492919922,272.75
04-APR-2024,4.9469596494916,3357,M87,0.92509913444519,265506,AP-N204-F102,0.20578570663929,0.20578570663929,175.35342407227,272.75
04-APR-2024,4.9784874237867,3361,M87,0.92260038852692,253506,AP-N201-F101,0.17113381624222,0.17113381624222,177.27700805664,272.75
04-APR-2024,4.9784874237867,3361,M87,0.92260038852692,253506,AP-N202-F101,0.17750339210033,0.17750339210033,166.01750183105,272.75
04-APR-2024,4.9784874237867,3361,M87,0.92260038852692,265506,AP-N203-F102,0.20122925937176,0.20122925937176,184.61492919922,272.75
04-APR-2024,4.9784874237867,3361,M87,0.92260038852692,265506,AP-N204-F102,0.20578570663929,0.20578570663929,175.35342407227,272.75
04-APR-2024,4.9876540898931,3361,M87,0.92185682058334,253506,AP-N201-F101,0.17113381624222,0.17113381624222,177.27700805664,272.75
04-APR-2024,4.9876540898931,3361,M87,0.92185682058334,253506,AP-N202-F101,0.17750339210033,0.17750339210033,166.01750183105,272.75
04-APR-2024,4.9876540898931,3361,M87,0.92185682058334,265506,AP-N203-F102,0.20122925937176,0.20122925937176,184.61492919922,272.75
04-APR-2024,4.9876540898931,3361,M87,0.92185682058334,265506,AP-N204-F102,0.20578570663929,0.20578570663929,175.35342407227,272.75
04-APR-2024,4.9968207584443,3361,M87,0.92110556364059,253506,AP-N201-F101,0.17113381624222,0.17113381624222,177.27700805664,272.75
04-APR-2024,4.9968207584443,3361,M87,0.92110556364059,253506,AP-N202-F101,0.17750339210033,0.17750339210033,166.01750183105,272.75
04-APR-2024,4.9968207584443,3361,M87,0.92110556364059,265506,AP-N203-F102,0.20122925937176,0.20122925937176,184.61492919922,272.75
04-APR-2024,4.9968207584443,3361,M87,0.92110556364059,265506,AP-N204-F102,0.20578570663929,0.20578570663929,175.35342407227,272.75
04-APR-2024,5.0059874242014,3361,M87,0.92034667730331,253506,AP-N201-F101,0.17113381624222,0.17113381624222,177.27700805664,272.75
04-APR-2024,5.0059874242014,3361,M87,0.92034667730331,253506,AP-N202-F101,0.17750339210033,0.17750339210033,166.01750183105,272.75
04-APR-2024,5.0059874242014,3361,M87,0.92034667730331,265506,AP-N203-F102,0.20122925937176,0.20122925937176,184.61492919922,272.75
04-APR-2024,5.0059874242014,3361,M87,0.92034667730331,265506,AP-N204-F102,0.20578570663929,0.20578570663929,175.35342407227,272.75
04-APR-2024,5.1605707584691,3366,3C273,1.0659276247025,253506,AP-N201-F101,0.18453776836395,0.18453776836395,175.96583557129,272.95001220703
04-APR-2024,5.1605707584691,3366,3C273,1.0659276247025,253506,AP-N202-F101,0.19091288745403,0.19091288745403,164.34664916992,272.95001220703
04-APR-2024,5.1605707584691,3366,3C273,1.0659276247025,265506,AP-N203-F102,0.21598500013351,0.21598500013351,182.75321960449,272.95001220703
04-APR-2024,5.1605707584691,3366,3C273,1.0659276247025,265506,AP-N204-F102,0.22092244029045,0.22092244029045,173.29086303711,272.95001220703
04-APR-2024,5.1784874245328,3370,3C273,1.0635859966278,253506,AP-N201-F101,0.18453776836395,0.18453776836395,175.96583557129,272.95001220703
04-APR-2024,5.1784874245328,3370,3C273,1.0635859966278,253506,AP-N202-F101,0.19091288745403,0.19091288745403,164.34664916992,272.95001220703
04-APR-2024,5.1784874245328,3370,3C273,1.0635859966278,265506,AP-N203-F102,0.21598500013351,0.21598500013351,182.75321960449,272.95001220703
04-APR-2024,5.1784874245328,3370,3C273,1.0635859966278,265506,AP-N204-F102,0.22092244029045,0.22092244029045,173.29086303711,272.95001220703
04-APR-2024,5.1876540927347,3370,3C273,1.0623762607574,253506,AP-N201-F101,0.18453776836395,0.18453776836395,175.96583557129,272.95001220703
04-APR-2024,5.1876540927347,3370,3C273,1.0623762607574,253506,AP-N202-F101,0.19091288745403,0.19091288745403,164.34664916992,272.95001220703
04-APR-2024,5.1876540927347,3370,3C273,1.0623762607574,265506,AP-N203-F102,0.21598500013351,0.21598500013351,182.75321960449,272.95001220703
04-APR-2024,5.1876540927347,3370,3C273,1.0623762607574,265506,AP-N204-F102,0.22092244029045,0.22092244029045,173.29086303711,272.95001220703
04-APR-2024,5.1965429816995,3370,3C273,1.061195731163,253506,AP-N201-F101,0.18453776836395,0.18453776836395,175.96583557129,272.95001220703
04-APR-2024,5.1965429816995,3370,3C273,1.061195731163,253506,AP-N202-F101,0.19091288745403,0.19091288745403,164.34664916992,272.95001220703
04-APR-2024,5.1965429816995,3370,3C273,1.061195731163,265506,AP-N203-F102,0.21598500013351,0.21598500013351,182.75321960449,272.95001220703
04-APR-2024,5.1965429816995,3370,3C273,1.061195731163,265506,AP-N204-F102,0.22092244029045,0.22092244029045,173.29086303711,272.95001220703
04-APR-2024,5.2539040912892,3375,M87,0.89701569080353,253506,AP-N201-F101,0.1891076862812,0.1891076862812,189.93592834473,273.25
04-APR-2024,5.2539040912892,3375,M87,0.89701569080353,253506,AP-N202-F101,0.19573438167572,0.19573438167572,178.43444824219,273.25
04-APR-2024,5.2539040912892,3375,M87,0.89701569080353,265506,AP-N203-F102,0.22134840488434,0.22134840488434,198.64099121094,273.25
04-APR-2024,5.2539040912892,3375,M87,0.89701569080353,265506,AP-N204-F102,0.22613942623138,0.22613942623138,189.15090942383,273.25
04-APR-2024,5.278487426041,3379,M87,0.89441859722137,253506,AP-N201-F101,0.1891076862812,0.1891076862812,189.93592834473,273.25
04-APR-2024,5.278487426041,3379,M87,0.89441859722137,253506,AP-N202-F101,0.19573438167572,0.19573438167572,178.43444824219,273.25
04-APR-2024,5.278487426041,3379,M87,0.89441859722137,265506,AP-N203-F102,0.22134840488434,0.22134840488434,198.64099121094,273.25
04-APR-2024,5.278487426041,3379,M87,0.89441859722137,265506,AP-N204-F102,0.22613942623138,0.22613942623138,189.15090942383,273.25
04-APR-2024,5.2876540917981,3379,M87,0.8934378027916,253506,AP-N201-F101,0.1891076862812,0.1891076862812,189.93592834473,273.25
04-APR-2024,5.2876540917981,3379,M87,0.8934378027916,253506,AP-N202-F101,0.19573438167572,0.19573438167572,178.43444824219,273.25
04-APR-2024,5.2876540917981,3379,M87,0.8934378027916,265506,AP-N203-F102,0.22134840488434,0.22134840488434,198.64099121094,273.25
04-APR-2024,5.2876540917981,3379,M87,0.8934378027916,265506,AP-N204-F102,0.22613942623138,0.22613942623138,189.15090942383,273.25
04-APR-2024,5.2968207582538,3379,M87,0.89245021343231,253506,AP-N201-F101,0.1891076862812,0.1891076862812,189.93592834473,273.25
04-APR-2024,5.2968207582538,3379,M87,0.89245021343231,253506,AP-N202-F101,0.19573438167572,0.19573438167572,178.43444824219,273.25
04-APR-2024,5.2968207582538,3379,M87,0.89245021343231,265506,AP-N203-F102,0.22134840488434,0.22134840488434,198.64099121094,273.25
04-APR-2024,5.2968207582538,3379,M87,0.89245021343231,265506,AP-N204-F102,0.22613942623138,0.22613942623138,189.15090942383,273.25
04-APR-2024,5.3059874238364,3379,M87,0.89145582914352,253506,AP-N201-F101,0.1891076862812,0.1891076862812,189.93592834473,273.25
04-APR-2024,5.3059874238364,3379,M87,0.89145582914352,253506,AP-N202-F101,0.19573438167572,0.19573438167572,178.43444824219,273.25
04-APR-2024,5.3059874238364,3379,M87,0.89145582914352,265506,AP-N203-F102,0.22134840488434,0.22134840488434,198.64099121094,273.25
04-APR-2024,5.3059874238364,3379,M87,0.89145582914352,265506,AP-N204-F102,0.22613942623138,0.22613942623138,189.15090942383,273.25
04-APR-2024,5.3708485352854,3384,3C279,1.2157243490219,253506,AP-N201-F101,0.18452318012714,0.18452318012714,169.87432861328,273.14999389648
04-APR-2024,5.3708485352854,3384,3C279,1.2157243490219,253506,AP-N202-F101,0.19058819115162,0.19058819115162,158.32516479492,273.14999389648
04-APR-2024,5.3708485352854,3384,3C279,1.2157243490219,265506,AP-N203-F102,0.21573074162006,0.21573074162006,175.86135864258,273.14999389648
04-APR-2024,5.3708485352854,3384,3C279,1.2157243490219,265506,AP-N204-F102,0.22071634232998,0.22071634232998,166.43014526367,273.14999389648
04-APR-2024,5.395709643861,3388,3C279,1.2122699022293,253506,AP-N201-F101,0.18452318012714,0.18452318012714,169.87432861328,273.14999389648
04-APR-2024,5.395709643861,3388,3C279,1.2122699022293,253506,AP-N202-F101,0.19058819115162,0.19058819115162,158.32516479492,273.14999389648
04-APR-2024,5.395709643861,3388,3C279,1.2122699022293,265506,AP-N203-F102,0.21573074162006,0.21573074162006,175.86135864258,273.14999389648
04-APR-2024,5.395709643861,3388,3C279,1.2122699022293,265506,AP-N204-F102,0.22071634232998,0.22071634232998,166.43014526367,273.14999389648
04-APR-2024,5.4048763094436,3388,3C279,1.2109769582748,253506,AP-N201-F101,0.18452318012714,0.18452318012714,169.87432861328,273.14999389648
04-APR-2024,5.4048763094436,3388,3C279,1.2109769582748,253506,AP-N202-F101,0.19058819115162,0.19058819115162,158.32516479492,273.14999389648
04-APR-2024,5.4048763094436,3388,3C279,1.2109769582748,265506,AP-N203-F102,0.21573074162006,0.21573074162006,175.86135864258,273.14999389648
04-APR-2024,5.4048763094436,3388,3C279,1.2109769582748,265506,AP-N204-F102,0.22071634232998,0.22071634232998,166.43014526367,273.14999389648
04-APR-2024,5.41404297555,3388,3C279,1.2096737623215,253506,AP-N201-F101,0.18452318012714,0.18452318012714,169.87432861328,273.14999389648
04-APR-2024,5.41404297555,3388,3C279,1.2096737623215,253506,AP-N202-F101,0.19058819115162,0.19058819115162,158.32516479492,273.14999389648
04-APR-2024,5.41404297555,3388,3C279,1.2096737623215,265506,AP-N203-F102,0.21573074162006,0.21573074162006,175.86135864258,273.14999389648
04-APR-2024,5.41404297555,3388,3C279,1.2096737623215,265506,AP-N204-F102,0.22071634232998,0.22071634232998,166.43014526367,273.14999389648
04-APR-2024,6.0114966118568,3396,J1751+0939,0.50557208061218,253506,AP-N201-F101,0.16478271782398,0.16478271782398,237.11845397949,274.25
04-APR-2024,6.0114966118568,3396,J1751+0939,0.50557208061218,253506,AP-N202-F101,0.16916406154633,0.16916406154633,224.41244506836,274.25
04-APR-2024,6.0114966118568,3396,J1751+0939,0.50557208061218,265506,AP-N203-F102,0.19329011440277,0.19329011440277,252.45848083496,274.25
04-APR-2024,6.0114966118568,3396,J1751+0939,0.50557208061218,265506,AP-N204-F102,0.19646506011486,0.19646506011486,242.32000732422,274.25
04-APR-2024,6.030524390329,3400,SGRA,0.76917141675949,253506,AP-N201-F101,0.16478271782398,0.16478271782398,237.11845397949,274.25
04-APR-2024,6.030524390329,3400,SGRA,0.76917141675949,253506,AP-N202-F101,0.16916406154633,0.16916406154633,224.41244506836,274.25
04-APR-2024,6.030524390329,3400,SGRA,0.76917141675949,265506,AP-N203-F102,0.19329011440277,0.19329011440277,252.45848083496,274.25
04-APR-2024,6.030524390329,3400,SGRA,0.76917141675949,265506,AP-N204-F102,0.19646506011486,0.19646506011486,242.32000732422,274.25
04-APR-2024,6.0396910562608,3400,SGRA,0.77126812934875,253506,AP-N201-F101,0.16478271782398,0.16478271782398,237.11845397949,274.25
04-APR-2024,6.0396910562608,3400,SGRA,0.77126812934875,253506,AP-N202-F101,0.16916406154633,0.16916406154633,224.41244506836,274.25
04-APR-2024,6.0396910562608,3400,SGRA,0.77126812934875,265506,AP-N203-F102,0.19329011440277,0.19329011440277,252.45848083496,274.25
04-APR-2024,6.0396910562608,3400,SGRA,0.77126812934875,265506,AP-N204-F102,0.19646506011486,0.19646506011486,242.32000732422,274.25
04-APR-2024,6.0488577221926,3400,SGRA,0.77336513996124,253506,AP-N201-F101,0.16478271782398,0.16478271782398,237.11845397949,274.25
04-APR-2024,6.0488577221926,3400,SGRA,0.77336513996124,253506,AP-N202-F101,0.16916406154633,0.16916406154633,224.41244506836,274.25
04-APR-2024,6.0488577221926,3400,SGRA,0.77336513996124,265506,AP-N203-F102,0.19329011440277,0.19329011440277,252.45848083496,274.25
04-APR-2024,6.0488577221926,3400,SGRA,0.77336513996124,265506,AP-N204-F102,0.19646506011486,0.19646506011486,242.32000732422,274.25
04-APR-2024,6.0577466108081,3400,SGRA,0.77539873123169,253506,AP-N201-F101,0.16478271782398,0.16478271782398,237.11845397949,274.25
04-APR-2024,6.0577466108081,3400,SGRA,0.77539873123169,253506,AP-N202-F101,0.16916406154633,0.16916406154633,224.41244506836,274.25
04-APR-2024,6.0577466108081,3400,SGRA,0.77539873123169,265506,AP-N203-F102,0.19329011440277,0.19329011440277,252.45848083496,274.25
04-APR-2024,6.0577466108081,3400,SGRA,0.77539873123169,265506,AP-N204-F102,0.19646506011486,0.19646506011486,242.32000732422,274.25
04-APR-2024,6.0669132793592,3400,SGRA,0.7774960398674,253506,AP-N201-F101,0.16478271782398,0.16478271782398,237.11845397949,274.25
04-APR-2024,6.0669132793592,3400,SGRA,0.7774960398674,253506,AP-N202-F101,0.16916406154633,0.16916406154633,224.41244506836,274.25
04-APR-2024,6.0669132793592,3400,SGRA,0.7774960398674,265506,AP-N203-F102,0.19329011440277,0.19329011440277,252.45848083496,274.25
04-APR-2024,6.0669132793592,3400,SGRA,0.7774960398674,265506,AP-N204-F102,0.19646506011486,0.19646506011486,242.32000732422,274.25
04-APR-2024,6.0760799454656,3400,SGRA,0.7795934677124,253506,AP-N201-F101,0.16478271782398,0.16478271782398,237.11845397949,274.25
04-APR-2024,6.0760799454656,3400,SGRA,0.7795934677124,253506,AP-N202-F101,0.16916406154633,0.16916406154633,224.41244506836,274.25
04-APR-2024,6.0760799454656,3400,SGRA,0.7795934677124,265506,AP-N203-F102,0.19329011440277,0.19329011440277,252.45848083496,274.25
04-APR-2024,6.0760799454656,3400,SGRA,0.7795934677124,265506,AP-N204-F102,0.19646506011486,0.19646506011486,242.32000732422,274.25
04-APR-2024,6.0852466136675,3400,SGRA,0.78169113397598,253506,AP-N201-F101,0.16478271782398,0.16478271782398,237.11845397949,274.25
04-APR-2024,6.0852466136675,3400,SGRA,0.78169113397598,253506,AP-N202-F101,0.16916406154633,0.16916406154633,224.41244506836,274.25
04-APR-2024,6.0852466136675,3400,SGRA,0.78169113397598,265506,AP-N203-F102,0.19329011440277,0.19329011440277,252.45848083496,274.25
04-APR-2024,6.0852466136675,3400,SGRA,0.78169113397598,265506,AP-N204-F102,0.19646506011486,0.19646506011486,242.32000732422,274.25
04-APR-2024,6.0944132795993,3400,SGRA,0.78378891944885,253506,AP-N201-F101,0.16478271782398,0.16478271782398,237.11845397949,274.25
04-APR-2024,6.0944132795993,3400,SGRA,0.78378891944885,253506,AP-N202-F101,0.16916406154633,0.16916406154633,224.41244506836,274.25
04-APR-2024,6.0944132795993,3400,SGRA,0.78378891944885,265506,AP-N203-F102,0.19329011440277,0.19329011440277,252.45848083496,274.25
04-APR-2024,6.0944132795993,3400,SGRA,0.78378891944885,265506,AP-N204-F102,0.19646506011486,0.19646506011486,242.32000732422,274.25
04-APR-2024,6.1035799458804,3400,SGRA,0.78588688373566,253506,AP-N201-F101,0.16478271782398,0.16478271782398,237.11845397949,274.25
04-APR-2024,6.1035799458804,3400,SGRA,0.78588688373566,253506,AP-N202-F101,0.16916406154633,0.16916406154633,224.41244506836,274.25
04-APR-2024,6.1035799458804,3400,SGRA,0.78588688373566,265506,AP-N203-F102,0.19329011440277,0.19329011440277,252.45848083496,274.25
04-APR-2024,6.1035799458804,3400,SGRA,0.78588688373566,265506,AP-N204-F102,0.19646506011486,0.19646506011486,242.32000732422,274.25
04-APR-2024,6.1127466116375,3400,SGRA,0.7879850268364,253506,AP-N201-F101,0.16478271782398,0.16478271782398,237.11845397949,274.25
04-APR-2024,6.1127466116375,3400,SGRA,0.7879850268364,253506,AP-N202-F101,0.16916406154633,0.16916406154633,224.41244506836,274.25
04-APR-2024,6.1127466116375,3400,SGRA,0.7879850268364,265506,AP-N203-F102,0.19329011440277,0.19329011440277,252.45848083496,274.25
04-APR-2024,6.1127466116375,3400,SGRA,0.7879850268364,265506,AP-N204-F102,0.19646506011486,0.19646506011486,242.32000732422,274.25
04-APR-2024,6.1219132775693,3400,SGRA,0.79008328914642,253506,AP-N201-F101,0.16478271782398,0.16478271782398,237.11845397949,274.25
04-APR-2024,6.1219132775693,3400,SGRA,0.79008328914642,253506,AP-N202-F101,0.16916406154633,0.16916406154633,224.41244506836,274.25
04-APR-2024,6.1219132775693,3400,SGRA,0.79008328914642,265506,AP-N203-F102,0.19329011440277,0.19329011440277,252.45848083496,274.25
04-APR-2024,6.1219132775693,3400,SGRA,0.79008328914642,265506,AP-N204-F102,0.19646506011486,0.19646506011486,242.32000732422,274.25
04-APR-2024,6.1310799435011,3400,SGRA,0.79218173027039,253506,AP-N201-F101,0.16478271782398,0.16478271782398,237.11845397949,274.25
04-APR-2024,6.1310799435011,3400,SGRA,0.79218173027039,253506,AP-N202-F101,0.16916406154633,0.16916406154633,224.41244506836,274.25
04-APR-2024,6.1310799435011,3400,SGRA,0.79218173027039,265506,AP-N203-F102,0.19329011440277,0.19329011440277,252.45848083496,274.25
04-APR-2024,6.1310799435011,3400,SGRA,0.79218173027039,265506,AP-N204-F102,0.19646506011486,0.19646506011486,242.32000732422,274.25
04-APR-2024,6.1402466096076,3400,SGRA,0.79428035020828,253506,AP-N201-F101,0.16478271782398,0.16478271782398,237.11845397949,274.25
04-APR-2024,6.1402466096076,3400,SGRA,0.79428035020828,253506,AP-N202-F101,0.16916406154633,0.16916406154633,224.41244506836,274.25
04-APR-2024,6.1402466096076,3400,SGRA,0.79428035020828,265506,AP-N203-F102,0.19329011440277,0.19329011440277,252.45848083496,274.25
04-APR-2024,6.1402466096076,3400,SGRA,0.79428035020828,265506,AP-N204-F102,0.19646506011486,0.19646506011486,242.32000732422,274.25
04-APR-2024,6.2706632763202,3405,J1924-2914,0.45097804069519,253506,AP-N201-F101,0.16419430077076,0.16419430077076,256.41058349609,273.54998779297
04-APR-2024,6.2706632763202,3405,J1924-2914,0.45097804069519,253506,AP-N202-F101,0.16806142032146,0.16806142032146,243.31178283691,273.54998779297
04-APR-2024,6.2706632763202,3405,J1924-2914,0.45097804069519,265506,AP-N203-F102,0.19246391952038,0.19246391952038,274.87683105469,273.54998779297
04-APR-2024,6.2706632763202,3405,J1924-2914,0.45097804069519,265506,AP-N204-F102,0.19551275670528,0.19551275670528,264.22286987305,273.54998779297
04-APR-2024,6.2946910527723,3409,J1924-2914,0.45634242892265,253506,AP-N201-F101,0.16419430077076,0.16419430077076,256.41058349609,273.54998779297
04-APR-2024,6.2946910527723,3409,J1924-2914,0.45634242892265,253506,AP-N202-F101,0.16806142032146,0.16806142032146,243.31178283691,273.54998779297
04-APR-2024,6.2946910527723,3409,J1924-2914,0.45634242892265,265506,AP-N203-F102,0.19246391952038,0.19246391952038,274.87683105469,273.54998779297
04-APR-2024,6.2946910527723,3409,J1924-2914,0.45634242892265,265506,AP-N204-F102,0.19551275670528,0.19551275670528,264.22286987305,273.54998779297
04-APR-2024,6.3038577211489,3409,J1924-2914,0.45838975906372,253506,AP-N201-F101,0.16419430077076,0.16419430077076,256.41058349609,273.54998779297
04-APR-2024,6.3038577211489,3409,J1924-2914,0.45838975906372,253506,AP-N202-F101,0.16806142032146,0.16806142032146,243.31178283691,273.54998779297
04-APR-2024,6.3038577211489,3409,J1924-2914,0.45838975906372,265506,AP-N203-F102,0.19246391952038,0.19246391952038,274.87683105469,273.54998779297
04-APR-2024,6.3038577211489,3409,J1924-2914,0.45838975906372,265506,AP-N204-F102,0.19551275670528,0.19551275670528,264.22286987305,273.54998779297
04-APR-2024,6.3130243867314,3409,J1924-2914,0.4604375064373,253506,AP-N201-F101,0.16419430077076,0.16419430077076,256.41058349609,273.54998779297
04-APR-2024,6.3130243867314,3409,J1924-2914,0.4604375064373,253506,AP-N202-F101,0.16806142032146,0.16806142032146,243.31178283691,273.54998779297
04-APR-2024,6.3130243867314,3409,J1924-2914,0.4604375064373,265506,AP-N203-F102,0.19246391952038,0.19246391952038,274.87683105469,273.54998779297
04-APR-2024,6.3130243867314,3409,J1924-2914,0.4604375064373,265506,AP-N204-F102,0.19551275670528,0.19551275670528,264.22286987305,273.54998779297
04-APR-2024,6.7447663554168,3422,SGRA,0.93292319774628,253506,AP-N201-F101,0.15588484704494,0.15588484704494,169.02803039551,273.04998779297
04-APR-2024,6.7447663554168,3422,SGRA,0.93292319774628,253506,AP-N202-F101,0.16222788393497,0.16222788393497,157.85275268555,273.04998779297
04-APR-2024,6.7447663554168,3422,SGRA,0.93292319774628,265506,AP-N203-F102,0.18376903235912,0.18376903235912,174.93217468262,273.04998779297
04-APR-2024,6.7447663554168,3422,SGRA,0.93292319774628,265506,AP-N204-F102,0.18916855752468,0.18916855752468,166.10430908203,273.04998779297
04-APR-2024,6.7604608012038,3426,SGRA,0.93652611970901,253506,AP-N201-F101,0.15588484704494,0.15588484704494,169.02803039551,273.04998779297
04-APR-2024,6.7604608012038,3426,SGRA,0.93652611970901,253506,AP-N202-F101,0.16222788393497,0.16222788393497,157.85275268555,273.04998779297
04-APR-2024,6.7604608012038,3426,SGRA,0.93652611970901,265506,AP-N203-F102,0.18376903235912,0.18376903235912,174.93217468262,273.04998779297
04-APR-2024,6.7604608012038,3426,SGRA,0.93652611970901,265506,AP-N204-F102,0.18916855752468,0.18916855752468,166.10430908203,273.04998779297
04-APR-2024,6.7696274673103,3426,SGRA,0.93863046169281,253506,AP-N201-F101,0.15588484704494,0.15588484704494,169.02803039551,273.04998779297
04-APR-2024,6.7696274673103,3426,SGRA,0.93863046169281,253506,AP-N202-F101,0.16222788393497,0.16222788393497,157.85275268555,273.04998779297
04-APR-2024,6.7696274673103,3426,SGRA,0.93863046169281,265506,AP-N203-F102,0.18376903235912,0.18376903235912,174.93217468262,273.04998779297
04-APR-2024,6.7696274673103,3426,SGRA,0.93863046169281,265506,AP-N204-F102,0.18916855752468,0.18916855752468,166.10430908203,273.04998779297
04-APR-2024,6.7787941328928,3426,SGRA,0.94073480367661,253506,AP-N201-F101,0.15588484704494,0.15588484704494,169.02803039551,273.04998779297
04-APR-2024,6.7787941328928,3426,SGRA,0.94073480367661,253506,AP-N202-F101,0.16222788393497,0.16222788393497,157.85275268555,273.04998779297
04-APR-2024,6.7787941328928,3426,SGRA,0.94073480367661,265506,AP-N203-F102,0.18376903235912,0.18376903235912,174.93217468262,273.04998779297
04-APR-2024,6.7787941328928,3426,SGRA,0.94073480367661,265506,AP-N204-F102,0.18916855752468,0.18916855752468,166.10430908203,273.04998779297
04-APR-2024,6.7879607991739,3426,SGRA,0.94283908605576,253506,AP-N201-F101,0.15588484704494,0.15588484704494,169.02803039551,273.04998779297
04-APR-2024,6.7879607991739,3426,SGRA,0.94283908605576,253506,AP-N202-F101,0.16222788393497,0.16222788393497,157.85275268555,273.04998779297
04-APR-2024,6.7879607991739,3426,SGRA,0.94283908605576,265506,AP-N203-F102,0.18376903235912,0.18376903235912,174.93217468262,273.04998779297
04-APR-2024,6.7879607991739,3426,SGRA,0.94283908605576,265506,AP-N204-F102,0.18916855752468,0.18916855752468,166.10430908203,273.04998779297
04-APR-2024,6.7971274652803,3426,SGRA,0.94494336843491,253506,AP-N201-F101,0.15588484704494,0.15588484704494,169.02803039551,273.04998779297
04-APR-2024,6.7971274652803,3426,SGRA,0.94494336843491,253506,AP-N202-F101,0.16222788393497,0.16222788393497,157.85275268555,273.04998779297
04-APR-2024,6.7971274652803,3426,SGRA,0.94494336843491,265506,AP-N203-F102,0.18376903235912,0.18376903235912,174.93217468262,273.04998779297
04-APR-2024,6.7971274652803,3426,SGRA,0.94494336843491,265506,AP-N204-F102,0.18916855752468,0.18916855752468,166.10430908203,273.04998779297
04-APR-2024,6.8062941313867,3426,SGRA,0.94704765081406,253506,AP-N201-F101,0.15588484704494,0.15588484704494,169.02803039551,273.04998779297
04-APR-2024,6.8062941313867,3426,SGRA,0.94704765081406,253506,AP-N202-F101,0.16222788393497,0.16222788393497,157.85275268555,273.04998779297
04-APR-2024,6.8062941313867,3426,SGRA,0.94704765081406,265506,AP-N203-F102,0.18376903235912,0.18376903235912,174.93217468262,273.04998779297
04-APR-2024,6.8062941313867,3426,SGRA,0.94704765081406,265506,AP-N204-F102,0.18916855752468,0.18916855752468,166.10430908203,273.04998779297
04-APR-2024,6.8154607974931,3426,SGRA,0.94915193319321,253506,AP-N201-F101,0.15588484704494,0.15588484704494,169.02803039551,273.04998779297
04-APR-2024,6.8154607974931,3426,SGRA,0.94915193319321,253506,AP-N202-F101,0.16222788393497,0.16222788393497,157.85275268555,273.04998779297
04-APR-2024,6.8154607974931,3426,SGRA,0.94915193319321,265506,AP-N203-F102,0.18376903235912,0.18376903235912,174.93217468262,273.04998779297
04-APR-2024,6.8154607974931,3426,SGRA,0.94915193319321,265506,AP-N204-F102,0.18916855752468,0.18916855752468,166.10430908203,273.04998779297
04-APR-2024,6.8246274630757,3426,SGRA,0.95125621557236,253506,AP-N201-F101,0.15588484704494,0.15588484704494,169.02803039551,273.04998779297
04-APR-2024,6.8246274630757,3426,SGRA,0.95125621557236,253506,AP-N202-F101,0.16222788393497,0.16222788393497,157.85275268555,273.04998779297
04-APR-2024,6.8246274630757,3426,SGRA,0.95125621557236,265506,AP-N203-F102,0.18376903235912,0.18376903235912,174.93217468262,273.04998779297
04-APR-2024,6.8246274630757,3426,SGRA,0.95125621557236,265506,AP-N204-F102,0.18916855752468,0.18916855752468,166.10430908203,273.04998779297
04-APR-2024,6.8337941291821,3426,SGRA,0.95336043834686,253506,AP-N201-F101,0.15588484704494,0.15588484704494,169.02803039551,273.04998779297
04-APR-2024,6.8337941291821,3426,SGRA,0.95336043834686,253506,AP-N202-F101,0.16222788393497,0.16222788393497,157.85275268555,273.04998779297
04-APR-2024,6.8337941291821,3426,SGRA,0.95336043834686,265506,AP-N203-F102,0.18376903235912,0.18376903235912,174.93217468262,273.04998779297
04-APR-2024,6.8337941291821,3426,SGRA,0.95336043834686,265506,AP-N204-F102,0.18916855752468,0.18916855752468,166.10430908203,273.04998779297
04-APR-2024,6.8432385745257,3426,SGRA,0.95552837848663,253506,AP-N201-F101,0.15588484704494,0.15588484704494,169.02803039551,273.04998779297
04-APR-2024,6.8432385745257,3426,SGRA,0.95552837848663,253506,AP-N202-F101,0.16222788393497,0.16222788393497,157.85275268555,273.04998779297
04-APR-2024,6.8432385745257,3426,SGRA,0.95552837848663,265506,AP-N203-F102,0.18376903235912,0.18376903235912,174.93217468262,273.04998779297
04-APR-2024,6.8432385745257,3426,SGRA,0.95552837848663,265506,AP-N204-F102,0.18916855752468,0.18916855752468,166.10430908203,273.04998779297
04-APR-2024,6.8526830202185,3426,SGRA,0.95769637823105,253506,AP-N201-F101,0.15588484704494,0.15588484704494,169.02803039551,273.04998779297
04-APR-2024,6.8526830202185,3426,SGRA,0.95769637823105,253506,AP-N202-F101,0.16222788393497,0.16222788393497,157.85275268555,273.04998779297
04-APR-2024,6.8526830202185,3426,SGRA,0.95769637823105,265506,AP-N203-F102,0.18376903235912,0.18376903235912,174.93217468262,273.04998779297
04-APR-2024,6.8526830202185,3426,SGRA,0.95769637823105,265506,AP-N204-F102,0.18916855752468,0.18916855752468,166.10430908203,273.04998779297
04-APR-2024,6.862127463292,3426,SGRA,0.95986431837082,253506,AP-N201-F101,0.15588484704494,0.15588484704494,169.02803039551,273.04998779297
04-APR-2024,6.862127463292,3426,SGRA,0.95986431837082,253506,AP-N202-F101,0.16222788393497,0.16222788393497,157.85275268555,273.04998779297
04-APR-2024,6.862127463292,3426,SGRA,0.95986431837082,265506,AP-N203-F102,0.18376903235912,0.18376903235912,174.93217468262,273.04998779297
04-APR-2024,6.862127463292,3426,SGRA,0.95986431837082,265506,AP-N204-F102,0.18916855752468,0.18916855752468,166.10430908203,273.04998779297
04-APR-2024,6.8740719107687,3426,SGRA,0.9626060128212,253506,AP-N201-F101,0.15588484704494,0.15588484704494,169.02803039551,273.04998779297
04-APR-2024,6.8740719107687,3426,SGRA,0.9626060128212,253506,AP-N202-F101,0.16222788393497,0.16222788393497,157.85275268555,273.04998779297
04-APR-2024,6.8740719107687,3426,SGRA,0.9626060128212,265506,AP-N203-F102,0.18376903235912,0.18376903235912,174.93217468262,273.04998779297
04-APR-2024,6.8740719107687,3426,SGRA,0.9626060128212,265506,AP-N204-F102,0.18916855752468,0.18916855752468,166.10430908203,273.04998779297
04-APR-2024,6.8835163543661,3426,SGRA,0.96477389335632,253506,AP-N201-F101,0.15588484704494,0.15588484704494,169.02803039551,273.04998779297
04-APR-2024,6.8835163543661,3426,SGRA,0.96477389335632,253506,AP-N202-F101,0.16222788393497,0.16222788393497,157.85275268555,273.04998779297
04-APR-2024,6.8835163543661,3426,SGRA,0.96477389335632,265506,AP-N203-F102,0.18376903235912,0.18376903235912,174.93217468262,273.04998779297
04-APR-2024,6.8835163543661,3426,SGRA,0.96477389335632,265506,AP-N204-F102,0.18916855752468,0.18916855752468,166.10430908203,273.04998779297
04-APR-2024,6.8929607997097,3426,SGRA,0.96694165468216,253506,AP-N201-F101,0.15588484704494,0.15588484704494,169.02803039551,273.04998779297
04-APR-2024,6.8929607997097,3426,SGRA,0.96694165468216,253506,AP-N202-F101,0.16222788393497,0.16222788393497,157.85275268555,273.04998779297
04-APR-2024,6.8929607997097,3426,SGRA,0.96694165468216,265506,AP-N203-F102,0.18376903235912,0.18376903235912,174.93217468262,273.04998779297
04-APR-2024,6.8929607997097,3426,SGRA,0.96694165468216,265506,AP-N204-F102,0.18916855752468,0.18916855752468,166.10430908203,273.04998779297
04-APR-2024,7.0378219090473,3431,J1751+0939,0.71637284755707,253506,AP-N201-F101,0.13996128737926,0.13996128737926,177.42291259766,273.95001220703
04-APR-2024,7.0378219090473,3431,J1751+0939,0.71637284755707,253506,AP-N202-F101,0.14551855623722,0.14551855623722,166.50621032715,273.95001220703
04-APR-2024,7.0378219090473,3431,J1751+0939,0.71637284755707,265506,AP-N203-F102,0.16558653116226,0.16558653116226,184.73004150391,273.95001220703
04-APR-2024,7.0378219090473,3431,J1751+0939,0.71637284755707,265506,AP-N204-F102,0.17039036750793,0.17039036750793,176.06317138672,273.95001220703
04-APR-2024,7.061294130343,3435,J1751+0939,0.7208536863327,253506,AP-N201-F101,0.13996128737926,0.13996128737926,177.42291259766,273.95001220703
04-APR-2024,7.061294130343,3435,J1751+0939,0.7208536863327,253506,AP-N202-F101,0.14551855623722,0.14551855623722,166.50621032715,273.95001220703
04-APR-2024,7.061294130343,3435,J1751+0939,0.7208536863327,265506,AP-N203-F102,0.16558653116226,0.16558653116226,184.73004150391,273.95001220703
04-APR-2024,7.061294130343,3435,J1751+0939,0.7208536863327,265506,AP-N204-F102,0.17039036750793,0.17039036750793,176.06317138672,273.95001220703
04-APR-2024,7.0704607962748,3435,J1751+0939,0.72259843349457,253506,AP-N201-F101,0.13996128737926,0.13996128737926,177.42291259766,273.95001220703
04-APR-2024,7.0704607962748,3435,J1751+0939,0.72259843349457,253506,AP-N202-F101,0.14551855623722,0.14551855623722,166.50621032715,273.95001220703
04-APR-2024,7.0704607962748,3435,J1751+0939,0.72259843349457,265506,AP-N203-F102,0.16558653116226,0.16558653116226,184.73004150391,273.95001220703
04-APR-2024,7.0704607962748,3435,J1751+0939,0.72259843349457,265506,AP-N204-F102,0.17039036750793,0.17039036750793,176.06317138672,273.95001220703
04-APR-2024,7.0796274644767,3435,J1751+0939,0.72434026002884,253506,AP-N201-F101,0.13996128737926,0.13996128737926,177.42291259766,273.95001220703
04-APR-2024,7.0796274644767,3435,J1751+0939,0.72434026002884,253506,AP-N202-F101,0.14551855623722,0.14551855623722,166.50621032715,273.95001220703
04-APR-2024,7.0796274644767,3435,J1751+0939,0.72434026002884,265506,AP-N203-F102,0.16558653116226,0.16558653116226,184.73004150391,273.95001220703
04-APR-2024,7.0796274644767,3435,J1751+0939,0.72434026002884,265506,AP-N204-F102,0.17039036750793,0.17039036750793,176.06317138672,273.95001220703
04-APR-2024,7.1780996853318,3440,3C273,0.68501168489456,253506,AP-N201-F101,0.13174095749855,0.13174095749855,175.03207397461,274.14999389648
04-APR-2024,7.1780996853318,3440,3C273,0.68501168489456,253506,AP-N202-F101,0.13706116378307,0.13706116378307,163.92152404785,274.14999389648
04-APR-2024,7.1780996853318,3440,3C273,0.68501168489456,265506,AP-N203-F102,0.15642181038857,0.15642181038857,182.05604553223,274.14999389648
04-APR-2024,7.1780996853318,3440,3C273,0.68501168489456,265506,AP-N204-F102,0.1607311218977,0.1607311218977,172.99955749512,274.14999389648
04-APR-2024,7.1949052396856,3444,3C273,0.68127661943436,253506,AP-N201-F101,0.13174095749855,0.13174095749855,175.03207397461,274.14999389648
04-APR-2024,7.1949052396856,3444,3C273,0.68127661943436,253506,AP-N202-F101,0.13706116378307,0.13706116378307,163.92152404785,274.14999389648
04-APR-2024,7.1949052396856,3444,3C273,0.68127661943436,265506,AP-N203-F102,0.15642181038857,0.15642181038857,182.05604553223,274.14999389648
04-APR-2024,7.1949052396856,3444,3C273,0.68127661943436,265506,AP-N204-F102,0.1607311218977,0.1607311218977,172.99955749512,274.14999389648
04-APR-2024,7.2040719078875,3444,3C273,0.67923724651337,253506,AP-N201-F101,0.13174095749855,0.13174095749855,175.03207397461,274.14999389648
04-APR-2024,7.2040719078875,3444,3C273,0.67923724651337,253506,AP-N202-F101,0.13706116378307,0.13706116378307,163.92152404785,274.14999389648
04-APR-2024,7.2040719078875,3444,3C273,0.67923724651337,265506,AP-N203-F102,0.15642181038857,0.15642181038857,182.05604553223,274.14999389648
04-APR-2024,7.2040719078875,3444,3C273,0.67923724651337,265506,AP-N204-F102,0.1607311218977,0.1607311218977,172.99955749512,274.14999389648
04-APR-2024,7.2130996851611,3444,3C273,0.67722743749619,253506,AP-N201-F101,0.13174095749855,0.13174095749855,175.03207397461,274.14999389648
04-APR-2024,7.2130996851611,3444,3C273,0.67722743749619,253506,AP-N202-F101,0.13706116378307,0.13706116378307,163.92152404785,274.14999389648
04-APR-2024,7.2130996851611,3444,3C273,0.67722743749619,265506,AP-N203-F102,0.15642181038857,0.15642181038857,182.05604553223,274.14999389648
04-APR-2024,7.2130996851611,3444,3C273,0.67722743749619,265506,AP-N204-F102,0.1607311218977,0.1607311218977,172.99955749512,274.14999389648
04-APR-2024,7.2708774615984,3449,M87,0.56745737791061,253506,AP-N201-F101,0.12687730789185,0.12687730789185,187.1530456543,274.35000610352
04-APR-2024,7.2708774615984,3449,M87,0.56745737791061,253506,AP-N202-F101,0.13159362971783,0.13159362971783,176.00679016113,274.35000610352
04-APR-2024,7.2708774615984,3449,M87,0.56745737791061,265506,AP-N203-F102,0.15111643075943,0.15111643075943,195.96714782715,274.35000610352
04-APR-2024,7.2708774615984,3449,M87,0.56745737791061,265506,AP-N204-F102,0.15457297861576,0.15457297861576,186.73753356934,274.35000610352
04-APR-2024,7.294905238749,3453,M87,0.56257885694504,253506,AP-N201-F101,0.12687730789185,0.12687730789185,187.1530456543,274.35000610352
04-APR-2024,7.294905238749,3453,M87,0.56257885694504,253506,AP-N202-F101,0.13159362971783,0.13159362971783,176.00679016113,274.35000610352
04-APR-2024,7.294905238749,3453,M87,0.56257885694504,265506,AP-N203-F102,0.15111643075943,0.15111643075943,195.96714782715,274.35000610352
04-APR-2024,7.294905238749,3453,M87,0.56257885694504,265506,AP-N204-F102,0.15457297861576,0.15457297861576,186.73753356934,274.35000610352
04-APR-2024,7.3040719043316,3453,M87,0.56071406602859,253506,AP-N201-F101,0.12687730789185,0.12687730789185,187.1530456543,274.35000610352
04-APR-2024,7.3040719043316,3453,M87,0.56071406602859,253506,AP-N202-F101,0.13159362971783,0.13159362971783,176.00679016113,274.35000610352
04-APR-2024,7.3040719043316,3453,M87,0.56071406602859,265506,AP-N203-F102,0.15111643075943,0.15111643075943,195.96714782715,274.35000610352
04-APR-2024,7.3040719043316,3453,M87,0.56071406602859,265506,AP-N204-F102,0.15457297861576,0.15457297861576,186.73753356934,274.35000610352
04-APR-2024,7.3132385707872,3453,M87,0.55884724855423,253506,AP-N201-F101,0.12687730789185,0.12687730789185,187.1530456543,274.35000610352
04-APR-2024,7.3132385707872,3453,M87,0.55884724855423,253506,AP-N202-F101,0.13159362971783,0.13159362971783,176.00679016113,274.35000610352
04-APR-2024,7.3132385707872,3453,M87,0.55884724855423,265506,AP-N203-F102,0.15111643075943,0.15111643075943,195.96714782715,274.35000610352
04-APR-2024,7.3132385707872,3453,M87,0.55884724855423,265506,AP-N204-F102,0.15457297861576,0.15457297861576,186.73753356934,274.35000610352
04-APR-2024,7.3224052363698,3453,M87,0.5569783449173,253506,AP-N201-F101,0.12687730789185,0.12687730789185,187.1530456543,274.35000610352
04-APR-2024,7.3224052363698,3453,M87,0.5569783449173,253506,AP-N202-F101,0.13159362971783,0.13159362971783,176.00679016113,274.35000610352
04-APR-2024,7.3224052363698,3453,M87,0.5569783449173,265506,AP-N203-F102,0.15111643075943,0.15111643075943,195.96714782715,274.35000610352
04-APR-2024,7.3224052363698,3453,M87,0.5569783449173,265506,AP-N204-F102,0.15457297861576,0.15457297861576,186.73753356934,274.35000610352
04-APR-2024,7.3811552383035,3456,M87,0.54495406150818,253506,AP-N201-F101,0.12121842801571,0.12121842801571,186.08912658691,275.04998779297
04-APR-2024,7.3811552383035,3456,M87,0.54495406150818,253506,AP-N202-F101,0.12551607191563,0.12551607191563,174.72245788574,275.04998779297
04-APR-2024,7.3811552383035,3456,M87,0.54495406150818,265506,AP-N203-F102,0.14434218406677,0.14434218406677,194.6817779541,275.04998779297
04-APR-2024,7.3811552383035,3456,M87,0.54495406150818,265506,AP-N204-F102,0.14769262075424,0.14769262075424,185.50100708008,275.04998779297
04-APR-2024,7.4115719015872,3460,M87,0.53869742155075,253506,AP-N201-F101,0.12121842801571,0.12121842801571,186.08912658691,275.04998779297
04-APR-2024,7.4115719015872,3460,M87,0.53869742155075,253506,AP-N202-F101,0.12551607191563,0.12551607191563,174.72245788574,275.04998779297
04-APR-2024,7.4115719015872,3460,M87,0.53869742155075,265506,AP-N203-F102,0.14434218406677,0.14434218406677,194.6817779541,275.04998779297
04-APR-2024,7.4115719015872,3460,M87,0.53869742155075,265506,AP-N204-F102,0.14769262075424,0.14769262075424,185.50100708008,275.04998779297
04-APR-2024,7.4210163474547,3460,M87,0.53675043582916,253506,AP-N201-F101,0.12121842801571,0.12121842801571,186.08912658691,275.04998779297
04-APR-2024,7.4210163474547,3460,M87,0.53675043582916,253506,AP-N202-F101,0.12551607191563,0.12551607191563,174.72245788574,275.04998779297
04-APR-2024,7.4210163474547,3460,M87,0.53675043582916,265506,AP-N203-F102,0.14434218406677,0.14434218406677,194.6817779541,275.04998779297
04-APR-2024,7.4210163474547,3460,M87,0.53675043582916,265506,AP-N204-F102,0.14769262075424,0.14769262075424,185.50100708008,275.04998779297
04-APR-2024,7.4315719043336,3460,M87,0.53457206487656,253506,AP-N201-F101,0.12121842801571,0.12121842801571,186.08912658691,275.04998779297
04-APR-2024,7.4315719043336,3460,M87,0.53457206487656,253506,AP-N202-F101,0.12551607191563,0.12551607191563,174.72245788574,275.04998779297
04-APR-2024,7.4315719043336,3460,M87,0.53457206487656,265506,AP-N203-F102,0.14434218406677,0.14434218406677,194.6817779541,275.04998779297
04-APR-2024,7.4315719043336,3460,M87,0.53457206487656,265506,AP-N204-F102,0.14769262075424,0.14769262075424,185.50100708008,275.04998779297
04-APR-2024,7.4407385702654,3460,M87,0.5326783657074,253506,AP-N201-F101,0.12121842801571,0.12121842801571,186.08912658691,275.04998779297
04-APR-2024,7.4407385702654,3460,M87,0.5326783657074,253506,AP-N202-F101,0.12551607191563,0.12551607191563,174.72245788574,275.04998779297
04-APR-2024,7.4407385702654,3460,M87,0.5326783657074,265506,AP-N203-F102,0.14434218406677,0.14434218406677,194.6817779541,275.04998779297
04-APR-2024,7.4407385702654,3460,M87,0.5326783657074,265506,AP-N204-F102,0.14769262075424,0.14769262075424,185.50100708008,275.04998779297
04-APR-2024,7.506433014711,3465,3C279,0.78035265207291,253506,AP-N201-F101,0.11752051860094,0.11752051860094,157.34898376465,273.95001220703
04-APR-2024,7.506433014711,3465,3C279,0.78035265207291,253506,AP-N202-F101,0.12290252000093,0.12290252000093,146.43963623047,273.95001220703
04-APR-2024,7.506433014711,3465,3C279,0.78035265207291,265506,AP-N203-F102,0.14067873358727,0.14067873358727,161.95678710938,273.95001220703
04-APR-2024,7.506433014711,3465,3C279,0.78035265207291,265506,AP-N204-F102,0.14516685903072,0.14516685903072,153.34100341797,273.95001220703
04-APR-2024,7.5287941241221,3469,3C279,0.77513635158539,253506,AP-N201-F101,0.11752051860094,0.11752051860094,157.34898376465,273.95001220703
04-APR-2024,7.5287941241221,3469,3C279,0.77513635158539,253506,AP-N202-F101,0.12290252000093,0.12290252000093,146.43963623047,273.95001220703
04-APR-2024,7.5287941241221,3469,3C279,0.77513635158539,265506,AP-N203-F102,0.14067873358727,0.14067873358727,161.95678710938,273.95001220703
04-APR-2024,7.5287941241221,3469,3C279,0.77513635158539,265506,AP-N204-F102,0.14516685903072,0.14516685903072,153.34100341797,273.95001220703
04-APR-2024,7.5379607898793,3469,3C279,0.77299648523331,253506,AP-N201-F101,0.11752051860094,0.11752051860094,157.34898376465,273.95001220703
04-APR-2024,7.5379607898793,3469,3C279,0.77299648523331,253506,AP-N202-F101,0.12290252000093,0.12290252000093,146.43963623047,273.95001220703
04-APR-2024,7.5379607898793,3469,3C279,0.77299648523331,265506,AP-N203-F102,0.14067873358727,0.14067873358727,161.95678710938,273.95001220703
04-APR-2024,7.5379607898793,3469,3C279,0.77299648523331,265506,AP-N204-F102,0.14516685903072,0.14516685903072,153.34100341797,273.95001220703
04-APR-2024,7.547127458605,3469,3C279,0.7708557844162,253506,AP-N201-F101,0.11752051860094,0.11752051860094,157.34898376465,273.95001220703
04-APR-2024,7.547127458605,3469,3C279,0.7708557844162,253506,AP-N202-F101,0.12290252000093,0.12290252000093,146.43963623047,273.95001220703
04-APR-2024,7.547127458605,3469,3C279,0.7708557844162,265506,AP-N203-F102,0.14067873358727,0.14067873358727,161.95678710938,273.95001220703
04-APR-2024,7.547127458605,3469,3C279,0.7708557844162,265506,AP-N204-F102,0.14516685903072,0.14516685903072,153.34100341797,273.95001220703
04-APR-2024,7.7170948463108,3476,3C273,0.56312018632889,253506,AP-N201-F101,0.1077855527401,0.1077855527401,172.09602355957,274.75
04-APR-2024,7.7170948463108,3476,3C273,0.56312018632889,253506,AP-N202-F101,0.11251483857632,0.11251483857632,161.09635925293,274.75
04-APR-2024,7.7170948463108,3476,3C273,0.56312018632889,265506,AP-N203-F102,0.12943108379841,0.12943108379841,178.89172363281,274.75
04-APR-2024,7.7170948463108,3476,3C273,0.56312018632889,265506,AP-N204-F102,0.13314448297024,0.13314448297024,170.04417419434,274.75
04-APR-2024,7.730844843375,3480,3C273,0.55996137857437,253506,AP-N201-F101,0.1077855527401,0.1077855527401,172.09602355957,274.75
04-APR-2024,7.730844843375,3480,3C273,0.55996137857437,253506,AP-N202-F101,0.11251483857632,0.11251483857632,161.09635925293,274.75
04-APR-2024,7.730844843375,3480,3C273,0.55996137857437,265506,AP-N203-F102,0.12943108379841,0.12943108379841,178.89172363281,274.75
04-APR-2024,7.730844843375,3480,3C273,0.55996137857437,265506,AP-N204-F102,0.13314448297024,0.13314448297024,170.04417419434,274.75
04-APR-2024,7.7400115089575,3480,3C273,0.55785429477692,253506,AP-N201-F101,0.1077855527401,0.1077855527401,172.09602355957,274.75
04-APR-2024,7.7400115089575,3480,3C273,0.55785429477692,253506,AP-N202-F101,0.11251483857632,0.11251483857632,161.09635925293,274.75
04-APR-2024,7.7400115089575,3480,3C273,0.55785429477692,265506,AP-N203-F102,0.12943108379841,0.12943108379841,178.89172363281,274.75
04-APR-2024,7.7400115089575,3480,3C273,0.55785429477692,265506,AP-N204-F102,0.13314448297024,0.13314448297024,170.04417419434,274.75
04-APR-2024,7.7491781775086,3480,3C273,0.55574631690979,253506,AP-N201-F101,0.1077855527401,0.1077855527401,172.09602355957,274.75
04-APR-2024,7.7491781775086,3480,3C273,0.55574631690979,253506,AP-N202-F101,0.11251483857632,0.11251483857632,161.09635925293,274.75
04-APR-2024,7.7491781775086,3480,3C273,0.55574631690979,265506,AP-N203-F102,0.12943108379841,0.12943108379841,178.89172363281,274.75
04-APR-2024,7.7491781775086,3480,3C273,0.55574631690979,265506,AP-N204-F102,0.13314448297024,0.13314448297024,170.04417419434,274.75
04-APR-2024,7.8045948453603,3485,M87,0.45611321926117,253506,AP-N201-F101,0.11246288567781,0.11246288567781,195.25201416016,274.14999389648
04-APR-2024,7.8045948453603,3485,M87,0.45611321926117,253506,AP-N202-F101,0.11598151922226,0.11598151922226,183.58340454102,274.14999389648
04-APR-2024,7.8045948453603,3485,M87,0.45611321926117,265506,AP-N203-F102,0.13415536284447,0.13415536284447,204.73739624023,274.14999389648
04-APR-2024,7.8045948453603,3485,M87,0.45611321926117,265506,AP-N204-F102,0.13722501695156,0.13722501695156,195.51689147949,274.14999389648
04-APR-2024,7.8280670659575,3489,M87,0.451087474823,253506,AP-N201-F101,0.11246288567781,0.11246288567781,195.25201416016,274.14999389648
04-APR-2024,7.8280670659575,3489,M87,0.451087474823,253506,AP-N202-F101,0.11598151922226,0.11598151922226,183.58340454102,274.14999389648
04-APR-2024,7.8280670659575,3489,M87,0.451087474823,265506,AP-N203-F102,0.13415536284447,0.13415536284447,204.73739624023,274.14999389648
04-APR-2024,7.8280670659575,3489,M87,0.451087474823,265506,AP-N204-F102,0.13722501695156,0.13722501695156,195.51689147949,274.14999389648
04-APR-2024,7.8372337320639,3489,M87,0.44912219047546,253506,AP-N201-F101,0.11246288567781,0.11246288567781,195.25201416016,274.14999389648
04-APR-2024,7.8372337320639,3489,M87,0.44912219047546,253506,AP-N202-F101,0.11598151922226,0.11598151922226,183.58340454102,274.14999389648
04-APR-2024,7.8372337320639,3489,M87,0.44912219047546,265506,AP-N203-F102,0.13415536284447,0.13415536284447,204.73739624023,274.14999389648
04-APR-2024,7.8372337320639,3489,M87,0.44912219047546,265506,AP-N204-F102,0.13722501695156,0.13722501695156,195.51689147949,274.14999389648
04-APR-2024,7.8464003978211,3489,M87,0.44715541601181,253506,AP-N201-F101,0.11246288567781,0.11246288567781,195.25201416016,274.14999389648
04-APR-2024,7.8464003978211,3489,M87,0.44715541601181,253506,AP-N202-F101,0.11598151922226,0.11598151922226,183.58340454102,274.14999389648
04-APR-2024,7.8464003978211,3489,M87,0.44715541601181,265506,AP-N203-F102,0.13415536284447,0.13415536284447,204.73739624023,274.14999389648
04-APR-2024,7.8464003978211,3489,M87,0.44715541601181,265506,AP-N204-F102,0.13722501695156,0.13722501695156,195.51689147949,274.14999389648
04-APR-2024,7.8555670639275,3489,M87,0.445187240839,253506,AP-N201-F101,0.11246288567781,0.11246288567781,195.25201416016,274.14999389648
04-APR-2024,7.8555670639275,3489,M87,0.445187240839,253506,AP-N202-F101,0.11598151922226,0.11598151922226,183.58340454102,274.14999389648
04-APR-2024,7.8555670639275,3489,M87,0.445187240839,265506,AP-N203-F102,0.13415536284447,0.13415536284447,204.73739624023,274.14999389648
04-APR-2024,7.8555670639275,3489,M87,0.445187240839,265506,AP-N204-F102,0.13722501695156,0.13722501695156,195.51689147949,274.14999389648
04-APR-2024,7.9143170651627,3492,M87,0.43253901600838,253506,AP-N201-F101,0.10738436132669,0.10738436132669,195.83688354492,274.45001220703
04-APR-2024,7.9143170651627,3492,M87,0.43253901600838,253506,AP-N202-F101,0.11102396994829,0.11102396994829,184.31666564941,274.45001220703
04-APR-2024,7.9143170651627,3492,M87,0.43253901600838,265506,AP-N203-F102,0.12863355875015,0.12863355875015,205.52262878418,274.45001220703
04-APR-2024,7.9143170651627,3492,M87,0.43253901600838,265506,AP-N204-F102,0.13172635436058,0.13172635436058,196.57698059082,274.45001220703
04-APR-2024,7.945567065634,3496,M87,0.42578759789467,253506,AP-N201-F101,0.10738436132669,0.10738436132669,195.83688354492,274.45001220703
04-APR-2024,7.945567065634,3496,M87,0.42578759789467,253506,AP-N202-F101,0.11102396994829,0.11102396994829,184.31666564941,274.45001220703
04-APR-2024,7.945567065634,3496,M87,0.42578759789467,265506,AP-N203-F102,0.12863355875015,0.12863355875015,205.52262878418,274.45001220703
04-APR-2024,7.945567065634,3496,M87,0.42578759789467,265506,AP-N204-F102,0.13172635436058,0.13172635436058,196.57698059082,274.45001220703
04-APR-2024,7.9547337313912,3496,M87,0.4238041639328,253506,AP-N201-F101,0.10738436132669,0.10738436132669,195.83688354492,274.45001220703
04-APR-2024,7.9547337313912,3496,M87,0.4238041639328,253506,AP-N202-F101,0.11102396994829,0.11102396994829,184.31666564941,274.45001220703
04-APR-2024,7.9547337313912,3496,M87,0.4238041639328,265506,AP-N203-F102,0.12863355875015,0.12863355875015,205.52262878418,274.45001220703
04-APR-2024,7.9547337313912,3496,M87,0.4238041639328,265506,AP-N204-F102,0.13172635436058,0.13172635436058,196.57698059082,274.45001220703
04-APR-2024,7.9655670654118,3496,M87,0.42145836353302,253506,AP-N201-F101,0.10738436132669,0.10738436132669,195.83688354492,274.45001220703
04-APR-2024,7.9655670654118,3496,M87,0.42145836353302,253506,AP-N202-F101,0.11102396994829,0.11102396994829,184.31666564941,274.45001220703
04-APR-2024,7.9655670654118,3496,M87,0.42145836353302,265506,AP-N203-F102,0.12863355875015,0.12863355875015,205.52262878418,274.45001220703
04-APR-2024,7.9655670654118,3496,M87,0.42145836353302,265506,AP-N204-F102,0.13172635436058,0.13172635436058,196.57698059082,274.45001220703
04-APR-2024,7.9747337308197,3496,M87,0.41947197914124,253506,AP-N201-F101,0.10738436132669,0.10738436132669,195.83688354492,274.45001220703
04-APR-2024,7.9747337308197,3496,M87,0.41947197914124,253506,AP-N202-F101,0.11102396994829,0.11102396994829,184.31666564941,274.45001220703
04-APR-2024,7.9747337308197,3496,M87,0.41947197914124,265506,AP-N203-F102,0.12863355875015,0.12863355875015,205.52262878418,274.45001220703
04-APR-2024,7.9747337308197,3496,M87,0.41947197914124,265506,AP-N204-F102,0.13172635436058,0.13172635436058,196.57698059082,274.45001220703
04-APR-2024,8.0379281776724,3501,3C279,0.65518170595169,253506,AP-N201-F101,0.10645601898432,0.10645601898432,160.19847106934,273.95001220703
04-APR-2024,8.0379281776724,3501,3C279,0.65518170595169,253506,AP-N202-F101,0.11119206994772,0.11119206994772,149.55668640137,273.95001220703
04-APR-2024,8.0379281776724,3501,3C279,0.65518170595169,265506,AP-N203-F102,0.1279391348362,0.1279391348362,165.6252746582,273.95001220703
04-APR-2024,8.0379281776724,3501,3C279,0.65518170595169,265506,AP-N204-F102,0.13197839260101,0.13197839260101,156.87936401367,273.95001220703
04-APR-2024,8.0619559537753,3505,3C279,0.649473965168,253506,AP-N201-F101,0.10645601898432,0.10645601898432,160.19847106934,273.95001220703
04-APR-2024,8.0619559537753,3505,3C279,0.649473965168,253506,AP-N202-F101,0.11119206994772,0.11119206994772,149.55668640137,273.95001220703
04-APR-2024,8.0619559537753,3505,3C279,0.649473965168,265506,AP-N203-F102,0.1279391348362,0.1279391348362,165.6252746582,273.95001220703
04-APR-2024,8.0619559537753,3505,3C279,0.649473965168,265506,AP-N204-F102,0.13197839260101,0.13197839260101,156.87936401367,273.95001220703
04-APR-2024,8.0711226198817,3505,3C279,0.64729553461075,253506,AP-N201-F101,0.10645601898432,0.10645601898432,160.19847106934,273.95001220703
04-APR-2024,8.0711226198817,3505,3C279,0.64729553461075,253506,AP-N202-F101,0.11119206994772,0.11119206994772,149.55668640137,273.95001220703
04-APR-2024,8.0711226198817,3505,3C279,0.64729553461075,265506,AP-N203-F102,0.1279391348362,0.1279391348362,165.6252746582,273.95001220703
04-APR-2024,8.0711226198817,3505,3C279,0.64729553461075,265506,AP-N204-F102,0.13197839260101,0.13197839260101,156.87936401367,273.95001220703
04-APR-2024,8.0805670653999,3505,3C279,0.64505058526993,253506,AP-N201-F101,0.10645601898432,0.10645601898432,160.19847106934,273.95001220703
04-APR-2024,8.0805670653999,3505,3C279,0.64505058526993,253506,AP-N202-F101,0.11119206994772,0.11119206994772,149.55668640137,273.95001220703
04-APR-2024,8.0805670653999,3505,3C279,0.64505058526993,265506,AP-N203-F102,0.1279391348362,0.1279391348362,165.6252746582,273.95001220703
04-APR-2024,8.0805670653999,3505,3C279,0.64505058526993,265506,AP-N204-F102,0.13197839260101,0.13197839260101,156.87936401367,273.95001220703
04-APR-2024,8.177650397578,3510,J1751+0939,0.90525180101395,253506,AP-N201-F101,0.10058908164501,0.10058908164501,141.34129333496,273.25
04-APR-2024,8.177650397578,3510,J1751+0939,0.90525180101395,253506,AP-N202-F101,0.10612253844738,0.10612253844738,130.91441345215,273.25
04-APR-2024,8.177650397578,3510,J1751+0939,0.90525180101395,265506,AP-N203-F102,0.12219936400652,0.12219936400652,144.36497497559,273.25
04-APR-2024,8.177650397578,3510,J1751+0939,0.90525180101395,265506,AP-N204-F102,0.12642039358616,0.12642039358616,135.75352478027,273.25
04-APR-2024,8.1955670632925,3514,J1751+0939,0.90761882066727,253506,AP-N201-F101,0.10058908164501,0.10058908164501,141.34129333496,273.25
04-APR-2024,8.1955670632925,3514,J1751+0939,0.90761882066727,253506,AP-N202-F101,0.10612253844738,0.10612253844738,130.91441345215,273.25
04-APR-2024,8.1955670632925,3514,J1751+0939,0.90761882066727,265506,AP-N203-F102,0.12219936400652,0.12219936400652,144.36497497559,273.25
04-APR-2024,8.1955670632925,3514,J1751+0939,0.90761882066727,265506,AP-N204-F102,0.12642039358616,0.12642039358616,135.75352478027,273.25
04-APR-2024,8.2047337314944,3514,J1751+0939,0.90882086753845,253506,AP-N201-F101,0.10058908164501,0.10058908164501,141.34129333496,273.25
04-APR-2024,8.2047337314944,3514,J1751+0939,0.90882086753845,253506,AP-N202-F101,0.10612253844738,0.10612253844738,130.91441345215,273.25
04-APR-2024,8.2047337314944,3514,J1751+0939,0.90882086753845,265506,AP-N203-F102,0.12219936400652,0.12219936400652,144.36497497559,273.25
04-APR-2024,8.2047337314944,3514,J1751+0939,0.90882086753845,265506,AP-N204-F102,0.12642039358616,0.12642039358616,135.75352478027,273.25
04-APR-2024,8.2139003976009,3514,J1751+0939,0.91001677513123,253506,AP-N201-F101,0.10058908164501,0.10058908164501,141.34129333496,273.25
04-APR-2024,8.2139003976009,3514,J1751+0939,0.91001677513123,253506,AP-N202-F101,0.10612253844738,0.10612253844738,130.91441345215,273.25
04-APR-2024,8.2139003976009,3514,J1751+0939,0.91001677513123,265506,AP-N203-F102,0.12219936400652,0.12219936400652,144.36497497559,273.25
04-APR-2024,8.2139003976009,3514,J1751+0939,0.91001677513123,265506,AP-N204-F102,0.12642039358616,0.12642039358616,135.75352478027,273.25
04-APR-2024,8.2708448415653,3519,SGRA,1.2794054746628,253506,AP-N201-F101,0.094582796096802,0.094582796096802,129.68492126465,273.35000610352
04-APR-2024,8.2708448415653,3519,SGRA,1.2794054746628,253506,AP-N202-F101,0.099356882274151,0.099356882274151,118.98621368408,273.35000610352
04-APR-2024,8.2708448415653,3519,SGRA,1.2794054746628,265506,AP-N203-F102,0.11502695828676,0.11502695828676,131.26141357422,273.35000610352
04-APR-2024,8.2708448415653,3519,SGRA,1.2794054746628,265506,AP-N204-F102,0.11978606879711,0.11978606879711,122.49852752686,273.35000610352
04-APR-2024,8.2952892850396,3523,SGRA,1.2847617864609,253506,AP-N201-F101,0.094582796096802,0.094582796096802,129.68492126465,273.35000610352
04-APR-2024,8.2952892850396,3523,SGRA,1.2847617864609,253506,AP-N202-F101,0.099356882274151,0.099356882274151,118.98621368408,273.35000610352
04-APR-2024,8.2952892850396,3523,SGRA,1.2847617864609,265506,AP-N203-F102,0.11502695828676,0.11502695828676,131.26141357422,273.35000610352
04-APR-2024,8.2952892850396,3523,SGRA,1.2847617864609,265506,AP-N204-F102,0.11978606879711,0.11978606879711,122.49852752686,273.35000610352
04-APR-2024,8.3044559532415,3523,SGRA,1.2867666482925,253506,AP-N201-F101,0.094582796096802,0.094582796096802,129.68492126465,273.35000610352
04-APR-2024,8.3044559532415,3523,SGRA,1.2867666482925,253506,AP-N202-F101,0.099356882274151,0.099356882274151,118.98621368408,273.35000610352
04-APR-2024,8.3044559532415,3523,SGRA,1.2867666482925,265506,AP-N203-F102,0.11502695828676,0.11502695828676,131.26141357422,273.35000610352
04-APR-2024,8.3044559532415,3523,SGRA,1.2867666482925,265506,AP-N204-F102,0.11978606879711,0.11978606879711,122.49852752686,273.35000610352
04-APR-2024,8.313622619348,3523,SGRA,1.2887694835663,253506,AP-N201-F101,0.094582796096802,0.094582796096802,129.68492126465,273.35000610352
04-APR-2024,8.313622619348,3523,SGRA,1.2887694835663,253506,AP-N202-F101,0.099356882274151,0.099356882274151,118.98621368408,273.35000610352
04-APR-2024,8.313622619348,3523,SGRA,1.2887694835663,265506,AP-N203-F102,0.11502695828676,0.11502695828676,131.26141357422,273.35000610352
04-APR-2024,8.313622619348,3523,SGRA,1.2887694835663,265506,AP-N204-F102,0.11978606879711,0.11978606879711,122.49852752686,273.35000610352
04-APR-2024,8.322789285629,3523,SGRA,1.2907699346542,253506,AP-N201-F101,0.094582796096802,0.094582796096802,129.68492126465,273.35000610352
04-APR-2024,8.322789285629,3523,SGRA,1.2907699346542,253506,AP-N202-F101,0.099356882274151,0.099356882274151,118.98621368408,273.35000610352
04-APR-2024,8.322789285629,3523,SGRA,1.2907699346542,265506,AP-N203-F102,0.11502695828676,0.11502695828676,131.26141357422,273.35000610352
04-APR-2024,8.322789285629,3523,SGRA,1.2907699346542,265506,AP-N204-F102,0.11978606879711,0.11978606879711,122.49852752686,273.35000610352
04-APR-2024,8.3319559512115,3523,SGRA,1.2927681207657,253506,AP-N201-F101,0.094582796096802,0.094582796096802,129.68492126465,273.35000610352
04-APR-2024,8.3319559512115,3523,SGRA,1.2927681207657,253506,AP-N202-F101,0.099356882274151,0.099356882274151,118.98621368408,273.35000610352
04-APR-2024,8.3319559512115,3523,SGRA,1.2927681207657,265506,AP-N203-F102,0.11502695828676,0.11502695828676,131.26141357422,273.35000610352
04-APR-2024,8.3319559512115,3523,SGRA,1.2927681207657,265506,AP-N204-F102,0.11978606879711,0.11978606879711,122.49852752686,273.35000610352
04-APR-2024,8.3412615084208,3523,SGRA,1.2947943210602,253506,AP-N201-F101,0.094582796096802,0.094582796096802,129.68492126465,273.35000610352
04-APR-2024,8.3412615084208,3523,SGRA,1.2947943210602,253506,AP-N202-F101,0.099356882274151,0.099356882274151,118.98621368408,273.35000610352
04-APR-2024,8.3412615084208,3523,SGRA,1.2947943210602,265506,AP-N203-F102,0.11502695828676,0.11502695828676,131.26141357422,273.35000610352
04-APR-2024,8.3412615084208,3523,SGRA,1.2947943210602,265506,AP-N204-F102,0.11978606879711,0.11978606879711,122.49852752686,273.35000610352
04-APR-2024,8.3505670651063,3523,SGRA,1.2968180179596,253506,AP-N201-F101,0.094582796096802,0.094582796096802,129.68492126465,273.35000610352
04-APR-2024,8.3505670651063,3523,SGRA,1.2968180179596,253506,AP-N202-F101,0.099356882274151,0.099356882274151,118.98621368408,273.35000610352
04-APR-2024,8.3505670651063,3523,SGRA,1.2968180179596,265506,AP-N203-F102,0.11502695828676,0.11502695828676,131.26141357422,273.35000610352
04-APR-2024,8.3505670651063,3523,SGRA,1.2968180179596,265506,AP-N204-F102,0.11978606879711,0.11978606879711,122.49852752686,273.35000610352
04-APR-2024,8.3597337312127,3523,SGRA,1.2988090515137,253506,AP-N201-F101,0.094582796096802,0.094582796096802,129.68492126465,273.35000610352
04-APR-2024,8.3597337312127,3523,SGRA,1.2988090515137,253506,AP-N202-F101,0.099356882274151,0.099356882274151,118.98621368408,273.35000610352
04-APR-2024,8.3597337312127,3523,SGRA,1.2988090515137,265506,AP-N203-F102,0.11502695828676,0.11502695828676,131.26141357422,273.35000610352
04-APR-2024,8.3597337312127,3523,SGRA,1.2988090515137,265506,AP-N204-F102,0.11978606879711,0.11978606879711,122.49852752686,273.35000610352
04-APR-2024,8.3689003969699,3523,SGRA,1.300797700882,253506,AP-N201-F101,0.094582796096802,0.094582796096802,129.68492126465,273.35000610352
04-APR-2024,8.3689003969699,3523,SGRA,1.300797700882,253506,AP-N202-F101,0.099356882274151,0.099356882274151,118.98621368408,273.35000610352
04-APR-2024,8.3689003969699,3523,SGRA,1.300797700882,265506,AP-N203-F102,0.11502695828676,0.11502695828676,131.26141357422,273.35000610352
04-APR-2024,8.3689003969699,3523,SGRA,1.300797700882,265506,AP-N204-F102,0.11978606879711,0.11978606879711,122.49852752686,273.35000610352
04-APR-2024,8.3780670630763,3523,SGRA,1.3027837276459,253506,AP-N201-F101,0.094582796096802,0.094582796096802,129.68492126465,273.35000610352
04-APR-2024,8.3780670630763,3523,SGRA,1.3027837276459,253506,AP-N202-F101,0.099356882274151,0.099356882274151,118.98621368408,273.35000610352
04-APR-2024,8.3780670630763,3523,SGRA,1.3027837276459,265506,AP-N203-F102,0.11502695828676,0.11502695828676,131.26141357422,273.35000610352
04-APR-2024,8.3780670630763,3523,SGRA,1.3027837276459,265506,AP-N204-F102,0.11978606879711,0.11978606879711,122.49852752686,273.35000610352
04-APR-2024,8.4879281725846,3528,J1924-2914,0.95470201969147,253506,AP-N201-F101,0.090454936027527,0.090454936027527,134.49266052246,273.54998779297
04-APR-2024,8.4879281725846,3528,J1924-2914,0.95470201969147,253506,AP-N202-F101,0.09561874717474,0.09561874717474,124.08084106445,273.54998779297
04-APR-2024,8.4879281725846,3528,J1924-2914,0.95470201969147,265506,AP-N203-F102,0.11044258624315,0.11044258624315,136.8017578125,273.54998779297
04-APR-2024,8.4879281725846,3528,J1924-2914,0.95470201969147,265506,AP-N204-F102,0.11520904302597,0.11520904302597,128.16598510742,273.54998779297
04-APR-2024,8.5108448408192,3532,J1924-2914,0.95995324850082,253506,AP-N201-F101,0.090454936027527,0.090454936027527,134.49266052246,273.54998779297
04-APR-2024,8.5108448408192,3532,J1924-2914,0.95995324850082,253506,AP-N202-F101,0.09561874717474,0.09561874717474,124.08084106445,273.54998779297
04-APR-2024,8.5108448408192,3532,J1924-2914,0.95995324850082,265506,AP-N203-F102,0.11044258624315,0.11044258624315,136.8017578125,273.54998779297
04-APR-2024,8.5108448408192,3532,J1924-2914,0.95995324850082,265506,AP-N204-F102,0.11520904302597,0.11520904302597,128.16598510742,273.54998779297
04-APR-2024,8.520011506751,3532,J1924-2914,0.96205359697342,253506,AP-N201-F101,0.090454936027527,0.090454936027527,134.49266052246,273.54998779297
04-APR-2024,8.520011506751,3532,J1924-2914,0.96205359697342,253506,AP-N202-F101,0.09561874717474,0.09561874717474,124.08084106445,273.54998779297
04-APR-2024,8.520011506751,3532,J1924-2914,0.96205359697342,265506,AP-N203-F102,0.11044258624315,0.11044258624315,136.8017578125,273.54998779297
04-APR-2024,8.520011506751,3532,J1924-2914,0.96205359697342,265506,AP-N204-F102,0.11520904302597,0.11520904302597,128.16598510742,273.54998779297
04-APR-2024,8.5291781732067,3532,J1924-2914,0.96415388584137,253506,AP-N201-F101,0.090454936027527,0.090454936027527,134.49266052246,273.54998779297
04-APR-2024,8.5291781732067,3532,J1924-2914,0.96415388584137,253506,AP-N202-F101,0.09561874717474,0.09561874717474,124.08084106445,273.54998779297
04-APR-2024,8.5291781732067,3532,J1924-2914,0.96415388584137,265506,AP-N203-F102,0.11044258624315,0.11044258624315,136.8017578125,273.54998779297
04-APR-2024,8.5291781732067,3532,J1924-2914,0.96415388584137,265506,AP-N204-F102,0.11520904302597,0.11520904302597,128.16598510742,273.54998779297
04-APR-2024,8.7117074188473,3541,J1751+0939,0.96467822790146,253506,AP-N201-F101,0.094359874725342,0.094359874725342,135.9507598877,273.45001220703
04-APR-2024,8.7117074188473,3541,J1751+0939,0.96467822790146,253506,AP-N202-F101,0.09967527538538,0.09967527538538,125.51100158691,273.45001220703
04-APR-2024,8.7117074188473,3541,J1751+0939,0.96467822790146,265506,AP-N203-F102,0.11500145494938,0.11500145494938,138.3279876709,273.45001220703
04-APR-2024,8.7117074188473,3541,J1751+0939,0.96467822790146,265506,AP-N204-F102,0.11980037391186,0.11980037391186,129.96084594727,273.45001220703
04-APR-2024,8.7290685328978,3545,J1751+0939,0.96618515253067,253506,AP-N201-F101,0.094359874725342,0.094359874725342,135.9507598877,273.45001220703
04-APR-2024,8.7290685328978,3545,J1751+0939,0.96618515253067,253506,AP-N202-F101,0.09967527538538,0.09967527538538,125.51100158691,273.45001220703
04-APR-2024,8.7290685328978,3545,J1751+0939,0.96618515253067,265506,AP-N203-F102,0.11500145494938,0.11500145494938,138.3279876709,273.45001220703
04-APR-2024,8.7290685328978,3545,J1751+0939,0.96618515253067,265506,AP-N204-F102,0.11980037391186,0.11980037391186,129.96084594727,273.45001220703
04-APR-2024,8.7404574184078,3545,J1751+0939,0.9671579003334,253506,AP-N201-F101,0.094359874725342,0.094359874725342,135.9507598877,273.45001220703
04-APR-2024,8.7404574184078,3545,J1751+0939,0.9671579003334,253506,AP-N202-F101,0.09967527538538,0.09967527538538,125.51100158691,273.45001220703
04-APR-2024,8.7404574184078,3545,J1751+0939,0.9671579003334,265506,AP-N203-F102,0.11500145494938,0.11500145494938,138.3279876709,273.45001220703
04-APR-2024,8.7404574184078,3545,J1751+0939,0.9671579003334,265506,AP-N204-F102,0.11980037391186,0.11980037391186,129.96084594727,273.45001220703
04-APR-2024,8.7496240846888,3545,J1751+0939,0.96793168783188,253506,AP-N201-F101,0.094359874725342,0.094359874725342,135.9507598877,273.45001220703
04-APR-2024,8.7496240846888,3545,J1751+0939,0.96793168783188,253506,AP-N202-F101,0.09967527538538,0.09967527538538,125.51100158691,273.45001220703
04-APR-2024,8.7496240846888,3545,J1751+0939,0.96793168783188,265506,AP-N203-F102,0.11500145494938,0.11500145494938,138.3279876709,273.45001220703
04-APR-2024,8.7496240846888,3545,J1751+0939,0.96793168783188,265506,AP-N204-F102,0.11980037391186,0.11980037391186,129.96084594727,273.45001220703
04-APR-2024,8.8036518643874,3550,SGRA,1.3906668424606,253506,AP-N201-F101,0.090577781200409,0.090577781200409,126.90334320068,273.95001220703
04-APR-2024,8.8036518643874,3550,SGRA,1.3906668424606,253506,AP-N202-F101,0.095401473343372,0.095401473343372,116.25257110596,273.95001220703
04-APR-2024,8.8036518643874,3550,SGRA,1.3906668424606,265506,AP-N203-F102,0.11049585044384,0.11049585044384,128.10931396484,273.95001220703
04-APR-2024,8.8036518643874,3550,SGRA,1.3906668424606,265506,AP-N204-F102,0.11531034111977,0.11531034111977,119.6958694458,273.95001220703
04-APR-2024,8.8276796411887,3554,SGRA,1.3952366113663,253506,AP-N201-F101,0.090577781200409,0.090577781200409,126.90334320068,273.95001220703
04-APR-2024,8.8276796411887,3554,SGRA,1.3952366113663,253506,AP-N202-F101,0.095401473343372,0.095401473343372,116.25257110596,273.95001220703
04-APR-2024,8.8276796411887,3554,SGRA,1.3952366113663,265506,AP-N203-F102,0.11049585044384,0.11049585044384,128.10931396484,273.95001220703
04-APR-2024,8.8276796411887,3554,SGRA,1.3952366113663,265506,AP-N204-F102,0.11531034111977,0.11531034111977,119.6958694458,273.95001220703
04-APR-2024,8.8368463072952,3554,SGRA,1.3969632387161,253506,AP-N201-F101,0.090577781200409,0.090577781200409,126.90334320068,273.95001220703
04-APR-2024,8.8368463072952,3554,SGRA,1.3969632387161,253506,AP-N202-F101,0.095401473343372,0.095401473343372,116.25257110596,273.95001220703
04-APR-2024,8.8368463072952,3554,SGRA,1.3969632387161,265506,AP-N203-F102,0.11049585044384,0.11049585044384,128.10931396484,273.95001220703
04-APR-2024,8.8368463072952,3554,SGRA,1.3969632387161,265506,AP-N204-F102,0.11531034111977,0.11531034111977,119.6958694458,273.95001220703
04-APR-2024,8.8490685296435,3554,SGRA,1.3992501497269,253506,AP-N201-F101,0.090577781200409,0.090577781200409,126.90334320068,273.95001220703
04-APR-2024,8.8490685296435,3554,SGRA,1.3992501497269,253506,AP-N202-F101,0.095401473343372,0.095401473343372,116.25257110596,273.95001220703
04-APR-2024,8.8490685296435,3554,SGRA,1.3992501497269,265506,AP-N203-F102,0.11049585044384,0.11049585044384,128.10931396484,273.95001220703
04-APR-2024,8.8490685296435,3554,SGRA,1.3992501497269,265506,AP-N204-F102,0.11531034111977,0.11531034111977,119.6958694458,273.95001220703
04-APR-2024,8.8607351971846,3554,SGRA,1.4014163017273,253506,AP-N201-F101,0.090577781200409,0.090577781200409,126.90334320068,273.95001220703
04-APR-2024,8.8607351971846,3554,SGRA,1.4014163017273,253506,AP-N202-F101,0.095401473343372,0.095401473343372,116.25257110596,273.95001220703
04-APR-2024,8.8607351971846,3554,SGRA,1.4014163017273,265506,AP-N203-F102,0.11049585044384,0.11049585044384,128.10931396484,273.95001220703
04-APR-2024,8.8607351971846,3554,SGRA,1.4014163017273,265506,AP-N204-F102,0.11531034111977,0.11531034111977,119.6958694458,273.95001220703
04-APR-2024,8.8704574201937,3554,SGRA,1.4032084941864,253506,AP-N201-F101,0.090577781200409,0.090577781200409,126.90334320068,273.95001220703
04-APR-2024,8.8704574201937,3554,SGRA,1.4032084941864,253506,AP-N202-F101,0.095401473343372,0.095401473343372,116.25257110596,273.95001220703
04-APR-2024,8.8704574201937,3554,SGRA,1.4032084941864,265506,AP-N203-F102,0.11049585044384,0.11049585044384,128.10931396484,273.95001220703
04-APR-2024,8.8704574201937,3554,SGRA,1.4032084941864,265506,AP-N204-F102,0.11531034111977,0.11531034111977,119.6958694458,273.95001220703
04-APR-2024,8.8824018599871,3554,SGRA,1.4053934812546,253506,AP-N201-F101,0.090577781200409,0.090577781200409,126.90334320068,273.95001220703
04-APR-2024,8.8824018599871,3554,SGRA,1.4053934812546,253506,AP-N202-F101,0.095401473343372,0.095401473343372,116.25257110596,273.95001220703
04-APR-2024,8.8824018599871,3554,SGRA,1.4053934812546,265506,AP-N203-F102,0.11049585044384,0.11049585044384,128.10931396484,273.95001220703
04-APR-2024,8.8824018599871,3554,SGRA,1.4053934812546,265506,AP-N204-F102,0.11531034111977,0.11531034111977,119.6958694458,273.95001220703
04-APR-2024,8.891568528189,3554,SGRA,1.4070572853088,253506,AP-N201-F101,0.090577781200409,0.090577781200409,126.90334320068,273.95001220703
04-APR-2024,8.891568528189,3554,SGRA,1.4070572853088,253506,AP-N202-F101,0.095401473343372,0.095401473343372,116.25257110596,273.95001220703
04-APR-2024,8.891568528189,3554,SGRA,1.4070572853088,265506,AP-N203-F102,0.11049585044384,0.11049585044384,128.10931396484,273.95001220703
04-APR-2024,8.891568528189,3554,SGRA,1.4070572853088,265506,AP-N204-F102,0.11531034111977,0.11531034111977,119.6958694458,273.95001220703
04-APR-2024,8.90073519447,3554,SGRA,1.408709526062,253506,AP-N201-F101,0.090577781200409,0.090577781200409,126.90334320068,273.95001220703
04-APR-2024,8.90073519447,3554,SGRA,1.408709526062,253506,AP-N202-F101,0.095401473343372,0.095401473343372,116.25257110596,273.95001220703
04-APR-2024,8.90073519447,3554,SGRA,1.408709526062,265506,AP-N203-F102,0.11049585044384,0.11049585044384,128.10931396484,273.95001220703
04-APR-2024,8.90073519447,3554,SGRA,1.408709526062,265506,AP-N204-F102,0.11531034111977,0.11531034111977,119.6958694458,273.95001220703
04-APR-2024,8.9124018618365,3554,SGRA,1.4107948541641,253506,AP-N201-F101,0.090577781200409,0.090577781200409,126.90334320068,273.95001220703
04-APR-2024,8.9124018618365,3554,SGRA,1.4107948541641,253506,AP-N202-F101,0.095401473343372,0.095401473343372,116.25257110596,273.95001220703
04-APR-2024,8.9124018618365,3554,SGRA,1.4107948541641,265506,AP-N203-F102,0.11049585044384,0.11049585044384,128.10931396484,273.95001220703
04-APR-2024,8.9124018618365,3554,SGRA,1.4107948541641,265506,AP-N204-F102,0.11531034111977,0.11531034111977,119.6958694458,273.95001220703
04-APR-2024,8.9218463077039,3554,SGRA,1.4124680757523,253506,AP-N201-F101,0.090577781200409,0.090577781200409,126.90334320068,273.95001220703
04-APR-2024,8.9218463077039,3554,SGRA,1.4124680757523,253506,AP-N202-F101,0.095401473343372,0.095401473343372,116.25257110596,273.95001220703
04-APR-2024,8.9218463077039,3554,SGRA,1.4124680757523,265506,AP-N203-F102,0.11049585044384,0.11049585044384,128.10931396484,273.95001220703
04-APR-2024,8.9218463077039,3554,SGRA,1.4124680757523,265506,AP-N204-F102,0.11531034111977,0.11531034111977,119.6958694458,273.95001220703
04-APR-2024,8.9310129736357,3554,SGRA,1.414078950882,253506,AP-N201-F101,0.090577781200409,0.090577781200409,126.90334320068,273.95001220703
04-APR-2024,8.9310129736357,3554,SGRA,1.414078950882,253506,AP-N202-F101,0.095401473343372,0.095401473343372,116.25257110596,273.95001220703
04-APR-2024,8.9310129736357,3554,SGRA,1.414078950882,265506,AP-N203-F102,0.11049585044384,0.11049585044384,128.10931396484,273.95001220703
04-APR-2024,8.9310129736357,3554,SGRA,1.414078950882,265506,AP-N204-F102,0.11531034111977,0.11531034111977,119.6958694458,273.95001220703
04-APR-2024,8.9418463099264,3554,SGRA,1.4159656763077,253506,AP-N201-F101,0.090577781200409,0.090577781200409,126.90334320068,273.95001220703
04-APR-2024,8.9418463099264,3554,SGRA,1.4159656763077,253506,AP-N202-F101,0.095401473343372,0.095401473343372,116.25257110596,273.95001220703
04-APR-2024,8.9418463099264,3554,SGRA,1.4159656763077,265506,AP-N203-F102,0.11049585044384,0.11049585044384,128.10931396484,273.95001220703
04-APR-2024,8.9418463099264,3554,SGRA,1.4159656763077,265506,AP-N204-F102,0.11531034111977,0.11531034111977,119.6958694458,273.95001220703
04-APR-2024,8.9510129760328,3554,SGRA,1.4175469875336,253506,AP-N201-F101,0.090577781200409,0.090577781200409,126.90334320068,273.95001220703
04-APR-2024,8.9510129760328,3554,SGRA,1.4175469875336,253506,AP-N202-F101,0.095401473343372,0.095401473343372,116.25257110596,273.95001220703
04-APR-2024,8.9510129760328,3554,SGRA,1.4175469875336,265506,AP-N203-F102,0.11049585044384,0.11049585044384,128.10931396484,273.95001220703
04-APR-2024,8.9510129760328,3554,SGRA,1.4175469875336,265506,AP-N204-F102,0.11531034111977,0.11531034111977,119.6958694458,273.95001220703
04-APR-2024,9.0636518614982,3557,SGRA,1.4356659650803,253506,AP-N201-F101,0.092872604727745,0.092872604727745,127.51702880859,274.35000610352
04-APR-2024,9.0636518614982,3557,SGRA,1.4356659650803,253506,AP-N202-F101,0.097723677754402,0.097723677754402,117.11547851563,274.35000610352
04-APR-2024,9.0636518614982,3557,SGRA,1.4356659650803,265506,AP-N203-F102,0.11299801617861,0.11299801617861,128.87156677246,274.35000610352
04-APR-2024,9.0636518614982,3557,SGRA,1.4356659650803,265506,AP-N204-F102,0.11775582283735,0.11775582283735,120.43157958984,274.35000610352
04-APR-2024,9.0949018596994,3561,SGRA,1.4401805400848,253506,AP-N201-F101,0.092872604727745,0.092872604727745,127.51702880859,274.35000610352
04-APR-2024,9.0949018596994,3561,SGRA,1.4401805400848,253506,AP-N202-F101,0.097723677754402,0.097723677754402,117.11547851563,274.35000610352
04-APR-2024,9.0949018596994,3561,SGRA,1.4401805400848,265506,AP-N203-F102,0.11299801617861,0.11299801617861,128.87156677246,274.35000610352
04-APR-2024,9.0949018596994,3561,SGRA,1.4401805400848,265506,AP-N204-F102,0.11775582283735,0.11775582283735,120.43157958984,274.35000610352
04-APR-2024,9.104207414464,3561,SGRA,1.4414745569229,253506,AP-N201-F101,0.092872604727745,0.092872604727745,127.51702880859,274.35000610352
04-APR-2024,9.104207414464,3561,SGRA,1.4414745569229,253506,AP-N202-F101,0.097723677754402,0.097723677754402,117.11547851563,274.35000610352
04-APR-2024,9.104207414464,3561,SGRA,1.4414745569229,265506,AP-N203-F102,0.11299801617861,0.11299801617861,128.87156677246,274.35000610352
04-APR-2024,9.104207414464,3561,SGRA,1.4414745569229,265506,AP-N204-F102,0.11775582283735,0.11775582283735,120.43157958984,274.35000610352
04-APR-2024,9.1135129687047,3561,SGRA,1.4427441358566,253506,AP-N201-F101,0.092872604727745,0.092872604727745,127.51702880859,274.35000610352
04-APR-2024,9.1135129687047,3561,SGRA,1.4427441358566,253506,AP-N202-F101,0.097723677754402,0.097723677754402,117.11547851563,274.35000610352
04-APR-2024,9.1135129687047,3561,SGRA,1.4427441358566,265506,AP-N203-F102,0.11299801617861,0.11299801617861,128.87156677246,274.35000610352
04-APR-2024,9.1135129687047,3561,SGRA,1.4427441358566,265506,AP-N204-F102,0.11775582283735,0.11775582283735,120.43157958984,274.35000610352
04-APR-2024,9.1232351939839,3561,SGRA,1.4440435171127,253506,AP-N201-F101,0.092872604727745,0.092872604727745,127.51702880859,274.35000610352
04-APR-2024,9.1232351939839,3561,SGRA,1.4440435171127,253506,AP-N202-F101,0.097723677754402,0.097723677754402,117.11547851563,274.35000610352
04-APR-2024,9.1232351939839,3561,SGRA,1.4440435171127,265506,AP-N203-F102,0.11299801617861,0.11299801617861,128.87156677246,274.35000610352
04-APR-2024,9.1232351939839,3561,SGRA,1.4440435171127,265506,AP-N204-F102,0.11775582283735,0.11775582283735,120.43157958984,274.35000610352
04-APR-2024,9.1324018600903,3561,SGRA,1.4452426433563,253506,AP-N201-F101,0.092872604727745,0.092872604727745,127.51702880859,274.35000610352
04-APR-2024,9.1324018600903,3561,SGRA,1.4452426433563,253506,AP-N202-F101,0.097723677754402,0.097723677754402,117.11547851563,274.35000610352
04-APR-2024,9.1324018600903,3561,SGRA,1.4452426433563,265506,AP-N203-F102,0.11299801617861,0.11299801617861,128.87156677246,274.35000610352
04-APR-2024,9.1324018600903,3561,SGRA,1.4452426433563,265506,AP-N204-F102,0.11775582283735,0.11775582283735,120.43157958984,274.35000610352
04-APR-2024,9.1415685258475,3561,SGRA,1.4464159011841,253506,AP-N201-F101,0.092872604727745,0.092872604727745,127.51702880859,274.35000610352
04-APR-2024,9.1415685258475,3561,SGRA,1.4464159011841,253506,AP-N202-F101,0.097723677754402,0.097723677754402,117.11547851563,274.35000610352
04-APR-2024,9.1415685258475,3561,SGRA,1.4464159011841,265506,AP-N203-F102,0.11299801617861,0.11299801617861,128.87156677246,274.35000610352
04-APR-2024,9.1415685258475,3561,SGRA,1.4464159011841,265506,AP-N204-F102,0.11775582283735,0.11775582283735,120.43157958984,274.35000610352
04-APR-2024,9.1507351919539,3561,SGRA,1.447562456131,253506,AP-N201-F101,0.092872604727745,0.092872604727745,127.51702880859,274.35000610352
04-APR-2024,9.1507351919539,3561,SGRA,1.447562456131,253506,AP-N202-F101,0.097723677754402,0.097723677754402,117.11547851563,274.35000610352
04-APR-2024,9.1507351919539,3561,SGRA,1.447562456131,265506,AP-N203-F102,0.11299801617861,0.11299801617861,128.87156677246,274.35000610352
04-APR-2024,9.1507351919539,3561,SGRA,1.447562456131,265506,AP-N204-F102,0.11775582283735,0.11775582283735,120.43157958984,274.35000610352
04-APR-2024,9.1599018606797,3561,SGRA,1.448681473732,253506,AP-N201-F101,0.092872604727745,0.092872604727745,127.51702880859,274.35000610352
04-APR-2024,9.1599018606797,3561,SGRA,1.448681473732,253506,AP-N202-F101,0.097723677754402,0.097723677754402,117.11547851563,274.35000610352
04-APR-2024,9.1599018606797,3561,SGRA,1.448681473732,265506,AP-N203-F102,0.11299801617861,0.11299801617861,128.87156677246,274.35000610352
04-APR-2024,9.1599018606797,3561,SGRA,1.448681473732,265506,AP-N204-F102,0.11775582283735,0.11775582283735,120.43157958984,274.35000610352
04-APR-2024,9.1690685266115,3561,SGRA,1.4497723579407,253506,AP-N201-F101,0.092872604727745,0.092872604727745,127.51702880859,274.35000610352
04-APR-2024,9.1690685266115,3561,SGRA,1.4497723579407,253506,AP-N202-F101,0.097723677754402,0.097723677754402,117.11547851563,274.35000610352
04-APR-2024,9.1690685266115,3561,SGRA,1.4497723579407,265506,AP-N203-F102,0.11299801617861,0.11299801617861,128.87156677246,274.35000610352
04-APR-2024,9.1690685266115,3561,SGRA,1.4497723579407,265506,AP-N204-F102,0.11775582283735,0.11775582283735,120.43157958984,274.35000610352
04-APR-2024,9.1782351946387,3561,SGRA,1.4508341550827,253506,AP-N201-F101,0.092872604727745,0.092872604727745,127.51702880859,274.35000610352
04-APR-2024,9.1782351946387,3561,SGRA,1.4508341550827,253506,AP-N202-F101,0.097723677754402,0.097723677754402,117.11547851563,274.35000610352
04-APR-2024,9.1782351946387,3561,SGRA,1.4508341550827,265506,AP-N203-F102,0.11299801617861,0.11299801617861,128.87156677246,274.35000610352
04-APR-2024,9.1782351946387,3561,SGRA,1.4508341550827,265506,AP-N204-F102,0.11775582283735,0.11775582283735,120.43157958984,274.35000610352
04-APR-2024,9.1872629719124,3561,SGRA,1.451850771904,253506,AP-N201-F101,0.092872604727745,0.092872604727745,127.51702880859,274.35000610352
04-APR-2024,9.1872629719124,3561,SGRA,1.451850771904,253506,AP-N202-F101,0.097723677754402,0.097723677754402,117.11547851563,274.35000610352
04-APR-2024,9.1872629719124,3561,SGRA,1.451850771904,265506,AP-N203-F102,0.11299801617861,0.11299801617861,128.87156677246,274.35000610352
04-APR-2024,9.1872629719124,3561,SGRA,1.451850771904,265506,AP-N204-F102,0.11775582283735,0.11775582283735,120.43157958984,274.35000610352
04-APR-2024,9.1965685270262,3561,SGRA,1.4528677463531,253506,AP-N201-F101,0.092872604727745,0.092872604727745,127.51702880859,274.35000610352
04-APR-2024,9.1965685270262,3561,SGRA,1.4528677463531,253506,AP-N202-F101,0.097723677754402,0.097723677754402,117.11547851563,274.35000610352
04-APR-2024,9.1965685270262,3561,SGRA,1.4528677463531,265506,AP-N203-F102,0.11299801617861,0.11299801617861,128.87156677246,274.35000610352
04-APR-2024,9.1965685270262,3561,SGRA,1.4528677463531,265506,AP-N204-F102,0.11775582283735,0.11775582283735,120.43157958984,274.35000610352
04-APR-2024,9.2057351927834,3561,SGRA,1.4538378715515,253506,AP-N201-F101,0.092872604727745,0.092872604727745,127.51702880859,274.35000610352
04-APR-2024,9.2057351927834,3561,SGRA,1.4538378715515,253506,AP-N202-F101,0.097723677754402,0.097723677754402,117.11547851563,274.35000610352
04-APR-2024,9.2057351927834,3561,SGRA,1.4538378715515,265506,AP-N203-F102,0.11299801617861,0.11299801617861,128.87156677246,274.35000610352
04-APR-2024,9.2057351927834,3561,SGRA,1.4538378715515,265506,AP-N204-F102,0.11775582283735,0.11775582283735,120.43157958984,274.35000610352
04-APR-2024,9.2149018585405,3561,SGRA,1.454775929451,253506,AP-N201-F101,0.092872604727745,0.092872604727745,127.51702880859,274.35000610352
04-APR-2024,9.2149018585405,3561,SGRA,1.454775929451,253506,AP-N202-F101,0.097723677754402,0.097723677754402,117.11547851563,274.35000610352
04-APR-2024,9.2149018585405,3561,SGRA,1.454775929451,265506,AP-N203-F102,0.11299801617861,0.11299801617861,128.87156677246,274.35000610352
04-APR-2024,9.2149018585405,3561,SGRA,1.454775929451,265506,AP-N204-F102,0.11775582283735,0.11775582283735,120.43157958984,274.35000610352
04-APR-2024,9.2240685270917,3561,SGRA,1.4556810855865,253506,AP-N201-F101,0.092872604727745,0.092872604727745,127.51702880859,274.35000610352
04-APR-2024,9.2240685270917,3561,SGRA,1.4556810855865,253506,AP-N202-F101,0.097723677754402,0.097723677754402,117.11547851563,274.35000610352
04-APR-2024,9.2240685270917,3561,SGRA,1.4556810855865,265506,AP-N203-F102,0.11299801617861,0.11299801617861,128.87156677246,274.35000610352
04-APR-2024,9.2240685270917,3561,SGRA,1.4556810855865,265506,AP-N204-F102,0.11775582283735,0.11775582283735,120.43157958984,274.35000610352
04-APR-2024,9.4130963039367,3566,J1751+0939,1.0004073381424,253506,AP-N201-F101,0.091217696666718,0.091217696666718,132.95045471191,272.64999389648
04-APR-2024,9.4130963039367,3566,J1751+0939,1.0004073381424,253506,AP-N202-F101,0.096550218760967,0.096550218760967,122.77220153809,272.64999389648
04-APR-2024,9.4130963039367,3566,J1751+0939,1.0004073381424,265506,AP-N203-F102,0.11177639663219,0.11177639663219,135.2866973877,272.64999389648
04-APR-2024,9.4130963039367,3566,J1751+0939,1.0004073381424,265506,AP-N204-F102,0.11625571548939,0.11625571548939,126.95188903809,272.64999389648
04-APR-2024,9.4285129696135,3570,J1751+0939,1.00057721138,253506,AP-N201-F101,0.091217696666718,0.091217696666718,132.95045471191,272.64999389648
04-APR-2024,9.4285129696135,3570,J1751+0939,1.00057721138,253506,AP-N202-F101,0.096550218760967,0.096550218760967,122.77220153809,272.64999389648
04-APR-2024,9.4285129696135,3570,J1751+0939,1.00057721138,265506,AP-N203-F102,0.11177639663219,0.11177639663219,135.2866973877,272.64999389648
04-APR-2024,9.4285129696135,3570,J1751+0939,1.00057721138,265506,AP-N204-F102,0.11625571548939,0.11625571548939,126.95188903809,272.64999389648
04-APR-2024,9.4376796353707,3570,J1751+0939,1.000665307045,253506,AP-N201-F101,0.091217696666718,0.091217696666718,132.95045471191,272.64999389648
04-APR-2024,9.4376796353707,3570,J1751+0939,1.000665307045,253506,AP-N202-F101,0.096550218760967,0.096550218760967,122.77220153809,272.64999389648
04-APR-2024,9.4376796353707,3570,J1751+0939,1.000665307045,265506,AP-N203-F102,0.11177639663219,0.11177639663219,135.2866973877,272.64999389648
04-APR-2024,9.4376796353707,3570,J1751+0939,1.000665307045,265506,AP-N204-F102,0.11625571548939,0.11625571548939,126.95188903809,272.64999389648
04-APR-2024,9.4468463040965,3570,J1751+0939,1.0007437467575,253506,AP-N201-F101,0.091217696666718,0.091217696666718,132.95045471191,272.64999389648
04-APR-2024,9.4468463040965,3570,J1751+0939,1.0007437467575,253506,AP-N202-F101,0.096550218760967,0.096550218760967,122.77220153809,272.64999389648
04-APR-2024,9.4468463040965,3570,J1751+0939,1.0007437467575,265506,AP-N203-F102,0.11177639663219,0.11177639663219,135.2866973877,272.64999389648
04-APR-2024,9.4468463040965,3570,J1751+0939,1.0007437467575,265506,AP-N204-F102,0.11625571548939,0.11625571548939,126.95188903809,272.64999389648
04-APR-2024,9.5283740815904,3575,SGRA,1.4630625247955,253506,AP-N201-F101,0.086743466556072,0.086743466556072,124.83403015137,272.45001220703
04-APR-2024,9.5283740815904,3575,SGRA,1.4630625247955,253506,AP-N202-F101,0.091523796319962,0.091523796319962,114.41355133057,272.45001220703
04-APR-2024,9.5283740815904,3575,SGRA,1.4630625247955,265506,AP-N203-F102,0.10689408332109,0.10689408332109,125.85654449463,272.45001220703
04-APR-2024,9.5283740815904,3575,SGRA,1.4630625247955,265506,AP-N204-F102,0.11125080287457,0.11125080287457,117.4899520874,272.45001220703
04-APR-2024,9.5446240809624,3579,SGRA,1.4621293544769,253506,AP-N201-F101,0.086743466556072,0.086743466556072,124.83403015137,272.45001220703
04-APR-2024,9.5446240809624,3579,SGRA,1.4621293544769,253506,AP-N202-F101,0.091523796319962,0.091523796319962,114.41355133057,272.45001220703
04-APR-2024,9.5446240809624,3579,SGRA,1.4621293544769,265506,AP-N203-F102,0.10689408332109,0.10689408332109,125.85654449463,272.45001220703
04-APR-2024,9.5446240809624,3579,SGRA,1.4621293544769,265506,AP-N204-F102,0.11125080287457,0.11125080287457,117.4899520874,272.45001220703
04-APR-2024,9.5537907470688,3579,SGRA,1.4615479707718,253506,AP-N201-F101,0.086743466556072,0.086743466556072,124.83403015137,272.45001220703
04-APR-2024,9.5537907470688,3579,SGRA,1.4615479707718,253506,AP-N202-F101,0.091523796319962,0.091523796319962,114.41355133057,272.45001220703
04-APR-2024,9.5537907470688,3579,SGRA,1.4615479707718,265506,AP-N203-F102,0.10689408332109,0.10689408332109,125.85654449463,272.45001220703
04-APR-2024,9.5537907470688,3579,SGRA,1.4615479707718,265506,AP-N204-F102,0.11125080287457,0.11125080287457,117.4899520874,272.45001220703
04-APR-2024,9.562957412826,3579,SGRA,1.4609270095825,253506,AP-N201-F101,0.086743466556072,0.086743466556072,124.83403015137,272.45001220703
04-APR-2024,9.562957412826,3579,SGRA,1.4609270095825,253506,AP-N202-F101,0.091523796319962,0.091523796319962,114.41355133057,272.45001220703
04-APR-2024,9.562957412826,3579,SGRA,1.4609270095825,265506,AP-N203-F102,0.10689408332109,0.10689408332109,125.85654449463,272.45001220703
04-APR-2024,9.562957412826,3579,SGRA,1.4609270095825,265506,AP-N204-F102,0.11125080287457,0.11125080287457,117.4899520874,272.45001220703
04-APR-2024,9.5724018585188,3579,SGRA,1.4602469205856,253506,AP-N201-F101,0.086743466556072,0.086743466556072,124.83403015137,272.45001220703
04-APR-2024,9.5724018585188,3579,SGRA,1.4602469205856,253506,AP-N202-F101,0.091523796319962,0.091523796319962,114.41355133057,272.45001220703
04-APR-2024,9.5724018585188,3579,SGRA,1.4602469205856,265506,AP-N203-F102,0.10689408332109,0.10689408332109,125.85654449463,272.45001220703
04-APR-2024,9.5724018585188,3579,SGRA,1.4602469205856,265506,AP-N204-F102,0.11125080287457,0.11125080287457,117.4899520874,272.45001220703
04-APR-2024,9.5815685244506,3579,SGRA,1.4595481157303,253506,AP-N201-F101,0.086743466556072,0.086743466556072,124.83403015137,272.45001220703
04-APR-2024,9.5815685244506,3579,SGRA,1.4595481157303,253506,AP-N202-F101,0.091523796319962,0.091523796319962,114.41355133057,272.45001220703
04-APR-2024,9.5815685244506,3579,SGRA,1.4595481157303,265506,AP-N203-F102,0.10689408332109,0.10689408332109,125.85654449463,272.45001220703
04-APR-2024,9.5815685244506,3579,SGRA,1.4595481157303,265506,AP-N204-F102,0.11125080287457,0.11125080287457,117.4899520874,272.45001220703
04-APR-2024,9.5907351924778,3579,SGRA,1.4588119983673,253506,AP-N201-F101,0.086743466556072,0.086743466556072,124.83403015137,272.45001220703
04-APR-2024,9.5907351924778,3579,SGRA,1.4588119983673,253506,AP-N202-F101,0.091523796319962,0.091523796319962,114.41355133057,272.45001220703
04-APR-2024,9.5907351924778,3579,SGRA,1.4588119983673,265506,AP-N203-F102,0.10689408332109,0.10689408332109,125.85654449463,272.45001220703
04-APR-2024,9.5907351924778,3579,SGRA,1.4588119983673,265506,AP-N204-F102,0.11125080287457,0.11125080287457,117.4899520874,272.45001220703
04-APR-2024,9.6060129663533,3579,SGRA,1.4575041532516,253506,AP-N201-F101,0.086743466556072,0.086743466556072,124.83403015137,272.45001220703
04-APR-2024,9.6060129663533,3579,SGRA,1.4575041532516,253506,AP-N202-F101,0.091523796319962,0.091523796319962,114.41355133057,272.45001220703
04-APR-2024,9.6060129663533,3579,SGRA,1.4575041532516,265506,AP-N203-F102,0.10689408332109,0.10689408332109,125.85654449463,272.45001220703
04-APR-2024,9.6060129663533,3579,SGRA,1.4575041532516,265506,AP-N204-F102,0.11125080287457,0.11125080287457,117.4899520874,272.45001220703
04-APR-2024,9.6157351911086,3579,SGRA,1.4566205739975,253506,AP-N201-F101,0.086743466556072,0.086743466556072,124.83403015137,272.45001220703
04-APR-2024,9.6157351911086,3579,SGRA,1.4566205739975,253506,AP-N202-F101,0.091523796319962,0.091523796319962,114.41355133057,272.45001220703
04-APR-2024,9.6157351911086,3579,SGRA,1.4566205739975,265506,AP-N203-F102,0.10689408332109,0.10689408332109,125.85654449463,272.45001220703
04-APR-2024,9.6157351911086,3579,SGRA,1.4566205739975,265506,AP-N204-F102,0.11125080287457,0.11125080287457,117.4899520874,272.45001220703
04-APR-2024,9.6249018573897,3579,SGRA,1.4557518959045,253506,AP-N201-F101,0.086743466556072,0.086743466556072,124.83403015137,272.45001220703
04-APR-2024,9.6249018573897,3579,SGRA,1.4557518959045,253506,AP-N202-F101,0.091523796319962,0.091523796319962,114.41355133057,272.45001220703
04-APR-2024,9.6249018573897,3579,SGRA,1.4557518959045,265506,AP-N203-F102,0.10689408332109,0.10689408332109,125.85654449463,272.45001220703
04-APR-2024,9.6249018573897,3579,SGRA,1.4557518959045,265506,AP-N204-F102,0.11125080287457,0.11125080287457,117.4899520874,272.45001220703
04-APR-2024,9.6340685234961,3579,SGRA,1.4548494815826,253506,AP-N201-F101,0.086743466556072,0.086743466556072,124.83403015137,272.45001220703
04-APR-2024,9.6340685234961,3579,SGRA,1.4548494815826,253506,AP-N202-F101,0.091523796319962,0.091523796319962,114.41355133057,272.45001220703
04-APR-2024,9.6340685234961,3579,SGRA,1.4548494815826,265506,AP-N203-F102,0.10689408332109,0.10689408332109,125.85654449463,272.45001220703
04-APR-2024,9.6340685234961,3579,SGRA,1.4548494815826,265506,AP-N204-F102,0.11125080287457,0.11125080287457,117.4899520874,272.45001220703
04-APR-2024,9.6432351894279,3579,SGRA,1.4539139270782,253506,AP-N201-F101,0.086743466556072,0.086743466556072,124.83403015137,272.45001220703
04-APR-2024,9.6432351894279,3579,SGRA,1.4539139270782,253506,AP-N202-F101,0.091523796319962,0.091523796319962,114.41355133057,272.45001220703
04-APR-2024,9.6432351894279,3579,SGRA,1.4539139270782,265506,AP-N203-F102,0.10689408332109,0.10689408332109,125.85654449463,272.45001220703
04-APR-2024,9.6432351894279,3579,SGRA,1.4539139270782,265506,AP-N204-F102,0.11125080287457,0.11125080287457,117.4899520874,272.45001220703
04-APR-2024,9.6522629665269,3579,SGRA,1.4529612064362,253506,AP-N201-F101,0.086743466556072,0.086743466556072,124.83403015137,272.45001220703
04-APR-2024,9.6522629665269,3579,SGRA,1.4529612064362,253506,AP-N202-F101,0.091523796319962,0.091523796319962,114.41355133057,272.45001220703
04-APR-2024,9.6522629665269,3579,SGRA,1.4529612064362,265506,AP-N203-F102,0.10689408332109,0.10689408332109,125.85654449463,272.45001220703
04-APR-2024,9.6522629665269,3579,SGRA,1.4529612064362,265506,AP-N204-F102,0.11125080287457,0.11125080287457,117.4899520874,272.45001220703
04-APR-2024,9.6615685240855,3579,SGRA,1.4519473314285,253506,AP-N201-F101,0.086743466556072,0.086743466556072,124.83403015137,272.45001220703
04-APR-2024,9.6615685240855,3579,SGRA,1.4519473314285,253506,AP-N202-F101,0.091523796319962,0.091523796319962,114.41355133057,272.45001220703
04-APR-2024,9.6615685240855,3579,SGRA,1.4519473314285,265506,AP-N203-F102,0.10689408332109,0.10689408332109,125.85654449463,272.45001220703
04-APR-2024,9.6615685240855,3579,SGRA,1.4519473314285,265506,AP-N204-F102,0.11125080287457,0.11125080287457,117.4899520874,272.45001220703
04-APR-2024,9.6707351919381,3579,SGRA,1.4509176015854,253506,AP-N201-F101,0.086743466556072,0.086743466556072,124.83403015137,272.45001220703
04-APR-2024,9.6707351919381,3579,SGRA,1.4509176015854,253506,AP-N202-F101,0.091523796319962,0.091523796319962,114.41355133057,272.45001220703
04-APR-2024,9.6707351919381,3579,SGRA,1.4509176015854,265506,AP-N203-F102,0.10689408332109,0.10689408332109,125.85654449463,272.45001220703
04-APR-2024,9.6707351919381,3579,SGRA,1.4509176015854,265506,AP-N204-F102,0.11125080287457,0.11125080287457,117.4899520874,272.45001220703
04-APR-2024,9.8039296344332,3584,J1924-2914,1.2532114982605,253506,AP-N201-F101,0.08092650026083,0.08092650026083,124.20555877686,274.04998779297
04-APR-2024,9.8039296344332,3584,J1924-2914,1.2532114982605,253506,AP-N202-F101,0.085844077169895,0.085844077169895,113.84911346436,274.04998779297
04-APR-2024,9.8039296344332,3584,J1924-2914,1.2532114982605,265506,AP-N203-F102,0.099736198782921,0.099736198782921,125.2438659668,274.04998779297
04-APR-2024,9.8039296344332,3584,J1924-2914,1.2532114982605,265506,AP-N204-F102,0.10404894500971,0.10404894500971,116.74230194092,274.04998779297
04-APR-2024,9.8287907430088,3588,J1924-2914,1.2586973905563,253506,AP-N201-F101,0.08092650026083,0.08092650026083,124.20555877686,274.04998779297
04-APR-2024,9.8287907430088,3588,J1924-2914,1.2586973905563,253506,AP-N202-F101,0.085844077169895,0.085844077169895,113.84911346436,274.04998779297
04-APR-2024,9.8287907430088,3588,J1924-2914,1.2586973905563,265506,AP-N203-F102,0.099736198782921,0.099736198782921,125.2438659668,274.04998779297
04-APR-2024,9.8287907430088,3588,J1924-2914,1.2586973905563,265506,AP-N204-F102,0.10404894500971,0.10404894500971,116.74230194092,274.04998779297
04-APR-2024,9.8378185227272,3588,J1924-2914,1.2606863975525,253506,AP-N201-F101,0.08092650026083,0.08092650026083,124.20555877686,274.04998779297
04-APR-2024,9.8378185227272,3588,J1924-2914,1.2606863975525,253506,AP-N202-F101,0.085844077169895,0.085844077169895,113.84911346436,274.04998779297
04-APR-2024,9.8378185227272,3588,J1924-2914,1.2606863975525,265506,AP-N203-F102,0.099736198782921,0.099736198782921,125.2438659668,274.04998779297
04-APR-2024,9.8378185227272,3588,J1924-2914,1.2606863975525,265506,AP-N204-F102,0.10404894500971,0.10404894500971,116.74230194092,274.04998779297
04-APR-2024,9.8468463003501,3588,J1924-2914,1.2626737356186,253506,AP-N201-F101,0.08092650026083,0.08092650026083,124.20555877686,274.04998779297
04-APR-2024,9.8468463003501,3588,J1924-2914,1.2626737356186,253506,AP-N202-F101,0.085844077169895,0.085844077169895,113.84911346436,274.04998779297
04-APR-2024,9.8468463003501,3588,J1924-2914,1.2626737356186,265506,AP-N203-F102,0.099736198782921,0.099736198782921,125.2438659668,274.04998779297
04-APR-2024,9.8468463003501,3588,J1924-2914,1.2626737356186,265506,AP-N204-F102,0.10404894500971,0.10404894500971,116.74230194092,274.04998779297
