08-APR-2024,22.950623384148,5943,IRC+10216,0.7228496670723,3.3659976609312E+05,AP-S301-F101,0,0,0,0
08-APR-2024,22.950623384148,5943,IRC+10216,0.7228496670723,3.3659976609312E+05,AP-S302-F101,0,0,0,0
08-APR-2024,22.950623384148,5943,IRC+10216,0.7228496670723,348600,AP-S303-F102,0,0,0,0
08-APR-2024,22.950623384148,5943,IRC+10216,0.7228496670723,348600,AP-S304-F102,0,0,0,0
08-APR-2024,23.027992846256,5948,M87,0.18610060214996,336600,AP-S301-F101,0,0,0,0
08-APR-2024,23.027992846256,5948,M87,0.18610060214996,336600,AP-S302-F101,0,0,0,0
08-APR-2024,23.027992846256,5948,M87,0.18610060214996,348600,AP-S303-F102,0,0,0,0
08-APR-2024,23.027992846256,5948,M87,0.18610060214996,348600,AP-S304-F102,0,0,0,0
08-APR-2024,23.037159512362,5948,M87,0.18820270895958,336600,AP-S301-F101,0,0,0,0
08-APR-2024,23.037159512362,5948,M87,0.18820270895958,336600,AP-S302-F101,0,0,0,0
08-APR-2024,23.037159512362,5948,M87,0.18820270895958,348600,AP-S303-F102,0,0,0,0
08-APR-2024,23.037159512362,5948,M87,0.18820270895958,348600,AP-S304-F102,0,0,0,0
08-APR-2024,23.046326181088,5948,M87,0.19030414521694,336600,AP-S301-F101,0,0,0,0
08-APR-2024,23.046326181088,5948,M87,0.19030414521694,336600,AP-S302-F101,0,0,0,0
08-APR-2024,23.046326181088,5948,M87,0.19030414521694,348600,AP-S303-F102,0,0,0,0
08-APR-2024,23.046326181088,5948,M87,0.19030414521694,348600,AP-S304-F102,0,0,0,0
08-APR-2024,23.055492846845,5948,M87,0.1924047768116,336600,AP-S301-F101,0,0,0,0
08-APR-2024,23.055492846845,5948,M87,0.1924047768116,336600,AP-S302-F101,0,0,0,0
08-APR-2024,23.055492846845,5948,M87,0.1924047768116,348600,AP-S303-F102,0,0,0,0
08-APR-2024,23.055492846845,5948,M87,0.1924047768116,348600,AP-S304-F102,0,0,0,0
08-APR-2024,23.120631733341,5953,3C279,0.23887878656387,336600,AP-S301-F101,0.24604874849319,0.24604874849319,802.54718017578,271.85000610352
08-APR-2024,23.120631733341,5953,3C279,0.23887878656387,336600,AP-S302-F101,0.24635347723961,0.24635347723961,826.51989746094,271.85000610352
08-APR-2024,23.120631733341,5953,3C279,0.23887878656387,348600,AP-S303-F102,0.24700999259949,0.24700999259949,885.60931396484,271.85000610352
08-APR-2024,23.120631733341,5953,3C279,0.23887878656387,348600,AP-S304-F102,0.24592833220959,0.24592833220959,899.69598388672,271.85000610352
08-APR-2024,23.143826178018,5957,3C279,0.24448327720165,336600,AP-S301-F101,0.24604874849319,0.24604874849319,802.54718017578,271.85000610352
08-APR-2024,23.143826178018,5957,3C279,0.24448327720165,336600,AP-S302-F101,0.24635347723961,0.24635347723961,826.51989746094,271.85000610352
08-APR-2024,23.143826178018,5957,3C279,0.24448327720165,348600,AP-S303-F102,0.24700999259949,0.24700999259949,885.60931396484,271.85000610352
08-APR-2024,23.143826178018,5957,3C279,0.24448327720165,348600,AP-S304-F102,0.24592833220959,0.24592833220959,899.69598388672,271.85000610352
08-APR-2024,23.15299284657,5957,3C279,0.24669817090034,336600,AP-S301-F101,0.24604874849319,0.24604874849319,802.54718017578,271.85000610352
08-APR-2024,23.15299284657,5957,3C279,0.24669817090034,336600,AP-S302-F101,0.24635347723961,0.24635347723961,826.51989746094,271.85000610352
08-APR-2024,23.15299284657,5957,3C279,0.24669817090034,348600,AP-S303-F102,0.24700999259949,0.24700999259949,885.60931396484,271.85000610352
08-APR-2024,23.15299284657,5957,3C279,0.24669817090034,348600,AP-S304-F102,0.24592833220959,0.24592833220959,899.69598388672,271.85000610352
08-APR-2024,23.162159512676,5957,3C279,0.2489130795002,336600,AP-S301-F101,0.24604874849319,0.24604874849319,802.54718017578,271.85000610352
08-APR-2024,23.162159512676,5957,3C279,0.2489130795002,336600,AP-S302-F101,0.24635347723961,0.24635347723961,826.51989746094,271.85000610352
08-APR-2024,23.162159512676,5957,3C279,0.2489130795002,348600,AP-S303-F102,0.24700999259949,0.24700999259949,885.60931396484,271.85000610352
08-APR-2024,23.162159512676,5957,3C279,0.2489130795002,348600,AP-S304-F102,0.24592833220959,0.24592833220959,899.69598388672,271.85000610352
08-APR-2024,23.327298398235,5962,3C273,0.34205821156502,336600,AP-S301-F101,0.28211089968681,0.28211089968681,613.13323974609,271.45001220703
08-APR-2024,23.327298398235,5962,3C273,0.34205821156502,336600,AP-S302-F101,0.2818441092968,0.2818441092968,628.79608154297,271.45001220703
08-APR-2024,23.327298398235,5962,3C273,0.34205821156502,348600,AP-S303-F102,0.28212234377861,0.28212234377861,674.62573242187,271.45001220703
08-APR-2024,23.327298398235,5962,3C273,0.34205821156502,348600,AP-S304-F102,0.28106597065926,0.28106597065926,687.46203613281,271.45001220703
08-APR-2024,23.343270622036,5966,3C273,0.34584668278694,336600,AP-S301-F101,0.28211089968681,0.28211089968681,613.13323974609,271.45001220703
08-APR-2024,23.343270622036,5966,3C273,0.34584668278694,336600,AP-S302-F101,0.2818441092968,0.2818441092968,628.79608154297,271.45001220703
08-APR-2024,23.343270622036,5966,3C273,0.34584668278694,348600,AP-S303-F102,0.28212234377861,0.28212234377861,674.62573242187,271.45001220703
08-APR-2024,23.343270622036,5966,3C273,0.34584668278694,348600,AP-S304-F102,0.28106597065926,0.28106597065926,687.46203613281,271.45001220703
08-APR-2024,23.352437287968,5966,3C273,0.3480204641819,336600,AP-S301-F101,0.28211089968681,0.28211089968681,613.13323974609,271.45001220703
08-APR-2024,23.352437287968,5966,3C273,0.3480204641819,336600,AP-S302-F101,0.2818441092968,0.2818441092968,628.79608154297,271.45001220703
08-APR-2024,23.352437287968,5966,3C273,0.3480204641819,348600,AP-S303-F102,0.28212234377861,0.28212234377861,674.62573242187,271.45001220703
08-APR-2024,23.352437287968,5966,3C273,0.3480204641819,348600,AP-S304-F102,0.28106597065926,0.28106597065926,687.46203613281,271.45001220703
08-APR-2024,23.361881731042,5966,3C273,0.35025957226753,336600,AP-S301-F101,0.28211089968681,0.28211089968681,613.13323974609,271.45001220703
08-APR-2024,23.361881731042,5966,3C273,0.35025957226753,336600,AP-S302-F101,0.2818441092968,0.2818441092968,628.79608154297,271.45001220703
08-APR-2024,23.361881731042,5966,3C273,0.35025957226753,348600,AP-S303-F102,0.28212234377861,0.28212234377861,674.62573242187,271.45001220703
08-APR-2024,23.361881731042,5966,3C273,0.35025957226753,348600,AP-S304-F102,0.28106597065926,0.28106597065926,687.46203613281,271.45001220703
08-APR-2024,23.421187286211,5971,M87,0.27554684877396,336600,AP-S301-F101,0.27784490585327,0.27784490585327,782.79608154297,271.35000610352
08-APR-2024,23.421187286211,5971,M87,0.27554684877396,336600,AP-S302-F101,0.27804264426231,0.27804264426231,805.03009033203,271.35000610352
08-APR-2024,23.421187286211,5971,M87,0.27554684877396,348600,AP-S303-F102,0.27812039852142,0.27812039852142,860.32928466797,271.35000610352
08-APR-2024,23.421187286211,5971,M87,0.27554684877396,348600,AP-S304-F102,0.27774718403816,0.27774718403816,877.58587646484,271.35000610352
08-APR-2024,23.444103951303,5975,M87,0.28071075677872,336600,AP-S301-F101,0.27784490585327,0.27784490585327,782.79608154297,271.35000610352
08-APR-2024,23.444103951303,5975,M87,0.28071075677872,336600,AP-S302-F101,0.27804264426231,0.27804264426231,805.03009033203,271.35000610352
08-APR-2024,23.444103951303,5975,M87,0.28071075677872,348600,AP-S303-F102,0.27812039852142,0.27812039852142,860.32928466797,271.35000610352
08-APR-2024,23.444103951303,5975,M87,0.28071075677872,348600,AP-S304-F102,0.27774718403816,0.27774718403816,877.58587646484,271.35000610352
08-APR-2024,23.453270617584,5975,M87,0.28277468681335,336600,AP-S301-F101,0.27784490585327,0.27784490585327,782.79608154297,271.35000610352
08-APR-2024,23.453270617584,5975,M87,0.28277468681335,336600,AP-S302-F101,0.27804264426231,0.27804264426231,805.03009033203,271.35000610352
08-APR-2024,23.453270617584,5975,M87,0.28277468681335,348600,AP-S303-F102,0.27812039852142,0.27812039852142,860.32928466797,271.35000610352
08-APR-2024,23.453270617584,5975,M87,0.28277468681335,348600,AP-S304-F102,0.27774718403816,0.27774718403816,877.58587646484,271.35000610352
08-APR-2024,23.462437286135,5975,M87,0.28483763337135,336600,AP-S301-F101,0.27784490585327,0.27784490585327,782.79608154297,271.35000610352
08-APR-2024,23.462437286135,5975,M87,0.28483763337135,336600,AP-S302-F101,0.27804264426231,0.27804264426231,805.03009033203,271.35000610352
08-APR-2024,23.462437286135,5975,M87,0.28483763337135,348600,AP-S303-F102,0.27812039852142,0.27812039852142,860.32928466797,271.35000610352
08-APR-2024,23.462437286135,5975,M87,0.28483763337135,348600,AP-S304-F102,0.27774718403816,0.27774718403816,877.58587646484,271.35000610352
08-APR-2024,23.471603952416,5975,M87,0.286899715662,336600,AP-S301-F101,0.27784490585327,0.27784490585327,782.79608154297,271.35000610352
08-APR-2024,23.471603952416,5975,M87,0.286899715662,336600,AP-S302-F101,0.27804264426231,0.27804264426231,805.03009033203,271.35000610352
08-APR-2024,23.471603952416,5975,M87,0.286899715662,348600,AP-S303-F102,0.27812039852142,0.27812039852142,860.32928466797,271.35000610352
08-APR-2024,23.471603952416,5975,M87,0.286899715662,348600,AP-S304-F102,0.27774718403816,0.27774718403816,877.58587646484,271.35000610352
08-APR-2024,23.530770617006,5978,M87,0.30018627643585,336600,AP-S301-F101,0.27928793430328,0.27928793430328,705.9638671875,271.35000610352
08-APR-2024,23.530770617006,5978,M87,0.30018627643585,336600,AP-S302-F101,0.27802750468254,0.27802750468254,720.63885498047,271.35000610352
08-APR-2024,23.530770617006,5978,M87,0.30018627643585,348600,AP-S303-F102,0.27929672598839,0.27929672598839,776.61407470703,271.35000610352
08-APR-2024,23.530770617006,5978,M87,0.30018627643585,348600,AP-S304-F102,0.27800098061562,0.27800098061562,787.9365234375,271.35000610352
08-APR-2024,23.56104839495,5982,M87,0.30696934461594,336600,AP-S301-F101,0.27928793430328,0.27928793430328,705.9638671875,271.35000610352
08-APR-2024,23.56104839495,5982,M87,0.30696934461594,336600,AP-S302-F101,0.27802750468254,0.27802750468254,720.63885498047,271.35000610352
08-APR-2024,23.56104839495,5982,M87,0.30696934461594,348600,AP-S303-F102,0.27929672598839,0.27929672598839,776.61407470703,271.35000610352
08-APR-2024,23.56104839495,5982,M87,0.30696934461594,348600,AP-S304-F102,0.27800098061562,0.27800098061562,787.9365234375,271.35000610352
08-APR-2024,23.570215063326,5982,M87,0.30902081727982,336600,AP-S301-F101,0.27928793430328,0.27928793430328,705.9638671875,271.35000610352
08-APR-2024,23.570215063326,5982,M87,0.30902081727982,336600,AP-S302-F101,0.27802750468254,0.27802750468254,720.63885498047,271.35000610352
08-APR-2024,23.570215063326,5982,M87,0.30902081727982,348600,AP-S303-F102,0.27929672598839,0.27929672598839,776.61407470703,271.35000610352
08-APR-2024,23.570215063326,5982,M87,0.30902081727982,348600,AP-S304-F102,0.27800098061562,0.27800098061562,787.9365234375,271.35000610352
08-APR-2024,23.579381729782,5982,M87,0.31107130646706,336600,AP-S301-F101,0.27928793430328,0.27928793430328,705.9638671875,271.35000610352
08-APR-2024,23.579381729782,5982,M87,0.31107130646706,336600,AP-S302-F101,0.27802750468254,0.27802750468254,720.63885498047,271.35000610352
08-APR-2024,23.579381729782,5982,M87,0.31107130646706,348600,AP-S303-F102,0.27929672598839,0.27929672598839,776.61407470703,271.35000610352
08-APR-2024,23.579381729782,5982,M87,0.31107130646706,348600,AP-S304-F102,0.27800098061562,0.27800098061562,787.9365234375,271.35000610352
08-APR-2024,23.588548398333,5982,M87,0.31312078237534,336600,AP-S301-F101,0.27928793430328,0.27928793430328,705.9638671875,271.35000610352
08-APR-2024,23.588548398333,5982,M87,0.31312078237534,336600,AP-S302-F101,0.27802750468254,0.27802750468254,720.63885498047,271.35000610352
08-APR-2024,23.588548398333,5982,M87,0.31312078237534,348600,AP-S303-F102,0.27929672598839,0.27929672598839,776.61407470703,271.35000610352
08-APR-2024,23.588548398333,5982,M87,0.31312078237534,348600,AP-S304-F102,0.27800098061562,0.27800098061562,787.9365234375,271.35000610352
08-APR-2024,23.653687282558,5987,3C279,0.36765286326408,336600,AP-S301-F101,0.258136510849,0.258136510849,511.3349609375,271.04998779297
08-APR-2024,23.653687282558,5987,3C279,0.36765286326408,336600,AP-S302-F101,0.25749278068542,0.25749278068542,525.77087402344,271.04998779297
08-APR-2024,23.653687282558,5987,3C279,0.36765286326408,348600,AP-S303-F102,0.25832787156105,0.25832787156105,566.31762695312,271.04998779297
08-APR-2024,23.653687282558,5987,3C279,0.36765286326408,348600,AP-S304-F102,0.25707364082336,0.25707364082336,577.39038085937,271.04998779297
08-APR-2024,23.677159506473,5991,3C279,0.37331900000572,336600,AP-S301-F101,0.258136510849,0.258136510849,511.3349609375,271.04998779297
08-APR-2024,23.677159506473,5991,3C279,0.37331900000572,336600,AP-S302-F101,0.25749278068542,0.25749278068542,525.77087402344,271.04998779297
08-APR-2024,23.677159506473,5991,3C279,0.37331900000572,348600,AP-S303-F102,0.25832787156105,0.25832787156105,566.31762695312,271.04998779297
08-APR-2024,23.677159506473,5991,3C279,0.37331900000572,348600,AP-S304-F102,0.25707364082336,0.25707364082336,577.39038085937,271.04998779297
08-APR-2024,23.686326175199,5991,3C279,0.37553158402443,336600,AP-S301-F101,0.258136510849,0.258136510849,511.3349609375,271.04998779297
08-APR-2024,23.686326175199,5991,3C279,0.37553158402443,336600,AP-S302-F101,0.25749278068542,0.25749278068542,525.77087402344,271.04998779297
08-APR-2024,23.686326175199,5991,3C279,0.37553158402443,348600,AP-S303-F102,0.25832787156105,0.25832787156105,566.31762695312,271.04998779297
08-APR-2024,23.686326175199,5991,3C279,0.37553158402443,348600,AP-S304-F102,0.25707364082336,0.25707364082336,577.39038085937,271.04998779297
08-APR-2024,23.695492840956,5991,3C279,0.37774410843849,336600,AP-S301-F101,0.258136510849,0.258136510849,511.3349609375,271.04998779297
08-APR-2024,23.695492840956,5991,3C279,0.37774410843849,336600,AP-S302-F101,0.25749278068542,0.25749278068542,525.77087402344,271.04998779297
08-APR-2024,23.695492840956,5991,3C279,0.37774410843849,348600,AP-S303-F102,0.25832787156105,0.25832787156105,566.31762695312,271.04998779297
08-APR-2024,23.695492840956,5991,3C279,0.37774410843849,348600,AP-S304-F102,0.25707364082336,0.25707364082336,577.39038085937,271.04998779297
08-APR-2024,23.861835393294,6000,3C273,0.46797490119934,336600,AP-S301-F101,0.25824552774429,0.25824552774429,406.42114257812,270.75
08-APR-2024,23.861835393294,6000,3C273,0.46797490119934,336600,AP-S302-F101,0.25734269618988,0.25734269618988,419.67263793945,270.75
08-APR-2024,23.861835393294,6000,3C273,0.46797490119934,348600,AP-S303-F102,0.25806999206543,0.25806999206543,452.48837280273,270.75
08-APR-2024,23.861835393294,6000,3C273,0.46797490119934,348600,AP-S304-F102,0.25692355632782,0.25692355632782,463.41577148437,270.75
08-APR-2024,23.887252058947,6004,3C273,0.4739100933075,336600,AP-S301-F101,0.25824552774429,0.25824552774429,406.42114257812,270.75
08-APR-2024,23.887252058947,6004,3C273,0.4739100933075,336600,AP-S302-F101,0.25734269618988,0.25734269618988,419.67263793945,270.75
08-APR-2024,23.887252058947,6004,3C273,0.4739100933075,348600,AP-S303-F102,0.25806999206543,0.25806999206543,452.48837280273,270.75
08-APR-2024,23.887252058947,6004,3C273,0.4739100933075,348600,AP-S304-F102,0.25692355632782,0.25692355632782,463.41577148437,270.75
08-APR-2024,23.954335390673,6009,M87,0.39401090145111,336600,AP-S301-F101,0.26835891604424,0.26835891604424,496.10214233398,270.45001220703
08-APR-2024,23.954335390673,6009,M87,0.39401090145111,336600,AP-S302-F101,0.26781558990479,0.26781558990479,510.6789855957,270.45001220703
08-APR-2024,23.954335390673,6009,M87,0.39401090145111,348600,AP-S303-F102,0.26778766512871,0.26778766512871,547.95617675781,270.45001220703
08-APR-2024,23.954335390673,6009,M87,0.39401090145111,348600,AP-S304-F102,0.26721689105034,0.26721689105034,560.46124267578,270.45001220703
08-APR-2024,23.99002983484,6013,M87,0.40180265903473,336600,AP-S301-F101,0.26835891604424,0.26835891604424,496.10214233398,270.45001220703
08-APR-2024,23.99002983484,6013,M87,0.40180265903473,336600,AP-S302-F101,0.26781558990479,0.26781558990479,510.6789855957,270.45001220703
08-APR-2024,23.99002983484,6013,M87,0.40180265903473,348600,AP-S303-F102,0.26778766512871,0.26778766512871,547.95617675781,270.45001220703
08-APR-2024,23.99002983484,6013,M87,0.40180265903473,348600,AP-S304-F102,0.26721689105034,0.26721689105034,560.46124267578,270.45001220703
09-APR-2024,0.064057832988266,6016,M87,0.41790214180946,336600,AP-S301-F101,0.25769934058189,0.25769934058189,449.01553344727,270.54998779297
09-APR-2024,0.064057832988266,6016,M87,0.41790214180946,336600,AP-S302-F101,0.25754699110985,0.25754699110985,463.74252319336,270.54998779297
09-APR-2024,0.064057832988266,6016,M87,0.41790214180946,348600,AP-S303-F102,0.25746119022369,0.25746119022369,498.19281005859,270.54998779297
09-APR-2024,0.064057832988266,6016,M87,0.41790214180946,348600,AP-S304-F102,0.25700852274895,0.25700852274895,510.69836425781,270.54998779297
09-APR-2024,0.10697449942905,6020,M87,0.42719447612762,336600,AP-S301-F101,0.25769934058189,0.25769934058189,449.01553344727,270.54998779297
09-APR-2024,0.10697449942905,6020,M87,0.42719447612762,336600,AP-S302-F101,0.25754699110985,0.25754699110985,463.74252319336,270.54998779297
09-APR-2024,0.10697449942905,6020,M87,0.42719447612762,348600,AP-S303-F102,0.25746119022369,0.25746119022369,498.19281005859,270.54998779297
09-APR-2024,0.10697449942905,6020,M87,0.42719447612762,348600,AP-S304-F102,0.25700852274895,0.25700852274895,510.69836425781,270.54998779297
09-APR-2024,0.18739116311755,6025,3C279,0.49625691771507,336600,AP-S301-F101,0.22480061650276,0.22480061650276,344.13681030273,270.25
09-APR-2024,0.18739116311755,6025,3C279,0.49625691771507,336600,AP-S302-F101,0.22383271157742,0.22383271157742,355.2516784668,270.25
09-APR-2024,0.18739116311755,6025,3C279,0.49625691771507,348600,AP-S303-F102,0.22462964057922,0.22462964057922,385.31353759766,270.25
09-APR-2024,0.18739116311755,6025,3C279,0.49625691771507,348600,AP-S304-F102,0.22337268292904,0.22337268292904,393.92724609375,270.25
09-APR-2024,0.21919672258703,6029,3C279,0.50390034914017,336600,AP-S301-F101,0.22480061650276,0.22480061650276,344.13681030273,270.25
09-APR-2024,0.21919672258703,6029,3C279,0.50390034914017,336600,AP-S302-F101,0.22383271157742,0.22383271157742,355.2516784668,270.25
09-APR-2024,0.21919672258703,6029,3C279,0.50390034914017,348600,AP-S303-F102,0.22462964057922,0.22462964057922,385.31353759766,270.25
09-APR-2024,0.21919672258703,6029,3C279,0.50390034914017,348600,AP-S304-F102,0.22337268292904,0.22337268292904,393.92724609375,270.25
09-APR-2024,0.37850227524821,6034,3C273,0.587422311306,336600,AP-S301-F101,0.23352243006229,0.23352243006229,315.00732421875,270.25
09-APR-2024,0.37850227524821,6034,3C273,0.587422311306,336600,AP-S302-F101,0.23220284283161,0.23220284283161,325.55502319336,270.25
09-APR-2024,0.37850227524821,6034,3C273,0.587422311306,348600,AP-S303-F102,0.2337242513895,0.2337242513895,353.9091796875,270.25
09-APR-2024,0.37850227524821,6034,3C273,0.587422311306,348600,AP-S304-F102,0.23234121501446,0.23234121501446,362.32754516602,270.25
09-APR-2024,0.40197449724235,6038,3C273,0.59277975559235,336600,AP-S301-F101,0.23352243006229,0.23352243006229,315.00732421875,270.25
09-APR-2024,0.40197449724235,6038,3C273,0.59277975559235,336600,AP-S302-F101,0.23220284283161,0.23220284283161,325.55502319336,270.25
09-APR-2024,0.40197449724235,6038,3C273,0.59277975559235,348600,AP-S303-F102,0.2337242513895,0.2337242513895,353.9091796875,270.25
09-APR-2024,0.40197449724235,6038,3C273,0.59277975559235,348600,AP-S304-F102,0.23234121501446,0.23234121501446,362.32754516602,270.25
09-APR-2024,0.47016894015411,6043,M87,0.50455284118652,336600,AP-S301-F101,0.2518145442009,0.2518145442009,373.6813659668,270.04998779297
09-APR-2024,0.47016894015411,6043,M87,0.50455284118652,336600,AP-S302-F101,0.25058403611183,0.25058403611183,384.60833740234,270.04998779297
09-APR-2024,0.47016894015411,6043,M87,0.50455284118652,348600,AP-S303-F102,0.25168704986572,0.25168704986572,417.45755004883,270.04998779297
09-APR-2024,0.47016894015411,6043,M87,0.50455284118652,348600,AP-S304-F102,0.24997818470001,0.24997818470001,426.09286499023,270.04998779297
09-APR-2024,0.50697449550804,6047,M87,0.51225084066391,336600,AP-S301-F101,0.2518145442009,0.2518145442009,373.6813659668,270.04998779297
09-APR-2024,0.50697449550804,6047,M87,0.51225084066391,336600,AP-S302-F101,0.25058403611183,0.25058403611183,384.60833740234,270.04998779297
09-APR-2024,0.50697449550804,6047,M87,0.51225084066391,348600,AP-S303-F102,0.25168704986572,0.25168704986572,417.45755004883,270.04998779297
09-APR-2024,0.50697449550804,6047,M87,0.51225084066391,348600,AP-S304-F102,0.24997818470001,0.24997818470001,426.09286499023,270.04998779297
09-APR-2024,0.61128005083222,6052,OJ287,0.81488156318665,336600,AP-S301-F101,0.22245800495148,0.22245800495148,252.68069458008,270.25
09-APR-2024,0.61128005083222,6052,OJ287,0.81488156318665,336600,AP-S302-F101,0.22184988856316,0.22184988856316,262.94262695312,270.25
09-APR-2024,0.61128005083222,6052,OJ287,0.81488156318665,348600,AP-S303-F102,0.2228154540062,0.2228154540062,287.50289916992,270.25
09-APR-2024,0.61128005083222,6052,OJ287,0.81488156318665,348600,AP-S304-F102,0.22352339327335,0.22352339327335,295.86553955078,270.25
09-APR-2024,0.63641893742268,6056,OJ287,0.81411063671112,336600,AP-S301-F101,0.22245800495148,0.22245800495148,252.68069458008,270.25
09-APR-2024,0.63641893742268,6056,OJ287,0.81411063671112,336600,AP-S302-F101,0.22184988856316,0.22184988856316,262.94262695312,270.25
09-APR-2024,0.63641893742268,6056,OJ287,0.81411063671112,348600,AP-S303-F102,0.2228154540062,0.2228154540062,287.50289916992,270.25
09-APR-2024,0.63641893742268,6056,OJ287,0.81411063671112,348600,AP-S304-F102,0.22352339327335,0.22352339327335,295.86553955078,270.25
09-APR-2024,0.84504277022832,6064,3C273,0.69247579574585,336600,AP-S301-F101,0.23930864036083,0.23930864036083,289.30783081055,269.85000610352
09-APR-2024,0.84504277022832,6064,3C273,0.69247579574585,336600,AP-S302-F101,0.23832501471043,0.23832501471043,299.40893554688,269.85000610352
09-APR-2024,0.84504277022832,6064,3C273,0.69247579574585,348600,AP-S303-F102,0.23924803733826,0.23924803733826,327.03125,269.85000610352
09-APR-2024,0.84504277022832,6064,3C273,0.69247579574585,348600,AP-S304-F102,0.23865495622158,0.23865495622158,334.27239990234,269.85000610352
09-APR-2024,0.86934832748921,6068,3C273,0.69785439968109,336600,AP-S301-F101,0.23930864036083,0.23930864036083,289.30783081055,269.85000610352
09-APR-2024,0.86934832748921,6068,3C273,0.69785439968109,336600,AP-S302-F101,0.23832501471043,0.23832501471043,299.40893554688,269.85000610352
09-APR-2024,0.86934832748921,6068,3C273,0.69785439968109,348600,AP-S303-F102,0.23924803733826,0.23924803733826,327.03125,269.85000610352
09-APR-2024,0.86934832748921,6068,3C273,0.69785439968109,348600,AP-S304-F102,0.23865495622158,0.23865495622158,334.27239990234,269.85000610352
09-APR-2024,0.93726499867261,6073,M87,0.59998941421509,336600,AP-S301-F101,0.25280076265335,0.25280076265335,330.82110595703,269.54998779297
09-APR-2024,0.93726499867261,6073,M87,0.59998941421509,336600,AP-S302-F101,0.25224548578262,0.25224548578262,340.81716918945,269.54998779297
09-APR-2024,0.93726499867261,6073,M87,0.59998941421509,348600,AP-S303-F102,0.25240185856819,0.25240185856819,371.11505126953,269.54998779297
09-APR-2024,0.93726499867261,6073,M87,0.59998941421509,348600,AP-S304-F102,0.25254383683205,0.25254383683205,379.20132446289,269.54998779297
09-APR-2024,0.97351499432986,6077,M87,0.60716795921326,336600,AP-S301-F101,0.25280076265335,0.25280076265335,330.82110595703,269.54998779297
09-APR-2024,0.97351499432986,6077,M87,0.60716795921326,336600,AP-S302-F101,0.25224548578262,0.25224548578262,340.81716918945,269.54998779297
09-APR-2024,0.97351499432986,6077,M87,0.60716795921326,348600,AP-S303-F102,0.25240185856819,0.25240185856819,371.11505126953,269.54998779297
09-APR-2024,0.97351499432986,6077,M87,0.60716795921326,348600,AP-S304-F102,0.25254383683205,0.25254383683205,379.20132446289,269.54998779297
09-APR-2024,10.036214744629,6563,SGRA,1.3259037733078,336600,AP-S301-F101,0.073786340653896,0.073786340653896,149.87059020996,271.54998779297
09-APR-2024,10.036214744629,6563,SGRA,1.3259037733078,336600,AP-S302-F101,0.075299806892872,0.075299806892872,159.91427612305,271.54998779297
09-APR-2024,10.036214744629,6563,SGRA,1.3259037733078,348600,AP-S303-F102,0.077630393207073,0.077630393207073,177.28294372559,271.54998779297
09-APR-2024,10.036214744629,6563,SGRA,1.3259037733078,348600,AP-S304-F102,0.08137035369873,0.08137035369873,185.4588470459,271.54998779297
09-APR-2024,10.293436968053,6568,J1924-2914,1.419150352478,336600,AP-S301-F101,0.072382435202599,0.072382435202599,148.7064666748,271.25
09-APR-2024,10.293436968053,6568,J1924-2914,1.419150352478,336600,AP-S302-F101,0.074066303670406,0.074066303670406,158.86166381836,271.25
09-APR-2024,10.293436968053,6568,J1924-2914,1.419150352478,348600,AP-S303-F102,0.075749829411507,0.075749829411507,176.15077209473,271.25
09-APR-2024,10.293436968053,6568,J1924-2914,1.419150352478,348600,AP-S304-F102,0.079462498426437,0.079462498426437,184.33547973633,271.25
09-APR-2024,10.318853634055,6572,J1924-2914,1.4232844114304,336600,AP-S301-F101,0.072382435202599,0.072382435202599,148.7064666748,271.25
09-APR-2024,10.318853634055,6572,J1924-2914,1.4232844114304,336600,AP-S302-F101,0.074066303670406,0.074066303670406,158.86166381836,271.25
09-APR-2024,10.318853634055,6572,J1924-2914,1.4232844114304,348600,AP-S303-F102,0.075749829411507,0.075749829411507,176.15077209473,271.25
09-APR-2024,10.318853634055,6572,J1924-2914,1.4232844114304,348600,AP-S304-F102,0.079462498426437,0.079462498426437,184.33547973633,271.25
09-APR-2024,10.427325854013,6577,J1751+0939,0.91810810565948,336600,AP-S301-F101,0.070414625108242,0.070414625108242,154.63565063477,271.25
09-APR-2024,10.427325854013,6577,J1751+0939,0.91810810565948,336600,AP-S302-F101,0.070492424070835,0.070492424070835,164.14433288574,271.25
09-APR-2024,10.427325854013,6577,J1751+0939,0.91810810565948,348600,AP-S303-F102,0.073375433683395,0.073375433683395,182.62886047363,271.25
09-APR-2024,10.427325854013,6577,J1751+0939,0.91810810565948,348600,AP-S304-F102,0.073148548603058,0.073148548603058,188.84100341797,271.25
09-APR-2024,10.452186966256,6581,J1751+0939,0.91496670246124,336600,AP-S301-F101,0.070414625108242,0.070414625108242,154.63565063477,271.25
09-APR-2024,10.452186966256,6581,J1751+0939,0.91496670246124,336600,AP-S302-F101,0.070492424070835,0.070492424070835,164.14433288574,271.25
09-APR-2024,10.452186966256,6581,J1751+0939,0.91496670246124,348600,AP-S303-F102,0.073375433683395,0.073375433683395,182.62886047363,271.25
09-APR-2024,10.452186966256,6581,J1751+0939,0.91496670246124,348600,AP-S304-F102,0.073148548603058,0.073148548603058,188.84100341797,271.25
09-APR-2024,1.047542775727,6080,M87,0.62171739339828,336600,AP-S301-F101,0.25810986757278,0.25810986757278,327.91589355469,268.95001220703
09-APR-2024,1.047542775727,6080,M87,0.62171739339828,336600,AP-S302-F101,0.25690099596977,0.25690099596977,336.99725341797,268.95001220703
09-APR-2024,1.047542775727,6080,M87,0.62171739339828,348600,AP-S303-F102,0.25834134221077,0.25834134221077,368.29998779297,268.95001220703
09-APR-2024,1.047542775727,6080,M87,0.62171739339828,348600,AP-S304-F102,0.25680154561996,0.25680154561996,375.01495361328,268.95001220703
09-APR-2024,10.560381409247,6586,SGRA,1.2106664180756,336600,AP-S301-F101,0.07057198882103,0.07057198882103,149.64619445801,271.35000610352
09-APR-2024,10.560381409247,6586,SGRA,1.2106664180756,336600,AP-S302-F101,0.072063744068146,0.072063744068146,159.56480407715,271.35000610352
09-APR-2024,10.560381409247,6586,SGRA,1.2106664180756,348600,AP-S303-F102,0.075202912092209,0.075202912092209,177.46771240234,271.35000610352
09-APR-2024,10.560381409247,6586,SGRA,1.2106664180756,348600,AP-S304-F102,0.077096454799175,0.077096454799175,185.09437561035,271.35000610352
09-APR-2024,10.636909184221,6590,SGRA,1.1934317350388,336600,AP-S301-F101,0.07057198882103,0.07057198882103,149.64619445801,271.35000610352
09-APR-2024,10.636909184221,6590,SGRA,1.1934317350388,336600,AP-S302-F101,0.072063744068146,0.072063744068146,159.56480407715,271.35000610352
09-APR-2024,10.636909184221,6590,SGRA,1.1934317350388,348600,AP-S303-F102,0.075202912092209,0.075202912092209,177.46771240234,271.35000610352
09-APR-2024,10.636909184221,6590,SGRA,1.1934317350388,348600,AP-S304-F102,0.077096454799175,0.077096454799175,185.09437561035,271.35000610352
09-APR-2024,1.0896261032339,6084,M87,0.62991583347321,336600,AP-S301-F101,0.25810986757278,0.25810986757278,327.91589355469,268.95001220703
09-APR-2024,1.0896261032339,6084,M87,0.62991583347321,336600,AP-S302-F101,0.25690099596977,0.25690099596977,336.99725341797,268.95001220703
09-APR-2024,1.0896261032339,6084,M87,0.62991583347321,348600,AP-S303-F102,0.25834134221077,0.25834134221077,368.29998779297,268.95001220703
09-APR-2024,1.0896261032339,6084,M87,0.62991583347321,348600,AP-S304-F102,0.25680154561996,0.25680154561996,375.01495361328,268.95001220703
09-APR-2024,10.994733149643,6599,J1751+0939,0.83590406179428,336600,AP-S301-F101,0.067921005189419,0.067921005189419,156.21710205078,272.85000610352
09-APR-2024,10.994733149643,6599,J1751+0939,0.83590406179428,336600,AP-S302-F101,0.067245922982693,0.067245922982693,164.87048339844,272.85000610352
09-APR-2024,10.994733149643,6599,J1751+0939,0.83590406179428,348600,AP-S303-F102,0.070280835032463,0.070280835032463,183.2020111084,272.85000610352
09-APR-2024,10.994733149643,6599,J1751+0939,0.83590406179428,348600,AP-S304-F102,0.068948023021221,0.068948023021221,190.06893920898,272.85000610352
09-APR-2024,11.018760924698,6603,J1751+0939,0.83198934793472,336600,AP-S301-F101,0.067921005189419,0.067921005189419,156.21710205078,272.85000610352
09-APR-2024,11.018760924698,6603,J1751+0939,0.83198934793472,336600,AP-S302-F101,0.067245922982693,0.067245922982693,164.87048339844,272.85000610352
09-APR-2024,11.018760924698,6603,J1751+0939,0.83198934793472,348600,AP-S303-F102,0.070280835032463,0.070280835032463,183.2020111084,272.85000610352
09-APR-2024,11.018760924698,6603,J1751+0939,0.83198934793472,348600,AP-S304-F102,0.068948023021221,0.068948023021221,190.06893920898,272.85000610352
09-APR-2024,11.127233148498,6608,SGRA,1.0819722414017,336600,AP-S301-F101,0.06855970621109,0.06855970621109,150.77899169922,273.54998779297
09-APR-2024,11.127233148498,6608,SGRA,1.0819722414017,336600,AP-S302-F101,0.069454282522202,0.069454282522202,160.51820373535,273.54998779297
09-APR-2024,11.127233148498,6608,SGRA,1.0819722414017,348600,AP-S303-F102,0.072735950350761,0.072735950350761,178.62324523926,273.54998779297
09-APR-2024,11.127233148498,6608,SGRA,1.0819722414017,348600,AP-S304-F102,0.073417991399765,0.073417991399765,185.92431640625,273.54998779297
09-APR-2024,11.202649815429,6612,SGRA,1.0647203922272,336600,AP-S301-F101,0.06855970621109,0.06855970621109,150.77899169922,273.54998779297
09-APR-2024,11.202649815429,6612,SGRA,1.0647203922272,336600,AP-S302-F101,0.069454282522202,0.069454282522202,160.51820373535,273.54998779297
09-APR-2024,11.202649815429,6612,SGRA,1.0647203922272,348600,AP-S303-F102,0.072735950350761,0.072735950350761,178.62324523926,273.54998779297
09-APR-2024,11.202649815429,6612,SGRA,1.0647203922272,348600,AP-S304-F102,0.073417991399765,0.073417991399765,185.92431640625,273.54998779297
09-APR-2024,11.413344258744,6615,SGRA,1.0164521932602,336600,AP-S301-F101,0.068571045994759,0.068571045994759,151.88679504395,274.14999389648
09-APR-2024,11.413344258744,6615,SGRA,1.0164521932602,336600,AP-S302-F101,0.069285452365875,0.069285452365875,161.30198669434,274.14999389648
09-APR-2024,11.413344258744,6615,SGRA,1.0164521932602,348600,AP-S303-F102,0.071874439716339,0.071874439716339,179.25833129883,274.14999389648
09-APR-2024,11.413344258744,6615,SGRA,1.0164521932602,348600,AP-S304-F102,0.072832740843296,0.072832740843296,186.57727050781,274.14999389648
09-APR-2024,11.502372031287,6619,SGRA,0.99603092670441,336600,AP-S301-F101,0.068571045994759,0.068571045994759,151.88679504395,274.14999389648
09-APR-2024,11.502372031287,6619,SGRA,0.99603092670441,336600,AP-S302-F101,0.069285452365875,0.069285452365875,161.30198669434,274.14999389648
09-APR-2024,11.502372031287,6619,SGRA,0.99603092670441,348600,AP-S303-F102,0.071874439716339,0.071874439716339,179.25833129883,274.14999389648
09-APR-2024,11.502372031287,6619,SGRA,0.99603092670441,348600,AP-S304-F102,0.072832740843296,0.072832740843296,186.57727050781,274.14999389648
09-APR-2024,1.1708761062055,6089,3C279,0.7305394411087,336600,AP-S301-F101,0.25434926152229,0.25434926152229,293.88357543945,269.64999389648
09-APR-2024,1.1708761062055,6089,3C279,0.7305394411087,336600,AP-S302-F101,0.25434359908104,0.25434359908104,303.541015625,269.64999389648
09-APR-2024,1.1708761062055,6089,3C279,0.7305394411087,348600,AP-S303-F102,0.25573521852493,0.25573521852493,332.3620300293,269.64999389648
09-APR-2024,1.1708761062055,6089,3C279,0.7305394411087,348600,AP-S304-F102,0.2541201710701,0.2541201710701,338.44223022461,269.64999389648
09-APR-2024,11.761122029776,6624,J1924-2914,1.308412194252,336600,AP-S301-F101,0.06965035200119,0.06965035200119,148.64376831055,275.04998779297
09-APR-2024,11.761122029776,6624,J1924-2914,1.308412194252,336600,AP-S302-F101,0.071799375116825,0.071799375116825,158.70346069336,275.04998779297
09-APR-2024,11.761122029776,6624,J1924-2914,1.308412194252,348600,AP-S303-F102,0.073817275464535,0.073817275464535,175.95700073242,275.04998779297
09-APR-2024,11.761122029776,6624,J1924-2914,1.308412194252,348600,AP-S304-F102,0.077134490013123,0.077134490013123,183.89753723145,275.04998779297
09-APR-2024,11.785427586687,6628,J1924-2914,1.3031929731369,336600,AP-S301-F101,0.06965035200119,0.06965035200119,148.64376831055,275.04998779297
09-APR-2024,11.785427586687,6628,J1924-2914,1.3031929731369,336600,AP-S302-F101,0.071799375116825,0.071799375116825,158.70346069336,275.04998779297
09-APR-2024,11.785427586687,6628,J1924-2914,1.3031929731369,348600,AP-S303-F102,0.073817275464535,0.073817275464535,175.95700073242,275.04998779297
09-APR-2024,11.785427586687,6628,J1924-2914,1.3031929731369,348600,AP-S304-F102,0.077134490013123,0.077134490013123,183.89753723145,275.04998779297
09-APR-2024,11.893899808392,6633,SGRA,0.90616458654404,336600,AP-S301-F101,0.069770611822605,0.069770611822605,154.93614196777,275.35000610352
09-APR-2024,11.893899808392,6633,SGRA,0.90616458654404,336600,AP-S302-F101,0.069271363317966,0.069271363317966,164.16143798828,275.35000610352
09-APR-2024,11.893899808392,6633,SGRA,0.90616458654404,348600,AP-S303-F102,0.072409711778164,0.072409711778164,182.81117248535,275.35000610352
09-APR-2024,11.893899808392,6633,SGRA,0.90616458654404,348600,AP-S304-F102,0.071843698620796,0.071843698620796,189.23327636719,275.35000610352
09-APR-2024,11.967927584725,6637,SGRA,0.88917487859726,336600,AP-S301-F101,0.069770611822605,0.069770611822605,154.93614196777,275.35000610352
09-APR-2024,11.967927584725,6637,SGRA,0.88917487859726,336600,AP-S302-F101,0.069271363317966,0.069271363317966,164.16143798828,275.35000610352
09-APR-2024,11.967927584725,6637,SGRA,0.88917487859726,348600,AP-S303-F102,0.072409711778164,0.072409711778164,182.81117248535,275.35000610352
09-APR-2024,11.967927584725,6637,SGRA,0.88917487859726,348600,AP-S304-F102,0.071843698620796,0.071843698620796,189.23327636719,275.35000610352
09-APR-2024,1.2026816579916,6093,3C279,0.73801440000534,336600,AP-S301-F101,0.25434926152229,0.25434926152229,293.88357543945,269.64999389648
09-APR-2024,1.2026816579916,6093,3C279,0.73801440000534,336600,AP-S302-F101,0.25434359908104,0.25434359908104,303.541015625,269.64999389648
09-APR-2024,1.2026816579916,6093,3C279,0.73801440000534,348600,AP-S303-F102,0.25573521852493,0.25573521852493,332.3620300293,269.64999389648
09-APR-2024,1.2026816579916,6093,3C279,0.73801440000534,348600,AP-S304-F102,0.2541201710701,0.2541201710701,338.44223022461,269.64999389648
09-APR-2024,12.46084410865,6653,SGRA,0.77620041370392,336600,AP-S301-F101,0.071026735007763,0.071026735007763,161.43402099609,276.04998779297
09-APR-2024,12.46084410865,6653,SGRA,0.77620041370392,336600,AP-S302-F101,0.06985854357481,0.06985854357481,169.00196838379,276.04998779297
09-APR-2024,12.46084410865,6653,SGRA,0.77620041370392,348600,AP-S303-F102,0.073570556938648,0.073570556938648,189.42317199707,276.04998779297
09-APR-2024,12.46084410865,6653,SGRA,0.77620041370392,348600,AP-S304-F102,0.071887843310833,0.071887843310833,194.02041625977,276.04998779297
09-APR-2024,12.535705218503,6657,SGRA,0.75907987356186,336600,AP-S301-F101,0.071026735007763,0.071026735007763,161.43402099609,276.04998779297
09-APR-2024,12.535705218503,6657,SGRA,0.75907987356186,336600,AP-S302-F101,0.06985854357481,0.06985854357481,169.00196838379,276.04998779297
09-APR-2024,12.535705218503,6657,SGRA,0.75907987356186,348600,AP-S303-F102,0.073570556938648,0.073570556938648,189.42317199707,276.04998779297
09-APR-2024,12.535705218503,6657,SGRA,0.75907987356186,348600,AP-S304-F102,0.071887843310833,0.071887843310833,194.02041625977,276.04998779297
09-APR-2024,12.746955217673,6660,SGRA,0.71083265542984,336600,AP-S301-F101,0.071255065500736,0.071255065500736,164.63500976563,275.75
09-APR-2024,12.746955217673,6660,SGRA,0.71083265542984,336600,AP-S302-F101,0.069606207311153,0.069606207311153,171.69648742676,275.75
09-APR-2024,12.746955217673,6660,SGRA,0.71083265542984,348600,AP-S303-F102,0.07318589836359,0.07318589836359,192.73127746582,275.75
09-APR-2024,12.746955217673,6660,SGRA,0.71083265542984,348600,AP-S304-F102,0.071172416210175,0.071172416210175,196.82034301758,275.75
09-APR-2024,12.835982993184,6664,SGRA,0.69053691625595,336600,AP-S301-F101,0.071255065500736,0.071255065500736,164.63500976563,275.75
09-APR-2024,12.835982993184,6664,SGRA,0.69053691625595,336600,AP-S302-F101,0.069606207311153,0.069606207311153,171.69648742676,275.75
09-APR-2024,12.835982993184,6664,SGRA,0.69053691625595,348600,AP-S303-F102,0.07318589836359,0.07318589836359,192.73127746582,275.75
09-APR-2024,12.835982993184,6664,SGRA,0.69053691625595,348600,AP-S304-F102,0.071172416210175,0.071172416210175,196.82034301758,275.75
09-APR-2024,13.093899658153,6669,J1924-2914,1.0088773965836,336600,AP-S301-F101,0.072787895798683,0.072787895798683,155.23179626465,276.04998779297
09-APR-2024,13.093899658153,6669,J1924-2914,1.0088773965836,336600,AP-S302-F101,0.072423070669174,0.072423070669174,163.41943359375,276.04998779297
09-APR-2024,13.093899658153,6669,J1924-2914,1.0088773965836,348600,AP-S303-F102,0.075865358114243,0.075865358114243,183.32594299316,276.04998779297
09-APR-2024,13.093899658153,6669,J1924-2914,1.0088773965836,348600,AP-S304-F102,0.076113112270832,0.076113112270832,188.76232910156,276.04998779297
09-APR-2024,13.11903854841,6673,J1924-2914,1.0031222105026,336600,AP-S301-F101,0.072787895798683,0.072787895798683,155.23179626465,276.04998779297
09-APR-2024,13.11903854841,6673,J1924-2914,1.0031222105026,336600,AP-S302-F101,0.072423070669174,0.072423070669174,163.41943359375,276.04998779297
09-APR-2024,13.11903854841,6673,J1924-2914,1.0031222105026,348600,AP-S303-F102,0.075865358114243,0.075865358114243,183.32594299316,276.04998779297
09-APR-2024,13.11903854841,6673,J1924-2914,1.0031222105026,348600,AP-S304-F102,0.076113112270832,0.076113112270832,188.76232910156,276.04998779297
09-APR-2024,13.3284365736,6681,J1751+0939,0.36485409736633,336600,AP-S301-F101,0.071102574467659,0.071102574467659,201.4249420166,276.75
09-APR-2024,13.3284365736,6681,J1751+0939,0.36485409736633,336600,AP-S302-F101,0.069935776293278,0.069935776293278,210.16270446777,276.75
09-APR-2024,13.3284365736,6681,J1751+0939,0.36485409736633,348600,AP-S303-F102,0.072542674839497,0.072542674839497,232.88774108887,276.75
09-APR-2024,13.3284365736,6681,J1751+0939,0.36485409736633,348600,AP-S304-F102,0.070685729384422,0.070685729384422,238.50386047363,276.75
09-APR-2024,13.352464350052,6685,J1751+0939,0.35942688584328,336600,AP-S301-F101,0.071102574467659,0.071102574467659,201.4249420166,276.75
09-APR-2024,13.352464350052,6685,J1751+0939,0.35942688584328,336600,AP-S302-F101,0.069935776293278,0.069935776293278,210.16270446777,276.75
09-APR-2024,13.352464350052,6685,J1751+0939,0.35942688584328,348600,AP-S303-F102,0.072542674839497,0.072542674839497,232.88774108887,276.75
09-APR-2024,13.352464350052,6685,J1751+0939,0.35942688584328,348600,AP-S304-F102,0.070685729384422,0.070685729384422,238.50386047363,276.75
09-APR-2024,13.460936571582,6690,SGRA,0.54878860712051,336600,AP-S301-F101,0.079081013798714,0.079081013798714,181.43531799316,277.04998779297
09-APR-2024,13.460936571582,6690,SGRA,0.54878860712051,336600,AP-S302-F101,0.077788881957531,0.077788881957531,189.87040710449,277.04998779297
09-APR-2024,13.460936571582,6690,SGRA,0.54878860712051,348600,AP-S303-F102,0.080088540911674,0.080088540911674,210.61756896973,277.04998779297
09-APR-2024,13.460936571582,6690,SGRA,0.54878860712051,348600,AP-S304-F102,0.078188702464104,0.078188702464104,216.01135253906,277.04998779297
09-APR-2024,1.3608760985936,6098,3C273,0.80403625965118,336600,AP-S301-F101,0.23455859720707,0.23455859720707,264.53091430664,270.14999389648
09-APR-2024,1.3608760985936,6098,3C273,0.80403625965118,336600,AP-S302-F101,0.23440808057785,0.23440808057785,273.89978027344,270.14999389648
09-APR-2024,1.3608760985936,6098,3C273,0.80403625965118,348600,AP-S303-F102,0.23510791361332,0.23510791361332,300.08874511719,270.14999389648
09-APR-2024,1.3608760985936,6098,3C273,0.80403625965118,348600,AP-S304-F102,0.23550888895988,0.23550888895988,307.46298217773,270.14999389648
09-APR-2024,1.3851816556799,6102,3C273,0.80913692712784,336600,AP-S301-F101,0.23455859720707,0.23455859720707,264.53091430664,270.14999389648
09-APR-2024,1.3851816556799,6102,3C273,0.80913692712784,336600,AP-S302-F101,0.23440808057785,0.23440808057785,273.89978027344,270.14999389648
09-APR-2024,1.3851816556799,6102,3C273,0.80913692712784,348600,AP-S303-F102,0.23510791361332,0.23510791361332,300.08874511719,270.14999389648
09-APR-2024,1.3851816556799,6102,3C273,0.80913692712784,348600,AP-S304-F102,0.23550888895988,0.23550888895988,307.46298217773,270.14999389648
09-APR-2024,13.894362400163,6699,RAFGL1922,0.2900282740593,336600,AP-S301-F101,0.070123299956322,0.070123299956322,221.59638977051,277.35000610352
09-APR-2024,13.894362400163,6699,RAFGL1922,0.2900282740593,336600,AP-S302-F101,0.068919152021408,0.068919152021408,230.11282348633,277.35000610352
09-APR-2024,13.894362400163,6699,RAFGL1922,0.2900282740593,348600,AP-S303-F102,0.071225024759769,0.071225024759769,255.91470336914,277.35000610352
09-APR-2024,13.894362400163,6699,RAFGL1922,0.2900282740593,348600,AP-S304-F102,0.069917492568493,0.069917492568493,260.94827270508,277.35000610352
09-APR-2024,13.971167955247,6703,SGRA,0.43428847193718,336600,AP-S301-F101,0.070123299956322,0.070123299956322,221.59638977051,277.35000610352
09-APR-2024,13.971167955247,6703,SGRA,0.43428847193718,336600,AP-S302-F101,0.068919152021408,0.068919152021408,230.11282348633,277.35000610352
09-APR-2024,13.971167955247,6703,SGRA,0.43428847193718,348600,AP-S303-F102,0.071225024759769,0.071225024759769,255.91470336914,277.35000610352
09-APR-2024,13.971167955247,6703,SGRA,0.43428847193718,348600,AP-S304-F102,0.069917492568493,0.069917492568493,260.94827270508,277.35000610352
09-APR-2024,14.180751285629,6706,SGRA,0.38764959573746,336600,AP-S301-F101,0.080219574272633,0.080219574272633,207.68461608887,277.04998779297
09-APR-2024,14.180751285629,6706,SGRA,0.38764959573746,336600,AP-S302-F101,0.078783757984638,0.078783757984638,216.06927490234,277.04998779297
09-APR-2024,14.180751285629,6706,SGRA,0.38764959573746,348600,AP-S303-F102,0.081449173390865,0.081449173390865,239.71589660645,277.04998779297
09-APR-2024,14.180751285629,6706,SGRA,0.38764959573746,348600,AP-S304-F102,0.079530335962772,0.079530335962772,244.61940002441,277.04998779297
09-APR-2024,14.241167955303,6710,SGRA,0.37425553798676,336600,AP-S301-F101,0.080219574272633,0.080219574272633,207.68461608887,277.04998779297
09-APR-2024,14.241167955303,6710,SGRA,0.37425553798676,336600,AP-S302-F101,0.078783757984638,0.078783757984638,216.06927490234,277.04998779297
09-APR-2024,14.241167955303,6710,SGRA,0.37425553798676,348600,AP-S303-F102,0.081449173390865,0.081449173390865,239.71589660645,277.04998779297
09-APR-2024,14.241167955303,6710,SGRA,0.37425553798676,348600,AP-S304-F102,0.079530335962772,0.079530335962772,244.61940002441,277.04998779297
09-APR-2024,14.41102906362,6715,J1924-2914,0.70754146575928,336600,AP-S301-F101,0.10103499889374,0.10103499889374,183.16847229004,276.75
09-APR-2024,14.41102906362,6715,J1924-2914,0.70754146575928,336600,AP-S302-F101,0.098840840160847,0.098840840160847,191.99420166016,276.75
09-APR-2024,14.41102906362,6715,J1924-2914,0.70754146575928,348600,AP-S303-F102,0.10247890651226,0.10247890651226,212.60111999512,276.75
09-APR-2024,14.41102906362,6715,J1924-2914,0.70754146575928,348600,AP-S304-F102,0.10000774264336,0.10000774264336,218.31672668457,276.75
09-APR-2024,14.435890172371,6719,J1924-2914,0.70188045501709,336600,AP-S301-F101,0.10103499889374,0.10103499889374,183.16847229004,276.75
09-APR-2024,14.435890172371,6719,J1924-2914,0.70188045501709,336600,AP-S302-F101,0.098840840160847,0.098840840160847,191.99420166016,276.75
09-APR-2024,14.435890172371,6719,J1924-2914,0.70188045501709,348600,AP-S303-F102,0.10247890651226,0.10247890651226,212.60111999512,276.75
09-APR-2024,14.435890172371,6719,J1924-2914,0.70188045501709,348600,AP-S304-F102,0.10000774264336,0.10000774264336,218.31672668457,276.75
09-APR-2024,1.4542094310644,6107,M87,0.6985867023468,336600,AP-S301-F101,0.21234577894211,0.21234577894211,266.97579956055,270.54998779297
09-APR-2024,1.4542094310644,6107,M87,0.6985867023468,336600,AP-S302-F101,0.21160115301609,0.21160115301609,275.74105834961,270.54998779297
09-APR-2024,1.4542094310644,6107,M87,0.6985867023468,348600,AP-S303-F102,0.21274967491627,0.21274967491627,302.81671142578,270.54998779297
09-APR-2024,1.4542094310644,6107,M87,0.6985867023468,348600,AP-S304-F102,0.21228940784931,0.21228940784931,308.73361206055,270.54998779297
09-APR-2024,14.777564252395,6736,SGRA,0.25640174746513,336600,AP-S301-F101,0.081862449645996,0.081862449645996,260.04174804687,277.75
09-APR-2024,14.777564252395,6736,SGRA,0.25640174746513,336600,AP-S302-F101,0.080383896827698,0.080383896827698,267.1240234375,277.75
09-APR-2024,14.777564252395,6736,SGRA,0.25640174746513,348600,AP-S303-F102,0.083370760083199,0.083370760083199,298.51934814453,277.75
09-APR-2024,14.777564252395,6736,SGRA,0.25640174746513,348600,AP-S304-F102,0.081642292439938,0.081642292439938,302.55062866211,277.75
09-APR-2024,14.852703143756,6740,SGRA,0.24006770551205,336600,AP-S301-F101,0.081862449645996,0.081862449645996,260.04174804687,277.75
09-APR-2024,14.852703143756,6740,SGRA,0.24006770551205,336600,AP-S302-F101,0.080383896827698,0.080383896827698,267.1240234375,277.75
09-APR-2024,14.852703143756,6740,SGRA,0.24006770551205,348600,AP-S303-F102,0.083370760083199,0.083370760083199,298.51934814453,277.75
09-APR-2024,14.852703143756,6740,SGRA,0.24006770551205,348600,AP-S304-F102,0.081642292439938,0.081642292439938,302.55062866211,277.75
09-APR-2024,1.4896260996622,6111,M87,0.70500713586807,336600,AP-S301-F101,0.21234577894211,0.21234577894211,266.97579956055,270.54998779297
09-APR-2024,1.4896260996622,6111,M87,0.70500713586807,336600,AP-S302-F101,0.21160115301609,0.21160115301609,275.74105834961,270.54998779297
09-APR-2024,1.4896260996622,6111,M87,0.70500713586807,348600,AP-S303-F102,0.21274967491627,0.21274967491627,302.81671142578,270.54998779297
09-APR-2024,1.4896260996622,6111,M87,0.70500713586807,348600,AP-S304-F102,0.21228940784931,0.21228940784931,308.73361206055,270.54998779297
09-APR-2024,15.063953138735,6743,SGRA,0.1943756043911,336600,AP-S301-F101,0.090713031589985,0.090713031589985,337.05477905273,278.25
09-APR-2024,15.063953138735,6743,SGRA,0.1943756043911,336600,AP-S302-F101,0.089953817427158,0.089953817427158,345.1145324707,278.25
09-APR-2024,15.063953138735,6743,SGRA,0.1943756043911,348600,AP-S303-F102,0.092041149735451,0.092041149735451,383.01760864258,278.25
09-APR-2024,15.063953138735,6743,SGRA,0.1943756043911,348600,AP-S304-F102,0.091011099517345,0.091011099517345,387.92678833008,278.25
09-APR-2024,15.152147584568,6747,SGRA,0.1754232943058,336600,AP-S301-F101,0.090713031589985,0.090713031589985,337.05477905273,278.25
09-APR-2024,15.152147584568,6747,SGRA,0.1754232943058,336600,AP-S302-F101,0.089953817427158,0.089953817427158,345.1145324707,278.25
09-APR-2024,15.152147584568,6747,SGRA,0.1754232943058,348600,AP-S303-F102,0.092041149735451,0.092041149735451,383.01760864258,278.25
09-APR-2024,15.152147584568,6747,SGRA,0.1754232943058,348600,AP-S304-F102,0.091011099517345,0.091011099517345,387.92678833008,278.25
09-APR-2024,15.370064248584,6752,J1924-2914,0.49070256948471,336600,AP-S301-F101,0.11577073484659,0.11577073484659,225.49011230469,277.64999389648
09-APR-2024,15.370064248584,6752,J1924-2914,0.49070256948471,336600,AP-S302-F101,0.11379456520081,0.11379456520081,232.21144104004,277.64999389648
09-APR-2024,15.370064248584,6752,J1924-2914,0.49070256948471,348600,AP-S303-F102,0.1164121851325,0.1164121851325,258.58575439453,277.64999389648
09-APR-2024,15.370064248584,6752,J1924-2914,0.49070256948471,348600,AP-S304-F102,0.11377356946468,0.11377356946468,261.20098876953,277.64999389648
09-APR-2024,15.435342026356,6756,J1924-2914,0.47608417272568,336600,AP-S301-F101,0.11577073484659,0.11577073484659,225.49011230469,277.64999389648
09-APR-2024,15.435342026356,6756,J1924-2914,0.47608417272568,336600,AP-S302-F101,0.11379456520081,0.11379456520081,232.21144104004,277.64999389648
09-APR-2024,15.435342026356,6756,J1924-2914,0.47608417272568,348600,AP-S303-F102,0.1164121851325,0.1164121851325,258.58575439453,277.64999389648
09-APR-2024,15.435342026356,6756,J1924-2914,0.47608417272568,348600,AP-S304-F102,0.11377356946468,0.11377356946468,261.20098876953,277.64999389648
09-APR-2024,1.593931657955,6116,OJ287,0.74704796075821,336600,AP-S301-F101,0.17801752686501,0.17801752686501,232.35021972656,270.54998779297
09-APR-2024,1.593931657955,6116,OJ287,0.74704796075821,336600,AP-S302-F101,0.17700299620628,0.17700299620628,240.93618774414,270.54998779297
09-APR-2024,1.593931657955,6116,OJ287,0.74704796075821,348600,AP-S303-F102,0.17891871929169,0.17891871929169,265.32684326172,270.54998779297
09-APR-2024,1.593931657955,6116,OJ287,0.74704796075821,348600,AP-S304-F102,0.17775139212608,0.17775139212608,271.01556396484,270.54998779297
09-APR-2024,1.618792766356,6120,OJ287,0.74440801143646,336600,AP-S301-F101,0.17801752686501,0.17801752686501,232.35021972656,270.54998779297
09-APR-2024,1.618792766356,6120,OJ287,0.74440801143646,336600,AP-S302-F101,0.17700299620628,0.17700299620628,240.93618774414,270.54998779297
09-APR-2024,1.618792766356,6120,OJ287,0.74440801143646,348600,AP-S303-F102,0.17891871929169,0.17891871929169,265.32684326172,270.54998779297
09-APR-2024,1.618792766356,6120,OJ287,0.74440801143646,348600,AP-S304-F102,0.17775139212608,0.17775139212608,271.01556396484,270.54998779297
09-APR-2024,1.8273192325306,6128,3C273,0.89872473478317,336600,AP-S301-F101,0.13145783543587,0.13145783543587,189.21308898926,270.75
09-APR-2024,1.8273192325306,6128,3C273,0.89872473478317,336600,AP-S302-F101,0.13086722791195,0.13086722791195,198.13081359863,270.75
09-APR-2024,1.8273192325306,6128,3C273,0.89872473478317,348600,AP-S303-F102,0.13285093009472,0.13285093009472,219.42965698242,270.75
09-APR-2024,1.8273192325306,6128,3C273,0.89872473478317,348600,AP-S304-F102,0.13300779461861,0.13300779461861,225.57814025879,270.75
09-APR-2024,1.8519025643138,6132,3C273,0.9034988284111,336600,AP-S301-F101,0.13145783543587,0.13145783543587,189.21308898926,270.75
09-APR-2024,1.8519025643138,6132,3C273,0.9034988284111,336600,AP-S302-F101,0.13086722791195,0.13086722791195,198.13081359863,270.75
09-APR-2024,1.8519025643138,6132,3C273,0.9034988284111,348600,AP-S303-F102,0.13285093009472,0.13285093009472,219.42965698242,270.75
09-APR-2024,1.8519025643138,6132,3C273,0.9034988284111,348600,AP-S304-F102,0.13300779461861,0.13300779461861,225.57814025879,270.75
09-APR-2024,1.9206525677953,6137,M87,0.77896893024445,336600,AP-S301-F101,0.11741355806589,0.11741355806589,188.54704284668,269.04998779297
09-APR-2024,1.9206525677953,6137,M87,0.77896893024445,336600,AP-S302-F101,0.11587959527969,0.11587959527969,196.74267578125,269.04998779297
09-APR-2024,1.9206525677953,6137,M87,0.77896893024445,348600,AP-S303-F102,0.11840709298849,0.11840709298849,218.39883422852,269.04998779297
09-APR-2024,1.9206525677953,6137,M87,0.77896893024445,348600,AP-S304-F102,0.11764091998339,0.11764091998339,223.74879455566,269.04998779297
09-APR-2024,1.9560692323768,6141,M87,0.78466033935547,336600,AP-S301-F101,0.11741355806589,0.11741355806589,188.54704284668,269.04998779297
09-APR-2024,1.9560692323768,6141,M87,0.78466033935547,336600,AP-S302-F101,0.11587959527969,0.11587959527969,196.74267578125,269.04998779297
09-APR-2024,1.9560692323768,6141,M87,0.78466033935547,348600,AP-S303-F102,0.11840709298849,0.11840709298849,218.39883422852,269.04998779297
09-APR-2024,1.9560692323768,6141,M87,0.78466033935547,348600,AP-S304-F102,0.11764091998339,0.11764091998339,223.74879455566,269.04998779297
09-APR-2024,2.0727358983582,6148,M87,0.80295288562775,336600,AP-S301-F101,0.11540079116821,0.11540079116821,186.4158782959,268.75
09-APR-2024,2.0727358983582,6148,M87,0.80295288562775,336600,AP-S302-F101,0.11481929570436,0.11481929570436,194.97268676758,268.75
09-APR-2024,2.0727358983582,6148,M87,0.80295288562775,348600,AP-S303-F102,0.11755222082138,0.11755222082138,216.61889648437,268.75
09-APR-2024,2.0727358983582,6148,M87,0.80295288562775,348600,AP-S304-F102,0.11650960892439,0.11650960892439,221.68238830566,268.75
09-APR-2024,2.1539858969642,6153,3C279,0.95584082603455,336600,AP-S301-F101,0.13934656977654,0.13934656977654,190.4149017334,268.75
09-APR-2024,2.1539858969642,6153,3C279,0.95584082603455,336600,AP-S302-F101,0.13957189023495,0.13957189023495,199.22212219238,268.75
09-APR-2024,2.1539858969642,6153,3C279,0.95584082603455,348600,AP-S303-F102,0.14128629863262,0.14128629863262,221.21220397949,268.75
09-APR-2024,2.1539858969642,6153,3C279,0.95584082603455,348600,AP-S304-F102,0.14184777438641,0.14184777438641,226.7770690918,268.75
09-APR-2024,2.18495811977,6157,3C279,0.96266537904739,336600,AP-S301-F101,0.13934656977654,0.13934656977654,190.4149017334,268.75
09-APR-2024,2.18495811977,6157,3C279,0.96266537904739,336600,AP-S302-F101,0.13957189023495,0.13957189023495,199.22212219238,268.75
09-APR-2024,2.18495811977,6157,3C279,0.96266537904739,348600,AP-S303-F102,0.14128629863262,0.14128629863262,221.21220397949,268.75
09-APR-2024,2.18495811977,6157,3C279,0.96266537904739,348600,AP-S304-F102,0.14184777438641,0.14184777438641,226.7770690918,268.75
09-APR-2024,2.3442636731296,6162,3C273,0.9930676817894,336600,AP-S301-F101,0.14772959053516,0.14772959053516,193.34307861328,269.85000610352
09-APR-2024,2.3442636731296,6162,3C273,0.9930676817894,336600,AP-S302-F101,0.14756055176258,0.14756055176258,202.12023925781,269.85000610352
09-APR-2024,2.3442636731296,6162,3C273,0.9930676817894,348600,AP-S303-F102,0.15026862919331,0.15026862919331,224.14338684082,269.85000610352
09-APR-2024,2.3442636731296,6162,3C273,0.9930676817894,348600,AP-S304-F102,0.15063418447971,0.15063418447971,230.31985473633,269.85000610352
09-APR-2024,2.3685692270727,6166,3C273,0.99713611602783,336600,AP-S301-F101,0.14772959053516,0.14772959053516,193.34307861328,269.85000610352
09-APR-2024,2.3685692270727,6166,3C273,0.99713611602783,336600,AP-S302-F101,0.14756055176258,0.14756055176258,202.12023925781,269.85000610352
09-APR-2024,2.3685692270727,6166,3C273,0.99713611602783,348600,AP-S303-F102,0.15026862919331,0.15026862919331,224.14338684082,269.85000610352
09-APR-2024,2.3685692270727,6166,3C273,0.99713611602783,348600,AP-S304-F102,0.15063418447971,0.15063418447971,230.31985473633,269.85000610352
09-APR-2024,2.4367636724292,6171,M87,0.85495668649673,336600,AP-S301-F101,0.15186694264412,0.15186694264412,204.25299072266,270.04998779297
09-APR-2024,2.4367636724292,6171,M87,0.85495668649673,336600,AP-S302-F101,0.15246406197548,0.15246406197548,213.21101379395,270.04998779297
09-APR-2024,2.4367636724292,6171,M87,0.85495668649673,348600,AP-S303-F102,0.15406015515327,0.15406015515327,236.03764343262,270.04998779297
09-APR-2024,2.4367636724292,6171,M87,0.85495668649673,348600,AP-S304-F102,0.15458787977695,0.15458787977695,241.69041442871,270.04998779297
09-APR-2024,2.4727358947865,6175,M87,0.85963076353073,336600,AP-S301-F101,0.15186694264412,0.15186694264412,204.25299072266,270.04998779297
09-APR-2024,2.4727358947865,6175,M87,0.85963076353073,336600,AP-S302-F101,0.15246406197548,0.15246406197548,213.21101379395,270.04998779297
09-APR-2024,2.4727358947865,6175,M87,0.85963076353073,348600,AP-S303-F102,0.15406015515327,0.15406015515327,236.03764343262,270.04998779297
09-APR-2024,2.4727358947865,6175,M87,0.85963076353073,348600,AP-S304-F102,0.15458787977695,0.15458787977695,241.69041442871,270.04998779297
09-APR-2024,2.5945414503746,6180,OJ287,0.61280196905136,336600,AP-S301-F101,0.14908728003502,0.14908728003502,229.54386901855,268.25
09-APR-2024,2.5945414503746,6180,OJ287,0.61280196905136,336600,AP-S302-F101,0.14787738025188,0.14787738025188,237.46426391602,268.25
09-APR-2024,2.5945414503746,6180,OJ287,0.61280196905136,348600,AP-S303-F102,0.15036344528198,0.15036344528198,262.80450439453,268.25
09-APR-2024,2.5945414503746,6180,OJ287,0.61280196905136,348600,AP-S304-F102,0.14827977120876,0.14827977120876,267.41320800781,268.25
09-APR-2024,2.614402560621,6184,OJ287,0.60963588953018,336600,AP-S301-F101,0.14908728003502,0.14908728003502,229.54386901855,268.25
09-APR-2024,2.614402560621,6184,OJ287,0.60963588953018,336600,AP-S302-F101,0.14787738025188,0.14787738025188,237.46426391602,268.25
09-APR-2024,2.614402560621,6184,OJ287,0.60963588953018,348600,AP-S303-F102,0.15036344528198,0.15036344528198,262.80450439453,268.25
09-APR-2024,2.614402560621,6184,OJ287,0.60963588953018,348600,AP-S304-F102,0.14827977120876,0.14827977120876,267.41320800781,268.25
09-APR-2024,2.8109060316318,6192,3C273,1.0635724067688,336600,AP-S301-F101,0.17517866194248,0.17517866194248,203.20257568359,270.04998779297
09-APR-2024,2.8109060316318,6192,3C273,1.0635724067688,336600,AP-S302-F101,0.17557461559772,0.17557461559772,213.09770202637,270.04998779297
09-APR-2024,2.8109060316318,6192,3C273,1.0635724067688,348600,AP-S303-F102,0.17708770930767,0.17708770930767,235.21336364746,270.04998779297
09-APR-2024,2.8109060316318,6192,3C273,1.0635724067688,348600,AP-S304-F102,0.17879028618336,0.17879028618336,242.55877685547,270.04998779297
09-APR-2024,2.8352115860988,6196,3C273,1.0667388439178,336600,AP-S301-F101,0.17517866194248,0.17517866194248,203.20257568359,270.04998779297
09-APR-2024,2.8352115860988,6196,3C273,1.0667388439178,336600,AP-S302-F101,0.17557461559772,0.17557461559772,213.09770202637,270.04998779297
09-APR-2024,2.8352115860988,6196,3C273,1.0667388439178,348600,AP-S303-F102,0.17708770930767,0.17708770930767,235.21336364746,270.04998779297
09-APR-2024,2.8352115860988,6196,3C273,1.0667388439178,348600,AP-S304-F102,0.17879028618336,0.17879028618336,242.55877685547,270.04998779297
09-APR-2024,2.9042393618326,6201,M87,0.90822106599808,336600,AP-S301-F101,0.15382063388824,0.15382063388824,201.57838439941,270.64999389648
09-APR-2024,2.9042393618326,6201,M87,0.90822106599808,336600,AP-S302-F101,0.15303269028664,0.15303269028664,210.36793518066,270.64999389648
09-APR-2024,2.9042393618326,6201,M87,0.90822106599808,348600,AP-S303-F102,0.15533405542374,0.15533405542374,232.65100097656,270.64999389648
09-APR-2024,2.9042393618326,6201,M87,0.90822106599808,348600,AP-S304-F102,0.15555372834206,0.15555372834206,238.71661376953,270.64999389648
09-APR-2024,2.9402115833167,6205,M87,0.91158658266068,336600,AP-S301-F101,0.15382063388824,0.15382063388824,201.57838439941,270.64999389648
09-APR-2024,2.9402115833167,6205,M87,0.91158658266068,336600,AP-S302-F101,0.15303269028664,0.15303269028664,210.36793518066,270.64999389648
09-APR-2024,2.9402115833167,6205,M87,0.91158658266068,348600,AP-S303-F102,0.15533405542374,0.15533405542374,232.65100097656,270.64999389648
09-APR-2024,2.9402115833167,6205,M87,0.91158658266068,348600,AP-S304-F102,0.15555372834206,0.15555372834206,238.71661376953,270.64999389648
09-APR-2024,3.0207671391558,6210,3C279,1.1342495679855,336600,AP-S301-F101,0.15180292725563,0.15180292725563,189.25225830078,269.85000610352
09-APR-2024,3.0207671391558,6210,3C279,1.1342495679855,336600,AP-S302-F101,0.15217185020447,0.15217185020447,198.71636962891,269.85000610352
09-APR-2024,3.0207671391558,6210,3C279,1.1342495679855,348600,AP-S303-F102,0.1542404294014,0.1542404294014,220.1668548584,269.85000610352
09-APR-2024,3.0207671391558,6210,3C279,1.1342495679855,348600,AP-S304-F102,0.15513715147972,0.15513715147972,226.80711364746,269.85000610352
09-APR-2024,3.0524338047285,6214,3C279,1.1400611400604,336600,AP-S301-F101,0.15180292725563,0.15180292725563,189.25225830078,269.85000610352
09-APR-2024,3.0524338047285,6214,3C279,1.1400611400604,336600,AP-S302-F101,0.15217185020447,0.15217185020447,198.71636962891,269.85000610352
09-APR-2024,3.0524338047285,6214,3C279,1.1400611400604,348600,AP-S303-F102,0.1542404294014,0.1542404294014,220.1668548584,269.85000610352
09-APR-2024,3.0524338047285,6214,3C279,1.1400611400604,348600,AP-S304-F102,0.15513715147972,0.15513715147972,226.80711364746,269.85000610352
09-APR-2024,3.1772949156854,6219,OJ287,0.51368969678879,336600,AP-S301-F101,0.1461059898138,0.1461059898138,248.60401916504,269.75
09-APR-2024,3.1772949156854,6219,OJ287,0.51368969678879,336600,AP-S302-F101,0.14489987492561,0.14489987492561,256.44696044922,269.75
09-APR-2024,3.1772949156854,6219,OJ287,0.51368969678879,348600,AP-S303-F102,0.14679010212421,0.14679010212421,283.15942382812,269.75
09-APR-2024,3.1772949156854,6219,OJ287,0.51368969678879,348600,AP-S304-F102,0.14531207084656,0.14531207084656,288.18127441406,269.75
09-APR-2024,3.2013226933598,6223,OJ287,0.50935161113739,336600,AP-S301-F101,0.1461059898138,0.1461059898138,248.60401916504,269.75
09-APR-2024,3.2013226933598,6223,OJ287,0.50935161113739,336600,AP-S302-F101,0.14489987492561,0.14489987492561,256.44696044922,269.75
09-APR-2024,3.2013226933598,6223,OJ287,0.50935161113739,348600,AP-S303-F102,0.14679010212421,0.14679010212421,283.15942382812,269.75
09-APR-2024,3.2013226933598,6223,OJ287,0.50935161113739,348600,AP-S304-F102,0.14531207084656,0.14531207084656,288.18127441406,269.75
09-APR-2024,3.2939615809683,6228,3C273,1.1146484613419,336600,AP-S301-F101,0.14261768758297,0.14261768758297,185.59432983398,270.35000610352
09-APR-2024,3.2939615809683,6228,3C273,1.1146484613419,336600,AP-S302-F101,0.1436765640974,0.1436765640974,194.96653747559,270.35000610352
09-APR-2024,3.2939615809683,6228,3C273,1.1146484613419,348600,AP-S303-F102,0.14623555541039,0.14623555541039,216.83451843262,270.35000610352
09-APR-2024,3.2939615809683,6228,3C273,1.1146484613419,348600,AP-S304-F102,0.14781431853771,0.14781431853771,223.30557250977,270.35000610352
09-APR-2024,3.3188226919887,6232,3C273,1.1165195703506,336600,AP-S301-F101,0.14261768758297,0.14261768758297,185.59432983398,270.35000610352
09-APR-2024,3.3188226919887,6232,3C273,1.1165195703506,336600,AP-S302-F101,0.1436765640974,0.1436765640974,194.96653747559,270.35000610352
09-APR-2024,3.3188226919887,6232,3C273,1.1165195703506,348600,AP-S303-F102,0.14623555541039,0.14623555541039,216.83451843262,270.35000610352
09-APR-2024,3.3188226919887,6232,3C273,1.1165195703506,348600,AP-S304-F102,0.14781431853771,0.14781431853771,223.30557250977,270.35000610352
09-APR-2024,3.3872949143122,6237,M87,0.94352900981903,336600,AP-S301-F101,0.14105501770973,0.14105501770973,192.31636047363,270.04998779297
09-APR-2024,3.3872949143122,6237,M87,0.94352900981903,336600,AP-S302-F101,0.14195607602596,0.14195607602596,201.67349243164,270.04998779297
09-APR-2024,3.3872949143122,6237,M87,0.94352900981903,348600,AP-S303-F102,0.14356279373169,0.14356279373169,223.15615844727,270.04998779297
09-APR-2024,3.3872949143122,6237,M87,0.94352900981903,348600,AP-S304-F102,0.144187271595,0.144187271595,229.41690063477,270.04998779297
09-APR-2024,3.4235449117157,6241,M87,0.94525945186615,336600,AP-S301-F101,0.14105501770973,0.14105501770973,192.31636047363,270.04998779297
09-APR-2024,3.4235449117157,6241,M87,0.94525945186615,336600,AP-S302-F101,0.14195607602596,0.14195607602596,201.67349243164,270.04998779297
09-APR-2024,3.4235449117157,6241,M87,0.94525945186615,348600,AP-S303-F102,0.14356279373169,0.14356279373169,223.15615844727,270.04998779297
09-APR-2024,3.4235449117157,6241,M87,0.94525945186615,348600,AP-S304-F102,0.144187271595,0.144187271595,229.41690063477,270.04998779297
09-APR-2024,3.6436838000247,6246,3C273,1.1331920623779,336600,AP-S301-F101,0.14405766129494,0.14405766129494,185.8796081543,270.14999389648
09-APR-2024,3.6436838000247,6246,3C273,1.1331920623779,336600,AP-S302-F101,0.14582355320454,0.14582355320454,195.17831420898,270.14999389648
09-APR-2024,3.6436838000247,6246,3C273,1.1331920623779,348600,AP-S303-F102,0.14777213335037,0.14777213335037,216.6354675293,270.14999389648
09-APR-2024,3.6436838000247,6246,3C273,1.1331920623779,348600,AP-S304-F102,0.14975400269032,0.14975400269032,223.31869506836,270.14999389648
09-APR-2024,3.6688226902822,6250,3C273,1.133845448494,336600,AP-S301-F101,0.14405766129494,0.14405766129494,185.8796081543,270.14999389648
09-APR-2024,3.6688226902822,6250,3C273,1.133845448494,336600,AP-S302-F101,0.14582355320454,0.14582355320454,195.17831420898,270.14999389648
09-APR-2024,3.6688226902822,6250,3C273,1.133845448494,348600,AP-S303-F102,0.14777213335037,0.14777213335037,216.6354675293,270.14999389648
09-APR-2024,3.6688226902822,6250,3C273,1.133845448494,348600,AP-S304-F102,0.14975400269032,0.14975400269032,223.31869506836,270.14999389648
09-APR-2024,3.7364615752435,6255,M87,0.95456224679947,336600,AP-S301-F101,0.14329302310944,0.14329302310944,192.74482727051,270.14999389648
09-APR-2024,3.7364615752435,6255,M87,0.95456224679947,336600,AP-S302-F101,0.14367352426052,0.14367352426052,201.8660736084,270.14999389648
09-APR-2024,3.7364615752435,6255,M87,0.95456224679947,348600,AP-S303-F102,0.1459401845932,0.1459401845932,223.89456176758,270.14999389648
09-APR-2024,3.7364615752435,6255,M87,0.95456224679947,348600,AP-S304-F102,0.14609885215759,0.14609885215759,229.89544677734,270.14999389648
09-APR-2024,3.7727115784096,6259,M87,0.95496398210526,336600,AP-S301-F101,0.14329302310944,0.14329302310944,192.74482727051,270.14999389648
09-APR-2024,3.7727115784096,6259,M87,0.95496398210526,336600,AP-S302-F101,0.14367352426052,0.14367352426052,201.8660736084,270.14999389648
09-APR-2024,3.7727115784096,6259,M87,0.95496398210526,348600,AP-S303-F102,0.1459401845932,0.1459401845932,223.89456176758,270.14999389648
09-APR-2024,3.7727115784096,6259,M87,0.95496398210526,348600,AP-S304-F102,0.14609885215759,0.14609885215759,229.89544677734,270.14999389648
09-APR-2024,3.8536837981276,6264,3C279,1.2536209821701,336600,AP-S301-F101,0.14785294234753,0.14785294234753,184.20901489258,270.25
09-APR-2024,3.8536837981276,6264,3C279,1.2536209821701,336600,AP-S302-F101,0.15004096925259,0.15004096925259,193.82366943359,270.25
09-APR-2024,3.8536837981276,6264,3C279,1.2536209821701,348600,AP-S303-F102,0.15080219507217,0.15080219507217,214.4949798584,270.25
09-APR-2024,3.8536837981276,6264,3C279,1.2536209821701,348600,AP-S304-F102,0.1541385948658,0.1541385948658,221.92565917969,270.25
09-APR-2024,3.885767131421,6268,3C279,1.2562924623489,336600,AP-S301-F101,0.14785294234753,0.14785294234753,184.20901489258,270.25
09-APR-2024,3.885767131421,6268,3C279,1.2562924623489,336600,AP-S302-F101,0.15004096925259,0.15004096925259,193.82366943359,270.25
09-APR-2024,3.885767131421,6268,3C279,1.2562924623489,348600,AP-S303-F102,0.15080219507217,0.15080219507217,214.4949798584,270.25
09-APR-2024,3.885767131421,6268,3C279,1.2562924623489,348600,AP-S304-F102,0.1541385948658,0.1541385948658,221.92565917969,270.25
09-APR-2024,4.0505778251355,6276,3C273,1.1322071552277,336600,AP-S301-F101,0.14655192196369,0.14655192196369,184.90888977051,269.45001220703
09-APR-2024,4.0505778251355,6276,3C273,1.1322071552277,336600,AP-S302-F101,0.14792223274708,0.14792223274708,196.38102722168,269.45001220703
09-APR-2024,4.0505778251355,6276,3C273,1.1322071552277,348600,AP-S303-F102,0.15002591907978,0.15002591907978,215.64503479004,269.45001220703
09-APR-2024,4.0505778251355,6276,3C273,1.1322071552277,348600,AP-S304-F102,0.1523394882679,0.1523394882679,224.77163696289,269.45001220703
09-APR-2024,4.0734944911001,6280,3C273,1.1314138174057,336600,AP-S301-F101,0.14655192196369,0.14655192196369,184.90888977051,269.45001220703
09-APR-2024,4.0734944911001,6280,3C273,1.1314138174057,336600,AP-S302-F101,0.14792223274708,0.14792223274708,196.38102722168,269.45001220703
09-APR-2024,4.0734944911001,6280,3C273,1.1314138174057,348600,AP-S303-F102,0.15002591907978,0.15002591907978,215.64503479004,269.45001220703
09-APR-2024,4.0734944911001,6280,3C273,1.1314138174057,348600,AP-S304-F102,0.1523394882679,0.1523394882679,224.77163696289,269.45001220703
09-APR-2024,4.1372444901406,6285,M87,0.95123362541199,336600,AP-S301-F101,0.14347547292709,0.14347547292709,191.84785461426,269.95001220703
09-APR-2024,4.1372444901406,6285,M87,0.95123362541199,336600,AP-S302-F101,0.14286117255688,0.14286117255688,201.65934753418,269.95001220703
09-APR-2024,4.1372444901406,6285,M87,0.95123362541199,348600,AP-S303-F102,0.14527924358845,0.14527924358845,222.23229980469,269.95001220703
09-APR-2024,4.1372444901406,6285,M87,0.95123362541199,348600,AP-S304-F102,0.14613506197929,0.14613506197929,229.81044006348,269.95001220703
09-APR-2024,4.1732167131964,6289,M87,0.95009398460388,336600,AP-S301-F101,0.14347547292709,0.14347547292709,191.84785461426,269.95001220703
09-APR-2024,4.1732167131964,6289,M87,0.95009398460388,336600,AP-S302-F101,0.14286117255688,0.14286117255688,201.65934753418,269.95001220703
09-APR-2024,4.1732167131964,6289,M87,0.95009398460388,348600,AP-S303-F102,0.14527924358845,0.14527924358845,222.23229980469,269.95001220703
09-APR-2024,4.1732167131964,6289,M87,0.95009398460388,348600,AP-S304-F102,0.14613506197929,0.14613506197929,229.81044006348,269.95001220703
09-APR-2024,4.3939111545663,6294,3C273,1.1126000881195,336600,AP-S301-F101,0.14405569434166,0.14405569434166,184.95672607422,269.75
09-APR-2024,4.3939111545663,6294,3C273,1.1126000881195,336600,AP-S302-F101,0.14478217065334,0.14478217065334,195.43994140625,269.75
09-APR-2024,4.3939111545663,6294,3C273,1.1126000881195,348600,AP-S303-F102,0.1473755389452,0.1473755389452,215.14990234375,269.75
09-APR-2024,4.3939111545663,6294,3C273,1.1126000881195,348600,AP-S304-F102,0.14825177192688,0.14825177192688,223.47030639648,269.75
09-APR-2024,4.4196056003296,6298,3C273,1.1104887723923,336600,AP-S301-F101,0.14405569434166,0.14405569434166,184.95672607422,269.75
09-APR-2024,4.4196056003296,6298,3C273,1.1104887723923,336600,AP-S302-F101,0.14478217065334,0.14478217065334,195.43994140625,269.75
09-APR-2024,4.4196056003296,6298,3C273,1.1104887723923,348600,AP-S303-F102,0.1473755389452,0.1473755389452,215.14990234375,269.75
09-APR-2024,4.4196056003296,6298,3C273,1.1104887723923,348600,AP-S304-F102,0.14825177192688,0.14825177192688,223.47030639648,269.75
09-APR-2024,4.4869667072761,6303,M87,0.93456470966339,336600,AP-S301-F101,0.14830586314201,0.14830586314201,194.94633483887,269.45001220703
09-APR-2024,4.4869667072761,6303,M87,0.93456470966339,336600,AP-S302-F101,0.14836241304874,0.14836241304874,205.123046875,269.45001220703
09-APR-2024,4.4869667072761,6303,M87,0.93456470966339,348600,AP-S303-F102,0.14993505179882,0.14993505179882,225.77766418457,269.45001220703
09-APR-2024,4.4869667072761,6303,M87,0.93456470966339,348600,AP-S304-F102,0.15036387741566,0.15036387741566,233.42308044434,269.45001220703
09-APR-2024,4.5237722645509,6307,M87,0.93209499120712,336600,AP-S301-F101,0.14830586314201,0.14830586314201,194.94633483887,269.45001220703
09-APR-2024,4.5237722645509,6307,M87,0.93209499120712,336600,AP-S302-F101,0.14836241304874,0.14836241304874,205.123046875,269.45001220703
09-APR-2024,4.5237722645509,6307,M87,0.93209499120712,348600,AP-S303-F102,0.14993505179882,0.14993505179882,225.77766418457,269.45001220703
09-APR-2024,4.5237722645509,6307,M87,0.93209499120712,348600,AP-S304-F102,0.15036387741566,0.15036387741566,233.42308044434,269.45001220703
09-APR-2024,4.5964111534293,6310,M87,0.92685395479202,336600,AP-S301-F101,0.15184569358826,0.15184569358826,197.86894226074,269.75
09-APR-2024,4.5964111534293,6310,M87,0.92685395479202,336600,AP-S302-F101,0.15239146351814,0.15239146351814,208.3129119873,269.75
09-APR-2024,4.5964111534293,6310,M87,0.92685395479202,348600,AP-S303-F102,0.15408900380135,0.15408900380135,228.76965332031,269.75
09-APR-2024,4.5964111534293,6310,M87,0.92685395479202,348600,AP-S304-F102,0.15472356975079,0.15472356975079,236.59028625488,269.75
09-APR-2024,4.640577818492,6314,M87,0.92341768741608,336600,AP-S301-F101,0.15184569358826,0.15184569358826,197.86894226074,269.75
09-APR-2024,4.640577818492,6314,M87,0.92341768741608,336600,AP-S302-F101,0.15239146351814,0.15239146351814,208.3129119873,269.75
09-APR-2024,4.640577818492,6314,M87,0.92341768741608,348600,AP-S303-F102,0.15408900380135,0.15408900380135,228.76965332031,269.75
09-APR-2024,4.640577818492,6314,M87,0.92341768741608,348600,AP-S304-F102,0.15472356975079,0.15472356975079,236.59028625488,269.75
09-APR-2024,4.8105778156425,6319,3C273,1.0688042640686,336600,AP-S301-F101,0.14498923718929,0.14498923718929,186.9533996582,269.35000610352
09-APR-2024,4.8105778156425,6319,3C273,1.0688042640686,336600,AP-S302-F101,0.14570674300194,0.14570674300194,197.12210083008,269.35000610352
09-APR-2024,4.8105778156425,6319,3C273,1.0688042640686,348600,AP-S303-F102,0.1474082916975,0.1474082916975,216.97727966309,269.35000610352
09-APR-2024,4.8105778156425,6319,3C273,1.0688042640686,348600,AP-S304-F102,0.1491185426712,0.1491185426712,225.11497497559,269.35000610352
09-APR-2024,4.8365500380236,6323,3C273,1.0654534101486,336600,AP-S301-F101,0.14498923718929,0.14498923718929,186.9533996582,269.35000610352
09-APR-2024,4.8365500380236,6323,3C273,1.0654534101486,336600,AP-S302-F101,0.14570674300194,0.14570674300194,197.12210083008,269.35000610352
09-APR-2024,4.8365500380236,6323,3C273,1.0654534101486,348600,AP-S303-F102,0.1474082916975,0.1474082916975,216.97727966309,269.35000610352
09-APR-2024,4.8365500380236,6323,3C273,1.0654534101486,348600,AP-S304-F102,0.1491185426712,0.1491185426712,225.11497497559,269.35000610352
09-APR-2024,4.903633373591,6328,M87,0.89935994148254,336600,AP-S301-F101,0.14046303927898,0.14046303927898,192.93008422852,270.04998779297
09-APR-2024,4.903633373591,6328,M87,0.89935994148254,336600,AP-S302-F101,0.13985984027386,0.13985984027386,202.78199768066,270.04998779297
09-APR-2024,4.903633373591,6328,M87,0.89935994148254,348600,AP-S303-F102,0.14186011254787,0.14186011254787,223.26823425293,270.04998779297
09-APR-2024,4.903633373591,6328,M87,0.89935994148254,348600,AP-S304-F102,0.14251960813999,0.14251960813999,230.93682861328,270.04998779297
09-APR-2024,5.0205778153171,6334,3C279,1.2188010215759,336600,AP-S301-F101,0.14127422869205,0.14127422869205,180.94635009766,270.04998779297
09-APR-2024,5.0205778153171,6334,3C279,1.2188010215759,336600,AP-S302-F101,0.14313441514969,0.14313441514969,191.44218444824,270.04998779297
09-APR-2024,5.0205778153171,6334,3C279,1.2188010215759,348600,AP-S303-F102,0.14491856098175,0.14491856098175,211.03407287598,270.04998779297
09-APR-2024,5.0205778153171,6334,3C279,1.2188010215759,348600,AP-S304-F102,0.14772506058216,0.14772506058216,219.36988830566,270.04998779297
09-APR-2024,5.0529389257521,6338,3C279,1.2143788337708,336600,AP-S301-F101,0.14127422869205,0.14127422869205,180.94635009766,270.04998779297
09-APR-2024,5.0529389257521,6338,3C279,1.2143788337708,336600,AP-S302-F101,0.14313441514969,0.14313441514969,191.44218444824,270.04998779297
09-APR-2024,5.0529389257521,6338,3C279,1.2143788337708,348600,AP-S303-F102,0.14491856098175,0.14491856098175,211.03407287598,270.04998779297
09-APR-2024,5.0529389257521,6338,3C279,1.2143788337708,348600,AP-S304-F102,0.14772506058216,0.14772506058216,219.36988830566,270.04998779297
09-APR-2024,5.2775110368341,6347,SGRA,0.67208898067474,336600,AP-S301-F101,0.1389421671629,0.1389421671629,214.45639038086,270.14999389648
09-APR-2024,5.2775110368341,6347,SGRA,0.67208898067474,336600,AP-S302-F101,0.13792407512665,0.13792407512665,222.03735351562,270.14999389648
09-APR-2024,5.2775110368341,6347,SGRA,0.67208898067474,348600,AP-S303-F102,0.14025019109249,0.14025019109249,246.0648651123,270.14999389648
09-APR-2024,5.2775110368341,6347,SGRA,0.67208898067474,348600,AP-S304-F102,0.1383750140667,0.1383750140667,251.10412597656,270.14999389648
09-APR-2024,5.34876103494,6351,SGRA,0.68831616640091,336600,AP-S301-F101,0.1389421671629,0.1389421671629,214.45639038086,270.14999389648
09-APR-2024,5.34876103494,6351,SGRA,0.68831616640091,336600,AP-S302-F101,0.13792407512665,0.13792407512665,222.03735351562,270.14999389648
09-APR-2024,5.34876103494,6351,SGRA,0.68831616640091,348600,AP-S303-F102,0.14025019109249,0.14025019109249,246.0648651123,270.14999389648
09-APR-2024,5.34876103494,6351,SGRA,0.68831616640091,348600,AP-S304-F102,0.1383750140667,0.1383750140667,251.10412597656,270.14999389648
09-APR-2024,5.5783443664971,6356,J1751+0939,0.48261249065399,336600,AP-S301-F101,0.13608761131763,0.13608761131763,247.6463470459,270.04998779297
09-APR-2024,5.5783443664971,6356,J1751+0939,0.48261249065399,336600,AP-S302-F101,0.1348297894001,0.1348297894001,255.86572265625,270.04998779297
09-APR-2024,5.5783443664971,6356,J1751+0939,0.48261249065399,348600,AP-S303-F102,0.13693001866341,0.13693001866341,282.31497192383,270.04998779297
09-APR-2024,5.5783443664971,6356,J1751+0939,0.48261249065399,348600,AP-S304-F102,0.13498739898205,0.13498739898205,287.20071411133,270.04998779297
09-APR-2024,5.6026499202655,6360,J1751+0939,0.48791578412056,336600,AP-S301-F101,0.13608761131763,0.13608761131763,247.6463470459,270.04998779297
09-APR-2024,5.6026499202655,6360,J1751+0939,0.48791578412056,336600,AP-S302-F101,0.1348297894001,0.1348297894001,255.86572265625,270.04998779297
09-APR-2024,5.6026499202655,6360,J1751+0939,0.48791578412056,348600,AP-S303-F102,0.13693001866341,0.13693001866341,282.31497192383,270.04998779297
09-APR-2024,5.6026499202655,6360,J1751+0939,0.48791578412056,348600,AP-S304-F102,0.13498739898205,0.13498739898205,287.20071411133,270.04998779297
09-APR-2024,5.6941776982595,6365,SGRA,0.76717174053192,336600,AP-S301-F101,0.13302065432072,0.13302065432072,199.70098876953,270.14999389648
09-APR-2024,5.6941776982595,6365,SGRA,0.76717174053192,336600,AP-S302-F101,0.13243508338928,0.13243508338928,208.03146362305,270.14999389648
09-APR-2024,5.6941776982595,6365,SGRA,0.76717174053192,348600,AP-S303-F102,0.13369289040565,0.13369289040565,230.45571899414,270.14999389648
09-APR-2024,5.6941776982595,6365,SGRA,0.76717174053192,348600,AP-S304-F102,0.13315869867802,0.13315869867802,235.6572265625,270.14999389648
09-APR-2024,5.7698721423321,6369,SGRA,0.78449112176895,336600,AP-S301-F101,0.13302065432072,0.13302065432072,199.70098876953,270.14999389648
09-APR-2024,5.7698721423321,6369,SGRA,0.78449112176895,336600,AP-S302-F101,0.13243508338928,0.13243508338928,208.03146362305,270.14999389648
09-APR-2024,5.7698721423321,6369,SGRA,0.78449112176895,348600,AP-S303-F102,0.13369289040565,0.13369289040565,230.45571899414,270.14999389648
09-APR-2024,5.7698721423321,6369,SGRA,0.78449112176895,348600,AP-S304-F102,0.13315869867802,0.13315869867802,235.6572265625,270.14999389648
09-APR-2024,6.0441776958545,6374,J1924-2914,0.4735731780529,336600,AP-S301-F101,0.12216283380985,0.12216283380985,235.36303710937,270.64999389648
09-APR-2024,6.0441776958545,6374,J1924-2914,0.4735731780529,336600,AP-S302-F101,0.12096578627825,0.12096578627825,243.33883666992,270.64999389648
09-APR-2024,6.0441776958545,6374,J1924-2914,0.4735731780529,348600,AP-S303-F102,0.12296338379383,0.12296338379383,269.43609619141,270.64999389648
09-APR-2024,6.0441776958545,6374,J1924-2914,0.4735731780529,348600,AP-S304-F102,0.12137380242348,0.12137380242348,273.85360717773,270.64999389648
09-APR-2024,6.0698721396969,6378,J1924-2914,0.479323387146,336600,AP-S301-F101,0.12216283380985,0.12216283380985,235.36303710937,270.64999389648
09-APR-2024,6.0698721396969,6378,J1924-2914,0.479323387146,336600,AP-S302-F101,0.12096578627825,0.12096578627825,243.33883666992,270.64999389648
09-APR-2024,6.0698721396969,6378,J1924-2914,0.479323387146,348600,AP-S303-F102,0.12296338379383,0.12296338379383,269.43609619141,270.64999389648
09-APR-2024,6.0698721396969,6378,J1924-2914,0.479323387146,348600,AP-S304-F102,0.12137380242348,0.12137380242348,273.85360717773,270.64999389648
09-APR-2024,6.2105665823051,6383,SGRA,0.88550329208374,336600,AP-S301-F101,0.12314104288816,0.12314104288816,185.85922241211,269.85000610352
09-APR-2024,6.2105665823051,6383,SGRA,0.88550329208374,336600,AP-S302-F101,0.12343995273113,0.12343995273113,194.36070251465,269.85000610352
09-APR-2024,6.2105665823051,6383,SGRA,0.88550329208374,348600,AP-S303-F102,0.12491129338741,0.12491129338741,215.69723510742,269.85000610352
09-APR-2024,6.2105665823051,6383,SGRA,0.88550329208374,348600,AP-S304-F102,0.12524215877056,0.12524215877056,221.35011291504,269.85000610352
09-APR-2024,6.2851499160648,6387,SGRA,0.90262055397034,336600,AP-S301-F101,0.12314104288816,0.12314104288816,185.85922241211,269.85000610352
09-APR-2024,6.2851499160648,6387,SGRA,0.90262055397034,336600,AP-S302-F101,0.12343995273113,0.12343995273113,194.36070251465,269.85000610352
09-APR-2024,6.2851499160648,6387,SGRA,0.90262055397034,348600,AP-S303-F102,0.12491129338741,0.12491129338741,215.69723510742,269.85000610352
09-APR-2024,6.2851499160648,6387,SGRA,0.90262055397034,348600,AP-S304-F102,0.12524215877056,0.12524215877056,221.35011291504,269.85000610352
09-APR-2024,6.4966776908044,6390,SGRA,0.95117658376694,336600,AP-S301-F101,0.12097515910864,0.12097515910864,181.1063079834,270.64999389648
09-APR-2024,6.4966776908044,6390,SGRA,0.95117658376694,336600,AP-S302-F101,0.1205922961235,0.1205922961235,189.4722442627,270.64999389648
09-APR-2024,6.4966776908044,6390,SGRA,0.95117658376694,348600,AP-S303-F102,0.12332985550165,0.12332985550165,211.1943359375,270.64999389648
09-APR-2024,6.4966776908044,6390,SGRA,0.95117658376694,348600,AP-S304-F102,0.12377049773932,0.12377049773932,216.80407714844,270.64999389648
09-APR-2024,6.5813999119761,6394,SGRA,0.97062349319458,336600,AP-S301-F101,0.12097515910864,0.12097515910864,181.1063079834,270.64999389648
09-APR-2024,6.5813999119761,6394,SGRA,0.97062349319458,336600,AP-S302-F101,0.1205922961235,0.1205922961235,189.4722442627,270.64999389648
09-APR-2024,6.5813999119761,6394,SGRA,0.97062349319458,348600,AP-S303-F102,0.12332985550165,0.12332985550165,211.1943359375,270.64999389648
09-APR-2024,6.5813999119761,6394,SGRA,0.97062349319458,348600,AP-S304-F102,0.12377049773932,0.12377049773932,216.80407714844,270.64999389648
09-APR-2024,6.7883443547102,6399,J1751+0939,0.73121297359467,336600,AP-S301-F101,0.12963302433491,0.12963302433491,201.27565002441,270.75
09-APR-2024,6.7883443547102,6399,J1751+0939,0.73121297359467,336600,AP-S302-F101,0.12871941924095,0.12871941924095,209.29641723633,270.75
09-APR-2024,6.7883443547102,6399,J1751+0939,0.73121297359467,348600,AP-S303-F102,0.13071270287037,0.13071270287037,232.19485473633,270.75
09-APR-2024,6.7883443547102,6399,J1751+0939,0.73121297359467,348600,AP-S304-F102,0.1300888210535,0.1300888210535,237.2183380127,270.75
09-APR-2024,6.8195943551815,6403,J1751+0939,0.73708707094193,336600,AP-S301-F101,0.12963302433491,0.12963302433491,201.27565002441,270.75
09-APR-2024,6.8195943551815,6403,J1751+0939,0.73708707094193,336600,AP-S302-F101,0.12871941924095,0.12871941924095,209.29641723633,270.75
09-APR-2024,6.8195943551815,6403,J1751+0939,0.73708707094193,348600,AP-S303-F102,0.13071270287037,0.13071270287037,232.19485473633,270.75
09-APR-2024,6.8195943551815,6403,J1751+0939,0.73708707094193,348600,AP-S304-F102,0.1300888210535,0.1300888210535,237.2183380127,270.75
09-APR-2024,7.0280469359281,6411,3C273,0.64530795812607,336600,AP-S301-F101,0.11851983517408,0.11851983517408,200.88508605957,270.54998779297
09-APR-2024,7.0280469359281,6411,3C273,0.64530795812607,336600,AP-S302-F101,0.11711359024048,0.11711359024048,209.8430480957,270.54998779297
09-APR-2024,7.0280469359281,6411,3C273,0.64530795812607,348600,AP-S303-F102,0.11963295191526,0.11963295191526,232.17483520508,270.54998779297
09-APR-2024,7.0280469359281,6411,3C273,0.64530795812607,348600,AP-S304-F102,0.11849921941757,0.11849921941757,237.7469329834,270.54998779297
09-APR-2024,7.0529080459007,6415,3C273,0.63971024751663,336600,AP-S301-F101,0.11851983517408,0.11851983517408,200.88508605957,270.54998779297
09-APR-2024,7.0529080459007,6415,3C273,0.63971024751663,336600,AP-S302-F101,0.11711359024048,0.11711359024048,209.8430480957,270.54998779297
09-APR-2024,7.0529080459007,6415,3C273,0.63971024751663,348600,AP-S303-F102,0.11963295191526,0.11963295191526,232.17483520508,270.54998779297
09-APR-2024,7.0529080459007,6415,3C273,0.63971024751663,348600,AP-S304-F102,0.11849921941757,0.11849921941757,237.7469329834,270.54998779297
09-APR-2024,7.1208247144648,6420,M87,0.53107863664627,336600,AP-S301-F101,0.11417741328478,0.11417741328478,214.10394287109,270.64999389648
09-APR-2024,7.1208247144648,6420,M87,0.53107863664627,336600,AP-S302-F101,0.11274794489145,0.11274794489145,221.81402587891,270.64999389648
09-APR-2024,7.1208247144648,6420,M87,0.53107863664627,348600,AP-S303-F102,0.11512371152639,0.11512371152639,245.99446105957,270.64999389648
09-APR-2024,7.1208247144648,6420,M87,0.53107863664627,348600,AP-S304-F102,0.11372827738523,0.11372827738523,250.55270385742,270.64999389648
09-APR-2024,7.1567969355997,6424,M87,0.52362233400345,336600,AP-S301-F101,0.11417741328478,0.11417741328478,214.10394287109,270.64999389648
09-APR-2024,7.1567969355997,6424,M87,0.52362233400345,336600,AP-S302-F101,0.11274794489145,0.11274794489145,221.81402587891,270.64999389648
09-APR-2024,7.1567969355997,6424,M87,0.52362233400345,348600,AP-S303-F102,0.11512371152639,0.11512371152639,245.99446105957,270.64999389648
09-APR-2024,7.1567969355997,6424,M87,0.52362233400345,348600,AP-S304-F102,0.11372827738523,0.11372827738523,250.55270385742,270.64999389648
09-APR-2024,7.2780469330627,6429,3C279,0.75716084241867,336600,AP-S301-F101,0.11411835253239,0.11411835253239,188.24089050293,270.54998779297
09-APR-2024,7.2780469330627,6429,3C279,0.75716084241867,336600,AP-S302-F101,0.11335902661085,0.11335902661085,196.36729431152,270.54998779297
09-APR-2024,7.2780469330627,6429,3C279,0.75716084241867,348600,AP-S303-F102,0.11537862569094,0.11537862569094,218.39326477051,270.54998779297
09-APR-2024,7.2780469330627,6429,3C279,0.75716084241867,348600,AP-S304-F102,0.11466185003519,0.11466185003519,223.23448181152,270.54998779297
09-APR-2024,7.3029080461786,6433,3C279,0.7513365149498,336600,AP-S301-F101,0.11411835253239,0.11411835253239,188.24089050293,270.54998779297
09-APR-2024,7.3029080461786,6433,3C279,0.7513365149498,336600,AP-S302-F101,0.11335902661085,0.11335902661085,196.36729431152,270.54998779297
09-APR-2024,7.3029080461786,6433,3C279,0.7513365149498,348600,AP-S303-F102,0.11537862569094,0.11537862569094,218.39326477051,270.54998779297
09-APR-2024,7.3029080461786,6433,3C279,0.7513365149498,348600,AP-S304-F102,0.11466185003519,0.11466185003519,223.23448181152,270.54998779297
09-APR-2024,7.3711024882172,6438,M87,0.47865134477615,336600,AP-S301-F101,0.11185009777546,0.11185009777546,221.64143371582,270.54998779297
09-APR-2024,7.3711024882172,6438,M87,0.47865134477615,336600,AP-S302-F101,0.11064366996288,0.11064366996288,229.88075256348,270.54998779297
09-APR-2024,7.3711024882172,6438,M87,0.47865134477615,348600,AP-S303-F102,0.11275202035904,0.11275202035904,254.31983947754,270.54998779297
09-APR-2024,7.3711024882172,6438,M87,0.47865134477615,348600,AP-S304-F102,0.1113818064332,0.1113818064332,259.18887329102,270.54998779297
09-APR-2024,7.4067969332582,6442,M87,0.47107267379761,336600,AP-S301-F101,0.11185009777546,0.11185009777546,221.64143371582,270.54998779297
09-APR-2024,7.4067969332582,6442,M87,0.47107267379761,336600,AP-S302-F101,0.11064366996288,0.11064366996288,229.88075256348,270.54998779297
09-APR-2024,7.4067969332582,6442,M87,0.47107267379761,348600,AP-S303-F102,0.11275202035904,0.11275202035904,254.31983947754,270.54998779297
09-APR-2024,7.4067969332582,6442,M87,0.47107267379761,348600,AP-S304-F102,0.1113818064332,0.1113818064332,259.18887329102,270.54998779297
09-APR-2024,7.527491375914,6447,SGRA,1.1866470575333,336600,AP-S301-F101,0.10630843788385,0.10630843788385,166.74426269531,270.45001220703
09-APR-2024,7.527491375914,6447,SGRA,1.1866470575333,336600,AP-S302-F101,0.10742925107479,0.10742925107479,175.72184753418,270.45001220703
09-APR-2024,7.527491375914,6447,SGRA,1.1866470575333,348600,AP-S303-F102,0.10980889946222,0.10980889946222,195.78430175781,270.45001220703
09-APR-2024,7.527491375914,6447,SGRA,1.1866470575333,348600,AP-S304-F102,0.11183016002178,0.11183016002178,202.11804199219,270.45001220703
09-APR-2024,7.5898524873253,6451,SGRA,1.2007058858871,336600,AP-S301-F101,0.10630843788385,0.10630843788385,166.74426269531,270.45001220703
09-APR-2024,7.5898524873253,6451,SGRA,1.2007058858871,336600,AP-S302-F101,0.10742925107479,0.10742925107479,175.72184753418,270.45001220703
09-APR-2024,7.5898524873253,6451,SGRA,1.2007058858871,348600,AP-S303-F102,0.10980889946222,0.10980889946222,195.78430175781,270.45001220703
09-APR-2024,7.5898524873253,6451,SGRA,1.2007058858871,348600,AP-S304-F102,0.11183016002178,0.11183016002178,202.11804199219,270.45001220703
09-APR-2024,7.8127691510674,6456,M87,0.38334304094315,336600,AP-S301-F101,0.084163554012775,0.084163554012775,213.19097900391,270.54998779297
09-APR-2024,7.8127691510674,6456,M87,0.38334304094315,336600,AP-S302-F101,0.082901805639267,0.082901805639267,220.71611022949,270.54998779297
09-APR-2024,7.8127691510674,6456,M87,0.38334304094315,348600,AP-S303-F102,0.085513919591904,0.085513919591904,246.1614074707,270.54998779297
09-APR-2024,7.8127691510674,6456,M87,0.38334304094315,348600,AP-S304-F102,0.083896823227406,0.083896823227406,250.01765441895,270.54998779297
09-APR-2024,7.8440191499671,6460,M87,0.37648186087608,336600,AP-S301-F101,0.084163554012775,0.084163554012775,213.19097900391,270.54998779297
09-APR-2024,7.8440191499671,6460,M87,0.37648186087608,336600,AP-S302-F101,0.082901805639267,0.082901805639267,220.71611022949,270.54998779297
09-APR-2024,7.8440191499671,6460,M87,0.37648186087608,348600,AP-S303-F102,0.085513919591904,0.085513919591904,246.1614074707,270.54998779297
09-APR-2024,7.8440191499671,6460,M87,0.37648186087608,348600,AP-S304-F102,0.083896823227406,0.083896823227406,250.01765441895,270.54998779297
09-APR-2024,7.9772135938591,6465,SGRA,1.2868455648422,336600,AP-S301-F101,0.085279680788517,0.085279680788517,156.26908874512,270.45001220703
09-APR-2024,7.9772135938591,6465,SGRA,1.2868455648422,336600,AP-S302-F101,0.087396010756493,0.087396010756493,165.40328979492,270.45001220703
09-APR-2024,7.9772135938591,6465,SGRA,1.2868455648422,348600,AP-S303-F102,0.08974201977253,0.08974201977253,184.97413635254,270.45001220703
09-APR-2024,7.9772135938591,6465,SGRA,1.2868455648422,348600,AP-S304-F102,0.092413559556007,0.092413559556007,191.28019714355,270.45001220703
09-APR-2024,8.0230469285822,6469,SGRA,1.2968306541443,336600,AP-S301-F101,0.085279680788517,0.085279680788517,156.26908874512,270.45001220703
09-APR-2024,8.0230469285822,6469,SGRA,1.2968306541443,336600,AP-S302-F101,0.087396010756493,0.087396010756493,165.40328979492,270.45001220703
09-APR-2024,8.0230469285822,6469,SGRA,1.2968306541443,348600,AP-S303-F102,0.08974201977253,0.08974201977253,184.97413635254,270.45001220703
09-APR-2024,8.0230469285822,6469,SGRA,1.2968306541443,348600,AP-S304-F102,0.092413559556007,0.092413559556007,191.28019714355,270.45001220703
09-APR-2024,8.227769147198,6474,M87,0.29117238521576,336600,AP-S301-F101,0.085975229740143,0.085975229740143,247.41351318359,270.45001220703
09-APR-2024,8.227769147198,6474,M87,0.29117238521576,336600,AP-S302-F101,0.084916166961193,0.084916166961193,254.8959197998,270.45001220703
09-APR-2024,8.227769147198,6474,M87,0.29117238521576,348600,AP-S303-F102,0.087141633033752,0.087141633033752,283.38555908203,270.45001220703
09-APR-2024,8.227769147198,6474,M87,0.29117238521576,348600,AP-S304-F102,0.086136229336262,0.086136229336262,288.27935791016,270.45001220703
09-APR-2024,8.2567969252971,6478,M87,0.28464508056641,336600,AP-S301-F101,0.085975229740143,0.085975229740143,247.41351318359,270.45001220703
09-APR-2024,8.2567969252971,6478,M87,0.28464508056641,336600,AP-S302-F101,0.084916166961193,0.084916166961193,254.8959197998,270.45001220703
09-APR-2024,8.2567969252971,6478,M87,0.28464508056641,348600,AP-S303-F102,0.087141633033752,0.087141633033752,283.38555908203,270.45001220703
09-APR-2024,8.2567969252971,6478,M87,0.28464508056641,348600,AP-S304-F102,0.086136229336262,0.086136229336262,288.27935791016,270.45001220703
09-APR-2024,8.3305469232661,6481,M87,0.26802062988281,336600,AP-S301-F101,0.081676192581654,0.081676192581654,250.61239624023,270.25
09-APR-2024,8.3305469232661,6481,M87,0.26802062988281,336600,AP-S302-F101,0.080643735826015,0.080643735826015,257.91213989258,270.25
09-APR-2024,8.3305469232661,6481,M87,0.26802062988281,348600,AP-S303-F102,0.082735382020473,0.082735382020473,287.33367919922,270.25
09-APR-2024,8.3305469232661,6481,M87,0.26802062988281,348600,AP-S304-F102,0.081853359937668,0.081853359937668,292.09484863281,270.25
09-APR-2024,8.373741368071,6485,M87,0.25825554132462,336600,AP-S301-F101,0.081676192581654,0.081676192581654,250.61239624023,270.25
09-APR-2024,8.373741368071,6485,M87,0.25825554132462,336600,AP-S302-F101,0.080643735826015,0.080643735826015,257.91213989258,270.25
09-APR-2024,8.373741368071,6485,M87,0.25825554132462,348600,AP-S303-F102,0.082735382020473,0.082735382020473,287.33367919922,270.25
09-APR-2024,8.373741368071,6485,M87,0.25825554132462,348600,AP-S304-F102,0.081853359937668,0.081853359937668,292.09484863281,270.25
09-APR-2024,8.5622614514739,6493,J1924-2914,1.0467171669006,336600,AP-S301-F101,0.089822836220264,0.089822836220264,160.42655944824,270.45001220703
09-APR-2024,8.5622614514739,6493,J1924-2914,1.0467171669006,336600,AP-S302-F101,0.089562147855759,0.089562147855759,170.68579101563,270.45001220703
09-APR-2024,8.5622614514739,6493,J1924-2914,1.0467171669006,348600,AP-S303-F102,0.092621669173241,0.092621669173241,188.89015197754,270.45001220703
09-APR-2024,8.5622614514739,6493,J1924-2914,1.0467171669006,348600,AP-S304-F102,0.093137159943581,0.093137159943581,196.53172302246,270.45001220703
09-APR-2024,8.5854558926593,6497,J1924-2914,1.0520180463791,336600,AP-S301-F101,0.089822836220264,0.089822836220264,160.42655944824,270.45001220703
09-APR-2024,8.5854558926593,6497,J1924-2914,1.0520180463791,336600,AP-S302-F101,0.089562147855759,0.089562147855759,170.68579101563,270.45001220703
09-APR-2024,8.5854558926593,6497,J1924-2914,1.0520180463791,348600,AP-S303-F102,0.092621669173241,0.092621669173241,188.89015197754,270.45001220703
09-APR-2024,8.5854558926593,6497,J1924-2914,1.0520180463791,348600,AP-S304-F102,0.093137159943581,0.093137159943581,196.53172302246,270.45001220703
09-APR-2024,8.6605947820993,6502,J1751+0939,0.98509085178375,336600,AP-S301-F101,0.08656258136034,0.08656258136034,161.10516357422,270.35000610352
09-APR-2024,8.6605947820993,6502,J1751+0939,0.98509085178375,336600,AP-S302-F101,0.086715057492256,0.086715057492256,170.74710083008,270.35000610352
09-APR-2024,8.6605947820993,6502,J1751+0939,0.98509085178375,348600,AP-S303-F102,0.08977996557951,0.08977996557951,189.14814758301,270.35000610352
09-APR-2024,8.6605947820993,6502,J1751+0939,0.98509085178375,348600,AP-S304-F102,0.089633971452713,0.089633971452713,196.57789611816,270.35000610352
09-APR-2024,8.685178114581,6506,J1751+0939,0.98651927709579,336600,AP-S301-F101,0.08656258136034,0.08656258136034,161.10516357422,270.35000610352
09-APR-2024,8.685178114581,6506,J1751+0939,0.98651927709579,336600,AP-S302-F101,0.086715057492256,0.086715057492256,170.74710083008,270.35000610352
09-APR-2024,8.685178114581,6506,J1751+0939,0.98651927709579,348600,AP-S303-F102,0.08977996557951,0.08977996557951,189.14814758301,270.35000610352
09-APR-2024,8.685178114581,6506,J1751+0939,0.98651927709579,348600,AP-S304-F102,0.089633971452713,0.089633971452713,196.57789611816,270.35000610352
09-APR-2024,8.7944836682344,6511,3C279,0.39521178603172,336600,AP-S301-F101,0.081104010343552,0.081104010343552,205.01109313965,270.14999389648
09-APR-2024,8.7944836682344,6511,3C279,0.39521178603172,336600,AP-S302-F101,0.079887561500072,0.079887561500072,213.55798339844,270.14999389648
09-APR-2024,8.7944836682344,6511,3C279,0.39521178603172,348600,AP-S303-F102,0.082441583275795,0.082441583275795,237.25469970703,270.14999389648
09-APR-2024,8.7944836682344,6511,3C279,0.39521178603172,348600,AP-S304-F102,0.080544881522655,0.080544881522655,242.33671569824,270.14999389648
09-APR-2024,8.8196225598889,6515,3C279,0.38914626836777,336600,AP-S301-F101,0.081104010343552,0.081104010343552,205.01109313965,270.14999389648
09-APR-2024,8.8196225598889,6515,3C279,0.38914626836777,336600,AP-S302-F101,0.079887561500072,0.079887561500072,213.55798339844,270.14999389648
09-APR-2024,8.8196225598889,6515,3C279,0.38914626836777,348600,AP-S303-F102,0.082441583275795,0.082441583275795,237.25469970703,270.14999389648
09-APR-2024,8.8196225598889,6515,3C279,0.38914626836777,348600,AP-S304-F102,0.080544881522655,0.080544881522655,242.33671569824,270.14999389648
09-APR-2024,8.9272614465012,6520,SGRA,1.4584711790085,336600,AP-S301-F101,0.082001604139805,0.082001604139805,152.31858825684,270.54998779297
09-APR-2024,8.9272614465012,6520,SGRA,1.4584711790085,336600,AP-S302-F101,0.083400748670101,0.083400748670101,162.83763122559,270.54998779297
09-APR-2024,8.9272614465012,6520,SGRA,1.4584711790085,348600,AP-S303-F102,0.085884317755699,0.085884317755699,180.30862426758,270.54998779297
09-APR-2024,8.9272614465012,6520,SGRA,1.4584711790085,348600,AP-S304-F102,0.089735068380833,0.089735068380833,188.80210876465,270.54998779297
09-APR-2024,9.0024003371636,6524,SGRA,1.4631847143173,336600,AP-S301-F101,0.082001604139805,0.082001604139805,152.31858825684,270.54998779297
09-APR-2024,9.0024003371636,6524,SGRA,1.4631847143173,336600,AP-S302-F101,0.083400748670101,0.083400748670101,162.83763122559,270.54998779297
09-APR-2024,9.0024003371636,6524,SGRA,1.4631847143173,348600,AP-S303-F102,0.085884317755699,0.085884317755699,180.30862426758,270.54998779297
09-APR-2024,9.0024003371636,6524,SGRA,1.4631847143173,348600,AP-S304-F102,0.089735068380833,0.089735068380833,188.80210876465,270.54998779297
09-APR-2024,9.2611503319855,6529,J1751+0939,1.0007146596909,336600,AP-S301-F101,0.074623718857765,0.074623718857765,154.8738861084,270.95001220703
09-APR-2024,9.2611503319855,6529,J1751+0939,1.0007146596909,336600,AP-S302-F101,0.074465066194534,0.074465066194534,164.38717651367,270.95001220703
09-APR-2024,9.2611503319855,6529,J1751+0939,1.0007146596909,348600,AP-S303-F102,0.077746421098709,0.077746421098709,182.63388061523,270.95001220703
09-APR-2024,9.2611503319855,6529,J1751+0939,1.0007146596909,348600,AP-S304-F102,0.078317254781723,0.078317254781723,189.59257507324,270.95001220703
09-APR-2024,9.286844776701,6533,J1751+0939,1.0004571676254,336600,AP-S301-F101,0.074623718857765,0.074623718857765,154.8738861084,270.95001220703
09-APR-2024,9.286844776701,6533,J1751+0939,1.0004571676254,336600,AP-S302-F101,0.074465066194534,0.074465066194534,164.38717651367,270.95001220703
09-APR-2024,9.286844776701,6533,J1751+0939,1.0004571676254,348600,AP-S303-F102,0.077746421098709,0.077746421098709,182.63388061523,270.95001220703
09-APR-2024,9.286844776701,6533,J1751+0939,1.0004571676254,348600,AP-S304-F102,0.078317254781723,0.078317254781723,189.59257507324,270.95001220703
09-APR-2024,9.3939281088553,6538,SGRA,1.4446923732758,336600,AP-S301-F101,0.07974287122488,0.07974287122488,151.80999755859,270.54998779297
09-APR-2024,9.3939281088553,6538,SGRA,1.4446923732758,336600,AP-S302-F101,0.082329459488392,0.082329459488392,162.08204650879,270.54998779297
09-APR-2024,9.3939281088553,6538,SGRA,1.4446923732758,348600,AP-S303-F102,0.083678632974625,0.083678632974625,179.80685424805,270.54998779297
09-APR-2024,9.3939281088553,6538,SGRA,1.4446923732758,348600,AP-S304-F102,0.087673060595989,0.087673060595989,187.75556945801,270.54998779297
09-APR-2024,9.4693447749131,6542,SGRA,1.4338765144348,336600,AP-S301-F101,0.07974287122488,0.07974287122488,151.80999755859,270.54998779297
09-APR-2024,9.4693447749131,6542,SGRA,1.4338765144348,336600,AP-S302-F101,0.082329459488392,0.082329459488392,162.08204650879,270.54998779297
09-APR-2024,9.4693447749131,6542,SGRA,1.4338765144348,348600,AP-S303-F102,0.083678632974625,0.083678632974625,179.80685424805,270.54998779297
09-APR-2024,9.4693447749131,6542,SGRA,1.4338765144348,348600,AP-S304-F102,0.087673060595989,0.087673060595989,187.75556945801,270.54998779297
09-APR-2024,9.8278814104237,6550,J1751+0939,0.97779721021652,336600,AP-S301-F101,0.073320239782333,0.073320239782333,154.6148223877,270.75
09-APR-2024,9.8278814104237,6550,J1751+0939,0.97779721021652,336600,AP-S302-F101,0.073385201394558,0.073385201394558,163.94024658203,270.75
09-APR-2024,9.8278814104237,6550,J1751+0939,0.97779721021652,348600,AP-S303-F102,0.077474467456341,0.077474467456341,182.24453735352,270.75
09-APR-2024,9.8278814104237,6550,J1751+0939,0.97779721021652,348600,AP-S304-F102,0.076198071241379,0.076198071241379,189.28202819824,270.75
09-APR-2024,9.852464744477,6554,J1751+0939,0.97601294517517,336600,AP-S301-F101,0.073320239782333,0.073320239782333,154.6148223877,270.75
09-APR-2024,9.852464744477,6554,J1751+0939,0.97601294517517,336600,AP-S302-F101,0.073385201394558,0.073385201394558,163.94024658203,270.75
09-APR-2024,9.852464744477,6554,J1751+0939,0.97601294517517,348600,AP-S303-F102,0.077474467456341,0.077474467456341,182.24453735352,270.75
09-APR-2024,9.852464744477,6554,J1751+0939,0.97601294517517,348600,AP-S304-F102,0.076198071241379,0.076198071241379,189.28202819824,270.75
09-APR-2024,9.9606591869443,6559,SGRA,1.3418747186661,336600,AP-S301-F101,0.073786340653896,0.073786340653896,149.87059020996,271.54998779297
09-APR-2024,9.9606591869443,6559,SGRA,1.3418747186661,336600,AP-S302-F101,0.075299806892872,0.075299806892872,159.91427612305,271.54998779297
09-APR-2024,9.9606591869443,6559,SGRA,1.3418747186661,348600,AP-S303-F102,0.077630393207073,0.077630393207073,177.28294372559,271.54998779297
09-APR-2024,9.9606591869443,6559,SGRA,1.3418747186661,348600,AP-S304-F102,0.08137035369873,0.08137035369873,185.4588470459,271.54998779297
